 X,Y,Hinc_z
    0.10200E+01,    0.26000E+00,    0.28417E+00
    0.10100E+01,    0.26000E+00,    0.29616E+00
    0.10200E+01,    0.25000E+00,    0.28417E+00
    0.10100E+01,    0.25000E+00,    0.29620E+00
    0.10200E+01,    0.24007E+00,    0.28417E+00
    0.10001E+01,    0.26000E+00,    0.30810E+00
    0.10000E+01,    0.25000E+00,    0.30819E+00
    0.10113E+01,    0.23511E+00,    0.29459E+00
    0.10021E+01,    0.23923E+00,    0.30566E+00
    0.10200E+01,    0.23015E+00,    0.28417E+00
    0.99011E+00,    0.26000E+00,    0.32000E+00
    0.99000E+00,    0.25000E+00,    0.32013E+00
    0.99237E+00,    0.24047E+00,    0.31730E+00
    0.10037E+01,    0.22890E+00,    0.30372E+00
    0.99526E+00,    0.23092E+00,    0.31386E+00
    0.10200E+01,    0.22022E+00,    0.28417E+00
    0.98014E+00,    0.26000E+00,    0.33184E+00
    0.10100E+01,    0.22019E+00,    0.29620E+00
    0.98000E+00,    0.25000E+00,    0.33202E+00
    0.98207E+00,    0.24259E+00,    0.32956E+00
    0.10000E+01,    0.22016E+00,    0.30819E+00
    0.98576E+00,    0.23135E+00,    0.32517E+00
    0.97018E+00,    0.26000E+00,    0.34364E+00
    0.99000E+00,    0.22013E+00,    0.32013E+00
    0.10200E+01,    0.21000E+00,    0.28417E+00
    0.97000E+00,    0.25000E+00,    0.34385E+00
    0.10099E+01,    0.21000E+00,    0.29628E+00
    0.97430E+00,    0.23372E+00,    0.33877E+00
    0.99986E+00,    0.21000E+00,    0.30835E+00
    0.98000E+00,    0.22010E+00,    0.33202E+00
    0.96588E+00,    0.23984E+00,    0.34871E+00
    0.98980E+00,    0.21000E+00,    0.32037E+00
    0.96022E+00,    0.26000E+00,    0.35538E+00
    0.96000E+00,    0.25000E+00,    0.35563E+00
    0.96607E+00,    0.23008E+00,    0.34849E+00
    0.97000E+00,    0.22006E+00,    0.34385E+00
    0.97973E+00,    0.21000E+00,    0.33234E+00
    0.95866E+00,    0.23499E+00,    0.35721E+00
    0.95025E+00,    0.26000E+00,    0.36706E+00
    0.95000E+00,    0.25000E+00,    0.36736E+00
    0.96966E+00,    0.21000E+00,    0.34425E+00
    0.96000E+00,    0.22003E+00,    0.35563E+00
    0.95000E+00,    0.24000E+00,    0.36736E+00
    0.95000E+00,    0.23000E+00,    0.36736E+00
    0.95959E+00,    0.21000E+00,    0.35611E+00
    0.94029E+00,    0.26000E+00,    0.37869E+00
    0.94006E+00,    0.25000E+00,    0.37895E+00
    0.95000E+00,    0.22000E+00,    0.36736E+00
    0.94952E+00,    0.21000E+00,    0.36791E+00
    0.94005E+00,    0.22000E+00,    0.37897E+00
    0.93033E+00,    0.26000E+00,    0.39025E+00
    0.93013E+00,    0.25000E+00,    0.39048E+00
    0.93946E+00,    0.21000E+00,    0.37966E+00
    0.93009E+00,    0.22000E+00,    0.39052E+00
    0.92036E+00,    0.26000E+00,    0.40176E+00
    0.92019E+00,    0.25000E+00,    0.40195E+00
    0.92939E+00,    0.21000E+00,    0.39134E+00
    0.92014E+00,    0.22000E+00,    0.40202E+00
    0.91040E+00,    0.26000E+00,    0.41320E+00
    0.91026E+00,    0.25000E+00,    0.41336E+00
    0.91932E+00,    0.21000E+00,    0.40296E+00
    0.91018E+00,    0.22000E+00,    0.41345E+00
    0.90043E+00,    0.26000E+00,    0.42458E+00
    0.90032E+00,    0.25000E+00,    0.42470E+00
    0.90925E+00,    0.21000E+00,    0.41451E+00
    0.90023E+00,    0.22000E+00,    0.42481E+00
    0.89047E+00,    0.26000E+00,    0.43589E+00
    0.89039E+00,    0.25000E+00,    0.43598E+00
    0.89918E+00,    0.21000E+00,    0.42600E+00
    0.89027E+00,    0.22000E+00,    0.43611E+00
    0.88051E+00,    0.26000E+00,    0.44713E+00
    0.88045E+00,    0.25000E+00,    0.44719E+00
    0.88912E+00,    0.21000E+00,    0.43742E+00
    0.88032E+00,    0.22000E+00,    0.44734E+00
    0.87054E+00,    0.26000E+00,    0.45830E+00
    0.87905E+00,    0.21000E+00,    0.44877E+00
    0.87052E+00,    0.25000E+00,    0.45833E+00
    0.87036E+00,    0.22000E+00,    0.45850E+00
    0.86898E+00,    0.21000E+00,    0.46005E+00
    0.86058E+00,    0.26000E+00,    0.46940E+00
    0.86058E+00,    0.25000E+00,    0.46939E+00
    0.86041E+00,    0.22000E+00,    0.46959E+00
    0.85891E+00,    0.21000E+00,    0.47125E+00
    0.85062E+00,    0.26000E+00,    0.48043E+00
    0.85065E+00,    0.25000E+00,    0.48039E+00
    0.85045E+00,    0.22000E+00,    0.48060E+00
    0.84884E+00,    0.21000E+00,    0.48238E+00
    0.84065E+00,    0.26000E+00,    0.49138E+00
    0.84071E+00,    0.25000E+00,    0.49131E+00
    0.84050E+00,    0.22000E+00,    0.49154E+00
    0.83878E+00,    0.21000E+00,    0.49343E+00
    0.83069E+00,    0.26000E+00,    0.50225E+00
    0.83078E+00,    0.25000E+00,    0.50215E+00
    0.83055E+00,    0.22000E+00,    0.50241E+00
    0.82871E+00,    0.21000E+00,    0.50440E+00
    0.82072E+00,    0.26000E+00,    0.51305E+00
    0.82084E+00,    0.25000E+00,    0.51292E+00
    0.82059E+00,    0.22000E+00,    0.51319E+00
    0.81864E+00,    0.21000E+00,    0.51529E+00
    0.81076E+00,    0.26000E+00,    0.52376E+00
    0.81091E+00,    0.25000E+00,    0.52360E+00
    0.81064E+00,    0.22000E+00,    0.52389E+00
    0.80857E+00,    0.21000E+00,    0.52610E+00
    0.80080E+00,    0.26000E+00,    0.53439E+00
    0.80097E+00,    0.25000E+00,    0.53420E+00
    0.80068E+00,    0.22000E+00,    0.53451E+00
    0.79851E+00,    0.21000E+00,    0.53683E+00
    0.79083E+00,    0.26000E+00,    0.54494E+00
    0.79104E+00,    0.25000E+00,    0.54472E+00
    0.79073E+00,    0.22000E+00,    0.54505E+00
    0.78844E+00,    0.21000E+00,    0.54746E+00
    0.78110E+00,    0.25000E+00,    0.55516E+00
    0.78087E+00,    0.26000E+00,    0.55540E+00
    0.78077E+00,    0.22000E+00,    0.55550E+00
    0.77837E+00,    0.21000E+00,    0.55801E+00
    0.77117E+00,    0.25000E+00,    0.56551E+00
    0.77090E+00,    0.26000E+00,    0.56578E+00
    0.77082E+00,    0.22000E+00,    0.56587E+00
    0.76830E+00,    0.21000E+00,    0.56848E+00
    0.76123E+00,    0.25000E+00,    0.57576E+00
    0.76094E+00,    0.26000E+00,    0.57607E+00
    0.76086E+00,    0.22000E+00,    0.57615E+00
    0.75823E+00,    0.21000E+00,    0.57885E+00
    0.75130E+00,    0.25000E+00,    0.58593E+00
    0.75098E+00,    0.26000E+00,    0.58626E+00
    0.75091E+00,    0.22000E+00,    0.58633E+00
    0.74817E+00,    0.21000E+00,    0.58912E+00
    0.74136E+00,    0.25000E+00,    0.59601E+00
    0.74101E+00,    0.26000E+00,    0.59637E+00
    0.74095E+00,    0.22000E+00,    0.59643E+00
    0.73810E+00,    0.21000E+00,    0.59931E+00
    0.73143E+00,    0.25000E+00,    0.60600E+00
    0.73105E+00,    0.26000E+00,    0.60638E+00
    0.73100E+00,    0.22000E+00,    0.60643E+00
    0.72811E+00,    0.21000E+00,    0.60931E+00
    0.72149E+00,    0.25000E+00,    0.61589E+00
    0.72109E+00,    0.26000E+00,    0.61629E+00
    0.72105E+00,    0.22000E+00,    0.61633E+00
    0.71826E+00,    0.21000E+00,    0.61909E+00
    0.71156E+00,    0.25000E+00,    0.62568E+00
    0.71121E+00,    0.26000E+00,    0.62603E+00
    0.71109E+00,    0.22000E+00,    0.62614E+00
    0.70855E+00,    0.21000E+00,    0.62863E+00
    0.70162E+00,    0.25000E+00,    0.63538E+00
    0.70146E+00,    0.26000E+00,    0.63553E+00
    0.70114E+00,    0.22000E+00,    0.63585E+00
    0.69898E+00,    0.21000E+00,    0.63794E+00
    0.69186E+00,    0.26000E+00,    0.64482E+00
    0.69169E+00,    0.25000E+00,    0.64498E+00
    0.69118E+00,    0.22000E+00,    0.64546E+00
    0.68956E+00,    0.21000E+00,    0.64702E+00
    0.68238E+00,    0.26000E+00,    0.65388E+00
    0.68175E+00,    0.25000E+00,    0.65447E+00
    0.68123E+00,    0.22000E+00,    0.65497E+00
    0.68027E+00,    0.21000E+00,    0.65588E+00
    0.67304E+00,    0.26000E+00,    0.66272E+00
    0.67182E+00,    0.25000E+00,    0.66387E+00
    0.67127E+00,    0.22000E+00,    0.66438E+00
    0.67113E+00,    0.21000E+00,    0.66452E+00
    0.66384E+00,    0.26000E+00,    0.67134E+00
    0.66188E+00,    0.25000E+00,    0.67316E+00
    0.66143E+00,    0.22000E+00,    0.67358E+00
    0.66212E+00,    0.21000E+00,    0.67294E+00
    0.65477E+00,    0.26000E+00,    0.67975E+00
    0.65195E+00,    0.25000E+00,    0.68235E+00
    0.65326E+00,    0.21000E+00,    0.68114E+00
    0.65173E+00,    0.22000E+00,    0.68255E+00
    0.64584E+00,    0.26000E+00,    0.68794E+00
    0.64203E+00,    0.25000E+00,    0.69141E+00
    0.64453E+00,    0.21000E+00,    0.68913E+00
    0.64217E+00,    0.22000E+00,    0.69128E+00
    0.63704E+00,    0.26000E+00,    0.69593E+00
    0.63595E+00,    0.21000E+00,    0.69691E+00
    0.63224E+00,    0.25000E+00,    0.70025E+00
    0.63276E+00,    0.22000E+00,    0.69978E+00
    0.62838E+00,    0.26000E+00,    0.70371E+00
    0.62750E+00,    0.21000E+00,    0.70449E+00
    0.62258E+00,    0.25000E+00,    0.70887E+00
    0.62350E+00,    0.22000E+00,    0.70806E+00
    0.61985E+00,    0.26000E+00,    0.71129E+00
    0.61920E+00,    0.21000E+00,    0.71187E+00
    0.61306E+00,    0.25000E+00,    0.71726E+00
    0.61438E+00,    0.22000E+00,    0.71611E+00
    0.61145E+00,    0.26000E+00,    0.71867E+00
    0.61103E+00,    0.21000E+00,    0.71904E+00
    0.60367E+00,    0.25000E+00,    0.72544E+00
    0.60541E+00,    0.22000E+00,    0.72394E+00
    0.60319E+00,    0.26000E+00,    0.72586E+00
    0.60300E+00,    0.21000E+00,    0.72602E+00
    0.59506E+00,    0.26000E+00,    0.73285E+00
    0.59658E+00,    0.22000E+00,    0.73155E+00
    0.59441E+00,    0.25000E+00,    0.73341E+00
    0.59510E+00,    0.21000E+00,    0.73281E+00
    0.58706E+00,    0.26000E+00,    0.73966E+00
    0.58790E+00,    0.22000E+00,    0.73895E+00
    0.58529E+00,    0.25000E+00,    0.74116E+00
    0.58735E+00,    0.21000E+00,    0.73942E+00
    0.57919E+00,    0.26000E+00,    0.74628E+00
    0.57936E+00,    0.22000E+00,    0.74614E+00
    0.57972E+00,    0.21000E+00,    0.74584E+00
    0.57630E+00,    0.25000E+00,    0.74870E+00
    0.57145E+00,    0.26000E+00,    0.75272E+00
    0.57223E+00,    0.21000E+00,    0.75208E+00
    0.57097E+00,    0.22000E+00,    0.75313E+00
    0.56744E+00,    0.25000E+00,    0.75604E+00
    0.56385E+00,    0.26000E+00,    0.75899E+00
    0.56488E+00,    0.21000E+00,    0.75814E+00
    0.56272E+00,    0.22000E+00,    0.75991E+00
    0.55872E+00,    0.25000E+00,    0.76317E+00
    0.55637E+00,    0.26000E+00,    0.76508E+00
    0.55765E+00,    0.21000E+00,    0.76404E+00
    0.55461E+00,    0.22000E+00,    0.76650E+00
    0.55012E+00,    0.25000E+00,    0.77011E+00
    0.54902E+00,    0.26000E+00,    0.77099E+00
    0.55056E+00,    0.21000E+00,    0.76976E+00
    0.54665E+00,    0.22000E+00,    0.77289E+00
    0.54180E+00,    0.26000E+00,    0.77675E+00
    0.54166E+00,    0.25000E+00,    0.77685E+00
    0.54359E+00,    0.21000E+00,    0.77532E+00
    0.53882E+00,    0.22000E+00,    0.77910E+00
    0.53470E+00,    0.26000E+00,    0.78234E+00
    0.53676E+00,    0.21000E+00,    0.78072E+00
    0.53333E+00,    0.25000E+00,    0.78340E+00
    0.53114E+00,    0.22000E+00,    0.78512E+00
    0.52772E+00,    0.26000E+00,    0.78777E+00
    0.53005E+00,    0.21000E+00,    0.78597E+00
    0.52514E+00,    0.25000E+00,    0.78977E+00
    0.52360E+00,    0.22000E+00,    0.79096E+00
    0.52346E+00,    0.21000E+00,    0.79106E+00
    0.52088E+00,    0.26000E+00,    0.79305E+00
    0.51707E+00,    0.25000E+00,    0.79595E+00
    0.51619E+00,    0.22000E+00,    0.79662E+00
    0.51700E+00,    0.21000E+00,    0.79600E+00
    0.51415E+00,    0.26000E+00,    0.79817E+00
    0.50913E+00,    0.25000E+00,    0.80196E+00
    0.51067E+00,    0.21000E+00,    0.80080E+00
    0.50754E+00,    0.26000E+00,    0.80315E+00
    0.50892E+00,    0.22000E+00,    0.80211E+00
    0.50445E+00,    0.21000E+00,    0.80545E+00
    0.50132E+00,    0.25000E+00,    0.80778E+00
    0.50106E+00,    0.26000E+00,    0.80798E+00
    0.50179E+00,    0.22000E+00,    0.80743E+00
    0.49836E+00,    0.21000E+00,    0.80997E+00
    0.49469E+00,    0.26000E+00,    0.81267E+00
    0.49364E+00,    0.25000E+00,    0.81344E+00
    0.49479E+00,    0.22000E+00,    0.81259E+00
    0.49238E+00,    0.21000E+00,    0.81436E+00
    0.48844E+00,    0.26000E+00,    0.81722E+00
    0.48793E+00,    0.22000E+00,    0.81759E+00
    0.48609E+00,    0.25000E+00,    0.81893E+00
    0.48653E+00,    0.21000E+00,    0.81861E+00
    0.48231E+00,    0.26000E+00,    0.82164E+00
    0.48120E+00,    0.22000E+00,    0.82244E+00
    0.47866E+00,    0.25000E+00,    0.82425E+00
    0.48079E+00,    0.21000E+00,    0.82273E+00
    0.47629E+00,    0.26000E+00,    0.82593E+00
    0.47797E+00,    0.21584E+00,    0.82474E+00
    0.47460E+00,    0.22000E+00,    0.82713E+00
    0.47516E+00,    0.21000E+00,    0.82674E+00
    0.47136E+00,    0.25000E+00,    0.82941E+00
    0.47039E+00,    0.26000E+00,    0.83010E+00
    0.48446E+00,    0.12369E+00,    0.82010E+00
    0.46964E+00,    0.21000E+00,    0.83062E+00
    0.48570E+00,    0.11874E+00,    0.81921E+00
    0.48317E+00,    0.12862E+00,    0.82102E+00
    0.48688E+00,    0.11378E+00,    0.81835E+00
    0.48184E+00,    0.13354E+00,    0.82198E+00
    0.48802E+00,    0.10882E+00,    0.81753E+00
    0.48045E+00,    0.13844E+00,    0.82297E+00
    0.46813E+00,    0.22000E+00,    0.83168E+00
    0.48910E+00,    0.10384E+00,    0.81675E+00
    0.47902E+00,    0.14333E+00,    0.82400E+00
    0.49013E+00,    0.98845E-01,    0.81600E+00
    0.47753E+00,    0.14821E+00,    0.82505E+00
    0.49111E+00,    0.93844E-01,    0.81528E+00
    0.47599E+00,    0.15307E+00,    0.82614E+00
    0.49205E+00,    0.88833E-01,    0.81460E+00
    0.47441E+00,    0.15791E+00,    0.82727E+00
    0.46460E+00,    0.26000E+00,    0.83413E+00
    0.49293E+00,    0.83813E-01,    0.81396E+00
    0.47278E+00,    0.16274E+00,    0.82842E+00
    0.46418E+00,    0.25000E+00,    0.83442E+00
    0.49375E+00,    0.78784E-01,    0.81336E+00
    0.47109E+00,    0.16755E+00,    0.82960E+00
    0.48039E+00,    0.12055E+00,    0.82302E+00
    0.49453E+00,    0.73747E-01,    0.81279E+00
    0.46936E+00,    0.17234E+00,    0.83082E+00
    0.47870E+00,    0.12482E+00,    0.82423E+00
    0.46424E+00,    0.21000E+00,    0.83438E+00
    0.48114E+00,    0.11503E+00,    0.82248E+00
    0.47740E+00,    0.12969E+00,    0.82515E+00
    0.48229E+00,    0.11012E+00,    0.82166E+00
    0.47605E+00,    0.13455E+00,    0.82610E+00
    0.47362E+00,    0.14487E+00,    0.82782E+00
    0.48339E+00,    0.10520E+00,    0.82087E+00
    0.47466E+00,    0.13939E+00,    0.82709E+00
    0.49526E+00,    0.68702E-01,    0.81225E+00
    0.46758E+00,    0.17712E+00,    0.83206E+00
    0.48443E+00,    0.10027E+00,    0.82012E+00
    0.48543E+00,    0.95324E-01,    0.81940E+00
    0.47172E+00,    0.14904E+00,    0.82916E+00
    0.47057E+00,    0.15449E+00,    0.82997E+00
    0.49593E+00,    0.63651E-01,    0.81176E+00
    0.46179E+00,    0.22000E+00,    0.83608E+00
    0.46575E+00,    0.18187E+00,    0.83333E+00
    0.46937E+00,    0.15847E+00,    0.83081E+00
    0.48638E+00,    0.90371E-01,    0.81872E+00
    0.48727E+00,    0.85409E-01,    0.81807E+00
    0.48861E+00,    0.81022E-01,    0.81710E+00
    0.49656E+00,    0.58592E-01,    0.81130E+00
    0.46387E+00,    0.18661E+00,    0.83464E+00
    0.45892E+00,    0.26000E+00,    0.83805E+00
    0.46694E+00,    0.16339E+00,    0.83251E+00
    0.49713E+00,    0.53528E-01,    0.81088E+00
    0.48891E+00,    0.75458E-01,    0.81688E+00
    0.46194E+00,    0.19133E+00,    0.83597E+00
    0.46525E+00,    0.16814E+00,    0.83368E+00
    0.45713E+00,    0.25000E+00,    0.83928E+00
    0.48966E+00,    0.70471E-01,    0.81634E+00
    0.46351E+00,    0.17288E+00,    0.83489E+00
    0.45895E+00,    0.21000E+00,    0.83803E+00
    0.49765E+00,    0.48458E-01,    0.81050E+00
    0.45997E+00,    0.19603E+00,    0.83733E+00
    0.46209E+00,    0.17827E+00,    0.83587E+00
    0.47354E+00,    0.12096E+00,    0.82788E+00
    0.49035E+00,    0.65476E-01,    0.81584E+00
    0.46069E+00,    0.18218E+00,    0.83684E+00
    0.49811E+00,    0.43383E-01,    0.81015E+00
    0.45795E+00,    0.20071E+00,    0.83872E+00
    0.49099E+00,    0.60474E-01,    0.81537E+00
    0.45635E+00,    0.21538E+00,    0.83981E+00
    0.47430E+00,    0.11084E+00,    0.82734E+00
    0.46939E+00,    0.13009E+00,    0.83080E+00
    0.45557E+00,    0.22000E+00,    0.84034E+00
    0.49222E+00,    0.55038E-01,    0.81448E+00
    0.47646E+00,    0.10115E+00,    0.82581E+00
    0.49853E+00,    0.38303E-01,    0.80985E+00
    0.45335E+00,    0.26000E+00,    0.84185E+00
    0.45801E+00,    0.18697E+00,    0.83868E+00
    0.46519E+00,    0.14438E+00,    0.83372E+00
    0.45588E+00,    0.20536E+00,    0.84013E+00
    0.47843E+00,    0.91419E-01,    0.82442E+00
    0.48103E+00,    0.82223E-01,    0.82256E+00
    0.46215E+00,    0.15383E+00,    0.83583E+00
    0.49212E+00,    0.50453E-01,    0.81455E+00
    0.45608E+00,    0.19163E+00,    0.84000E+00
    0.49890E+00,    0.33220E-01,    0.80958E+00
    0.45376E+00,    0.21000E+00,    0.84157E+00
    0.45900E+00,    0.16518E+00,    0.83799E+00
    0.49323E+00,    0.44993E-01,    0.81374E+00
    0.45410E+00,    0.19627E+00,    0.84134E+00
    0.45020E+00,    0.25000E+00,    0.84398E+00
    0.49921E+00,    0.28133E-01,    0.80935E+00
    0.48175E+00,    0.71842E-01,    0.82204E+00
    0.49305E+00,    0.40411E-01,    0.81387E+00
    0.45208E+00,    0.20089E+00,    0.84271E+00
    0.44948E+00,    0.22000E+00,    0.84447E+00
    0.49947E+00,    0.23043E-01,    0.80915E+00
    0.44788E+00,    0.26000E+00,    0.84554E+00
    0.48312E+00,    0.62006E-01,    0.82106E+00
    0.45372E+00,    0.17717E+00,    0.84160E+00
    0.49343E+00,    0.35383E-01,    0.81359E+00
    0.45001E+00,    0.20548E+00,    0.84411E+00
    0.49438E+00,    0.29891E-01,    0.81290E+00
    0.49968E+00,    0.17950E-01,    0.80900E+00
    0.46471E+00,    0.11361E+00,    0.83406E+00
    0.46230E+00,    0.12306E+00,    0.83573E+00
    0.46693E+00,    0.10411E+00,    0.83251E+00
    0.48428E+00,    0.52145E-01,    0.82023E+00
    0.45001E+00,    0.18639E+00,    0.84411E+00
    0.44520E+00,    0.25444E+00,    0.84734E+00
    0.44700E+00,    0.21180E+00,    0.84613E+00
    0.49983E+00,    0.12856E-01,    0.80888E+00
    0.49405E+00,    0.25317E-01,    0.81314E+00
    0.47079E+00,    0.84995E-01,    0.82982E+00
    0.48624E+00,    0.41688E-01,    0.81882E+00
    0.44339E+00,    0.25000E+00,    0.84854E+00
    0.45235E+00,    0.15571E+00,    0.84253E+00
    0.44253E+00,    0.26000E+00,    0.84912E+00
    0.49428E+00,    0.20279E-01,    0.81297E+00
    0.44351E+00,    0.22000E+00,    0.84846E+00
    0.49994E+00,    0.77606E-02,    0.80881E+00
    0.44912E+00,    0.16516E+00,    0.84471E+00
    0.49503E+00,    0.15754E-01,    0.81242E+00
    0.44410E+00,    0.20006E+00,    0.84807E+00
    0.43990E+00,    0.25455E+00,    0.85086E+00
    0.49999E+00,    0.26642E-02,    0.80877E+00
    0.44059E+00,    0.21393E+00,    0.85040E+00
    0.45271E+00,    0.13238E+00,    0.84228E+00
    0.46314E+00,    0.92461E-01,    0.83515E+00
    0.49460E+00,    0.10199E-01,    0.81274E+00
    0.44383E+00,    0.17855E+00,    0.84825E+00
    0.45526E+00,    0.11865E+00,    0.84055E+00
    0.48631E+00,    0.27406E-01,    0.81877E+00
    0.49999E+00,   -0.24324E-02,    0.80877E+00
    0.44953E+00,    0.14219E+00,    0.84443E+00
    0.43728E+00,    0.26000E+00,    0.85259E+00
    0.45697E+00,    0.10861E+00,    0.83938E+00
    0.46608E+00,    0.77269E-01,    0.83310E+00
    0.43670E+00,    0.25000E+00,    0.85296E+00
    0.43767E+00,    0.22000E+00,    0.85233E+00
    0.49467E+00,    0.51572E-02,    0.81268E+00
    0.47614E+00,    0.46364E-01,    0.82604E+00
    0.44012E+00,    0.18783E+00,    0.85071E+00
    0.49994E+00,   -0.75287E-02,    0.80880E+00
    0.46775E+00,    0.67088E-01,    0.83194E+00
    0.43470E+00,    0.25465E+00,    0.85428E+00
    0.44374E+00,    0.15496E+00,    0.84831E+00
    0.48677E+00,    0.17487E-01,    0.81843E+00
    0.45661E+00,    0.99303E-01,    0.83964E+00
    0.49470E+00,    0.11470E-03,    0.81266E+00
    0.44059E+00,    0.16638E+00,    0.85040E+00
    0.43480E+00,    0.21405E+00,    0.85421E+00
    0.45987E+00,    0.83793E-01,    0.83740E+00
    0.49984E+00,   -0.12624E-01,    0.80888E+00
    0.43579E+00,    0.19844E+00,    0.85356E+00
    0.43213E+00,    0.26000E+00,    0.85595E+00
    0.49525E+00,   -0.54301E-02,    0.81226E+00
    0.45051E+00,    0.11310E+00,    0.84378E+00
    0.45179E+00,    0.10820E+00,    0.84291E+00
    0.44917E+00,    0.11799E+00,    0.84468E+00
    0.46981E+00,    0.51751E-01,    0.83050E+00
    0.44777E+00,    0.12287E+00,    0.84562E+00
    0.45225E+00,    0.10404E+00,    0.84259E+00
    0.45529E+00,    0.93390E-01,    0.84053E+00
    0.45634E+00,    0.88428E-01,    0.83982E+00
    0.43662E+00,    0.17590E+00,    0.85302E+00
    0.43194E+00,    0.22000E+00,    0.85607E+00
    0.44552E+00,    0.12791E+00,    0.84713E+00
    0.44325E+00,    0.13740E+00,    0.84864E+00
    0.44440E+00,    0.13190E+00,    0.84787E+00
    0.49969E+00,   -0.17719E-01,    0.80899E+00
    0.43014E+00,    0.25000E+00,    0.85725E+00
    0.45827E+00,    0.78471E-01,    0.83850E+00
    0.42961E+00,    0.25476E+00,    0.85759E+00
    0.49460E+00,   -0.99699E-02,    0.81274E+00
    0.43179E+00,    0.20574E+00,    0.85617E+00
    0.44123E+00,    0.14152E+00,    0.84998E+00
    0.43996E+00,    0.14699E+00,    0.85082E+00
    0.45915E+00,    0.73476E-01,    0.83789E+00
    0.43823E+00,    0.15176E+00,    0.85196E+00
    0.48708E+00,    0.25954E-02,    0.81821E+00
    0.49948E+00,   -0.22811E-01,    0.80915E+00
    0.47133E+00,    0.36352E-01,    0.82944E+00
    0.45946E+00,    0.67868E-01,    0.83768E+00
    0.42914E+00,    0.21418E+00,    0.85789E+00
    0.43644E+00,    0.15650E+00,    0.85314E+00
    0.49516E+00,   -0.15430E-01,    0.81233E+00
    0.46073E+00,    0.63457E-01,    0.83681E+00
    0.42708E+00,    0.26000E+00,    0.85922E+00
    0.46206E+00,    0.58433E-01,    0.83589E+00
    0.44613E+00,    0.10934E+00,    0.84672E+00
    0.44483E+00,    0.11418E+00,    0.84758E+00
    0.44736E+00,    0.10448E+00,    0.84589E+00
    0.44348E+00,    0.11901E+00,    0.84848E+00
    0.44854E+00,    0.99612E-01,    0.84510E+00
    0.44208E+00,    0.12382E+00,    0.84942E+00
    0.44967E+00,    0.94729E-01,    0.84434E+00
    0.44061E+00,    0.12861E+00,    0.85039E+00
    0.43028E+00,    0.18785E+00,    0.85715E+00
    0.45074E+00,    0.89833E-01,    0.84362E+00
    0.43385E+00,    0.16149E+00,    0.85483E+00
    0.43910E+00,    0.13338E+00,    0.85139E+00
    0.45175E+00,    0.84924E-01,    0.84294E+00
    0.43270E+00,    0.16593E+00,    0.85558E+00
    0.49490E+00,   -0.19578E-01,    0.81252E+00
    0.46566E+00,    0.43818E-01,    0.83339E+00
    0.42633E+00,    0.22000E+00,    0.85970E+00
    0.49922E+00,   -0.27901E-01,    0.80934E+00
    0.43752E+00,    0.13814E+00,    0.85243E+00
    0.45270E+00,    0.80005E-01,    0.84229E+00
    0.42446E+00,    0.26427E+00,    0.86090E+00
    0.46155E+00,    0.52819E-01,    0.83624E+00
    0.43590E+00,    0.14288E+00,    0.85349E+00
    0.45360E+00,    0.75074E-01,    0.84168E+00
    0.46267E+00,    0.48366E-01,    0.83547E+00
    0.48703E+00,   -0.73343E-02,    0.81825E+00
    0.42369E+00,    0.25000E+00,    0.86139E+00
    0.43421E+00,    0.14760E+00,    0.85460E+00
    0.45444E+00,    0.70134E-01,    0.84111E+00
    0.42993E+00,    0.17071E+00,    0.85738E+00
    0.43248E+00,    0.15230E+00,    0.85573E+00
    0.45522E+00,    0.65184E-01,    0.84058E+00
    0.47231E+00,    0.20909E-01,    0.82874E+00
    0.42840E+00,    0.17456E+00,    0.85837E+00
    0.49891E+00,   -0.32988E-01,    0.80957E+00
    0.42359E+00,    0.21430E+00,    0.86146E+00
    0.49406E+00,   -0.25088E-01,    0.81313E+00
    0.43068E+00,    0.15698E+00,    0.85689E+00
    0.42178E+00,    0.26851E+00,    0.86261E+00
    0.45594E+00,    0.60225E-01,    0.84009E+00
    0.42669E+00,    0.17991E+00,    0.85947E+00
    0.42434E+00,    0.19793E+00,    0.86098E+00
    0.46366E+00,    0.38273E-01,    0.83478E+00
    0.42096E+00,    0.25781E+00,    0.86313E+00
    0.42884E+00,    0.16164E+00,    0.85809E+00
    0.45661E+00,    0.55259E-01,    0.83963E+00
    0.42458E+00,    0.18452E+00,    0.86082E+00
    0.42694E+00,    0.16628E+00,    0.85931E+00
    0.41954E+00,    0.26348E+00,    0.86403E+00
    0.42085E+00,    0.22000E+00,    0.86320E+00
    0.45722E+00,    0.50285E-01,    0.83922E+00
    0.49855E+00,   -0.38072E-01,    0.80983E+00
    0.49433E+00,   -0.30653E-01,    0.81293E+00
    0.46344E+00,    0.33687E-01,    0.83494E+00
    0.48678E+00,   -0.17261E-01,    0.81843E+00
    0.41907E+00,    0.27272E+00,    0.86433E+00
    0.42102E+00,    0.20845E+00,    0.86309E+00
    0.46505E+00,    0.28283E-01,    0.83382E+00
    0.47267E+00,    0.10598E-01,    0.82849E+00
    0.42498E+00,    0.17089E+00,    0.86056E+00
    0.42241E+00,    0.18910E+00,    0.86221E+00
    0.45777E+00,    0.45304E-01,    0.83884E+00
    0.41735E+00,    0.25000E+00,    0.86541E+00
    0.42298E+00,    0.17548E+00,    0.86185E+00
    0.45826E+00,    0.40317E-01,    0.83850E+00
    0.42019E+00,    0.19367E+00,    0.86362E+00
    0.49813E+00,   -0.43152E-01,    0.81014E+00
    0.41816E+00,    0.21442E+00,    0.86490E+00
    0.49345E+00,   -0.35154E-01,    0.81358E+00
    0.46472E+00,    0.23095E-01,    0.83405E+00
    0.41623E+00,    0.26689E+00,    0.86612E+00
    0.41632E+00,    0.27691E+00,    0.86606E+00
    0.42091E+00,    0.18005E+00,    0.86316E+00
    0.45870E+00,    0.35325E-01,    0.83820E+00
    0.41444E+00,    0.25899E+00,    0.86724E+00
    0.41762E+00,    0.19747E+00,    0.86524E+00
    0.47279E+00,    0.28214E-03,    0.82841E+00
    0.41547E+00,    0.22000E+00,    0.86660E+00
    0.46434E+00,    0.18520E-01,    0.83432E+00
    0.41880E+00,    0.18460E+00,    0.86450E+00
    0.41409E+00,    0.27186E+00,    0.86746E+00
    0.45907E+00,    0.30328E-01,    0.83795E+00
    0.49767E+00,   -0.48227E-01,    0.81048E+00
    0.41352E+00,    0.28107E+00,    0.86782E+00
    0.49227E+00,   -0.40117E-01,    0.81444E+00
    0.41560E+00,    0.20271E+00,    0.86652E+00
    0.46513E+00,    0.12961E-01,    0.83376E+00
    0.41663E+00,    0.18911E+00,    0.86586E+00
    0.45939E+00,    0.25327E-01,    0.83773E+00
    0.48602E+00,   -0.32136E-01,    0.81897E+00
    0.41113E+00,    0.25000E+00,    0.86930E+00
    0.41322E+00,    0.20719E+00,    0.86800E+00
    0.41442E+00,    0.19361E+00,    0.86726E+00
    0.49263E+00,   -0.45206E-01,    0.81418E+00
    0.46525E+00,    0.78905E-02,    0.83368E+00
    0.45965E+00,    0.20322E-01,    0.83755E+00
    0.49715E+00,   -0.53297E-01,    0.81086E+00
    0.41060E+00,    0.27609E+00,    0.86964E+00
    0.41068E+00,    0.28520E+00,    0.86959E+00
    0.47267E+00,   -0.10034E-01,    0.82849E+00
    0.41215E+00,    0.19808E+00,    0.86867E+00
    0.41021E+00,    0.22000E+00,    0.86988E+00
    0.45986E+00,    0.15315E-01,    0.83741E+00
    0.46531E+00,    0.28192E-02,    0.83364E+00
    0.49277E+00,   -0.49790E-01,    0.81407E+00
    0.40842E+00,    0.26580E+00,    0.87098E+00
    0.40821E+00,    0.25620E+00,    0.87111E+00
    0.40920E+00,    0.21470E+00,    0.87050E+00
    0.40781E+00,    0.28019E+00,    0.87136E+00
    0.49658E+00,   -0.58362E-01,    0.81128E+00
    0.40982E+00,    0.20252E+00,    0.87012E+00
    0.40780E+00,    0.28931E+00,    0.87137E+00
    0.46000E+00,    0.10306E-01,    0.83731E+00
    0.46531E+00,   -0.22524E-02,    0.83364E+00
    0.40745E+00,    0.20693E+00,    0.87158E+00
    0.40503E+00,    0.25000E+00,    0.87307E+00
    0.40544E+00,    0.28492E+00,    0.87282E+00
    0.46009E+00,    0.52954E-02,    0.83725E+00
    0.49161E+00,   -0.55239E-01,    0.81492E+00
    0.49596E+00,   -0.63421E-01,    0.81174E+00
    0.40488E+00,    0.29338E+00,    0.87316E+00
    0.40506E+00,    0.22000E+00,    0.87305E+00
    0.46464E+00,   -0.78288E-02,    0.83411E+00
    0.40503E+00,    0.21132E+00,    0.87308E+00
    0.48481E+00,   -0.46981E-01,    0.81985E+00
    0.40301E+00,    0.27393E+00,    0.87431E+00
    0.46012E+00,    0.28429E-03,    0.83723E+00
    0.47204E+00,   -0.25496E-01,    0.82894E+00
    0.40204E+00,    0.25622E+00,    0.87490E+00
    0.46513E+00,   -0.12394E-01,    0.83377E+00
    0.49154E+00,   -0.60810E-01,    0.81498E+00
    0.40211E+00,    0.28831E+00,    0.87486E+00
    0.40255E+00,    0.21567E+00,    0.87459E+00
    0.49529E+00,   -0.68473E-01,    0.81223E+00
    0.40192E+00,    0.29742E+00,    0.87497E+00
    0.46009E+00,   -0.47268E-02,    0.83725E+00
    0.46557E+00,   -0.17573E-01,    0.83346E+00
    0.39904E+00,    0.25000E+00,    0.87672E+00
    0.39979E+00,    0.29323E+00,    0.87627E+00
    0.40002E+00,    0.22000E+00,    0.87612E+00
    0.39864E+00,    0.26468E+00,    0.87696E+00
    0.49038E+00,   -0.65249E-01,    0.81582E+00
    0.39880E+00,    0.28161E+00,    0.87686E+00
    0.46000E+00,   -0.97373E-02,    0.83731E+00
    0.49457E+00,   -0.73518E-01,    0.81276E+00
    0.39892E+00,    0.30144E+00,    0.87679E+00
    0.41709E+00,    0.10506E+00,    0.86558E+00
    0.41583E+00,    0.10992E+00,    0.86637E+00
    0.41829E+00,    0.10018E+00,    0.86482E+00
    0.41452E+00,    0.11476E+00,    0.86719E+00
    0.41943E+00,    0.95293E-01,    0.86410E+00
    0.41316E+00,    0.11959E+00,    0.86804E+00
    0.42051E+00,    0.90391E-01,    0.86342E+00
    0.41173E+00,    0.12441E+00,    0.86893E+00
    0.42154E+00,    0.85477E-01,    0.86276E+00
    0.41025E+00,    0.12921E+00,    0.86985E+00
    0.46409E+00,   -0.23012E-01,    0.83449E+00
    0.42251E+00,    0.80551E-01,    0.86215E+00
    0.45985E+00,   -0.14746E-01,    0.83741E+00
    0.39610E+00,    0.25610E+00,    0.87849E+00
    0.47194E+00,   -0.38416E-01,    0.82901E+00
    0.39700E+00,    0.29626E+00,    0.87795E+00
    0.40872E+00,    0.13398E+00,    0.87080E+00
    0.42342E+00,    0.75614E-01,    0.86157E+00
    0.49019E+00,   -0.70818E-01,    0.81595E+00
    0.40712E+00,    0.13875E+00,    0.87179E+00
    0.42427E+00,    0.70667E-01,    0.86102E+00
    0.40548E+00,    0.14349E+00,    0.87280E+00
    0.49379E+00,   -0.78555E-01,    0.81333E+00
    0.39588E+00,    0.30542E+00,    0.87863E+00
    0.42507E+00,    0.65710E-01,    0.86051E+00
    0.48315E+00,   -0.61782E-01,    0.82104E+00
    0.46373E+00,   -0.27135E-01,    0.83474E+00
    0.40377E+00,    0.14821E+00,    0.87384E+00
    0.45965E+00,   -0.19753E-01,    0.83755E+00
    0.42581E+00,    0.60744E-01,    0.86004E+00
    0.41359E+00,    0.10132E+00,    0.86778E+00
    0.39316E+00,    0.25000E+00,    0.88025E+00
    0.39311E+00,    0.27300E+00,    0.88028E+00
    0.40202E+00,    0.15291E+00,    0.87491E+00
    0.40713E+00,    0.12517E+00,    0.87178E+00
    0.42649E+00,    0.55770E-01,    0.85960E+00
    0.40785E+00,    0.12115E+00,    0.87134E+00
    0.39303E+00,    0.29077E+00,    0.88033E+00
    0.41015E+00,    0.11098E+00,    0.86992E+00
    0.41378E+00,    0.96552E-01,    0.86765E+00
    0.41129E+00,    0.10583E+00,    0.86921E+00
    0.40882E+00,    0.11576E+00,    0.87074E+00
    0.48895E+00,   -0.75231E-01,    0.81686E+00
    0.39326E+00,    0.30027E+00,    0.88019E+00
    0.40020E+00,    0.15760E+00,    0.87601E+00
    0.46406E+00,   -0.32651E-01,    0.83450E+00
    0.41891E+00,    0.76920E-01,    0.86443E+00
    0.41592E+00,    0.86868E-01,    0.86631E+00
    0.42711E+00,    0.50789E-01,    0.85920E+00
    0.45938E+00,   -0.24758E-01,    0.83773E+00
    0.41691E+00,    0.82007E-01,    0.86569E+00
    0.40373E+00,    0.13468E+00,    0.87387E+00
    0.40452E+00,    0.13000E+00,    0.87339E+00
    0.49296E+00,   -0.83584E-01,    0.81393E+00
    0.39279E+00,    0.30937E+00,    0.88047E+00
    0.41919E+00,    0.72831E-01,    0.86425E+00
    0.39834E+00,    0.16226E+00,    0.87714E+00
    0.42767E+00,    0.45800E-01,    0.85884E+00
    0.39007E+00,    0.25500E+00,    0.88209E+00
    0.40137E+00,    0.13941E+00,    0.87530E+00
    0.39642E+00,    0.16689E+00,    0.87830E+00
    0.41952E+00,    0.67362E-01,    0.86404E+00
    0.42094E+00,    0.62837E-01,    0.86314E+00
    0.41231E+00,    0.90802E-01,    0.86857E+00
    0.38905E+00,    0.26288E+00,    0.88269E+00
    0.46365E+00,   -0.37705E-01,    0.83479E+00
    0.39972E+00,    0.14408E+00,    0.87631E+00
    0.42818E+00,    0.40806E-01,    0.85851E+00
    0.39858E+00,    0.14924E+00,    0.87700E+00
    0.39023E+00,    0.30420E+00,    0.88200E+00
    0.48815E+00,   -0.80211E-01,    0.81743E+00
    0.45906E+00,   -0.29759E-01,    0.83795E+00
    0.39444E+00,    0.17151E+00,    0.87949E+00
    0.46979E+00,   -0.51186E-01,    0.83052E+00
    0.48179E+00,   -0.71618E-01,    0.82202E+00
    0.42098E+00,    0.57551E-01,    0.86312E+00
    0.42862E+00,    0.35805E-01,    0.85822E+00
    0.42232E+00,    0.52968E-01,    0.86227E+00
    0.38967E+00,    0.31330E+00,    0.88232E+00
    0.49209E+00,   -0.88605E-01,    0.81457E+00
    0.38740E+00,    0.25000E+00,    0.88367E+00
    0.38756E+00,    0.28083E+00,    0.88357E+00
    0.39625E+00,    0.15337E+00,    0.87840E+00
    0.39241E+00,    0.17610E+00,    0.88070E+00
    0.39492E+00,    0.15861E+00,    0.87920E+00
    0.40750E+00,    0.98595E-01,    0.87155E+00
    0.46318E+00,   -0.42755E-01,    0.83512E+00
    0.42901E+00,    0.30800E-01,    0.85797E+00
    0.45869E+00,   -0.34756E-01,    0.83821E+00
    0.40131E+00,    0.12108E+00,    0.87535E+00
    0.39327E+00,    0.16235E+00,    0.88018E+00
    0.38754E+00,    0.30875E+00,    0.88358E+00
    0.42221E+00,    0.47709E-01,    0.86234E+00
    0.40358E+00,    0.10914E+00,    0.87396E+00
    0.39033E+00,    0.18067E+00,    0.88194E+00
    0.48780E+00,   -0.85772E-01,    0.81769E+00
    0.41011E+00,    0.82694E-01,    0.86994E+00
    0.38484E+00,    0.27164E+00,    0.88517E+00
    0.38582E+00,    0.29766E+00,    0.88460E+00
    0.42934E+00,    0.25791E-01,    0.85776E+00
    0.41256E+00,    0.73599E-01,    0.86842E+00
    0.38457E+00,    0.25588E+00,    0.88533E+00
    0.42274E+00,    0.42778E-01,    0.86200E+00
    0.42427E+00,    0.37509E-01,    0.86102E+00
    0.38651E+00,    0.31719E+00,    0.88419E+00
    0.49116E+00,   -0.93616E-01,    0.81525E+00
    0.39064E+00,    0.16715E+00,    0.88175E+00
    0.38820E+00,    0.18521E+00,    0.88320E+00
    0.39694E+00,    0.13124E+00,    0.87799E+00
    0.45825E+00,   -0.39748E-01,    0.83851E+00
    0.42961E+00,    0.20778E-01,    0.85758E+00
    0.42415E+00,    0.33429E-01,    0.86110E+00
    0.46200E+00,   -0.48245E-01,    0.83593E+00
    0.38866E+00,    0.17170E+00,    0.88292E+00
    0.38601E+00,    0.18973E+00,    0.88448E+00
    0.41333E+00,    0.62820E-01,    0.86794E+00
    0.39348E+00,    0.13924E+00,    0.88006E+00
    0.38405E+00,    0.31196E+00,    0.88563E+00
    0.48642E+00,   -0.90146E-01,    0.81869E+00
    0.38174E+00,    0.25000E+00,    0.88698E+00
    0.42983E+00,    0.15762E-01,    0.85745E+00
    0.38185E+00,    0.28854E+00,    0.88691E+00
    0.39114E+00,    0.14764E+00,    0.88146E+00
    0.38608E+00,    0.17620E+00,    0.88444E+00
    0.45775E+00,   -0.44734E-01,    0.83885E+00
    0.42397E+00,    0.27952E-01,    0.86121E+00
    0.38331E+00,    0.32105E+00,    0.88606E+00
    0.41480E+00,    0.53020E-01,    0.86702E+00
    0.38377E+00,    0.19422E+00,    0.88580E+00
    0.46206E+00,   -0.52836E-01,    0.83589E+00
    0.49018E+00,   -0.98617E-01,    0.81596E+00
    0.38496E+00,    0.18127E+00,    0.88510E+00
    0.38818E+00,    0.15856E+00,    0.88321E+00
    0.42499E+00,    0.23184E-01,    0.86056E+00
    0.42998E+00,    0.10744E-01,    0.85735E+00
    0.38097E+00,    0.30494E+00,    0.88742E+00
    0.37944E+00,    0.27955E+00,    0.88831E+00
    0.38147E+00,    0.31672E+00,    0.88713E+00
    0.38147E+00,    0.19869E+00,    0.88713E+00
    0.46773E+00,   -0.66522E-01,    0.83196E+00
    0.37840E+00,    0.25507E+00,    0.88891E+00
    0.38241E+00,    0.18520E+00,    0.88659E+00
    0.47937E+00,   -0.86315E-01,    0.82374E+00
    0.41502E+00,    0.44445E-01,    0.86688E+00
    0.46202E+00,   -0.58033E-01,    0.83592E+00
    0.43008E+00,    0.57249E-02,    0.85728E+00
    0.40153E+00,    0.86348E-01,    0.87521E+00
    0.45720E+00,   -0.49715E-01,    0.83923E+00
    0.42451E+00,    0.18048E-01,    0.86087E+00
    0.39753E+00,    0.99104E-01,    0.87763E+00
    0.41764E+00,    0.34730E-01,    0.86523E+00
    0.38066E+00,    0.19031E+00,    0.88760E+00
    0.38008E+00,    0.32487E+00,    0.88794E+00
    0.37913E+00,    0.20313E+00,    0.88849E+00
    0.48915E+00,   -0.10361E+00,    0.81671E+00
    0.38278E+00,    0.16896E+00,    0.88637E+00
    0.48281E+00,   -0.94765E-01,    0.82129E+00
    0.37619E+00,    0.25000E+00,    0.89018E+00
    0.37605E+00,    0.26384E+00,    0.89026E+00
    0.39348E+00,    0.11110E+00,    0.88006E+00
    0.37847E+00,    0.31959E+00,    0.88887E+00
    0.43012E+00,    0.70476E-03,    0.85726E+00
    0.42469E+00,    0.13092E-01,    0.86075E+00
    0.37871E+00,    0.19390E+00,    0.88873E+00
    0.38983E+00,    0.12277E+00,    0.88223E+00
    0.37599E+00,    0.29614E+00,    0.89029E+00
    0.40147E+00,    0.76540E-01,    0.87525E+00
    0.48448E+00,   -0.10004E+00,    0.82009E+00
    0.45659E+00,   -0.54689E-01,    0.83965E+00
    0.37673E+00,    0.20754E+00,    0.88987E+00
    0.38685E+00,    0.13184E+00,    0.88399E+00
    0.42482E+00,    0.81347E-02,    0.86067E+00
    0.40315E+00,    0.67148E-01,    0.87422E+00
    0.43009E+00,   -0.43154E-02,    0.85727E+00
    0.37346E+00,    0.25565E+00,    0.89173E+00
    0.46004E+00,   -0.63312E-01,    0.83728E+00
    0.41800E+00,    0.23726E-01,    0.86501E+00
    0.37680E+00,    0.32867E+00,    0.88983E+00
    0.48807E+00,   -0.10859E+00,    0.81750E+00
    0.37569E+00,    0.19847E+00,    0.89046E+00
    0.37499E+00,    0.31382E+00,    0.89086E+00
    0.37778E+00,    0.17907E+00,    0.88926E+00
    0.38367E+00,    0.14083E+00,    0.88585E+00
    0.37428E+00,    0.21192E+00,    0.89127E+00
    0.42562E+00,    0.29702E-02,    0.86016E+00
    0.40461E+00,    0.57720E-01,    0.87333E+00
    0.37259E+00,    0.28676E+00,    0.89223E+00
    0.46605E+00,   -0.76703E-01,    0.83312E+00
    0.45592E+00,   -0.59655E-01,    0.84010E+00
    0.37395E+00,    0.20328E+00,    0.89146E+00
    0.43001E+00,   -0.93351E-02,    0.85732E+00
    0.37450E+00,    0.32337E+00,    0.89114E+00
    0.48343E+00,   -0.10498E+00,    0.82084E+00
    0.45995E+00,   -0.67902E-01,    0.83735E+00
    0.38028E+00,    0.14975E+00,    0.88782E+00
    0.37074E+00,    0.25000E+00,    0.89328E+00
    0.40584E+00,    0.48260E-01,    0.87257E+00
    0.37179E+00,    0.21628E+00,    0.89269E+00
    0.39264E+00,    0.90833E-01,    0.88056E+00
    0.37374E+00,    0.19000E+00,    0.89158E+00
    0.42489E+00,   -0.17835E-02,    0.86062E+00
    0.37349E+00,    0.33243E+00,    0.89172E+00
    0.41820E+00,    0.12880E-01,    0.86488E+00
    0.36949E+00,    0.27574E+00,    0.89399E+00
    0.42988E+00,   -0.14353E-01,    0.85741E+00
    0.48693E+00,   -0.11356E+00,    0.81832E+00
    0.37096E+00,    0.20719E+00,    0.89316E+00
    0.45520E+00,   -0.64614E-01,    0.84060E+00
    0.37617E+00,    0.16064E+00,    0.89019E+00
    0.36998E+00,    0.30362E+00,    0.89371E+00
    0.42561E+00,   -0.69934E-02,    0.86016E+00
    0.39337E+00,    0.80907E-01,    0.88013E+00
    0.40686E+00,    0.38774E-01,    0.87195E+00
    0.36924E+00,    0.22060E+00,    0.89413E+00
    0.37124E+00,    0.32710E+00,    0.89300E+00
    0.47651E+00,   -0.10093E+00,    0.82578E+00
    0.36753E+00,    0.25488E+00,    0.89509E+00
    0.47155E+00,   -0.93686E-01,    0.82928E+00
    0.48234E+00,   -0.10990E+00,    0.82162E+00
    0.36899E+00,    0.21210E+00,    0.89427E+00
    0.38336E+00,    0.11518E+00,    0.88603E+00
    0.45845E+00,   -0.73315E-01,    0.83838E+00
    0.42968E+00,   -0.19370E-01,    0.85754E+00
    0.38647E+00,    0.98611E-01,    0.88422E+00
    0.39394E+00,    0.70988E-01,    0.87978E+00
    0.38011E+00,    0.12461E+00,    0.88792E+00
    0.36664E+00,    0.22490E+00,    0.89559E+00
    0.37014E+00,    0.33615E+00,    0.89362E+00
    0.42473E+00,   -0.11701E-01,    0.86072E+00
    0.40765E+00,    0.29267E-01,    0.87146E+00
    0.45441E+00,   -0.69563E-01,    0.84113E+00
    0.36624E+00,    0.29445E+00,    0.89581E+00
    0.36540E+00,    0.25000E+00,    0.89628E+00
    0.36527E+00,    0.26331E+00,    0.89635E+00
    0.48575E+00,   -0.11852E+00,    0.81917E+00
    0.41819E+00,    0.20699E-02,    0.86489E+00
    0.37715E+00,    0.13413E+00,    0.88963E+00
    0.37090E+00,    0.17167E+00,    0.89319E+00
    0.46415E+00,   -0.86841E-01,    0.83445E+00
    0.36602E+00,    0.21579E+00,    0.89593E+00
    0.42942E+00,   -0.24384E-01,    0.85771E+00
    0.36723E+00,    0.20006E+00,    0.89525E+00
    0.45824E+00,   -0.77901E-01,    0.83852E+00
    0.36723E+00,    0.32031E+00,    0.89526E+00
    0.39532E+00,    0.61111E-01,    0.87896E+00
    0.36828E+00,    0.33149E+00,    0.89466E+00
    0.37420E+00,    0.14352E+00,    0.89131E+00
    0.42512E+00,   -0.17166E-01,    0.86048E+00
    0.48164E+00,   -0.11543E+00,    0.82212E+00
    0.40901E+00,    0.20023E-01,    0.87062E+00
    0.36399E+00,    0.22916E+00,    0.89706E+00
    0.36367E+00,    0.28509E+00,    0.89724E+00
    0.39699E+00,    0.51281E-01,    0.87796E+00
    0.36397E+00,    0.22064E+00,    0.89707E+00
    0.36278E+00,    0.25544E+00,    0.89773E+00
    0.37104E+00,    0.15268E+00,    0.89311E+00
    0.42537E+00,   -0.21282E-01,    0.86032E+00
    0.45357E+00,   -0.74504E-01,    0.84170E+00
    0.42911E+00,   -0.29394E-01,    0.85791E+00
    0.36679E+00,    0.18029E+00,    0.89550E+00
    0.36675E+00,    0.33985E+00,    0.89552E+00
    0.36382E+00,    0.31097E+00,    0.89716E+00
    0.41834E+00,   -0.78322E-02,    0.86479E+00
    0.48452E+00,   -0.12346E+00,    0.82006E+00
    0.39795E+00,    0.43248E-01,    0.87738E+00
    0.45731E+00,   -0.82886E-01,    0.83916E+00
    0.38436E+00,    0.85210E-01,    0.88545E+00
    0.36129E+00,    0.23339E+00,    0.89856E+00
    0.36461E+00,    0.33448E+00,    0.89672E+00
    0.46956E+00,   -0.10351E+00,    0.83067E+00
    0.36017E+00,    0.25000E+00,    0.89918E+00
    0.36191E+00,    0.20930E+00,    0.89822E+00
    0.36088E+00,    0.22428E+00,    0.89878E+00
    0.48000E+00,   -0.11971E+00,    0.82330E+00
    0.35990E+00,    0.27588E+00,    0.89932E+00
    0.42874E+00,   -0.34400E-01,    0.85815E+00
    0.45267E+00,   -0.79434E-01,    0.84231E+00
    0.38519E+00,    0.75261E-01,    0.88496E+00
    0.42406E+00,   -0.26563E-01,    0.86115E+00
    0.36009E+00,    0.30231E+00,    0.89922E+00
    0.39863E+00,    0.33299E-01,    0.87697E+00
    0.36195E+00,    0.32729E+00,    0.89819E+00
    0.36546E+00,    0.16332E+00,    0.89625E+00
    0.37382E+00,    0.11744E+00,    0.89153E+00
    0.35854E+00,    0.23759E+00,    0.90007E+00
    0.36332E+00,    0.34351E+00,    0.89743E+00
    0.40867E+00,    0.54399E-02,    0.87083E+00
    0.35846E+00,    0.22919E+00,    0.90011E+00
    0.38679E+00,    0.65651E-01,    0.88402E+00
    0.45583E+00,   -0.87232E-01,    0.84017E+00
    0.48323E+00,   -0.12839E+00,    0.82098E+00
    0.36064E+00,    0.19273E+00,    0.89892E+00
    0.35708E+00,    0.25469E+00,    0.90087E+00
    0.42452E+00,   -0.31378E-01,    0.86086E+00
    0.41856E+00,   -0.18929E-01,    0.86465E+00
    0.36174E+00,    0.33908E+00,    0.89831E+00
    0.37500E+00,    0.10649E+00,    0.89086E+00
    0.42831E+00,   -0.39402E-01,    0.85843E+00
    0.37036E+00,    0.12680E+00,    0.89349E+00
    0.35762E+00,    0.29269E+00,    0.90057E+00
    0.47320E+00,   -0.11545E+00,    0.82812E+00
    0.46104E+00,   -0.97757E-01,    0.83660E+00
    0.38836E+00,    0.56120E-01,    0.88310E+00
    0.35663E+00,    0.23289E+00,    0.90111E+00
    0.39961E+00,    0.23376E-01,    0.87638E+00
    0.36741E+00,    0.13623E+00,    0.89515E+00
    0.35709E+00,    0.21761E+00,    0.90087E+00
    0.45172E+00,   -0.84353E-01,    0.84296E+00
    0.47798E+00,   -0.12439E+00,    0.82474E+00
    0.35574E+00,    0.24176E+00,    0.90160E+00
    0.36103E+00,    0.17225E+00,    0.89870E+00
    0.35751E+00,    0.31821E+00,    0.90063E+00
    0.35503E+00,    0.25000E+00,    0.90198E+00
    0.35490E+00,    0.26279E+00,    0.90205E+00
    0.36444E+00,    0.14528E+00,    0.89681E+00
    0.42782E+00,   -0.44399E-01,    0.85874E+00
    0.35986E+00,    0.34713E+00,    0.89934E+00
    0.45526E+00,   -0.92819E-01,    0.84056E+00
    0.40137E+00,    0.13597E-01,    0.87531E+00
    0.40868E+00,   -0.41006E-02,    0.87082E+00
    0.42333E+00,   -0.36454E-01,    0.86162E+00
    0.38887E+00,    0.46242E-01,    0.88280E+00
    0.35858E+00,    0.34177E+00,    0.90005E+00
    0.48190E+00,   -0.13331E+00,    0.82194E+00
    0.35387E+00,    0.28350E+00,    0.90261E+00
    0.37377E+00,    0.95773E-01,    0.89156E+00
    0.35565E+00,    0.20137E+00,    0.90165E+00
    0.36128E+00,    0.15474E+00,    0.89857E+00
    0.35289E+00,    0.24590E+00,    0.90314E+00
    0.35252E+00,    0.25523E+00,    0.90334E+00
    0.35281E+00,    0.23677E+00,    0.90319E+00
    0.35414E+00,    0.30890E+00,    0.90247E+00
    0.35687E+00,    0.18132E+00,    0.90098E+00
    0.39070E+00,    0.36520E-01,    0.88172E+00
    0.47746E+00,   -0.12947E+00,    0.82511E+00
    0.45071E+00,   -0.89261E-01,    0.84364E+00
    0.42727E+00,   -0.49389E-01,    0.85910E+00
    0.35208E+00,    0.22752E+00,    0.90358E+00
    0.41734E+00,   -0.30080E-01,    0.86542E+00
    0.35545E+00,    0.33579E+00,    0.90176E+00
    0.42287E+00,   -0.41392E-01,    0.86191E+00
    0.37589E+00,    0.78894E-01,    0.89035E+00
    0.45415E+00,   -0.97768E-01,    0.84131E+00
    0.35079E+00,    0.24110E+00,    0.90428E+00
    0.35636E+00,    0.35072E+00,    0.90126E+00
    0.45963E+00,   -0.10697E+00,    0.83757E+00
    0.40847E+00,   -0.13639E-01,    0.87095E+00
    0.35010E+00,    0.27431E+00,    0.90464E+00
    0.36689E+00,    0.11025E+00,    0.89545E+00
    0.35000E+00,    0.25000E+00,    0.90470E+00
    0.37745E+00,    0.69032E-01,    0.88946E+00
    0.37268E+00,    0.85834E-01,    0.89218E+00
    0.39140E+00,    0.26886E-01,    0.88130E+00
    0.35069E+00,    0.29980E+00,    0.90433E+00
    0.48052E+00,   -0.13822E+00,    0.82293E+00
    0.40078E+00,    0.17652E-02,    0.87567E+00
    0.36401E+00,    0.11921E+00,    0.89705E+00
    0.35085E+00,    0.20962E+00,    0.90424E+00
    0.47681E+00,   -0.13401E+00,    0.82557E+00
    0.35438E+00,    0.34529E+00,    0.90234E+00
    0.44964E+00,   -0.94157E-01,    0.84436E+00
    0.35548E+00,    0.16394E+00,    0.90174E+00
    0.42667E+00,   -0.54372E-01,    0.85948E+00
    0.42236E+00,   -0.46325E-01,    0.86224E+00
    0.37903E+00,    0.59475E-01,    0.88854E+00
    0.36097E+00,    0.12863E+00,    0.89874E+00
    0.35106E+00,    0.32531E+00,    0.90413E+00
    0.35091E+00,    0.19260E+00,    0.90421E+00
    0.34719E+00,    0.24494E+00,    0.90620E+00
    0.34773E+00,    0.29137E+00,    0.90591E+00
    0.45298E+00,   -0.10270E+00,    0.84211E+00
    0.36572E+00,    0.10169E+00,    0.89610E+00
    0.39210E+00,    0.17169E-01,    0.88089E+00
    0.34664E+00,    0.25668E+00,    0.90649E+00
    0.37997E+00,    0.50739E-01,    0.88800E+00
    0.35770E+00,    0.13805E+00,    0.90053E+00
    0.35283E+00,    0.35428E+00,    0.90318E+00
    0.42251E+00,   -0.51518E-01,    0.86214E+00
    0.40804E+00,   -0.23170E-01,    0.87122E+00
    0.42600E+00,   -0.59349E-01,    0.85991E+00
    0.41637E+00,   -0.40808E-01,    0.86603E+00
    0.35108E+00,    0.17317E+00,    0.90412E+00
    0.47908E+00,   -0.14311E+00,    0.82395E+00
    0.46945E+00,   -0.12987E+00,    0.83075E+00
    0.34768E+00,    0.31650E+00,    0.90594E+00
    0.35473E+00,    0.14757E+00,    0.90215E+00
    0.44851E+00,   -0.99040E-01,    0.84512E+00
    0.35090E+00,    0.34883E+00,    0.90421E+00
    0.34530E+00,    0.23614E+00,    0.90720E+00
    0.40021E+00,   -0.80603E-02,    0.87601E+00
    0.39362E+00,    0.73016E-02,    0.87998E+00
    0.34586E+00,    0.21775E+00,    0.90690E+00
    0.38127E+00,    0.39782E-01,    0.88725E+00
    0.47472E+00,   -0.13917E+00,    0.82705E+00
    0.35160E+00,    0.15699E+00,    0.90384E+00
    0.34397E+00,    0.28219E+00,    0.90790E+00
    0.36462E+00,    0.91754E-01,    0.89671E+00
    0.45175E+00,   -0.10762E+00,    0.84294E+00
    0.34576E+00,    0.20114E+00,    0.90695E+00
    0.34313E+00,    0.25051E+00,    0.90834E+00
    0.42117E+00,   -0.56171E-01,    0.86300E+00
    0.34432E+00,    0.30742E+00,    0.90772E+00
    0.34262E+00,    0.26464E+00,    0.90861E+00
    0.42528E+00,   -0.64317E-01,    0.86037E+00
    0.38241E+00,    0.31071E-01,    0.88659E+00
    0.45702E+00,   -0.11695E+00,    0.83935E+00
    0.34731E+00,    0.34181E+00,    0.90613E+00
    0.34926E+00,    0.35780E+00,    0.90509E+00
    0.36817E+00,    0.72699E-01,    0.89473E+00
    0.34581E+00,    0.18405E+00,    0.90693E+00
    0.44733E+00,   -0.10391E+00,    0.84591E+00
    0.47760E+00,   -0.14798E+00,    0.82501E+00
    0.34769E+00,    0.35303E+00,    0.90593E+00
    0.40756E+00,   -0.33142E-01,    0.87152E+00
    0.47398E+00,   -0.14370E+00,    0.82757E+00
    0.34447E+00,    0.33228E+00,    0.90764E+00
    0.36970E+00,    0.62836E-01,    0.89387E+00
    0.35766E+00,    0.10761E+00,    0.90055E+00
    0.42114E+00,   -0.61458E-01,    0.86301E+00
    0.39961E+00,   -0.18014E-01,    0.87638E+00
    0.35424E+00,    0.12126E+00,    0.90241E+00
    0.38311E+00,    0.21409E-01,    0.88618E+00
    0.34069E+00,    0.22576E+00,    0.90963E+00
    0.34086E+00,    0.29805E+00,    0.90953E+00
    0.36352E+00,    0.81814E-01,    0.89732E+00
    0.41510E+00,   -0.51332E-01,    0.86683E+00
    0.42450E+00,   -0.69276E-01,    0.86087E+00
    0.34598E+00,    0.16469E+00,    0.90684E+00
    0.37143E+00,    0.53008E-01,    0.89289E+00
    0.39185E+00,   -0.26464E-02,    0.88103E+00
    0.34202E+00,    0.32261E+00,    0.90893E+00
    0.34088E+00,    0.20984E+00,    0.90952E+00
    0.33910E+00,    0.24331E+00,    0.91045E+00
    0.33891E+00,    0.27391E+00,    0.91055E+00
    0.35115E+00,    0.13050E+00,    0.90408E+00
    0.44976E+00,   -0.11287E+00,    0.84428E+00
    0.37348E+00,    0.43504E-01,    0.89173E+00
    0.34566E+00,    0.36128E+00,    0.90701E+00
    0.44609E+00,   -0.10876E+00,    0.84674E+00
    0.34111E+00,    0.19282E+00,    0.90940E+00
    0.33826E+00,    0.28850E+00,    0.91089E+00
    0.46671E+00,   -0.13941E+00,    0.83267E+00
    0.34795E+00,    0.14023E+00,    0.90579E+00
    0.47607E+00,   -0.15284E+00,    0.82609E+00
    0.34384E+00,    0.35579E+00,    0.90797E+00
    0.38391E+00,    0.11456E-01,    0.88571E+00
    0.35656E+00,    0.97674E-01,    0.90115E+00
    0.41974E+00,   -0.65987E-01,    0.86390E+00
    0.33667E+00,    0.25688E+00,    0.91171E+00
    0.42366E+00,   -0.74226E-01,    0.86141E+00
    0.33671E+00,    0.23485E+00,    0.91169E+00
    0.47178E+00,   -0.14882E+00,    0.82912E+00
    0.34495E+00,    0.14955E+00,    0.90739E+00
    0.34163E+00,    0.34845E+00,    0.90913E+00
    0.39931E+00,   -0.27982E-01,    0.87656E+00
    0.33788E+00,    0.31497E+00,    0.91109E+00
    0.37350E+00,    0.35575E-01,    0.89171E+00
    0.44913E+00,   -0.11742E+00,    0.84471E+00
    0.33604E+00,    0.21841E+00,    0.91204E+00
    0.39126E+00,   -0.12516E-01,    0.88138E+00
    0.41964E+00,   -0.71218E-01,    0.86397E+00
    0.44479E+00,   -0.11361E+00,    0.84761E+00
    0.34202E+00,    0.36473E+00,    0.90893E+00
    0.33409E+00,    0.28045E+00,    0.91304E+00
    0.34960E+00,    0.11353E+00,    0.90491E+00
    0.33897E+00,    0.17507E+00,    0.91052E+00
    0.41353E+00,   -0.61465E-01,    0.86781E+00
    0.38354E+00,    0.29038E-02,    0.88593E+00
    0.40600E+00,   -0.46930E-01,    0.87248E+00
    0.35546E+00,    0.87734E-01,    0.90175E+00
    0.34058E+00,    0.35992E+00,    0.90968E+00
    0.33577E+00,    0.20125E+00,    0.91217E+00
    0.42277E+00,   -0.79166E-01,    0.86198E+00
    0.33774E+00,    0.33912E+00,    0.91116E+00
    0.33451E+00,    0.30558E+00,    0.91283E+00
    0.47448E+00,   -0.15769E+00,    0.82721E+00
    0.37412E+00,    0.25614E-01,    0.89136E+00
    0.33240E+00,    0.26951E+00,    0.91391E+00
    0.44831E+00,   -0.12255E+00,    0.84526E+00
    0.47024E+00,   -0.15362E+00,    0.83020E+00
    0.33583E+00,    0.18434E+00,    0.91215E+00
    0.33493E+00,    0.32963E+00,    0.91261E+00
    0.33787E+00,    0.16513E+00,    0.91109E+00
    0.36198E+00,    0.56213E-01,    0.89818E+00
    0.41809E+00,   -0.75766E-01,    0.86495E+00
    0.36548E+00,    0.43496E-01,    0.89623E+00
    0.33066E+00,    0.24933E+00,    0.91479E+00
    0.45267E+00,   -0.13181E+00,    0.84231E+00
    0.34850E+00,    0.10359E+00,    0.90550E+00
    0.44344E+00,   -0.11843E+00,    0.84851E+00
    0.33120E+00,    0.29555E+00,    0.91452E+00
    0.33104E+00,    0.22671E+00,    0.91460E+00
    0.37495E+00,    0.15667E-01,    0.89089E+00
    0.39080E+00,   -0.22740E-01,    0.88166E+00
    0.34263E+00,    0.12939E+00,    0.90860E+00
    0.39875E+00,   -0.40268E-01,    0.87689E+00
    0.42182E+00,   -0.84095E-01,    0.86259E+00
    0.35436E+00,    0.77795E-01,    0.90235E+00
    0.33834E+00,    0.36814E+00,    0.91085E+00
    0.46377E+00,   -0.14890E+00,    0.83471E+00
    0.32957E+00,    0.24144E+00,    0.91534E+00
    0.38291E+00,   -0.70694E-02,    0.88630E+00
    0.33092E+00,    0.20986E+00,    0.91466E+00
    0.33664E+00,    0.36262E+00,    0.91173E+00
    0.33677E+00,    0.15519E+00,    0.91166E+00
    0.47285E+00,   -0.16252E+00,    0.82837E+00
    0.45696E+00,   -0.14159E+00,    0.83939E+00
    0.40479E+00,   -0.56394E-01,    0.87322E+00
    0.33475E+00,    0.35520E+00,    0.91270E+00
    0.41223E+00,   -0.70835E-01,    0.86862E+00
    0.41782E+00,   -0.81046E-01,    0.86512E+00
    0.46865E+00,   -0.15841E+00,    0.83131E+00
    0.33114E+00,    0.19250E+00,    0.91455E+00
    0.37575E+00,    0.57236E-02,    0.89043E+00
    0.34740E+00,    0.93654E-01,    0.90608E+00
    0.34154E+00,    0.11945E+00,    0.90918E+00
    0.36568E+00,    0.32048E-01,    0.89612E+00
    0.44556E+00,   -0.12748E+00,    0.84710E+00
    0.42080E+00,   -0.89012E-01,    0.86323E+00
    0.44203E+00,   -0.12324E+00,    0.84945E+00
    0.32839E+00,    0.31278E+00,    0.91594E+00
    0.35327E+00,    0.67855E-01,    0.90294E+00
    0.33567E+00,    0.14525E+00,    0.91223E+00
    0.32887E+00,    0.32244E+00,    0.91570E+00
    0.39108E+00,   -0.33869E-01,    0.88149E+00
    0.32635E+00,    0.28800E+00,    0.91697E+00
    0.33464E+00,    0.37151E+00,    0.91276E+00
    0.33087E+00,    0.34582E+00,    0.91468E+00
    0.32562E+00,    0.23383E+00,    0.91733E+00
    0.33334E+00,    0.36667E+00,    0.91343E+00
    0.32612E+00,    0.21809E+00,    0.91708E+00
    0.38236E+00,   -0.17047E-01,    0.88662E+00
    0.32449E+00,    0.26028E+00,    0.91790E+00
    0.47117E+00,   -0.16733E+00,    0.82955E+00
    0.32464E+00,    0.28056E+00,    0.91782E+00
    0.41620E+00,   -0.85504E-01,    0.86614E+00
    0.39716E+00,   -0.49979E-01,    0.87786E+00
    0.32981E+00,    0.17106E+00,    0.91522E+00
    0.34044E+00,    0.10951E+00,    0.90975E+00
    0.44477E+00,   -0.13200E+00,    0.84763E+00
    0.32803E+00,    0.33683E+00,    0.91612E+00
    0.32620E+00,    0.20108E+00,    0.91704E+00
    0.46701E+00,   -0.16318E+00,    0.83245E+00
    0.34630E+00,    0.83715E-01,    0.90667E+00
    0.36553E+00,    0.22066E-01,    0.89620E+00
    0.33458E+00,    0.13531E+00,    0.91279E+00
    0.41974E+00,   -0.93918E-01,    0.86391E+00
    0.32324E+00,    0.27014E+00,    0.91852E+00
    0.44057E+00,   -0.12803E+00,    0.85042E+00
    0.35593E+00,    0.47024E-01,    0.90149E+00
    0.40337E+00,   -0.65827E-01,    0.87409E+00
    0.35217E+00,    0.57915E-01,    0.90353E+00
    0.37383E+00,   -0.36708E-02,    0.89153E+00
    0.32598E+00,    0.18411E+00,    0.91715E+00
    0.32872E+00,    0.16112E+00,    0.91578E+00
    0.41611E+00,   -0.90950E-01,    0.86619E+00
    0.46063E+00,   -0.15832E+00,    0.83687E+00
    0.44576E+00,   -0.13770E+00,    0.84696E+00
    0.41021E+00,   -0.80698E-01,    0.86988E+00
    0.33089E+00,    0.37484E+00,    0.91467E+00
    0.32143E+00,    0.25189E+00,    0.91942E+00
    0.32930E+00,    0.36929E+00,    0.91548E+00
    0.33934E+00,    0.99574E-01,    0.91033E+00
    0.45398E+00,   -0.15088E+00,    0.84142E+00
    0.38229E+00,   -0.27372E-01,    0.88666E+00
    0.33348E+00,    0.12537E+00,    0.91335E+00
    0.32064E+00,    0.24192E+00,    0.91981E+00
    0.32776E+00,    0.36180E+00,    0.91626E+00
    0.32106E+00,    0.22669E+00,    0.91960E+00
    0.46944E+00,   -0.17212E+00,    0.83076E+00
    0.38941E+00,   -0.43719E-01,    0.88248E+00
    0.34521E+00,    0.73775E-01,    0.90725E+00
    0.35636E+00,    0.37103E-01,    0.90126E+00
    0.36520E+00,    0.12089E-01,    0.89639E+00
    0.41861E+00,   -0.98810E-01,    0.86462E+00
    0.46533E+00,   -0.16793E+00,    0.83363E+00
    0.32104E+00,    0.20961E+00,    0.91961E+00
    0.32761E+00,    0.15117E+00,    0.91633E+00
    0.31993E+00,    0.29561E+00,    0.92016E+00
    0.37377E+00,   -0.12276E-01,    0.89156E+00
    0.43905E+00,   -0.13281E+00,    0.85142E+00
    0.41476E+00,   -0.94849E-01,    0.86704E+00
    0.39552E+00,   -0.59815E-01,    0.87884E+00
    0.44781E+00,   -0.14650E+00,    0.84559E+00
    0.31957E+00,    0.30807E+00,    0.92033E+00
    0.32117E+00,    0.19247E+00,    0.91955E+00
    0.32387E+00,    0.35239E+00,    0.91821E+00
    0.32281E+00,    0.34483E+00,    0.91873E+00
    0.31990E+00,    0.31806E+00,    0.92017E+00
    0.33238E+00,    0.11543E+00,    0.91391E+00
    0.35699E+00,    0.27140E-01,    0.90092E+00
    0.33825E+00,    0.89635E-01,    0.91090E+00
    0.32055E+00,    0.32797E+00,    0.91985E+00
    0.32712E+00,    0.37814E+00,    0.91658E+00
    0.32175E+00,    0.17697E+00,    0.91926E+00
    0.40172E+00,   -0.75224E-01,    0.87509E+00
    0.32584E+00,    0.37329E+00,    0.91722E+00
    0.36560E+00,    0.19828E-02,    0.89616E+00
    0.32652E+00,    0.14123E+00,    0.91688E+00
    0.34411E+00,    0.63836E-01,    0.90783E+00
    0.41743E+00,   -0.10369E+00,    0.86536E+00
    0.31653E+00,    0.28637E+00,    0.92183E+00
    0.38173E+00,   -0.37328E-01,    0.88698E+00
    0.44158E+00,   -0.14163E+00,    0.84975E+00
    0.46766E+00,   -0.17690E+00,    0.83200E+00
    0.37454E+00,   -0.22073E-01,    0.89112E+00
    0.34699E+00,    0.51447E-01,    0.90631E+00
    0.31553E+00,    0.27648E+00,    0.92231E+00
    0.40905E+00,   -0.91465E-01,    0.87060E+00
    0.46359E+00,   -0.17266E+00,    0.83483E+00
    0.31616E+00,    0.21830E+00,    0.92201E+00
    0.43748E+00,   -0.13757E+00,    0.85246E+00
    0.32066E+00,    0.16703E+00,    0.91980E+00
    0.38779E+00,   -0.53472E-01,    0.88343E+00
    0.41295E+00,   -0.10002E+00,    0.86817E+00
    0.33128E+00,    0.10549E+00,    0.91447E+00
    0.31387E+00,    0.26668E+00,    0.92312E+00
    0.35675E+00,    0.17417E-01,    0.90105E+00
    0.33715E+00,    0.79695E-01,    0.91146E+00
    0.31621E+00,    0.20086E+00,    0.92198E+00
    0.32542E+00,    0.13129E+00,    0.91743E+00
    0.31382E+00,    0.23645E+00,    0.92314E+00
    0.31319E+00,    0.25751E+00,    0.92345E+00
    0.34769E+00,    0.41489E-01,    0.90593E+00
    0.32331E+00,    0.38140E+00,    0.91848E+00
    0.39418E+00,   -0.69697E-01,    0.87965E+00
    0.41619E+00,   -0.10855E+00,    0.86614E+00
    0.45085E+00,   -0.16037E+00,    0.84354E+00
    0.31241E+00,    0.24760E+00,    0.92382E+00
    0.32183E+00,    0.37582E+00,    0.91922E+00
    0.36479E+00,   -0.78964E-02,    0.89662E+00
    0.31955E+00,    0.15709E+00,    0.92034E+00
    0.43952E+00,   -0.14573E+00,    0.85111E+00
    0.32006E+00,    0.36836E+00,    0.92009E+00
    0.46253E+00,   -0.17713E+00,    0.83557E+00
    0.41251E+00,   -0.10474E+00,    0.86844E+00
    0.46583E+00,   -0.18166E+00,    0.83328E+00
    0.33019E+00,    0.95555E-01,    0.91503E+00
    0.35725E+00,    0.74436E-02,    0.90077E+00
    0.43585E+00,   -0.14231E+00,    0.85353E+00
    0.31513E+00,    0.33959E+00,    0.92251E+00
    0.32432E+00,    0.12135E+00,    0.91798E+00
    0.37343E+00,   -0.31953E-01,    0.89175E+00
    0.39985E+00,   -0.84580E-01,    0.87623E+00
    0.31616E+00,    0.34952E+00,    0.92200E+00
    0.31113E+00,    0.22687E+00,    0.92443E+00
    0.34808E+00,    0.31527E-01,    0.90572E+00
    0.38006E+00,   -0.47180E-01,    0.88795E+00
    0.33605E+00,    0.69756E-01,    0.91203E+00
    0.31674E+00,    0.35881E+00,    0.92172E+00
    0.31034E+00,    0.29337E+00,    0.92481E+00
    0.31369E+00,    0.18289E+00,    0.92320E+00
    0.31846E+00,    0.14715E+00,    0.92088E+00
    0.31076E+00,    0.30335E+00,    0.92461E+00
    0.31105E+00,    0.20971E+00,    0.92447E+00
    0.31108E+00,    0.31334E+00,    0.92446E+00
    0.45558E+00,   -0.17233E+00,    0.84034E+00
    0.36552E+00,   -0.17859E-01,    0.89621E+00
    0.41490E+00,   -0.11340E+00,    0.86696E+00
    0.31176E+00,    0.32336E+00,    0.92413E+00
    0.38634E+00,   -0.63497E-01,    0.88429E+00
    0.31947E+00,    0.38463E+00,    0.92038E+00
    0.31804E+00,    0.37978E+00,    0.92108E+00
    0.34897E+00,    0.21635E-01,    0.90525E+00
    0.32322E+00,    0.11141E+00,    0.91853E+00
    0.43817E+00,   -0.15118E+00,    0.85200E+00
    0.32909E+00,    0.85615E-01,    0.91559E+00
    0.31259E+00,    0.17295E+00,    0.92373E+00
    0.30755E+00,    0.28210E+00,    0.92614E+00
    0.41051E+00,   -0.10963E+00,    0.86969E+00
    0.46396E+00,   -0.18640E+00,    0.83458E+00
    0.40549E+00,   -0.10182E+00,    0.87279E+00
    0.39283E+00,   -0.79446E-01,    0.88045E+00
    0.31736E+00,    0.13721E+00,    0.92142E+00
    0.35677E+00,   -0.25232E-02,    0.90103E+00
    0.43416E+00,   -0.14702E+00,    0.85463E+00
    0.45997E+00,   -0.18208E+00,    0.83733E+00
    0.37333E+00,   -0.41838E-01,    0.89181E+00
    0.33495E+00,    0.59816E-01,    0.91260E+00
    0.40022E+00,   -0.94004E-01,    0.87601E+00
    0.30635E+00,    0.27318E+00,    0.92671E+00
    0.33880E+00,    0.46060E-01,    0.91061E+00
    0.36551E+00,   -0.26235E-01,    0.89621E+00
    0.30551E+00,    0.26366E+00,    0.92710E+00
    0.44244E+00,   -0.16101E+00,    0.84918E+00
    0.41354E+00,   -0.11824E+00,    0.86780E+00
    0.30617E+00,    0.21820E+00,    0.92679E+00
    0.31149E+00,    0.16301E+00,    0.92426E+00
    0.31519E+00,    0.38276E+00,    0.92248E+00
    0.37846E+00,   -0.57045E-01,    0.88887E+00
    0.30701E+00,    0.19865E+00,    0.92640E+00
    0.32213E+00,    0.10147E+00,    0.91907E+00
    0.30431E+00,    0.25304E+00,    0.92767E+00
    0.40997E+00,   -0.11438E+00,    0.87003E+00
    0.31560E+00,    0.38781E+00,    0.92227E+00
    0.34839E+00,    0.11957E-01,    0.90556E+00
    0.32799E+00,    0.75676E-01,    0.91614E+00
    0.31626E+00,    0.12727E+00,    0.92195E+00
    0.35743E+00,   -0.12148E-01,    0.90068E+00
    0.33931E+00,    0.36080E-01,    0.91034E+00
    0.30330E+00,    0.24410E+00,    0.92814E+00
    0.31244E+00,    0.37625E+00,    0.92381E+00
    0.38492E+00,   -0.73387E-01,    0.88512E+00
    0.43564E+00,   -0.15619E+00,    0.85366E+00
    0.43242E+00,   -0.15172E+00,    0.85576E+00
    0.46203E+00,   -0.19112E+00,    0.83591E+00
    0.31040E+00,    0.15307E+00,    0.92478E+00
    0.30256E+00,    0.23414E+00,    0.92849E+00
    0.30563E+00,    0.18881E+00,    0.92705E+00
    0.45845E+00,   -0.18744E+00,    0.83838E+00
    0.30707E+00,    0.34549E+00,    0.92637E+00
    0.30948E+00,    0.36509E+00,    0.92522E+00
    0.30802E+00,    0.35522E+00,    0.92592E+00
    0.36535E+00,   -0.36002E-01,    0.89630E+00
    0.44339E+00,   -0.16864E+00,    0.84855E+00
    0.41214E+00,   -0.12306E+00,    0.86868E+00
    0.30541E+00,    0.33564E+00,    0.92715E+00
    0.34911E+00,    0.20384E-02,    0.90518E+00
    0.34018E+00,    0.26240E-01,    0.90989E+00
    0.32103E+00,    0.91535E-01,    0.91962E+00
    0.30192E+00,    0.29874E+00,    0.92879E+00
    0.31516E+00,    0.11733E+00,    0.92249E+00
    0.30228E+00,    0.30860E+00,    0.92862E+00
    0.30302E+00,    0.31852E+00,    0.92827E+00
    0.32689E+00,    0.65736E-01,    0.91669E+00
    0.30105E+00,    0.22441E+00,    0.92919E+00
    0.37077E+00,   -0.51021E-01,    0.89326E+00
    0.30453E+00,    0.17887E+00,    0.92756E+00
    0.30318E+00,    0.32847E+00,    0.92820E+00
    0.40784E+00,   -0.11919E+00,    0.87135E+00
    0.40306E+00,   -0.11143E+00,    0.87428E+00
    0.39144E+00,   -0.91653E-01,    0.88128E+00
    0.30930E+00,    0.14313E+00,    0.92531E+00
    0.31170E+00,    0.39095E+00,    0.92416E+00
    0.31038E+00,    0.38533E+00,    0.92479E+00
    0.35686E+00,   -0.22038E-01,    0.90099E+00
    0.29975E+00,    0.28803E+00,    0.92979E+00
    0.43454E+00,   -0.16065E+00,    0.85438E+00
    0.37730E+00,   -0.66955E-01,    0.88954E+00
    0.34085E+00,    0.16338E-01,    0.90954E+00
    0.45697E+00,   -0.19132E+00,    0.83939E+00
    0.43063E+00,   -0.15640E+00,    0.85693E+00
    0.29961E+00,    0.21462E+00,    0.92986E+00
    0.29826E+00,    0.27900E+00,    0.93049E+00
    0.46006E+00,   -0.19581E+00,    0.83727E+00
    0.31407E+00,    0.10740E+00,    0.92302E+00
    0.41067E+00,   -0.12786E+00,    0.86959E+00
    0.30343E+00,    0.16893E+00,    0.92808E+00
    0.39547E+00,   -0.10315E+00,    0.87887E+00
    0.31993E+00,    0.81596E-01,    0.92016E+00
    0.29721E+00,    0.26920E+00,    0.93097E+00
    0.38349E+00,   -0.82798E-01,    0.88596E+00
    0.30820E+00,    0.13319E+00,    0.92583E+00
    0.34846E+00,   -0.79200E-02,    0.90552E+00
    0.36469E+00,   -0.45865E-01,    0.89667E+00
    0.29880E+00,    0.20466E+00,    0.93024E+00
    0.29653E+00,    0.25930E+00,    0.93128E+00
    0.32580E+00,    0.55796E-01,    0.91724E+00
    0.44412E+00,   -0.17817E+00,    0.84806E+00
    0.45010E+00,   -0.18618E+00,    0.84405E+00
    0.40642E+00,   -0.12394E+00,    0.87222E+00
    0.33028E+00,    0.40357E-01,    0.91498E+00
    0.43476E+00,   -0.16606E+00,    0.85424E+00
    0.35677E+00,   -0.30976E-01,    0.90104E+00
    0.30716E+00,    0.38881E+00,    0.92632E+00
    0.37022E+00,   -0.60775E-01,    0.89357E+00
    0.30234E+00,    0.15899E+00,    0.92859E+00
    0.30776E+00,    0.39406E+00,    0.92604E+00
    0.29788E+00,    0.19472E+00,    0.93066E+00
    0.29497E+00,    0.24950E+00,    0.93199E+00
    0.31297E+00,    0.97456E-01,    0.92355E+00
    0.34011E+00,    0.63760E-02,    0.90993E+00
    0.42878E+00,   -0.16106E+00,    0.85812E+00
    0.30711E+00,    0.12325E+00,    0.92635E+00
    0.29435E+00,    0.23981E+00,    0.93228E+00
    0.31883E+00,    0.71656E-01,    0.92070E+00
    0.34861E+00,   -0.16500E-01,    0.90544E+00
    0.33112E+00,    0.30400E-01,    0.91456E+00
    0.40915E+00,   -0.13264E+00,    0.87053E+00
    0.29961E+00,    0.35181E+00,    0.92986E+00
    0.30210E+00,    0.37122E+00,    0.92870E+00
    0.45804E+00,   -0.20049E+00,    0.83865E+00
    0.45419E+00,   -0.19606E+00,    0.84128E+00
    0.30026E+00,    0.36149E+00,    0.92956E+00
    0.29775E+00,    0.34204E+00,    0.93072E+00
    0.39994E+00,   -0.11942E+00,    0.87617E+00
    0.30337E+00,    0.38222E+00,    0.92811E+00
    0.37564E+00,   -0.76787E-01,    0.89049E+00
    0.35793E+00,   -0.40515E-01,    0.90041E+00
    0.30124E+00,    0.14905E+00,    0.92910E+00
    0.29648E+00,    0.18479E+00,    0.93130E+00
    0.40548E+00,   -0.12925E+00,    0.87280E+00
    0.32470E+00,    0.45857E-01,    0.91779E+00
    0.29382E+00,    0.30438E+00,    0.93251E+00
    0.29279E+00,    0.22995E+00,    0.93298E+00
    0.29416E+00,    0.31435E+00,    0.93236E+00
    0.43657E+00,   -0.17533E+00,    0.85306E+00
    0.29457E+00,    0.32347E+00,    0.93217E+00
    0.33188E+00,    0.20702E-01,    0.91417E+00
    0.29514E+00,    0.33343E+00,    0.93191E+00
    0.34019E+00,   -0.24451E-02,    0.90988E+00
    0.31187E+00,    0.87516E-01,    0.92408E+00
    0.29197E+00,    0.29428E+00,    0.93335E+00
    0.30601E+00,    0.11332E+00,    0.92687E+00
    0.38194E+00,   -0.92659E-01,    0.88686E+00
    0.29204E+00,    0.22020E+00,    0.93332E+00
    0.30380E+00,    0.39712E+00,    0.92791E+00
    0.39296E+00,   -0.11235E+00,    0.88038E+00
    0.30260E+00,    0.39147E+00,    0.92847E+00
    0.43069E+00,   -0.17004E+00,    0.85688E+00
    0.29538E+00,    0.17486E+00,    0.93181E+00
    0.31774E+00,    0.61717E-01,    0.92123E+00
    0.36185E+00,   -0.55414E-01,    0.89825E+00
    0.30014E+00,    0.13911E+00,    0.92961E+00
    0.29043E+00,    0.28448E+00,    0.93405E+00
    0.40758E+00,   -0.13741E+00,    0.87151E+00
    0.42688E+00,   -0.16570E+00,    0.85935E+00
    0.34815E+00,   -0.26427E-01,    0.90568E+00
    0.40411E+00,   -0.13311E+00,    0.87364E+00
    0.28948E+00,    0.27453E+00,    0.93447E+00
    0.36793E+00,   -0.70430E-01,    0.89486E+00
    0.45597E+00,   -0.20515E+00,    0.84007E+00
    0.29060E+00,    0.21031E+00,    0.93397E+00
    0.45217E+00,   -0.20068E+00,    0.84265E+00
    0.38629E+00,   -0.10494E+00,    0.88432E+00
    0.33187E+00,    0.11967E-01,    0.91417E+00
    0.28842E+00,    0.26460E+00,    0.93495E+00
    0.29428E+00,    0.16492E+00,    0.93231E+00
    0.30491E+00,    0.10338E+00,    0.92739E+00
    0.31078E+00,    0.77576E-01,    0.92460E+00
    0.44018E+00,   -0.18735E+00,    0.85067E+00
    0.28744E+00,    0.25596E+00,    0.93538E+00
    0.33987E+00,   -0.12357E-01,    0.91005E+00
    0.28975E+00,    0.20051E+00,    0.93435E+00
    0.29905E+00,    0.12917E+00,    0.93012E+00
    0.37430E+00,   -0.86667E-01,    0.89126E+00
    0.35503E+00,   -0.48308E-01,    0.90198E+00
    0.44645E+00,   -0.19660E+00,    0.84650E+00
    0.28689E+00,    0.24604E+00,    0.93563E+00
    0.29928E+00,    0.39495E+00,    0.93001E+00
    0.32218E+00,    0.34837E-01,    0.91905E+00
    0.31664E+00,    0.51777E-01,    0.92177E+00
    0.29980E+00,    0.40015E+00,    0.92977E+00
    0.42835E+00,   -0.17398E+00,    0.85840E+00
    0.39838E+00,   -0.13032E+00,    0.87712E+00
    0.40594E+00,   -0.14216E+00,    0.87251E+00
    0.42492E+00,   -0.17031E+00,    0.86060E+00
    0.29318E+00,    0.15497E+00,    0.93280E+00
    0.29221E+00,    0.35807E+00,    0.93325E+00
    0.36080E+00,   -0.63878E-01,    0.89883E+00
    0.29460E+00,    0.37720E+00,    0.93216E+00
    0.28839E+00,    0.19062E+00,    0.93496E+00
    0.29032E+00,    0.34833E+00,    0.93410E+00
    0.34862E+00,   -0.39241E-01,    0.90544E+00
    0.29267E+00,    0.36797E+00,    0.93304E+00
    0.28507E+00,    0.23628E+00,    0.93643E+00
    0.33130E+00,    0.20261E-02,    0.91447E+00
    0.40119E+00,   -0.13779E+00,    0.87541E+00
    0.29795E+00,    0.11924E+00,    0.93063E+00
    0.45386E+00,   -0.20979E+00,    0.84151E+00
    0.45010E+00,   -0.20527E+00,    0.84405E+00
    0.32287E+00,    0.24878E-01,    0.91871E+00
    0.34053E+00,   -0.22253E-01,    0.90971E+00
    0.28844E+00,    0.33858E+00,    0.93494E+00
    0.29553E+00,    0.38856E+00,    0.93174E+00
    0.28541E+00,    0.30974E+00,    0.93628E+00
    0.39023E+00,   -0.12149E+00,    0.88200E+00
    0.28443E+00,    0.22635E+00,    0.93671E+00
    0.28560E+00,    0.31930E+00,    0.93620E+00
    0.28734E+00,    0.18079E+00,    0.93543E+00
    0.29208E+00,    0.14503E+00,    0.93330E+00
    0.28627E+00,    0.32887E+00,    0.93590E+00
    0.36639E+00,   -0.80558E-01,    0.89572E+00
    0.28377E+00,    0.29990E+00,    0.93701E+00
    0.28292E+00,    0.29016E+00,    0.93738E+00
    0.40426E+00,   -0.14689E+00,    0.87355E+00
    0.32373E+00,    0.14932E-01,    0.91828E+00
    0.29469E+00,    0.39746E+00,    0.93212E+00
    0.29578E+00,    0.40313E+00,    0.93162E+00
    0.33202E+00,   -0.79031E-02,    0.91410E+00
    0.42663E+00,   -0.17933E+00,    0.85951E+00
    0.28279E+00,    0.21654E+00,    0.93743E+00
    0.38329E+00,   -0.11445E+00,    0.88607E+00
    0.42292E+00,   -0.17490E+00,    0.86189E+00
    0.37278E+00,   -0.96479E-01,    0.89212E+00
    0.28135E+00,    0.28030E+00,    0.93806E+00
    0.35281E+00,   -0.57902E-01,    0.90319E+00
    0.40019E+00,   -0.14277E+00,    0.87602E+00
    0.28591E+00,    0.17090E+00,    0.93606E+00
    0.44872E+00,   -0.20965E+00,    0.84498E+00
    0.29099E+00,    0.13509E+00,    0.93380E+00
    0.35982E+00,   -0.73515E-01,    0.89937E+00
    0.28037E+00,    0.27051E+00,    0.93849E+00
    0.34018E+00,   -0.31937E-01,    0.90989E+00
    0.28203E+00,    0.20661E+00,    0.93777E+00
    0.30290E+00,    0.77556E-01,    0.92833E+00
    0.43031E+00,   -0.18707E+00,    0.85713E+00
    0.30532E+00,    0.67391E-01,    0.92719E+00
    0.30014E+00,    0.87634E-01,    0.92962E+00
    0.45170E+00,   -0.21440E+00,    0.84297E+00
    0.37653E+00,   -0.10709E+00,    0.88998E+00
    0.43627E+00,   -0.19629E+00,    0.85325E+00
    0.27887E+00,    0.26063E+00,    0.93914E+00
    0.44213E+00,   -0.20437E+00,    0.84938E+00
    0.27869E+00,    0.25165E+00,    0.93922E+00
    0.32294E+00,    0.74975E-02,    0.91867E+00
    0.28512E+00,    0.16089E+00,    0.93641E+00
    0.40252E+00,   -0.15160E+00,    0.87461E+00
    0.29133E+00,    0.40081E+00,    0.93364E+00
    0.28052E+00,    0.19677E+00,    0.93843E+00
    0.29362E+00,    0.10749E+00,    0.93261E+00
    0.33156E+00,   -0.17876E-01,    0.91433E+00
    0.39920E+00,   -0.14717E+00,    0.87662E+00
    0.27772E+00,    0.24170E+00,    0.93964E+00
    0.28611E+00,    0.37309E+00,    0.93597E+00
    0.30603E+00,    0.55690E-01,    0.92686E+00
    0.28321E+00,    0.35377E+00,    0.93725E+00
    0.42451E+00,   -0.18394E+00,    0.86086E+00
    0.36498E+00,   -0.90246E-01,    0.89651E+00
    0.29172E+00,    0.40608E+00,    0.93347E+00
    0.34548E+00,   -0.51148E-01,    0.90710E+00
    0.28201E+00,    0.34507E+00,    0.93777E+00
    0.30988E+00,    0.41675E-01,    0.92503E+00
    0.42085E+00,   -0.17947E+00,    0.86320E+00
    0.28406E+00,    0.36371E+00,    0.93688E+00
    0.28698E+00,    0.38303E+00,    0.93559E+00
    0.29433E+00,    0.98594E-01,    0.93228E+00
    0.27817E+00,    0.31599E+00,    0.93944E+00
    0.27962E+00,    0.18696E+00,    0.93881E+00
    0.28402E+00,    0.15095E+00,    0.93689E+00
    0.27625E+00,    0.23201E+00,    0.94026E+00
    0.27860E+00,    0.32586E+00,    0.93925E+00
    0.28781E+00,    0.39407E+00,    0.93522E+00
    0.35169E+00,   -0.67821E-01,    0.90379E+00
    0.27907E+00,    0.33573E+00,    0.93905E+00
    0.44582E+00,   -0.21441E+00,    0.84692E+00
    0.44949E+00,   -0.21900E+00,    0.84446E+00
    0.31092E+00,    0.31562E-01,    0.92453E+00
    0.39358E+00,   -0.14338E+00,    0.88000E+00
    0.32302E+00,   -0.35727E-02,    0.91863E+00
    0.35833E+00,   -0.83031E-01,    0.90018E+00
    0.27613E+00,    0.30631E+00,    0.94032E+00
    0.27540E+00,    0.29641E+00,    0.94063E+00
    0.27541E+00,    0.22206E+00,    0.94063E+00
    0.33170E+00,   -0.26788E-01,    0.91426E+00
    0.38058E+00,   -0.12404E+00,    0.88765E+00
    0.40072E+00,   -0.15628E+00,    0.87570E+00
    0.28578E+00,    0.12686E+00,    0.93612E+00
    0.38610E+00,   -0.13417E+00,    0.88443E+00
    0.27808E+00,    0.17711E+00,    0.93948E+00
    0.28719E+00,    0.11732E+00,    0.93549E+00
    0.27363E+00,    0.28663E+00,    0.94138E+00
    0.32441E+00,   -0.12454E-01,    0.91793E+00
    0.39675E+00,   -0.15207E+00,    0.87810E+00
    0.28666E+00,    0.40329E+00,    0.93573E+00
    0.42235E+00,   -0.18852E+00,    0.86225E+00
    0.31177E+00,    0.21433E-01,    0.92413E+00
    0.28763E+00,    0.40898E+00,    0.93530E+00
    0.29628E+00,    0.73229E-01,    0.93139E+00
    0.41874E+00,   -0.18401E+00,    0.86454E+00
    0.27273E+00,    0.27671E+00,    0.94176E+00
    0.29367E+00,    0.83088E-01,    0.93258E+00
    0.27391E+00,    0.21237E+00,    0.94126E+00
    0.29856E+00,    0.63287E-01,    0.93035E+00
    0.29456E+00,    0.77509E-01,    0.93218E+00
    0.29699E+00,    0.67623E-01,    0.93107E+00
    0.29073E+00,    0.92854E-01,    0.93391E+00
    0.37360E+00,   -0.11689E+00,    0.89165E+00
    0.36287E+00,   -0.97906E-01,    0.89768E+00
    0.33675E+00,   -0.45379E-01,    0.91167E+00
    0.29181E+00,    0.87308E-01,    0.93343E+00
    0.34406E+00,   -0.61439E-01,    0.90786E+00
    0.33248E+00,   -0.36741E-01,    0.91386E+00
    0.29894E+00,    0.57743E-01,    0.93017E+00
    0.28138E+00,    0.13634E+00,    0.93805E+00
    0.28792E+00,    0.10199E+00,    0.93517E+00
    0.27109E+00,    0.26689E+00,    0.94246E+00
    0.29982E+00,    0.53684E-01,    0.92976E+00
    0.30136E+00,    0.48247E-01,    0.92905E+00
    0.27055E+00,    0.25746E+00,    0.94268E+00
    0.27271E+00,    0.20301E+00,    0.94177E+00
    0.35052E+00,   -0.76934E-01,    0.90442E+00
    0.44723E+00,   -0.22357E+00,    0.84598E+00
    0.28828E+00,    0.97100E-01,    0.93501E+00
    0.43219E+00,   -0.20541E+00,    0.85591E+00
    0.27596E+00,    0.16637E+00,    0.94039E+00
    0.31213E+00,    0.11886E-01,    0.92395E+00
    0.39887E+00,   -0.16095E+00,    0.87682E+00
    0.28533E+00,    0.10660E+00,    0.93632E+00
    0.26958E+00,    0.24751E+00,    0.94309E+00
    0.30160E+00,    0.42601E-01,    0.92894E+00
    0.30280E+00,    0.38150E-01,    0.92838E+00
    0.42568E+00,   -0.19870E+00,    0.86012E+00
    0.28388E+00,    0.11207E+00,    0.93696E+00
    0.27187E+00,    0.19305E+00,    0.94212E+00
    0.39530E+00,   -0.15736E+00,    0.87897E+00
    0.27304E+00,    0.34072E+00,    0.94163E+00
    0.27799E+00,    0.37889E+00,    0.93952E+00
    0.36457E+00,   -0.10766E+00,    0.89674E+00
    0.44241E+00,   -0.22078E+00,    0.84920E+00
    0.27662E+00,    0.37025E+00,    0.94011E+00
    0.28260E+00,    0.40614E+00,    0.93752E+00
    0.35605E+00,   -0.92575E-01,    0.90143E+00
    0.27371E+00,    0.35058E+00,    0.94135E+00
    0.27924E+00,    0.38871E+00,    0.93898E+00
    0.41657E+00,   -0.18853E+00,    0.86590E+00
    0.26842E+00,    0.23815E+00,    0.94357E+00
    0.28352E+00,    0.41185E+00,    0.93711E+00
    0.32297E+00,   -0.22470E-01,    0.91865E+00
    0.27462E+00,    0.36047E+00,    0.94096E+00
    0.30285E+00,    0.32500E-01,    0.92835E+00
    0.27008E+00,    0.32166E+00,    0.94288E+00
    0.41936E+00,   -0.19328E+00,    0.86414E+00
    0.28048E+00,    0.12087E+00,    0.93844E+00
    0.28033E+00,    0.39859E+00,    0.93851E+00
    0.29062E+00,    0.74413E-01,    0.93396E+00
    0.26916E+00,    0.31173E+00,    0.94326E+00
    0.29183E+00,    0.69546E-01,    0.93342E+00
    0.28934E+00,    0.79259E-01,    0.93453E+00
    0.30391E+00,    0.28011E-01,    0.92786E+00
    0.28117E+00,    0.11597E+00,    0.93814E+00
    0.29295E+00,    0.64660E-01,    0.93291E+00
    0.28798E+00,    0.84082E-01,    0.93514E+00
    0.27053E+00,    0.33155E+00,    0.94269E+00
    0.29399E+00,    0.59756E-01,    0.93244E+00
    0.28653E+00,    0.88883E-01,    0.93579E+00
    0.31235E+00,    0.16534E-02,    0.92385E+00
    0.33568E+00,   -0.55321E-01,    0.91222E+00
    0.29495E+00,    0.54835E-01,    0.93200E+00
    0.27039E+00,    0.18320E+00,    0.94275E+00
    0.28501E+00,    0.93658E-01,    0.93646E+00
    0.26700E+00,    0.22826E+00,    0.94416E+00
    0.26733E+00,    0.30219E+00,    0.94403E+00
    0.43634E+00,   -0.21728E+00,    0.85320E+00
    0.29582E+00,    0.49899E-01,    0.93160E+00
    0.28340E+00,    0.98407E-01,    0.93717E+00
    0.34252E+00,   -0.71271E-01,    0.90867E+00
    0.26633E+00,    0.29225E+00,    0.94444E+00
    0.39696E+00,   -0.16559E+00,    0.87797E+00
    0.27757E+00,    0.12542E+00,    0.93970E+00
    0.39387E+00,   -0.16119E+00,    0.87983E+00
    0.30377E+00,    0.22362E-01,    0.92792E+00
    0.29661E+00,    0.44949E-01,    0.93124E+00
    0.27393E+00,    0.14589E+00,    0.94126E+00
    0.28172E+00,    0.10313E+00,    0.93790E+00
    0.26610E+00,    0.21854E+00,    0.94453E+00
    0.34877E+00,   -0.85794E-01,    0.90536E+00
    0.30467E+00,    0.17840E-01,    0.92750E+00
    0.27576E+00,    0.13078E+00,    0.94048E+00
    0.32350E+00,   -0.32391E-01,    0.91839E+00
    0.29732E+00,    0.39986E-01,    0.93092E+00
    0.27995E+00,    0.10782E+00,    0.93867E+00
    0.26469E+00,    0.28258E+00,    0.94512E+00
    0.27165E+00,    0.15483E+00,    0.94222E+00
    0.38904E+00,   -0.15632E+00,    0.88270E+00
    0.26886E+00,    0.17336E+00,    0.94339E+00
    0.27869E+00,    0.40970E+00,    0.93922E+00
    0.29795E+00,    0.35012E-01,    0.93063E+00
    0.41785E+00,   -0.19762E+00,    0.86510E+00
    0.41435E+00,   -0.19302E+00,    0.86730E+00
    0.27811E+00,    0.11249E+00,    0.93947E+00
    0.36448E+00,   -0.11765E+00,    0.89679E+00
    0.35596E+00,   -0.10257E+00,    0.90148E+00
    0.27938E+00,    0.41467E+00,    0.93892E+00
    0.26337E+00,    0.27323E+00,    0.94566E+00
    0.28600E+00,    0.75484E-01,    0.93602E+00
    0.42877E+00,   -0.21291E+00,    0.85813E+00
    0.26463E+00,    0.20866E+00,    0.94514E+00
    0.27322E+00,    0.13463E+00,    0.94156E+00
    0.29849E+00,    0.30029E-01,    0.93038E+00
    0.28660E+00,    0.71332E-01,    0.93575E+00
    0.30435E+00,    0.12199E-01,    0.92765E+00
    0.27620E+00,    0.11712E+00,    0.94029E+00
    0.31250E+00,   -0.10448E-01,    0.92378E+00
    0.26242E+00,    0.26328E+00,    0.94604E+00
    0.28267E+00,    0.85604E-01,    0.93749E+00
    0.28157E+00,    0.89525E-01,    0.93797E+00
    0.28731E+00,    0.65938E-01,    0.93544E+00
    0.28365E+00,    0.80253E-01,    0.93706E+00
    0.30510E+00,    0.76492E-02,    0.92730E+00
    0.38112E+00,   -0.14817E+00,    0.88734E+00
    0.28838E+00,    0.61128E-01,    0.93497E+00
    0.27123E+00,    0.13992E+00,    0.94239E+00
    0.29895E+00,    0.25037E-01,    0.93016E+00
    0.32761E+00,   -0.49417E-01,    0.91633E+00
    0.27420E+00,    0.12172E+00,    0.94114E+00
    0.26145E+00,    0.25333E+00,    0.94644E+00
    0.33460E+00,   -0.65261E-01,    0.91278E+00
    0.37536E+00,   -0.14008E+00,    0.89065E+00
    0.39500E+00,   -0.17022E+00,    0.87915E+00
    0.26368E+00,    0.19877E+00,    0.94553E+00
    0.29026E+00,    0.51458E-01,    0.93412E+00
    0.27927E+00,    0.94366E-01,    0.93897E+00
    0.29141E+00,    0.47160E-01,    0.93360E+00
    0.28874E+00,    0.55872E-01,    0.93480E+00
    0.27676E+00,    0.10438E+00,    0.94005E+00
    0.34910E+00,   -0.95707E-01,    0.90518E+00
    0.34152E+00,   -0.81171E-01,    0.90919E+00
    0.39118E+00,   -0.16587E+00,    0.88143E+00
    0.29933E+00,    0.20038E-01,    0.92999E+00
    0.27765E+00,    0.99020E-01,    0.93966E+00
    0.26048E+00,    0.24338E+00,    0.94683E+00
    0.27213E+00,    0.12628E+00,    0.94202E+00
    0.26632E+00,    0.16382E+00,    0.94444E+00
    0.26762E+00,    0.36605E+00,    0.94390E+00
    0.26509E+00,    0.34658E+00,    0.94495E+00
    0.26393E+00,    0.33668E+00,    0.94543E+00
    0.26875E+00,    0.37592E+00,    0.94344E+00
    0.27354E+00,    0.40411E+00,    0.94142E+00
    0.27002E+00,    0.38489E+00,    0.94290E+00
    0.26572E+00,    0.35649E+00,    0.94469E+00
    0.42094E+00,   -0.20839E+00,    0.86315E+00
    0.27489E+00,    0.10800E+00,    0.94085E+00
    0.30452E+00,    0.23531E-02,    0.92757E+00
    0.26282E+00,    0.18881E+00,    0.94588E+00
    0.26171E+00,    0.31838E+00,    0.94633E+00
    0.27139E+00,    0.39423E+00,    0.94233E+00
    0.26813E+00,    0.14363E+00,    0.94369E+00
    0.41208E+00,   -0.19749E+00,    0.86872E+00
    0.27440E+00,    0.41173E+00,    0.94105E+00
    0.29962E+00,    0.15033E-01,    0.92985E+00
    0.29110E+00,    0.41710E-01,    0.93375E+00
    0.25951E+00,    0.23342E+00,    0.94723E+00
    0.29247E+00,    0.36848E-01,    0.93313E+00
    0.26192E+00,    0.32727E+00,    0.94625E+00
    0.26998E+00,    0.13081E+00,    0.94292E+00
    0.29356E+00,    0.32495E-01,    0.93264E+00
    0.27521E+00,    0.41745E+00,    0.94071E+00
    0.26696E+00,    0.14841E+00,    0.94418E+00
    0.35587E+00,   -0.11257E+00,    0.90153E+00
    0.30519E+00,   -0.25500E-02,    0.92726E+00
    0.36439E+00,   -0.12765E+00,    0.89684E+00
    0.25974E+00,    0.30859E+00,    0.94713E+00
    0.27234E+00,    0.11281E+00,    0.94193E+00
    0.27116E+00,    0.11743E+00,    0.94242E+00
    0.29983E+00,    0.10024E-01,    0.92976E+00
    0.26776E+00,    0.13530E+00,    0.94385E+00
    0.31633E+00,   -0.34088E-01,    0.92192E+00
    0.29354E+00,    0.27055E-01,    0.93264E+00
    0.25793E+00,    0.22420E+00,    0.94786E+00
    0.39299E+00,   -0.17481E+00,    0.88036E+00
    0.25795E+00,    0.29877E+00,    0.94785E+00
    0.41465E+00,   -0.20475E+00,    0.86711E+00
    0.29468E+00,    0.22116E-01,    0.93213E+00
    0.31953E+00,   -0.43514E-01,    0.92035E+00
    0.32653E+00,   -0.59359E-01,    0.91688E+00
    0.25697E+00,    0.28887E+00,    0.94824E+00
    0.38922E+00,   -0.17042E+00,    0.88259E+00
    0.25772E+00,    0.21426E+00,    0.94794E+00
    0.27979E+00,    0.72164E-01,    0.93874E+00
    0.29996E+00,    0.50129E-02,    0.92970E+00
    0.33356E+00,   -0.75148E-01,    0.91331E+00
    0.27648E+00,    0.84680E-01,    0.94017E+00
    0.26362E+00,    0.15258E+00,    0.94555E+00
    0.31158E+00,   -0.26094E-01,    0.92422E+00
    0.26546E+00,    0.13976E+00,    0.94480E+00
    0.26842E+00,    0.12185E+00,    0.94357E+00
    0.30436E+00,   -0.80469E-02,    0.92764E+00
    0.26070E+00,    0.17262E+00,    0.94674E+00
    0.26703E+00,    0.12651E+00,    0.94415E+00
    0.34049E+00,   -0.90786E-01,    0.90973E+00
    0.25536E+00,    0.27901E+00,    0.94888E+00
    0.28158E+00,    0.60272E-01,    0.93796E+00
    0.29428E+00,    0.17231E-01,    0.93231E+00
    0.40975E+00,   -0.20193E+00,    0.87016E+00
    0.38348E+00,   -0.16520E+00,    0.88596E+00
    0.27026E+00,    0.41446E+00,    0.94280E+00
    0.30000E+00,   -0.11468E-09,    0.92968E+00
    0.26128E+00,    0.15772E+00,    0.94651E+00
    0.26309E+00,    0.14417E+00,    0.94577E+00
    0.25429E+00,    0.26910E+00,    0.94931E+00
    0.30420E+00,   -0.12278E-01,    0.92772E+00
    0.27101E+00,    0.42018E+00,    0.94249E+00
    0.29523E+00,    0.12071E-01,    0.93187E+00
    0.25573E+00,    0.20473E+00,    0.94874E+00
    0.37720E+00,   -0.15735E+00,    0.88960E+00
    0.26960E+00,    0.10395E+00,    0.94308E+00
    0.35577E+00,   -0.12257E+00,    0.90158E+00
    0.34725E+00,   -0.10749E+00,    0.90616E+00
    0.28328E+00,    0.47784E-01,    0.93722E+00
    0.25332E+00,    0.25915E+00,    0.94969E+00
    0.27139E+00,    0.94237E-01,    0.94233E+00
    0.26420E+00,    0.13075E+00,    0.94532E+00
    0.37144E+00,   -0.14921E+00,    0.89288E+00
    0.29996E+00,   -0.50129E-02,    0.92970E+00
    0.28690E+00,    0.33359E-01,    0.93562E+00
    0.39092E+00,   -0.17939E+00,    0.88159E+00
    0.26568E+00,    0.40081E+00,    0.94471E+00
    0.30467E+00,   -0.17840E-01,    0.92750E+00
    0.26064E+00,    0.14855E+00,    0.94677E+00
    0.25861E+00,    0.16207E+00,    0.94759E+00
    0.25234E+00,    0.24919E+00,    0.95007E+00
    0.36544E+00,   -0.14123E+00,    0.89626E+00
    0.38767E+00,   -0.17559E+00,    0.88351E+00
    0.26226E+00,    0.13583E+00,    0.94611E+00
    0.25666E+00,    0.34351E+00,    0.94837E+00
    0.29469E+00,    0.73882E-02,    0.93212E+00
    0.25862E+00,    0.36187E+00,    0.94758E+00
    0.25452E+00,    0.19482E+00,    0.94922E+00
    0.31846E+00,   -0.53456E-01,    0.92088E+00
    0.25973E+00,    0.37174E+00,    0.94714E+00
    0.26618E+00,    0.40946E+00,    0.94450E+00
    0.25694E+00,    0.35227E+00,    0.94825E+00
    0.32547E+00,   -0.69298E-01,    0.91741E+00
    0.26252E+00,    0.39142E+00,    0.94600E+00
    0.26081E+00,    0.38162E+00,    0.94670E+00
    0.25137E+00,    0.23924E+00,    0.95045E+00
    0.29549E+00,    0.22295E-02,    0.93175E+00
    0.25446E+00,    0.33378E+00,    0.94924E+00
    0.29983E+00,   -0.10024E-01,    0.92976E+00
    0.25479E+00,    0.18124E+00,    0.94911E+00
    0.33239E+00,   -0.85059E-01,    0.91391E+00
    0.25812E+00,    0.15288E+00,    0.94778E+00
    0.26466E+00,    0.11366E+00,    0.94513E+00
    0.25242E+00,    0.31418E+00,    0.95004E+00
    0.25178E+00,    0.30421E+00,    0.95029E+00
    0.25968E+00,    0.13950E+00,    0.94715E+00
    0.26609E+00,    0.41714E+00,    0.94454E+00
    0.25250E+00,    0.32400E+00,    0.95001E+00
    0.25040E+00,    0.22929E+00,    0.95083E+00
    0.30369E+00,   -0.23404E-01,    0.92796E+00
    0.25507E+00,    0.16647E+00,    0.94900E+00
    0.26678E+00,    0.42288E+00,    0.94425E+00
    0.28728E+00,    0.21218E-01,    0.93545E+00
    0.29962E+00,   -0.15033E-01,    0.92985E+00
    0.29477E+00,   -0.24630E-02,    0.93208E+00
    0.25553E+00,    0.15718E+00,    0.94882E+00
    0.38586E+00,   -0.17926E+00,    0.88457E+00
    0.34716E+00,   -0.11749E+00,    0.90621E+00
    0.38880E+00,   -0.18394E+00,    0.88284E+00
    0.33864E+00,   -0.10241E+00,    0.91069E+00
    0.24931E+00,    0.21957E+00,    0.95126E+00
    0.35587E+00,   -0.13317E+00,    0.90153E+00
    0.30916E+00,   -0.40710E-01,    0.92538E+00
    0.30391E+00,   -0.28011E-01,    0.92786E+00
    0.26043E+00,    0.12287E+00,    0.94685E+00
    0.24884E+00,    0.29467E+00,    0.95144E+00
    0.30585E+00,   -0.33294E-01,    0.92695E+00
    0.25305E+00,    0.17062E+00,    0.94980E+00
    0.25661E+00,    0.14343E+00,    0.94839E+00
    0.29540E+00,   -0.76411E-02,    0.93179E+00
    0.24730E+00,    0.28492E+00,    0.95203E+00
    0.29933E+00,   -0.20038E-01,    0.92999E+00
    0.38083E+00,   -0.17515E+00,    0.88750E+00
    0.25488E+00,    0.14810E+00,    0.94907E+00
    0.24825E+00,    0.21126E+00,    0.95167E+00
    0.25287E+00,    0.16142E+00,    0.94987E+00
    0.31738E+00,   -0.63398E-01,    0.92141E+00
    0.28774E+00,    0.10676E-01,    0.93525E+00
    0.26881E+00,    0.74315E-01,    0.94341E+00
    0.24622E+00,    0.27498E+00,    0.95245E+00
    0.37342E+00,   -0.16611E+00,    0.89176E+00
    0.24519E+00,    0.26497E+00,    0.95284E+00
    0.29453E+00,   -0.12311E-01,    0.93219E+00
    0.26466E+00,    0.86973E-01,    0.94513E+00
    0.26179E+00,    0.42053E+00,    0.94630E+00
    0.25237E+00,    0.15234E+00,    0.95006E+00
    0.36736E+00,   -0.15830E+00,    0.89518E+00
    0.24937E+00,    0.17490E+00,    0.95123E+00
    0.29895E+00,   -0.25037E-01,    0.93016E+00
    0.26253E+00,    0.42553E+00,    0.94600E+00
    0.25013E+00,    0.16563E+00,    0.95094E+00
    0.24421E+00,    0.25502E+00,    0.95322E+00
    0.26161E+00,    0.95768E-01,    0.94637E+00
    0.36109E+00,   -0.14997E+00,    0.89867E+00
    0.38663E+00,   -0.18847E+00,    0.88412E+00
    0.24732E+00,    0.18718E+00,    0.95203E+00
    0.25421E+00,    0.13384E+00,    0.94934E+00
    0.27202E+00,    0.52469E-01,    0.94206E+00
    0.29498E+00,   -0.17507E-01,    0.93199E+00
    0.28803E+00,    0.12093E-02,    0.93512E+00
    0.38301E+00,   -0.18395E+00,    0.88624E+00
    0.26884E+00,    0.63284E-01,    0.94340E+00
    0.34707E+00,   -0.12749E+00,    0.90626E+00
    0.25105E+00,    0.36838E+00,    0.95058E+00
    0.33855E+00,   -0.11241E+00,    0.91074E+00
    0.25645E+00,    0.40185E+00,    0.94845E+00
    0.25016E+00,    0.15722E+00,    0.95093E+00
    0.30280E+00,   -0.38150E-01,    0.92838E+00
    0.25226E+00,    0.37813E+00,    0.95011E+00
    0.35559E+00,   -0.14257E+00,    0.90168E+00
    0.27614E+00,    0.35831E-01,    0.94031E+00
    0.24324E+00,    0.24506E+00,    0.95358E+00
    0.33003E+00,   -0.97332E-01,    0.91511E+00
    0.24925E+00,    0.35856E+00,    0.95128E+00
    0.30832E+00,   -0.52007E-01,    0.92578E+00
    0.27317E+00,    0.44693E-01,    0.94158E+00
    0.25326E+00,    0.38790E+00,    0.94971E+00
    0.24676E+00,    0.17964E+00,    0.95224E+00
    0.25826E+00,    0.10446E+00,    0.94773E+00
    0.24762E+00,    0.34871E+00,    0.95191E+00
    0.43301E+00,   -0.25000E+00,    0.85538E+00
    0.29849E+00,   -0.30029E-01,    0.93038E+00
    0.24544E+00,    0.32913E+00,    0.95275E+00
    0.24624E+00,    0.33888E+00,    0.95244E+00
    0.32151E+00,   -0.82251E-01,    0.91938E+00
    0.24733E+00,    0.16978E+00,    0.95202E+00
    0.24431E+00,    0.31971E+00,    0.95318E+00
    0.24349E+00,    0.30979E+00,    0.95349E+00
    0.24227E+00,    0.23511E+00,    0.95395E+00
    0.27791E+00,    0.25370E-01,    0.93955E+00
    0.24787E+00,    0.16059E+00,    0.95181E+00
    0.25857E+00,    0.42306E+00,    0.94760E+00
    0.29395E+00,   -0.22146E-01,    0.93246E+00
    0.25683E+00,    0.41612E+00,    0.94830E+00
    0.30212E+00,   -0.43204E-01,    0.92869E+00
    0.25463E+00,    0.11303E+00,    0.94917E+00
    0.24130E+00,    0.22515E+00,    0.95432E+00
    0.42790E+00,   -0.24705E+00,    0.85869E+00
    0.24879E+00,    0.14530E+00,    0.95146E+00
    0.28792E+00,   -0.83939E-02,    0.93517E+00
    0.29795E+00,   -0.35012E-01,    0.93063E+00
    0.25825E+00,    0.42814E+00,    0.94773E+00
    0.24446E+00,    0.17389E+00,    0.95312E+00
    0.24211E+00,    0.19785E+00,    0.95401E+00
    0.38440E+00,   -0.19297E+00,    0.88543E+00
    0.29423E+00,   -0.27354E-01,    0.93233E+00
    0.24313E+00,    0.18264E+00,    0.95363E+00
    0.38084E+00,   -0.18840E+00,    0.88750E+00
    0.24035E+00,    0.21526E+00,    0.95467E+00
    0.23997E+00,    0.30065E+00,    0.95482E+00
    0.25115E+00,    0.12195E+00,    0.95054E+00
    0.24442E+00,    0.16480E+00,    0.95314E+00
    0.33845E+00,   -0.12241E+00,    0.91079E+00
    0.27824E+00,    0.13960E-01,    0.93941E+00
    0.23899E+00,    0.29069E+00,    0.95518E+00
    0.34697E+00,   -0.13749E+00,    0.90631E+00
    0.32993E+00,   -0.10733E+00,    0.91516E+00
    0.25937E+00,    0.78757E-01,    0.94728E+00
    0.42173E+00,   -0.24348E+00,    0.86264E+00
    0.26141E+00,    0.69808E-01,    0.94646E+00
    0.23802E+00,    0.28074E+00,    0.95554E+00
    0.24109E+00,    0.18714E+00,    0.95439E+00
    0.43049E+00,   -0.25433E+00,    0.85702E+00
    0.32142E+00,   -0.92251E-01,    0.91942E+00
    0.29732E+00,   -0.39986E-01,    0.93092E+00
    0.36944E+00,   -0.17527E+00,    0.89401E+00
    0.30068E+00,   -0.48667E-01,    0.92937E+00
    0.24152E+00,    0.17795E+00,    0.95423E+00
    0.23705E+00,    0.27079E+00,    0.95590E+00
    0.31290E+00,   -0.77170E-01,    0.92358E+00
    0.36355E+00,   -0.16752E+00,    0.89731E+00
    0.29305E+00,   -0.31956E-01,    0.93287E+00
    0.24354E+00,    0.15588E+00,    0.95347E+00
    0.28748E+00,   -0.18007E-01,    0.93536E+00
    0.25565E+00,    0.87791E-01,    0.94877E+00
    0.24163E+00,    0.16886E+00,    0.95419E+00
    0.37511E+00,   -0.18546E+00,    0.89080E+00
    0.23608E+00,    0.26083E+00,    0.95626E+00
    0.26794E+00,    0.38173E-01,    0.94377E+00
    0.25343E+00,    0.42496E+00,    0.94965E+00
    0.27855E+00,    0.46551E-02,    0.93928E+00
    0.35745E+00,   -0.15961E+00,    0.90067E+00
    0.24115E+00,    0.35454E+00,    0.95437E+00
    0.41458E+00,   -0.23936E+00,    0.86715E+00
    0.25394E+00,    0.43071E+00,    0.94944E+00
    0.28061E+00,   -0.34828E-02,    0.93839E+00
    0.38212E+00,   -0.19744E+00,    0.88675E+00
    0.23510E+00,    0.25088E+00,    0.95661E+00
    0.29661E+00,   -0.44949E-01,    0.93124E+00
    0.29344E+00,   -0.37377E-01,    0.93269E+00
    0.23978E+00,    0.17281E+00,    0.95488E+00
    0.24188E+00,    0.36440E+00,    0.95410E+00
    0.37862E+00,   -0.19284E+00,    0.88878E+00
    0.25185E+00,    0.96999E-01,    0.95027E+00
    0.30038E+00,   -0.54287E-01,    0.92951E+00
    0.30361E+00,   -0.61629E-01,    0.92800E+00
    0.24306E+00,    0.37432E+00,    0.95365E+00
    0.23851E+00,    0.18196E+00,    0.95536E+00
    0.26929E+00,    0.28874E-01,    0.94321E+00
    0.34925E+00,   -0.14888E+00,    0.90510E+00
    0.24415E+00,    0.38390E+00,    0.95324E+00
    0.23786E+00,    0.33531E+00,    0.95560E+00
    0.23615E+00,    0.20473E+00,    0.95623E+00
    0.23713E+00,    0.19117E+00,    0.95587E+00
    0.23858E+00,    0.34520E+00,    0.95533E+00
    0.23413E+00,    0.24093E+00,    0.95697E+00
    0.33836E+00,   -0.13241E+00,    0.91084E+00
    0.23618E+00,    0.32551E+00,    0.95622E+00
    0.32984E+00,   -0.11733E+00,    0.91521E+00
    0.24849E+00,    0.10637E+00,    0.95158E+00
    0.23520E+00,    0.31560E+00,    0.95658E+00
    0.26317E+00,    0.44966E-01,    0.94574E+00
    0.26068E+00,    0.53718E-01,    0.94675E+00
    0.42283E+00,   -0.25243E+00,    0.86194E+00
    0.32132E+00,   -0.10225E+00,    0.91947E+00
    0.24726E+00,    0.40944E+00,    0.95205E+00
    0.42792E+00,   -0.25863E+00,    0.85868E+00
    0.23316E+00,    0.23097E+00,    0.95732E+00
    0.29244E+00,   -0.41335E-01,    0.93314E+00
    0.28672E+00,   -0.27603E-01,    0.93570E+00
    0.29582E+00,   -0.49899E-01,    0.93160E+00
    0.31280E+00,   -0.87170E-01,    0.92363E+00
    0.24408E+00,    0.39737E+00,    0.95326E+00
    0.23457E+00,    0.19604E+00,    0.95681E+00
    0.23544E+00,    0.18593E+00,    0.95649E+00
    0.26963E+00,    0.18976E-01,    0.94307E+00
    0.40641E+00,   -0.23464E+00,    0.87223E+00
    0.24519E+00,    0.11557E+00,    0.95284E+00
    0.24978E+00,    0.42799E+00,    0.95107E+00
    0.29888E+00,   -0.58687E-01,    0.93020E+00
    0.23585E+00,    0.17684E+00,    0.95634E+00
    0.25664E+00,    0.61913E-01,    0.94837E+00
    0.23220E+00,    0.22103E+00,    0.95767E+00
    0.30415E+00,   -0.72484E-01,    0.92774E+00
    0.37689E+00,   -0.19776E+00,    0.88978E+00
    0.37979E+00,   -0.20189E+00,    0.88810E+00
    0.24041E+00,    0.13526E+00,    0.95465E+00
    0.23183E+00,    0.30646E+00,    0.95780E+00
    0.24706E+00,    0.42110E+00,    0.95212E+00
    0.24961E+00,    0.43324E+00,    0.95114E+00
    0.25338E+00,    0.70770E-01,    0.94967E+00
    0.23086E+00,    0.29651E+00,    0.95816E+00
    0.23544E+00,    0.16650E+00,    0.95649E+00
    0.24129E+00,    0.12442E+00,    0.95432E+00
    0.29495E+00,   -0.54835E-01,    0.93200E+00
    0.22989E+00,    0.28656E+00,    0.95850E+00
    0.27824E+00,   -0.13960E-01,    0.93941E+00
    0.29108E+00,   -0.46601E-01,    0.93376E+00
    0.23230E+00,    0.18983E+00,    0.95764E+00
    0.23302E+00,    0.18148E+00,    0.95738E+00
    0.23729E+00,    0.14596E+00,    0.95581E+00
    0.42217E+00,   -0.25806E+00,    0.86236E+00
    0.26974E+00,    0.90182E-02,    0.94302E+00
    0.24950E+00,    0.79973E-01,    0.95118E+00
    0.22892E+00,    0.27661E+00,    0.95885E+00
    0.29738E+00,   -0.62600E-01,    0.93089E+00
    0.41387E+00,   -0.24885E+00,    0.86760E+00
    0.32975E+00,   -0.12733E+00,    0.91525E+00
    0.33827E+00,   -0.14241E+00,    0.91088E+00
    0.32123E+00,   -0.11225E+00,    0.91952E+00
    0.23061E+00,    0.19898E+00,    0.95825E+00
    0.39764E+00,   -0.22958E+00,    0.87756E+00
    0.42531E+00,   -0.26291E+00,    0.86036E+00
    0.28643E+00,   -0.38596E-01,    0.93583E+00
    0.22794E+00,    0.26665E+00,    0.95920E+00
    0.34679E+00,   -0.15749E+00,    0.90641E+00
    0.31271E+00,   -0.97170E-01,    0.92367E+00
    0.22898E+00,    0.21185E+00,    0.95883E+00
    0.24576E+00,    0.89234E-01,    0.95262E+00
    0.22697E+00,    0.25670E+00,    0.95954E+00
    0.29762E+00,   -0.67249E-01,    0.93078E+00
    0.24022E+00,    0.40548E+00,    0.95472E+00
    0.29399E+00,   -0.59756E-01,    0.93244E+00
    0.29026E+00,   -0.51458E-01,    0.93412E+00
    0.36990E+00,   -0.19503E+00,    0.89376E+00
    0.24486E+00,    0.42995E+00,    0.95297E+00
    0.22910E+00,    0.19369E+00,    0.95879E+00
    0.23399E+00,    0.37016E+00,    0.95702E+00
    0.23257E+00,    0.36100E+00,    0.95754E+00
    0.37741E+00,   -0.20630E+00,    0.88948E+00
    0.37401E+00,   -0.20162E+00,    0.89142E+00
    0.22805E+00,    0.20282E+00,    0.95916E+00
    0.22600E+00,    0.24675E+00,    0.95989E+00
    0.23500E+00,    0.38009E+00,    0.95665E+00
    0.25794E+00,    0.36504E-01,    0.94785E+00
    0.27125E+00,   -0.49167E-02,    0.94239E+00
    0.22984E+00,    0.34114E+00,    0.95852E+00
    0.35803E+00,   -0.17902E+00,    0.90035E+00
    0.24526E+00,    0.43572E+00,    0.95282E+00
    0.24213E+00,    0.98675E-01,    0.95400E+00
    0.22876E+00,    0.33122E+00,    0.95891E+00
    0.40616E+00,   -0.24450E+00,    0.87238E+00
    0.22897E+00,    0.18491E+00,    0.95883E+00
    0.27761E+00,   -0.23250E-01,    0.93968E+00
    0.23218E+00,    0.15452E+00,    0.95768E+00
    0.36310E+00,   -0.18761E+00,    0.89756E+00
    0.41577E+00,   -0.25659E+00,    0.86641E+00
    0.23020E+00,    0.35200E+00,    0.95839E+00
    0.22718E+00,    0.32150E+00,    0.95947E+00
    0.38991E+00,   -0.22512E+00,    0.88218E+00
    0.22503E+00,    0.23679E+00,    0.96023E+00
    0.22606E+00,    0.31158E+00,    0.95987E+00
    0.41957E+00,   -0.26229E+00,    0.86401E+00
    0.30156E+00,   -0.82607E-01,    0.92895E+00
    0.23869E+00,    0.10805E+00,    0.95529E+00
    0.22706E+00,    0.18909E+00,    0.95951E+00
    0.28936E+00,   -0.56301E-01,    0.93453E+00
    0.23894E+00,    0.41470E+00,    0.95520E+00
    0.29295E+00,   -0.64660E-01,    0.93291E+00
    0.25323E+00,    0.45086E-01,    0.94973E+00
    0.32965E+00,   -0.13733E+00,    0.91530E+00
    0.32113E+00,   -0.12225E+00,    0.91956E+00
    0.22583E+00,    0.19749E+00,    0.95995E+00
    0.42266E+00,   -0.26717E+00,    0.86205E+00
    0.25017E+00,    0.54593E-01,    0.95092E+00
    0.33817E+00,   -0.15241E+00,    0.91093E+00
    0.29582E+00,   -0.72576E-01,    0.93161E+00
    0.31262E+00,   -0.10717E+00,    0.92372E+00
    0.23364E+00,    0.39019E+00,    0.95715E+00
    0.34669E+00,   -0.16749E+00,    0.90646E+00
    0.39823E+00,   -0.23950E+00,    0.87721E+00
    0.23532E+00,    0.11650E+00,    0.95654E+00
    0.24694E+00,    0.63035E-01,    0.95217E+00
    0.24111E+00,    0.43291E+00,    0.95439E+00
    0.22395E+00,    0.20623E+00,    0.96061E+00
    0.26102E+00,    0.13908E-01,    0.94661E+00
    0.25813E+00,    0.23008E-01,    0.94778E+00
    0.38319E+00,   -0.22123E+00,    0.88613E+00
    0.22273E+00,    0.30233E+00,    0.96103E+00
    0.37498E+00,   -0.21070E+00,    0.89087E+00
    0.28905E+00,   -0.61454E-01,    0.93467E+00
    0.37190E+00,   -0.20668E+00,    0.89262E+00
    0.28395E+00,   -0.50031E-01,    0.93693E+00
    0.22546E+00,    0.17805E+00,    0.96008E+00
    0.27668E+00,   -0.32513E-01,    0.94008E+00
    0.22175E+00,    0.29238E+00,    0.96137E+00
    0.23838E+00,    0.42595E+00,    0.95541E+00
    0.24333E+00,    0.72135E-01,    0.95355E+00
    0.24088E+00,    0.43815E+00,    0.95447E+00
    0.29183E+00,   -0.69546E-01,    0.93342E+00
    0.22351E+00,    0.19219E+00,    0.96076E+00
    0.22078E+00,    0.28242E+00,    0.96171E+00
    0.22250E+00,    0.20124E+00,    0.96111E+00
    0.22109E+00,    0.22109E+00,    0.96160E+00
    0.23138E+00,    0.12567E+00,    0.95797E+00
    0.29502E+00,   -0.78169E-01,    0.93197E+00
    0.22950E+00,    0.13637E+00,    0.95864E+00
    0.23212E+00,    0.39973E+00,    0.95770E+00
    0.21981E+00,    0.27247E+00,    0.96204E+00
    0.22115E+00,    0.21033E+00,    0.96158E+00
    0.23970E+00,    0.81429E-01,    0.95492E+00
    0.26928E+00,   -0.18026E-01,    0.94321E+00
    0.41741E+00,   -0.26706E+00,    0.86538E+00
    0.37741E+00,   -0.21790E+00,    0.88948E+00
    0.40576E+00,   -0.25421E+00,    0.87263E+00
    0.21884E+00,    0.26252E+00,    0.96237E+00
    0.22567E+00,    0.36664E+00,    0.96000E+00
    0.32104E+00,   -0.13225E+00,    0.91961E+00
    0.41997E+00,   -0.27139E+00,    0.86376E+00
    0.38945E+00,   -0.23485E+00,    0.88246E+00
    0.32956E+00,   -0.14733E+00,    0.91535E+00
    0.23634E+00,    0.90730E-01,    0.95616E+00
    0.31252E+00,   -0.11717E+00,    0.92377E+00
    0.22065E+00,    0.19656E+00,    0.96175E+00
    0.28731E+00,   -0.65938E-01,    0.93544E+00
    0.33808E+00,   -0.16241E+00,    0.91098E+00
    0.21787E+00,    0.25257E+00,    0.96271E+00
    0.30400E+00,   -0.10209E+00,    0.92781E+00
    0.29062E+00,   -0.74413E-01,    0.93396E+00
    0.22346E+00,    0.16289E+00,    0.96078E+00
    0.21968E+00,    0.31927E+00,    0.96208E+00
    0.26091E+00,   -0.65336E-03,    0.94666E+00
    0.22569E+00,    0.14477E+00,    0.96000E+00
    0.34803E+00,   -0.17921E+00,    0.90575E+00
    0.21910E+00,    0.20493E+00,    0.96228E+00
    0.23110E+00,    0.40945E+00,    0.95807E+00
    0.22057E+00,    0.18510E+00,    0.96178E+00
    0.36920E+00,   -0.21030E+00,    0.89415E+00
    0.29863E+00,   -0.92637E-01,    0.93031E+00
    0.23619E+00,    0.43477E+00,    0.95622E+00
    0.37249E+00,   -0.21506E+00,    0.89229E+00
    0.35321E+00,   -0.18776E+00,    0.90297E+00
    0.23292E+00,    0.99943E-01,    0.95741E+00
    0.25051E+00,    0.29699E-01,    0.95079E+00
    0.21972E+00,    0.32892E+00,    0.96207E+00
    0.24820E+00,    0.37451E-01,    0.95169E+00
    0.29367E+00,   -0.83088E-01,    0.93258E+00
    0.21689E+00,    0.24261E+00,    0.96304E+00
    0.35862E+00,   -0.19603E+00,    0.90003E+00
    0.27544E+00,   -0.41740E-01,    0.94061E+00
    0.41061E+00,   -0.26377E+00,    0.86963E+00
    0.26903E+00,   -0.26136E-01,    0.94332E+00
    0.38038E+00,   -0.22670E+00,    0.88776E+00
    0.36388E+00,   -0.20446E+00,    0.89712E+00
    0.23647E+00,    0.44055E+00,    0.95611E+00
    0.22425E+00,    0.37566E+00,    0.96050E+00
    0.39731E+00,   -0.24899E+00,    0.87777E+00
    0.28708E+00,   -0.71336E-01,    0.93554E+00
    0.21680E+00,    0.21394E+00,    0.96307E+00
    0.21947E+00,    0.34069E+00,    0.96216E+00
    0.24423E+00,    0.46571E-01,    0.95321E+00
    0.28162E+00,   -0.60613E-01,    0.93795E+00
    0.21697E+00,    0.19956E+00,    0.96301E+00
    0.22896E+00,    0.10906E+00,    0.95884E+00
    0.41424E+00,   -0.27066E+00,    0.86737E+00
    0.23057E+00,    0.41941E+00,    0.95826E+00
    0.22069E+00,    0.35971E+00,    0.96174E+00
    0.28934E+00,   -0.79259E-01,    0.93453E+00
    0.26115E+00,   -0.11259E-01,    0.94656E+00
    0.21565E+00,    0.20856E+00,    0.96346E+00
    0.24025E+00,    0.55674E-01,    0.95471E+00
    0.21527E+00,    0.30918E+00,    0.96358E+00
    0.41723E+00,   -0.27560E+00,    0.86549E+00
    0.23739E+00,    0.65203E-01,    0.95577E+00
    0.32095E+00,   -0.14225E+00,    0.91966E+00
    0.31243E+00,   -0.12717E+00,    0.92381E+00
    0.21835E+00,    0.35040E+00,    0.96254E+00
    0.32947E+00,   -0.15733E+00,    0.91540E+00
    0.22556E+00,    0.11841E+00,    0.96004E+00
    0.30391E+00,   -0.11209E+00,    0.92786E+00
    0.22282E+00,    0.38553E+00,    0.96100E+00
    0.21358E+00,    0.22836E+00,    0.96415E+00
    0.21400E+00,    0.21760E+00,    0.96401E+00
    0.22004E+00,    0.15189E+00,    0.96196E+00
    0.28562E+00,   -0.75183E-01,    0.93619E+00
    0.21362E+00,    0.29820E+00,    0.96414E+00
    0.37200E+00,   -0.22158E+00,    0.89256E+00
    0.23047E+00,    0.42935E+00,    0.95830E+00
    0.29142E+00,   -0.88172E-01,    0.93360E+00
    0.33799E+00,   -0.17241E+00,    0.91103E+00
    0.22366E+00,    0.39449E+00,    0.96071E+00
    0.23182E+00,    0.43712E+00,    0.95781E+00
    0.21265E+00,    0.28824E+00,    0.96446E+00
    0.25063E+00,    0.13564E-01,    0.95075E+00
    0.21396E+00,    0.20382E+00,    0.96402E+00
    0.21443E+00,    0.19231E+00,    0.96387E+00
    0.23329E+00,    0.73755E-01,    0.95727E+00
    0.21168E+00,    0.27829E+00,    0.96478E+00
    0.26748E+00,   -0.35972E-01,    0.94396E+00
    0.21548E+00,    0.17757E+00,    0.96351E+00
    0.28798E+00,   -0.84082E-01,    0.93514E+00
    0.23205E+00,    0.44289E+00,    0.95773E+00
    0.22172E+00,    0.12746E+00,    0.96138E+00
    0.36570E+00,   -0.21623E+00,    0.89611E+00
    0.21213E+00,    0.21213E+00,    0.96463E+00
    0.21070E+00,    0.26834E+00,    0.96510E+00
    0.22355E+00,    0.40443E+00,    0.96075E+00
    0.37974E+00,   -0.23536E+00,    0.88814E+00
    0.24614E+00,    0.22008E-01,    0.95248E+00
    0.22987E+00,    0.83143E-01,    0.95851E+00
    0.25196E+00,    0.36667E-02,    0.95023E+00
    0.21822E+00,    0.14430E+00,    0.96258E+00
    0.26050E+00,   -0.21814E-01,    0.94682E+00
    0.27344E+00,   -0.54909E-01,    0.94146E+00
    0.20973E+00,    0.25838E+00,    0.96542E+00
    0.29537E+00,   -0.10256E+00,    0.93181E+00
    0.41187E+00,   -0.27551E+00,    0.86885E+00
    0.29015E+00,   -0.92210E-01,    0.93417E+00
    0.21216E+00,    0.32549E+00,    0.96462E+00
    0.38505E+00,   -0.24375E+00,    0.88505E+00
    0.21464E+00,    0.16749E+00,    0.96380E+00
    0.28003E+00,   -0.71599E-01,    0.93864E+00
    0.22652E+00,    0.92323E-01,    0.95971E+00
    0.21829E+00,    0.13685E+00,    0.96256E+00
    0.28365E+00,   -0.80253E-01,    0.93706E+00
    0.21629E+00,    0.36978E+00,    0.96324E+00
    0.41446E+00,   -0.27977E+00,    0.86723E+00
    0.24212E+00,    0.29523E-01,    0.95401E+00
    0.20876E+00,    0.24843E+00,    0.96574E+00
    0.20953E+00,    0.22107E+00,    0.96549E+00
    0.31233E+00,   -0.13717E+00,    0.92386E+00
    0.21018E+00,    0.20669E+00,    0.96528E+00
    0.32085E+00,   -0.15225E+00,    0.91970E+00
    0.34323E+00,   -0.18825E+00,    0.90829E+00
    0.30324E+00,   -0.12132E+00,    0.92817E+00
    0.34867E+00,   -0.19663E+00,    0.90541E+00
    0.32937E+00,   -0.16733E+00,    0.91544E+00
    0.39936E+00,   -0.26385E+00,    0.87653E+00
    0.28653E+00,   -0.88883E-01,    0.93579E+00
    0.25259E+00,   -0.60923E-02,    0.94998E+00
    0.35390E+00,   -0.20483E+00,    0.90259E+00
    0.23834E+00,    0.38764E-01,    0.95542E+00
    0.21106E+00,    0.33538E+00,    0.96498E+00
    0.22225E+00,    0.41405E+00,    0.96120E+00
    0.20856E+00,    0.21565E+00,    0.96581E+00
    0.22300E+00,    0.10105E+00,    0.96094E+00
    0.22755E+00,    0.44049E+00,    0.95934E+00
    0.33789E+00,   -0.18241E+00,    0.91108E+00
    0.26085E+00,   -0.31700E-01,    0.94668E+00
    0.21299E+00,    0.15888E+00,    0.96435E+00
    0.26638E+00,   -0.45870E-01,    0.94442E+00
    0.21086E+00,    0.34532E+00,    0.96505E+00
    0.28914E+00,   -0.97699E-01,    0.93463E+00
    0.28302E+00,   -0.84958E-01,    0.93733E+00
    0.37099E+00,   -0.23085E+00,    0.89314E+00
    0.23438E+00,    0.47896E-01,    0.95688E+00
    0.21504E+00,    0.37929E+00,    0.96366E+00
    0.22759E+00,    0.44520E+00,    0.95932E+00
    0.20649E+00,    0.23497E+00,    0.96648E+00
    0.20971E+00,    0.18339E+00,    0.96543E+00
    0.20660E+00,    0.22463E+00,    0.96644E+00
    0.23146E+00,    0.57188E-01,    0.95794E+00
    0.40949E+00,   -0.27884E+00,    0.87032E+00
    0.20791E+00,    0.19936E+00,    0.96602E+00
    0.20703E+00,    0.21085E+00,    0.96630E+00
    0.22212E+00,    0.42395E+00,    0.96124E+00
    0.21912E+00,    0.11077E+00,    0.96228E+00
    0.40514E+00,   -0.27444E+00,    0.87301E+00
    0.21523E+00,    0.38924E+00,    0.96360E+00
    0.28501E+00,   -0.93658E-01,    0.93646E+00
    0.20549E+00,    0.30401E+00,    0.96680E+00
    0.25236E+00,   -0.16050E-01,    0.95007E+00
    0.22747E+00,    0.66242E-01,    0.95937E+00
    0.20959E+00,    0.35517E+00,    0.96547E+00
    0.41164E+00,   -0.28392E+00,    0.86899E+00
    0.20493E+00,    0.21910E+00,    0.96698E+00
    0.20452E+00,    0.29406E+00,    0.96711E+00
    0.27100E+00,   -0.64582E-01,    0.94249E+00
    0.22259E+00,    0.43528E+00,    0.96108E+00
    0.21566E+00,    0.11955E+00,    0.96345E+00
    0.31224E+00,   -0.14717E+00,    0.92390E+00
    0.36336E+00,   -0.22537E+00,    0.89741E+00
    0.30372E+00,   -0.13209E+00,    0.92795E+00
    0.21513E+00,    0.39917E+00,    0.96363E+00
    0.20354E+00,    0.28411E+00,    0.96742E+00
    0.22371E+00,    0.44197E+00,    0.96069E+00
    0.32076E+00,   -0.16225E+00,    0.91975E+00
    0.20967E+00,    0.36506E+00,    0.96544E+00
    0.21031E+00,    0.14937E+00,    0.96523E+00
    0.24275E+00,    0.74255E-02,    0.95377E+00
    0.28746E+00,   -0.10252E+00,    0.93537E+00
    0.20462E+00,    0.31717E+00,    0.96708E+00
    0.32928E+00,   -0.17733E+00,    0.91549E+00
    0.20701E+00,    0.17381E+00,    0.96631E+00
    0.20257E+00,    0.27416E+00,    0.96773E+00
    0.22356E+00,    0.75406E-01,    0.96074E+00
    0.28081E+00,   -0.89686E-01,    0.93830E+00
    0.29178E+00,   -0.11238E+00,    0.93344E+00
    0.25947E+00,   -0.41114E-01,    0.94724E+00
    0.23695E+00,    0.23310E-01,    0.95594E+00
    0.20315E+00,    0.21360E+00,    0.96755E+00
    0.20160E+00,    0.26420E+00,    0.96804E+00
    0.35614E+00,   -0.21865E+00,    0.90138E+00
    0.20203E+00,    0.22795E+00,    0.96790E+00
    0.22312E+00,    0.44746E+00,    0.96090E+00
    0.21504E+00,    0.40910E+00,    0.96366E+00
    0.27615E+00,   -0.81888E-01,    0.94031E+00
    0.38496E+00,   -0.25692E+00,    0.88510E+00
    0.24429E+00,   -0.24002E-02,    0.95319E+00
    0.22006E+00,    0.84759E-01,    0.96195E+00
    0.28340E+00,   -0.98407E-01,    0.93717E+00
    0.20063E+00,    0.25425E+00,    0.96834E+00
    0.37140E+00,   -0.24080E+00,    0.89290E+00
    0.20907E+00,    0.14215E+00,    0.96564E+00
    0.20346E+00,    0.19030E+00,    0.96745E+00
    0.20124E+00,    0.22250E+00,    0.96815E+00
    0.40594E+00,   -0.28301E+00,    0.87252E+00
    0.26414E+00,   -0.57356E-01,    0.94534E+00
    0.20311E+00,    0.32964E+00,    0.96756E+00
    0.25202E+00,   -0.27064E-01,    0.95020E+00
    0.20813E+00,    0.37482E+00,    0.96595E+00
    0.21670E+00,    0.94163E-01,    0.96310E+00
    0.33869E+00,   -0.19693E+00,    0.91067E+00
    0.20524E+00,    0.16435E+00,    0.96688E+00
    0.28002E+00,   -0.94333E-01,    0.93864E+00
    0.20975E+00,    0.13002E+00,    0.96542E+00
    0.20113E+00,    0.20619E+00,    0.96818E+00
    0.34399E+00,   -0.20539E+00,    0.90789E+00
    0.23677E+00,    0.14286E-01,    0.95600E+00
    0.40879E+00,   -0.28804E+00,    0.87076E+00
    0.34943E+00,   -0.21376E+00,    0.90500E+00
    0.20279E+00,    0.33944E+00,    0.96766E+00
    0.30363E+00,   -0.14209E+00,    0.92799E+00
    0.19958E+00,    0.21771E+00,    0.96867E+00
    0.19898E+00,    0.23141E+00,    0.96886E+00
    0.22847E+00,    0.40070E-01,    0.95901E+00
    0.19860E+00,    0.24137E+00,    0.96898E+00
    0.31215E+00,   -0.15717E+00,    0.92395E+00
    0.29511E+00,   -0.12701E+00,    0.93193E+00
    0.38910E+00,   -0.26668E+00,    0.88267E+00
    0.28485E+00,   -0.10745E+00,    0.93653E+00
    0.21353E+00,    0.41888E+00,    0.96417E+00
    0.21316E+00,    0.10279E+00,    0.96429E+00
    0.24392E+00,   -0.10999E-01,    0.95333E+00
    0.26869E+00,   -0.73601E-01,    0.94346E+00
    0.32067E+00,   -0.17225E+00,    0.91979E+00
    0.22529E+00,    0.49347E-01,    0.96014E+00
    0.21857E+00,    0.44389E+00,    0.96246E+00
    0.23053E+00,    0.29857E-01,    0.95827E+00
    0.28172E+00,   -0.10313E+00,    0.93790E+00
    0.20374E+00,    0.15675E+00,    0.96736E+00
    0.25801E+00,   -0.50625E-01,    0.94782E+00
    0.20662E+00,    0.38458E+00,    0.96644E+00
    0.32919E+00,   -0.18733E+00,    0.91554E+00
    0.20179E+00,    0.34937E+00,    0.96798E+00
    0.25159E+00,   -0.35150E-01,    0.95037E+00
    0.19749E+00,    0.22583E+00,    0.96932E+00
    0.22167E+00,    0.58640E-01,    0.96140E+00
    0.20764E+00,    0.39432E+00,    0.96610E+00
    0.36212E+00,   -0.23514E+00,    0.89810E+00
    0.21862E+00,    0.44967E+00,    0.96245E+00
    0.20016E+00,    0.18104E+00,    0.96849E+00
    0.39318E+00,   -0.27442E+00,    0.88024E+00
    0.21358E+00,    0.42832E+00,    0.96415E+00
    0.19687E+00,    0.22078E+00,    0.96951E+00
    0.20933E+00,    0.11199E+00,    0.96555E+00
    0.19736E+00,    0.30983E+00,    0.96936E+00
    0.20169E+00,    0.35909E+00,    0.96801E+00
    0.40362E+00,   -0.28760E+00,    0.87394E+00
    0.19638E+00,    0.29988E+00,    0.96966E+00
    0.27765E+00,   -0.99020E-01,    0.93966E+00
    0.23627E+00,    0.35402E-02,    0.95619E+00
    0.24434E+00,   -0.20828E-01,    0.95316E+00
    0.28335E+00,   -0.11141E+00,    0.93719E+00
    0.27322E+00,   -0.90896E-01,    0.94156E+00
    0.19541E+00,    0.28993E+00,    0.96996E+00
    0.21760E+00,    0.67561E-01,    0.96280E+00
    0.20708E+00,    0.40308E+00,    0.96629E+00
    0.19699E+00,    0.19699E+00,    0.96947E+00
    0.19444E+00,    0.27997E+00,    0.97026E+00
    0.40589E+00,   -0.29213E+00,    0.87254E+00
    0.37505E+00,   -0.25577E+00,    0.89083E+00
    0.19892E+00,    0.17160E+00,    0.96888E+00
    0.25212E+00,   -0.43940E-01,    0.95016E+00
    0.20586E+00,    0.12133E+00,    0.96668E+00
    0.26145E+00,   -0.66943E-01,    0.94644E+00
    0.19430E+00,    0.23457E+00,    0.97030E+00
    0.35415E+00,   -0.22916E+00,    0.90246E+00
    0.21427E+00,    0.76836E-01,    0.96392E+00
    0.27995E+00,   -0.10782E+00,    0.93867E+00
    0.30353E+00,   -0.15209E+00,    0.92803E+00
    0.19347E+00,    0.27002E+00,    0.97055E+00
    0.20061E+00,    0.36900E+00,    0.96835E+00
    0.21469E+00,    0.44662E+00,    0.96378E+00
    0.39728E+00,   -0.28374E+00,    0.87778E+00
    0.31205E+00,   -0.16717E+00,    0.92399E+00
    0.19369E+00,    0.22910E+00,    0.97048E+00
    0.20055E+00,    0.14731E+00,    0.96837E+00
    0.21252E+00,    0.43953E+00,    0.96450E+00
    0.19384E+00,    0.21438E+00,    0.97044E+00
    0.19249E+00,    0.26007E+00,    0.97085E+00
    0.32057E+00,   -0.18225E+00,    0.91984E+00
    0.21091E+00,    0.86060E-01,    0.96504E+00
    0.29428E+00,   -0.13795E+00,    0.93231E+00
    0.22810E+00,    0.19247E-01,    0.95914E+00
    0.19467E+00,    0.32428E+00,    0.97019E+00
    0.26608E+00,   -0.82538E-01,    0.94454E+00
    0.27596E+00,   -0.10365E+00,    0.94039E+00
    0.20593E+00,    0.41299E+00,    0.96666E+00
    0.21410E+00,    0.45184E+00,    0.96397E+00
    0.37896E+00,   -0.26489E+00,    0.88859E+00
    0.32909E+00,   -0.19733E+00,    0.91558E+00
    0.19219E+00,    0.22351E+00,    0.97094E+00
    0.28196E+00,   -0.11679E+00,    0.93780E+00
    0.20027E+00,    0.13748E+00,    0.96845E+00
    0.23510E+00,   -0.63043E-02,    0.95661E+00
    0.19428E+00,    0.33427E+00,    0.97030E+00
    0.19114E+00,    0.23793E+00,    0.97125E+00
    0.28469E+00,   -0.12336E+00,    0.93660E+00
    0.40020E+00,   -0.29111E+00,    0.87602E+00
    0.19365E+00,    0.18857E+00,    0.97049E+00
    0.24316E+00,   -0.30649E-01,    0.95361E+00
    0.25468E+00,   -0.59822E-01,    0.94915E+00
    0.19908E+00,    0.37879E+00,    0.96883E+00
    0.19055E+00,    0.24761E+00,    0.97143E+00
    0.20692E+00,    0.95184E-01,    0.96634E+00
    0.33761E+00,   -0.21241E+00,    0.91122E+00
    0.20607E+00,    0.42260E+00,    0.96661E+00
    0.19421E+00,    0.34422E+00,    0.97033E+00
    0.27811E+00,   -0.11249E+00,    0.93947E+00
    0.19555E+00,    0.16229E+00,    0.96992E+00
    0.19971E+00,    0.38827E+00,    0.96863E+00
    0.36094E+00,   -0.24507E+00,    0.89875E+00
    0.21869E+00,    0.41901E-01,    0.96242E+00
    0.22812E+00,    0.92932E-02,    0.95914E+00
    0.18983E+00,    0.23230E+00,    0.97164E+00
    0.40295E+00,   -0.29619E+00,    0.87434E+00
    0.22039E+00,    0.33986E-01,    0.96184E+00
    0.21541E+00,    0.50904E-01,    0.96354E+00
    0.20334E+00,    0.10448E+00,    0.96749E+00
    0.19262E+00,    0.17873E+00,    0.97081E+00
    0.29492E+00,   -0.14701E+00,    0.93201E+00
    0.18909E+00,    0.22706E+00,    0.97186E+00
    0.26978E+00,   -0.98759E-01,    0.94301E+00
    0.19030E+00,    0.20346E+00,    0.97150E+00
    0.30344E+00,   -0.16209E+00,    0.92808E+00
    0.38254E+00,   -0.27422E+00,    0.88651E+00
    0.34613E+00,   -0.22749E+00,    0.90676E+00
    0.27454E+00,   -0.10890E+00,    0.94100E+00
    0.23548E+00,   -0.16287E-01,    0.95648E+00
    0.20963E+00,    0.44819E+00,    0.96546E+00
    0.25921E+00,   -0.76645E-01,    0.94735E+00
    0.31196E+00,   -0.17717E+00,    0.92404E+00
    0.19469E+00,    0.15279E+00,    0.97018E+00
    0.19308E+00,    0.35414E+00,    0.97067E+00
    0.21200E+00,    0.60252E-01,    0.96468E+00
    0.24820E+00,   -0.52269E-01,    0.95168E+00
    0.18922E+00,    0.31565E+00,    0.97182E+00
    0.36516E+00,   -0.25430E+00,    0.89641E+00
    0.24330E+00,   -0.40540E-01,    0.95356E+00
    0.32048E+00,   -0.19225E+00,    0.91989E+00
    0.18825E+00,    0.30570E+00,    0.97211E+00
    0.20495E+00,    0.43251E+00,    0.96697E+00
    0.19840E+00,    0.39806E+00,    0.96904E+00
    0.27899E+00,   -0.12103E+00,    0.93909E+00
    0.20956E+00,    0.45396E+00,    0.96548E+00
    0.19957E+00,    0.11364E+00,    0.96868E+00
    0.18728E+00,    0.29575E+00,    0.97240E+00
    0.19735E+00,    0.12531E+00,    0.96936E+00
    0.19267E+00,    0.36297E+00,    0.97079E+00
    0.18635E+00,    0.24093E+00,    0.97267E+00
    0.27620E+00,   -0.11712E+00,    0.94029E+00
    0.18631E+00,    0.28579E+00,    0.97268E+00
    0.32900E+00,   -0.20733E+00,    0.91563E+00
    0.39773E+00,   -0.29573E+00,    0.87751E+00
    0.20778E+00,    0.69272E-01,    0.96606E+00
    0.26317E+00,   -0.91383E-01,    0.94574E+00
    0.18593E+00,    0.23544E+00,    0.97279E+00
    0.22728E+00,   -0.65051E-03,    0.95943E+00
    0.27340E+00,   -0.11290E+00,    0.94148E+00
    0.21937E+00,    0.24100E-01,    0.96219E+00
    0.18533E+00,    0.27584E+00,    0.97296E+00
    0.23515E+00,   -0.24702E-01,    0.95660E+00
    0.34915E+00,   -0.23702E+00,    0.90515E+00
    0.18762E+00,    0.19400E+00,    0.97230E+00
    0.38569E+00,   -0.28357E+00,    0.88467E+00
    0.20445E+00,    0.78487E-01,    0.96713E+00
    0.36883E+00,   -0.26360E+00,    0.89436E+00
    0.39997E+00,   -0.30022E+00,    0.87615E+00
    0.18928E+00,    0.16944E+00,    0.97181E+00
    0.18436E+00,    0.26589E+00,    0.97325E+00
    0.33752E+00,   -0.22241E+00,    0.91127E+00
    0.25179E+00,   -0.69352E-01,    0.95029E+00
    0.18510E+00,    0.22057E+00,    0.97303E+00
    0.19733E+00,    0.40794E+00,    0.96937E+00
    0.18462E+00,    0.22981E+00,    0.97317E+00
    0.19222E+00,    0.14313E+00,    0.97093E+00
    0.19150E+00,    0.37288E+00,    0.97115E+00
    0.20566E+00,    0.45083E+00,    0.96675E+00
    0.29483E+00,   -0.15700E+00,    0.93206E+00
    0.27790E+00,   -0.12615E+00,    0.93956E+00
    0.28691E+00,   -0.14316E+00,    0.93562E+00
    0.39122E+00,   -0.29204E+00,    0.88141E+00
    0.30335E+00,   -0.17209E+00,    0.92812E+00
    0.20348E+00,    0.44368E+00,    0.96744E+00
    0.20098E+00,    0.87151E-01,    0.96823E+00
    0.18308E+00,    0.24418E+00,    0.97361E+00
    0.22759E+00,   -0.10294E-01,    0.95932E+00
    0.21957E+00,    0.14113E-01,    0.96212E+00
    0.19159E+00,    0.38249E+00,    0.97112E+00
    0.31187E+00,   -0.18717E+00,    0.92408E+00
    0.25640E+00,   -0.84257E-01,    0.94847E+00
    0.19734E+00,    0.41792E+00,    0.96937E+00
    0.26774E+00,   -0.10864E+00,    0.94385E+00
    0.18229E+00,    0.25383E+00,    0.97384E+00
    0.27420E+00,   -0.12172E+00,    0.94114E+00
    0.18804E+00,    0.15962E+00,    0.97217E+00
    0.18339E+00,    0.20971E+00,    0.97353E+00
    0.18558E+00,    0.33918E+00,    0.97289E+00
    0.28138E+00,   -0.13634E+00,    0.93805E+00
    0.20500E+00,    0.45604E+00,    0.96696E+00
    0.37270E+00,   -0.27268E+00,    0.89217E+00
    0.18196E+00,    0.23851E+00,    0.97393E+00
    0.19127E+00,    0.13322E+00,    0.97121E+00
    0.18485E+00,    0.18485E+00,    0.97311E+00
    0.32039E+00,   -0.20225E+00,    0.91993E+00
    0.24539E+00,   -0.61788E-01,    0.95276E+00
    0.19705E+00,    0.96722E-01,    0.96946E+00
    0.39431E+00,   -0.29909E+00,    0.87957E+00
    0.27042E+00,   -0.11734E+00,    0.94274E+00
    0.23457E+00,   -0.35716E-01,    0.95681E+00
    0.21218E+00,    0.31832E-01,    0.96462E+00
    0.20909E+00,    0.42727E-01,    0.96563E+00
    0.18508E+00,    0.34826E+00,    0.97304E+00
    0.35527E+00,   -0.25286E+00,    0.90186E+00
    0.18075E+00,    0.23286E+00,    0.97428E+00
    0.19696E+00,    0.42666E+00,    0.96948E+00
    0.19075E+00,    0.39243E+00,    0.97137E+00
    0.32891E+00,   -0.21733E+00,    0.91568E+00
    0.20557E+00,    0.52608E-01,    0.96677E+00
    0.39696E+00,   -0.30422E+00,    0.87798E+00
    0.19345E+00,    0.10576E+00,    0.97056E+00
    0.18338E+00,    0.17498E+00,    0.97353E+00
    0.18206E+00,    0.33142E+00,    0.97391E+00
    0.24968E+00,   -0.77453E-01,    0.95112E+00
    0.25997E+00,   -0.10013E+00,    0.94704E+00
    0.18109E+00,    0.32147E+00,    0.97418E+00
    0.21858E+00,    0.42302E-02,    0.96246E+00
    0.22666E+00,   -0.20159E-01,    0.95965E+00
    0.37640E+00,   -0.28193E+00,    0.89006E+00
    0.27499E+00,   -0.13099E+00,    0.94081E+00
    0.18063E+00,    0.20109E+00,    0.97431E+00
    0.18012E+00,    0.31152E+00,    0.97446E+00
    0.18422E+00,    0.35815E+00,    0.97329E+00
    0.29473E+00,   -0.16700E+00,    0.93210E+00
    0.33742E+00,   -0.23241E+00,    0.91132E+00
    0.20060E+00,    0.45230E+00,    0.96835E+00
    0.17841E+00,    0.24683E+00,    0.97494E+00
    0.20209E+00,    0.61264E-01,    0.96788E+00
    0.27213E+00,   -0.12628E+00,    0.94202E+00
    0.17914E+00,    0.30156E+00,    0.97473E+00
    0.28524E+00,   -0.15124E+00,    0.93636E+00
    0.18516E+00,    0.15017E+00,    0.97302E+00
    0.30325E+00,   -0.18208E+00,    0.92817E+00
    0.25506E+00,   -0.92297E-01,    0.94900E+00
    0.17795E+00,    0.24152E+00,    0.97507E+00
    0.35896E+00,   -0.26215E+00,    0.89984E+00
    0.17817E+00,    0.29161E+00,    0.97500E+00
    0.23849E+00,   -0.54575E-01,    0.95536E+00
    0.19623E+00,    0.43653E+00,    0.96971E+00
    0.17805E+00,    0.22546E+00,    0.97504E+00
    0.18940E+00,    0.40227E+00,    0.97177E+00
    0.18967E+00,    0.11501E+00,    0.97169E+00
    0.31177E+00,   -0.19717E+00,    0.92413E+00
    0.19858E+00,    0.70438E-01,    0.96898E+00
    0.26842E+00,   -0.12185E+00,    0.94357E+00
    0.17720E+00,    0.28166E+00,    0.97528E+00
    0.23363E+00,   -0.44034E-01,    0.95715E+00
    0.20042E+00,    0.45807E+00,    0.96841E+00
    0.17789E+00,    0.21714E+00,    0.97508E+00
    0.17693E+00,    0.23663E+00,    0.97535E+00
    0.21134E+00,    0.19769E-01,    0.96489E+00
    0.34594E+00,   -0.24749E+00,    0.90686E+00
    0.17623E+00,    0.27171E+00,    0.97555E+00
    0.18292E+00,    0.36779E+00,    0.97366E+00
    0.39174E+00,   -0.30367E+00,    0.88110E+00
    0.21878E+00,   -0.57461E-02,    0.96239E+00
    0.32029E+00,   -0.21225E+00,    0.91998E+00
    0.18936E+00,    0.41202E+00,    0.97178E+00
    0.22682E+00,   -0.30067E-01,    0.95960E+00
    0.37995E+00,   -0.29125E+00,    0.88802E+00
    0.17795E+00,    0.19194E+00,    0.97507E+00
    0.19467E+00,    0.79599E-01,    0.97018E+00
    0.18368E+00,    0.14035E+00,    0.97344E+00
    0.18040E+00,    0.16590E+00,    0.97438E+00
    0.18610E+00,    0.12434E+00,    0.97274E+00
    0.27373E+00,   -0.13615E+00,    0.94134E+00
    0.17482E+00,    0.25016E+00,    0.97593E+00
    0.24235E+00,   -0.71216E-01,    0.95392E+00
    0.36257E+00,   -0.27136E+00,    0.89785E+00
    0.18288E+00,    0.37777E+00,    0.97367E+00
    0.19533E+00,    0.44643E+00,    0.96998E+00
    0.39390E+00,   -0.30819E+00,    0.87981E+00
    0.27703E+00,   -0.14353E+00,    0.93993E+00
    0.32881E+00,   -0.22733E+00,    0.91573E+00
    0.26998E+00,   -0.13081E+00,    0.94292E+00
    0.17407E+00,    0.25955E+00,    0.97614E+00
    0.17389E+00,    0.24446E+00,    0.97619E+00
    0.19118E+00,    0.88925E-01,    0.97124E+00
    0.38527E+00,   -0.29989E+00,    0.88492E+00
    0.28612E+00,   -0.16192E+00,    0.93597E+00
    0.19606E+00,    0.45429E+00,    0.96976E+00
    0.18311E+00,    0.38774E+00,    0.97361E+00
    0.17359E+00,    0.23895E+00,    0.97627E+00
    0.20370E+00,    0.34794E-01,    0.96737E+00
    0.29464E+00,   -0.17700E+00,    0.93214E+00
    0.26265E+00,   -0.11888E+00,    0.94595E+00
    0.26635E+00,   -0.12631E+00,    0.94443E+00
    0.18850E+00,    0.42191E+00,    0.97204E+00
    0.21062E+00,    0.98127E-02,    0.96513E+00
    0.21850E+00,   -0.14418E-01,    0.96249E+00
    0.17431E+00,    0.20857E+00,    0.97607E+00
    0.17639E+00,    0.33972E+00,    0.97550E+00
    0.24688E+00,   -0.86941E-01,    0.95220E+00
    0.30316E+00,   -0.19208E+00,    0.92821E+00
    0.33733E+00,   -0.24241E+00,    0.91137E+00
    0.17872E+00,    0.15607E+00,    0.97485E+00
    0.19997E+00,    0.44400E-01,    0.96855E+00
    0.25648E+00,   -0.10876E+00,    0.94844E+00
    0.18198E+00,    0.13050E+00,    0.97393E+00
    0.36651E+00,   -0.28052E+00,    0.89566E+00
    0.19582E+00,    0.46006E+00,    0.96983E+00
    0.17519E+00,    0.18236E+00,    0.97583E+00
    0.18719E+00,    0.98031E-01,    0.97242E+00
    0.31168E+00,   -0.20716E+00,    0.92417E+00
    0.23563E+00,   -0.63844E-01,    0.95642E+00
    0.38826E+00,   -0.30694E+00,    0.88316E+00
    0.17602E+00,    0.35246E+00,    0.97560E+00
    0.22559E+00,   -0.39889E-01,    0.96003E+00
    0.18164E+00,    0.39639E+00,    0.97403E+00
    0.17062E+00,    0.25305E+00,    0.97707E+00
    0.18796E+00,    0.43096E+00,    0.97220E+00
    0.27056E+00,   -0.13983E+00,    0.94268E+00
    0.34906E+00,   -0.26098E+00,    0.90520E+00
    0.19587E+00,    0.53448E-01,    0.96982E+00
    0.17080E+00,    0.23254E+00,    0.97702E+00
    0.17296E+00,    0.32729E+00,    0.97644E+00
    0.26776E+00,   -0.13530E+00,    0.94385E+00
    0.32020E+00,   -0.22225E+00,    0.92002E+00
    0.17198E+00,    0.31733E+00,    0.97670E+00
    0.21075E+00,    0.87075E-04,    0.96509E+00
    0.18359E+00,    0.10734E+00,    0.97347E+00
    0.17101E+00,    0.30738E+00,    0.97697E+00
    0.16978E+00,    0.24733E+00,    0.97729E+00
    0.20279E+00,    0.24726E-01,    0.96766E+00
    0.39080E+00,   -0.31213E+00,    0.88166E+00
    0.24889E+00,   -0.98779E-01,    0.95142E+00
    0.26478E+00,   -0.13116E+00,    0.94508E+00
    0.17366E+00,    0.17315E+00,    0.97625E+00
    0.17004E+00,    0.29743E+00,    0.97723E+00
    0.24040E+00,   -0.80928E-01,    0.95465E+00
    0.19225E+00,    0.62757E-01,    0.97092E+00
    0.17499E+00,    0.36181E+00,    0.97589E+00
    0.21808E+00,   -0.25253E-01,    0.96263E+00
    0.37017E+00,   -0.28972E+00,    0.89360E+00
    0.17098E+00,    0.19895E+00,    0.97698E+00
    0.18137E+00,    0.40612E+00,    0.97410E+00
    0.16907E+00,    0.28748E+00,    0.97748E+00
    0.17609E+00,    0.14674E+00,    0.97558E+00
    0.19151E+00,    0.45699E+00,    0.97114E+00
    0.32872E+00,   -0.23733E+00,    0.91577E+00
    0.28603E+00,   -0.17192E+00,    0.93601E+00
    0.16851E+00,    0.24100E+00,    0.97763E+00
    0.18744E+00,    0.44038E+00,    0.97235E+00
    0.35309E+00,   -0.27010E+00,    0.90303E+00
    0.22619E+00,   -0.49448E-01,    0.95982E+00
    0.16809E+00,    0.27752E+00,    0.97774E+00
    0.29455E+00,   -0.18700E+00,    0.93218E+00
    0.16882E+00,    0.21827E+00,    0.97755E+00
    0.18873E+00,    0.72108E-01,    0.97197E+00
    0.17984E+00,    0.11656E+00,    0.97454E+00
    0.17591E+00,    0.38091E+00,    0.97563E+00
    0.30307E+00,   -0.20208E+00,    0.92825E+00
    0.19120E+00,    0.46200E+00,    0.97124E+00
    0.26886E+00,   -0.14443E+00,    0.94339E+00
    0.16657E+00,    0.25656E+00,    0.97814E+00
    0.17373E+00,    0.37171E+00,    0.97623E+00
    0.20999E+00,   -0.98056E-02,    0.96534E+00
    0.38559E+00,   -0.31147E+00,    0.88473E+00
    0.18049E+00,    0.41602E+00,    0.97435E+00
    0.26546E+00,   -0.13976E+00,    0.94480E+00
    0.18758E+00,    0.45049E+00,    0.97231E+00
    0.20197E+00,    0.14810E-01,    0.96792E+00
    0.18482E+00,    0.81222E-01,    0.97311E+00
    0.37405E+00,   -0.29882E+00,    0.89140E+00
    0.31159E+00,   -0.21716E+00,    0.92422E+00
    0.16562E+00,    0.26517E+00,    0.97839E+00
    0.16563E+00,    0.25013E+00,    0.97839E+00
    0.21762E+00,   -0.33902E-01,    0.96279E+00
    0.17431E+00,    0.13691E+00,    0.97607E+00
    0.16832E+00,    0.18934E+00,    0.97768E+00
    0.17069E+00,    0.16363E+00,    0.97705E+00
    0.26198E+00,   -0.13514E+00,    0.94622E+00
    0.35667E+00,   -0.27940E+00,    0.90109E+00
    0.23289E+00,   -0.74363E-01,    0.95742E+00
    0.33799E+00,   -0.25598E+00,    0.91103E+00
    0.16480E+00,    0.24442E+00,    0.97860E+00
    0.25783E+00,   -0.12823E+00,    0.94790E+00
    0.38766E+00,   -0.31604E+00,    0.88351E+00
    0.27165E+00,   -0.15483E+00,    0.94222E+00
    0.32011E+00,   -0.23224E+00,    0.92007E+00
    0.18125E+00,    0.90006E-01,    0.97414E+00
    0.37920E+00,   -0.30757E+00,    0.88845E+00
    0.19451E+00,    0.32903E-01,    0.97023E+00
    0.16819E+00,    0.34630E+00,    0.97772E+00
    0.17384E+00,    0.39062E+00,    0.97620E+00
    0.18691E+00,    0.45813E+00,    0.97250E+00
    0.22540E+00,   -0.59391E-01,    0.96010E+00
    0.17959E+00,    0.42592E+00,    0.97461E+00
    0.28593E+00,   -0.18192E+00,    0.93605E+00
    0.21012E+00,   -0.19727E-01,    0.96529E+00
    0.20203E+00,    0.48268E-02,    0.96790E+00
    0.23774E+00,   -0.90280E-01,    0.95564E+00
    0.21843E+00,   -0.43838E-01,    0.96251E+00
    0.19003E+00,    0.45349E-01,    0.97158E+00
    0.18090E+00,    0.43581E+00,    0.97424E+00
    0.36092E+00,   -0.28835E+00,    0.89876E+00
    0.29445E+00,   -0.19700E+00,    0.93223E+00
    0.24668E+00,   -0.11051E+00,    0.95227E+00
    0.16418E+00,    0.20627E+00,    0.97876E+00
    0.16907E+00,    0.15376E+00,    0.97748E+00
    0.32862E+00,   -0.24733E+00,    0.91582E+00
    0.16588E+00,    0.17917E+00,    0.97832E+00
    0.16207E+00,    0.25861E+00,    0.97930E+00
    0.17726E+00,    0.99171E-01,    0.97526E+00
    0.25127E+00,   -0.12102E+00,    0.95049E+00
    0.27579E+00,   -0.16698E+00,    0.94046E+00
    0.18656E+00,    0.46389E+00,    0.97261E+00
    0.26309E+00,   -0.14417E+00,    0.94577E+00
    0.26557E+00,   -0.14891E+00,    0.94475E+00
    0.16482E+00,    0.33311E+00,    0.97860E+00
    0.16385E+00,    0.32315E+00,    0.97885E+00
    0.30297E+00,   -0.21208E+00,    0.92830E+00
    0.16690E+00,    0.35618E+00,    0.97806E+00
    0.18632E+00,    0.54838E-01,    0.97268E+00
    0.17174E+00,    0.12726E+00,    0.97677E+00
    0.16142E+00,    0.25287E+00,    0.97947E+00
    0.38205E+00,   -0.31468E+00,    0.88680E+00
    0.16140E+00,    0.24735E+00,    0.97947E+00
    0.22673E+00,   -0.68811E-01,    0.95963E+00
    0.16288E+00,    0.31320E+00,    0.97910E+00
    0.34321E+00,   -0.26867E+00,    0.90830E+00
    0.25995E+00,   -0.14019E+00,    0.94704E+00
    0.16191E+00,    0.30325E+00,    0.97935E+00
    0.16113E+00,    0.22764E+00,    0.97954E+00
    0.16093E+00,    0.29330E+00,    0.97959E+00
    0.17369E+00,    0.10869E+00,    0.97624E+00
    0.31149E+00,   -0.22716E+00,    0.92426E+00
    0.20174E+00,   -0.41894E-02,    0.96799E+00
    0.19387E+00,    0.20316E-01,    0.97043E+00
    0.16447E+00,    0.16931E+00,    0.97869E+00
    0.38448E+00,   -0.31992E+00,    0.88538E+00
    0.15996E+00,    0.28334E+00,    0.97984E+00
    0.16600E+00,    0.36611E+00,    0.97829E+00
    0.23074E+00,   -0.83239E-01,    0.95820E+00
    0.36415E+00,   -0.29767E+00,    0.89698E+00
    0.20917E+00,   -0.29605E-01,    0.96561E+00
    0.17090E+00,    0.40411E+00,    0.97700E+00
    0.17858E+00,    0.44405E+00,    0.97489E+00
    0.18238E+00,    0.46075E+00,    0.97381E+00
    0.16645E+00,    0.14412E+00,    0.97817E+00
    0.15884E+00,    0.23959E+00,    0.98012E+00
    0.16097E+00,    0.19596E+00,    0.97958E+00
    0.32001E+00,   -0.24224E+00,    0.92012E+00
    0.34694E+00,   -0.27793E+00,    0.90633E+00
    0.27732E+00,   -0.17684E+00,    0.93981E+00
    0.17882E+00,    0.73246E-01,    0.97482E+00
    0.26345E+00,   -0.15258E+00,    0.94562E+00
    0.16994E+00,    0.11795E+00,    0.97725E+00
    0.21772E+00,   -0.55162E-01,    0.96276E+00
    0.23738E+00,   -0.10125E+00,    0.95578E+00
    0.25840E+00,   -0.14394E+00,    0.94767E+00
    0.28584E+00,   -0.19192E+00,    0.93609E+00
    0.18081E+00,    0.62180E-01,    0.97426E+00
    0.26064E+00,   -0.14855E+00,    0.94677E+00
    0.15753E+00,    0.26212E+00,    0.98044E+00
    0.16640E+00,    0.38396E+00,    0.97819E+00
    0.15718E+00,    0.25553E+00,    0.98053E+00
    0.29436E+00,   -0.20700E+00,    0.93227E+00
    0.19387E+00,    0.10517E-01,    0.97043E+00
    0.18190E+00,    0.46574E+00,    0.97395E+00
    0.16478E+00,    0.37592E+00,    0.97861E+00
    0.17887E+00,    0.45423E+00,    0.97481E+00
    0.15654E+00,    0.24979E+00,    0.98069E+00
    0.20139E+00,   -0.14884E-01,    0.96810E+00
    0.17490E+00,    0.82440E-01,    0.97591E+00
    0.36801E+00,   -0.30627E+00,    0.89482E+00
    0.32853E+00,   -0.25732E+00,    0.91587E+00
    0.37929E+00,   -0.31915E+00,    0.88840E+00
    0.15928E+00,    0.18621E+00,    0.98001E+00
    0.35106E+00,   -0.28687E+00,    0.90413E+00
    0.25346E+00,   -0.13870E+00,    0.94963E+00
    0.15721E+00,    0.21350E+00,    0.98052E+00
    0.16174E+00,    0.16008E+00,    0.97939E+00
    0.20947E+00,   -0.39473E-01,    0.96551E+00
    0.30288E+00,   -0.22208E+00,    0.92834E+00
    0.16468E+00,    0.13433E+00,    0.97863E+00
    0.15535E+00,    0.27036E+00,    0.98098E+00
    0.22340E+00,   -0.76766E-01,    0.96080E+00
    0.18489E+00,    0.35063E-01,    0.97309E+00
    0.16875E+00,    0.41387E+00,    0.97757E+00
    0.17144E+00,    0.91793E-01,    0.97685E+00
    0.38126E+00,   -0.32376E+00,    0.88725E+00
    0.31140E+00,   -0.23716E+00,    0.92430E+00
    0.37297E+00,   -0.31512E+00,    0.89201E+00
    0.15896E+00,    0.35012E+00,    0.98009E+00
    0.33326E+00,   -0.26769E+00,    0.91346E+00
    0.26128E+00,   -0.15772E+00,    0.94651E+00
    0.17769E+00,    0.46178E+00,    0.97514E+00
    0.24651E+00,   -0.12978E+00,    0.95234E+00
    0.15775E+00,    0.17668E+00,    0.98039E+00
    0.26489E+00,   -0.16460E+00,    0.94503E+00
    0.19323E+00,    0.59669E-03,    0.97062E+00
    0.26871E+00,   -0.17176E+00,    0.94345E+00
    0.25812E+00,   -0.15288E+00,    0.94778E+00
    0.22882E+00,   -0.93545E-01,    0.95889E+00
    0.24166E+00,   -0.12108E+00,    0.95418E+00
    0.20102E+00,   -0.23832E-01,    0.96822E+00
    0.21746E+00,   -0.67511E-01,    0.96284E+00
    0.27723E+00,   -0.18684E+00,    0.93985E+00
    0.15669E+00,    0.33892E+00,    0.98065E+00
    0.21015E+00,   -0.49441E-01,    0.96528E+00
    0.15572E+00,    0.32897E+00,    0.98089E+00
    0.18527E+00,    0.25399E-01,    0.97298E+00
    0.15288E+00,    0.25812E+00,    0.98158E+00
    0.25488E+00,   -0.14810E+00,    0.94907E+00
    0.16755E+00,    0.10085E+00,    0.97789E+00
    0.15975E+00,    0.15036E+00,    0.97989E+00
    0.15475E+00,    0.31902E+00,    0.98113E+00
    0.16839E+00,    0.42430E+00,    0.97766E+00
    0.23669E+00,   -0.11241E+00,    0.95603E+00
    0.15260E+00,    0.25303E+00,    0.98164E+00
    0.15258E+00,    0.26362E+00,    0.98165E+00
    0.17096E+00,    0.43773E+00,    0.97698E+00
    0.28575E+00,   -0.20192E+00,    0.93613E+00
    0.31992E+00,   -0.25224E+00,    0.92016E+00
    0.15377E+00,    0.30907E+00,    0.98136E+00
    0.16314E+00,    0.39732E+00,    0.97903E+00
    0.17780E+00,    0.50806E-01,    0.97511E+00
    0.16275E+00,    0.12452E+00,    0.97913E+00
    0.17722E+00,    0.46754E+00,    0.97527E+00
    0.15782E+00,    0.36036E+00,    0.98037E+00
    0.15280E+00,    0.29911E+00,    0.98160E+00
    0.35995E+00,   -0.30405E+00,    0.89930E+00
    0.37568E+00,   -0.32228E+00,    0.89047E+00
    0.29427E+00,   -0.21700E+00,    0.93231E+00
    0.15333E+00,    0.20240E+00,    0.98147E+00
    0.15183E+00,    0.28916E+00,    0.98183E+00
    0.33700E+00,   -0.27694E+00,    0.91154E+00
    0.15142E+00,    0.22953E+00,    0.98193E+00
    0.35386E+00,   -0.29831E+00,    0.90262E+00
    0.19324E+00,   -0.93449E-02,    0.97062E+00
    0.17244E+00,    0.65570E-01,    0.97658E+00
    0.30279E+00,   -0.23208E+00,    0.92838E+00
    0.18521E+00,    0.15412E-01,    0.97300E+00
    0.15480E+00,    0.16715E+00,    0.98111E+00
    0.37801E+00,   -0.32757E+00,    0.88913E+00
    0.17760E+00,    0.40821E-01,    0.97517E+00
    0.16213E+00,    0.11252E+00,    0.97929E+00
    0.22134E+00,   -0.86500E-01,    0.96151E+00
    0.25809E+00,   -0.16146E+00,    0.94780E+00
    0.20066E+00,   -0.34802E-01,    0.96833E+00
    0.16964E+00,    0.44754E+00,    0.97733E+00
    0.16904E+00,    0.74956E-01,    0.97749E+00
    0.25553E+00,   -0.15718E+00,    0.94882E+00
    0.15720E+00,    0.14090E+00,    0.98052E+00
    0.15159E+00,    0.19256E+00,    0.98188E+00
    0.14891E+00,    0.26557E+00,    0.98252E+00
    0.16139E+00,    0.40716E+00,    0.97948E+00
    0.34114E+00,   -0.28603E+00,    0.90939E+00
    0.17304E+00,    0.46430E+00,    0.97642E+00
    0.25237E+00,   -0.15234E+00,    0.95006E+00
    0.15710E+00,    0.38165E+00,    0.98055E+00
    0.14855E+00,    0.26064E+00,    0.98260E+00
    0.31130E+00,   -0.24716E+00,    0.92435E+00
    0.14833E+00,    0.24682E+00,    0.98266E+00
    0.14810E+00,    0.25488E+00,    0.98271E+00
    0.27713E+00,   -0.19684E+00,    0.93989E+00
    0.14869E+00,    0.21812E+00,    0.98257E+00
    0.22693E+00,   -0.10401E+00,    0.95956E+00
    0.20868E+00,   -0.61343E-01,    0.96577E+00
    0.18491E+00,    0.61219E-02,    0.97309E+00
    0.24760E+00,   -0.14653E+00,    0.95192E+00
    0.16505E+00,    0.84117E-01,    0.97854E+00
    0.28565E+00,   -0.21192E+00,    0.93617E+00
    0.17252E+00,    0.46929E+00,    0.97656E+00
    0.36182E+00,   -0.31359E+00,    0.89827E+00
    0.16937E+00,    0.45765E+00,    0.97740E+00
    0.19245E+00,   -0.19280E-01,    0.97086E+00
    0.14997E+00,    0.18282E+00,    0.98227E+00
    0.31983E+00,   -0.26224E+00,    0.92021E+00
    0.37283E+00,   -0.32670E+00,    0.89209E+00
    0.17706E+00,    0.30845E-01,    0.97532E+00
    0.14668E+00,    0.23721E+00,    0.98304E+00
    0.26563E+00,   -0.18080E+00,    0.94473E+00
    0.34491E+00,   -0.29474E+00,    0.90740E+00
    0.24203E+00,   -0.13795E+00,    0.95404E+00
    0.26053E+00,   -0.17222E+00,    0.94681E+00
    0.15341E+00,    0.37247E+00,    0.98145E+00
    0.20100E+00,   -0.44788E-01,    0.96822E+00
    0.15208E+00,    0.15755E+00,    0.98177E+00
    0.15586E+00,    0.39100E+00,    0.98085E+00
    0.29417E+00,   -0.22700E+00,    0.93235E+00
    0.15523E+00,    0.13111E+00,    0.98101E+00
    0.14711E+00,    0.20832E+00,    0.98294E+00
    0.14566E+00,    0.27667E+00,    0.98327E+00
    0.16154E+00,    0.92899E-01,    0.97944E+00
    0.16932E+00,    0.55936E-01,    0.97742E+00
    0.21390E+00,   -0.79846E-01,    0.96404E+00
    0.23668E+00,   -0.12970E+00,    0.95604E+00
    0.15922E+00,    0.41677E+00,    0.98002E+00
    0.25587E+00,   -0.16636E+00,    0.94868E+00
    0.16226E+00,    0.43320E+00,    0.97925E+00
    0.37471E+00,   -0.33135E+00,    0.89102E+00
    0.25287E+00,   -0.16142E+00,    0.94987E+00
    0.36660E+00,   -0.32254E+00,    0.89561E+00
    0.14856E+00,    0.34474E+00,    0.98260E+00
    0.30269E+00,   -0.24208E+00,    0.92843E+00
    0.15055E+00,    0.36339E+00,    0.98213E+00
    0.23167E+00,   -0.12106E+00,    0.95786E+00
    0.14953E+00,    0.35470E+00,    0.98237E+00
    0.14443E+00,    0.26886E+00,    0.98355E+00
    0.14758E+00,    0.33479E+00,    0.98283E+00
    0.32719E+00,   -0.27560E+00,    0.91654E+00
    0.25001E+00,   -0.15724E+00,    0.95099E+00
    0.14661E+00,    0.32484E+00,    0.98305E+00
    0.14417E+00,    0.26309E+00,    0.98361E+00
    0.14849E+00,    0.17296E+00,    0.98262E+00
    0.16839E+00,    0.46525E+00,    0.97766E+00
    0.14564E+00,    0.31488E+00,    0.98328E+00
    0.17696E+00,    0.20991E-01,    0.97534E+00
    0.18457E+00,   -0.43834E-02,    0.97319E+00
    0.14368E+00,    0.25804E+00,    0.98372E+00
    0.19268E+00,   -0.29204E-01,    0.97079E+00
    0.14467E+00,    0.30493E+00,    0.98350E+00
    0.15764E+00,    0.10210E+00,    0.98042E+00
    0.21878E+00,   -0.95988E-01,    0.96239E+00
    0.26852E+00,   -0.19176E+00,    0.94353E+00
    0.14370E+00,    0.29498E+00,    0.98372E+00
    0.20198E+00,   -0.56423E-01,    0.96792E+00
    0.15011E+00,    0.14788E+00,    0.98224E+00
    0.35337E+00,   -0.31005E+00,    0.90288E+00
    0.16171E+00,    0.44148E+00,    0.97939E+00
    0.31121E+00,   -0.25716E+00,    0.92439E+00
    0.16907E+00,    0.45949E-01,    0.97748E+00
    0.27704E+00,   -0.20684E+00,    0.93993E+00
    0.15376E+00,    0.40075E+00,    0.98137E+00
    0.14272E+00,    0.28503E+00,    0.98394E+00
    0.14297E+00,    0.22573E+00,    0.98388E+00
    0.16781E+00,    0.47100E+00,    0.97782E+00
    0.33127E+00,   -0.28462E+00,    0.91448E+00
    0.14393E+00,    0.19897E+00,    0.98367E+00
    0.15277E+00,    0.12143E+00,    0.98160E+00
    0.36916E+00,   -0.32976E+00,    0.89417E+00
    0.28556E+00,   -0.22192E+00,    0.93622E+00
    0.15746E+00,    0.42658E+00,    0.98046E+00
    0.20689E+00,   -0.72757E-01,    0.96635E+00
    0.24817E+00,   -0.16094E+00,    0.95170E+00
    0.18421E+00,   -0.13630E-01,    0.97329E+00
    0.17640E+00,    0.11049E-01,    0.97550E+00
    0.25305E+00,   -0.17062E+00,    0.94980E+00
    0.31973E+00,   -0.27224E+00,    0.92026E+00
    0.25013E+00,   -0.16563E+00,    0.95094E+00
    0.29408E+00,   -0.23700E+00,    0.93240E+00
    0.14023E+00,    0.26044E+00,    0.98449E+00
    0.16225E+00,    0.64055E-01,    0.97926E+00
    0.14010E+00,    0.27046E+00,    0.98452E+00
    0.23940E+00,   -0.14647E+00,    0.95502E+00
    0.14865E+00,    0.38433E+00,    0.98258E+00
    0.37138E+00,   -0.33509E+00,    0.89292E+00
    0.13976E+00,    0.26546E+00,    0.98460E+00
    0.16063E+00,    0.45085E+00,    0.97967E+00
    0.15911E+00,    0.76110E-01,    0.98005E+00
    0.22391E+00,   -0.11581E+00,    0.96062E+00
    0.21170E+00,   -0.88990E-01,    0.96477E+00
    0.16849E+00,    0.35991E-01,    0.97764E+00
    0.14464E+00,    0.16423E+00,    0.98350E+00
    0.14224E+00,    0.18912E+00,    0.98405E+00
    0.19170E+00,   -0.39094E-01,    0.97109E+00
    0.24343E+00,   -0.15563E+00,    0.95351E+00
    0.15215E+00,    0.41058E+00,    0.98175E+00
    0.33508E+00,   -0.29383E+00,    0.91253E+00
    0.14028E+00,    0.21558E+00,    0.98448E+00
    0.14758E+00,    0.13821E+00,    0.98283E+00
    0.16373E+00,    0.46769E+00,    0.97888E+00
    0.30260E+00,   -0.25208E+00,    0.92847E+00
    0.13841E+00,    0.25363E+00,    0.98489E+00
    0.25991E+00,   -0.18668E+00,    0.94706E+00
    0.15059E+00,    0.11211E+00,    0.98212E+00
    0.25504E+00,   -0.17917E+00,    0.94901E+00
    0.26843E+00,   -0.20176E+00,    0.94357E+00
    0.15525E+00,    0.85298E-01,    0.98100E+00
    0.13795E+00,    0.24203E+00,    0.98499E+00
    0.34271E+00,   -0.30536E+00,    0.90857E+00
    0.13812E+00,    0.23204E+00,    0.98495E+00
    0.17631E+00,    0.10922E-02,    0.97552E+00
    0.35548E+00,   -0.32078E+00,    0.90174E+00
    0.21670E+00,   -0.10576E+00,    0.96310E+00
    0.16034E+00,    0.46099E+00,    0.97974E+00
    0.27695E+00,   -0.21684E+00,    0.93997E+00
    0.16308E+00,    0.47266E+00,    0.97905E+00
    0.19945E+00,   -0.66089E-01,    0.96871E+00
    0.14063E+00,    0.17926E+00,    0.98440E+00
    0.18391E+00,   -0.24438E-01,    0.97338E+00
    0.16835E+00,    0.26001E-01,    0.97767E+00
    0.36622E+00,   -0.33411E+00,    0.89582E+00
    0.31112E+00,   -0.26716E+00,    0.92444E+00
    0.15390E+00,    0.43530E+00,    0.98133E+00
    0.14261E+00,    0.15444E+00,    0.98396E+00
    0.14640E+00,    0.39414E+00,    0.98310E+00
    0.19184E+00,   -0.48829E-01,    0.97104E+00
    0.15172E+00,    0.94621E-01,    0.98185E+00
    0.28547E+00,   -0.23192E+00,    0.93626E+00
    0.13751E+00,    0.20601E+00,    0.98509E+00
    0.14255E+00,    0.36868E+00,    0.98398E+00
    0.24733E+00,   -0.16978E+00,    0.95202E+00
    0.14566E+00,    0.12844E+00,    0.98327E+00
    0.14150E+00,    0.36036E+00,    0.98421E+00
    0.14042E+00,    0.35056E+00,    0.98445E+00
    0.13945E+00,    0.34061E+00,    0.98466E+00
    0.24442E+00,   -0.16480E+00,    0.95314E+00
    0.13848E+00,    0.33066E+00,    0.98488E+00
    0.16057E+00,    0.51127E-01,    0.97968E+00
    0.20438E+00,   -0.82398E-01,    0.96716E+00
    0.13751E+00,    0.32070E+00,    0.98509E+00
    0.24942E+00,   -0.17449E+00,    0.95122E+00
    0.13530E+00,    0.26776E+00,    0.98556E+00
    0.13537E+00,    0.27353E+00,    0.98555E+00
    0.14989E+00,    0.42026E+00,    0.98229E+00
    0.13514E+00,    0.26198E+00,    0.98559E+00
    0.13653E+00,    0.31075E+00,    0.98530E+00
    0.36008E+00,   -0.32983E+00,    0.89923E+00
    0.36801E+00,   -0.33880E+00,    0.89482E+00
    0.32134E+00,   -0.28368E+00,    0.91946E+00
    0.23121E+00,   -0.14205E+00,    0.95803E+00
    0.13556E+00,    0.30080E+00,    0.98550E+00
    0.29399E+00,   -0.24700E+00,    0.93244E+00
    0.13459E+00,    0.28079E+00,    0.98571E+00
    0.13865E+00,    0.17208E+00,    0.98484E+00
    0.15903E+00,    0.46853E+00,    0.98007E+00
    0.13636E+00,    0.19655E+00,    0.98534E+00
    0.13459E+00,    0.29085E+00,    0.98571E+00
    0.14789E+00,    0.10373E+00,    0.98276E+00
    0.16804E+00,    0.16507E-01,    0.97776E+00
    0.17566E+00,   -0.88629E-02,    0.97570E+00
    0.22534E+00,   -0.13251E+00,    0.96012E+00
    0.18357E+00,   -0.33295E-01,    0.97348E+00
    0.25981E+00,   -0.19668E+00,    0.94710E+00
    0.14066E+00,    0.14464E+00,    0.98440E+00
    0.15257E+00,    0.44517E+00,    0.98165E+00
    0.14473E+00,    0.40389E+00,    0.98348E+00
    0.19235E+00,   -0.59082E-01,    0.97089E+00
    0.16020E+00,    0.41393E-01,    0.97978E+00
    0.30250E+00,   -0.26208E+00,    0.92852E+00
    0.14055E+00,    0.37848E+00,    0.98442E+00
    0.26833E+00,   -0.21176E+00,    0.94361E+00
    0.34642E+00,   -0.31820E+00,    0.90661E+00
    0.14870E+00,    0.43004E+00,    0.98257E+00
    0.32517E+00,   -0.29254E+00,    0.91756E+00
    0.15308E+00,    0.68136E-01,    0.98153E+00
    0.15833E+00,    0.47427E+00,    0.98024E+00
    0.13744E+00,    0.16219E+00,    0.98510E+00
    0.15078E+00,    0.77901E-01,    0.98208E+00
    0.24236E+00,   -0.16903E+00,    0.95392E+00
    0.14314E+00,    0.11876E+00,    0.98384E+00
    0.36249E+00,   -0.33709E+00,    0.89790E+00
    0.13479E+00,    0.18720E+00,    0.98567E+00
    0.13261E+00,    0.22189E+00,    0.98613E+00
    0.21939E+00,   -0.12472E+00,    0.96219E+00
    0.27685E+00,   -0.22684E+00,    0.94001E+00
    0.19726E+00,   -0.75390E-01,    0.96939E+00
    0.24446E+00,   -0.17389E+00,    0.95312E+00
    0.24721E+00,   -0.17898E+00,    0.95207E+00
    0.17585E+00,   -0.18634E-01,    0.97565E+00
    0.20704E+00,   -0.10034E+00,    0.96630E+00
    0.13081E+00,    0.26998E+00,    0.98650E+00
    0.16770E+00,    0.61486E-02,    0.97785E+00
    0.13057E+00,    0.26492E+00,    0.98655E+00
    0.18384E+00,   -0.43275E-01,    0.97340E+00
    0.13064E+00,    0.27487E+00,    0.98654E+00
    0.31102E+00,   -0.27716E+00,    0.92448E+00
    0.21393E+00,   -0.11635E+00,    0.96403E+00
    0.28537E+00,   -0.24192E+00,    0.93630E+00
    0.23228E+00,   -0.15380E+00,    0.95764E+00
    0.16003E+00,    0.31497E-01,    0.97982E+00
    0.15156E+00,    0.45398E+00,    0.98189E+00
    0.36460E+00,   -0.34247E+00,    0.89672E+00
    0.20225E+00,   -0.92131E-01,    0.96783E+00
    0.23679E+00,   -0.16383E+00,    0.95599E+00
    0.13823E+00,    0.13508E+00,    0.98493E+00
    0.13861E+00,    0.38823E+00,    0.98485E+00
    0.12926E+00,    0.23709E+00,    0.98682E+00
    0.15432E+00,    0.47119E+00,    0.98123E+00
    0.15217E+00,    0.56553E-01,    0.98175E+00
    0.29389E+00,   -0.25700E+00,    0.93248E+00
    0.24961E+00,   -0.18854E+00,    0.95114E+00
    0.14539E+00,    0.86896E-01,    0.98333E+00
    0.12969E+00,    0.21220E+00,    0.98673E+00
    0.14109E+00,    0.10900E+00,    0.98430E+00
    0.12821E+00,    0.24758E+00,    0.98703E+00
    0.34900E+00,   -0.32784E+00,    0.90523E+00
    0.25972E+00,   -0.20668E+00,    0.94714E+00
    0.14082E+00,    0.41221E+00,    0.98436E+00
    0.20793E+00,   -0.10970E+00,    0.96601E+00
    0.13129E+00,    0.17798E+00,    0.98640E+00
    0.18992E+00,   -0.68755E-01,    0.97162E+00
    0.17508E+00,   -0.28537E-01,    0.97586E+00
    0.13132E+00,    0.34643E+00,    0.98640E+00
    0.26824E+00,   -0.22176E+00,    0.94365E+00
    0.15954E+00,    0.21540E-01,    0.97994E+00
    0.15357E+00,    0.47583E+00,    0.98141E+00
    0.16697E+00,   -0.39311E-02,    0.97804E+00
    0.13229E+00,    0.35638E+00,    0.98619E+00
    0.13035E+00,    0.33647E+00,    0.98660E+00
    0.13363E+00,    0.36845E+00,    0.98591E+00
    0.14497E+00,    0.43877E+00,    0.98343E+00
    0.12937E+00,    0.32652E+00,    0.98680E+00
    0.23877E+00,   -0.17287E+00,    0.95526E+00
    0.24152E+00,   -0.17795E+00,    0.95423E+00
    0.35946E+00,   -0.34139E+00,    0.89956E+00
    0.30241E+00,   -0.27208E+00,    0.92856E+00
    0.12840E+00,    0.31657E+00,    0.98699E+00
    0.15039E+00,    0.46529E+00,    0.98217E+00
    0.12833E+00,    0.20232E+00,    0.98701E+00
    0.33673E+00,   -0.31579E+00,    0.91168E+00
    0.13282E+00,    0.15351E+00,    0.98608E+00
    0.18321E+00,   -0.53416E-01,    0.97358E+00
    0.14145E+00,    0.42334E+00,    0.98422E+00
    0.12631E+00,    0.26635E+00,    0.98741E+00
    0.12627E+00,    0.25965E+00,    0.98742E+00
    0.12743E+00,    0.30662E+00,    0.98719E+00
    0.12628E+00,    0.27213E+00,    0.98742E+00
    0.27676E+00,   -0.23684E+00,    0.94005E+00
    0.12615E+00,    0.27790E+00,    0.98744E+00
    0.13617E+00,    0.12531E+00,    0.98538E+00
    0.24338E+00,   -0.18314E+00,    0.95353E+00
    0.15166E+00,    0.46584E-01,    0.98187E+00
    0.12646E+00,    0.29666E+00,    0.98738E+00
    0.19485E+00,   -0.85412E-01,    0.97013E+00
    0.35341E+00,   -0.33698E+00,    0.90286E+00
    0.12533E+00,    0.28543E+00,    0.98761E+00
    0.12955E+00,    0.16828E+00,    0.98676E+00
    0.13588E+00,    0.40047E+00,    0.98544E+00
    0.15025E+00,    0.47203E+00,    0.98220E+00
    0.36115E+00,   -0.34611E+00,    0.89863E+00
    0.32768E+00,   -0.30769E+00,    0.91630E+00
    0.12703E+00,    0.19330E+00,    0.98727E+00
    0.28528E+00,   -0.25192E+00,    0.93634E+00
    0.31093E+00,   -0.28717E+00,    0.92453E+00
    0.13884E+00,    0.99095E-01,    0.98480E+00
    0.15937E+00,    0.11572E-01,    0.97998E+00
    0.16709E+00,   -0.13916E-01,    0.97801E+00
    0.17509E+00,   -0.38470E-01,    0.97586E+00
    0.14346E+00,    0.44859E+00,    0.98377E+00
    0.13105E+00,    0.14200E+00,    0.98645E+00
    0.12376E+00,    0.22822E+00,    0.98791E+00
    0.15146E+00,    0.36593E-01,    0.98192E+00
    0.21422E+00,   -0.13396E+00,    0.96393E+00
    0.18274E+00,   -0.61809E-01,    0.97371E+00
    0.21886E+00,   -0.14354E+00,    0.96236E+00
    0.13970E+00,    0.43306E+00,    0.98461E+00
    0.29380E+00,   -0.26700E+00,    0.93252E+00
    0.25963E+00,   -0.21668E+00,    0.94718E+00
    0.20941E+00,   -0.12521E+00,    0.96553E+00
    0.23585E+00,   -0.17684E+00,    0.95634E+00
    0.33943E+00,   -0.32531E+00,    0.91028E+00
    0.23851E+00,   -0.18196E+00,    0.95536E+00
    0.14879E+00,    0.47735E+00,    0.98255E+00
    0.13372E+00,    0.11572E+00,    0.98589E+00
    0.22251E+00,   -0.15274E+00,    0.96111E+00
    0.24933E+00,   -0.20092E+00,    0.95125E+00
    0.22701E+00,   -0.16148E+00,    0.95953E+00
    0.35567E+00,   -0.34429E+00,    0.90164E+00
    0.12495E+00,    0.18567E+00,    0.98768E+00
    0.14375E+00,    0.61939E-01,    0.98371E+00
    0.26815E+00,   -0.23176E+00,    0.94369E+00
    0.12172E+00,    0.27420E+00,    0.98831E+00
    0.18778E+00,   -0.78494E-01,    0.97225E+00
    0.23129E+00,   -0.17041E+00,    0.95800E+00
    0.12148E+00,    0.26781E+00,    0.98836E+00
    0.14109E+00,    0.73065E-01,    0.98430E+00
    0.31924E+00,   -0.30252E+00,    0.92050E+00
    0.24073E+00,   -0.18773E+00,    0.95453E+00
    0.12219E+00,    0.21862E+00,    0.98822E+00
    0.12142E+00,    0.27914E+00,    0.98837E+00
    0.12933E+00,    0.38073E+00,    0.98680E+00
    0.16683E+00,   -0.22920E-01,    0.97807E+00
    0.20402E+00,   -0.11708E+00,    0.96727E+00
    0.15881E+00,    0.16042E-02,    0.98013E+00
    0.14243E+00,    0.45693E+00,    0.98400E+00
    0.30232E+00,   -0.28208E+00,    0.92860E+00
    0.12064E+00,    0.24217E+00,    0.98851E+00
    0.15114E+00,    0.26949E-01,    0.98199E+00
    0.27667E+00,   -0.24684E+00,    0.94009E+00
    0.17458E+00,   -0.48370E-01,    0.97600E+00
    0.13636E+00,    0.89344E-01,    0.98533E+00
    0.12572E+00,    0.15863E+00,    0.98753E+00
    0.35767E+00,   -0.34971E+00,    0.90055E+00
    0.12928E+00,    0.39145E+00,    0.98681E+00
    0.13348E+00,    0.41740E+00,    0.98594E+00
    0.12863E+00,    0.13230E+00,    0.98695E+00
    0.12083E+00,    0.20885E+00,    0.98848E+00
    0.14487E+00,    0.47310E+00,    0.98345E+00
    0.14331E+00,    0.51953E-01,    0.98381E+00
    0.18193E+00,   -0.71353E-01,    0.97394E+00
    0.19789E+00,   -0.10919E+00,    0.96920E+00
    0.19404E+00,   -0.10060E+00,    0.97038E+00
    0.28519E+00,   -0.26192E+00,    0.93638E+00
    0.12319E+00,    0.35224E+00,    0.98803E+00
    0.12221E+00,    0.34229E+00,    0.98821E+00
    0.34237E+00,   -0.33476E+00,    0.90874E+00
    0.12422E+00,    0.36255E+00,    0.98782E+00
    0.12124E+00,    0.33234E+00,    0.98840E+00
    0.13157E+00,    0.10596E+00,    0.98634E+00
    0.24146E+00,   -0.19507E+00,    0.95425E+00
    0.32745E+00,   -0.31768E+00,    0.91641E+00
    0.12513E+00,    0.37215E+00,    0.98765E+00
    0.15893E+00,   -0.82446E-02,    0.98010E+00
    0.12027E+00,    0.32239E+00,    0.98859E+00
    0.31073E+00,   -0.29729E+00,    0.92463E+00
    0.25101E+00,   -0.21160E+00,    0.95059E+00
    0.23325E+00,   -0.18139E+00,    0.95729E+00
    0.12190E+00,    0.17467E+00,    0.98827E+00
    0.11930E+00,    0.31243E+00,    0.98877E+00
    0.13611E+00,    0.44194E+00,    0.98539E+00
    0.23544E+00,   -0.18593E+00,    0.95649E+00
    0.13288E+00,    0.42579E+00,    0.98607E+00
    0.15080E+00,    0.16699E-01,    0.98207E+00
    0.16643E+00,   -0.33509E-01,    0.97818E+00
    0.11832E+00,    0.30248E+00,    0.98895E+00
    0.25953E+00,   -0.22668E+00,    0.94721E+00
    0.14400E+00,    0.47881E+00,    0.98365E+00
    0.11911E+00,    0.19905E+00,    0.98880E+00
    0.11705E+00,    0.27101E+00,    0.98919E+00
    0.11712E+00,    0.27620E+00,    0.98917E+00
    0.12377E+00,    0.14883E+00,    0.98791E+00
    0.29371E+00,   -0.27700E+00,    0.93257E+00
    0.11672E+00,    0.25090E+00,    0.98925E+00
    0.35241E+00,   -0.34860E+00,    0.90340E+00
    0.23700E+00,   -0.19061E+00,    0.95592E+00
    0.17452E+00,   -0.58357E-01,    0.97601E+00
    0.11679E+00,    0.28196E+00,    0.98923E+00
    0.14309E+00,    0.42028E-01,    0.98385E+00
    0.14034E+00,    0.46665E+00,    0.98447E+00
    0.12655E+00,    0.12265E+00,    0.98736E+00
    0.26805E+00,   -0.24176E+00,    0.94373E+00
    0.11629E+00,    0.28985E+00,    0.98933E+00
    0.12818E+00,    0.40953E+00,    0.98704E+00
    0.13369E+00,    0.79730E-01,    0.98590E+00
    0.11799E+00,    0.18916E+00,    0.98901E+00
    0.12018E+00,    0.16482E+00,    0.98860E+00
    0.21816E+00,   -0.15959E+00,    0.96261E+00
    0.31893E+00,   -0.31251E+00,    0.92065E+00
    0.11521E+00,    0.23368E+00,    0.98952E+00
    0.35414E+00,   -0.35328E+00,    0.90246E+00
    0.20895E+00,   -0.14242E+00,    0.96568E+00
    0.27657E+00,   -0.25684E+00,    0.94013E+00
    0.15830E+00,   -0.18166E-01,    0.98025E+00
    0.30221E+00,   -0.29208E+00,    0.92865E+00
    0.14012E+00,    0.47453E+00,    0.98452E+00
    0.12925E+00,    0.96263E-01,    0.98682E+00
    0.20426E+00,   -0.13377E+00,    0.96719E+00
    0.21302E+00,   -0.15152E+00,    0.96434E+00
    0.18381E+00,   -0.88450E-01,    0.97341E+00
    0.20046E+00,   -0.12616E+00,    0.96840E+00
    0.15014E+00,    0.65660E-02,    0.98223E+00
    0.22663E+00,   -0.17762E+00,    0.95967E+00
    0.13435E+00,    0.45169E+00,    0.98576E+00
    0.34607E+00,   -0.34592E+00,    0.90679E+00
    0.11436E+00,    0.22482E+00,    0.98968E+00
    0.16592E+00,   -0.43479E-01,    0.97831E+00
    0.22149E+00,   -0.16898E+00,    0.96146E+00
    0.14264E+00,    0.32060E-01,    0.98396E+00
    0.12144E+00,    0.13924E+00,    0.98836E+00
    0.22981E+00,   -0.18462E+00,    0.95853E+00
    0.12169E+00,    0.38495E+00,    0.98832E+00
    0.23230E+00,   -0.18983E+00,    0.95764E+00
    0.12997E+00,    0.43524E+00,    0.98667E+00
    0.28509E+00,   -0.27192E+00,    0.93642E+00
    0.11281E+00,    0.27234E+00,    0.98996E+00
    0.12390E+00,    0.40219E+00,    0.98789E+00
    0.25092E+00,   -0.22160E+00,    0.95063E+00
    0.34945E+00,   -0.35141E+00,    0.90499E+00
    0.33263E+00,   -0.33261E+00,    0.91379E+00
    0.23470E+00,   -0.19509E+00,    0.95676E+00
    0.11249E+00,    0.27811E+00,    0.99001E+00
    0.12412E+00,    0.11296E+00,    0.98784E+00
    0.17368E+00,   -0.68677E-01,    0.97625E+00
    0.13919E+00,    0.48023E+00,    0.98472E+00
    0.11233E+00,    0.28312E+00,    0.99004E+00
    0.11198E+00,    0.26447E+00,    0.99010E+00
    0.12584E+00,    0.41872E+00,    0.98750E+00
    0.11293E+00,    0.21493E+00,    0.98993E+00
    0.25944E+00,   -0.23668E+00,    0.94725E+00
    0.19417E+00,   -0.11846E+00,    0.97034E+00
    0.31044E+00,   -0.30723E+00,    0.92477E+00
    0.13158E+00,    0.70108E-01,    0.98634E+00
    0.32715E+00,   -0.32767E+00,    0.91657E+00
    0.15835E+00,   -0.28107E-01,    0.98024E+00
    0.19051E+00,   -0.11074E+00,    0.97144E+00
    0.15021E+00,   -0.34245E-02,    0.98221E+00
    0.13324E+00,    0.45969E+00,    0.98600E+00
    0.11423E+00,    0.18109E+00,    0.98970E+00
    0.29362E+00,   -0.28700E+00,    0.93261E+00
    0.14220E+00,    0.21517E-01,    0.98405E+00
    0.11053E+00,    0.24199E+00,    0.99036E+00
    0.26796E+00,   -0.25176E+00,    0.94376E+00
    0.16593E+00,   -0.53273E-01,    0.97831E+00
    0.11627E+00,    0.15539E+00,    0.98933E+00
    0.12675E+00,    0.86904E-01,    0.98733E+00
    0.17555E+00,   -0.79028E-01,    0.97573E+00
    0.11985E+00,    0.39478E+00,    0.98866E+00
    0.11408E+00,    0.34811E+00,    0.98973E+00
    0.11144E+00,    0.20544E+00,    0.99020E+00
    0.11505E+00,    0.35806E+00,    0.98955E+00
    0.11311E+00,    0.33816E+00,    0.98990E+00
    0.35059E+00,   -0.35681E+00,    0.90438E+00
    0.11913E+00,    0.12930E+00,    0.98880E+00
    0.11603E+00,    0.36802E+00,    0.98938E+00
    0.11214E+00,    0.32821E+00,    0.99007E+00
    0.13454E+00,    0.47184E-01,    0.98572E+00
    0.11700E+00,    0.37797E+00,    0.98920E+00
    0.11116E+00,    0.31825E+00,    0.99025E+00
    0.13183E+00,    0.58325E-01,    0.98629E+00
    0.13529E+00,    0.47667E+00,    0.98556E+00
    0.11019E+00,    0.30830E+00,    0.99042E+00
    0.27648E+00,   -0.26684E+00,    0.94017E+00
    0.22697E+00,   -0.18916E+00,    0.95954E+00
    0.12208E+00,    0.10319E+00,    0.98824E+00
    0.33544E+00,   -0.34196E+00,    0.91234E+00
    0.31866E+00,   -0.32239E+00,    0.92078E+00
    0.12724E+00,    0.44482E+00,    0.98723E+00
    0.14997E+00,   -0.12662E-01,    0.98227E+00
    0.22910E+00,   -0.19369E+00,    0.95879E+00
    0.11251E+00,    0.17124E+00,    0.99001E+00
    0.30193E+00,   -0.30201E+00,    0.92878E+00
    0.10790E+00,    0.27356E+00,    0.99081E+00
    0.13217E+00,    0.46974E+00,    0.98622E+00
    0.12333E+00,    0.42837E+00,    0.98800E+00
    0.10995E+00,    0.19508E+00,    0.99046E+00
    0.10782E+00,    0.27995E+00,    0.99082E+00
    0.14191E+00,    0.11955E-01,    0.98412E+00
    0.15757E+00,   -0.38006E-01,    0.98043E+00
    0.23537E+00,   -0.20583E+00,    0.95652E+00
    0.28528E+00,   -0.28119E+00,    0.93634E+00
    0.11445E+00,    0.14559E+00,    0.98966E+00
    0.25083E+00,   -0.23160E+00,    0.95067E+00
    0.34516E+00,   -0.35483E+00,    0.90727E+00
    0.13437E+00,    0.48161E+00,    0.98576E+00
    0.10731E+00,    0.28571E+00,    0.99091E+00
    0.23061E+00,   -0.19898E+00,    0.95825E+00
    0.10749E+00,    0.29362E+00,    0.99088E+00
    0.13421E+00,    0.37434E-01,    0.98579E+00
    0.10689E+00,    0.23172E+00,    0.99098E+00
    0.24043E+00,   -0.21651E+00,    0.95464E+00
    0.19962E+00,   -0.14244E+00,    0.96866E+00
    0.16530E+00,   -0.63241E-01,    0.97847E+00
    0.11706E+00,    0.11952E+00,    0.98918E+00
    0.12467E+00,    0.77128E-01,    0.98774E+00
    0.25935E+00,   -0.24668E+00,    0.94729E+00
    0.20828E+00,   -0.16021E+00,    0.96590E+00
    0.11862E+00,    0.41199E+00,    0.98890E+00
    0.21181E+00,   -0.16726E+00,    0.96474E+00
    0.17876E+00,   -0.98073E-01,    0.97484E+00
    0.19057E+00,   -0.12484E+00,    0.97142E+00
    0.20305E+00,   -0.15172E+00,    0.96758E+00
    0.19431E+00,   -0.13402E+00,    0.97030E+00
    0.31011E+00,   -0.31723E+00,    0.92492E+00
    0.21572E+00,   -0.17628E+00,    0.96343E+00
    0.17429E+00,   -0.89462E-01,    0.97608E+00
    0.14194E+00,    0.21194E-02,    0.98411E+00
    0.14967E+00,   -0.23175E-01,    0.98234E+00
    0.22425E+00,   -0.19220E+00,    0.96050E+00
    0.34699E+00,   -0.36030E+00,    0.90630E+00
    0.29357E+00,   -0.29698E+00,    0.93263E+00
    0.26787E+00,   -0.26176E+00,    0.94380E+00
    0.15783E+00,   -0.47759E-01,    0.98037E+00
    0.10531E+00,    0.22137E+00,    0.99124E+00
    0.10451E+00,    0.25210E+00,    0.99138E+00
    0.13058E+00,    0.47725E+00,    0.98655E+00
    0.11965E+00,    0.93500E-01,    0.98870E+00
    0.18161E+00,   -0.10807E+00,    0.97404E+00
    0.12522E+00,    0.45450E+00,    0.98763E+00
    0.22034E+00,   -0.18721E+00,    0.96186E+00
    0.13382E+00,    0.26955E-01,    0.98587E+00
    0.10649E+00,    0.18774E+00,    0.99105E+00
    0.11204E+00,    0.13590E+00,    0.99009E+00
    0.18483E+00,   -0.11739E+00,    0.97311E+00
    0.22583E+00,   -0.19749E+00,    0.95995E+00
    0.10868E+00,    0.16190E+00,    0.99068E+00
    0.10339E+00,    0.27666E+00,    0.99156E+00
    0.32617E+00,   -0.33935E+00,    0.91706E+00
    0.12690E+00,    0.52075E-01,    0.98730E+00
    0.12035E+00,    0.43781E+00,    0.98857E+00
    0.10313E+00,    0.28172E+00,    0.99160E+00
    0.27638E+00,   -0.27684E+00,    0.94021E+00
    0.24221E+00,   -0.22652E+00,    0.95397E+00
    0.10281E+00,    0.28672E+00,    0.99166E+00
    0.10363E+00,    0.21153E+00,    0.99152E+00
    0.11469E+00,    0.10990E+00,    0.98962E+00
    0.22797E+00,   -0.20365E+00,    0.95919E+00
    0.12270E+00,    0.66953E-01,    0.98812E+00
    0.16476E+00,   -0.73188E-01,    0.97861E+00
    0.12954E+00,    0.48293E+00,    0.98676E+00
    0.11633E+00,    0.42169E+00,    0.98932E+00
    0.30163E+00,   -0.31192E+00,    0.92892E+00
    0.34163E+00,   -0.35901E+00,    0.90913E+00
    0.25073E+00,   -0.24160E+00,    0.95070E+00
    0.14933E+00,   -0.32380E-01,    0.98242E+00
    0.14143E+00,   -0.78219E-02,    0.98423E+00
    0.12400E+00,    0.46227E+00,    0.98787E+00
    0.10119E+00,    0.26152E+00,    0.99192E+00
    0.28531E+00,   -0.29180E+00,    0.93632E+00
    0.10595E+00,    0.35393E+00,    0.99114E+00
    0.10498E+00,    0.34398E+00,    0.99130E+00
    0.10692E+00,    0.36388E+00,    0.99097E+00
    0.10400E+00,    0.33402E+00,    0.99146E+00
    0.10789E+00,    0.37383E+00,    0.99081E+00
    0.10303E+00,    0.32407E+00,    0.99162E+00
    0.13329E+00,    0.16999E-01,    0.98599E+00
    0.10886E+00,    0.38379E+00,    0.99064E+00
    0.10684E+00,    0.15207E+00,    0.99099E+00
    0.10206E+00,    0.31412E+00,    0.99178E+00
    0.15700E+00,   -0.57673E-01,    0.98057E+00
    0.25925E+00,   -0.25668E+00,    0.94733E+00
    0.10221E+00,    0.20166E+00,    0.99175E+00
    0.10397E+00,    0.17807E+00,    0.99147E+00
    0.11725E+00,    0.83800E-01,    0.98915E+00
    0.11158E+00,    0.40490E+00,    0.99017E+00
    0.10984E+00,    0.39374E+00,    0.99048E+00
    0.32981E+00,   -0.34827E+00,    0.91522E+00
    0.10109E+00,    0.30417E+00,    0.99193E+00
    0.10962E+00,    0.12620E+00,    0.99051E+00
    0.99861E-01,    0.27134E+00,    0.99213E+00
    0.34336E+00,   -0.36376E+00,    0.90822E+00
    0.33509E+00,   -0.35502E+00,    0.91253E+00
    0.22027E+00,   -0.19590E+00,    0.96188E+00
    0.99611E-01,    0.27816E+00,    0.99216E+00
    0.12553E+00,    0.42316E-01,    0.98757E+00
    0.22946E+00,   -0.21209E+00,    0.95866E+00
    0.11832E+00,    0.44743E+00,    0.98895E+00
    0.12546E+00,    0.47921E+00,    0.98758E+00
    0.26777E+00,   -0.27176E+00,    0.94384E+00
    0.31736E+00,   -0.33577E+00,    0.92142E+00
    0.22250E+00,   -0.20124E+00,    0.96111E+00
    0.14971E+00,   -0.42355E-01,    0.98233E+00
    0.11255E+00,    0.10040E+00,    0.99000E+00
    0.30990E+00,   -0.32718E+00,    0.92502E+00
    0.14143E+00,   -0.17776E-01,    0.98423E+00
    0.29334E+00,   -0.30696E+00,    0.93273E+00
    0.98482E-01,    0.24095E+00,    0.99234E+00
    0.19856E+00,   -0.15846E+00,    0.96899E+00
    0.98407E-01,    0.28340E+00,    0.99235E+00
    0.12047E+00,    0.57390E-01,    0.98855E+00
    0.23360E+00,   -0.22143E+00,    0.95716E+00
    0.18974E+00,   -0.14109E+00,    0.97167E+00
    0.16411E+00,   -0.83164E-01,    0.97878E+00
    0.13327E+00,    0.70095E-02,    0.98599E+00
    0.11375E+00,    0.43086E+00,    0.98979E+00
    0.27688E+00,   -0.28643E+00,    0.94000E+00
    0.22405E+00,   -0.20628E+00,    0.96057E+00
    0.10486E+00,    0.14280E+00,    0.99132E+00
    0.19360E+00,   -0.15029E+00,    0.97051E+00
    0.10184E+00,    0.16886E+00,    0.99181E+00
    0.20230E+00,   -0.16761E+00,    0.96782E+00
    0.97699E-01,    0.28914E+00,    0.99246E+00
    0.33798E+00,   -0.36166E+00,    0.91103E+00
    0.24212E+00,   -0.23652E+00,    0.95401E+00
    0.18065E+00,   -0.12376E+00,    0.97431E+00
    0.12469E+00,    0.48420E+00,    0.98773E+00
    0.18475E+00,   -0.13286E+00,    0.97313E+00
    0.99272E-01,    0.19478E+00,    0.99222E+00
    0.97457E-01,    0.22753E+00,    0.99250E+00
    0.12539E+00,    0.32328E-01,    0.98759E+00
    0.12189E+00,    0.47364E+00,    0.98828E+00
    0.20582E+00,   -0.17522E+00,    0.96669E+00
    0.10747E+00,    0.11678E+00,    0.99088E+00
    0.11516E+00,    0.74108E-01,    0.98953E+00
    0.25064E+00,   -0.25160E+00,    0.95074E+00
    0.10905E+00,    0.41484E+00,    0.99061E+00
    0.17175E+00,   -0.10659E+00,    0.97677E+00
    0.15579E+00,   -0.67694E-01,    0.98087E+00
    0.17550E+00,   -0.11582E+00,    0.97574E+00
    0.30146E+00,   -0.32190E+00,    0.92900E+00
    0.32047E+00,   -0.34476E+00,    0.91989E+00
    0.95790E-01,    0.29500E+00,    0.99275E+00
    0.13304E+00,   -0.24093E-02,    0.98604E+00
    0.95933E-01,    0.21791E+00,    0.99273E+00
    0.14080E+00,   -0.27718E-01,    0.98437E+00
    0.21745E+00,   -0.20011E+00,    0.96285E+00
    0.12161E+00,    0.48069E+00,    0.98833E+00
    0.11605E+00,    0.45704E+00,    0.98937E+00
    0.11257E+00,    0.44037E+00,    0.99000E+00
    0.28485E+00,   -0.30183E+00,    0.93653E+00
    0.33970E+00,   -0.36718E+00,    0.91014E+00
    0.14898E+00,   -0.52267E-01,    0.98250E+00
    0.94705E-01,    0.25398E+00,    0.99292E+00
    0.25916E+00,   -0.26668E+00,    0.94736E+00
    0.16562E+00,   -0.95572E-01,    0.97839E+00
    0.10007E+00,    0.15926E+00,    0.99209E+00
    0.11006E+00,    0.90746E-01,    0.99044E+00
    0.94366E-01,    0.27927E+00,    0.99297E+00
    0.12498E+00,    0.22344E-01,    0.98768E+00
    0.21910E+00,   -0.20493E+00,    0.96228E+00
    0.96851E-01,    0.18508E+00,    0.99259E+00
    0.10244E+00,    0.13312E+00,    0.99171E+00
    0.11797E+00,    0.47902E-01,    0.98902E+00
    0.93658E-01,    0.28501E+00,    0.99307E+00
    0.94621E-01,    0.20520E+00,    0.99293E+00
    0.22115E+00,   -0.21033E+00,    0.96158E+00
    0.26768E+00,   -0.28176E+00,    0.94388E+00
    0.20728E+00,   -0.18659E+00,    0.96622E+00
    0.23351E+00,   -0.23143E+00,    0.95720E+00
    0.96842E-01,    0.34979E+00,    0.99259E+00
    0.97814E-01,    0.35975E+00,    0.99244E+00
    0.95870E-01,    0.33984E+00,    0.99274E+00
    0.10511E+00,    0.10707E+00,    0.99128E+00
    0.21176E+00,   -0.19531E+00,    0.96475E+00
    0.92803E-01,    0.28958E+00,    0.99320E+00
    0.98787E-01,    0.36970E+00,    0.99229E+00
    0.94897E-01,    0.32989E+00,    0.99289E+00
    0.33381E+00,   -0.36457E+00,    0.91319E+00
    0.11983E+00,    0.48543E+00,    0.98867E+00
    0.99759E-01,    0.37965E+00,    0.99214E+00
    0.93925E-01,    0.31994E+00,    0.99303E+00
    0.11280E+00,    0.64395E-01,    0.98996E+00
    0.29294E+00,   -0.31683E+00,    0.93291E+00
    0.14091E+00,   -0.37647E-01,    0.98434E+00
    0.11470E+00,    0.46466E+00,    0.98962E+00
    0.30947E+00,   -0.33727E+00,    0.92523E+00
    0.13277E+00,   -0.12798E-01,    0.98609E+00
    0.15526E+00,   -0.77481E-01,    0.98100E+00
    0.24203E+00,   -0.24651E+00,    0.95404E+00
    0.10073E+00,    0.38961E+00,    0.99199E+00
    0.92953E-01,    0.30998E+00,    0.99318E+00
    0.91383E-01,    0.26317E+00,    0.99340E+00
    0.12493E+00,    0.12464E-01,    0.98769E+00
    0.27645E+00,   -0.29642E+00,    0.94018E+00
    0.10594E+00,    0.42467E+00,    0.99114E+00
    0.10170E+00,    0.39956E+00,    0.99183E+00
    0.97624E-01,    0.14969E+00,    0.99247E+00
    0.19414E+00,   -0.16591E+00,    0.97035E+00
    0.10801E+00,    0.80983E-01,    0.99079E+00
    0.14815E+00,   -0.62154E-01,    0.98270E+00
    0.94329E-01,    0.17544E+00,    0.99297E+00
    0.25055E+00,   -0.26160E+00,    0.95078E+00
    0.21360E+00,   -0.20315E+00,    0.96414E+00
    0.32207E+00,   -0.35457E+00,    0.91910E+00
    0.10010E+00,    0.12342E+00,    0.99209E+00
    0.90156E-01,    0.28139E+00,    0.99358E+00
    0.11683E+00,    0.37410E-01,    0.98923E+00
    0.10935E+00,    0.44979E+00,    0.99056E+00
    0.33600E+00,   -0.37056E+00,    0.91206E+00
    0.11617E+00,    0.48096E+00,    0.98935E+00
    0.21565E+00,   -0.20856E+00,    0.96346E+00
    0.18868E+00,   -0.15887E+00,    0.97199E+00
    0.25906E+00,   -0.27668E+00,    0.94740E+00
    0.17984E+00,   -0.14146E+00,    0.97454E+00
    0.88890E-01,    0.27388E+00,    0.99376E+00
    0.30105E+00,   -0.33187E+00,    0.92919E+00
    0.14071E+00,   -0.46670E-01,    0.98439E+00
    0.10305E+00,    0.97305E-01,    0.99162E+00
    0.13247E+00,   -0.22197E-01,    0.98616E+00
    0.28452E+00,   -0.31149E+00,    0.93668E+00
    0.88883E-01,    0.28653E+00,    0.99376E+00
    0.10201E+00,    0.41806E+00,    0.99178E+00
    0.88827E-01,    0.23495E+00,    0.99377E+00
    0.18362E+00,   -0.15027E+00,    0.97346E+00
    0.19620E+00,   -0.17505E+00,    0.96972E+00
    0.88770E-01,    0.29203E+00,    0.99378E+00
    0.12449E+00,    0.25087E-02,    0.98777E+00
    0.90469E-01,    0.19344E+00,    0.99354E+00
    0.10457E+00,    0.43455E+00,    0.99137E+00
    0.17477E+00,   -0.13287E+00,    0.97595E+00
    0.15515E+00,   -0.87584E-01,    0.98103E+00
    0.17081E+00,   -0.12450E+00,    0.97702E+00
    0.11063E+00,    0.54689E-01,    0.99034E+00
    0.26801E+00,   -0.29106E+00,    0.94374E+00
    0.87752E-01,    0.24687E+00,    0.99392E+00
    0.92441E-01,    0.16563E+00,    0.99325E+00
    0.95295E-01,    0.13997E+00,    0.99283E+00
    0.88141E-01,    0.22407E+00,    0.99386E+00
    0.22109E+00,   -0.22109E+00,    0.96160E+00
    0.21680E+00,   -0.21394E+00,    0.96307E+00
    0.23341E+00,   -0.24143E+00,    0.95723E+00
    0.88338E-01,    0.21328E+00,    0.99384E+00
    0.11496E+00,    0.48661E+00,    0.98957E+00
    0.11638E+00,    0.27442E-01,    0.98931E+00
    0.87634E-01,    0.30014E+00,    0.99393E+00
    0.33068E+00,   -0.36911E+00,    0.91478E+00
    0.16166E+00,   -0.10692E+00,    0.97941E+00
    0.97991E-01,    0.11367E+00,    0.99242E+00
    0.16554E+00,   -0.11605E+00,    0.97841E+00
    0.10558E+00,    0.71305E-01,    0.99120E+00
    0.24193E+00,   -0.25651E+00,    0.95408E+00
    0.11103E+00,    0.47528E+00,    0.99027E+00
    0.19804E+00,   -0.18396E+00,    0.96915E+00
    0.29266E+00,   -0.32647E+00,    0.93304E+00
    0.31203E+00,   -0.35015E+00,    0.92400E+00
    0.12445E+00,   -0.74560E-02,    0.98778E+00
    0.10685E+00,    0.45934E+00,    0.99099E+00
    0.32538E+00,   -0.36542E+00,    0.91745E+00
    0.21053E+00,   -0.20737E+00,    0.96516E+00
    0.85263E-01,    0.25650E+00,    0.99426E+00
    0.13219E+00,   -0.32777E-01,    0.98621E+00
    0.27595E+00,   -0.30638E+00,    0.94039E+00
    0.10283E+00,    0.44244E+00,    0.99165E+00
    0.11175E+00,    0.48275E+00,    0.99014E+00
    0.13993E+00,   -0.56493E-01,    0.98456E+00
    0.90458E-01,    0.15662E+00,    0.99354E+00
    0.84982E-01,    0.28227E+00,    0.99430E+00
    0.25045E+00,   -0.27159E+00,    0.95081E+00
    0.33226E+00,   -0.37390E+00,    0.91397E+00
    0.10064E+00,    0.87702E-01,    0.99200E+00
    0.11629E+00,    0.17449E-01,    0.98933E+00
    0.21213E+00,   -0.21213E+00,    0.96463E+00
    0.87280E-01,    0.18231E+00,    0.99398E+00
    0.15444E+00,   -0.96518E-01,    0.98120E+00
    0.92850E-01,    0.13030E+00,    0.99319E+00
    0.88709E-01,    0.35561E+00,    0.99378E+00
    0.87737E-01,    0.34566E+00,    0.99392E+00
    0.95920E-01,    0.41015E+00,    0.99273E+00
    0.89681E-01,    0.36557E+00,    0.99365E+00
    0.86764E-01,    0.33571E+00,    0.99405E+00
    0.84082E-01,    0.28798E+00,    0.99442E+00
    0.90654E-01,    0.37552E+00,    0.99351E+00
    0.85792E-01,    0.32576E+00,    0.99419E+00
    0.84980E-01,    0.20435E+00,    0.99430E+00
    0.14428E+00,   -0.72428E-01,    0.98358E+00
    0.91626E-01,    0.38547E+00,    0.99337E+00
    0.21400E+00,   -0.21760E+00,    0.96401E+00
    0.20025E+00,   -0.19367E+00,    0.96846E+00
    0.98014E-01,    0.42714E+00,    0.99241E+00
    0.25897E+00,   -0.28668E+00,    0.94744E+00
    0.83426E-01,    0.29294E+00,    0.99450E+00
    0.10837E+00,    0.42737E-01,    0.99073E+00
    0.92598E-01,    0.39542E+00,    0.99323E+00
    0.32769E+00,   -0.37190E+00,    0.91629E+00
    0.84174E-01,    0.31316E+00,    0.99440E+00
    0.14678E+00,   -0.80879E-01,    0.98301E+00
    0.95663E-01,    0.10402E+00,    0.99277E+00
    0.82538E-01,    0.26608E+00,    0.99462E+00
    0.22373E+00,   -0.23499E+00,    0.96068E+00
    0.20455E+00,   -0.20282E+00,    0.96710E+00
    0.10537E+00,    0.46687E+00,    0.99124E+00
    0.10344E+00,    0.61561E-01,    0.99155E+00
    0.28406E+00,   -0.32138E+00,    0.93688E+00
    0.11007E+00,    0.48773E+00,    0.99044E+00
    0.12393E+00,   -0.17416E-01,    0.98788E+00
    0.23332E+00,   -0.25143E+00,    0.95727E+00
    0.11606E+00,    0.78619E-02,    0.98937E+00
    0.26761E+00,   -0.30104E+00,    0.94391E+00
    0.85382E-01,    0.17265E+00,    0.99424E+00
    0.88086E-01,    0.14690E+00,    0.99387E+00
    0.18498E+00,   -0.16955E+00,    0.97307E+00
    0.98628E-01,    0.77927E-01,    0.99232E+00
    0.20669E+00,   -0.21018E+00,    0.96641E+00
    0.16996E+00,   -0.14007E+00,    0.97725E+00
    0.10032E+00,    0.45194E+00,    0.99205E+00
    0.80710E-01,    0.23986E+00,    0.99485E+00
    0.24184E+00,   -0.26651E+00,    0.95411E+00
    0.90775E-01,    0.12058E+00,    0.99349E+00
    0.80680E-01,    0.28427E+00,    0.99486E+00
    0.10801E+00,    0.32749E-01,    0.99079E+00
    0.31447E+00,   -0.36106E+00,    0.92282E+00
    0.17377E+00,   -0.14929E+00,    0.97622E+00
    0.32849E+00,   -0.37721E+00,    0.91589E+00
    0.10651E+00,    0.48319E+00,    0.99104E+00
    0.17784E+00,   -0.15840E+00,    0.97510E+00
    0.30049E+00,   -0.34566E+00,    0.92945E+00
    0.20856E+00,   -0.21565E+00,    0.96581E+00
    0.79575E-01,    0.27683E+00,    0.99500E+00
    0.16093E+00,   -0.12329E+00,    0.97959E+00
    0.16496E+00,   -0.13239E+00,    0.97856E+00
    0.12968E+00,   -0.44569E-01,    0.98673E+00
    0.12397E+00,   -0.27364E-01,    0.98787E+00
    0.29217E+00,   -0.33645E+00,    0.93326E+00
    0.25036E+00,   -0.28159E+00,    0.95085E+00
    0.93533E-01,    0.94252E-01,    0.99309E+00
    0.79259E-01,    0.28934E+00,    0.99504E+00
    0.18864E+00,   -0.18126E+00,    0.97200E+00
    0.27590E+00,   -0.31636E+00,    0.94042E+00
    0.92182E-01,    0.41941E+00,    0.99329E+00
    0.95241E-01,    0.43663E+00,    0.99284E+00
    0.11581E+00,   -0.24318E-02,    0.98941E+00
    0.78123E-01,    0.24952E+00,    0.99518E+00
    0.15593E+00,   -0.11502E+00,    0.98084E+00
    0.82991E-01,    0.16299E+00,    0.99456E+00
    0.88850E-01,    0.40275E+00,    0.99376E+00
    0.21388E+00,   -0.22785E+00,    0.96405E+00
    0.15172E+00,   -0.10597E+00,    0.98185E+00
    0.85710E-01,    0.13719E+00,    0.99420E+00
    0.10790E+00,    0.22834E-01,    0.99081E+00
    0.78169E-01,    0.29502E+00,    0.99517E+00
    0.20953E+00,   -0.22107E+00,    0.96549E+00
    0.13172E+00,   -0.55245E-01,    0.98631E+00
    0.10104E+00,    0.50178E-01,    0.99194E+00
    0.32320E+00,   -0.37489E+00,    0.91854E+00
    0.22471E+00,   -0.24635E+00,    0.96034E+00
    0.79807E-01,    0.18895E+00,    0.99497E+00
    0.77515E-01,    0.22997E+00,    0.99525E+00
    0.10518E+00,    0.48881E+00,    0.99127E+00
    0.13453E+00,   -0.64431E-01,    0.98573E+00
    0.78013E-01,    0.21487E+00,    0.99519E+00
    0.25839E+00,   -0.29654E+00,    0.94767E+00
    0.88408E-01,    0.11087E+00,    0.99383E+00
    0.96130E-01,    0.68346E-01,    0.99270E+00
    0.10161E+00,    0.47729E+00,    0.99185E+00
    0.19084E+00,   -0.19084E+00,    0.97134E+00
    0.23323E+00,   -0.26143E+00,    0.95730E+00
    0.97611E-01,    0.46143E+00,    0.99248E+00
    0.28395E+00,   -0.33135E+00,    0.93693E+00
    0.20348E+00,   -0.21429E+00,    0.96744E+00
    0.75642E-01,    0.25907E+00,    0.99548E+00
    0.76512E-01,    0.30300E+00,    0.99537E+00
    0.11554E+00,   -0.11990E-01,    0.98946E+00
    0.26749E+00,   -0.31095E+00,    0.94396E+00
    0.30521E+00,   -0.35756E+00,    0.92725E+00
    0.12332E+00,   -0.37303E-01,    0.98800E+00
    0.75502E-01,    0.28495E+00,    0.99550E+00
    0.79604E-01,    0.35148E+00,    0.99499E+00
    0.80576E-01,    0.36143E+00,    0.99487E+00
    0.78631E-01,    0.34153E+00,    0.99512E+00
    0.81548E-01,    0.37138E+00,    0.99475E+00
    0.77659E-01,    0.33157E+00,    0.99524E+00
    0.10207E+00,    0.48487E+00,    0.99177E+00
    0.93203E-01,    0.44498E+00,    0.99314E+00
    0.91216E-01,    0.84609E-01,    0.99343E+00
    0.24175E+00,   -0.27651E+00,    0.95415E+00
    0.82521E-01,    0.38134E+00,    0.99462E+00
    0.80699E-01,    0.15367E+00,    0.99486E+00
    0.76687E-01,    0.32162E+00,    0.99535E+00
    0.32469E+00,   -0.38048E+00,    0.91780E+00
    0.10752E+00,    0.12867E-01,    0.99087E+00
    0.20493E+00,   -0.21910E+00,    0.96698E+00
    0.77833E-01,    0.17915E+00,    0.99521E+00
    0.89486E-01,    0.42871E+00,    0.99368E+00
    0.75714E-01,    0.31167E+00,    0.99547E+00
    0.83575E-01,    0.12750E+00,    0.99448E+00
    0.19367E+00,   -0.20025E+00,    0.97049E+00
    0.14505E+00,   -0.99462E-01,    0.98341E+00
    0.74413E-01,    0.29062E+00,    0.99563E+00
    0.31603E+00,   -0.37221E+00,    0.92207E+00
    0.14105E+00,   -0.90327E-01,    0.98431E+00
    0.75383E-01,    0.20522E+00,    0.99551E+00
    0.73601E-01,    0.26869E+00,    0.99572E+00
    0.20660E+00,   -0.22463E+00,    0.96644E+00
    0.13680E+00,   -0.81304E-01,    0.98524E+00
    0.85394E-01,    0.41209E+00,    0.99424E+00
    0.19766E+00,   -0.20954E+00,    0.96927E+00
    0.99432E-01,    0.37884E-01,    0.99219E+00
    0.16586E+00,   -0.14914E+00,    0.97833E+00
    0.73590E-01,    0.29557E+00,    0.99572E+00
    0.24986E+00,   -0.29142E+00,    0.95104E+00
    0.82384E-01,    0.39513E+00,    0.99464E+00
    0.86087E-01,    0.10115E+00,    0.99415E+00
    0.95984E-01,    0.46889E+00,    0.99272E+00
    0.21609E+00,   -0.24127E+00,    0.96331E+00
    0.32008E+00,   -0.37851E+00,    0.92008E+00
    0.16965E+00,   -0.15787E+00,    0.97733E+00
    0.94052E-01,    0.58660E-01,    0.99301E+00
    0.27541E+00,   -0.32635E+00,    0.94062E+00
    0.11529E+00,   -0.22425E-01,    0.98951E+00
    0.10027E+00,    0.48984E+00,    0.99206E+00
    0.10741E+00,    0.28924E-02,    0.99089E+00
    0.22461E+00,   -0.25635E+00,    0.96037E+00
    0.25889E+00,   -0.30589E+00,    0.94747E+00
    0.75780E-01,    0.16990E+00,    0.99546E+00
    0.73478E-01,    0.19677E+00,    0.99573E+00
    0.16020E+00,   -0.14095E+00,    0.97978E+00
    0.78361E-01,    0.14396E+00,    0.99515E+00
    0.91251E-01,    0.45389E+00,    0.99342E+00
    0.13144E+00,   -0.72984E-01,    0.98637E+00
    0.19956E+00,   -0.21697E+00,    0.96868E+00
    0.71055E-01,    0.24246E+00,    0.99601E+00
    0.88999E-01,    0.75321E-01,    0.99374E+00
    0.71133E-01,    0.28681E+00,    0.99600E+00
    0.81252E-01,    0.11779E+00,    0.99478E+00
    0.99292E-01,    0.27890E-01,    0.99222E+00
    0.23313E+00,   -0.27143E+00,    0.95733E+00
    0.30717E+00,   -0.36727E+00,    0.92632E+00
    0.29586E+00,   -0.35430E+00,    0.93158E+00
    0.15501E+00,   -0.13246E+00,    0.98106E+00
    0.70881E-01,    0.22199E+00,    0.99603E+00
    0.70264E-01,    0.27935E+00,    0.99610E+00
    0.12700E+00,   -0.64043E-01,    0.98727E+00
    0.96798E-01,    0.48523E+00,    0.99260E+00
    0.32086E+00,   -0.38370E+00,    0.91970E+00
    0.20124E+00,   -0.22250E+00,    0.96815E+00
    0.15047E+00,   -0.12375E+00,    0.98215E+00
    0.86187E-01,    0.43793E+00,    0.99413E+00
    0.28259E+00,   -0.34017E+00,    0.93752E+00
    0.17169E+00,   -0.16961E+00,    0.97678E+00
    0.69546E-01,    0.29183E+00,    0.99618E+00
    0.26701E+00,   -0.32094E+00,    0.94416E+00
    0.83954E-01,    0.91453E-01,    0.99443E+00
    0.24133E+00,   -0.28627E+00,    0.95430E+00
    0.17680E+00,   -0.18038E+00,    0.97539E+00
    0.10697E+00,   -0.70846E-02,    0.99097E+00
    0.82516E-01,    0.42165E+00,    0.99462E+00
    0.12227E+00,   -0.54943E-01,    0.98820E+00
    0.14583E+00,   -0.11544E+00,    0.98323E+00
    0.68501E-01,    0.25212E+00,    0.99629E+00
    0.71274E-01,    0.18649E+00,    0.99599E+00
    0.73431E-01,    0.16054E+00,    0.99574E+00
    0.79051E-01,    0.40455E+00,    0.99506E+00
    0.76185E-01,    0.13421E+00,    0.99541E+00
    0.99052E-01,    0.18179E-01,    0.99225E+00
    0.20610E+00,   -0.23429E+00,    0.96660E+00
    0.92936E-01,    0.47835E+00,    0.99318E+00
    0.20203E+00,   -0.22795E+00,    0.96790E+00
    0.68268E-01,    0.29746E+00,    0.99632E+00
    0.31561E+00,   -0.38128E+00,    0.92227E+00
    0.14068E+00,   -0.10656E+00,    0.98439E+00
    0.18032E+00,   -0.19004E+00,    0.97440E+00
    0.21600E+00,   -0.25127E+00,    0.96334E+00
    0.68347E-01,    0.21231E+00,    0.99631E+00
    0.75635E-01,    0.38780E+00,    0.99548E+00
    0.95358E-01,    0.49082E+00,    0.99282E+00
    0.86930E-01,    0.65545E-01,    0.99403E+00
    0.24961E+00,   -0.30123E+00,    0.95114E+00
    0.79003E-01,    0.10809E+00,    0.99507E+00
    0.11356E+00,   -0.35023E-01,    0.98982E+00
    0.71471E-01,    0.35730E+00,    0.99596E+00
    0.70498E-01,    0.34734E+00,    0.99607E+00
    0.11716E+00,   -0.46734E-01,    0.98917E+00
    0.88336E-01,    0.46331E+00,    0.99384E+00
    0.72443E-01,    0.36725E+00,    0.99585E+00
    0.69526E-01,    0.33739E+00,    0.99618E+00
    0.73415E-01,    0.37720E+00,    0.99574E+00
    0.68554E-01,    0.32744E+00,    0.99629E+00
    0.22452E+00,   -0.26635E+00,    0.96041E+00
    0.27516E+00,   -0.33591E+00,    0.94073E+00
    0.19620E+00,   -0.22097E+00,    0.96972E+00
    0.10702E+00,   -0.16883E-01,    0.99096E+00
    0.90288E-01,    0.45536E-01,    0.99356E+00
    0.67581E-01,    0.31749E+00,    0.99639E+00
    0.66741E-01,    0.30492E+00,    0.99648E+00
    0.28674E+00,   -0.35098E+00,    0.93569E+00
    0.65938E-01,    0.28731E+00,    0.99656E+00
    0.18828E+00,   -0.20831E+00,    0.97210E+00
    0.29770E+00,   -0.36413E+00,    0.93074E+00
    0.13515E+00,   -0.98275E-01,    0.98559E+00
    0.65279E-01,    0.27293E+00,    0.99663E+00
    0.98969E-01,    0.81836E-02,    0.99227E+00
    0.68745E-01,    0.17698E+00,    0.99627E+00
    0.25815E+00,   -0.31568E+00,    0.94777E+00
    0.81684E-01,    0.81976E-01,    0.99473E+00
    0.13118E+00,   -0.89548E-01,    0.98642E+00
    0.71128E-01,    0.15081E+00,    0.99600E+00
    0.23304E+00,   -0.28143E+00,    0.95737E+00
    0.91929E-01,    0.48617E+00,    0.99333E+00
    0.19749E+00,   -0.22583E+00,    0.96932E+00
    0.31699E+00,   -0.38689E+00,    0.92160E+00
    0.64979E-01,    0.23159E+00,    0.99666E+00
    0.79682E-01,    0.43040E+00,    0.99498E+00
    0.73991E-01,    0.12466E+00,    0.99567E+00
    0.82696E-01,    0.44704E+00,    0.99460E+00
    0.64660E-01,    0.29295E+00,    0.99670E+00
    0.15981E+00,   -0.15695E+00,    0.97987E+00
    0.30849E+00,   -0.37845E+00,    0.92569E+00
    0.65714E-01,    0.20271E+00,    0.99659E+00
    0.63954E-01,    0.26373E+00,    0.99677E+00
    0.76178E-01,    0.41397E+00,    0.99542E+00
    0.19055E+00,   -0.21603E+00,    0.97143E+00
    0.15591E+00,   -0.14997E+00,    0.98084E+00
    0.90854E-01,    0.33225E-01,    0.99348E+00
    0.16337E+00,   -0.16552E+00,    0.97897E+00
    0.18213E+00,   -0.20143E+00,    0.97389E+00
    0.19898E+00,   -0.23141E+00,    0.96886E+00
    0.86565E-01,    0.47072E+00,    0.99408E+00
    0.76803E-01,    0.98422E-01,    0.99534E+00
    0.24107E+00,   -0.29611E+00,    0.95440E+00
    0.63673E-01,    0.29786E+00,    0.99680E+00
    0.12578E+00,   -0.81148E-01,    0.98752E+00
    0.31241E+00,   -0.38483E+00,    0.92382E+00
    0.10649E+00,   -0.26830E-01,    0.99105E+00
    0.20740E+00,   -0.24641E+00,    0.96618E+00
    0.84472E-01,    0.55875E-01,    0.99436E+00
    0.26652E+00,   -0.33090E+00,    0.94436E+00
    0.72288E-01,    0.39719E+00,    0.99587E+00
    0.15022E+00,   -0.14122E+00,    0.98221E+00
    0.98589E-01,   -0.17997E-02,    0.99232E+00
    0.12153E+00,   -0.72392E-01,    0.98835E+00
    0.90433E-01,    0.49175E+00,    0.99354E+00
    0.14575E+00,   -0.13237E+00,    0.98325E+00
    0.21591E+00,   -0.26127E+00,    0.96337E+00
    0.66205E-01,    0.16733E+00,    0.99654E+00
    0.68950E-01,    0.14109E+00,    0.99624E+00
    0.63710E-01,    0.19293E+00,    0.99679E+00
    0.19219E+00,   -0.22351E+00,    0.97094E+00
    0.61455E-01,    0.24365E+00,    0.99702E+00
    0.24947E+00,   -0.31082E+00,    0.95119E+00
    0.61509E-01,    0.28903E+00,    0.99701E+00
    0.79514E-01,    0.72243E-01,    0.99501E+00
    0.29974E+00,   -0.37333E+00,    0.92980E+00
    0.90514E-01,    0.23248E-01,    0.99353E+00
    0.71691E-01,    0.11490E+00,    0.99594E+00
    0.60888E-01,    0.28155E+00,    0.99707E+00
    0.22443E+00,   -0.27635E+00,    0.96044E+00
    0.28830E+00,   -0.36083E+00,    0.93500E+00
    0.14052E+00,   -0.12390E+00,    0.98443E+00
    0.61241E-01,    0.21934E+00,    0.99704E+00
    0.11625E+00,   -0.63906E-01,    0.98933E+00
    0.19369E+00,   -0.22910E+00,    0.97048E+00
    0.31309E+00,   -0.39004E+00,    0.92349E+00
    0.13584E+00,   -0.11511E+00,    0.98545E+00
    0.27495E+00,   -0.34618E+00,    0.94082E+00
    0.86903E-01,    0.48782E+00,    0.99403E+00
    0.76577E-01,    0.44065E+00,    0.99537E+00
    0.59756E-01,    0.29399E+00,    0.99718E+00
    0.25817E+00,   -0.32556E+00,    0.94776E+00
    0.98335E-01,   -0.12022E-01,    0.99236E+00
    0.74397E-01,    0.88732E-01,    0.99563E+00
    0.23294E+00,   -0.29143E+00,    0.95740E+00
    0.72860E-01,    0.42336E+00,    0.99581E+00
    0.58852E-01,    0.25474E+00,    0.99726E+00
    0.84491E-01,    0.48061E+00,    0.99436E+00
    0.11180E+00,   -0.55164E-01,    0.99013E+00
    0.61640E-01,    0.18396E+00,    0.99700E+00
    0.17044E+00,   -0.19000E+00,    0.97712E+00
    0.63788E-01,    0.15760E+00,    0.99678E+00
    0.78605E-01,    0.45699E+00,    0.99512E+00
    0.80451E-01,    0.46561E+00,    0.99489E+00
    0.90362E-01,    0.13267E-01,    0.99355E+00
    0.69330E-01,    0.40674E+00,    0.99620E+00
    0.13088E+00,   -0.10727E+00,    0.98649E+00
    0.66648E-01,    0.13137E+00,    0.99649E+00
    0.19804E+00,   -0.24002E+00,    0.96915E+00
    0.62365E-01,    0.35316E+00,    0.99693E+00
    0.63337E-01,    0.36312E+00,    0.99683E+00
    0.61393E-01,    0.34321E+00,    0.99702E+00
    0.19434E+00,   -0.23415E+00,    0.97029E+00
    0.64310E-01,    0.37307E+00,    0.99673E+00
    0.60420E-01,    0.33326E+00,    0.99711E+00
    0.30789E+00,   -0.38751E+00,    0.92598E+00
    0.65829E-01,    0.38644E+00,    0.99658E+00
    0.58290E-01,    0.29958E+00,    0.99731E+00
    0.58744E-01,    0.20966E+00,    0.99727E+00
    0.59448E-01,    0.32331E+00,    0.99721E+00
    0.16473E+00,   -0.18181E+00,    0.97862E+00
    0.12648E+00,   -0.98314E-01,    0.98738E+00
    0.81111E-01,    0.46917E-01,    0.99480E+00
    0.16009E+00,   -0.17332E+00,    0.97980E+00
    0.20720E+00,   -0.25639E+00,    0.96625E+00
    0.24083E+00,   -0.30590E+00,    0.95449E+00
    0.85499E-01,    0.49264E+00,    0.99423E+00
    0.69458E-01,    0.10518E+00,    0.99619E+00
    0.77308E-01,    0.62843E-01,    0.99528E+00
    0.10662E+00,   -0.46616E-01,    0.99103E+00
    0.15572E+00,   -0.16595E+00,    0.98089E+00
    0.82273E-01,    0.38330E-01,    0.99465E+00
    0.18871E+00,   -0.22740E+00,    0.97197E+00
    0.26649E+00,   -0.34087E+00,    0.94437E+00
    0.21581E+00,   -0.27127E+00,    0.96340E+00
    0.59840E-01,    0.17413E+00,    0.99717E+00
    0.17986E+00,   -0.21274E+00,    0.97453E+00
    0.57151E-01,    0.30740E+00,    0.99742E+00
    0.56301E-01,    0.28936E+00,    0.99749E+00
    0.55974E-01,    0.23580E+00,    0.99752E+00
    0.27904E+00,   -0.35732E+00,    0.93906E+00
    0.29026E+00,   -0.37060E+00,    0.93412E+00
    0.12125E+00,   -0.90046E-01,    0.98840E+00
    0.55490E-01,    0.27300E+00,    0.99757E+00
    0.90125E-01,    0.35209E-02,    0.99358E+00
    0.24950E+00,   -0.32059E+00,    0.95118E+00
    0.14610E+00,   -0.14874E+00,    0.98317E+00
    0.15030E+00,   -0.15769E+00,    0.98219E+00
    0.61589E-01,    0.14784E+00,    0.99700E+00
    0.72153E-01,    0.79003E-01,    0.99589E+00
    0.10203E+00,   -0.37888E-01,    0.99178E+00
    0.56733E-01,    0.20002E+00,    0.99746E+00
    0.82163E-01,    0.48792E+00,    0.99467E+00
    0.18983E+00,   -0.23230E+00,    0.97164E+00
    0.22433E+00,   -0.28635E+00,    0.96047E+00
    0.30915E+00,   -0.39315E+00,    0.92538E+00
    0.17062E+00,   -0.19884E+00,    0.97707E+00
    0.64476E-01,    0.12162E+00,    0.99671E+00
    0.11674E+00,   -0.81139E-01,    0.98924E+00
    0.70050E-01,    0.43290E+00,    0.99612E+00
    0.30082E+00,   -0.38455E+00,    0.92930E+00
    0.54835E-01,    0.29495E+00,    0.99762E+00
    0.18322E+00,   -0.22228E+00,    0.97357E+00
    0.82029E-01,    0.28531E-01,    0.99468E+00
    0.66354E-01,    0.41578E+00,    0.99652E+00
    0.14056E+00,   -0.14082E+00,    0.98442E+00
    0.77110E-01,    0.47236E+00,    0.99530E+00
    0.53875E-01,    0.22603E+00,    0.99771E+00
    0.67268E-01,    0.95427E-01,    0.99642E+00
    0.23285E+00,   -0.30143E+00,    0.95744E+00
    0.94900E-01,   -0.21172E-01,    0.99289E+00
    0.19114E+00,   -0.23793E+00,    0.97125E+00
    0.53684E-01,    0.29982E+00,    0.99772E+00
    0.62884E-01,    0.39913E+00,    0.99688E+00
    0.13578E+00,   -0.13206E+00,    0.98546E+00
    0.30462E+00,   -0.39100E+00,    0.92752E+00
    0.25793E+00,   -0.33596E+00,    0.94786E+00
    0.11156E+00,   -0.72730E-01,    0.99018E+00
    0.19768E+00,   -0.24979E+00,    0.96926E+00
    0.56698E-01,    0.16481E+00,    0.99746E+00
    0.80556E-01,    0.49347E+00,    0.99487E+00
    0.70351E-01,    0.44779E+00,    0.99609E+00
    0.20738E+00,   -0.26637E+00,    0.96619E+00
    0.73993E-01,    0.53586E-01,    0.99567E+00
    0.54236E-01,    0.19039E+00,    0.99768E+00
    0.59372E-01,    0.13823E+00,    0.99721E+00
    0.18462E+00,   -0.22981E+00,    0.97317E+00
    0.13070E+00,   -0.12363E+00,    0.98652E+00
    0.96000E-01,   -0.30506E-01,    0.99272E+00
    0.51816E-01,    0.29093E+00,    0.99788E+00
    0.29218E+00,   -0.37924E+00,    0.93326E+00
    0.24080E+00,   -0.31568E+00,    0.95450E+00
    0.10694E+00,   -0.63878E-01,    0.99097E+00
    0.81779E-01,    0.18389E-01,    0.99472E+00
    0.51446E-01,    0.28343E+00,    0.99791E+00
    0.69947E-01,    0.69255E-01,    0.99613E+00
    0.17175E+00,   -0.20872E+00,    0.97677E+00
    0.28100E+00,   -0.36702E+00,    0.93822E+00
    0.62134E-01,    0.11198E+00,    0.99695E+00
    0.26783E+00,   -0.35151E+00,    0.94382E+00
    0.21572E+00,   -0.28127E+00,    0.96343E+00
    0.51351E-01,    0.21638E+00,    0.99792E+00
    0.50315E-01,    0.26558E+00,    0.99800E+00
    0.18593E+00,   -0.23544E+00,    0.97279E+00
    0.71636E-01,    0.46468E+00,    0.99595E+00
    0.30519E+00,   -0.39621E+00,    0.92726E+00
    0.77139E-01,    0.48948E+00,    0.99530E+00
    0.12513E+00,   -0.11534E+00,    0.98765E+00
    0.73807E-01,    0.43629E-01,    0.99570E+00
    0.16126E+00,   -0.19254E+00,    0.97951E+00
    0.49372E-01,    0.24521E+00,    0.99807E+00
    0.49899E-01,    0.29582E+00,    0.99803E+00
    0.24951E+00,   -0.33056E+00,    0.95118E+00
    0.75005E-01,    0.48228E+00,    0.99556E+00
    0.54857E-01,    0.15529E+00,    0.99762E+00
    0.54232E-01,    0.35898E+00,    0.99768E+00
    0.53260E-01,    0.34903E+00,    0.99776E+00
    0.10182E+00,   -0.55384E-01,    0.99181E+00
    0.64904E-01,    0.85766E-01,    0.99667E+00
    0.12099E+00,   -0.10664E+00,    0.98845E+00
    0.55204E-01,    0.36893E+00,    0.99759E+00
    0.52287E-01,    0.33908E+00,    0.99784E+00
    0.22424E+00,   -0.29635E+00,    0.96051E+00
    0.52259E-01,    0.18064E+00,    0.99784E+00
    0.63147E-01,    0.42569E+00,    0.99685E+00
    0.51315E-01,    0.32912E+00,    0.99792E+00
    0.18916E+00,   -0.24303E+00,    0.97184E+00
    0.56092E-01,    0.37995E+00,    0.99751E+00
    0.50343E-01,    0.31917E+00,    0.99800E+00
    0.81462E-01,    0.83961E-02,    0.99476E+00
    0.59616E-01,    0.40855E+00,    0.99719E+00
    0.64886E-01,    0.43941E+00,    0.99667E+00
    0.87004E-01,   -0.11983E-01,    0.99402E+00
    0.57109E-01,    0.12838E+00,    0.99742E+00
    0.15487E+00,   -0.18291E+00,    0.98110E+00
    0.14579E+00,   -0.16516E+00,    0.98324E+00
    0.15017E+00,   -0.17411E+00,    0.98222E+00
    0.49261E-01,    0.20661E+00,    0.99808E+00
    0.30005E+00,   -0.39358E+00,    0.92966E+00
    0.97111E-01,   -0.46576E-01,    0.99255E+00
    0.19881E+00,   -0.26121E+00,    0.96891E+00
    0.48247E-01,    0.30136E+00,    0.99816E+00
    0.11563E+00,   -0.98231E-01,    0.98945E+00
    0.23276E+00,   -0.31143E+00,    0.95747E+00
    0.60067E-01,    0.10236E+00,    0.99715E+00
    0.56096E-01,    0.39182E+00,    0.99751E+00
    0.75606E-01,    0.49425E+00,    0.99548E+00
    0.17265E+00,   -0.21863E+00,    0.97652E+00
    0.73493E-01,    0.33646E-01,    0.99573E+00
    0.18100E+00,   -0.23358E+00,    0.97421E+00
    0.14036E+00,   -0.15689E+00,    0.98446E+00
    0.25773E+00,   -0.34543E+00,    0.94794E+00
    0.11133E+00,   -0.89528E-01,    0.99022E+00
    0.46710E-01,    0.23300E+00,    0.99828E+00
    0.46337E-01,    0.27470E+00,    0.99830E+00
    0.20711E+00,   -0.27619E+00,    0.96628E+00
    0.52786E-01,    0.14650E+00,    0.99780E+00
    0.46601E-01,    0.29108E+00,    0.99828E+00
    0.50063E-01,    0.17224E+00,    0.99802E+00
    0.13623E+00,   -0.14974E+00,    0.98536E+00
    0.28277E+00,   -0.37680E+00,    0.93744E+00
    0.65866E-01,    0.45668E+00,    0.99657E+00
    0.27153E+00,   -0.36388E+00,    0.94227E+00
    0.92048E-01,   -0.38021E-01,    0.99331E+00
    0.24093E+00,   -0.32567E+00,    0.95446E+00
    0.47101E-01,    0.19738E+00,    0.99825E+00
    0.72365E-01,    0.48947E+00,    0.99586E+00
    0.18196E+00,   -0.23851E+00,    0.97393E+00
    0.21563E+00,   -0.29127E+00,    0.96346E+00
    0.16258E+00,   -0.20477E+00,    0.97917E+00
    0.30120E+00,   -0.39924E+00,    0.92912E+00
    0.17567E+00,   -0.22827E+00,    0.97570E+00
    0.65569E-01,    0.58762E-01,    0.99660E+00
    0.10609E+00,   -0.81035E-01,    0.99111E+00
    0.45598E-01,    0.30723E+00,    0.99836E+00
    0.62241E-01,    0.74426E-01,    0.99694E+00
    0.80433E-01,   -0.27211E-02,    0.99489E+00
    0.29293E+00,   -0.39058E+00,    0.93292E+00
    0.44949E-01,    0.29661E+00,    0.99840E+00
    0.73310E-01,    0.23660E-01,    0.99575E+00
    0.54446E-01,    0.11916E+00,    0.99766E+00
    0.13061E+00,   -0.14149E+00,    0.98654E+00
    0.12644E+00,   -0.13251E+00,    0.98739E+00
    0.43988E-01,    0.25753E+00,    0.99847E+00
    0.67625E-01,    0.47381E+00,    0.99639E+00
    0.56650E-01,    0.41807E+00,    0.99746E+00
    0.44281E-01,    0.22330E+00,    0.99845E+00
    0.87268E-01,   -0.29245E-01,    0.99398E+00
    0.48279E-01,    0.16242E+00,    0.99816E+00
    0.10162E+00,   -0.72333E-01,    0.99185E+00
    0.57674E-01,    0.92655E-01,    0.99737E+00
    0.22414E+00,   -0.30635E+00,    0.96054E+00
    0.50947E-01,    0.13679E+00,    0.99795E+00
    0.18308E+00,   -0.24418E+00,    0.97361E+00
    0.29669E+00,   -0.39703E+00,    0.93121E+00
    0.24904E+00,   -0.34054E+00,    0.95136E+00
    0.58237E-01,    0.43361E+00,    0.99732E+00
    0.43386E-01,    0.30107E+00,    0.99851E+00
    0.65241E-01,    0.48769E-01,    0.99664E+00
    0.12076E+00,   -0.12432E+00,    0.98849E+00
    0.60375E-01,    0.44834E+00,    0.99712E+00
    0.44760E-01,    0.18723E+00,    0.99842E+00
    0.70647E-01,    0.49498E+00,    0.99606E+00
    0.11672E+00,   -0.11527E+00,    0.98925E+00
    0.17684E+00,   -0.23585E+00,    0.97538E+00
    0.23253E+00,   -0.32025E+00,    0.95755E+00
    0.19862E+00,   -0.27120E+00,    0.96897E+00
    0.28451E+00,   -0.38499E+00,    0.93668E+00
    0.61318E-01,    0.64885E-01,    0.99703E+00
    0.41946E-01,    0.28499E+00,    0.99861E+00
    0.42066E-01,    0.29249E+00,    0.99860E+00
    0.72969E-01,    0.13672E-01,    0.99579E+00
    0.96467E-01,   -0.63781E-01,    0.99265E+00
    0.27437E+00,   -0.37426E+00,    0.94107E+00
    0.42185E-01,    0.21363E+00,    0.99859E+00
    0.18547E+00,   -0.25172E+00,    0.97292E+00
    0.51459E-01,    0.40226E+00,    0.99791E+00
    0.82181E-01,   -0.20737E-01,    0.99466E+00
    0.15082E+00,   -0.19049E+00,    0.98207E+00
    0.16370E+00,   -0.21457E+00,    0.97889E+00
    0.52566E-01,    0.10982E+00,    0.99782E+00
    0.41070E-01,    0.24046E+00,    0.99867E+00
    0.20701E+00,   -0.28619E+00,    0.96631E+00
    0.15476E+00,   -0.19898E+00,    0.98112E+00
    0.45127E-01,    0.35485E+00,    0.99839E+00
    0.46099E-01,    0.36480E+00,    0.99832E+00
    0.44154E-01,    0.34489E+00,    0.99846E+00
    0.40437E-01,    0.26684E+00,    0.99871E+00
    0.47071E-01,    0.37475E+00,    0.99825E+00
    0.43182E-01,    0.33494E+00,    0.99853E+00
    0.48044E-01,    0.38471E+00,    0.99818E+00
    0.42210E-01,    0.32499E+00,    0.99859E+00
    0.25723E+00,   -0.35541E+00,    0.94814E+00
    0.17795E+00,   -0.24152E+00,    0.97507E+00
    0.48956E-01,    0.12703E+00,    0.99811E+00
    0.61731E-01,    0.46585E+00,    0.99699E+00
    0.91869E-01,   -0.55080E-01,    0.99333E+00
    0.11109E+00,   -0.10712E+00,    0.99026E+00
    0.64994E-01,    0.38909E-01,    0.99666E+00
    0.49016E-01,    0.39466E+00,    0.99810E+00
    0.29717E+00,   -0.40223E+00,    0.93098E+00
    0.67049E-01,    0.49080E+00,    0.99645E+00
    0.42782E-01,    0.17863E+00,    0.99855E+00
    0.24065E+00,   -0.33517E+00,    0.95456E+00
    0.45201E-01,    0.15298E+00,    0.99838E+00
    0.14488E+00,   -0.18259E+00,    0.98345E+00
    0.39986E-01,    0.29732E+00,    0.99874E+00
    0.14020E+00,   -0.17345E+00,    0.98450E+00
    0.10687E+00,   -0.98145E-01,    0.99098E+00
    0.21553E+00,   -0.30127E+00,    0.96349E+00
    0.52942E-01,    0.42513E+00,    0.99778E+00
    0.13583E+00,   -0.16578E+00,    0.98545E+00
    0.72645E-01,    0.36777E-02,    0.99583E+00
    0.49865E-01,    0.41073E+00,    0.99803E+00
    0.22409E+00,   -0.31491E+00,    0.96056E+00
    0.39749E-01,    0.20397E+00,    0.99875E+00
    0.76424E-01,   -0.11879E-01,    0.99539E+00
    0.64112E-01,    0.48485E+00,    0.99675E+00
    0.17898E+00,   -0.24721E+00,    0.97478E+00
    0.29208E+00,   -0.39949E+00,    0.93330E+00
    0.86776E-01,   -0.46485E-01,    0.99405E+00
    0.26574E+00,   -0.36924E+00,    0.94468E+00
    0.13080E+00,   -0.15764E+00,    0.98650E+00
    0.16525E+00,   -0.22428E+00,    0.97849E+00
    0.37605E-01,    0.24984E+00,    0.99888E+00
    0.12638E+00,   -0.14878E+00,    0.98740E+00
    0.38150E-01,    0.30280E+00,    0.99885E+00
    0.64743E-01,    0.28812E-01,    0.99669E+00
    0.53426E-01,    0.81334E-01,    0.99774E+00
    0.10141E+00,   -0.89853E-01,    0.99188E+00
    0.65682E-01,    0.49567E+00,    0.99659E+00
    0.37132E-01,    0.27610E+00,    0.99891E+00
    0.18851E+00,   -0.26481E+00,    0.97203E+00
    0.17306E+00,   -0.23950E+00,    0.97641E+00
    0.24911E+00,   -0.35043E+00,    0.95134E+00
    0.40710E-01,    0.16893E+00,    0.99869E+00
    0.53538E-01,    0.44244E+00,    0.99773E+00
    0.36920E-01,    0.23006E+00,    0.99892E+00
    0.43353E-01,    0.14324E+00,    0.99851E+00
    0.36848E-01,    0.29247E+00,    0.99893E+00
    0.46685E-01,    0.11732E+00,    0.99828E+00
    0.19838E+00,   -0.28118E+00,    0.96905E+00
    0.49079E-01,    0.10047E+00,    0.99810E+00
    0.96998E-01,   -0.80951E-01,    0.99257E+00
    0.82079E-01,   -0.37786E-01,    0.99468E+00
    0.12100E+00,   -0.14079E+00,    0.98845E+00
    0.23202E+00,   -0.33021E+00,    0.95774E+00
    0.37645E-01,    0.19422E+00,    0.99888E+00
    0.55544E-01,    0.45801E+00,    0.99756E+00
    0.63033E-01,    0.49181E+00,    0.99686E+00
    0.20714E+00,   -0.29590E+00,    0.96627E+00
    0.36491E-01,    0.31054E+00,    0.99895E+00
    0.11648E+00,   -0.13190E+00,    0.98929E+00
    0.16776E+00,   -0.23402E+00,    0.97783E+00
    0.17389E+00,   -0.24446E+00,    0.97619E+00
    0.29312E+00,   -0.40518E+00,    0.93283E+00
    0.27486E+00,   -0.38489E+00,    0.94086E+00
    0.64475E-01,    0.18950E-01,    0.99672E+00
    0.55783E-01,    0.56449E-01,    0.99754E+00
    0.70498E-01,   -0.38384E-02,    0.99607E+00
    0.53193E-01,    0.68836E-01,    0.99776E+00
    0.15330E+00,   -0.20932E+00,    0.98148E+00
    0.58112E-01,    0.47507E+00,    0.99733E+00
    0.35012E-01,    0.29795E+00,    0.99903E+00
    0.34166E-01,    0.25922E+00,    0.99908E+00
    0.25701E+00,   -0.36440E+00,    0.94823E+00
    0.34770E-01,    0.22030E+00,    0.99904E+00
    0.39140E-01,    0.15908E+00,    0.99879E+00
    0.48288E-01,    0.92400E-01,    0.99816E+00
    0.91680E-01,   -0.72546E-01,    0.99336E+00
    0.77033E-01,   -0.29160E-01,    0.99531E+00
    0.21546E+00,   -0.31058E+00,    0.96352E+00
    0.11117E+00,   -0.12348E+00,    0.99024E+00
    0.41522E-01,    0.13357E+00,    0.99864E+00
    0.28436E+00,   -0.39749E+00,    0.93675E+00
    0.33528E-01,    0.28532E+00,    0.99911E+00
    0.14658E+00,   -0.19952E+00,    0.98306E+00
    0.24013E+00,   -0.34499E+00,    0.95475E+00
    0.10677E+00,   -0.11452E+00,    0.99100E+00
    0.28806E+00,   -0.40239E+00,    0.93511E+00
    0.48243E-01,    0.43396E+00,    0.99816E+00
    0.56460E-01,    0.44056E-01,    0.99748E+00
    0.87119E-01,   -0.63699E-01,    0.99401E+00
    0.35331E-01,    0.18487E+00,    0.99901E+00
    0.17405E+00,   -0.24997E+00,    0.97614E+00
    0.13695E+00,   -0.18264E+00,    0.98521E+00
    0.33085E-01,    0.30340E+00,    0.99913E+00
    0.60709E-01,    0.49630E+00,    0.99709E+00
    0.16886E+00,   -0.24163E+00,    0.97754E+00
    0.22372E+00,   -0.32490E+00,    0.96069E+00
    0.14097E+00,   -0.19128E+00,    0.98433E+00
    0.18989E+00,   -0.27604E+00,    0.97163E+00
    0.36994E-01,    0.36067E+00,    0.99892E+00
    0.36021E-01,    0.35071E+00,    0.99897E+00
    0.37966E-01,    0.37062E+00,    0.99886E+00
    0.35049E-01,    0.34076E+00,    0.99903E+00
    0.38938E-01,    0.38057E+00,    0.99880E+00
    0.72311E-01,   -0.20945E-01,    0.99587E+00
    0.34077E-01,    0.33081E+00,    0.99908E+00
    0.32735E-01,    0.21094E+00,    0.99915E+00
    0.31956E-01,    0.29305E+00,    0.99919E+00
    0.26567E+00,   -0.37916E+00,    0.94471E+00
    0.39911E-01,    0.39052E+00,    0.99874E+00
    0.33104E-01,    0.32086E+00,    0.99913E+00
    0.15592E+00,   -0.22079E+00,    0.98084E+00
    0.42808E-01,    0.10823E+00,    0.99855E+00
    0.10145E+00,   -0.10645E+00,    0.99187E+00
    0.64048E-01,    0.61543E-02,    0.99676E+00
    0.40883E-01,    0.40048E+00,    0.99868E+00
    0.13132E+00,   -0.17468E+00,    0.98640E+00
    0.19842E+00,   -0.29116E+00,    0.96903E+00
    0.17696E+00,   -0.25778E+00,    0.97534E+00
    0.30628E-01,    0.26856E+00,    0.99926E+00
    0.81909E-01,   -0.55210E-01,    0.99470E+00
    0.41855E-01,    0.41043E+00,    0.99862E+00
    0.48839E-01,    0.45127E+00,    0.99811E+00
    0.57614E-01,    0.49142E+00,    0.99738E+00
    0.56254E-01,    0.34067E-01,    0.99750E+00
    0.39471E-01,    0.12421E+00,    0.99877E+00
    0.96907E-01,   -0.97570E-01,    0.99258E+00
    0.24854E+00,   -0.36040E+00,    0.95155E+00
    0.16978E+00,   -0.24733E+00,    0.97729E+00
    0.51861E-01,    0.46730E+00,    0.99787E+00
    0.36029E-01,    0.14993E+00,    0.99897E+00
    0.33495E-01,    0.17511E+00,    0.99911E+00
    0.42828E-01,    0.42038E+00,    0.99855E+00
    0.28904E+00,   -0.40809E+00,    0.93467E+00
    0.29867E-01,    0.23960E+00,    0.99929E+00
    0.23219E+00,   -0.34016E+00,    0.95768E+00
    0.12595E+00,   -0.16627E+00,    0.98748E+00
    0.20683E+00,   -0.30585E+00,    0.96637E+00
    0.30029E-01,    0.29849E+00,    0.99929E+00
    0.30595E-01,    0.20128E+00,    0.99926E+00
    0.12084E+00,   -0.15708E+00,    0.98848E+00
    0.44653E-01,    0.83287E-01,    0.99842E+00
    0.77237E-01,   -0.46406E-01,    0.99529E+00
    0.15766E+00,   -0.22968E+00,    0.98041E+00
    0.66534E-01,   -0.13007E-01,    0.99650E+00
    0.91681E-01,   -0.89345E-01,    0.99336E+00
    0.11650E+00,   -0.14962E+00,    0.98929E+00
    0.21507E+00,   -0.31990E+00,    0.96365E+00
    0.25726E+00,   -0.37438E+00,    0.94813E+00
    0.28400E+00,   -0.40525E+00,    0.93690E+00
    0.27885E-01,    0.27719E+00,    0.99939E+00
    0.27755E-01,    0.25155E+00,    0.99939E+00
    0.17062E+00,   -0.25305E+00,    0.97707E+00
    0.55940E-01,    0.24076E-01,    0.99753E+00
    0.27394E+00,   -0.39483E+00,    0.94125E+00
    0.40521E-01,    0.98596E-01,    0.99870E+00
    0.34430E-01,    0.14039E+00,    0.99906E+00
    0.55731E-01,    0.49688E+00,    0.99755E+00
    0.31466E-01,    0.16545E+00,    0.99922E+00
    0.24021E+00,   -0.35497E+00,    0.95472E+00
    0.17969E+00,   -0.26934E+00,    0.97458E+00
    0.87023E-01,   -0.80514E-01,    0.99402E+00
    0.16485E+00,   -0.24520E+00,    0.97859E+00
    0.52588E-01,    0.48515E+00,    0.99781E+00
    0.37399E-01,    0.11444E+00,    0.99889E+00
    0.43544E-01,    0.44278E+00,    0.99850E+00
    0.27435E-01,    0.30335E+00,    0.99940E+00
    0.18994E+00,   -0.28596E+00,    0.97161E+00
    0.11104E+00,   -0.14127E+00,    0.99027E+00
    0.44145E-01,    0.72864E-01,    0.99846E+00
    0.26885E-01,    0.29428E+00,    0.99943E+00
    0.22379E+00,   -0.33475E+00,    0.96066E+00
    0.68827E-01,   -0.28289E-01,    0.99626E+00
    0.10667E+00,   -0.13236E+00,    0.99102E+00
    0.19864E+00,   -0.30023E+00,    0.96896E+00
    0.28082E-01,    0.19163E+00,    0.99938E+00
    0.10247E+00,   -0.12352E+00,    0.99171E+00
    0.47951E-01,    0.49305E-01,    0.99818E+00
    0.52886E-01,    0.49267E+00,    0.99779E+00
    0.25806E-01,    0.22727E+00,    0.99947E+00
    0.26582E+00,   -0.38913E+00,    0.94465E+00
    0.16563E+00,   -0.25013E+00,    0.97839E+00
    0.25259E-01,    0.28695E+00,    0.99950E+00
    0.14670E+00,   -0.21709E+00,    0.98303E+00
    0.55657E-01,    0.14232E-01,    0.99755E+00
    0.81875E-01,   -0.72160E-01,    0.99470E+00
    0.26094E-01,    0.31158E+00,    0.99946E+00
    0.28492E+00,   -0.41095E+00,    0.93650E+00
    0.14222E+00,   -0.20924E+00,    0.98405E+00
    0.48210E-01,    0.47636E+00,    0.99816E+00
    0.24318E-01,    0.26087E+00,    0.99953E+00
    0.25037E-01,    0.29895E+00,    0.99950E+00
    0.38958E-01,    0.88984E-01,    0.99880E+00
    0.29385E-01,    0.15729E+00,    0.99932E+00
    0.69453E-01,   -0.37367E-01,    0.99619E+00
    0.20661E+00,   -0.31488E+00,    0.96644E+00
    0.15923E+00,   -0.24134E+00,    0.98002E+00
    0.44133E-01,    0.46018E+00,    0.99846E+00
    0.31970E-01,    0.13074E+00,    0.99919E+00
    0.96883E-01,   -0.11525E+00,    0.99259E+00
    0.13111E+00,   -0.19061E+00,    0.98644E+00
    0.59423E-01,   -0.54902E-02,    0.99721E+00
    0.77136E-01,   -0.63367E-01,    0.99530E+00
    0.27888E-01,    0.35653E+00,    0.99939E+00
    0.24782E+00,   -0.37036E+00,    0.95183E+00
    0.13546E+00,   -0.19959E+00,    0.98553E+00
    0.28861E-01,    0.36648E+00,    0.99934E+00
    0.26916E-01,    0.34658E+00,    0.99943E+00
    0.23155E+00,   -0.35009E+00,    0.95791E+00
    0.29833E-01,    0.37644E+00,    0.99930E+00
    0.25944E-01,    0.33663E+00,    0.99947E+00
    0.47699E-01,    0.39240E-01,    0.99820E+00
    0.38249E-01,    0.43430E+00,    0.99884E+00
    0.30805E-01,    0.38639E+00,    0.99925E+00
    0.25802E-01,    0.18191E+00,    0.99947E+00
    0.24971E-01,    0.32667E+00,    0.99951E+00
    0.16140E+00,   -0.24735E+00,    0.97947E+00
    0.42244E-01,    0.63056E-01,    0.99859E+00
    0.23467E-01,    0.21755E+00,    0.99956E+00
    0.27984E+00,   -0.40881E+00,    0.93872E+00
    0.16590E+00,   -0.25543E+00,    0.97832E+00
    0.31778E-01,    0.39634E+00,    0.99920E+00
    0.63148E-01,   -0.22223E-01,    0.99685E+00
    0.12562E+00,   -0.18247E+00,    0.98755E+00
    0.50747E-01,    0.49742E+00,    0.99796E+00
    0.21509E+00,   -0.32989E+00,    0.96364E+00
    0.16977E+00,   -0.26248E+00,    0.97730E+00
    0.32750E-01,    0.40629E+00,    0.99915E+00
    0.18126E+00,   -0.28105E+00,    0.97414E+00
    0.91483E-01,   -0.10686E+00,    0.99339E+00
    0.33572E-01,    0.10565E+00,    0.99911E+00
    0.22146E-01,    0.29395E+00,    0.99961E+00
    0.14830E+00,   -0.22690E+00,    0.98266E+00
    0.27812E-01,    0.14744E+00,    0.99939E+00
    0.25715E+00,   -0.38434E+00,    0.94817E+00
    0.27500E+00,   -0.40492E+00,    0.94080E+00
    0.33722E-01,    0.41625E+00,    0.99910E+00
    0.12104E+00,   -0.17481E+00,    0.98844E+00
    0.21357E-01,    0.24386E+00,    0.99964E+00
    0.22149E-01,    0.30450E+00,    0.99961E+00
    0.11657E+00,   -0.16603E+00,    0.98928E+00
    0.72048E-01,   -0.54915E-01,    0.99590E+00
    0.21003E-01,    0.27025E+00,    0.99965E+00
    0.18987E+00,   -0.29590E+00,    0.97163E+00
    0.34695E-01,    0.42620E+00,    0.99905E+00
    0.86985E-01,   -0.98102E-01,    0.99402E+00
    0.47750E-01,    0.49248E+00,    0.99820E+00
    0.23959E+00,   -0.36472E+00,    0.95496E+00
    0.30005E-01,    0.12115E+00,    0.99929E+00
    0.38845E-01,    0.45161E+00,    0.99881E+00
    0.24005E-01,    0.17206E+00,    0.99954E+00
    0.36543E-01,    0.79297E-01,    0.99894E+00
    0.16142E+00,   -0.25287E+00,    0.97947E+00
    0.22335E+00,   -0.34473E+00,    0.96082E+00
    0.21167E-01,    0.20789E+00,    0.99965E+00
    0.28078E+00,   -0.41378E+00,    0.93831E+00
    0.11118E+00,   -0.15770E+00,    0.99024E+00
    0.19806E+00,   -0.31015E+00,    0.96914E+00
    0.19818E-01,    0.28009E+00,    0.99969E+00
    0.20038E-01,    0.29933E+00,    0.99968E+00
    0.10661E+00,   -0.14890E+00,    0.99103E+00
    0.52671E-01,    0.18768E-02,    0.99781E+00
    0.15022E+00,   -0.23590E+00,    0.98221E+00
    0.45403E-01,    0.30280E-01,    0.99837E+00
    0.81700E-01,   -0.89631E-01,    0.99473E+00
    0.32051E-01,    0.95848E-01,    0.99919E+00
    0.39934E-01,    0.53235E-01,    0.99874E+00
    0.27678E+00,   -0.41153E+00,    0.94004E+00
    0.18553E-01,    0.23415E+00,    0.99973E+00
    0.24863E+00,   -0.37937E+00,    0.95152E+00
    0.20642E+00,   -0.32483E+00,    0.96650E+00
    0.26482E+00,   -0.39872E+00,    0.94506E+00
    0.56350E-01,   -0.14979E-01,    0.99749E+00
    0.47142E-01,    0.19403E-01,    0.99824E+00
    0.17845E-01,    0.25326E+00,    0.99975E+00
    0.10133E+00,   -0.14074E+00,    0.99189E+00
    0.17175E+00,   -0.27387E+00,    0.97677E+00
    0.16207E+00,   -0.25861E+00,    0.97930E+00
    0.22034E-01,    0.16351E+00,    0.99962E+00
    0.24810E-01,    0.13799E+00,    0.99951E+00
    0.77076E-01,   -0.80880E-01,    0.99531E+00
    0.15623E+00,   -0.24914E+00,    0.98076E+00
    0.39334E-01,    0.46894E+00,    0.99878E+00
    0.23186E+00,   -0.36003E+00,    0.95780E+00
    0.45758E-01,    0.49790E+00,    0.99834E+00
    0.96694E-01,   -0.13190E+00,    0.99262E+00
    0.18826E-01,    0.19810E+00,    0.99972E+00
    0.33550E-01,    0.44313E+00,    0.99911E+00
    0.17231E-01,    0.29428E+00,    0.99977E+00
    0.64992E-01,   -0.47906E-01,    0.99666E+00
    0.17506E-01,    0.30367E+00,    0.99976E+00
    0.18125E+00,   -0.29087E+00,    0.97414E+00
    0.34725E-01,    0.69633E-01,    0.99905E+00
    0.59535E-01,   -0.31263E-01,    0.99720E+00
    0.27358E-01,    0.11152E+00,    0.99941E+00
    0.21521E+00,   -0.33988E+00,    0.96360E+00
    0.41921E-01,    0.48629E+00,    0.99861E+00
    0.13812E+00,   -0.21973E+00,    0.98495E+00
    0.18510E-01,    0.18875E+00,    0.99973E+00
    0.13194E+00,   -0.20864E+00,    0.98627E+00
    0.16253E-01,    0.28810E+00,    0.99979E+00
    0.19043E+00,   -0.30583E+00,    0.97147E+00
    0.16219E-01,    0.22443E+00,    0.99979E+00
    0.16783E-01,    0.31011E+00,    0.99978E+00
    0.91460E-01,   -0.12341E+00,    0.99339E+00
    0.25765E+00,   -0.39424E+00,    0.94797E+00
    0.42812E-01,    0.49367E+00,    0.99855E+00
    0.12670E+00,   -0.20046E+00,    0.98733E+00
    0.15718E+00,   -0.25553E+00,    0.98053E+00
    0.27662E+00,   -0.41656E+00,    0.94011E+00
    0.71231E-01,   -0.72243E-01,    0.99599E+00
    0.23210E-01,    0.12820E+00,    0.99957E+00
    0.19755E-01,    0.36235E+00,    0.99969E+00
    0.18783E-01,    0.35240E+00,    0.99972E+00
    0.20116E-01,    0.15379E+00,    0.99968E+00
    0.16274E-01,    0.32031E+00,    0.99979E+00
    0.20728E-01,    0.37230E+00,    0.99966E+00
    0.17811E-01,    0.34244E+00,    0.99975E+00
    0.29400E-01,    0.86273E-01,    0.99932E+00
    0.15033E-01,    0.29962E+00,    0.99982E+00
    0.21700E-01,    0.38226E+00,    0.99963E+00
    0.23980E+00,   -0.37470E+00,    0.95488E+00
    0.12124E+00,   -0.19145E+00,    0.98840E+00
    0.16838E-01,    0.33249E+00,    0.99978E+00
    0.19815E+00,   -0.32009E+00,    0.96912E+00
    0.22352E+00,   -0.35453E+00,    0.96076E+00
    0.38421E-01,    0.39571E-01,    0.99883E+00
    0.34145E-01,    0.46044E+00,    0.99908E+00
    0.22672E-01,    0.39221E+00,    0.99959E+00
    0.45576E-01,    0.90902E-02,    0.99836E+00
    0.67172E-01,   -0.63607E-01,    0.99643E+00
    0.23645E-01,    0.40216E+00,    0.99956E+00
    0.86140E-01,   -0.11530E+00,    0.99414E+00
    0.49689E-01,   -0.76614E-02,    0.99805E+00
    0.27167E+00,   -0.41358E+00,    0.94221E+00
    0.24617E-01,    0.41211E+00,    0.99952E+00
    0.11566E+00,   -0.18323E+00,    0.98944E+00
    0.13878E-01,    0.21473E+00,    0.99985E+00
    0.53695E-01,   -0.24552E-01,    0.99772E+00
    0.11108E+00,   -0.17435E+00,    0.99026E+00
    0.81530E-01,   -0.10644E+00,    0.99475E+00
    0.25589E-01,    0.42207E+00,    0.99948E+00
    0.20670E+00,   -0.33480E+00,    0.96641E+00
    0.15234E+00,   -0.25237E+00,    0.98171E+00
    0.40765E-01,    0.49834E+00,    0.99869E+00
    0.15699E+00,   -0.26053E+00,    0.98058E+00
    0.24908E+00,   -0.38922E+00,    0.95135E+00
    0.24515E-01,    0.10229E+00,    0.99952E+00
    0.10660E+00,   -0.16657E+00,    0.99103E+00
    0.18586E-01,    0.14393E+00,    0.99973E+00
    0.11824E-01,    0.26138E+00,    0.99989E+00
    0.26562E-01,    0.43202E+00,    0.99944E+00
    0.12746E-01,    0.30493E+00,    0.99987E+00
    0.12311E-01,    0.29453E+00,    0.99988E+00
    0.77011E-01,   -0.97529E-01,    0.99531E+00
    0.11615E-01,    0.24322E+00,    0.99989E+00
    0.16998E+00,   -0.28371E+00,    0.97724E+00
    0.11139E-01,    0.27904E+00,    0.99990E+00
    0.18150E+00,   -0.30135E+00,    0.97407E+00
    0.10121E+00,   -0.15729E+00,    0.99191E+00
    0.38655E-01,    0.24688E-01,    0.99882E+00
    0.27662E-01,    0.76475E-01,    0.99940E+00
    0.33276E-01,    0.48145E-01,    0.99912E+00
    0.15935E+00,   -0.26728E+00,    0.97999E+00
    0.56466E-01,   -0.40759E-01,    0.99748E+00
    0.26492E+00,   -0.40996E+00,    0.94502E+00
    0.34237E-01,    0.47739E+00,    0.99907E+00
    0.14581E-01,    0.16973E+00,    0.99983E+00
    0.37868E-01,    0.49334E+00,    0.99887E+00
    0.30939E-01,    0.57900E-01,    0.99924E+00
    0.28851E-01,    0.45195E+00,    0.99934E+00
    0.23107E+00,   -0.36994E+00,    0.95808E+00
    0.13707E-01,    0.17830E+00,    0.99985E+00
    0.11594E-01,    0.20500E+00,    0.99989E+00
    0.14659E+00,   -0.24715E+00,    0.98306E+00
    0.13931E+00,   -0.23443E+00,    0.98470E+00
    0.96700E-01,   -0.14952E+00,    0.99262E+00
    0.21478E+00,   -0.34979E+00,    0.96375E+00
    0.27242E+00,   -0.41930E+00,    0.94189E+00
    0.15288E+00,   -0.25812E+00,    0.98158E+00
    0.18945E+00,   -0.31519E+00,    0.97176E+00
    0.10024E-01,    0.29983E+00,    0.99992E+00
    0.38681E-01,    0.16330E-01,    0.99882E+00
    0.42731E-01,   -0.48787E-03,    0.99856E+00
    0.89315E-02,    0.23127E+00,    0.99994E+00
    0.91358E-01,   -0.14108E+00,    0.99341E+00
    0.26810E+00,   -0.41675E+00,    0.94370E+00
    0.25676E+00,   -0.40394E+00,    0.94833E+00
    0.59578E-01,   -0.57920E-01,    0.99719E+00
    0.47036E-01,   -0.17194E-01,    0.99825E+00
    0.24020E+00,   -0.38469E+00,    0.95473E+00
    0.19798E+00,   -0.32998E+00,    0.96917E+00
    0.16234E+00,   -0.27725E+00,    0.97923E+00
    0.15716E-01,    0.13470E+00,    0.99980E+00
    0.14880E+00,   -0.25513E+00,    0.98254E+00
    0.15348E+00,   -0.26309E+00,    0.98143E+00
    0.12758E-01,    0.15997E+00,    0.99987E+00
    0.17671E-01,    0.11900E+00,    0.99975E+00
    0.86816E-01,   -0.13223E+00,    0.99405E+00
    0.29478E-01,    0.46924E+00,    0.99931E+00
    0.22298E+00,   -0.36450E+00,    0.96094E+00
    0.33709E-01,    0.30919E-01,    0.99910E+00
    0.35767E-01,    0.49872E+00,    0.99899E+00
    0.92293E-02,    0.19529E+00,    0.99993E+00
    0.12679E+00,   -0.21808E+00,    0.98732E+00
    0.69433E-01,   -0.90686E-01,    0.99619E+00
    0.23551E-01,    0.44347E+00,    0.99956E+00
    0.25167E-01,    0.66834E-01,    0.99950E+00
    0.71357E-02,    0.29539E+00,    0.99996E+00
    0.12157E+00,   -0.20903E+00,    0.98834E+00
    0.17660E-01,    0.10946E+00,    0.99975E+00
    0.20634E+00,   -0.34445E+00,    0.96652E+00
    0.49792E-01,   -0.33422E-01,    0.99804E+00
    0.21889E-01,    0.82216E-01,    0.99962E+00
    0.11671E+00,   -0.20034E+00,    0.98925E+00
    0.71117E-02,    0.30451E+00,    0.99996E+00
    0.81474E-01,   -0.12379E+00,    0.99476E+00
    0.61909E-01,   -0.72090E-01,    0.99697E+00
    0.66702E-02,    0.22153E+00,    0.99996E+00
    0.14639E-01,    0.12739E+00,    0.99983E+00
    0.13088E+00,   -0.22768E+00,    0.98649E+00
    0.20005E-01,    0.91507E-01,    0.99968E+00
    0.10650E-01,    0.35822E+00,    0.99991E+00
    0.11622E-01,    0.36817E+00,    0.99989E+00
    0.96775E-02,    0.34826E+00,    0.99993E+00
    0.24925E+00,   -0.39916E+00,    0.95128E+00
    0.12594E-01,    0.37812E+00,    0.99987E+00
    0.87052E-02,    0.33831E+00,    0.99994E+00
    0.18091E+00,   -0.31002E+00,    0.97423E+00
    0.55830E-02,    0.25271E+00,    0.99998E+00
    0.58667E-02,    0.28788E+00,    0.99997E+00
    0.13567E-01,    0.38807E+00,    0.99985E+00
    0.77328E-02,    0.32836E+00,    0.99995E+00
    0.11132E+00,   -0.19194E+00,    0.99022E+00
    0.14539E-01,    0.39803E+00,    0.99983E+00
    0.32471E-01,    0.49430E+00,    0.99917E+00
    0.26820E+00,   -0.42201E+00,    0.94366E+00
    0.10866E-01,    0.15025E+00,    0.99991E+00
    0.53433E-01,   -0.50112E-01,    0.99774E+00
    0.10680E+00,   -0.18333E+00,    0.99100E+00
    0.14855E+00,   -0.26064E+00,    0.98260E+00
    0.15512E-01,    0.40798E+00,    0.99981E+00
    0.23149E+00,   -0.37987E+00,    0.95793E+00
    0.45098E-02,    0.26985E+00,    0.99998E+00
    0.76218E-01,   -0.11537E+00,    0.99541E+00
    0.30221E-01,    0.48823E+00,    0.99928E+00
    0.50129E-02,    0.29996E+00,    0.99998E+00
    0.28423E-01,    0.39404E-01,    0.99936E+00
    0.18940E+00,   -0.32489E+00,    0.97177E+00
    0.16819E+00,   -0.29354E+00,    0.97772E+00
    0.16484E-01,    0.41793E+00,    0.99979E+00
    0.24159E-01,    0.46078E+00,    0.99954E+00
    0.21502E+00,   -0.35977E+00,    0.96367E+00
    0.66459E-02,    0.18538E+00,    0.99997E+00
    0.52247E-02,    0.31263E+00,    0.99998E+00
    0.35865E-01,    0.67368E-02,    0.99898E+00
    0.10133E+00,   -0.17502E+00,    0.99189E+00
    0.17456E-01,    0.42788E+00,    0.99976E+00
    0.40019E-01,   -0.10106E-01,    0.99873E+00
    0.26331E+00,   -0.41892E+00,    0.94568E+00
    0.62217E-01,   -0.81352E-01,    0.99694E+00
    0.71576E-01,   -0.10657E+00,    0.99595E+00
    0.43196E-02,    0.21182E+00,    0.99999E+00
    0.96748E-01,   -0.16617E+00,    0.99261E+00
    0.44250E-01,   -0.26719E-01,    0.99845E+00
    0.18429E-01,    0.43784E+00,    0.99973E+00
    0.24074E+00,   -0.39397E+00,    0.95453E+00
    0.14382E+00,   -0.25732E+00,    0.98369E+00
    0.19815E+00,   -0.33997E+00,    0.96912E+00
    0.30766E-01,    0.49905E+00,    0.99925E+00
    0.14890E+00,   -0.26641E+00,    0.98252E+00
    0.88810E-02,    0.14188E+00,    0.99994E+00
    0.24630E-02,    0.29477E+00,    0.10000E+01
    0.91465E-01,   -0.15775E+00,    0.99339E+00
    0.55610E-01,   -0.67072E-01,    0.99756E+00
    0.22323E+00,   -0.37424E+00,    0.96086E+00
    0.25500E-02,    0.30519E+00,    0.99999E+00
    0.16057E+00,   -0.28709E+00,    0.97968E+00
    0.86775E-01,   -0.14899E+00,    0.99405E+00
    0.13461E+00,   -0.24426E+00,    0.98571E+00
    0.24660E-01,    0.47798E+00,    0.99952E+00
    0.25672E+00,   -0.41501E+00,    0.94834E+00
    0.28400E-01,    0.49466E+00,    0.99936E+00
    0.23279E-01,    0.47971E-01,    0.99957E+00
    0.47052E-01,   -0.42954E-01,    0.99825E+00
    0.51563E-02,    0.16644E+00,    0.99998E+00
    0.28885E-01,    0.22037E-01,    0.99934E+00
    0.13027E-01,    0.10111E+00,    0.99987E+00
    0.40454E-02,    0.17574E+00,    0.99999E+00
    0.18858E-01,    0.45230E+00,    0.99972E+00
    0.20229E-02,    0.20222E+00,    0.10000E+01
    0.17497E-01,    0.73672E-01,    0.99976E+00
    0.20694E+00,   -0.35548E+00,    0.96633E+00
    0.26395E+00,   -0.42467E+00,    0.94542E+00
    0.14417E+00,   -0.26309E+00,    0.98361E+00
    0.18076E+00,   -0.32000E+00,    0.97428E+00
   -0.15929E-09,    0.27859E+00,    0.10000E+01
    0.81575E-01,   -0.14069E+00,    0.99474E+00
    0.15026E+00,   -0.27420E+00,    0.98220E+00
    0.00000E+00,    0.30000E+00,    0.10000E+01
   -0.80997E-03,    0.26139E+00,    0.10000E+01
    0.24859E+00,   -0.40900E+00,    0.95154E+00
    0.12187E+00,   -0.22582E+00,    0.98828E+00
   -0.69118E-03,    0.22837E+00,    0.10000E+01
    0.28907E-01,    0.13916E-01,    0.99934E+00
   -0.10715E-02,    0.24412E+00,    0.10000E+01
    0.33153E-01,   -0.28536E-02,    0.99913E+00
    0.76834E-01,   -0.13190E+00,    0.99534E+00
    0.25970E+00,   -0.42200E+00,    0.94715E+00
    0.49679E-01,   -0.59145E-01,    0.99805E+00
    0.23183E+00,   -0.38983E+00,    0.95781E+00
    0.37331E-01,   -0.19525E-01,    0.99890E+00
    0.18927E+00,   -0.33488E+00,    0.97181E+00
    0.33114E-02,    0.15676E+00,    0.99999E+00
    0.60233E-02,    0.13232E+00,    0.99997E+00
    0.11634E+00,   -0.21754E+00,    0.98932E+00
    0.11162E+00,   -0.20874E+00,    0.99017E+00
    0.19506E-01,    0.46952E+00,    0.99970E+00
    0.14460E+00,   -0.26808E+00,    0.98351E+00
    0.23718E-01,    0.30595E-01,    0.99956E+00
    0.17944E-01,    0.56423E-01,    0.99975E+00
    0.63627E-01,   -0.10200E+00,    0.99680E+00
    0.25762E-01,    0.49934E+00,    0.99948E+00
   -0.52805E-03,    0.19223E+00,    0.10000E+01
    0.25168E-02,    0.36403E+00,    0.99999E+00
    0.15444E-02,    0.35408E+00,    0.10000E+01
    0.21422E+00,   -0.36997E+00,    0.96393E+00
    0.16619E+00,   -0.30326E+00,    0.97824E+00
    0.34891E-02,    0.37399E+00,    0.99999E+00
    0.71666E-01,   -0.12336E+00,    0.99594E+00
    0.57210E-03,    0.34413E+00,    0.10000E+01
    0.13935E+00,   -0.26041E+00,    0.98469E+00
    0.44614E-02,    0.38394E+00,    0.99998E+00
   -0.40023E-03,    0.33418E+00,    0.10000E+01
    0.59819E-02,    0.12282E+00,    0.99997E+00
    0.10612E+00,   -0.20046E+00,    0.99111E+00
    0.12234E-01,    0.82169E-01,    0.99988E+00
    0.54338E-02,    0.39389E+00,    0.99998E+00
   -0.13726E-02,    0.32422E+00,    0.10000E+01
    0.12632E+00,   -0.23867E+00,    0.98741E+00
    0.19809E+00,   -0.34981E+00,    0.96913E+00
   -0.28532E-02,    0.29542E+00,    0.99999E+00
    0.40099E-01,   -0.35795E-01,    0.99873E+00
    0.10139E+00,   -0.19166E+00,    0.99188E+00
    0.52719E-01,   -0.75029E-01,    0.99780E+00
   -0.29157E-02,    0.21870E+00,    0.99999E+00
    0.64061E-02,    0.40384E+00,    0.99997E+00
    0.24061E+00,   -0.40393E+00,    0.95457E+00
   -0.29599E-02,    0.30446E+00,    0.99999E+00
    0.23016E-01,    0.49425E+00,    0.99958E+00
    0.13503E+00,   -0.25554E+00,    0.98562E+00
    0.22367E+00,   -0.38411E+00,    0.96070E+00
    0.73785E-02,    0.41380E+00,    0.99996E+00
    0.96831E-01,   -0.18394E+00,    0.99260E+00
    0.20810E+00,   -0.36508E+00,    0.96595E+00
    0.14473E-02,    0.14807E+00,    0.10000E+01
    0.66417E-01,   -0.11508E+00,    0.99651E+00
    0.83508E-02,    0.42375E+00,    0.99994E+00
    0.25968E+00,   -0.42729E+00,    0.94716E+00
    0.13976E+00,   -0.26546E+00,    0.98460E+00
    0.91345E-01,   -0.17457E+00,    0.99341E+00
   -0.54407E-02,    0.27024E+00,    0.99998E+00
    0.93231E-02,    0.43370E+00,    0.99993E+00
    0.15886E+00,   -0.29693E+00,    0.98011E+00
    0.18443E-01,    0.39029E-01,    0.99973E+00
    0.48946E-02,    0.11269E+00,    0.99998E+00
    0.42834E-01,   -0.51991E-01,    0.99855E+00
   -0.53600E-02,    0.28886E+00,    0.99998E+00
   -0.50129E-02,    0.29996E+00,    0.99998E+00
    0.18082E+00,   -0.32998E+00,    0.97426E+00
   -0.29495E-02,    0.18286E+00,    0.99999E+00
   -0.59045E-02,    0.25287E+00,    0.99997E+00
    0.86770E-01,   -0.16656E+00,    0.99405E+00
    0.12565E-01,    0.64847E-01,    0.99988E+00
    0.19194E-01,    0.48760E+00,    0.99971E+00
    0.25485E+00,   -0.42411E+00,    0.94909E+00
    0.30347E-01,   -0.12439E-01,    0.99927E+00
   -0.52720E-02,    0.20904E+00,    0.99998E+00
   -0.53202E-02,    0.31104E+00,    0.99998E+00
    0.25302E-01,    0.57671E-02,    0.99949E+00
    0.10169E-01,    0.44558E+00,    0.99992E+00
    0.34321E-01,   -0.27731E-01,    0.99907E+00
    0.11893E-01,    0.45542E+00,    0.99989E+00
    0.13580E+00,   -0.26241E+00,    0.98545E+00
    0.69225E-02,    0.90636E-01,    0.99996E+00
    0.17198E+00,   -0.31959E+00,    0.97671E+00
    0.81484E-01,   -0.15746E+00,    0.99475E+00
    0.24890E+00,   -0.41894E+00,    0.95142E+00
    0.18946E+00,   -0.34484E+00,    0.97175E+00
    0.54968E-01,   -0.92723E-01,    0.99761E+00
   -0.69157E-02,    0.29511E+00,    0.99996E+00
    0.20755E-01,    0.49957E+00,    0.99966E+00
   -0.37346E-03,    0.13832E+00,    0.10000E+01
    0.23139E+00,   -0.39908E+00,    0.95797E+00
    0.45744E-01,   -0.67898E-01,    0.99835E+00
    0.13992E+00,   -0.27123E+00,    0.98456E+00
   -0.71117E-02,    0.30451E+00,    0.99996E+00
   -0.36435E-02,    0.16386E+00,    0.99999E+00
    0.76837E-01,   -0.14944E+00,    0.99534E+00
    0.21513E+00,   -0.37990E+00,    0.96363E+00
   -0.79917E-02,    0.23520E+00,    0.99995E+00
    0.15072E-01,    0.47837E+00,    0.99982E+00
    0.15128E+00,   -0.29045E+00,    0.98196E+00
    0.37126E-01,   -0.43916E-01,    0.99891E+00
    0.18363E-01,    0.49516E+00,    0.99973E+00
    0.13291E-01,    0.47594E-01,    0.99986E+00
    0.12564E+00,   -0.24864E+00,    0.98754E+00
    0.18890E-01,    0.21852E-01,    0.99972E+00
   -0.56291E-02,    0.17323E+00,    0.99997E+00
   -0.75457E-02,    0.19934E+00,    0.99995E+00
    0.11732E+00,   -0.23471E+00,    0.98914E+00
    0.75062E-02,    0.73382E-01,    0.99996E+00
    0.71591E-01,   -0.14094E+00,    0.99595E+00
    0.16438E+00,   -0.31309E+00,    0.97871E+00
    0.25538E+00,   -0.42986E+00,    0.94888E+00
    0.11193E+00,   -0.22630E+00,    0.99011E+00
   -0.99747E-02,    0.27872E+00,    0.99992E+00
    0.13530E+00,   -0.26776E+00,    0.98556E+00
   -0.18252E-02,    0.12844E+00,    0.10000E+01
    0.10703E+00,   -0.21761E+00,    0.99096E+00
   -0.10523E-01,    0.26166E+00,    0.99991E+00
    0.24032E+00,   -0.41390E+00,    0.95468E+00
    0.66918E-01,   -0.13214E+00,    0.99646E+00
   -0.10024E-01,    0.29983E+00,    0.99992E+00
   -0.10259E-01,    0.22546E+00,    0.99992E+00
    0.19930E+00,   -0.36399E+00,    0.96876E+00
    0.40397E-01,   -0.61587E-01,    0.99871E+00
    0.22296E+00,   -0.39404E+00,    0.96095E+00
    0.15178E-02,    0.99111E-01,    0.10000E+01
    0.14102E+00,   -0.27907E+00,    0.98432E+00
    0.10168E+00,   -0.20918E+00,    0.99184E+00
    0.25058E+00,   -0.42664E+00,    0.95076E+00
    0.48403E-01,   -0.85809E-01,    0.99815E+00
   -0.65886E-02,    0.35990E+00,    0.99997E+00
   -0.56163E-02,    0.36985E+00,    0.99998E+00
   -0.75609E-02,    0.34995E+00,    0.99995E+00
    0.97010E-01,   -0.20058E+00,    0.99257E+00
   -0.60887E-02,    0.15423E+00,    0.99997E+00
   -0.46439E-02,    0.37980E+00,    0.99998E+00
   -0.85333E-02,    0.33999E+00,    0.99994E+00
    0.18070E+00,   -0.34002E+00,    0.97429E+00
    0.21958E-01,   -0.17990E-02,    0.99962E+00
   -0.36716E-02,    0.38976E+00,    0.99999E+00
   -0.95056E-02,    0.33004E+00,    0.99993E+00
    0.26314E-01,   -0.18689E-01,    0.99945E+00
    0.95461E-02,    0.47007E+00,    0.99993E+00
    0.13771E-01,    0.30427E-01,    0.99985E+00
    0.21754E+00,   -0.38911E+00,    0.96282E+00
   -0.26993E-02,    0.39971E+00,    0.99999E+00
   -0.10478E-01,    0.32009E+00,    0.99991E+00
    0.13075E+00,   -0.26420E+00,    0.98651E+00
    0.61675E-01,   -0.12363E+00,    0.99699E+00
    0.79746E-02,    0.55968E-01,    0.99995E+00
    0.15746E-01,    0.49975E+00,    0.99980E+00
    0.15677E+00,   -0.30660E+00,    0.98063E+00
   -0.10203E-01,    0.18974E+00,    0.99992E+00
    0.91657E-01,   -0.19221E+00,    0.99337E+00
   -0.17269E-02,    0.40966E+00,    0.10000E+01
    0.20605E+00,   -0.37573E+00,    0.96662E+00
   -0.12278E-01,    0.29372E+00,    0.99988E+00
    0.17011E-01,    0.13321E-01,    0.99977E+00
    0.56691E-01,   -0.11271E+00,    0.99746E+00
    0.13537E+00,   -0.27353E+00,    0.98555E+00
    0.30480E-01,   -0.36878E-01,    0.99927E+00
    0.86903E-01,   -0.18348E+00,    0.99403E+00
   -0.75459E-03,    0.41962E+00,    0.10000E+01
    0.22623E-02,    0.81794E-01,    0.10000E+01
   -0.12396E-01,    0.21571E+00,    0.99988E+00
   -0.13329E-01,    0.24383E+00,    0.99986E+00
    0.43035E-01,   -0.77423E-01,    0.99854E+00
    0.23187E+00,   -0.40874E+00,    0.95779E+00
   -0.12746E-01,    0.30493E+00,    0.99987E+00
    0.21775E-03,    0.42957E+00,    0.10000E+01
    0.13102E-01,    0.49461E+00,    0.99986E+00
   -0.14112E-01,    0.25402E+00,    0.99984E+00
   -0.78039E-02,    0.14444E+00,    0.99995E+00
    0.17006E+00,   -0.32951E+00,    0.97722E+00
    0.81572E-01,   -0.17508E+00,    0.99474E+00
    0.50655E-01,   -0.10162E+00,    0.99797E+00
    0.19079E+00,   -0.35891E+00,    0.97136E+00
    0.25106E+00,   -0.43240E+00,    0.95058E+00
    0.10462E-01,    0.48718E+00,    0.99991E+00
    0.76871E-01,   -0.16628E+00,    0.99533E+00
    0.33346E-01,   -0.53054E-01,    0.99912E+00
    0.13081E+00,   -0.26998E+00,    0.98650E+00
    0.14955E+00,   -0.30028E+00,    0.98237E+00
   -0.42577E-02,    0.10867E+00,    0.99999E+00
    0.25399E-02,    0.45202E+00,    0.99999E+00
   -0.55116E-02,    0.11708E+00,    0.99998E+00
    0.84497E-02,    0.38867E-01,    0.99994E+00
   -0.12536E-01,    0.18003E+00,    0.99988E+00
    0.41649E-02,    0.46168E+00,    0.99999E+00
    0.28605E-02,    0.64554E-01,    0.99999E+00
   -0.15033E-01,    0.29962E+00,    0.99982E+00
    0.25279E-03,    0.44230E+00,    0.10000E+01
    0.12391E+00,   -0.25994E+00,    0.98789E+00
    0.11457E+00,   -0.24374E+00,    0.98964E+00
    0.24181E+00,   -0.42412E+00,    0.95412E+00
   -0.14773E-01,    0.20604E+00,    0.99983E+00
    0.71668E-01,   -0.15779E+00,    0.99594E+00
    0.24643E+00,   -0.42993E+00,    0.95237E+00
    0.45447E-01,   -0.93215E-01,    0.99837E+00
    0.18328E+00,   -0.35230E+00,    0.97356E+00
    0.16255E+00,   -0.32292E+00,    0.97918E+00
    0.14916E-01,    0.52818E-02,    0.99982E+00
    0.19190E-01,   -0.11349E-01,    0.99971E+00
   -0.15668E-01,    0.31228E+00,    0.99981E+00
   -0.30912E-02,    0.90237E-01,    0.99999E+00
    0.12672E+00,   -0.26693E+00,    0.98733E+00
    0.66888E-01,   -0.14906E+00,    0.99646E+00
   -0.95990E-02,    0.13470E+00,    0.99993E+00
   -0.13362E-01,    0.17017E+00,    0.99986E+00
    0.10735E-01,    0.49988E+00,    0.99991E+00
    0.23430E-01,   -0.28257E-01,    0.99957E+00
    0.22399E+00,   -0.40531E+00,    0.96059E+00
   -0.17231E-01,    0.29428E+00,    0.99977E+00
    0.54785E-02,    0.47858E+00,    0.99998E+00
    0.36231E-01,   -0.70647E-01,    0.99896E+00
   -0.17797E-01,    0.27111E+00,    0.99975E+00
   -0.17546E-01,    0.23227E+00,    0.99976E+00
    0.14188E+00,   -0.29386E+00,    0.98413E+00
   -0.17283E-01,    0.30410E+00,    0.99976E+00
    0.33728E-02,    0.47459E-01,    0.99999E+00
    0.27233E-01,   -0.45174E-01,    0.99941E+00
    0.61746E-01,   -0.14066E+00,    0.99699E+00
    0.90549E-02,    0.21616E-01,    0.99994E+00
    0.10679E+00,   -0.23487E+00,    0.99100E+00
    0.13151E+00,   -0.27799E+00,    0.98636E+00
   -0.18515E-01,    0.27868E+00,    0.99973E+00
    0.81435E-02,    0.49472E+00,    0.99995E+00
    0.10196E+00,   -0.22613E+00,    0.99179E+00
    0.11680E+00,   -0.25326E+00,    0.98923E+00
   -0.17100E-01,    0.19693E+00,    0.99977E+00
    0.17568E+00,   -0.34566E+00,    0.97570E+00
    0.21626E+00,   -0.39902E+00,    0.96325E+00
   -0.19024E-01,    0.28733E+00,    0.99971E+00
   -0.24577E-02,    0.72905E-01,    0.10000E+01
    0.15496E+00,   -0.31644E+00,    0.98108E+00
    0.24671E+00,   -0.43490E+00,    0.95226E+00
   -0.14901E-01,    0.16078E+00,    0.99982E+00
    0.96563E-01,   -0.21775E+00,    0.99264E+00
    0.56930E-01,   -0.13190E+00,    0.99744E+00
    0.23197E+00,   -0.41864E+00,    0.95776E+00
    0.20848E+00,   -0.39041E+00,    0.96583E+00
    0.91735E-01,   -0.20901E+00,    0.99335E+00
   -0.14722E-01,    0.36572E+00,    0.99983E+00
   -0.15694E-01,    0.35577E+00,    0.99981E+00
    0.12628E+00,   -0.27213E+00,    0.98742E+00
   -0.13749E-01,    0.37567E+00,    0.99985E+00
   -0.16666E-01,    0.34581E+00,    0.99978E+00
    0.19632E+00,   -0.37533E+00,    0.96968E+00
   -0.19693E-01,    0.22253E+00,    0.99969E+00
   -0.12777E-01,    0.38562E+00,    0.99987E+00
   -0.17639E-01,    0.33586E+00,    0.99975E+00
    0.87036E-01,   -0.20106E+00,    0.99402E+00
   -0.11805E-01,    0.39558E+00,    0.99989E+00
   -0.18611E-01,    0.32591E+00,    0.99973E+00
   -0.20038E-01,    0.29933E+00,    0.99968E+00
    0.30477E-01,   -0.62604E-01,    0.99927E+00
    0.38450E-01,   -0.86116E-01,    0.99883E+00
    0.24198E+00,   -0.43158E+00,    0.95406E+00
   -0.84714E-02,    0.98663E-01,    0.99994E+00
   -0.10832E-01,    0.40553E+00,    0.99991E+00
   -0.21113E-01,    0.26025E+00,    0.99965E+00
   -0.21578E-03,    0.46883E+00,    0.10000E+01
    0.51790E-01,   -0.12346E+00,    0.99788E+00
    0.13406E+00,   -0.28755E+00,    0.98582E+00
    0.16809E+00,   -0.33915E+00,    0.97774E+00
    0.81674E-01,   -0.19198E+00,    0.99473E+00
   -0.98600E-02,    0.41548E+00,    0.99992E+00
    0.12352E-01,   -0.43692E-02,    0.99988E+00
   -0.13077E-01,    0.12519E+00,    0.99986E+00
    0.37988E-02,    0.30116E-01,    0.99999E+00
    0.16591E-01,   -0.20998E-01,    0.99978E+00
    0.12185E+00,   -0.26842E+00,    0.98828E+00
    0.45985E-01,   -0.11045E+00,    0.99833E+00
   -0.88876E-02,    0.42543E+00,    0.99994E+00
    0.14758E+00,   -0.31008E+00,    0.98283E+00
    0.18881E+00,   -0.36872E+00,    0.97194E+00
   -0.20186E-02,    0.55853E-01,    0.10000E+01
    0.57234E-02,    0.49997E+00,    0.99997E+00
   -0.21710E-01,    0.29455E+00,    0.99963E+00
   -0.19732E-01,    0.18695E+00,    0.99969E+00
    0.76925E-01,   -0.18392E+00,    0.99532E+00
   -0.22415E-01,    0.24909E+00,    0.99960E+00
    0.20946E-01,   -0.38538E-01,    0.99965E+00
   -0.79895E-02,    0.43545E+00,    0.99995E+00
    0.72239E-01,   -0.17509E+00,    0.99588E+00
   -0.21918E-01,    0.21279E+00,    0.99962E+00
   -0.77265E-02,    0.81390E-01,    0.99995E+00
    0.33256E-01,   -0.78408E-01,    0.99913E+00
    0.12615E+00,   -0.27790E+00,    0.98744E+00
    0.22326E+00,   -0.41377E+00,    0.96085E+00
    0.17569E-02,    0.48798E+00,    0.10000E+01
   -0.45190E-02,    0.45881E+00,    0.99998E+00
   -0.22928E-01,    0.30433E+00,    0.99958E+00
    0.16059E+00,   -0.33268E+00,    0.97968E+00
    0.29117E-02,    0.49549E+00,    0.99999E+00
   -0.17218E-01,    0.14114E+00,    0.99977E+00
    0.40690E-01,   -0.10198E+00,    0.99869E+00
    0.66886E-01,   -0.16656E+00,    0.99646E+00
    0.18131E+00,   -0.36210E+00,    0.97412E+00
   -0.69925E-02,    0.44918E+00,    0.99996E+00
   -0.13132E-01,    0.10751E+00,    0.99986E+00
   -0.24264E-01,    0.23926E+00,    0.99953E+00
    0.24234E+00,   -0.43735E+00,    0.95393E+00
   -0.20748E-01,    0.16750E+00,    0.99966E+00
    0.14008E+00,   -0.30348E+00,    0.98453E+00
   -0.11821E-02,    0.38683E-01,    0.10000E+01
    0.49720E-02,    0.11694E-01,    0.99998E+00
    0.62189E-01,   -0.15787E+00,    0.99694E+00
    0.23663E-01,   -0.55439E-01,    0.99956E+00
    0.12172E+00,   -0.27420E+00,    0.98831E+00
   -0.22137E-01,    0.17725E+00,    0.99961E+00
   -0.70401E-02,    0.64473E-01,    0.99996E+00
   -0.25037E-01,    0.29895E+00,    0.99950E+00
   -0.24348E-01,    0.20381E+00,    0.99953E+00
   -0.20096E-01,    0.15026E+00,    0.99968E+00
    0.19881E+00,   -0.38815E+00,    0.96891E+00
   -0.25896E-01,    0.22970E+00,    0.99947E+00
    0.17381E+00,   -0.35550E+00,    0.97621E+00
    0.23748E+00,   -0.43472E+00,    0.95574E+00
    0.15318E+00,   -0.32627E+00,    0.98151E+00
    0.56931E-01,   -0.14938E+00,    0.99744E+00
    0.54145E-02,    0.28262E-02,    0.99998E+00
    0.12686E+00,   -0.28578E+00,    0.98730E+00
    0.21464E+00,   -0.40877E+00,    0.96379E+00
    0.10224E+00,   -0.24362E+00,    0.99175E+00
    0.95399E-02,   -0.13946E-01,    0.99993E+00
    0.23260E+00,   -0.43002E+00,    0.95753E+00
   -0.13069E-01,    0.89786E-01,    0.99986E+00
    0.97278E-01,   -0.23496E+00,    0.99253E+00
    0.10684E+00,   -0.25243E+00,    0.99099E+00
    0.71112E-03,    0.50000E+00,    0.10000E+01
   -0.19652E-01,    0.13318E+00,    0.99969E+00
    0.13703E-01,   -0.30457E-01,    0.99985E+00
    0.26359E-01,   -0.71215E-01,    0.99945E+00
   -0.27264E-01,    0.27756E+00,    0.99941E+00
    0.11713E+00,   -0.27113E+00,    0.98917E+00
    0.34459E-01,   -0.95040E-01,    0.99906E+00
   -0.27055E-01,    0.29354E+00,    0.99942E+00
    0.12173E+00,   -0.27921E+00,    0.98831E+00
   -0.48779E-02,    0.47750E+00,    0.99998E+00
    0.92000E-01,   -0.22647E+00,    0.99332E+00
    0.51757E-01,   -0.14083E+00,    0.99788E+00
    0.87208E-01,   -0.21788E+00,    0.99399E+00
    0.13233E+00,   -0.29745E+00,    0.98619E+00
   -0.80164E-03,    0.21623E-01,    0.10000E+01
   -0.17763E-02,    0.49478E+00,    0.10000E+01
   -0.65963E-02,    0.47068E-01,    0.99997E+00
   -0.27317E-01,    0.30937E+00,    0.99941E+00
    0.11209E+00,   -0.26452E+00,    0.99008E+00
   -0.27679E-01,    0.30291E+00,    0.99939E+00
    0.16625E+00,   -0.34898E+00,    0.97823E+00
   -0.18690E-01,    0.11552E+00,    0.99972E+00
   -0.23827E-01,    0.36158E+00,    0.99955E+00
   -0.26688E-01,    0.19412E+00,    0.99944E+00
   -0.22855E-01,    0.37154E+00,    0.99959E+00
   -0.24799E-01,    0.35163E+00,    0.99951E+00
    0.20717E+00,   -0.40289E+00,    0.96626E+00
    0.17285E-01,   -0.47819E-01,    0.99976E+00
   -0.21882E-01,    0.38149E+00,    0.99962E+00
   -0.25772E-01,    0.34168E+00,    0.99947E+00
    0.81929E-01,   -0.20944E+00,    0.99470E+00
    0.46929E-01,   -0.13211E+00,    0.99826E+00
   -0.20910E-01,    0.39144E+00,    0.99965E+00
   -0.26744E-01,    0.33173E+00,    0.99943E+00
    0.14555E+00,   -0.31984E+00,    0.98330E+00
   -0.29209E-01,    0.26821E+00,    0.99933E+00
   -0.12441E-01,    0.72629E-01,    0.99988E+00
    0.22353E+00,   -0.42321E+00,    0.96075E+00
    0.23794E+00,   -0.43976E+00,    0.95557E+00
    0.77087E-01,   -0.20074E+00,    0.99531E+00
   -0.28715E-01,    0.22011E+00,    0.99935E+00
   -0.19938E-01,    0.40139E+00,    0.99969E+00
   -0.18965E-01,    0.41135E+00,    0.99972E+00
    0.11712E+00,   -0.27620E+00,    0.98917E+00
    0.21245E-01,   -0.65027E-01,    0.99964E+00
   -0.25469E-01,    0.15869E+00,    0.99949E+00
   -0.17993E-01,    0.42130E+00,    0.99974E+00
    0.42010E-01,   -0.12340E+00,    0.99860E+00
    0.23409E+00,   -0.43706E+00,    0.95699E+00
   -0.28883E-01,    0.31951E+00,    0.99934E+00
    0.29015E-01,   -0.89000E-01,    0.99933E+00
    0.71709E-01,   -0.19234E+00,    0.99594E+00
   -0.30029E-01,    0.29849E+00,    0.99929E+00
   -0.18295E-01,    0.98305E-01,    0.99974E+00
   -0.30903E-01,    0.25736E+00,    0.99925E+00
   -0.17021E-01,    0.43125E+00,    0.99977E+00
    0.15866E+00,   -0.34247E+00,    0.98016E+00
    0.66953E-01,   -0.18357E+00,    0.99646E+00
    0.18699E+00,   -0.38137E+00,    0.97248E+00
   -0.24727E-01,    0.14140E+00,    0.99952E+00
   -0.11087E-01,    0.46632E+00,    0.99990E+00
   -0.61784E-02,    0.30047E-01,    0.99997E+00
    0.17934E+00,   -0.37191E+00,    0.97468E+00
   -0.11635E-01,    0.55597E-01,    0.99989E+00
    0.26674E-02,   -0.67843E-02,    0.99999E+00
    0.13814E+00,   -0.31329E+00,    0.98495E+00
    0.11281E+00,   -0.27234E+00,    0.98996E+00
    0.70503E-02,   -0.23603E-01,    0.99996E+00
   -0.16222E-01,    0.44105E+00,    0.99979E+00
   -0.31841E-01,    0.24576E+00,    0.99920E+00
   -0.43012E-02,    0.49998E+00,    0.99999E+00
   -0.31784E-01,    0.28620E+00,    0.99920E+00
   -0.29428E-01,    0.18454E+00,    0.99932E+00
    0.61708E-01,   -0.17511E+00,    0.99699E+00
    0.11090E-01,   -0.40086E-01,    0.99990E+00
   -0.23839E-01,    0.12409E+00,    0.99955E+00
    0.19842E+00,   -0.39810E+00,    0.96903E+00
   -0.32146E-01,    0.29373E+00,    0.99918E+00
   -0.31663E-01,    0.21061E+00,    0.99921E+00
   -0.14323E-01,    0.45695E+00,    0.99984E+00
   -0.17675E-01,    0.81131E-01,    0.99975E+00
    0.23550E-01,   -0.80667E-01,    0.99956E+00
    0.21474E+00,   -0.41874E+00,    0.96376E+00
    0.56920E-01,   -0.16634E+00,    0.99744E+00
    0.11679E+00,   -0.28196E+00,    0.98923E+00
   -0.32446E-01,    0.30368E+00,    0.99917E+00
    0.15117E+00,   -0.33597E+00,    0.98199E+00
    0.34438E-01,   -0.11268E+00,    0.99906E+00
    0.17183E+00,   -0.36526E+00,    0.97674E+00
   -0.71375E-02,    0.49543E+00,    0.99996E+00
   -0.90764E-02,    0.48721E+00,    0.99993E+00
   -0.33617E-01,    0.23594E+00,    0.99911E+00
    0.52203E-01,   -0.15753E+00,    0.99785E+00
    0.13161E+00,   -0.30724E+00,    0.98634E+00
    0.23352E+00,   -0.44212E+00,    0.95719E+00
    0.20764E+00,   -0.41239E+00,    0.96610E+00
   -0.11154E-01,    0.38253E-01,    0.99990E+00
   -0.23564E-01,    0.10680E+00,    0.99956E+00
   -0.30735E-01,    0.16716E+00,    0.99925E+00
    0.11249E+00,   -0.27811E+00,    0.99001E+00
   -0.58705E-02,    0.13013E-01,    0.99997E+00
    0.13395E-01,   -0.57007E-01,    0.99986E+00
   -0.17023E-01,    0.63995E-01,    0.99977E+00
    0.47076E-01,   -0.14911E+00,    0.99825E+00
    0.22889E+00,   -0.43866E+00,    0.95886E+00
    0.97173E-01,   -0.25224E+00,    0.99254E+00
   -0.33866E-01,    0.20087E+00,    0.99909E+00
    0.26331E-01,   -0.96098E-01,    0.99945E+00
    0.92255E-01,   -0.24354E+00,    0.99328E+00
   -0.35012E-01,    0.29795E+00,    0.99903E+00
   -0.30080E-01,    0.14982E+00,    0.99928E+00
    0.16441E+00,   -0.35880E+00,    0.97870E+00
    0.19007E+00,   -0.39292E+00,    0.97157E+00
    0.10085E+00,   -0.26002E+00,    0.99197E+00
    0.14388E+00,   -0.32968E+00,    0.98368E+00
    0.22328E+00,   -0.43325E+00,    0.96084E+00
   -0.35609E-01,    0.22734E+00,    0.99900E+00
    0.86948E-01,   -0.23509E+00,    0.99403E+00
   -0.49203E-02,    0.41799E-02,    0.99998E+00
    0.82040E-01,   -0.22639E+00,    0.99468E+00
    0.10795E+00,   -0.27344E+00,    0.99080E+00
    0.15107E-03,   -0.16386E-01,    0.10000E+01
   -0.23061E-01,    0.89536E-01,    0.99958E+00
   -0.93131E-02,    0.49991E+00,    0.99993E+00
    0.41879E-01,   -0.14070E+00,    0.99861E+00
    0.77227E-01,   -0.21825E+00,    0.99529E+00
   -0.29450E-01,    0.13259E+00,    0.99931E+00
    0.16896E-01,   -0.73987E-01,    0.99977E+00
   -0.37132E-01,    0.27610E+00,    0.99891E+00
   -0.36848E-01,    0.29247E+00,    0.99893E+00
    0.40785E-02,   -0.33085E-01,    0.99999E+00
   -0.31960E-01,    0.36740E+00,    0.99919E+00
   -0.32932E-01,    0.35745E+00,    0.99914E+00
   -0.30988E-01,    0.37735E+00,    0.99924E+00
   -0.33905E-01,    0.34750E+00,    0.99909E+00
   -0.36491E-01,    0.31054E+00,    0.99895E+00
   -0.30015E-01,    0.38731E+00,    0.99929E+00
    0.26824E-01,   -0.10383E+00,    0.99943E+00
   -0.34877E-01,    0.33754E+00,    0.99904E+00
   -0.11280E-01,    0.49523E+00,    0.99990E+00
    0.71941E-01,   -0.20930E+00,    0.99591E+00
   -0.16038E-01,    0.47434E+00,    0.99980E+00
   -0.29043E-01,    0.39726E+00,    0.99933E+00
   -0.16282E-01,    0.46749E-01,    0.99979E+00
   -0.35849E-01,    0.32759E+00,    0.99898E+00
    0.12333E+00,   -0.30172E+00,    0.98800E+00
   -0.10787E-01,    0.21200E-01,    0.99991E+00
    0.15682E+00,   -0.35230E+00,    0.98062E+00
    0.36937E-01,   -0.13202E+00,    0.99892E+00
   -0.28071E-01,    0.40721E+00,    0.99938E+00
   -0.36258E-01,    0.19180E+00,    0.99896E+00
    0.13653E+00,   -0.32305E+00,    0.98530E+00
   -0.28676E-01,    0.11534E+00,    0.99935E+00
    0.67106E-01,   -0.20121E+00,    0.99644E+00
    0.74468E-02,   -0.48997E-01,    0.99996E+00
    0.19875E+00,   -0.40807E+00,    0.96893E+00
    0.11138E+00,   -0.28334E+00,    0.99021E+00
    0.21500E+00,   -0.42760E+00,    0.96367E+00
   -0.38682E-01,    0.25204E+00,    0.99882E+00
   -0.27098E-01,    0.41717E+00,    0.99942E+00
   -0.38150E-01,    0.30280E+00,    0.99885E+00
    0.62420E-01,   -0.19239E+00,    0.99692E+00
    0.17743E+00,   -0.38169E+00,    0.97521E+00
    0.22908E+00,   -0.44444E+00,    0.95880E+00
   -0.22422E-01,    0.72407E-01,    0.99960E+00
   -0.38378E-01,    0.21774E+00,    0.99884E+00
   -0.26126E-01,    0.42712E+00,    0.99946E+00
   -0.36411E-01,    0.17966E+00,    0.99895E+00
   -0.24835E-01,    0.43631E+00,    0.99951E+00
    0.10782E+00,   -0.27995E+00,    0.99082E+00
    0.11321E-01,   -0.65881E-01,    0.99990E+00
    0.19060E-01,   -0.89445E-01,    0.99971E+00
   -0.35347E-01,    0.15831E+00,    0.99901E+00
    0.22448E+00,   -0.44094E+00,    0.96042E+00
    0.14956E+00,   -0.34575E+00,    0.98237E+00
   -0.20759E-01,    0.46415E+00,    0.99966E+00
   -0.39986E-01,    0.29732E+00,    0.99874E+00
   -0.28271E-01,    0.97982E-01,    0.99937E+00
   -0.24257E-01,    0.44627E+00,    0.99953E+00
    0.20748E+00,   -0.42191E+00,    0.96616E+00
    0.10067E+00,   -0.26967E+00,    0.99200E+00
   -0.41042E-01,    0.26690E+00,    0.99867E+00
    0.16997E+00,   -0.37508E+00,    0.97725E+00
   -0.16072E-01,    0.29660E-01,    0.99980E+00
   -0.41251E-01,    0.24239E+00,    0.99865E+00
   -0.34719E-01,    0.14108E+00,    0.99905E+00
   -0.21605E-01,    0.55208E-01,    0.99963E+00
    0.12879E+00,   -0.31676E+00,    0.98691E+00
    0.10365E+00,   -0.27596E+00,    0.99152E+00
   -0.69681E-02,   -0.93897E-02,    0.99996E+00
   -0.14324E-01,    0.49979E+00,    0.99984E+00
    0.29189E-01,   -0.12165E+00,    0.99933E+00
   -0.25972E-02,   -0.25985E-01,    0.99999E+00
    0.19036E+00,   -0.40274E+00,    0.97148E+00
   -0.40775E-01,    0.20804E+00,    0.99869E+00
    0.14125E-01,   -0.80909E-01,    0.99984E+00
    0.11238E+00,   -0.29178E+00,    0.99003E+00
    0.18352E-02,   -0.42736E-01,    0.10000E+01
   -0.23949E-01,    0.45624E+00,    0.99955E+00
   -0.16548E-01,    0.49382E+00,    0.99978E+00
   -0.33934E-01,    0.12384E+00,    0.99909E+00
   -0.42209E-01,    0.29243E+00,    0.99859E+00
   -0.27594E-01,    0.80641E-01,    0.99940E+00
    0.10744E+00,   -0.28488E+00,    0.99089E+00
   -0.41503E-01,    0.31914E+00,    0.99864E+00
    0.14182E+00,   -0.33946E+00,    0.98414E+00
    0.16242E+00,   -0.36859E+00,    0.97922E+00
    0.42242E-01,   -0.15782E+00,    0.99859E+00
   -0.43050E-01,    0.23359E+00,    0.99854E+00
    0.12202E+00,   -0.30980E+00,    0.98825E+00
   -0.14328E-01,    0.12031E-01,    0.99984E+00
    0.54190E-01,   -0.18569E+00,    0.99768E+00
    0.87513E-01,   -0.25233E+00,    0.99395E+00
    0.22461E+00,   -0.44671E+00,    0.96038E+00
   -0.43712E-01,    0.28561E+00,    0.99849E+00
   -0.43291E-01,    0.30133E+00,    0.99852E+00
    0.17815E+00,   -0.39089E+00,    0.97501E+00
    0.45828E-02,   -0.58524E-01,    0.99998E+00
    0.19890E+00,   -0.41700E+00,    0.96888E+00
   -0.33367E-01,    0.10656E+00,    0.99912E+00
    0.82287E-01,   -0.24381E+00,    0.99465E+00
   -0.21132E-01,    0.38026E-01,    0.99965E+00
    0.77404E-01,   -0.23522E+00,    0.99527E+00
    0.37113E-01,   -0.14946E+00,    0.99891E+00
    0.48985E-01,   -0.17720E+00,    0.99810E+00
    0.10313E+00,   -0.28172E+00,    0.99160E+00
   -0.22052E-01,    0.47971E+00,    0.99962E+00
   -0.27008E-01,    0.63544E-01,    0.99942E+00
   -0.43568E-01,    0.19860E+00,    0.99850E+00
    0.16792E-01,   -0.98575E-01,    0.99978E+00
    0.15494E+00,   -0.36198E+00,    0.98108E+00
    0.72178E-01,   -0.22673E+00,    0.99588E+00
   -0.44902E-01,    0.22384E+00,    0.99841E+00
   -0.44949E-01,    0.29661E+00,    0.99840E+00
    0.44328E-01,   -0.16842E+00,    0.99845E+00
   -0.41668E-01,    0.16848E+00,    0.99863E+00
    0.13439E+00,   -0.33281E+00,    0.98575E+00
    0.22014E+00,   -0.44427E+00,    0.96193E+00
   -0.40073E-01,    0.14951E+00,    0.99873E+00
    0.91383E-01,   -0.26317E+00,    0.99340E+00
    0.18156E+00,   -0.39809E+00,    0.97405E+00
    0.67261E-01,   -0.21806E+00,    0.99643E+00
    0.21519E+00,   -0.43910E+00,    0.96361E+00
   -0.41065E-01,    0.36327E+00,    0.99867E+00
    0.21929E-01,   -0.11478E+00,    0.99962E+00
   -0.40093E-01,    0.37322E+00,    0.99873E+00
   -0.42038E-01,    0.35332E+00,    0.99860E+00
   -0.45125E-01,    0.30854E+00,    0.99839E+00
   -0.39121E-01,    0.38317E+00,    0.99879E+00
   -0.43010E-01,    0.34336E+00,    0.99854E+00
   -0.45193E-02,   -0.35539E-01,    0.99998E+00
    0.31889E-01,   -0.14094E+00,    0.99920E+00
   -0.38148E-01,    0.39313E+00,    0.99885E+00
   -0.32743E-01,    0.89123E-01,    0.99915E+00
   -0.19334E-01,    0.49963E+00,    0.99970E+00
    0.70596E-02,   -0.74189E-01,    0.99996E+00
    0.19211E+00,   -0.41259E+00,    0.97096E+00
   -0.46216E-01,    0.29171E+00,    0.99831E+00
   -0.37176E-01,    0.40308E+00,    0.99891E+00
    0.98293E-01,   -0.27729E+00,    0.99237E+00
    0.61963E-01,   -0.20960E+00,    0.99697E+00
   -0.39436E-01,    0.13230E+00,    0.99877E+00
   -0.47035E-01,    0.27490E+00,    0.99825E+00
   -0.36204E-01,    0.41303E+00,    0.99896E+00
    0.11413E+00,   -0.30438E+00,    0.98972E+00
    0.11802E-01,   -0.90600E-01,    0.99989E+00
    0.57152E-01,   -0.20088E+00,    0.99742E+00
   -0.47541E-01,    0.25766E+00,    0.99821E+00
   -0.21610E-01,    0.49432E+00,    0.99963E+00
   -0.35231E-01,    0.42298E+00,    0.99902E+00
    0.14736E+00,   -0.35547E+00,    0.98288E+00
   -0.20781E-01,    0.20854E-01,    0.99966E+00
   -0.26327E-01,    0.46412E-01,    0.99945E+00
    0.20639E+00,   -0.43183E+00,    0.96651E+00
    0.12702E+00,   -0.32611E+00,    0.98727E+00
   -0.45818E-01,    0.18892E+00,    0.99834E+00
   -0.48309E-01,    0.24939E+00,    0.99816E+00
    0.10252E+00,   -0.28746E+00,    0.99170E+00
   -0.38660E-01,    0.11503E+00,    0.99882E+00
    0.16798E+00,   -0.38487E+00,    0.97777E+00
   -0.21931E-02,   -0.51455E-01,    0.10000E+01
   -0.33121E-01,    0.44186E+00,    0.99913E+00
    0.22012E+00,   -0.44894E+00,    0.96193E+00
   -0.46225E-01,    0.33581E+00,    0.99831E+00
   -0.47967E-01,    0.21494E+00,    0.99818E+00
   -0.48247E-01,    0.30136E+00,    0.99816E+00
   -0.32386E-01,    0.71873E-01,    0.99917E+00
   -0.28158E-01,    0.47086E+00,    0.99937E+00
   -0.24482E-01,    0.48843E+00,    0.99953E+00
   -0.35350E-01,    0.43212E+00,    0.99901E+00
   -0.30283E-01,    0.46112E+00,    0.99927E+00
    0.21629E+00,   -0.44565E+00,    0.96324E+00
    0.24639E-01,   -0.13162E+00,    0.99952E+00
    0.98407E-01,   -0.28340E+00,    0.99235E+00
    0.15637E-02,   -0.67958E-01,    0.10000E+01
   -0.32695E-01,    0.45144E+00,    0.99915E+00
    0.14009E+00,   -0.34884E+00,    0.98452E+00
   -0.45334E-01,    0.15798E+00,    0.99838E+00
   -0.12858E-01,   -0.20711E-01,    0.99987E+00
    0.19838E+00,   -0.42600E+00,    0.96904E+00
    0.14750E-01,   -0.10786E+00,    0.99983E+00
   -0.49899E-01,    0.29582E+00,    0.99803E+00
    0.16053E+00,   -0.37822E+00,    0.97970E+00
   -0.38184E-01,    0.97822E-01,    0.99885E+00
    0.11980E+00,   -0.31955E+00,    0.98867E+00
   -0.18861E-01,    0.10359E-02,    0.99972E+00
   -0.48675E-01,    0.32611E+00,    0.99813E+00
   -0.50635E-01,    0.23973E+00,    0.99797E+00
   -0.47852E-01,    0.17793E+00,    0.99819E+00
   -0.26012E-01,    0.29360E-01,    0.99947E+00
   -0.44672E-01,    0.14064E+00,    0.99842E+00
   -0.31535E-01,    0.54929E-01,    0.99921E+00
   -0.24341E-01,    0.49941E+00,    0.99953E+00
   -0.50219E-01,    0.20523E+00,    0.99801E+00
   -0.51253E-01,    0.28957E+00,    0.99792E+00
   -0.12048E-01,   -0.29054E-01,    0.99989E+00
    0.94218E-01,   -0.28004E+00,    0.99299E+00
   -0.74853E-02,   -0.45054E-01,    0.99996E+00
    0.49003E-01,   -0.19402E+00,    0.99810E+00
    0.46046E-02,   -0.83856E-01,    0.99998E+00
   -0.26107E-01,    0.49467E+00,    0.99946E+00
    0.10247E+00,   -0.29547E+00,    0.99171E+00
    0.32296E-01,   -0.15817E+00,    0.99918E+00
   -0.51125E-01,    0.31642E+00,    0.99793E+00
   -0.52288E-01,    0.22993E+00,    0.99784E+00
   -0.37583E-01,    0.80379E-01,    0.99888E+00
    0.44384E-01,   -0.18603E+00,    0.99844E+00
    0.98000E-01,   -0.28839E+00,    0.99242E+00
   -0.44053E-01,    0.12343E+00,    0.99847E+00
    0.15293E+00,   -0.37172E+00,    0.98156E+00
    0.13244E+00,   -0.34258E+00,    0.98616E+00
   -0.52934E-01,    0.26507E+00,    0.99779E+00
    0.77281E-01,   -0.25246E+00,    0.99528E+00
    0.19023E+00,   -0.42038E+00,    0.97152E+00
    0.91216E-02,   -0.10020E+00,    0.99993E+00
    0.11247E+00,   -0.31276E+00,    0.99002E+00
    0.72315E-01,   -0.24379E+00,    0.99587E+00
    0.17865E-01,   -0.12427E+00,    0.99975E+00
    0.89320E-01,   -0.27478E+00,    0.99370E+00
    0.67412E-01,   -0.23508E+00,    0.99641E+00
    0.21561E+00,   -0.45112E+00,    0.96347E+00
    0.39229E-01,   -0.17696E+00,    0.99878E+00
   -0.24749E-01,    0.11904E-01,    0.99952E+00
    0.18175E+00,   -0.41117E+00,    0.97399E+00
    0.17358E+00,   -0.40111E+00,    0.97627E+00
    0.27126E-01,   -0.14962E+00,    0.99942E+00
   -0.50206E-02,   -0.60951E-01,    0.99998E+00
   -0.53559E-01,    0.29972E+00,    0.99773E+00
   -0.31118E-01,    0.37942E-01,    0.99923E+00
    0.62187E-01,   -0.22667E+00,    0.99694E+00
   -0.43391E-01,    0.10608E+00,    0.99851E+00
    0.21112E+00,   -0.44749E+00,    0.96497E+00
    0.34345E-01,   -0.16825E+00,    0.99907E+00
   -0.49199E-01,    0.36909E+00,    0.99809E+00
   -0.50171E-01,    0.35913E+00,    0.99801E+00
   -0.50688E-01,    0.16642E+00,    0.99797E+00
    0.93658E-01,   -0.28501E+00,    0.99307E+00
   -0.32506E-01,    0.47769E+00,    0.99916E+00
   -0.48226E-01,    0.37904E+00,    0.99816E+00
   -0.51143E-01,    0.34918E+00,    0.99793E+00
   -0.52997E-01,    0.19548E+00,    0.99778E+00
    0.14556E+00,   -0.36529E+00,    0.98330E+00
   -0.47254E-01,    0.38899E+00,    0.99824E+00
    0.57273E-01,   -0.21843E+00,    0.99741E+00
   -0.36921E-01,    0.63349E-01,    0.99892E+00
    0.12506E+00,   -0.33587E+00,    0.98766E+00
   -0.46282E-01,    0.39894E+00,    0.99831E+00
   -0.54835E-01,    0.29495E+00,    0.99762E+00
   -0.20815E-01,   -0.11584E-01,    0.99966E+00
   -0.45309E-01,    0.40890E+00,    0.99838E+00
   -0.49940E-01,    0.14914E+00,    0.99803E+00
    0.21915E-01,   -0.14112E+00,    0.99962E+00
    0.90315E-01,   -0.28120E+00,    0.99356E+00
   -0.55102E-01,    0.22197E+00,    0.99760E+00
    0.51975E-01,   -0.20942E+00,    0.99786E+00
    0.16613E+00,   -0.39465E+00,    0.97826E+00
   -0.44337E-01,    0.41885E+00,    0.99845E+00
   -0.14216E-01,   -0.37842E-01,    0.99984E+00
   -0.29346E-01,    0.49914E+00,    0.99932E+00
    0.20494E+00,   -0.44297E+00,    0.96698E+00
   -0.42735E-01,    0.88920E-01,    0.99856E+00
    0.10480E+00,   -0.30688E+00,    0.99133E+00
   -0.25140E-02,   -0.76985E-01,    0.10000E+01
   -0.56301E-01,    0.28936E+00,    0.99749E+00
   -0.56737E-01,    0.25492E+00,    0.99746E+00
   -0.29892E-01,    0.20234E-01,    0.99929E+00
   -0.49423E-01,    0.13185E+00,    0.99807E+00
   -0.40488E-01,    0.44858E+00,    0.99870E+00
    0.10991E-01,   -0.11709E+00,    0.99990E+00
   -0.31516E-01,    0.49378E+00,    0.99921E+00
    0.19769E+00,   -0.43588E+00,    0.96926E+00
    0.22338E-02,   -0.92996E-01,    0.10000E+01
    0.13808E+00,   -0.35864E+00,    0.98496E+00
   -0.57223E-01,    0.28153E+00,    0.99741E+00
   -0.42654E-01,    0.43894E+00,    0.99856E+00
   -0.36328E-01,    0.45953E-01,    0.99896E+00
    0.11755E+00,   -0.32928E+00,    0.98909E+00
   -0.55340E-01,    0.18696E+00,    0.99758E+00
   -0.37630E-01,    0.46774E+00,    0.99888E+00
    0.15868E+00,   -0.38805E+00,    0.98016E+00
   -0.57892E-01,    0.24659E+00,    0.99735E+00
   -0.57151E-01,    0.30740E+00,    0.99742E+00
   -0.39803E-01,    0.45844E+00,    0.99875E+00
   -0.55846E-01,    0.33308E+00,    0.99754E+00
    0.92854E-01,   -0.29073E+00,    0.99319E+00
   -0.57326E-01,    0.21223E+00,    0.99740E+00
   -0.57718E-01,    0.29892E+00,    0.99737E+00
    0.21108E+00,   -0.45326E+00,    0.96498E+00
   -0.11750E-01,   -0.54069E-01,    0.99989E+00
   -0.45196E-01,    0.42928E+00,    0.99839E+00
   -0.48790E-01,    0.11469E+00,    0.99812E+00
   -0.42353E-01,    0.71738E-01,    0.99858E+00
    0.78797E-01,   -0.26753E+00,    0.99509E+00
   -0.80190E-02,   -0.68750E-01,    0.99995E+00
    0.20715E+00,   -0.45014E+00,    0.96626E+00
    0.14883E-01,   -0.13379E+00,    0.99982E+00
    0.13060E+00,   -0.35200E+00,    0.98654E+00
   -0.20029E-01,   -0.29744E-01,    0.99968E+00
    0.88883E-01,   -0.28653E+00,    0.99376E+00
    0.44273E-01,   -0.20277E+00,    0.99845E+00
    0.18939E+00,   -0.43033E+00,    0.97177E+00
    0.15109E+00,   -0.38153E+00,    0.98200E+00
    0.49570E-02,   -0.10916E+00,    0.99998E+00
   -0.29566E-01,    0.49651E-02,    0.99931E+00
   -0.60044E-01,    0.27204E+00,    0.99715E+00
   -0.58296E-01,    0.32339E+00,    0.99731E+00
   -0.55317E-01,    0.15756E+00,    0.99758E+00
   -0.60014E-01,    0.23867E+00,    0.99715E+00
    0.11026E+00,   -0.32251E+00,    0.99040E+00
   -0.59756E-01,    0.29399E+00,    0.99718E+00
   -0.57187E-01,    0.17716E+00,    0.99742E+00
   -0.48168E-01,    0.97302E-01,    0.99817E+00
   -0.35620E-01,    0.28330E-01,    0.99900E+00
   -0.36706E-01,    0.48712E+00,    0.99893E+00
    0.84982E-01,   -0.28227E+00,    0.99430E+00
   -0.34348E-01,    0.49882E+00,    0.99907E+00
    0.39068E-01,   -0.19449E+00,    0.99879E+00
   -0.60776E-01,    0.28903E+00,    0.99708E+00
    0.67455E-01,   -0.25148E+00,    0.99640E+00
   -0.41520E-01,    0.54493E-01,    0.99864E+00
   -0.54656E-01,    0.14032E+00,    0.99764E+00
   -0.59855E-01,    0.20267E+00,    0.99717E+00
   -0.28580E-01,   -0.47076E-02,    0.99935E+00
    0.17175E+00,   -0.41094E+00,    0.97677E+00
   -0.17416E-01,   -0.45964E-01,    0.99976E+00
    0.34402E-01,   -0.18570E+00,    0.99906E+00
    0.62738E-01,   -0.24392E+00,    0.99689E+00
    0.22301E-01,   -0.15838E+00,    0.99961E+00
   -0.50015E-02,   -0.86223E-01,    0.99998E+00
   -0.36464E-01,    0.49344E+00,    0.99895E+00
    0.12302E+00,   -0.34563E+00,    0.98806E+00
    0.14353E+00,   -0.37508E+00,    0.98376E+00
   -0.62565E-01,    0.26253E+00,    0.99691E+00
   -0.47557E-01,    0.80278E-01,    0.99821E+00
    0.57441E-01,   -0.23544E+00,    0.99739E+00
    0.70932E-01,   -0.26083E+00,    0.99602E+00
   -0.62177E-01,    0.22892E+00,    0.99694E+00
    0.92637E-01,   -0.29863E+00,    0.99322E+00
   -0.25324E-01,   -0.21739E-01,    0.99949E+00
    0.88309E-01,   -0.29151E+00,    0.99384E+00
   -0.53988E-01,    0.12297E+00,    0.99770E+00
    0.18120E+00,   -0.42466E+00,    0.97415E+00
   -0.29715E-03,   -0.10265E+00,    0.10000E+01
    0.29245E-01,   -0.17719E+00,    0.99932E+00
    0.10337E+00,   -0.31669E+00,    0.99156E+00
    0.81643E-02,   -0.12641E+00,    0.99995E+00
    0.20652E+00,   -0.45536E+00,    0.96647E+00
   -0.59328E-01,    0.16742E+00,    0.99722E+00
    0.17136E-01,   -0.14989E+00,    0.99977E+00
    0.52196E-01,   -0.22693E+00,    0.99785E+00
   -0.58304E-01,    0.36495E+00,    0.99731E+00
   -0.57332E-01,    0.37490E+00,    0.99740E+00
   -0.59276E-01,    0.35500E+00,    0.99722E+00
    0.16416E+00,   -0.40445E+00,    0.97877E+00
   -0.14591E-01,   -0.61973E-01,    0.99983E+00
   -0.56359E-01,    0.38486E+00,    0.99749E+00
   -0.55387E-01,    0.39481E+00,    0.99758E+00
   -0.63287E-01,    0.29856E+00,    0.99683E+00
    0.24452E-01,   -0.16901E+00,    0.99953E+00
   -0.40931E-01,    0.37014E-01,    0.99868E+00
   -0.54415E-01,    0.40476E+00,    0.99766E+00
    0.20211E+00,   -0.45163E+00,    0.96788E+00
   -0.42445E-01,    0.47673E+00,    0.99858E+00
   -0.35458E-01,    0.11362E-01,    0.99901E+00
   -0.53382E-01,    0.10581E+00,    0.99775E+00
   -0.53442E-01,    0.41472E+00,    0.99774E+00
    0.84082E-01,   -0.28798E+00,    0.99442E+00
    0.13606E+00,   -0.36843E+00,    0.98540E+00
   -0.10518E-01,   -0.78407E-01,    0.99991E+00
    0.11563E+00,   -0.33892E+00,    0.98945E+00
   -0.62703E-01,    0.19335E+00,    0.99689E+00
   -0.46886E-01,    0.62831E-01,    0.99826E+00
   -0.64660E-01,    0.29295E+00,    0.99670E+00
    0.17321E+00,   -0.41882E+00,    0.97637E+00
    0.15667E+00,   -0.39783E+00,    0.98066E+00
   -0.64644E-01,    0.21900E+00,    0.99670E+00
    0.19612E+00,   -0.44684E+00,    0.96974E+00
   -0.53290E-01,    0.42302E+00,    0.99776E+00
   -0.59928E-01,    0.14869E+00,    0.99716E+00
   -0.49626E-01,    0.44594E+00,    0.99805E+00
   -0.46263E-01,    0.46505E+00,    0.99831E+00
   -0.39347E-01,    0.49845E+00,    0.99878E+00
   -0.48488E-01,    0.45373E+00,    0.99814E+00
    0.22413E-02,   -0.11868E+00,    0.10000E+01
   -0.63018E-01,    0.34005E+00,    0.99686E+00
   -0.24146E-01,   -0.38718E-01,    0.99954E+00
    0.79945E-01,   -0.28432E+00,    0.99495E+00
   -0.65938E-01,    0.28731E+00,    0.99656E+00
   -0.66319E-01,    0.25522E+00,    0.99652E+00
    0.76736E-01,   -0.27887E+00,    0.99535E+00
   -0.52712E-01,    0.88443E-01,    0.99780E+00
    0.95518E-01,   -0.31054E+00,    0.99279E+00
    0.18891E+00,   -0.43975E+00,    0.97192E+00
   -0.52276E-01,    0.43633E+00,    0.99784E+00
   -0.41409E-01,    0.49305E+00,    0.99864E+00
   -0.66599E-01,    0.27946E+00,    0.99650E+00
    0.44640E-01,   -0.21937E+00,    0.99842E+00
    0.12859E+00,   -0.36179E+00,    0.98695E+00
   -0.59232E-01,    0.13148E+00,    0.99723E+00
   -0.73359E-02,   -0.95576E-01,    0.99996E+00
    0.10819E+00,   -0.33224E+00,    0.99076E+00
   -0.32297E-01,   -0.13991E-01,    0.99918E+00
   -0.64718E-01,    0.18357E+00,    0.99669E+00
   -0.40507E-01,    0.19611E-01,    0.99870E+00
    0.14910E+00,   -0.39132E+00,    0.98247E+00
   -0.67415E-01,    0.24536E+00,    0.99641E+00
   -0.46320E-01,    0.45745E-01,    0.99830E+00
   -0.65467E-01,    0.33036E+00,    0.99661E+00
    0.39477E-01,   -0.21097E+00,    0.99877E+00
   -0.66756E-01,    0.20926E+00,    0.99648E+00
    0.20195E+00,   -0.45740E+00,    0.96793E+00
   -0.21628E-01,   -0.54533E-01,    0.99963E+00
    0.83088E-01,   -0.29367E+00,    0.99455E+00
   -0.67391E-01,    0.30532E+00,    0.99641E+00
   -0.52059E-01,    0.71358E-01,    0.99786E+00
    0.34502E-01,   -0.20234E+00,    0.99906E+00
    0.69101E-01,   -0.26988E+00,    0.99623E+00
   -0.58774E-01,    0.11421E+00,    0.99727E+00
    0.19811E+00,   -0.45417E+00,    0.96913E+00
   -0.68268E-01,    0.29746E+00,    0.99632E+00
   -0.69101E-01,    0.26988E+00,    0.99623E+00
    0.12111E+00,   -0.35515E+00,    0.98842E+00
   -0.17607E-01,   -0.71500E-01,    0.99975E+00
   -0.38585E-01,    0.28759E-02,    0.99882E+00
    0.79259E-01,   -0.28934E+00,    0.99504E+00
   -0.29807E-01,   -0.31111E-01,    0.99930E+00
    0.14166E+00,   -0.38466E+00,    0.98418E+00
    0.18050E+00,   -0.43460E+00,    0.97435E+00
   -0.67917E-01,    0.32066E+00,    0.99636E+00
   -0.44090E-02,   -0.11134E+00,    0.99998E+00
   -0.69533E-01,    0.23568E+00,    0.99618E+00
    0.44728E-02,   -0.13569E+00,    0.99998E+00
    0.29133E-01,   -0.19396E+00,    0.99933E+00
    0.10075E+00,   -0.32557E+00,    0.99198E+00
   -0.66627E-01,    0.17422E+00,    0.99649E+00
   -0.69546E-01,    0.29183E+00,    0.99618E+00
   -0.65200E-01,    0.15718E+00,    0.99664E+00
    0.57750E-01,   -0.25228E+00,    0.99736E+00
    0.76049E-01,   -0.28551E+00,    0.99543E+00
   -0.13284E-01,   -0.87990E-01,    0.99986E+00
    0.81691E-02,   -0.14619E+00,    0.99995E+00
   -0.58146E-01,    0.97109E-01,    0.99733E+00
   -0.45613E-01,    0.28184E-01,    0.99836E+00
   -0.44342E-01,    0.49803E+00,    0.99845E+00
    0.24610E-01,   -0.18599E+00,    0.99952E+00
   -0.69109E-01,    0.19960E+00,    0.99623E+00
    0.16233E+00,   -0.41424E+00,    0.97924E+00
   -0.51434E-01,    0.54314E-01,    0.99791E+00
   -0.70730E-01,    0.28617E+00,    0.99605E+00
   -0.26680E-01,   -0.48277E-01,    0.99944E+00
    0.12321E-01,   -0.15864E+00,    0.99988E+00
   -0.64635E-01,    0.13988E+00,    0.99670E+00
    0.62027E-01,   -0.26282E+00,    0.99696E+00
    0.11357E+00,   -0.34869E+00,    0.98982E+00
    0.13404E+00,   -0.37822E+00,    0.98583E+00
   -0.48119E-01,    0.48670E+00,    0.99817E+00
   -0.66437E-01,    0.37077E+00,    0.99651E+00
   -0.67409E-01,    0.36082E+00,    0.99641E+00
   -0.46812E-01,    0.49362E+00,    0.99827E+00
    0.93755E-01,   -0.31869E+00,    0.99306E+00
   -0.65465E-01,    0.38072E+00,    0.99661E+00
   -0.68382E-01,    0.35087E+00,    0.99631E+00
    0.19264E-01,   -0.17756E+00,    0.99971E+00
   -0.72303E-01,    0.26045E+00,    0.99587E+00
   -0.64492E-01,    0.39068E+00,    0.99671E+00
   -0.10182E-01,   -0.10329E+00,    0.99992E+00
   -0.71924E-01,    0.22598E+00,    0.99591E+00
   -0.57531E-01,    0.79689E-01,    0.99738E+00
   -0.63520E-01,    0.40063E+00,    0.99681E+00
   -0.63967E-01,    0.12268E+00,    0.99677E+00
   -0.68597E-01,    0.16443E+00,    0.99628E+00
   -0.16702E-02,   -0.12782E+00,    0.10000E+01
    0.15485E+00,   -0.40766E+00,    0.98110E+00
    0.19735E+00,   -0.45940E+00,    0.96936E+00
    0.78115E-01,   -0.29424E+00,    0.99518E+00
    0.14460E-01,   -0.16881E+00,    0.99983E+00
   -0.36007E-01,   -0.23275E-01,    0.99898E+00
   -0.24344E-01,   -0.64150E-01,    0.99953E+00
    0.50004E-01,   -0.24486E+00,    0.99802E+00
    0.19301E+00,   -0.45559E+00,    0.97069E+00
   -0.58494E-01,    0.44134E+00,    0.99730E+00
   -0.60353E-01,    0.43007E+00,    0.99712E+00
   -0.31685E-01,   -0.40406E-01,    0.99921E+00
   -0.50918E-01,    0.36635E-01,    0.99795E+00
    0.45146E-01,   -0.23665E+00,    0.99839E+00
    0.12658E+00,   -0.37159E+00,    0.98736E+00
   -0.73590E-01,    0.29557E+00,    0.99572E+00
   -0.45444E-01,    0.10921E-01,    0.99837E+00
   -0.55681E-01,    0.46050E+00,    0.99755E+00
    0.74413E-01,   -0.29062E+00,    0.99563E+00
   -0.63291E-01,    0.10531E+00,    0.99683E+00
    0.80586E-01,   -0.30129E+00,    0.99487E+00
    0.10613E+00,   -0.34203E+00,    0.99111E+00
   -0.72159E-01,    0.19015E+00,    0.99589E+00
   -0.53534E-01,    0.47319E+00,    0.99773E+00
   -0.20135E-01,   -0.80741E-01,    0.99968E+00
    0.40157E-01,   -0.22799E+00,    0.99873E+00
    0.17065E+00,   -0.43072E+00,    0.97706E+00
   -0.62944E-01,    0.42051E+00,    0.99687E+00
   -0.56859E-01,    0.62707E-01,    0.99744E+00
   -0.74413E-01,    0.29062E+00,    0.99563E+00
    0.14728E+00,   -0.40114E+00,    0.98290E+00
   -0.58063E-01,    0.45130E+00,    0.99734E+00
   -0.74108E-01,    0.21601E+00,    0.99566E+00
    0.16422E+00,   -0.42315E+00,    0.97875E+00
    0.18702E+00,   -0.45083E+00,    0.97247E+00
    0.70730E-01,   -0.28617E+00,    0.99605E+00
   -0.75271E-01,    0.25096E+00,    0.99552E+00
   -0.49332E-01,    0.49756E+00,    0.99808E+00
    0.86172E-01,   -0.31278E+00,    0.99413E+00
   -0.42406E-01,   -0.74167E-02,    0.99858E+00
    0.34782E-01,   -0.21915E+00,    0.99904E+00
   -0.72850E-01,    0.33735E+00,    0.99581E+00
    0.18005E+00,   -0.44345E+00,    0.97448E+00
   -0.69919E-01,    0.14837E+00,    0.99614E+00
   -0.75023E-02,   -0.12083E+00,    0.99996E+00
   -0.50859E-01,    0.49274E+00,    0.99796E+00
   -0.65603E-01,    0.41088E+00,    0.99660E+00
   -0.62703E-01,    0.88215E-01,    0.99689E+00
   -0.76111E-01,    0.28537E+00,    0.99542E+00
    0.11898E+00,   -0.36512E+00,    0.98883E+00
    0.29520E-01,   -0.21082E+00,    0.99931E+00
   -0.76557E-01,    0.27862E+00,    0.99537E+00
   -0.76649E-01,    0.24258E+00,    0.99536E+00
   -0.69218E-01,    0.13100E+00,    0.99621E+00
   -0.41471E-01,   -0.16454E-01,    0.99864E+00
    0.97438E-01,   -0.33356E+00,    0.99250E+00
    0.13970E+00,   -0.39463E+00,    0.98461E+00
   -0.74208E-01,    0.18064E+00,    0.99565E+00
   -0.50485E-01,    0.19551E-01,    0.99799E+00
   -0.75086E-01,    0.32763E+00,    0.99555E+00
   -0.55987E-01,    0.45241E-01,    0.99752E+00
    0.65025E-01,   -0.28070E+00,    0.99666E+00
   -0.76228E-01,    0.20625E+00,    0.99541E+00
    0.17368E+00,   -0.43885E+00,    0.97624E+00
    0.19273E+00,   -0.46136E+00,    0.97077E+00
    0.24684E-01,   -0.20287E+00,    0.99952E+00
   -0.18101E-01,   -0.97101E-01,    0.99974E+00
    0.53036E-01,   -0.26009E+00,    0.99778E+00
   -0.31308E-01,   -0.57013E-01,    0.99923E+00
    0.33095E-02,   -0.15488E+00,    0.99999E+00
    0.73229E-01,   -0.29628E+00,    0.99576E+00
   -0.78080E-01,    0.26742E+00,    0.99518E+00
    0.59471E-01,   -0.27248E+00,    0.99720E+00
   -0.68501E-01,    0.11384E+00,    0.99629E+00
    0.18894E+00,   -0.45808E+00,    0.97191E+00
   -0.77556E-01,    0.30290E+00,    0.99525E+00
   -0.62016E-01,    0.70897E-01,    0.99696E+00
   -0.78169E-01,    0.29502E+00,    0.99517E+00
    0.11171E+00,   -0.35850E+00,    0.99015E+00
    0.19371E-01,   -0.19446E+00,    0.99970E+00
    0.69546E-01,   -0.29183E+00,    0.99618E+00
   -0.77538E-01,    0.31795E+00,    0.99525E+00
    0.13224E+00,   -0.38797E+00,    0.98620E+00
   -0.27363E-01,   -0.73562E-01,    0.99941E+00
   -0.39699E-01,   -0.32567E-01,    0.99875E+00
   -0.79120E-01,    0.23291E+00,    0.99505E+00
    0.91179E-01,   -0.32830E+00,    0.99343E+00
    0.79543E-01,   -0.30964E+00,    0.99500E+00
   -0.79259E-01,    0.28934E+00,    0.99504E+00
   -0.76053E-01,    0.17107E+00,    0.99543E+00
    0.14658E-01,   -0.18585E+00,    0.99983E+00
    0.65938E-01,   -0.28731E+00,    0.99656E+00
   -0.17648E-02,   -0.14728E+00,    0.10000E+01
   -0.54318E-01,    0.49704E+00,    0.99767E+00
   -0.55518E-01,    0.27781E-01,    0.99756E+00
   -0.68126E-01,    0.96585E-01,    0.99633E+00
   -0.78657E-01,    0.19766E+00,    0.99511E+00
   -0.80198E-01,    0.28471E+00,    0.99492E+00
   -0.50058E-01,    0.21318E-02,    0.99802E+00
   -0.75542E-01,    0.36664E+00,    0.99549E+00
   -0.76153E-01,    0.15948E+00,    0.99542E+00
   -0.74570E-01,    0.37659E+00,    0.99561E+00
   -0.76515E-01,    0.35668E+00,    0.99537E+00
   -0.36537E-01,   -0.49038E-01,    0.99894E+00
   -0.56216E-01,    0.49158E+00,    0.99750E+00
   -0.61416E-01,    0.53833E-01,    0.99702E+00
   -0.73598E-01,    0.38654E+00,    0.99572E+00
   -0.77487E-01,    0.34673E+00,    0.99526E+00
    0.15285E+00,   -0.41837E+00,    0.98158E+00
   -0.74412E-01,    0.13953E+00,    0.99563E+00
    0.93561E-02,   -0.17739E+00,    0.99993E+00
    0.12454E+00,   -0.38129E+00,    0.98776E+00
    0.10407E+00,   -0.35181E+00,    0.99145E+00
   -0.15912E-01,   -0.11465E+00,    0.99980E+00
   -0.24696E-01,   -0.89611E-01,    0.99952E+00
    0.45359E-01,   -0.25369E+00,    0.99837E+00
   -0.67422E-01,    0.43710E+00,    0.99641E+00
   -0.44625E-01,   -0.23646E-01,    0.99843E+00
   -0.64158E-01,    0.45620E+00,    0.99675E+00
   -0.81193E-01,    0.22309E+00,    0.99479E+00
   -0.81859E-01,    0.25841E+00,    0.99471E+00
    0.36215E-02,   -0.16600E+00,    0.99999E+00
    0.14582E+00,   -0.41128E+00,    0.98323E+00
   -0.59091E-01,    0.48449E+00,    0.99724E+00
    0.18810E+00,   -0.46327E+00,    0.97216E+00
   -0.67503E-01,    0.79569E-01,    0.99640E+00
    0.68397E-01,   -0.29652E+00,    0.99630E+00
   -0.62869E-01,    0.46682E+00,    0.99688E+00
   -0.73940E-01,    0.12221E+00,    0.99568E+00
    0.40044E-01,   -0.24535E+00,    0.99873E+00
   -0.61522E-01,    0.47464E+00,    0.99701E+00
   -0.66857E-01,    0.44660E+00,    0.99647E+00
   -0.70005E-01,    0.42755E+00,    0.99613E+00
   -0.79993E-02,   -0.13947E+00,    0.99995E+00
    0.17879E+00,   -0.45331E+00,    0.97483E+00
    0.35148E-01,   -0.23663E+00,    0.99902E+00
    0.18384E+00,   -0.45937E+00,    0.97340E+00
   -0.80699E-01,    0.18788E+00,    0.99486E+00
    0.71262E-01,   -0.30299E+00,    0.99599E+00
   -0.74123E-01,    0.40165E+00,    0.99566E+00
   -0.33910E-01,   -0.66639E-01,    0.99909E+00
   -0.41576E-01,   -0.40867E-01,    0.99863E+00
    0.30167E-01,   -0.22801E+00,    0.99928E+00
   -0.55147E-01,    0.10733E-01,    0.99760E+00
    0.11725E+00,   -0.37495E+00,    0.98915E+00
   -0.60867E-01,    0.36527E-01,    0.99707E+00
    0.64660E-01,   -0.29295E+00,    0.99670E+00
   -0.83426E-01,    0.29294E+00,    0.99450E+00
   -0.72597E-01,    0.41802E+00,    0.99584E+00
   -0.30093E-01,   -0.81317E-01,    0.99928E+00
    0.51310E-01,   -0.26996E+00,    0.99792E+00
   -0.73264E-01,    0.10505E+00,    0.99576E+00
   -0.83292E-01,    0.21332E+00,    0.99452E+00
   -0.84355E-01,    0.24884E+00,    0.99438E+00
   -0.84082E-01,    0.28798E+00,    0.99442E+00
   -0.49678E-01,   -0.15018E-01,    0.99805E+00
    0.13767E+00,   -0.40442E+00,    0.98505E+00
    0.60689E-01,   -0.28776E+00,    0.99709E+00
   -0.66819E-01,    0.62135E-01,    0.99647E+00
    0.17113E+00,   -0.44697E+00,    0.97694E+00
    0.24803E-01,   -0.21962E+00,    0.99951E+00
   -0.82369E-01,    0.33436E+00,    0.99464E+00
   -0.59297E-01,    0.49647E+00,    0.99722E+00
   -0.22273E-01,   -0.10726E+00,    0.99961E+00
    0.93758E-01,   -0.34283E+00,    0.99306E+00
   -0.84982E-01,    0.28227E+00,    0.99430E+00
   -0.13814E-01,   -0.13143E+00,    0.99985E+00
   -0.60987E-01,    0.49175E+00,    0.99706E+00
   -0.79886E-01,    0.14787E+00,    0.99496E+00
   -0.82798E-01,    0.17811E+00,    0.99458E+00
    0.19544E-01,   -0.21119E+00,    0.99970E+00
    0.16421E+00,   -0.44056E+00,    0.97876E+00
   -0.39208E-01,   -0.58193E-01,    0.99878E+00
   -0.72577E-01,    0.87661E-01,    0.99584E+00
    0.87583E-01,   -0.33510E+00,    0.99394E+00
    0.10951E+00,   -0.36821E+00,    0.99053E+00
   -0.86010E-01,    0.23928E+00,    0.99416E+00
    0.13021E+00,   -0.39776E+00,    0.98663E+00
   -0.84639E-01,    0.32496E+00,    0.99434E+00
   -0.86597E-01,    0.27470E+00,    0.99408E+00
   -0.79157E-01,    0.13074E+00,    0.99505E+00
    0.14909E-01,   -0.20335E+00,    0.99982E+00
    0.81734E-01,   -0.32700E+00,    0.99472E+00
   -0.65872E-01,    0.45255E-01,    0.99657E+00
   -0.60449E-01,    0.19089E-01,    0.99711E+00
   -0.86973E-01,    0.26466E+00,    0.99403E+00
   -0.57998E-02,   -0.15631E+00,    0.99997E+00
    0.18345E+00,   -0.46513E+00,    0.97351E+00
    0.64174E-01,   -0.29862E+00,    0.99675E+00
   -0.54677E-01,   -0.63784E-02,    0.99764E+00
    0.15754E+00,   -0.43442E+00,    0.98044E+00
   -0.85887E-01,    0.20370E+00,    0.99417E+00
    0.10150E-01,   -0.19457E+00,    0.99992E+00
    0.75819E-01,   -0.31894E+00,    0.99546E+00
   -0.27898E-01,   -0.99000E-01,    0.99938E+00
    0.17923E+00,   -0.46119E+00,    0.97471E+00
    0.43648E-01,   -0.26354E+00,    0.99849E+00
   -0.86855E-01,    0.31522E+00,    0.99404E+00
   -0.72005E-01,    0.70648E-01,    0.99590E+00
   -0.87634E-01,    0.30014E+00,    0.99393E+00
   -0.36880E-01,   -0.74010E-01,    0.99892E+00
   -0.78687E-01,    0.11345E+00,    0.99511E+00
   -0.87983E-01,    0.29224E+00,    0.99389E+00
    0.59756E-01,   -0.29399E+00,    0.99718E+00
    0.12275E+00,   -0.39111E+00,    0.98811E+00
   -0.20120E-01,   -0.12369E+00,    0.99968E+00
    0.69620E-01,   -0.31101E+00,    0.99617E+00
    0.47121E-02,   -0.18623E+00,    0.99998E+00
    0.15005E+00,   -0.42791E+00,    0.98225E+00
   -0.88668E-01,    0.22966E+00,    0.99379E+00
    0.52511E-01,   -0.28245E+00,    0.99782E+00
   -0.88883E-01,    0.28653E+00,    0.99376E+00
    0.56301E-01,   -0.28936E+00,    0.99749E+00
   -0.83675E-01,    0.37245E+00,    0.99447E+00
   -0.84648E-01,    0.36250E+00,    0.99434E+00
   -0.85678E-01,    0.16860E+00,    0.99420E+00
   -0.82703E-01,    0.38241E+00,    0.99460E+00
   -0.85620E-01,    0.35255E+00,    0.99421E+00
   -0.45828E-01,   -0.48648E-01,    0.99834E+00
   -0.64271E-01,    0.49585E+00,    0.99674E+00
   -0.11648E-01,   -0.14874E+00,    0.99989E+00
   -0.77739E-01,    0.96216E-01,    0.99523E+00
   -0.89697E-01,    0.28156E+00,    0.99365E+00
   -0.71295E-01,    0.46306E+00,    0.99598E+00
   -0.88145E-01,    0.19452E+00,    0.99386E+00
   -0.65510E-01,    0.27679E-01,    0.99661E+00
    0.14324E+00,   -0.42092E+00,    0.98382E+00
   -0.66060E-01,    0.49036E+00,    0.99655E+00
    0.36100E-01,   -0.25456E+00,    0.99897E+00
   -0.60051E-01,    0.20478E-02,    0.99715E+00
   -0.63318E-03,   -0.17778E+00,    0.10000E+01
   -0.76882E-01,    0.43421E+00,    0.99533E+00
   -0.75284E-01,    0.44399E+00,    0.99552E+00
   -0.71319E-01,    0.53638E-01,    0.99598E+00
   -0.73759E-01,    0.45380E+00,    0.99570E+00
   -0.84390E-01,    0.13895E+00,    0.99437E+00
    0.11517E+00,   -0.38472E+00,    0.98953E+00
   -0.91120E-01,    0.25605E+00,    0.99344E+00
   -0.25836E-01,   -0.11562E+00,    0.99947E+00
   -0.51151E-01,   -0.35842E-01,    0.99793E+00
   -0.68627E-01,    0.48313E+00,    0.99628E+00
    0.17107E+00,   -0.45712E+00,    0.97695E+00
   -0.90674E-01,    0.22005E+00,    0.99351E+00
    0.30048E-01,   -0.24522E+00,    0.99929E+00
   -0.54661E-01,   -0.23687E-01,    0.99764E+00
   -0.34369E-01,   -0.91808E-01,    0.99907E+00
   -0.83119E-01,    0.39730E+00,    0.99454E+00
   -0.71025E-01,    0.47331E+00,    0.99601E+00
   -0.79442E-01,    0.42463E+00,    0.99501E+00
    0.17877E+00,   -0.46695E+00,    0.97484E+00
    0.25190E-01,   -0.23649E+00,    0.99950E+00
   -0.87163E-01,    0.15751E+00,    0.99400E+00
    0.58687E-01,   -0.29888E+00,    0.99728E+00
    0.13573E+00,   -0.41435E+00,    0.98547E+00
   -0.82404E-01,    0.40724E+00,    0.99464E+00
   -0.77478E-01,    0.78980E-01,    0.99526E+00
   -0.58000E-01,   -0.14432E-01,    0.99734E+00
   -0.89499E-01,    0.34137E+00,    0.99367E+00
   -0.83928E-01,    0.12196E+00,    0.99444E+00
    0.95946E-01,   -0.35973E+00,    0.99273E+00
   -0.17832E-01,   -0.14108E+00,    0.99975E+00
    0.20344E-01,   -0.22852E+00,    0.99967E+00
    0.62280E-01,   -0.30641E+00,    0.99693E+00
   -0.90198E-01,    0.18483E+00,    0.99357E+00
   -0.92698E-01,    0.24630E+00,    0.99321E+00
    0.17462E+00,   -0.46373E+00,    0.97599E+00
   -0.43877E-01,   -0.66903E-01,    0.99848E+00
   -0.82076E-01,    0.41720E+00,    0.99468E+00
    0.10775E+00,   -0.37806E+00,    0.99083E+00
   -0.65043E-01,    0.10683E-01,    0.99666E+00
    0.54835E-01,   -0.29495E+00,    0.99762E+00
   -0.93030E-01,    0.28991E+00,    0.99316E+00
    0.89682E-01,   -0.35195E+00,    0.99365E+00
   -0.70850E-01,    0.36098E-01,    0.99603E+00
    0.52029E-01,   -0.29073E+00,    0.99786E+00
    0.15090E-01,   -0.22007E+00,    0.99982E+00
    0.16213E+00,   -0.45031E+00,    0.97929E+00
   -0.84786E-02,   -0.16771E+00,    0.99994E+00
   -0.93658E-01,    0.28501E+00,    0.99307E+00
   -0.92854E-01,    0.21083E+00,    0.99319E+00
    0.12816E+00,   -0.40755E+00,    0.98704E+00
    0.83824E-01,   -0.34390E+00,    0.99445E+00
    0.41913E-01,   -0.27338E+00,    0.99861E+00
   -0.39835E-01,   -0.83450E-01,    0.99875E+00
   -0.83228E-01,    0.10455E+00,    0.99453E+00
   -0.92006E-01,    0.33169E+00,    0.99331E+00
   -0.69239E-01,    0.49518E+00,    0.99621E+00
   -0.76786E-01,    0.62009E-01,    0.99534E+00
   -0.94366E-01,    0.27927E+00,    0.99297E+00
   -0.32238E-01,   -0.10796E+00,    0.99918E+00
   -0.70801E-01,    0.49041E+00,    0.99604E+00
   -0.89355E-01,    0.14763E+00,    0.99369E+00
    0.77639E-01,   -0.33609E+00,    0.99524E+00
    0.95768E-02,   -0.21175E+00,    0.99993E+00
   -0.23681E-01,   -0.13298E+00,    0.99956E+00
    0.15475E+00,   -0.44372E+00,    0.98113E+00
   -0.92257E-01,    0.17504E+00,    0.99328E+00
   -0.49064E-01,   -0.58919E-01,    0.99810E+00
    0.71828E-01,   -0.32810E+00,    0.99592E+00
    0.10015E+00,   -0.37160E+00,    0.99208E+00
   -0.95625E-01,    0.23682E+00,    0.99278E+00
   -0.94174E-01,    0.32202E+00,    0.99300E+00
   -0.82543E-01,    0.87454E-01,    0.99462E+00
    0.12071E+00,   -0.40087E+00,    0.98850E+00
    0.45421E-02,   -0.20351E+00,    0.99998E+00
   -0.96190E-01,    0.27142E+00,    0.99269E+00
   -0.96413E-01,    0.26227E+00,    0.99266E+00
    0.14840E+00,   -0.43770E+00,    0.98264E+00
    0.17408E+00,   -0.46872E+00,    0.97613E+00
   -0.70419E-01,    0.19106E-01,    0.99608E+00
   -0.15672E-01,   -0.15786E+00,    0.99981E+00
   -0.75857E-01,    0.44738E-01,    0.99545E+00
    0.65639E-01,   -0.32026E+00,    0.99660E+00
   -0.89369E-01,    0.13034E+00,    0.99369E+00
   -0.64662E-01,   -0.67998E-02,    0.99670E+00
    0.16994E+00,   -0.46469E+00,    0.97725E+00
   -0.91859E-01,    0.36752E+00,    0.99334E+00
   -0.95566E-01,    0.20121E+00,    0.99279E+00
   -0.37821E-01,   -0.99863E-01,    0.99887E+00
   -0.97010E-01,    0.28873E+00,    0.99257E+00
    0.14148E+00,   -0.43051E+00,    0.98422E+00
    0.53276E-01,   -0.30051E+00,    0.99776E+00
   -0.96710E-01,    0.31236E+00,    0.99261E+00
    0.11333E+00,   -0.39416E+00,    0.98986E+00
   -0.97547E-01,    0.22706E+00,    0.99249E+00
    0.49899E-01,   -0.29582E+00,    0.99803E+00
   -0.97456E-01,    0.29671E+00,    0.99250E+00
   -0.88418E-01,    0.11308E+00,    0.99383E+00
   -0.81860E-01,    0.70026E-01,    0.99471E+00
   -0.46444E-01,   -0.76540E-01,    0.99830E+00
   -0.29916E-01,   -0.12543E+00,    0.99929E+00
    0.46601E-01,   -0.29108E+00,    0.99828E+00
   -0.94312E-01,    0.35782E+00,    0.99298E+00
   -0.98407E-01,    0.28340E+00,    0.99235E+00
   -0.63744E-02,   -0.18548E+00,    0.99997E+00
    0.32085E-01,   -0.26544E+00,    0.99919E+00
   -0.95029E-01,    0.16563E+00,    0.99287E+00
   -0.74199E-01,    0.49446E+00,    0.99565E+00
   -0.84451E-01,    0.44021E+00,    0.99437E+00
   -0.80978E-01,    0.46049E+00,    0.99482E+00
   -0.21447E-01,   -0.14974E+00,    0.99964E+00
   -0.82917E-01,    0.44997E+00,    0.99457E+00
   -0.99148E-01,    0.27835E+00,    0.99224E+00
   -0.86249E-01,    0.43184E+00,    0.99412E+00
    0.13385E+00,   -0.42415E+00,    0.98587E+00
   -0.75878E-01,    0.48894E+00,    0.99545E+00
   -0.61564E-01,   -0.29262E-01,    0.99700E+00
   -0.29240E-02,   -0.19510E+00,    0.99999E+00
   -0.79506E-01,    0.47115E+00,    0.99501E+00
    0.25417E-01,   -0.25413E+00,    0.99949E+00
   -0.97658E-01,    0.19147E+00,    0.99247E+00
   -0.75378E-01,    0.27216E-01,    0.99551E+00
    0.20509E-01,   -0.24532E+00,    0.99967E+00
   -0.87895E-01,    0.95865E-01,    0.99390E+00
   -0.10007E+00,    0.25288E+00,    0.99209E+00
   -0.69951E-01,    0.16598E-02,    0.99613E+00
   -0.88379E-01,    0.42207E+00,    0.99383E+00
   -0.96909E-01,    0.34842E+00,    0.99258E+00
   -0.91299E-01,    0.40299E+00,    0.99342E+00
    0.10567E+00,   -0.38774E+00,    0.99119E+00
   -0.81295E-01,    0.53085E-01,    0.99478E+00
    0.16170E+00,   -0.46041E+00,    0.97940E+00
   -0.78463E-01,    0.48174E+00,    0.99514E+00
   -0.51701E-01,   -0.68067E-01,    0.99789E+00
   -0.92845E-01,    0.39374E+00,    0.99319E+00
   -0.57430E-01,   -0.49030E-01,    0.99739E+00
   -0.94376E-01,    0.13898E+00,    0.99297E+00
    0.15207E-01,   -0.23689E+00,    0.99982E+00
   -0.35681E-01,   -0.11728E+00,    0.99899E+00
   -0.10029E+00,    0.21749E+00,    0.99206E+00
   -0.44342E-01,   -0.92313E-01,    0.99845E+00
   -0.94280E-01,    0.38386E+00,    0.99298E+00
    0.16938E+00,   -0.47044E+00,    0.97740E+00
   -0.90806E-01,    0.41239E+00,    0.99349E+00
    0.91854E-01,   -0.36936E+00,    0.99334E+00
    0.10539E-01,   -0.22892E+00,    0.99991E+00
    0.86073E-01,   -0.36121E+00,    0.99415E+00
   -0.86953E-01,    0.78621E-01,    0.99403E+00
   -0.96873E-01,    0.15585E+00,    0.99259E+00
    0.12609E+00,   -0.41773E+00,    0.98746E+00
   -0.99124E-01,    0.33868E+00,    0.99224E+00
    0.48238E-01,   -0.30064E+00,    0.99816E+00
   -0.66321E-01,   -0.20275E-01,    0.99652E+00
    0.16525E+00,   -0.46713E+00,    0.97849E+00
   -0.27772E-01,   -0.14205E+00,    0.99939E+00
   -0.10215E+00,    0.24313E+00,    0.99176E+00
    0.79762E-01,   -0.35287E+00,    0.99497E+00
   -0.99693E-01,    0.18172E+00,    0.99215E+00
   -0.93900E-01,    0.12143E+00,    0.99304E+00
    0.44949E-01,   -0.29661E+00,    0.99840E+00
    0.15307E+00,   -0.45347E+00,    0.98153E+00
    0.98443E-01,   -0.38143E+00,    0.99235E+00
   -0.10252E+00,    0.28746E+00,    0.99170E+00
    0.38866E-01,   -0.28612E+00,    0.99881E+00
    0.51127E-02,   -0.22054E+00,    0.99998E+00
    0.74089E-01,   -0.34539E+00,    0.99566E+00
   -0.13939E-01,   -0.17859E+00,    0.99985E+00
   -0.75026E-01,    0.10267E-01,    0.99555E+00
   -0.10313E+00,    0.28172E+00,    0.99160E+00
   -0.80791E-01,    0.36057E-01,    0.99484E+00
    0.11885E+00,   -0.41085E+00,    0.98885E+00
    0.39123E-03,   -0.21177E+00,    0.10000E+01
   -0.10236E+00,    0.20775E+00,    0.99173E+00
   -0.19294E-01,   -0.16704E+00,    0.99971E+00
    0.68234E-01,   -0.33730E+00,    0.99632E+00
   -0.57216E-01,   -0.59759E-01,    0.99741E+00
   -0.79152E-01,    0.49370E+00,    0.99505E+00
   -0.49751E-01,   -0.84178E-01,    0.99804E+00
   -0.10365E+00,    0.27596E+00,    0.99152E+00
   -0.10164E+00,    0.32911E+00,    0.99184E+00
    0.41335E-01,   -0.29244E+00,    0.99865E+00
    0.32513E-01,   -0.27668E+00,    0.99916E+00
   -0.93190E-01,    0.10431E+00,    0.99314E+00
   -0.80651E-01,    0.48891E+00,    0.99486E+00
    0.49861E-01,   -0.30814E+00,    0.99803E+00
   -0.64417E-01,   -0.37452E-01,    0.99672E+00
   -0.86844E-01,    0.61401E-01,    0.99404E+00
   -0.41982E-01,   -0.10988E+00,    0.99861E+00
   -0.33433E-01,   -0.13387E+00,    0.99912E+00
    0.14538E+00,   -0.44713E+00,    0.98334E+00
   -0.99031E-01,    0.37449E+00,    0.99226E+00
    0.61965E-01,   -0.32955E+00,    0.99697E+00
   -0.10491E+00,    0.23375E+00,    0.99131E+00
   -0.48509E-02,   -0.20454E+00,    0.99998E+00
    0.11154E+00,   -0.40404E+00,    0.99018E+00
   -0.10187E+00,    0.17197E+00,    0.99181E+00
   -0.10380E+00,    0.31936E+00,    0.99149E+00
    0.13880E+00,   -0.44012E+00,    0.98481E+00
   -0.92408E-01,    0.86975E-01,    0.99326E+00
    0.16465E+00,   -0.47211E+00,    0.97864E+00
   -0.25082E-01,   -0.15904E+00,    0.99950E+00
   -0.88900E-01,    0.45552E+00,    0.99376E+00
   -0.10054E+00,    0.14696E+00,    0.99202E+00
    0.16059E+00,   -0.46800E+00,    0.97968E+00
   -0.10148E+00,    0.36479E+00,    0.99187E+00
    0.55074E-01,   -0.32139E+00,    0.99760E+00
   -0.80372E-01,    0.18564E-01,    0.99490E+00
   -0.85688E-01,    0.44144E-01,    0.99420E+00
   -0.10497E+00,    0.19824E+00,    0.99130E+00
   -0.74672E-01,   -0.68771E-02,    0.99559E+00
   -0.99366E-01,    0.13032E+00,    0.99220E+00
   -0.10660E+00,    0.28533E+00,    0.99103E+00
    0.43204E-01,   -0.30212E+00,    0.99852E+00
   -0.47635E-01,   -0.10166E+00,    0.99821E+00
    0.39986E-01,   -0.29732E+00,    0.99874E+00
   -0.91983E-01,    0.44604E+00,    0.99332E+00
   -0.10635E+00,    0.30984E+00,    0.99107E+00
    0.25180E-01,   -0.27079E+00,    0.99950E+00
    0.13109E+00,   -0.43379E+00,    0.98644E+00
   -0.10705E+00,    0.22400E+00,    0.99095E+00
    0.37316E-01,   -0.29310E+00,    0.99890E+00
    0.10393E+00,   -0.39759E+00,    0.99147E+00
   -0.10772E+00,    0.26633E+00,    0.99084E+00
   -0.56413E-01,   -0.76759E-01,    0.99748E+00
   -0.10393E+00,    0.35510E+00,    0.99147E+00
   -0.91820E-01,    0.69896E-01,    0.99334E+00
   -0.93785E-01,    0.43832E+00,    0.99305E+00
   -0.88500E-01,    0.46878E+00,    0.99381E+00
   -0.10782E+00,    0.27995E+00,    0.99082E+00
   -0.39862E-01,   -0.12629E+00,    0.99874E+00
   -0.98398E-01,    0.11250E+00,    0.99235E+00
    0.15498E-01,   -0.25380E+00,    0.99981E+00
    0.19950E-01,   -0.26241E+00,    0.99969E+00
   -0.86772E-01,    0.47951E+00,    0.99405E+00
   -0.95698E-01,    0.42874E+00,    0.99277E+00
   -0.84097E-01,    0.49288E+00,    0.99441E+00
   -0.10433E+00,    0.16245E+00,    0.99141E+00
   -0.14768E-01,   -0.19091E+00,    0.99983E+00
   -0.85665E-01,    0.48732E+00,    0.99420E+00
   -0.98845E-01,    0.40952E+00,    0.99228E+00
   -0.31293E-01,   -0.15122E+00,    0.99923E+00
   -0.10841E+00,    0.29302E+00,    0.99072E+00
   -0.71270E-01,   -0.29053E-01,    0.99599E+00
    0.12415E+00,   -0.42695E+00,    0.98784E+00
    0.10669E-01,   -0.24575E+00,    0.99991E+00
   -0.10890E+00,    0.27454E+00,    0.99064E+00
   -0.97914E-01,    0.41939E+00,    0.99243E+00
   -0.10700E+00,    0.18848E+00,    0.99096E+00
   -0.10075E+00,    0.39979E+00,    0.99199E+00
   -0.64987E-01,   -0.54272E-01,    0.99666E+00
    0.15261E+00,   -0.46360E+00,    0.98164E+00
   -0.10210E+00,    0.39008E+00,    0.99177E+00
   -0.85367E-01,    0.27177E-01,    0.99424E+00
   -0.10645E+00,    0.34545E+00,    0.99105E+00
   -0.79943E-01,    0.15965E-02,    0.99495E+00
   -0.97874E-01,    0.95340E-01,    0.99244E+00
    0.52285E-02,   -0.23737E+00,    0.99998E+00
    0.81899E-01,   -0.37028E+00,    0.99470E+00
    0.96269E-01,   -0.39116E+00,    0.99268E+00
   -0.61566E-01,   -0.68732E-01,    0.99700E+00
   -0.45371E-01,   -0.11802E+00,    0.99837E+00
    0.76133E-01,   -0.36217E+00,    0.99542E+00
   -0.91264E-01,    0.52434E-01,    0.99342E+00
   -0.10407E+00,    0.38029E+00,    0.99145E+00
    0.56249E-03,   -0.22861E+00,    0.10000E+01
    0.15991E+00,   -0.47374E+00,    0.97985E+00
   -0.10968E+00,    0.21451E+00,    0.99050E+00
   -0.23313E-01,   -0.17619E+00,    0.99957E+00
   -0.10438E+00,    0.13897E+00,    0.99140E+00
   -0.11094E+00,    0.25296E+00,    0.99028E+00
   -0.54018E-01,   -0.94449E-01,    0.99769E+00
    0.46642E-01,   -0.31602E+00,    0.99828E+00
   -0.10855E+00,    0.33570E+00,    0.99070E+00
    0.11650E+00,   -0.42053E+00,    0.98929E+00
    0.38319E-01,   -0.30200E+00,    0.99884E+00
   -0.69009E-01,   -0.46070E-01,    0.99624E+00
   -0.36973E-01,   -0.14320E+00,    0.99892E+00
    0.15589E+00,   -0.47036E+00,    0.98085E+00
   -0.10634E+00,    0.15266E+00,    0.99107E+00
    0.69897E-01,   -0.35442E+00,    0.99614E+00
   -0.96847E-01,    0.78039E-01,    0.99259E+00
   -0.47073E-02,   -0.22032E+00,    0.99998E+00
    0.14395E+00,   -0.45645E+00,    0.98366E+00
    0.64187E-01,   -0.34643E+00,    0.99674E+00
    0.35012E-01,   -0.29795E+00,    0.99903E+00
    0.54634E-01,   -0.33138E+00,    0.99764E+00
   -0.10923E+00,    0.17874E+00,    0.99058E+00
   -0.10362E+00,    0.12103E+00,    0.99152E+00
   -0.94266E-02,   -0.21155E+00,    0.99993E+00
    0.31956E-01,   -0.29305E+00,    0.99919E+00
   -0.11207E+00,    0.28388E+00,    0.99009E+00
   -0.14298E-01,   -0.20084E+00,    0.99984E+00
    0.88955E-01,   -0.38450E+00,    0.99375E+00
    0.13743E+00,   -0.44963E+00,    0.98510E+00
   -0.11249E+00,    0.27811E+00,    0.99001E+00
   -0.84896E-01,    0.10246E-01,    0.99431E+00
    0.10934E+00,   -0.41379E+00,    0.99056E+00
    0.58367E-01,   -0.33887E+00,    0.99731E+00
   -0.11281E+00,    0.27234E+00,    0.98996E+00
    0.40308E-01,   -0.30920E+00,    0.99872E+00
   -0.89034E-01,    0.49201E+00,    0.99374E+00
   -0.11116E+00,    0.32608E+00,    0.99025E+00
   -0.11300E+00,    0.24247E+00,    0.98992E+00
   -0.90767E-01,    0.35543E-01,    0.99349E+00
   -0.11189E+00,    0.20476E+00,    0.99012E+00
   -0.29170E-01,   -0.16869E+00,    0.99933E+00
   -0.90545E-01,    0.48643E+00,    0.99352E+00
   -0.59527E-01,   -0.86139E-01,    0.99720E+00
    0.26787E-01,   -0.28681E+00,    0.99943E+00
   -0.96205E-01,    0.61081E-01,    0.99269E+00
   -0.10310E+00,    0.10376E+00,    0.99161E+00
   -0.74111E-01,   -0.38628E-01,    0.99566E+00
   -0.10865E+00,    0.37176E+00,    0.99068E+00
   -0.51934E-01,   -0.11059E+00,    0.99787E+00
   -0.43248E-01,   -0.13544E+00,    0.99852E+00
   -0.11318E+00,    0.31633E+00,    0.98989E+00
   -0.68262E-01,   -0.61350E-01,    0.99632E+00
   -0.79993E-01,   -0.18770E-01,    0.99494E+00
    0.10221E+00,   -0.40742E+00,    0.99175E+00
    0.12954E+00,   -0.44364E+00,    0.98676E+00
   -0.11458E+00,    0.23128E+00,    0.98964E+00
   -0.11135E+00,    0.16898E+00,    0.99021E+00
    0.15516E+00,   -0.47532E+00,    0.98103E+00
   -0.98635E-01,    0.45336E+00,    0.99232E+00
   -0.23765E-01,   -0.18713E+00,    0.99955E+00
    0.15118E+00,   -0.47113E+00,    0.98198E+00
   -0.11110E+00,    0.36207E+00,    0.99026E+00
   -0.10238E+00,    0.86361E-01,    0.99172E+00
    0.33907E-01,   -0.30367E+00,    0.99909E+00
   -0.35376E-01,   -0.16034E+00,    0.99901E+00
    0.12258E+00,   -0.43657E+00,    0.98814E+00
    0.11231E-01,   -0.26251E+00,    0.99990E+00
    0.15703E-01,   -0.27133E+00,    0.99981E+00
   -0.10274E+00,    0.43442E+00,    0.99167E+00
   -0.11437E+00,    0.19520E+00,    0.98968E+00
   -0.90328E-01,    0.18694E-01,    0.99356E+00
    0.19282E-01,   -0.27823E+00,    0.99971E+00
   -0.95676E-01,    0.44201E-01,    0.99277E+00
   -0.10438E+00,    0.42463E+00,    0.99140E+00
   -0.11620E+00,    0.28128E+00,    0.98934E+00
   -0.84648E-01,   -0.71335E-02,    0.99434E+00
   -0.57247E-01,   -0.10222E+00,    0.99741E+00
    0.46202E-01,   -0.32601E+00,    0.99831E+00
   -0.11589E+00,    0.29938E+00,    0.98940E+00
    0.30029E-01,   -0.29849E+00,    0.99929E+00
   -0.95461E-01,    0.47855E+00,    0.99280E+00
   -0.10172E+00,    0.44431E+00,    0.99183E+00
   -0.97946E-01,    0.46613E+00,    0.99242E+00
   -0.48784E-01,   -0.12740E+00,    0.99812E+00
   -0.11576E+00,    0.30935E+00,    0.98942E+00
    0.27191E-01,   -0.29425E+00,    0.99942E+00
   -0.11713E+00,    0.26973E+00,    0.98917E+00
   -0.11712E+00,    0.27620E+00,    0.98917E+00
    0.94540E-01,   -0.40101E+00,    0.99294E+00
   -0.11353E+00,    0.35237E+00,    0.98983E+00
    0.55879E-02,   -0.25434E+00,    0.99998E+00
   -0.11671E+00,    0.22156E+00,    0.98925E+00
   -0.10680E+00,    0.41500E+00,    0.99099E+00
   -0.11192E+00,    0.14769E+00,    0.99011E+00
   -0.10803E+00,    0.40652E+00,    0.99079E+00
   -0.73016E-01,   -0.55150E-01,    0.99579E+00
   -0.10939E+00,    0.39664E+00,    0.99055E+00
   -0.11028E+00,    0.13043E+00,    0.99040E+00
   -0.93962E-01,    0.49109E+00,    0.99303E+00
   -0.66003E-01,   -0.79151E-01,    0.99656E+00
   -0.10177E+00,    0.69346E-01,    0.99182E+00
    0.69057E-03,   -0.24572E+00,    0.10000E+01
   -0.10838E+00,    0.11224E+00,    0.99073E+00
   -0.11785E+00,    0.28823E+00,    0.98904E+00
   -0.80751E-01,   -0.29622E-01,    0.99485E+00
   -0.23034E-01,   -0.19610E+00,    0.99958E+00
    0.11482E+00,   -0.43037E+00,    0.98960E+00
   -0.41199E-01,   -0.15222E+00,    0.99866E+00
   -0.95826E-01,    0.48614E+00,    0.99275E+00
   -0.11153E+00,    0.38692E+00,    0.99018E+00
   -0.11568E+00,    0.34270E+00,    0.98944E+00
   -0.44740E-02,   -0.23717E+00,    0.99998E+00
    0.77599E-01,   -0.37929E+00,    0.99524E+00
    0.71981E-01,   -0.37104E+00,    0.99591E+00
   -0.11652E+00,    0.18544E+00,    0.98928E+00
   -0.89606E-01,    0.14551E-02,    0.99366E+00
   -0.95179E-01,    0.26617E-01,    0.99285E+00
    0.87217E-01,   -0.39424E+00,    0.99399E+00
    0.66476E-01,   -0.36376E+00,    0.99651E+00
   -0.94186E-02,   -0.22850E+00,    0.99993E+00
   -0.13056E-01,   -0.22119E+00,    0.99987E+00
    0.15038E+00,   -0.47685E+00,    0.98217E+00
    0.60707E-01,   -0.35562E+00,    0.99709E+00
   -0.11516E+00,    0.15684E+00,    0.98953E+00
   -0.10785E+00,    0.94982E-01,    0.99082E+00
    0.14259E+00,   -0.46774E+00,    0.98397E+00
    0.10766E+00,   -0.42348E+00,    0.99085E+00
   -0.10110E+00,    0.52409E-01,    0.99193E+00
   -0.55146E-01,   -0.11971E+00,    0.99760E+00
    0.28475E-01,   -0.30326E+00,    0.99936E+00
   -0.11933E+00,    0.21192E+00,    0.98876E+00
   -0.71331E-01,   -0.70728E-01,    0.99598E+00
   -0.11815E+00,    0.33302E+00,    0.98898E+00
    0.13477E+00,   -0.45925E+00,    0.98567E+00
   -0.63976E-01,   -0.94965E-01,    0.99677E+00
    0.14642E+00,   -0.47370E+00,    0.98310E+00
    0.37770E-01,   -0.32063E+00,    0.99887E+00
   -0.78843E-01,   -0.47403E-01,    0.99509E+00
    0.54349E-01,   -0.34796E+00,    0.99767E+00
   -0.32881E-01,   -0.17993E+00,    0.99915E+00
    0.25037E-01,   -0.29895E+00,    0.99950E+00
   -0.12124E+00,    0.26227E+00,    0.98840E+00
    0.22146E-01,   -0.29395E+00,    0.99961E+00
   -0.10684E+00,    0.77915E-01,    0.99099E+00
   -0.47418E-01,   -0.14451E+00,    0.99822E+00
   -0.12147E+00,    0.25071E+00,    0.98836E+00
    0.12780E+00,   -0.45222E+00,    0.98711E+00
   -0.12149E+00,    0.27997E+00,    0.98835E+00
    0.31297E-01,   -0.31110E+00,    0.99923E+00
   -0.12172E+00,    0.27420E+00,    0.98831E+00
   -0.11873E+00,    0.17571E+00,    0.98887E+00
    0.48438E-01,   -0.33991E+00,    0.99815E+00
   -0.12013E+00,    0.32337E+00,    0.98861E+00
    0.79561E-01,   -0.38785E+00,    0.99500E+00
   -0.11582E+00,    0.37873E+00,    0.98941E+00
   -0.22433E-01,   -0.20678E+00,    0.99960E+00
   -0.98880E-01,    0.49013E+00,    0.99228E+00
    0.99964E-01,   -0.41715E+00,    0.99211E+00
   -0.12232E+00,    0.24075E+00,    0.98819E+00
   -0.11605E+00,    0.13858E+00,    0.98937E+00
   -0.12252E+00,    0.26874E+00,    0.98816E+00
   -0.10028E+00,    0.48452E+00,    0.99206E+00
   -0.94861E-01,    0.98375E-02,    0.99289E+00
   -0.60498E-01,   -0.11165E+00,    0.99711E+00
   -0.69048E-01,   -0.86482E-01,    0.99623E+00
   -0.10058E+00,    0.35539E-01,    0.99201E+00
   -0.39076E-01,   -0.16961E+00,    0.99879E+00
   -0.89430E-01,   -0.14535E-01,    0.99368E+00
   -0.12151E+00,    0.20215E+00,    0.98835E+00
   -0.11465E+00,    0.12125E+00,    0.98963E+00
    0.16262E-01,   -0.28750E+00,    0.99979E+00
   -0.10600E+00,    0.61092E-01,    0.99113E+00
   -0.10755E+00,    0.44992E+00,    0.99087E+00
   -0.11827E+00,    0.36904E+00,    0.98896E+00
    0.12018E+00,   -0.44620E+00,    0.98860E+00
   -0.84073E-01,   -0.39022E-01,    0.99442E+00
   -0.53148E-01,   -0.13633E+00,    0.99777E+00
    0.19166E-02,   -0.26200E+00,    0.10000E+01
   -0.12285E+00,    0.31418E+00,    0.98809E+00
    0.92664E-01,   -0.41037E+00,    0.99322E+00
    0.14559E+00,   -0.47833E+00,    0.98329E+00
    0.14233E+00,   -0.47447E+00,    0.98402E+00
    0.61529E-02,   -0.27099E+00,    0.99997E+00
   -0.12411E+00,    0.22827E+00,    0.98785E+00
   -0.77810E-01,   -0.63840E-01,    0.99522E+00
   -0.12417E+00,    0.29450E+00,    0.98783E+00
   -0.11196E+00,    0.43071E+00,    0.99011E+00
   -0.11058E+00,    0.44060E+00,    0.99035E+00
    0.11319E+00,   -0.43913E+00,    0.98989E+00
   -0.32152E-01,   -0.19204E+00,    0.99918E+00
    0.93089E-02,   -0.27843E+00,    0.99993E+00
   -0.44749E-01,   -0.16156E+00,    0.99842E+00
   -0.11453E+00,    0.10424E+00,    0.98965E+00
   -0.12442E+00,    0.30440E+00,    0.98778E+00
   -0.11376E+00,    0.42208E+00,    0.98979E+00
   -0.12547E+00,    0.27727E+00,    0.98758E+00
   -0.11249E+00,    0.86683E-01,    0.99001E+00
    0.22928E-01,   -0.30433E+00,    0.99958E+00
    0.20038E-01,   -0.29933E+00,    0.99968E+00
   -0.12398E+00,    0.19247E+00,    0.98787E+00
   -0.10025E+00,    0.18014E-01,    0.99206E+00
   -0.94566E-01,   -0.71975E-02,    0.99294E+00
   -0.11723E+00,    0.40281E+00,    0.98915E+00
    0.17158E-01,   -0.29499E+00,    0.99977E+00
   -0.10566E+00,    0.44136E-01,    0.99119E+00
   -0.11601E+00,    0.41243E+00,    0.98938E+00
   -0.22350E-01,   -0.21677E+00,    0.99961E+00
   -0.12626E+00,    0.26713E+00,    0.98742E+00
   -0.66971E-01,   -0.10406E+00,    0.99646E+00
   -0.12628E+00,    0.27213E+00,    0.98742E+00
    0.37330E-01,   -0.33062E+00,    0.99890E+00
    0.85110E-01,   -0.40399E+00,    0.99428E+00
   -0.82710E-01,   -0.55209E-01,    0.99460E+00
   -0.92855E-02,   -0.24593E+00,    0.99993E+00
   -0.10379E+00,    0.48911E+00,    0.99150E+00
    0.68440E-01,   -0.38037E+00,    0.99630E+00
   -0.12311E+00,    0.16427E+00,    0.98804E+00
   -0.11944E+00,    0.39307E+00,    0.98874E+00
   -0.10642E+00,    0.47735E+00,    0.99106E+00
   -0.59428E-01,   -0.12873E+00,    0.99721E+00
   -0.75965E-01,   -0.79438E-01,    0.99544E+00
   -0.12709E+00,    0.28432E+00,    0.98726E+00
   -0.12187E+00,    0.14671E+00,    0.98828E+00
   -0.14126E-01,   -0.23731E+00,    0.99984E+00
    0.10549E+00,   -0.43317E+00,    0.99121E+00
   -0.11159E+00,    0.69167E-01,    0.99017E+00
   -0.12023E+00,    0.12953E+00,    0.98859E+00
    0.79433E-01,   -0.39783E+00,    0.99502E+00
   -0.10976E+00,    0.46323E+00,    0.99049E+00
   -0.10576E+00,    0.48442E+00,    0.99117E+00
    0.62139E-01,   -0.37270E+00,    0.99695E+00
   -0.12530E+00,    0.34000E+00,    0.98761E+00
   -0.90075E-01,   -0.33104E-01,    0.99359E+00
   -0.31147E-01,   -0.20191E+00,    0.99923E+00
   -0.51048E-01,   -0.15380E+00,    0.99794E+00
    0.56588E-01,   -0.36471E+00,    0.99747E+00
   -0.41306E-01,   -0.17824E+00,    0.99865E+00
    0.13252E+00,   -0.46893E+00,    0.98615E+00
   -0.64187E-02,   -0.25522E+00,    0.99997E+00
   -0.19379E-01,   -0.22881E+00,    0.99970E+00
   -0.11908E+00,    0.11229E+00,    0.98881E+00
   -0.72098E-01,   -0.95972E-01,    0.99589E+00
   -0.12607E+00,    0.18249E+00,    0.98746E+00
   -0.99500E-01,    0.14703E-02,    0.99218E+00
    0.14079E+00,   -0.47977E+00,    0.98437E+00
   -0.10517E+00,    0.26668E-01,    0.99127E+00
    0.13694E+00,   -0.47546E+00,    0.98521E+00
   -0.12454E+00,    0.36358E+00,    0.98776E+00
   -0.93826E-01,   -0.23501E-01,    0.99305E+00
    0.98122E-01,   -0.42643E+00,    0.99240E+00
    0.12554E+00,   -0.46185E+00,    0.98757E+00
   -0.80787E-01,   -0.70830E-01,    0.99484E+00
    0.18007E-01,   -0.30356E+00,    0.99974E+00
   -0.65037E-01,   -0.12047E+00,    0.99666E+00
   -0.11097E+00,    0.52454E-01,    0.99028E+00
   -0.12791E+00,    0.32950E+00,    0.98709E+00
    0.12311E-01,   -0.29453E+00,    0.99988E+00
    0.15033E-01,   -0.29962E+00,    0.99982E+00
   -0.11845E+00,    0.95039E-01,    0.98893E+00
   -0.56570E-01,   -0.14572E+00,    0.99747E+00
   -0.12666E+00,    0.35396E+00,    0.98734E+00
   -0.12896E+00,    0.31966E+00,    0.98688E+00
   -0.12983E+00,    0.22007E+00,    0.98670E+00
   -0.88721E-01,   -0.47311E-01,    0.99378E+00
   -0.13051E+00,    0.24648E+00,    0.98656E+00
   -0.13075E+00,    0.26420E+00,    0.98651E+00
   -0.13081E+00,    0.26998E+00,    0.98650E+00
    0.11824E+00,   -0.45506E+00,    0.98897E+00
   -0.13078E+00,    0.27576E+00,    0.98651E+00
    0.28898E-01,   -0.32524E+00,    0.99934E+00
   -0.11682E+00,    0.77676E-01,    0.98923E+00
   -0.10962E+00,    0.48308E+00,    0.99051E+00
    0.19288E-01,   -0.30957E+00,    0.99971E+00
   -0.10869E+00,    0.48804E+00,    0.99067E+00
   -0.13151E+00,    0.25618E+00,    0.98636E+00
    0.90549E-01,   -0.42011E+00,    0.99352E+00
   -0.12719E+00,    0.15515E+00,    0.98724E+00
    0.36890E-01,   -0.34061E+00,    0.99892E+00
   -0.13046E+00,    0.19924E+00,    0.98657E+00
   -0.31039E-01,   -0.21183E+00,    0.99924E+00
   -0.41352E-01,   -0.18817E+00,    0.99865E+00
   -0.10465E+00,    0.99899E-02,    0.99135E+00
   -0.11527E+00,    0.45699E+00,    0.98951E+00
   -0.11696E+00,    0.44719E+00,    0.98920E+00
   -0.12914E+00,    0.17242E+00,    0.98684E+00
   -0.12598E+00,    0.13759E+00,    0.98748E+00
   -0.78709E-01,   -0.88512E-01,    0.99511E+00
   -0.13199E+00,    0.30073E+00,    0.98626E+00
   -0.11055E+00,    0.35033E-01,    0.99035E+00
   -0.99389E-01,   -0.15260E-01,    0.99220E+00
   -0.13247E+00,    0.23305E+00,    0.98616E+00
   -0.35926E-02,   -0.27028E+00,    0.99999E+00
    0.11075E+00,   -0.44877E+00,    0.99032E+00
   -0.13171E+00,    0.20850E+00,    0.98632E+00
   -0.11926E+00,    0.43751E+00,    0.98877E+00
   -0.12461E+00,    0.12062E+00,    0.98775E+00
   -0.13199E+00,    0.31036E+00,    0.98626E+00
   -0.93366E-01,   -0.41012E-01,    0.99312E+00
   -0.11591E+00,    0.60198E-01,    0.98940E+00
   -0.71394E-01,   -0.11300E+00,    0.99597E+00
    0.44882E-01,   -0.35598E+00,    0.99841E+00
   -0.32284E-09,   -0.27859E+00,    0.10000E+01
   -0.78695E-02,   -0.26358E+00,    0.99995E+00
    0.13598E+00,   -0.48116E+00,    0.98542E+00
    0.13217E+00,   -0.47681E+00,    0.98622E+00
    0.83143E-01,   -0.41340E+00,    0.99454E+00
   -0.53743E-01,   -0.16221E+00,    0.99772E+00
   -0.12152E+00,    0.42784E+00,    0.98835E+00
   -0.62966E-01,   -0.13804E+00,    0.99687E+00
   -0.13348E+00,    0.29084E+00,    0.98595E+00
   -0.12424E+00,    0.40951E+00,    0.98782E+00
    0.48673E-02,   -0.28897E+00,    0.99998E+00
   -0.12304E+00,    0.41942E+00,    0.98805E+00
   -0.87791E-01,   -0.63800E-01,    0.99391E+00
    0.13493E-01,   -0.30493E+00,    0.99986E+00
   -0.50039E-01,   -0.17341E+00,    0.99802E+00
    0.10405E+00,   -0.44300E+00,    0.99145E+00
   -0.13463E+00,    0.27322E+00,    0.98570E+00
    0.10024E-01,   -0.29983E+00,    0.99992E+00
   -0.40037E-01,   -0.19806E+00,    0.99873E+00
   -0.83616E-01,   -0.80401E-01,    0.99448E+00
   -0.12445E+00,    0.10302E+00,    0.98778E+00
   -0.12672E+00,    0.39990E+00,    0.98733E+00
   -0.12790E+00,    0.38999E+00,    0.98709E+00
    0.69225E-02,   -0.29527E+00,    0.99996E+00
   -0.13530E+00,    0.26776E+00,    0.98556E+00
   -0.13536E+00,    0.26266E+00,    0.98555E+00
    0.64125E-01,   -0.38905E+00,    0.99675E+00
    0.69978E-01,   -0.39766E+00,    0.99613E+00
    0.75299E-01,   -0.40540E+00,    0.99552E+00
    0.20466E-01,   -0.31987E+00,    0.99967E+00
   -0.12245E+00,    0.85918E-01,    0.98817E+00
   -0.11020E+00,    0.18261E-01,    0.99041E+00
    0.58899E-01,   -0.38208E+00,    0.99726E+00
   -0.76849E-01,   -0.10465E+00,    0.99533E+00
   -0.98359E-01,   -0.32361E-01,    0.99236E+00
    0.53352E-01,   -0.37389E+00,    0.99775E+00
   -0.68289E-01,   -0.12992E+00,    0.99632E+00
   -0.11357E+00,    0.48693E+00,    0.98982E+00
   -0.11554E+00,    0.43061E-01,    0.98946E+00
   -0.11480E+00,    0.48129E+00,    0.98960E+00
   -0.10515E+00,   -0.71104E-02,    0.99127E+00
   -0.13631E+00,    0.27974E+00,    0.98535E+00
    0.28458E-01,   -0.33523E+00,    0.99936E+00
   -0.30657E-01,   -0.22337E+00,    0.99926E+00
   -0.13033E+00,    0.38017E+00,    0.98660E+00
   -0.92585E-01,   -0.56206E-01,    0.99323E+00
   -0.22232E-01,   -0.24166E+00,    0.99961E+00
    0.12429E+00,   -0.47189E+00,    0.98781E+00
   -0.12089E+00,    0.68858E-01,    0.98847E+00
   -0.13305E+00,    0.16323E+00,    0.98604E+00
   -0.13150E+00,    0.14591E+00,    0.98636E+00
    0.96199E-01,   -0.43683E+00,    0.99269E+00
   -0.13190E+00,    0.37031E+00,    0.98627E+00
   -0.13011E+00,    0.12893E+00,    0.98664E+00
   -0.13555E+00,    0.19071E+00,    0.98551E+00
    0.36450E-01,   -0.35060E+00,    0.99895E+00
   -0.60960E-01,   -0.15465E+00,    0.99706E+00
   -0.39549E-01,   -0.20673E+00,    0.99876E+00
   -0.11802E+00,    0.47357E+00,    0.98901E+00
   -0.13516E+00,    0.18041E+00,    0.98559E+00
   -0.49796E-01,   -0.18339E+00,    0.99804E+00
    0.11625E+00,   -0.46428E+00,    0.98933E+00
    0.11078E+00,   -0.45741E+00,    0.99031E+00
    0.13115E+00,   -0.48249E+00,    0.98643E+00
   -0.13407E+00,    0.36064E+00,    0.98582E+00
    0.81563E-02,   -0.30448E+00,    0.99995E+00
   -0.10946E+00,    0.14118E-02,    0.99054E+00
   -0.12916E+00,    0.11173E+00,    0.98684E+00
    0.89053E-01,   -0.42992E+00,    0.99374E+00
   -0.11495E+00,    0.26106E-01,    0.98957E+00
    0.12730E+00,   -0.47887E+00,    0.98721E+00
   -0.19457E-01,   -0.25272E+00,    0.99970E+00
   -0.28603E-01,   -0.23385E+00,    0.99935E+00
    0.28679E-02,   -0.29579E+00,    0.99999E+00
    0.44442E-01,   -0.36597E+00,    0.99844E+00
   -0.10376E+00,   -0.24171E-01,    0.99150E+00
    0.50129E-02,   -0.29996E+00,    0.99998E+00
   -0.90442E-01,   -0.73120E-01,    0.99354E+00
   -0.13950E+00,    0.25968E+00,    0.98465E+00
   -0.12159E+00,    0.46313E+00,    0.98833E+00
   -0.12074E+00,    0.51666E-01,    0.98850E+00
   -0.74810E-01,   -0.12235E+00,    0.99558E+00
   -0.83266E-01,   -0.97378E-01,    0.99452E+00
   -0.13833E+00,    0.31685E+00,    0.98491E+00
   -0.13617E+00,    0.35093E+00,    0.98537E+00
   -0.13976E+00,    0.26546E+00,    0.98460E+00
   -0.13992E+00,    0.27123E+00,    0.98456E+00
   -0.16153E-01,   -0.26174E+00,    0.99979E+00
   -0.98170E-01,   -0.49496E-01,    0.99239E+00
   -0.12833E+00,    0.93816E-01,    0.98701E+00
    0.10448E-01,   -0.31250E+00,    0.99991E+00
   -0.11845E+00,    0.48577E+00,    0.98893E+00
   -0.13784E+00,    0.34108E+00,    0.98501E+00
   -0.48639E-01,   -0.19302E+00,    0.99813E+00
   -0.12454E+00,    0.45337E+00,    0.98776E+00
   -0.13981E+00,    0.30696E+00,    0.98458E+00
    0.20026E-01,   -0.32986E+00,    0.99968E+00
   -0.13956E+00,    0.20237E+00,    0.98464E+00
   -0.11980E+00,    0.48081E+00,    0.98867E+00
   -0.67326E-01,   -0.14702E+00,    0.99642E+00
   -0.12636E+00,    0.44448E+00,    0.98740E+00
   -0.12672E+00,    0.76894E-01,    0.98733E+00
   -0.13524E-01,   -0.26955E+00,    0.99986E+00
    0.81240E-01,   -0.42371E+00,    0.99479E+00
   -0.14046E+00,    0.21292E+00,    0.98444E+00
   -0.93089E-02,   -0.27843E+00,    0.99993E+00
   -0.13959E+00,    0.33124E+00,    0.98463E+00
   -0.79877E-01,   -0.11416E+00,    0.99496E+00
   -0.12859E+00,    0.43481E+00,    0.98695E+00
   -0.11446E+00,    0.92589E-02,    0.98966E+00
   -0.14130E+00,    0.29707E+00,    0.98426E+00
   -0.39083E-01,   -0.21799E+00,    0.99879E+00
   -0.13712E+00,    0.15417E+00,    0.98517E+00
    0.28018E-01,   -0.34522E+00,    0.99938E+00
   -0.13906E+00,    0.17120E+00,    0.98475E+00
   -0.13595E+00,    0.13700E+00,    0.98542E+00
   -0.10927E+00,   -0.16203E-01,    0.99057E+00
   -0.12052E+00,    0.34395E-01,    0.98854E+00
   -0.13218E+00,    0.41556E+00,    0.98622E+00
   -0.88751E-01,   -0.90070E-01,    0.99378E+00
    0.12630E+00,   -0.48378E+00,    0.98741E+00
    0.12258E+00,   -0.47936E+00,    0.98814E+00
   -0.96329E-01,   -0.65424E-01,    0.99267E+00
   -0.13113E+00,    0.42515E+00,    0.98644E+00
   -0.10335E+00,   -0.40970E-01,    0.99157E+00
   -0.13456E+00,    0.12013E+00,    0.98572E+00
   -0.58667E-02,   -0.28788E+00,    0.99997E+00
   -0.14251E+00,    0.22484E+00,    0.98399E+00
   -0.14278E+00,    0.28718E+00,    0.98392E+00
   -0.12586E+00,    0.60197E-01,    0.98750E+00
   -0.24630E-02,   -0.29477E+00,    0.10000E+01
   -0.72872E-01,   -0.13872E+00,    0.99580E+00
    0.36010E-01,   -0.36059E+00,    0.99897E+00
   -0.14336E+00,    0.25099E+00,    0.98379E+00
   -0.13438E+00,    0.40583E+00,    0.98576E+00
   -0.62573E-01,   -0.16664E+00,    0.99691E+00
   -0.34765E-09,   -0.30000E+00,    0.10000E+01
    0.10229E+00,   -0.45545E+00,    0.99174E+00
   -0.14368E+00,    0.26857E+00,    0.98372E+00
   -0.13585E+00,    0.39601E+00,    0.98544E+00
    0.25500E-02,   -0.30519E+00,    0.99999E+00
    0.60002E-01,   -0.39815E+00,    0.99715E+00
    0.71283E-01,   -0.41455E+00,    0.99599E+00
   -0.14417E+00,    0.26309E+00,    0.98361E+00
    0.54189E-01,   -0.39007E+00,    0.99768E+00
    0.49009E-01,   -0.38242E+00,    0.99810E+00
    0.65370E-01,   -0.40653E+00,    0.99662E+00
   -0.93584E-01,   -0.80322E-01,    0.99308E+00
   -0.14452E+00,    0.25758E+00,    0.98353E+00
   -0.48754E-01,   -0.20290E+00,    0.99812E+00
    0.44002E-01,   -0.37596E+00,    0.99847E+00
   -0.13172E+00,    0.84572E-01,    0.98631E+00
   -0.13816E+00,    0.38630E+00,    0.98495E+00
    0.94179E-01,   -0.44724E+00,    0.99300E+00
   -0.59315E-01,   -0.17869E+00,    0.99722E+00
   -0.11401E+00,   -0.74748E-02,    0.98974E+00
   -0.12331E+00,    0.48456E+00,    0.98800E+00
   -0.12443E+00,    0.47889E+00,    0.98778E+00
    0.11517E+00,   -0.47441E+00,    0.98953E+00
   -0.10817E+00,   -0.32259E-01,    0.99076E+00
   -0.13963E+00,    0.37664E+00,    0.98462E+00
   -0.11999E+00,    0.17524E-01,    0.98864E+00
   -0.13467E+00,    0.10154E+00,    0.98569E+00
    0.11594E-01,   -0.32448E+00,    0.99989E+00
   -0.78263E-01,   -0.13032E+00,    0.99516E+00
   -0.14547E+00,    0.27563E+00,    0.98331E+00
   -0.86553E-01,   -0.10674E+00,    0.99408E+00
   -0.14556E+00,    0.23790E+00,    0.98329E+00
   -0.12554E+00,    0.43019E-01,    0.98757E+00
    0.86839E-01,   -0.43961E+00,    0.99404E+00
    0.19586E-01,   -0.33985E+00,    0.99970E+00
   -0.10241E+00,   -0.57747E-01,    0.99172E+00
   -0.14182E+00,    0.36690E+00,    0.98414E+00
   -0.13081E+00,    0.67790E-01,    0.98650E+00
    0.10692E+00,   -0.46652E+00,    0.99097E+00
   -0.14291E+00,    0.16199E+00,    0.98390E+00
   -0.14143E+00,    0.14516E+00,    0.98423E+00
    0.12145E+00,   -0.48503E+00,    0.98836E+00
   -0.13991E+00,    0.12786E+00,    0.98456E+00
   -0.14341E+00,    0.35719E+00,    0.98378E+00
   -0.47533E-01,   -0.21270E+00,    0.99821E+00
   -0.20224E-02,   -0.30458E+00,    0.10000E+01
    0.27578E-01,   -0.35521E+00,    0.99940E+00
   -0.71357E-02,   -0.29539E+00,    0.99996E+00
    0.11775E+00,   -0.48135E+00,    0.98906E+00
   -0.39734E-01,   -0.23060E+00,    0.99875E+00
   -0.58189E-01,   -0.18861E+00,    0.99732E+00
   -0.34427E-01,   -0.24197E+00,    0.99906E+00
   -0.50129E-02,   -0.29996E+00,    0.99998E+00
   -0.30349E-01,   -0.25105E+00,    0.99927E+00
   -0.14810E+00,    0.25488E+00,    0.98271E+00
   -0.13857E+00,    0.11098E+00,    0.98486E+00
   -0.26169E-01,   -0.26010E+00,    0.99946E+00
   -0.11344E+00,   -0.23821E-01,    0.98984E+00
   -0.11942E+00,    0.84765E-03,    0.98874E+00
   -0.14855E+00,    0.26064E+00,    0.98260E+00
   -0.12490E+00,    0.26005E-01,    0.98769E+00
   -0.14603E+00,    0.18216E+00,    0.98319E+00
   -0.14553E+00,    0.34743E+00,    0.98330E+00
   -0.14764E+00,    0.31319E+00,    0.98282E+00
   -0.14890E+00,    0.26641E+00,    0.98252E+00
    0.35570E-01,   -0.37058E+00,    0.99900E+00
   -0.72282E-01,   -0.15681E+00,    0.99587E+00
   -0.14738E+00,    0.19619E+00,    0.98288E+00
   -0.13193E+00,    0.46007E+00,    0.98627E+00
   -0.13004E+00,    0.47156E+00,    0.98666E+00
   -0.10059E+00,   -0.74415E-01,    0.99201E+00
   -0.13072E+00,    0.51473E-01,    0.98652E+00
   -0.93081E-01,   -0.99194E-01,    0.99316E+00
   -0.13406E+00,    0.45040E+00,    0.98582E+00
   -0.18607E-01,   -0.27796E+00,    0.99973E+00
   -0.12816E+00,    0.48329E+00,    0.98704E+00
   -0.36234E-09,   -0.31267E+00,    0.10000E+01
   -0.14722E+00,    0.33769E+00,    0.98291E+00
   -0.10815E+00,   -0.49646E-01,    0.99077E+00
   -0.13568E+00,    0.44176E+00,    0.98548E+00
   -0.14912E+00,    0.30330E+00,    0.98247E+00
   -0.23479E-01,   -0.26928E+00,    0.99956E+00
   -0.14396E-01,   -0.28692E+00,    0.99984E+00
   -0.14886E+00,    0.20595E+00,    0.98253E+00
   -0.13816E+00,    0.92176E-01,    0.98495E+00
   -0.12984E+00,    0.47804E+00,    0.98670E+00
   -0.13913E+00,    0.42225E+00,    0.98473E+00
   -0.57044E-01,   -0.19822E+00,    0.99743E+00
   -0.77299E-01,   -0.14769E+00,    0.99528E+00
   -0.13820E+00,    0.43210E+00,    0.98494E+00
    0.11154E-01,   -0.33447E+00,    0.99990E+00
   -0.15060E+00,    0.29341E+00,    0.98212E+00
   -0.15027E+00,    0.21576E+00,    0.98220E+00
    0.75982E-01,   -0.43320E+00,    0.99544E+00
   -0.13666E+00,    0.75894E-01,    0.98527E+00
   -0.14928E+00,    0.32791E+00,    0.98243E+00
   -0.12420E+00,    0.85179E-02,    0.98783E+00
   -0.14284E+00,    0.40280E+00,    0.98391E+00
   -0.14166E+00,    0.41266E+00,    0.98418E+00
    0.11295E+00,   -0.48172E+00,    0.98993E+00
   -0.14518E+00,    0.13607E+00,    0.98338E+00
    0.11658E+00,   -0.48622E+00,    0.98927E+00
   -0.12311E-01,   -0.29453E+00,    0.99988E+00
   -0.86476E-01,   -0.12586E+00,    0.99409E+00
   -0.14844E+00,    0.17031E+00,    0.98263E+00
   -0.47938E-01,   -0.22256E+00,    0.99818E+00
    0.19146E-01,   -0.34984E+00,    0.99971E+00
   -0.15204E+00,    0.25171E+00,    0.98178E+00
   -0.11919E+00,   -0.15701E-01,    0.98879E+00
   -0.11300E+00,   -0.41002E-01,    0.98992E+00
   -0.15209E+00,    0.28352E+00,    0.98177E+00
   -0.14745E+00,    0.15313E+00,    0.98286E+00
   -0.10024E-01,   -0.29983E+00,    0.99992E+00
   -0.13043E+00,    0.34324E-01,    0.98658E+00
   -0.10610E+00,   -0.66130E-01,    0.99111E+00
   -0.83280E-01,   -0.13701E+00,    0.99452E+00
   -0.15258E+00,    0.26362E+00,    0.98165E+00
    0.50254E-01,   -0.39921E+00,    0.99800E+00
    0.55423E-01,   -0.40682E+00,    0.99757E+00
   -0.72411E-01,   -0.16633E+00,    0.99586E+00
   -0.69259E-01,   -0.17440E+00,    0.99621E+00
    0.61365E-01,   -0.41555E+00,    0.99702E+00
   -0.76492E-02,   -0.30510E+00,    0.99995E+00
    0.39025E-01,   -0.38275E+00,    0.99880E+00
    0.66570E-01,   -0.42307E+00,    0.99650E+00
   -0.15288E+00,    0.25812E+00,    0.98158E+00
   -0.13559E+00,    0.59264E-01,    0.98550E+00
   -0.14538E+00,    0.39320E+00,    0.98334E+00
   -0.14449E+00,    0.11902E+00,    0.98354E+00
    0.44267E-01,   -0.39121E+00,    0.99845E+00
   -0.14673E+00,    0.38335E+00,    0.98303E+00
    0.27138E-01,   -0.36520E+00,    0.99942E+00
   -0.14275E+00,    0.10197E+00,    0.98393E+00
    0.91514E-01,   -0.45822E+00,    0.99339E+00
   -0.56345E-01,   -0.20921E+00,    0.99749E+00
   -0.13300E+00,    0.48199E+00,    0.98605E+00
   -0.13390E+00,    0.47743E+00,    0.98586E+00
    0.10545E+00,   -0.47656E+00,    0.99122E+00
   -0.12916E+00,    0.17179E-01,    0.98684E+00
   -0.14913E+00,    0.37370E+00,    0.98247E+00
   -0.15459E+00,    0.27110E+00,    0.98116E+00
   -0.92784E-01,   -0.11620E+00,    0.99320E+00
   -0.12371E+00,   -0.81131E-02,    0.98792E+00
   -0.67327E-01,   -0.18466E+00,    0.99642E+00
    0.84183E-01,   -0.45035E+00,    0.99440E+00
   -0.14171E+00,    0.84466E-01,    0.98416E+00
   -0.15464E+00,    0.22952E+00,    0.98115E+00
   -0.10025E+00,   -0.94615E-01,    0.99206E+00
   -0.11812E+00,   -0.32426E-01,    0.98899E+00
   -0.15064E+00,    0.36387E+00,    0.98211E+00
   -0.15516E+00,    0.24348E+00,    0.98102E+00
    0.97545E-01,   -0.46857E+00,    0.99249E+00
    0.27225E-02,   -0.32910E+00,    0.99999E+00
   -0.13553E+00,    0.42917E-01,    0.98551E+00
   -0.44048E-01,   -0.24047E+00,    0.99847E+00
    0.77504E-01,   -0.44315E+00,    0.99525E+00
   -0.17231E-01,   -0.29428E+00,    0.99977E+00
   -0.11232E+00,   -0.58396E-01,    0.99004E+00
    0.11170E+00,   -0.48736E+00,    0.99015E+00
    0.10715E-01,   -0.34446E+00,    0.99991E+00
   -0.40099E-01,   -0.25015E+00,    0.99873E+00
   -0.10487E+00,   -0.84785E-01,    0.99132E+00
   -0.14076E+00,    0.67761E-01,    0.98438E+00
   -0.15033E-01,   -0.29962E+00,    0.99982E+00
   -0.31498E-01,   -0.26804E+00,    0.99922E+00
   -0.15290E+00,    0.35417E+00,    0.98157E+00
    0.10803E+00,   -0.48360E+00,    0.99079E+00
   -0.36025E-01,   -0.25925E+00,    0.99897E+00
   -0.15546E+00,    0.31942E+00,    0.98095E+00
   -0.56026E-01,   -0.21690E+00,    0.99752E+00
   -0.15284E+00,    0.16134E+00,    0.98159E+00
   -0.15131E+00,    0.14392E+00,    0.98195E+00
   -0.12746E-01,   -0.30493E+00,    0.99987E+00
   -0.15718E+00,    0.25553E+00,    0.98053E+00
   -0.15724E+00,    0.25001E+00,    0.98051E+00
   -0.14985E+00,    0.12727E+00,    0.98230E+00
   -0.66271E-01,   -0.19443E+00,    0.99653E+00
   -0.27885E-01,   -0.27719E+00,    0.99939E+00
   -0.15453E+00,    0.34434E+00,    0.98118E+00
    0.18707E-01,   -0.35983E+00,    0.99972E+00
   -0.15772E+00,    0.26128E+00,    0.98040E+00
   -0.22978E-01,   -0.28702E+00,    0.99958E+00
   -0.14113E+00,    0.45733E+00,    0.98429E+00
   -0.15642E+00,    0.20017E+00,    0.98072E+00
   -0.99687E-01,   -0.10594E+00,    0.99215E+00
   -0.15694E+00,    0.30953E+00,    0.98059E+00
   -0.14844E+00,    0.10985E+00,    0.98263E+00
   -0.12318E+00,   -0.24812E-01,    0.98803E+00
   -0.11685E+00,   -0.49828E-01,    0.98922E+00
   -0.12937E+00,    0.41586E-04,    0.98680E+00
   -0.14489E+00,    0.43803E+00,    0.98345E+00
   -0.13483E+00,    0.25359E-01,    0.98566E+00
   -0.13877E+00,    0.47493E+00,    0.98481E+00
   -0.14023E+00,    0.46740E+00,    0.98449E+00
   -0.13783E+00,    0.48063E+00,    0.98502E+00
   -0.14366E+00,    0.44768E+00,    0.98373E+00
   -0.10448E-01,   -0.31250E+00,    0.99991E+00
   -0.14709E+00,    0.92969E-01,    0.98294E+00
   -0.15793E+00,    0.20994E+00,    0.98034E+00
   -0.14833E+00,    0.41838E+00,    0.98265E+00
    0.26699E-01,   -0.37520E+00,    0.99944E+00
   -0.14699E+00,    0.42827E+00,    0.98297E+00
   -0.15670E+00,    0.33460E+00,    0.98065E+00
   -0.15843E+00,    0.29964E+00,    0.98022E+00
   -0.11006E+00,   -0.76737E-01,    0.99044E+00
   -0.14050E+00,    0.50780E-01,    0.98443E+00
   -0.84756E-01,   -0.15256E+00,    0.99433E+00
   -0.81300E-01,   -0.16179E+00,    0.99478E+00
   -0.15063E+00,    0.40895E+00,    0.98211E+00
   -0.64992E-01,   -0.20424E+00,    0.99666E+00
   -0.57095E-02,   -0.32372E+00,    0.99997E+00
   -0.15991E+00,    0.28975E+00,    0.97985E+00
   -0.15210E+00,    0.39907E+00,    0.98177E+00
   -0.15959E+00,    0.21816E+00,    0.97993E+00
   -0.78787E-01,   -0.17147E+00,    0.99510E+00
   -0.52348E-01,   -0.23373E+00,    0.99783E+00
    0.10327E+00,   -0.48389E+00,    0.99158E+00
    0.10681E+00,   -0.48846E+00,    0.99099E+00
   -0.16073E+00,    0.24792E+00,    0.97964E+00
   -0.15865E+00,    0.18867E+00,    0.98017E+00
   -0.22468E-01,   -0.29463E+00,    0.99960E+00
   -0.15801E+00,    0.17763E+00,    0.98033E+00
   -0.20038E-01,   -0.29933E+00,    0.99968E+00
   -0.14645E+00,    0.75721E-01,    0.98309E+00
   -0.55961E-01,   -0.22676E+00,    0.99752E+00
    0.22826E-02,   -0.33909E+00,    0.10000E+01
    0.40320E-01,   -0.39966E+00,    0.99871E+00
    0.51389E-01,   -0.41595E+00,    0.99791E+00
   -0.13413E+00,    0.85189E-02,    0.98581E+00
   -0.90053E-01,   -0.14409E+00,    0.99359E+00
    0.29044E-01,   -0.38318E+00,    0.99933E+00
    0.62682E-01,   -0.43226E+00,    0.99690E+00
   -0.12232E+00,   -0.41492E-01,    0.98819E+00
    0.45503E-01,   -0.40794E+00,    0.99836E+00
   -0.16142E+00,    0.25287E+00,    0.97947E+00
   -0.12864E+00,   -0.16484E-01,    0.98694E+00
    0.34439E-01,   -0.39159E+00,    0.99906E+00
   -0.16139E+00,    0.27986E+00,    0.97948E+00
   -0.15444E+00,    0.38962E+00,    0.98120E+00
   -0.15668E+00,    0.15230E+00,    0.98065E+00
   -0.18326E-01,   -0.30404E+00,    0.99973E+00
    0.56674E-01,   -0.42436E+00,    0.99746E+00
   -0.15513E+00,    0.13560E+00,    0.98103E+00
    0.10275E-01,   -0.35445E+00,    0.99992E+00
   -0.76635E-01,   -0.18111E+00,    0.99536E+00
    0.67983E-01,   -0.44065E+00,    0.99635E+00
   -0.14031E+00,    0.34282E-01,    0.98447E+00
   -0.16207E+00,    0.25861E+00,    0.97930E+00
   -0.15605E+00,    0.37976E+00,    0.98081E+00
   -0.11594E+00,   -0.67382E-01,    0.98939E+00
   -0.15383E+00,    0.11827E+00,    0.98135E+00
   -0.14554E+00,    0.59360E-01,    0.98330E+00
   -0.94716E-01,   -0.13536E+00,    0.99292E+00
   -0.14347E+00,    0.47427E+00,    0.98377E+00
    0.95703E-01,   -0.47851E+00,    0.99277E+00
   -0.14264E+00,    0.47922E+00,    0.98396E+00
    0.18267E-01,   -0.36982E+00,    0.99974E+00
   -0.15272E+00,    0.10120E+00,    0.98162E+00
   -0.15830E+00,    0.37022E+00,    0.98025E+00
   -0.98904E-01,   -0.12646E+00,    0.99228E+00
   -0.16382E+00,    0.26632E+00,    0.97886E+00
    0.88132E-01,   -0.47043E+00,    0.99387E+00
   -0.16365E+00,    0.22797E+00,    0.97890E+00
   -0.65018E-01,   -0.21414E+00,    0.99666E+00
   -0.74908E-01,   -0.19092E+00,    0.99557E+00
    0.81898E-01,   -0.46274E+00,    0.99470E+00
   -0.16000E+00,    0.36038E+00,    0.97983E+00
   -0.16404E+00,    0.23677E+00,    0.97880E+00
   -0.13338E+00,   -0.90445E-02,    0.98597E+00
   -0.27055E-01,   -0.29354E+00,    0.99942E+00
   -0.12099E+00,   -0.59107E-01,    0.98845E+00
   -0.15169E+00,    0.84219E-01,    0.98186E+00
   -0.10978E+00,   -0.97160E-01,    0.99049E+00
   -0.16480E+00,    0.24442E+00,    0.97860E+00
   -0.12806E+00,   -0.33348E-01,    0.98706E+00
   -0.13977E+00,    0.16755E-01,    0.98459E+00
   -0.41412E-01,   -0.26711E+00,    0.99864E+00
   -0.16328E+00,    0.32565E+00,    0.97899E+00
   -0.25037E-01,   -0.29895E+00,    0.99950E+00
    0.10190E+00,   -0.48951E+00,    0.99180E+00
   -0.45863E-01,   -0.25828E+00,    0.99834E+00
   -0.37132E-01,   -0.27610E+00,    0.99891E+00
    0.72860E-01,   -0.45271E+00,    0.99581E+00
   -0.14534E+00,    0.42219E-01,    0.98335E+00
   -0.61494E-02,   -0.33371E+00,    0.99997E+00
    0.98283E-01,   -0.48565E+00,    0.99237E+00
   -0.16215E+00,    0.35076E+00,    0.97928E+00
   -0.16563E+00,    0.25013E+00,    0.97839E+00
   -0.32414E-01,   -0.28620E+00,    0.99917E+00
   -0.16228E+00,    0.16891E+00,    0.97925E+00
   -0.22928E-01,   -0.30433E+00,    0.99958E+00
   -0.14835E+00,    0.46417E+00,    0.98265E+00
   -0.16476E+00,    0.31576E+00,    0.97861E+00
   -0.16441E+00,    0.19422E+00,    0.97870E+00
   -0.15027E+00,    0.45441E+00,    0.98220E+00
   -0.11492E+00,   -0.85463E-01,    0.98958E+00
   -0.64263E-01,   -0.22145E+00,    0.99674E+00
    0.18427E-02,   -0.34908E+00,    0.10000E+01
   -0.89826E-01,   -0.15948E+00,    0.99363E+00
   -0.15201E+00,    0.44466E+00,    0.98179E+00
   -0.10472E+00,   -0.11784E+00,    0.99134E+00
   -0.15065E+00,    0.66705E-01,    0.98211E+00
   -0.15926E+00,    0.12665E+00,    0.98001E+00
   -0.16547E+00,    0.20413E+00,    0.97843E+00
   -0.16109E+00,    0.14338E+00,    0.97955E+00
   -0.53630E-01,   -0.24591E+00,    0.99773E+00
   -0.16407E+00,    0.34135E+00,    0.97879E+00
   -0.16273E+00,    0.16020E+00,    0.97914E+00
   -0.73893E-01,   -0.20074E+00,    0.99569E+00
   -0.21066E-01,   -0.31040E+00,    0.99965E+00
   -0.13819E+00,   -0.31056E-03,    0.98494E+00
   -0.16625E+00,    0.30587E+00,    0.97823E+00
   -0.15435E+00,    0.43501E+00,    0.98122E+00
   -0.14827E+00,    0.47205E+00,    0.98267E+00
   -0.16753E+00,    0.25787E+00,    0.97789E+00
   -0.14744E+00,    0.47777E+00,    0.98286E+00
    0.98347E-02,   -0.36444E+00,    0.99992E+00
   -0.13300E+00,   -0.25441E-01,    0.98605E+00
   -0.15636E+00,    0.42523E+00,    0.98073E+00
   -0.15842E+00,    0.10941E+00,    0.98022E+00
   -0.12681E+00,   -0.50284E-01,    0.98731E+00
   -0.15789E+00,    0.41572E+00,    0.98035E+00
   -0.14481E+00,    0.25369E-01,    0.98347E+00
   -0.16726E+00,    0.21181E+00,    0.97796E+00
   -0.61979E-01,   -0.23116E+00,    0.99696E+00
   -0.16773E+00,    0.29598E+00,    0.97784E+00
   -0.88402E-01,   -0.16882E+00,    0.99383E+00
   -0.94738E-01,   -0.15287E+00,    0.99291E+00
   -0.12005E+00,   -0.76931E-01,    0.98863E+00
   -0.15695E+00,    0.92174E-01,    0.98059E+00
    0.17827E-01,   -0.37981E+00,    0.99975E+00
   -0.15046E+00,    0.50756E-01,    0.98215E+00
   -0.32272E-01,   -0.29373E+00,    0.99918E+00
   -0.81861E-01,   -0.18713E+00,    0.99471E+00
   -0.16017E+00,    0.40600E+00,    0.97978E+00
   -0.16908E+00,    0.24235E+00,    0.97748E+00
    0.36468E-01,   -0.40864E+00,    0.99895E+00
   -0.30029E-01,   -0.29849E+00,    0.99929E+00
    0.93547E-01,   -0.48586E+00,    0.99309E+00
   -0.16922E+00,    0.28609E+00,    0.97745E+00
   -0.16167E+00,    0.39643E+00,    0.97940E+00
   -0.11064E+00,   -0.10982E+00,    0.99034E+00
   -0.16898E+00,    0.22149E+00,    0.97751E+00
    0.96992E-01,   -0.49050E+00,    0.99257E+00
   -0.73377E-01,   -0.20885E+00,    0.99575E+00
    0.41718E-01,   -0.41713E+00,    0.99862E+00
   -0.16978E+00,    0.24733E+00,    0.97729E+00
    0.46739E-01,   -0.42451E+00,    0.99827E+00
    0.30435E-01,   -0.40073E+00,    0.99927E+00
    0.52808E-01,   -0.43324E+00,    0.99780E+00
    0.24453E-01,   -0.39206E+00,    0.99953E+00
    0.58056E-01,   -0.44080E+00,    0.99734E+00
   -0.14581E-01,   -0.32833E+00,    0.99983E+00
   -0.15584E+00,    0.75234E-01,    0.98086E+00
   -0.16786E+00,    0.17927E+00,    0.97780E+00
   -0.17062E+00,    0.25305E+00,    0.97707E+00
   -0.16400E+00,    0.38672E+00,    0.97881E+00
   -0.17070E+00,    0.27620E+00,    0.97705E+00
   -0.99988E-01,   -0.14460E+00,    0.99211E+00
   -0.65892E-02,   -0.34370E+00,    0.99997E+00
   -0.14403E+00,    0.77264E-02,    0.98364E+00
    0.63145E-01,   -0.44939E+00,    0.99685E+00
   -0.13214E+00,   -0.42443E-01,    0.98623E+00
   -0.16560E+00,    0.37698E+00,    0.97840E+00
   -0.13877E+00,   -0.17339E-01,    0.98481E+00
   -0.16662E+00,    0.15168E+00,    0.97813E+00
    0.86424E-01,   -0.48047E+00,    0.99410E+00
   -0.16506E+00,    0.13476E+00,    0.97854E+00
   -0.15299E+00,    0.47054E+00,    0.98155E+00
   -0.28557E-01,   -0.30647E+00,    0.99936E+00
   -0.12581E+00,   -0.67850E-01,    0.98751E+00
   -0.15027E+00,    0.33668E-01,    0.98220E+00
    0.14028E-02,   -0.35907E+00,    0.10000E+01
   -0.15222E+00,    0.47627E+00,    0.98174E+00
   -0.17219E+00,    0.26631E+00,    0.97665E+00
   -0.17186E+00,    0.23116E+00,    0.97674E+00
   -0.17005E+00,    0.18832E+00,    0.97722E+00
   -0.10469E+00,   -0.13580E+00,    0.99135E+00
   -0.16379E+00,    0.11774E+00,    0.97886E+00
   -0.87896E-01,   -0.18071E+00,    0.99390E+00
   -0.15521E+00,    0.58090E-01,    0.98101E+00
    0.78683E-01,   -0.47210E+00,    0.99511E+00
   -0.36848E-01,   -0.29247E+00,    0.99893E+00
   -0.62311E-01,   -0.24102E+00,    0.99693E+00
   -0.16783E+00,    0.36724E+00,    0.97781E+00
   -0.17287E+00,    0.23877E+00,    0.97646E+00
    0.72100E-01,   -0.46460E+00,    0.99589E+00
    0.93948E-02,   -0.37443E+00,    0.99993E+00
   -0.16267E+00,    0.10036E+00,    0.97915E+00
   -0.35012E-01,   -0.29795E+00,    0.99903E+00
   -0.16953E+00,    0.35746E+00,    0.97736E+00
   -0.82629E-01,   -0.19707E+00,    0.99461E+00
   -0.11720E+00,   -0.10290E+00,    0.98916E+00
   -0.17209E+00,    0.19678E+00,    0.97668E+00
   -0.51370E-01,   -0.26659E+00,    0.99791E+00
   -0.12018E+00,   -0.93747E-01,    0.98860E+00
   -0.14327E+00,   -0.88951E-02,    0.98381E+00
   -0.14885E+00,    0.16471E-01,    0.98253E+00
   -0.17389E+00,    0.24446E+00,    0.97619E+00
   -0.73829E-01,   -0.21881E+00,    0.99569E+00
    0.92070E-01,   -0.49145E+00,    0.99331E+00
   -0.15684E+00,    0.46209E+00,    0.98061E+00
   -0.17405E+00,    0.24997E+00,    0.97614E+00
   -0.17259E+00,    0.32199E+00,    0.97654E+00
    0.88594E-01,   -0.48755E+00,    0.99380E+00
   -0.33085E-01,   -0.30340E+00,    0.99913E+00
   -0.13762E+00,   -0.34086E-01,    0.98506E+00
   -0.13097E+00,   -0.59360E-01,    0.98647E+00
   -0.11004E+00,   -0.12770E+00,    0.99044E+00
   -0.16163E+00,    0.83354E-01,    0.97942E+00
   -0.15935E+00,    0.45131E+00,    0.97999E+00
    0.17387E-01,   -0.38980E+00,    0.99976E+00
   -0.23013E-01,   -0.32296E+00,    0.99958E+00
   -0.17167E+00,    0.34770E+00,    0.97679E+00
   -0.17407E+00,    0.31210E+00,    0.97614E+00
   -0.15530E+00,    0.42275E-01,    0.98099E+00
   -0.16149E+00,    0.44156E+00,    0.97945E+00
   -0.15021E-01,   -0.33832E+00,    0.99982E+00
   -0.71516E-01,   -0.22822E+00,    0.99596E+00
   -0.12473E+00,   -0.85713E-01,    0.98772E+00
   -0.44079E-01,   -0.28566E+00,    0.99846E+00
   -0.17191E+00,    0.16195E+00,    0.97672E+00
   -0.17342E+00,    0.33788E+00,    0.97631E+00
   -0.16378E+00,    0.43191E+00,    0.97887E+00
   -0.11464E+00,   -0.11885E+00,    0.98963E+00
   -0.50333E-01,   -0.27432E+00,    0.99800E+00
   -0.17556E+00,    0.30221E+00,    0.97573E+00
   -0.98950E-01,   -0.16323E+00,    0.99227E+00
   -0.16058E+00,    0.66449E-01,    0.97968E+00
   -0.15698E+00,    0.47472E+00,    0.98058E+00
   -0.70291E-02,   -0.35369E+00,    0.99996E+00
   -0.82473E-01,   -0.20476E+00,    0.99463E+00
   -0.17522E+00,    0.20582E+00,    0.97582E+00
   -0.59265E-01,   -0.25682E+00,    0.99722E+00
   -0.16567E+00,    0.42186E+00,    0.97838E+00
   -0.15819E+00,    0.46957E+00,    0.98028E+00
   -0.17094E+00,    0.14269E+00,    0.97699E+00
   -0.16715E+00,    0.41199E+00,    0.97799E+00
   -0.17696E+00,    0.25778E+00,    0.97534E+00
   -0.16944E+00,    0.12598E+00,    0.97739E+00
   -0.17628E+00,    0.21572E+00,    0.97553E+00
   -0.42286E-01,   -0.29231E+00,    0.99859E+00
   -0.17708E+00,    0.23657E+00,    0.97531E+00
   -0.17420E+00,    0.17166E+00,    0.97610E+00
   -0.17704E+00,    0.29232E+00,    0.97532E+00
   -0.14275E+00,   -0.26463E-01,    0.98393E+00
    0.96292E-03,   -0.36906E+00,    0.10000E+01
   -0.39986E-01,   -0.29732E+00,    0.99874E+00
   -0.16802E+00,    0.10878E+00,    0.97776E+00
   -0.14895E+00,   -0.67973E-03,    0.98251E+00
    0.62117E-01,   -0.45899E+00,    0.99695E+00
   -0.37556E-01,   -0.30227E+00,    0.99889E+00
   -0.10452E+00,   -0.15253E+00,    0.99137E+00
   -0.15453E+00,    0.24689E-01,    0.98118E+00
   -0.13674E+00,   -0.51276E-01,    0.98525E+00
   -0.16948E+00,    0.40256E+00,    0.97738E+00
   -0.17795E+00,    0.24152E+00,    0.97507E+00
    0.83788E-01,   -0.48764E+00,    0.99445E+00
    0.31789E-01,   -0.41746E+00,    0.99920E+00
   -0.17093E+00,    0.39269E+00,    0.97699E+00
    0.42836E-01,   -0.43370E+00,    0.99855E+00
    0.87139E-01,   -0.49235E+00,    0.99400E+00
   -0.16010E+00,    0.49719E-01,    0.97980E+00
    0.20302E-01,   -0.40143E+00,    0.99967E+00
    0.36838E-01,   -0.42579E+00,    0.99893E+00
    0.54145E-01,   -0.44998E+00,    0.99768E+00
   -0.17852E+00,    0.28243E+00,    0.97491E+00
    0.25606E-01,   -0.40962E+00,    0.99948E+00
    0.48160E-01,   -0.44208E+00,    0.99817E+00
    0.89550E-02,   -0.38442E+00,    0.99994E+00
   -0.13078E+00,   -0.76510E-01,    0.98651E+00
   -0.17898E+00,    0.24721E+00,    0.97478E+00
   -0.90805E-01,   -0.19154E+00,    0.99349E+00
   -0.12040E+00,   -0.11131E+00,    0.98856E+00
   -0.81522E-01,   -0.21460E+00,    0.99475E+00
   -0.31445E-01,   -0.31758E+00,    0.99922E+00
   -0.17334E+00,    0.38326E+00,    0.97634E+00
   -0.16539E+00,    0.75172E-01,    0.97845E+00
   -0.71386E-01,   -0.23861E+00,    0.99597E+00
   -0.17948E+00,    0.22529E+00,    0.97464E+00
   -0.18001E+00,    0.27254E+00,    0.97449E+00
   -0.10996E+00,   -0.14421E+00,    0.99045E+00
   -0.23453E-01,   -0.33295E+00,    0.99957E+00
   -0.14770E+00,   -0.17795E-01,    0.98280E+00
   -0.17493E+00,    0.37339E+00,    0.97590E+00
   -0.98534E-01,   -0.17542E+00,    0.99233E+00
   -0.17767E+00,    0.18059E+00,    0.97514E+00
    0.76444E-01,   -0.48196E+00,    0.99538E+00
   -0.16239E+00,    0.46738E+00,    0.97922E+00
   -0.36491E-01,   -0.31054E+00,    0.99895E+00
   -0.15396E+00,    0.78969E-02,    0.98132E+00
   -0.16173E+00,    0.47312E+00,    0.97939E+00
    0.69202E-01,   -0.47358E+00,    0.99622E+00
   -0.15461E-01,   -0.34831E+00,    0.99981E+00
   -0.14209E+00,   -0.43021E-01,    0.98408E+00
   -0.46534E-01,   -0.29213E+00,    0.99829E+00
   -0.12501E+00,   -0.10244E+00,    0.98767E+00
   -0.18075E+00,    0.23286E+00,    0.97428E+00
   -0.11438E+00,   -0.13532E+00,    0.98967E+00
   -0.13574E+00,   -0.67849E-01,    0.98547E+00
   -0.16977E+00,    0.92367E-01,    0.97730E+00
   -0.17109E+00,    0.10152E+00,    0.97695E+00
   -0.17496E+00,    0.13357E+00,    0.97589E+00
   -0.44949E-01,   -0.29661E+00,    0.99840E+00
   -0.17963E+00,    0.19037E+00,    0.97460E+00
   -0.17721E+00,    0.36383E+00,    0.97527E+00
    0.63676E-01,   -0.46787E+00,    0.99680E+00
   -0.16023E+00,    0.32887E-01,    0.97977E+00
   -0.74690E-02,   -0.36368E+00,    0.99996E+00
   -0.18196E+00,    0.23851E+00,    0.97393E+00
   -0.16513E+00,    0.58278E-01,    0.97852E+00
   -0.18214E+00,    0.24362E+00,    0.97388E+00
   -0.17374E+00,    0.11696E+00,    0.97623E+00
   -0.18041E+00,    0.32822E+00,    0.97438E+00
   -0.80443E-01,   -0.22445E+00,    0.99489E+00
   -0.18104E+00,    0.20016E+00,    0.97420E+00
   -0.16596E+00,    0.45899E+00,    0.97830E+00
   -0.17060E+00,    0.42924E+00,    0.97708E+00
   -0.43204E-01,   -0.30212E+00,    0.99852E+00
    0.82199E-01,   -0.49320E+00,    0.99466E+00
    0.78735E-01,   -0.48920E+00,    0.99510E+00
   -0.16836E+00,    0.44802E+00,    0.97767E+00
    0.52303E-03,   -0.37905E+00,    0.10000E+01
   -0.18189E+00,    0.31833E+00,    0.97395E+00
   -0.13012E+00,   -0.94119E-01,    0.98664E+00
   -0.91697E-01,   -0.20098E+00,    0.99336E+00
   -0.60251E-01,   -0.27071E+00,    0.99713E+00
   -0.15318E+00,   -0.97245E-02,    0.98151E+00
   -0.17925E+00,    0.15517E+00,    0.97470E+00
   -0.15878E+00,    0.15646E-01,    0.98013E+00
   -0.70323E-01,   -0.25040E+00,    0.99609E+00
   -0.11999E+00,   -0.12715E+00,    0.98864E+00
   -0.14065E+00,   -0.60411E-01,    0.98440E+00
   -0.18338E+00,    0.30844E+00,    0.97353E+00
   -0.17106E+00,    0.43873E+00,    0.97695E+00
   -0.18339E+00,    0.20971E+00,    0.97353E+00
   -0.51458E-01,   -0.29026E+00,    0.99791E+00
   -0.14794E+00,   -0.34925E-01,    0.98275E+00
   -0.17424E+00,    0.41902E+00,    0.97609E+00
   -0.55547E-01,   -0.28293E+00,    0.99756E+00
   -0.31885E-01,   -0.32757E+00,    0.99920E+00
   -0.12411E+00,   -0.11817E+00,    0.98785E+00
   -0.16498E+00,    0.41303E-01,    0.97856E+00
   -0.16647E+00,    0.47147E+00,    0.97817E+00
   -0.18512E+00,    0.24911E+00,    0.97303E+00
   -0.18144E+00,    0.16492E+00,    0.97408E+00
   -0.13471E+00,   -0.85308E-01,    0.98569E+00
   -0.10919E+00,   -0.16135E+00,    0.99059E+00
   -0.18489E+00,    0.23052E+00,    0.97309E+00
   -0.16755E+00,    0.46633E+00,    0.97789E+00
   -0.18486E+00,    0.29855E+00,    0.97310E+00
   -0.23893E-01,   -0.34294E+00,    0.99955E+00
   -0.49899E-01,   -0.29582E+00,    0.99803E+00
   -0.99762E-01,   -0.18738E+00,    0.99214E+00
   -0.90256E-01,   -0.21085E+00,    0.99357E+00
   -0.17042E+00,    0.66576E-01,    0.97712E+00
   -0.18050E+00,    0.14458E+00,    0.97435E+00
   -0.17290E+00,    0.81913E-01,    0.97646E+00
   -0.18593E+00,    0.23544E+00,    0.97279E+00
   -0.80371E-01,   -0.23437E+00,    0.99490E+00
   -0.18330E+00,    0.17464E+00,    0.97355E+00
   -0.17701E+00,    0.40977E+00,    0.97533E+00
   -0.15901E-01,   -0.35830E+00,    0.99980E+00
    0.27897E-01,   -0.42659E+00,    0.99938E+00
   -0.18635E+00,    0.28866E+00,    0.97267E+00
   -0.15815E+00,   -0.10636E-02,    0.98029E+00
    0.16646E-01,   -0.41048E+00,    0.99978E+00
    0.73995E-01,   -0.48922E+00,    0.99567E+00
   -0.17920E+00,    0.12468E+00,    0.97472E+00
   -0.48667E-01,   -0.30068E+00,    0.99813E+00
   -0.18670E+00,    0.24174E+00,    0.97257E+00
   -0.16369E+00,    0.24350E-01,    0.97889E+00
    0.33216E-01,   -0.43503E+00,    0.99913E+00
   -0.14602E+00,   -0.52030E-01,    0.98319E+00
    0.21974E-01,   -0.41892E+00,    0.99962E+00
    0.38233E-01,   -0.44225E+00,    0.99884E+00
   -0.17902E+00,    0.39964E+00,    0.97477E+00
   -0.15267E+00,   -0.26448E-01,    0.98163E+00
    0.77251E-01,   -0.49400E+00,    0.99529E+00
    0.44277E-01,   -0.45090E+00,    0.99845E+00
   -0.11445E+00,   -0.15287E+00,    0.98966E+00
   -0.10744E+00,   -0.17216E+00,    0.99089E+00
    0.10542E-01,   -0.40253E+00,    0.99991E+00
   -0.79089E-02,   -0.37367E+00,    0.99995E+00
   -0.18052E+00,    0.39012E+00,    0.97434E+00
   -0.17800E+00,    0.10829E+00,    0.97505E+00
    0.49844E-02,   -0.39424E+00,    0.99998E+00
   -0.18692E+00,    0.21916E+00,    0.97250E+00
    0.49779E-01,   -0.45923E+00,    0.99804E+00
   -0.13995E+00,   -0.76871E-01,    0.98455E+00
   -0.18783E+00,    0.27877E+00,    0.97223E+00
    0.55265E-01,   -0.46728E+00,    0.99759E+00
   -0.98443E-01,   -0.19716E+00,    0.99235E+00
   -0.56301E-01,   -0.28936E+00,    0.99749E+00
   -0.17004E+00,    0.49854E-01,    0.97723E+00
   -0.70046E-01,   -0.26186E+00,    0.99612E+00
   -0.11893E+00,   -0.14420E+00,    0.98884E+00
   -0.13038E+00,   -0.11081E+00,    0.98659E+00
    0.66966E-01,   -0.48369E+00,    0.99646E+00
   -0.18843E+00,    0.22669E+00,    0.97206E+00
   -0.18292E+00,    0.38043E+00,    0.97366E+00
   -0.18526E+00,    0.35423E+00,    0.97298E+00
   -0.89337E-01,   -0.22070E+00,    0.99370E+00
   -0.17173E+00,    0.46403E+00,    0.97677E+00
    0.59694E-01,   -0.47487E+00,    0.99718E+00
   -0.18931E+00,    0.26888E+00,    0.97180E+00
   -0.18708E+00,    0.18388E+00,    0.97245E+00
   -0.17119E+00,    0.46978E+00,    0.97692E+00
   -0.18449E+00,    0.37062E+00,    0.97321E+00
   -0.40317E-01,   -0.32220E+00,    0.99872E+00
   -0.54835E-01,   -0.29495E+00,    0.99762E+00
   -0.17522E+00,    0.73713E-01,    0.97582E+00
   -0.18675E+00,    0.34434E+00,    0.97255E+00
   -0.13476E+00,   -0.10188E+00,    0.98568E+00
   -0.18983E+00,    0.23230E+00,    0.97164E+00
   -0.32325E-01,   -0.33756E+00,    0.99917E+00
   -0.18857E+00,    0.19365E+00,    0.97202E+00
   -0.79729E-01,   -0.24569E+00,    0.99498E+00
   -0.18823E+00,    0.33445E+00,    0.97212E+00
   -0.19035E+00,    0.23778E+00,    0.97149E+00
   -0.16390E+00,    0.70800E-02,    0.97884E+00
   -0.15833E+00,   -0.18224E-01,    0.98024E+00
   -0.17805E+00,    0.43515E+00,    0.97504E+00
   -0.15199E+00,   -0.44056E-01,    0.98179E+00
   -0.12428E+00,   -0.13578E+00,    0.98781E+00
   -0.19080E+00,    0.25900E+00,    0.97135E+00
   -0.53276E-01,   -0.30051E+00,    0.99776E+00
   -0.18017E+00,    0.99214E-01,    0.97444E+00
   -0.24333E-01,   -0.35293E+00,    0.99953E+00
   -0.17511E+00,    0.45560E+00,    0.97585E+00
   -0.17971E+00,    0.42541E+00,    0.97457E+00
   -0.14565E+00,   -0.68869E-01,    0.98327E+00
   -0.10777E+00,   -0.18213E+00,    0.99083E+00
   -0.18972E+00,    0.32456E+00,    0.97168E+00
   -0.17731E+00,    0.44455E+00,    0.97524E+00
    0.72295E-01,   -0.49475E+00,    0.99587E+00
   -0.19030E+00,    0.20346E+00,    0.97150E+00
   -0.17015E+00,    0.32835E-01,    0.97720E+00
    0.68952E-01,   -0.49074E+00,    0.99624E+00
   -0.18539E+00,    0.13586E+00,    0.97295E+00
   -0.16341E-01,   -0.36830E+00,    0.99979E+00
   -0.12845E+00,   -0.12709E+00,    0.98698E+00
   -0.88841E-01,   -0.22921E+00,    0.99377E+00
   -0.17508E+00,    0.57771E-01,    0.97586E+00
   -0.61128E-01,   -0.28838E+00,    0.99705E+00
   -0.19120E+00,    0.31467E+00,    0.97123E+00
   -0.65486E-01,   -0.28049E+00,    0.99661E+00
   -0.69710E-01,   -0.27199E+00,    0.99616E+00
   -0.14003E+00,   -0.93456E-01,    0.98454E+00
   -0.18940E+00,    0.16844E+00,    0.97177E+00
   -0.99452E-01,   -0.20699E+00,    0.99219E+00
   -0.19249E+00,    0.22421E+00,    0.97085E+00
   -0.83488E-02,   -0.38366E+00,    0.99994E+00
   -0.15671E+00,   -0.35278E-01,    0.98065E+00
   -0.11454E+00,   -0.16980E+00,    0.98965E+00
   -0.18896E+00,    0.15834E+00,    0.97190E+00
   -0.52007E-01,   -0.30832E+00,    0.99786E+00
   -0.16312E+00,   -0.97232E-02,    0.97904E+00
   -0.19268E+00,    0.30478E+00,    0.97079E+00
   -0.59756E-01,   -0.29399E+00,    0.99718E+00
   -0.16876E+00,    0.15735E-01,    0.97757E+00
   -0.15046E+00,   -0.60944E-01,    0.98215E+00
   -0.17589E+00,    0.46804E+00,    0.97564E+00
   -0.19378E+00,    0.24538E+00,    0.97046E+00
   -0.18551E+00,    0.11771E+00,    0.97291E+00
   -0.10675E+00,   -0.19165E+00,    0.99100E+00
   -0.17686E+00,    0.46288E+00,    0.97537E+00
   -0.19369E+00,    0.22910E+00,    0.97048E+00
   -0.13376E+00,   -0.11872E+00,    0.98589E+00
   -0.58411E-01,   -0.29851E+00,    0.99730E+00
   -0.48749E-01,   -0.31682E+00,    0.99812E+00
   -0.19417E+00,    0.29489E+00,    0.97034E+00
   -0.14443E+00,   -0.85737E-01,    0.98355E+00
   -0.40757E-01,   -0.33219E+00,    0.99869E+00
   -0.19418E+00,    0.21273E+00,    0.97033E+00
   -0.11973E+00,   -0.16134E+00,    0.98869E+00
   -0.87987E-01,   -0.23900E+00,    0.99389E+00
   -0.17557E+00,    0.42012E-01,    0.97573E+00
   -0.79200E-01,   -0.25844E+00,    0.99504E+00
    0.64172E-01,   -0.49061E+00,    0.99675E+00
    0.23311E-01,   -0.43545E+00,    0.99957E+00
   -0.19509E+00,    0.23470E+00,    0.97006E+00
   -0.18332E+00,    0.88836E-01,    0.97355E+00
   -0.32765E-01,   -0.34755E+00,    0.99915E+00
    0.12058E-01,   -0.41934E+00,    0.99989E+00
    0.34447E-01,   -0.45148E+00,    0.99906E+00
   -0.98106E-01,   -0.21687E+00,    0.99240E+00
    0.67332E-01,   -0.49545E+00,    0.99642E+00
   -0.18060E+00,    0.67942E-01,    0.97432E+00
   -0.19565E+00,    0.28500E+00,    0.96989E+00
    0.17154E-01,   -0.42760E+00,    0.99977E+00
    0.28360E-01,   -0.44367E+00,    0.99936E+00
   -0.18833E+00,    0.39623E+00,    0.97209E+00
   -0.18551E+00,    0.41936E+00,    0.97291E+00
    0.39876E-01,   -0.45986E+00,    0.99874E+00
   -0.19319E+00,    0.17603E+00,    0.97063E+00
    0.60175E-02,   -0.41140E+00,    0.99997E+00
    0.61407E-03,   -0.40322E+00,    0.10000E+01
   -0.18976E+00,    0.38636E+00,    0.97166E+00
   -0.24773E-01,   -0.36292E+00,    0.99951E+00
   -0.12439E+00,   -0.15251E+00,    0.98779E+00
   -0.19590E+00,    0.22027E+00,    0.96981E+00
   -0.66310E-01,   -0.28796E+00,    0.99653E+00
    0.45133E-01,   -0.46799E+00,    0.99839E+00
   -0.53856E-02,   -0.39523E+00,    0.99998E+00
   -0.15624E+00,   -0.51838E-01,    0.98076E+00
   -0.19156E+00,    0.14557E+00,    0.97113E+00
   -0.16257E+00,   -0.27261E-01,    0.97918E+00
   -0.16867E+00,   -0.14260E-02,    0.97759E+00
   -0.17414E+00,    0.24491E-01,    0.97612E+00
   -0.19714E+00,    0.27511E+00,    0.96943E+00
   -0.13960E+00,   -0.11062E+00,    0.98463E+00
   -0.19010E+00,    0.12659E+00,    0.97156E+00
   -0.64660E-01,   -0.29295E+00,    0.99670E+00
    0.50162E-01,   -0.47598E+00,    0.99801E+00
   -0.16781E-01,   -0.37829E+00,    0.99978E+00
   -0.18100E+00,    0.46049E+00,    0.97421E+00
   -0.18886E+00,    0.40678E+00,    0.97193E+00
   -0.19457E+00,    0.35057E+00,    0.97022E+00
   -0.19749E+00,    0.22583E+00,    0.96932E+00
   -0.15024E+00,   -0.77676E-01,    0.98221E+00
   -0.19275E+00,    0.37288E+00,    0.97077E+00
   -0.19365E+00,    0.36294E+00,    0.97050E+00
   -0.10726E+00,   -0.20161E+00,    0.99092E+00
   -0.18057E+00,    0.46626E+00,    0.97433E+00
   -0.78080E-01,   -0.26742E+00,    0.99518E+00
   -0.11680E+00,   -0.17788E+00,    0.98923E+00
   -0.18492E+00,    0.78638E-01,    0.97308E+00
   -0.19819E+00,    0.23129E+00,    0.96910E+00
   -0.97881E-01,   -0.22501E+00,    0.99243E+00
    0.56171E-01,   -0.48566E+00,    0.99751E+00
   -0.19862E+00,    0.26523E+00,    0.96897E+00
   -0.12975E+00,   -0.14412E+00,    0.98672E+00
   -0.18075E+00,    0.51520E-01,    0.97428E+00
   -0.19605E+00,    0.34068E+00,    0.96976E+00
   -0.18919E+00,    0.10769E+00,    0.97183E+00
   -0.63287E-01,   -0.29856E+00,    0.99683E+00
   -0.19678E+00,    0.18531E+00,    0.96954E+00
   -0.18714E+00,    0.43106E+00,    0.97244E+00
   -0.19767E+00,    0.19674E+00,    0.96926E+00
   -0.60899E-01,   -0.30453E+00,    0.99707E+00
   -0.16731E+00,   -0.18533E-01,    0.97795E+00
   -0.19754E+00,    0.33079E+00,    0.96931E+00
   -0.49189E-01,   -0.32681E+00,    0.99809E+00
   -0.14470E+00,   -0.10203E+00,    0.98349E+00
   -0.18619E+00,    0.44091E+00,    0.97272E+00
   -0.70730E-01,   -0.28617E+00,    0.99605E+00
   -0.13418E+00,   -0.13518E+00,    0.98580E+00
   -0.74895E-01,   -0.27813E+00,    0.99557E+00
   -0.17360E+00,    0.70688E-02,    0.97627E+00
   -0.20010E+00,    0.25534E+00,    0.96851E+00
    0.62362E-01,   -0.49610E+00,    0.99693E+00
   -0.41197E-01,   -0.34218E+00,    0.99866E+00
   -0.16185E+00,   -0.43817E-01,    0.97936E+00
   -0.87845E-01,   -0.25198E+00,    0.99390E+00
    0.58992E-01,   -0.49227E+00,    0.99725E+00
   -0.19902E+00,    0.32090E+00,    0.96885E+00
   -0.19988E+00,    0.21764E+00,    0.96858E+00
   -0.18963E+00,    0.96579E-01,    0.97170E+00
   -0.18561E+00,    0.45240E+00,    0.97288E+00
   -0.15556E+00,   -0.69521E-01,    0.98093E+00
   -0.33205E-01,   -0.35754E+00,    0.99913E+00
   -0.11587E+00,   -0.18782E+00,    0.98940E+00
   -0.13838E+00,   -0.12613E+00,    0.98490E+00
   -0.10645E+00,   -0.21155E+00,    0.99105E+00
   -0.69546E-01,   -0.29183E+00,    0.99618E+00
   -0.18014E+00,    0.33029E-01,    0.97445E+00
   -0.20051E+00,    0.31101E+00,    0.96838E+00
   -0.19537E+00,    0.13580E+00,    0.96997E+00
   -0.97062E-01,   -0.23485E+00,    0.99256E+00
   -0.20124E+00,    0.22250E+00,    0.96815E+00
   -0.25213E-01,   -0.37291E+00,    0.99950E+00
   -0.20187E+00,    0.23877E+00,    0.96795E+00
   -0.19863E+00,    0.16663E+00,    0.96897E+00
   -0.14973E+00,   -0.94553E-01,    0.98233E+00
   -0.18612E+00,    0.61380E-01,    0.97274E+00
   -0.18524E+00,    0.46442E+00,    0.97299E+00
   -0.12446E+00,   -0.16981E+00,    0.98778E+00
   -0.18627E+00,    0.45900E+00,    0.97269E+00
   -0.20199E+00,    0.30112E+00,    0.96791E+00
   -0.68641E-01,   -0.29675E+00,    0.99628E+00
   -0.16670E+00,   -0.35080E-01,    0.97811E+00
   -0.20181E+00,    0.20593E+00,    0.96797E+00
   -0.17220E-01,   -0.38828E+00,    0.99977E+00
   -0.12846E+00,   -0.16097E+00,    0.98698E+00
   -0.20282E+00,    0.22805E+00,    0.96765E+00
   -0.19501E+00,    0.11808E+00,    0.97008E+00
   -0.16044E+00,   -0.60891E-01,    0.97972E+00
   -0.17303E+00,   -0.10408E-01,    0.97642E+00
    0.19882E-01,   -0.44447E+00,    0.99969E+00
   -0.17874E+00,    0.15623E-01,    0.97485E+00
   -0.11466E+00,   -0.19772E+00,    0.98962E+00
   -0.19900E+00,    0.15475E+00,    0.96885E+00
    0.84518E-02,   -0.42835E+00,    0.99994E+00
    0.54871E-01,   -0.49231E+00,    0.99762E+00
   -0.20347E+00,    0.29123E+00,    0.96744E+00
   -0.20315E+00,    0.21360E+00,    0.96755E+00
   -0.14370E+00,   -0.11966E+00,    0.98372E+00
    0.24978E-01,   -0.45298E+00,    0.99951E+00
   -0.75910E-01,   -0.28558E+00,    0.99545E+00
    0.13501E-01,   -0.43688E+00,    0.99986E+00
   -0.31335E-02,   -0.41228E+00,    0.99999E+00
    0.22152E-02,   -0.42063E+00,    0.10000E+01
   -0.15434E+00,   -0.86519E-01,    0.98123E+00
    0.29957E-01,   -0.46039E+00,    0.99929E+00
    0.57386E-01,   -0.49670E+00,    0.99740E+00
   -0.57621E-01,   -0.32143E+00,    0.99738E+00
   -0.49629E-01,   -0.33680E+00,    0.99805E+00
   -0.96162E-01,   -0.24472E+00,    0.99270E+00
   -0.86973E-01,   -0.26466E+00,    0.99403E+00
    0.35177E-01,   -0.46861E+00,    0.99902E+00
   -0.92624E-02,   -0.40444E+00,    0.99993E+00
   -0.74413E-01,   -0.29062E+00,    0.99563E+00
   -0.20496E+00,    0.28134E+00,    0.96697E+00
   -0.19318E+00,    0.87256E-01,    0.97064E+00
   -0.10705E+00,   -0.22110E+00,    0.99095E+00
   -0.41637E-01,   -0.35217E+00,    0.99863E+00
   -0.20493E+00,    0.21910E+00,    0.96698E+00
    0.40609E-01,   -0.47689E+00,    0.99870E+00
   -0.20041E+00,    0.14407E+00,    0.96841E+00
   -0.20316E+00,    0.17767E+00,    0.96754E+00
   -0.19599E+00,    0.41637E+00,    0.96978E+00
   -0.13436E+00,   -0.15299E+00,    0.98576E+00
   -0.19611E+00,    0.10408E+00,    0.96975E+00
   -0.18874E+00,    0.54252E-01,    0.97197E+00
    0.46211E-01,   -0.48510E+00,    0.99831E+00
   -0.17792E+00,   -0.17465E-02,    0.97507E+00
   -0.19951E+00,    0.38839E+00,    0.96869E+00
   -0.19021E+00,    0.45788E+00,    0.97153E+00
   -0.14879E+00,   -0.11109E+00,    0.98255E+00
   -0.19733E+00,    0.40796E+00,    0.96937E+00
   -0.33645E-01,   -0.36753E+00,    0.99911E+00
   -0.17229E+00,   -0.27123E-01,    0.97662E+00
   -0.15507E-01,   -0.39725E+00,    0.99981E+00
   -0.20644E+00,    0.27146E+00,    0.96649E+00
   -0.18734E+00,    0.43533E-01,    0.97238E+00
   -0.73229E-01,   -0.29628E+00,    0.99576E+00
   -0.20179E+00,    0.36872E+00,    0.96798E+00
   -0.19886E+00,    0.39811E+00,    0.96890E+00
   -0.20096E+00,    0.37851E+00,    0.96824E+00
   -0.19185E+00,    0.69576E-01,    0.97104E+00
   -0.18988E+00,    0.46254E+00,    0.97163E+00
   -0.16617E+00,   -0.52803E-01,    0.97825E+00
   -0.20388E+00,    0.34691E+00,    0.96732E+00
   -0.18412E+00,    0.24002E-01,    0.97332E+00
   -0.20658E+00,    0.22383E+00,    0.96645E+00
   -0.84158E-01,   -0.27548E+00,    0.99441E+00
   -0.20317E+00,    0.35883E+00,    0.96754E+00
   -0.15997E+00,   -0.77244E-01,    0.97984E+00
   -0.80253E-01,   -0.28365E+00,    0.99491E+00
   -0.20008E+00,    0.12699E+00,    0.96852E+00
   -0.13856E+00,   -0.14507E+00,    0.98486E+00
   -0.25654E-01,   -0.38290E+00,    0.99948E+00
   -0.20669E+00,    0.21018E+00,    0.96641E+00
   -0.20536E+00,    0.33702E+00,    0.96684E+00
   -0.19634E+00,    0.42721E+00,    0.96967E+00
   -0.19499E+00,    0.43709E+00,    0.97009E+00
   -0.11541E+00,   -0.20736E+00,    0.98949E+00
   -0.20793E+00,    0.26157E+00,    0.96601E+00
    0.49390E-01,   -0.49232E+00,    0.99807E+00
   -0.10575E+00,   -0.23098E+00,    0.99117E+00
   -0.12649E+00,   -0.18066E+00,    0.98738E+00
   -0.19406E+00,    0.44699E+00,    0.97037E+00
   -0.20684E+00,    0.32713E+00,    0.96636E+00
    0.52403E-01,   -0.49725E+00,    0.99783E+00
   -0.20661E+00,    0.18687E+00,    0.96644E+00
   -0.79259E-01,   -0.28934E+00,    0.99504E+00
   -0.19978E+00,    0.11061E+00,    0.96861E+00
   -0.14356E+00,   -0.13645E+00,    0.98375E+00
   -0.17729E+00,   -0.18481E-01,    0.97525E+00
   -0.20856E+00,    0.21565E+00,    0.96581E+00
   -0.66053E-01,   -0.31606E+00,    0.99655E+00
   -0.20941E+00,    0.25168E+00,    0.96553E+00
   -0.15457E+00,   -0.10321E+00,    0.98117E+00
   -0.72484E-01,   -0.30415E+00,    0.99585E+00
   -0.58061E-01,   -0.33142E+00,    0.99734E+00
   -0.20833E+00,    0.31724E+00,    0.96588E+00
   -0.18353E+00,    0.64770E-02,    0.97348E+00
   -0.17179E+00,   -0.44674E-01,    0.97676E+00
   -0.50069E-01,   -0.34679E+00,    0.99802E+00
   -0.13265E+00,   -0.17003E+00,    0.98612E+00
   -0.19476E+00,    0.45484E+00,    0.97016E+00
   -0.16547E+00,   -0.69130E-01,    0.97843E+00
   -0.78519E-01,   -0.29430E+00,    0.99513E+00
   -0.12430E+00,   -0.19234E+00,    0.98781E+00
   -0.11419E+00,   -0.21717E+00,    0.98971E+00
   -0.19942E+00,    0.95043E-01,    0.96872E+00
   -0.20981E+00,    0.30735E+00,    0.96540E+00
   -0.20680E+00,    0.16087E+00,    0.96638E+00
   -0.42077E-01,   -0.36216E+00,    0.99860E+00
   -0.21033E+00,    0.22115E+00,    0.96523E+00
   -0.20616E+00,    0.15137E+00,    0.96658E+00
   -0.19451E+00,    0.46061E+00,    0.97023E+00
   -0.21089E+00,    0.24179E+00,    0.96504E+00
   -0.19763E+00,    0.77692E-01,    0.96928E+00
   -0.19040E+00,    0.34337E-01,    0.97147E+00
   -0.14852E+00,   -0.12820E+00,    0.98261E+00
   -0.21018E+00,    0.20669E+00,    0.96528E+00
   -0.10496E+00,   -0.24083E+00,    0.99130E+00
   -0.85413E-01,   -0.28289E+00,    0.99424E+00
   -0.11045E-02,   -0.42852E+00,    0.10000E+01
    0.99016E-02,   -0.44465E+00,    0.99992E+00
   -0.20535E+00,    0.13541E+00,    0.96684E+00
   -0.21130E+00,    0.29746E+00,    0.96491E+00
   -0.97022E-01,   -0.25939E+00,    0.99257E+00
   -0.34085E-01,   -0.37752E+00,    0.99908E+00
   -0.15965E+00,   -0.94967E-01,    0.97992E+00
   -0.21051E+00,    0.19807E+00,    0.96517E+00
    0.44452E-01,   -0.49279E+00,    0.99844E+00
    0.38432E-02,   -0.43713E+00,    0.99999E+00
   -0.19608E+00,    0.60526E-01,    0.96975E+00
    0.14998E-01,   -0.45318E+00,    0.99982E+00
   -0.84082E-01,   -0.28798E+00,    0.99442E+00
    0.26336E-01,   -0.46943E+00,    0.99945E+00
   -0.74275E-02,   -0.42122E+00,    0.99996E+00
   -0.13835E+00,   -0.16184E+00,    0.98490E+00
   -0.17003E+00,   -0.61934E-01,    0.97723E+00
   -0.18282E+00,   -0.10405E-01,    0.97369E+00
    0.47416E-01,   -0.49775E+00,    0.99822E+00
   -0.13087E-01,   -0.41300E+00,    0.99986E+00
   -0.21213E+00,    0.21213E+00,    0.96463E+00
   -0.21278E+00,    0.28757E+00,    0.96442E+00
   -0.18855E+00,    0.15086E-01,    0.97202E+00
   -0.26094E-01,   -0.39289E+00,    0.99946E+00
    0.20108E-01,   -0.46169E+00,    0.99968E+00
   -0.20989E+00,    0.17032E+00,    0.96537E+00
   -0.12363E+00,   -0.20217E+00,    0.98794E+00
   -0.20540E+00,    0.11886E+00,    0.96683E+00
   -0.15367E+00,   -0.11966E+00,    0.98139E+00
    0.31040E-01,   -0.47760E+00,    0.99924E+00
    0.37767E-01,   -0.48663E+00,    0.99887E+00
   -0.16431E+00,   -0.86226E-01,    0.97873E+00
   -0.21358E+00,    0.22836E+00,    0.96415E+00
   -0.93318E-01,   -0.27251E+00,    0.99312E+00
   -0.20450E+00,    0.41410E+00,    0.96711E+00
   -0.17808E+00,   -0.36554E-01,    0.97503E+00
   -0.83088E-01,   -0.29367E+00,    0.99455E+00
   -0.19571E-01,   -0.40543E+00,    0.99970E+00
   -0.21427E+00,    0.27769E+00,    0.96392E+00
   -0.20706E+00,    0.39455E+00,    0.96629E+00
   -0.14315E+00,   -0.15340E+00,    0.98384E+00
   -0.89686E-01,   -0.28081E+00,    0.99365E+00
   -0.66492E-01,   -0.32605E+00,    0.99651E+00
   -0.19931E+00,    0.45287E+00,    0.96875E+00
   -0.10467E+00,   -0.24921E+00,    0.99135E+00
   -0.20949E+00,    0.37483E+00,    0.96550E+00
   -0.58501E-01,   -0.34141E+00,    0.99730E+00
   -0.11491E+00,   -0.22704E+00,    0.98958E+00
   -0.20655E+00,    0.40445E+00,    0.96646E+00
   -0.20876E+00,    0.38475E+00,    0.96574E+00
   -0.19912E+00,    0.45864E+00,    0.96882E+00
   -0.21170E+00,    0.35314E+00,    0.96477E+00
   -0.21274E+00,    0.17986E+00,    0.96443E+00
   -0.18150E+00,   -0.27538E-01,    0.97407E+00
   -0.50508E-01,   -0.35678E+00,    0.99798E+00
   -0.21103E+00,    0.36500E+00,    0.96500E+00
   -0.20525E+00,    0.10106E+00,    0.96688E+00
   -0.21434E+00,    0.20319E+00,    0.96389E+00
   -0.15856E+00,   -0.11135E+00,    0.98019E+00
   -0.20336E+00,    0.85883E-01,    0.96748E+00
   -0.19778E+00,    0.49977E-01,    0.96923E+00
   -0.21575E+00,    0.26780E+00,    0.96342E+00
   -0.21038E+00,    0.14391E+00,    0.96521E+00
   -0.20371E+00,    0.43309E+00,    0.96737E+00
   -0.18791E+00,   -0.18125E-02,    0.97221E+00
   -0.21318E+00,    0.34325E+00,    0.96428E+00
   -0.20230E+00,    0.44407E+00,    0.96782E+00
   -0.17563E+00,   -0.53775E-01,    0.97571E+00
   -0.21552E+00,    0.21956E+00,    0.96350E+00
   -0.88883E-01,   -0.28653E+00,    0.99376E+00
   -0.42517E-01,   -0.37215E+00,    0.99857E+00
   -0.20562E+00,    0.42354E+00,    0.96676E+00
   -0.12300E+00,   -0.21187E+00,    0.98806E+00
   -0.20178E+00,    0.68736E-01,    0.96798E+00
   -0.13264E+00,   -0.18808E+00,    0.98612E+00
   -0.14852E+00,   -0.14497E+00,    0.98261E+00
   -0.21565E+00,    0.20856E+00,    0.96346E+00
   -0.21467E+00,    0.33336E+00,    0.96379E+00
   -0.19409E+00,    0.23397E-01,    0.97036E+00
   -0.16991E+00,   -0.78053E-01,    0.97726E+00
    0.39327E-01,   -0.49396E+00,    0.99878E+00
   -0.20979E+00,    0.12652E+00,    0.96540E+00
   -0.82157E-01,   -0.30175E+00,    0.99467E+00
    0.42424E-01,   -0.49820E+00,    0.99858E+00
   -0.21723E+00,    0.25791E+00,    0.96292E+00
   -0.34526E-01,   -0.38751E+00,    0.99906E+00
   -0.11364E+00,   -0.23693E+00,    0.98981E+00
   -0.21615E+00,    0.32347E+00,    0.96329E+00
   -0.88309E-01,   -0.29151E+00,    0.99384E+00
   -0.21626E+00,    0.18912E+00,    0.96325E+00
   -0.19861E+00,    0.40037E-01,    0.96897E+00
   -0.13821E+00,   -0.17822E+00,    0.98494E+00
   -0.16421E+00,   -0.10232E+00,    0.97875E+00
   -0.21760E+00,    0.21400E+00,    0.96279E+00
   -0.21721E+00,    0.20030E+00,    0.96293E+00
   -0.94818E-01,   -0.27988E+00,    0.99290E+00
   -0.15341E+00,   -0.13690E+00,    0.98145E+00
   -0.21872E+00,    0.24802E+00,    0.96241E+00
   -0.21764E+00,    0.31358E+00,    0.96278E+00
   -0.20974E+00,    0.10997E+00,    0.96542E+00
   -0.18720E+00,   -0.19337E-01,    0.97242E+00
   -0.21449E+00,    0.15322E+00,    0.96384E+00
   -0.20439E+00,    0.45138E+00,    0.96715E+00
   -0.74924E-01,   -0.32067E+00,    0.99556E+00
   -0.20371E+00,    0.45662E+00,    0.96737E+00
   -0.19338E+00,    0.63751E-02,    0.97058E+00
   -0.66932E-01,   -0.33604E+00,    0.99646E+00
   -0.93658E-01,   -0.28501E+00,    0.99307E+00
   -0.21912E+00,    0.30369E+00,    0.96228E+00
   -0.14270E+00,   -0.17077E+00,    0.98394E+00
   -0.18169E+00,   -0.45856E-01,    0.97401E+00
   -0.73956E-04,   -0.44503E+00,    0.10000E+01
   -0.13252E+00,   -0.19762E+00,    0.98615E+00
   -0.17541E+00,   -0.69848E-01,    0.97577E+00
   -0.10585E+00,   -0.25993E+00,    0.99115E+00
   -0.58940E-01,   -0.35140E+00,    0.99725E+00
   -0.15930E-01,   -0.42197E+00,    0.99980E+00
   -0.21649E+00,    0.16312E+00,    0.96317E+00
   -0.21910E+00,    0.20493E+00,    0.96228E+00
   -0.12292E+00,   -0.22182E+00,    0.98808E+00
   -0.58736E-02,   -0.43723E+00,    0.99997E+00
   -0.22020E+00,    0.23813E+00,    0.96191E+00
    0.52871E-02,   -0.45345E+00,    0.99998E+00
   -0.20931E+00,    0.93767E-01,    0.96556E+00
    0.34564E-01,   -0.49358E+00,    0.99906E+00
   -0.10814E-01,   -0.43054E+00,    0.99991E+00
    0.16363E-01,   -0.46964E+00,    0.99979E+00
   -0.15850E+00,   -0.12838E+00,    0.98020E+00
   -0.50949E-01,   -0.36677E+00,    0.99795E+00
   -0.11360E+00,   -0.24481E+00,    0.98981E+00
   -0.19985E+00,    0.31936E-01,    0.96859E+00
   -0.22060E+00,    0.29380E+00,    0.96177E+00
   -0.21484E+00,    0.13510E+00,    0.96373E+00
   -0.20759E+00,    0.76857E-01,    0.96612E+00
   -0.16953E+00,   -0.94314E-01,    0.97736E+00
    0.10400E-01,   -0.46198E+00,    0.99991E+00
    0.37428E-01,   -0.49860E+00,    0.99889E+00
   -0.22035E+00,    0.21029E+00,    0.96186E+00
   -0.99020E-01,   -0.27765E+00,    0.99226E+00
   -0.92854E-01,   -0.29073E+00,    0.99319E+00
   -0.21863E+00,    0.17265E+00,    0.96244E+00
    0.21459E-01,   -0.47813E+00,    0.99964E+00
   -0.42957E-01,   -0.38214E+00,    0.99854E+00
   -0.22027E+00,    0.19590E+00,    0.96188E+00
    0.27981E-01,   -0.48728E+00,    0.99938E+00
   -0.22169E+00,    0.22824E+00,    0.96139E+00
   -0.14806E+00,   -0.16242E+00,    0.98272E+00
   -0.22764E-01,   -0.41487E+00,    0.99959E+00
   -0.17956E+00,   -0.62857E-01,    0.97462E+00
   -0.10365E+00,   -0.26972E+00,    0.99152E+00
   -0.22209E+00,    0.28392E+00,    0.96126E+00
   -0.21333E+00,    0.40966E+00,    0.96423E+00
   -0.21233E+00,    0.41949E+00,    0.96456E+00
   -0.19279E+00,   -0.11059E-01,    0.97076E+00
   -0.20835E+00,    0.44878E+00,    0.96587E+00
   -0.21606E+00,    0.39024E+00,    0.96332E+00
   -0.20603E+00,    0.55609E-01,    0.96662E+00
   -0.12179E+00,   -0.23131E+00,    0.98830E+00
   -0.34966E-01,   -0.39751E+00,    0.99903E+00
   -0.16363E+00,   -0.11995E+00,    0.97890E+00
   -0.21522E+00,    0.40019E+00,    0.96360E+00
   -0.13196E+00,   -0.20758E+00,    0.98626E+00
   -0.17390E+00,   -0.87125E-01,    0.97619E+00
   -0.21524E+00,    0.11780E+00,    0.96359E+00
   -0.98407E-01,   -0.28340E+00,    0.99235E+00
   -0.21761E+00,    0.38057E+00,    0.96279E+00
   -0.20827E+00,    0.45456E+00,    0.96590E+00
   -0.29371E-01,   -0.40737E+00,    0.99932E+00
   -0.22357E+00,    0.27403E+00,    0.96074E+00
   -0.21960E+00,    0.36130E+00,    0.96211E+00
   -0.21881E+00,    0.37126E+00,    0.96238E+00
   -0.91569E-01,   -0.29821E+00,    0.99338E+00
   -0.21236E+00,    0.42892E+00,    0.96456E+00
   -0.22250E+00,    0.20124E+00,    0.96111E+00
   -0.15314E+00,   -0.15381E+00,    0.98152E+00
   -0.22324E+00,    0.21614E+00,    0.96085E+00
   -0.21099E+00,    0.44027E+00,    0.96501E+00
   -0.18793E+00,   -0.38163E-01,    0.97221E+00
   -0.18396E+00,   -0.53910E-01,    0.97336E+00
   -0.22101E+00,    0.34948E+00,    0.96163E+00
   -0.83356E-01,   -0.31530E+00,    0.99451E+00
   -0.20014E+00,    0.15676E-01,    0.96850E+00
   -0.11303E+00,   -0.25463E+00,    0.98992E+00
   -0.75364E-01,   -0.33066E+00,    0.99551E+00
   -0.67372E-01,   -0.34603E+00,    0.99641E+00
   -0.22249E+00,    0.33959E+00,    0.96112E+00
   -0.22506E+00,    0.26414E+00,    0.96022E+00
   -0.16854E+00,   -0.11132E+00,    0.97762E+00
   -0.98000E-01,   -0.28839E+00,    0.99242E+00
    0.29412E-01,   -0.49465E+00,    0.99932E+00
   -0.21520E+00,    0.10172E+00,    0.96361E+00
   -0.20676E+00,    0.45642E-01,    0.96639E+00
   -0.22351E+00,    0.19219E+00,    0.96076E+00
   -0.59380E-01,   -0.36140E+00,    0.99721E+00
    0.32428E-01,   -0.49895E+00,    0.99917E+00
   -0.21320E+00,    0.85097E-01,    0.96427E+00
   -0.22463E+00,    0.20660E+00,    0.96037E+00
   -0.19785E+00,   -0.25301E-02,    0.96921E+00
   -0.22036E+00,    0.14337E+00,    0.96185E+00
   -0.10432E+00,   -0.27679E+00,    0.99141E+00
   -0.22397E+00,    0.32970E+00,    0.96060E+00
   -0.14212E+00,   -0.19008E+00,    0.98407E+00
   -0.22388E+00,    0.18267E+00,    0.96063E+00
   -0.15848E+00,   -0.14550E+00,    0.98021E+00
   -0.17937E+00,   -0.78895E-01,    0.97467E+00
   -0.51389E-01,   -0.37676E+00,    0.99791E+00
   -0.13149E+00,   -0.21707E+00,    0.98636E+00
   -0.22654E+00,    0.25425E+00,    0.95970E+00
   -0.21172E+00,    0.67808E-01,    0.96477E+00
   -0.21974E+00,    0.12661E+00,    0.96207E+00
   -0.22546E+00,    0.31981E+00,    0.96008E+00
   -0.10313E+00,   -0.28172E+00,    0.99160E+00
   -0.22583E+00,    0.19749E+00,    0.95995E+00
   -0.43398E-01,   -0.39213E+00,    0.99851E+00
   -0.18925E+00,   -0.46379E-01,    0.97181E+00
   -0.21336E+00,    0.44726E+00,    0.96422E+00
   -0.14787E+00,   -0.17897E+00,    0.98276E+00
   -0.12273E+00,   -0.24083E+00,    0.98811E+00
   -0.21282E+00,    0.45245E+00,    0.96440E+00
   -0.11215E+00,   -0.26478E+00,    0.99007E+00
   -0.20760E+00,    0.35715E-01,    0.96612E+00
   -0.22694E+00,    0.30992E+00,    0.95955E+00
   -0.16334E+00,   -0.13678E+00,    0.97898E+00
   -0.22802E+00,    0.24436E+00,    0.95917E+00
   -0.17416E+00,   -0.10313E+00,    0.97611E+00
   -0.21928E+00,    0.11073E+00,    0.96222E+00
   -0.10800E+00,   -0.27489E+00,    0.99079E+00
   -0.38903E-02,   -0.45425E+00,    0.99999E+00
   -0.22725E+00,    0.20281E+00,    0.95944E+00
   -0.19444E+00,   -0.30582E-01,    0.97026E+00
   -0.20648E+00,    0.25312E-01,    0.96648E+00
    0.24662E-01,   -0.49417E+00,    0.99952E+00
   -0.99224E-02,   -0.44630E+00,    0.99992E+00
   -0.10252E+00,   -0.28746E+00,    0.99170E+00
   -0.22843E+00,    0.30003E+00,    0.95903E+00
   -0.20715E-01,   -0.43073E+00,    0.99966E+00
    0.63990E-02,   -0.47012E+00,    0.99997E+00
   -0.15312E-01,   -0.43902E+00,    0.99981E+00
    0.62637E-03,   -0.46223E+00,    0.10000E+01
   -0.13060E+00,   -0.22682E+00,    0.98654E+00
   -0.91788E-01,   -0.30992E+00,    0.99335E+00
   -0.83796E-01,   -0.32529E+00,    0.99445E+00
   -0.22599E+00,    0.16663E+00,    0.95989E+00
   -0.22744E+00,    0.18842E+00,    0.95938E+00
   -0.75804E-01,   -0.34065E+00,    0.99546E+00
    0.11869E-01,   -0.47846E+00,    0.99989E+00
    0.27424E-01,   -0.49925E+00,    0.99941E+00
   -0.25588E-01,   -0.42442E+00,    0.99948E+00
   -0.22951E+00,    0.23447E+00,    0.95864E+00
   -0.15315E+00,   -0.17117E+00,    0.98151E+00
   -0.18532E+00,   -0.70897E-01,    0.97297E+00
   -0.14131E+00,   -0.20255E+00,    0.98425E+00
   -0.67812E-01,   -0.35602E+00,    0.99637E+00
    0.18053E-01,   -0.48765E+00,    0.99974E+00
   -0.16837E+00,   -0.12816E+00,    0.97767E+00
   -0.22991E+00,    0.29014E+00,    0.95850E+00
   -0.21917E+00,    0.93012E-01,    0.96226E+00
   -0.10782E+00,   -0.27995E+00,    0.99082E+00
   -0.12147E+00,   -0.25071E+00,    0.98836E+00
   -0.22107E+00,    0.41468E+00,    0.96161E+00
   -0.22910E+00,    0.19369E+00,    0.95879E+00
   -0.59820E-01,   -0.37139E+00,    0.99717E+00
   -0.17948E+00,   -0.94846E-01,    0.97464E+00
   -0.22461E+00,    0.13437E+00,    0.96038E+00
   -0.21734E+00,    0.76016E-01,    0.96288E+00
   -0.21731E+00,    0.44451E+00,    0.96289E+00
   -0.22375E+00,    0.39663E+00,    0.96068E+00
   -0.22277E+00,    0.40661E+00,    0.96102E+00
   -0.23099E+00,    0.22458E+00,    0.95811E+00
   -0.15805E+00,   -0.16248E+00,    0.98031E+00
   -0.23139E+00,    0.28026E+00,    0.95796E+00
   -0.18943E+00,   -0.62250E-01,    0.97176E+00
   -0.21387E+00,    0.49751E-01,    0.96405E+00
   -0.11281E+00,   -0.27234E+00,    0.98996E+00
   -0.19974E+00,   -0.21185E-01,    0.96862E+00
   -0.22740E+00,    0.15541E+00,    0.95939E+00
   -0.22091E+00,    0.42458E+00,    0.96166E+00
   -0.22539E+00,    0.38678E+00,    0.96010E+00
   -0.51829E-01,   -0.38675E+00,    0.99788E+00
   -0.21734E+00,    0.45029E+00,    0.96288E+00
   -0.10758E+00,   -0.28496E+00,    0.99086E+00
   -0.22690E+00,    0.37690E+00,    0.95957E+00
   -0.22782E+00,    0.36698E+00,    0.95924E+00
   -0.12970E+00,   -0.23668E+00,    0.98673E+00
   -0.10256E+00,   -0.29537E+00,    0.99169E+00
   -0.22005E+00,    0.43580E+00,    0.96196E+00
   -0.17355E+00,   -0.11963E+00,    0.97628E+00
   -0.20276E+00,   -0.11213E-01,    0.96767E+00
   -0.22883E+00,    0.35571E+00,    0.95888E+00
   -0.23038E+00,    0.18552E+00,    0.95833E+00
   -0.18339E+00,   -0.87924E-01,    0.97353E+00
   -0.22975E+00,    0.17373E+00,    0.95855E+00
   -0.20692E+00,    0.65495E-02,    0.96634E+00
   -0.23141E+00,    0.19898E+00,    0.95796E+00
   -0.23189E+00,    0.20974E+00,    0.95778E+00
   -0.23288E+00,    0.27037E+00,    0.95743E+00
   -0.14037E+00,   -0.21276E+00,    0.98446E+00
   -0.22509E+00,    0.11869E+00,    0.96021E+00
   -0.23031E+00,    0.34582E+00,    0.95835E+00
   -0.20936E+00,    0.16451E-01,    0.96554E+00
   -0.16301E+00,   -0.15383E+00,    0.97906E+00
   -0.22334E+00,    0.10163E+00,    0.96082E+00
   -0.21719E+00,    0.58871E-01,    0.96293E+00
    0.19459E-01,   -0.49512E+00,    0.99970E+00
    0.22418E-01,   -0.49950E+00,    0.99960E+00
   -0.11249E+00,   -0.27811E+00,    0.99001E+00
   -0.12025E+00,   -0.26163E+00,    0.98859E+00
   -0.23180E+00,    0.33593E+00,    0.95782E+00
   -0.23230E+00,    0.18983E+00,    0.95764E+00
   -0.92228E-01,   -0.31991E+00,    0.99328E+00
   -0.23436E+00,    0.26048E+00,    0.95689E+00
   -0.10022E+00,   -0.30454E+00,    0.99207E+00
   -0.84236E-01,   -0.33528E+00,    0.99439E+00
   -0.17821E+00,   -0.11220E+00,    0.97499E+00
   -0.76244E-01,   -0.35064E+00,    0.99541E+00
   -0.19495E+00,   -0.53945E-01,    0.97010E+00
   -0.21572E+00,    0.41284E-01,    0.96343E+00
   -0.11734E+00,   -0.27042E+00,    0.98913E+00
   -0.23328E+00,    0.32604E+00,    0.95728E+00
   -0.15244E+00,   -0.18784E+00,    0.98168E+00
   -0.16800E+00,   -0.14521E+00,    0.97777E+00
   -0.22975E+00,    0.14240E+00,    0.95856E+00
   -0.19821E+00,   -0.42910E-01,    0.96910E+00
   -0.23286E+00,    0.18075E+00,    0.95743E+00
   -0.22308E+00,    0.84182E-01,    0.96091E+00
   -0.68252E-01,   -0.36601E+00,    0.99632E+00
   -0.22234E+00,    0.44286E+00,    0.96117E+00
   -0.23585E+00,    0.25059E+00,    0.95634E+00
   -0.11207E+00,   -0.28388E+00,    0.99009E+00
   -0.22185E+00,    0.44809E+00,    0.96134E+00
   -0.23476E+00,    0.31615E+00,    0.95674E+00
   -0.18929E+00,   -0.79886E-01,    0.97180E+00
   -0.39941E-01,   -0.41416E+00,    0.99874E+00
   -0.23457E+00,    0.19430E+00,    0.95681E+00
   -0.60261E-01,   -0.38138E+00,    0.99713E+00
   -0.12978E+00,   -0.24651E+00,    0.98671E+00
   -0.22925E+00,    0.12563E+00,    0.95873E+00
   -0.34969E-01,   -0.42283E+00,    0.99903E+00
    0.14750E-01,   -0.49457E+00,    0.99983E+00
   -0.30007E-01,   -0.43095E+00,    0.99929E+00
   -0.13401E-01,   -0.45561E+00,    0.99986E+00
   -0.15777E+00,   -0.17941E+00,    0.98038E+00
   -0.23625E+00,    0.30626E+00,    0.95619E+00
   -0.11712E+00,   -0.27620E+00,    0.98917E+00
   -0.14071E+00,   -0.22303E+00,    0.98439E+00
   -0.18351E+00,   -0.10383E+00,    0.97349E+00
   -0.52270E-01,   -0.39674E+00,    0.99784E+00
   -0.91691E-02,   -0.46251E+00,    0.99993E+00
   -0.22261E+00,    0.67273E-01,    0.96107E+00
   -0.23733E+00,    0.24070E+00,    0.95580E+00
    0.22745E-02,   -0.47861E+00,    0.10000E+01
   -0.21670E+00,    0.31948E-01,    0.96310E+00
   -0.17332E+00,   -0.13678E+00,    0.97634E+00
   -0.23544E+00,    0.18593E+00,    0.95649E+00
   -0.19575E-01,   -0.44782E+00,    0.99970E+00
   -0.25236E-01,   -0.43964E+00,    0.99950E+00
   -0.19348E+00,   -0.70924E-01,    0.97055E+00
   -0.34770E-02,   -0.47129E+00,    0.99999E+00
    0.17410E-01,   -0.49970E+00,    0.99976E+00
   -0.23014E+00,    0.40057E+00,    0.95841E+00
   -0.48580E-01,   -0.40412E+00,    0.99813E+00
   -0.22918E+00,    0.10960E+00,    0.95876E+00
   -0.23773E+00,    0.29637E+00,    0.95565E+00
   -0.23149E+00,    0.39123E+00,    0.95793E+00
   -0.14811E+00,   -0.20821E+00,    0.98271E+00
   -0.13854E+00,   -0.23209E+00,    0.98486E+00
   -0.22770E+00,    0.92659E-01,    0.95929E+00
   -0.12238E+00,   -0.26895E+00,    0.98818E+00
   -0.22994E+00,    0.41010E+00,    0.95849E+00
   -0.23541E+00,    0.16597E+00,    0.95650E+00
   -0.23628E+00,    0.17745E+00,    0.95618E+00
   -0.11690E+00,   -0.28113E+00,    0.98921E+00
   -0.22618E+00,    0.44007E+00,    0.95982E+00
   -0.23881E+00,    0.23081E+00,    0.95524E+00
   -0.16313E+00,   -0.17099E+00,    0.97903E+00
   -0.10066E+00,   -0.31453E+00,    0.99200E+00
   -0.92668E-01,   -0.32990E+00,    0.99322E+00
   -0.21145E+00,   -0.37300E-02,    0.96486E+00
   -0.15280E+00,   -0.19906E+00,    0.98160E+00
   -0.23354E+00,    0.38201E+00,    0.95718E+00
   -0.23922E+00,    0.28649E+00,    0.95510E+00
    0.72993E-02,   -0.48893E+00,    0.99996E+00
   -0.22938E+00,    0.42006E+00,    0.95869E+00
   -0.84676E-01,   -0.34527E+00,    0.99434E+00
   -0.11238E+00,   -0.29178E+00,    0.99003E+00
   -0.17830E+00,   -0.12841E+00,    0.97497E+00
   -0.23793E+00,    0.19114E+00,    0.95557E+00
   -0.22193E+00,    0.48181E-01,    0.96131E+00
   -0.12882E+00,   -0.25762E+00,    0.98691E+00
   -0.22633E+00,    0.44584E+00,    0.95977E+00
   -0.76684E-01,   -0.36063E+00,    0.99535E+00
   -0.21763E+00,    0.22065E-01,    0.96279E+00
   -0.16767E+00,   -0.16218E+00,    0.97785E+00
   -0.12172E+00,   -0.27420E+00,    0.98831E+00
   -0.18940E+00,   -0.95794E-01,    0.97177E+00
   -0.23665E+00,    0.36194E+00,    0.95605E+00
   -0.24070E+00,    0.27660E+00,    0.95454E+00
   -0.23448E+00,    0.13364E+00,    0.95684E+00
   -0.68692E-01,   -0.37600E+00,    0.99627E+00
   -0.24030E+00,    0.22092E+00,    0.95469E+00
   -0.23851E+00,    0.18196E+00,    0.95536E+00
   -0.23598E+00,    0.37274E+00,    0.95629E+00
   -0.19930E+00,   -0.62921E-01,    0.96876E+00
   -0.12631E+00,   -0.26635E+00,    0.98741E+00
   -0.23813E+00,    0.35205E+00,    0.95550E+00
   -0.22811E+00,    0.75569E-01,    0.95914E+00
   -0.23690E+00,    0.15013E+00,    0.95596E+00
    0.93139E-02,   -0.49527E+00,    0.99993E+00
   -0.23005E+00,    0.43139E+00,    0.95845E+00
   -0.23877E+00,    0.17287E+00,    0.95526E+00
   -0.60702E-01,   -0.39137E+00,    0.99709E+00
   -0.19325E+00,   -0.87010E-01,    0.97062E+00
   -0.12079E+00,   -0.27946E+00,    0.98849E+00
    0.12400E-01,   -0.49985E+00,    0.99988E+00
   -0.13795E+00,   -0.24203E+00,    0.98499E+00
   -0.24218E+00,    0.26671E+00,    0.95398E+00
   -0.23962E+00,    0.34216E+00,    0.95495E+00
   -0.18373E+00,   -0.12008E+00,    0.97343E+00
   -0.17298E+00,   -0.15372E+00,    0.97644E+00
   -0.24178E+00,    0.21103E+00,    0.95413E+00
   -0.21837E+00,    0.12126E-01,    0.96253E+00
   -0.23500E+00,    0.11758E+00,    0.95665E+00
   -0.20884E+00,   -0.32121E-01,    0.96571E+00
   -0.24110E+00,    0.33227E+00,    0.95439E+00
   -0.23320E+00,    0.10097E+00,    0.95731E+00
   -0.20371E+00,   -0.54023E-01,    0.96737E+00
   -0.22718E+00,    0.58390E-01,    0.95947E+00
   -0.24211E+00,    0.19785E+00,    0.95401E+00
   -0.24367E+00,    0.25682E+00,    0.95342E+00
   -0.24162E+00,    0.18744E+00,    0.95419E+00
   -0.12628E+00,   -0.27213E+00,    0.98742E+00
   -0.21392E+00,   -0.13349E-01,    0.96404E+00
   -0.23128E+00,    0.43806E+00,    0.95801E+00
   -0.16850E-01,   -0.46281E+00,    0.99978E+00
   -0.18782E+00,   -0.11275E+00,    0.97224E+00
   -0.24259E+00,    0.32238E+00,    0.95383E+00
   -0.23079E+00,    0.44355E+00,    0.95818E+00
   -0.24152E+00,    0.17795E+00,    0.95423E+00
   -0.10110E+00,   -0.32452E+00,    0.99193E+00
   -0.10909E+00,   -0.30916E+00,    0.99061E+00
   -0.93108E-01,   -0.33989E+00,    0.99315E+00
   -0.21244E+00,   -0.22799E-01,    0.96453E+00
   -0.23261E-01,   -0.45483E+00,    0.99957E+00
   -0.17786E+00,   -0.14565E+00,    0.97509E+00
   -0.22497E+00,    0.37541E-01,    0.96025E+00
   -0.24066E+00,    0.15809E+00,    0.95455E+00
   -0.85116E-01,   -0.35526E+00,    0.99428E+00
   -0.44939E-01,   -0.42282E+00,    0.99840E+00
   -0.24407E+00,    0.31249E+00,    0.95327E+00
   -0.19884E+00,   -0.79243E-01,    0.96890E+00
   -0.23970E+00,    0.14197E+00,    0.95492E+00
   -0.24515E+00,    0.24693E+00,    0.95286E+00
   -0.13128E+00,   -0.26474E+00,    0.98640E+00
   -0.29083E-01,   -0.44729E+00,    0.99933E+00
   -0.73211E-02,   -0.47856E+00,    0.99996E+00
   -0.23299E+00,    0.84276E-01,    0.95739E+00
    0.52498E-02,   -0.49579E+00,    0.99998E+00
   -0.24208E+00,    0.16946E+00,    0.95402E+00
   -0.77121E-01,   -0.37063E+00,    0.99530E+00
   -0.39878E-01,   -0.43141E+00,    0.99874E+00
   -0.51439E-01,   -0.41369E+00,    0.99791E+00
   -0.20834E+00,   -0.45160E-01,    0.96588E+00
   -0.15199E+00,   -0.21810E+00,    0.98179E+00
   -0.23874E+00,    0.12674E+00,    0.95527E+00
   -0.34897E-01,   -0.43958E+00,    0.99904E+00
   -0.12937E-01,   -0.47165E+00,    0.99987E+00
   -0.21948E+00,    0.22220E-02,    0.96215E+00
   -0.13735E+00,   -0.25319E+00,    0.98512E+00
    0.73883E-02,   -0.49995E+00,    0.99996E+00
   -0.12615E+00,   -0.27790E+00,    0.98744E+00
   -0.24555E+00,    0.30260E+00,    0.95270E+00
   -0.69146E-01,   -0.38599E+00,    0.99622E+00
   -0.24401E+00,    0.18230E+00,    0.95329E+00
   -0.16774E+00,   -0.17978E+00,    0.97784E+00
   -0.12206E+00,   -0.28786E+00,    0.98824E+00
   -0.24664E+00,    0.23704E+00,    0.95229E+00
   -0.13081E+00,   -0.26998E+00,    0.98650E+00
   -0.19346E+00,   -0.10453E+00,    0.97055E+00
   -0.18335E+00,   -0.13678E+00,    0.97354E+00
   -0.22561E+00,    0.27580E-01,    0.96002E+00
   -0.24004E+00,    0.39508E+00,    0.95479E+00
   -0.23776E+00,    0.41538E+00,    0.95564E+00
   -0.23256E+00,    0.66808E-01,    0.95754E+00
   -0.24446E+00,    0.17389E+00,    0.95312E+00
   -0.23510E+00,    0.43651E+00,    0.95662E+00
   -0.24704E+00,    0.29272E+00,    0.95213E+00
   -0.16414E+00,   -0.19201E+00,    0.97877E+00
   -0.15730E+00,   -0.20956E+00,    0.98050E+00
   -0.20370E+00,   -0.70564E-01,    0.96737E+00
   -0.13514E+00,   -0.26198E+00,    0.98559E+00
   -0.58284E-01,   -0.40648E+00,    0.99732E+00
   -0.24442E+00,    0.16480E+00,    0.95314E+00
   -0.23904E+00,    0.10897E+00,    0.95516E+00
   -0.23522E+00,    0.44122E+00,    0.95657E+00
   -0.39655E-02,   -0.48830E+00,    0.99999E+00
   -0.17283E+00,   -0.17125E+00,    0.97648E+00
   -0.19764E+00,   -0.95539E-01,    0.96928E+00
   -0.14599E+00,   -0.23966E+00,    0.98319E+00
   -0.24812E+00,    0.22715E+00,    0.95172E+00
   -0.24852E+00,    0.28283E+00,    0.95156E+00
   -0.24638E+00,    0.17889E+00,    0.95239E+00
   -0.12864E-03,   -0.49479E+00,    0.10000E+01
   -0.18806E+00,   -0.12903E+00,    0.97217E+00
   -0.22063E+00,   -0.76831E-02,    0.96176E+00
   -0.23822E+00,    0.93212E-01,    0.95546E+00
   -0.10953E+00,   -0.31915E+00,    0.99053E+00
   -0.10154E+00,   -0.33452E+00,    0.99186E+00
   -0.13078E+00,   -0.27576E+00,    0.98651E+00
   -0.24120E+00,    0.40531E+00,    0.95435E+00
   -0.11752E+00,   -0.30378E+00,    0.98910E+00
   -0.24484E+00,    0.15046E+00,    0.95297E+00
   -0.93548E-01,   -0.34988E+00,    0.99309E+00
   -0.15061E+00,   -0.23157E+00,    0.98212E+00
   -0.24596E+00,    0.35828E+00,    0.95255E+00
   -0.22655E+00,    0.17631E-01,    0.95969E+00
   -0.85322E-01,   -0.36531E+00,    0.99425E+00
   -0.17765E+00,   -0.16251E+00,    0.97515E+00
   -0.25001E+00,    0.27294E+00,    0.95099E+00
    0.23762E-02,   -0.49999E+00,    0.10000E+01
   -0.13530E+00,   -0.26776E+00,    0.98556E+00
   -0.24960E+00,    0.21726E+00,    0.95114E+00
   -0.23953E+00,    0.42556E+00,    0.95498E+00
   -0.24744E+00,    0.34839E+00,    0.95198E+00
   -0.24733E+00,    0.16978E+00,    0.95202E+00
   -0.24431E+00,    0.13388E+00,    0.95318E+00
   -0.20901E+00,   -0.62422E-01,    0.96566E+00
   -0.77567E-01,   -0.38060E+00,    0.99525E+00
   -0.23271E+00,    0.46090E-01,    0.95749E+00
   -0.23738E+00,    0.75363E-01,    0.95578E+00
   -0.24288E+00,    0.11768E+00,    0.95372E+00
   -0.23931E+00,    0.43307E+00,    0.95506E+00
   -0.14005E+00,   -0.26021E+00,    0.98453E+00
   -0.24892E+00,    0.33850E+00,    0.95141E+00
   -0.24757E+00,    0.16129E+00,    0.95193E+00
   -0.25149E+00,    0.26305E+00,    0.95041E+00
   -0.20314E+00,   -0.87313E-01,    0.96755E+00
   -0.24180E+00,    0.10164E+00,    0.95413E+00
   -0.14573E+00,   -0.24846E+00,    0.98326E+00
   -0.69576E-01,   -0.39598E+00,    0.99617E+00
   -0.24725E+00,    0.36908E+00,    0.95205E+00
   -0.16478E+00,   -0.20292E+00,    0.97861E+00
   -0.19369E+00,   -0.12079E+00,    0.97048E+00
   -0.25109E+00,    0.20737E+00,    0.95057E+00
   -0.18291E+00,   -0.15424E+00,    0.97366E+00
   -0.25041E+00,    0.32861E+00,    0.95083E+00
   -0.23963E+00,    0.43884E+00,    0.95494E+00
   -0.21871E+00,   -0.30564E-01,    0.96242E+00
   -0.22743E+00,    0.82297E-02,    0.95938E+00
   -0.21369E+00,   -0.53603E-01,    0.96411E+00
   -0.25297E+00,    0.25316E+00,    0.94983E+00
   -0.24873E-01,   -0.46716E+00,    0.99951E+00
   -0.13565E+00,   -0.27387E+00,    0.98549E+00
   -0.25016E+00,    0.17482E+00,    0.95093E+00
   -0.25093E+00,    0.18572E+00,    0.95063E+00
   -0.24757E+00,    0.37906E+00,    0.95193E+00
   -0.19773E+00,   -0.11184E+00,    0.96925E+00
   -0.13976E+00,   -0.26546E+00,    0.98460E+00
   -0.25189E+00,    0.31872E+00,    0.95025E+00
   -0.48853E-02,   -0.49554E+00,    0.99998E+00
   -0.54914E-01,   -0.42282E+00,    0.99762E+00
   -0.33025E-01,   -0.45636E+00,    0.99914E+00
   -0.14382E+00,   -0.25732E+00,    0.98369E+00
   -0.25013E+00,    0.16563E+00,    0.95094E+00
   -0.23755E+00,    0.58159E-01,    0.95571E+00
   -0.22231E+00,   -0.21321E-01,    0.96118E+00
   -0.49851E-01,   -0.43141E+00,    0.99804E+00
   -0.23355E+00,    0.33312E-01,    0.95718E+00
   -0.24979E+00,    0.15654E+00,    0.95107E+00
   -0.25257E+00,    0.19748E+00,    0.94998E+00
   -0.26362E-02,   -0.49999E+00,    0.99999E+00
   -0.18782E+00,   -0.14568E+00,    0.97224E+00
   -0.38907E-01,   -0.44865E+00,    0.99880E+00
   -0.44782E-01,   -0.44000E+00,    0.99841E+00
   -0.25338E+00,    0.30883E+00,    0.94967E+00
   -0.10997E+00,   -0.32914E+00,    0.99045E+00
   -0.17290E+00,   -0.18827E+00,    0.97646E+00
   -0.11796E+00,   -0.31377E+00,    0.98902E+00
   -0.10198E+00,   -0.34451E+00,    0.99179E+00
   -0.25446E+00,    0.24327E+00,    0.94924E+00
   -0.20863E+00,   -0.79204E-01,    0.96578E+00
   -0.13389E+00,   -0.28177E+00,    0.98586E+00
   -0.12596E+00,   -0.29841E+00,    0.98748E+00
   -0.24820E+00,    0.38931E+00,    0.95169E+00
   -0.94000E-01,   -0.35980E+00,    0.99302E+00
   -0.60911E-01,   -0.41607E+00,    0.99707E+00
   -0.24272E+00,    0.83746E-01,    0.95378E+00
   -0.24965E+00,    0.14370E+00,    0.95112E+00
   -0.25196E+00,    0.17030E+00,    0.95023E+00
   -0.13967E+00,   -0.27053E+00,    0.98462E+00
   -0.19676E-01,   -0.47858E+00,    0.99969E+00
   -0.24384E+00,    0.43143E+00,    0.95336E+00
   -0.85947E-01,   -0.37529E+00,    0.99417E+00
   -0.25486E+00,    0.29895E+00,    0.94908E+00
   -0.17747E+00,   -0.17944E+00,    0.97520E+00
   -0.22857E+00,   -0.16553E-02,    0.95897E+00
   -0.24864E+00,    0.12564E+00,    0.95152E+00
   -0.20308E+00,   -0.10382E+00,    0.96757E+00
   -0.25594E+00,    0.23338E+00,    0.94865E+00
   -0.24402E+00,    0.43641E+00,    0.95329E+00
   -0.14417E+00,   -0.26309E+00,    0.98361E+00
   -0.24743E+00,    0.10882E+00,    0.95198E+00
   -0.78220E-01,   -0.39056E+00,    0.99517E+00
   -0.20611E+00,   -0.95102E-01,    0.96660E+00
   -0.21961E+00,   -0.45395E-01,    0.96211E+00
   -0.25634E+00,    0.28906E+00,    0.94849E+00
   -0.25287E+00,    0.16142E+00,    0.94987E+00
   -0.19328E+00,   -0.13752E+00,    0.97061E+00
   -0.24913E+00,    0.39923E+00,    0.95133E+00
   -0.16531E+00,   -0.21459E+00,    0.97847E+00
   -0.23469E+00,    0.23399E-01,    0.95677E+00
   -0.25237E+00,    0.15234E+00,    0.95006E+00
   -0.10048E-01,   -0.49469E+00,    0.99992E+00
   -0.17268E+00,   -0.19623E+00,    0.97652E+00
   -0.14909E-01,   -0.48816E+00,    0.99982E+00
   -0.24251E+00,    0.66831E-01,    0.95386E+00
   -0.14867E+00,   -0.25538E+00,    0.98258E+00
   -0.21361E+00,   -0.71222E-01,    0.96414E+00
   -0.15395E+00,   -0.24345E+00,    0.98132E+00
   -0.18281E+00,   -0.17101E+00,    0.97369E+00
   -0.16148E+00,   -0.22701E+00,    0.97945E+00
   -0.25743E+00,    0.22349E+00,    0.94806E+00
   -0.25783E+00,    0.27917E+00,    0.94790E+00
   -0.76482E-02,   -0.49994E+00,    0.99995E+00
   -0.19802E+00,   -0.12889E+00,    0.96916E+00
   -0.14443E+00,   -0.26886E+00,    0.98355E+00
   -0.24887E+00,    0.42022E+00,    0.95143E+00
   -0.22984E+00,   -0.11568E-01,    0.95852E+00
   -0.24794E+00,    0.42818E+00,    0.95179E+00
   -0.25629E+00,    0.17491E+00,    0.94852E+00
   -0.18744E+00,   -0.16221E+00,    0.97235E+00
   -0.25044E+00,    0.40911E+00,    0.95082E+00
   -0.14855E+00,   -0.26064E+00,    0.98260E+00
   -0.25587E+00,    0.16636E+00,    0.94868E+00
   -0.25931E+00,    0.26928E+00,    0.94730E+00
   -0.11840E+00,   -0.32376E+00,    0.98894E+00
   -0.11041E+00,   -0.33913E+00,    0.99038E+00
   -0.15234E+00,   -0.25237E+00,    0.98171E+00
   -0.10228E+00,   -0.35462E+00,    0.99174E+00
   -0.12640E+00,   -0.30840E+00,    0.98740E+00
   -0.23566E+00,    0.13561E-01,    0.95641E+00
   -0.25553E+00,    0.15718E+00,    0.94882E+00
   -0.25891E+00,    0.21360E+00,    0.94746E+00
   -0.24210E+00,    0.48053E-01,    0.95401E+00
   -0.73954E-01,   -0.40436E+00,    0.99568E+00
   -0.94258E-01,   -0.36978E+00,    0.99298E+00
   -0.13439E+00,   -0.29303E+00,    0.98575E+00
   -0.24838E+00,    0.43394E+00,    0.95162E+00
   -0.21898E+00,   -0.62808E-01,    0.96232E+00
   -0.25432E+00,    0.13528E+00,    0.94930E+00
   -0.25823E+00,    0.33484E+00,    0.94774E+00
   -0.25562E+00,    0.14826E+00,    0.94878E+00
   -0.22555E+00,   -0.37406E-01,    0.96005E+00
   -0.20290E+00,   -0.12018E+00,    0.96763E+00
   -0.25270E+00,    0.11727E+00,    0.94993E+00
   -0.86481E-01,   -0.38495E+00,    0.99409E+00
   -0.26080E+00,    0.25939E+00,    0.94670E+00
   -0.24735E+00,    0.74905E-01,    0.95201E+00
   -0.15007E-01,   -0.49456E+00,    0.99982E+00
   -0.24167E+00,    0.38996E-01,    0.95417E+00
   -0.14321E+00,   -0.27671E+00,    0.98383E+00
   -0.25603E+00,    0.37385E+00,    0.94862E+00
   -0.21306E+00,   -0.88115E-01,    0.96432E+00
   -0.25971E+00,    0.32495E+00,    0.94714E+00
   -0.22829E+00,   -0.29235E-01,    0.95908E+00
   -0.19277E+00,   -0.15376E+00,    0.97076E+00
   -0.25782E+00,    0.16219E+00,    0.94790E+00
   -0.25109E+00,    0.96227E-01,    0.95056E+00
   -0.26040E+00,    0.20371E+00,    0.94687E+00
   -0.18017E+00,   -0.19004E+00,    0.97444E+00
   -0.14906E+00,   -0.26562E+00,    0.98248E+00
   -0.70591E-01,   -0.41376E+00,    0.99606E+00
   -0.17425E+00,   -0.20610E+00,    0.97609E+00
   -0.12660E-01,   -0.49984E+00,    0.99987E+00
   -0.23646E+00,    0.44137E-02,    0.95612E+00
   -0.15288E+00,   -0.25812E+00,    0.98158E+00
   -0.26228E+00,    0.24950E+00,    0.94610E+00
   -0.25916E+00,    0.35033E+00,    0.94736E+00
   -0.25641E+00,    0.38361E+00,    0.94847E+00
   -0.26120E+00,    0.31506E+00,    0.94654E+00
   -0.35420E-01,   -0.46859E+00,    0.99901E+00
   -0.42852E-01,   -0.45775E+00,    0.99855E+00
   -0.25732E+00,    0.14382E+00,    0.94810E+00
   -0.25812E+00,    0.15288E+00,    0.94778E+00
   -0.16200E+00,   -0.23817E+00,    0.97932E+00
   -0.20790E+00,   -0.11154E+00,    0.96602E+00
   -0.15712E+00,   -0.25027E+00,    0.98055E+00
   -0.25222E+00,    0.42568E+00,    0.95012E+00
   -0.48826E-01,   -0.44976E+00,    0.99812E+00
   -0.22400E+00,   -0.54185E-01,    0.96059E+00
   -0.19764E+00,   -0.14568E+00,    0.96927E+00
   -0.26268E+00,    0.30518E+00,    0.94594E+00
   -0.24266E+00,    0.29400E-01,    0.95380E+00
   -0.26188E+00,    0.19382E+00,    0.94626E+00
   -0.26377E+00,    0.23961E+00,    0.94549E+00
   -0.25721E+00,    0.39357E+00,    0.94815E+00
   -0.25272E+00,    0.43143E+00,    0.94993E+00
   -0.31289E-01,   -0.47759E+00,    0.99923E+00
   -0.21847E+00,   -0.79795E-01,    0.96250E+00
   -0.11072E+00,   -0.34926E+00,    0.99032E+00
   -0.12684E+00,   -0.31839E+00,    0.98731E+00
   -0.67874E-01,   -0.42317E+00,    0.99636E+00
   -0.17039E+00,   -0.22298E+00,    0.97713E+00
   -0.26417E+00,    0.29529E+00,    0.94533E+00
   -0.13483E+00,   -0.30302E+00,    0.98566E+00
   -0.19964E-01,   -0.49439E+00,    0.99968E+00
   -0.10276E+00,   -0.36459E+00,    0.99166E+00
   -0.86231E-01,   -0.39360E+00,    0.99413E+00
   -0.15333E+00,   -0.26388E+00,    0.98147E+00
   -0.16069E+00,   -0.24714E+00,    0.97965E+00
   -0.18744E+00,   -0.17979E+00,    0.97235E+00
   -0.26275E+00,    0.18219E+00,    0.94591E+00
   -0.15718E+00,   -0.25553E+00,    0.98053E+00
   -0.21363E+00,   -0.10072E+00,    0.96413E+00
   -0.14282E+00,   -0.28765E+00,    0.98392E+00
   -0.26128E+00,    0.15772E+00,    0.94651E+00
   -0.94919E-01,   -0.37963E+00,    0.99288E+00
   -0.25648E+00,    0.10876E+00,    0.94844E+00
   -0.24896E+00,    0.54896E-01,    0.95139E+00
   -0.23437E+00,   -0.21004E-01,    0.95688E+00
   -0.26064E+00,    0.14855E+00,    0.94677E+00
   -0.26160E+00,    0.36001E+00,    0.94638E+00
   -0.23780E+00,   -0.54839E-02,    0.95562E+00
   -0.26525E+00,    0.22972E+00,    0.94489E+00
   -0.25869E+00,    0.12668E+00,    0.94755E+00
   -0.20309E+00,   -0.13673E+00,    0.96757E+00
   -0.26565E+00,    0.28540E+00,    0.94472E+00
   -0.17670E-01,   -0.49969E+00,    0.99975E+00
   -0.26043E+00,    0.13963E+00,    0.94685E+00
   -0.24345E+00,    0.19641E-01,    0.95350E+00
   -0.25827E+00,    0.40295E+00,    0.94772E+00
   -0.22936E+00,   -0.46606E-01,    0.95870E+00
   -0.26729E-01,   -0.48835E+00,    0.99944E+00
   -0.58280E-01,   -0.44213E+00,    0.99732E+00
   -0.64525E-01,   -0.43253E+00,    0.99671E+00
   -0.26355E+00,    0.16824E+00,    0.94558E+00
   -0.25648E+00,    0.42313E+00,    0.94844E+00
   -0.19249E+00,   -0.17125E+00,    0.97085E+00
   -0.22358E+00,   -0.71238E-01,    0.96074E+00
   -0.18200E+00,   -0.19985E+00,    0.97393E+00
   -0.25236E+00,    0.66413E-01,    0.95007E+00
   -0.26714E+00,    0.27551E+00,    0.94411E+00
   -0.26673E+00,    0.21983E+00,    0.94427E+00
   -0.17628E+00,   -0.21572E+00,    0.97553E+00
   -0.26309E+00,    0.15348E+00,    0.94577E+00
   -0.25827E+00,    0.41480E+00,    0.94772E+00
   -0.15786E+00,   -0.26049E+00,    0.98036E+00
   -0.24969E+00,    0.44963E-01,    0.95111E+00
   -0.16987E+00,   -0.23263E+00,    0.97727E+00
   -0.16142E+00,   -0.25287E+00,    0.97947E+00
   -0.26198E+00,    0.13514E+00,    0.94622E+00
   -0.20800E+00,   -0.12871E+00,    0.96599E+00
   -0.25703E+00,    0.42888E+00,    0.94822E+00
   -0.26309E+00,    0.14417E+00,    0.94577E+00
   -0.16539E+00,   -0.24488E+00,    0.97845E+00
   -0.25640E+00,    0.84257E-01,    0.94847E+00
   -0.23372E+00,   -0.37629E-01,    0.95712E+00
   -0.26605E+00,    0.34107E+00,    0.94455E+00
   -0.26862E+00,    0.26562E+00,    0.94349E+00
   -0.19743E+00,   -0.16256E+00,    0.96934E+00
   -0.26822E+00,    0.20994E+00,    0.94366E+00
   -0.85445E-01,   -0.40348E+00,    0.99423E+00
   -0.80384E-01,   -0.41200E+00,    0.99490E+00
   -0.12728E+00,   -0.32838E+00,    0.98722E+00
   -0.25435E-01,   -0.49471E+00,    0.99949E+00
   -0.24488E+00,    0.97725E-02,    0.95296E+00
   -0.26481E+00,    0.36918E+00,    0.94507E+00
   -0.26754E+00,    0.33118E+00,    0.94394E+00
   -0.15483E+00,   -0.27165E+00,    0.98111E+00
   -0.11112E+00,   -0.35925E+00,    0.99025E+00
   -0.13527E+00,   -0.31301E+00,    0.98557E+00
   -0.26427E+00,    0.37911E+00,    0.94529E+00
   -0.10289E+00,   -0.37456E+00,    0.99164E+00
   -0.22889E+00,   -0.62881E-01,    0.95886E+00
   -0.22678E-01,   -0.49949E+00,    0.99959E+00
   -0.14326E+00,   -0.29764E+00,    0.98382E+00
   -0.27010E+00,    0.25573E+00,    0.94287E+00
   -0.21284E+00,   -0.12022E+00,    0.96440E+00
   -0.45376E-01,   -0.46797E+00,    0.99837E+00
   -0.16886E+00,   -0.24163E+00,    0.97754E+00
   -0.26902E+00,    0.32129E+00,    0.94332E+00
   -0.26275E+00,    0.11779E+00,    0.94591E+00
   -0.25086E+00,    0.35074E-01,    0.95065E+00
   -0.95347E-01,   -0.38954E+00,    0.99282E+00
   -0.15125E+00,   -0.28228E+00,    0.98197E+00
   -0.16563E+00,   -0.25013E+00,    0.97839E+00
   -0.16207E+00,   -0.25861E+00,    0.97930E+00
   -0.20272E+00,   -0.15428E+00,    0.96768E+00
   -0.26546E+00,    0.13976E+00,    0.94480E+00
   -0.26970E+00,    0.20005E+00,    0.94304E+00
   -0.26641E+00,    0.14890E+00,    0.94441E+00
   -0.76849E-01,   -0.42130E+00,    0.99533E+00
   -0.26120E+00,    0.42109E+00,    0.94654E+00
   -0.12527E+00,   -0.33676E+00,    0.98762E+00
   -0.26495E+00,    0.13085E+00,    0.94501E+00
   -0.27051E+00,    0.31141E+00,    0.94270E+00
   -0.40857E-01,   -0.47686E+00,    0.99868E+00
   -0.27159E+00,    0.24584E+00,    0.94225E+00
   -0.26536E+00,    0.38783E+00,    0.94484E+00
   -0.24534E+00,   -0.14259E-03,    0.95278E+00
   -0.18339E+00,   -0.20971E+00,    0.97353E+00
   -0.26196E+00,    0.10064E+00,    0.94623E+00
   -0.26132E+00,    0.42628E+00,    0.94649E+00
   -0.23931E+00,   -0.29240E-01,    0.95506E+00
   -0.26875E+00,    0.35311E+00,    0.94344E+00
   -0.22337E+00,   -0.92052E-01,    0.96081E+00
   -0.21785E+00,   -0.11168E+00,    0.96271E+00
   -0.29521E-01,   -0.49460E+00,    0.99931E+00
   -0.27199E+00,    0.30152E+00,    0.94208E+00
   -0.17754E+00,   -0.22682E+00,    0.97518E+00
   -0.23399E+00,   -0.54290E-01,    0.95702E+00
   -0.20763E+00,   -0.14563E+00,    0.96611E+00
   -0.26902E+00,    0.15934E+00,    0.94332E+00
   -0.24376E+00,   -0.13303E-01,    0.95339E+00
   -0.25972E+00,    0.74871E-01,    0.94714E+00
   -0.27119E+00,    0.19016E+00,    0.94241E+00
   -0.25172E+00,    0.25221E-01,    0.95032E+00
   -0.26635E+00,    0.12631E+00,    0.94443E+00
   -0.27307E+00,    0.23595E+00,    0.94162E+00
   -0.16978E+00,   -0.24733E+00,    0.97729E+00
   -0.16647E+00,   -0.25507E+00,    0.97817E+00
   -0.26826E+00,    0.14419E+00,    0.94364E+00
   -0.36729E-01,   -0.48591E+00,    0.99893E+00
   -0.26630E+00,    0.39769E+00,    0.94445E+00
   -0.17348E+00,   -0.23922E+00,    0.97630E+00
   -0.60227E-01,   -0.45187E+00,    0.99713E+00
   -0.19206E+00,   -0.19243E+00,    0.97098E+00
   -0.26776E+00,    0.13530E+00,    0.94385E+00
   -0.27347E+00,    0.29163E+00,    0.94145E+00
   -0.27684E-01,   -0.49923E+00,    0.99939E+00
   -0.22846E+00,   -0.79952E-01,    0.95901E+00
   -0.25827E+00,    0.58814E-01,    0.94772E+00
   -0.74130E-01,   -0.43089E+00,    0.99566E+00
   -0.26317E+00,    0.91383E-01,    0.94574E+00
   -0.13571E+00,   -0.32300E+00,    0.98547E+00
   -0.56222E-01,   -0.45926E+00,    0.99750E+00
   -0.11129E+00,   -0.36917E+00,    0.99022E+00
   -0.26491E+00,    0.41790E+00,    0.94503E+00
   -0.94235E-01,   -0.39945E+00,    0.99299E+00
   -0.14370E+00,   -0.30763E+00,    0.98372E+00
   -0.24373E+00,   -0.21846E-01,    0.95340E+00
   -0.25786E+00,    0.50435E-01,    0.94789E+00
   -0.22297E+00,   -0.10318E+00,    0.96095E+00
   -0.27091E+00,    0.36281E+00,    0.94253E+00
   -0.27456E+00,    0.22606E+00,    0.94099E+00
   -0.27267E+00,    0.18027E+00,    0.94179E+00
   -0.27496E+00,    0.28174E+00,    0.94082E+00
   -0.10358E+00,   -0.38446E+00,    0.99153E+00
   -0.15169E+00,   -0.29227E+00,    0.98186E+00
   -0.26656E+00,    0.10912E+00,    0.94434E+00
   -0.21306E+00,   -0.13729E+00,    0.96432E+00
   -0.17684E+00,   -0.23585E+00,    0.97538E+00
   -0.16382E+00,   -0.26632E+00,    0.97886E+00
   -0.19806E+00,   -0.18174E+00,    0.96914E+00
   -0.25246E+00,    0.15363E-01,    0.95003E+00
   -0.23931E+00,   -0.45822E-01,    0.95506E+00
   -0.26558E+00,    0.42364E+00,    0.94475E+00
   -0.17389E+00,   -0.24446E+00,    0.97619E+00
   -0.71428E-01,   -0.43941E+00,    0.99597E+00
   -0.34821E-01,   -0.49356E+00,    0.99904E+00
   -0.26774E+00,    0.40918E+00,    0.94385E+00
   -0.26998E+00,    0.13081E+00,    0.94292E+00
   -0.17062E+00,   -0.25305E+00,    0.97707E+00
   -0.27644E+00,    0.27185E+00,    0.94018E+00
   -0.26917E+00,    0.12189E+00,    0.94326E+00
   -0.19099E+00,   -0.20324E+00,    0.97130E+00
   -0.23354E+00,   -0.71704E-01,    0.95719E+00
   -0.27604E+00,    0.21617E+00,    0.94036E+00
   -0.27189E+00,    0.37274E+00,    0.94212E+00
   -0.27123E+00,    0.13992E+00,    0.94239E+00
   -0.12566E+00,   -0.34759E+00,    0.98754E+00
   -0.27388E+00,    0.34730E+00,    0.94128E+00
   -0.13401E+00,   -0.33194E+00,    0.98583E+00
   -0.27415E+00,    0.17039E+00,    0.94116E+00
   -0.25875E+00,    0.41150E-01,    0.94753E+00
   -0.18502E+00,   -0.22076E+00,    0.97305E+00
   -0.21796E+00,   -0.12878E+00,    0.96267E+00
   -0.27536E+00,    0.33741E+00,    0.94065E+00
   -0.20345E+00,   -0.17259E+00,    0.96745E+00
   -0.32687E-01,   -0.49893E+00,    0.99916E+00
   -0.20726E+00,   -0.16241E+00,    0.96623E+00
   -0.27793E+00,    0.26196E+00,    0.93955E+00
   -0.24362E+00,   -0.37177E-01,    0.95344E+00
   -0.26608E+00,    0.82538E-01,    0.94454E+00
   -0.27042E+00,    0.11734E+00,    0.94274E+00
   -0.27684E+00,    0.32752E+00,    0.94001E+00
   -0.27752E+00,    0.20628E+00,    0.93972E+00
   -0.17795E+00,   -0.24152E+00,    0.97507E+00
   -0.18138E+00,   -0.23329E+00,    0.97410E+00
   -0.25355E+00,    0.54304E-02,    0.94960E+00
   -0.54943E-01,   -0.46918E+00,    0.99761E+00
   -0.93966E-01,   -0.40805E+00,    0.99303E+00
   -0.17490E+00,   -0.24937E+00,    0.97591E+00
   -0.27213E+00,    0.12628E+00,    0.94202E+00
   -0.10266E+00,   -0.39409E+00,    0.99168E+00
   -0.26992E+00,    0.41590E+00,    0.94294E+00
   -0.68324E-01,   -0.44997E+00,    0.99631E+00
   -0.27941E+00,    0.25207E+00,    0.93891E+00
   -0.23863E+00,   -0.63100E-01,    0.95531E+00
   -0.27367E+00,    0.38231E+00,    0.94136E+00
   -0.11987E+00,   -0.36406E+00,    0.98866E+00
   -0.27353E+00,    0.13537E+00,    0.94142E+00
   -0.14414E+00,   -0.31762E+00,    0.98362E+00
   -0.27833E+00,    0.31764E+00,    0.93937E+00
   -0.22281E+00,   -0.12016E+00,    0.96100E+00
   -0.11169E+00,   -0.37914E+00,    0.99015E+00
   -0.51020E-01,   -0.47631E+00,    0.99794E+00
   -0.26981E+00,    0.42095E+00,    0.94299E+00
   -0.25959E+00,    0.31199E-01,    0.94719E+00
   -0.27006E+00,    0.10017E+00,    0.94289E+00
   -0.27514E+00,    0.14820E+00,    0.94074E+00
   -0.15213E+00,   -0.30226E+00,    0.98176E+00
   -0.39767E-01,   -0.49319E+00,    0.99875E+00
   -0.21266E+00,   -0.15402E+00,    0.96446E+00
   -0.18462E+00,   -0.22981E+00,    0.97317E+00
   -0.27901E+00,    0.19639E+00,    0.93908E+00
   -0.25258E+00,   -0.85912E-02,    0.94998E+00
   -0.16012E+00,   -0.28689E+00,    0.97980E+00
   -0.26626E+00,    0.66145E-01,    0.94447E+00
   -0.27421E+00,    0.39227E+00,    0.94113E+00
   -0.28089E+00,    0.24218E+00,    0.93826E+00
   -0.18196E+00,   -0.23851E+00,    0.97393E+00
   -0.17262E+00,   -0.26070E+00,    0.97653E+00
   -0.28048E+00,    0.30826E+00,    0.93844E+00
   -0.13385E+00,   -0.34186E+00,    0.98587E+00
   -0.84191E-01,   -0.42884E+00,    0.99440E+00
   -0.27310E+00,    0.11286E+00,    0.94161E+00
   -0.90149E-01,   -0.41929E+00,    0.99358E+00
   -0.12609E+00,   -0.35679E+00,    0.98746E+00
   -0.27420E+00,    0.12172E+00,    0.94114E+00
   -0.37687E-01,   -0.49858E+00,    0.99888E+00
   -0.28130E+00,    0.29786E+00,    0.93809E+00
   -0.17898E+00,   -0.24721E+00,    0.97478E+00
   -0.27543E+00,    0.13004E+00,    0.94061E+00
   -0.65897E-01,   -0.45824E+00,    0.99657E+00
   -0.26591E+00,    0.56178E-01,    0.94461E+00
   -0.22794E+00,   -0.11160E+00,    0.95920E+00
   -0.27314E+00,    0.41325E+00,    0.94159E+00
   -0.21739E+00,   -0.14625E+00,    0.96287E+00
   -0.25226E+00,   -0.18569E-01,    0.95011E+00
   -0.26931E+00,    0.75452E-01,    0.94320E+00
   -0.26039E+00,    0.21264E-01,    0.94687E+00
   -0.27890E+00,    0.35705E+00,    0.93913E+00
   -0.24397E+00,   -0.54662E-01,    0.95331E+00
   -0.28049E+00,    0.18650E+00,    0.93844E+00
   -0.47279E-01,   -0.48680E+00,    0.99823E+00
   -0.28238E+00,    0.23229E+00,    0.93761E+00
   -0.14284E+00,   -0.32729E+00,    0.98391E+00
   -0.23209E+00,   -0.99829E-01,    0.95771E+00
   -0.27419E+00,    0.10824E+00,    0.94114E+00
   -0.28278E+00,    0.28797E+00,    0.93744E+00
   -0.19419E+00,   -0.21384E+00,    0.97033E+00
   -0.27799E+00,    0.14041E+00,    0.93952E+00
   -0.18907E+00,   -0.22710E+00,    0.97187E+00
   -0.23838E+00,   -0.80368E-01,    0.95541E+00
   -0.27402E+00,    0.41823E+00,    0.94122E+00
   -0.81262E-01,   -0.43774E+00,    0.99478E+00
   -0.20324E+00,   -0.19099E+00,    0.96752E+00
   -0.18593E+00,   -0.23544E+00,    0.97279E+00
   -0.62703E-01,   -0.46651E+00,    0.99689E+00
   -0.23586E+00,   -0.90570E-01,    0.95634E+00
   -0.11115E+00,   -0.38883E+00,    0.99025E+00
   -0.27620E+00,    0.11712E+00,    0.94029E+00
   -0.18314E+00,   -0.24338E+00,    0.97360E+00
   -0.27326E+00,    0.91098E-01,    0.94154E+00
   -0.24788E+00,   -0.45853E-01,    0.95181E+00
   -0.27654E+00,    0.40236E+00,    0.94014E+00
   -0.27998E+00,    0.36697E+00,    0.93866E+00
   -0.28426E+00,    0.27808E+00,    0.93679E+00
   -0.28386E+00,    0.22240E+00,    0.93696E+00
   -0.22234E+00,   -0.13757E+00,    0.96117E+00
   -0.25212E+00,   -0.28550E-01,    0.95016E+00
   -0.12001E+00,   -0.37406E+00,    0.98863E+00
   -0.26701E+00,    0.46686E-01,    0.94416E+00
   -0.28198E+00,    0.17662E+00,    0.93779E+00
   -0.45161E-01,   -0.49341E+00,    0.99839E+00
   -0.10311E+00,   -0.40403E+00,    0.99161E+00
   -0.15257E+00,   -0.31225E+00,    0.98165E+00
   -0.27790E+00,    0.12615E+00,    0.93956E+00
   -0.19219E+00,   -0.22351E+00,    0.97094E+00
   -0.16056E+00,   -0.29688E+00,    0.97969E+00
   -0.42683E-01,   -0.49817E+00,    0.99856E+00
   -0.26159E+00,    0.11366E-01,    0.94638E+00
   -0.59732E-01,   -0.47397E+00,    0.99718E+00
   -0.28575E+00,    0.26819E+00,    0.93613E+00
   -0.77854E-01,   -0.44703E+00,    0.99521E+00
   -0.28318E+00,    0.34364E+00,    0.93726E+00
   -0.28070E+00,    0.37688E+00,    0.93835E+00
   -0.27735E+00,    0.40974E+00,    0.93979E+00
   -0.16856E+00,   -0.28152E+00,    0.97762E+00
   -0.27672E+00,    0.10368E+00,    0.94007E+00
   -0.18983E+00,   -0.23230E+00,    0.97164E+00
   -0.28535E+00,    0.21251E+00,    0.93631E+00
   -0.24352E+00,   -0.71816E-01,    0.95348E+00
   -0.27811E+00,    0.11249E+00,    0.93947E+00
   -0.22750E+00,   -0.12887E+00,    0.95936E+00
   -0.28467E+00,    0.33375E+00,    0.93661E+00
   -0.13473E+00,   -0.35178E+00,    0.98568E+00
   -0.28346E+00,    0.16673E+00,    0.93714E+00
   -0.14239E+00,   -0.33726E+00,    0.98401E+00
   -0.18124E+00,   -0.25479E+00,    0.97414E+00
   -0.12651E+00,   -0.36732E+00,    0.98737E+00
   -0.27951E+00,    0.12108E+00,    0.93886E+00
   -0.26776E+00,    0.36943E-01,    0.94385E+00
   -0.18714E+00,   -0.24109E+00,    0.97244E+00
   -0.20971E+00,   -0.18339E+00,    0.96543E+00
   -0.28723E+00,    0.25830E+00,    0.93547E+00
   -0.27820E+00,    0.41546E+00,    0.93943E+00
   -0.21723E+00,   -0.16282E+00,    0.96292E+00
   -0.27765E+00,    0.99020E-01,    0.93966E+00
   -0.28351E+00,    0.15624E+00,    0.93712E+00
   -0.28649E+00,    0.31577E+00,    0.93580E+00
   -0.49218E-01,   -0.49291E+00,    0.99809E+00
   -0.28615E+00,    0.32386E+00,    0.93595E+00
   -0.20308E+00,   -0.20316E+00,    0.96757E+00
   -0.25353E+00,   -0.37701E-01,    0.94961E+00
   -0.28683E+00,    0.20262E+00,    0.93565E+00
   -0.28202E+00,    0.38669E+00,    0.93777E+00
   -0.26137E+00,   -0.35580E-02,    0.94647E+00
   -0.27612E+00,    0.81962E-01,    0.94032E+00
   -0.21451E+00,   -0.17326E+00,    0.96384E+00
   -0.19693E+00,   -0.22053E+00,    0.96949E+00
   -0.19369E+00,   -0.22910E+00,    0.97048E+00
   -0.93564E-01,   -0.42748E+00,    0.99309E+00
   -0.28872E+00,    0.24841E+00,    0.93481E+00
   -0.27995E+00,    0.10782E+00,    0.93867E+00
   -0.10200E+00,   -0.41396E+00,    0.99179E+00
   -0.23272E+00,   -0.12036E+00,    0.95748E+00
   -0.24862E+00,   -0.63516E-01,    0.95153E+00
   -0.19117E+00,   -0.23713E+00,    0.97124E+00
   -0.47675E-01,   -0.49772E+00,    0.99820E+00
   -0.11142E+00,   -0.39881E+00,    0.99020E+00
   -0.75697E-01,   -0.45669E+00,    0.99547E+00
   -0.26853E+00,    0.27014E-01,    0.94353E+00
   -0.19956E+00,   -0.21697E+00,    0.96868E+00
   -0.89193E-01,   -0.43635E+00,    0.99372E+00
   -0.28196E+00,    0.11679E+00,    0.93780E+00
   -0.28362E+00,    0.13161E+00,    0.93707E+00
   -0.22255E+00,   -0.15474E+00,    0.96109E+00
   -0.26102E+00,   -0.13908E-01,    0.94661E+00
   -0.28164E+00,    0.40773E+00,    0.93794E+00
   -0.16100E+00,   -0.30687E+00,    0.97957E+00
   -0.28831E+00,    0.19273E+00,    0.93499E+00
   -0.28960E+00,    0.29876E+00,    0.93442E+00
   -0.28318E+00,    0.39657E+00,    0.93726E+00
   -0.29020E+00,    0.23852E+00,    0.93415E+00
   -0.28003E+00,    0.94374E-01,    0.93864E+00
   -0.27544E+00,    0.60989E-01,    0.94061E+00
   -0.16900E+00,   -0.29151E+00,    0.97750E+00
   -0.27389E+00,    0.50921E-01,    0.94127E+00
   -0.25242E+00,   -0.54352E-01,    0.95004E+00
   -0.19749E+00,   -0.22583E+00,    0.96932E+00
   -0.20260E+00,   -0.21302E+00,    0.96772E+00
   -0.23792E+00,   -0.10929E+00,    0.95558E+00
   -0.28172E+00,    0.10313E+00,    0.93790E+00
   -0.28235E+00,    0.41265E+00,    0.93763E+00
   -0.28642E+00,    0.14695E+00,    0.93583E+00
   -0.14283E+00,   -0.34618E+00,    0.98391E+00
   -0.18909E+00,   -0.24771E+00,    0.97186E+00
   -0.15047E+00,   -0.33139E+00,    0.98215E+00
   -0.54579E-01,   -0.49177E+00,    0.99765E+00
   -0.12197E+00,   -0.38483E+00,    0.98826E+00
   -0.72352E-01,   -0.46578E+00,    0.99586E+00
   -0.13478E+00,   -0.36172E+00,    0.98567E+00
   -0.29128E+00,    0.28631E+00,    0.93366E+00
   -0.17699E+00,   -0.27614E+00,    0.97533E+00
   -0.28324E+00,    0.11172E+00,    0.93724E+00
   -0.22733E+00,   -0.14622E+00,    0.95942E+00
   -0.26080E+00,   -0.23622E-01,    0.94670E+00
   -0.28081E+00,    0.89686E-01,    0.93830E+00
   -0.24199E+00,   -0.98460E-01,    0.95405E+00
   -0.27834E+00,    0.71747E-01,    0.93937E+00
   -0.19509E+00,   -0.23470E+00,    0.97006E+00
   -0.29168E+00,    0.22863E+00,    0.93348E+00
   -0.28980E+00,    0.18284E+00,    0.93433E+00
   -0.61006E-01,   -0.48406E+00,    0.99706E+00
   -0.10055E+00,   -0.42374E+00,    0.99202E+00
   -0.87309E-01,   -0.44558E+00,    0.99398E+00
   -0.52662E-01,   -0.49722E+00,    0.99781E+00
   -0.24576E+00,   -0.89234E-01,    0.95262E+00
   -0.20124E+00,   -0.22250E+00,    0.96815E+00
   -0.69092E-01,   -0.47378E+00,    0.99623E+00
   -0.28340E+00,    0.98407E-01,    0.93717E+00
   -0.28551E+00,    0.40410E+00,    0.93624E+00
   -0.28878E+00,    0.37103E+00,    0.93479E+00
   -0.29059E+00,    0.34822E+00,    0.93397E+00
   -0.27544E+00,    0.41740E-01,    0.94061E+00
   -0.20669E+00,   -0.21018E+00,    0.96641E+00
   -0.23221E+00,   -0.13754E+00,    0.95767E+00
   -0.29317E+00,    0.21874E+00,    0.93281E+00
   -0.29296E+00,    0.30817E+00,    0.93291E+00
   -0.27074E+00,    0.14633E-01,    0.94260E+00
   -0.25779E+00,   -0.46021E-01,    0.94792E+00
   -0.29018E+00,    0.35919E+00,    0.93416E+00
   -0.11111E+00,   -0.40862E+00,    0.99025E+00
   -0.26074E+00,   -0.33617E-01,    0.94673E+00
   -0.19898E+00,   -0.23061E+00,    0.96886E+00
   -0.29128E+00,    0.17296E+00,    0.93366E+00
   -0.24950E+00,   -0.79973E-01,    0.95118E+00
   -0.28731E+00,    0.12362E+00,    0.93544E+00
   -0.28571E+00,    0.10731E+00,    0.93615E+00
   -0.28302E+00,    0.84973E-01,    0.93733E+00
   -0.16144E+00,   -0.31686E+00,    0.97946E+00
   -0.21406E+00,   -0.19420E+00,    0.96399E+00
   -0.28647E+00,    0.40980E+00,    0.93581E+00
   -0.85018E-01,   -0.45337E+00,    0.99429E+00
   -0.20493E+00,   -0.21910E+00,    0.96698E+00
   -0.28972E+00,    0.38096E+00,    0.93436E+00
   -0.28501E+00,    0.93658E-01,    0.93646E+00
   -0.12110E+00,   -0.39479E+00,    0.98843E+00
   -0.25338E+00,   -0.70770E-01,    0.94967E+00
   -0.29465E+00,    0.20885E+00,    0.93214E+00
   -0.29397E+00,    0.33009E+00,    0.93245E+00
   -0.60060E-01,   -0.49171E+00,    0.99715E+00
   -0.28365E+00,    0.80253E-01,    0.93706E+00
   -0.27030E+00,    0.92415E-03,    0.94279E+00
   -0.21024E+00,   -0.20743E+00,    0.96525E+00
   -0.98622E-01,   -0.43337E+00,    0.99232E+00
   -0.17743E+00,   -0.28613E+00,    0.97521E+00
   -0.15862E+00,   -0.32562E+00,    0.98017E+00
   -0.29615E+00,    0.27758E+00,    0.93145E+00
   -0.23748E+00,   -0.12909E+00,    0.95574E+00
   -0.29276E+00,    0.16307E+00,    0.93299E+00
   -0.19720E+00,   -0.24152E+00,    0.96941E+00
   -0.27668E+00,    0.32513E-01,    0.94008E+00
   -0.28707E+00,    0.10182E+00,    0.93555E+00
   -0.20282E+00,   -0.22805E+00,    0.96765E+00
   -0.14325E+00,   -0.35690E+00,    0.98382E+00
   -0.57644E-01,   -0.49667E+00,    0.99737E+00
   -0.22736E+00,   -0.16194E+00,    0.95941E+00
   -0.15153E+00,   -0.34129E+00,    0.98190E+00
   -0.13551E+00,   -0.37163E+00,    0.98552E+00
   -0.18542E+00,   -0.27076E+00,    0.97294E+00
   -0.28955E+00,    0.40122E+00,    0.93444E+00
   -0.29063E+00,    0.39200E+00,    0.93396E+00
   -0.20856E+00,   -0.21565E+00,    0.96581E+00
   -0.26974E+00,   -0.90182E-02,    0.94302E+00
   -0.29614E+00,    0.19896E+00,    0.93146E+00
   -0.13131E+00,   -0.38066E+00,    0.98640E+00
   -0.29757E+00,    0.26017E+00,    0.93080E+00
   -0.29632E+00,    0.31748E+00,    0.93138E+00
   -0.21360E+00,   -0.20315E+00,    0.96414E+00
   -0.28653E+00,    0.88883E-01,    0.93579E+00
   -0.81640E-01,   -0.46302E+00,    0.99473E+00
   -0.29802E+00,    0.24475E+00,    0.93059E+00
   -0.25824E+00,   -0.62391E-01,    0.94774E+00
   -0.22108E+00,   -0.18451E+00,    0.96160E+00
   -0.19341E+00,   -0.25540E+00,    0.97057E+00
   -0.29044E+00,    0.11421E+00,    0.93404E+00
   -0.20658E+00,   -0.22383E+00,    0.96645E+00
   -0.29425E+00,    0.15318E+00,    0.93232E+00
   -0.28558E+00,    0.75245E-01,    0.93621E+00
   -0.29056E+00,    0.40691E+00,    0.93399E+00
   -0.64427E-01,   -0.49058E+00,    0.99672E+00
   -0.23228E+00,   -0.15380E+00,    0.95764E+00
   -0.27761E+00,    0.23250E-01,    0.93968E+00
   -0.28914E+00,    0.97699E-01,    0.93463E+00
   -0.28483E+00,    0.65047E-01,    0.93654E+00
   -0.96748E-01,   -0.44273E+00,    0.99261E+00
   -0.26963E+00,   -0.18976E-01,    0.94307E+00
   -0.21213E+00,   -0.21213E+00,    0.96463E+00
   -0.28364E+00,    0.56070E-01,    0.93706E+00
   -0.11015E+00,   -0.42110E+00,    0.99042E+00
   -0.29762E+00,    0.18907E+00,    0.93078E+00
   -0.29906E+00,    0.29797E+00,    0.93011E+00
   -0.29951E+00,    0.23486E+00,    0.92991E+00
   -0.28798E+00,    0.84082E-01,    0.93514E+00
   -0.28617E+00,    0.70730E-01,    0.93595E+00
   -0.24430E+00,   -0.11910E+00,    0.95318E+00
   -0.12031E+00,   -0.40475E+00,    0.98858E+00
   -0.16988E+00,   -0.31149E+00,    0.97727E+00
   -0.29502E+00,    0.14238E+00,    0.93197E+00
   -0.21771E+00,   -0.19958E+00,    0.96276E+00
   -0.24849E+00,   -0.10637E+00,    0.95158E+00
   -0.29788E+00,    0.34138E+00,    0.93066E+00
   -0.78928E-01,   -0.47206E+00,    0.99508E+00
   -0.62620E-01,   -0.49606E+00,    0.99690E+00
   -0.17787E+00,   -0.29612E+00,    0.97509E+00
   -0.25185E+00,   -0.96999E-01,    0.95027E+00
   -0.29031E+00,    0.92172E-01,    0.93410E+00
   -0.21033E+00,   -0.22115E+00,    0.96523E+00
   -0.23729E+00,   -0.14596E+00,    0.95581E+00
   -0.14361E+00,   -0.36587E+00,    0.98374E+00
   -0.15145E+00,   -0.35121E+00,    0.98192E+00
   -0.15950E+00,   -0.33557E+00,    0.97995E+00
   -0.13015E+00,   -0.39058E+00,    0.98664E+00
   -0.28410E+00,    0.46852E-01,    0.93686E+00
   -0.30099E+00,    0.22497E+00,    0.92922E+00
   -0.29420E+00,    0.39870E+00,    0.93234E+00
   -0.21565E+00,   -0.20856E+00,    0.96346E+00
   -0.30127E+00,    0.28613E+00,    0.92909E+00
   -0.20519E+00,   -0.23539E+00,    0.96690E+00
   -0.18586E+00,   -0.28075E+00,    0.97281E+00
   -0.29910E+00,    0.17919E+00,    0.93009E+00
   -0.22836E+00,   -0.17387E+00,    0.95905E+00
   -0.28934E+00,    0.79259E-01,    0.93453E+00
   -0.73632E-01,   -0.48250E+00,    0.99572E+00
   -0.22052E+00,   -0.19664E+00,    0.96180E+00
   -0.69231E-01,   -0.48912E+00,    0.99621E+00
   -0.30207E+00,    0.26909E+00,    0.92872E+00
   -0.25565E+00,   -0.87791E-01,    0.94877E+00
   -0.10749E+00,   -0.43069E+00,    0.99088E+00
   -0.29603E+00,    0.13175E+00,    0.93151E+00
   -0.26711E+00,   -0.42904E-01,    0.94412E+00
   -0.17503E+00,   -0.30616E+00,    0.97588E+00
   -0.26988E+00,   -0.31360E-01,    0.94296E+00
   -0.26451E+00,   -0.54366E-01,    0.94519E+00
   -0.29463E+00,    0.40397E+00,    0.93215E+00
   -0.19385E+00,   -0.26539E+00,    0.97044E+00
   -0.29771E+00,    0.37498E+00,    0.93074E+00
   -0.94825E-01,   -0.45195E+00,    0.99290E+00
   -0.21394E+00,   -0.21680E+00,    0.96403E+00
   -0.22351E+00,   -0.19219E+00,    0.96076E+00
   -0.30247E+00,    0.21508E+00,    0.92853E+00
   -0.24203E+00,   -0.13795E+00,    0.95404E+00
   -0.30017E+00,    0.35109E+00,    0.92960E+00
   -0.28028E+00,    0.14063E-01,    0.93853E+00
   -0.28838E+00,    0.61128E-01,    0.93497E+00
   -0.27855E+00,    0.46551E-02,    0.93928E+00
   -0.28472E+00,    0.38291E-01,    0.93659E+00
   -0.30182E+00,    0.32554E+00,    0.92884E+00
   -0.21910E+00,   -0.20493E+00,    0.96228E+00
   -0.25937E+00,   -0.78757E-01,    0.94728E+00
   -0.29224E+00,    0.87983E-01,    0.93323E+00
   -0.30353E+00,    0.25163E+00,    0.92804E+00
   -0.30059E+00,    0.16930E+00,    0.92941E+00
   -0.29062E+00,    0.74413E-01,    0.93396E+00
   -0.30278E+00,    0.30988E+00,    0.92839E+00
   -0.11911E+00,   -0.41459E+00,    0.98880E+00
   -0.20184E+00,   -0.25002E+00,    0.96796E+00
   -0.67589E-01,   -0.49541E+00,    0.99639E+00
   -0.29753E+00,    0.39533E+00,    0.93082E+00
   -0.17031E+00,   -0.32148E+00,    0.97715E+00
   -0.91398E-01,   -0.46095E+00,    0.99340E+00
   -0.29537E+00,    0.10256E+00,    0.93181E+00
   -0.10458E+00,   -0.44083E+00,    0.99136E+00
   -0.30396E+00,    0.20519E+00,    0.92783E+00
   -0.24651E+00,   -0.12978E+00,    0.95234E+00
   -0.29323E+00,    0.82420E-01,    0.93278E+00
   -0.27855E+00,   -0.46551E-02,    0.93928E+00
   -0.21760E+00,   -0.21400E+00,    0.96279E+00
   -0.22250E+00,   -0.20124E+00,    0.96111E+00
   -0.22716E+00,   -0.18897E+00,    0.95948E+00
   -0.26383E+00,   -0.69821E-01,    0.94547E+00
   -0.12932E+00,   -0.40043E+00,    0.98681E+00
   -0.29183E+00,    0.69546E-01,    0.93342E+00
   -0.29870E+00,    0.12351E+00,    0.93028E+00
   -0.30207E+00,    0.15941E+00,    0.92872E+00
   -0.29024E+00,    0.56649E-01,    0.93413E+00
   -0.14361E+00,   -0.37585E+00,    0.98374E+00
   -0.18630E+00,   -0.29074E+00,    0.97268E+00
   -0.23636E+00,   -0.16448E+00,    0.95615E+00
   -0.74249E-01,   -0.48919E+00,    0.99564E+00
   -0.29866E+00,    0.40100E+00,    0.93030E+00
   -0.30611E+00,    0.27755E+00,    0.92682E+00
   -0.30028E+00,    0.38593E+00,    0.92955E+00
   -0.30266E+00,    0.36076E+00,    0.92845E+00
   -0.22981E+00,   -0.18462E+00,    0.95853E+00
   -0.21321E+00,   -0.22895E+00,    0.96427E+00
   -0.15231E+00,   -0.36109E+00,    0.98171E+00
   -0.15993E+00,   -0.34655E+00,    0.97984E+00
   -0.29026E+00,    0.51458E-01,    0.93412E+00
   -0.22091E+00,   -0.20953E+00,    0.96166E+00
   -0.27824E+00,   -0.13960E-01,    0.93941E+00
   -0.30544E+00,    0.19530E+00,    0.92714E+00
   -0.16829E+00,   -0.33084E+00,    0.97769E+00
   -0.19429E+00,   -0.27538E+00,    0.97030E+00
   -0.30504E+00,    0.33462E+00,    0.92733E+00
   -0.17559E+00,   -0.31612E+00,    0.97572E+00
   -0.30672E+00,    0.29447E+00,    0.92654E+00
   -0.22583E+00,   -0.19749E+00,    0.95995E+00
   -0.88376E-01,   -0.47038E+00,    0.99383E+00
   -0.29295E+00,    0.64660E-01,    0.93291E+00
   -0.13931E+00,   -0.38665E+00,    0.98469E+00
   -0.30733E+00,    0.24109E+00,    0.92625E+00
   -0.30615E+00,    0.31919E+00,    0.92681E+00
   -0.29502E+00,    0.78169E-01,    0.93197E+00
   -0.30754E+00,    0.26077E+00,    0.92615E+00
   -0.28749E+00,    0.28846E-01,    0.93536E+00
   -0.72552E-01,   -0.49471E+00,    0.99584E+00
   -0.25463E+00,   -0.11303E+00,    0.94917E+00
   -0.10208E+00,   -0.45050E+00,    0.99177E+00
   -0.30355E+00,    0.14952E+00,    0.92803E+00
   -0.18403E+00,   -0.30072E+00,    0.97334E+00
   -0.30018E+00,    0.11362E+00,    0.92960E+00
   -0.20228E+00,   -0.26001E+00,    0.96782E+00
   -0.22383E+00,   -0.20658E+00,    0.96065E+00
   -0.27787E+00,   -0.23929E-01,    0.93957E+00
   -0.25220E+00,   -0.12311E+00,    0.95013E+00
   -0.23360E+00,   -0.18072E+00,    0.95716E+00
   -0.30221E+00,    0.39264E+00,    0.92865E+00
   -0.24206E+00,   -0.15610E+00,    0.95403E+00
   -0.29172E+00,    0.46978E-01,    0.93346E+00
   -0.22910E+00,   -0.19369E+00,    0.95879E+00
   -0.30693E+00,    0.18542E+00,    0.92644E+00
   -0.29857E+00,    0.93411E-01,    0.93034E+00
   -0.29582E+00,    0.72576E-01,    0.93161E+00
   -0.29399E+00,    0.59756E-01,    0.93244E+00
   -0.25826E+00,   -0.10446E+00,    0.94773E+00
   -0.83875E-01,   -0.48090E+00,    0.99444E+00
   -0.30883E+00,    0.30207E+00,    0.92554E+00
   -0.12815E+00,   -0.41033E+00,    0.98704E+00
   -0.28737E+00,    0.18179E-01,    0.93541E+00
   -0.11729E+00,   -0.42883E+00,    0.98914E+00
   -0.23585E+00,   -0.17684E+00,    0.95634E+00
   -0.21028E+00,   -0.24465E+00,    0.96524E+00
   -0.79149E-01,   -0.48842E+00,    0.99505E+00
   -0.30267E+00,    0.39799E+00,    0.92844E+00
   -0.29181E+00,    0.41730E-01,    0.93342E+00
   -0.27739E+00,   -0.32535E-01,    0.93978E+00
   -0.26161E+00,   -0.95768E-01,    0.94637E+00
   -0.30741E+00,    0.34432E+00,    0.92621E+00
   -0.27584E+00,   -0.41138E-01,    0.94044E+00
   -0.23804E+00,   -0.17271E+00,    0.95553E+00
   -0.30504E+00,    0.13963E+00,    0.92733E+00
   -0.23230E+00,   -0.18983E+00,    0.95764E+00
   -0.26466E+00,   -0.86973E-01,    0.94513E+00
   -0.27389E+00,   -0.50921E-01,    0.94127E+00
   -0.22749E+00,   -0.20355E+00,    0.95936E+00
   -0.29495E+00,    0.54835E-01,    0.93200E+00
   -0.16027E+00,   -0.35517E+00,    0.97976E+00
   -0.22109E+00,   -0.22109E+00,    0.96160E+00
   -0.30841E+00,    0.17552E+00,    0.92573E+00
   -0.31070E+00,    0.22614E+00,    0.92464E+00
   -0.15222E+00,   -0.37080E+00,    0.98174E+00
   -0.28738E+00,    0.94230E-02,    0.93541E+00
   -0.13803E+00,   -0.39654E+00,    0.98497E+00
   -0.16803E+00,   -0.34074E+00,    0.97776E+00
   -0.29247E+00,    0.36848E-01,    0.93313E+00
   -0.29746E+00,    0.68268E-01,    0.93085E+00
   -0.31111E+00,    0.28553E+00,    0.92444E+00
   -0.99785E-01,   -0.46021E+00,    0.99214E+00
   -0.27220E+00,   -0.60751E-01,    0.94199E+00
   -0.77508E-01,   -0.49396E+00,    0.99525E+00
   -0.19473E+00,   -0.28537E+00,    0.97017E+00
   -0.30537E+00,    0.39004E+00,    0.92717E+00
   -0.11407E+00,   -0.43819E+00,    0.98973E+00
   -0.31201E+00,    0.26950E+00,    0.92401E+00
   -0.22600E+00,   -0.21120E+00,    0.95989E+00
   -0.23544E+00,   -0.18593E+00,    0.95649E+00
   -0.18392E+00,   -0.31070E+00,    0.97337E+00
   -0.24869E+00,   -0.14727E+00,    0.95150E+00
   -0.29582E+00,    0.49899E-01,    0.93160E+00
   -0.24163E+00,   -0.16886E+00,    0.95419E+00
   -0.20272E+00,   -0.27000E+00,    0.96768E+00
   -0.31096E+00,    0.32859E+00,    0.92452E+00
   -0.29808E+00,    0.62651E-01,    0.93057E+00
   -0.30652E+00,    0.12974E+00,    0.92663E+00
   -0.26930E+00,   -0.78176E-01,    0.94321E+00
   -0.23141E+00,   -0.19898E+00,    0.95796E+00
   -0.30131E+00,    0.83599E-01,    0.92907E+00
   -0.30973E+00,    0.35372E+00,    0.92510E+00
   -0.17720E+00,   -0.32637E+00,    0.97528E+00
   -0.31223E+00,    0.31138E+00,    0.92391E+00
   -0.30989E+00,    0.16564E+00,    0.92503E+00
   -0.31345E+00,    0.25277E+00,    0.92332E+00
   -0.30664E+00,    0.39493E+00,    0.92657E+00
   -0.24423E+00,   -0.16429E+00,    0.95321E+00
   -0.25302E+00,   -0.13745E+00,    0.94981E+00
   -0.29409E+00,    0.31664E-01,    0.93239E+00
   -0.23851E+00,   -0.18196E+00,    0.95536E+00
   -0.21072E+00,   -0.25464E+00,    0.96510E+00
   -0.84360E-01,   -0.48830E+00,    0.99438E+00
   -0.29661E+00,    0.44949E-01,    0.93124E+00
   -0.31317E+00,    0.20895E+00,    0.92345E+00
   -0.97789E-01,   -0.46851E+00,    0.99245E+00
   -0.23457E+00,   -0.19430E+00,    0.95681E+00
   -0.28885E+00,   -0.59416E-04,    0.93475E+00
   -0.29406E+00,    0.27585E-01,    0.93241E+00
   -0.31328E+00,    0.20154E+00,    0.92340E+00
   -0.25645E+00,   -0.12977E+00,    0.94845E+00
   -0.31449E+00,    0.23539E+00,    0.92282E+00
   -0.30879E+00,    0.38572E+00,    0.92555E+00
   -0.11165E+00,   -0.44787E+00,    0.99016E+00
   -0.29958E+00,    0.58290E-01,    0.92988E+00
   -0.31467E+00,    0.29484E+00,    0.92272E+00
   -0.82456E-01,   -0.49315E+00,    0.99463E+00
   -0.29395E+00,    0.22146E-01,    0.93246E+00
   -0.31029E+00,    0.37574E+00,    0.92484E+00
   -0.30800E+00,    0.11985E+00,    0.92593E+00
   -0.24152E+00,   -0.17795E+00,    0.95423E+00
   -0.13723E+00,   -0.40650E+00,    0.98515E+00
   -0.31138E+00,    0.15575E+00,    0.92432E+00
   -0.16012E+00,   -0.36515E+00,    0.97980E+00
   -0.21871E+00,   -0.23927E+00,    0.96242E+00
   -0.29732E+00,    0.39986E-01,    0.93092E+00
   -0.28797E+00,   -0.10685E-01,    0.93515E+00
   -0.12776E+00,   -0.42347E+00,    0.98712E+00
   -0.24785E+00,   -0.16090E+00,    0.95182E+00
   -0.31192E+00,    0.36324E+00,    0.92405E+00
   -0.19517E+00,   -0.29536E+00,    0.97003E+00
   -0.31604E+00,    0.27856E+00,    0.92206E+00
   -0.24979E+00,   -0.15654E+00,    0.95107E+00
   -0.23793E+00,   -0.19114E+00,    0.95557E+00
   -0.31631E+00,    0.24501E+00,    0.92193E+00
   -0.31476E+00,    0.19165E+00,    0.92269E+00
   -0.15304E+00,   -0.38075E+00,    0.98154E+00
   -0.26078E+00,   -0.12237E+00,    0.94671E+00
   -0.93867E-01,   -0.47887E+00,    0.99304E+00
   -0.16906E+00,   -0.35058E+00,    0.97749E+00
   -0.30366E+00,    0.73513E-01,    0.92798E+00
   -0.24446E+00,   -0.17389E+00,    0.95312E+00
   -0.31461E+00,    0.33747E+00,    0.92276E+00
   -0.17653E+00,   -0.33632E+00,    0.97546E+00
   -0.88925E-01,   -0.48673E+00,    0.99375E+00
   -0.29795E+00,    0.35012E-01,    0.93063E+00
   -0.20316E+00,   -0.27999E+00,    0.96754E+00
   -0.24046E+00,   -0.18613E+00,    0.95463E+00
   -0.18454E+00,   -0.32044E+00,    0.97319E+00
   -0.28719E+00,   -0.21209E-01,    0.93549E+00
   -0.31059E+00,    0.39184E+00,    0.92469E+00
   -0.29496E+00,    0.17542E-01,    0.93200E+00
   -0.30121E+00,    0.53400E-01,    0.92912E+00
   -0.31727E+00,    0.26196E+00,    0.92146E+00
   -0.14751E+00,   -0.39233E+00,    0.98285E+00
   -0.31683E+00,    0.21825E+00,    0.92168E+00
   -0.30056E+00,    0.47655E-01,    0.92942E+00
   -0.29453E+00,    0.12311E-01,    0.93219E+00
   -0.31286E+00,    0.14586E+00,    0.92360E+00
   -0.10933E+00,   -0.45728E+00,    0.99056E+00
   -0.31654E+00,    0.32031E+00,    0.92182E+00
   -0.30948E+00,    0.10996E+00,    0.92522E+00
   -0.26472E+00,   -0.11358E+00,    0.94510E+00
   -0.19259E+00,   -0.30585E+00,    0.97082E+00
   -0.25310E+00,   -0.15222E+00,    0.94978E+00
   -0.24733E+00,   -0.16978E+00,    0.95202E+00
   -0.21116E+00,   -0.26463E+00,    0.96495E+00
   -0.29849E+00,    0.30029E-01,    0.93038E+00
   -0.31624E+00,    0.18176E+00,    0.92197E+00
   -0.28598E+00,   -0.33715E-01,    0.93603E+00
   -0.29469E+00,    0.73882E-02,    0.93212E+00
   -0.87395E-01,   -0.49230E+00,    0.99397E+00
   -0.30917E+00,    0.99675E-01,    0.92537E+00
   -0.31314E+00,    0.38309E+00,    0.92347E+00
   -0.24338E+00,   -0.18314E+00,    0.95353E+00
   -0.12351E+00,   -0.43653E+00,    0.98796E+00
   -0.26836E+00,   -0.10465E+00,    0.94360E+00
   -0.23537E+00,   -0.20583E+00,    0.95652E+00
   -0.30145E+00,    0.43636E-01,    0.92901E+00
   -0.31854E+00,    0.30407E+00,    0.92084E+00
   -0.13629E+00,   -0.41589E+00,    0.98535E+00
   -0.25557E+00,   -0.14895E+00,    0.94880E+00
   -0.25013E+00,   -0.16563E+00,    0.95094E+00
   -0.25732E+00,   -0.14382E+00,    0.94810E+00
   -0.27166E+00,   -0.95449E-01,    0.94221E+00
   -0.21915E+00,   -0.24926E+00,    0.96227E+00
   -0.29895E+00,    0.25037E-01,    0.93016E+00
   -0.31701E+00,    0.34690E+00,    0.92159E+00
   -0.27836E+00,   -0.71778E-01,    0.93936E+00
   -0.31434E+00,    0.13597E+00,    0.92289E+00
   -0.28182E+00,   -0.59155E-01,    0.93786E+00
   -0.29534E+00,    0.19876E-02,    0.93182E+00
   -0.31772E+00,    0.17186E+00,    0.92124E+00
   -0.31450E+00,    0.38870E+00,    0.92281E+00
   -0.28500E+00,   -0.47557E-01,    0.93646E+00
   -0.25287E+00,   -0.16142E+00,    0.94987E+00
   -0.17685E+00,   -0.34447E+00,    0.97537E+00
   -0.16880E+00,   -0.36023E+00,    0.97756E+00
   -0.29933E+00,    0.20038E-01,    0.92999E+00
   -0.10716E+00,   -0.46646E+00,    0.99093E+00
   -0.32060E+00,    0.22747E+00,    0.91983E+00
   -0.30641E+00,    0.62280E-01,    0.92668E+00
   -0.16121E+00,   -0.37502E+00,    0.97952E+00
   -0.24721E+00,   -0.17898E+00,    0.95207E+00
   -0.94206E-01,   -0.48646E+00,    0.99299E+00
   -0.14624E+00,   -0.40224E+00,    0.98314E+00
   -0.32095E+00,    0.28718E+00,    0.91966E+00
   -0.26017E+00,   -0.14007E+00,    0.94696E+00
   -0.30280E+00,    0.38150E-01,    0.92838E+00
   -0.22714E+00,   -0.23389E+00,    0.95948E+00
   -0.18451E+00,   -0.33034E+00,    0.97320E+00
   -0.27630E+00,   -0.85186E-01,    0.94025E+00
   -0.26198E+00,   -0.13514E+00,    0.94622E+00
   -0.12121E+00,   -0.44516E+00,    0.98841E+00
   -0.20360E+00,   -0.28998E+00,    0.96740E+00
   -0.29469E+00,   -0.73882E-02,    0.93212E+00
   -0.29577E+00,   -0.20946E-02,    0.93163E+00
   -0.24934E+00,   -0.17448E+00,    0.95125E+00
   -0.32184E+00,    0.27083E+00,    0.91921E+00
   -0.25553E+00,   -0.15718E+00,    0.94882E+00
   -0.19225E+00,   -0.31578E+00,    0.97092E+00
   -0.29962E+00,    0.15033E-01,    0.92985E+00
   -0.26420E+00,   -0.13075E+00,    0.94532E+00
   -0.92326E-01,   -0.49140E+00,    0.99327E+00
   -0.31696E+00,    0.38068E+00,    0.92161E+00
   -0.31582E+00,    0.12608E+00,    0.92217E+00
   -0.24211E+00,   -0.19785E+00,    0.95401E+00
   -0.21160E+00,   -0.27462E+00,    0.96481E+00
   -0.32092E+00,    0.32922E+00,    0.91967E+00
   -0.30340E+00,    0.33085E-01,    0.92810E+00
   -0.29389E+00,   -0.16864E-01,    0.93248E+00
   -0.31931E+00,    0.35653E+00,    0.92046E+00
   -0.31920E+00,    0.16197E+00,    0.92052E+00
   -0.32187E+00,    0.31195E+00,    0.91920E+00
   -0.29528E+00,   -0.12072E-01,    0.93185E+00
   -0.25812E+00,   -0.15288E+00,    0.94778E+00
   -0.19996E+00,   -0.30204E+00,    0.96855E+00
   -0.31245E+00,    0.90181E-01,    0.92380E+00
   -0.23513E+00,   -0.21853E+00,    0.95660E+00
   -0.29983E+00,    0.10024E-01,    0.92976E+00
   -0.32346E+00,    0.25327E+00,    0.91841E+00
   -0.10332E+00,   -0.47702E+00,    0.99157E+00
   -0.29274E+00,   -0.26981E-01,    0.93301E+00
   -0.26842E+00,   -0.12185E+00,    0.94357E+00
   -0.26710E+00,   -0.12641E+00,    0.94412E+00
   -0.29395E+00,   -0.22146E-01,    0.93246E+00
   -0.25305E+00,   -0.17062E+00,    0.94980E+00
   -0.21959E+00,   -0.25925E+00,    0.96212E+00
   -0.98665E-01,   -0.48485E+00,    0.99231E+00
   -0.32305E+00,    0.21044E+00,    0.91861E+00
   -0.32258E+00,    0.19787E+00,    0.91885E+00
   -0.24703E+00,   -0.18850E+00,    0.95214E+00
   -0.26064E+00,   -0.14855E+00,    0.94677E+00
   -0.31838E+00,    0.38553E+00,    0.92092E+00
   -0.13694E+00,   -0.42467E+00,    0.98521E+00
   -0.29996E+00,    0.50129E-02,    0.92970E+00
   -0.11894E+00,   -0.45463E+00,    0.98884E+00
   -0.30449E+00,    0.28124E-01,    0.92759E+00
   -0.30773E+00,    0.46394E-01,    0.92606E+00
   -0.32054E+00,    0.36796E+00,    0.91986E+00
   -0.32450E+00,    0.29611E+00,    0.91789E+00
   -0.31731E+00,    0.11619E+00,    0.92144E+00
   -0.32068E+00,    0.15209E+00,    0.91979E+00
   -0.27234E+00,   -0.11281E+00,    0.94193E+00
   -0.29305E+00,   -0.31956E-01,    0.93287E+00
   -0.32497E+00,    0.23645E+00,    0.91766E+00
   -0.17661E+00,   -0.35455E+00,    0.97544E+00
   -0.27118E+00,   -0.11741E+00,    0.94242E+00
   -0.25587E+00,   -0.16636E+00,    0.94868E+00
   -0.26309E+00,   -0.14417E+00,    0.94577E+00
   -0.30000E+00,    0.52531E-09,    0.92968E+00
   -0.14550E+00,   -0.41204E+00,    0.98331E+00
   -0.30433E+00,    0.22928E-01,    0.92766E+00
   -0.13301E+00,   -0.43348E+00,    0.98604E+00
   -0.22758E+00,   -0.24388E+00,    0.95933E+00
   -0.16105E+00,   -0.38500E+00,    0.97956E+00
   -0.32570E+00,    0.27848E+00,    0.91729E+00
   -0.32076E+00,    0.37673E+00,    0.91975E+00
   -0.97247E-01,   -0.49045E+00,    0.99253E+00
   -0.31393E+00,    0.80291E-01,    0.92308E+00
   -0.32406E+00,    0.18799E+00,    0.91811E+00
   -0.27596E+00,   -0.10365E+00,    0.94039E+00
   -0.29181E+00,   -0.41730E-01,    0.93342E+00
   -0.32367E+00,    0.34102E+00,    0.91831E+00
   -0.29309E+00,   -0.36443E-01,    0.93285E+00
   -0.26546E+00,   -0.13976E+00,    0.94480E+00
   -0.16966E+00,   -0.37017E+00,    0.97733E+00
   -0.27495E+00,   -0.10828E+00,    0.94082E+00
   -0.29996E+00,   -0.50129E-02,    0.92970E+00
   -0.25861E+00,   -0.16207E+00,    0.94759E+00
   -0.28294E+00,   -0.80137E-01,    0.93737E+00
   -0.27927E+00,   -0.94366E-01,    0.93897E+00
   -0.18574E+00,   -0.34016E+00,    0.97285E+00
   -0.19290E+00,   -0.32573E+00,    0.97072E+00
   -0.28936E+00,   -0.56301E-01,    0.93453E+00
   -0.26087E+00,   -0.15696E+00,    0.94668E+00
   -0.21203E+00,   -0.28461E+00,    0.96466E+00
   -0.26776E+00,   -0.13530E+00,    0.94385E+00
   -0.27840E+00,   -0.98999E-01,    0.93934E+00
   -0.29983E+00,   -0.10024E-01,    0.92976E+00
   -0.30532E+00,    0.17956E-01,    0.92720E+00
   -0.32724E+00,    0.26251E+00,    0.91652E+00
   -0.23557E+00,   -0.22852E+00,    0.95644E+00
   -0.15543E+00,   -0.39842E+00,    0.98096E+00
   -0.32668E+00,    0.21975E+00,    0.91680E+00
   -0.30443E+00,    0.12814E-01,    0.92761E+00
   -0.29090E+00,   -0.51084E-01,    0.93384E+00
   -0.32216E+00,    0.14220E+00,    0.91905E+00
   -0.28731E+00,   -0.65938E-01,    0.93544E+00
   -0.28495E+00,   -0.75502E-01,    0.93648E+00
   -0.29203E+00,   -0.47044E-01,    0.93333E+00
   -0.31879E+00,    0.10630E+00,    0.92072E+00
   -0.32622E+00,    0.32083E+00,    0.91703E+00
   -0.11649E+00,   -0.46422E+00,    0.98929E+00
   -0.28157E+00,   -0.89525E-01,    0.93797E+00
   -0.28267E+00,   -0.85604E-01,    0.93749E+00
   -0.32223E+00,    0.38232E+00,    0.91902E+00
   -0.26998E+00,   -0.13081E+00,    0.94292E+00
   -0.28909E+00,   -0.61162E-01,    0.93465E+00
   -0.28660E+00,   -0.71332E-01,    0.93575E+00
   -0.26304E+00,   -0.15333E+00,    0.94579E+00
   -0.29962E+00,   -0.15033E-01,    0.92985E+00
   -0.32554E+00,    0.17810E+00,    0.91737E+00
   -0.10391E+00,   -0.48450E+00,    0.99147E+00
   -0.25464E+00,   -0.17913E+00,    0.94917E+00
   -0.20809E+00,   -0.29623E+00,    0.96596E+00
   -0.22003E+00,   -0.26924E+00,    0.96197E+00
   -0.20095E+00,   -0.31199E+00,    0.96824E+00
   -0.27213E+00,   -0.12628E+00,    0.94202E+00
   -0.32861E+00,    0.24589E+00,    0.91583E+00
   -0.29933E+00,   -0.20038E-01,    0.92999E+00
   -0.13095E+00,   -0.44319E+00,    0.98647E+00
   -0.31542E+00,    0.70402E-01,    0.92236E+00
   -0.30510E+00,    0.76492E-02,    0.92730E+00
   -0.32843E+00,    0.30505E+00,    0.91592E+00
   -0.24356E+00,   -0.21315E+00,    0.95346E+00
   -0.14426E+00,   -0.42190E+00,    0.98359E+00
   -0.30444E+00,    0.21068E-02,    0.92761E+00
   -0.27420E+00,   -0.12172E+00,    0.94114E+00
   -0.31035E+00,    0.34079E-01,    0.92481E+00
   -0.32639E+00,    0.35005E+00,    0.91695E+00
   -0.29895E+00,   -0.25037E-01,    0.93016E+00
   -0.10216E+00,   -0.48945E+00,    0.99176E+00
   -0.32924E+00,    0.28775E+00,    0.91551E+00
   -0.22802E+00,   -0.25387E+00,    0.95917E+00
   -0.32365E+00,    0.13231E+00,    0.91832E+00
   -0.26641E+00,   -0.14890E+00,    0.94441E+00
   -0.32508E+00,    0.37395E+00,    0.91760E+00
   -0.27620E+00,   -0.11712E+00,    0.94029E+00
   -0.29849E+00,   -0.30029E-01,    0.93038E+00
   -0.26814E+00,   -0.14433E+00,    0.94369E+00
   -0.32702E+00,    0.16820E+00,    0.91663E+00
   -0.30446E+00,   -0.21279E-02,    0.92760E+00
   -0.32027E+00,    0.96409E-01,    0.91999E+00
   -0.27811E+00,   -0.11249E+00,    0.93947E+00
   -0.29795E+00,   -0.35012E-01,    0.93063E+00
   -0.18526E+00,   -0.34966E+00,    0.97299E+00
   -0.17780E+00,   -0.36439E+00,    0.97511E+00
   -0.12757E+00,   -0.45253E+00,    0.98716E+00
   -0.15400E+00,   -0.40827E+00,    0.98131E+00
   -0.10837E+00,   -0.48278E+00,    0.99073E+00
   -0.33055E+00,    0.22822E+00,    0.91484E+00
   -0.19340E+00,   -0.33390E+00,    0.97057E+00
   -0.27995E+00,   -0.10782E+00,    0.93867E+00
   -0.16975E+00,   -0.38011E+00,    0.97730E+00
   -0.29732E+00,   -0.39986E-01,    0.93092E+00
   -0.32604E+00,    0.37907E+00,    0.91712E+00
   -0.23601E+00,   -0.23851E+00,    0.95628E+00
   -0.28172E+00,   -0.10313E+00,    0.93790E+00
   -0.25156E+00,   -0.19778E+00,    0.95038E+00
   -0.29661E+00,   -0.44949E-01,    0.93124E+00
   -0.33041E+00,    0.20410E+00,    0.91492E+00
   -0.26139E+00,   -0.17012E+00,    0.94646E+00
   -0.11405E+00,   -0.47551E+00,    0.98973E+00
   -0.27123E+00,   -0.13992E+00,    0.94239E+00
   -0.28340E+00,   -0.98407E-01,    0.93717E+00
   -0.33176E+00,    0.27109E+00,    0.91423E+00
   -0.29582E+00,   -0.49899E-01,    0.93160E+00
   -0.30412E+00,   -0.12380E-01,    0.92776E+00
   -0.30510E+00,   -0.76492E-02,    0.92730E+00
   -0.20115E+00,   -0.32028E+00,    0.96818E+00
   -0.28501E+00,   -0.93658E-01,    0.93646E+00
   -0.29495E+00,   -0.54835E-01,    0.93200E+00
   -0.32513E+00,    0.12242E+00,    0.91758E+00
   -0.31142E+00,    0.23586E-01,    0.92429E+00
   -0.28653E+00,   -0.88883E-01,    0.93579E+00
   -0.32851E+00,    0.15831E+00,    0.91588E+00
   -0.29399E+00,   -0.59756E-01,    0.93244E+00
   -0.33139E+00,    0.31240E+00,    0.91442E+00
   -0.27497E+00,   -0.13007E+00,    0.94081E+00
   -0.28798E+00,   -0.84082E-01,    0.93514E+00
   -0.29295E+00,   -0.64660E-01,    0.93291E+00
   -0.28934E+00,   -0.79259E-01,    0.93453E+00
   -0.29183E+00,   -0.69546E-01,    0.93342E+00
   -0.29062E+00,   -0.74413E-01,    0.93396E+00
   -0.33066E+00,    0.33391E+00,    0.91479E+00
   -0.32825E+00,    0.37023E+00,    0.91601E+00
   -0.31823E+00,    0.61380E-01,    0.92099E+00
   -0.10706E+00,   -0.48840E+00,    0.99095E+00
   -0.32176E+00,    0.86521E-01,    0.91926E+00
   -0.27405E+00,   -0.13481E+00,    0.94120E+00
   -0.16443E+00,   -0.39408E+00,    0.97870E+00
   -0.33223E+00,    0.21145E+00,    0.91399E+00
   -0.24400E+00,   -0.22314E+00,    0.95329E+00
   -0.20906E+00,   -0.30618E+00,    0.96564E+00
   -0.33334E+00,    0.25468E+00,    0.91342E+00
   -0.30354E+00,   -0.22505E-01,    0.92803E+00
   -0.32965E+00,    0.36116E+00,    0.91530E+00
   -0.33189E+00,    0.19421E+00,    0.91417E+00
   -0.30467E+00,   -0.17840E-01,    0.92750E+00
   -0.14379E+00,   -0.43182E+00,    0.98370E+00
   -0.22846E+00,   -0.26386E+00,    0.95902E+00
   -0.33353E+00,    0.29671E+00,    0.91333E+00
   -0.21725E+00,   -0.29030E+00,    0.96291E+00
   -0.27790E+00,   -0.12615E+00,    0.93956E+00
   -0.12578E+00,   -0.46179E+00,    0.98752E+00
   -0.27962E+00,   -0.12077E+00,    0.93881E+00
   -0.32998E+00,    0.14842E+00,    0.91513E+00
   -0.31838E+00,    0.50623E-01,    0.92092E+00
   -0.32661E+00,    0.11253E+00,    0.91683E+00
   -0.19274E+00,   -0.34378E+00,    0.97077E+00
   -0.32983E+00,    0.37578E+00,    0.91521E+00
   -0.30285E+00,   -0.32500E-01,    0.92835E+00
   -0.30391E+00,   -0.28011E-01,    0.92786E+00
   -0.31228E+00,    0.13406E-01,    0.92388E+00
   -0.28298E+00,   -0.11154E+00,    0.93735E+00
   -0.33490E+00,    0.23698E+00,    0.91262E+00
   -0.18528E+00,   -0.35939E+00,    0.97298E+00
   -0.14022E+00,   -0.44030E+00,    0.98449E+00
   -0.15327E+00,   -0.41823E+00,    0.98148E+00
   -0.25200E+00,   -0.20777E+00,    0.95021E+00
   -0.11378E+00,   -0.48258E+00,    0.98978E+00
   -0.25821E+00,   -0.19075E+00,    0.94775E+00
   -0.23645E+00,   -0.24850E+00,    0.95612E+00
   -0.33337E+00,    0.18432E+00,    0.91341E+00
   -0.17791E+00,   -0.37433E+00,    0.97508E+00
   -0.26902E+00,   -0.15934E+00,    0.94332E+00
   -0.28232E+00,   -0.11621E+00,    0.93764E+00
   -0.33546E+00,    0.28029E+00,    0.91233E+00
   -0.32324E+00,    0.76631E-01,    0.91852E+00
   -0.30160E+00,   -0.42601E-01,    0.92894E+00
   -0.33334E+00,    0.34344E+00,    0.91342E+00
   -0.30280E+00,   -0.38150E-01,    0.92838E+00
   -0.28707E+00,   -0.10182E+00,    0.93555E+00
   -0.11195E+00,   -0.48731E+00,    0.99011E+00
   -0.28571E+00,   -0.10731E+00,    0.93615E+00
   -0.29981E+00,   -0.52978E-01,    0.92977E+00
   -0.22582E+00,   -0.27655E+00,    0.95995E+00
   -0.29016E+00,   -0.92237E-01,    0.93417E+00
   -0.29411E+00,   -0.77610E-01,    0.93238E+00
   -0.20192E+00,   -0.32980E+00,    0.96794E+00
   -0.29139E+00,   -0.88185E-01,    0.93361E+00
   -0.33683E+00,    0.26397E+00,    0.91163E+00
   -0.30136E+00,   -0.48247E-01,    0.92905E+00
   -0.33147E+00,    0.13854E+00,    0.91438E+00
   -0.29808E+00,   -0.62651E-01,    0.93057E+00
   -0.28914E+00,   -0.97699E-01,    0.93463E+00
   -0.33288E+00,    0.36745E+00,    0.91366E+00
   -0.24444E+00,   -0.23313E+00,    0.95313E+00
   -0.29557E+00,   -0.73590E-01,    0.93172E+00
   -0.16367E+00,   -0.40404E+00,    0.97889E+00
   -0.33665E+00,    0.22037E+00,    0.91172E+00
   -0.32810E+00,    0.10264E+00,    0.91609E+00
   -0.13707E+00,   -0.44949E+00,    0.98518E+00
   -0.12334E+00,   -0.47143E+00,    0.98800E+00
   -0.27450E+00,   -0.14889E+00,    0.94101E+00
   -0.33485E+00,    0.17443E+00,    0.91265E+00
   -0.31987E+00,    0.40734E-01,    0.92019E+00
   -0.29367E+00,   -0.83088E-01,    0.93258E+00
   -0.29746E+00,   -0.68268E-01,    0.93085E+00
   -0.30009E+00,   -0.57686E-01,    0.92964E+00
   -0.31267E+00,    0.54750E-09,    0.92369E+00
   -0.11768E+00,   -0.48118E+00,    0.98907E+00
   -0.33358E+00,    0.37246E+00,    0.91330E+00
   -0.21008E+00,   -0.31601E+00,    0.96531E+00
   -0.21737E+00,   -0.30065E+00,    0.96287E+00
   -0.26537E+00,   -0.17979E+00,    0.94483E+00
   -0.32472E+00,    0.66742E-01,    0.91778E+00
   -0.33859E+00,    0.24626E+00,    0.91072E+00
   -0.31136E+00,   -0.11354E-01,    0.92433E+00
   -0.15251E+00,   -0.42706E+00,    0.98167E+00
   -0.28130E+00,   -0.13174E+00,    0.93808E+00
   -0.33747E+00,    0.32430E+00,    0.91130E+00
   -0.33587E+00,    0.35306E+00,    0.91212E+00
   -0.33790E+00,    0.20322E+00,    0.91108E+00
   -0.33837E+00,    0.30540E+00,    0.91083E+00
   -0.25244E+00,   -0.21776E+00,    0.95004E+00
   -0.33894E+00,    0.28839E+00,    0.91053E+00
   -0.33295E+00,    0.12865E+00,    0.91362E+00
   -0.17373E+00,   -0.39050E+00,    0.97623E+00
   -0.19316E+00,   -0.35368E+00,    0.97064E+00
   -0.27907E+00,   -0.14102E+00,    0.93905E+00
   -0.23689E+00,   -0.25849E+00,    0.95596E+00
   -0.33563E+00,    0.36432E+00,    0.91225E+00
   -0.33633E+00,    0.16454E+00,    0.91189E+00
   -0.11683E+00,   -0.48616E+00,    0.98923E+00
   -0.32958E+00,    0.92749E-01,    0.91534E+00
   -0.22598E+00,   -0.28547E+00,    0.95989E+00
   -0.31083E+00,   -0.21601E-01,    0.92458E+00
   -0.34022E+00,    0.22964E+00,    0.90987E+00
   -0.13501E+00,   -0.45917E+00,    0.98562E+00
   -0.20145E+00,   -0.33967E+00,    0.96808E+00
   -0.32135E+00,    0.30844E-01,    0.91946E+00
   -0.16223E+00,   -0.41392E+00,    0.97926E+00
   -0.12283E+00,   -0.47930E+00,    0.98809E+00
   -0.24488E+00,   -0.24312E+00,    0.95296E+00
   -0.28914E+00,   -0.11329E+00,    0.93463E+00
   -0.26043E+00,   -0.20240E+00,    0.94685E+00
   -0.20892E+00,   -0.32583E+00,    0.96569E+00
   -0.32621E+00,    0.56852E-01,    0.91704E+00
   -0.34153E+00,    0.27277E+00,    0.90918E+00
   -0.33729E+00,    0.36910E+00,    0.91139E+00
   -0.33443E+00,    0.11876E+00,    0.91286E+00
   -0.23409E+00,   -0.27095E+00,    0.95698E+00
   -0.33781E+00,    0.15465E+00,    0.91112E+00
   -0.31052E+00,   -0.31641E-01,    0.92473E+00
   -0.34016E+00,    0.33669E+00,    0.90990E+00
   -0.33106E+00,    0.82860E-01,    0.91459E+00
   -0.15096E+00,   -0.43689E+00,    0.98204E+00
   -0.17203E+00,   -0.40031E+00,    0.97669E+00
   -0.28771E+00,   -0.12358E+00,    0.93526E+00
   -0.34175E+00,    0.31435E+00,    0.90907E+00
   -0.33923E+00,    0.36019E+00,    0.91038E+00
   -0.18894E+00,   -0.36933E+00,    0.97191E+00
   -0.34119E+00,    0.19055E+00,    0.90936E+00
   -0.34215E+00,    0.21225E+00,    0.90886E+00
   -0.34302E+00,    0.25513E+00,    0.90840E+00
   -0.21792E+00,   -0.31057E+00,    0.96269E+00
   -0.25288E+00,   -0.22776E+00,    0.94987E+00
   -0.12170E+00,   -0.48496E+00,    0.98831E+00
   -0.19330E+00,   -0.36171E+00,    0.97060E+00
   -0.30105E+00,   -0.77513E-01,    0.92919E+00
   -0.13193E+00,   -0.46981E+00,    0.98627E+00
   -0.30988E+00,   -0.41675E-01,    0.92503E+00
   -0.30734E+00,   -0.53619E-01,    0.92624E+00
   -0.27320E+00,   -0.17356E+00,    0.94157E+00
   -0.32283E+00,    0.20955E-01,    0.91872E+00
   -0.34349E+00,    0.29727E+00,    0.90815E+00
   -0.14665E+00,   -0.44671E+00,    0.98304E+00
   -0.22584E+00,   -0.29537E+00,    0.95994E+00
   -0.33929E+00,    0.14476E+00,    0.91035E+00
   -0.33592E+00,    0.10887E+00,    0.91210E+00
   -0.20135E+00,   -0.34810E+00,    0.96812E+00
   -0.32769E+00,    0.46963E-01,    0.91629E+00
   -0.29537E+00,   -0.10256E+00,    0.93181E+00
   -0.12763E+00,   -0.47804E+00,    0.98715E+00
   -0.27953E+00,   -0.15744E+00,    0.93885E+00
   -0.34477E+00,    0.23848E+00,    0.90748E+00
   -0.29863E+00,   -0.92637E-01,    0.93031E+00
   -0.34267E+00,    0.18066E+00,    0.90859E+00
   -0.30641E+00,   -0.62280E-01,    0.92668E+00
   -0.34098E+00,    0.36570E+00,    0.90947E+00
   -0.16160E+00,   -0.42365E+00,    0.97942E+00
   -0.26087E+00,   -0.21239E+00,    0.94667E+00
   -0.34512E+00,    0.28055E+00,    0.90729E+00
   -0.24532E+00,   -0.25311E+00,    0.95279E+00
   -0.34261E+00,    0.34749E+00,    0.90862E+00
   -0.33254E+00,    0.72970E-01,    0.91383E+00
   -0.18670E+00,   -0.37907E+00,    0.97257E+00
   -0.18310E+00,   -0.38703E+00,    0.97361E+00
   -0.21700E+00,   -0.32007E+00,    0.96300E+00
   -0.34283E+00,    0.35677E+00,    0.90850E+00
   -0.34579E+00,    0.22136E+00,    0.90694E+00
   -0.23483E+00,   -0.28086E+00,    0.95671E+00
   -0.34077E+00,    0.13488E+00,    0.90958E+00
   -0.21002E+00,   -0.33547E+00,    0.96533E+00
   -0.12655E+00,   -0.48372E+00,    0.98736E+00
   -0.32068E+00,   -0.54186E-02,    0.91979E+00
   -0.34680E+00,    0.26437E+00,    0.90641E+00
   -0.33740E+00,    0.98978E-01,    0.91133E+00
   -0.14419E+00,   -0.45638E+00,    0.98361E+00
   -0.34415E+00,    0.17077E+00,    0.90781E+00
   -0.17147E+00,   -0.41028E+00,    0.97684E+00
   -0.25331E+00,   -0.23775E+00,    0.94969E+00
   -0.34636E+00,    0.30664E+00,    0.90664E+00
   -0.32432E+00,    0.11066E-01,    0.91798E+00
   -0.31946E+00,   -0.14942E-01,    0.92039E+00
   -0.34600E+00,    0.32192E+00,    0.90683E+00
   -0.24245E+00,   -0.26549E+00,    0.95388E+00
   -0.32917E+00,    0.37074E-01,    0.91554E+00
   -0.26886E+00,   -0.19702E+00,    0.94339E+00
   -0.34820E+00,    0.24780E+00,    0.90566E+00
   -0.33403E+00,    0.63082E-01,    0.91307E+00
   -0.20089E+00,   -0.35786E+00,    0.96826E+00
   -0.22612E+00,   -0.30535E+00,    0.95984E+00
   -0.34463E+00,    0.36226E+00,    0.90756E+00
   -0.13287E+00,   -0.47735E+00,    0.98607E+00
   -0.27468E+00,   -0.18345E+00,    0.94094E+00
   -0.34684E+00,    0.32980E+00,    0.90638E+00
   -0.16012E+00,   -0.43346E+00,    0.97980E+00
   -0.28563E+00,   -0.15138E+00,    0.93618E+00
   -0.34226E+00,    0.12499E+00,    0.90880E+00
   -0.26131E+00,   -0.22238E+00,    0.94650E+00
   -0.34883E+00,    0.28976E+00,    0.90532E+00
   -0.34563E+00,    0.16088E+00,    0.90702E+00
   -0.18141E+00,   -0.39688E+00,    0.97409E+00
   -0.34825E+00,    0.20434E+00,    0.90563E+00
   -0.29132E+00,   -0.13457E+00,    0.93364E+00
   -0.28102E+00,   -0.16733E+00,    0.93821E+00
   -0.33889E+00,    0.89089E-01,    0.91056E+00
   -0.23431E+00,   -0.29082E+00,    0.95690E+00
   -0.13140E+00,   -0.48243E+00,    0.98638E+00
   -0.14120E+00,   -0.46721E+00,    0.98428E+00
   -0.21020E+00,   -0.34350E+00,    0.96527E+00
   -0.34708E+00,    0.35363E+00,    0.90626E+00
   -0.16979E+00,   -0.42007E+00,    0.97729E+00
   -0.35014E+00,    0.23035E+00,    0.90462E+00
   -0.32580E+00,    0.11762E-02,    0.91724E+00
   -0.34902E+00,    0.19678E+00,    0.90522E+00
   -0.33066E+00,    0.27184E-01,    0.91479E+00
   -0.32094E+00,   -0.24832E-01,    0.91966E+00
   -0.13719E+00,   -0.47539E+00,    0.98516E+00
   -0.33551E+00,    0.53192E-01,    0.91231E+00
   -0.25375E+00,   -0.24774E+00,    0.94952E+00
   -0.26930E+00,   -0.20701E+00,    0.94321E+00
   -0.21806E+00,   -0.32970E+00,    0.96264E+00
   -0.29852E+00,   -0.11703E+00,    0.93037E+00
   -0.34374E+00,    0.11510E+00,    0.90802E+00
   -0.34711E+00,    0.15099E+00,    0.90624E+00
   -0.35145E+00,    0.27283E+00,    0.90392E+00
   -0.24294E+00,   -0.27547E+00,    0.95370E+00
   -0.31609E+00,   -0.50840E-01,    0.92204E+00
   -0.34824E+00,    0.35879E+00,    0.90564E+00
   -0.22556E+00,   -0.31506E+00,    0.96004E+00
   -0.35089E+00,    0.31544E+00,    0.90422E+00
   -0.34037E+00,    0.79200E-01,    0.90979E+00
   -0.15899E+00,   -0.44247E+00,    0.98008E+00
   -0.35050E+00,    0.18689E+00,    0.90443E+00
   -0.18034E+00,   -0.40584E+00,    0.97440E+00
   -0.35202E+00,    0.21359E+00,    0.90361E+00
   -0.34991E+00,    0.34983E+00,    0.90475E+00
   -0.35289E+00,    0.25655E+00,    0.90314E+00
   -0.35250E+00,    0.29900E+00,    0.90335E+00
   -0.26175E+00,   -0.23237E+00,    0.94632E+00
   -0.20079E+00,   -0.36855E+00,    0.96829E+00
   -0.27616E+00,   -0.19334E+00,    0.94030E+00
   -0.31123E+00,   -0.76848E-01,    0.92438E+00
   -0.13623E+00,   -0.48108E+00,    0.98536E+00
   -0.35109E+00,    0.34049E+00,    0.90411E+00
   -0.34860E+00,    0.14111E+00,    0.90545E+00
   -0.33214E+00,    0.17295E-01,    0.91404E+00
   -0.35364E+00,    0.23944E+00,    0.90274E+00
   -0.28250E+00,   -0.17722E+00,    0.93756E+00
   -0.34522E+00,    0.10521E+00,    0.90724E+00
   -0.33700E+00,    0.43303E-01,    0.91154E+00
   -0.20981E+00,   -0.35338E+00,    0.96540E+00
   -0.32243E+00,   -0.34721E-01,    0.91892E+00
   -0.35198E+00,    0.17699E+00,    0.90363E+00
   -0.23498E+00,   -0.30074E+00,    0.95666E+00
   -0.35339E+00,    0.32278E+00,    0.90288E+00
   -0.16920E+00,   -0.43004E+00,    0.97745E+00
   -0.28884E+00,   -0.16110E+00,    0.93476E+00
   -0.19033E+00,   -0.39249E+00,    0.97149E+00
   -0.14239E+00,   -0.47462E+00,    0.98401E+00
   -0.35491E+00,    0.28219E+00,    0.90205E+00
   -0.30638E+00,   -0.10286E+00,    0.92670E+00
   -0.26974E+00,   -0.21700E+00,    0.94302E+00
   -0.35182E+00,    0.35528E+00,    0.90372E+00
   -0.34185E+00,    0.69310E-01,    0.90902E+00
   -0.25419E+00,   -0.25773E+00,    0.94934E+00
   -0.24272E+00,   -0.28543E+00,    0.95378E+00
   -0.31757E+00,   -0.60729E-01,    0.92131E+00
   -0.31133E+00,   -0.85786E-01,    0.92434E+00
   -0.32866E+00,   -0.11276E-01,    0.91580E+00
   -0.22535E+00,   -0.32498E+00,    0.96012E+00
   -0.35008E+00,    0.13122E+00,    0.90466E+00
   -0.29518E+00,   -0.14498E+00,    0.93190E+00
   -0.15754E+00,   -0.45213E+00,    0.98044E+00
   -0.35633E+00,    0.26585E+00,    0.90128E+00
   -0.21918E+00,   -0.33919E+00,    0.96225E+00
   -0.34671E+00,    0.95319E-01,    0.90645E+00
   -0.35346E+00,    0.16710E+00,    0.90284E+00
   -0.14104E+00,   -0.47969E+00,    0.98431E+00
   -0.17944E+00,   -0.41572E+00,    0.97465E+00
   -0.35629E+00,    0.22249E+00,    0.90130E+00
   -0.35415E+00,    0.34635E+00,    0.90246E+00
   -0.33362E+00,    0.74055E-02,    0.91328E+00
   -0.26219E+00,   -0.24236E+00,    0.94614E+00
   -0.32877E+00,   -0.18602E-01,    0.91575E+00
   -0.33848E+00,    0.33414E-01,    0.91077E+00
   -0.20083E+00,   -0.37785E+00,    0.96828E+00
   -0.30152E+00,   -0.12886E+00,    0.92897E+00
   -0.35674E+00,    0.30800E+00,    0.90105E+00
   -0.14669E+00,   -0.47254E+00,    0.98303E+00
   -0.27765E+00,   -0.20323E+00,    0.93967E+00
   -0.32391E+00,   -0.44610E-01,    0.91819E+00
   -0.34334E+00,    0.59422E-01,    0.90824E+00
   -0.25175E+00,   -0.27075E+00,    0.95031E+00
   -0.35811E+00,    0.24836E+00,    0.90030E+00
   -0.23449E+00,   -0.31071E+00,    0.95684E+00
   -0.20927E+00,   -0.36328E+00,    0.96557E+00
   -0.35536E+00,    0.35173E+00,    0.90180E+00
   -0.16825E+00,   -0.43877E+00,    0.97770E+00
   -0.28398E+00,   -0.18711E+00,    0.93691E+00
   -0.31850E+00,   -0.69839E-01,    0.92086E+00
   -0.35156E+00,    0.12133E+00,    0.90386E+00
   -0.15278E+00,   -0.46473E+00,    0.98160E+00
   -0.35759E+00,    0.20530E+00,    0.90059E+00
   -0.35494E+00,    0.15721E+00,    0.90204E+00
   -0.18948E+00,   -0.40239E+00,    0.97175E+00
   -0.35864E+00,    0.29139E+00,    0.90002E+00
   -0.27018E+00,   -0.22699E+00,    0.94284E+00
   -0.30786E+00,   -0.11274E+00,    0.92599E+00
   -0.34819E+00,    0.85429E-01,    0.90567E+00
   -0.29032E+00,   -0.17099E+00,    0.93409E+00
   -0.35789E+00,    0.33187E+00,    0.90043E+00
   -0.24312E+00,   -0.29541E+00,    0.95363E+00
   -0.35734E+00,    0.34374E+00,    0.90072E+00
   -0.14584E+00,   -0.47826E+00,    0.98323E+00
   -0.35832E+00,    0.19311E+00,    0.90019E+00
   -0.21832E+00,   -0.34912E+00,    0.96255E+00
   -0.35997E+00,    0.23177E+00,    0.89929E+00
   -0.33511E+00,   -0.24838E-02,    0.91252E+00
   -0.33996E+00,    0.23524E-01,    0.91000E+00
   -0.17810E+00,   -0.42561E+00,    0.97503E+00
   -0.29666E+00,   -0.15487E+00,    0.93122E+00
   -0.33025E+00,   -0.28492E-01,    0.91500E+00
   -0.22605E+00,   -0.33494E+00,    0.95987E+00
   -0.35979E+00,    0.31563E+00,    0.89939E+00
   -0.34482E+00,    0.49532E-01,    0.90745E+00
   -0.35642E+00,    0.14733E+00,    0.90123E+00
   -0.31420E+00,   -0.96626E-01,    0.92296E+00
   -0.35305E+00,    0.11144E+00,    0.90306E+00
   -0.26263E+00,   -0.25235E+00,    0.94596E+00
   -0.36123E+00,    0.27445E+00,    0.89859E+00
   -0.15201E+00,   -0.47158E+00,    0.98179E+00
   -0.25141E+00,   -0.28073E+00,    0.95044E+00
   -0.36165E+00,    0.25741E+00,    0.89836E+00
   -0.32539E+00,   -0.54500E-01,    0.91744E+00
   -0.35887E+00,    0.34815E+00,    0.89989E+00
   -0.30300E+00,   -0.13875E+00,    0.92828E+00
   -0.23451E+00,   -0.31944E+00,    0.95683E+00
   -0.20062E+00,   -0.38784E+00,    0.96835E+00
   -0.35980E+00,    0.18322E+00,    0.89938E+00
   -0.34967E+00,    0.75540E-01,    0.90487E+00
   -0.16687E+00,   -0.44858E+00,    0.97806E+00
   -0.36027E+00,    0.33915E+00,    0.89912E+00
   -0.27913E+00,   -0.21312E+00,    0.93903E+00
   -0.36196E+00,    0.21429E+00,    0.89819E+00
   -0.18855E+00,   -0.41197E+00,    0.97202E+00
   -0.36225E+00,    0.29972E+00,    0.89803E+00
   -0.20962E+00,   -0.37320E+00,    0.96546E+00
   -0.32054E+00,   -0.80508E-01,    0.91986E+00
   -0.28547E+00,   -0.19700E+00,    0.93626E+00
   -0.15063E+00,   -0.47677E+00,    0.98211E+00
   -0.30934E+00,   -0.12263E+00,    0.92529E+00
   -0.35790E+00,    0.13745E+00,    0.90042E+00
   -0.24270E+00,   -0.30513E+00,    0.95379E+00
   -0.34145E+00,    0.13635E-01,    0.90923E+00
   -0.35453E+00,    0.10155E+00,    0.90226E+00
   -0.33659E+00,   -0.12373E-01,    0.91175E+00
   -0.26008E+00,   -0.26545E+00,    0.94700E+00
   -0.29181E+00,   -0.18088E+00,    0.93343E+00
   -0.34630E+00,    0.39642E-01,    0.90667E+00
   -0.36128E+00,    0.17333E+00,    0.89856E+00
   -0.21797E+00,   -0.35902E+00,    0.96267E+00
   -0.15585E+00,   -0.47020E+00,    0.98086E+00
   -0.33173E+00,   -0.38381E-01,    0.91424E+00
   -0.36423E+00,    0.24047E+00,    0.89693E+00
   -0.22571E+00,   -0.34471E+00,    0.95999E+00
   -0.17761E+00,   -0.43533E+00,    0.97516E+00
   -0.35116E+00,    0.65651E-01,    0.90408E+00
   -0.29815E+00,   -0.16476E+00,    0.93054E+00
   -0.36471E+00,    0.28381E+00,    0.89666E+00
   -0.36234E+00,    0.34454E+00,    0.89798E+00
   -0.19853E+00,   -0.39819E+00,    0.96900E+00
   -0.31568E+00,   -0.10652E+00,    0.92224E+00
   -0.32688E+00,   -0.64389E-01,    0.91670E+00
   -0.16393E+00,   -0.45989E+00,    0.97883E+00
   -0.35939E+00,    0.12756E+00,    0.89961E+00
   -0.36429E+00,    0.32468E+00,    0.89689E+00
   -0.23429E+00,   -0.32941E+00,    0.95691E+00
   -0.36539E+00,    0.22340E+00,    0.89628E+00
   -0.25191E+00,   -0.29067E+00,    0.95024E+00
   -0.30449E+00,   -0.14864E+00,    0.92759E+00
   -0.36402E+00,    0.33619E+00,    0.89704E+00
   -0.36276E+00,    0.16344E+00,    0.89774E+00
   -0.36622E+00,    0.26627E+00,    0.89582E+00
   -0.35601E+00,    0.91659E-01,    0.90145E+00
   -0.15540E+00,   -0.47524E+00,    0.98097E+00
   -0.18730E+00,   -0.42187E+00,    0.97239E+00
   -0.34293E+00,    0.37455E-02,    0.90845E+00
   -0.36604E+00,    0.30835E+00,    0.89592E+00
   -0.32202E+00,   -0.90397E-01,    0.91912E+00
   -0.34779E+00,    0.29753E-01,    0.90588E+00
   -0.27106E+00,   -0.24697E+00,    0.94247E+00
   -0.33807E+00,   -0.22262E-01,    0.91099E+00
   -0.16084E+00,   -0.46792E+00,    0.97962E+00
   -0.20935E+00,   -0.38298E+00,    0.96555E+00
   -0.25988E+00,   -0.27544E+00,    0.94708E+00
   -0.27506E+00,   -0.23778E+00,    0.94077E+00
   -0.36615E+00,    0.19934E+00,    0.89586E+00
   -0.31083E+00,   -0.13252E+00,    0.92458E+00
   -0.27975E+00,   -0.22565E+00,    0.93876E+00
   -0.35264E+00,    0.55761E-01,    0.90328E+00
   -0.28695E+00,   -0.20689E+00,    0.93560E+00
   -0.33322E+00,   -0.48270E-01,    0.91349E+00
   -0.24316E+00,   -0.31505E+00,    0.95361E+00
   -0.21789E+00,   -0.36771E+00,    0.96270E+00
   -0.36795E+00,    0.24974E+00,    0.89485E+00
   -0.36578E+00,    0.34089E+00,    0.89607E+00
   -0.36087E+00,    0.11767E+00,    0.89879E+00
   -0.17583E+00,   -0.44514E+00,    0.97565E+00
   -0.36425E+00,    0.15355E+00,    0.89692E+00
   -0.29329E+00,   -0.19077E+00,    0.93275E+00
   -0.36834E+00,    0.29182E+00,    0.89463E+00
   -0.36700E+00,    0.33185E+00,    0.89538E+00
   -0.35750E+00,    0.81769E-01,    0.90064E+00
   -0.31717E+00,   -0.11641E+00,    0.92151E+00
   -0.32836E+00,   -0.74278E-01,    0.91595E+00
   -0.36818E+00,    0.20648E+00,    0.89472E+00
   -0.29963E+00,   -0.17465E+00,    0.92985E+00
   -0.36763E+00,    0.18945E+00,    0.89503E+00
   -0.16016E+00,   -0.47366E+00,    0.97979E+00
   -0.25156E+00,   -0.30065E+00,    0.95038E+00
   -0.22655E+00,   -0.35465E+00,    0.95969E+00
   -0.18570E+00,   -0.43168E+00,    0.97286E+00
   -0.34441E+00,   -0.61437E-02,    0.90767E+00
   -0.36988E+00,    0.23231E+00,    0.89377E+00
   -0.34927E+00,    0.19864E-01,    0.90509E+00
   -0.37011E+00,    0.27547E+00,    0.89364E+00
   -0.30597E+00,   -0.15853E+00,    0.92689E+00
   -0.33956E+00,   -0.32152E-01,    0.91021E+00
   -0.36572E+00,    0.14367E+00,    0.89610E+00
   -0.36235E+00,    0.10777E+00,    0.89797E+00
   -0.35412E+00,    0.45872E-01,    0.90248E+00
   -0.23507E+00,   -0.33906E+00,    0.95663E+00
   -0.26905E+00,   -0.26247E+00,    0.94331E+00
   -0.32351E+00,   -0.10029E+00,    0.91839E+00
   -0.16590E+00,   -0.46696E+00,    0.97832E+00
   -0.36918E+00,    0.33720E+00,    0.89416E+00
   -0.36911E+00,    0.17956E+00,    0.89420E+00
   -0.26019E+00,   -0.28542E+00,    0.94695E+00
   -0.33470E+00,   -0.58160E-01,    0.91273E+00
   -0.35898E+00,    0.71880E-01,    0.89983E+00
   -0.31231E+00,   -0.14241E+00,    0.92387E+00
   -0.24301E+00,   -0.32468E+00,    0.95367E+00
   -0.37090E+00,    0.31726E+00,    0.89319E+00
   -0.37215E+00,    0.25841E+00,    0.89248E+00
   -0.21756E+00,   -0.37766E+00,    0.96281E+00
   -0.20974E+00,   -0.39296E+00,    0.96542E+00
   -0.37066E+00,    0.32884E+00,    0.89333E+00
   -0.20332E+00,   -0.40504E+00,    0.96749E+00
   -0.37178E+00,    0.21579E+00,    0.89269E+00
   -0.28843E+00,   -0.21678E+00,    0.93494E+00
   -0.37215E+00,    0.30095E+00,    0.89248E+00
   -0.16490E+00,   -0.47203E+00,    0.97858E+00
   -0.36721E+00,    0.13379E+00,    0.89527E+00
   -0.32984E+00,   -0.84168E-01,    0.91520E+00
   -0.29477E+00,   -0.20066E+00,    0.93208E+00
   -0.27482E+00,   -0.25430E+00,    0.94088E+00
   -0.31865E+00,   -0.12629E+00,    0.92079E+00
   -0.36383E+00,    0.97888E-01,    0.89715E+00
   -0.25158E+00,   -0.30969E+00,    0.95037E+00
   -0.35075E+00,    0.99748E-02,    0.90429E+00
   -0.17018E+00,   -0.46460E+00,    0.97719E+00
   -0.17514E+00,   -0.45654E+00,    0.97584E+00
   -0.37338E+00,    0.24137E+00,    0.89178E+00
   -0.34590E+00,   -0.16033E-01,    0.90688E+00
   -0.37059E+00,    0.16967E+00,    0.89336E+00
   -0.26861E+00,   -0.27064E+00,    0.94349E+00
   -0.35561E+00,    0.35983E-01,    0.90167E+00
   -0.22671E+00,   -0.36305E+00,    0.95964E+00
   -0.30111E+00,   -0.18454E+00,    0.92916E+00
   -0.18472E+00,   -0.44153E+00,    0.97314E+00
   -0.34104E+00,   -0.42041E-01,    0.90944E+00
   -0.37254E+00,    0.33349E+00,    0.89226E+00
   -0.36046E+00,    0.61991E-01,    0.89901E+00
   -0.23470E+00,   -0.34903E+00,    0.95676E+00
   -0.37464E+00,    0.28408E+00,    0.89106E+00
   -0.30745E+00,   -0.16842E+00,    0.92619E+00
   -0.32499E+00,   -0.11018E+00,    0.91765E+00
   -0.37358E+00,    0.32443E+00,    0.89167E+00
   -0.27986E+00,   -0.24654E+00,    0.93871E+00
   -0.25989E+00,   -0.29522E+00,    0.94707E+00
   -0.33618E+00,   -0.68049E-01,    0.91196E+00
   -0.36869E+00,    0.12388E+00,    0.89443E+00
   -0.19995E+00,   -0.41732E+00,    0.96856E+00
   -0.21664E+00,   -0.38656E+00,    0.96312E+00
   -0.24247E+00,   -0.33458E+00,    0.95387E+00
   -0.37207E+00,    0.15978E+00,    0.89253E+00
   -0.16962E+00,   -0.47035E+00,    0.97734E+00
   -0.36532E+00,    0.87999E-01,    0.89632E+00
   -0.31379E+00,   -0.15230E+00,    0.92315E+00
   -0.19492E+00,   -0.42786E+00,    0.97011E+00
   -0.37612E+00,    0.26756E+00,    0.89022E+00
   -0.37601E+00,    0.22444E+00,    0.89028E+00
   -0.35224E+00,    0.85475E-04,    0.90350E+00
   -0.37581E+00,    0.31020E+00,    0.89039E+00
   -0.35709E+00,    0.26093E-01,    0.90086E+00
   -0.28505E+00,   -0.23805E+00,    0.93644E+00
   -0.37545E+00,    0.19568E+00,    0.89060E+00
   -0.33133E+00,   -0.94057E-01,    0.91445E+00
   -0.34738E+00,   -0.25922E-01,    0.90610E+00
   -0.26828E+00,   -0.28060E+00,    0.94363E+00
   -0.32013E+00,   -0.13618E+00,    0.92006E+00
   -0.36195E+00,    0.52101E-01,    0.89819E+00
   -0.17558E+00,   -0.46368E+00,    0.97572E+00
   -0.37586E+00,    0.32974E+00,    0.89036E+00
   -0.25174E+00,   -0.32000E+00,    0.95031E+00
   -0.34252E+00,   -0.51930E-01,    0.90866E+00
   -0.37017E+00,    0.11399E+00,    0.89360E+00
   -0.29626E+00,   -0.21055E+00,    0.93140E+00
   -0.37784E+00,    0.25029E+00,    0.88923E+00
   -0.22637E+00,   -0.37297E+00,    0.95976E+00
   -0.37355E+00,    0.14989E+00,    0.89168E+00
   -0.21219E+00,   -0.40044E+00,    0.96461E+00
   -0.37718E+00,    0.20740E+00,    0.88961E+00
   -0.30260E+00,   -0.19443E+00,    0.92847E+00
   -0.37811E+00,    0.29343E+00,    0.88908E+00
   -0.37721E+00,    0.32133E+00,    0.88959E+00
   -0.36680E+00,    0.78110E-01,    0.89549E+00
   -0.37693E+00,    0.18579E+00,    0.88975E+00
   -0.17433E+00,   -0.46863E+00,    0.97607E+00
   -0.32647E+00,   -0.12007E+00,    0.91691E+00
   -0.33767E+00,   -0.77939E-01,    0.91120E+00
   -0.29069E+00,   -0.22985E+00,    0.93393E+00
   -0.18480E+00,   -0.45164E+00,    0.97312E+00
   -0.30894E+00,   -0.17831E+00,    0.92548E+00
   -0.26023E+00,   -0.30515E+00,    0.94693E+00
   -0.17922E+00,   -0.46180E+00,    0.97471E+00
   -0.23563E+00,   -0.35858E+00,    0.95642E+00
   -0.19353E+00,   -0.43774E+00,    0.97053E+00
   -0.37974E+00,    0.27681E+00,    0.88813E+00
   -0.37971E+00,    0.23371E+00,    0.88815E+00
   -0.35372E+00,   -0.98038E-02,    0.90269E+00
   -0.35857E+00,    0.16204E-01,    0.90005E+00
   -0.37503E+00,    0.14000E+00,    0.89084E+00
   -0.37166E+00,    0.10410E+00,    0.89276E+00
   -0.31528E+00,   -0.16219E+00,    0.92243E+00
   -0.34886E+00,   -0.35812E-01,    0.90531E+00
   -0.36343E+00,    0.42212E-01,    0.89737E+00
   -0.27901E+00,   -0.26337E+00,    0.93908E+00
   -0.24347E+00,   -0.34444E+00,    0.95350E+00
   -0.37915E+00,    0.32595E+00,    0.88847E+00
   -0.33281E+00,   -0.10395E+00,    0.91369E+00
   -0.37841E+00,    0.17590E+00,    0.88890E+00
   -0.29581E+00,   -0.22127E+00,    0.93161E+00
   -0.38001E+00,    0.31688E+00,    0.88798E+00
   -0.26870E+00,   -0.29058E+00,    0.94346E+00
   -0.34401E+00,   -0.61820E-01,    0.90788E+00
   -0.36829E+00,    0.68220E-01,    0.89466E+00
   -0.25139E+00,   -0.33010E+00,    0.95045E+00
   -0.32162E+00,   -0.14607E+00,    0.91933E+00
   -0.22544E+00,   -0.38328E+00,    0.96008E+00
   -0.38206E+00,    0.25961E+00,    0.88679E+00
   -0.17902E+00,   -0.46685E+00,    0.97477E+00
   -0.38168E+00,    0.21631E+00,    0.88701E+00
   -0.21176E+00,   -0.41040E+00,    0.96476E+00
   -0.37652E+00,    0.13011E+00,    0.88999E+00
   -0.18408E+00,   -0.45927E+00,    0.97333E+00
   -0.28476E+00,   -0.25524E+00,    0.93657E+00
   -0.20388E+00,   -0.42566E+00,    0.96732E+00
   -0.33915E+00,   -0.87828E-01,    0.91043E+00
   -0.37989E+00,    0.16601E+00,    0.88805E+00
   -0.30408E+00,   -0.20432E+00,    0.92778E+00
   -0.36006E+00,    0.63148E-02,    0.89924E+00
   -0.32796E+00,   -0.12995E+00,    0.91616E+00
   -0.38322E+00,    0.24306E+00,    0.88611E+00
   -0.35520E+00,   -0.19693E-01,    0.90189E+00
   -0.27710E+00,   -0.27591E+00,    0.93990E+00
   -0.26742E+00,   -0.29890E+00,    0.94399E+00
   -0.36491E+00,    0.32323E-01,    0.89655E+00
   -0.23498E+00,   -0.36854E+00,    0.95666E+00
   -0.22110E+00,   -0.39592E+00,    0.96160E+00
   -0.38240E+00,    0.32213E+00,    0.88659E+00
   -0.31042E+00,   -0.18820E+00,    0.92477E+00
   -0.38332E+00,    0.30359E+00,    0.88606E+00
   -0.35035E+00,   -0.45701E-01,    0.90451E+00
   -0.38392E+00,    0.28579E+00,    0.88571E+00
   -0.38316E+00,    0.31305E+00,    0.88615E+00
   -0.24271E+00,   -0.35431E+00,    0.95379E+00
   -0.36977E+00,    0.58331E-01,    0.89383E+00
   -0.28981E+00,   -0.24662E+00,    0.93432E+00
   -0.31676E+00,   -0.17208E+00,    0.92171E+00
   -0.33429E+00,   -0.11384E+00,    0.91293E+00
   -0.37800E+00,    0.12022E+00,    0.88914E+00
   -0.18369E+00,   -0.46504E+00,    0.97344E+00
   -0.34549E+00,   -0.71709E-01,    0.90710E+00
   -0.38138E+00,    0.15612E+00,    0.88719E+00
   -0.19399E+00,   -0.44788E+00,    0.97039E+00
   -0.25138E+00,   -0.33894E+00,    0.95045E+00
   -0.20227E+00,   -0.43377E+00,    0.96783E+00
   -0.37554E+00,    0.91670E-01,    0.89055E+00
   -0.38573E+00,    0.26883E+00,    0.88465E+00
   -0.18869E+00,   -0.45817E+00,    0.97198E+00
   -0.32310E+00,   -0.15596E+00,    0.91859E+00
   -0.38522E+00,    0.20551E+00,    0.88495E+00
   -0.29481E+00,   -0.23891E+00,    0.93206E+00
   -0.38595E+00,    0.22532E+00,    0.88452E+00
   -0.36154E+00,   -0.35745E-02,    0.89842E+00
   -0.21132E+00,   -0.41973E+00,    0.96490E+00
   -0.26347E+00,   -0.31548E+00,    0.94562E+00
   -0.36640E+00,    0.22433E-01,    0.89572E+00
   -0.38515E+00,    0.19368E+00,    0.88499E+00
   -0.35669E+00,   -0.29583E-01,    0.90108E+00
   -0.38561E+00,    0.31828E+00,    0.88472E+00
   -0.34063E+00,   -0.97717E-01,    0.90965E+00
   -0.31031E+00,   -0.19812E+00,    0.92483E+00
   -0.27768E+00,   -0.28393E+00,    0.93965E+00
   -0.37125E+00,    0.48441E-01,    0.89299E+00
   -0.32944E+00,   -0.13984E+00,    0.91541E+00
   -0.37948E+00,    0.11033E+00,    0.88829E+00
   -0.38286E+00,    0.14623E+00,    0.88633E+00
   -0.35183E+00,   -0.55591E-01,    0.90371E+00
   -0.23466E+00,   -0.37843E+00,    0.95678E+00
   -0.30556E+00,   -0.21421E+00,    0.92708E+00
   -0.38734E+00,    0.30952E+00,    0.88370E+00
   -0.18834E+00,   -0.46317E+00,    0.97208E+00
   -0.38624E+00,    0.18212E+00,    0.88435E+00
   -0.19325E+00,   -0.45549E+00,    0.97062E+00
   -0.30064E+00,   -0.23001E+00,    0.92938E+00
   -0.34697E+00,   -0.81599E-01,    0.90631E+00
   -0.37773E+00,    0.81974E-01,    0.88929E+00
   -0.33578E+00,   -0.12373E+00,    0.91217E+00
   -0.25085E+00,   -0.34856E+00,    0.95066E+00
   -0.31824E+00,   -0.18197E+00,    0.92099E+00
   -0.25917E+00,   -0.33174E+00,    0.94736E+00
   -0.38913E+00,    0.29445E+00,    0.88264E+00
   -0.24393E+00,   -0.36414E+00,    0.95332E+00
   -0.38957E+00,    0.27804E+00,    0.88239E+00
   -0.20150E+00,   -0.44368E+00,    0.96807E+00
   -0.36788E+00,    0.12544E-01,    0.89489E+00
   -0.38434E+00,    0.13634E+00,    0.88546E+00
   -0.38957E+00,    0.23533E+00,    0.88239E+00
   -0.36303E+00,   -0.13464E-01,    0.89760E+00
   -0.38878E+00,    0.31440E+00,    0.88285E+00
   -0.28894E+00,   -0.26416E+00,    0.93471E+00
   -0.37274E+00,    0.38552E-01,    0.89215E+00
   -0.38951E+00,    0.30604E+00,    0.88242E+00
   -0.22335E+00,   -0.40561E+00,    0.96082E+00
   -0.35817E+00,   -0.39472E-01,    0.90027E+00
   -0.32458E+00,   -0.16585E+00,    0.91785E+00
   -0.38772E+00,    0.17223E+00,    0.88348E+00
   -0.27089E+00,   -0.30836E+00,    0.94254E+00
   -0.30559E+00,   -0.22234E+00,    0.92707E+00
   -0.39004E+00,    0.21426E+00,    0.88211E+00
   -0.34212E+00,   -0.10761E+00,    0.90888E+00
   -0.21093E+00,   -0.42963E+00,    0.96503E+00
   -0.37871E+00,    0.73515E-01,    0.88873E+00
   -0.28537E+00,   -0.27603E+00,    0.93630E+00
   -0.27737E+00,   -0.29521E+00,    0.93979E+00
   -0.19297E+00,   -0.46126E+00,    0.97070E+00
   -0.39127E+00,    0.24784E+00,    0.88138E+00
   -0.35331E+00,   -0.65480E-01,    0.90291E+00
   -0.38231E+00,    0.99012E-01,    0.88665E+00
   -0.29408E+00,   -0.25560E+00,    0.93240E+00
   -0.33092E+00,   -0.14973E+00,    0.91466E+00
   -0.23479E+00,   -0.38708E+00,    0.95673E+00
   -0.19787E+00,   -0.45430E+00,    0.96920E+00
   -0.39194E+00,    0.26102E+00,    0.88098E+00
   -0.38582E+00,    0.12645E+00,    0.88459E+00
   -0.22029E+00,   -0.41537E+00,    0.96188E+00
   -0.38920E+00,    0.16235E+00,    0.88260E+00
   -0.39191E+00,    0.31049E+00,    0.88100E+00
   -0.34846E+00,   -0.91488E-01,    0.90552E+00
   -0.26604E+00,   -0.32513E+00,    0.94456E+00
   -0.36936E+00,    0.26548E-02,    0.89406E+00
   -0.39240E+00,    0.30139E+00,    0.88070E+00
   -0.33726E+00,   -0.13361E+00,    0.91141E+00
   -0.36451E+00,   -0.23353E-01,    0.89677E+00
   -0.37422E+00,    0.28663E-01,    0.89130E+00
   -0.24318E+00,   -0.37408E+00,    0.95361E+00
   -0.35965E+00,   -0.49361E-01,    0.89946E+00
   -0.29970E+00,   -0.24761E+00,    0.92982E+00
   -0.39378E+00,    0.28705E+00,    0.87988E+00
   -0.25168E+00,   -0.35850E+00,    0.95034E+00
   -0.19759E+00,   -0.45930E+00,    0.96929E+00
   -0.20234E+00,   -0.45152E+00,    0.96780E+00
   -0.38730E+00,    0.11656E+00,    0.88372E+00
   -0.39068E+00,    0.15246E+00,    0.88173E+00
   -0.32607E+00,   -0.17574E+00,    0.91711E+00
   -0.34360E+00,   -0.11750E+00,    0.90810E+00
   -0.31543E+00,   -0.20798E+00,    0.92236E+00
   -0.39506E+00,    0.27017E+00,    0.87911E+00
   -0.35480E+00,   -0.75369E-01,    0.90211E+00
   -0.39410E+00,    0.20286E+00,    0.87969E+00
   -0.20970E+00,   -0.44063E+00,    0.96543E+00
   -0.38497E+00,    0.88522E-01,    0.88509E+00
   -0.26133E+00,   -0.34150E+00,    0.94649E+00
   -0.30480E+00,   -0.23909E+00,    0.92744E+00
   -0.39501E+00,    0.30655E+00,    0.87915E+00
   -0.39432E+00,    0.19100E+00,    0.87956E+00
   -0.33241E+00,   -0.15962E+00,    0.91390E+00
   -0.37085E+00,   -0.72346E-02,    0.89322E+00
   -0.39581E+00,    0.29809E+00,    0.87867E+00
   -0.21950E+00,   -0.42531E+00,    0.96215E+00
   -0.32108E+00,   -0.19569E+00,    0.91959E+00
   -0.37570E+00,    0.18774E-01,    0.89046E+00
   -0.27311E+00,   -0.31810E+00,    0.94160E+00
   -0.38275E+00,    0.62898E-01,    0.88639E+00
   -0.36599E+00,   -0.33243E-01,    0.89595E+00
   -0.39631E+00,    0.22362E+00,    0.87836E+00
   -0.23506E+00,   -0.39738E+00,    0.95663E+00
   -0.34994E+00,   -0.10138E+00,    0.90473E+00
   -0.38056E+00,    0.44782E-01,    0.88766E+00
   -0.39216E+00,    0.14257E+00,    0.88085E+00
   -0.20218E+00,   -0.45730E+00,    0.96785E+00
   -0.20686E+00,   -0.44947E+00,    0.96636E+00
   -0.24345E+00,   -0.38219E+00,    0.95350E+00
   -0.33874E+00,   -0.14350E+00,    0.91064E+00
   -0.36114E+00,   -0.59251E-01,    0.89864E+00
   -0.25113E+00,   -0.36806E+00,    0.95055E+00
   -0.39786E+00,    0.24062E+00,    0.87743E+00
   -0.28926E+00,   -0.28524E+00,    0.93457E+00
   -0.38984E+00,    0.10555E+00,    0.88223E+00
   -0.31057E+00,   -0.23101E+00,    0.92470E+00
   -0.22873E+00,   -0.41306E+00,    0.95892E+00
   -0.39806E+00,    0.30257E+00,    0.87731E+00
   -0.38725E+00,    0.79817E-01,    0.88375E+00
   -0.39837E+00,    0.29346E+00,    0.87713E+00
   -0.35628E+00,   -0.85259E-01,    0.90130E+00
   -0.34508E+00,   -0.12739E+00,    0.90731E+00
   -0.39692E+00,    0.18099E+00,    0.87800E+00
   -0.29893E+00,   -0.26427E+00,    0.93018E+00
   -0.26870E+00,   -0.33476E+00,    0.94346E+00
   -0.39365E+00,    0.13268E+00,    0.87996E+00
   -0.37719E+00,    0.88842E-02,    0.88961E+00
   -0.37233E+00,   -0.17124E-01,    0.89238E+00
   -0.38204E+00,    0.34893E-01,    0.88680E+00
   -0.31559E+00,   -0.22238E+00,    0.92228E+00
   -0.20676E+00,   -0.45525E+00,    0.96639E+00
   -0.29553E+00,   -0.27503E+00,    0.93174E+00
   -0.36748E+00,   -0.43132E-01,    0.89512E+00
   -0.33389E+00,   -0.16951E+00,    0.91314E+00
   -0.28043E+00,   -0.31134E+00,    0.93846E+00
   -0.38558E+00,    0.53320E-01,    0.88474E+00
   -0.30385E+00,   -0.25563E+00,    0.92789E+00
   -0.40001E+00,    0.21436E+00,    0.87613E+00
   -0.35142E+00,   -0.11127E+00,    0.90393E+00
   -0.21830E+00,   -0.43665E+00,    0.96256E+00
   -0.21191E+00,   -0.44790E+00,    0.96471E+00
   -0.40100E+00,    0.27983E+00,    0.87553E+00
   -0.36262E+00,   -0.69140E-01,    0.89782E+00
   -0.39176E+00,    0.95831E-01,    0.88109E+00
   -0.40112E+00,    0.23180E+00,    0.87546E+00
   -0.40129E+00,    0.28945E+00,    0.87536E+00
   -0.40107E+00,    0.29856E+00,    0.87549E+00
   -0.22798E+00,   -0.42083E+00,    0.95919E+00
   -0.40160E+00,    0.25069E+00,    0.87516E+00
   -0.34023E+00,   -0.15339E+00,    0.90986E+00
   -0.40167E+00,    0.26214E+00,    0.87512E+00
   -0.24345E+00,   -0.39196E+00,    0.95350E+00
   -0.39513E+00,    0.12279E+00,    0.87908E+00
   -0.23566E+00,   -0.40733E+00,    0.95641E+00
   -0.40067E+00,    0.19739E+00,    0.87574E+00
   -0.39851E+00,    0.15868E+00,    0.87704E+00
   -0.38942E+00,    0.70073E-01,    0.88248E+00
   -0.27569E+00,   -0.32763E+00,    0.94051E+00
   -0.35776E+00,   -0.95148E-01,    0.90050E+00
   -0.37867E+00,   -0.10054E-02,    0.88875E+00
   -0.21583E+00,   -0.44523E+00,    0.96340E+00
   -0.21131E+00,   -0.45315E+00,    0.96490E+00
   -0.37381E+00,   -0.27013E-01,    0.89153E+00
   -0.38353E+00,    0.25004E-01,    0.88594E+00
   -0.34657E+00,   -0.13727E+00,    0.90653E+00
   -0.30963E+00,   -0.24751E+00,    0.92515E+00
   -0.25240E+00,   -0.37786E+00,    0.95005E+00
   -0.33087E+00,   -0.18889E+00,    0.91468E+00
   -0.36896E+00,   -0.53021E-01,    0.89428E+00
   -0.40110E+00,    0.17193E+00,    0.87547E+00
   -0.39661E+00,    0.11290E+00,    0.87819E+00
   -0.32284E+00,   -0.21469E+00,    0.91872E+00
   -0.39999E+00,    0.14879E+00,    0.87615E+00
   -0.38797E+00,    0.44239E-01,    0.88333E+00
   -0.40405E+00,    0.29453E+00,    0.87368E+00
   -0.28811E+00,   -0.30418E+00,    0.93509E+00
   -0.40285E+00,    0.18895E+00,    0.87441E+00
   -0.35291E+00,   -0.12116E+00,    0.90313E+00
   -0.30231E+00,   -0.27096E+00,    0.92861E+00
   -0.36410E+00,   -0.79029E-01,    0.89700E+00
   -0.31445E+00,   -0.24015E+00,    0.92283E+00
   -0.40492E+00,    0.28535E+00,    0.87314E+00
   -0.39471E+00,    0.86369E-01,    0.87933E+00
   -0.26520E+00,   -0.35631E+00,    0.94490E+00
   -0.27087E+00,   -0.34444E+00,    0.94255E+00
   -0.29323E+00,   -0.29441E+00,    0.93278E+00
   -0.21584E+00,   -0.45101E+00,    0.96339E+00
   -0.34171E+00,   -0.16328E+00,    0.90909E+00
   -0.40585E+00,    0.23866E+00,    0.87257E+00
   -0.40506E+00,    0.20634E+00,    0.87305E+00
   -0.38015E+00,   -0.10895E-01,    0.88790E+00
   -0.38501E+00,    0.15114E-01,    0.88507E+00
   -0.22719E+00,   -0.43187E+00,    0.95947E+00
   -0.28251E+00,   -0.32109E+00,    0.93756E+00
   -0.22081E+00,   -0.44362E+00,    0.96170E+00
   -0.39243E+00,    0.60589E-01,    0.88069E+00
   -0.37530E+00,   -0.36903E-01,    0.89069E+00
   -0.40147E+00,    0.13890E+00,    0.87525E+00
   -0.40659E+00,    0.26996E+00,    0.87211E+00
   -0.40616E+00,    0.22208E+00,    0.87238E+00
   -0.35925E+00,   -0.10504E+00,    0.89968E+00
   -0.24392E+00,   -0.40194E+00,    0.95333E+00
   -0.23637E+00,   -0.41617E+00,    0.95615E+00
   -0.32852E+00,   -0.20646E+00,    0.91587E+00
   -0.25148E+00,   -0.38776E+00,    0.95041E+00
   -0.40698E+00,    0.29046E+00,    0.87188E+00
   -0.34805E+00,   -0.14716E+00,    0.90574E+00
   -0.33747E+00,   -0.18140E+00,    0.91130E+00
   -0.37044E+00,   -0.62911E-01,    0.89345E+00
   -0.32052E+00,   -0.23106E+00,    0.91987E+00
   -0.25929E+00,   -0.37412E+00,    0.94731E+00
   -0.29916E+00,   -0.28637E+00,    0.93007E+00
   -0.40766E+00,    0.28221E+00,    0.87145E+00
   -0.39911E+00,    0.10206E+00,    0.87667E+00
   -0.26342E+00,   -0.36646E+00,    0.94564E+00
   -0.22471E+00,   -0.44082E+00,    0.96034E+00
   -0.39673E+00,    0.76867E-01,    0.87811E+00
   -0.30891E+00,   -0.26424E+00,    0.92549E+00
   -0.22035E+00,   -0.44883E+00,    0.96185E+00
   -0.27789E+00,   -0.33734E+00,    0.93956E+00
   -0.36559E+00,   -0.88919E-01,    0.89617E+00
   -0.35439E+00,   -0.13105E+00,    0.90233E+00
   -0.40295E+00,    0.12902E+00,    0.87434E+00
   -0.40680E+00,    0.18012E+00,    0.87198E+00
   -0.38649E+00,    0.52249E-02,    0.88420E+00
   -0.38164E+00,   -0.20784E-01,    0.88704E+00
   -0.40633E+00,    0.16491E+00,    0.87227E+00
   -0.33422E+00,   -0.19825E+00,    0.91297E+00
   -0.39135E+00,    0.31235E-01,    0.88133E+00
   -0.30470E+00,   -0.27820E+00,    0.92749E+00
   -0.40981E+00,    0.27725E+00,    0.87012E+00
   -0.40866E+00,    0.19702E+00,    0.87084E+00
   -0.37678E+00,   -0.46792E-01,    0.88984E+00
   -0.40987E+00,    0.28637E+00,    0.87009E+00
   -0.40934E+00,    0.21273E+00,    0.87041E+00
   -0.31378E+00,   -0.25648E+00,    0.92316E+00
   -0.34319E+00,   -0.17317E+00,    0.90831E+00
   -0.29024E+00,   -0.31387E+00,    0.93413E+00
   -0.39531E+00,    0.51016E-01,    0.87897E+00
   -0.36073E+00,   -0.11493E+00,    0.89887E+00
   -0.40120E+00,    0.93863E-01,    0.87541E+00
   -0.37193E+00,   -0.72800E-01,    0.89261E+00
   -0.41094E+00,    0.23047E+00,    0.86942E+00
   -0.25933E+00,   -0.38173E+00,    0.94730E+00
   -0.32712E+00,   -0.22373E+00,    0.91658E+00
   -0.40443E+00,    0.11913E+00,    0.87344E+00
   -0.22484E+00,   -0.44659E+00,    0.96029E+00
   -0.41154E+00,    0.24677E+00,    0.86905E+00
   -0.34953E+00,   -0.15705E+00,    0.90495E+00
   -0.25226E+00,   -0.39648E+00,    0.95011E+00
   -0.40781E+00,    0.15502E+00,    0.87136E+00
   -0.24467E+00,   -0.41135E+00,    0.95304E+00
   -0.22969E+00,   -0.43905E+00,    0.95858E+00
   -0.28516E+00,   -0.33072E+00,    0.93639E+00
   -0.41257E+00,    0.27313E+00,    0.86841E+00
   -0.38798E+00,   -0.46655E-02,    0.88333E+00
   -0.39969E+00,    0.67332E-01,    0.87633E+00
   -0.36707E+00,   -0.98808E-01,    0.89534E+00
   -0.31943E+00,   -0.24879E+00,    0.92040E+00
   -0.39283E+00,    0.21343E-01,    0.88045E+00
   -0.41272E+00,    0.28225E+00,    0.86832E+00
   -0.38312E+00,   -0.30673E-01,    0.88617E+00
   -0.23715E+00,   -0.42762E+00,    0.95586E+00
   -0.35587E+00,   -0.14093E+00,    0.90153E+00
   -0.41315E+00,    0.25883E+00,    0.86805E+00
   -0.34061E+00,   -0.19087E+00,    0.90967E+00
   -0.37826E+00,   -0.56682E-01,    0.88899E+00
   -0.31173E+00,   -0.27111E+00,    0.92414E+00
   -0.40591E+00,    0.10924E+00,    0.87253E+00
   -0.23350E+00,   -0.43622E+00,    0.95720E+00
   -0.40929E+00,    0.14513E+00,    0.87045E+00
   -0.41118E+00,    0.17114E+00,    0.86928E+00
   -0.33281E+00,   -0.21550E+00,    0.91370E+00
   -0.40322E+00,    0.84099E-01,    0.87418E+00
   -0.22931E+00,   -0.44432E+00,    0.95871E+00
   -0.39752E+00,    0.41303E-01,    0.87764E+00
   -0.27432E+00,   -0.35805E+00,    0.94109E+00
   -0.32442E+00,   -0.24024E+00,    0.91793E+00
   -0.29748E+00,   -0.30743E+00,    0.93084E+00
   -0.41277E+00,    0.18814E+00,    0.86829E+00
   -0.41463E+00,    0.26855E+00,    0.86713E+00
   -0.36221E+00,   -0.12482E+00,    0.89805E+00
   -0.37341E+00,   -0.82690E-01,    0.89177E+00
   -0.28054E+00,   -0.34694E+00,    0.93842E+00
   -0.41469E+00,    0.22157E+00,    0.86709E+00
   -0.41544E+00,    0.23766E+00,    0.86662E+00
   -0.41553E+00,    0.27810E+00,    0.86656E+00
   -0.38946E+00,   -0.14555E-01,    0.88245E+00
   -0.35102E+00,   -0.16694E+00,    0.90415E+00
   -0.41492E+00,    0.20475E+00,    0.86694E+00
   -0.39432E+00,    0.11453E-01,    0.87956E+00
   -0.29216E+00,   -0.32367E+00,    0.93327E+00
   -0.34623E+00,   -0.18263E+00,    0.90671E+00
   -0.41077E+00,    0.13524E+00,    0.86953E+00
   -0.40195E+00,    0.57615E-01,    0.87495E+00
   -0.38460E+00,   -0.40563E-01,    0.88531E+00
   -0.33849E+00,   -0.20727E+00,    0.91077E+00
   -0.26783E+00,   -0.37665E+00,    0.94382E+00
   -0.36855E+00,   -0.10870E+00,    0.89451E+00
   -0.25286E+00,   -0.40636E+00,    0.94987E+00
   -0.26075E+00,   -0.39124E+00,    0.94672E+00
   -0.23375E+00,   -0.44200E+00,    0.95711E+00
   -0.23857E+00,   -0.43413E+00,    0.95534E+00
   -0.35736E+00,   -0.15082E+00,    0.90072E+00
   -0.37975E+00,   -0.66571E-01,    0.88813E+00
   -0.33041E+00,   -0.23236E+00,    0.91492E+00
   -0.40881E+00,    0.10016E+00,    0.87074E+00
   -0.41796E+00,    0.26481E+00,    0.86503E+00
   -0.30906E+00,   -0.28903E+00,    0.92542E+00
   -0.24648E+00,   -0.42157E+00,    0.95235E+00
   -0.31914E+00,   -0.26479E+00,    0.92054E+00
   -0.41829E+00,    0.27392E+00,    0.86482E+00
   -0.40642E+00,    0.74701E-01,    0.87222E+00
   -0.28742E+00,   -0.33974E+00,    0.93539E+00
   -0.41226E+00,    0.12535E+00,    0.86861E+00
   -0.41523E+00,    0.16201E+00,    0.86675E+00
   -0.30490E+00,   -0.30073E+00,    0.92739E+00
   -0.37489E+00,   -0.92579E-01,    0.89092E+00
   -0.36370E+00,   -0.13471E+00,    0.89723E+00
   -0.32330E+00,   -0.25582E+00,    0.91849E+00
   -0.41673E+00,    0.17900E+00,    0.86581E+00
   -0.35201E+00,   -0.17448E+00,    0.90362E+00
   -0.39580E+00,    0.15637E-02,    0.87867E+00
   -0.39094E+00,   -0.24444E-01,    0.88157E+00
   -0.34416E+00,   -0.19913E+00,    0.90780E+00
   -0.41208E+00,    0.11492E+00,    0.86872E+00
   -0.40066E+00,    0.27574E-01,    0.87574E+00
   -0.33534E+00,   -0.22523E+00,    0.91240E+00
   -0.23817E+00,   -0.43963E+00,    0.95548E+00
   -0.31437E+00,   -0.28069E+00,    0.92287E+00
   -0.41831E+00,    0.19540E+00,    0.86481E+00
   -0.24235E+00,   -0.43255E+00,    0.95392E+00
   -0.41908E+00,    0.21261E+00,    0.86432E+00
   -0.38609E+00,   -0.50452E-01,    0.88444E+00
   -0.27469E+00,   -0.37074E+00,    0.94093E+00
   -0.29966E+00,   -0.31716E+00,    0.92984E+00
   -0.40473E+00,    0.48171E-01,    0.87326E+00
   -0.42012E+00,    0.22928E+00,    0.86366E+00
   -0.41059E+00,    0.90807E-01,    0.86964E+00
   -0.37004E+00,   -0.11859E+00,    0.89368E+00
   -0.42068E+00,    0.24836E+00,    0.86330E+00
   -0.42083E+00,    0.26132E+00,    0.86322E+00
   -0.26764E+00,   -0.38655E+00,    0.94390E+00
   -0.42102E+00,    0.26971E+00,    0.86309E+00
   -0.38123E+00,   -0.76460E-01,    0.88727E+00
   -0.28273E+00,   -0.35653E+00,    0.93746E+00
   -0.26096E+00,   -0.40121E+00,    0.94664E+00
   -0.35884E+00,   -0.16071E+00,    0.89991E+00
   -0.24651E+00,   -0.42901E+00,    0.95234E+00
   -0.32933E+00,   -0.24849E+00,    0.91546E+00
   -0.40878E+00,    0.64908E-01,    0.87076E+00
   -0.24256E+00,   -0.43722E+00,    0.95384E+00
   -0.29482E+00,   -0.33304E+00,    0.93206E+00
   -0.39728E+00,   -0.83256E-02,    0.87778E+00
   -0.37638E+00,   -0.10247E+00,    0.89007E+00
   -0.40227E+00,    0.17936E-01,    0.87476E+00
   -0.39243E+00,   -0.34334E-01,    0.88069E+00
   -0.35057E+00,   -0.19156E+00,    0.90439E+00
   -0.36518E+00,   -0.14460E+00,    0.89640E+00
   -0.25476E+00,   -0.41633E+00,    0.94912E+00
   -0.42319E+00,    0.25637E+00,    0.86171E+00
   -0.30559E+00,   -0.31063E+00,    0.92707E+00
   -0.41935E+00,    0.15291E+00,    0.86415E+00
   -0.32119E+00,   -0.27347E+00,    0.91954E+00
   -0.38757E+00,   -0.60342E-01,    0.88357E+00
   -0.42370E+00,    0.26547E+00,    0.86138E+00
   -0.34295E+00,   -0.21620E+00,    0.90844E+00
   -0.41261E+00,    0.81039E-01,    0.86839E+00
   -0.33392E+00,   -0.24161E+00,    0.91313E+00
   -0.42111E+00,    0.17006E+00,    0.86303E+00
   -0.41936E+00,    0.14214E+00,    0.86415E+00
   -0.40709E+00,    0.38464E-01,    0.87180E+00
   -0.28954E+00,   -0.34943E+00,    0.93445E+00
   -0.42264E+00,    0.18685E+00,    0.86206E+00
   -0.41645E+00,    0.10639E+00,    0.86598E+00
   -0.37152E+00,   -0.12848E+00,    0.89284E+00
   -0.42371E+00,    0.20378E+00,    0.86138E+00
   -0.38271E+00,   -0.86350E-01,    0.88641E+00
   -0.25099E+00,   -0.42731E+00,    0.95060E+00
   -0.24693E+00,   -0.43477E+00,    0.95217E+00
   -0.28282E+00,   -0.36494E+00,    0.93742E+00
   -0.42463E+00,    0.22081E+00,    0.86079E+00
   -0.27564E+00,   -0.38060E+00,    0.94053E+00
   -0.32666E+00,   -0.26522E+00,    0.91681E+00
   -0.40362E+00,    0.77917E-02,    0.87393E+00
   -0.39877E+00,   -0.18215E-01,    0.87688E+00
   -0.42008E+00,    0.13158E+00,    0.86369E+00
   -0.30133E+00,   -0.32695E+00,    0.92907E+00
   -0.35612E+00,   -0.18358E+00,    0.90139E+00
   -0.31398E+00,   -0.29770E+00,    0.92306E+00
   -0.34839E+00,   -0.20783E+00,    0.90556E+00
   -0.26895E+00,   -0.39590E+00,    0.94335E+00
   -0.39391E+00,   -0.44223E-01,    0.87980E+00
   -0.42634E+00,    0.26121E+00,    0.85969E+00
   -0.42644E+00,    0.25238E+00,    0.85963E+00
   -0.37786E+00,   -0.11236E+00,    0.88922E+00
   -0.25507E+00,   -0.42398E+00,    0.94900E+00
   -0.42679E+00,    0.23869E+00,    0.85941E+00
   -0.31894E+00,   -0.28905E+00,    0.92064E+00
   -0.34026E+00,   -0.23391E+00,    0.90985E+00
   -0.38905E+00,   -0.70231E-01,    0.88269E+00
   -0.36666E+00,   -0.15448E+00,    0.89557E+00
   -0.41820E+00,    0.97139E-01,    0.86488E+00
   -0.25128E+00,   -0.43227E+00,    0.95049E+00
   -0.26303E+00,   -0.41114E+00,    0.94579E+00
   -0.42824E+00,    0.24784E+00,    0.85847E+00
   -0.29695E+00,   -0.34274E+00,    0.93109E+00
   -0.42515E+00,    0.16104E+00,    0.86045E+00
   -0.42133E+00,    0.11451E+00,    0.86290E+00
   -0.38420E+00,   -0.96239E-01,    0.88554E+00
   -0.33310E+00,   -0.25770E+00,    0.91355E+00
   -0.36273E+00,   -0.17265E+00,    0.89776E+00
   -0.42654E+00,    0.17841E+00,    0.85957E+00
   -0.37300E+00,   -0.13837E+00,    0.89200E+00
   -0.42894E+00,    0.25693E+00,    0.85802E+00
   -0.35366E+00,   -0.20099E+00,    0.90273E+00
   -0.40511E+00,   -0.20961E-02,    0.87303E+00
   -0.34532E+00,   -0.22539E+00,    0.90719E+00
   -0.40026E+00,   -0.28104E-01,    0.87598E+00
   -0.41470E+00,    0.53952E-01,    0.86708E+00
   -0.41029E+00,    0.23903E-01,    0.86983E+00
   -0.42827E+00,    0.19504E+00,    0.85845E+00
   -0.42897E+00,    0.21225E+00,    0.85800E+00
   -0.30865E+00,   -0.32024E+00,    0.92562E+00
   -0.39539E+00,   -0.54112E-01,    0.87892E+00
   -0.29101E+00,   -0.35920E+00,    0.93379E+00
   -0.25948E+00,   -0.42215E+00,    0.94724E+00
   -0.25560E+00,   -0.42973E+00,    0.94879E+00
   -0.28380E+00,   -0.37485E+00,    0.93699E+00
   -0.42000E+00,    0.87734E-01,    0.86374E+00
   -0.43006E+00,    0.22914E+00,    0.85729E+00
   -0.41863E+00,    0.75336E-01,    0.86460E+00
   -0.37934E+00,   -0.12225E+00,    0.88836E+00
   -0.27683E+00,   -0.39042E+00,    0.94002E+00
   -0.39054E+00,   -0.80120E-01,    0.88181E+00
   -0.32590E+00,   -0.28225E+00,    0.91719E+00
   -0.42708E+00,    0.15050E+00,    0.85922E+00
   -0.43149E+00,    0.25261E+00,    0.85637E+00
   -0.43144E+00,    0.24339E+00,    0.85640E+00
   -0.36815E+00,   -0.16437E+00,    0.89474E+00
   -0.33917E+00,   -0.25000E+00,    0.91042E+00
   -0.35930E+00,   -0.19276E+00,    0.89965E+00
   -0.26351E+00,   -0.41878E+00,    0.94560E+00
   -0.42368E+00,    0.10480E+00,    0.86140E+00
   -0.30421E+00,   -0.33626E+00,    0.92772E+00
   -0.40659E+00,   -0.11985E-01,    0.87211E+00
   -0.35164E+00,   -0.21727E+00,    0.90382E+00
   -0.41145E+00,    0.13999E-01,    0.86910E+00
   -0.38568E+00,   -0.10613E+00,    0.88468E+00
   -0.27104E+00,   -0.40579E+00,    0.94248E+00
   -0.40174E+00,   -0.37994E-01,    0.87508E+00
   -0.33108E+00,   -0.27373E+00,    0.91458E+00
   -0.25990E+00,   -0.42715E+00,    0.94707E+00
   -0.31726E+00,   -0.30760E+00,    0.92146E+00
   -0.37449E+00,   -0.14826E+00,    0.89115E+00
   -0.34381E+00,   -0.24165E+00,    0.90799E+00
   -0.43060E+00,    0.16929E+00,    0.85695E+00
   -0.39688E+00,   -0.64002E-01,    0.87803E+00
   -0.41685E+00,    0.39690E-01,    0.86573E+00
   -0.43382E+00,    0.24007E+00,    0.85485E+00
   -0.43400E+00,    0.24828E+00,    0.85473E+00
   -0.43314E+00,    0.20361E+00,    0.85529E+00
   -0.29905E+00,   -0.35246E+00,    0.93012E+00
   -0.43256E+00,    0.18630E+00,    0.85567E+00
   -0.38083E+00,   -0.13214E+00,    0.88751E+00
   -0.42957E+00,    0.13748E+00,    0.85761E+00
   -0.39202E+00,   -0.90010E-01,    0.88093E+00
   -0.33605E+00,   -0.26715E+00,    0.91203E+00
   -0.29185E+00,   -0.36916E+00,    0.93341E+00
   -0.26789E+00,   -0.41686E+00,    0.94379E+00
   -0.32306E+00,   -0.29946E+00,    0.91861E+00
   -0.26417E+00,   -0.42452E+00,    0.94533E+00
   -0.42225E+00,    0.65933E-01,    0.86231E+00
   -0.28461E+00,   -0.38480E+00,    0.93664E+00
   -0.43491E+00,    0.22182E+00,    0.85414E+00
   -0.42886E+00,    0.12145E+00,    0.85807E+00
   -0.42611E+00,    0.95105E-01,    0.85984E+00
   -0.31059E+00,   -0.32999E+00,    0.92469E+00
   -0.41292E+00,    0.41364E-02,    0.86819E+00
   -0.40808E+00,   -0.21874E-01,    0.87120E+00
   -0.36589E+00,   -0.18533E+00,    0.89600E+00
   -0.43550E+00,    0.23485E+00,    0.85375E+00
   -0.35817E+00,   -0.20981E+00,    0.90027E+00
   -0.40322E+00,   -0.47883E-01,    0.87418E+00
   -0.27786E+00,   -0.40031E+00,    0.93957E+00
   -0.34991E+00,   -0.23417E+00,    0.90475E+00
   -0.43647E+00,    0.24391E+00,    0.85312E+00
   -0.32852E+00,   -0.29073E+00,    0.91587E+00
   -0.41834E+00,    0.29810E-01,    0.86479E+00
   -0.27186E+00,   -0.41341E+00,    0.94213E+00
   -0.39836E+00,   -0.73891E-01,    0.87713E+00
   -0.37597E+00,   -0.15814E+00,    0.89030E+00
   -0.26841E+00,   -0.42185E+00,    0.94358E+00
   -0.34214E+00,   -0.25934E+00,    0.90886E+00
   -0.42366E+00,    0.55622E-01,    0.86141E+00
   -0.43783E+00,    0.23047E+00,    0.85222E+00
   -0.30636E+00,   -0.34596E+00,    0.92671E+00
   -0.43091E+00,    0.11167E+00,    0.85675E+00
   -0.36354E+00,   -0.20180E+00,    0.89731E+00
   -0.43714E+00,    0.19489E+00,    0.85268E+00
   -0.43641E+00,    0.17740E+00,    0.85316E+00
   -0.38231E+00,   -0.14203E+00,    0.88665E+00
   -0.41441E+00,   -0.57516E-02,    0.86726E+00
   -0.40956E+00,   -0.31763E-01,    0.87028E+00
   -0.43889E+00,    0.23952E+00,    0.85152E+00
   -0.35571E+00,   -0.22606E+00,    0.90161E+00
   -0.42835E+00,    0.83571E-01,    0.85840E+00
   -0.41941E+00,    0.19874E-01,    0.86411E+00
   -0.33475E+00,   -0.28293E+00,    0.91270E+00
   -0.37236E+00,   -0.17771E+00,    0.89236E+00
   -0.29226E+00,   -0.37901E+00,    0.93322E+00
   -0.40471E+00,   -0.57772E-01,    0.87327E+00
   -0.27615E+00,   -0.41141E+00,    0.94031E+00
   -0.34769E+00,   -0.25084E+00,    0.90593E+00
   -0.30024E+00,   -0.36374E+00,    0.92957E+00
   -0.27262E+00,   -0.41914E+00,    0.94181E+00
   -0.43705E+00,    0.16026E+00,    0.85274E+00
   -0.42469E+00,    0.45726E-01,    0.86075E+00
   -0.43639E+00,    0.14935E+00,    0.85317E+00
   -0.32051E+00,   -0.32025E+00,    0.91987E+00
   -0.44037E+00,    0.21236E+00,    0.85055E+00
   -0.44092E+00,    0.22617E+00,    0.85018E+00
   -0.44127E+00,    0.23511E+00,    0.84995E+00
   -0.37745E+00,   -0.16803E+00,    0.88945E+00
   -0.28009E+00,   -0.40788E+00,    0.93861E+00
   -0.36908E+00,   -0.19479E+00,    0.89422E+00
   -0.38941E+00,   -0.12734E+00,    0.88248E+00
   -0.43327E+00,    0.10207E+00,    0.85521E+00
   -0.36111E+00,   -0.21929E+00,    0.89866E+00
   -0.41590E+00,   -0.15644E-01,    0.86633E+00
   -0.42067E+00,    0.10417E-01,    0.86331E+00
   -0.31360E+00,   -0.33950E+00,    0.92325E+00
   -0.32721E+00,   -0.30852E+00,    0.91653E+00
   -0.28688E+00,   -0.39598E+00,    0.93563E+00
   -0.43633E+00,    0.12810E+00,    0.85321E+00
   -0.34083E+00,   -0.27548E+00,    0.90955E+00
   -0.41105E+00,   -0.41653E-01,    0.86936E+00
   -0.27681E+00,   -0.41638E+00,    0.94003E+00
   -0.43051E+00,    0.71546E-01,    0.85700E+00
   -0.44237E+00,    0.22165E+00,    0.84923E+00
   -0.35369E+00,   -0.24299E+00,    0.90271E+00
   -0.38379E+00,   -0.15192E+00,    0.88578E+00
   -0.44127E+00,    0.18580E+00,    0.84995E+00
   -0.42614E+00,    0.36021E-01,    0.85982E+00
   -0.40310E+00,   -0.82415E-01,    0.87425E+00
   -0.30856E+00,   -0.35475E+00,    0.92566E+00
   -0.44361E+00,    0.23068E+00,    0.84840E+00
   -0.28417E+00,   -0.40505E+00,    0.93683E+00
   -0.39431E+00,   -0.11871E+00,    0.87957E+00
   -0.34554E+00,   -0.26864E+00,    0.90707E+00
   -0.36656E+00,   -0.21095E+00,    0.89563E+00
   -0.33297E+00,   -0.30052E+00,    0.91362E+00
   -0.43964E+00,    0.13989E+00,    0.85103E+00
   -0.43126E+00,    0.61614E-01,    0.85652E+00
   -0.28097E+00,   -0.41359E+00,    0.93823E+00
   -0.43540E+00,    0.92349E-01,    0.85382E+00
   -0.39765E+00,   -0.10973E+00,    0.87756E+00
   -0.43835E+00,    0.11831E+00,    0.85188E+00
   -0.32031E+00,   -0.33222E+00,    0.91997E+00
   -0.42225E+00,    0.54966E-03,    0.86231E+00
   -0.30202E+00,   -0.37232E+00,    0.92874E+00
   -0.41738E+00,   -0.25533E-01,    0.86539E+00
   -0.37573E+00,   -0.18713E+00,    0.89044E+00
   -0.44453E+00,    0.20208E+00,    0.84779E+00
   -0.40085E+00,   -0.10063E+00,    0.87563E+00
   -0.40312E+00,   -0.91600E-01,    0.87424E+00
   -0.35976E+00,   -0.23517E+00,    0.89940E+00
   -0.44530E+00,    0.21701E+00,    0.84728E+00
   -0.42720E+00,    0.26120E-01,    0.85914E+00
   -0.40821E+00,   -0.70645E-01,    0.87112E+00
   -0.41253E+00,   -0.51542E-01,    0.86843E+00
   -0.44345E+00,    0.17315E+00,    0.84851E+00
   -0.29494E+00,   -0.38876E+00,    0.93200E+00
   -0.44590E+00,    0.22622E+00,    0.84687E+00
   -0.33840E+00,   -0.29215E+00,    0.91081E+00
   -0.35187E+00,   -0.25988E+00,    0.90369E+00
   -0.28914E+00,   -0.40278E+00,    0.93462E+00
   -0.28510E+00,   -0.41075E+00,    0.93642E+00
   -0.43267E+00,    0.51405E-01,    0.85560E+00
   -0.38576E+00,   -0.16149E+00,    0.88463E+00
   -0.31585E+00,   -0.34795E+00,    0.92215E+00
   -0.44407E+00,    0.15513E+00,    0.84809E+00
   -0.44027E+00,    0.10853E+00,    0.85061E+00
   -0.44747E+00,    0.21351E+00,    0.84582E+00
   -0.42335E+00,   -0.93683E-02,    0.86161E+00
   -0.44814E+00,    0.22174E+00,    0.84537E+00
   -0.29217E+00,   -0.40002E+00,    0.93326E+00
   -0.41887E+00,   -0.35422E-01,    0.86446E+00
   -0.37386E+00,   -0.20373E+00,    0.89151E+00
   -0.39216E+00,   -0.14467E+00,    0.88085E+00
   -0.42873E+00,    0.16281E-01,    0.85816E+00
   -0.34451E+00,   -0.28466E+00,    0.90762E+00
   -0.39516E+00,   -0.13513E+00,    0.87906E+00
   -0.36595E+00,   -0.22787E+00,    0.89597E+00
   -0.38220E+00,   -0.17951E+00,    0.88671E+00
   -0.35753E+00,   -0.25167E+00,    0.90062E+00
   -0.32783E+00,   -0.32577E+00,    0.91622E+00
   -0.28921E+00,   -0.40787E+00,    0.93459E+00
   -0.44883E+00,    0.20824E+00,    0.84491E+00
   -0.31089E+00,   -0.36389E+00,    0.92455E+00
   -0.33173E+00,   -0.31740E+00,    0.91425E+00
   -0.44839E+00,    0.19256E+00,    0.84520E+00
   -0.43388E+00,    0.42329E-01,    0.85482E+00
   -0.44620E+00,    0.14743E+00,    0.84667E+00
   -0.43941E+00,    0.79353E-01,    0.85118E+00
   -0.29622E+00,   -0.39632E+00,    0.93142E+00
   -0.45034E+00,    0.21723E+00,    0.84389E+00
   -0.39910E+00,   -0.12740E+00,    0.87669E+00
   -0.30353E+00,   -0.38240E+00,    0.92804E+00
   -0.37094E+00,   -0.21990E+00,    0.89316E+00
   -0.38676E+00,   -0.17169E+00,    0.88404E+00
   -0.33705E+00,   -0.30898E+00,    0.91151E+00
   -0.44271E+00,    0.98912E-01,    0.84899E+00
   -0.32333E+00,   -0.34135E+00,    0.91848E+00
   -0.42982E+00,    0.64784E-02,    0.85745E+00
   -0.40247E+00,   -0.11801E+00,    0.87464E+00
   -0.42520E+00,   -0.19131E-01,    0.86042E+00
   -0.29328E+00,   -0.40495E+00,    0.93276E+00
   -0.44587E+00,    0.12516E+00,    0.84689E+00
   -0.35056E+00,   -0.27726E+00,    0.90440E+00
   -0.43943E+00,    0.67101E-01,    0.85117E+00
   -0.41622E+00,   -0.63455E-01,    0.86613E+00
   -0.37993E+00,   -0.19581E+00,    0.88803E+00
   -0.42035E+00,   -0.45312E-01,    0.86352E+00
   -0.36272E+00,   -0.24591E+00,    0.89777E+00
   -0.45151E+00,    0.20426E+00,    0.84310E+00
   -0.44973E+00,    0.16376E+00,    0.84430E+00
   -0.43519E+00,    0.31853E-01,    0.85396E+00
   -0.40610E+00,   -0.10872E+00,    0.87242E+00
   -0.45250E+00,    0.21271E+00,    0.84243E+00
   -0.30039E+00,   -0.39407E+00,    0.92950E+00
   -0.35551E+00,   -0.26869E+00,    0.90172E+00
   -0.31812E+00,   -0.35759E+00,    0.92105E+00
   -0.34293E+00,   -0.30097E+00,    0.90845E+00
   -0.36766E+00,   -0.23729E+00,    0.89501E+00
   -0.45292E+00,    0.19920E+00,    0.84215E+00
   -0.40975E+00,   -0.99399E-01,    0.87016E+00
   -0.44033E+00,    0.57801E-01,    0.85058E+00
   -0.29733E+00,   -0.40199E+00,    0.93091E+00
   -0.44946E+00,    0.13800E+00,    0.84448E+00
   -0.45261E+00,    0.18270E+00,    0.84235E+00
   -0.44755E+00,    0.11531E+00,    0.84577E+00
   -0.44492E+00,    0.89903E-01,    0.84753E+00
   -0.32932E+00,   -0.33556E+00,    0.91547E+00
   -0.43135E+00,   -0.33963E-02,    0.85646E+00
   -0.41297E+00,   -0.89939E-01,    0.86816E+00
   -0.42114E+00,   -0.54750E-01,    0.86302E+00
   -0.30410E+00,   -0.39030E+00,    0.92777E+00
   -0.39601E+00,   -0.15366E+00,    0.87855E+00
   -0.34806E+00,   -0.29248E+00,    0.90573E+00
   -0.38556E+00,   -0.18892E+00,    0.88475E+00
   -0.45461E+00,    0.20816E+00,    0.84100E+00
   -0.43639E+00,    0.22637E-01,    0.85317E+00
   -0.37791E+00,   -0.21277E+00,    0.88919E+00
   -0.42735E+00,   -0.29448E-01,    0.85904E+00
   -0.41648E+00,   -0.80698E-01,    0.86596E+00
   -0.36151E+00,   -0.26082E+00,    0.89844E+00
   -0.37319E+00,   -0.22903E+00,    0.89189E+00
   -0.30134E+00,   -0.39899E+00,    0.92906E+00
   -0.45292E+00,    0.15471E+00,    0.84215E+00
   -0.45550E+00,    0.19505E+00,    0.84039E+00
   -0.31332E+00,   -0.37572E+00,    0.92338E+00
   -0.39458E+00,   -0.16546E+00,    0.87940E+00
   -0.44206E+00,    0.48041E-01,    0.84943E+00
   -0.32522E+00,   -0.35114E+00,    0.91753E+00
   -0.45667E+00,    0.20359E+00,    0.83959E+00
   -0.40192E+00,   -0.14250E+00,    0.87497E+00
   -0.44984E+00,    0.10580E+00,    0.84423E+00
   -0.30839E+00,   -0.38789E+00,    0.92574E+00
   -0.35407E+00,   -0.28454E+00,    0.90251E+00
   -0.43747E+00,    0.12711E-01,    0.85246E+00
   -0.33620E+00,   -0.32833E+00,    0.91196E+00
   -0.45682E+00,    0.19008E+00,    0.83949E+00
   -0.38368E+00,   -0.20506E+00,    0.88585E+00
   -0.30532E+00,   -0.39595E+00,    0.92719E+00
   -0.42837E+00,   -0.39395E-01,    0.85838E+00
   -0.45645E+00,    0.17287E+00,    0.83974E+00
   -0.42129E+00,   -0.72065E-01,    0.86292E+00
   -0.44823E+00,    0.80725E-01,    0.84531E+00
   -0.36742E+00,   -0.25289E+00,    0.89515E+00
   -0.39204E+00,   -0.18130E+00,    0.88092E+00
   -0.31187E+00,   -0.38413E+00,    0.92408E+00
   -0.44751E+00,    0.72351E-01,    0.84579E+00
   -0.44294E+00,    0.38142E-01,    0.84884E+00
   -0.32023E+00,   -0.36731E+00,    0.92001E+00
   -0.45414E+00,    0.12969E+00,    0.84132E+00
   -0.45869E+00,    0.19901E+00,    0.83821E+00
   -0.40889E+00,   -0.12553E+00,    0.87069E+00
   -0.40650E+00,   -0.13512E+00,    0.87217E+00
   -0.45593E+00,    0.14560E+00,    0.84010E+00
   -0.41225E+00,   -0.11657E+00,    0.86861E+00
   -0.30928E+00,   -0.39287E+00,    0.92532E+00
   -0.34695E+00,   -0.30984E+00,    0.90632E+00
   -0.41504E+00,   -0.10634E+00,    0.86687E+00
   -0.36045E+00,   -0.27690E+00,    0.89902E+00
   -0.33220E+00,   -0.34455E+00,    0.91401E+00
   -0.38048E+00,   -0.22240E+00,    0.88771E+00
   -0.45940E+00,    0.18571E+00,    0.83772E+00
   -0.45232E+00,    0.96487E-01,    0.84255E+00
   -0.44853E+00,    0.63936E-01,    0.84511E+00
   -0.37266E+00,   -0.24567E+00,    0.89219E+00
   -0.43600E+00,   -0.14528E-01,    0.85343E+00
   -0.45522E+00,    0.12164E+00,    0.84058E+00
   -0.42622E+00,   -0.63364E-01,    0.85977E+00
   -0.38945E+00,   -0.19785E+00,    0.88246E+00
   -0.42938E+00,   -0.49312E-01,    0.85774E+00
   -0.34326E+00,   -0.32129E+00,    0.90828E+00
   -0.46066E+00,    0.19440E+00,    0.83685E+00
   -0.35181E+00,   -0.30140E+00,    0.90373E+00
   -0.31644E+00,   -0.38111E+00,    0.92187E+00
   -0.46054E+00,    0.18089E+00,    0.83694E+00
   -0.44453E+00,    0.28334E-01,    0.84779E+00
   -0.36499E+00,   -0.27008E+00,    0.89651E+00
   -0.45986E+00,    0.16358E+00,    0.83740E+00
   -0.31320E+00,   -0.38975E+00,    0.92344E+00
   -0.43571E+00,   -0.24503E-01,    0.85362E+00
   -0.41955E+00,   -0.97431E-01,    0.86403E+00
   -0.37739E+00,   -0.23804E+00,    0.88949E+00
   -0.32720E+00,   -0.36203E+00,    0.91654E+00
   -0.44954E+00,    0.54140E-01,    0.84443E+00
   -0.45876E+00,    0.13643E+00,    0.83816E+00
   -0.42265E+00,   -0.87955E-01,    0.86205E+00
   -0.38618E+00,   -0.21436E+00,    0.88438E+00
   -0.31965E+00,   -0.37858E+00,    0.92030E+00
   -0.45668E+00,    0.11180E+00,    0.83958E+00
   -0.46259E+00,    0.18977E+00,    0.83553E+00
   -0.45442E+00,    0.87087E-01,    0.84113E+00
   -0.33904E+00,   -0.33782E+00,    0.91048E+00
   -0.35796E+00,   -0.29356E+00,    0.90039E+00
   -0.31709E+00,   -0.38659E+00,    0.92155E+00
   -0.44549E+00,    0.18652E-01,    0.84714E+00
   -0.39545E+00,   -0.18993E+00,    0.87888E+00
   -0.44272E+00,    0.19635E-02,    0.84899E+00
   -0.46309E+00,    0.17632E+00,    0.83518E+00
   -0.38258E+00,   -0.22953E+00,    0.88649E+00
   -0.32328E+00,   -0.37458E+00,    0.91850E+00
   -0.37098E+00,   -0.26212E+00,    0.89315E+00
   -0.43648E+00,   -0.33537E-01,    0.85311E+00
   -0.40279E+00,   -0.16896E+00,    0.87445E+00
   -0.40569E+00,   -0.15939E+00,    0.87267E+00
   -0.40867E+00,   -0.14988E+00,    0.87083E+00
   -0.46447E+00,    0.18512E+00,    0.83423E+00
   -0.42716E+00,   -0.80144E-01,    0.85917E+00
   -0.46407E+00,    0.17162E+00,    0.83450E+00
   -0.45098E+00,    0.43650E-01,    0.84346E+00
   -0.46306E+00,    0.15431E+00,    0.83520E+00
   -0.45557E+00,    0.77296E-01,    0.84034E+00
   -0.45872E+00,    0.10204E+00,    0.83819E+00
   -0.32095E+00,   -0.38339E+00,    0.91965E+00
   -0.46140E+00,    0.12720E+00,    0.83635E+00
   -0.32701E+00,   -0.37132E+00,    0.91663E+00
   -0.36373E+00,   -0.28630E+00,    0.89720E+00
   -0.34574E+00,   -0.33095E+00,    0.90696E+00
   -0.44359E+00,   -0.93736E-02,    0.84841E+00
   -0.41307E+00,   -0.14147E+00,    0.86810E+00
   -0.46630E+00,    0.18046E+00,    0.83295E+00
   -0.41588E+00,   -0.13201E+00,    0.86634E+00
   -0.44733E+00,    0.88401E-02,    0.84591E+00
   -0.43749E+00,   -0.43484E-01,    0.85245E+00
   -0.45661E+00,    0.69796E-01,    0.83963E+00
   -0.41836E+00,   -0.12446E+00,    0.86478E+00
   -0.37728E+00,   -0.25440E+00,    0.88955E+00
   -0.33586E+00,   -0.35550E+00,    0.91213E+00
   -0.45209E+00,    0.34784E-01,    0.84271E+00
   -0.32478E+00,   -0.38016E+00,    0.91775E+00
   -0.39438E+00,   -0.20685E+00,    0.87952E+00
   -0.46654E+00,    0.16698E+00,    0.83279E+00
   -0.42215E+00,   -0.11530E+00,    0.86237E+00
   -0.36933E+00,   -0.27890E+00,    0.89407E+00
   -0.33140E+00,   -0.36836E+00,    0.91441E+00
   -0.38983E+00,   -0.22351E+00,    0.88223E+00
   -0.46808E+00,    0.17577E+00,    0.83171E+00
   -0.46101E+00,    0.92330E-01,    0.83661E+00
   -0.42501E+00,   -0.10574E+00,    0.86055E+00
   -0.46742E+00,    0.16228E+00,    0.83217E+00
   -0.46386E+00,    0.11792E+00,    0.83465E+00
   -0.35692E+00,   -0.31146E+00,    0.90095E+00
   -0.39894E+00,   -0.19765E+00,    0.87678E+00
   -0.44446E+00,   -0.19705E-01,    0.84783E+00
   -0.38250E+00,   -0.24647E+00,    0.88654E+00
   -0.45768E+00,    0.59930E-01,    0.83890E+00
   -0.42813E+00,   -0.96271E-01,    0.85854E+00
   -0.45278E+00,    0.25094E-01,    0.84224E+00
   -0.32857E+00,   -0.37688E+00,    0.91585E+00
   -0.33439E+00,   -0.36469E+00,    0.91288E+00
   -0.35270E+00,   -0.32379E+00,    0.90324E+00
   -0.46722E+00,    0.14428E+00,    0.83231E+00
   -0.39424E+00,   -0.21463E+00,    0.87961E+00
   -0.36169E+00,   -0.30270E+00,    0.89834E+00
   -0.43446E+00,   -0.72102E-01,    0.85443E+00
   -0.34296E+00,   -0.34713E+00,    0.90843E+00
   -0.46982E+00,    0.17107E+00,    0.83049E+00
   -0.37474E+00,   -0.27134E+00,    0.89101E+00
   -0.44416E+00,   -0.30061E-01,    0.84803E+00
   -0.40366E+00,   -0.18844E+00,    0.87391E+00
   -0.38724E+00,   -0.23833E+00,    0.88376E+00
   -0.46979E+00,    0.15759E+00,    0.83051E+00
   -0.33234E+00,   -0.37357E+00,    0.91394E+00
   -0.45865E+00,    0.50044E-01,    0.83824E+00
   -0.43260E+00,   -0.87510E-01,    0.85565E+00
   -0.46845E+00,    0.13421E+00,    0.83145E+00
   -0.46326E+00,    0.82729E-01,    0.83506E+00
   -0.46613E+00,    0.10860E+00,    0.83307E+00
   -0.40822E+00,   -0.17982E+00,    0.87111E+00
   -0.47058E+00,    0.15288E+00,    0.82996E+00
   -0.47151E+00,    0.16636E+00,    0.82931E+00
   -0.41787E+00,   -0.14755E+00,    0.86509E+00
   -0.33902E+00,   -0.36182E+00,    0.91049E+00
   -0.34862E+00,   -0.34047E+00,    0.90543E+00
   -0.37994E+00,   -0.26360E+00,    0.88802E+00
   -0.36767E+00,   -0.29536E+00,    0.89501E+00
   -0.41252E+00,   -0.16668E+00,    0.86844E+00
   -0.43545E+00,   -0.80536E-01,    0.85379E+00
   -0.41539E+00,   -0.15711E+00,    0.86664E+00
   -0.43998E+00,   -0.61577E-01,    0.85081E+00
   -0.45487E+00,    0.15383E-01,    0.84082E+00
   -0.33606E+00,   -0.37022E+00,    0.91202E+00
   -0.44560E+00,   -0.37631E-01,    0.84707E+00
   -0.34168E+00,   -0.35866E+00,    0.90911E+00
   -0.44299E+00,   -0.51856E-01,    0.84881E+00
   -0.46481E+00,    0.75489E-01,    0.83399E+00
   -0.47316E+00,    0.16162E+00,    0.82815E+00
   -0.45457E+00,    0.45501E-02,    0.84103E+00
   -0.38495E+00,   -0.25564E+00,    0.88510E+00
   -0.46037E+00,    0.40261E-01,    0.83706E+00
   -0.42256E+00,   -0.13873E+00,    0.86212E+00
   -0.46821E+00,    0.99235E-01,    0.83162E+00
   -0.34521E+00,   -0.35447E+00,    0.90725E+00
   -0.33976E+00,   -0.36683E+00,    0.91011E+00
   -0.37348E+00,   -0.28786E+00,    0.89172E+00
   -0.45364E+00,   -0.53941E-02,    0.84166E+00
   -0.47317E+00,    0.14813E+00,    0.82814E+00
   -0.47144E+00,    0.12600E+00,    0.82936E+00
   -0.42534E+00,   -0.13159E+00,    0.86033E+00
   -0.42804E+00,   -0.12206E+00,    0.85860E+00
   -0.40397E+00,   -0.20416E+00,    0.87372E+00
   -0.46558E+00,    0.65538E-01,    0.83346E+00
   -0.47475E+00,    0.15687E+00,    0.82702E+00
   -0.38983E+00,   -0.24739E+00,    0.88223E+00
   -0.47396E+00,    0.14405E+00,    0.82759E+00
   -0.46108E+00,    0.30575E-01,    0.83657E+00
   -0.45337E+00,   -0.15182E-01,    0.84184E+00
   -0.39581E+00,   -0.23199E+00,    0.87867E+00
   -0.43184E+00,   -0.11291E+00,    0.85614E+00
   -0.34342E+00,   -0.36341E+00,    0.90819E+00
   -0.39947E+00,   -0.22305E+00,    0.87646E+00
   -0.34905E+00,   -0.35169E+00,    0.90521E+00
   -0.43471E+00,   -0.10377E+00,    0.85427E+00
   -0.35694E+00,   -0.33422E+00,    0.90094E+00
   -0.37912E+00,   -0.28021E+00,    0.88849E+00
   -0.47011E+00,    0.89828E-01,    0.83029E+00
   -0.47496E+00,    0.13866E+00,    0.82687E+00
   -0.47630E+00,    0.15210E+00,    0.82593E+00
   -0.40891E+00,   -0.19695E+00,    0.87068E+00
   -0.45285E+00,   -0.25127E-01,    0.84219E+00
   -0.43745E+00,   -0.96066E-01,    0.85247E+00
   -0.37115E+00,   -0.30219E+00,    0.89305E+00
   -0.46662E+00,    0.55618E-01,    0.83273E+00
   -0.36743E+00,   -0.31178E+00,    0.89514E+00
   -0.35224E+00,   -0.34748E+00,    0.90349E+00
   -0.47392E+00,    0.11669E+00,    0.82761E+00
   -0.46176E+00,    0.20822E-01,    0.83610E+00
   -0.34704E+00,   -0.35995E+00,    0.90627E+00
   -0.40421E+00,   -0.21427E+00,    0.87358E+00
   -0.39548E+00,   -0.24078E+00,    0.87886E+00
   -0.47633E+00,    0.13389E+00,    0.82591E+00
   -0.47780E+00,    0.14732E+00,    0.82486E+00
   -0.45280E+00,   -0.35084E-01,    0.84223E+00
   -0.41365E+00,   -0.18819E+00,    0.86774E+00
   -0.38458E+00,   -0.27236E+00,    0.88532E+00
   -0.36434E+00,   -0.32357E+00,    0.89687E+00
   -0.35571E+00,   -0.34393E+00,    0.90161E+00
   -0.46125E+00,    0.83678E-02,    0.83645E+00
   -0.47181E+00,    0.80385E-01,    0.82910E+00
   -0.35063E+00,   -0.35645E+00,    0.90436E+00
   -0.46783E+00,    0.46821E-01,    0.83189E+00
   -0.37713E+00,   -0.29469E+00,    0.88964E+00
   -0.44256E+00,   -0.87515E-01,    0.84910E+00
   -0.44723E+00,   -0.68438E-01,    0.84598E+00
   -0.44508E+00,   -0.77981E-01,    0.84742E+00
   -0.42186E+00,   -0.16668E+00,    0.86256E+00
   -0.41819E+00,   -0.17938E+00,    0.86489E+00
   -0.47926E+00,    0.14252E+00,    0.82383E+00
   -0.42785E+00,   -0.14716E+00,    0.85872E+00
   -0.47625E+00,    0.10739E+00,    0.82596E+00
   -0.47841E+00,    0.12903E+00,    0.82443E+00
   -0.38983E+00,   -0.26429E+00,    0.88223E+00
   -0.45009E+00,   -0.58869E-01,    0.84406E+00
   -0.42527E+00,   -0.15730E+00,    0.86038E+00
   -0.35419E+00,   -0.35292E+00,    0.90244E+00
   -0.45263E+00,   -0.49293E-01,    0.84234E+00
   -0.35991E+00,   -0.34053E+00,    0.89932E+00
   -0.47892E+00,    0.12431E+00,    0.82407E+00
   -0.46848E+00,    0.36867E-01,    0.83143E+00
   -0.47333E+00,    0.70910E-01,    0.82803E+00
   -0.46269E+00,   -0.12598E-02,    0.83546E+00
   -0.48066E+00,    0.13771E+00,    0.82282E+00
   -0.38296E+00,   -0.28707E+00,    0.88627E+00
   -0.43486E+00,   -0.12884E+00,    0.85417E+00
   -0.39488E+00,   -0.25598E+00,    0.87922E+00
   -0.46157E+00,   -0.11145E-01,    0.83623E+00
   -0.43250E+00,   -0.13853E+00,    0.85571E+00
   -0.36262E+00,   -0.33747E+00,    0.89782E+00
   -0.35771E+00,   -0.34935E+00,    0.90052E+00
   -0.43995E+00,   -0.11179E+00,    0.85083E+00
   -0.43759E+00,   -0.12097E+00,    0.85238E+00
   -0.41335E+00,   -0.20506E+00,    0.86792E+00
   -0.47824E+00,    0.97619E-01,    0.82455E+00
   -0.48202E+00,    0.13289E+00,    0.82185E+00
   -0.36589E+00,   -0.33308E+00,    0.89600E+00
   -0.48091E+00,    0.11944E+00,    0.82265E+00
   -0.46939E+00,    0.26934E-01,    0.83079E+00
   -0.39979E+00,   -0.24743E+00,    0.87626E+00
   -0.47466E+00,    0.61407E-01,    0.82709E+00
   -0.46164E+00,   -0.20726E-01,    0.83618E+00
   -0.36119E+00,   -0.34574E+00,    0.89861E+00
   -0.48131E+00,    0.11469E+00,    0.82236E+00
   -0.38864E+00,   -0.27933E+00,    0.88294E+00
   -0.37574E+00,   -0.31192E+00,    0.89044E+00
   -0.44458E+00,   -0.10304E+00,    0.84775E+00
   -0.44708E+00,   -0.93483E-01,    0.84608E+00
   -0.48333E+00,    0.12805E+00,    0.82091E+00
   -0.41874E+00,   -0.19675E+00,    0.86454E+00
   -0.40475E+00,   -0.23877E+00,    0.87325E+00
   -0.36996E+00,   -0.32941E+00,    0.89372E+00
   -0.37396E+00,   -0.31994E+00,    0.89145E+00
   -0.36464E+00,   -0.34211E+00,    0.89670E+00
   -0.48009E+00,    0.87989E-01,    0.82323E+00
   -0.46173E+00,   -0.30993E-01,    0.83612E+00
   -0.46996E+00,    0.13903E-01,    0.83040E+00
   -0.40818E+00,   -0.23089E+00,    0.87114E+00
   -0.47579E+00,    0.51878E-01,    0.82629E+00
   -0.38082E+00,   -0.30513E+00,    0.88751E+00
   -0.37250E+00,   -0.32567E+00,    0.89228E+00
   -0.48322E+00,    0.10982E+00,    0.82099E+00
   -0.39416E+00,   -0.27149E+00,    0.87965E+00
   -0.48459E+00,    0.12319E+00,    0.82001E+00
   -0.42329E+00,   -0.18787E+00,    0.86165E+00
   -0.48352E+00,    0.10501E+00,    0.82078E+00
   -0.36805E+00,   -0.33843E+00,    0.89479E+00
   -0.45387E+00,   -0.75626E-01,    0.84150E+00
   -0.45172E+00,   -0.85268E-01,    0.84295E+00
   -0.46991E+00,    0.39284E-02,    0.83043E+00
   -0.48580E+00,    0.11833E+00,    0.81914E+00
   -0.47674E+00,    0.42329E-01,    0.82562E+00
   -0.45691E+00,   -0.66158E-01,    0.83942E+00
   -0.43168E+00,   -0.16488E+00,    0.85625E+00
   -0.48168E+00,    0.78182E-01,    0.82210E+00
   -0.45942E+00,   -0.56510E-01,    0.83771E+00
   -0.39953E+00,   -0.26353E+00,    0.87643E+00
   -0.43760E+00,   -0.14617E+00,    0.85238E+00
   -0.37143E+00,   -0.33473E+00,    0.89289E+00
   -0.43508E+00,   -0.15578E+00,    0.85403E+00
   -0.47013E+00,   -0.60445E-02,    0.83028E+00
   -0.37895E+00,   -0.31814E+00,    0.88859E+00
   -0.41504E+00,   -0.22181E+00,    0.86687E+00
   -0.44085E+00,   -0.13679E+00,    0.85023E+00
   -0.48531E+00,    0.10007E+00,    0.81949E+00
   -0.46306E+00,   -0.44071E-01,    0.83520E+00
   -0.48696E+00,    0.11346E+00,    0.81830E+00
   -0.38825E+00,   -0.29725E+00,    0.88316E+00
   -0.48552E+00,    0.95299E-01,    0.81933E+00
   -0.43015E+00,   -0.17681E+00,    0.85723E+00
   -0.47749E+00,    0.32763E-01,    0.82508E+00
   -0.37476E+00,   -0.33099E+00,    0.89099E+00
   -0.40473E+00,   -0.25547E+00,    0.87326E+00
   -0.38212E+00,   -0.31432E+00,    0.88676E+00
   -0.44952E+00,   -0.10922E+00,    0.84444E+00
   -0.44475E+00,   -0.12778E+00,    0.84764E+00
   -0.44718E+00,   -0.11856E+00,    0.84601E+00
   -0.47032E+00,   -0.15904E-01,    0.83014E+00
   -0.48807E+00,    0.10857E+00,    0.81749E+00
   -0.41987E+00,   -0.21337E+00,    0.86382E+00
   -0.37806E+00,   -0.32721E+00,    0.88910E+00
   -0.48427E+00,    0.67668E-01,    0.82023E+00
   -0.39419E+00,   -0.28806E+00,    0.87964E+00
   -0.48722E+00,    0.90318E-01,    0.81811E+00
   -0.47825E+00,    0.22806E-01,    0.82454E+00
   -0.40977E+00,   -0.24730E+00,    0.87015E+00
   -0.48913E+00,    0.10367E+00,    0.81672E+00
   -0.42439E+00,   -0.20487E+00,    0.86094E+00
   -0.38598E+00,   -0.31071E+00,    0.88450E+00
   -0.48734E+00,    0.85546E-01,    0.81802E+00
   -0.47027E+00,   -0.25633E-01,    0.83018E+00
   -0.48387E+00,    0.57673E-01,    0.82052E+00
   -0.38132E+00,   -0.32341E+00,    0.88722E+00
   -0.45679E+00,   -0.91208E-01,    0.83951E+00
   -0.39852E+00,   -0.28042E+00,    0.87703E+00
   -0.38834E+00,   -0.30660E+00,    0.88311E+00
   -0.49015E+00,    0.98761E-01,    0.81598E+00
   -0.46977E+00,   -0.35317E-01,    0.83053E+00
   -0.42862E+00,   -0.19630E+00,    0.85823E+00
   -0.41464E+00,   -0.23904E+00,    0.86711E+00
   -0.45562E+00,   -0.10072E+00,    0.84031E+00
   -0.38455E+00,   -0.31957E+00,    0.88534E+00
   -0.47853E+00,    0.87985E-02,    0.82434E+00
   -0.48892E+00,    0.80500E-01,    0.81688E+00
   -0.46042E+00,   -0.83119E-01,    0.83702E+00
   -0.39215E+00,   -0.30266E+00,    0.88085E+00
   -0.48895E+00,    0.75759E-01,    0.81685E+00
   -0.49111E+00,    0.93843E-01,    0.81528E+00
   -0.48559E+00,    0.49245E-01,    0.81928E+00
   -0.43771E+00,   -0.17166E+00,    0.85230E+00
   -0.46349E+00,   -0.73004E-01,    0.83490E+00
   -0.41935E+00,   -0.23068E+00,    0.86415E+00
   -0.44103E+00,   -0.16225E+00,    0.85011E+00
   -0.38773E+00,   -0.31570E+00,    0.88347E+00
   -0.47861E+00,   -0.79692E-03,    0.82429E+00
   -0.46645E+00,   -0.63583E-01,    0.83285E+00
   -0.39498E+00,   -0.29970E+00,    0.87916E+00
   -0.49203E+00,    0.88915E-01,    0.81461E+00
   -0.44460E+00,   -0.15294E+00,    0.84774E+00
   -0.43433E+00,   -0.18812E+00,    0.85452E+00
   -0.46908E+00,   -0.53944E-01,    0.83101E+00
   -0.44718E+00,   -0.14444E+00,    0.84602E+00
   -0.40557E+00,   -0.27316E+00,    0.87274E+00
   -0.39739E+00,   -0.29478E+00,    0.87772E+00
   -0.49033E+00,    0.70452E-01,    0.81586E+00
   -0.42389E+00,   -0.22222E+00,    0.86126E+00
   -0.39088E+00,   -0.31179E+00,    0.88161E+00
   -0.45261E+00,   -0.12640E+00,    0.84235E+00
   -0.45005E+00,   -0.13604E+00,    0.84408E+00
   -0.48639E+00,    0.39343E-01,    0.81871E+00
   -0.47850E+00,   -0.10392E-01,    0.82437E+00
   -0.45542E+00,   -0.11683E+00,    0.84044E+00
   -0.49290E+00,    0.83978E-01,    0.81398E+00
   -0.41060E+00,   -0.26370E+00,    0.86964E+00
   -0.45805E+00,   -0.10941E+00,    0.83865E+00
   -0.49134E+00,    0.66482E-01,    0.81512E+00
   -0.39398E+00,   -0.30786E+00,    0.87976E+00
   -0.42826E+00,   -0.21368E+00,    0.85846E+00
   -0.40077E+00,   -0.29146E+00,    0.87567E+00
   -0.49101E+00,    0.61022E-01,    0.81536E+00
   -0.47819E+00,   -0.19983E-01,    0.82458E+00
   -0.49371E+00,    0.79033E-01,    0.81338E+00
   -0.41466E+00,   -0.25596E+00,    0.86710E+00
   -0.40322E+00,   -0.28676E+00,    0.87418E+00
   -0.43246E+00,   -0.20505E+00,    0.85574E+00
   -0.39705E+00,   -0.30389E+00,    0.87792E+00
   -0.49160E+00,    0.56097E-01,    0.81493E+00
   -0.40607E+00,   -0.28270E+00,    0.87243E+00
   -0.49448E+00,    0.74079E-01,    0.81282E+00
   -0.47823E+00,   -0.29571E-01,    0.82456E+00
   -0.48826E+00,    0.28298E-01,    0.81735E+00
   -0.40008E+00,   -0.29990E+00,    0.87609E+00
   -0.41977E+00,   -0.24906E+00,    0.86388E+00
   -0.49520E+00,    0.69119E-01,    0.81230E+00
   -0.49289E+00,    0.50996E-01,    0.81399E+00
   -0.49262E+00,    0.46230E-01,    0.81418E+00
   -0.40963E+00,   -0.27854E+00,    0.87023E+00
   -0.40306E+00,   -0.29587E+00,    0.87428E+00
   -0.47635E+00,   -0.48326E-01,    0.82590E+00
   -0.48824E+00,    0.16246E-01,    0.81737E+00
   -0.46645E+00,   -0.93195E-01,    0.83285E+00
   -0.44403E+00,   -0.17911E+00,    0.84812E+00
   -0.49587E+00,    0.64151E-01,    0.81181E+00
   -0.47506E+00,   -0.58228E-01,    0.82681E+00
   -0.42468E+00,   -0.24057E+00,    0.86076E+00
   -0.40601E+00,   -0.29182E+00,    0.87247E+00
   -0.41231E+00,   -0.27537E+00,    0.86857E+00
   -0.44750E+00,   -0.16975E+00,    0.84580E+00
   -0.41439E+00,   -0.27036E+00,    0.86727E+00
   -0.47323E+00,   -0.70890E-01,    0.82810E+00
   -0.47088E+00,   -0.81480E-01,    0.82975E+00
   -0.49379E+00,    0.41073E-01,    0.81333E+00
   -0.43945E+00,   -0.19779E+00,    0.85116E+00
   -0.49649E+00,    0.59177E-01,    0.81135E+00
   -0.45081E+00,   -0.16074E+00,    0.84357E+00
   -0.49345E+00,    0.36344E-01,    0.81358E+00
   -0.40891E+00,   -0.28773E+00,    0.87068E+00
   -0.45394E+00,   -0.15167E+00,    0.84145E+00
   -0.42940E+00,   -0.23183E+00,    0.85772E+00
   -0.48914E+00,    0.42188E-02,    0.81672E+00
   -0.45689E+00,   -0.14254E+00,    0.83944E+00
   -0.49705E+00,    0.54197E-01,    0.81093E+00
   -0.41753E+00,   -0.26681E+00,    0.86530E+00
   -0.45966E+00,   -0.13335E+00,    0.83754E+00
   -0.46684E+00,   -0.10548E+00,    0.83257E+00
   -0.46224E+00,   -0.12411E+00,    0.83577E+00
   -0.46464E+00,   -0.11482E+00,    0.83411E+00
   -0.41973E+00,   -0.26200E+00,    0.86391E+00
   -0.48804E+00,   -0.69597E-02,    0.81751E+00
   -0.41178E+00,   -0.28362E+00,    0.86890E+00
   -0.49439E+00,    0.30945E-01,    0.81289E+00
   -0.49757E+00,    0.49211E-01,    0.81055E+00
   -0.43397E+00,   -0.22336E+00,    0.85475E+00
   -0.42233E+00,   -0.25778E+00,    0.86226E+00
   -0.41460E+00,   -0.27948E+00,    0.86714E+00
   -0.49511E+00,    0.26836E-01,    0.81236E+00
   -0.48779E+00,   -0.16812E-01,    0.81770E+00
   -0.49432E+00,    0.21490E-01,    0.81294E+00
   -0.49804E+00,    0.44221E-01,    0.81021E+00
   -0.41738E+00,   -0.27531E+00,    0.86540E+00
   -0.43850E+00,   -0.21492E+00,    0.85178E+00
   -0.49451E+00,    0.16533E-01,    0.81280E+00
   -0.42565E+00,   -0.25370E+00,    0.86014E+00
   -0.48724E+00,   -0.27075E-01,    0.81809E+00
   -0.42742E+00,   -0.24926E+00,    0.85900E+00
   -0.49846E+00,    0.39226E-01,    0.80990E+00
   -0.49465E+00,    0.11575E-01,    0.81270E+00
   -0.42012E+00,   -0.27111E+00,    0.86366E+00
   -0.48566E+00,   -0.39847E-01,    0.81923E+00
   -0.49883E+00,    0.34227E-01,    0.80963E+00
   -0.44331E+00,   -0.20636E+00,    0.84860E+00
   -0.42282E+00,   -0.26688E+00,    0.86195E+00
   -0.43065E+00,   -0.24511E+00,    0.85691E+00
   -0.44877E+00,   -0.18997E+00,    0.84495E+00
   -0.43233E+00,   -0.24064E+00,    0.85582E+00
   -0.49532E+00,    0.61353E-02,    0.81221E+00
   -0.49915E+00,    0.29225E-01,    0.80939E+00
   -0.42547E+00,   -0.26263E+00,    0.86025E+00
   -0.49547E+00,    0.20505E-02,    0.81210E+00
   -0.48514E+00,   -0.52705E-01,    0.81961E+00
   -0.49478E+00,   -0.33039E-02,    0.81261E+00
   -0.49941E+00,    0.24220E-01,    0.80920E+00
   -0.43547E+00,   -0.23639E+00,    0.85377E+00
   -0.43706E+00,   -0.23193E+00,    0.85273E+00
   -0.45385E+00,   -0.17933E+00,    0.84151E+00
   -0.42808E+00,   -0.25835E+00,    0.85857E+00
   -0.49963E+00,    0.19212E-01,    0.80903E+00
   -0.49546E+00,   -0.80375E-02,    0.81211E+00
   -0.43065E+00,   -0.25405E+00,    0.85691E+00
   -0.49461E+00,   -0.13223E-01,    0.81273E+00
   -0.44163E+00,   -0.22312E+00,    0.84972E+00
   -0.44013E+00,   -0.22765E+00,    0.85071E+00
   -0.49980E+00,    0.14203E-01,    0.80891E+00
   -0.48487E+00,   -0.65057E-01,    0.81981E+00
   -0.47925E+00,   -0.90556E-01,    0.82383E+00
   -0.46182E+00,   -0.15837E+00,    0.83606E+00
   -0.45885E+00,   -0.16899E+00,    0.83810E+00
   -0.47187E+00,   -0.12164E+00,    0.82906E+00
   -0.44966E+00,   -0.19994E+00,    0.84434E+00
   -0.43317E+00,   -0.24972E+00,    0.85527E+00
   -0.48243E+00,   -0.78115E-01,    0.82155E+00
   -0.46501E+00,   -0.14875E+00,    0.83385E+00
   -0.47739E+00,   -0.10137E+00,    0.82515E+00
   -0.46771E+00,   -0.13952E+00,    0.83197E+00
   -0.49992E+00,    0.91917E-02,    0.80882E+00
   -0.49519E+00,   -0.17983E-01,    0.81230E+00
   -0.49425E+00,   -0.23136E-01,    0.81299E+00
   -0.47028E+00,   -0.13023E+00,    0.83017E+00
   -0.44601E+00,   -0.21422E+00,    0.84680E+00
   -0.43566E+00,   -0.24536E+00,    0.85365E+00
   -0.44463E+00,   -0.21884E+00,    0.84772E+00
   -0.49998E+00,    0.41798E-02,    0.80877E+00
   -0.47591E+00,   -0.11231E+00,    0.82620E+00
   -0.43809E+00,   -0.24099E+00,    0.85205E+00
   -0.49368E+00,   -0.33040E-01,    0.81341E+00
   -0.49471E+00,   -0.28004E-01,    0.81266E+00
   -0.45022E+00,   -0.20524E+00,    0.84397E+00
   -0.50000E+00,   -0.83254E-03,    0.80876E+00
   -0.44905E+00,   -0.20994E+00,    0.84476E+00
   -0.44049E+00,   -0.23658E+00,    0.85047E+00
   -0.49997E+00,   -0.58448E-02,    0.80879E+00
   -0.49398E+00,   -0.38431E-01,    0.81319E+00
   -0.45424E+00,   -0.19617E+00,    0.84125E+00
   -0.44284E+00,   -0.23215E+00,    0.84891E+00
   -0.49247E+00,   -0.47870E-01,    0.81430E+00
   -0.49367E+00,   -0.42583E-01,    0.81342E+00
   -0.49988E+00,   -0.10856E-01,    0.80885E+00
   -0.44514E+00,   -0.22770E+00,    0.84738E+00
   -0.45808E+00,   -0.18702E+00,    0.83863E+00
   -0.45652E+00,   -0.19228E+00,    0.83969E+00
   -0.49141E+00,   -0.57733E-01,    0.81507E+00
   -0.49975E+00,   -0.15867E-01,    0.80895E+00
   -0.49266E+00,   -0.53006E-01,    0.81416E+00
   -0.44740E+00,   -0.22323E+00,    0.84586E+00
   -0.46174E+00,   -0.17780E+00,    0.83611E+00
   -0.49956E+00,   -0.20876E-01,    0.80908E+00
   -0.46064E+00,   -0.18257E+00,    0.83687E+00
   -0.49144E+00,   -0.63133E-01,    0.81505E+00
   -0.44962E+00,   -0.21873E+00,    0.84438E+00
   -0.48945E+00,   -0.72484E-01,    0.81649E+00
   -0.49079E+00,   -0.67168E-01,    0.81552E+00
   -0.49933E+00,   -0.25883E-01,    0.80926E+00
   -0.46420E+00,   -0.17291E+00,    0.83441E+00
   -0.46688E+00,   -0.16384E+00,    0.83255E+00
   -0.45179E+00,   -0.21421E+00,    0.84291E+00
   -0.48471E+00,   -0.96994E-01,    0.81992E+00
   -0.48705E+00,   -0.87169E-01,    0.81823E+00
   -0.47007E+00,   -0.15444E+00,    0.83032E+00
   -0.49905E+00,   -0.30887E-01,    0.80947E+00
   -0.48615E+00,   -0.92047E-01,    0.81888E+00
   -0.46603E+00,   -0.16926E+00,    0.83314E+00
   -0.48854E+00,   -0.81895E-01,    0.81715E+00
   -0.45391E+00,   -0.20967E+00,    0.84147E+00
   -0.48962E+00,   -0.77779E-01,    0.81637E+00
   -0.47307E+00,   -0.14499E+00,    0.82821E+00
   -0.46912E+00,   -0.15966E+00,    0.83098E+00
   -0.48316E+00,   -0.10662E+00,    0.82103E+00
   -0.49871E+00,   -0.35888E-01,    0.80971E+00
   -0.47588E+00,   -0.13547E+00,    0.82623E+00
   -0.47850E+00,   -0.12591E+00,    0.82436E+00
   -0.47974E+00,   -0.12110E+00,    0.82348E+00
   -0.45599E+00,   -0.20511E+00,    0.84005E+00
   -0.47225E+00,   -0.15016E+00,    0.82879E+00
   -0.48487E+00,   -0.10212E+00,    0.81980E+00
   -0.49833E+00,   -0.40886E-01,    0.81000E+00
   -0.47513E+00,   -0.14068E+00,    0.82676E+00
   -0.48160E+00,   -0.11595E+00,    0.82215E+00
   -0.47783E+00,   -0.13115E+00,    0.82484E+00
   -0.45802E+00,   -0.20053E+00,    0.83866E+00
   -0.48299E+00,   -0.11203E+00,    0.82115E+00
   -0.49789E+00,   -0.45879E-01,    0.81032E+00
   -0.46001E+00,   -0.19593E+00,    0.83730E+00
   -0.49741E+00,   -0.50868E-01,    0.81068E+00
   -0.46195E+00,   -0.19131E+00,    0.83596E+00
   -0.49687E+00,   -0.55852E-01,    0.81107E+00
   -0.46385E+00,   -0.18667E+00,    0.83465E+00
   -0.49629E+00,   -0.60830E-01,    0.81150E+00
   -0.46570E+00,   -0.18201E+00,    0.83337E+00
   -0.49565E+00,   -0.65802E-01,    0.81197E+00
   -0.46750E+00,   -0.17733E+00,    0.83212E+00
   -0.49497E+00,   -0.70767E-01,    0.81247E+00
   -0.46925E+00,   -0.17264E+00,    0.83089E+00
   -0.49423E+00,   -0.75726E-01,    0.81301E+00
   -0.47096E+00,   -0.16792E+00,    0.82970E+00
   -0.49345E+00,   -0.80676E-01,    0.81358E+00
   -0.47262E+00,   -0.16319E+00,    0.82853E+00
   -0.49261E+00,   -0.85619E-01,    0.81419E+00
   -0.47423E+00,   -0.15845E+00,    0.82739E+00
   -0.49173E+00,   -0.90553E-01,    0.81483E+00
   -0.47579E+00,   -0.15369E+00,    0.82629E+00
   -0.49080E+00,   -0.95478E-01,    0.81551E+00
   -0.47731E+00,   -0.14891E+00,    0.82521E+00
   -0.48982E+00,   -0.10039E+00,    0.81623E+00
   -0.47878E+00,   -0.14412E+00,    0.82417E+00
   -0.48879E+00,   -0.10530E+00,    0.81697E+00
   -0.48020E+00,   -0.13931E+00,    0.82315E+00
   -0.48771E+00,   -0.11019E+00,    0.81776E+00
   -0.48157E+00,   -0.13449E+00,    0.82217E+00
   -0.48658E+00,   -0.11508E+00,    0.81857E+00
   -0.48290E+00,   -0.12966E+00,    0.82122E+00
   -0.48540E+00,   -0.11995E+00,    0.81942E+00
   -0.48417E+00,   -0.12481E+00,    0.82031E+00
