 X,Y,Hscat_real_z,Hscat_imag_z
    0.10200E+01,    0.26000E+00,   -0.80372E+00,   -0.43645E+00
    0.10100E+01,    0.26000E+00,   -0.47643E+00,   -0.12947E+00
    0.10200E+01,    0.25000E+00,   -0.92756E+00,   -0.54790E-02
    0.10100E+01,    0.25000E+00,   -0.92123E+00,   -0.53581E-03
    0.10200E+01,    0.24007E+00,   -0.42871E+00,   -0.11089E-02
    0.10001E+01,    0.26000E+00,   -0.54103E+00,    0.35138E+00
    0.10000E+01,    0.25000E+00,   -0.92192E+00,    0.59608E-02
    0.10113E+01,    0.23511E+00,   -0.18016E+00,    0.70168E-03
    0.10021E+01,    0.23923E+00,   -0.38614E+00,    0.23969E-02
    0.10200E+01,    0.23015E+00,    0.67916E-01,    0.51235E-03
    0.99011E+00,    0.26000E+00,   -0.10374E+01,    0.60326E+00
    0.99000E+00,    0.25000E+00,   -0.92878E+00,    0.84143E-02
    0.99237E+00,    0.24047E+00,   -0.45044E+00,    0.36203E-02
    0.10037E+01,    0.22890E+00,    0.12971E+00,    0.13499E-02
    0.99526E+00,    0.23092E+00,    0.28368E-01,    0.18546E-02
    0.10200E+01,    0.22022E+00,    0.56435E+00,    0.94341E-03
    0.98014E+00,    0.26000E+00,   -0.16179E+01,    0.27522E+00
    0.10100E+01,    0.22019E+00,    0.56562E+00,    0.90671E-03
    0.98000E+00,    0.25000E+00,   -0.93549E+00,    0.21450E-02
    0.98207E+00,    0.24259E+00,   -0.55974E+00,    0.18097E-02
    0.10000E+01,    0.22016E+00,    0.56649E+00,    0.12367E-02
    0.98576E+00,    0.23135E+00,    0.58429E-02,    0.12912E-02
    0.97018E+00,    0.26000E+00,   -0.16668E+01,   -0.54443E+00
    0.99000E+00,    0.22013E+00,    0.56750E+00,    0.13372E-02
    0.10200E+01,    0.21000E+00,    0.58693E+00,   -0.25968E-02
    0.97000E+00,    0.25000E+00,   -0.93304E+00,   -0.71515E-02
    0.10099E+01,    0.21000E+00,    0.57239E+00,   -0.19091E-01
    0.97430E+00,    0.23372E+00,   -0.11224E+00,   -0.76110E-03
    0.99986E+00,    0.21000E+00,    0.54866E+00,   -0.12564E-01
    0.98000E+00,    0.22010E+00,    0.56955E+00,    0.59396E-03
    0.96588E+00,    0.23984E+00,   -0.41745E+00,   -0.42487E-02
    0.98980E+00,    0.21000E+00,    0.54200E+00,    0.16677E-01
    0.96022E+00,    0.26000E+00,   -0.83083E+00,   -0.11460E+01
    0.96000E+00,    0.25000E+00,   -0.92005E+00,   -0.99429E-02
    0.96607E+00,    0.23008E+00,    0.71691E-01,   -0.19009E-02
    0.97000E+00,    0.22006E+00,    0.57263E+00,   -0.84748E-03
    0.97973E+00,    0.21000E+00,    0.56944E+00,    0.42602E-01
    0.95866E+00,    0.23499E+00,   -0.17205E+00,   -0.24978E-02
    0.95025E+00,    0.26000E+00,    0.37625E+00,   -0.65137E+00
    0.95000E+00,    0.25000E+00,   -0.90661E+00,    0.81223E-02
    0.96966E+00,    0.21000E+00,    0.61534E+00,    0.31406E-01
    0.96000E+00,    0.22003E+00,    0.57587E+00,   -0.21509E-02
    0.95000E+00,    0.24000E+00,   -0.41790E+00,   -0.57810E-03
    0.95000E+00,    0.23000E+00,    0.78449E-01,   -0.22106E-02
    0.95959E+00,    0.21000E+00,    0.63368E+00,   -0.22127E-01
    0.94029E+00,    0.26000E+00,    0.65261E+00,    0.98138E+00
    0.94006E+00,    0.25000E+00,    0.20450E+00,    0.12185E+01
    0.95000E+00,    0.22000E+00,    0.57839E+00,   -0.26726E-02
    0.94952E+00,    0.21000E+00,    0.58873E+00,   -0.72444E-01
    0.94005E+00,    0.22000E+00,    0.55242E+00,    0.29819E-01
    0.93033E+00,    0.26000E+00,   -0.47214E+00,    0.76865E+00
    0.93013E+00,    0.25000E+00,    0.73987E+00,    0.17895E+00
    0.93946E+00,    0.21000E+00,    0.50609E+00,   -0.54218E-01
    0.93009E+00,    0.22000E+00,    0.48001E+00,    0.71742E-01
    0.92036E+00,    0.26000E+00,   -0.91130E+00,   -0.89479E+00
    0.92019E+00,    0.25000E+00,   -0.26862E+00,   -0.12006E+01
    0.92939E+00,    0.21000E+00,    0.45965E+00,    0.33290E-02
    0.92014E+00,    0.22000E+00,    0.42166E+00,    0.39355E-01
    0.91040E+00,    0.26000E+00,    0.15414E+00,   -0.94445E+00
    0.91026E+00,    0.25000E+00,   -0.95452E+00,   -0.39053E+00
    0.91932E+00,    0.21000E+00,    0.46153E+00,   -0.41160E-02
    0.91018E+00,    0.22000E+00,    0.41787E+00,   -0.10914E-01
    0.90043E+00,    0.26000E+00,    0.77887E+00,    0.71167E+00
    0.90032E+00,    0.25000E+00,   -0.49576E-01,    0.11247E+01
    0.90925E+00,    0.21000E+00,    0.43721E+00,   -0.57962E-01
    0.90023E+00,    0.22000E+00,    0.41144E+00,    0.11879E-01
    0.89047E+00,    0.26000E+00,   -0.16958E+00,    0.10344E+01
    0.89039E+00,    0.25000E+00,    0.79937E+00,    0.57428E+00
    0.89918E+00,    0.21000E+00,    0.36719E+00,   -0.51052E-01
    0.89027E+00,    0.22000E+00,    0.35438E+00,    0.60221E-01
    0.88051E+00,    0.26000E+00,   -0.94315E+00,   -0.56611E+00
    0.88045E+00,    0.25000E+00,    0.52426E-01,   -0.10366E+01
    0.88912E+00,    0.21000E+00,    0.32530E+00,    0.70707E-02
    0.88032E+00,    0.22000E+00,    0.29964E+00,    0.37836E-01
    0.87054E+00,    0.26000E+00,   -0.11993E+00,   -0.11595E+01
    0.87905E+00,    0.21000E+00,    0.33630E+00,    0.75926E-02
    0.87052E+00,    0.25000E+00,   -0.91577E+00,   -0.77184E+00
    0.87036E+00,    0.22000E+00,    0.30066E+00,   -0.15682E-01
    0.86898E+00,    0.21000E+00,    0.32628E+00,   -0.47198E-01
    0.86058E+00,    0.26000E+00,    0.80451E+00,    0.33854E+00
    0.86058E+00,    0.25000E+00,   -0.33329E+00,    0.88529E+00
    0.86041E+00,    0.22000E+00,    0.30769E+00,   -0.27852E-03
    0.85891E+00,    0.21000E+00,    0.26573E+00,   -0.47486E-01
    0.85062E+00,    0.26000E+00,    0.15168E+00,    0.11910E+01
    0.85065E+00,    0.25000E+00,    0.74803E+00,    0.91978E+00
    0.85045E+00,    0.22000E+00,    0.26230E+00,    0.51063E-01
    0.84884E+00,    0.21000E+00,    0.22807E+00,    0.99836E-02
    0.84065E+00,    0.26000E+00,   -0.87903E+00,   -0.15899E+00
    0.84071E+00,    0.25000E+00,    0.37090E+00,   -0.73333E+00
    0.84050E+00,    0.22000E+00,    0.21098E+00,    0.35600E-01
    0.83878E+00,    0.21000E+00,    0.24581E+00,    0.14806E-01
    0.83069E+00,    0.26000E+00,   -0.39244E+00,   -0.12462E+01
    0.83078E+00,    0.25000E+00,   -0.77133E+00,   -0.10628E+01
    0.83055E+00,    0.22000E+00,    0.21555E+00,   -0.18967E-01
    0.82871E+00,    0.21000E+00,    0.24512E+00,   -0.40065E-01
    0.82072E+00,    0.26000E+00,    0.73034E+00,   -0.81767E-01
    0.82084E+00,    0.25000E+00,   -0.58697E+00,    0.53157E+00
    0.82059E+00,    0.22000E+00,    0.23166E+00,   -0.80753E-02
    0.81864E+00,    0.21000E+00,    0.19100E+00,   -0.43764E-01
    0.81076E+00,    0.26000E+00,    0.43631E+00,    0.11996E+01
    0.81091E+00,    0.25000E+00,    0.59748E+00,    0.11329E+01
    0.81064E+00,    0.22000E+00,    0.19435E+00,    0.44427E-01
    0.80857E+00,    0.21000E+00,    0.15763E+00,    0.12945E-01
    0.80080E+00,    0.26000E+00,   -0.72924E+00,    0.24418E+00
    0.80097E+00,    0.25000E+00,    0.62296E+00,   -0.36257E+00
    0.80068E+00,    0.22000E+00,    0.14618E+00,    0.32738E-01
    0.79851E+00,    0.21000E+00,    0.18096E+00,    0.18790E-01
    0.79083E+00,    0.26000E+00,   -0.61424E+00,   -0.11939E+01
    0.79104E+00,    0.25000E+00,   -0.55244E+00,   -0.12150E+01
    0.79073E+00,    0.22000E+00,    0.15412E+00,   -0.21811E-01
    0.78844E+00,    0.21000E+00,    0.18567E+00,   -0.36086E-01
    0.78110E+00,    0.25000E+00,   -0.76593E+00,    0.13928E+00
    0.78087E+00,    0.26000E+00,    0.57811E+00,   -0.46884E+00
    0.78077E+00,    0.22000E+00,    0.17623E+00,   -0.12658E-01
    0.77837E+00,    0.21000E+00,    0.13537E+00,   -0.39952E-01
    0.77117E+00,    0.25000E+00,    0.38341E+00,    0.12070E+01
    0.77090E+00,    0.26000E+00,    0.65321E+00,    0.10809E+01
    0.77082E+00,    0.22000E+00,    0.14374E+00,    0.40050E-01
    0.76830E+00,    0.21000E+00,    0.10663E+00,    0.16238E-01
    0.76123E+00,    0.25000E+00,    0.78754E+00,    0.18296E-01
    0.76094E+00,    0.26000E+00,   -0.52424E+00,    0.59148E+00
    0.76086E+00,    0.22000E+00,    0.98469E-01,    0.29331E-01
    0.75823E+00,    0.21000E+00,    0.13497E+00,    0.20306E-01
    0.75130E+00,    0.25000E+00,   -0.29452E+00,   -0.12374E+01
    0.75098E+00,    0.26000E+00,   -0.76949E+00,   -0.10352E+01
    0.75091E+00,    0.22000E+00,    0.11014E+00,   -0.24659E-01
    0.74817E+00,    0.21000E+00,    0.14190E+00,   -0.34628E-01
    0.74136E+00,    0.25000E+00,   -0.86120E+00,   -0.24318E+00
    0.74101E+00,    0.26000E+00,    0.37966E+00,   -0.78970E+00
    0.74095E+00,    0.22000E+00,    0.13597E+00,   -0.14849E-01
    0.73810E+00,    0.21000E+00,    0.93412E-01,   -0.35958E-01
    0.73143E+00,    0.25000E+00,    0.14233E+00,    0.11585E+01
    0.73105E+00,    0.26000E+00,    0.79572E+00,    0.86996E+00
    0.73100E+00,    0.22000E+00,    0.10555E+00,    0.37457E-01
    0.72811E+00,    0.21000E+00,    0.69947E-01,    0.19594E-01
    0.72149E+00,    0.25000E+00,    0.86548E+00,    0.36685E+00
    0.72109E+00,    0.26000E+00,   -0.29199E+00,    0.85814E+00
    0.72105E+00,    0.22000E+00,    0.63223E-01,    0.25488E-01
    0.71826E+00,    0.21000E+00,    0.10228E+00,    0.20674E-01
    0.71156E+00,    0.25000E+00,   -0.28574E-01,   -0.11536E+01
    0.71121E+00,    0.26000E+00,   -0.85627E+00,   -0.79932E+00
    0.71109E+00,    0.22000E+00,    0.79007E-01,   -0.27902E-01
    0.70855E+00,    0.21000E+00,    0.11008E+00,   -0.33600E-01
    0.70162E+00,    0.25000E+00,   -0.87541E+00,   -0.59022E+00
    0.70146E+00,    0.26000E+00,    0.13037E+00,   -0.10551E+01
    0.70114E+00,    0.22000E+00,    0.10603E+00,   -0.16147E-01
    0.69898E+00,    0.21000E+00,    0.65439E-01,   -0.35659E-01
    0.69186E+00,    0.26000E+00,    0.87207E+00,    0.52391E+00
    0.69169E+00,    0.25000E+00,   -0.10213E+00,    0.10096E+01
    0.69118E+00,    0.22000E+00,    0.76831E-01,    0.36618E-01
    0.68956E+00,    0.21000E+00,    0.43281E-01,    0.18787E-01
    0.68238E+00,    0.26000E+00,    0.39009E-01,    0.10923E+01
    0.68175E+00,    0.25000E+00,    0.86361E+00,    0.64699E+00
    0.68123E+00,    0.22000E+00,    0.38440E-01,    0.24677E-01
    0.68027E+00,    0.21000E+00,    0.72473E-01,    0.27336E-01
    0.67304E+00,    0.26000E+00,   -0.87147E+00,   -0.34580E+00
    0.67182E+00,    0.25000E+00,    0.21882E+00,   -0.10109E+01
    0.67127E+00,    0.22000E+00,    0.54454E-01,   -0.30004E-01
    0.67113E+00,    0.21000E+00,    0.89453E-01,   -0.24666E-01
    0.66384E+00,    0.26000E+00,   -0.15735E+00,   -0.12106E+01
    0.66188E+00,    0.25000E+00,   -0.83061E+00,   -0.73192E+00
    0.66143E+00,    0.22000E+00,    0.82277E-01,   -0.23256E-01
    0.66212E+00,    0.21000E+00,    0.57711E-01,   -0.44377E-01
    0.65477E+00,    0.26000E+00,    0.85362E+00,    0.45305E-01
    0.65195E+00,    0.25000E+00,   -0.24085E+00,    0.93891E+00
    0.65326E+00,    0.21000E+00,    0.23471E-01,    0.12086E-02
    0.65173E+00,    0.22000E+00,    0.61507E-01,    0.31358E-01
    0.64584E+00,    0.26000E+00,    0.21657E+00,    0.11163E+01
    0.64203E+00,    0.25000E+00,    0.82264E+00,    0.55363E+00
    0.64453E+00,    0.21000E+00,    0.42122E-01,    0.33649E-01
    0.64217E+00,    0.22000E+00,    0.21833E-01,    0.26484E-01
    0.63704E+00,    0.26000E+00,   -0.81243E+00,    0.36649E-01
    0.63595E+00,    0.21000E+00,    0.72700E-01,   -0.36278E-02
    0.63224E+00,    0.25000E+00,    0.25446E+00,   -0.11074E+01
    0.63276E+00,    0.22000E+00,    0.31044E-01,   -0.28739E-01
    0.62838E+00,    0.26000E+00,   -0.25020E+00,   -0.12268E+01
    0.62750E+00,    0.21000E+00,    0.51321E-01,   -0.44142E-01
    0.62258E+00,    0.25000E+00,   -0.76393E+00,   -0.58338E+00
    0.62350E+00,    0.22000E+00,    0.63729E-01,   -0.24233E-01
    0.61985E+00,    0.26000E+00,    0.76428E+00,   -0.37102E+00
    0.61920E+00,    0.21000E+00,    0.12647E-01,   -0.15729E-01
    0.61306E+00,    0.25000E+00,   -0.24300E+00,    0.10499E+01
    0.61438E+00,    0.22000E+00,    0.50401E-01,    0.30010E-01
    0.61145E+00,    0.26000E+00,    0.38673E+00,    0.10756E+01
    0.61103E+00,    0.21000E+00,    0.22443E-01,    0.31090E-01
    0.60367E+00,    0.25000E+00,    0.73763E+00,    0.53359E+00
    0.60541E+00,    0.22000E+00,    0.11696E-01,    0.25466E-01
    0.60319E+00,    0.26000E+00,   -0.60049E+00,    0.60300E+00
    0.60300E+00,    0.21000E+00,    0.55706E-01,    0.14285E-01
    0.59506E+00,    0.26000E+00,   -0.58763E+00,   -0.98166E+00
    0.59658E+00,    0.22000E+00,    0.14534E-01,   -0.29484E-01
    0.59441E+00,    0.25000E+00,    0.37758E+00,   -0.11339E+01
    0.59510E+00,    0.21000E+00,    0.49622E-01,   -0.37163E-01
    0.58706E+00,    0.26000E+00,    0.42978E+00,   -0.10854E+01
    0.58790E+00,    0.22000E+00,    0.46194E-01,   -0.32062E-01
    0.58529E+00,    0.25000E+00,   -0.66026E+00,   -0.78272E+00
    0.58735E+00,    0.21000E+00,    0.13543E-01,   -0.38289E-01
    0.57919E+00,    0.26000E+00,    0.77484E+00,    0.42575E+00
    0.57936E+00,    0.22000E+00,    0.45679E-01,    0.20581E-01
    0.57972E+00,    0.21000E+00,    0.15444E-02,    0.11156E-01
    0.57630E+00,    0.25000E+00,   -0.45188E+00,    0.89606E+00
    0.57145E+00,    0.26000E+00,   -0.21663E+00,    0.10598E+01
    0.57223E+00,    0.21000E+00,    0.27862E-01,    0.33499E-01
    0.57097E+00,    0.22000E+00,    0.10690E-01,    0.33590E-01
    0.56744E+00,    0.25000E+00,    0.66472E+00,    0.64321E+00
    0.56385E+00,    0.26000E+00,   -0.80473E+00,   -0.19960E+00
    0.56488E+00,    0.21000E+00,    0.49896E-01,   -0.48630E-02
    0.56272E+00,    0.22000E+00,   -0.29958E-02,   -0.16058E-01
    0.55872E+00,    0.25000E+00,    0.61908E+00,   -0.10294E+01
    0.55637E+00,    0.26000E+00,    0.34697E-01,   -0.12900E+01
    0.55765E+00,    0.21000E+00,    0.27777E-01,   -0.44342E-01
    0.55461E+00,    0.22000E+00,    0.26072E-01,   -0.39822E-01
    0.55012E+00,    0.25000E+00,   -0.47534E+00,   -0.92050E+00
    0.54902E+00,    0.26000E+00,    0.83572E+00,   -0.51582E+00
    0.55056E+00,    0.21000E+00,   -0.62449E-02,   -0.24564E-01
    0.54665E+00,    0.22000E+00,    0.44082E-01,    0.35722E-02
    0.54180E+00,    0.26000E+00,    0.38110E+00,    0.90029E+00
    0.54166E+00,    0.25000E+00,   -0.65704E+00,    0.71483E+00
    0.54359E+00,    0.21000E+00,    0.66644E-03,    0.22477E-01
    0.53882E+00,    0.22000E+00,    0.16787E-01,    0.34951E-01
    0.53470E+00,    0.26000E+00,   -0.59147E+00,    0.83679E+00
    0.53676E+00,    0.21000E+00,    0.34023E-01,    0.25215E-01
    0.53333E+00,    0.25000E+00,    0.38623E+00,    0.89832E+00
    0.53114E+00,    0.22000E+00,   -0.11857E-01,   -0.48659E-03
    0.52772E+00,    0.26000E+00,   -0.68847E+00,   -0.59768E+00
    0.53005E+00,    0.21000E+00,    0.39729E-01,   -0.19317E-01
    0.52514E+00,    0.25000E+00,    0.87868E+00,   -0.67805E+00
    0.52360E+00,    0.22000E+00,    0.13283E-02,   -0.42217E-01
    0.52346E+00,    0.21000E+00,    0.10113E-01,   -0.47894E-01
    0.52088E+00,    0.26000E+00,    0.34730E+00,   -0.12726E+01
    0.51707E+00,    0.25000E+00,   -0.10420E+00,   -0.11946E+01
    0.51619E+00,    0.22000E+00,    0.31892E-01,   -0.23728E-01
    0.51700E+00,    0.21000E+00,   -0.14917E-01,   -0.22941E-01
    0.51415E+00,    0.26000E+00,    0.93198E+00,   -0.25798E+00
    0.50913E+00,    0.25000E+00,   -0.84717E+00,    0.21722E+00
    0.51067E+00,    0.21000E+00,   -0.48551E-02,    0.20742E-01
    0.50754E+00,    0.26000E+00,    0.15147E+00,    0.91610E+00
    0.50892E+00,    0.22000E+00,    0.30223E-01,    0.23396E-01
    0.50445E+00,    0.21000E+00,    0.27419E-01,    0.24359E-01
    0.50132E+00,    0.25000E+00,   -0.85845E-01,    0.10099E+01
    0.50106E+00,    0.26000E+00,   -0.77945E+00,    0.65544E+00
    0.50179E+00,    0.22000E+00,   -0.49879E-02,    0.23774E-01
    0.49836E+00,    0.21000E+00,    0.35657E-01,   -0.15905E-01
    0.49469E+00,    0.26000E+00,   -0.61117E+00,   -0.65798E+00
    0.49364E+00,    0.25000E+00,    0.91877E+00,   -0.12127E+00
    0.49479E+00,    0.22000E+00,   -0.20460E-01,   -0.22578E-01
    0.49238E+00,    0.21000E+00,    0.63067E-02,   -0.46175E-01
    0.48844E+00,    0.26000E+00,    0.41426E+00,   -0.12626E+01
    0.48793E+00,    0.22000E+00,    0.57167E-02,   -0.42170E-01
    0.48609E+00,    0.25000E+00,    0.50194E+00,   -0.12430E+01
    0.48653E+00,    0.21000E+00,   -0.21742E-01,   -0.29171E-01
    0.48231E+00,    0.26000E+00,    0.99012E+00,   -0.38738E+00
    0.48120E+00,    0.22000E+00,    0.31409E-01,   -0.70525E-02
    0.47866E+00,    0.25000E+00,   -0.68345E+00,   -0.53379E+00
    0.48079E+00,    0.21000E+00,   -0.14133E-01,    0.11602E-01
    0.47629E+00,    0.26000E+00,    0.28193E+00,    0.72690E+00
    0.47797E+00,    0.21584E+00,    0.12557E-01,    0.90853E-02
    0.47460E+00,    0.22000E+00,    0.46110E-02,    0.21140E-01
    0.47516E+00,    0.21000E+00,    0.23392E-01,    0.13021E-01
    0.47136E+00,    0.25000E+00,   -0.66282E+00,    0.75151E+00
    0.47039E+00,    0.26000E+00,   -0.75202E+00,    0.67629E+00
    0.48446E+00,    0.12369E+00,    0.31173E-01,   -0.67724E-02
    0.46964E+00,    0.21000E+00,    0.24534E-01,   -0.18114E-01
    0.48570E+00,    0.11874E+00,   -0.52679E-02,   -0.27500E-01
    0.48317E+00,    0.12862E+00,    0.10002E-01,    0.28403E-01
    0.48688E+00,    0.11378E+00,   -0.24871E-01,    0.84817E-02
    0.48184E+00,    0.13354E+00,   -0.24915E-01,    0.72082E-02
    0.48802E+00,    0.10882E+00,    0.10847E-01,    0.28299E-01
    0.48045E+00,    0.13844E+00,   -0.38023E-02,   -0.28079E-01
    0.46813E+00,    0.22000E+00,   -0.19697E-01,   -0.50311E-02
    0.48910E+00,    0.10384E+00,    0.30676E-01,   -0.75281E-02
    0.47902E+00,    0.14333E+00,    0.32008E-01,   -0.73773E-02
    0.49013E+00,    0.98845E-01,   -0.50030E-02,   -0.27883E-01
    0.47753E+00,    0.14821E+00,    0.10653E-01,    0.28959E-01
    0.49111E+00,    0.93844E-01,   -0.25483E-01,    0.75916E-02
    0.47599E+00,    0.15307E+00,   -0.24450E-01,    0.72641E-02
    0.49205E+00,    0.88833E-01,    0.97683E-02,    0.28192E-01
    0.47441E+00,    0.15791E+00,   -0.16070E-02,   -0.28520E-01
    0.46460E+00,    0.26000E+00,   -0.76293E+00,   -0.34445E+00
    0.49293E+00,    0.83813E-01,    0.30432E-01,   -0.73337E-02
    0.47278E+00,    0.16274E+00,    0.32984E-01,   -0.34861E-02
    0.46418E+00,    0.25000E+00,    0.47561E+00,    0.52498E+00
    0.49375E+00,    0.78784E-01,   -0.63403E-02,   -0.27685E-01
    0.47109E+00,    0.16755E+00,    0.82339E-02,    0.29212E-01
    0.48039E+00,    0.12055E+00,    0.66358E-02,   -0.44554E-02
    0.49453E+00,    0.73747E-01,   -0.25654E-01,    0.85521E-02
    0.46936E+00,    0.17234E+00,   -0.24271E-01,    0.46297E-02
    0.47870E+00,    0.12482E+00,    0.69129E-02,    0.32164E-02
    0.46424E+00,    0.21000E+00,    0.91867E-03,   -0.39850E-01
    0.48114E+00,    0.11503E+00,   -0.12954E-02,   -0.20711E-02
    0.47740E+00,    0.12969E+00,    0.67488E-03,    0.48201E-02
    0.48229E+00,    0.11012E+00,    0.69348E-03,    0.49965E-02
    0.47605E+00,    0.13455E+00,   -0.79177E-03,   -0.22264E-02
    0.47362E+00,    0.14487E+00,    0.83767E-02,    0.42051E-02
    0.48339E+00,    0.10520E+00,    0.69022E-02,    0.31512E-02
    0.47466E+00,    0.13939E+00,    0.58265E-02,   -0.34207E-02
    0.49526E+00,    0.68702E-01,    0.10247E-01,    0.28167E-01
    0.46758E+00,    0.17712E+00,    0.49747E-03,   -0.28279E-01
    0.48443E+00,    0.10027E+00,    0.47959E-02,   -0.40471E-02
    0.48543E+00,    0.95324E-01,   -0.16659E-02,   -0.23788E-02
    0.47172E+00,    0.14904E+00,    0.13053E-02,    0.43412E-02
    0.47057E+00,    0.15449E+00,   -0.15538E-03,   -0.29704E-02
    0.49593E+00,    0.63651E-01,    0.29856E-01,   -0.78285E-02
    0.46179E+00,    0.22000E+00,   -0.13679E-01,   -0.34344E-01
    0.46575E+00,    0.18187E+00,    0.34425E-01,   -0.24698E-02
    0.46937E+00,    0.15847E+00,    0.68538E-02,   -0.42516E-02
    0.48638E+00,    0.90371E-01,   -0.29734E-04,    0.47416E-02
    0.48727E+00,    0.85409E-01,    0.62373E-02,    0.29643E-02
    0.48861E+00,    0.81022E-01,    0.57487E-02,   -0.45492E-02
    0.49656E+00,    0.58592E-01,   -0.60322E-02,   -0.28034E-01
    0.46387E+00,    0.18661E+00,    0.68453E-02,    0.29866E-01
    0.45892E+00,    0.26000E+00,    0.12310E+00,   -0.11773E+01
    0.46694E+00,    0.16339E+00,    0.79811E-02,    0.34891E-02
    0.49713E+00,    0.53528E-01,   -0.26177E-01,    0.89272E-02
    0.48891E+00,    0.75458E-01,   -0.19719E-02,   -0.22354E-02
    0.46194E+00,    0.19133E+00,   -0.23255E-01,    0.24179E-02
    0.46525E+00,    0.16814E+00,    0.10841E-02,    0.49329E-02
    0.45713E+00,    0.25000E+00,    0.10085E+01,   -0.73261E+00
    0.48966E+00,    0.70471E-01,   -0.15403E-04,    0.48757E-02
    0.46351E+00,    0.17288E+00,    0.76974E-03,   -0.19452E-02
    0.45895E+00,    0.21000E+00,   -0.21695E-01,   -0.28306E-01
    0.49765E+00,    0.48458E-01,    0.10370E-01,    0.27921E-01
    0.45997E+00,    0.19603E+00,    0.45323E-02,   -0.28046E-01
    0.46209E+00,    0.17827E+00,    0.86707E-02,   -0.28261E-02
    0.47354E+00,    0.12096E+00,    0.40783E-02,    0.42526E-03
    0.49035E+00,    0.65476E-01,    0.61180E-02,    0.30446E-02
    0.46069E+00,    0.18218E+00,    0.96296E-02,    0.43162E-02
    0.49811E+00,    0.43383E-01,    0.28957E-01,   -0.96853E-02
    0.45795E+00,    0.20071E+00,    0.36456E-01,   -0.49534E-03
    0.49099E+00,    0.60474E-01,    0.38994E-02,   -0.40726E-02
    0.45635E+00,    0.21538E+00,   -0.32363E-02,   -0.17055E-01
    0.47430E+00,    0.11084E+00,    0.19301E-02,    0.10035E-02
    0.46939E+00,    0.13009E+00,    0.24433E-02,    0.71745E-03
    0.45557E+00,    0.22000E+00,    0.20085E-01,   -0.26409E-01
    0.49222E+00,    0.55038E-01,   -0.37798E-02,   -0.18996E-02
    0.47646E+00,    0.10115E+00,    0.33917E-02,    0.48482E-03
    0.49853E+00,    0.38303E-01,   -0.84933E-02,   -0.27126E-01
    0.45335E+00,    0.26000E+00,    0.96376E+00,   -0.81130E+00
    0.45801E+00,    0.18697E+00,    0.21401E-02,    0.50519E-02
    0.46519E+00,    0.14438E+00,    0.38922E-02,    0.14125E-02
    0.45588E+00,    0.20536E+00,    0.11155E-01,    0.32029E-01
    0.47843E+00,    0.91419E-01,    0.16417E-02,    0.81293E-03
    0.48103E+00,    0.82223E-01,    0.31427E-02,    0.44548E-03
    0.46215E+00,    0.15383E+00,    0.38091E-02,    0.38044E-03
    0.49212E+00,    0.50453E-01,   -0.11002E-03,    0.44368E-02
    0.45608E+00,    0.19163E+00,    0.19487E-02,   -0.16549E-02
    0.49890E+00,    0.33220E-01,   -0.26396E-01,    0.10045E-01
    0.45376E+00,    0.21000E+00,   -0.18199E-01,    0.84136E-02
    0.45900E+00,    0.16518E+00,    0.36336E-02,    0.20113E-02
    0.49323E+00,    0.44993E-01,    0.72143E-02,    0.22290E-02
    0.45410E+00,    0.19627E+00,    0.86246E-02,   -0.85847E-03
    0.45020E+00,    0.25000E+00,    0.67444E-01,   -0.11280E+01
    0.49921E+00,    0.28133E-01,    0.11731E-01,    0.27803E-01
    0.48175E+00,    0.71842E-01,    0.13094E-02,    0.79976E-03
    0.49305E+00,    0.40411E-01,    0.33011E-02,   -0.39565E-02
    0.45208E+00,    0.20089E+00,    0.94055E-02,    0.70195E-02
    0.44948E+00,    0.22000E+00,    0.22524E-01,    0.14597E-01
    0.49947E+00,    0.23043E-01,    0.28317E-01,   -0.99835E-02
    0.44788E+00,    0.26000E+00,    0.73917E+00,    0.23633E+00
    0.48312E+00,    0.62006E-01,    0.25194E-02,    0.43137E-03
    0.45372E+00,    0.17717E+00,    0.51620E-02,    0.13581E-02
    0.49343E+00,    0.35383E-01,   -0.29017E-02,   -0.13191E-02
    0.45001E+00,    0.20548E+00,    0.10516E-02,    0.10513E-01
    0.49438E+00,    0.29891E-01,   -0.53466E-03,    0.62092E-02
    0.49968E+00,    0.17950E-01,   -0.94051E-02,   -0.26848E-01
    0.46471E+00,    0.11361E+00,    0.25885E-02,    0.87294E-03
    0.46230E+00,    0.12306E+00,    0.30382E-02,    0.10419E-02
    0.46693E+00,    0.10411E+00,    0.26903E-02,    0.92732E-03
    0.48428E+00,    0.52145E-01,    0.95435E-03,    0.84218E-03
    0.45001E+00,    0.18639E+00,    0.38549E-02,    0.18935E-02
    0.44520E+00,    0.25444E+00,   -0.59642E-01,   -0.11710E+00
    0.44700E+00,    0.21180E+00,   -0.21520E-02,    0.93716E-02
    0.49983E+00,    0.12856E-01,   -0.25845E-01,    0.11935E-01
    0.49405E+00,    0.25317E-01,    0.54446E-02,    0.22444E-02
    0.47079E+00,    0.84995E-01,    0.23088E-02,    0.86559E-03
    0.48624E+00,    0.41688E-01,    0.21930E-02,   -0.78970E-04
    0.44339E+00,    0.25000E+00,   -0.71767E+00,    0.50498E-01
    0.45235E+00,    0.15571E+00,    0.37795E-02,    0.16330E-02
    0.44253E+00,    0.26000E+00,   -0.44536E+00,    0.47046E+00
    0.49428E+00,    0.20279E-01,    0.31525E-02,   -0.35680E-02
    0.44351E+00,    0.22000E+00,   -0.10729E-01,    0.25989E-01
    0.49994E+00,    0.77606E-02,    0.12267E-01,    0.27610E-01
    0.44912E+00,    0.16516E+00,    0.37669E-02,    0.18159E-02
    0.49503E+00,    0.15754E-01,   -0.39787E-02,   -0.24829E-02
    0.44410E+00,    0.20006E+00,    0.37739E-02,    0.53191E-02
    0.43990E+00,    0.25455E+00,   -0.12591E+00,   -0.22508E-01
    0.49999E+00,    0.26642E-02,    0.28357E-01,   -0.10305E-01
    0.44059E+00,    0.21393E+00,   -0.50145E-02,    0.58983E-02
    0.45271E+00,    0.13238E+00,    0.23662E-02,    0.19025E-02
    0.46314E+00,    0.92461E-01,    0.20114E-02,    0.21793E-02
    0.49460E+00,    0.10199E-01,   -0.63407E-03,    0.47305E-02
    0.44383E+00,    0.17855E+00,    0.43257E-02,    0.22096E-02
    0.45526E+00,    0.11865E+00,    0.37702E-02,    0.12174E-02
    0.48631E+00,    0.27406E-01,    0.13745E-02,    0.12229E-02
    0.49999E+00,   -0.24324E-02,   -0.92793E-02,   -0.26953E-01
    0.44953E+00,    0.14219E+00,    0.35558E-02,    0.94873E-03
    0.43728E+00,    0.26000E+00,   -0.57867E+00,   -0.69176E+00
    0.45697E+00,    0.10861E+00,    0.12238E-02,    0.63180E-03
    0.46608E+00,    0.77269E-01,    0.29364E-02,    0.76716E-03
    0.43670E+00,    0.25000E+00,    0.49273E+00,    0.44326E+00
    0.43767E+00,    0.22000E+00,   -0.24558E-01,   -0.10051E-01
    0.49467E+00,    0.51572E-02,    0.55528E-02,    0.26224E-02
    0.47614E+00,    0.46364E-01,    0.15615E-02,    0.81056E-03
    0.44012E+00,    0.18783E+00,    0.36116E-02,    0.29451E-02
    0.49994E+00,   -0.75287E-02,   -0.25598E-01,    0.11724E-01
    0.46775E+00,    0.67088E-01,    0.12490E-02,    0.74561E-03
    0.43470E+00,    0.25465E+00,    0.25413E+00,   -0.28997E+00
    0.44374E+00,    0.15496E+00,    0.38863E-02,    0.29031E-02
    0.48677E+00,    0.17487E-01,    0.73871E-03,    0.11307E-03
    0.45661E+00,    0.99303E-01,    0.45316E-02,    0.46517E-03
    0.49470E+00,    0.11470E-03,    0.27914E-02,   -0.41772E-02
    0.44059E+00,    0.16638E+00,    0.31267E-02,    0.15869E-02
    0.43480E+00,    0.21405E+00,   -0.74537E-03,   -0.14739E-02
    0.45987E+00,    0.83793E-01,    0.64106E-03,   -0.60861E-03
    0.49984E+00,   -0.12624E-01,    0.12747E-01,    0.26873E-01
    0.43579E+00,    0.19844E+00,    0.33169E-02,    0.34844E-02
    0.43213E+00,    0.26000E+00,    0.62485E+00,   -0.94650E+00
    0.49525E+00,   -0.54301E-02,   -0.45610E-02,   -0.13267E-02
    0.45051E+00,    0.11310E+00,    0.29930E-02,    0.65684E-02
    0.45179E+00,    0.10820E+00,   -0.27649E-02,    0.16773E-02
    0.44917E+00,    0.11799E+00,    0.80053E-02,    0.93574E-03
    0.46981E+00,    0.51751E-01,    0.18425E-02,    0.17469E-02
    0.44777E+00,    0.12287E+00,    0.21739E-02,   -0.30725E-02
    0.45225E+00,    0.10404E+00,    0.81668E-05,   -0.59066E-02
    0.45529E+00,    0.93390E-01,    0.50092E-02,    0.80928E-02
    0.45634E+00,    0.88428E-01,   -0.40975E-02,    0.50039E-02
    0.43662E+00,    0.17590E+00,    0.46900E-02,    0.27108E-02
    0.43194E+00,    0.22000E+00,    0.13842E-01,   -0.25146E-01
    0.44552E+00,    0.12791E+00,   -0.31125E-02,    0.29367E-02
    0.44325E+00,    0.13740E+00,    0.75340E-02,    0.14339E-02
    0.44440E+00,    0.13190E+00,    0.26226E-02,    0.75131E-02
    0.49969E+00,   -0.17719E-01,    0.27439E-01,   -0.13116E-01
    0.43014E+00,    0.25000E+00,    0.76500E+00,   -0.81748E+00
    0.45827E+00,    0.78471E-01,    0.64036E-02,   -0.38413E-02
    0.42961E+00,    0.25476E+00,    0.45834E+00,   -0.46294E+00
    0.49460E+00,   -0.99699E-02,   -0.33280E-03,    0.44787E-02
    0.43179E+00,    0.20574E+00,    0.26779E-02,    0.24379E-02
    0.44123E+00,    0.14152E+00,    0.28734E-02,   -0.41801E-02
    0.43996E+00,    0.14699E+00,   -0.15921E-02,    0.26200E-02
    0.45915E+00,    0.73476E-01,    0.57890E-02,    0.46117E-02
    0.43823E+00,    0.15176E+00,    0.39421E-02,    0.75241E-02
    0.48708E+00,    0.25954E-02,    0.17664E-02,    0.49664E-03
    0.49948E+00,   -0.22811E-01,   -0.13316E-01,   -0.25295E-01
    0.47133E+00,    0.36352E-01,    0.22895E-02,    0.48729E-03
    0.45946E+00,    0.67868E-01,   -0.28255E-02,    0.52357E-02
    0.42914E+00,    0.21418E+00,    0.73111E-02,    0.92602E-03
    0.43644E+00,    0.15650E+00,    0.83903E-02,    0.12959E-02
    0.49516E+00,   -0.15430E-01,    0.65923E-02,    0.15958E-02
    0.46073E+00,    0.63457E-01,   -0.18400E-02,   -0.22338E-02
    0.42708E+00,    0.26000E+00,    0.74940E+00,    0.14834E+00
    0.46206E+00,    0.58433E-01,    0.44517E-02,   -0.14540E-02
    0.44613E+00,    0.10934E+00,   -0.16134E-01,    0.24034E-01
    0.44483E+00,    0.11418E+00,    0.24722E-01,    0.20132E-01
    0.44736E+00,    0.10448E+00,   -0.20794E-01,   -0.16847E-01
    0.44348E+00,    0.11901E+00,    0.21231E-01,   -0.20451E-01
    0.44854E+00,    0.99612E-01,    0.19347E-01,   -0.20745E-01
    0.44208E+00,    0.12382E+00,   -0.19659E-01,   -0.17300E-01
    0.44967E+00,    0.94729E-01,    0.28285E-01,    0.12912E-01
    0.44061E+00,    0.12861E+00,   -0.15907E-01,    0.25315E-01
    0.43028E+00,    0.18785E+00,    0.26206E-02,    0.31168E-02
    0.45074E+00,    0.89833E-01,   -0.76432E-02,    0.30183E-01
    0.43385E+00,    0.16149E+00,    0.21211E-02,   -0.35881E-02
    0.43910E+00,    0.13338E+00,    0.26281E-01,    0.19505E-01
    0.45175E+00,    0.84924E-01,   -0.25627E-01,   -0.54731E-02
    0.43270E+00,    0.16593E+00,   -0.71925E-03,    0.33021E-02
    0.49490E+00,   -0.19578E-01,    0.33768E-02,   -0.45647E-02
    0.46566E+00,    0.43818E-01,   -0.56304E-03,    0.12714E-03
    0.42633E+00,    0.22000E+00,    0.30704E-01,    0.12780E-01
    0.49922E+00,   -0.27901E-01,   -0.25004E-01,    0.14450E-01
    0.43752E+00,    0.13814E+00,    0.20562E-01,   -0.21340E-01
    0.45270E+00,    0.80005E-01,    0.21855E-02,   -0.26726E-01
    0.42446E+00,    0.26427E+00,   -0.18773E+00,    0.81691E+00
    0.46155E+00,    0.52819E-01,    0.61504E-02,    0.65196E-02
    0.43590E+00,    0.14288E+00,   -0.20907E-01,   -0.14848E-01
    0.45360E+00,    0.75074E-01,    0.31319E-01,    0.41987E-03
    0.46267E+00,    0.48366E-01,   -0.22721E-02,    0.64027E-02
    0.48703E+00,   -0.73343E-02,    0.37216E-03,    0.86205E-03
    0.42369E+00,    0.25000E+00,   -0.52012E+00,   -0.71090E+00
    0.43421E+00,    0.14760E+00,   -0.14349E-01,    0.25872E-01
    0.45444E+00,    0.70134E-01,    0.37771E-02,    0.30905E-01
    0.42993E+00,    0.17071E+00,    0.54790E-02,    0.82376E-02
    0.43248E+00,    0.15230E+00,    0.26403E-01,    0.20294E-01
    0.45522E+00,    0.65184E-01,   -0.27721E-01,    0.27182E-02
    0.47231E+00,    0.20909E-01,    0.65216E-03,    0.39364E-03
    0.42840E+00,    0.17456E+00,    0.95636E-02,    0.22967E-02
    0.49891E+00,   -0.32988E-01,    0.15542E-01,    0.26105E-01
    0.42359E+00,    0.21430E+00,    0.53399E-02,    0.78668E-02
    0.49406E+00,   -0.25088E-01,   -0.33068E-02,   -0.67010E-03
    0.43068E+00,    0.15698E+00,    0.21652E-01,   -0.20381E-01
    0.42178E+00,    0.26851E+00,   -0.94404E+00,   -0.18884E+00
    0.45594E+00,    0.60225E-01,   -0.82929E-05,   -0.27658E-01
    0.42669E+00,    0.17991E+00,    0.28924E-02,   -0.20636E-02
    0.42434E+00,    0.19793E+00,    0.40367E-02,    0.21701E-02
    0.46366E+00,    0.38273E-01,    0.36132E-02,   -0.52426E-02
    0.42096E+00,    0.25781E+00,   -0.28741E-01,    0.68805E-01
    0.42884E+00,    0.16164E+00,   -0.19859E-01,   -0.14929E-01
    0.45661E+00,    0.55259E-01,    0.30850E-01,   -0.25312E-02
    0.42458E+00,    0.18452E+00,   -0.16576E-02,    0.37044E-02
    0.42694E+00,    0.16628E+00,   -0.13938E-01,    0.26037E-01
    0.41954E+00,    0.26348E+00,   -0.21401E+00,    0.16874E+00
    0.42085E+00,    0.22000E+00,   -0.61139E-02,    0.29838E-01
    0.45722E+00,    0.50285E-01,    0.58207E-02,    0.31039E-01
    0.49855E+00,   -0.38072E-01,    0.26010E-01,   -0.13556E-01
    0.49433E+00,   -0.30653E-01,    0.23888E-03,    0.64956E-02
    0.46344E+00,    0.33687E-01,    0.84025E-02,    0.16051E-02
    0.48678E+00,   -0.17261E-01,    0.14839E-02,    0.60926E-04
    0.41907E+00,    0.27272E+00,    0.56207E-01,   -0.95824E+00
    0.42102E+00,    0.20845E+00,    0.19888E-02,    0.53854E-02
    0.46505E+00,    0.28283E-01,    0.76146E-03,    0.46414E-02
    0.47267E+00,    0.10598E-01,    0.15222E-02,    0.15007E-02
    0.42498E+00,    0.17089E+00,    0.28368E-01,    0.19579E-01
    0.42241E+00,    0.18910E+00,    0.44993E-02,    0.77274E-02
    0.45777E+00,    0.45304E-01,   -0.26088E-01,    0.65256E-02
    0.41735E+00,    0.25000E+00,   -0.60295E+00,    0.49837E+00
    0.42298E+00,    0.17548E+00,    0.19724E-01,   -0.21949E-01
    0.45826E+00,    0.40317E-01,   -0.98457E-02,   -0.24570E-01
    0.42019E+00,    0.19367E+00,    0.82886E-02,    0.21833E-02
    0.49813E+00,   -0.43152E-01,   -0.11403E-01,   -0.25598E-01
    0.41816E+00,    0.21442E+00,   -0.25297E-02,    0.55653E-02
    0.49345E+00,   -0.35154E-01,    0.58281E-02,    0.17557E-02
    0.46472E+00,    0.23095E-01,   -0.36367E-02,   -0.14095E-03
    0.41623E+00,    0.26689E+00,   -0.14928E+00,   -0.92182E-01
    0.41632E+00,    0.27691E+00,    0.87640E+00,    0.40355E-01
    0.42091E+00,    0.18005E+00,   -0.20456E-01,   -0.13471E-01
    0.45870E+00,    0.35325E-01,    0.28317E-01,   -0.12410E-01
    0.41444E+00,    0.25899E+00,   -0.16466E-01,    0.11253E+00
    0.41762E+00,    0.19747E+00,    0.27137E-02,   -0.35056E-02
    0.47279E+00,    0.28214E-03,    0.55984E-03,    0.98279E-04
    0.41547E+00,    0.22000E+00,   -0.22413E-01,   -0.59807E-02
    0.46434E+00,    0.18520E-01,    0.17806E-02,   -0.53397E-02
    0.41880E+00,    0.18460E+00,   -0.12646E-01,    0.26523E-01
    0.41409E+00,    0.27186E+00,    0.12189E+00,   -0.19683E+00
    0.45907E+00,    0.30328E-01,    0.14892E-01,    0.27231E-01
    0.49767E+00,   -0.48227E-01,   -0.26016E-01,    0.12699E-01
    0.41352E+00,    0.28107E+00,   -0.12142E+00,    0.81585E+00
    0.49227E+00,   -0.40117E-01,    0.19403E-02,   -0.29798E-02
    0.41560E+00,    0.20271E+00,   -0.20844E-02,    0.38932E-02
    0.46513E+00,    0.12961E-01,    0.60768E-02,    0.16424E-02
    0.41663E+00,    0.18911E+00,    0.27452E-01,    0.19010E-01
    0.45939E+00,    0.25327E-01,   -0.23488E-01,    0.16177E-01
    0.48602E+00,   -0.32136E-01,    0.12217E-02,    0.83505E-03
    0.41113E+00,    0.25000E+00,    0.46239E+00,    0.70833E+00
    0.41322E+00,    0.20719E+00,    0.43297E-02,    0.89324E-02
    0.41442E+00,    0.19361E+00,    0.20207E-01,   -0.21603E-01
    0.49263E+00,   -0.45206E-01,   -0.39730E-02,   -0.13935E-02
    0.46525E+00,    0.78905E-02,   -0.39876E-03,    0.57784E-02
    0.45965E+00,    0.20322E-01,   -0.14527E-01,   -0.23956E-01
    0.49715E+00,   -0.53297E-01,    0.13696E-01,    0.26849E-01
    0.41060E+00,    0.27609E+00,    0.94520E-01,    0.42886E-01
    0.41068E+00,    0.28520E+00,   -0.91090E+00,   -0.18159E+00
    0.47267E+00,   -0.10034E-01,    0.10840E-02,    0.14344E-02
    0.41215E+00,    0.19808E+00,   -0.21331E-01,   -0.13942E-01
    0.41021E+00,    0.22000E+00,    0.66311E-02,   -0.26060E-01
    0.45986E+00,    0.15315E-01,    0.26325E-01,   -0.14223E-01
    0.46531E+00,    0.28192E-02,   -0.40318E-02,    0.19827E-03
    0.49277E+00,   -0.49790E-01,   -0.21733E-02,    0.56873E-02
    0.40842E+00,    0.26580E+00,    0.31119E-01,   -0.56742E-01
    0.40821E+00,    0.25620E+00,    0.22316E+00,    0.40029E-01
    0.40920E+00,    0.21470E+00,    0.10333E-01,   -0.10084E-01
    0.40781E+00,    0.28019E+00,   -0.13207E+00,    0.15771E-01
    0.49658E+00,   -0.58362E-01,    0.27374E-01,   -0.12182E-01
    0.40982E+00,    0.20252E+00,   -0.13998E-01,    0.26144E-01
    0.40780E+00,    0.28931E+00,    0.14245E+00,   -0.96191E+00
    0.46000E+00,    0.10306E-01,    0.16522E-01,    0.25652E-01
    0.46531E+00,   -0.22524E-02,    0.23576E-02,   -0.39635E-02
    0.40745E+00,    0.20693E+00,    0.24941E-01,    0.19457E-01
    0.40503E+00,    0.25000E+00,    0.84978E+00,   -0.46817E+00
    0.40544E+00,    0.28492E+00,   -0.12357E+00,   -0.24167E+00
    0.46009E+00,    0.52954E-02,   -0.23531E-01,    0.16800E-01
    0.49161E+00,   -0.55239E-01,    0.49484E-02,    0.18580E-02
    0.49596E+00,   -0.63421E-01,   -0.12568E-01,   -0.25841E-01
    0.40488E+00,    0.29338E+00,    0.86896E+00,    0.91797E-01
    0.40506E+00,    0.22000E+00,    0.26417E-01,    0.88358E-03
    0.46464E+00,   -0.78288E-02,    0.69024E-02,    0.28945E-02
    0.40503E+00,    0.21132E+00,    0.25861E-01,   -0.15502E-01
    0.48481E+00,   -0.46981E-01,    0.20111E-03,    0.63052E-03
    0.40301E+00,    0.27393E+00,    0.10268E-03,   -0.43251E-01
    0.46012E+00,    0.28429E-03,   -0.15150E-01,   -0.23321E-01
    0.47204E+00,   -0.25496E-01,    0.13588E-02,    0.87986E-04
    0.40204E+00,    0.25622E+00,    0.10515E+00,   -0.20282E+00
    0.46513E+00,   -0.12394E-01,   -0.14325E-03,    0.57763E-02
    0.49154E+00,   -0.60810E-01,    0.19312E-02,   -0.54515E-02
    0.40211E+00,    0.28831E+00,    0.98865E-01,   -0.14669E+00
    0.40255E+00,    0.21567E+00,   -0.71295E-02,   -0.17959E-01
    0.49529E+00,   -0.68473E-01,   -0.25263E-01,    0.13512E-01
    0.40192E+00,    0.29742E+00,   -0.25760E+00,    0.80408E+00
    0.46009E+00,   -0.47268E-02,    0.25193E-01,   -0.15810E-01
    0.46557E+00,   -0.17573E-01,   -0.28594E-02,   -0.29751E-04
    0.39904E+00,    0.25000E+00,   -0.35032E+00,   -0.87842E+00
    0.39979E+00,    0.29323E+00,    0.72629E-01,    0.10606E+00
    0.40002E+00,    0.22000E+00,   -0.17331E-01,    0.39066E-01
    0.39864E+00,    0.26468E+00,    0.74413E-02,   -0.91235E-01
    0.49038E+00,   -0.65249E-01,   -0.35932E-02,   -0.76056E-03
    0.39880E+00,    0.28161E+00,   -0.12482E-01,   -0.99396E-01
    0.46000E+00,   -0.97373E-02,    0.17235E-01,    0.25468E-01
    0.49457E+00,   -0.73518E-01,    0.14942E-01,    0.25776E-01
    0.39892E+00,    0.30144E+00,   -0.86184E+00,   -0.35717E+00
    0.41709E+00,    0.10506E+00,   -0.53569E+00,    0.70127E+00
    0.41583E+00,    0.10992E+00,   -0.66459E+00,   -0.55411E+00
    0.41829E+00,    0.10018E+00,    0.77450E+00,    0.54244E+00
    0.41452E+00,    0.11476E+00,    0.58627E+00,   -0.70535E+00
    0.41943E+00,    0.95293E-01,    0.57169E+00,   -0.68315E+00
    0.41316E+00,    0.11959E+00,    0.73535E+00,    0.55380E+00
    0.42051E+00,    0.90391E-01,   -0.49865E+00,   -0.69504E+00
    0.41173E+00,    0.12441E+00,   -0.57056E+00,    0.68509E+00
    0.42154E+00,    0.85477E-01,   -0.71585E+00,    0.51597E+00
    0.41025E+00,    0.12921E+00,   -0.59286E+00,   -0.65200E+00
    0.46409E+00,   -0.23012E-01,    0.26214E-02,   -0.52576E-02
    0.42251E+00,    0.80551E-01,    0.53723E+00,    0.74428E+00
    0.45985E+00,   -0.14746E-01,   -0.23011E-01,    0.17196E-01
    0.39610E+00,    0.25610E+00,   -0.11479E+00,   -0.12201E+00
    0.47194E+00,   -0.38416E-01,    0.88222E-04,    0.44894E-03
    0.39700E+00,    0.29626E+00,   -0.15241E+00,    0.24897E-01
    0.40872E+00,    0.13398E+00,    0.68688E+00,   -0.62387E+00
    0.42342E+00,    0.75614E-01,    0.73376E+00,   -0.57965E+00
    0.49019E+00,   -0.70818E-01,   -0.20841E-03,    0.61796E-02
    0.40712E+00,    0.13875E+00,    0.61546E+00,    0.67884E+00
    0.42427E+00,    0.70667E-01,   -0.57443E+00,   -0.66455E+00
    0.40548E+00,    0.14349E+00,   -0.64736E+00,    0.56471E+00
    0.49379E+00,   -0.78555E-01,    0.26066E-01,   -0.14010E-01
    0.39588E+00,    0.30542E+00,    0.27476E+00,   -0.91907E+00
    0.42507E+00,    0.65710E-01,   -0.63099E+00,    0.60743E+00
    0.48315E+00,   -0.61782E-01,    0.73386E-03,   -0.28486E-03
    0.46373E+00,   -0.27135E-01,    0.69082E-02,    0.68940E-03
    0.40377E+00,    0.14821E+00,   -0.54037E+00,   -0.70015E+00
    0.45965E+00,   -0.19753E-01,   -0.17217E-01,   -0.22171E-01
    0.42581E+00,    0.60744E-01,    0.67428E+00,    0.61663E+00
    0.41359E+00,    0.10132E+00,    0.99158E-01,    0.20779E+00
    0.39316E+00,    0.25000E+00,   -0.77765E+00,    0.31336E+00
    0.39311E+00,    0.27300E+00,   -0.36780E-02,   -0.75101E-01
    0.40202E+00,    0.15291E+00,    0.75704E+00,   -0.54740E+00
    0.40713E+00,    0.12517E+00,   -0.16657E+00,    0.25697E-01
    0.42649E+00,    0.55770E-01,    0.64436E+00,   -0.66095E+00
    0.40785E+00,    0.12115E+00,    0.26082E-01,    0.16622E+00
    0.39303E+00,    0.29077E+00,   -0.23900E-01,   -0.45302E-01
    0.41015E+00,    0.11098E+00,    0.17360E-01,   -0.17056E+00
    0.41378E+00,    0.96552E-01,    0.23000E+00,   -0.51800E-01
    0.41129E+00,    0.10583E+00,   -0.91492E-01,    0.26335E-01
    0.40882E+00,    0.11576E+00,    0.18114E+00,   -0.24591E-01
    0.48895E+00,   -0.75231E-01,    0.50290E-02,    0.13933E-02
    0.39326E+00,    0.30027E+00,   -0.83377E-01,   -0.20716E+00
    0.40020E+00,    0.15760E+00,    0.56683E+00,    0.71585E+00
    0.46406E+00,   -0.32651E-01,    0.20906E-03,    0.51833E-02
    0.41891E+00,    0.76920E-01,    0.22181E+00,    0.54094E-02
    0.41592E+00,    0.86868E-01,   -0.18465E+00,   -0.58528E-01
    0.42711E+00,    0.50789E-01,   -0.66078E+00,   -0.58790E+00
    0.45938E+00,   -0.24758E-01,    0.24791E-01,   -0.17554E-01
    0.41691E+00,    0.82007E-01,   -0.14244E-01,    0.14027E+00
    0.40373E+00,    0.13468E+00,    0.23147E+00,   -0.55109E-02
    0.40452E+00,    0.13000E+00,    0.33363E-01,   -0.13779E+00
    0.49296E+00,   -0.83584E-01,   -0.13682E-01,   -0.25734E-01
    0.39279E+00,    0.30937E+00,    0.84395E+00,    0.21595E+00
    0.41919E+00,    0.72831E-01,    0.61341E-01,   -0.16919E+00
    0.39834E+00,    0.16226E+00,   -0.72831E+00,    0.48475E+00
    0.42767E+00,    0.45800E-01,   -0.54445E+00,    0.67515E+00
    0.39007E+00,    0.25500E+00,   -0.34385E-01,    0.12233E+00
    0.40137E+00,    0.13941E+00,    0.30913E-01,    0.14309E+00
    0.39642E+00,    0.16689E+00,   -0.41039E+00,   -0.78417E+00
    0.41952E+00,    0.67362E-01,   -0.11501E+00,   -0.11606E-01
    0.42094E+00,    0.62837E-01,    0.74507E-02,    0.19106E+00
    0.41231E+00,    0.90802E-01,    0.16216E-01,   -0.75461E-01
    0.38905E+00,    0.26288E+00,    0.16353E-01,   -0.49706E-01
    0.46365E+00,   -0.37705E-01,   -0.41341E-02,   -0.30552E-03
    0.39972E+00,    0.14408E+00,   -0.11219E+00,   -0.28650E-01
    0.42818E+00,    0.40806E-01,    0.72118E+00,    0.56484E+00
    0.39858E+00,    0.14924E+00,    0.70556E-01,   -0.20165E+00
    0.39023E+00,    0.30420E+00,    0.12750E+00,   -0.13328E+00
    0.48815E+00,   -0.80211E-01,    0.15648E-02,   -0.39382E-02
    0.45906E+00,   -0.29759E-01,    0.17808E-01,    0.24594E-01
    0.39444E+00,    0.17151E+00,    0.81615E+00,   -0.45378E+00
    0.46979E+00,   -0.51186E-01,    0.95730E-03,    0.10685E-02
    0.48179E+00,   -0.71618E-01,    0.12826E-02,    0.79182E-03
    0.42098E+00,    0.57551E-01,    0.16224E+00,   -0.26939E-02
    0.42862E+00,    0.35805E-01,    0.54951E+00,   -0.75643E+00
    0.42232E+00,    0.52968E-01,    0.24392E-01,   -0.20477E+00
    0.38967E+00,    0.31330E+00,   -0.34161E+00,    0.76373E+00
    0.49209E+00,   -0.88605E-01,   -0.25724E-01,    0.14750E-01
    0.38740E+00,    0.25000E+00,    0.47333E+00,    0.70358E+00
    0.38756E+00,    0.28083E+00,   -0.15511E-01,   -0.75637E-01
    0.39625E+00,    0.15337E+00,    0.16993E+00,    0.16852E-01
    0.39241E+00,    0.17610E+00,    0.48982E+00,    0.76086E+00
    0.39492E+00,    0.15861E+00,   -0.13782E-01,    0.16623E+00
    0.40750E+00,    0.98595E-01,    0.60050E-01,    0.79620E-02
    0.46318E+00,   -0.42755E-01,    0.17745E-02,   -0.42377E-02
    0.42901E+00,    0.30800E-01,   -0.73247E+00,   -0.47912E+00
    0.45869E+00,   -0.34756E-01,   -0.22754E-01,    0.17540E-01
    0.40131E+00,    0.12108E+00,    0.20107E-01,    0.19883E-01
    0.39327E+00,    0.16235E+00,   -0.13841E+00,   -0.25443E-01
    0.38754E+00,    0.30875E+00,    0.62437E-01,    0.11186E+00
    0.42221E+00,    0.47709E-01,   -0.12430E+00,   -0.23549E-02
    0.40358E+00,    0.10914E+00,    0.36653E-01,   -0.34531E-01
    0.39033E+00,    0.18067E+00,   -0.70931E+00,    0.47805E+00
    0.48780E+00,   -0.85772E-01,   -0.57557E-02,    0.37129E-04
    0.41011E+00,    0.82694E-01,   -0.10576E-01,    0.25304E-02
    0.38484E+00,    0.27164E+00,   -0.85346E-02,   -0.79240E-01
    0.38582E+00,    0.29766E+00,   -0.85036E-02,   -0.96741E-01
    0.42934E+00,    0.25791E-01,   -0.44039E+00,    0.76235E+00
    0.41256E+00,    0.73599E-01,    0.42262E-01,   -0.28312E-01
    0.38457E+00,    0.25588E+00,    0.15572E+00,   -0.56865E-01
    0.42274E+00,    0.42778E-01,    0.46245E-01,    0.13699E+00
    0.42427E+00,    0.37509E-01,    0.22348E+00,   -0.55264E-01
    0.38651E+00,    0.31719E+00,   -0.83844E+00,   -0.41327E+00
    0.49116E+00,   -0.93616E-01,    0.12984E-01,    0.25416E-01
    0.39064E+00,    0.16715E+00,    0.80408E-01,   -0.14862E+00
    0.38820E+00,    0.18521E+00,   -0.41194E+00,   -0.78232E+00
    0.39694E+00,    0.13124E+00,    0.58861E-01,   -0.16103E-01
    0.45825E+00,   -0.39748E-01,   -0.16469E-01,   -0.22980E-01
    0.42961E+00,    0.20778E-01,    0.81875E+00,    0.41698E+00
    0.42415E+00,    0.33429E-01,    0.18982E-01,   -0.17629E+00
    0.46200E+00,   -0.48245E-01,    0.68974E-02,    0.23114E-02
    0.38866E+00,    0.17170E+00,    0.20718E+00,    0.41619E-01
    0.38601E+00,    0.18973E+00,    0.82553E+00,   -0.45383E+00
    0.41333E+00,    0.62820E-01,    0.81191E-02,    0.17063E-01
    0.39348E+00,    0.13924E+00,    0.19270E-01,    0.90660E-02
    0.38405E+00,    0.31196E+00,   -0.13517E+00,   -0.20734E-01
    0.48642E+00,   -0.90146E-01,   -0.10312E-02,    0.66438E-02
    0.38174E+00,    0.25000E+00,    0.81664E+00,   -0.53216E+00
    0.42983E+00,    0.15762E-01,    0.43810E+00,   -0.79514E+00
    0.38185E+00,    0.28854E+00,   -0.20248E-01,   -0.75376E-01
    0.39114E+00,    0.14764E+00,    0.52747E-01,   -0.26008E-01
    0.38608E+00,    0.17620E+00,   -0.19343E-02,    0.11873E+00
    0.45775E+00,   -0.44734E-01,    0.24320E-01,   -0.17472E-01
    0.42397E+00,    0.27952E-01,   -0.10973E+00,    0.24846E-01
    0.38331E+00,    0.32105E+00,    0.41205E+00,   -0.87948E+00
    0.41480E+00,    0.53020E-01,    0.33272E-01,   -0.27404E-01
    0.38377E+00,    0.19422E+00,    0.45882E+00,    0.81227E+00
    0.46206E+00,   -0.52836E-01,    0.37671E-04,    0.55808E-02
    0.49018E+00,   -0.98617E-01,    0.27834E-01,   -0.60050E-02
    0.38496E+00,    0.18127E+00,   -0.14752E+00,   -0.63045E-01
    0.38818E+00,    0.15856E+00,    0.86651E-02,    0.88997E-02
    0.42499E+00,    0.23184E-01,    0.73868E-01,    0.19033E+00
    0.42998E+00,    0.10744E-01,   -0.76934E+00,   -0.41790E+00
    0.38097E+00,    0.30494E+00,   -0.17795E-01,   -0.45064E-01
    0.37944E+00,    0.27955E+00,   -0.21424E-01,   -0.78382E-01
    0.38147E+00,    0.31672E+00,   -0.60453E-01,   -0.26379E+00
    0.38147E+00,    0.19869E+00,   -0.76647E+00,    0.36227E+00
    0.46773E+00,   -0.66522E-01,    0.11741E-02,   -0.16668E-03
    0.37840E+00,    0.25507E+00,    0.41136E-01,   -0.28367E+00
    0.38241E+00,    0.18520E+00,    0.81780E-01,   -0.13094E+00
    0.47937E+00,   -0.86315E-01,    0.18709E-04,    0.80196E-03
    0.41502E+00,    0.44445E-01,    0.93495E-02,    0.12162E-01
    0.46202E+00,   -0.58033E-01,   -0.30363E-02,   -0.12062E-03
    0.43008E+00,    0.57249E-02,   -0.39234E+00,    0.79457E+00
    0.40153E+00,    0.86348E-01,    0.19756E-01,   -0.11528E-01
    0.45720E+00,   -0.49715E-01,    0.18666E-01,    0.24355E-01
    0.42451E+00,    0.18048E-01,    0.16503E+00,   -0.45020E-01
    0.39753E+00,    0.99104E-01,    0.38116E-01,   -0.71068E-02
    0.41764E+00,    0.34730E-01,    0.42301E-01,   -0.31703E-01
    0.38066E+00,    0.19031E+00,    0.21175E+00,    0.68303E-01
    0.38008E+00,    0.32487E+00,    0.76796E+00,    0.38458E+00
    0.37913E+00,    0.20313E+00,   -0.30284E+00,   -0.82436E+00
    0.48915E+00,   -0.10361E+00,   -0.48709E-02,   -0.28742E-01
    0.38278E+00,    0.16896E+00,    0.67787E-01,    0.46617E-02
    0.48281E+00,   -0.94765E-01,    0.26972E-02,    0.10077E-02
    0.37619E+00,    0.25000E+00,   -0.44068E+00,   -0.87382E+00
    0.37605E+00,    0.26384E+00,   -0.19713E-01,   -0.11695E+00
    0.39348E+00,    0.11110E+00,    0.32955E-01,   -0.83224E-02
    0.37847E+00,    0.31959E+00,    0.14517E+00,   -0.13438E+00
    0.43012E+00,    0.70476E-03,    0.84201E+00,    0.36282E+00
    0.42469E+00,    0.13092E-01,   -0.25732E-01,   -0.15752E+00
    0.37871E+00,    0.19390E+00,    0.13569E-01,    0.17727E+00
    0.38983E+00,    0.12277E+00,    0.35089E-01,   -0.12700E-02
    0.37599E+00,    0.29614E+00,   -0.22967E-01,   -0.70765E-01
    0.40147E+00,    0.76540E-01,    0.19916E-01,   -0.81339E-02
    0.48448E+00,   -0.10004E+00,    0.46647E-02,   -0.52136E-02
    0.45659E+00,   -0.54689E-01,   -0.22086E-01,    0.18460E-01
    0.37673E+00,    0.20754E+00,    0.90282E+00,   -0.30623E+00
    0.38685E+00,    0.13184E+00,    0.35798E-01,   -0.23241E-02
    0.42482E+00,    0.81347E-02,   -0.11845E+00,    0.43954E-01
    0.40315E+00,    0.67148E-01,    0.22451E-01,   -0.52157E-02
    0.43009E+00,   -0.43154E-02,    0.37953E+00,   -0.82856E+00
    0.37346E+00,    0.25565E+00,   -0.12904E+00,   -0.13309E+00
    0.46004E+00,   -0.63312E-01,    0.21036E-02,   -0.59286E-02
    0.41800E+00,    0.23726E-01,    0.21528E-01,    0.22760E-01
    0.37680E+00,    0.32867E+00,   -0.45875E+00,    0.70713E+00
    0.48807E+00,   -0.10859E+00,   -0.28579E-01,    0.49068E-02
    0.37569E+00,    0.19847E+00,   -0.79117E-01,   -0.48668E-01
    0.37499E+00,    0.31382E+00,   -0.22216E-02,   -0.92906E-01
    0.37778E+00,    0.17907E+00,    0.20019E-01,   -0.14108E-01
    0.38367E+00,    0.14083E+00,    0.34665E-01,   -0.35709E-02
    0.37428E+00,    0.21192E+00,    0.36303E+00,    0.85286E+00
    0.42562E+00,    0.29702E-02,    0.93780E-01,    0.17968E+00
    0.40461E+00,    0.57720E-01,    0.20956E-01,   -0.29578E-02
    0.37259E+00,    0.28676E+00,   -0.30447E-01,   -0.74293E-01
    0.46605E+00,   -0.76703E-01,    0.57915E-04,    0.99046E-03
    0.45592E+00,   -0.59655E-01,   -0.18681E-01,   -0.21133E-01
    0.37395E+00,    0.20328E+00,    0.13452E+00,   -0.17467E+00
    0.43001E+00,   -0.93351E-02,   -0.82371E+00,   -0.31250E+00
    0.37450E+00,    0.32337E+00,    0.29690E-01,    0.81766E-01
    0.48343E+00,   -0.10498E+00,   -0.32792E-02,   -0.29577E-02
    0.45995E+00,   -0.67902E-01,    0.54840E-02,    0.99502E-03
    0.38028E+00,    0.14975E+00,    0.33332E-01,   -0.20914E-02
    0.37074E+00,    0.25000E+00,   -0.74158E+00,    0.35344E+00
    0.40584E+00,    0.48260E-01,    0.22021E-01,   -0.47816E-02
    0.37179E+00,    0.21628E+00,   -0.79965E+00,    0.26555E+00
    0.39264E+00,    0.90833E-01,    0.28302E-01,   -0.69021E-02
    0.37374E+00,    0.19000E+00,    0.51388E-01,    0.35759E-01
    0.42489E+00,   -0.17835E-02,    0.14573E+00,   -0.58454E-01
    0.37349E+00,    0.33243E+00,   -0.78422E+00,   -0.51543E+00
    0.41820E+00,    0.12880E-01,    0.13245E-01,   -0.29935E-01
    0.36949E+00,    0.27574E+00,   -0.34655E-01,   -0.83705E-01
    0.42988E+00,   -0.14353E-01,   -0.27501E+00,    0.83846E+00
    0.48693E+00,   -0.11356E+00,    0.48026E-02,    0.29532E-01
    0.37096E+00,    0.20719E+00,    0.17552E+00,    0.71989E-01
    0.45520E+00,   -0.64614E-01,    0.23113E-01,   -0.18907E-01
    0.37617E+00,    0.16064E+00,    0.38022E-01,    0.39225E-02
    0.36998E+00,    0.30362E+00,   -0.24451E-01,   -0.66077E-01
    0.42561E+00,   -0.69934E-02,   -0.72366E-01,   -0.18436E+00
    0.39337E+00,    0.80907E-01,    0.23455E-01,   -0.66781E-02
    0.40686E+00,    0.38774E-01,    0.23108E-01,   -0.42255E-02
    0.36924E+00,    0.22060E+00,   -0.18047E+00,   -0.84819E+00
    0.37124E+00,    0.32710E+00,   -0.16198E+00,   -0.29111E-01
    0.47651E+00,   -0.10093E+00,    0.50434E-03,   -0.55843E-03
    0.36753E+00,    0.25488E+00,   -0.15798E-01,    0.68214E-01
    0.47155E+00,   -0.93686E-01,    0.72683E-03,    0.22650E-03
    0.48234E+00,   -0.10990E+00,   -0.19809E-02,    0.37769E-02
    0.36899E+00,    0.21210E+00,   -0.45875E-01,    0.17976E+00
    0.38336E+00,    0.11518E+00,    0.32412E-01,   -0.30474E-02
    0.45845E+00,   -0.73315E-01,   -0.45279E-03,    0.65129E-02
    0.42968E+00,   -0.19370E-01,    0.89654E+00,    0.25240E+00
    0.38647E+00,    0.98611E-01,    0.30904E-01,   -0.49747E-02
    0.39394E+00,    0.70988E-01,    0.22549E-01,   -0.50574E-02
    0.38011E+00,    0.12461E+00,    0.33120E-01,   -0.11516E-02
    0.36664E+00,    0.22490E+00,    0.94684E+00,   -0.17485E+00
    0.37014E+00,    0.33615E+00,    0.48840E+00,   -0.80510E+00
    0.42473E+00,   -0.11701E-01,   -0.10326E+00,    0.57318E-01
    0.40765E+00,    0.29267E-01,    0.25410E-01,   -0.45036E-02
    0.45441E+00,   -0.69563E-01,    0.20438E-01,    0.22308E-01
    0.36624E+00,    0.29445E+00,   -0.35014E-01,   -0.67423E-01
    0.36540E+00,    0.25000E+00,    0.52827E+00,    0.62621E+00
    0.36527E+00,    0.26331E+00,   -0.20930E-01,   -0.84225E-01
    0.48575E+00,   -0.11852E+00,    0.29760E-01,   -0.45497E-02
    0.41819E+00,    0.20699E-02,    0.33421E-01,    0.14169E-01
    0.37715E+00,    0.13413E+00,    0.33195E-01,   -0.69638E-03
    0.37090E+00,    0.17167E+00,    0.35805E-01,    0.28077E-02
    0.46415E+00,   -0.86841E-01,    0.13552E-02,   -0.10058E-03
    0.36602E+00,    0.21579E+00,   -0.61774E-01,   -0.53349E-01
    0.42942E+00,   -0.24384E-01,    0.20035E+00,   -0.88434E+00
    0.36723E+00,    0.20006E+00,    0.56415E-01,   -0.90529E-02
    0.45824E+00,   -0.77901E-01,   -0.38792E-02,   -0.67665E-04
    0.36723E+00,    0.32031E+00,   -0.32487E-01,   -0.37823E-01
    0.39532E+00,    0.61111E-01,    0.22356E-01,   -0.36001E-02
    0.36828E+00,    0.33149E+00,   -0.47390E-01,   -0.25107E+00
    0.37420E+00,    0.14352E+00,    0.32919E-01,    0.29114E-03
    0.42512E+00,   -0.17166E-01,    0.12083E+00,    0.13397E+00
    0.48164E+00,   -0.11543E+00,    0.60196E-02,    0.30240E-02
    0.40901E+00,    0.20023E-01,    0.21249E-01,   -0.20750E-02
    0.36399E+00,    0.22916E+00,    0.26007E+00,    0.90357E+00
    0.36367E+00,    0.28509E+00,   -0.44743E-01,   -0.71676E-01
    0.39699E+00,    0.51281E-01,    0.22244E-01,   -0.32097E-02
    0.36397E+00,    0.22064E+00,    0.17247E+00,   -0.13869E+00
    0.36278E+00,    0.25544E+00,    0.12540E+00,   -0.11037E+00
    0.37104E+00,    0.15268E+00,    0.33690E-01,    0.27887E-02
    0.42537E+00,   -0.21282E-01,    0.20328E+00,   -0.87493E-01
    0.45357E+00,   -0.74504E-01,   -0.21500E-01,    0.19428E-01
    0.42911E+00,   -0.29394E-01,   -0.86466E+00,   -0.17307E+00
    0.36679E+00,    0.18029E+00,    0.35388E-01,    0.10416E-01
    0.36675E+00,    0.33985E+00,    0.73500E+00,    0.45361E+00
    0.36382E+00,    0.31097E+00,   -0.28044E-01,   -0.59646E-01
    0.41834E+00,   -0.78322E-02,   -0.26487E-02,   -0.19633E-01
    0.48452E+00,   -0.12346E+00,   -0.38662E-02,   -0.28100E-01
    0.39795E+00,    0.43248E-01,    0.22597E-01,   -0.32296E-02
    0.45731E+00,   -0.82886E-01,    0.99882E-03,   -0.42033E-02
    0.38436E+00,    0.85210E-01,    0.26221E-01,   -0.42691E-02
    0.36129E+00,    0.23339E+00,   -0.82031E+00,    0.18238E+00
    0.36461E+00,    0.33448E+00,    0.11779E+00,   -0.76359E-01
    0.46956E+00,   -0.10351E+00,    0.69227E-03,   -0.12695E-04
    0.36017E+00,    0.25000E+00,    0.78657E+00,   -0.65093E+00
    0.36191E+00,    0.20930E+00,    0.26243E-01,    0.33443E-01
    0.36088E+00,    0.22428E+00,    0.17460E+00,    0.10940E+00
    0.48000E+00,   -0.11971E+00,    0.34974E-02,   -0.38325E-02
    0.35990E+00,    0.27588E+00,   -0.59231E-01,   -0.78368E-01
    0.42874E+00,   -0.34400E-01,   -0.98905E-01,    0.88995E+00
    0.45267E+00,   -0.79434E-01,   -0.18077E-01,   -0.21587E-01
    0.38519E+00,    0.75261E-01,    0.24014E-01,   -0.37644E-02
    0.42406E+00,   -0.26563E-01,   -0.49961E-01,   -0.11458E+00
    0.36009E+00,    0.30231E+00,   -0.36365E-01,   -0.60440E-01
    0.39863E+00,    0.33299E-01,    0.23142E-01,   -0.29750E-02
    0.36195E+00,    0.32729E+00,   -0.13254E-01,   -0.79166E-01
    0.36546E+00,    0.16332E+00,    0.33456E-01,    0.57719E-02
    0.37382E+00,    0.11744E+00,    0.30865E-01,   -0.49811E-03
    0.35854E+00,    0.23759E+00,    0.27752E-01,   -0.83914E+00
    0.36332E+00,    0.34351E+00,   -0.58435E+00,    0.66041E+00
    0.40867E+00,    0.54399E-02,    0.22009E-01,   -0.35138E-02
    0.35846E+00,    0.22919E+00,   -0.55723E-01,    0.16843E+00
    0.38679E+00,    0.65651E-01,    0.23009E-01,   -0.30844E-02
    0.45583E+00,   -0.87232E-01,    0.70524E-02,    0.27615E-03
    0.48323E+00,   -0.12839E+00,   -0.28115E-01,    0.28146E-02
    0.36064E+00,    0.19273E+00,    0.40101E-01,    0.12736E-01
    0.35708E+00,    0.25469E+00,   -0.36440E-01,   -0.34624E+00
    0.42452E+00,   -0.31378E-01,   -0.14886E+00,    0.11088E+00
    0.41856E+00,   -0.18929E-01,    0.49672E-01,    0.62613E-02
    0.36174E+00,    0.33908E+00,   -0.33401E-02,    0.15167E+00
    0.37500E+00,    0.10649E+00,    0.29724E-01,   -0.14852E-02
    0.42831E+00,   -0.39402E-01,    0.90226E+00,    0.10925E+00
    0.37036E+00,    0.12680E+00,    0.31057E-01,    0.83496E-03
    0.35762E+00,    0.29269E+00,   -0.47235E-01,   -0.62212E-01
    0.47320E+00,   -0.11545E+00,    0.10703E-02,    0.21342E-03
    0.46104E+00,   -0.97757E-01,   -0.21716E-03,    0.94870E-03
    0.38836E+00,    0.56120E-01,    0.22576E-01,   -0.24894E-02
    0.35663E+00,    0.23289E+00,   -0.10969E+00,   -0.52556E-01
    0.39961E+00,    0.23376E-01,    0.22641E-01,   -0.24351E-02
    0.36741E+00,    0.13623E+00,    0.31074E-01,    0.20472E-02
    0.35709E+00,    0.21761E+00,    0.67681E-01,    0.19604E-01
    0.45172E+00,   -0.84353E-01,    0.23026E-01,   -0.18735E-01
    0.47798E+00,   -0.12439E+00,   -0.23371E-02,   -0.17963E-02
    0.35574E+00,    0.24176E+00,    0.99894E+00,    0.30770E-01
    0.36103E+00,    0.17225E+00,    0.32470E-01,    0.90060E-02
    0.35751E+00,    0.31821E+00,   -0.28920E-01,   -0.55318E-01
    0.35503E+00,    0.25000E+00,   -0.49804E+00,   -0.95259E+00
    0.35490E+00,    0.26279E+00,   -0.11266E+00,   -0.12719E+00
    0.36444E+00,    0.14528E+00,    0.31068E-01,    0.37202E-02
    0.42782E+00,   -0.44399E-01,    0.12520E+00,   -0.88797E+00
    0.35986E+00,    0.34713E+00,   -0.67536E+00,   -0.64440E+00
    0.45526E+00,   -0.92819E-01,    0.77102E-03,    0.56023E-02
    0.40137E+00,    0.13597E-01,    0.21745E-01,   -0.22247E-02
    0.40868E+00,   -0.41006E-02,    0.18415E-01,   -0.38989E-02
    0.42333E+00,   -0.36454E-01,    0.10586E+00,    0.11663E+00
    0.38887E+00,    0.46242E-01,    0.22445E-01,   -0.20811E-02
    0.35858E+00,    0.34177E+00,   -0.17921E+00,   -0.12741E-01
    0.48190E+00,   -0.13331E+00,    0.27010E-02,    0.29685E-01
    0.35387E+00,    0.28350E+00,   -0.63775E-01,   -0.63555E-01
    0.37377E+00,    0.95773E-01,    0.27799E-01,   -0.15591E-02
    0.35565E+00,    0.20137E+00,    0.32981E-01,    0.20950E-01
    0.36128E+00,    0.15474E+00,    0.31048E-01,    0.58986E-02
    0.35289E+00,    0.24590E+00,    0.12005E+00,    0.10265E+01
    0.35252E+00,    0.25523E+00,   -0.27527E+00,   -0.19175E+00
    0.35281E+00,    0.23677E+00,    0.13552E+00,   -0.20396E-01
    0.35414E+00,    0.30890E+00,   -0.36583E-01,   -0.54780E-01
    0.35687E+00,    0.18132E+00,    0.32099E-01,    0.12986E-01
    0.39070E+00,    0.36520E-01,    0.22516E-01,   -0.19803E-02
    0.47746E+00,   -0.12947E+00,   -0.29205E-02,    0.43041E-02
    0.45071E+00,   -0.89261E-01,    0.19633E-01,    0.23165E-01
    0.42727E+00,   -0.49389E-01,   -0.87779E+00,   -0.10811E+00
    0.35208E+00,    0.22752E+00,    0.60842E-02,    0.60553E-01
    0.41734E+00,   -0.30080E-01,   -0.38581E-02,    0.57377E-02
    0.35545E+00,    0.33579E+00,   -0.37245E-01,   -0.25295E-01
    0.42287E+00,   -0.41392E-01,    0.14414E+00,   -0.10045E+00
    0.37589E+00,    0.78894E-01,    0.24781E-01,   -0.18513E-02
    0.45415E+00,   -0.97768E-01,   -0.45493E-02,   -0.33603E-04
    0.35079E+00,    0.24110E+00,    0.19449E+00,    0.24495E+00
    0.35636E+00,    0.35072E+00,    0.59093E+00,   -0.70486E+00
    0.45963E+00,   -0.10697E+00,    0.12965E-02,   -0.13398E-03
    0.40847E+00,   -0.13639E-01,    0.21694E-01,   -0.28344E-02
    0.35010E+00,    0.27431E+00,   -0.91687E-01,   -0.66153E-01
    0.36689E+00,    0.11025E+00,    0.28577E-01,    0.64529E-03
    0.35000E+00,    0.25000E+00,   -0.74747E+00,    0.21174E+00
    0.37745E+00,    0.69032E-01,    0.23518E-01,   -0.16619E-02
    0.37268E+00,    0.85834E-01,    0.25712E-01,   -0.12953E-02
    0.39140E+00,    0.26886E-01,    0.22315E-01,   -0.16732E-02
    0.35069E+00,    0.29980E+00,   -0.46974E-01,   -0.53928E-01
    0.48052E+00,   -0.13822E+00,    0.29485E-01,   -0.26671E-02
    0.40078E+00,    0.17652E-02,    0.20929E-01,   -0.23902E-02
    0.36401E+00,    0.11921E+00,    0.28900E-01,    0.18263E-02
    0.35085E+00,    0.20962E+00,    0.31157E-01,    0.29306E-01
    0.47681E+00,   -0.13401E+00,    0.43703E-02,    0.50897E-02
    0.35438E+00,    0.34529E+00,   -0.23369E-01,   -0.19539E+00
    0.44964E+00,   -0.94157E-01,   -0.21242E-01,    0.19592E-01
    0.35548E+00,    0.16394E+00,    0.29628E-01,    0.91592E-02
    0.42667E+00,   -0.54372E-01,   -0.38234E-01,    0.89650E+00
    0.42236E+00,   -0.46325E-01,   -0.76710E-01,   -0.11639E+00
    0.37903E+00,    0.59475E-01,    0.22774E-01,   -0.13541E-02
    0.36097E+00,    0.12863E+00,    0.28964E-01,    0.31435E-02
    0.35106E+00,    0.32531E+00,   -0.28167E-01,   -0.50069E-01
    0.35091E+00,    0.19260E+00,    0.29373E-01,    0.18835E-01
    0.34719E+00,    0.24494E+00,   -0.12816E+00,    0.27837E+00
    0.34773E+00,    0.29137E+00,   -0.59539E-01,   -0.52606E-01
    0.45298E+00,   -0.10270E+00,    0.74190E-03,   -0.46028E-02
    0.36572E+00,    0.10169E+00,    0.27280E-01,    0.52413E-03
    0.39210E+00,    0.17169E-01,    0.21807E-01,   -0.14101E-02
    0.34664E+00,    0.25668E+00,   -0.26172E+00,   -0.26598E-01
    0.37997E+00,    0.50739E-01,    0.22362E-01,   -0.10386E-02
    0.35770E+00,    0.13805E+00,    0.28754E-01,    0.47515E-02
    0.35283E+00,    0.35428E+00,    0.65971E+00,    0.56373E+00
    0.42251E+00,   -0.51518E-01,   -0.13167E+00,    0.13087E+00
    0.40804E+00,   -0.23170E-01,    0.21759E-01,    0.34588E-03
    0.42600E+00,   -0.59349E-01,    0.91312E+00,    0.44790E-01
    0.41637E+00,   -0.40808E-01,    0.39837E-01,   -0.18915E-01
    0.35108E+00,    0.17317E+00,    0.28120E-01,    0.12646E-01
    0.47908E+00,   -0.14311E+00,   -0.26866E-02,   -0.28637E-01
    0.46945E+00,   -0.12987E+00,    0.21821E-03,    0.12358E-02
    0.34768E+00,    0.31650E+00,   -0.34589E-01,   -0.49512E-01
    0.35473E+00,    0.14757E+00,    0.28454E-01,    0.66507E-02
    0.44851E+00,   -0.99040E-01,   -0.18473E-01,   -0.21135E-01
    0.35090E+00,    0.34883E+00,    0.14106E+00,   -0.42913E-01
    0.34530E+00,    0.23614E+00,    0.23032E-01,    0.10128E+00
    0.40021E+00,   -0.80603E-02,    0.20503E-01,   -0.20244E-02
    0.39362E+00,    0.73016E-02,    0.21247E-01,   -0.14291E-02
    0.34586E+00,    0.21775E+00,    0.18050E-01,    0.42209E-01
    0.38127E+00,    0.39782E-01,    0.22069E-01,   -0.78749E-03
    0.47472E+00,   -0.13917E+00,    0.34720E-02,   -0.27460E-02
    0.35160E+00,    0.15699E+00,    0.27817E-01,    0.89735E-02
    0.34397E+00,    0.28219E+00,   -0.79148E-01,   -0.48480E-01
    0.36462E+00,    0.91754E-01,    0.25706E-01,    0.52953E-03
    0.45175E+00,   -0.10762E+00,    0.55883E-02,    0.12416E-02
    0.34576E+00,    0.20114E+00,    0.23394E-01,    0.26001E-01
    0.34313E+00,    0.25051E+00,   -0.25533E+00,    0.10811E+00
    0.42117E+00,   -0.56171E-01,    0.11260E+00,    0.96179E-01
    0.34432E+00,    0.30742E+00,   -0.43413E-01,   -0.47938E-01
    0.34262E+00,    0.26464E+00,   -0.15477E+00,   -0.30792E-01
    0.42528E+00,   -0.64317E-01,    0.11683E-01,   -0.90016E+00
    0.38241E+00,    0.31071E-01,    0.21879E-01,   -0.64637E-03
    0.45702E+00,   -0.11695E+00,   -0.10083E-04,    0.84845E-03
    0.34731E+00,    0.34181E+00,    0.71919E-03,   -0.63302E-01
    0.34926E+00,    0.35780E+00,   -0.64634E+00,    0.59381E+00
    0.36817E+00,    0.72699E-01,    0.23522E-01,   -0.57261E-06
    0.34581E+00,    0.18405E+00,    0.25101E-01,    0.17596E-01
    0.44733E+00,   -0.10391E+00,    0.22229E-01,   -0.18613E-01
    0.47760E+00,   -0.14798E+00,   -0.28529E-01,    0.45338E-02
    0.34769E+00,    0.35303E+00,   -0.16680E-01,    0.15596E+00
    0.40756E+00,   -0.33142E-01,    0.18858E-01,   -0.23400E-02
    0.47398E+00,   -0.14370E+00,   -0.38236E-02,   -0.36861E-02
    0.34447E+00,    0.33228E+00,   -0.23089E-01,   -0.46004E-01
    0.36970E+00,    0.62836E-01,    0.22688E-01,    0.58600E-04
    0.35766E+00,    0.10761E+00,    0.26368E-01,    0.25237E-02
    0.42114E+00,   -0.61458E-01,    0.14745E+00,   -0.14753E+00
    0.39961E+00,   -0.18014E-01,    0.20835E-01,   -0.10652E-02
    0.35424E+00,    0.12126E+00,    0.26791E-01,    0.40777E-02
    0.38311E+00,    0.21409E-01,    0.21534E-01,   -0.44058E-03
    0.34069E+00,    0.22576E+00,   -0.31806E-02,    0.60937E-01
    0.34086E+00,    0.29805E+00,   -0.54847E-01,   -0.45024E-01
    0.36352E+00,    0.81814E-01,    0.24189E-01,    0.74972E-03
    0.41510E+00,   -0.51332E-01,    0.55381E-02,    0.17108E-01
    0.42450E+00,   -0.69276E-01,   -0.88029E+00,    0.12909E-01
    0.34598E+00,    0.16469E+00,    0.25647E-01,    0.11912E-01
    0.37143E+00,    0.53008E-01,    0.22086E-01,    0.17031E-03
    0.39185E+00,   -0.26464E-02,    0.20735E-01,   -0.10590E-02
    0.34202E+00,    0.32261E+00,   -0.31797E-01,   -0.45542E-01
    0.34088E+00,    0.20984E+00,    0.14121E-01,    0.34971E-01
    0.33910E+00,    0.24331E+00,   -0.11123E+00,    0.11642E+00
    0.33891E+00,    0.27391E+00,   -0.10518E+00,   -0.33502E-01
    0.35115E+00,    0.13050E+00,    0.26562E-01,    0.55016E-02
    0.44976E+00,   -0.11287E+00,   -0.61892E-03,    0.67646E-02
    0.37348E+00,    0.43504E-01,    0.21738E-01,    0.20372E-03
    0.34566E+00,    0.36128E+00,   -0.63348E+00,   -0.68153E+00
    0.44609E+00,   -0.10876E+00,    0.20382E-01,    0.22286E-01
    0.34111E+00,    0.19282E+00,    0.20387E-01,    0.22744E-01
    0.33826E+00,    0.28850E+00,   -0.69659E-01,   -0.40746E-01
    0.46671E+00,   -0.13941E+00,    0.33058E-03,   -0.20642E-03
    0.34795E+00,    0.14023E+00,    0.26087E-01,    0.72767E-02
    0.47607E+00,   -0.15284E+00,    0.42721E-02,    0.29166E-01
    0.34384E+00,    0.35579E+00,   -0.14765E+00,   -0.45789E-01
    0.38391E+00,    0.11456E-01,    0.21105E-01,   -0.31008E-03
    0.35656E+00,    0.97674E-01,    0.25082E-01,    0.23669E-02
    0.41974E+00,   -0.65987E-01,   -0.84697E-01,   -0.95088E-01
    0.33667E+00,    0.25688E+00,   -0.16440E+00,    0.27506E-01
    0.42366E+00,   -0.74226E-01,    0.86818E-01,    0.89454E+00
    0.33671E+00,    0.23485E+00,   -0.38214E-01,    0.78870E-01
    0.47178E+00,   -0.14882E+00,   -0.28201E-02,    0.41302E-02
    0.34495E+00,    0.14955E+00,    0.25308E-01,    0.92251E-02
    0.34163E+00,    0.34845E+00,   -0.25046E-01,   -0.19478E-01
    0.39931E+00,   -0.27982E-01,    0.20144E-01,   -0.85054E-03
    0.33788E+00,    0.31497E+00,   -0.38954E-01,   -0.43288E-01
    0.37350E+00,    0.35575E-01,    0.21414E-01,    0.45108E-03
    0.44913E+00,   -0.11742E+00,   -0.44237E-02,    0.23838E-03
    0.33604E+00,    0.21841E+00,   -0.13310E-02,    0.45931E-01
    0.39126E+00,   -0.12516E-01,    0.20462E-01,   -0.67436E-03
    0.41964E+00,   -0.71218E-01,   -0.10666E+00,    0.15305E+00
    0.44479E+00,   -0.11361E+00,   -0.21601E-01,    0.20117E-01
    0.34202E+00,    0.36473E+00,    0.67242E+00,   -0.62399E+00
    0.33409E+00,    0.28045E+00,   -0.85336E-01,   -0.30734E-01
    0.34960E+00,    0.11353E+00,    0.25103E-01,    0.45037E-02
    0.33897E+00,    0.17507E+00,    0.21657E-01,    0.16360E-01
    0.41353E+00,   -0.61465E-01,    0.25286E-01,   -0.25012E-01
    0.38354E+00,    0.29038E-02,    0.20692E-01,   -0.11573E-03
    0.40600E+00,   -0.46930E-01,    0.19472E-01,   -0.67366E-03
    0.35546E+00,    0.87734E-01,    0.23772E-01,    0.23825E-02
    0.34058E+00,    0.35992E+00,    0.12676E-01,   -0.23390E+00
    0.33577E+00,    0.20125E+00,    0.12411E-01,    0.28928E-01
    0.42277E+00,   -0.79166E-01,    0.91139E+00,   -0.78847E-01
    0.33774E+00,    0.33912E+00,   -0.19967E-01,   -0.41162E-01
    0.33451E+00,    0.30558E+00,   -0.48476E-01,   -0.40303E-01
    0.47448E+00,   -0.15769E+00,    0.29235E-01,   -0.33088E-02
    0.37412E+00,    0.25614E-01,    0.21058E-01,    0.64035E-03
    0.33240E+00,    0.26951E+00,   -0.10942E+00,   -0.13506E-01
    0.44831E+00,   -0.12255E+00,    0.10592E-02,   -0.31293E-02
    0.47024E+00,   -0.15362E+00,    0.45071E-02,    0.31845E-02
    0.33583E+00,    0.18434E+00,    0.18215E-01,    0.20159E-01
    0.33493E+00,    0.32963E+00,   -0.28045E-01,   -0.41201E-01
    0.33787E+00,    0.16513E+00,    0.22069E-01,    0.13816E-01
    0.36198E+00,    0.56213E-01,    0.21514E-01,    0.15922E-02
    0.41809E+00,   -0.75766E-01,    0.12759E+00,    0.82989E-01
    0.36548E+00,    0.43496E-01,    0.21101E-01,    0.14039E-02
    0.33066E+00,    0.24933E+00,   -0.11128E+00,    0.52723E-01
    0.45267E+00,   -0.13181E+00,    0.11072E-02,    0.11905E-02
    0.34850E+00,    0.10359E+00,    0.24047E-01,    0.41767E-02
    0.44344E+00,   -0.11843E+00,   -0.18987E-01,   -0.20967E-01
    0.33120E+00,    0.29555E+00,   -0.59598E-01,   -0.35215E-01
    0.33104E+00,    0.22671E+00,   -0.22804E-01,    0.54676E-01
    0.37495E+00,    0.15667E-01,    0.20699E-01,    0.75194E-03
    0.39080E+00,   -0.22740E-01,    0.20155E-01,   -0.35910E-03
    0.34263E+00,    0.12939E+00,    0.24242E-01,    0.70884E-02
    0.39875E+00,   -0.40268E-01,    0.19433E-01,   -0.10228E-02
    0.42182E+00,   -0.84095E-01,   -0.11210E+00,   -0.88973E+00
    0.35436E+00,    0.77795E-01,    0.22556E-01,    0.25475E-02
    0.33834E+00,    0.36814E+00,    0.57190E+00,    0.64989E+00
    0.46377E+00,   -0.14890E+00,    0.51195E-03,    0.13256E-02
    0.32957E+00,    0.24144E+00,   -0.76294E-01,    0.63799E-01
    0.38291E+00,   -0.70694E-02,    0.20279E-01,    0.12835E-03
    0.33092E+00,    0.20986E+00,    0.12801E-02,    0.35666E-01
    0.33664E+00,    0.36262E+00,    0.12760E+00,   -0.20781E-01
    0.33677E+00,    0.15519E+00,    0.22273E-01,    0.11897E-01
    0.47285E+00,   -0.16252E+00,   -0.31677E-02,   -0.28313E-01
    0.45696E+00,   -0.14159E+00,    0.46561E-03,    0.46558E-03
    0.40479E+00,   -0.56394E-01,    0.18826E-01,   -0.37440E-02
    0.33475E+00,    0.35520E+00,   -0.12911E-02,   -0.58383E-01
    0.41223E+00,   -0.70835E-01,    0.12185E-01,    0.21600E-01
    0.41782E+00,   -0.81046E-01,    0.12798E+00,   -0.16277E+00
    0.46865E+00,   -0.15841E+00,    0.36498E-02,   -0.33299E-02
    0.33114E+00,    0.19250E+00,    0.12407E-01,    0.24432E-01
    0.37575E+00,    0.57236E-02,    0.20338E-01,    0.81574E-03
    0.34740E+00,    0.93654E-01,    0.22925E-01,    0.40278E-02
    0.34154E+00,    0.11945E+00,    0.23514E-01,    0.64217E-02
    0.36568E+00,    0.32048E-01,    0.20579E-01,    0.16669E-02
    0.44556E+00,   -0.12748E+00,    0.74849E-02,    0.19758E-02
    0.42080E+00,   -0.89012E-01,   -0.87127E+00,    0.13963E+00
    0.44203E+00,   -0.12324E+00,    0.20966E-01,   -0.20849E-01
    0.32839E+00,    0.31278E+00,   -0.42387E-01,   -0.37067E-01
    0.35327E+00,    0.67855E-01,    0.21475E-01,    0.28373E-02
    0.33567E+00,    0.14525E+00,    0.22295E-01,    0.10344E-01
    0.32887E+00,    0.32244E+00,   -0.34689E-01,   -0.38117E-01
    0.39108E+00,   -0.33869E-01,    0.19676E-01,   -0.39993E-03
    0.32635E+00,    0.28800E+00,   -0.68565E-01,   -0.26903E-01
    0.33464E+00,    0.37151E+00,   -0.72885E+00,    0.50317E+00
    0.33087E+00,    0.34582E+00,   -0.18174E-01,   -0.38941E-01
    0.32562E+00,    0.23383E+00,   -0.48086E-01,    0.51515E-01
    0.33334E+00,    0.36667E+00,   -0.44304E-01,    0.16101E+00
    0.32612E+00,    0.21809E+00,   -0.13195E-01,    0.41152E-01
    0.38236E+00,   -0.17047E-01,    0.19930E-01,    0.33502E-03
    0.32449E+00,    0.26028E+00,   -0.10080E+00,    0.15392E-01
    0.47117E+00,   -0.16733E+00,   -0.28481E-01,    0.39022E-02
    0.32464E+00,    0.28056E+00,   -0.77449E-01,   -0.19263E-01
    0.41620E+00,   -0.85504E-01,   -0.92527E-01,   -0.76793E-01
    0.39716E+00,   -0.49979E-01,    0.19194E-01,   -0.13413E-02
    0.32981E+00,    0.17106E+00,    0.17703E-01,    0.16641E-01
    0.34044E+00,    0.10951E+00,    0.22683E-01,    0.59362E-02
    0.44477E+00,   -0.13200E+00,    0.88815E-03,    0.73130E-02
    0.32803E+00,    0.33683E+00,   -0.24812E-01,   -0.37714E-01
    0.32620E+00,    0.20108E+00,    0.40728E-02,    0.29039E-01
    0.46701E+00,   -0.16318E+00,   -0.35840E-02,   -0.24586E-02
    0.34630E+00,    0.83715E-01,    0.21802E-01,    0.40358E-02
    0.36553E+00,    0.22066E-01,    0.20133E-01,    0.18975E-02
    0.33458E+00,    0.13531E+00,    0.22059E-01,    0.91735E-02
    0.41974E+00,   -0.93918E-01,    0.23446E+00,    0.88672E+00
    0.32324E+00,    0.27014E+00,   -0.89840E-01,   -0.44233E-02
    0.44057E+00,   -0.12803E+00,    0.22804E-01,    0.21032E-01
    0.35593E+00,    0.47024E-01,    0.20288E-01,    0.27828E-02
    0.40337E+00,   -0.65827E-01,    0.18427E-01,   -0.10139E-02
    0.35217E+00,    0.57915E-01,    0.20519E-01,    0.31741E-02
    0.37383E+00,   -0.36708E-02,    0.19840E-01,    0.11716E-02
    0.32598E+00,    0.18411E+00,    0.12394E-01,    0.21277E-01
    0.32872E+00,    0.16112E+00,    0.18729E-01,    0.14343E-01
    0.41611E+00,   -0.90950E-01,   -0.76980E-01,    0.18079E+00
    0.46063E+00,   -0.15832E+00,    0.10817E-04,   -0.46387E-03
    0.44576E+00,   -0.13770E+00,   -0.15734E-02,    0.99615E-03
    0.41021E+00,   -0.80698E-01,    0.22101E-01,   -0.26589E-01
    0.33089E+00,    0.37484E+00,   -0.53950E+00,   -0.75817E+00
    0.32143E+00,    0.25189E+00,   -0.86520E-01,    0.31269E-01
    0.32930E+00,    0.36929E+00,   -0.14568E+00,   -0.61544E-01
    0.33934E+00,    0.99574E-01,    0.21742E-01,    0.56365E-02
    0.45398E+00,   -0.15088E+00,    0.45229E-03,    0.39292E-04
    0.38229E+00,   -0.27372E-01,    0.19583E-01,    0.37228E-03
    0.33348E+00,    0.12537E+00,    0.21648E-01,    0.82667E-02
    0.32064E+00,    0.24192E+00,   -0.64518E-01,    0.42569E-01
    0.32776E+00,    0.36180E+00,   -0.26122E-01,   -0.14533E-01
    0.32106E+00,    0.22669E+00,   -0.31453E-01,    0.42798E-01
    0.46944E+00,   -0.17212E+00,    0.37250E-02,    0.29589E-01
    0.38941E+00,   -0.43719E-01,    0.19267E-01,   -0.50848E-03
    0.34521E+00,    0.73775E-01,    0.20737E-01,    0.41725E-02
    0.35636E+00,    0.37103E-01,    0.19805E-01,    0.29195E-02
    0.36520E+00,    0.12089E-01,    0.19691E-01,    0.21010E-02
    0.41861E+00,   -0.98810E-01,    0.87109E+00,   -0.25851E+00
    0.46533E+00,   -0.16793E+00,   -0.24737E-02,    0.39359E-02
    0.32104E+00,    0.20961E+00,   -0.67895E-02,    0.32934E-01
    0.32761E+00,    0.15117E+00,    0.19336E-01,    0.12525E-01
    0.31993E+00,    0.29561E+00,   -0.57528E-01,   -0.26090E-01
    0.37377E+00,   -0.12276E-01,    0.19542E-01,    0.12425E-02
    0.43905E+00,   -0.13281E+00,   -0.17223E-01,    0.22167E-01
    0.41476E+00,   -0.94849E-01,    0.15016E+00,    0.10570E+00
    0.39552E+00,   -0.59815E-01,    0.18860E-01,   -0.16044E-02
    0.44781E+00,   -0.14650E+00,    0.73824E-03,   -0.40015E-03
    0.31957E+00,    0.30807E+00,   -0.46324E-01,   -0.30410E-01
    0.32117E+00,    0.19247E+00,    0.59657E-02,    0.24592E-01
    0.32387E+00,    0.35239E+00,   -0.18458E-01,   -0.33820E-01
    0.32281E+00,    0.34483E+00,   -0.21604E-01,   -0.35132E-01
    0.31990E+00,    0.31806E+00,   -0.38740E-01,   -0.32786E-01
    0.33238E+00,    0.11543E+00,    0.21044E-01,    0.76139E-02
    0.35699E+00,    0.27140E-01,    0.19412E-01,    0.30072E-02
    0.33825E+00,    0.89635E-01,    0.20743E-01,    0.55052E-02
    0.32055E+00,    0.32797E+00,   -0.31955E-01,   -0.34135E-01
    0.32712E+00,    0.37814E+00,    0.74526E+00,   -0.52353E+00
    0.32175E+00,    0.17697E+00,    0.12609E-01,    0.19111E-01
    0.40172E+00,   -0.75224E-01,    0.18864E-01,   -0.38109E-02
    0.32584E+00,    0.37329E+00,    0.41149E-01,   -0.22380E+00
    0.36560E+00,    0.19828E-02,    0.19345E-01,    0.21557E-02
    0.32652E+00,    0.14123E+00,    0.19582E-01,    0.11097E-01
    0.34411E+00,    0.63836E-01,    0.19753E-01,    0.43966E-02
    0.41743E+00,   -0.10369E+00,   -0.25416E+00,   -0.85618E+00
    0.31653E+00,    0.28637E+00,   -0.64479E-01,   -0.17946E-01
    0.38173E+00,   -0.37328E-01,    0.19213E-01,    0.28681E-03
    0.44158E+00,   -0.14163E+00,   -0.20627E-02,   -0.56065E-02
    0.46766E+00,   -0.17690E+00,    0.30040E-01,   -0.24403E-02
    0.37454E+00,   -0.22073E-01,    0.19284E-01,    0.11616E-02
    0.34699E+00,    0.51447E-01,    0.19364E-01,    0.40912E-02
    0.31553E+00,    0.27648E+00,   -0.72166E-01,   -0.83156E-02
    0.40905E+00,   -0.91465E-01,    0.26022E-01,    0.30104E-01
    0.46359E+00,   -0.17266E+00,    0.40052E-02,    0.34388E-02
    0.31616E+00,    0.21830E+00,   -0.19502E-01,    0.34958E-01
    0.43748E+00,   -0.13757E+00,   -0.24548E-01,   -0.11643E-01
    0.32066E+00,    0.16703E+00,    0.14672E-01,    0.16504E-01
    0.38779E+00,   -0.53472E-01,    0.18950E-01,   -0.72438E-03
    0.41295E+00,   -0.10002E+00,    0.83029E-01,   -0.12239E+00
    0.33128E+00,    0.10549E+00,    0.20289E-01,    0.71711E-02
    0.31387E+00,    0.26668E+00,   -0.75191E-01,    0.40301E-02
    0.35675E+00,    0.17417E-01,    0.18975E-01,    0.31799E-02
    0.33715E+00,    0.79695E-01,    0.19739E-01,    0.55160E-02
    0.31621E+00,    0.20086E+00,   -0.18004E-02,    0.27346E-01
    0.32542E+00,    0.13129E+00,    0.19512E-01,    0.99979E-02
    0.31382E+00,    0.23645E+00,   -0.48147E-01,    0.35413E-01
    0.31319E+00,    0.25751E+00,   -0.73365E-01,    0.16656E-01
    0.34769E+00,    0.41489E-01,    0.18879E-01,    0.41321E-02
    0.32331E+00,    0.38140E+00,    0.47294E+00,    0.72358E+00
    0.39418E+00,   -0.69697E-01,    0.18771E-01,   -0.18300E-02
    0.41619E+00,   -0.10855E+00,   -0.82382E+00,    0.31863E+00
    0.45085E+00,   -0.16037E+00,    0.17237E-03,   -0.39965E-05
    0.31241E+00,    0.24760E+00,   -0.63271E-01,    0.27420E-01
    0.32183E+00,    0.37582E+00,    0.12585E+00,   -0.22800E-03
    0.36479E+00,   -0.78964E-02,    0.18930E-01,    0.23046E-02
    0.31955E+00,    0.15709E+00,    0.16020E-01,    0.14451E-01
    0.43952E+00,   -0.14573E+00,    0.58248E-02,   -0.32922E-02
    0.32006E+00,    0.36836E+00,    0.59474E-02,   -0.51781E-01
    0.46253E+00,   -0.17713E+00,    0.50070E-02,   -0.37165E-02
    0.41251E+00,   -0.10474E+00,   -0.15277E+00,   -0.10012E+00
    0.46583E+00,   -0.18166E+00,   -0.30054E-02,   -0.28674E-01
    0.33019E+00,    0.95555E-01,    0.19424E-01,    0.69137E-02
    0.35725E+00,    0.74436E-02,    0.18656E-01,    0.32083E-02
    0.43585E+00,   -0.14231E+00,    0.12416E-01,   -0.27041E-01
    0.31513E+00,    0.33959E+00,   -0.25827E-01,   -0.32339E-01
    0.32432E+00,    0.12135E+00,    0.19178E-01,    0.91748E-02
    0.37343E+00,   -0.31953E-01,    0.18905E-01,    0.11686E-02
    0.39985E+00,   -0.84580E-01,    0.19725E-01,   -0.18713E-02
    0.31616E+00,    0.34952E+00,   -0.20599E-01,   -0.32604E-01
    0.31113E+00,    0.22687E+00,   -0.31931E-01,    0.33458E-01
    0.34808E+00,    0.31527E-01,    0.18435E-01,    0.42183E-02
    0.38006E+00,   -0.47180E-01,    0.18843E-01,    0.15736E-03
    0.33605E+00,    0.69756E-01,    0.18772E-01,    0.56362E-02
    0.31674E+00,    0.35881E+00,   -0.14954E-01,   -0.33546E-01
    0.31034E+00,    0.29337E+00,   -0.55154E-01,   -0.18890E-01
    0.31369E+00,    0.18289E+00,    0.72199E-02,    0.20843E-01
    0.31846E+00,    0.14715E+00,    0.16818E-01,    0.12823E-01
    0.31076E+00,    0.30335E+00,   -0.48164E-01,   -0.23796E-01
    0.31105E+00,    0.20971E+00,   -0.11477E-01,    0.29203E-01
    0.31108E+00,    0.31334E+00,   -0.41475E-01,   -0.27211E-01
    0.45558E+00,   -0.17233E+00,    0.10652E-02,    0.31375E-03
    0.36552E+00,   -0.17859E-01,    0.18692E-01,    0.21912E-02
    0.41490E+00,   -0.11340E+00,    0.34257E+00,    0.84093E+00
    0.31176E+00,    0.32336E+00,   -0.35243E-01,   -0.29633E-01
    0.38634E+00,   -0.63497E-01,    0.18703E-01,   -0.99064E-03
    0.31947E+00,    0.38463E+00,   -0.80301E+00,    0.42221E+00
    0.31804E+00,    0.37978E+00,   -0.75713E-01,    0.12813E+00
    0.34897E+00,    0.21635E-01,    0.18132E-01,    0.42128E-02
    0.32322E+00,    0.11141E+00,    0.18623E-01,    0.85931E-02
    0.43817E+00,   -0.15118E+00,    0.21578E-02,    0.44917E-02
    0.32909E+00,    0.85615E-01,    0.18501E-01,    0.68148E-02
    0.31259E+00,    0.17295E+00,    0.10291E-01,    0.18193E-01
    0.30755E+00,    0.28210E+00,   -0.60446E-01,   -0.99502E-02
    0.41051E+00,   -0.10963E+00,   -0.44326E-01,    0.12266E+00
    0.46396E+00,   -0.18640E+00,   -0.28300E-01,    0.39618E-02
    0.40549E+00,   -0.10182E+00,    0.35963E-02,   -0.25294E-01
    0.39283E+00,   -0.79446E-01,    0.18901E-01,   -0.19546E-02
    0.31736E+00,    0.13721E+00,    0.17164E-01,    0.11546E-01
    0.35677E+00,   -0.25232E-02,    0.18262E-01,    0.33128E-02
    0.43416E+00,   -0.14702E+00,    0.28112E-01,    0.12251E-01
    0.45997E+00,   -0.18208E+00,   -0.26871E-02,   -0.24710E-02
    0.37333E+00,   -0.41838E-01,    0.18617E-01,    0.94421E-03
    0.33495E+00,    0.59816E-01,    0.17873E-01,    0.58292E-02
    0.40022E+00,   -0.94004E-01,    0.17315E-01,    0.16708E-03
    0.30635E+00,    0.27318E+00,   -0.63149E-01,   -0.18344E-02
    0.33880E+00,    0.46060E-01,    0.17728E-01,    0.53867E-02
    0.36551E+00,   -0.26235E-01,    0.18452E-01,    0.21024E-02
    0.30551E+00,    0.26366E+00,   -0.63256E-01,    0.75329E-02
    0.44244E+00,   -0.16101E+00,   -0.42695E-03,    0.62301E-04
    0.41354E+00,   -0.11824E+00,    0.83753E+00,   -0.36875E+00
    0.30617E+00,    0.21820E+00,   -0.20899E-01,    0.29093E-01
    0.31149E+00,    0.16301E+00,    0.12450E-01,    0.16022E-01
    0.31519E+00,    0.38276E+00,   -0.20995E+00,   -0.69479E-01
    0.37846E+00,   -0.57045E-01,    0.18531E-01,   -0.77085E-04
    0.30701E+00,    0.19865E+00,   -0.36866E-02,    0.24725E-01
    0.32213E+00,    0.10147E+00,    0.17900E-01,    0.82206E-02
    0.30431E+00,    0.25304E+00,   -0.57638E-01,    0.17172E-01
    0.40997E+00,   -0.11438E+00,    0.19743E+00,    0.85237E-01
    0.31560E+00,    0.38781E+00,   -0.38430E+00,   -0.84405E+00
    0.34839E+00,    0.11957E-01,    0.17684E-01,    0.43752E-02
    0.32799E+00,    0.75676E-01,    0.17568E-01,    0.68447E-02
    0.31626E+00,    0.12727E+00,    0.17136E-01,    0.10572E-01
    0.35743E+00,   -0.12148E-01,    0.18045E-01,    0.32066E-02
    0.33931E+00,    0.36080E-01,    0.17288E-01,    0.54218E-02
    0.30330E+00,    0.24410E+00,   -0.49295E-01,    0.22860E-01
    0.31244E+00,    0.37625E+00,   -0.39061E-01,   -0.12380E-01
    0.38492E+00,   -0.73387E-01,    0.18550E-01,   -0.12548E-02
    0.43564E+00,   -0.15619E+00,   -0.59321E-02,    0.17805E-02
    0.43242E+00,   -0.15172E+00,   -0.10360E-01,    0.28460E-01
    0.46203E+00,   -0.19112E+00,    0.55419E-02,    0.29828E-01
    0.31040E+00,    0.15307E+00,    0.13865E-01,    0.14262E-01
    0.30256E+00,    0.23414E+00,   -0.38040E-01,    0.26421E-01
    0.30563E+00,    0.18881E+00,    0.16538E-02,    0.21741E-01
    0.45845E+00,   -0.18744E+00,   -0.17646E-02,    0.51248E-02
    0.30707E+00,    0.34549E+00,   -0.23912E-01,   -0.29478E-01
    0.30948E+00,    0.36509E+00,   -0.16631E-01,   -0.29798E-01
    0.30802E+00,    0.35522E+00,   -0.19546E-01,   -0.29884E-01
    0.36535E+00,   -0.36002E-01,    0.18179E-01,    0.19176E-02
    0.44339E+00,   -0.16864E+00,    0.53245E-03,    0.21949E-03
    0.41214E+00,   -0.12306E+00,   -0.35322E+00,   -0.80633E+00
    0.30541E+00,    0.33564E+00,   -0.28660E-01,   -0.28324E-01
    0.34911E+00,    0.20384E-02,    0.17451E-01,    0.43148E-02
    0.34018E+00,    0.26240E-01,    0.16992E-01,    0.53994E-02
    0.32103E+00,    0.91535E-01,    0.17065E-01,    0.80252E-02
    0.30192E+00,    0.29874E+00,   -0.47734E-01,   -0.17677E-01
    0.31516E+00,    0.11733E+00,    0.16803E-01,    0.98614E-02
    0.30228E+00,    0.30860E+00,   -0.42510E-01,   -0.21718E-01
    0.30302E+00,    0.31852E+00,   -0.37323E-01,   -0.24824E-01
    0.32689E+00,    0.65736E-01,    0.16667E-01,    0.69699E-02
    0.30105E+00,    0.22441E+00,   -0.26965E-01,    0.26700E-01
    0.37077E+00,   -0.51021E-01,    0.18224E-01,    0.86555E-03
    0.30453E+00,    0.17887E+00,    0.58320E-02,    0.19260E-01
    0.30318E+00,    0.32847E+00,   -0.32248E-01,   -0.26688E-01
    0.40784E+00,   -0.11919E+00,    0.78774E-01,   -0.13537E+00
    0.40306E+00,   -0.11143E+00,    0.33729E-01,    0.16447E-01
    0.39144E+00,   -0.91653E-01,    0.18208E-01,   -0.16882E-02
    0.30930E+00,    0.14313E+00,    0.14676E-01,    0.12853E-01
    0.31170E+00,    0.39095E+00,    0.81264E+00,   -0.39218E+00
    0.31038E+00,    0.38533E+00,    0.33618E-01,   -0.15325E+00
    0.35686E+00,   -0.22038E-01,    0.17717E-01,    0.31738E-02
    0.29975E+00,    0.28803E+00,   -0.51776E-01,   -0.11142E-01
    0.43454E+00,   -0.16065E+00,   -0.20608E-02,   -0.52210E-02
    0.37730E+00,   -0.66955E-01,    0.18289E-01,   -0.41929E-03
    0.34085E+00,    0.16338E-01,    0.16719E-01,    0.53818E-02
    0.45697E+00,   -0.19132E+00,    0.53208E-02,    0.39739E-02
    0.43063E+00,   -0.15640E+00,   -0.27416E-01,   -0.10212E-01
    0.29961E+00,    0.21462E+00,   -0.17519E-01,    0.25622E-01
    0.29826E+00,    0.27900E+00,   -0.53809E-01,   -0.48679E-02
    0.46006E+00,   -0.19581E+00,    0.29580E-01,   -0.54710E-02
    0.31407E+00,    0.10740E+00,    0.16231E-01,    0.93816E-02
    0.41067E+00,   -0.12786E+00,   -0.79952E+00,    0.38439E+00
    0.30343E+00,    0.16893E+00,    0.88018E-02,    0.17133E-01
    0.39547E+00,   -0.10315E+00,    0.17580E-01,   -0.40621E-02
    0.31993E+00,    0.81596E-01,    0.16174E-01,    0.79768E-02
    0.29721E+00,    0.26920E+00,   -0.54216E-01,    0.24522E-02
    0.38349E+00,   -0.82798E-01,    0.18341E-01,   -0.14968E-02
    0.30820E+00,    0.13319E+00,    0.14990E-01,    0.11753E-01
    0.34846E+00,   -0.79200E-02,    0.17079E-01,    0.43737E-02
    0.36469E+00,   -0.45865E-01,    0.17886E-01,    0.16713E-02
    0.29880E+00,    0.20466E+00,   -0.95144E-02,    0.23830E-01
    0.29653E+00,    0.25930E+00,   -0.51982E-01,    0.98043E-02
    0.32580E+00,    0.55796E-01,    0.15829E-01,    0.71580E-02
    0.44412E+00,   -0.17817E+00,    0.37207E-03,    0.52384E-03
    0.45010E+00,   -0.18618E+00,    0.50389E-03,    0.63790E-03
    0.40642E+00,   -0.12394E+00,   -0.11942E+00,   -0.38458E-01
    0.33028E+00,    0.40357E-01,    0.15867E-01,    0.66519E-02
    0.43476E+00,   -0.16606E+00,    0.25147E-02,   -0.91640E-03
    0.35677E+00,   -0.30976E-01,    0.17495E-01,    0.30053E-02
    0.30716E+00,    0.38881E+00,    0.17693E+00,    0.37211E-01
    0.37022E+00,   -0.60775E-01,    0.17982E-01,    0.47496E-03
    0.30234E+00,    0.15899E+00,    0.10854E-01,    0.15340E-01
    0.30776E+00,    0.39406E+00,    0.31101E+00,    0.81500E+00
    0.29788E+00,    0.19472E+00,   -0.31777E-02,    0.21778E-01
    0.29497E+00,    0.24950E+00,   -0.45935E-01,    0.15740E-01
    0.31297E+00,    0.97456E-01,    0.15488E-01,    0.91096E-02
    0.34011E+00,    0.63760E-02,    0.16280E-01,    0.55159E-02
    0.42878E+00,   -0.16106E+00,    0.96329E-02,   -0.25838E-01
    0.30711E+00,    0.12325E+00,    0.14899E-01,    0.10931E-01
    0.29435E+00,    0.23981E+00,   -0.38516E-01,    0.20034E-01
    0.31883E+00,    0.71656E-01,    0.15281E-01,    0.80469E-02
    0.34861E+00,   -0.16500E-01,    0.16883E-01,    0.42742E-02
    0.33112E+00,    0.30400E-01,    0.15585E-01,    0.66232E-02
    0.40915E+00,   -0.13264E+00,    0.44667E+00,    0.81753E+00
    0.29961E+00,    0.35181E+00,   -0.22062E-01,   -0.27029E-01
    0.30210E+00,    0.37122E+00,   -0.15075E-01,   -0.24794E-01
    0.45804E+00,   -0.20049E+00,   -0.47032E-02,   -0.27528E-01
    0.45419E+00,   -0.19606E+00,    0.40456E-02,   -0.38051E-02
    0.30026E+00,    0.36149E+00,   -0.18588E-01,   -0.26678E-01
    0.29775E+00,    0.34204E+00,   -0.26046E-01,   -0.26129E-01
    0.39994E+00,   -0.11942E+00,    0.77561E-02,   -0.23725E-01
    0.30337E+00,    0.38222E+00,    0.13809E-01,   -0.28313E-01
    0.37564E+00,   -0.76787E-01,    0.18038E-01,   -0.79053E-03
    0.35793E+00,   -0.40515E-01,    0.17395E-01,    0.25910E-02
    0.30124E+00,    0.14905E+00,    0.12153E-01,    0.13861E-01
    0.29648E+00,    0.18479E+00,    0.16314E-02,    0.19636E-01
    0.40548E+00,   -0.12925E+00,   -0.19741E-01,    0.17795E+00
    0.32470E+00,    0.45857E-01,    0.15051E-01,    0.73798E-02
    0.29382E+00,    0.30438E+00,   -0.41834E-01,   -0.16933E-01
    0.29279E+00,    0.22995E+00,   -0.29504E-01,    0.21992E-01
    0.29416E+00,    0.31435E+00,   -0.37664E-01,   -0.20302E-01
    0.43657E+00,   -0.17533E+00,    0.10864E-03,    0.14748E-02
    0.29457E+00,    0.32347E+00,   -0.33779E-01,   -0.22633E-01
    0.33188E+00,    0.20702E-01,    0.15357E-01,    0.65864E-02
    0.29514E+00,    0.33343E+00,   -0.29604E-01,   -0.24451E-01
    0.34019E+00,   -0.24451E-02,    0.16050E-01,    0.54895E-02
    0.31187E+00,    0.87516E-01,    0.14633E-01,    0.89896E-02
    0.29197E+00,    0.29428E+00,   -0.44905E-01,   -0.12039E-01
    0.30601E+00,    0.11332E+00,    0.14484E-01,    0.10361E-01
    0.38194E+00,   -0.92659E-01,    0.18068E-01,   -0.18908E-02
    0.29204E+00,    0.22020E+00,   -0.21219E-01,    0.22664E-01
    0.30380E+00,    0.39712E+00,   -0.85103E+00,    0.28860E+00
    0.39296E+00,   -0.11235E+00,    0.19451E-01,   -0.34025E-02
    0.30260E+00,    0.39147E+00,   -0.60701E-01,    0.10534E+00
    0.43069E+00,   -0.17004E+00,    0.42770E-02,    0.55215E-02
    0.29538E+00,    0.17486E+00,    0.52991E-02,    0.17712E-01
    0.31774E+00,    0.61717E-01,    0.14416E-01,    0.81948E-02
    0.36185E+00,   -0.55414E-01,    0.17452E-01,    0.15372E-02
    0.30014E+00,    0.13911E+00,    0.12833E-01,    0.12672E-01
    0.29043E+00,    0.28448E+00,   -0.46815E-01,   -0.66209E-02
    0.40758E+00,   -0.13741E+00,    0.79260E+00,   -0.43674E+00
    0.42688E+00,   -0.16570E+00,    0.28146E-01,    0.46197E-02
    0.34815E+00,   -0.26427E-01,    0.16605E-01,    0.41589E-02
    0.40411E+00,   -0.13311E+00,    0.19505E+00,    0.83057E-01
    0.28948E+00,    0.27453E+00,   -0.47465E-01,   -0.71380E-03
    0.36793E+00,   -0.70430E-01,    0.17646E-01,    0.13773E-03
    0.45597E+00,   -0.20515E+00,   -0.26540E-01,    0.69946E-02
    0.29060E+00,    0.21031E+00,   -0.13591E-01,    0.21982E-01
    0.45217E+00,   -0.20068E+00,   -0.25488E-02,   -0.26043E-02
    0.38629E+00,   -0.10494E+00,    0.18236E-01,   -0.30669E-02
    0.33187E+00,    0.11967E-01,    0.15074E-01,    0.66204E-02
    0.28842E+00,    0.26460E+00,   -0.45955E-01,    0.53013E-02
    0.29428E+00,    0.16492E+00,    0.79474E-02,    0.16000E-01
    0.30491E+00,    0.10338E+00,    0.13834E-01,    0.99959E-02
    0.31078E+00,    0.77576E-01,    0.13742E-01,    0.90146E-02
    0.44018E+00,   -0.18735E+00,   -0.10212E-03,   -0.57181E-03
    0.28744E+00,    0.25596E+00,   -0.42794E-01,    0.10095E-01
    0.33987E+00,   -0.12357E-01,    0.15771E-01,    0.54527E-02
    0.28975E+00,    0.20051E+00,   -0.72000E-02,    0.20848E-01
    0.29905E+00,    0.12917E+00,    0.12999E-01,    0.11759E-01
    0.37430E+00,   -0.86667E-01,    0.17793E-01,   -0.13014E-02
    0.35503E+00,   -0.48308E-01,    0.16958E-01,    0.26007E-02
    0.44645E+00,   -0.19660E+00,    0.75799E-03,   -0.19645E-02
    0.28689E+00,    0.24604E+00,   -0.37733E-01,    0.14735E-01
    0.29928E+00,    0.39495E+00,   -0.19247E+00,   -0.99998E-01
    0.32218E+00,    0.34837E-01,    0.14007E-01,    0.77988E-02
    0.31664E+00,    0.51777E-01,    0.13600E-01,    0.83869E-02
    0.29980E+00,    0.40015E+00,   -0.26757E+00,   -0.88226E+00
    0.42835E+00,   -0.17398E+00,   -0.40347E-02,    0.59054E-02
    0.39838E+00,   -0.13032E+00,    0.45100E-01,    0.17528E-01
    0.40594E+00,   -0.14216E+00,   -0.37810E+00,   -0.79049E+00
    0.42492E+00,   -0.17031E+00,   -0.26636E-02,    0.30557E-01
    0.29318E+00,    0.15497E+00,    0.97351E-02,    0.14521E-01
    0.29221E+00,    0.35807E+00,   -0.20470E-01,   -0.24705E-01
    0.36080E+00,   -0.63878E-01,    0.17204E-01,    0.11688E-02
    0.29460E+00,    0.37720E+00,   -0.12556E-01,   -0.24143E-01
    0.28839E+00,    0.19062E+00,   -0.19445E-02,    0.19303E-01
    0.29032E+00,    0.34833E+00,   -0.23870E-01,   -0.24160E-01
    0.34862E+00,   -0.39241E-01,    0.16426E-01,    0.37222E-02
    0.29267E+00,    0.36797E+00,   -0.17067E-01,   -0.24168E-01
    0.28507E+00,    0.23628E+00,   -0.30617E-01,    0.17511E-01
    0.33130E+00,    0.20261E-02,    0.14713E-01,    0.66917E-02
    0.40119E+00,   -0.13779E+00,    0.51974E-01,   -0.10471E+00
    0.29795E+00,    0.11924E+00,    0.12747E-01,    0.11108E-01
    0.45386E+00,   -0.20979E+00,    0.83146E-02,    0.29907E-01
    0.45010E+00,   -0.20527E+00,    0.26298E-03,    0.40444E-02
    0.32287E+00,    0.24878E-01,    0.13777E-01,    0.77762E-02
    0.34053E+00,   -0.22253E-01,    0.15676E-01,    0.52124E-02
    0.28844E+00,    0.33858E+00,   -0.27300E-01,   -0.22909E-01
    0.29553E+00,    0.38856E+00,   -0.35754E-01,   -0.22030E-01
    0.28541E+00,    0.30974E+00,   -0.37020E-01,   -0.16056E-01
    0.39023E+00,   -0.12149E+00,    0.20486E-01,   -0.32740E-02
    0.28443E+00,    0.22635E+00,   -0.23614E-01,    0.19326E-01
    0.28560E+00,    0.31930E+00,   -0.33809E-01,   -0.18745E-01
    0.28734E+00,    0.18079E+00,    0.21745E-02,    0.17754E-01
    0.29208E+00,    0.14503E+00,    0.10766E-01,    0.13297E-01
    0.28627E+00,    0.32887E+00,   -0.30558E-01,   -0.20910E-01
    0.36639E+00,   -0.80558E-01,    0.17356E-01,   -0.43095E-03
    0.28377E+00,    0.29990E+00,   -0.39407E-01,   -0.12162E-01
    0.28292E+00,    0.29016E+00,   -0.41276E-01,   -0.79028E-02
    0.40426E+00,   -0.14689E+00,   -0.79658E+00,    0.40669E+00
    0.32373E+00,    0.14932E-01,    0.13647E-01,    0.77030E-02
    0.29469E+00,    0.39746E+00,    0.52523E-01,   -0.14510E+00
    0.29578E+00,    0.40313E+00,    0.85602E+00,   -0.27377E+00
    0.33202E+00,   -0.79031E-02,    0.14627E-01,    0.65327E-02
    0.42663E+00,   -0.17933E+00,   -0.36649E-02,   -0.25024E-02
    0.28279E+00,    0.21654E+00,   -0.16561E-01,    0.19641E-01
    0.38329E+00,   -0.11445E+00,    0.18629E-01,   -0.30909E-02
    0.42292E+00,   -0.17490E+00,   -0.29321E-01,   -0.18619E-02
    0.37278E+00,   -0.96479E-01,    0.17576E-01,   -0.19757E-02
    0.28135E+00,    0.28030E+00,   -0.41610E-01,   -0.30190E-02
    0.35281E+00,   -0.57902E-01,    0.16559E-01,    0.23493E-02
    0.40019E+00,   -0.14277E+00,   -0.13104E+00,   -0.53575E-01
    0.28591E+00,    0.17090E+00,    0.52768E-02,    0.16199E-01
    0.44872E+00,   -0.20965E+00,    0.92796E-02,    0.49281E-02
    0.29099E+00,    0.13509E+00,    0.11209E-01,    0.12310E-01
    0.35982E+00,   -0.73515E-01,    0.16947E-01,    0.60420E-03
    0.28037E+00,    0.27051E+00,   -0.40818E-01,    0.19074E-02
    0.34018E+00,   -0.31937E-01,    0.15473E-01,    0.50154E-02
    0.28203E+00,    0.20661E+00,   -0.10322E-01,    0.19411E-01
    0.30290E+00,    0.77556E-01,    0.11777E-01,    0.98092E-02
    0.43031E+00,   -0.18707E+00,   -0.42179E-03,   -0.38271E-03
    0.30532E+00,    0.67391E-01,    0.11769E-01,    0.96236E-02
    0.30014E+00,    0.87634E-01,    0.11742E-01,    0.10078E-01
    0.45170E+00,   -0.21440E+00,    0.30325E-01,   -0.40925E-02
    0.37653E+00,   -0.10709E+00,    0.17816E-01,   -0.28672E-02
    0.43627E+00,   -0.19629E+00,   -0.13640E-02,   -0.28659E-02
    0.27887E+00,    0.26063E+00,   -0.38080E-01,    0.66247E-02
    0.44213E+00,   -0.20437E+00,    0.36436E-02,   -0.22425E-02
    0.27869E+00,    0.25165E+00,   -0.34995E-01,    0.10500E-01
    0.32294E+00,    0.74975E-02,    0.13308E-01,    0.78126E-02
    0.28512E+00,    0.16089E+00,    0.75530E-02,    0.14816E-01
    0.40252E+00,   -0.15160E+00,    0.44329E+00,    0.80260E+00
    0.29133E+00,    0.40081E+00,    0.16701E+00,    0.67726E-01
    0.28052E+00,    0.19677E+00,   -0.49037E-02,    0.18469E-01
    0.29362E+00,    0.10749E+00,    0.11328E-01,    0.10782E-01
    0.33156E+00,   -0.17876E-01,    0.14391E-01,    0.64624E-02
    0.39920E+00,   -0.14717E+00,   -0.70590E-01,    0.17600E+00
    0.27772E+00,    0.24170E+00,   -0.29867E-01,    0.13843E-01
    0.28611E+00,    0.37309E+00,   -0.16579E-01,   -0.22565E-01
    0.30603E+00,    0.55690E-01,    0.11280E-01,    0.96378E-02
    0.28321E+00,    0.35377E+00,   -0.22285E-01,   -0.22424E-01
    0.42451E+00,   -0.18394E+00,    0.32280E-02,   -0.23069E-02
    0.36498E+00,   -0.90246E-01,    0.17081E-01,   -0.11574E-02
    0.29172E+00,    0.40608E+00,    0.19788E+00,    0.85468E+00
    0.34548E+00,   -0.51148E-01,    0.15864E-01,    0.35694E-02
    0.28201E+00,    0.34507E+00,   -0.24893E-01,   -0.21676E-01
    0.30988E+00,    0.41675E-01,    0.11568E-01,    0.93216E-02
    0.42085E+00,   -0.17947E+00,    0.23810E-02,   -0.27823E-01
    0.28406E+00,    0.36371E+00,   -0.19355E-01,   -0.22596E-01
    0.28698E+00,    0.38303E+00,   -0.15392E-01,   -0.21645E-01
    0.29433E+00,    0.98594E-01,    0.10974E-01,    0.10574E-01
    0.27817E+00,    0.31599E+00,   -0.33078E-01,   -0.15792E-01
    0.27962E+00,    0.18696E+00,   -0.47906E-03,    0.17376E-01
    0.28402E+00,    0.15095E+00,    0.89821E-02,    0.13583E-01
    0.27625E+00,    0.23201E+00,   -0.23921E-01,    0.15918E-01
    0.27860E+00,    0.32586E+00,   -0.30363E-01,   -0.18141E-01
    0.28781E+00,    0.39407E+00,    0.12853E-01,   -0.19975E-01
    0.35169E+00,   -0.67821E-01,    0.16281E-01,    0.18059E-02
    0.27907E+00,    0.33573E+00,   -0.27521E-01,   -0.19899E-01
    0.44582E+00,   -0.21441E+00,    0.12346E-01,   -0.10011E-02
    0.44949E+00,   -0.21900E+00,   -0.50801E-02,   -0.20608E-01
    0.31092E+00,    0.31562E-01,    0.11421E-01,    0.92739E-02
    0.39358E+00,   -0.14338E+00,   -0.50161E-02,    0.11184E-01
    0.32302E+00,   -0.35727E-02,    0.13115E-01,    0.77580E-02
    0.35833E+00,   -0.83031E-01,    0.16643E-01,   -0.66902E-04
    0.27613E+00,    0.30631E+00,   -0.34915E-01,   -0.12488E-01
    0.27540E+00,    0.29641E+00,   -0.36578E-01,   -0.89357E-02
    0.27541E+00,    0.22206E+00,   -0.17910E-01,    0.17206E-01
    0.33170E+00,   -0.26788E-01,    0.14304E-01,    0.62572E-02
    0.38058E+00,   -0.12404E+00,    0.18034E-01,   -0.24518E-02
    0.40072E+00,   -0.15628E+00,    0.81666E+00,   -0.42015E+00
    0.28578E+00,    0.12686E+00,    0.10332E-01,    0.11683E-01
    0.38610E+00,   -0.13417E+00,    0.16926E-01,    0.24458E-02
    0.27808E+00,    0.17711E+00,    0.30433E-02,    0.16060E-01
    0.28719E+00,    0.11732E+00,    0.10361E-01,    0.11218E-01
    0.27363E+00,    0.28663E+00,   -0.36889E-01,   -0.48263E-02
    0.32441E+00,   -0.12454E-01,    0.13244E-01,    0.74838E-02
    0.39675E+00,   -0.15207E+00,    0.14983E+00,    0.46245E-01
    0.28666E+00,    0.40329E+00,   -0.81162E-01,    0.11056E+00
    0.42235E+00,   -0.18852E+00,    0.14034E-02,    0.57563E-02
    0.31177E+00,    0.21433E-01,    0.11311E-01,    0.92296E-02
    0.28763E+00,    0.40898E+00,   -0.87617E+00,    0.17966E+00
    0.29628E+00,    0.73229E-01,    0.97800E-02,    0.10452E-01
    0.41874E+00,   -0.18401E+00,    0.28958E-01,    0.37287E-02
    0.27273E+00,    0.27671E+00,   -0.36535E-01,   -0.61500E-03
    0.29367E+00,    0.83088E-01,    0.97522E-02,    0.10574E-01
    0.27391E+00,    0.21237E+00,   -0.12097E-01,    0.17471E-01
    0.29856E+00,    0.63287E-01,    0.97822E-02,    0.10359E-01
    0.29456E+00,    0.77509E-01,    0.96029E-02,    0.10546E-01
    0.29699E+00,    0.67623E-01,    0.96166E-02,    0.10451E-01
    0.29073E+00,    0.92854E-01,    0.96783E-02,    0.10727E-01
    0.37360E+00,   -0.11689E+00,    0.17521E-01,   -0.34370E-02
    0.36287E+00,   -0.97906E-01,    0.16769E-01,   -0.18437E-02
    0.33675E+00,   -0.45379E-01,    0.14843E-01,    0.49387E-02
    0.29181E+00,    0.87308E-01,    0.95612E-02,    0.10668E-01
    0.34406E+00,   -0.61439E-01,    0.15554E-01,    0.31136E-02
    0.33248E+00,   -0.36741E-01,    0.14326E-01,    0.58478E-02
    0.29894E+00,    0.57743E-01,    0.95737E-02,    0.10386E-01
    0.28138E+00,    0.13634E+00,    0.96199E-02,    0.12123E-01
    0.28792E+00,    0.10199E+00,    0.96315E-02,    0.10870E-01
    0.27109E+00,    0.26689E+00,   -0.34524E-01,    0.35330E-02
    0.29982E+00,    0.53684E-01,    0.95982E-02,    0.10348E-01
    0.30136E+00,    0.48247E-01,    0.97489E-02,    0.10251E-01
    0.27055E+00,    0.25746E+00,   -0.32062E-01,    0.72085E-02
    0.27271E+00,    0.20301E+00,   -0.70644E-02,    0.17217E-01
    0.35052E+00,   -0.76934E-01,    0.16005E-01,    0.11697E-02
    0.44723E+00,   -0.22357E+00,   -0.31689E-01,    0.18082E-01
    0.28828E+00,    0.97100E-01,    0.93648E-02,    0.10834E-01
    0.43219E+00,   -0.20541E+00,   -0.37099E-02,   -0.11569E-01
    0.27596E+00,    0.16637E+00,    0.58374E-02,    0.14592E-01
    0.31213E+00,    0.11886E-01,    0.11176E-01,    0.92112E-02
    0.39887E+00,   -0.16095E+00,   -0.44108E+00,   -0.78537E+00
    0.28533E+00,    0.10660E+00,    0.93405E-02,    0.10970E-01
    0.26958E+00,    0.24751E+00,   -0.28115E-01,    0.10503E-01
    0.30160E+00,    0.42601E-01,    0.95679E-02,    0.10288E-01
    0.30280E+00,    0.38150E-01,    0.97078E-02,    0.10199E-01
    0.42568E+00,   -0.19870E+00,   -0.84050E-02,   -0.39988E-03
    0.28388E+00,    0.11207E+00,    0.93681E-02,    0.11085E-01
    0.27187E+00,    0.19305E+00,   -0.24768E-02,    0.16597E-01
    0.39530E+00,   -0.15736E+00,    0.44933E-01,   -0.17685E+00
    0.27304E+00,    0.34072E+00,   -0.25562E-01,   -0.18991E-01
    0.27799E+00,    0.37889E+00,   -0.16464E-01,   -0.20672E-01
    0.36457E+00,   -0.10766E+00,    0.16777E-01,   -0.29751E-02
    0.44241E+00,   -0.22078E+00,    0.17405E-01,    0.21772E-01
    0.27662E+00,    0.37025E+00,   -0.18310E-01,   -0.20939E-01
    0.28260E+00,    0.40614E+00,   -0.13093E+00,   -0.10709E+00
    0.35605E+00,   -0.92575E-01,    0.16245E-01,   -0.89227E-03
    0.27371E+00,    0.35058E+00,   -0.23093E-01,   -0.20040E-01
    0.27924E+00,    0.38871E+00,   -0.13990E-01,   -0.19562E-01
    0.41657E+00,   -0.18853E+00,   -0.17075E-02,    0.31776E-01
    0.26842E+00,    0.23815E+00,   -0.23537E-01,    0.12862E-01
    0.28352E+00,    0.41185E+00,   -0.20746E+00,   -0.89853E+00
    0.32297E+00,   -0.22470E-01,    0.12910E-01,    0.75143E-02
    0.27462E+00,    0.36047E+00,   -0.20657E-01,   -0.20633E-01
    0.30285E+00,    0.32500E-01,    0.95286E-02,    0.10245E-01
    0.27008E+00,    0.32166E+00,   -0.29732E-01,   -0.15095E-01
    0.41936E+00,   -0.19328E+00,   -0.77051E-02,    0.70303E-02
    0.28048E+00,    0.12087E+00,    0.91810E-02,    0.11278E-01
    0.28033E+00,    0.39859E+00,   -0.33508E-01,   -0.15153E-01
    0.29062E+00,    0.74413E-01,    0.83245E-02,    0.10903E-01
    0.26916E+00,    0.31173E+00,   -0.31560E-01,   -0.12459E-01
    0.29183E+00,    0.69546E-01,    0.83353E-02,    0.10888E-01
    0.28934E+00,    0.79259E-01,    0.83120E-02,    0.10918E-01
    0.30391E+00,    0.28011E-01,    0.96611E-02,    0.10157E-01
    0.28117E+00,    0.11597E+00,    0.90467E-02,    0.11144E-01
    0.29295E+00,    0.64660E-01,    0.83444E-02,    0.10873E-01
    0.28798E+00,    0.84082E-01,    0.82978E-02,    0.10934E-01
    0.27053E+00,    0.33155E+00,   -0.27524E-01,   -0.17094E-01
    0.29399E+00,    0.59756E-01,    0.83520E-02,    0.10858E-01
    0.28653E+00,    0.88883E-01,    0.82818E-02,    0.10950E-01
    0.31235E+00,    0.16534E-02,    0.11071E-01,    0.91730E-02
    0.33568E+00,   -0.55321E-01,    0.14598E-01,    0.45482E-02
    0.29495E+00,    0.54835E-01,    0.83582E-02,    0.10844E-01
    0.27039E+00,    0.18320E+00,    0.13052E-02,    0.15583E-01
    0.28501E+00,    0.93658E-01,    0.82637E-02,    0.10966E-01
    0.26700E+00,    0.22826E+00,   -0.18229E-01,    0.14508E-01
    0.26733E+00,    0.30219E+00,   -0.32500E-01,   -0.93107E-02
    0.43634E+00,   -0.21728E+00,    0.24536E-01,   -0.14232E-01
    0.29582E+00,    0.49899E-01,    0.83630E-02,    0.10830E-01
    0.28340E+00,    0.98407E-01,    0.82438E-02,    0.10982E-01
    0.34252E+00,   -0.71271E-01,    0.15235E-01,    0.25314E-02
    0.26633E+00,    0.29225E+00,   -0.33090E-01,   -0.58769E-02
    0.39696E+00,   -0.16559E+00,   -0.72145E+00,    0.50037E+00
    0.27757E+00,    0.12542E+00,    0.88854E-02,    0.11338E-01
    0.39387E+00,   -0.16119E+00,   -0.14817E+00,   -0.55599E-01
    0.30377E+00,    0.22362E-01,    0.94862E-02,    0.10209E-01
    0.29661E+00,    0.44949E-01,    0.83665E-02,    0.10817E-01
    0.27393E+00,    0.14589E+00,    0.84000E-02,    0.12376E-01
    0.28172E+00,    0.10313E+00,    0.82216E-02,    0.10998E-01
    0.26610E+00,    0.21854E+00,   -0.13144E-01,    0.15466E-01
    0.34877E+00,   -0.85794E-01,    0.15655E-01,    0.44075E-03
    0.30467E+00,    0.17840E-01,    0.96118E-02,    0.10122E-01
    0.27576E+00,    0.13078E+00,    0.87829E-02,    0.11498E-01
    0.32350E+00,   -0.32391E-01,    0.12947E-01,    0.71973E-02
    0.29732E+00,    0.39986E-01,    0.83689E-02,    0.10803E-01
    0.27995E+00,    0.10782E+00,    0.81974E-02,    0.11015E-01
    0.26469E+00,    0.28258E+00,   -0.32526E-01,   -0.22517E-02
    0.27165E+00,    0.15483E+00,    0.75367E-02,    0.12961E-01
    0.38904E+00,   -0.15632E+00,    0.15698E-01,   -0.32217E-01
    0.26886E+00,    0.17336E+00,    0.42700E-02,    0.14463E-01
    0.27869E+00,    0.40970E+00,    0.11284E+00,   -0.17730E+00
    0.29795E+00,    0.35012E-01,    0.83701E-02,    0.10790E-01
    0.41785E+00,   -0.19762E+00,   -0.68910E-02,    0.33748E-02
    0.41435E+00,   -0.19302E+00,   -0.28883E-01,    0.16986E-02
    0.27811E+00,    0.11249E+00,    0.81709E-02,    0.11031E-01
    0.36448E+00,   -0.11765E+00,    0.16563E-01,   -0.42876E-02
    0.35596E+00,   -0.10257E+00,    0.16016E-01,   -0.21626E-02
    0.27938E+00,    0.41467E+00,    0.87919E+00,   -0.17545E+00
    0.26337E+00,    0.27323E+00,   -0.31204E-01,    0.12207E-02
    0.28600E+00,    0.75484E-01,    0.83019E-02,    0.10914E-01
    0.42877E+00,   -0.21291E+00,   -0.60829E-02,   -0.26356E-01
    0.26463E+00,    0.20866E+00,   -0.80499E-02,    0.15679E-01
    0.27322E+00,    0.13463E+00,    0.85545E-02,    0.11524E-01
    0.29849E+00,    0.30029E-01,    0.83701E-02,    0.10777E-01
    0.28660E+00,    0.71332E-01,    0.83099E-02,    0.10902E-01
    0.30435E+00,    0.12199E-01,    0.94415E-02,    0.10176E-01
    0.27620E+00,    0.11712E+00,    0.81426E-02,    0.11047E-01
    0.31250E+00,   -0.10448E-01,    0.11009E-01,    0.90778E-02
    0.26242E+00,    0.26328E+00,   -0.29058E-01,    0.47161E-02
    0.28267E+00,    0.85604E-01,    0.82698E-02,    0.10947E-01
    0.28157E+00,    0.89525E-01,    0.82564E-02,    0.10960E-01
    0.28731E+00,    0.65938E-01,    0.83187E-02,    0.10887E-01
    0.28365E+00,    0.80253E-01,    0.82839E-02,    0.10931E-01
    0.30510E+00,    0.76492E-02,    0.95617E-02,    0.10089E-01
    0.38112E+00,   -0.14817E+00,    0.14586E-01,   -0.92184E-02
    0.28838E+00,    0.61128E-01,    0.83272E-02,    0.10873E-01
    0.27123E+00,    0.13992E+00,    0.83553E-02,    0.11702E-01
    0.29895E+00,    0.25037E-01,    0.83692E-02,    0.10764E-01
    0.32761E+00,   -0.49417E-01,    0.13519E-01,    0.59572E-02
    0.27420E+00,    0.12172E+00,    0.81119E-02,    0.11062E-01
    0.26145E+00,    0.25333E+00,   -0.25939E-01,    0.78478E-02
    0.33460E+00,   -0.65261E-01,    0.14360E-01,    0.40001E-02
    0.37536E+00,   -0.14008E+00,    0.16480E-01,   -0.60999E-02
    0.39500E+00,   -0.17022E+00,    0.52728E+00,    0.73541E+00
    0.26368E+00,    0.19877E+00,   -0.35665E-02,    0.15467E-01
    0.29026E+00,    0.51458E-01,    0.83400E-02,    0.10845E-01
    0.27927E+00,    0.94366E-01,    0.82342E-02,    0.10977E-01
    0.29141E+00,    0.47160E-01,    0.83456E-02,    0.10832E-01
    0.28874E+00,    0.55872E-01,    0.83319E-02,    0.10859E-01
    0.27676E+00,    0.10438E+00,    0.81930E-02,    0.11008E-01
    0.34910E+00,   -0.95707E-01,    0.15467E-01,   -0.80993E-03
    0.34152E+00,   -0.81171E-01,    0.14956E-01,    0.16849E-02
    0.39118E+00,   -0.16587E+00,   -0.96704E-02,    0.14059E+00
    0.29933E+00,    0.20038E-01,    0.83673E-02,    0.10751E-01
    0.27765E+00,    0.99020E-01,    0.82138E-02,    0.10992E-01
    0.26048E+00,    0.24338E+00,   -0.22038E-01,    0.10442E-01
    0.27213E+00,    0.12628E+00,    0.80794E-02,    0.11077E-01
    0.26632E+00,    0.16382E+00,    0.63345E-02,    0.13209E-01
    0.26762E+00,    0.36605E+00,   -0.19552E-01,   -0.19395E-01
    0.26509E+00,    0.34658E+00,   -0.23510E-01,   -0.17826E-01
    0.26393E+00,    0.33668E+00,   -0.25439E-01,   -0.16374E-01
    0.26875E+00,    0.37592E+00,   -0.17657E-01,   -0.19522E-01
    0.27354E+00,    0.40411E+00,    0.10685E-01,   -0.31210E-01
    0.27002E+00,    0.38489E+00,   -0.16086E-01,   -0.19369E-01
    0.26572E+00,    0.35649E+00,   -0.21477E-01,   -0.18715E-01
    0.42094E+00,   -0.20839E+00,   -0.26433E-01,    0.15710E-02
    0.27489E+00,    0.10800E+00,    0.81715E-02,    0.11021E-01
    0.30452E+00,    0.23531E-02,    0.93833E-02,    0.10153E-01
    0.26282E+00,    0.18881E+00,    0.33964E-03,    0.14880E-01
    0.26171E+00,    0.31838E+00,   -0.28360E-01,   -0.12504E-01
    0.27139E+00,    0.39423E+00,   -0.15071E-01,   -0.19537E-01
    0.26813E+00,    0.14363E+00,    0.81134E-02,    0.11654E-01
    0.41208E+00,   -0.19749E+00,    0.36662E-02,   -0.22564E-01
    0.27440E+00,    0.41173E+00,    0.10932E+00,    0.66529E-01
    0.29962E+00,    0.15033E-01,    0.83644E-02,    0.10737E-01
    0.29110E+00,    0.41710E-01,    0.83447E-02,    0.10820E-01
    0.25951E+00,    0.23342E+00,   -0.17603E-01,    0.12385E-01
    0.29247E+00,    0.36848E-01,    0.83496E-02,    0.10805E-01
    0.26192E+00,    0.32727E+00,   -0.26901E-01,   -0.14381E-01
    0.26998E+00,    0.13081E+00,    0.80447E-02,    0.11091E-01
    0.29356E+00,    0.32495E-01,    0.83526E-02,    0.10792E-01
    0.27521E+00,    0.41745E+00,    0.13915E+00,    0.85898E+00
    0.26696E+00,    0.14841E+00,    0.79198E-02,    0.11892E-01
    0.35587E+00,   -0.11257E+00,    0.15748E-01,   -0.36924E-02
    0.30519E+00,   -0.25500E-02,    0.95112E-02,    0.10055E-01
    0.36439E+00,   -0.12765E+00,    0.16303E-01,   -0.60319E-02
    0.25974E+00,    0.30859E+00,   -0.29146E-01,   -0.97193E-02
    0.27234E+00,    0.11281E+00,    0.81414E-02,    0.11037E-01
    0.27116E+00,    0.11743E+00,    0.81165E-02,    0.11051E-01
    0.29983E+00,    0.10024E-01,    0.83606E-02,    0.10724E-01
    0.26776E+00,    0.13530E+00,    0.80084E-02,    0.11105E-01
    0.31633E+00,   -0.34088E-01,    0.11713E-01,    0.81146E-02
    0.29354E+00,    0.27055E-01,    0.83505E-02,    0.10779E-01
    0.25793E+00,    0.22420E+00,   -0.13026E-01,    0.13492E-01
    0.39299E+00,   -0.17481E+00,    0.77070E+00,   -0.51049E+00
    0.25795E+00,    0.29877E+00,   -0.29363E-01,   -0.66780E-02
    0.41465E+00,   -0.20475E+00,   -0.37267E-02,    0.25803E-01
    0.29468E+00,    0.22116E-01,    0.83519E-02,    0.10765E-01
    0.31953E+00,   -0.43514E-01,    0.12286E-01,    0.73379E-02
    0.32653E+00,   -0.59359E-01,    0.13327E-01,    0.55191E-02
    0.25697E+00,    0.28887E+00,   -0.29186E-01,   -0.35442E-02
    0.38922E+00,   -0.17042E+00,    0.17556E+00,    0.16051E-01
    0.25772E+00,    0.21426E+00,   -0.86329E-02,    0.14303E-01
    0.27979E+00,    0.72164E-01,    0.82798E-02,    0.10917E-01
    0.29996E+00,    0.50129E-02,    0.83558E-02,    0.10711E-01
    0.33356E+00,   -0.75148E-01,    0.14114E-01,    0.32636E-02
    0.27648E+00,    0.84680E-01,    0.82440E-02,    0.10954E-01
    0.26362E+00,    0.15258E+00,    0.76911E-02,    0.11837E-01
    0.31158E+00,   -0.26094E-01,    0.10827E-01,    0.89580E-02
    0.26546E+00,    0.13976E+00,    0.79704E-02,    0.11117E-01
    0.26842E+00,    0.12185E+00,    0.80837E-02,    0.11065E-01
    0.30436E+00,   -0.80469E-02,    0.93208E-02,    0.10123E-01
    0.26070E+00,    0.17262E+00,    0.51640E-02,    0.13307E-01
    0.26703E+00,    0.12651E+00,    0.80542E-02,    0.11079E-01
    0.34049E+00,   -0.90786E-01,    0.14637E-01,    0.63502E-03
    0.25536E+00,    0.27901E+00,   -0.27972E-01,   -0.28898E-03
    0.28158E+00,    0.60272E-01,    0.83003E-02,    0.10883E-01
    0.29428E+00,    0.17231E-01,    0.83473E-02,    0.10753E-01
    0.40975E+00,   -0.20193E+00,    0.38029E-01,    0.46121E-02
    0.38348E+00,   -0.16520E+00,    0.41912E-01,    0.16277E-01
    0.27026E+00,    0.41446E+00,   -0.10290E+00,    0.11237E+00
    0.30000E+00,   -0.11468E-09,    0.83502E-02,    0.10698E-01
    0.26128E+00,    0.15772E+00,    0.73339E-02,    0.12000E-01
    0.26309E+00,    0.14417E+00,    0.79315E-02,    0.11128E-01
    0.25429E+00,    0.26910E+00,   -0.26172E-01,    0.28522E-02
    0.30420E+00,   -0.12278E-01,    0.92964E-02,    0.10110E-01
    0.27101E+00,    0.42018E+00,   -0.88668E+00,    0.12339E+00
    0.29523E+00,    0.12071E-01,    0.83465E-02,    0.10738E-01
    0.25573E+00,    0.20473E+00,   -0.41412E-02,    0.14269E-01
    0.37720E+00,   -0.15735E+00,    0.23049E-01,   -0.89869E-02
    0.26960E+00,    0.10395E+00,    0.81615E-02,    0.11015E-01
    0.35577E+00,   -0.12257E+00,    0.15432E-01,   -0.56357E-02
    0.34725E+00,   -0.10749E+00,    0.14921E-01,   -0.25200E-02
    0.28328E+00,    0.47784E-01,    0.83143E-02,    0.10849E-01
    0.25332E+00,    0.25915E+00,   -0.23612E-01,    0.57735E-02
    0.27139E+00,    0.94237E-01,    0.81990E-02,    0.10987E-01
    0.26420E+00,    0.13075E+00,    0.80189E-02,    0.11091E-01
    0.37144E+00,   -0.14921E+00,    0.17823E-01,   -0.10300E-01
    0.29996E+00,   -0.50129E-02,    0.83437E-02,    0.10684E-01
    0.28690E+00,    0.33359E-01,    0.83287E-02,    0.10807E-01
    0.39092E+00,   -0.17939E+00,   -0.52470E+00,   -0.72295E+00
    0.26568E+00,    0.40081E+00,   -0.15055E-01,   -0.17337E-01
    0.30467E+00,   -0.17840E-01,    0.94266E-02,    0.99890E-02
    0.26064E+00,    0.14855E+00,    0.78914E-02,    0.11137E-01
    0.25861E+00,    0.16207E+00,    0.70945E-02,    0.12034E-01
    0.25234E+00,    0.24919E+00,   -0.20344E-01,    0.83196E-02
    0.36544E+00,   -0.14123E+00,    0.16328E-01,   -0.91744E-02
    0.38767E+00,   -0.17559E+00,    0.43926E-01,   -0.18671E+00
    0.26226E+00,    0.13583E+00,    0.79817E-02,    0.11105E-01
    0.25666E+00,    0.34351E+00,   -0.23250E-01,   -0.15779E-01
    0.29469E+00,    0.73882E-02,    0.83403E-02,    0.10727E-01
    0.25862E+00,    0.36187E+00,   -0.20223E-01,   -0.17706E-01
    0.25452E+00,    0.19482E+00,   -0.16254E-03,    0.13958E-01
    0.31846E+00,   -0.53456E-01,    0.12135E-01,    0.70242E-02
    0.25973E+00,    0.37174E+00,   -0.18570E-01,   -0.18212E-01
    0.26618E+00,    0.40946E+00,   -0.37395E-01,   -0.31143E-02
    0.25694E+00,    0.35227E+00,   -0.21786E-01,   -0.16744E-01
    0.32547E+00,   -0.69298E-01,    0.13131E-01,    0.49167E-02
    0.26252E+00,    0.39142E+00,   -0.15711E-01,   -0.18223E-01
    0.26081E+00,    0.38162E+00,   -0.17011E-01,   -0.18365E-01
    0.25137E+00,    0.23924E+00,   -0.16524E-01,    0.10376E-01
    0.29549E+00,    0.22295E-02,    0.83376E-02,    0.10712E-01
    0.25446E+00,    0.33378E+00,   -0.24479E-01,   -0.13989E-01
    0.29983E+00,   -0.10024E-01,    0.83363E-02,    0.10670E-01
    0.25479E+00,    0.18124E+00,    0.38958E-02,    0.13205E-01
    0.33239E+00,   -0.85059E-01,    0.13814E-01,    0.23394E-02
    0.25812E+00,    0.15288E+00,    0.78504E-02,    0.11145E-01
    0.26466E+00,    0.11366E+00,    0.81038E-02,    0.11045E-01
    0.25242E+00,    0.31418E+00,   -0.26451E-01,   -0.97716E-02
    0.25178E+00,    0.30421E+00,   -0.26955E-01,   -0.72216E-02
    0.25968E+00,    0.13950E+00,    0.79489E-02,    0.11114E-01
    0.26609E+00,    0.41714E+00,   -0.12969E+00,   -0.10950E+00
    0.25250E+00,    0.32400E+00,   -0.25419E-01,   -0.11879E-01
    0.25040E+00,    0.22929E+00,   -0.12357E-01,    0.11884E-01
    0.30369E+00,   -0.23404E-01,    0.92619E-02,    0.10037E-01
    0.25507E+00,    0.16647E+00,    0.68797E-02,    0.11953E-01
    0.26678E+00,    0.42288E+00,   -0.14703E+00,   -0.90564E+00
    0.28728E+00,    0.21218E-01,    0.83255E-02,    0.10776E-01
    0.29962E+00,   -0.15033E-01,    0.83281E-02,    0.10656E-01
    0.29477E+00,   -0.24630E-02,    0.83297E-02,    0.10700E-01
    0.25553E+00,    0.15718E+00,    0.78091E-02,    0.11152E-01
    0.38586E+00,   -0.17926E+00,   -0.13821E+00,   -0.48526E-01
    0.34716E+00,   -0.11749E+00,    0.14534E-01,   -0.45151E-02
    0.38880E+00,   -0.18394E+00,   -0.64620E+00,    0.57867E+00
    0.33864E+00,   -0.10241E+00,    0.14089E-01,   -0.94618E-03
    0.24931E+00,    0.21957E+00,   -0.81257E-02,    0.12792E-01
    0.35587E+00,   -0.13317E+00,    0.15148E-01,   -0.83490E-02
    0.30916E+00,   -0.40710E-01,    0.10494E-01,    0.89069E-02
    0.30391E+00,   -0.28011E-01,    0.93551E-02,    0.99329E-02
    0.26043E+00,    0.12287E+00,    0.80449E-02,    0.11071E-01
    0.24884E+00,    0.29467E+00,   -0.26090E-01,   -0.42744E-02
    0.30585E+00,   -0.33294E-01,    0.98010E-02,    0.95672E-02
    0.25305E+00,    0.17062E+00,    0.65454E-02,    0.12057E-01
    0.25661E+00,    0.14343E+00,    0.79125E-02,    0.11121E-01
    0.29540E+00,   -0.76411E-02,    0.83250E-02,    0.10685E-01
    0.24730E+00,    0.28492E+00,   -0.25061E-01,   -0.14000E-02
    0.29933E+00,   -0.20038E-01,    0.83190E-02,    0.10642E-01
    0.38083E+00,   -0.17515E+00,    0.84542E-02,   -0.33457E-01
    0.25488E+00,    0.14810E+00,    0.78749E-02,    0.11131E-01
    0.24825E+00,    0.21126E+00,   -0.45160E-02,    0.13159E-01
    0.25287E+00,    0.16142E+00,    0.77677E-02,    0.11156E-01
    0.31738E+00,   -0.63398E-01,    0.12011E-01,    0.65810E-02
    0.28774E+00,    0.10676E-01,    0.83199E-02,    0.10748E-01
    0.26881E+00,    0.74315E-01,    0.82318E-02,    0.10939E-01
    0.24622E+00,    0.27498E+00,   -0.23520E-01,    0.14524E-02
    0.37342E+00,   -0.16611E+00,    0.24619E-01,   -0.13819E-01
    0.24519E+00,    0.26497E+00,   -0.21305E-01,    0.41815E-02
    0.29453E+00,   -0.12311E-01,    0.83156E-02,    0.10673E-01
    0.26466E+00,    0.86973E-01,    0.81896E-02,    0.10976E-01
    0.26179E+00,    0.42053E+00,    0.11315E+00,   -0.14070E+00
    0.25237E+00,    0.15234E+00,    0.78369E-02,    0.11137E-01
    0.36736E+00,   -0.15830E+00,    0.19792E-01,   -0.14791E-01
    0.24937E+00,    0.17490E+00,    0.63745E-02,    0.11927E-01
    0.29895E+00,   -0.25037E-01,    0.83090E-02,    0.10627E-01
    0.26253E+00,    0.42553E+00,    0.90400E+00,   -0.11960E+00
    0.25013E+00,    0.16563E+00,    0.77268E-02,    0.11159E-01
    0.24421E+00,    0.25502E+00,   -0.18490E-01,    0.66314E-02
    0.26161E+00,    0.95768E-01,    0.81541E-02,    0.11001E-01
    0.36109E+00,   -0.14997E+00,    0.16513E-01,   -0.13439E-01
    0.38663E+00,   -0.18847E+00,    0.62391E+00,    0.67486E+00
    0.24732E+00,    0.18718E+00,    0.38902E-02,    0.12617E-01
    0.25421E+00,    0.13384E+00,    0.79633E-02,    0.11098E-01
    0.27202E+00,    0.52469E-01,    0.82694E-02,    0.10880E-01
    0.29498E+00,   -0.17507E-01,    0.83090E-02,    0.10657E-01
    0.28803E+00,    0.12093E-02,    0.83118E-02,    0.10722E-01
    0.38301E+00,   -0.18395E+00,    0.24999E-01,    0.13745E+00
    0.26884E+00,    0.63284E-01,    0.82475E-02,    0.10912E-01
    0.34707E+00,   -0.12749E+00,    0.14071E-01,   -0.70353E-02
    0.25105E+00,    0.36838E+00,   -0.18926E-01,   -0.16822E-01
    0.33855E+00,   -0.11241E+00,    0.13675E-01,   -0.28706E-02
    0.25645E+00,    0.40185E+00,   -0.14153E-01,   -0.17019E-01
    0.25016E+00,    0.15722E+00,    0.77947E-02,    0.11144E-01
    0.30280E+00,   -0.38150E-01,    0.92896E-02,    0.98662E-02
    0.25226E+00,    0.37813E+00,   -0.17552E-01,   -0.17308E-01
    0.35559E+00,   -0.14257E+00,    0.14993E-01,   -0.11464E-01
    0.27614E+00,    0.35831E-01,    0.82903E-02,    0.10832E-01
    0.24324E+00,    0.24506E+00,   -0.15141E-01,    0.87139E-02
    0.33003E+00,   -0.97332E-01,    0.13234E-01,    0.91704E-03
    0.24925E+00,    0.35856E+00,   -0.20242E-01,   -0.15933E-01
    0.30832E+00,   -0.52007E-01,    0.10492E-01,    0.86066E-02
    0.27317E+00,    0.44693E-01,    0.82778E-02,    0.10859E-01
    0.25326E+00,    0.38790E+00,   -0.16188E-01,   -0.17484E-01
    0.24676E+00,    0.17964E+00,    0.59451E-02,    0.11989E-01
    0.25826E+00,    0.10446E+00,    0.81129E-02,    0.11025E-01
    0.24762E+00,    0.34871E+00,   -0.21446E-01,   -0.14732E-01
    0.43301E+00,   -0.25000E+00,   -0.10072E+01,    0.57104E+00
    0.29849E+00,   -0.30029E-01,    0.82981E-02,    0.10612E-01
    0.24544E+00,    0.32913E+00,   -0.23398E-01,   -0.11550E-01
    0.24624E+00,    0.33888E+00,   -0.22494E-01,   -0.13241E-01
    0.32151E+00,   -0.82251E-01,    0.12502E-01,    0.42328E-02
    0.24733E+00,    0.16978E+00,    0.76865E-02,    0.11159E-01
    0.24431E+00,    0.31971E+00,   -0.23921E-01,   -0.95815E-02
    0.24349E+00,    0.30979E+00,   -0.24203E-01,   -0.73137E-02
    0.24227E+00,    0.23511E+00,   -0.11399E-01,    0.10350E-01
    0.27791E+00,    0.25370E-01,    0.82951E-02,    0.10803E-01
    0.24787E+00,    0.16059E+00,    0.77633E-02,    0.11146E-01
    0.25857E+00,    0.42306E+00,    0.15932E+00,    0.95020E-01
    0.29395E+00,   -0.22146E-01,    0.82980E-02,    0.10645E-01
    0.25683E+00,    0.41612E+00,    0.17173E-01,   -0.25026E-01
    0.30212E+00,   -0.43204E-01,    0.92577E-02,    0.98275E-02
    0.25463E+00,    0.11303E+00,    0.80667E-02,    0.11048E-01
    0.24130E+00,    0.22515E+00,   -0.74380E-02,    0.11501E-01
    0.42790E+00,   -0.24705E+00,   -0.28136E+00,   -0.69178E+00
    0.24879E+00,    0.14530E+00,    0.78762E-02,    0.11120E-01
    0.28792E+00,   -0.83939E-02,    0.82999E-02,    0.10696E-01
    0.29795E+00,   -0.35012E-01,    0.82863E-02,    0.10597E-01
    0.25825E+00,    0.42814E+00,    0.18927E-01,    0.88165E+00
    0.24446E+00,    0.17389E+00,    0.76475E-02,    0.11158E-01
    0.24211E+00,    0.19785E+00,    0.20824E-02,    0.12511E-01
    0.38440E+00,   -0.19297E+00,    0.72744E+00,   -0.58709E+00
    0.29423E+00,   -0.27354E-01,    0.82896E-02,    0.10628E-01
    0.24313E+00,    0.18264E+00,    0.61366E-02,    0.11765E-01
    0.38084E+00,   -0.18840E+00,    0.20397E+00,   -0.18517E-02
    0.24035E+00,    0.21526E+00,   -0.34634E-02,    0.12161E-01
    0.23997E+00,    0.30065E+00,   -0.23177E-01,   -0.46767E-02
    0.25115E+00,    0.12195E+00,    0.80150E-02,    0.11070E-01
    0.24442E+00,    0.16480E+00,    0.77240E-02,    0.11147E-01
    0.33845E+00,   -0.12241E+00,    0.13129E-01,   -0.52659E-02
    0.27824E+00,    0.13960E-01,    0.82909E-02,    0.10773E-01
    0.23899E+00,    0.29069E+00,   -0.22388E-01,   -0.21192E-02
    0.34697E+00,   -0.13749E+00,    0.13552E-01,   -0.10215E-01
    0.32993E+00,   -0.10733E+00,    0.12852E-01,   -0.86510E-03
    0.25937E+00,    0.78757E-01,    0.81875E-02,    0.10962E-01
    0.42173E+00,   -0.24348E+00,    0.81070E+00,   -0.21523E+00
    0.26141E+00,    0.69808E-01,    0.82112E-02,    0.10938E-01
    0.23802E+00,    0.28074E+00,   -0.21038E-01,    0.46612E-03
    0.24109E+00,    0.18714E+00,    0.55642E-02,    0.11864E-01
    0.43049E+00,   -0.25433E+00,    0.32330E+00,    0.63868E+00
    0.32142E+00,   -0.92251E-01,    0.12326E-01,    0.29538E-02
    0.29732E+00,   -0.39986E-01,    0.82737E-02,    0.10581E-01
    0.36944E+00,   -0.17527E+00,    0.27170E-01,   -0.26042E-01
    0.30068E+00,   -0.48667E-01,    0.90996E-02,    0.98623E-02
    0.24152E+00,    0.17795E+00,    0.76101E-02,    0.11154E-01
    0.23705E+00,    0.27079E+00,   -0.19109E-01,    0.29797E-02
    0.31290E+00,   -0.77170E-01,    0.11388E-01,    0.61589E-02
    0.36355E+00,   -0.16752E+00,    0.20284E-01,   -0.22649E-01
    0.29305E+00,   -0.31956E-01,    0.82769E-02,    0.10615E-01
    0.24354E+00,    0.15588E+00,    0.77902E-02,    0.11133E-01
    0.28748E+00,   -0.18007E-01,    0.82846E-02,    0.10668E-01
    0.25565E+00,    0.87791E-01,    0.81536E-02,    0.10987E-01
    0.24163E+00,    0.16886E+00,    0.76875E-02,    0.11147E-01
    0.37511E+00,   -0.18546E+00,    0.64286E-01,   -0.19190E-01
    0.23608E+00,    0.26083E+00,   -0.16618E-01,    0.53173E-02
    0.26794E+00,    0.38173E-01,    0.82619E-02,    0.10852E-01
    0.25343E+00,    0.42496E+00,   -0.97180E-01,    0.82767E-01
    0.27855E+00,    0.46551E-02,    0.82846E-02,    0.10748E-01
    0.35745E+00,   -0.15961E+00,    0.16290E-01,   -0.19192E-01
    0.24115E+00,    0.35454E+00,   -0.20070E-01,   -0.14279E-01
    0.41458E+00,   -0.23936E+00,    0.26182E+00,    0.89023E+00
    0.25394E+00,    0.43071E+00,   -0.90540E+00,   -0.20480E-02
    0.28061E+00,   -0.34828E-02,    0.82829E-02,    0.10722E-01
    0.38212E+00,   -0.19744E+00,   -0.53024E+00,   -0.68888E+00
    0.23510E+00,    0.25088E+00,   -0.13627E-01,    0.73811E-02
    0.29661E+00,   -0.44949E-01,    0.82602E-02,    0.10564E-01
    0.29344E+00,   -0.37377E-01,    0.82670E-02,    0.10596E-01
    0.23978E+00,    0.17281E+00,    0.76533E-02,    0.11147E-01
    0.24188E+00,    0.36440E+00,   -0.18992E-01,   -0.15241E-01
    0.37862E+00,   -0.19284E+00,    0.56103E-01,   -0.16799E+00
    0.25185E+00,    0.96999E-01,    0.81143E-02,    0.11012E-01
    0.30038E+00,   -0.54287E-01,    0.91753E-02,    0.97083E-02
    0.30361E+00,   -0.61629E-01,    0.98661E-02,    0.88574E-02
    0.24306E+00,    0.37432E+00,   -0.17841E-01,   -0.16002E-01
    0.23851E+00,    0.18196E+00,    0.75751E-02,    0.11149E-01
    0.26929E+00,    0.28874E-01,    0.82671E-02,    0.10827E-01
    0.34925E+00,   -0.14888E+00,    0.13433E-01,   -0.14911E-01
    0.24415E+00,    0.38390E+00,   -0.16653E-01,   -0.16513E-01
    0.23786E+00,    0.33531E+00,   -0.21456E-01,   -0.11295E-01
    0.23615E+00,    0.20473E+00,    0.16210E-02,    0.12016E-01
    0.23713E+00,    0.19117E+00,    0.55928E-02,    0.11678E-01
    0.23858E+00,    0.34520E+00,   -0.20724E-01,   -0.12807E-01
    0.23413E+00,    0.24093E+00,   -0.10226E-01,    0.90893E-02
    0.33836E+00,   -0.13241E+00,    0.12418E-01,   -0.82516E-02
    0.23618E+00,    0.32551E+00,   -0.21742E-01,   -0.93812E-02
    0.32984E+00,   -0.11733E+00,    0.12310E-01,   -0.30661E-02
    0.24849E+00,    0.10637E+00,    0.80711E-02,    0.11035E-01
    0.23520E+00,    0.31560E+00,   -0.21834E-01,   -0.73327E-02
    0.26317E+00,    0.44966E-01,    0.82433E-02,    0.10876E-01
    0.26068E+00,    0.53718E-01,    0.82285E-02,    0.10900E-01
    0.42283E+00,   -0.25243E+00,    0.17704E+00,   -0.16006E+00
    0.32132E+00,   -0.10225E+00,    0.12032E-01,    0.13748E-02
    0.24726E+00,    0.40944E+00,   -0.11246E-01,   -0.19223E-01
    0.42792E+00,   -0.25863E+00,    0.73161E+00,   -0.33699E+00
    0.23316E+00,    0.23097E+00,   -0.65312E-02,    0.10373E-01
    0.29244E+00,   -0.41335E-01,    0.82553E-02,    0.10584E-01
    0.28672E+00,   -0.27603E-01,    0.82658E-02,    0.10640E-01
    0.29582E+00,   -0.49899E-01,    0.82457E-02,    0.10547E-01
    0.31280E+00,   -0.87170E-01,    0.11333E-01,    0.50908E-02
    0.24408E+00,    0.39737E+00,   -0.14747E-01,   -0.16966E-01
    0.23457E+00,    0.19604E+00,    0.49620E-02,    0.11694E-01
    0.23544E+00,    0.18593E+00,    0.75416E-02,    0.11142E-01
    0.26963E+00,    0.18976E-01,    0.82659E-02,    0.10801E-01
    0.40641E+00,   -0.23464E+00,   -0.88925E+00,    0.26727E+00
    0.24519E+00,    0.11557E+00,    0.80242E-02,    0.11057E-01
    0.24978E+00,    0.42799E+00,   -0.15786E+00,   -0.14918E+00
    0.29888E+00,   -0.58687E-01,    0.90202E-02,    0.97587E-02
    0.23585E+00,    0.17684E+00,    0.76191E-02,    0.11141E-01
    0.25664E+00,    0.61913E-01,    0.82059E-02,    0.10925E-01
    0.23220E+00,    0.22103E+00,   -0.27269E-02,    0.11228E-01
    0.30415E+00,   -0.72484E-01,    0.10117E-01,    0.80660E-02
    0.37689E+00,   -0.19776E+00,   -0.13920E+00,   -0.29653E-01
    0.37979E+00,   -0.20189E+00,   -0.57482E+00,    0.61524E+00
    0.24041E+00,    0.13526E+00,    0.79142E-02,    0.11095E-01
    0.23183E+00,    0.30646E+00,   -0.20883E-01,   -0.49432E-02
    0.24706E+00,    0.42110E+00,   -0.36609E-01,   -0.23502E-01
    0.24961E+00,    0.43324E+00,    0.33329E-01,   -0.91291E+00
    0.25338E+00,    0.70770E-01,    0.81817E-02,    0.10950E-01
    0.23086E+00,    0.29651E+00,   -0.20098E-01,   -0.26273E-02
    0.23544E+00,    0.16650E+00,    0.76997E-02,    0.11134E-01
    0.24129E+00,    0.12442E+00,    0.79726E-02,    0.11075E-01
    0.29495E+00,   -0.54835E-01,    0.82302E-02,    0.10529E-01
    0.22989E+00,    0.28656E+00,   -0.18839E-01,   -0.25621E-03
    0.27824E+00,   -0.13960E-01,    0.82622E-02,    0.10696E-01
    0.29108E+00,   -0.46601E-01,    0.82388E-02,    0.10567E-01
    0.23230E+00,    0.18983E+00,    0.75107E-02,    0.11134E-01
    0.23302E+00,    0.18148E+00,    0.75812E-02,    0.11137E-01
    0.23729E+00,    0.14596E+00,    0.78444E-02,    0.11111E-01
    0.42217E+00,   -0.25806E+00,    0.11859E+00,   -0.24520E+00
    0.26974E+00,    0.90182E-02,    0.82608E-02,    0.10775E-01
    0.24950E+00,    0.79973E-01,    0.81509E-02,    0.10975E-01
    0.22892E+00,    0.27661E+00,   -0.17081E-01,    0.20848E-02
    0.29738E+00,   -0.62600E-01,    0.88696E-02,    0.98310E-02
    0.41387E+00,   -0.24885E+00,    0.16390E+00,    0.12430E+00
    0.32975E+00,   -0.12733E+00,    0.11559E-01,   -0.57738E-02
    0.33827E+00,   -0.14241E+00,    0.11474E-01,   -0.12000E-01
    0.32123E+00,   -0.11225E+00,    0.11568E-01,   -0.58608E-03
    0.23061E+00,    0.19898E+00,    0.53427E-02,    0.11486E-01
    0.39764E+00,   -0.22958E+00,   -0.13783E+00,   -0.82957E+00
    0.42531E+00,   -0.26291E+00,   -0.33379E+00,   -0.86804E+00
    0.28643E+00,   -0.38596E-01,    0.82430E-02,    0.10604E-01
    0.22794E+00,    0.26665E+00,   -0.14823E-01,    0.43105E-02
    0.34679E+00,   -0.15749E+00,    0.12135E-01,   -0.19732E-01
    0.31271E+00,   -0.97170E-01,    0.11176E-01,    0.37494E-02
    0.22898E+00,    0.21185E+00,    0.15995E-02,    0.11463E-01
    0.24576E+00,    0.89234E-01,    0.81163E-02,    0.10999E-01
    0.22697E+00,    0.25670E+00,   -0.12101E-01,    0.63352E-02
    0.29762E+00,   -0.67249E-01,    0.90266E-02,    0.95515E-02
    0.24022E+00,    0.40548E+00,   -0.13671E-01,   -0.17095E-01
    0.29399E+00,   -0.59756E-01,    0.82138E-02,    0.10511E-01
    0.29026E+00,   -0.51458E-01,    0.82243E-02,    0.10550E-01
    0.36990E+00,   -0.19503E+00,    0.17460E-01,   -0.41038E-01
    0.24486E+00,    0.42995E+00,    0.89543E-01,   -0.11219E+00
    0.22910E+00,    0.19369E+00,    0.74822E-02,    0.11124E-01
    0.23399E+00,    0.37016E+00,   -0.17860E-01,   -0.14554E-01
    0.23257E+00,    0.36100E+00,   -0.18628E-01,   -0.13616E-01
    0.37741E+00,   -0.20630E+00,    0.72494E+00,    0.62531E+00
    0.37401E+00,   -0.20162E+00,    0.72421E-01,    0.85732E-01
    0.22805E+00,    0.20282E+00,    0.49733E-02,    0.11427E-01
    0.22600E+00,    0.24675E+00,   -0.89725E-02,    0.80834E-02
    0.23500E+00,    0.38009E+00,   -0.16891E-01,   -0.15285E-01
    0.25794E+00,    0.36504E-01,    0.82303E-02,    0.10863E-01
    0.27125E+00,   -0.49167E-02,    0.82529E-02,    0.10734E-01
    0.22984E+00,    0.34114E+00,   -0.19753E-01,   -0.10905E-01
    0.35803E+00,   -0.17902E+00,    0.16763E-01,   -0.36428E-01
    0.24526E+00,    0.43572E+00,    0.89132E+00,    0.33644E-01
    0.24213E+00,    0.98675E-01,    0.80773E-02,    0.11022E-01
    0.22876E+00,    0.33122E+00,   -0.20007E-01,   -0.92316E-02
    0.40616E+00,   -0.24450E+00,   -0.11488E+00,    0.20003E+00
    0.22897E+00,    0.18491E+00,    0.75553E-02,    0.11128E-01
    0.27761E+00,   -0.23250E-01,    0.82460E-02,    0.10669E-01
    0.23218E+00,    0.15452E+00,    0.77811E-02,    0.11117E-01
    0.36310E+00,   -0.18761E+00,    0.22607E-01,   -0.44125E-01
    0.41577E+00,   -0.25659E+00,    0.49093E-01,   -0.30452E-01
    0.23020E+00,    0.35200E+00,   -0.19112E-01,   -0.12344E-01
    0.22718E+00,    0.32150E+00,   -0.19868E-01,   -0.73134E-02
    0.38991E+00,   -0.22512E+00,    0.82440E+00,   -0.16123E-01
    0.22503E+00,    0.23679E+00,   -0.55215E-02,    0.94945E-02
    0.22606E+00,    0.31158E+00,   -0.19470E-01,   -0.52507E-02
    0.41957E+00,   -0.26229E+00,   -0.14253E+00,   -0.88624E-01
    0.30156E+00,   -0.82607E-01,    0.98835E-02,    0.77132E-02
    0.23869E+00,    0.10805E+00,    0.80347E-02,    0.11043E-01
    0.22706E+00,    0.18909E+00,    0.75235E-02,    0.11122E-01
    0.28936E+00,   -0.56301E-01,    0.82088E-02,    0.10533E-01
    0.23894E+00,    0.41470E+00,   -0.14460E-01,   -0.16448E-01
    0.29295E+00,   -0.64660E-01,    0.81965E-02,    0.10493E-01
    0.25323E+00,    0.45086E-01,    0.82114E-02,    0.10890E-01
    0.32965E+00,   -0.13733E+00,    0.10529E-01,   -0.90899E-02
    0.32113E+00,   -0.12225E+00,    0.10883E-01,   -0.29871E-02
    0.22583E+00,    0.19749E+00,    0.74568E-02,    0.11113E-01
    0.42266E+00,   -0.26717E+00,   -0.90942E+00,    0.27922E+00
    0.25017E+00,    0.54593E-01,    0.81937E-02,    0.10916E-01
    0.33817E+00,   -0.15241E+00,    0.10222E-01,   -0.16665E-01
    0.29582E+00,   -0.72576E-01,    0.88854E-02,    0.95751E-02
    0.31262E+00,   -0.10717E+00,    0.10847E-01,    0.20582E-02
    0.23364E+00,    0.39019E+00,   -0.15773E-01,   -0.15584E-01
    0.34669E+00,   -0.16749E+00,    0.10657E-01,   -0.26979E-01
    0.39823E+00,   -0.23950E+00,   -0.20122E+00,   -0.65459E-01
    0.23532E+00,    0.11650E+00,    0.79920E-02,    0.11059E-01
    0.24694E+00,    0.63035E-01,    0.81732E-02,    0.10940E-01
    0.24111E+00,    0.43291E+00,    0.12846E+00,    0.13040E+00
    0.22395E+00,    0.20623E+00,    0.52576E-02,    0.11268E-01
    0.26102E+00,    0.13908E-01,    0.82375E-02,    0.10802E-01
    0.25813E+00,    0.23008E-01,    0.82317E-02,    0.10829E-01
    0.38319E+00,   -0.22123E+00,    0.56746E-01,    0.97734E+00
    0.22273E+00,    0.30233E+00,   -0.18093E-01,   -0.29608E-02
    0.37498E+00,   -0.21070E+00,    0.76500E+00,   -0.69480E+00
    0.28905E+00,   -0.61454E-01,    0.81936E-02,    0.10513E-01
    0.37190E+00,   -0.20668E+00,    0.25621E+00,   -0.11548E+00
    0.28395E+00,   -0.50031E-01,    0.82089E-02,    0.10567E-01
    0.22546E+00,    0.17805E+00,    0.76110E-02,    0.11122E-01
    0.27668E+00,   -0.32513E-01,    0.82265E-02,    0.10641E-01
    0.22175E+00,    0.29238E+00,   -0.16891E-01,   -0.76617E-03
    0.23838E+00,    0.42595E+00,    0.12054E-01,   -0.55212E-02
    0.24333E+00,    0.72135E-01,    0.81473E-02,    0.10964E-01
    0.24088E+00,    0.43815E+00,   -0.10565E+00,    0.87961E+00
    0.29183E+00,   -0.69546E-01,    0.81780E-02,    0.10473E-01
    0.22351E+00,    0.19219E+00,    0.75039E-02,    0.11113E-01
    0.22078E+00,    0.28242E+00,   -0.15246E-01,    0.14277E-02
    0.22250E+00,    0.20124E+00,    0.74341E-02,    0.11101E-01
    0.22109E+00,    0.22109E+00,    0.11491E-02,    0.10860E-01
    0.23138E+00,    0.12567E+00,    0.79417E-02,    0.11075E-01
    0.29502E+00,   -0.78169E-01,    0.89072E-02,    0.93561E-02
    0.22950E+00,    0.13637E+00,    0.78842E-02,    0.11091E-01
    0.23212E+00,    0.39973E+00,   -0.14743E-01,   -0.15716E-01
    0.21981E+00,    0.27247E+00,   -0.13158E-01,    0.35498E-02
    0.22115E+00,    0.21033E+00,    0.48497E-02,    0.11189E-01
    0.23970E+00,    0.81429E-01,    0.81172E-02,    0.10987E-01
    0.26928E+00,   -0.18026E-01,    0.82301E-02,    0.10699E-01
    0.41741E+00,   -0.26706E+00,   -0.10387E+00,    0.18682E+00
    0.37741E+00,   -0.21790E+00,   -0.95676E+00,    0.31730E+00
    0.40576E+00,   -0.25421E+00,   -0.15781E-01,    0.65580E-01
    0.21884E+00,    0.26252E+00,   -0.10641E-01,    0.55277E-02
    0.22567E+00,    0.36664E+00,   -0.17581E-01,   -0.13177E-01
    0.32104E+00,   -0.13225E+00,    0.99059E-02,   -0.58915E-02
    0.41997E+00,   -0.27139E+00,    0.27592E+00,    0.86342E+00
    0.38945E+00,   -0.23485E+00,    0.74188E-01,   -0.12015E+00
    0.32956E+00,   -0.14733E+00,    0.91109E-02,   -0.13121E-01
    0.23634E+00,    0.90730E-01,    0.80840E-02,    0.11009E-01
    0.31252E+00,   -0.11717E+00,    0.10305E-01,   -0.22067E-04
    0.22065E+00,    0.19656E+00,    0.74752E-02,    0.11103E-01
    0.28731E+00,   -0.65938E-01,    0.81751E-02,    0.10497E-01
    0.33808E+00,   -0.16241E+00,    0.82929E-02,   -0.22544E-01
    0.21787E+00,    0.25257E+00,   -0.77312E-02,    0.72922E-02
    0.30400E+00,   -0.10209E+00,    0.10084E-01,    0.47787E-02
    0.29062E+00,   -0.74413E-01,    0.81586E-02,    0.10454E-01
    0.22346E+00,    0.16289E+00,    0.77181E-02,    0.11114E-01
    0.21968E+00,    0.31927E+00,   -0.18155E-01,   -0.58750E-02
    0.26091E+00,   -0.65336E-03,    0.82271E-02,    0.10763E-01
    0.22569E+00,    0.14477E+00,    0.78319E-02,    0.11100E-01
    0.34803E+00,   -0.17921E+00,    0.84927E-02,   -0.38334E-01
    0.21910E+00,    0.20493E+00,    0.74143E-02,    0.11089E-01
    0.23110E+00,    0.40945E+00,   -0.13993E-01,   -0.15441E-01
    0.22057E+00,    0.18510E+00,    0.75619E-02,    0.11112E-01
    0.36920E+00,   -0.21030E+00,    0.49940E-01,   -0.30412E+00
    0.29863E+00,   -0.92637E-01,    0.95810E-02,    0.72513E-02
    0.23619E+00,    0.43477E+00,   -0.12036E+00,    0.85792E-01
    0.37249E+00,   -0.21506E+00,   -0.44121E+00,   -0.71636E+00
    0.35321E+00,   -0.18776E+00,    0.93285E-02,   -0.51379E-01
    0.23292E+00,    0.99943E-01,    0.80470E-02,    0.11029E-01
    0.25051E+00,    0.29699E-01,    0.82092E-02,    0.10857E-01
    0.21972E+00,    0.32892E+00,   -0.18305E-01,   -0.75648E-02
    0.24820E+00,    0.37451E-01,    0.82004E-02,    0.10879E-01
    0.29367E+00,   -0.83088E-01,    0.88455E-02,    0.92706E-02
    0.21689E+00,    0.24261E+00,   -0.44861E-02,    0.87822E-02
    0.35862E+00,   -0.19603E+00,    0.13042E-01,   -0.74831E-01
    0.27544E+00,   -0.41740E-01,    0.82038E-02,    0.10612E-01
    0.41061E+00,   -0.26377E+00,   -0.68822E-02,    0.45356E-01
    0.26903E+00,   -0.26136E-01,    0.82164E-02,    0.10675E-01
    0.38038E+00,   -0.22670E+00,    0.16207E-02,    0.32655E+00
    0.36388E+00,   -0.20446E+00,    0.36758E-01,   -0.13691E+00
    0.23647E+00,    0.44055E+00,   -0.89123E+00,   -0.11610E+00
    0.22425E+00,    0.37566E+00,   -0.16812E-01,   -0.13702E-01
    0.39731E+00,   -0.24899E+00,   -0.83506E-01,    0.31818E-01
    0.28708E+00,   -0.71336E-01,    0.81576E-02,    0.10474E-01
    0.21680E+00,    0.21394E+00,    0.51198E-02,    0.11047E-01
    0.21947E+00,    0.34069E+00,   -0.18144E-01,   -0.93458E-02
    0.24423E+00,    0.46571E-01,    0.81834E-02,    0.10905E-01
    0.28162E+00,   -0.60613E-01,    0.81740E-02,    0.10530E-01
    0.21697E+00,    0.19956E+00,    0.74606E-02,    0.11092E-01
    0.22896E+00,    0.10906E+00,    0.80053E-02,    0.11047E-01
    0.41424E+00,   -0.27066E+00,    0.98236E-01,    0.67423E-01
    0.23057E+00,    0.41941E+00,   -0.12664E-01,   -0.13952E-01
    0.22069E+00,    0.35971E+00,   -0.17563E-01,   -0.11858E-01
    0.28934E+00,   -0.79259E-01,    0.81381E-02,    0.10434E-01
    0.26115E+00,   -0.11259E-01,    0.82164E-02,    0.10733E-01
    0.21565E+00,    0.20856E+00,    0.73972E-02,    0.11076E-01
    0.24025E+00,    0.55674E-01,    0.81631E-02,    0.10931E-01
    0.21527E+00,    0.30918E+00,   -0.16602E-01,   -0.34436E-02
    0.41723E+00,   -0.27560E+00,    0.80417E+00,   -0.29787E+00
    0.23739E+00,    0.65203E-01,    0.81419E-02,    0.10954E-01
    0.32095E+00,   -0.14225E+00,    0.85406E-02,   -0.93589E-02
    0.31243E+00,   -0.12717E+00,    0.94783E-02,   -0.25359E-02
    0.21835E+00,    0.35040E+00,   -0.17692E-01,   -0.10483E-01
    0.32947E+00,   -0.15733E+00,    0.71076E-02,   -0.17976E-01
    0.22556E+00,    0.11841E+00,    0.79609E-02,    0.11063E-01
    0.30391E+00,   -0.11209E+00,    0.97436E-02,    0.30224E-02
    0.22282E+00,    0.38553E+00,   -0.15967E-01,   -0.14136E-01
    0.21358E+00,    0.22836E+00,    0.12650E-02,    0.10319E-01
    0.21400E+00,    0.21760E+00,    0.48180E-02,    0.10949E-01
    0.22004E+00,    0.15189E+00,    0.77840E-02,    0.11102E-01
    0.28562E+00,   -0.75183E-01,    0.81406E-02,    0.10460E-01
    0.21362E+00,    0.29820E+00,   -0.15186E-01,   -0.11190E-02
    0.37200E+00,   -0.22158E+00,   -0.36798E+00,   -0.60874E-01
    0.23047E+00,    0.42935E+00,   -0.33237E-01,   -0.16718E-01
    0.29142E+00,   -0.88172E-01,    0.86657E-02,    0.93183E-02
    0.33799E+00,   -0.17241E+00,    0.52872E-02,   -0.29835E-01
    0.22366E+00,    0.39449E+00,   -0.15245E-01,   -0.14616E-01
    0.23182E+00,    0.43712E+00,   -0.93401E-01,   -0.13278E+00
    0.21265E+00,    0.28824E+00,   -0.13618E-01,    0.95050E-03
    0.25063E+00,    0.13564E-01,    0.82075E-02,    0.10817E-01
    0.21396E+00,    0.20382E+00,    0.74369E-02,    0.11081E-01
    0.21443E+00,    0.19231E+00,    0.75184E-02,    0.11096E-01
    0.23329E+00,    0.73755E-01,    0.81154E-02,    0.10976E-01
    0.21168E+00,    0.27829E+00,   -0.11653E-01,    0.29809E-02
    0.26748E+00,   -0.35972E-01,    0.81938E-02,    0.10646E-01
    0.21548E+00,    0.17757E+00,    0.76195E-02,    0.11106E-01
    0.28798E+00,   -0.84082E-01,    0.81164E-02,    0.10413E-01
    0.23205E+00,    0.44289E+00,    0.10232E+00,   -0.90804E+00
    0.22172E+00,    0.12746E+00,    0.79138E-02,    0.11075E-01
    0.36570E+00,   -0.21623E+00,   -0.14461E+00,   -0.24581E+00
    0.21213E+00,    0.21213E+00,    0.73828E-02,    0.11063E-01
    0.21070E+00,    0.26834E+00,   -0.92964E-02,    0.49112E-02
    0.22355E+00,    0.40443E+00,   -0.14421E-01,   -0.14775E-01
    0.37974E+00,   -0.23536E+00,   -0.25854E-01,    0.61685E-01
    0.24614E+00,    0.22008E-01,    0.81972E-02,    0.10844E-01
    0.22987E+00,    0.83143E-01,    0.80859E-02,    0.10997E-01
    0.25196E+00,    0.36667E-02,    0.82056E-02,    0.10789E-01
    0.21822E+00,    0.14430E+00,    0.78247E-02,    0.11094E-01
    0.26050E+00,   -0.21814E-01,    0.82000E-02,    0.10703E-01
    0.27344E+00,   -0.54909E-01,    0.81663E-02,    0.10568E-01
    0.20973E+00,    0.25838E+00,   -0.65669E-02,    0.66802E-02
    0.29537E+00,   -0.10256E+00,    0.92190E-02,    0.67555E-02
    0.41187E+00,   -0.27551E+00,    0.21618E-01,   -0.15062E+00
    0.29015E+00,   -0.92210E-01,    0.86041E-02,    0.92472E-02
    0.21216E+00,    0.32549E+00,   -0.16734E-01,   -0.59870E-02
    0.38505E+00,   -0.24375E+00,   -0.32210E-01,   -0.72023E-02
    0.21464E+00,    0.16749E+00,    0.76865E-02,    0.11104E-01
    0.28003E+00,   -0.71599E-01,    0.81361E-02,    0.10487E-01
    0.22652E+00,    0.92323E-01,    0.80536E-02,    0.11017E-01
    0.21829E+00,    0.13685E+00,    0.78634E-02,    0.11086E-01
    0.28365E+00,   -0.80253E-01,    0.81172E-02,    0.10440E-01
    0.21629E+00,    0.36978E+00,   -0.16638E-01,   -0.12259E-01
    0.41446E+00,   -0.27977E+00,   -0.40803E+00,   -0.80517E+00
    0.24212E+00,    0.29523E-01,    0.81858E-02,    0.10868E-01
    0.20876E+00,    0.24843E+00,   -0.34993E-02,    0.82300E-02
    0.20953E+00,    0.22107E+00,    0.51329E-02,    0.10834E-01
    0.31233E+00,   -0.13717E+00,    0.82890E-02,   -0.55108E-02
    0.21018E+00,    0.20669E+00,    0.74272E-02,    0.11070E-01
    0.32085E+00,   -0.15225E+00,    0.66490E-02,   -0.13430E-01
    0.34323E+00,   -0.18825E+00,   -0.66590E-03,   -0.48168E-01
    0.30324E+00,   -0.12132E+00,    0.91524E-02,    0.12195E-02
    0.34867E+00,   -0.19663E+00,   -0.40715E-02,   -0.66017E-01
    0.32937E+00,   -0.16733E+00,    0.42187E-02,   -0.23720E-01
    0.39936E+00,   -0.26385E+00,   -0.34267E-01,    0.28792E-01
    0.28653E+00,   -0.88883E-01,    0.80936E-02,    0.10392E-01
    0.25259E+00,   -0.60923E-02,    0.81990E-02,    0.10761E-01
    0.35390E+00,   -0.20483E+00,   -0.97828E-02,   -0.94524E-01
    0.23834E+00,    0.38764E-01,    0.81722E-02,    0.10895E-01
    0.21106E+00,    0.33538E+00,   -0.16752E-01,   -0.74243E-02
    0.22225E+00,    0.41405E+00,   -0.13529E-01,   -0.14463E-01
    0.20856E+00,    0.21565E+00,    0.73710E-02,    0.11049E-01
    0.22300E+00,    0.10105E+00,    0.80190E-02,    0.11034E-01
    0.22755E+00,    0.44049E+00,    0.16656E+00,   -0.11736E+00
    0.33789E+00,   -0.18241E+00,    0.62257E-03,   -0.38690E-01
    0.26085E+00,   -0.31700E-01,    0.81842E-02,    0.10671E-01
    0.21299E+00,    0.15888E+00,    0.77388E-02,    0.11099E-01
    0.26638E+00,   -0.45870E-01,    0.81694E-02,    0.10614E-01
    0.21086E+00,    0.34532E+00,   -0.16756E-01,   -0.88263E-02
    0.28914E+00,   -0.97699E-01,    0.85866E-02,    0.89214E-02
    0.28302E+00,   -0.84958E-01,    0.80981E-02,    0.10419E-01
    0.37099E+00,   -0.23085E+00,   -0.12690E+00,    0.23902E-01
    0.23438E+00,    0.47896E-01,    0.81550E-02,    0.10920E-01
    0.21504E+00,    0.37929E+00,   -0.16033E-01,   -0.12858E-01
    0.22759E+00,    0.44520E+00,    0.88841E+00,    0.16801E+00
    0.20649E+00,    0.23497E+00,    0.14223E-02,    0.98948E-02
    0.20971E+00,    0.18339E+00,    0.75864E-02,    0.11095E-01
    0.20660E+00,    0.22463E+00,    0.48647E-02,    0.10718E-01
    0.23146E+00,    0.57188E-01,    0.81372E-02,    0.10943E-01
    0.40949E+00,   -0.27884E+00,   -0.18884E+00,   -0.60576E-01
    0.20791E+00,    0.19936E+00,    0.74829E-02,    0.11077E-01
    0.20703E+00,    0.21085E+00,    0.74084E-02,    0.11057E-01
    0.22212E+00,    0.42395E+00,   -0.12465E-01,   -0.14209E-01
    0.21912E+00,    0.11077E+00,    0.79774E-02,    0.11050E-01
    0.40514E+00,   -0.27444E+00,   -0.48067E-01,   -0.32964E-02
    0.21523E+00,    0.38924E+00,   -0.15442E-01,   -0.13492E-01
    0.28501E+00,   -0.93658E-01,    0.80698E-02,    0.10371E-01
    0.20549E+00,    0.30401E+00,   -0.13710E-01,   -0.13553E-02
    0.25236E+00,   -0.16050E-01,    0.81868E-02,    0.10733E-01
    0.22747E+00,    0.66242E-01,    0.81138E-02,    0.10965E-01
    0.20959E+00,    0.35517E+00,   -0.16482E-01,   -0.99104E-02
    0.41164E+00,   -0.28392E+00,   -0.82822E+00,    0.43408E+00
    0.20493E+00,    0.21910E+00,    0.73615E-02,    0.11036E-01
    0.20452E+00,    0.29406E+00,   -0.12192E-01,    0.60733E-03
    0.27100E+00,   -0.64582E-01,    0.81327E-02,    0.10535E-01
    0.22259E+00,    0.43528E+00,    0.20279E-01,   -0.84935E-02
    0.21566E+00,    0.11955E+00,    0.79372E-02,    0.11063E-01
    0.31224E+00,   -0.14717E+00,    0.66256E-02,   -0.89628E-02
    0.36336E+00,   -0.22537E+00,   -0.14960E+00,   -0.81115E-01
    0.30372E+00,   -0.13209E+00,    0.82062E-02,   -0.16453E-02
    0.21513E+00,    0.39917E+00,   -0.14781E-01,   -0.13896E-01
    0.20354E+00,    0.28411E+00,   -0.10323E-01,    0.25573E-02
    0.22371E+00,    0.44197E+00,    0.10299E+00,    0.11391E+00
    0.32076E+00,   -0.16225E+00,    0.40408E-02,   -0.18096E-01
    0.20967E+00,    0.36506E+00,   -0.16242E-01,   -0.10997E-01
    0.21031E+00,    0.14937E+00,    0.77907E-02,    0.11092E-01
    0.24275E+00,    0.74255E-02,    0.81837E-02,    0.10812E-01
    0.28746E+00,   -0.10252E+00,    0.84972E-02,    0.88124E-02
    0.20462E+00,    0.31717E+00,   -0.14696E-01,   -0.36248E-02
    0.32928E+00,   -0.17733E+00,    0.40643E-04,   -0.30263E-01
    0.20701E+00,    0.17381E+00,    0.76498E-02,    0.11095E-01
    0.20257E+00,    0.27416E+00,   -0.80956E-02,    0.44422E-02
    0.22356E+00,    0.75406E-01,    0.80872E-02,    0.10987E-01
    0.28081E+00,   -0.89686E-01,    0.80735E-02,    0.10401E-01
    0.29178E+00,   -0.11238E+00,    0.87626E-02,    0.61728E-02
    0.25947E+00,   -0.41114E-01,    0.81619E-02,    0.10643E-01
    0.23695E+00,    0.23310E-01,    0.81729E-02,    0.10860E-01
    0.20315E+00,    0.21360E+00,    0.74031E-02,    0.11046E-01
    0.20160E+00,    0.26420E+00,   -0.55187E-02,    0.62091E-02
    0.35614E+00,   -0.21865E+00,   -0.92764E-01,   -0.11996E+00
    0.20203E+00,    0.22795E+00,    0.52009E-02,    0.10651E-01
    0.22312E+00,    0.44746E+00,   -0.23101E+00,    0.85242E+00
    0.21504E+00,    0.40910E+00,   -0.14063E-01,   -0.14109E-01
    0.27615E+00,   -0.81888E-01,    0.80900E-02,    0.10449E-01
    0.38496E+00,   -0.25692E+00,   -0.47784E-01,    0.10862E-01
    0.24429E+00,   -0.24002E-02,    0.81808E-02,    0.10784E-01
    0.22006E+00,    0.84759E-01,    0.80582E-02,    0.11006E-01
    0.28340E+00,   -0.98407E-01,    0.80448E-02,    0.10350E-01
    0.20063E+00,    0.25425E+00,   -0.26120E-02,    0.78059E-02
    0.37140E+00,   -0.24080E+00,   -0.66762E-01,    0.10978E-01
    0.20907E+00,    0.14215E+00,    0.78269E-02,    0.11086E-01
    0.20346E+00,    0.19030E+00,    0.75511E-02,    0.11081E-01
    0.20124E+00,    0.22250E+00,    0.73541E-02,    0.11023E-01
    0.40594E+00,   -0.28301E+00,   -0.68478E-01,    0.15794E+00
    0.26414E+00,   -0.57356E-01,    0.81350E-02,    0.10576E-01
    0.20311E+00,    0.32964E+00,   -0.15148E-01,   -0.55246E-02
    0.25202E+00,   -0.27064E-01,    0.81696E-02,    0.10701E-01
    0.20813E+00,    0.37482E+00,   -0.15788E-01,   -0.11714E-01
    0.21670E+00,    0.94163E-01,    0.80260E-02,    0.11024E-01
    0.33869E+00,   -0.19693E+00,   -0.11899E-01,   -0.54022E-01
    0.20524E+00,    0.16435E+00,    0.77067E-02,    0.11093E-01
    0.28002E+00,   -0.94333E-01,    0.80523E-02,    0.10380E-01
    0.20975E+00,    0.13002E+00,    0.78841E-02,    0.11074E-01
    0.20113E+00,    0.20619E+00,    0.74557E-02,    0.11057E-01
    0.34399E+00,   -0.20539E+00,   -0.23849E-01,   -0.70171E-01
    0.23677E+00,    0.14286E-01,    0.81712E-02,    0.10838E-01
    0.40879E+00,   -0.28804E+00,    0.38726E+00,    0.82565E+00
    0.34943E+00,   -0.21376E+00,   -0.52436E-01,   -0.90369E-01
    0.20279E+00,    0.33944E+00,   -0.15452E-01,   -0.69728E-02
    0.30363E+00,   -0.14209E+00,    0.68470E-02,   -0.45841E-02
    0.19958E+00,    0.21771E+00,    0.73895E-02,    0.11032E-01
    0.19898E+00,    0.23141E+00,    0.49639E-02,    0.10528E-01
    0.22847E+00,    0.40070E-01,    0.81460E-02,    0.10909E-01
    0.19860E+00,    0.24137E+00,    0.18320E-02,    0.95686E-02
    0.31215E+00,   -0.15717E+00,    0.43639E-02,   -0.12854E-01
    0.29511E+00,   -0.12701E+00,    0.81858E-02,    0.22048E-02
    0.38910E+00,   -0.26668E+00,   -0.38712E-01,    0.16531E-01
    0.28485E+00,   -0.10745E+00,    0.83137E-02,    0.88929E-02
    0.21353E+00,    0.41888E+00,   -0.13271E-01,   -0.14270E-01
    0.21316E+00,    0.10279E+00,    0.79930E-02,    0.11039E-01
    0.24392E+00,   -0.10999E-01,    0.81715E-02,    0.10761E-01
    0.26869E+00,   -0.73601E-01,    0.80985E-02,    0.10502E-01
    0.32067E+00,   -0.17225E+00,    0.47688E-03,   -0.23237E-01
    0.22529E+00,    0.49347E-01,    0.81306E-02,    0.10932E-01
    0.21857E+00,    0.44389E+00,   -0.12823E+00,    0.58121E-01
    0.23053E+00,    0.29857E-01,    0.81557E-02,    0.10884E-01
    0.28172E+00,   -0.10313E+00,    0.80187E-02,    0.10328E-01
    0.20374E+00,    0.15675E+00,    0.77487E-02,    0.11090E-01
    0.25801E+00,   -0.50625E-01,    0.81366E-02,    0.10613E-01
    0.20662E+00,    0.38458E+00,   -0.15310E-01,   -0.12288E-01
    0.32919E+00,   -0.18733E+00,   -0.60542E-02,   -0.37091E-01
    0.20179E+00,    0.34937E+00,   -0.15487E-01,   -0.82140E-02
    0.25159E+00,   -0.35150E-01,    0.81542E-02,    0.10677E-01
    0.19749E+00,    0.22583E+00,    0.73489E-02,    0.11010E-01
    0.22167E+00,    0.58640E-01,    0.81110E-02,    0.10955E-01
    0.20764E+00,    0.39432E+00,   -0.14901E-01,   -0.12970E-01
    0.36212E+00,   -0.23514E+00,   -0.96079E-01,   -0.26428E-01
    0.21862E+00,    0.44967E+00,   -0.87739E+00,   -0.24697E+00
    0.20016E+00,    0.18104E+00,    0.76125E-02,    0.11083E-01
    0.39318E+00,   -0.27442E+00,   -0.31798E-01,    0.16590E-01
    0.21358E+00,    0.42832E+00,   -0.11827E-01,   -0.15167E-01
    0.19687E+00,    0.22078E+00,    0.73807E-02,    0.11022E-01
    0.20933E+00,    0.11199E+00,    0.79552E-02,    0.11052E-01
    0.19736E+00,    0.30983E+00,   -0.12423E-01,   -0.15120E-02
    0.20169E+00,    0.35909E+00,   -0.15513E-01,   -0.93886E-02
    0.40362E+00,   -0.28760E+00,    0.16609E+00,    0.73377E-01
    0.19638E+00,    0.29988E+00,   -0.10959E-01,    0.36071E-03
    0.27765E+00,   -0.99020E-01,    0.80257E-02,    0.10362E-01
    0.23627E+00,    0.35402E-02,    0.81654E-02,    0.10812E-01
    0.24434E+00,   -0.20828E-01,    0.81602E-02,    0.10733E-01
    0.28335E+00,   -0.11141E+00,    0.82294E-02,    0.87916E-02
    0.27322E+00,   -0.90896E-01,    0.80479E-02,    0.10414E-01
    0.19541E+00,    0.28993E+00,   -0.91678E-02,    0.22401E-02
    0.21760E+00,    0.67561E-01,    0.80880E-02,    0.10976E-01
    0.20708E+00,    0.40308E+00,   -0.14439E-01,   -0.13310E-01
    0.19699E+00,    0.19699E+00,    0.75224E-02,    0.11065E-01
    0.19444E+00,    0.27997E+00,   -0.70491E-02,    0.40825E-02
    0.40589E+00,   -0.29213E+00,    0.74824E+00,   -0.43385E+00
    0.37505E+00,   -0.25577E+00,   -0.50357E-01,    0.41418E-02
    0.19892E+00,    0.17160E+00,    0.76683E-02,    0.11086E-01
    0.25212E+00,   -0.43940E-01,    0.81375E-02,    0.10647E-01
    0.20586E+00,    0.12133E+00,    0.79151E-02,    0.11064E-01
    0.26145E+00,   -0.66943E-01,    0.81011E-02,    0.10545E-01
    0.19430E+00,    0.23457E+00,    0.53059E-02,    0.10499E-01
    0.35415E+00,   -0.22916E+00,   -0.90846E-01,   -0.62353E-01
    0.21427E+00,    0.76836E-01,    0.80632E-02,    0.10995E-01
    0.27995E+00,   -0.10782E+00,    0.79914E-02,    0.10307E-01
    0.30353E+00,   -0.15209E+00,    0.49601E-02,   -0.78979E-02
    0.19347E+00,    0.27002E+00,   -0.46058E-02,    0.58425E-02
    0.20061E+00,    0.36900E+00,   -0.15314E-01,   -0.10316E-01
    0.21469E+00,    0.44662E+00,   -0.11937E+00,   -0.18236E+00
    0.39728E+00,   -0.28374E+00,   -0.65659E-02,    0.25920E-01
    0.31205E+00,   -0.16717E+00,    0.13651E-02,   -0.17071E-01
    0.19369E+00,    0.22910E+00,    0.73454E-02,    0.10998E-01
    0.20055E+00,    0.14731E+00,    0.77961E-02,    0.11083E-01
    0.21252E+00,    0.43953E+00,   -0.36092E-01,   -0.27026E-01
    0.19384E+00,    0.21438E+00,    0.74280E-02,    0.11033E-01
    0.19249E+00,    0.26007E+00,   -0.18486E-02,    0.74748E-02
    0.32057E+00,   -0.18225E+00,   -0.43077E-02,   -0.28529E-01
    0.21091E+00,    0.86060E-01,    0.80355E-02,    0.11013E-01
    0.29428E+00,   -0.13795E+00,    0.70423E-02,   -0.29917E-03
    0.22810E+00,    0.19247E-01,    0.81511E-02,    0.10862E-01
    0.19467E+00,    0.32428E+00,   -0.13210E-01,   -0.36543E-02
    0.26608E+00,   -0.82538E-01,    0.80613E-02,    0.10470E-01
    0.27596E+00,   -0.10365E+00,    0.80002E-02,    0.10342E-01
    0.20593E+00,    0.41299E+00,   -0.13920E-01,   -0.13579E-01
    0.21410E+00,    0.45184E+00,    0.27453E+00,   -0.86582E+00
    0.37896E+00,   -0.26489E+00,   -0.44147E-01,    0.89650E-02
    0.32909E+00,   -0.19733E+00,   -0.14157E-01,   -0.43371E-01
    0.19219E+00,    0.22351E+00,    0.73820E-02,    0.11011E-01
    0.28196E+00,   -0.11679E+00,    0.81133E-02,    0.83852E-02
    0.20027E+00,    0.13748E+00,    0.78416E-02,    0.11077E-01
    0.23510E+00,   -0.63043E-02,    0.81551E-02,    0.10788E-01
    0.19428E+00,    0.33427E+00,   -0.13832E-01,   -0.51740E-02
    0.19114E+00,    0.23793E+00,    0.50958E-02,    0.10374E-01
    0.28469E+00,   -0.12336E+00,    0.80295E-02,    0.63280E-02
    0.40020E+00,   -0.29111E+00,    0.26848E-02,   -0.11071E+00
    0.19365E+00,    0.18857E+00,    0.75779E-02,    0.11070E-01
    0.24316E+00,   -0.30649E-01,    0.81422E-02,    0.10705E-01
    0.25468E+00,   -0.59822E-01,    0.81051E-02,    0.10586E-01
    0.19908E+00,    0.37879E+00,   -0.15021E-01,   -0.11035E-01
    0.19055E+00,    0.24761E+00,    0.22257E-02,    0.93121E-02
    0.20692E+00,    0.95184E-01,    0.80041E-02,    0.11028E-01
    0.33761E+00,   -0.21241E+00,   -0.34546E-01,   -0.60443E-01
    0.20607E+00,    0.42260E+00,   -0.13560E-01,   -0.13982E-01
    0.19421E+00,    0.34422E+00,   -0.14285E-01,   -0.66077E-02
    0.27811E+00,   -0.11249E+00,    0.79632E-02,    0.10287E-01
    0.19555E+00,    0.16229E+00,    0.77203E-02,    0.11084E-01
    0.19971E+00,    0.38827E+00,   -0.14818E-01,   -0.11819E-01
    0.36094E+00,   -0.24507E+00,   -0.69696E-01,   -0.13118E-01
    0.21869E+00,    0.41901E-01,    0.81216E-02,    0.10923E-01
    0.22812E+00,    0.92932E-02,    0.81489E-02,    0.10838E-01
    0.18983E+00,    0.23230E+00,    0.73436E-02,    0.10986E-01
    0.40295E+00,   -0.29619E+00,   -0.49007E+00,   -0.74323E+00
    0.22039E+00,    0.33986E-01,    0.81302E-02,    0.10904E-01
    0.21541E+00,    0.50904E-01,    0.81061E-02,    0.10945E-01
    0.20334E+00,    0.10448E+00,    0.79706E-02,    0.11042E-01
    0.19262E+00,    0.17873E+00,    0.76344E-02,    0.11076E-01
    0.29492E+00,   -0.14701E+00,    0.56880E-02,   -0.31538E-02
    0.18909E+00,    0.22706E+00,    0.73742E-02,    0.10999E-01
    0.26978E+00,   -0.98759E-01,    0.80063E-02,    0.10385E-01
    0.19030E+00,    0.20346E+00,    0.75003E-02,    0.11048E-01
    0.30344E+00,   -0.16209E+00,    0.24746E-02,   -0.11467E-01
    0.38254E+00,   -0.27422E+00,   -0.37847E-01,    0.12952E-01
    0.34613E+00,   -0.22749E+00,   -0.67573E-01,   -0.59203E-01
    0.27454E+00,   -0.10890E+00,    0.79717E-02,    0.10318E-01
    0.23548E+00,   -0.16287E-01,    0.81454E-02,    0.10760E-01
    0.20963E+00,    0.44819E+00,    0.10979E+00,   -0.79572E-01
    0.25921E+00,   -0.76645E-01,    0.80651E-02,    0.10511E-01
    0.31196E+00,   -0.17717E+00,   -0.25036E-02,   -0.21380E-01
    0.19469E+00,    0.15279E+00,    0.77681E-02,    0.11081E-01
    0.19308E+00,    0.35414E+00,   -0.14434E-01,   -0.77788E-02
    0.21200E+00,    0.60252E-01,    0.80871E-02,    0.10966E-01
    0.24820E+00,   -0.52269E-01,    0.81094E-02,    0.10626E-01
    0.18922E+00,    0.31565E+00,   -0.11334E-01,   -0.16115E-02
    0.36516E+00,   -0.25430E+00,   -0.56424E-01,   -0.36233E-02
    0.24330E+00,   -0.40540E-01,    0.81243E-02,    0.10674E-01
    0.32048E+00,   -0.19225E+00,   -0.10441E-01,   -0.33368E-01
    0.18825E+00,    0.30570E+00,   -0.99055E-02,    0.18078E-03
    0.20495E+00,    0.43251E+00,   -0.14834E-01,   -0.14260E-01
    0.19840E+00,    0.39806E+00,   -0.14448E-01,   -0.12289E-01
    0.27899E+00,   -0.12103E+00,    0.79640E-02,    0.86737E-02
    0.20956E+00,    0.45396E+00,    0.84198E+00,    0.27920E+00
    0.19957E+00,    0.11364E+00,    0.79351E-02,    0.11054E-01
    0.18728E+00,    0.29575E+00,   -0.81818E-02,    0.19976E-02
    0.19735E+00,    0.12531E+00,    0.78899E-02,    0.11066E-01
    0.19267E+00,    0.36297E+00,   -0.14535E-01,   -0.87741E-02
    0.18635E+00,    0.24093E+00,    0.54321E-02,    0.10379E-01
    0.27620E+00,   -0.11712E+00,    0.79338E-02,    0.10266E-01
    0.18631E+00,    0.28579E+00,   -0.61577E-02,    0.38000E-02
    0.32900E+00,   -0.20733E+00,   -0.24644E-01,   -0.46916E-01
    0.39773E+00,   -0.29573E+00,   -0.22125E+00,   -0.60168E-02
    0.20778E+00,    0.69272E-01,    0.80642E-02,    0.10985E-01
    0.26317E+00,   -0.91383E-01,    0.80209E-02,    0.10438E-01
    0.18593E+00,    0.23544E+00,    0.73433E-02,    0.10975E-01
    0.22728E+00,   -0.65051E-03,    0.81417E-02,    0.10814E-01
    0.27340E+00,   -0.11290E+00,    0.79488E-02,    0.10300E-01
    0.21937E+00,    0.24100E-01,    0.81308E-02,    0.10884E-01
    0.18533E+00,    0.27584E+00,   -0.38339E-02,    0.55490E-02
    0.23515E+00,   -0.24702E-01,    0.81334E-02,    0.10737E-01
    0.34915E+00,   -0.23702E+00,   -0.70221E-01,   -0.39923E-01
    0.18762E+00,    0.19400E+00,    0.75585E-02,    0.11058E-01
    0.38569E+00,   -0.28357E+00,   -0.34099E-01,    0.17265E-01
    0.20445E+00,    0.78487E-01,    0.80401E-02,    0.11003E-01
    0.36883E+00,   -0.26360E+00,   -0.47796E-01,    0.20242E-02
    0.39997E+00,   -0.30022E+00,   -0.76338E+00,    0.53464E+00
    0.18928E+00,    0.16944E+00,    0.76867E-02,    0.11077E-01
    0.18436E+00,    0.26589E+00,   -0.12163E-02,    0.72054E-02
    0.33752E+00,   -0.22241E+00,   -0.47575E-01,   -0.53790E-01
    0.25179E+00,   -0.69352E-01,    0.80713E-02,    0.10557E-01
    0.18510E+00,    0.22057E+00,    0.74220E-02,    0.11011E-01
    0.19733E+00,    0.40794E+00,   -0.14090E-01,   -0.12674E-01
    0.18462E+00,    0.22981E+00,    0.73765E-02,    0.10989E-01
    0.19222E+00,    0.14313E+00,    0.78121E-02,    0.11076E-01
    0.19150E+00,    0.37288E+00,   -0.14481E-01,   -0.96790E-02
    0.20566E+00,    0.45083E+00,    0.81478E-01,    0.16402E+00
    0.29483E+00,   -0.15700E+00,    0.36834E-02,   -0.62407E-02
    0.27790E+00,   -0.12615E+00,    0.78173E-02,    0.81217E-02
    0.28691E+00,   -0.14316E+00,    0.62939E-02,    0.89680E-03
    0.39122E+00,   -0.29204E+00,   -0.51826E-01,    0.25561E-01
    0.30335E+00,   -0.17209E+00,   -0.68375E-03,   -0.15122E-01
    0.20348E+00,    0.44368E+00,    0.71625E-02,    0.21777E-02
    0.20098E+00,    0.87151E-01,    0.80145E-02,    0.11018E-01
    0.18308E+00,    0.24418E+00,    0.52447E-02,    0.10255E-01
    0.22759E+00,   -0.10294E-01,    0.81343E-02,    0.10788E-01
    0.21957E+00,    0.14113E-01,    0.81311E-02,    0.10860E-01
    0.19159E+00,    0.38249E+00,   -0.14447E-01,   -0.10553E-01
    0.31187E+00,   -0.18717E+00,   -0.72978E-02,   -0.25388E-01
    0.25640E+00,   -0.84257E-01,    0.80323E-02,    0.10486E-01
    0.19734E+00,    0.41792E+00,   -0.13802E-01,   -0.13043E-01
    0.26774E+00,   -0.10864E+00,    0.79565E-02,    0.10341E-01
    0.18229E+00,    0.25383E+00,    0.25616E-02,    0.90989E-02
    0.27420E+00,   -0.12172E+00,    0.79038E-02,    0.10247E-01
    0.18804E+00,    0.15962E+00,    0.77359E-02,    0.11078E-01
    0.18339E+00,    0.20971E+00,    0.74842E-02,    0.11031E-01
    0.18558E+00,    0.33918E+00,   -0.12720E-01,   -0.48966E-02
    0.28138E+00,   -0.13634E+00,    0.71343E-02,    0.46522E-02
    0.20500E+00,    0.45604E+00,   -0.34819E+00,    0.82146E+00
    0.37270E+00,   -0.27268E+00,   -0.41460E-01,    0.69205E-02
    0.18196E+00,    0.23851E+00,    0.73442E-02,    0.10964E-01
    0.19127E+00,    0.13322E+00,    0.78534E-02,    0.11070E-01
    0.18485E+00,    0.18485E+00,    0.76119E-02,    0.11064E-01
    0.32039E+00,   -0.20225E+00,   -0.17770E-01,   -0.36770E-01
    0.24539E+00,   -0.61788E-01,    0.80789E-02,    0.10599E-01
    0.19705E+00,    0.96722E-01,    0.79837E-02,    0.11033E-01
    0.39431E+00,   -0.29909E+00,   -0.44007E-01,    0.15874E+00
    0.27042E+00,   -0.11734E+00,    0.79187E-02,    0.10286E-01
    0.23457E+00,   -0.35716E-01,    0.81142E-02,    0.10705E-01
    0.21218E+00,    0.31832E-01,    0.81133E-02,    0.10908E-01
    0.20909E+00,    0.42727E-01,    0.81003E-02,    0.10934E-01
    0.18508E+00,    0.34826E+00,   -0.13175E-01,   -0.61040E-02
    0.35527E+00,   -0.25286E+00,   -0.57651E-01,   -0.12862E-01
    0.18075E+00,    0.23286E+00,    0.73759E-02,    0.10979E-01
    0.19696E+00,    0.42666E+00,   -0.13714E-01,   -0.13147E-01
    0.19075E+00,    0.39243E+00,   -0.14263E-01,   -0.11217E-01
    0.32891E+00,   -0.21733E+00,   -0.34283E-01,   -0.45948E-01
    0.20557E+00,    0.52608E-01,    0.80837E-02,    0.10956E-01
    0.39696E+00,   -0.30422E+00,    0.49444E+00,    0.75682E+00
    0.19345E+00,    0.10576E+00,    0.79527E-02,    0.11044E-01
    0.18338E+00,    0.17498E+00,    0.76639E-02,    0.11070E-01
    0.18206E+00,    0.33142E+00,   -0.11564E-01,   -0.33495E-02
    0.24968E+00,   -0.77453E-01,    0.80412E-02,    0.10531E-01
    0.25997E+00,   -0.10013E+00,    0.79777E-02,    0.10407E-01
    0.18109E+00,    0.32147E+00,   -0.10429E-01,   -0.16827E-02
    0.21858E+00,    0.42302E-02,    0.81257E-02,    0.10838E-01
    0.22666E+00,   -0.20159E-01,    0.81212E-02,    0.10763E-01
    0.37640E+00,   -0.28193E+00,   -0.35982E-01,    0.11044E-01
    0.27499E+00,   -0.13099E+00,    0.76406E-02,    0.82271E-02
    0.18063E+00,    0.20109E+00,    0.75357E-02,    0.11042E-01
    0.18012E+00,    0.31152E+00,   -0.90240E-02,    0.42960E-04
    0.18422E+00,    0.35815E+00,   -0.13486E-01,   -0.72740E-02
    0.29473E+00,   -0.16700E+00,    0.11201E-02,   -0.94381E-02
    0.33742E+00,   -0.23241E+00,   -0.53149E-01,   -0.43051E-01
    0.20060E+00,    0.45230E+00,   -0.14558E+00,    0.52173E-01
    0.17841E+00,    0.24683E+00,    0.55773E-02,    0.10294E-01
    0.20209E+00,    0.61264E-01,    0.80659E-02,    0.10975E-01
    0.27213E+00,   -0.12628E+00,    0.78728E-02,    0.10229E-01
    0.17914E+00,    0.30156E+00,   -0.73562E-02,    0.18041E-02
    0.28524E+00,   -0.15124E+00,    0.50687E-02,   -0.70130E-03
    0.18516E+00,    0.15017E+00,    0.77799E-02,    0.11075E-01
    0.30325E+00,   -0.18208E+00,   -0.45350E-02,   -0.18594E-01
    0.25506E+00,   -0.92297E-01,    0.79994E-02,    0.10456E-01
    0.17795E+00,    0.24152E+00,    0.73463E-02,    0.10954E-01
    0.35896E+00,   -0.26215E+00,   -0.50035E-01,   -0.49457E-02
    0.17817E+00,    0.29161E+00,   -0.54159E-02,    0.35685E-02
    0.23849E+00,   -0.54575E-01,    0.80827E-02,    0.10638E-01
    0.19623E+00,    0.43653E+00,   -0.13117E-01,   -0.12319E-01
    0.17805E+00,    0.22546E+00,    0.74209E-02,    0.10995E-01
    0.18940E+00,    0.40227E+00,   -0.14023E-01,   -0.11700E-01
    0.18967E+00,    0.11501E+00,    0.79190E-02,    0.11054E-01
    0.31177E+00,   -0.19717E+00,   -0.12893E-01,   -0.28534E-01
    0.19858E+00,    0.70438E-01,    0.80450E-02,    0.10992E-01
    0.26842E+00,   -0.12185E+00,    0.78900E-02,    0.10269E-01
    0.17720E+00,    0.28166E+00,   -0.32006E-02,    0.53028E-02
    0.23363E+00,   -0.44034E-01,    0.80961E-02,    0.10681E-01
    0.20042E+00,    0.45807E+00,   -0.83349E+00,   -0.35085E+00
    0.17789E+00,    0.21714E+00,    0.74618E-02,    0.11013E-01
    0.17693E+00,    0.23663E+00,    0.73723E-02,    0.10967E-01
    0.21134E+00,    0.19769E-01,    0.81143E-02,    0.10883E-01
    0.34594E+00,   -0.24749E+00,   -0.57180E-01,   -0.24622E-01
    0.17623E+00,    0.27171E+00,   -0.71412E-03,    0.69734E-02
    0.18292E+00,    0.36779E+00,   -0.13624E-01,   -0.82376E-02
    0.39174E+00,   -0.30367E+00,    0.17353E+00,    0.35184E-01
    0.21878E+00,   -0.57461E-02,    0.81197E-02,    0.10813E-01
    0.32029E+00,   -0.21225E+00,   -0.25358E-01,   -0.37664E-01
    0.18936E+00,    0.41202E+00,   -0.13808E-01,   -0.12174E-01
    0.22682E+00,   -0.30067E-01,    0.81074E-02,    0.10735E-01
    0.37995E+00,   -0.29125E+00,   -0.29882E-01,    0.13609E-01
    0.17795E+00,    0.19194E+00,    0.75872E-02,    0.11052E-01
    0.19467E+00,    0.79599E-01,    0.80209E-02,    0.11009E-01
    0.18368E+00,    0.14035E+00,    0.78213E-02,    0.11071E-01
    0.18040E+00,    0.16590E+00,    0.77101E-02,    0.11071E-01
    0.18610E+00,    0.12434E+00,    0.78834E-02,    0.11062E-01
    0.27373E+00,   -0.13615E+00,    0.74141E-02,    0.76282E-02
    0.17482E+00,    0.25016E+00,    0.54010E-02,    0.10165E-01
    0.24235E+00,   -0.71216E-01,    0.80458E-02,    0.10571E-01
    0.36257E+00,   -0.27136E+00,   -0.43740E-01,    0.80085E-03
    0.18288E+00,    0.37777E+00,   -0.13797E-01,   -0.92465E-02
    0.19533E+00,    0.44643E+00,   -0.31951E-01,   -0.21727E-01
    0.39390E+00,   -0.30819E+00,    0.68171E+00,   -0.53877E+00
    0.27703E+00,   -0.14353E+00,    0.66049E-02,    0.46092E-02
    0.32881E+00,   -0.22733E+00,   -0.41254E-01,   -0.40525E-01
    0.26998E+00,   -0.13081E+00,    0.78415E-02,    0.10212E-01
    0.17407E+00,    0.25955E+00,    0.28991E-02,    0.89582E-02
    0.17389E+00,    0.24446E+00,    0.73494E-02,    0.10945E-01
    0.19118E+00,    0.88925E-01,    0.79949E-02,    0.11023E-01
    0.38527E+00,   -0.29989E+00,   -0.35860E-02,    0.93710E-02
    0.28612E+00,   -0.16192E+00,    0.28900E-02,   -0.41249E-02
    0.19606E+00,    0.45429E+00,   -0.60206E-01,   -0.15398E+00
    0.18311E+00,    0.38774E+00,   -0.13864E-01,   -0.10132E-01
    0.17359E+00,    0.23895E+00,    0.73744E-02,    0.10960E-01
    0.20370E+00,    0.34794E-01,    0.80948E-02,    0.10923E-01
    0.29464E+00,   -0.17700E+00,   -0.20129E-02,   -0.12546E-01
    0.26265E+00,   -0.11888E+00,    0.78945E-02,    0.10306E-01
    0.26635E+00,   -0.12631E+00,    0.78608E-02,    0.10252E-01
    0.18850E+00,    0.42191E+00,   -0.13538E-01,   -0.12456E-01
    0.21062E+00,    0.98127E-02,    0.81115E-02,    0.10861E-01
    0.21850E+00,   -0.14418E-01,    0.81111E-02,    0.10791E-01
    0.17431E+00,    0.20857E+00,    0.75134E-02,    0.11026E-01
    0.17639E+00,    0.33972E+00,   -0.11400E-01,   -0.39655E-02
    0.24688E+00,   -0.86941E-01,    0.80030E-02,    0.10500E-01
    0.30316E+00,   -0.19208E+00,   -0.89916E-02,   -0.21524E-01
    0.33733E+00,   -0.24241E+00,   -0.51849E-01,   -0.30845E-01
    0.17872E+00,    0.15607E+00,    0.77552E-02,    0.11071E-01
    0.19997E+00,    0.44400E-01,    0.80812E-02,    0.10945E-01
    0.25648E+00,   -0.10876E+00,    0.79324E-02,    0.10377E-01
    0.18198E+00,    0.13050E+00,    0.78588E-02,    0.11065E-01
    0.36651E+00,   -0.28052E+00,   -0.38360E-01,    0.55424E-02
    0.19582E+00,    0.46006E+00,    0.33563E+00,   -0.84231E+00
    0.17519E+00,    0.18236E+00,    0.76379E-02,    0.11058E-01
    0.18719E+00,    0.98031E-01,    0.79667E-02,    0.11036E-01
    0.31168E+00,   -0.20716E+00,   -0.18851E-01,   -0.30190E-01
    0.23563E+00,   -0.63844E-01,    0.80535E-02,    0.10612E-01
    0.38826E+00,   -0.30694E+00,   -0.13644E-01,   -0.11941E+00
    0.17602E+00,    0.35246E+00,   -0.12232E-01,   -0.56751E-02
    0.22559E+00,   -0.39889E-01,    0.80881E-02,    0.10708E-01
    0.18164E+00,    0.39639E+00,   -0.13755E-01,   -0.10631E-01
    0.17062E+00,    0.25305E+00,    0.54828E-02,    0.10128E-01
    0.18796E+00,    0.43096E+00,   -0.13128E-01,   -0.12637E-01
    0.27056E+00,   -0.13983E+00,    0.73547E-02,    0.80691E-02
    0.34906E+00,   -0.26098E+00,   -0.49248E-01,   -0.11163E-01
    0.19587E+00,    0.53448E-01,    0.80647E-02,    0.10965E-01
    0.17080E+00,    0.23254E+00,    0.74124E-02,    0.10975E-01
    0.17296E+00,    0.32729E+00,   -0.96768E-02,   -0.17440E-02
    0.26776E+00,   -0.13530E+00,    0.78096E-02,    0.10196E-01
    0.32020E+00,   -0.22225E+00,   -0.31781E-01,   -0.35625E-01
    0.17198E+00,    0.31733E+00,   -0.82977E-02,   -0.72640E-04
    0.21075E+00,    0.87075E-04,    0.81076E-02,    0.10838E-01
    0.18359E+00,    0.10734E+00,    0.79367E-02,    0.11046E-01
    0.17101E+00,    0.30738E+00,   -0.66795E-02,    0.16392E-02
    0.16978E+00,    0.24733E+00,    0.73532E-02,    0.10936E-01
    0.20279E+00,    0.24726E-01,    0.80967E-02,    0.10903E-01
    0.39080E+00,   -0.31213E+00,   -0.58628E+00,   -0.67702E+00
    0.24889E+00,   -0.98779E-01,    0.79615E-02,    0.10445E-01
    0.26478E+00,   -0.13116E+00,    0.78298E-02,    0.10233E-01
    0.17366E+00,    0.17315E+00,    0.76825E-02,    0.11063E-01
    0.17004E+00,    0.29743E+00,   -0.48149E-02,    0.33670E-02
    0.24040E+00,   -0.80928E-01,    0.80114E-02,    0.10540E-01
    0.19225E+00,    0.62757E-01,    0.80464E-02,    0.10983E-01
    0.17499E+00,    0.36181E+00,   -0.12597E-01,   -0.67280E-02
    0.21808E+00,   -0.25253E-01,    0.80972E-02,    0.10763E-01
    0.37017E+00,   -0.28972E+00,   -0.33528E-01,    0.92495E-02
    0.17098E+00,    0.19895E+00,    0.75668E-02,    0.11038E-01
    0.18137E+00,    0.40612E+00,   -0.13660E-01,   -0.11212E-01
    0.16907E+00,    0.28748E+00,   -0.26994E-02,    0.50833E-02
    0.17609E+00,    0.14674E+00,    0.77947E-02,    0.11069E-01
    0.19151E+00,    0.45699E+00,    0.17767E+00,   -0.71451E-01
    0.32872E+00,   -0.23733E+00,   -0.44077E-01,   -0.32840E-01
    0.28603E+00,   -0.17192E+00,    0.35165E-03,   -0.69791E-02
    0.16851E+00,    0.24100E+00,    0.73842E-02,    0.10953E-01
    0.18744E+00,    0.44038E+00,   -0.11984E-01,   -0.13499E-01
    0.35309E+00,   -0.27010E+00,   -0.44347E-01,   -0.44961E-02
    0.22619E+00,   -0.49448E-01,    0.80700E-02,    0.10678E-01
    0.16809E+00,    0.27752E+00,   -0.33220E-03,    0.67592E-02
    0.29455E+00,   -0.18700E+00,   -0.56490E-02,   -0.15313E-01
    0.16882E+00,    0.21827E+00,    0.74826E-02,    0.11005E-01
    0.18873E+00,    0.72108E-01,    0.80259E-02,    0.11000E-01
    0.17984E+00,    0.11656E+00,    0.79052E-02,    0.11055E-01
    0.17591E+00,    0.38091E+00,   -0.13297E-01,   -0.88487E-02
    0.30307E+00,   -0.20208E+00,   -0.13805E-01,   -0.23514E-01
    0.19120E+00,    0.46200E+00,    0.80101E+00,    0.37762E+00
    0.26886E+00,   -0.14443E+00,    0.71251E-02,    0.77014E-02
    0.16657E+00,    0.25656E+00,    0.53155E-02,    0.99901E-02
    0.17373E+00,    0.37171E+00,   -0.12866E-01,   -0.77159E-02
    0.20999E+00,   -0.98056E-02,    0.80990E-02,    0.10815E-01
    0.38559E+00,   -0.31147E+00,   -0.21952E+00,    0.16679E-01
    0.18049E+00,    0.41602E+00,   -0.13476E-01,   -0.11621E-01
    0.26546E+00,   -0.13976E+00,    0.77779E-02,    0.10183E-01
    0.18758E+00,    0.45049E+00,    0.12755E-01,   -0.99041E-02
    0.20197E+00,    0.14810E-01,    0.80958E-02,    0.10882E-01
    0.18482E+00,    0.81222E-01,    0.80029E-02,    0.11014E-01
    0.37405E+00,   -0.29882E+00,   -0.30201E-01,    0.12893E-01
    0.31159E+00,   -0.21716E+00,   -0.24424E-01,   -0.29943E-01
    0.16562E+00,    0.26517E+00,    0.31890E-02,    0.88442E-02
    0.16563E+00,    0.25013E+00,    0.73578E-02,    0.10928E-01
    0.21762E+00,   -0.33902E-01,    0.80833E-02,    0.10739E-01
    0.17431E+00,    0.13691E+00,    0.78324E-02,    0.11065E-01
    0.16832E+00,    0.18934E+00,    0.76160E-02,    0.11047E-01
    0.17069E+00,    0.16363E+00,    0.77268E-02,    0.11065E-01
    0.26198E+00,   -0.13514E+00,    0.78015E-02,    0.10224E-01
    0.35667E+00,   -0.27940E+00,   -0.39522E-01,    0.57832E-03
    0.23289E+00,   -0.74363E-01,    0.80184E-02,    0.10582E-01
    0.33799E+00,   -0.25598E+00,   -0.47243E-01,   -0.18502E-01
    0.16480E+00,    0.24442E+00,    0.73834E-02,    0.10944E-01
    0.25783E+00,   -0.12823E+00,    0.78356E-02,    0.10278E-01
    0.38766E+00,   -0.31604E+00,   -0.68251E+00,    0.62563E+00
    0.27165E+00,   -0.15483E+00,    0.55467E-02,    0.39324E-02
    0.32011E+00,   -0.23224E+00,   -0.36011E-01,   -0.31260E-01
    0.18125E+00,    0.90006E-01,    0.79793E-02,    0.11027E-01
    0.37920E+00,   -0.30757E+00,   -0.46932E-01,    0.24738E-01
    0.19451E+00,    0.32903E-01,    0.80791E-02,    0.10927E-01
    0.16819E+00,    0.34630E+00,   -0.10798E-01,   -0.40321E-02
    0.17384E+00,    0.39062E+00,   -0.13297E-01,   -0.94956E-02
    0.18691E+00,    0.45813E+00,    0.30203E-01,    0.11950E+00
    0.22540E+00,   -0.59391E-01,    0.80456E-02,    0.10648E-01
    0.17959E+00,    0.42592E+00,   -0.13207E-01,   -0.11927E-01
    0.28593E+00,   -0.18192E+00,   -0.26499E-02,   -0.96321E-02
    0.21012E+00,   -0.19727E-01,    0.80892E-02,    0.10789E-01
    0.20203E+00,    0.48268E-02,    0.80935E-02,    0.10860E-01
    0.23774E+00,   -0.90280E-01,    0.79745E-02,    0.10511E-01
    0.21843E+00,   -0.43838E-01,    0.80673E-02,    0.10709E-01
    0.19003E+00,    0.45349E-01,    0.80629E-02,    0.10954E-01
    0.18090E+00,    0.43581E+00,   -0.12902E-01,   -0.12433E-01
    0.36092E+00,   -0.28835E+00,   -0.35137E-01,    0.48189E-02
    0.29445E+00,   -0.19700E+00,   -0.96284E-02,   -0.17464E-01
    0.24668E+00,   -0.11051E+00,    0.79073E-02,    0.10402E-01
    0.16418E+00,    0.20627E+00,    0.75482E-02,    0.11023E-01
    0.16907E+00,    0.15376E+00,    0.77682E-02,    0.11066E-01
    0.32862E+00,   -0.24733E+00,   -0.43694E-01,   -0.25065E-01
    0.16588E+00,    0.17917E+00,    0.76646E-02,    0.11054E-01
    0.16207E+00,    0.25861E+00,    0.56278E-02,    0.10079E-01
    0.17726E+00,    0.99171E-01,    0.79526E-02,    0.11038E-01
    0.25127E+00,   -0.12102E+00,    0.78641E-02,    0.10338E-01
    0.27579E+00,   -0.16698E+00,    0.27828E-02,   -0.10629E-02
    0.18656E+00,    0.46389E+00,   -0.40667E+00,    0.79437E+00
    0.26309E+00,   -0.14417E+00,    0.77458E-02,    0.10171E-01
    0.26557E+00,   -0.14891E+00,    0.70172E-02,    0.79779E-02
    0.16482E+00,    0.33311E+00,   -0.90617E-02,   -0.17939E-02
    0.16385E+00,    0.32315E+00,   -0.77088E-02,   -0.17807E-03
    0.30297E+00,   -0.21208E+00,   -0.18557E-01,   -0.24243E-01
    0.16690E+00,    0.35618E+00,   -0.11375E-01,   -0.52118E-02
    0.18632E+00,    0.54838E-01,    0.80473E-02,    0.10973E-01
    0.17174E+00,    0.12726E+00,    0.78655E-02,    0.11060E-01
    0.16142E+00,    0.25287E+00,    0.73630E-02,    0.10921E-01
    0.38205E+00,   -0.31468E+00,   -0.21084E-01,    0.15508E+00
    0.16140E+00,    0.24735E+00,    0.73840E-02,    0.10936E-01
    0.22673E+00,   -0.68811E-01,    0.80236E-02,    0.10614E-01
    0.16288E+00,    0.31320E+00,   -0.61372E-02,    0.14879E-02
    0.34321E+00,   -0.26867E+00,   -0.43296E-01,   -0.90625E-02
    0.25995E+00,   -0.14019E+00,    0.77678E-02,    0.10208E-01
    0.16191E+00,    0.30325E+00,   -0.43419E-02,    0.31800E-02
    0.16113E+00,    0.22764E+00,    0.74641E-02,    0.10982E-01
    0.16093E+00,    0.29330E+00,   -0.23209E-02,    0.48744E-02
    0.17369E+00,    0.10869E+00,    0.79239E-02,    0.11047E-01
    0.31149E+00,   -0.22716E+00,   -0.28858E-01,   -0.27853E-01
    0.20174E+00,   -0.41894E-02,    0.80882E-02,    0.10839E-01
    0.19387E+00,    0.20316E-01,    0.80814E-02,    0.10902E-01
    0.16447E+00,    0.16931E+00,    0.77080E-02,    0.11059E-01
    0.38448E+00,   -0.31992E+00,    0.59385E+00,    0.67407E+00
    0.15996E+00,    0.28334E+00,   -0.69513E-04,    0.65478E-02
    0.16600E+00,    0.36611E+00,   -0.11874E-01,   -0.63279E-02
    0.23074E+00,   -0.83239E-01,    0.79870E-02,    0.10555E-01
    0.36415E+00,   -0.29767E+00,   -0.30905E-01,    0.79122E-02
    0.20917E+00,   -0.29605E-01,    0.80746E-02,    0.10765E-01
    0.17090E+00,    0.40411E+00,   -0.13231E-01,   -0.10209E-01
    0.17858E+00,    0.44405E+00,   -0.13490E-01,   -0.12561E-01
    0.18238E+00,    0.46075E+00,   -0.20427E+00,    0.34632E-01
    0.16645E+00,    0.14412E+00,    0.78057E-02,    0.11064E-01
    0.15884E+00,    0.23959E+00,    0.74228E-02,    0.10955E-01
    0.16097E+00,    0.19596E+00,    0.75997E-02,    0.11035E-01
    0.32001E+00,   -0.24224E+00,   -0.37810E-01,   -0.25779E-01
    0.34694E+00,   -0.27793E+00,   -0.39601E-01,   -0.37685E-02
    0.27732E+00,   -0.17684E+00,    0.12167E-03,   -0.43124E-02
    0.17882E+00,    0.73246E-01,    0.80098E-02,    0.11005E-01
    0.26345E+00,   -0.15258E+00,    0.68940E-02,    0.79600E-02
    0.16994E+00,    0.11795E+00,    0.78943E-02,    0.11054E-01
    0.21772E+00,   -0.55162E-01,    0.80424E-02,    0.10677E-01
    0.23738E+00,   -0.10125E+00,    0.79322E-02,    0.10469E-01
    0.25840E+00,   -0.14394E+00,    0.77422E-02,    0.10197E-01
    0.28584E+00,   -0.19192E+00,   -0.59872E-02,   -0.11875E-01
    0.18081E+00,    0.62180E-01,    0.80297E-02,    0.10988E-01
    0.26064E+00,   -0.14855E+00,    0.77140E-02,    0.10161E-01
    0.15753E+00,    0.26212E+00,    0.55089E-02,    0.99597E-02
    0.16640E+00,    0.38396E+00,   -0.12652E-01,   -0.82412E-02
    0.15718E+00,    0.25553E+00,    0.73686E-02,    0.10914E-01
    0.29436E+00,   -0.20700E+00,   -0.13694E-01,   -0.18758E-01
    0.19387E+00,    0.10517E-01,    0.80808E-02,    0.10882E-01
    0.18190E+00,    0.46574E+00,   -0.79159E+00,   -0.45650E+00
    0.16478E+00,    0.37592E+00,   -0.12244E-01,   -0.72974E-02
    0.17887E+00,    0.45423E+00,   -0.35590E-01,   -0.16632E-01
    0.15654E+00,    0.24979E+00,    0.73918E-02,    0.10929E-01
    0.20139E+00,   -0.14884E-01,    0.80788E-02,    0.10814E-01
    0.17490E+00,    0.82440E-01,    0.79879E-02,    0.11019E-01
    0.36801E+00,   -0.30627E+00,   -0.25867E-01,    0.97776E-02
    0.32853E+00,   -0.25732E+00,   -0.41574E-01,   -0.18138E-01
    0.37929E+00,   -0.31915E+00,    0.17747E+00,    0.29840E-02
    0.15928E+00,    0.18621E+00,    0.76438E-02,    0.11044E-01
    0.35106E+00,   -0.28687E+00,   -0.35958E-01,    0.59412E-03
    0.25346E+00,   -0.13870E+00,    0.77697E-02,    0.10246E-01
    0.15721E+00,    0.21350E+00,    0.75335E-02,    0.11008E-01
    0.16174E+00,    0.16008E+00,    0.77470E-02,    0.11061E-01
    0.20947E+00,   -0.39473E-01,    0.80595E-02,    0.10737E-01
    0.30288E+00,   -0.22208E+00,   -0.22753E-01,   -0.23610E-01
    0.16468E+00,    0.13433E+00,    0.78401E-02,    0.11061E-01
    0.15535E+00,    0.27036E+00,    0.37910E-02,    0.89326E-02
    0.22340E+00,   -0.76766E-01,    0.79954E-02,    0.10595E-01
    0.18489E+00,    0.35063E-01,    0.80619E-02,    0.10939E-01
    0.16875E+00,    0.41387E+00,   -0.13120E-01,   -0.10575E-01
    0.17144E+00,    0.91793E-01,    0.79645E-02,    0.11030E-01
    0.38126E+00,   -0.32376E+00,    0.60245E+00,   -0.63489E+00
    0.31140E+00,   -0.23716E+00,   -0.31723E-01,   -0.24446E-01
    0.37297E+00,   -0.31512E+00,   -0.11593E-02,    0.17646E-02
    0.15896E+00,    0.35012E+00,   -0.99669E-02,   -0.36348E-02
    0.33326E+00,   -0.26769E+00,   -0.40513E-01,   -0.12023E-01
    0.26128E+00,   -0.15772E+00,    0.65449E-02,    0.75674E-02
    0.17769E+00,    0.46178E+00,   -0.40599E-01,   -0.14676E+00
    0.24651E+00,   -0.12978E+00,    0.78125E-02,    0.10317E-01
    0.15775E+00,    0.17668E+00,    0.76849E-02,    0.11051E-01
    0.26489E+00,   -0.16460E+00,    0.48428E-02,    0.42560E-02
    0.19323E+00,    0.59669E-03,    0.80763E-02,    0.10860E-01
    0.26871E+00,   -0.17176E+00,    0.27844E-02,    0.78022E-03
    0.25812E+00,   -0.15288E+00,    0.76829E-02,    0.10154E-01
    0.22882E+00,   -0.93545E-01,    0.79488E-02,    0.10523E-01
    0.24166E+00,   -0.12108E+00,    0.78509E-02,    0.10374E-01
    0.20102E+00,   -0.23832E-01,    0.80684E-02,    0.10792E-01
    0.21746E+00,   -0.67511E-01,    0.80120E-02,    0.10639E-01
    0.27723E+00,   -0.18684E+00,   -0.26819E-02,   -0.66158E-02
    0.15669E+00,    0.33892E+00,   -0.85675E-02,   -0.18470E-02
    0.21015E+00,   -0.49441E-01,    0.80420E-02,    0.10708E-01
    0.15572E+00,    0.32897E+00,   -0.72430E-02,   -0.28231E-03
    0.18527E+00,    0.25399E-01,    0.80663E-02,    0.10920E-01
    0.15288E+00,    0.25812E+00,    0.73749E-02,    0.10907E-01
    0.25488E+00,   -0.14810E+00,    0.77128E-02,    0.10195E-01
    0.16755E+00,    0.10085E+00,    0.79397E-02,    0.11040E-01
    0.15975E+00,    0.15036E+00,    0.77845E-02,    0.11062E-01
    0.15475E+00,    0.31902E+00,   -0.57155E-02,    0.13393E-02
    0.16839E+00,    0.42430E+00,   -0.12993E-01,   -0.10966E-01
    0.23669E+00,   -0.11241E+00,    0.78846E-02,    0.10427E-01
    0.15260E+00,    0.25303E+00,    0.73935E-02,    0.10921E-01
    0.15258E+00,    0.26362E+00,    0.59593E-02,    0.10148E-01
    0.17096E+00,    0.43773E+00,   -0.12640E-01,   -0.11405E-01
    0.28575E+00,   -0.20192E+00,   -0.94927E-02,   -0.13525E-01
    0.31992E+00,   -0.25224E+00,   -0.37725E-01,   -0.20233E-01
    0.15377E+00,    0.30907E+00,   -0.39834E-02,    0.29960E-02
    0.16314E+00,    0.39732E+00,   -0.12760E-01,   -0.90863E-02
    0.17780E+00,    0.50806E-01,    0.80390E-02,    0.10971E-01
    0.16275E+00,    0.12452E+00,    0.78713E-02,    0.11056E-01
    0.17722E+00,    0.46754E+00,    0.44092E+00,   -0.78728E+00
    0.15782E+00,    0.36036E+00,   -0.10677E-01,   -0.48593E-02
    0.15280E+00,    0.29911E+00,   -0.20474E-02,    0.46656E-02
    0.35995E+00,   -0.30405E+00,   -0.28711E-01,    0.72151E-02
    0.37568E+00,   -0.32228E+00,   -0.29028E-01,   -0.12432E+00
    0.29427E+00,   -0.21700E+00,   -0.17521E-01,   -0.19060E-01
    0.15333E+00,    0.20240E+00,    0.75876E-02,    0.11022E-01
    0.15183E+00,    0.28916E+00,    0.84314E-04,    0.63262E-02
    0.33700E+00,   -0.27694E+00,   -0.38242E-01,   -0.70372E-02
    0.15142E+00,    0.22953E+00,    0.74842E-02,    0.10975E-01
    0.35386E+00,   -0.29831E+00,   -0.31308E-01,    0.41854E-02
    0.19324E+00,   -0.93449E-02,    0.80701E-02,    0.10838E-01
    0.17244E+00,    0.65570E-01,    0.80137E-02,    0.10997E-01
    0.30279E+00,   -0.23208E+00,   -0.26000E-01,   -0.21796E-01
    0.18521E+00,    0.15412E-01,    0.80673E-02,    0.10901E-01
    0.15480E+00,    0.16715E+00,    0.77252E-02,    0.11055E-01
    0.37801E+00,   -0.32757E+00,   -0.67264E+00,   -0.59864E+00
    0.17760E+00,    0.40821E-01,    0.80472E-02,    0.10955E-01
    0.16213E+00,    0.11252E+00,    0.79058E-02,    0.11049E-01
    0.22134E+00,   -0.86500E-01,    0.79621E-02,    0.10567E-01
    0.25809E+00,   -0.16146E+00,    0.65788E-02,    0.79476E-02
    0.20066E+00,   -0.34802E-01,    0.80528E-02,    0.10764E-01
    0.16964E+00,    0.44754E+00,   -0.10906E-01,   -0.10551E-01
    0.16904E+00,    0.74956E-01,    0.79950E-02,    0.11011E-01
    0.25553E+00,   -0.15718E+00,    0.76524E-02,    0.10149E-01
    0.15720E+00,    0.14090E+00,    0.78182E-02,    0.11060E-01
    0.15159E+00,    0.19256E+00,    0.76302E-02,    0.11034E-01
    0.14891E+00,    0.26557E+00,    0.60405E-02,    0.10160E-01
    0.16139E+00,    0.40716E+00,   -0.12807E-01,   -0.96271E-02
    0.34114E+00,   -0.28603E+00,   -0.35518E-01,   -0.27933E-02
    0.17304E+00,    0.46430E+00,    0.18291E+00,   -0.40445E-01
    0.25237E+00,   -0.15234E+00,    0.76839E-02,    0.10188E-01
    0.15710E+00,    0.38165E+00,   -0.11865E-01,   -0.71867E-02
    0.14855E+00,    0.26064E+00,    0.73813E-02,    0.10902E-01
    0.31130E+00,   -0.24716E+00,   -0.33035E-01,   -0.20423E-01
    0.14833E+00,    0.24682E+00,    0.74295E-02,    0.10936E-01
    0.14810E+00,    0.25488E+00,    0.74023E-02,    0.10917E-01
    0.27713E+00,   -0.19684E+00,   -0.57275E-02,   -0.85162E-02
    0.14869E+00,    0.21812E+00,    0.75358E-02,    0.10996E-01
    0.22693E+00,   -0.10401E+00,    0.79072E-02,    0.10489E-01
    0.20868E+00,   -0.61343E-01,    0.80138E-02,    0.10675E-01
    0.18491E+00,    0.61219E-02,    0.80652E-02,    0.10882E-01
    0.24760E+00,   -0.14653E+00,    0.77182E-02,    0.10238E-01
    0.16505E+00,    0.84117E-01,    0.79742E-02,    0.11023E-01
    0.28565E+00,   -0.21192E+00,   -0.12942E-01,   -0.14448E-01
    0.17252E+00,    0.46929E+00,    0.74038E+00,    0.48472E+00
    0.36182E+00,   -0.31359E+00,   -0.26167E-01,    0.97353E-02
    0.16937E+00,    0.45765E+00,    0.11717E-01,   -0.38960E-02
    0.19245E+00,   -0.19280E-01,    0.80598E-02,    0.10815E-01
    0.14997E+00,    0.18282E+00,    0.76706E-02,    0.11042E-01
    0.31983E+00,   -0.26224E+00,   -0.36521E-01,   -0.15298E-01
    0.37283E+00,   -0.32670E+00,   -0.21449E+00,    0.38761E-01
    0.17706E+00,    0.30845E-01,    0.80520E-02,    0.10937E-01
    0.14668E+00,    0.23721E+00,    0.74691E-02,    0.10958E-01
    0.26563E+00,   -0.18080E+00,    0.12388E-02,   -0.80843E-04
    0.34491E+00,   -0.29474E+00,   -0.32583E-01,    0.58786E-03
    0.24203E+00,   -0.13795E+00,    0.77642E-02,    0.10301E-01
    0.26053E+00,   -0.17222E+00,    0.42029E-02,    0.41512E-02
    0.15341E+00,    0.37247E+00,   -0.11063E-01,   -0.58844E-02
    0.20100E+00,   -0.44788E-01,    0.80366E-02,    0.10737E-01
    0.15208E+00,    0.15755E+00,    0.77624E-02,    0.11057E-01
    0.15586E+00,    0.39100E+00,   -0.12142E-01,   -0.79562E-02
    0.29417E+00,   -0.22700E+00,   -0.20803E-01,   -0.18397E-01
    0.15523E+00,    0.13111E+00,    0.78497E-02,    0.11057E-01
    0.14711E+00,    0.20832E+00,    0.75771E-02,    0.11011E-01
    0.14566E+00,    0.27667E+00,    0.38589E-02,    0.87714E-02
    0.16154E+00,    0.92899E-01,    0.79532E-02,    0.11032E-01
    0.16932E+00,    0.55936E-01,    0.80221E-02,    0.10984E-01
    0.21390E+00,   -0.79846E-01,    0.79725E-02,    0.10607E-01
    0.23668E+00,   -0.12970E+00,    0.78034E-02,    0.10357E-01
    0.15922E+00,    0.41677E+00,   -0.12773E-01,   -0.99938E-02
    0.25587E+00,   -0.16636E+00,    0.62272E-02,    0.75968E-02
    0.16226E+00,    0.43320E+00,   -0.12701E-01,   -0.10674E-01
    0.37471E+00,   -0.33135E+00,   -0.59022E+00,    0.70503E+00
    0.25287E+00,   -0.16142E+00,    0.76231E-02,    0.10146E-01
    0.36660E+00,   -0.32254E+00,   -0.42023E-01,    0.23620E-01
    0.14856E+00,    0.34474E+00,   -0.81882E-02,   -0.19150E-02
    0.30269E+00,   -0.24208E+00,   -0.28125E-01,   -0.19182E-01
    0.15055E+00,    0.36339E+00,   -0.10159E-01,   -0.45587E-02
    0.23167E+00,   -0.12106E+00,    0.78404E-02,    0.10410E-01
    0.14953E+00,    0.35470E+00,   -0.93065E-02,   -0.33593E-02
    0.14443E+00,    0.26886E+00,    0.59067E-02,    0.10035E-01
    0.14758E+00,    0.33479E+00,   -0.68884E-02,   -0.39497E-03
    0.32719E+00,   -0.27560E+00,   -0.36133E-01,   -0.92113E-02
    0.25001E+00,   -0.15724E+00,    0.76514E-02,    0.10180E-01
    0.14661E+00,    0.32484E+00,   -0.54024E-02,    0.11851E-02
    0.14417E+00,    0.26309E+00,    0.73881E-02,    0.10896E-01
    0.14849E+00,    0.17296E+00,    0.77096E-02,    0.11049E-01
    0.16839E+00,    0.46525E+00,    0.10848E-01,    0.12722E+00
    0.14564E+00,    0.31488E+00,   -0.37284E-02,    0.28065E-02
    0.17696E+00,    0.20991E-01,    0.80546E-02,    0.10919E-01
    0.18457E+00,   -0.43834E-02,    0.80599E-02,    0.10859E-01
    0.14368E+00,    0.25804E+00,    0.74060E-02,    0.10909E-01
    0.19268E+00,   -0.29204E-01,    0.80484E-02,    0.10790E-01
    0.14467E+00,    0.30493E+00,   -0.18675E-02,    0.44495E-02
    0.15764E+00,    0.10210E+00,    0.79297E-02,    0.11041E-01
    0.21878E+00,   -0.95988E-01,    0.79268E-02,    0.10541E-01
    0.26852E+00,   -0.19176E+00,   -0.22487E-02,   -0.36943E-02
    0.14370E+00,    0.29498E+00,    0.17732E-03,    0.60939E-02
    0.20198E+00,   -0.56423E-01,    0.80150E-02,    0.10702E-01
    0.15011E+00,    0.14788E+00,    0.77967E-02,    0.11058E-01
    0.35337E+00,   -0.31005E+00,   -0.27215E-01,    0.58792E-02
    0.16171E+00,    0.44148E+00,   -0.12554E-01,   -0.10585E-01
    0.31121E+00,   -0.25716E+00,   -0.33121E-01,   -0.16379E-01
    0.16907E+00,    0.45949E-01,    0.80317E-02,    0.10968E-01
    0.27704E+00,   -0.20684E+00,   -0.88283E-02,   -0.98752E-02
    0.15376E+00,    0.40075E+00,   -0.12312E-01,   -0.85933E-02
    0.14272E+00,    0.28503E+00,    0.24075E-02,    0.77197E-02
    0.14297E+00,    0.22573E+00,    0.75211E-02,    0.10981E-01
    0.16781E+00,    0.47100E+00,   -0.51109E+00,    0.73535E+00
    0.33127E+00,   -0.28462E+00,   -0.34456E-01,   -0.54601E-02
    0.14393E+00,    0.19897E+00,    0.76188E-02,    0.11023E-01
    0.15277E+00,    0.12143E+00,    0.78777E-02,    0.11053E-01
    0.36916E+00,   -0.32976E+00,    0.81483E-03,    0.14898E+00
    0.28556E+00,   -0.22192E+00,   -0.16103E-01,   -0.14607E-01
    0.15746E+00,    0.42658E+00,   -0.12689E-01,   -0.10237E-01
    0.20689E+00,   -0.72757E-01,    0.79827E-02,    0.10644E-01
    0.24817E+00,   -0.16094E+00,    0.76271E-02,    0.10175E-01
    0.18421E+00,   -0.13630E-01,    0.80527E-02,    0.10839E-01
    0.17640E+00,    0.11049E-01,    0.80537E-02,    0.10900E-01
    0.25305E+00,   -0.17062E+00,    0.60925E-02,    0.76402E-02
    0.31973E+00,   -0.27224E+00,   -0.34566E-01,   -0.11022E-01
    0.25013E+00,   -0.16563E+00,    0.75950E-02,    0.10145E-01
    0.29408E+00,   -0.23700E+00,   -0.23331E-01,   -0.16946E-01
    0.14023E+00,    0.26044E+00,    0.74094E-02,    0.10904E-01
    0.16225E+00,    0.64055E-01,    0.80040E-02,    0.10998E-01
    0.14010E+00,    0.27046E+00,    0.61211E-02,    0.10131E-01
    0.23940E+00,   -0.14647E+00,    0.77153E-02,    0.10278E-01
    0.14865E+00,    0.38433E+00,   -0.11361E-01,   -0.67418E-02
    0.37138E+00,   -0.33509E+00,    0.68057E+00,    0.57876E+00
    0.13976E+00,    0.26546E+00,    0.73952E-02,    0.10891E-01
    0.16063E+00,    0.45085E+00,   -0.13541E-01,   -0.10647E-01
    0.15911E+00,    0.76110E-01,    0.79829E-02,    0.11014E-01
    0.22391E+00,   -0.11581E+00,    0.78561E-02,    0.10455E-01
    0.21170E+00,   -0.88990E-01,    0.79416E-02,    0.10582E-01
    0.16849E+00,    0.35991E-01,    0.80378E-02,    0.10952E-01
    0.14464E+00,    0.16423E+00,    0.77444E-02,    0.11051E-01
    0.14224E+00,    0.18912E+00,    0.76581E-02,    0.11033E-01
    0.19170E+00,   -0.39094E-01,    0.80326E-02,    0.10767E-01
    0.24343E+00,   -0.15563E+00,    0.76615E-02,    0.10222E-01
    0.15215E+00,    0.41058E+00,   -0.12434E-01,   -0.91532E-02
    0.33508E+00,   -0.29383E+00,   -0.32108E-01,   -0.21136E-02
    0.14028E+00,    0.21558E+00,    0.75646E-02,    0.10997E-01
    0.14758E+00,    0.13821E+00,    0.78283E-02,    0.11056E-01
    0.16373E+00,    0.46769E+00,   -0.20763E+00,    0.10312E-01
    0.30260E+00,   -0.25208E+00,   -0.29187E-01,   -0.16198E-01
    0.13841E+00,    0.25363E+00,    0.74369E-02,    0.10921E-01
    0.25991E+00,   -0.18668E+00,    0.10530E-02,    0.10030E-02
    0.15059E+00,    0.11211E+00,    0.79018E-02,    0.11047E-01
    0.25504E+00,   -0.17917E+00,    0.39202E-02,    0.46981E-02
    0.26843E+00,   -0.20176E+00,   -0.50363E-02,   -0.53779E-02
    0.15525E+00,    0.85298E-01,    0.79634E-02,    0.11025E-01
    0.13795E+00,    0.24203E+00,    0.74768E-02,    0.10947E-01
    0.34271E+00,   -0.30536E+00,   -0.28938E-01,    0.20224E-02
    0.13812E+00,    0.23204E+00,    0.75110E-02,    0.10968E-01
    0.17631E+00,    0.10922E-02,    0.80507E-02,    0.10880E-01
    0.35548E+00,   -0.32078E+00,   -0.22577E-01,    0.67227E-02
    0.21670E+00,   -0.10576E+00,    0.78892E-02,    0.10513E-01
    0.16034E+00,    0.46099E+00,   -0.35578E-01,   -0.18075E-01
    0.27695E+00,   -0.21684E+00,   -0.11810E-01,   -0.10635E-01
    0.16308E+00,    0.47266E+00,   -0.72444E+00,   -0.55402E+00
    0.19945E+00,   -0.66089E-01,    0.79897E-02,    0.10679E-01
    0.14063E+00,    0.17926E+00,    0.76958E-02,    0.11041E-01
    0.18391E+00,   -0.24438E-01,    0.80415E-02,    0.10814E-01
    0.16835E+00,    0.26001E-01,    0.80417E-02,    0.10935E-01
    0.36622E+00,   -0.33411E+00,    0.17638E+00,   -0.28614E-01
    0.31112E+00,   -0.26716E+00,   -0.32354E-01,   -0.12665E-01
    0.15390E+00,    0.43530E+00,   -0.12556E-01,   -0.10166E-01
    0.14261E+00,    0.15444E+00,    0.77788E-02,    0.11054E-01
    0.14640E+00,    0.39414E+00,   -0.11661E-01,   -0.74840E-02
    0.19184E+00,   -0.48829E-01,    0.80161E-02,    0.10741E-01
    0.15172E+00,    0.94621E-01,    0.79425E-02,    0.11034E-01
    0.28547E+00,   -0.23192E+00,   -0.18784E-01,   -0.14070E-01
    0.13751E+00,    0.20601E+00,    0.76049E-02,    0.11011E-01
    0.14255E+00,    0.36868E+00,   -0.98324E-02,   -0.45086E-02
    0.24733E+00,   -0.16978E+00,    0.75682E-02,    0.10146E-01
    0.14566E+00,    0.12844E+00,    0.78572E-02,    0.11054E-01
    0.14150E+00,    0.36036E+00,   -0.90084E-02,   -0.33875E-02
    0.14042E+00,    0.35056E+00,   -0.79089E-02,   -0.20007E-02
    0.13945E+00,    0.34061E+00,   -0.66340E-02,   -0.52262E-03
    0.24442E+00,   -0.16480E+00,    0.76033E-02,    0.10181E-01
    0.13848E+00,    0.33066E+00,   -0.51869E-02,    0.10183E-02
    0.16057E+00,    0.51127E-01,    0.80168E-02,    0.10981E-01
    0.20438E+00,   -0.82398E-01,    0.79529E-02,    0.10620E-01
    0.13751E+00,    0.32070E+00,   -0.35671E-02,    0.26051E-02
    0.24942E+00,   -0.17449E+00,    0.62010E-02,    0.80860E-02
    0.13530E+00,    0.26776E+00,    0.74023E-02,    0.10887E-01
    0.13537E+00,    0.27353E+00,    0.60216E-02,    0.10031E-01
    0.14989E+00,    0.42026E+00,   -0.12460E-01,   -0.95386E-02
    0.13514E+00,    0.26198E+00,    0.74204E-02,    0.10901E-01
    0.13653E+00,    0.31075E+00,   -0.17761E-02,    0.42200E-02
    0.36008E+00,   -0.32983E+00,   -0.32843E-03,   -0.44919E-02
    0.36801E+00,   -0.33880E+00,    0.50994E+00,   -0.71904E+00
    0.32134E+00,   -0.28368E+00,   -0.32571E-01,   -0.70706E-02
    0.23121E+00,   -0.14205E+00,    0.77369E-02,    0.10331E-01
    0.13556E+00,    0.30080E+00,    0.18224E-03,    0.58449E-02
    0.29399E+00,   -0.24700E+00,   -0.25034E-01,   -0.14979E-01
    0.13459E+00,    0.28079E+00,    0.44660E-02,    0.89992E-02
    0.13865E+00,    0.17208E+00,    0.77229E-02,    0.11045E-01
    0.15903E+00,    0.46853E+00,   -0.24202E-01,   -0.14270E+00
    0.13636E+00,    0.19655E+00,    0.76407E-02,    0.11022E-01
    0.13459E+00,    0.29085E+00,    0.23020E-02,    0.74619E-02
    0.14789E+00,    0.10373E+00,    0.79207E-02,    0.11041E-01
    0.16804E+00,    0.16507E-01,    0.80426E-02,    0.10918E-01
    0.17566E+00,   -0.88629E-02,    0.80443E-02,    0.10859E-01
    0.22534E+00,   -0.13251E+00,    0.77822E-02,    0.10390E-01
    0.18357E+00,   -0.33295E-01,    0.80299E-02,    0.10793E-01
    0.25981E+00,   -0.19668E+00,   -0.14575E-02,   -0.95897E-03
    0.14066E+00,    0.14464E+00,    0.78105E-02,    0.11054E-01
    0.15257E+00,    0.44517E+00,   -0.12530E-01,   -0.98662E-02
    0.14473E+00,    0.40389E+00,   -0.11922E-01,   -0.81699E-02
    0.19235E+00,   -0.59082E-01,    0.79964E-02,    0.10712E-01
    0.16020E+00,    0.41393E-01,    0.80243E-02,    0.10966E-01
    0.30250E+00,   -0.26208E+00,   -0.29382E-01,   -0.13200E-01
    0.14055E+00,    0.37848E+00,   -0.10389E-01,   -0.54656E-02
    0.26833E+00,   -0.21176E+00,   -0.78229E-02,   -0.65938E-02
    0.34642E+00,   -0.31820E+00,   -0.24901E-01,    0.46479E-02
    0.14870E+00,    0.43004E+00,   -0.12449E-01,   -0.98404E-02
    0.32517E+00,   -0.29254E+00,   -0.31179E-01,   -0.42563E-02
    0.15308E+00,    0.68136E-01,    0.79892E-02,    0.11006E-01
    0.15833E+00,    0.47427E+00,    0.54400E+00,   -0.71753E+00
    0.13744E+00,    0.16219E+00,    0.77570E-02,    0.11049E-01
    0.15078E+00,    0.77901E-01,    0.79726E-02,    0.11018E-01
    0.24236E+00,   -0.16903E+00,    0.75770E-02,    0.10178E-01
    0.14314E+00,    0.11876E+00,    0.78830E-02,    0.11050E-01
    0.36249E+00,   -0.33709E+00,   -0.45883E-01,   -0.12619E+00
    0.13479E+00,    0.18720E+00,    0.76757E-02,    0.11031E-01
    0.13261E+00,    0.22189E+00,    0.75592E-02,    0.10985E-01
    0.21939E+00,   -0.12472E+00,    0.78142E-02,    0.10439E-01
    0.27685E+00,   -0.22684E+00,   -0.14507E-01,   -0.10805E-01
    0.19726E+00,   -0.75390E-01,    0.79638E-02,    0.10656E-01
    0.24446E+00,   -0.17389E+00,    0.75430E-02,    0.10149E-01
    0.24721E+00,   -0.17898E+00,    0.58505E-02,    0.77853E-02
    0.17585E+00,   -0.18634E-01,    0.80365E-02,    0.10837E-01
    0.20704E+00,   -0.10034E+00,    0.78991E-02,    0.10557E-01
    0.13081E+00,    0.26998E+00,    0.74096E-02,    0.10883E-01
    0.16770E+00,    0.61486E-02,    0.80409E-02,    0.10898E-01
    0.13057E+00,    0.26492E+00,    0.74252E-02,    0.10895E-01
    0.18384E+00,   -0.43275E-01,    0.80152E-02,    0.10768E-01
    0.13064E+00,    0.27487E+00,    0.62910E-02,    0.10173E-01
    0.31102E+00,   -0.27716E+00,   -0.31082E-01,   -0.94713E-02
    0.21393E+00,   -0.11635E+00,    0.78455E-02,    0.10485E-01
    0.28537E+00,   -0.24192E+00,   -0.20869E-01,   -0.12987E-01
    0.23228E+00,   -0.15380E+00,    0.76733E-02,    0.10284E-01
    0.16003E+00,    0.31497E-01,    0.80295E-02,    0.10950E-01
    0.15156E+00,    0.45398E+00,   -0.12117E-01,   -0.82618E-02
    0.36460E+00,   -0.34247E+00,   -0.74869E+00,   -0.50883E+00
    0.20225E+00,   -0.92131E-01,    0.79212E-02,    0.10595E-01
    0.23679E+00,   -0.16383E+00,    0.76131E-02,    0.10226E-01
    0.13823E+00,    0.13508E+00,    0.78392E-02,    0.11053E-01
    0.13861E+00,    0.38823E+00,   -0.10869E-01,   -0.63414E-02
    0.12926E+00,    0.23709E+00,    0.75162E-02,    0.10957E-01
    0.15432E+00,    0.47119E+00,    0.19264E+00,   -0.51257E-02
    0.15217E+00,    0.56553E-01,    0.80024E-02,    0.10992E-01
    0.29389E+00,   -0.25700E+00,   -0.25969E-01,   -0.12773E-01
    0.24961E+00,   -0.18854E+00,    0.31357E-02,    0.46122E-02
    0.14539E+00,    0.86896E-01,    0.79536E-02,    0.11028E-01
    0.12969E+00,    0.21220E+00,    0.75985E-02,    0.10999E-01
    0.14109E+00,    0.10900E+00,    0.79061E-02,    0.11044E-01
    0.12821E+00,    0.24758E+00,    0.74852E-02,    0.10935E-01
    0.34900E+00,   -0.32784E+00,   -0.23404E-01,    0.72361E-02
    0.25972E+00,   -0.20668E+00,   -0.40539E-02,   -0.25444E-02
    0.14082E+00,    0.41221E+00,   -0.11980E-01,   -0.85181E-02
    0.20793E+00,   -0.10970E+00,    0.78666E-02,    0.10525E-01
    0.13129E+00,    0.17798E+00,    0.77113E-02,    0.11038E-01
    0.18992E+00,   -0.68755E-01,    0.79719E-02,    0.10690E-01
    0.17508E+00,   -0.28537E-01,    0.80249E-02,    0.10816E-01
    0.13132E+00,    0.34643E+00,   -0.64686E-02,   -0.66930E-03
    0.26824E+00,   -0.22176E+00,   -0.10468E-01,   -0.73156E-02
    0.15954E+00,    0.21540E-01,    0.80317E-02,    0.10933E-01
    0.15357E+00,    0.47583E+00,    0.66044E+00,    0.61251E+00
    0.16697E+00,   -0.39311E-02,    0.80359E-02,    0.10878E-01
    0.13229E+00,    0.35638E+00,   -0.77200E-02,   -0.21083E-02
    0.13035E+00,    0.33647E+00,   -0.50587E-02,    0.83414E-03
    0.13363E+00,    0.36845E+00,   -0.90395E-02,   -0.37580E-02
    0.14497E+00,    0.43877E+00,   -0.12317E-01,   -0.98903E-02
    0.12937E+00,    0.32652E+00,   -0.34895E-02,    0.23870E-02
    0.23877E+00,   -0.17287E+00,    0.75555E-02,    0.10186E-01
    0.24152E+00,   -0.17795E+00,    0.75193E-02,    0.10154E-01
    0.35946E+00,   -0.34139E+00,   -0.20782E+00,    0.60321E-01
    0.30241E+00,   -0.27208E+00,   -0.28941E-01,   -0.10422E-01
    0.12840E+00,    0.31657E+00,   -0.17633E-02,    0.39729E-02
    0.15039E+00,    0.46529E+00,    0.11996E-01,    0.11440E-01
    0.12833E+00,    0.20232E+00,    0.76344E-02,    0.11012E-01
    0.33673E+00,   -0.31579E+00,   -0.25573E-01,    0.19497E-02
    0.13282E+00,    0.15351E+00,    0.77874E-02,    0.11050E-01
    0.18321E+00,   -0.53416E-01,    0.79965E-02,    0.10743E-01
    0.14145E+00,    0.42334E+00,   -0.12195E-01,   -0.92174E-02
    0.12631E+00,    0.26635E+00,    0.74335E-02,    0.10893E-01
    0.12627E+00,    0.25965E+00,    0.74535E-02,    0.10909E-01
    0.12743E+00,    0.30662E+00,    0.11550E-03,    0.55751E-02
    0.12628E+00,    0.27213E+00,    0.74169E-02,    0.10879E-01
    0.27676E+00,   -0.23684E+00,   -0.16797E-01,   -0.10458E-01
    0.12615E+00,    0.27790E+00,    0.61237E-02,    0.10035E-01
    0.13617E+00,    0.12531E+00,    0.78657E-02,    0.11050E-01
    0.24338E+00,   -0.18314E+00,    0.59468E-02,    0.81581E-02
    0.15166E+00,    0.46584E-01,    0.80112E-02,    0.10978E-01
    0.12646E+00,    0.29666E+00,    0.21394E-02,    0.71770E-02
    0.19485E+00,   -0.85412E-01,    0.79339E-02,    0.10632E-01
    0.35341E+00,   -0.33698E+00,   -0.38829E-01,    0.25756E-01
    0.12533E+00,    0.28543E+00,    0.45793E-02,    0.89655E-02
    0.12955E+00,    0.16828E+00,    0.77443E-02,    0.11043E-01
    0.13588E+00,    0.40047E+00,   -0.11328E-01,   -0.72842E-02
    0.15025E+00,    0.47203E+00,    0.14411E-01,    0.15967E+00
    0.36115E+00,   -0.34611E+00,   -0.48913E+00,    0.77155E+00
    0.32768E+00,   -0.30769E+00,   -0.27381E-01,   -0.85268E-03
    0.12703E+00,    0.19330E+00,    0.76665E-02,    0.11022E-01
    0.28528E+00,   -0.25192E+00,   -0.22331E-01,   -0.11551E-01
    0.31093E+00,   -0.28717E+00,   -0.29513E-01,   -0.68190E-02
    0.13884E+00,    0.99095E-01,    0.79266E-02,    0.11038E-01
    0.15937E+00,    0.11572E-01,    0.80316E-02,    0.10915E-01
    0.16709E+00,   -0.13916E-01,    0.80295E-02,    0.10857E-01
    0.17509E+00,   -0.38470E-01,    0.80118E-02,    0.10792E-01
    0.14346E+00,    0.44859E+00,   -0.12107E-01,   -0.10015E-01
    0.13105E+00,    0.14200E+00,    0.78218E-02,    0.11051E-01
    0.12376E+00,    0.22822E+00,    0.75581E-02,    0.10973E-01
    0.15146E+00,    0.36593E-01,    0.80175E-02,    0.10963E-01
    0.21422E+00,   -0.13396E+00,    0.77709E-02,    0.10425E-01
    0.18274E+00,   -0.61809E-01,    0.79792E-02,    0.10721E-01
    0.21886E+00,   -0.14354E+00,    0.77271E-02,    0.10376E-01
    0.13970E+00,    0.43306E+00,   -0.12190E-01,   -0.95889E-02
    0.29380E+00,   -0.26700E+00,   -0.26260E-01,   -0.10557E-01
    0.25963E+00,   -0.21668E+00,   -0.66181E-02,   -0.37110E-02
    0.20941E+00,   -0.12521E+00,    0.78068E-02,    0.10470E-01
    0.23585E+00,   -0.17684E+00,    0.75337E-02,    0.10190E-01
    0.33943E+00,   -0.32531E+00,   -0.23081E-01,    0.30617E-02
    0.23851E+00,   -0.18196E+00,    0.74974E-02,    0.10160E-01
    0.14879E+00,    0.47735E+00,   -0.65023E+00,    0.61714E+00
    0.13372E+00,    0.11572E+00,    0.78891E-02,    0.11046E-01
    0.22251E+00,   -0.15274E+00,    0.76805E-02,    0.10331E-01
    0.24933E+00,   -0.20092E+00,    0.20800E-03,    0.22337E-02
    0.22701E+00,   -0.16148E+00,    0.76319E-02,    0.10282E-01
    0.35567E+00,   -0.34429E+00,    0.19908E-01,    0.13802E+00
    0.12495E+00,    0.18567E+00,    0.76943E-02,    0.11029E-01
    0.14375E+00,    0.61939E-01,    0.79889E-02,    0.11001E-01
    0.26815E+00,   -0.23176E+00,   -0.12853E-01,   -0.75714E-02
    0.12172E+00,    0.27420E+00,    0.74242E-02,    0.10876E-01
    0.18778E+00,   -0.78494E-01,    0.79455E-02,    0.10667E-01
    0.23129E+00,   -0.17041E+00,    0.75775E-02,    0.10234E-01
    0.12148E+00,    0.26781E+00,    0.74429E-02,    0.10891E-01
    0.14109E+00,    0.73065E-01,    0.79728E-02,    0.11014E-01
    0.31924E+00,   -0.30252E+00,   -0.27823E-01,   -0.29333E-02
    0.24073E+00,   -0.18773E+00,    0.56369E-02,    0.79693E-02
    0.12219E+00,    0.21862E+00,    0.75923E-02,    0.10988E-01
    0.12142E+00,    0.27914E+00,    0.63588E-02,    0.10166E-01
    0.12933E+00,    0.38073E+00,   -0.97136E-02,   -0.48576E-02
    0.16683E+00,   -0.22920E-01,    0.80210E-02,    0.10838E-01
    0.20402E+00,   -0.11708E+00,    0.78362E-02,    0.10512E-01
    0.15881E+00,    0.16042E-02,    0.80285E-02,    0.10897E-01
    0.14243E+00,    0.45693E+00,   -0.11965E-01,   -0.10850E-01
    0.30232E+00,   -0.28208E+00,   -0.28063E-01,   -0.79884E-02
    0.12064E+00,    0.24217E+00,    0.75213E-02,    0.10946E-01
    0.15114E+00,    0.26949E-01,    0.80210E-02,    0.10948E-01
    0.27667E+00,   -0.24684E+00,   -0.18611E-01,   -0.97164E-02
    0.17458E+00,   -0.48370E-01,    0.79956E-02,    0.10769E-01
    0.13636E+00,    0.89344E-01,    0.79439E-02,    0.11030E-01
    0.12572E+00,    0.15863E+00,    0.77769E-02,    0.11046E-01
    0.35767E+00,   -0.34971E+00,    0.75352E+00,    0.47307E+00
    0.12928E+00,    0.39145E+00,   -0.10456E-01,   -0.59866E-02
    0.13348E+00,    0.41740E+00,   -0.11799E-01,   -0.84344E-02
    0.12863E+00,    0.13230E+00,    0.78485E-02,    0.11050E-01
    0.12083E+00,    0.20885E+00,    0.76263E-02,    0.11002E-01
    0.14487E+00,    0.47310E+00,   -0.15998E+00,   -0.78628E-02
    0.14331E+00,    0.51953E-01,    0.79987E-02,    0.10988E-01
    0.18193E+00,   -0.71353E-01,    0.79572E-02,    0.10697E-01
    0.19789E+00,   -0.10919E+00,    0.78612E-02,    0.10553E-01
    0.19404E+00,   -0.10060E+00,    0.78873E-02,    0.10589E-01
    0.28519E+00,   -0.26192E+00,   -0.23211E-01,   -0.99501E-02
    0.12319E+00,    0.35224E+00,   -0.63807E-02,   -0.83731E-03
    0.12221E+00,    0.34229E+00,   -0.50076E-02,    0.62950E-03
    0.34237E+00,   -0.33476E+00,   -0.21447E-01,    0.24167E-02
    0.12422E+00,    0.36255E+00,   -0.76435E-02,   -0.22852E-02
    0.12124E+00,    0.33234E+00,   -0.34861E-02,    0.21488E-02
    0.13157E+00,    0.10596E+00,    0.79102E-02,    0.11041E-01
    0.24146E+00,   -0.19507E+00,    0.37353E-02,    0.60665E-02
    0.32745E+00,   -0.31768E+00,   -0.24580E-01,    0.32886E-03
    0.12513E+00,    0.37215E+00,   -0.86697E-02,   -0.35525E-02
    0.15893E+00,   -0.82446E-02,    0.80238E-02,    0.10877E-01
    0.12027E+00,    0.32239E+00,   -0.18199E-02,    0.37051E-02
    0.31073E+00,   -0.29729E+00,   -0.27641E-01,   -0.46627E-02
    0.25101E+00,   -0.21160E+00,   -0.29054E-02,   -0.60533E-04
    0.23325E+00,   -0.18139E+00,    0.75090E-02,    0.10192E-01
    0.12190E+00,    0.17467E+00,    0.77322E-02,    0.11036E-01
    0.11930E+00,    0.31243E+00,   -0.14858E-04,    0.52824E-02
    0.13611E+00,    0.44194E+00,   -0.12013E-01,   -0.99151E-02
    0.23544E+00,   -0.18593E+00,    0.74771E-02,    0.10168E-01
    0.13288E+00,    0.42579E+00,   -0.11943E-01,   -0.89414E-02
    0.15080E+00,    0.16699E-01,    0.80222E-02,    0.10930E-01
    0.16643E+00,   -0.33509E-01,    0.80084E-02,    0.10815E-01
    0.11832E+00,    0.30248E+00,    0.19238E-02,    0.68657E-02
    0.25953E+00,   -0.22668E+00,   -0.90339E-02,   -0.44624E-02
    0.14400E+00,    0.47881E+00,   -0.62953E+00,   -0.65078E+00
    0.11911E+00,    0.19905E+00,    0.76602E-02,    0.11013E-01
    0.11705E+00,    0.27101E+00,    0.74461E-02,    0.10885E-01
    0.11712E+00,    0.27620E+00,    0.74317E-02,    0.10873E-01
    0.12377E+00,    0.14883E+00,    0.78061E-02,    0.11048E-01
    0.29371E+00,   -0.27700E+00,   -0.26053E-01,   -0.84888E-02
    0.11672E+00,    0.25090E+00,    0.75047E-02,    0.10929E-01
    0.35241E+00,   -0.34860E+00,    0.15272E+00,   -0.59468E-01
    0.23700E+00,   -0.19061E+00,    0.59871E-02,    0.85237E-02
    0.17452E+00,   -0.58357E-01,    0.79774E-02,    0.10744E-01
    0.11679E+00,    0.28196E+00,    0.62180E-02,    0.10046E-01
    0.14309E+00,    0.42028E-01,    0.80061E-02,    0.10975E-01
    0.14034E+00,    0.46665E+00,   -0.28066E-01,   -0.28207E-01
    0.12655E+00,    0.12265E+00,    0.78726E-02,    0.11047E-01
    0.26805E+00,   -0.24176E+00,   -0.14893E-01,   -0.74325E-02
    0.11629E+00,    0.28985E+00,    0.46250E-02,    0.89065E-02
    0.12818E+00,    0.40953E+00,   -0.11320E-01,   -0.75413E-02
    0.13369E+00,    0.79730E-01,    0.79581E-02,    0.11022E-01
    0.11799E+00,    0.18916E+00,    0.76926E-02,    0.11023E-01
    0.12018E+00,    0.16482E+00,    0.77632E-02,    0.11041E-01
    0.21816E+00,   -0.15959E+00,    0.76465E-02,    0.10328E-01
    0.31893E+00,   -0.31251E+00,   -0.25436E-01,   -0.14456E-02
    0.11521E+00,    0.23368E+00,    0.75599E-02,    0.10962E-01
    0.35414E+00,   -0.35328E+00,    0.41384E+00,   -0.80136E+00
    0.20895E+00,   -0.14242E+00,    0.77320E-02,    0.10417E-01
    0.27657E+00,   -0.25684E+00,   -0.19939E-01,   -0.87205E-02
    0.15830E+00,   -0.18166E-01,    0.80157E-02,    0.10857E-01
    0.30221E+00,   -0.29208E+00,   -0.26875E-01,   -0.59398E-02
    0.14012E+00,    0.47453E+00,    0.10726E-02,   -0.16177E+00
    0.12925E+00,    0.96263E-01,    0.79285E-02,    0.11035E-01
    0.20426E+00,   -0.13377E+00,    0.77693E-02,    0.10459E-01
    0.21302E+00,   -0.15152E+00,    0.76888E-02,    0.10374E-01
    0.18381E+00,   -0.88450E-01,    0.79155E-02,    0.10647E-01
    0.20046E+00,   -0.12616E+00,    0.77993E-02,    0.10494E-01
    0.15014E+00,    0.65660E-02,    0.80204E-02,    0.10913E-01
    0.22663E+00,   -0.17762E+00,    0.75403E-02,    0.10237E-01
    0.13435E+00,    0.45169E+00,   -0.11582E-01,   -0.10594E-01
    0.34607E+00,   -0.34592E+00,   -0.11288E-01,   -0.22660E-01
    0.11436E+00,    0.22482E+00,    0.75887E-02,    0.10977E-01
    0.16592E+00,   -0.43479E-01,    0.79939E-02,    0.10792E-01
    0.22149E+00,   -0.16898E+00,    0.75944E-02,    0.10286E-01
    0.14264E+00,    0.32060E-01,    0.80108E-02,    0.10960E-01
    0.12144E+00,    0.13924E+00,    0.78327E-02,    0.11048E-01
    0.22981E+00,   -0.18462E+00,    0.74948E-02,    0.10203E-01
    0.12169E+00,    0.38495E+00,   -0.95073E-02,   -0.47802E-02
    0.23230E+00,   -0.18983E+00,    0.74588E-02,    0.10177E-01
    0.12997E+00,    0.43524E+00,   -0.11936E-01,   -0.93905E-02
    0.28509E+00,   -0.27192E+00,   -0.23591E-01,   -0.83398E-02
    0.11281E+00,    0.27234E+00,    0.74538E-02,    0.10883E-01
    0.12390E+00,    0.40219E+00,   -0.10769E-01,   -0.66504E-02
    0.25092E+00,   -0.22160E+00,   -0.53205E-02,   -0.12311E-02
    0.34945E+00,   -0.35141E+00,   -0.45462E-01,   -0.16903E+00
    0.33263E+00,   -0.33261E+00,   -0.19742E-01,    0.12489E-02
    0.23470E+00,   -0.19509E+00,    0.55685E-02,    0.82117E-02
    0.11249E+00,    0.27811E+00,    0.74391E-02,    0.10870E-01
    0.12412E+00,    0.11296E+00,    0.78942E-02,    0.11043E-01
    0.17368E+00,   -0.68677E-01,    0.79552E-02,    0.10719E-01
    0.13919E+00,    0.48023E+00,    0.63888E+00,   -0.63654E+00
    0.11233E+00,    0.28312E+00,    0.63928E-02,    0.10147E-01
    0.11198E+00,    0.26447E+00,    0.74778E-02,    0.10901E-01
    0.12584E+00,    0.41872E+00,   -0.11551E-01,   -0.81177E-02
    0.11293E+00,    0.21493E+00,    0.76216E-02,    0.10991E-01
    0.25944E+00,   -0.23668E+00,   -0.11214E-01,   -0.48365E-02
    0.19417E+00,   -0.11846E+00,    0.78260E-02,    0.10536E-01
    0.31044E+00,   -0.30723E+00,   -0.25756E-01,   -0.30301E-02
    0.13158E+00,    0.70108E-01,    0.79702E-02,    0.11012E-01
    0.32715E+00,   -0.32767E+00,   -0.21480E-01,    0.83344E-03
    0.15835E+00,   -0.28107E-01,    0.80060E-02,    0.10836E-01
    0.19051E+00,   -0.11074E+00,    0.78515E-02,    0.10568E-01
    0.15021E+00,   -0.34245E-02,    0.80168E-02,    0.10894E-01
    0.13324E+00,    0.45969E+00,   -0.10509E-01,   -0.11413E-01
    0.11423E+00,    0.18109E+00,    0.77215E-02,    0.11029E-01
    0.29362E+00,   -0.28700E+00,   -0.25469E-01,   -0.66620E-02
    0.14220E+00,    0.21517E-01,    0.80131E-02,    0.10944E-01
    0.11053E+00,    0.24199E+00,    0.75455E-02,    0.10947E-01
    0.26796E+00,   -0.25176E+00,   -0.16547E-01,   -0.69964E-02
    0.16593E+00,   -0.53273E-01,    0.79780E-02,    0.10769E-01
    0.11627E+00,    0.15539E+00,    0.77926E-02,    0.11044E-01
    0.12675E+00,    0.86904E-01,    0.79436E-02,    0.11028E-01
    0.17555E+00,   -0.79028E-01,    0.79330E-02,    0.10689E-01
    0.11985E+00,    0.39478E+00,   -0.10108E-01,   -0.56901E-02
    0.11408E+00,    0.34811E+00,   -0.50245E-02,    0.40226E-03
    0.11144E+00,    0.20544E+00,    0.76528E-02,    0.11003E-01
    0.11505E+00,    0.35806E+00,   -0.63602E-02,   -0.10285E-02
    0.11311E+00,    0.33816E+00,   -0.35485E-02,    0.18885E-02
    0.35059E+00,   -0.35681E+00,   -0.82779E+00,   -0.37933E+00
    0.11913E+00,    0.12930E+00,    0.78578E-02,    0.11047E-01
    0.11603E+00,    0.36802E+00,   -0.75533E-02,   -0.23903E-02
    0.11214E+00,    0.32821E+00,   -0.19376E-02,    0.34151E-02
    0.13454E+00,    0.47184E-01,    0.79952E-02,    0.10985E-01
    0.11700E+00,    0.37797E+00,   -0.86003E-02,   -0.36692E-02
    0.11116E+00,    0.31825E+00,   -0.19941E-03,    0.49663E-02
    0.13183E+00,    0.58325E-01,    0.79836E-02,    0.10999E-01
    0.13529E+00,    0.47667E+00,    0.18781E+00,    0.92227E-02
    0.11019E+00,    0.30830E+00,    0.16543E-02,    0.65266E-02
    0.27648E+00,   -0.26684E+00,   -0.20810E-01,   -0.76034E-02
    0.22697E+00,   -0.18916E+00,    0.74729E-02,    0.10208E-01
    0.12208E+00,    0.10319E+00,    0.79136E-02,    0.11038E-01
    0.33544E+00,   -0.34196E+00,   -0.13582E-01,   -0.15040E-02
    0.31866E+00,   -0.32239E+00,   -0.22980E-01,   -0.40539E-03
    0.12724E+00,    0.44482E+00,   -0.11819E-01,   -0.99599E-02
    0.14997E+00,   -0.12662E-01,    0.80111E-02,    0.10877E-01
    0.22910E+00,   -0.19369E+00,    0.74420E-02,    0.10187E-01
    0.11251E+00,    0.17124E+00,    0.77518E-02,    0.11035E-01
    0.30193E+00,   -0.30201E+00,   -0.25470E-01,   -0.42888E-02
    0.10790E+00,    0.27356E+00,    0.74632E-02,    0.10882E-01
    0.13217E+00,    0.46974E+00,    0.11443E-01,    0.35880E-02
    0.12333E+00,    0.42837E+00,   -0.11707E-01,   -0.86691E-02
    0.10995E+00,    0.19508E+00,    0.76859E-02,    0.11014E-01
    0.10782E+00,    0.27995E+00,    0.74465E-02,    0.10867E-01
    0.14191E+00,    0.11955E-01,    0.80129E-02,    0.10928E-01
    0.15757E+00,   -0.38006E-01,    0.79931E-02,    0.10815E-01
    0.23537E+00,   -0.20583E+00,    0.28014E-02,    0.58532E-02
    0.28528E+00,   -0.28119E+00,   -0.23655E-01,   -0.69642E-02
    0.11445E+00,    0.14559E+00,    0.78194E-02,    0.11045E-01
    0.25083E+00,   -0.23160E+00,   -0.75879E-02,   -0.20386E-02
    0.34516E+00,   -0.35483E+00,   -0.13849E+00,    0.59083E-01
    0.13437E+00,    0.48161E+00,    0.58154E+00,    0.66764E+00
    0.10731E+00,    0.28571E+00,    0.63040E-02,    0.10062E-01
    0.23061E+00,   -0.19898E+00,    0.57540E-02,    0.85787E-02
    0.10749E+00,    0.29362E+00,    0.47078E-02,    0.88930E-02
    0.13421E+00,    0.37434E-01,    0.80008E-02,    0.10971E-01
    0.10689E+00,    0.23172E+00,    0.75832E-02,    0.10964E-01
    0.24043E+00,   -0.21651E+00,   -0.11703E-02,    0.26078E-02
    0.19962E+00,   -0.14244E+00,    0.77322E-02,    0.10449E-01
    0.16530E+00,   -0.63241E-01,    0.79588E-02,    0.10746E-01
    0.11706E+00,    0.11952E+00,    0.78801E-02,    0.11044E-01
    0.12467E+00,    0.77128E-01,    0.79571E-02,    0.11020E-01
    0.25935E+00,   -0.24668E+00,   -0.13101E-01,   -0.48997E-02
    0.20828E+00,   -0.16021E+00,    0.76487E-02,    0.10367E-01
    0.11862E+00,    0.41199E+00,   -0.11015E-01,   -0.71961E-02
    0.21181E+00,   -0.16726E+00,    0.76115E-02,    0.10333E-01
    0.17876E+00,   -0.98073E-01,    0.78842E-02,    0.10631E-01
    0.19057E+00,   -0.12484E+00,    0.78013E-02,    0.10527E-01
    0.20305E+00,   -0.15172E+00,    0.76907E-02,    0.10410E-01
    0.19431E+00,   -0.13402E+00,    0.77668E-02,    0.10490E-01
    0.31011E+00,   -0.31723E+00,   -0.23778E-01,   -0.17909E-02
    0.21572E+00,   -0.17628E+00,    0.75610E-02,    0.10293E-01
    0.17429E+00,   -0.89462E-01,    0.79053E-02,    0.10663E-01
    0.14194E+00,    0.21194E-02,    0.80108E-02,    0.10911E-01
    0.14967E+00,   -0.23175E-01,    0.80021E-02,    0.10856E-01
    0.22425E+00,   -0.19220E+00,    0.74605E-02,    0.10216E-01
    0.34699E+00,   -0.36030E+00,   -0.40188E+00,    0.82670E+00
    0.29357E+00,   -0.29698E+00,   -0.24625E-01,   -0.51143E-02
    0.26787E+00,   -0.26176E+00,   -0.17809E-01,   -0.63683E-02
    0.15783E+00,   -0.47759E-01,    0.79793E-02,    0.10793E-01
    0.10531E+00,    0.22137E+00,    0.76164E-02,    0.10980E-01
    0.10451E+00,    0.25210E+00,    0.75303E-02,    0.10928E-01
    0.13058E+00,    0.47725E+00,   -0.21892E-01,    0.12634E+00
    0.11965E+00,    0.93500E-01,    0.79303E-02,    0.11032E-01
    0.18161E+00,   -0.10807E+00,    0.78554E-02,    0.10597E-01
    0.12522E+00,    0.45450E+00,   -0.11538E-01,   -0.10844E-01
    0.22034E+00,   -0.18721E+00,    0.74954E-02,    0.10246E-01
    0.13382E+00,    0.26955E-01,    0.80044E-02,    0.10956E-01
    0.10649E+00,    0.18774E+00,    0.77117E-02,    0.11020E-01
    0.11204E+00,    0.13590E+00,    0.78442E-02,    0.11045E-01
    0.18483E+00,   -0.11739E+00,    0.78261E-02,    0.10563E-01
    0.22583E+00,   -0.19749E+00,    0.74269E-02,    0.10198E-01
    0.10868E+00,    0.16190E+00,    0.77807E-02,    0.11038E-01
    0.10339E+00,    0.27666E+00,    0.74664E-02,    0.10876E-01
    0.32617E+00,   -0.33935E+00,   -0.16811E-01,    0.15962E-02
    0.12690E+00,    0.52075E-01,    0.79856E-02,    0.10993E-01
    0.12035E+00,    0.43781E+00,   -0.11781E-01,   -0.91732E-02
    0.10313E+00,    0.28172E+00,    0.74540E-02,    0.10865E-01
    0.27638E+00,   -0.27684E+00,   -0.21283E-01,   -0.64758E-02
    0.24221E+00,   -0.22652E+00,   -0.40118E-02,    0.87359E-03
    0.10281E+00,    0.28672E+00,    0.64657E-02,    0.10161E-01
    0.10363E+00,    0.21153E+00,    0.76478E-02,    0.10993E-01
    0.11469E+00,    0.10990E+00,    0.78998E-02,    0.11040E-01
    0.22797E+00,   -0.20365E+00,    0.53385E-02,    0.83201E-02
    0.12270E+00,    0.66953E-01,    0.79686E-02,    0.11010E-01
    0.16476E+00,   -0.73188E-01,    0.79376E-02,    0.10722E-01
    0.12954E+00,    0.48293E+00,   -0.69097E+00,    0.56938E+00
    0.11633E+00,    0.42169E+00,   -0.11319E-01,   -0.78424E-02
    0.30163E+00,   -0.31192E+00,   -0.23968E-01,   -0.30018E-02
    0.34163E+00,   -0.35901E+00,    0.83367E-01,    0.17342E+00
    0.25073E+00,   -0.24160E+00,   -0.96413E-02,   -0.25383E-02
    0.14933E+00,   -0.32380E-01,    0.79921E-02,    0.10837E-01
    0.14143E+00,   -0.78219E-02,    0.80058E-02,    0.10893E-01
    0.12400E+00,    0.46227E+00,   -0.11176E-01,   -0.12186E-01
    0.10119E+00,    0.26152E+00,    0.75120E-02,    0.10909E-01
    0.28531E+00,   -0.29180E+00,   -0.23325E-01,   -0.55334E-02
    0.10595E+00,    0.35393E+00,   -0.51018E-02,    0.15057E-03
    0.10498E+00,    0.34398E+00,   -0.36693E-02,    0.16044E-02
    0.10692E+00,    0.36388E+00,   -0.64021E-02,   -0.12459E-02
    0.10400E+00,    0.33402E+00,   -0.21100E-02,    0.31014E-02
    0.10789E+00,    0.37383E+00,   -0.75661E-02,   -0.25716E-02
    0.10303E+00,    0.32407E+00,   -0.43148E-03,    0.46265E-02
    0.13329E+00,    0.16999E-01,    0.80052E-02,    0.10941E-01
    0.10886E+00,    0.38379E+00,   -0.85923E-02,   -0.38147E-02
    0.10684E+00,    0.15207E+00,    0.78073E-02,    0.11041E-01
    0.10206E+00,    0.31412E+00,    0.13562E-02,    0.61640E-02
    0.15700E+00,   -0.57673E-01,    0.79619E-02,    0.10771E-01
    0.25925E+00,   -0.25668E+00,   -0.14667E-01,   -0.47309E-02
    0.10221E+00,    0.20166E+00,    0.76781E-02,    0.11005E-01
    0.10397E+00,    0.17807E+00,    0.77415E-02,    0.11027E-01
    0.11725E+00,    0.83800E-01,    0.79445E-02,    0.11025E-01
    0.11158E+00,    0.40490E+00,   -0.10321E-01,   -0.61678E-02
    0.10984E+00,    0.39374E+00,   -0.94714E-02,   -0.49638E-02
    0.32981E+00,   -0.34827E+00,   -0.87265E-02,    0.49520E-02
    0.10109E+00,    0.30417E+00,    0.32467E-02,    0.77007E-02
    0.10962E+00,    0.12620E+00,    0.78667E-02,    0.11044E-01
    0.99861E-01,    0.27134E+00,    0.74890E-02,    0.10889E-01
    0.34336E+00,   -0.36376E+00,    0.82281E+00,    0.37953E+00
    0.33509E+00,   -0.35502E+00,    0.80349E-02,    0.11364E-01
    0.22027E+00,   -0.19590E+00,    0.74478E-02,    0.10229E-01
    0.99611E-01,    0.27816E+00,    0.74718E-02,    0.10874E-01
    0.12553E+00,    0.42316E-01,    0.79914E-02,    0.10981E-01
    0.22946E+00,   -0.21209E+00,    0.28803E-02,    0.63640E-02
    0.11832E+00,    0.44743E+00,   -0.11847E-01,   -0.97475E-02
    0.12546E+00,    0.47921E+00,   -0.17591E+00,   -0.55133E-01
    0.26777E+00,   -0.27176E+00,   -0.18703E-01,   -0.56467E-02
    0.31736E+00,   -0.33577E+00,   -0.19465E-01,    0.78129E-03
    0.22250E+00,   -0.20124E+00,    0.74133E-02,    0.10209E-01
    0.14971E+00,   -0.42355E-01,    0.79798E-02,    0.10815E-01
    0.11255E+00,    0.10040E+00,    0.79169E-02,    0.11035E-01
    0.30990E+00,   -0.32718E+00,   -0.21790E-01,   -0.82250E-03
    0.14143E+00,   -0.17776E-01,    0.79990E-02,    0.10874E-01
    0.29334E+00,   -0.30696E+00,   -0.23570E-01,   -0.38604E-02
    0.98482E-01,    0.24095E+00,    0.75742E-02,    0.10948E-01
    0.19856E+00,   -0.15846E+00,    0.76622E-02,    0.10408E-01
    0.98407E-01,    0.28340E+00,    0.74613E-02,    0.10863E-01
    0.12047E+00,    0.57390E-01,    0.79769E-02,    0.11000E-01
    0.23360E+00,   -0.22143E+00,   -0.47270E-03,    0.38305E-02
    0.18974E+00,   -0.14109E+00,    0.77386E-02,    0.10484E-01
    0.16411E+00,   -0.83164E-01,    0.79142E-02,    0.10698E-01
    0.13327E+00,    0.70095E-02,    0.80041E-02,    0.10925E-01
    0.11375E+00,    0.43086E+00,   -0.11525E-01,   -0.83765E-02
    0.27688E+00,   -0.28643E+00,   -0.21558E-01,   -0.55194E-02
    0.22405E+00,   -0.20628E+00,    0.57462E-02,    0.87857E-02
    0.10486E+00,    0.14280E+00,    0.78308E-02,    0.11042E-01
    0.19360E+00,   -0.15029E+00,    0.76999E-02,    0.10447E-01
    0.10184E+00,    0.16886E+00,    0.77681E-02,    0.11032E-01
    0.20230E+00,   -0.16761E+00,    0.76175E-02,    0.10371E-01
    0.97699E-01,    0.28914E+00,    0.63800E-02,    0.10079E-01
    0.33798E+00,   -0.36166E+00,    0.13678E+00,   -0.52733E-01
    0.24212E+00,   -0.23652E+00,   -0.61865E-02,   -0.50350E-05
    0.18065E+00,   -0.12376E+00,    0.78028E-02,    0.10556E-01
    0.12469E+00,    0.48420E+00,   -0.56754E+00,   -0.73621E+00
    0.18475E+00,   -0.13286E+00,    0.77705E-02,    0.10521E-01
    0.99272E-01,    0.19478E+00,    0.77014E-02,    0.11011E-01
    0.97457E-01,    0.22753E+00,    0.76134E-02,    0.10970E-01
    0.12539E+00,    0.32328E-01,    0.79959E-02,    0.10967E-01
    0.12189E+00,    0.47364E+00,   -0.30741E-01,   -0.36209E-01
    0.20582E+00,   -0.17522E+00,    0.75776E-02,    0.10338E-01
    0.10747E+00,    0.11678E+00,    0.78864E-02,    0.11041E-01
    0.11516E+00,    0.74108E-01,    0.79565E-02,    0.11017E-01
    0.25064E+00,   -0.25160E+00,   -0.11440E-01,   -0.27865E-02
    0.10905E+00,    0.41484E+00,   -0.10777E-01,   -0.69186E-02
    0.17175E+00,   -0.10659E+00,    0.78553E-02,    0.10623E-01
    0.15579E+00,   -0.67694E-01,    0.79420E-02,    0.10749E-01
    0.17550E+00,   -0.11582E+00,    0.78280E-02,    0.10590E-01
    0.30146E+00,   -0.32190E+00,   -0.22421E-01,   -0.20049E-02
    0.32047E+00,   -0.34476E+00,   -0.17057E-01,    0.27370E-02
    0.95790E-01,    0.29500E+00,    0.53871E-02,    0.93280E-02
    0.13304E+00,   -0.24093E-02,    0.80009E-02,    0.10909E-01
    0.95933E-01,    0.21791E+00,    0.76427E-02,    0.10983E-01
    0.14080E+00,   -0.27718E-01,    0.79894E-02,    0.10855E-01
    0.21745E+00,   -0.20011E+00,    0.74308E-02,    0.10236E-01
    0.12161E+00,    0.48069E+00,    0.22241E-02,   -0.21578E+00
    0.11605E+00,    0.45704E+00,   -0.12198E-01,   -0.10258E-01
    0.11257E+00,    0.44037E+00,   -0.11714E-01,   -0.89416E-02
    0.28485E+00,   -0.30183E+00,   -0.22671E-01,   -0.43830E-02
    0.33970E+00,   -0.36718E+00,    0.35946E+00,   -0.80309E+00
    0.14898E+00,   -0.52267E-01,    0.79643E-02,    0.10794E-01
    0.94705E-01,    0.25398E+00,    0.75466E-02,    0.10924E-01
    0.25916E+00,   -0.26668E+00,   -0.15909E-01,   -0.44117E-02
    0.16562E+00,   -0.95572E-01,    0.78835E-02,    0.10664E-01
    0.10007E+00,    0.15926E+00,    0.77940E-02,    0.11036E-01
    0.11006E+00,    0.90746E-01,    0.79321E-02,    0.11029E-01
    0.94366E-01,    0.27927E+00,    0.74814E-02,    0.10873E-01
    0.12498E+00,    0.22344E-01,    0.79979E-02,    0.10953E-01
    0.21910E+00,   -0.20493E+00,    0.74012E-02,    0.10220E-01
    0.96851E-01,    0.18508E+00,    0.77306E-02,    0.11019E-01
    0.10244E+00,    0.13312E+00,    0.78536E-02,    0.11042E-01
    0.11797E+00,    0.47902E-01,    0.79827E-02,    0.10989E-01
    0.93658E-01,    0.28501E+00,    0.74687E-02,    0.10861E-01
    0.94621E-01,    0.20520E+00,    0.76795E-02,    0.10999E-01
    0.22115E+00,   -0.21033E+00,    0.55129E-02,    0.86865E-02
    0.26768E+00,   -0.28176E+00,   -0.19268E-01,   -0.49149E-02
    0.20728E+00,   -0.18659E+00,    0.75192E-02,    0.10307E-01
    0.23351E+00,   -0.23143E+00,   -0.27452E-02,    0.26189E-02
    0.96842E-01,    0.34979E+00,   -0.38419E-02,    0.12954E-02
    0.97814E-01,    0.35975E+00,   -0.52329E-02,   -0.12671E-03
    0.95870E-01,    0.33984E+00,   -0.23312E-02,    0.27632E-02
    0.10511E+00,    0.10707E+00,    0.79046E-02,    0.11037E-01
    0.21176E+00,   -0.19531E+00,    0.74673E-02,    0.10270E-01
    0.92803E-01,    0.28958E+00,    0.66364E-02,    0.10252E-01
    0.98787E-01,    0.36970E+00,   -0.64979E-02,   -0.14894E-02
    0.94897E-01,    0.32989E+00,   -0.70866E-03,    0.42620E-02
    0.33381E+00,   -0.36457E+00,   -0.50865E-01,   -0.10054E+00
    0.11983E+00,    0.48543E+00,    0.74521E+00,   -0.49608E+00
    0.99759E-01,    0.37965E+00,   -0.76320E-02,   -0.27798E-02
    0.93925E-01,    0.31994E+00,    0.10174E-02,    0.57774E-02
    0.11280E+00,    0.64395E-01,    0.79662E-02,    0.11008E-01
    0.29294E+00,   -0.31683E+00,   -0.22411E-01,   -0.29054E-02
    0.14091E+00,   -0.37647E-01,    0.79783E-02,    0.10834E-01
    0.11470E+00,    0.46466E+00,   -0.13559E-01,   -0.10432E-01
    0.30947E+00,   -0.33727E+00,   -0.19971E-01,   -0.26710E-04
    0.13277E+00,   -0.12798E-01,    0.79950E-02,    0.10890E-01
    0.15526E+00,   -0.77481E-01,    0.79212E-02,    0.10727E-01
    0.24203E+00,   -0.24651E+00,   -0.81661E-02,   -0.62354E-03
    0.10073E+00,    0.38961E+00,   -0.86319E-02,   -0.39869E-02
    0.92953E-01,    0.30998E+00,    0.28281E-02,    0.72900E-02
    0.91383E-01,    0.26317E+00,    0.75295E-02,    0.10907E-01
    0.12493E+00,    0.12464E-01,    0.79980E-02,    0.10938E-01
    0.27645E+00,   -0.29642E+00,   -0.21352E-01,   -0.45473E-02
    0.10594E+00,    0.42467E+00,   -0.11109E-01,   -0.75391E-02
    0.10170E+00,    0.39956E+00,   -0.94917E-02,   -0.50987E-02
    0.97624E-01,    0.14969E+00,    0.78185E-02,    0.11038E-01
    0.19414E+00,   -0.16591E+00,    0.76316E-02,    0.10405E-01
    0.10801E+00,    0.80983E-01,    0.79452E-02,    0.11022E-01
    0.14815E+00,   -0.62154E-01,    0.79468E-02,    0.10773E-01
    0.94329E-01,    0.17544E+00,    0.77583E-02,    0.11025E-01
    0.25055E+00,   -0.26160E+00,   -0.12965E-01,   -0.28485E-02
    0.21360E+00,   -0.20315E+00,    0.74233E-02,    0.10249E-01
    0.32207E+00,   -0.35457E+00,   -0.18171E-01,    0.72531E-02
    0.10010E+00,    0.12342E+00,    0.78743E-02,    0.11040E-01
    0.90156E-01,    0.28139E+00,    0.74858E-02,    0.10870E-01
    0.11683E+00,    0.37410E-01,    0.79878E-02,    0.10977E-01
    0.10935E+00,    0.44979E+00,   -0.11864E-01,   -0.92461E-02
    0.33600E+00,   -0.37056E+00,   -0.79957E+00,   -0.40993E+00
    0.11617E+00,    0.48096E+00,    0.11954E+00,    0.14286E-01
    0.21565E+00,   -0.20856E+00,    0.73905E-02,    0.10232E-01
    0.18868E+00,   -0.15887E+00,    0.76656E-02,    0.10440E-01
    0.25906E+00,   -0.27668E+00,   -0.16845E-01,   -0.40175E-02
    0.17984E+00,   -0.14146E+00,    0.77383E-02,    0.10511E-01
    0.88890E-01,    0.27388E+00,    0.75075E-02,    0.10886E-01
    0.30105E+00,   -0.33187E+00,   -0.20913E-01,   -0.12795E-02
    0.14071E+00,   -0.46670E-01,    0.79661E-02,    0.10816E-01
    0.10305E+00,    0.97305E-01,    0.79207E-02,    0.11032E-01
    0.13247E+00,   -0.22197E-01,    0.79875E-02,    0.10873E-01
    0.28452E+00,   -0.31149E+00,   -0.21926E-01,   -0.35098E-02
    0.88883E-01,    0.28653E+00,    0.74759E-02,    0.10859E-01
    0.10201E+00,    0.41806E+00,   -0.10678E-01,   -0.68242E-02
    0.88827E-01,    0.23495E+00,    0.76090E-02,    0.10957E-01
    0.18362E+00,   -0.15027E+00,    0.77032E-02,    0.10478E-01
    0.19620E+00,   -0.17505E+00,    0.75886E-02,    0.10376E-01
    0.88770E-01,    0.29203E+00,    0.64365E-02,    0.10091E-01
    0.12449E+00,    0.25087E-02,    0.79956E-02,    0.10922E-01
    0.90469E-01,    0.19344E+00,    0.77162E-02,    0.11010E-01
    0.10457E+00,    0.43455E+00,   -0.11422E-01,   -0.81562E-02
    0.17477E+00,   -0.13287E+00,    0.77701E-02,    0.10547E-01
    0.15515E+00,   -0.87584E-01,    0.78979E-02,    0.10703E-01
    0.17081E+00,   -0.12450E+00,    0.77984E-02,    0.10578E-01
    0.11063E+00,    0.54689E-01,    0.79736E-02,    0.10998E-01
    0.26801E+00,   -0.29106E+00,   -0.19627E-01,   -0.43156E-02
    0.87752E-01,    0.24687E+00,    0.75796E-02,    0.10937E-01
    0.92441E-01,    0.16563E+00,    0.77843E-02,    0.11030E-01
    0.95295E-01,    0.13997E+00,    0.78415E-02,    0.11039E-01
    0.88141E-01,    0.22407E+00,    0.76391E-02,    0.10973E-01
    0.22109E+00,   -0.22109E+00,    0.28985E-02,    0.68656E-02
    0.21680E+00,   -0.21394E+00,    0.57442E-02,    0.89820E-02
    0.23341E+00,   -0.24143E+00,   -0.48692E-02,    0.16778E-02
    0.88338E-01,    0.21328E+00,    0.76672E-02,    0.10987E-01
    0.11496E+00,    0.48661E+00,    0.46300E+00,    0.75120E+00
    0.11638E+00,    0.27442E-01,    0.79908E-02,    0.10963E-01
    0.87634E-01,    0.30014E+00,    0.50045E-02,    0.89927E-02
    0.33068E+00,   -0.36911E+00,   -0.18706E+00,    0.88579E-01
    0.16166E+00,   -0.10692E+00,    0.78502E-02,    0.10643E-01
    0.97991E-01,    0.11367E+00,    0.78930E-02,    0.11038E-01
    0.16554E+00,   -0.11605E+00,    0.78243E-02,    0.10612E-01
    0.10558E+00,    0.71305E-01,    0.79559E-02,    0.11014E-01
    0.24193E+00,   -0.25651E+00,   -0.99202E-02,   -0.10346E-02
    0.11103E+00,    0.47528E+00,   -0.55126E-02,    0.14313E-01
    0.19804E+00,   -0.18396E+00,    0.75449E-02,    0.10350E-01
    0.29266E+00,   -0.32647E+00,   -0.21270E-01,   -0.22218E-02
    0.31203E+00,   -0.35015E+00,   -0.18591E-01,    0.13857E-02
    0.12445E+00,   -0.74560E-02,    0.79914E-02,    0.10905E-01
    0.10685E+00,    0.45934E+00,   -0.11963E-01,   -0.91317E-02
    0.32538E+00,   -0.36542E+00,   -0.37586E-01,    0.23275E-01
    0.21053E+00,   -0.20737E+00,    0.74088E-02,    0.10257E-01
    0.85263E-01,    0.25650E+00,    0.75595E-02,    0.10920E-01
    0.13219E+00,   -0.32777E-01,    0.79770E-02,    0.10852E-01
    0.27595E+00,   -0.30638E+00,   -0.20950E-01,   -0.37589E-02
    0.10283E+00,    0.44244E+00,   -0.11601E-01,   -0.85215E-02
    0.11175E+00,    0.48275E+00,   -0.50178E-01,    0.18310E+00
    0.13993E+00,   -0.56493E-01,    0.79505E-02,    0.10795E-01
    0.90458E-01,    0.15662E+00,    0.78070E-02,    0.11034E-01
    0.84982E-01,    0.28227E+00,    0.74951E-02,    0.10869E-01
    0.25045E+00,   -0.27159E+00,   -0.14216E-01,   -0.27892E-02
    0.33226E+00,   -0.37390E+00,   -0.41086E+00,    0.83019E+00
    0.10064E+00,    0.87702E-01,    0.79343E-02,    0.11026E-01
    0.11629E+00,    0.17449E-01,    0.79918E-02,    0.10949E-01
    0.21213E+00,   -0.21213E+00,    0.73810E-02,    0.10243E-01
    0.87280E-01,    0.18231E+00,    0.77482E-02,    0.11018E-01
    0.15444E+00,   -0.96518E-01,    0.78754E-02,    0.10682E-01
    0.92850E-01,    0.13030E+00,    0.78625E-02,    0.11039E-01
    0.88709E-01,    0.35561E+00,   -0.40603E-02,    0.96091E-03
    0.87737E-01,    0.34566E+00,   -0.25956E-02,    0.23998E-02
    0.95920E-01,    0.41015E+00,   -0.99909E-02,   -0.58307E-02
    0.89681E-01,    0.36557E+00,   -0.54110E-02,   -0.42984E-03
    0.86764E-01,    0.33571E+00,   -0.10252E-02,    0.38725E-02
    0.84082E-01,    0.28798E+00,    0.74831E-02,    0.10857E-01
    0.90654E-01,    0.37552E+00,   -0.66410E-02,   -0.17591E-02
    0.85792E-01,    0.32576E+00,    0.63965E-03,    0.53641E-02
    0.84980E-01,    0.20435E+00,    0.76954E-02,    0.10997E-01
    0.14428E+00,   -0.72428E-01,    0.79246E-02,    0.10754E-01
    0.91626E-01,    0.38547E+00,   -0.77430E-02,   -0.30131E-02
    0.21400E+00,   -0.21760E+00,    0.55435E-02,    0.89013E-02
    0.20025E+00,   -0.19367E+00,    0.74958E-02,    0.10322E-01
    0.98014E-01,    0.42714E+00,   -0.10990E-01,   -0.73391E-02
    0.25897E+00,   -0.28668E+00,   -0.17504E-01,   -0.36117E-02
    0.83426E-01,    0.29294E+00,    0.65914E-02,    0.10192E-01
    0.10837E+00,    0.42737E-01,    0.79801E-02,    0.10985E-01
    0.92598E-01,    0.39542E+00,   -0.87257E-02,   -0.41887E-02
    0.32769E+00,   -0.37190E+00,    0.27654E-01,    0.18057E+00
    0.84174E-01,    0.31316E+00,    0.28927E-02,    0.72766E-02
    0.14678E+00,   -0.80879E-01,    0.79085E-02,    0.10731E-01
    0.95663E-01,    0.10402E+00,    0.79095E-02,    0.11034E-01
    0.82538E-01,    0.26608E+00,    0.75407E-02,    0.10902E-01
    0.22373E+00,   -0.23499E+00,   -0.99824E-03,    0.44204E-02
    0.20455E+00,   -0.20282E+00,    0.74439E-02,    0.10289E-01
    0.10537E+00,    0.46687E+00,   -0.11376E-01,   -0.80530E-02
    0.10344E+00,    0.61561E-01,    0.79645E-02,    0.11005E-01
    0.28406E+00,   -0.32138E+00,   -0.21067E-01,   -0.28487E-02
    0.11007E+00,    0.48773E+00,   -0.80125E+00,    0.41780E+00
    0.12393E+00,   -0.17416E-01,    0.79846E-02,    0.10888E-01
    0.23332E+00,   -0.25143E+00,   -0.68110E-02,    0.95520E-03
    0.11606E+00,    0.78619E-02,    0.79907E-02,    0.10935E-01
    0.26761E+00,   -0.30104E+00,   -0.19628E-01,   -0.36963E-02
    0.85382E-01,    0.17265E+00,    0.77736E-02,    0.11024E-01
    0.88086E-01,    0.14690E+00,    0.78301E-02,    0.11036E-01
    0.18498E+00,   -0.16955E+00,    0.76231E-02,    0.10427E-01
    0.98628E-01,    0.77927E-01,    0.79461E-02,    0.11019E-01
    0.20669E+00,   -0.21018E+00,    0.74038E-02,    0.10269E-01
    0.16996E+00,   -0.14007E+00,    0.77448E-02,    0.10541E-01
    0.10032E+00,    0.45194E+00,   -0.11718E-01,   -0.87646E-02
    0.80710E-01,    0.23986E+00,    0.76108E-02,    0.10948E-01
    0.24184E+00,   -0.26651E+00,   -0.11435E-01,   -0.12932E-02
    0.90775E-01,    0.12058E+00,    0.78815E-02,    0.11037E-01
    0.80680E-01,    0.28427E+00,    0.74995E-02,    0.10866E-01
    0.10801E+00,    0.32749E-01,    0.79840E-02,    0.10973E-01
    0.31447E+00,   -0.36106E+00,   -0.19780E-01,    0.46911E-03
    0.17377E+00,   -0.14929E+00,    0.77103E-02,    0.10508E-01
    0.32849E+00,   -0.37721E+00,    0.81717E+00,    0.34992E+00
    0.10651E+00,    0.48319E+00,   -0.14581E+00,   -0.45409E-01
    0.17784E+00,   -0.15840E+00,    0.76734E-02,    0.10475E-01
    0.30049E+00,   -0.34566E+00,   -0.19287E-01,   -0.83462E-03
    0.20856E+00,   -0.21565E+00,    0.73728E-02,    0.10255E-01
    0.79575E-01,    0.27683E+00,    0.75201E-02,    0.10881E-01
    0.16093E+00,   -0.12329E+00,    0.78009E-02,    0.10603E-01
    0.16496E+00,   -0.13239E+00,    0.77717E-02,    0.10572E-01
    0.12968E+00,   -0.44569E-01,    0.79608E-02,    0.10831E-01
    0.12397E+00,   -0.27364E-01,    0.79762E-02,    0.10869E-01
    0.29217E+00,   -0.33645E+00,   -0.20139E-01,   -0.17911E-02
    0.25036E+00,   -0.28159E+00,   -0.15204E-01,   -0.26677E-02
    0.93533E-01,    0.94252E-01,    0.79241E-02,    0.11029E-01
    0.79259E-01,    0.28934E+00,    0.74903E-02,    0.10856E-01
    0.18864E+00,   -0.18126E+00,    0.75688E-02,    0.10389E-01
    0.27590E+00,   -0.31636E+00,   -0.20478E-01,   -0.31723E-02
    0.92182E-01,    0.41941E+00,   -0.10426E-01,   -0.64679E-02
    0.95241E-01,    0.43663E+00,   -0.11290E-01,   -0.78413E-02
    0.11581E+00,   -0.24318E-02,    0.79873E-02,    0.10918E-01
    0.78123E-01,    0.24952E+00,    0.75910E-02,    0.10932E-01
    0.15593E+00,   -0.11502E+00,    0.78251E-02,    0.10634E-01
    0.82991E-01,    0.16299E+00,    0.77979E-02,    0.11028E-01
    0.88850E-01,    0.40275E+00,   -0.91476E-02,   -0.47597E-02
    0.21388E+00,   -0.22785E+00,    0.30907E-02,    0.73247E-02
    0.15172E+00,   -0.10597E+00,    0.78493E-02,    0.10664E-01
    0.85710E-01,    0.13719E+00,    0.78513E-02,    0.11036E-01
    0.10790E+00,    0.22834E-01,    0.79859E-02,    0.10959E-01
    0.78169E-01,    0.29502E+00,    0.65106E-02,    0.10117E-01
    0.20953E+00,   -0.22107E+00,    0.57820E-02,    0.91608E-02
    0.13172E+00,   -0.55245E-01,    0.79468E-02,    0.10807E-01
    0.10104E+00,    0.50178E-01,    0.79719E-02,    0.10994E-01
    0.32320E+00,   -0.37489E+00,    0.11180E+00,   -0.45020E-01
    0.22471E+00,   -0.24635E+00,   -0.36669E-02,    0.30490E-02
    0.79807E-01,    0.18895E+00,    0.77401E-02,    0.11010E-01
    0.77515E-01,    0.22997E+00,    0.76413E-02,    0.10962E-01
    0.10518E+00,    0.48881E+00,   -0.43500E+00,   -0.80560E+00
    0.13453E+00,   -0.64431E-01,    0.79334E-02,    0.10784E-01
    0.78013E-01,    0.21487E+00,    0.76785E-02,    0.10982E-01
    0.25839E+00,   -0.29654E+00,   -0.17816E-01,   -0.32040E-02
    0.88408E-01,    0.11087E+00,    0.78986E-02,    0.11034E-01
    0.96130E-01,    0.68346E-01,    0.79555E-02,    0.11011E-01
    0.10161E+00,    0.47729E+00,   -0.16053E-01,   -0.33939E-01
    0.19084E+00,   -0.19084E+00,    0.75234E-02,    0.10362E-01
    0.23323E+00,   -0.26143E+00,   -0.85478E-02,    0.40540E-03
    0.97611E-01,    0.46143E+00,   -0.11557E-01,   -0.88606E-02
    0.28395E+00,   -0.33135E+00,   -0.20202E-01,   -0.24162E-02
    0.20348E+00,   -0.21429E+00,    0.73917E-02,    0.10277E-01
    0.75642E-01,    0.25907E+00,    0.75717E-02,    0.10915E-01
    0.76512E-01,    0.30300E+00,    0.51689E-02,    0.90695E-02
    0.11554E+00,   -0.11990E-01,    0.79822E-02,    0.10902E-01
    0.26749E+00,   -0.31095E+00,   -0.19498E-01,   -0.32292E-02
    0.30521E+00,   -0.35756E+00,   -0.18248E-01,   -0.74079E-03
    0.12332E+00,   -0.37303E-01,    0.79653E-02,    0.10851E-01
    0.75502E-01,    0.28495E+00,    0.75087E-02,    0.10865E-01
    0.79604E-01,    0.35148E+00,   -0.28979E-02,    0.20110E-02
    0.80576E-01,    0.36143E+00,   -0.43187E-02,    0.60079E-03
    0.78631E-01,    0.34153E+00,   -0.13761E-02,    0.34580E-02
    0.81548E-01,    0.37138E+00,   -0.56302E-02,   -0.75876E-03
    0.77659E-01,    0.33157E+00,    0.23681E-03,    0.49273E-02
    0.10207E+00,    0.48487E+00,    0.39148E-01,   -0.20107E+00
    0.93203E-01,    0.44498E+00,   -0.11492E-01,   -0.81862E-02
    0.91216E-01,    0.84609E-01,    0.79365E-02,    0.11023E-01
    0.24175E+00,   -0.27651E+00,   -0.12712E-01,   -0.14527E-02
    0.82521E-01,    0.38134E+00,   -0.68279E-02,   -0.20562E-02
    0.80699E-01,    0.15367E+00,    0.78199E-02,    0.11031E-01
    0.76687E-01,    0.32162E+00,    0.19307E-02,    0.64041E-02
    0.32469E+00,   -0.38048E+00,    0.32518E+00,   -0.83098E+00
    0.10752E+00,    0.12867E-01,    0.79856E-02,    0.10945E-01
    0.20493E+00,   -0.21910E+00,    0.73656E-02,    0.10266E-01
    0.77833E-01,    0.17915E+00,    0.77653E-02,    0.11017E-01
    0.89486E-01,    0.42871E+00,   -0.10837E-01,   -0.70752E-02
    0.75714E-01,    0.31167E+00,    0.36866E-02,    0.78705E-02
    0.83575E-01,    0.12750E+00,    0.78706E-02,    0.11035E-01
    0.19367E+00,   -0.20025E+00,    0.74766E-02,    0.10335E-01
    0.14505E+00,   -0.99462E-01,    0.78640E-02,    0.10690E-01
    0.74413E-01,    0.29062E+00,    0.74974E-02,    0.10854E-01
    0.31603E+00,   -0.37221E+00,   -0.12394E-01,   -0.26630E-01
    0.14105E+00,   -0.90327E-01,    0.78844E-02,    0.10718E-01
    0.75383E-01,    0.20522E+00,    0.77058E-02,    0.10992E-01
    0.73601E-01,    0.26869E+00,    0.75520E-02,    0.10898E-01
    0.20660E+00,   -0.22463E+00,    0.55967E-02,    0.90910E-02
    0.13680E+00,   -0.81304E-01,    0.79022E-02,    0.10744E-01
    0.85394E-01,    0.41209E+00,   -0.97232E-02,   -0.55193E-02
    0.19766E+00,   -0.20954E+00,    0.74265E-02,    0.10306E-01
    0.99432E-01,    0.37884E-01,    0.79774E-02,    0.10980E-01
    0.16586E+00,   -0.14914E+00,    0.77134E-02,    0.10529E-01
    0.73590E-01,    0.29557E+00,    0.66464E-02,    0.10209E-01
    0.24986E+00,   -0.29142E+00,   -0.15857E-01,   -0.24922E-02
    0.82384E-01,    0.39513E+00,   -0.82124E-02,   -0.36530E-02
    0.86087E-01,    0.10115E+00,    0.79138E-02,    0.11030E-01
    0.95984E-01,    0.46889E+00,   -0.11050E-01,   -0.95236E-02
    0.21609E+00,   -0.24127E+00,   -0.50667E-03,    0.51843E-02
    0.32008E+00,   -0.37851E+00,   -0.84479E-01,   -0.18390E+00
    0.16965E+00,   -0.15787E+00,    0.76797E-02,    0.10499E-01
    0.94052E-01,    0.58660E-01,    0.79631E-02,    0.11002E-01
    0.27541E+00,   -0.32635E+00,   -0.19857E-01,   -0.27801E-02
    0.11529E+00,   -0.22425E-01,    0.79745E-02,    0.10884E-01
    0.10027E+00,    0.48984E+00,    0.80358E+00,   -0.39126E+00
    0.10741E+00,    0.28924E-02,    0.79835E-02,    0.10930E-01
    0.22461E+00,   -0.25635E+00,   -0.55890E-02,    0.22421E-02
    0.25889E+00,   -0.30589E+00,   -0.18131E-01,   -0.29735E-02
    0.75780E-01,    0.16990E+00,    0.77882E-02,    0.11022E-01
    0.73478E-01,    0.19677E+00,    0.77286E-02,    0.11000E-01
    0.16020E+00,   -0.14095E+00,    0.77433E-02,    0.10562E-01
    0.78361E-01,    0.14396E+00,    0.78412E-02,    0.11032E-01
    0.91251E-01,    0.45389E+00,   -0.11624E-01,   -0.84358E-02
    0.13144E+00,   -0.72984E-01,    0.79160E-02,    0.10769E-01
    0.19956E+00,   -0.21697E+00,    0.73885E-02,    0.10289E-01
    0.71055E-01,    0.24246E+00,    0.76209E-02,    0.10942E-01
    0.88999E-01,    0.75321E-01,    0.79465E-02,    0.11016E-01
    0.71133E-01,    0.28681E+00,    0.75131E-02,    0.10862E-01
    0.81252E-01,    0.11779E+00,    0.78882E-02,    0.11033E-01
    0.99292E-01,    0.27890E-01,    0.79801E-02,    0.10968E-01
    0.23313E+00,   -0.27143E+00,   -0.10072E-01,   -0.19217E-04
    0.30717E+00,   -0.36727E+00,   -0.16315E-01,   -0.28891E-02
    0.29586E+00,   -0.35430E+00,   -0.18352E-01,   -0.15071E-02
    0.15501E+00,   -0.13246E+00,    0.77717E-02,    0.10594E-01
    0.70881E-01,    0.22199E+00,    0.76712E-02,    0.10971E-01
    0.70264E-01,    0.27935E+00,    0.75326E-02,    0.10877E-01
    0.12700E+00,   -0.64043E-01,    0.79296E-02,    0.10793E-01
    0.96798E-01,    0.48523E+00,    0.13142E+00,    0.33351E-01
    0.32086E+00,   -0.38370E+00,   -0.86306E+00,   -0.28641E+00
    0.20124E+00,   -0.22250E+00,    0.73594E-02,    0.10277E-01
    0.15047E+00,   -0.12375E+00,    0.77984E-02,    0.10623E-01
    0.86187E-01,    0.43793E+00,   -0.11158E-01,   -0.75518E-02
    0.28259E+00,   -0.34017E+00,   -0.19366E-01,   -0.23081E-02
    0.17169E+00,   -0.16961E+00,    0.76331E-02,    0.10467E-01
    0.69546E-01,    0.29183E+00,    0.75044E-02,    0.10852E-01
    0.26701E+00,   -0.32094E+00,   -0.19181E-01,   -0.28991E-02
    0.83954E-01,    0.91453E-01,    0.79269E-02,    0.11025E-01
    0.24133E+00,   -0.28627E+00,   -0.13667E-01,   -0.15174E-02
    0.17680E+00,   -0.18038E+00,    0.75855E-02,    0.10429E-01
    0.10697E+00,   -0.70846E-02,    0.79791E-02,    0.10915E-01
    0.82516E-01,    0.42165E+00,   -0.10262E-01,   -0.62451E-02
    0.12227E+00,   -0.54943E-01,    0.79413E-02,    0.10817E-01
    0.14583E+00,   -0.11544E+00,    0.78218E-02,    0.10652E-01
    0.68501E-01,    0.25212E+00,    0.76017E-02,    0.10926E-01
    0.71274E-01,    0.18649E+00,    0.77550E-02,    0.11008E-01
    0.73431E-01,    0.16054E+00,    0.78102E-02,    0.11025E-01
    0.79051E-01,    0.40455E+00,   -0.89000E-02,   -0.45064E-02
    0.76185E-01,    0.13421E+00,    0.78608E-02,    0.11033E-01
    0.99052E-01,    0.18179E-01,    0.79808E-02,    0.10955E-01
    0.20610E+00,   -0.23429E+00,    0.34030E-02,    0.77784E-02
    0.92936E-01,    0.47835E+00,   -0.23972E-02,    0.11003E-01
    0.20203E+00,   -0.22795E+00,    0.58344E-02,    0.93149E-02
    0.68268E-01,    0.29746E+00,    0.65648E-02,    0.10135E-01
    0.31561E+00,   -0.38128E+00,   -0.13968E+00,    0.56931E-01
    0.14068E+00,   -0.10656E+00,    0.78445E-02,    0.10681E-01
    0.18032E+00,   -0.19004E+00,    0.75412E-02,    0.10399E-01
    0.21600E+00,   -0.25127E+00,   -0.25885E-02,    0.41555E-02
    0.68347E-01,    0.21231E+00,    0.76980E-02,    0.10982E-01
    0.75635E-01,    0.38780E+00,   -0.71658E-02,   -0.25022E-02
    0.95358E-01,    0.49082E+00,    0.36165E+00,    0.79819E+00
    0.86930E-01,    0.65545E-01,    0.79551E-02,    0.11008E-01
    0.24961E+00,   -0.30123E+00,   -0.16368E-01,   -0.23837E-02
    0.79003E-01,    0.10809E+00,    0.79038E-02,    0.11030E-01
    0.11356E+00,   -0.35023E-01,    0.79614E-02,    0.10863E-01
    0.71471E-01,    0.35730E+00,   -0.32334E-02,    0.15967E-02
    0.70498E-01,    0.34734E+00,   -0.17580E-02,    0.30181E-02
    0.11716E+00,   -0.46734E-01,    0.79497E-02,    0.10838E-01
    0.88336E-01,    0.46331E+00,   -0.11772E-01,   -0.85240E-02
    0.72443E-01,    0.36725E+00,   -0.46116E-02,    0.21522E-03
    0.69526E-01,    0.33739E+00,   -0.19532E-03,    0.44649E-02
    0.73415E-01,    0.37720E+00,   -0.58821E-02,   -0.11115E-02
    0.68554E-01,    0.32744E+00,    0.14434E-02,    0.59226E-02
    0.22452E+00,   -0.26635E+00,   -0.73251E-02,    0.15757E-02
    0.27516E+00,   -0.33591E+00,   -0.19230E-01,   -0.25943E-02
    0.19620E+00,   -0.22097E+00,    0.73785E-02,    0.10297E-01
    0.10702E+00,   -0.16883E-01,    0.79733E-02,    0.10898E-01
    0.90288E-01,    0.45536E-01,    0.79697E-02,    0.10989E-01
    0.67581E-01,    0.31749E+00,    0.31463E-02,    0.73762E-02
    0.66741E-01,    0.30492E+00,    0.53324E-02,    0.91638E-02
    0.28674E+00,   -0.35098E+00,   -0.18541E-01,   -0.21244E-02
    0.65938E-01,    0.28731E+00,    0.75221E-02,    0.10862E-01
    0.18828E+00,   -0.20831E+00,    0.74504E-02,    0.10342E-01
    0.29770E+00,   -0.36413E+00,   -0.17093E-01,   -0.18423E-02
    0.13515E+00,   -0.98275E-01,    0.78634E-02,    0.10708E-01
    0.65279E-01,    0.27293E+00,    0.75574E-02,    0.10890E-01
    0.98969E-01,    0.81836E-02,    0.79797E-02,    0.10941E-01
    0.68745E-01,    0.17698E+00,    0.77786E-02,    0.11014E-01
    0.25815E+00,   -0.31568E+00,   -0.18088E-01,   -0.27453E-02
    0.81684E-01,    0.81976E-01,    0.79379E-02,    0.11019E-01
    0.13118E+00,   -0.89548E-01,    0.78820E-02,    0.10733E-01
    0.71128E-01,    0.15081E+00,    0.78315E-02,    0.11028E-01
    0.23304E+00,   -0.28143E+00,   -0.11383E-01,   -0.36150E-03
    0.91929E-01,    0.48617E+00,   -0.71634E-01,    0.12737E+00
    0.19749E+00,   -0.22583E+00,    0.73541E-02,    0.10288E-01
    0.31699E+00,   -0.38689E+00,   -0.29189E+00,    0.85463E+00
    0.64979E-01,    0.23159E+00,    0.76569E-02,    0.10957E-01
    0.79682E-01,    0.43040E+00,   -0.10686E-01,   -0.68252E-02
    0.73991E-01,    0.12466E+00,    0.78783E-02,    0.11032E-01
    0.82696E-01,    0.44704E+00,   -0.11399E-01,   -0.79015E-02
    0.64660E-01,    0.29295E+00,    0.75113E-02,    0.10851E-01
    0.15981E+00,   -0.15695E+00,    0.76877E-02,    0.10526E-01
    0.30849E+00,   -0.37845E+00,   -0.13485E-01,    0.22791E-01
    0.65714E-01,    0.20271E+00,    0.77238E-02,    0.10992E-01
    0.63954E-01,    0.26373E+00,    0.75818E-02,    0.10906E-01
    0.76178E-01,    0.41397E+00,   -0.95440E-02,   -0.53184E-02
    0.19055E+00,   -0.21603E+00,    0.74125E-02,    0.10323E-01
    0.15591E+00,   -0.14997E+00,    0.77136E-02,    0.10551E-01
    0.90854E-01,    0.33225E-01,    0.79746E-02,    0.10975E-01
    0.16337E+00,   -0.16552E+00,    0.76545E-02,    0.10498E-01
    0.18213E+00,   -0.20143E+00,    0.74905E-02,    0.10373E-01
    0.19898E+00,   -0.23141E+00,    0.56620E-02,    0.92508E-02
    0.86565E-01,    0.47072E+00,   -0.12548E-01,   -0.83820E-02
    0.76803E-01,    0.98422E-01,    0.79176E-02,    0.11026E-01
    0.24107E+00,   -0.29611E+00,   -0.14470E-01,   -0.16016E-02
    0.63673E-01,    0.29786E+00,    0.66936E-02,    0.10224E-01
    0.12578E+00,   -0.81148E-01,    0.78973E-02,    0.10758E-01
    0.31241E+00,   -0.38483E+00,    0.69950E-01,    0.17919E+00
    0.10649E+00,   -0.26830E-01,    0.79650E-02,    0.10882E-01
    0.20740E+00,   -0.24641E+00,    0.37611E-03,    0.60581E-02
    0.84472E-01,    0.55875E-01,    0.79615E-02,    0.10999E-01
    0.26652E+00,   -0.33090E+00,   -0.18770E-01,   -0.27348E-02
    0.72288E-01,    0.39719E+00,   -0.79658E-02,   -0.34382E-02
    0.15022E+00,   -0.14122E+00,    0.77442E-02,    0.10583E-01
    0.98589E-01,   -0.17997E-02,    0.79764E-02,    0.10926E-01
    0.12153E+00,   -0.72392E-01,    0.79120E-02,    0.10782E-01
    0.90433E-01,    0.49175E+00,   -0.83038E+00,    0.36372E+00
    0.14575E+00,   -0.13237E+00,    0.77724E-02,    0.10612E-01
    0.21591E+00,   -0.26127E+00,   -0.45066E-02,    0.32768E-02
    0.66205E-01,    0.16733E+00,    0.78013E-02,    0.11019E-01
    0.68950E-01,    0.14109E+00,    0.78511E-02,    0.11029E-01
    0.63710E-01,    0.19293E+00,    0.77483E-02,    0.11000E-01
    0.19219E+00,   -0.22351E+00,    0.73768E-02,    0.10308E-01
    0.61455E-01,    0.24365E+00,    0.76336E-02,    0.10939E-01
    0.24947E+00,   -0.31082E+00,   -0.16713E-01,   -0.23383E-02
    0.61509E-01,    0.28903E+00,    0.75264E-02,    0.10859E-01
    0.79514E-01,    0.72243E-01,    0.79473E-02,    0.11012E-01
    0.29974E+00,   -0.37333E+00,   -0.15610E-01,   -0.90663E-03
    0.90514E-01,    0.23248E-01,    0.79761E-02,    0.10963E-01
    0.71691E-01,    0.11490E+00,    0.78945E-02,    0.11029E-01
    0.60888E-01,    0.28155E+00,    0.75451E-02,    0.10874E-01
    0.22443E+00,   -0.27635E+00,   -0.88688E-02,    0.10113E-02
    0.28830E+00,   -0.36083E+00,   -0.17545E-01,   -0.23426E-02
    0.14052E+00,   -0.12390E+00,    0.77974E-02,    0.10641E-01
    0.61241E-01,    0.21934E+00,    0.76910E-02,    0.10972E-01
    0.11625E+00,   -0.63906E-01,    0.79240E-02,    0.10804E-01
    0.19369E+00,   -0.22910E+00,    0.73495E-02,    0.10298E-01
    0.31309E+00,   -0.39004E+00,    0.85671E+00,    0.22834E+00
    0.13584E+00,   -0.11511E+00,    0.78211E-02,    0.10669E-01
    0.27495E+00,   -0.34618E+00,   -0.18518E-01,   -0.26064E-02
    0.86903E-01,    0.48782E+00,   -0.19001E+00,   -0.94486E-01
    0.76577E-01,    0.44065E+00,   -0.11101E-01,   -0.74062E-02
    0.59756E-01,    0.29399E+00,    0.75182E-02,    0.10849E-01
    0.25817E+00,   -0.32556E+00,   -0.18026E-01,   -0.26637E-02
    0.98335E-01,   -0.12022E-01,    0.79711E-02,    0.10910E-01
    0.74397E-01,    0.88732E-01,    0.79295E-02,    0.11021E-01
    0.23294E+00,   -0.29143E+00,   -0.12490E-01,   -0.66071E-03
    0.72860E-01,    0.42336E+00,   -0.10104E-01,   -0.60383E-02
    0.58852E-01,    0.25474E+00,    0.76117E-02,    0.10921E-01
    0.84491E-01,    0.48061E+00,   -0.27376E-01,   -0.27585E-01
    0.11180E+00,   -0.55164E-01,    0.79350E-02,    0.10825E-01
    0.61640E-01,    0.18396E+00,    0.77700E-02,    0.11006E-01
    0.17044E+00,   -0.19000E+00,    0.75536E-02,    0.10429E-01
    0.63788E-01,    0.15760E+00,    0.78226E-02,    0.11022E-01
    0.78605E-01,    0.45699E+00,   -0.11574E-01,   -0.81245E-02
    0.80451E-01,    0.46561E+00,   -0.11641E-01,   -0.80130E-02
    0.90362E-01,    0.13267E-01,    0.79757E-02,    0.10950E-01
    0.69330E-01,    0.40674E+00,   -0.87230E-02,   -0.43452E-02
    0.13088E+00,   -0.10727E+00,    0.78404E-02,    0.10694E-01
    0.66648E-01,    0.13137E+00,    0.78692E-02,    0.11029E-01
    0.19804E+00,   -0.24002E+00,    0.38357E-02,    0.82189E-02
    0.62365E-01,    0.35316E+00,   -0.21662E-02,    0.25530E-02
    0.63337E-01,    0.36312E+00,   -0.35973E-02,    0.11573E-02
    0.61393E-01,    0.34321E+00,   -0.65129E-03,    0.39774E-02
    0.19434E+00,   -0.23415E+00,    0.59860E-02,    0.94951E-02
    0.64310E-01,    0.37307E+00,   -0.49357E-02,   -0.19663E-03
    0.60420E-01,    0.33326E+00,    0.93640E-03,    0.54160E-02
    0.30789E+00,   -0.38751E+00,    0.10995E+00,   -0.66805E-01
    0.65829E-01,    0.38644E+00,   -0.65797E-02,   -0.19319E-02
    0.58290E-01,    0.29958E+00,    0.66154E-02,    0.10152E-01
    0.58744E-01,    0.20966E+00,    0.77163E-02,    0.10982E-01
    0.59448E-01,    0.32331E+00,    0.25826E-02,    0.68540E-02
    0.16473E+00,   -0.18181E+00,    0.75917E-02,    0.10460E-01
    0.12648E+00,   -0.98314E-01,    0.78607E-02,    0.10720E-01
    0.81111E-01,    0.46917E-01,    0.79653E-02,    0.10990E-01
    0.16009E+00,   -0.17332E+00,    0.76279E-02,    0.10490E-01
    0.20720E+00,   -0.25639E+00,   -0.16659E-02,    0.50250E-02
    0.24083E+00,   -0.30590E+00,   -0.15091E-01,   -0.17085E-02
    0.85499E-01,    0.49264E+00,   -0.34261E+00,   -0.84797E+00
    0.69458E-01,    0.10518E+00,    0.79088E-02,    0.11026E-01
    0.77308E-01,    0.62843E-01,    0.79545E-02,    0.11004E-01
    0.10662E+00,   -0.46616E-01,    0.79438E-02,    0.10846E-01
    0.15572E+00,   -0.16595E+00,    0.76577E-02,    0.10516E-01
    0.82273E-01,    0.38330E-01,    0.79692E-02,    0.10981E-01
    0.18871E+00,   -0.22740E+00,    0.73683E-02,    0.10316E-01
    0.26649E+00,   -0.34087E+00,   -0.18322E-01,   -0.27313E-02
    0.21581E+00,   -0.27127E+00,   -0.62519E-02,    0.25128E-02
    0.59840E-01,    0.17413E+00,    0.77923E-02,    0.11012E-01
    0.17986E+00,   -0.21274E+00,    0.74471E-02,    0.10362E-01
    0.57151E-01,    0.30740E+00,    0.53346E-02,    0.91343E-02
    0.56301E-01,    0.28936E+00,    0.75352E-02,    0.10859E-01
    0.55974E-01,    0.23580E+00,    0.76601E-02,    0.10949E-01
    0.27904E+00,   -0.35732E+00,   -0.17784E-01,   -0.26794E-02
    0.29026E+00,   -0.37060E+00,   -0.16351E-01,   -0.28187E-02
    0.12125E+00,   -0.90046E-01,    0.78772E-02,    0.10744E-01
    0.55490E-01,    0.27300E+00,    0.75746E-02,    0.10889E-01
    0.90125E-01,    0.35209E-02,    0.79736E-02,    0.10936E-01
    0.24950E+00,   -0.32059E+00,   -0.16940E-01,   -0.23725E-02
    0.14610E+00,   -0.14874E+00,    0.77208E-02,    0.10574E-01
    0.15030E+00,   -0.15769E+00,    0.76895E-02,    0.10546E-01
    0.61589E-01,    0.14784E+00,    0.78423E-02,    0.11024E-01
    0.72153E-01,    0.79003E-01,    0.79396E-02,    0.11015E-01
    0.10203E+00,   -0.37888E-01,    0.79515E-02,    0.10864E-01
    0.56733E-01,    0.20002E+00,    0.77401E-02,    0.10991E-01
    0.82163E-01,    0.48792E+00,    0.48706E-01,   -0.13372E+00
    0.18983E+00,   -0.23230E+00,    0.73455E-02,    0.10307E-01
    0.22433E+00,   -0.28635E+00,   -0.10221E-01,    0.51361E-03
    0.30915E+00,   -0.39315E+00,    0.20961E+00,   -0.87209E+00
    0.17062E+00,   -0.19884E+00,    0.75182E-02,    0.10412E-01
    0.64476E-01,    0.12162E+00,    0.78856E-02,    0.11027E-01
    0.11674E+00,   -0.81139E-01,    0.78935E-02,    0.10768E-01
    0.70050E-01,    0.43290E+00,   -0.10623E-01,   -0.67155E-02
    0.30082E+00,   -0.38455E+00,   -0.15299E-01,   -0.26724E-01
    0.54835E-01,    0.29495E+00,    0.75250E-02,    0.10848E-01
    0.18322E+00,   -0.22228E+00,    0.74014E-02,    0.10339E-01
    0.82029E-01,    0.28531E-01,    0.79715E-02,    0.10970E-01
    0.66354E-01,    0.41578E+00,   -0.93711E-02,   -0.51382E-02
    0.14056E+00,   -0.14082E+00,    0.77472E-02,    0.10603E-01
    0.77110E-01,    0.47236E+00,   -0.10916E-01,   -0.68765E-02
    0.53875E-01,    0.22603E+00,    0.76855E-02,    0.10961E-01
    0.67268E-01,    0.95427E-01,    0.79214E-02,    0.11022E-01
    0.23285E+00,   -0.30143E+00,   -0.13406E-01,   -0.94747E-03
    0.94900E-01,   -0.21172E-01,    0.79630E-02,    0.10897E-01
    0.19114E+00,   -0.23793E+00,    0.57318E-02,    0.93808E-02
    0.53684E-01,    0.29982E+00,    0.67384E-02,    0.10238E-01
    0.62884E-01,    0.39913E+00,   -0.77795E-02,   -0.32926E-02
    0.13578E+00,   -0.13206E+00,    0.77739E-02,    0.10631E-01
    0.30462E+00,   -0.39100E+00,   -0.10629E+00,   -0.17526E+00
    0.25793E+00,   -0.33596E+00,   -0.17807E-01,   -0.26990E-02
    0.11156E+00,   -0.72730E-01,    0.79069E-02,    0.10791E-01
    0.19768E+00,   -0.24979E+00,    0.17130E-02,    0.70669E-02
    0.56698E-01,    0.16481E+00,    0.78133E-02,    0.11016E-01
    0.80556E-01,    0.49347E+00,    0.82709E+00,   -0.33369E+00
    0.70351E-01,    0.44779E+00,   -0.11322E-01,   -0.76940E-02
    0.20738E+00,   -0.26637E+00,   -0.36360E-02,    0.40548E-02
    0.73993E-01,    0.53586E-01,    0.79595E-02,    0.10996E-01
    0.54236E-01,    0.19039E+00,    0.77634E-02,    0.10998E-01
    0.59372E-01,    0.13823E+00,    0.78604E-02,    0.11025E-01
    0.18462E+00,   -0.22981E+00,    0.73677E-02,    0.10326E-01
    0.13070E+00,   -0.12363E+00,    0.77977E-02,    0.10658E-01
    0.96000E-01,   -0.30506E-01,    0.79556E-02,    0.10880E-01
    0.51816E-01,    0.29093E+00,    0.75396E-02,    0.10856E-01
    0.29218E+00,   -0.37924E+00,   -0.14898E-01,   -0.47287E-02
    0.24080E+00,   -0.31568E+00,   -0.15583E-01,   -0.18708E-02
    0.10694E+00,   -0.63878E-01,    0.79195E-02,    0.10812E-01
    0.81779E-01,    0.18389E-01,    0.79719E-02,    0.10958E-01
    0.51446E-01,    0.28343E+00,    0.75575E-02,    0.10870E-01
    0.69947E-01,    0.69255E-01,    0.79479E-02,    0.11008E-01
    0.17175E+00,   -0.20872E+00,    0.74771E-02,    0.10392E-01
    0.28100E+00,   -0.36702E+00,   -0.16937E-01,   -0.29827E-02
    0.62134E-01,    0.11198E+00,    0.79003E-02,    0.11025E-01
    0.26783E+00,   -0.35151E+00,   -0.17821E-01,   -0.28685E-02
    0.21572E+00,   -0.28127E+00,   -0.78207E-02,    0.18305E-02
    0.51351E-01,    0.21638E+00,    0.77103E-02,    0.10971E-01
    0.50315E-01,    0.26558E+00,    0.76004E-02,    0.10902E-01
    0.18593E+00,   -0.23544E+00,    0.73420E-02,    0.10316E-01
    0.71636E-01,    0.46468E+00,   -0.11525E-01,   -0.83755E-02
    0.30519E+00,   -0.39621E+00,   -0.89264E+00,   -0.16947E+00
    0.77139E-01,    0.48948E+00,    0.16126E+00,    0.88494E-01
    0.12513E+00,   -0.11534E+00,    0.78191E-02,    0.10684E-01
    0.73807E-01,    0.43629E-01,    0.79642E-02,    0.10986E-01
    0.16126E+00,   -0.19254E+00,    0.75545E-02,    0.10448E-01
    0.49372E-01,    0.24521E+00,    0.76483E-02,    0.10933E-01
    0.49899E-01,    0.29582E+00,    0.75317E-02,    0.10847E-01
    0.24951E+00,   -0.33056E+00,   -0.17023E-01,   -0.24847E-02
    0.75005E-01,    0.48228E+00,    0.26732E-02,    0.13733E-01
    0.54857E-01,    0.15529E+00,    0.78324E-02,    0.11019E-01
    0.54232E-01,    0.35898E+00,   -0.25962E-02,    0.20635E-02
    0.53260E-01,    0.34903E+00,   -0.11271E-02,    0.34651E-02
    0.10182E+00,   -0.55384E-01,    0.79297E-02,    0.10832E-01
    0.64904E-01,    0.85766E-01,    0.79321E-02,    0.11016E-01
    0.12099E+00,   -0.10664E+00,    0.78398E-02,    0.10709E-01
    0.55204E-01,    0.36893E+00,   -0.39838E-02,    0.69364E-03
    0.52287E-01,    0.33908E+00,    0.41280E-03,    0.48846E-02
    0.22424E+00,   -0.29635E+00,   -0.11387E-01,    0.52303E-04
    0.52259E-01,    0.18064E+00,    0.77853E-02,    0.11004E-01
    0.63147E-01,    0.42569E+00,   -0.10016E-01,   -0.59407E-02
    0.51315E-01,    0.32912E+00,    0.20114E-02,    0.63073E-02
    0.18916E+00,   -0.24303E+00,    0.49255E-02,    0.89555E-02
    0.56092E-01,    0.37995E+00,   -0.54032E-02,   -0.76081E-03
    0.50343E-01,    0.31917E+00,    0.36587E-02,    0.77187E-02
    0.81462E-01,    0.83961E-02,    0.79704E-02,    0.10944E-01
    0.59616E-01,    0.40855E+00,   -0.85490E-02,   -0.41981E-02
    0.64886E-01,    0.43941E+00,   -0.10872E-01,   -0.70452E-02
    0.87004E-01,   -0.11983E-01,    0.79651E-02,    0.10914E-01
    0.57109E-01,    0.12838E+00,    0.78772E-02,    0.11024E-01
    0.15487E+00,   -0.18291E+00,    0.75970E-02,    0.10483E-01
    0.14579E+00,   -0.16516E+00,    0.76663E-02,    0.10539E-01
    0.15017E+00,   -0.17411E+00,    0.76324E-02,    0.10511E-01
    0.49261E-01,    0.20661E+00,    0.77340E-02,    0.10981E-01
    0.30005E+00,   -0.39358E+00,   -0.12749E+00,    0.71213E-01
    0.97111E-01,   -0.46576E-01,    0.79389E-02,    0.10852E-01
    0.19881E+00,   -0.26121E+00,   -0.91059E-03,    0.56690E-02
    0.48247E-01,    0.30136E+00,    0.66620E-02,    0.10167E-01
    0.11563E+00,   -0.98231E-01,    0.78578E-02,    0.10733E-01
    0.23276E+00,   -0.31143E+00,   -0.14143E-01,   -0.12465E-02
    0.60067E-01,    0.10236E+00,    0.79132E-02,    0.11022E-01
    0.56096E-01,    0.39182E+00,   -0.67606E-02,   -0.22140E-02
    0.75606E-01,    0.49425E+00,    0.26311E+00,    0.84534E+00
    0.17265E+00,   -0.21863E+00,    0.74364E-02,    0.10375E-01
    0.73493E-01,    0.33646E-01,    0.79670E-02,    0.10976E-01
    0.18100E+00,   -0.23358E+00,    0.73607E-02,    0.10332E-01
    0.14036E+00,   -0.15689E+00,    0.76963E-02,    0.10568E-01
    0.25773E+00,   -0.34543E+00,   -0.17526E-01,   -0.28459E-02
    0.11133E+00,   -0.89528E-01,    0.78750E-02,    0.10756E-01
    0.46710E-01,    0.23300E+00,    0.76794E-02,    0.10949E-01
    0.46337E-01,    0.27470E+00,    0.75859E-02,    0.10885E-01
    0.20711E+00,   -0.27619E+00,   -0.53251E-02,    0.32483E-02
    0.52786E-01,    0.14650E+00,    0.78492E-02,    0.11020E-01
    0.46601E-01,    0.29108E+00,    0.75482E-02,    0.10856E-01
    0.50063E-01,    0.17224E+00,    0.78037E-02,    0.11008E-01
    0.13623E+00,   -0.14974E+00,    0.77206E-02,    0.10591E-01
    0.28277E+00,   -0.37680E+00,   -0.16127E-01,   -0.33554E-02
    0.65866E-01,    0.45668E+00,   -0.11594E-01,   -0.81518E-02
    0.27153E+00,   -0.36388E+00,   -0.17119E-01,   -0.31591E-02
    0.92048E-01,   -0.38021E-01,    0.79461E-02,    0.10869E-01
    0.24093E+00,   -0.32567E+00,   -0.15949E-01,   -0.20951E-02
    0.47101E-01,    0.19738E+00,    0.77558E-02,    0.10989E-01
    0.72365E-01,    0.48947E+00,   -0.77530E-01,    0.11185E+00
    0.18196E+00,   -0.23851E+00,    0.73393E-02,    0.10325E-01
    0.21563E+00,   -0.29127E+00,   -0.92145E-02,    0.12016E-02
    0.16258E+00,   -0.20477E+00,    0.75060E-02,    0.10423E-01
    0.30120E+00,   -0.39924E+00,   -0.17046E+00,    0.88382E+00
    0.17567E+00,   -0.22827E+00,    0.73928E-02,    0.10354E-01
    0.65569E-01,    0.58762E-01,    0.79543E-02,    0.10998E-01
    0.10609E+00,   -0.81035E-01,    0.78897E-02,    0.10779E-01
    0.45598E-01,    0.30723E+00,    0.57762E-02,    0.94527E-02
    0.62241E-01,    0.74426E-01,    0.79424E-02,    0.11009E-01
    0.80433E-01,   -0.27211E-02,    0.79663E-02,    0.10929E-01
    0.29293E+00,   -0.39058E+00,   -0.59509E-02,    0.18167E-01
    0.44949E-01,    0.29661E+00,    0.75384E-02,    0.10845E-01
    0.73310E-01,    0.23660E-01,    0.79682E-02,    0.10964E-01
    0.54446E-01,    0.11916E+00,    0.78917E-02,    0.11023E-01
    0.13061E+00,   -0.14149E+00,    0.77469E-02,    0.10619E-01
    0.12644E+00,   -0.13251E+00,    0.77733E-02,    0.10645E-01
    0.43988E-01,    0.25753E+00,    0.76285E-02,    0.10913E-01
    0.67625E-01,    0.47381E+00,   -0.11079E-01,   -0.99966E-02
    0.56650E-01,    0.41807E+00,   -0.92686E-02,   -0.50595E-02
    0.44281E-01,    0.22330E+00,    0.77038E-02,    0.10961E-01
    0.87268E-01,   -0.29245E-01,    0.79524E-02,    0.10886E-01
    0.48279E-01,    0.16242E+00,    0.78234E-02,    0.11012E-01
    0.10162E+00,   -0.72333E-01,    0.79034E-02,    0.10800E-01
    0.57674E-01,    0.92655E-01,    0.79246E-02,    0.11017E-01
    0.22414E+00,   -0.30635E+00,   -0.12377E-01,   -0.39736E-03
    0.50947E-01,    0.13679E+00,    0.78661E-02,    0.11021E-01
    0.18308E+00,   -0.24418E+00,    0.57981E-02,    0.94818E-02
    0.29669E+00,   -0.39703E+00,    0.99855E-01,    0.16208E+00
    0.24904E+00,   -0.34054E+00,   -0.16939E-01,   -0.26736E-02
    0.58237E-01,    0.43361E+00,   -0.10441E-01,   -0.64768E-02
    0.43386E-01,    0.30107E+00,    0.68501E-02,    0.10305E-01
    0.65241E-01,    0.48769E-01,    0.79593E-02,    0.10990E-01
    0.12076E+00,   -0.12432E+00,    0.77956E-02,    0.10671E-01
    0.60375E-01,    0.44834E+00,   -0.11288E-01,   -0.75861E-02
    0.44760E-01,    0.18723E+00,    0.77786E-02,    0.10996E-01
    0.70647E-01,    0.49498E+00,   -0.86614E+00,    0.25302E+00
    0.11672E+00,   -0.11527E+00,    0.78183E-02,    0.10696E-01
    0.17684E+00,   -0.23585E+00,    0.73610E-02,    0.10341E-01
    0.23253E+00,   -0.32025E+00,   -0.14640E-01,   -0.15268E-02
    0.19862E+00,   -0.27120E+00,   -0.28106E-02,    0.46996E-02
    0.28451E+00,   -0.38499E+00,   -0.16181E-01,   -0.25802E-02
    0.61318E-01,    0.64885E-01,    0.79494E-02,    0.11002E-01
    0.41946E-01,    0.28499E+00,    0.75697E-02,    0.10867E-01
    0.42066E-01,    0.29249E+00,    0.75526E-02,    0.10853E-01
    0.72969E-01,    0.13672E-01,    0.79675E-02,    0.10952E-01
    0.96467E-01,   -0.63781E-01,    0.79150E-02,    0.10820E-01
    0.27437E+00,   -0.37426E+00,   -0.16294E-01,   -0.35653E-02
    0.42185E-01,    0.21363E+00,    0.77269E-02,    0.10971E-01
    0.18547E+00,   -0.25172E+00,    0.36550E-02,    0.83129E-02
    0.51459E-01,    0.40226E+00,   -0.76750E-02,   -0.32636E-02
    0.82181E-01,   -0.20737E-01,    0.79568E-02,    0.10902E-01
    0.15082E+00,   -0.19049E+00,    0.75732E-02,    0.10477E-01
    0.16370E+00,   -0.21457E+00,    0.74670E-02,    0.10405E-01
    0.52566E-01,    0.10982E+00,    0.79046E-02,    0.11020E-01
    0.41070E-01,    0.24046E+00,    0.76704E-02,    0.10937E-01
    0.20701E+00,   -0.28619E+00,   -0.69201E-02,    0.24668E-02
    0.15476E+00,   -0.19898E+00,    0.75378E-02,    0.10453E-01
    0.45127E-01,    0.35485E+00,   -0.16190E-02,    0.29288E-02
    0.46099E-01,    0.36480E+00,   -0.30428E-02,    0.15505E-02
    0.44154E-01,    0.34489E+00,   -0.12523E-03,    0.43289E-02
    0.40437E-01,    0.26684E+00,    0.76129E-02,    0.10898E-01
    0.47071E-01,    0.37475E+00,   -0.43855E-02,    0.20846E-03
    0.43182E-01,    0.33494E+00,    0.14261E-02,    0.57362E-02
    0.48044E-01,    0.38471E+00,   -0.56394E-02,   -0.10852E-02
    0.42210E-01,    0.32499E+00,    0.30203E-02,    0.71351E-02
    0.25723E+00,   -0.35541E+00,   -0.17130E-01,   -0.31038E-02
    0.17795E+00,   -0.24152E+00,    0.73368E-02,    0.10332E-01
    0.48956E-01,    0.12703E+00,    0.78818E-02,    0.11020E-01
    0.61731E-01,    0.46585E+00,   -0.12045E-01,   -0.89627E-02
    0.91869E-01,   -0.55080E-01,    0.79255E-02,    0.10839E-01
    0.11109E+00,   -0.10712E+00,    0.78369E-02,    0.10720E-01
    0.64994E-01,    0.38909E-01,    0.79628E-02,    0.10980E-01
    0.49016E-01,    0.39466E+00,   -0.67982E-02,   -0.23191E-02
    0.29717E+00,   -0.40223E+00,    0.88420E+00,    0.10799E+00
    0.67049E-01,    0.49080E+00,   -0.14600E+00,   -0.11576E+00
    0.42782E-01,    0.17863E+00,    0.77970E-02,    0.11001E-01
    0.24065E+00,   -0.33517E+00,   -0.16121E-01,   -0.23470E-02
    0.45201E-01,    0.15298E+00,    0.78420E-02,    0.11014E-01
    0.14488E+00,   -0.18259E+00,    0.76067E-02,    0.10505E-01
    0.39986E-01,    0.29732E+00,    0.75451E-02,    0.10844E-01
    0.14020E+00,   -0.17345E+00,    0.76416E-02,    0.10533E-01
    0.10687E+00,   -0.98145E-01,    0.78559E-02,    0.10743E-01
    0.21553E+00,   -0.30127E+00,   -0.10436E-01,    0.60331E-03
    0.52942E-01,    0.42513E+00,   -0.97250E-02,   -0.56240E-02
    0.13583E+00,   -0.16578E+00,    0.76695E-02,    0.10558E-01
    0.72645E-01,    0.36777E-02,    0.79651E-02,    0.10939E-01
    0.49865E-01,    0.41073E+00,   -0.84352E-02,   -0.41381E-02
    0.22409E+00,   -0.31491E+00,   -0.13097E-01,   -0.78840E-03
    0.39749E-01,    0.20397E+00,    0.77496E-02,    0.10979E-01
    0.76424E-01,   -0.11879E-01,    0.79599E-02,    0.10916E-01
    0.64112E-01,    0.48485E+00,   -0.18854E-01,   -0.40098E-01
    0.17898E+00,   -0.24721E+00,    0.58307E-02,    0.95253E-02
    0.29208E+00,   -0.39949E+00,    0.10692E+00,   -0.91805E-01
    0.86776E-01,   -0.46485E-01,    0.79342E-02,    0.10857E-01
    0.26574E+00,   -0.36924E+00,   -0.16612E-01,   -0.34826E-02
    0.13080E+00,   -0.15764E+00,    0.76978E-02,    0.10584E-01
    0.16525E+00,   -0.22428E+00,    0.74276E-02,    0.10386E-01
    0.37605E-01,    0.24984E+00,    0.76546E-02,    0.10923E-01
    0.12638E+00,   -0.14878E+00,    0.77263E-02,    0.10610E-01
    0.38150E-01,    0.30280E+00,    0.67068E-02,    0.10182E-01
    0.64743E-01,    0.28812E-01,    0.79646E-02,    0.10969E-01
    0.53426E-01,    0.81334E-01,    0.79356E-02,    0.11010E-01
    0.10141E+00,   -0.89853E-01,    0.78714E-02,    0.10765E-01
    0.65682E-01,    0.49567E+00,   -0.23639E+00,   -0.89760E+00
    0.37132E-01,    0.27610E+00,    0.75972E-02,    0.10881E-01
    0.18851E+00,   -0.26481E+00,    0.31053E-03,    0.64945E-02
    0.17306E+00,   -0.23950E+00,    0.73551E-02,    0.10347E-01
    0.24911E+00,   -0.35043E+00,   -0.16801E-01,   -0.29514E-02
    0.40710E-01,    0.16893E+00,    0.78166E-02,    0.11005E-01
    0.53538E-01,    0.44244E+00,   -0.10899E-01,   -0.70560E-02
    0.36920E-01,    0.23006E+00,    0.76982E-02,    0.10949E-01
    0.43353E-01,    0.14324E+00,    0.78590E-02,    0.11016E-01
    0.36848E-01,    0.29247E+00,    0.75610E-02,    0.10852E-01
    0.46685E-01,    0.11732E+00,    0.78959E-02,    0.11019E-01
    0.19838E+00,   -0.28118E+00,   -0.45485E-02,    0.38058E-02
    0.49079E-01,    0.10047E+00,    0.79163E-02,    0.11016E-01
    0.96998E-01,   -0.80951E-01,    0.78868E-02,    0.10786E-01
    0.82079E-01,   -0.37786E-01,    0.79417E-02,    0.10874E-01
    0.12100E+00,   -0.14079E+00,    0.77506E-02,    0.10635E-01
    0.23202E+00,   -0.33021E+00,   -0.15036E-01,   -0.18706E-02
    0.37645E-01,    0.19422E+00,    0.77711E-02,    0.10987E-01
    0.55544E-01,    0.45801E+00,   -0.11739E-01,   -0.81444E-02
    0.63033E-01,    0.49181E+00,    0.82120E-01,   -0.19303E+00
    0.20714E+00,   -0.29590E+00,   -0.83527E-02,    0.17265E-02
    0.36491E-01,    0.31054E+00,    0.55142E-02,    0.92131E-02
    0.11648E+00,   -0.13190E+00,    0.77756E-02,    0.10660E-01
    0.16776E+00,   -0.23402E+00,    0.73863E-02,    0.10367E-01
    0.17389E+00,   -0.24446E+00,    0.73349E-02,    0.10340E-01
    0.29312E+00,   -0.40518E+00,    0.97776E-01,   -0.89105E+00
    0.27486E+00,   -0.38489E+00,   -0.15192E-01,   -0.43924E-02
    0.64475E-01,    0.18950E-01,    0.79647E-02,    0.10958E-01
    0.55783E-01,    0.56449E-01,    0.79533E-02,    0.10994E-01
    0.70498E-01,   -0.38384E-02,    0.79613E-02,    0.10929E-01
    0.53193E-01,    0.68836E-01,    0.79454E-02,    0.11002E-01
    0.15330E+00,   -0.20932E+00,    0.75016E-02,    0.10438E-01
    0.58112E-01,    0.47507E+00,   -0.13972E-01,   -0.10584E-01
    0.35012E-01,    0.29795E+00,    0.75517E-02,    0.10842E-01
    0.34166E-01,    0.25922E+00,    0.76388E-02,    0.10908E-01
    0.25701E+00,   -0.36440E+00,   -0.16686E-01,   -0.34015E-02
    0.34770E-01,    0.22030E+00,    0.77212E-02,    0.10960E-01
    0.39140E-01,    0.15908E+00,    0.78350E-02,    0.11009E-01
    0.48288E-01,    0.92400E-01,    0.79249E-02,    0.11013E-01
    0.91680E-01,   -0.72546E-01,    0.78994E-02,    0.10806E-01
    0.77033E-01,   -0.29160E-01,    0.79477E-02,    0.10889E-01
    0.21546E+00,   -0.31058E+00,   -0.11429E-01,    0.54707E-04
    0.11117E+00,   -0.12348E+00,    0.77975E-02,    0.10685E-01
    0.41522E-01,    0.13357E+00,    0.78746E-02,    0.11016E-01
    0.28436E+00,   -0.39749E+00,   -0.35814E-01,   -0.26072E-01
    0.33528E-01,    0.28532E+00,    0.75822E-02,    0.10865E-01
    0.14658E+00,   -0.19952E+00,    0.75452E-02,    0.10470E-01
    0.24013E+00,   -0.34499E+00,   -0.16167E-01,   -0.26625E-02
    0.10677E+00,   -0.11452E+00,    0.78191E-02,    0.10709E-01
    0.28806E+00,   -0.40239E+00,   -0.11278E+00,   -0.13329E+00
    0.48243E-01,    0.43396E+00,   -0.10271E-01,   -0.62986E-02
    0.56460E-01,    0.44056E-01,    0.79587E-02,    0.10983E-01
    0.87119E-01,   -0.63699E-01,    0.79114E-02,    0.10826E-01
    0.35331E-01,    0.18487E+00,    0.77911E-02,    0.10992E-01
    0.17405E+00,   -0.24997E+00,    0.60415E-02,    0.96606E-02
    0.13695E+00,   -0.18264E+00,    0.76128E-02,    0.10521E-01
    0.33085E-01,    0.30340E+00,    0.67271E-02,    0.10188E-01
    0.60709E-01,    0.49630E+00,    0.87596E+00,   -0.15819E+00
    0.16886E+00,   -0.24163E+00,    0.73560E-02,    0.10355E-01
    0.22372E+00,   -0.32490E+00,   -0.13752E-01,   -0.12454E-02
    0.14097E+00,   -0.19128E+00,    0.75798E-02,    0.10497E-01
    0.18989E+00,   -0.27604E+00,   -0.21252E-02,    0.51834E-02
    0.36994E-01,    0.36067E+00,   -0.21227E-02,    0.23694E-02
    0.36021E-01,    0.35071E+00,   -0.67424E-03,    0.37495E-02
    0.37966E-01,    0.37062E+00,   -0.35020E-02,    0.10150E-02
    0.35049E-01,    0.34076E+00,    0.83200E-03,    0.51414E-02
    0.38938E-01,    0.38057E+00,   -0.48023E-02,   -0.30055E-03
    0.72311E-01,   -0.20945E-01,    0.79521E-02,    0.10903E-01
    0.34077E-01,    0.33081E+00,    0.23830E-02,    0.65298E-02
    0.32735E-01,    0.21094E+00,    0.77426E-02,    0.10969E-01
    0.31956E-01,    0.29305E+00,    0.75674E-02,    0.10851E-01
    0.26567E+00,   -0.37916E+00,   -0.15849E-01,   -0.39551E-02
    0.39911E-01,    0.39052E+00,   -0.60163E-02,   -0.15654E-02
    0.33104E-01,    0.32086E+00,    0.39662E-02,    0.78980E-02
    0.15592E+00,   -0.22079E+00,    0.74557E-02,    0.10413E-01
    0.42808E-01,    0.10823E+00,    0.79080E-02,    0.11015E-01
    0.10145E+00,   -0.10645E+00,    0.78368E-02,    0.10731E-01
    0.64048E-01,    0.61543E-02,    0.79623E-02,    0.10942E-01
    0.40883E-01,    0.40048E+00,   -0.71387E-02,   -0.27689E-02
    0.13132E+00,   -0.17468E+00,    0.76432E-02,    0.10547E-01
    0.19842E+00,   -0.29116E+00,   -0.61875E-02,    0.29287E-02
    0.17696E+00,   -0.25778E+00,    0.38192E-02,    0.84732E-02
    0.30628E-01,    0.26856E+00,    0.76234E-02,    0.10892E-01
    0.81909E-01,   -0.55210E-01,    0.79212E-02,    0.10844E-01
    0.41855E-01,    0.41043E+00,   -0.81631E-02,   -0.38993E-02
    0.48839E-01,    0.45127E+00,   -0.11371E-01,   -0.76134E-02
    0.57614E-01,    0.49142E+00,    0.97385E-01,    0.65313E-01
    0.56254E-01,    0.34067E-01,    0.79611E-02,    0.10973E-01
    0.39471E-01,    0.12421E+00,    0.78885E-02,    0.11015E-01
    0.96907E-01,   -0.97570E-01,    0.78548E-02,    0.10753E-01
    0.24854E+00,   -0.36040E+00,   -0.16522E-01,   -0.32889E-02
    0.16978E+00,   -0.24733E+00,    0.73331E-02,    0.10346E-01
    0.51861E-01,    0.46730E+00,   -0.12187E-01,   -0.84307E-02
    0.36029E-01,    0.14993E+00,    0.78518E-02,    0.11010E-01
    0.33495E-01,    0.17511E+00,    0.78105E-02,    0.10998E-01
    0.42828E-01,    0.42038E+00,   -0.90903E-02,   -0.49480E-02
    0.28904E+00,   -0.40809E+00,   -0.89638E+00,   -0.11146E+00
    0.29867E-01,    0.23960E+00,    0.76866E-02,    0.10934E-01
    0.23219E+00,   -0.34016E+00,   -0.15379E-01,   -0.22859E-02
    0.12595E+00,   -0.16627E+00,    0.76730E-02,    0.10574E-01
    0.20683E+00,   -0.30585E+00,   -0.95886E-02,    0.10337E-02
    0.30029E-01,    0.29849E+00,    0.75582E-02,    0.10840E-01
    0.30595E-01,    0.20128E+00,    0.77638E-02,    0.10977E-01
    0.12084E+00,   -0.15708E+00,    0.77032E-02,    0.10601E-01
    0.44653E-01,    0.83287E-01,    0.79334E-02,    0.11007E-01
    0.77237E-01,   -0.46406E-01,    0.79302E-02,    0.10861E-01
    0.15766E+00,   -0.22968E+00,    0.74205E-02,    0.10396E-01
    0.66534E-01,   -0.13007E-01,    0.79549E-02,    0.10916E-01
    0.91681E-01,   -0.89345E-01,    0.78697E-02,    0.10774E-01
    0.11650E+00,   -0.14962E+00,    0.77264E-02,    0.10623E-01
    0.21507E+00,   -0.31990E+00,   -0.12243E-01,   -0.47663E-03
    0.25726E+00,   -0.37438E+00,   -0.16174E-01,   -0.37667E-02
    0.28400E+00,   -0.40525E+00,   -0.12800E+00,    0.87862E-01
    0.27885E-01,    0.27719E+00,    0.76084E-02,    0.10878E-01
    0.27755E-01,    0.25155E+00,    0.76639E-02,    0.10917E-01
    0.17062E+00,   -0.25305E+00,    0.58985E-02,    0.95986E-02
    0.55940E-01,    0.24076E-01,    0.79618E-02,    0.10963E-01
    0.27394E+00,   -0.39483E+00,   -0.12743E-01,   -0.74422E-02
    0.40521E-01,    0.98596E-01,    0.79189E-02,    0.11011E-01
    0.34430E-01,    0.14039E+00,    0.78672E-02,    0.11011E-01
    0.55731E-01,    0.49688E+00,    0.12501E+00,    0.87757E+00
    0.31466E-01,    0.16545E+00,    0.78287E-02,    0.11001E-01
    0.24021E+00,   -0.35497E+00,   -0.16158E-01,   -0.30464E-02
    0.17969E+00,   -0.26934E+00,    0.92203E-03,    0.69030E-02
    0.87023E-01,   -0.80514E-01,    0.78844E-02,    0.10794E-01
    0.16485E+00,   -0.24520E+00,    0.73509E-02,    0.10360E-01
    0.52588E-01,    0.48515E+00,   -0.20784E-01,    0.12555E-01
    0.37399E-01,    0.11444E+00,    0.79015E-02,    0.11013E-01
    0.43544E-01,    0.44278E+00,   -0.10783E-01,   -0.69294E-02
    0.27435E-01,    0.30335E+00,    0.68446E-02,    0.10270E-01
    0.18994E+00,   -0.28596E+00,   -0.39193E-02,    0.42052E-02
    0.11104E+00,   -0.14127E+00,    0.77509E-02,    0.10648E-01
    0.44145E-01,    0.72864E-01,    0.79415E-02,    0.11001E-01
    0.26885E-01,    0.29428E+00,    0.75723E-02,    0.10848E-01
    0.22379E+00,   -0.33475E+00,   -0.14315E-01,   -0.17450E-02
    0.68827E-01,   -0.28289E-01,    0.79448E-02,    0.10892E-01
    0.10667E+00,   -0.13236E+00,    0.77750E-02,    0.10672E-01
    0.19864E+00,   -0.30023E+00,   -0.75723E-02,    0.21456E-02
    0.28082E-01,    0.19163E+00,    0.77844E-02,    0.10983E-01
    0.10247E+00,   -0.12352E+00,    0.77973E-02,    0.10695E-01
    0.47951E-01,    0.49305E-01,    0.79548E-02,    0.10985E-01
    0.52886E-01,    0.49267E+00,   -0.12826E+00,    0.14823E+00
    0.25806E-01,    0.22727E+00,    0.77169E-02,    0.10948E-01
    0.26582E+00,   -0.38913E+00,   -0.14855E-01,   -0.44723E-02
    0.16563E+00,   -0.25013E+00,    0.73317E-02,    0.10352E-01
    0.25259E-01,    0.28695E+00,    0.75908E-02,    0.10860E-01
    0.14670E+00,   -0.21709E+00,    0.74823E-02,    0.10439E-01
    0.55657E-01,    0.14232E-01,    0.79609E-02,    0.10951E-01
    0.81875E-01,   -0.72160E-01,    0.78966E-02,    0.10813E-01
    0.26094E-01,    0.31158E+00,    0.55896E-02,    0.92441E-02
    0.28492E+00,   -0.41095E+00,   -0.11266E+00,    0.88620E+00
    0.14222E+00,   -0.20924E+00,    0.75157E-02,    0.10461E-01
    0.48210E-01,    0.47636E+00,   -0.11437E-01,   -0.68177E-02
    0.24318E-01,    0.26087E+00,    0.76485E-02,    0.10902E-01
    0.25037E-01,    0.29895E+00,    0.75647E-02,    0.10839E-01
    0.38958E-01,    0.88984E-01,    0.79283E-02,    0.11007E-01
    0.29385E-01,    0.15729E+00,    0.78434E-02,    0.11003E-01
    0.69453E-01,   -0.37367E-01,    0.79368E-02,    0.10878E-01
    0.20661E+00,   -0.31488E+00,   -0.10591E-01,    0.40478E-03
    0.15923E+00,   -0.24134E+00,    0.73756E-02,    0.10377E-01
    0.44133E-01,    0.46018E+00,   -0.11853E-01,   -0.80976E-02
    0.31970E-01,    0.13074E+00,    0.78818E-02,    0.11011E-01
    0.96883E-01,   -0.11525E+00,    0.78165E-02,    0.10717E-01
    0.13111E+00,   -0.19061E+00,    0.75907E-02,    0.10516E-01
    0.59423E-01,   -0.54902E-02,    0.79561E-02,    0.10926E-01
    0.77136E-01,   -0.63367E-01,    0.79082E-02,    0.10831E-01
    0.27888E-01,    0.35653E+00,   -0.12308E-02,    0.31472E-02
    0.24782E+00,   -0.37036E+00,   -0.16172E-01,   -0.36623E-02
    0.13546E+00,   -0.19959E+00,    0.75565E-02,    0.10492E-01
    0.28861E-01,    0.36648E+00,   -0.26343E-02,    0.17879E-02
    0.26916E-01,    0.34658E+00,    0.23086E-03,    0.45227E-02
    0.23155E+00,   -0.35009E+00,   -0.15527E-01,   -0.27177E-02
    0.29833E-01,    0.37644E+00,   -0.39690E-02,    0.45826E-03
    0.25944E-01,    0.33663E+00,    0.17383E-02,    0.59003E-02
    0.47699E-01,    0.39240E-01,    0.79576E-02,    0.10976E-01
    0.38249E-01,    0.43430E+00,   -0.10082E-01,   -0.61500E-02
    0.30805E-01,    0.38639E+00,   -0.52262E-02,   -0.82965E-03
    0.25802E-01,    0.18191E+00,    0.78039E-02,    0.10989E-01
    0.24971E-01,    0.32667E+00,    0.32779E-02,    0.72652E-02
    0.16140E+00,   -0.24735E+00,    0.73500E-02,    0.10365E-01
    0.42244E-01,    0.63056E-01,    0.79474E-02,    0.10994E-01
    0.23467E-01,    0.21755E+00,    0.77388E-02,    0.10957E-01
    0.27984E+00,   -0.40881E+00,    0.11590E+00,    0.11203E+00
    0.16590E+00,   -0.25543E+00,    0.60957E-02,    0.97138E-02
    0.31778E-01,    0.39634E+00,   -0.63987E-02,   -0.20647E-02
    0.63148E-01,   -0.22223E-01,    0.79474E-02,    0.10902E-01
    0.12562E+00,   -0.18247E+00,    0.76216E-02,    0.10542E-01
    0.50747E-01,    0.49742E+00,   -0.90737E+00,    0.74388E-01
    0.21509E+00,   -0.32989E+00,   -0.13037E-01,   -0.10866E-02
    0.16977E+00,   -0.26248E+00,    0.39606E-02,    0.85808E-02
    0.32750E-01,    0.40629E+00,   -0.74810E-02,   -0.32363E-02
    0.18126E+00,   -0.28105E+00,   -0.16182E-02,    0.55043E-02
    0.91483E-01,   -0.10686E+00,    0.78344E-02,    0.10739E-01
    0.33572E-01,    0.10565E+00,    0.79122E-02,    0.11009E-01
    0.22146E-01,    0.29395E+00,    0.75799E-02,    0.10847E-01
    0.14830E+00,   -0.22690E+00,    0.74452E-02,    0.10420E-01
    0.27812E-01,    0.14744E+00,    0.78594E-02,    0.11005E-01
    0.25715E+00,   -0.38434E+00,   -0.15592E-01,   -0.40846E-02
    0.27500E+00,   -0.40492E+00,    0.18388E-01,    0.24454E-02
    0.33722E-01,    0.41625E+00,   -0.84691E-02,   -0.43345E-02
    0.12104E+00,   -0.17481E+00,    0.76488E-02,    0.10564E-01
    0.21357E-01,    0.24386E+00,    0.76879E-02,    0.10925E-01
    0.22149E-01,    0.30450E+00,    0.67534E-02,    0.10186E-01
    0.11657E+00,   -0.16603E+00,    0.76780E-02,    0.10589E-01
    0.72048E-01,   -0.54915E-01,    0.79178E-02,    0.10848E-01
    0.21003E-01,    0.27025E+00,    0.76329E-02,    0.10887E-01
    0.18987E+00,   -0.29590E+00,   -0.55557E-02,    0.32709E-02
    0.34695E-01,    0.42620E+00,   -0.93583E-02,   -0.53466E-02
    0.86985E-01,   -0.98102E-01,    0.78517E-02,    0.10760E-01
    0.47750E-01,    0.49248E+00,   -0.11839E+00,   -0.97780E-01
    0.23959E+00,   -0.36472E+00,   -0.16010E-01,   -0.34462E-02
    0.30005E-01,    0.12115E+00,    0.78948E-02,    0.11009E-01
    0.38845E-01,    0.45161E+00,   -0.11285E-01,   -0.75175E-02
    0.24005E-01,    0.17206E+00,    0.78221E-02,    0.10993E-01
    0.36543E-01,    0.79297E-01,    0.79362E-02,    0.11001E-01
    0.16142E+00,   -0.25287E+00,    0.73305E-02,    0.10358E-01
    0.22335E+00,   -0.34473E+00,   -0.14697E-01,   -0.22566E-02
    0.21167E-01,    0.20789E+00,    0.77597E-02,    0.10965E-01
    0.28078E+00,   -0.41378E+00,    0.90420E+00,    0.56218E-01
    0.11118E+00,   -0.15770E+00,    0.77047E-02,    0.10613E-01
    0.19806E+00,   -0.31015E+00,   -0.88236E-02,    0.13725E-02
    0.19818E-01,    0.28009E+00,    0.76133E-02,    0.10870E-01
    0.20038E-01,    0.29933E+00,    0.75711E-02,    0.10837E-01
    0.10661E+00,   -0.14890E+00,    0.77308E-02,    0.10637E-01
    0.52671E-01,    0.18768E-02,    0.79566E-02,    0.10936E-01
    0.15022E+00,   -0.23590E+00,    0.74104E-02,    0.10403E-01
    0.45403E-01,    0.30280E-01,    0.79583E-02,    0.10967E-01
    0.81700E-01,   -0.89631E-01,    0.78667E-02,    0.10780E-01
    0.32051E-01,    0.95848E-01,    0.79222E-02,    0.11006E-01
    0.39934E-01,    0.53235E-01,    0.79516E-02,    0.10985E-01
    0.27678E+00,   -0.41153E+00,    0.15666E+00,   -0.12918E+00
    0.18553E-01,    0.23415E+00,    0.77109E-02,    0.10936E-01
    0.24863E+00,   -0.37937E+00,   -0.15840E-01,   -0.39788E-02
    0.20642E+00,   -0.32483E+00,   -0.11568E-01,   -0.29560E-03
    0.26482E+00,   -0.39872E+00,   -0.14259E-01,   -0.28744E-02
    0.56350E-01,   -0.14979E-01,    0.79497E-02,    0.10913E-01
    0.47142E-01,    0.19403E-01,    0.79587E-02,    0.10955E-01
    0.17845E-01,    0.25326E+00,    0.76727E-02,    0.10910E-01
    0.10133E+00,   -0.14074E+00,    0.77537E-02,    0.10660E-01
    0.17175E+00,   -0.27387E+00,    0.12731E-02,    0.71201E-02
    0.16207E+00,   -0.25861E+00,    0.59546E-02,    0.96487E-02
    0.22034E-01,    0.16351E+00,    0.78374E-02,    0.10996E-01
    0.24810E-01,    0.13799E+00,    0.78743E-02,    0.11005E-01
    0.77076E-01,   -0.80880E-01,    0.78809E-02,    0.10799E-01
    0.15623E+00,   -0.24914E+00,    0.73535E-02,    0.10373E-01
    0.39334E-01,    0.46894E+00,   -0.12355E-01,   -0.85715E-02
    0.23186E+00,   -0.36003E+00,   -0.15634E-01,   -0.31934E-02
    0.45758E-01,    0.49790E+00,   -0.90628E-01,   -0.90774E+00
    0.96694E-01,   -0.13190E+00,    0.77768E-02,    0.10683E-01
    0.18826E-01,    0.19810E+00,    0.77801E-02,    0.10972E-01
    0.33550E-01,    0.44313E+00,   -0.10622E-01,   -0.68322E-02
    0.17231E-01,    0.29428E+00,    0.75861E-02,    0.10845E-01
    0.64992E-01,   -0.47906E-01,    0.79238E-02,    0.10861E-01
    0.17506E-01,    0.30367E+00,    0.69430E-02,    0.10329E-01
    0.18125E+00,   -0.29087E+00,   -0.33906E-02,    0.44923E-02
    0.34725E-01,    0.69633E-01,    0.79427E-02,    0.10995E-01
    0.59535E-01,   -0.31263E-01,    0.79386E-02,    0.10889E-01
    0.27358E-01,    0.11152E+00,    0.79066E-02,    0.11007E-01
    0.21521E+00,   -0.33988E+00,   -0.13693E-01,   -0.17106E-02
    0.41921E-01,    0.48629E+00,    0.74670E-02,   -0.23094E-01
    0.13812E+00,   -0.21973E+00,    0.74842E-02,    0.10451E-01
    0.18510E-01,    0.18875E+00,    0.77971E-02,    0.10979E-01
    0.13194E+00,   -0.20864E+00,    0.75293E-02,    0.10481E-01
    0.16253E-01,    0.28810E+00,    0.76009E-02,    0.10856E-01
    0.19043E+00,   -0.30583E+00,   -0.71408E-02,    0.23121E-02
    0.16219E-01,    0.22443E+00,    0.77326E-02,    0.10946E-01
    0.16783E-01,    0.31011E+00,    0.59765E-02,    0.95328E-02
    0.91460E-01,   -0.12341E+00,    0.77973E-02,    0.10705E-01
    0.25765E+00,   -0.39424E+00,   -0.15170E-01,   -0.39902E-02
    0.42812E-01,    0.49367E+00,    0.12351E+00,   -0.15637E+00
    0.12670E+00,   -0.20046E+00,    0.75618E-02,    0.10505E-01
    0.15718E+00,   -0.25553E+00,    0.73295E-02,    0.10363E-01
    0.27662E+00,   -0.41656E+00,   -0.29823E-01,   -0.90402E+00
    0.71231E-01,   -0.72243E-01,    0.78932E-02,    0.10817E-01
    0.23210E-01,    0.12820E+00,    0.78878E-02,    0.11005E-01
    0.19755E-01,    0.36235E+00,   -0.17909E-02,    0.25232E-02
    0.18783E-01,    0.35240E+00,   -0.37398E-03,    0.38808E-02
    0.20116E-01,    0.15379E+00,    0.78535E-02,    0.10999E-01
    0.16274E-01,    0.32031E+00,    0.44399E-02,    0.82278E-02
    0.20728E-01,    0.37230E+00,   -0.31489E-02,    0.11865E-02
    0.17811E-01,    0.34244E+00,    0.10902E-02,    0.52458E-02
    0.29400E-01,    0.86273E-01,    0.79306E-02,    0.11000E-01
    0.15033E-01,    0.29962E+00,    0.75775E-02,    0.10835E-01
    0.21700E-01,    0.38226E+00,   -0.44382E-02,   -0.11685E-03
    0.23980E+00,   -0.37470E+00,   -0.15815E-01,   -0.38631E-02
    0.12124E+00,   -0.19145E+00,    0.75958E-02,    0.10531E-01
    0.16838E-01,    0.33249E+00,    0.25885E-02,    0.66040E-02
    0.19815E+00,   -0.32009E+00,   -0.10030E-01,    0.55416E-03
    0.22352E+00,   -0.35453E+00,   -0.15011E-01,   -0.27997E-02
    0.38421E-01,    0.39571E-01,    0.79553E-02,    0.10973E-01
    0.34145E-01,    0.46044E+00,   -0.11793E-01,   -0.80566E-02
    0.22672E-01,    0.39221E+00,   -0.56504E-02,   -0.13756E-02
    0.45576E-01,    0.90902E-02,    0.79563E-02,    0.10943E-01
    0.67172E-01,   -0.63607E-01,    0.79045E-02,    0.10834E-01
    0.23645E-01,    0.40216E+00,   -0.67791E-02,   -0.25797E-02
    0.86140E-01,   -0.11530E+00,    0.78155E-02,    0.10726E-01
    0.49689E-01,   -0.76614E-02,    0.79513E-02,    0.10923E-01
    0.27167E+00,   -0.41358E+00,   -0.10519E+00,   -0.98901E-01
    0.24617E-01,    0.41211E+00,   -0.78196E-02,   -0.37200E-02
    0.11566E+00,   -0.18323E+00,    0.76257E-02,    0.10555E-01
    0.13878E-01,    0.21473E+00,    0.77535E-02,    0.10954E-01
    0.53695E-01,   -0.24552E-01,    0.79420E-02,    0.10899E-01
    0.11108E+00,   -0.17435E+00,    0.76555E-02,    0.10579E-01
    0.81530E-01,   -0.10644E+00,    0.78339E-02,    0.10747E-01
    0.25589E-01,    0.42207E+00,   -0.87693E-02,   -0.47886E-02
    0.20670E+00,   -0.33480E+00,   -0.12459E-01,   -0.10253E-02
    0.15234E+00,   -0.25237E+00,    0.73493E-02,    0.10376E-01
    0.40765E-01,    0.49834E+00,    0.88847E+00,   -0.37994E-01
    0.15699E+00,   -0.26053E+00,    0.62481E-02,    0.98070E-02
    0.24908E+00,   -0.38922E+00,   -0.15443E-01,   -0.42480E-02
    0.24515E-01,    0.10229E+00,    0.79166E-02,    0.11003E-01
    0.10660E+00,   -0.16657E+00,    0.76807E-02,    0.10601E-01
    0.18586E-01,    0.14393E+00,    0.78684E-02,    0.11000E-01
    0.11824E-01,    0.26138E+00,    0.76630E-02,    0.10896E-01
    0.26562E-01,    0.43202E+00,   -0.96317E-02,   -0.57805E-02
    0.12746E-01,    0.30493E+00,    0.68045E-02,    0.10207E-01
    0.12311E-01,    0.29453E+00,    0.75922E-02,    0.10843E-01
    0.77011E-01,   -0.97529E-01,    0.78509E-02,    0.10767E-01
    0.11615E-01,    0.24322E+00,    0.77002E-02,    0.10921E-01
    0.16998E+00,   -0.28371E+00,   -0.40418E-03,    0.61732E-02
    0.11139E-01,    0.27904E+00,    0.76269E-02,    0.10869E-01
    0.18150E+00,   -0.30135E+00,   -0.51807E-02,    0.34135E-02
    0.10121E+00,   -0.15729E+00,    0.77090E-02,    0.10626E-01
    0.38655E-01,    0.24688E-01,    0.79564E-02,    0.10959E-01
    0.27662E-01,    0.76475E-01,    0.79378E-02,    0.10995E-01
    0.33276E-01,    0.48145E-01,    0.79520E-02,    0.10978E-01
    0.15935E+00,   -0.26728E+00,    0.44683E-02,    0.88680E-02
    0.56466E-01,   -0.40759E-01,    0.79284E-02,    0.10874E-01
    0.26492E+00,   -0.40996E+00,   -0.37640E-01,    0.39848E-02
    0.34237E-01,    0.47739E+00,   -0.13804E-01,   -0.10725E-01
    0.14581E-01,    0.16973E+00,    0.78317E-02,    0.10988E-01
    0.37868E-01,    0.49334E+00,    0.87798E-01,    0.86768E-01
    0.30939E-01,    0.57900E-01,    0.79482E-02,    0.10985E-01
    0.28851E-01,    0.45195E+00,   -0.11118E-01,   -0.74620E-02
    0.23107E+00,   -0.36994E+00,   -0.15580E-01,   -0.36711E-02
    0.13707E-01,    0.17830E+00,    0.78183E-02,    0.10983E-01
    0.11594E-01,    0.20500E+00,    0.77735E-02,    0.10962E-01
    0.14659E+00,   -0.24715E+00,    0.73773E-02,    0.10393E-01
    0.13931E+00,   -0.23443E+00,    0.74320E-02,    0.10425E-01
    0.96700E-01,   -0.14952E+00,    0.77313E-02,    0.10647E-01
    0.21478E+00,   -0.34979E+00,   -0.14161E-01,   -0.23261E-02
    0.27242E+00,   -0.41930E+00,   -0.90815E+00,    0.25769E-01
    0.15288E+00,   -0.25812E+00,    0.73287E-02,    0.10367E-01
    0.18945E+00,   -0.31519E+00,   -0.82964E-02,    0.15277E-02
    0.10024E-01,    0.29983E+00,    0.75838E-02,    0.10833E-01
    0.38681E-01,    0.16330E-01,    0.79556E-02,    0.10950E-01
    0.42731E-01,   -0.48787E-03,    0.79522E-02,    0.10931E-01
    0.89315E-02,    0.23127E+00,    0.77265E-02,    0.10934E-01
    0.91358E-01,   -0.14108E+00,    0.77541E-02,    0.10670E-01
    0.26810E+00,   -0.41675E+00,   -0.15113E+00,    0.13518E+00
    0.25676E+00,   -0.40394E+00,   -0.16005E-01,   -0.41007E-02
    0.59578E-01,   -0.57920E-01,    0.79097E-02,    0.10846E-01
    0.47036E-01,   -0.17194E-01,    0.79448E-02,    0.10909E-01
    0.24020E+00,   -0.38469E+00,   -0.15530E-01,   -0.42427E-02
    0.19798E+00,   -0.32998E+00,   -0.11056E-01,   -0.24101E-03
    0.16234E+00,   -0.27725E+00,    0.19701E-02,    0.74958E-02
    0.15716E-01,    0.13470E+00,    0.78817E-02,    0.10999E-01
    0.14880E+00,   -0.25513E+00,    0.73462E-02,    0.10378E-01
    0.15348E+00,   -0.26309E+00,    0.61560E-02,    0.97617E-02
    0.12758E-01,    0.15997E+00,    0.78478E-02,    0.10991E-01
    0.17671E-01,    0.11900E+00,    0.79001E-02,    0.11001E-01
    0.86816E-01,   -0.13223E+00,    0.77764E-02,    0.10691E-01
    0.29478E-01,    0.46924E+00,   -0.12429E-01,   -0.85768E-02
    0.22298E+00,   -0.36450E+00,   -0.15160E-01,   -0.33508E-02
    0.33709E-01,    0.30919E-01,    0.79551E-02,    0.10963E-01
    0.35767E-01,    0.49872E+00,    0.86076E-02,    0.88596E+00
    0.92293E-02,    0.19529E+00,    0.77926E-02,    0.10968E-01
    0.12679E+00,   -0.21808E+00,    0.75031E-02,    0.10473E-01
    0.69433E-01,   -0.90686E-01,    0.78621E-02,    0.10784E-01
    0.23551E-01,    0.44347E+00,   -0.10413E-01,   -0.67694E-02
    0.25167E-01,    0.66834E-01,    0.79433E-02,    0.10988E-01
    0.71357E-02,    0.29539E+00,    0.75972E-02,    0.10840E-01
    0.12157E+00,   -0.20903E+00,    0.75384E-02,    0.10497E-01
    0.17660E-01,    0.10946E+00,    0.79103E-02,    0.11000E-01
    0.20634E+00,   -0.34445E+00,   -0.13120E-01,   -0.17082E-02
    0.49792E-01,   -0.33422E-01,    0.79331E-02,    0.10886E-01
    0.21889E-01,    0.82216E-01,    0.79336E-02,    0.10994E-01
    0.11671E+00,   -0.20034E+00,    0.75708E-02,    0.10521E-01
    0.71117E-02,    0.30451E+00,    0.69157E-02,    0.10285E-01
    0.81474E-01,   -0.12379E+00,    0.77963E-02,    0.10713E-01
    0.61909E-01,   -0.72090E-01,    0.78907E-02,    0.10820E-01
    0.66702E-02,    0.22153E+00,    0.77473E-02,    0.10943E-01
    0.14639E-01,    0.12739E+00,    0.78911E-02,    0.10999E-01
    0.13088E+00,   -0.22768E+00,    0.74661E-02,    0.10450E-01
    0.20005E-01,    0.91507E-01,    0.79266E-02,    0.10997E-01
    0.10650E-01,    0.35822E+00,   -0.97891E-03,    0.32173E-02
    0.11622E-01,    0.36817E+00,   -0.23502E-02,    0.18799E-02
    0.96775E-02,    0.34826E+00,    0.44151E-03,    0.45676E-02
    0.24925E+00,   -0.39916E+00,   -0.15114E-01,   -0.45703E-02
    0.12594E-01,    0.37812E+00,   -0.36615E-02,    0.56802E-03
    0.87052E-02,    0.33831E+00,    0.18987E-02,    0.59172E-02
    0.18091E+00,   -0.31002E+00,   -0.64437E-02,    0.25884E-02
    0.55830E-02,    0.25271E+00,    0.76878E-02,    0.10905E-01
    0.58667E-02,    0.28788E+00,    0.76149E-02,    0.10852E-01
    0.13567E-01,    0.38807E+00,   -0.49033E-02,   -0.70679E-03
    0.77328E-02,    0.32836E+00,    0.33792E-02,    0.72520E-02
    0.11132E+00,   -0.19194E+00,    0.76014E-02,    0.10544E-01
    0.14539E-01,    0.39803E+00,   -0.60682E-02,   -0.19344E-02
    0.32471E-01,    0.49430E+00,   -0.15435E+00,    0.96888E-01
    0.26820E+00,   -0.42201E+00,    0.73444E-01,    0.88881E+00
    0.10866E-01,    0.15025E+00,    0.78627E-02,    0.10993E-01
    0.53433E-01,   -0.50112E-01,    0.79171E-02,    0.10859E-01
    0.10680E+00,   -0.18333E+00,    0.76307E-02,    0.10567E-01
    0.14855E+00,   -0.26064E+00,    0.73280E-02,    0.10371E-01
    0.15512E-01,    0.40798E+00,   -0.71503E-02,   -0.31064E-02
    0.23149E+00,   -0.37987E+00,   -0.15478E-01,   -0.41394E-02
    0.45098E-02,    0.26985E+00,    0.76543E-02,    0.10880E-01
    0.76218E-01,   -0.11537E+00,    0.78146E-02,    0.10733E-01
    0.30221E-01,    0.48823E+00,   -0.45255E-01,   -0.73902E-02
    0.50129E-02,    0.29996E+00,    0.75901E-02,    0.10831E-01
    0.28423E-01,    0.39404E-01,    0.79530E-02,    0.10969E-01
    0.18940E+00,   -0.32489E+00,   -0.95016E-02,    0.65157E-03
    0.16819E+00,   -0.29354E+00,   -0.19910E-02,    0.52236E-02
    0.16484E-01,    0.41793E+00,   -0.81459E-02,   -0.42160E-02
    0.24159E-01,    0.46078E+00,   -0.11541E-01,   -0.79932E-02
    0.21502E+00,   -0.35977E+00,   -0.14566E-01,   -0.29731E-02
    0.66459E-02,    0.18538E+00,    0.78112E-02,    0.10973E-01
    0.52247E-02,    0.31263E+00,    0.57400E-02,    0.92976E-02
    0.35865E-01,    0.67368E-02,    0.79525E-02,    0.10938E-01
    0.10133E+00,   -0.17502E+00,    0.76582E-02,    0.10590E-01
    0.17456E-01,    0.42788E+00,   -0.90533E-02,   -0.52587E-02
    0.40019E-01,   -0.10106E-01,    0.79467E-02,    0.10918E-01
    0.26331E+00,   -0.41892E+00,    0.91808E-01,    0.86500E-01
    0.62217E-01,   -0.81352E-01,    0.78763E-02,    0.10804E-01
    0.71576E-01,   -0.10657E+00,    0.78323E-02,    0.10752E-01
    0.43196E-02,    0.21182E+00,    0.77672E-02,    0.10951E-01
    0.96748E-01,   -0.16617E+00,    0.76855E-02,    0.10613E-01
    0.44250E-01,   -0.26719E-01,    0.79369E-02,    0.10895E-01
    0.18429E-01,    0.43784E+00,   -0.98698E-02,   -0.62275E-02
    0.24074E+00,   -0.39397E+00,   -0.15165E-01,   -0.45549E-02
    0.14382E+00,   -0.25732E+00,    0.73473E-02,    0.10383E-01
    0.19815E+00,   -0.33997E+00,   -0.11993E-01,   -0.10611E-02
    0.30766E-01,    0.49905E+00,   -0.92215E+00,   -0.32650E-01
    0.14890E+00,   -0.26641E+00,    0.60314E-02,    0.96980E-02
    0.88810E-02,    0.14188E+00,    0.78747E-02,    0.10993E-01
    0.24630E-02,    0.29477E+00,    0.76044E-02,    0.10839E-01
    0.91465E-01,   -0.15775E+00,    0.77104E-02,    0.10636E-01
    0.55610E-01,   -0.67072E-01,    0.78961E-02,    0.10831E-01
    0.22323E+00,   -0.37424E+00,   -0.15250E-01,   -0.38988E-02
    0.25500E-02,    0.30519E+00,    0.68434E-02,    0.10215E-01
    0.16057E+00,   -0.28709E+00,    0.25434E-03,    0.65026E-02
    0.86775E-01,   -0.14899E+00,    0.77346E-02,    0.10658E-01
    0.13461E+00,   -0.24426E+00,    0.74054E-02,    0.10417E-01
    0.24660E-01,    0.47798E+00,   -0.13060E-01,   -0.73625E-02
    0.25672E+00,   -0.41501E+00,    0.94901E-02,   -0.15146E-01
    0.28400E-01,    0.49466E+00,   -0.14805E+00,   -0.13131E+00
    0.23279E-01,    0.47971E-01,    0.79503E-02,    0.10973E-01
    0.47052E-01,   -0.42954E-01,    0.79229E-02,    0.10871E-01
    0.51563E-02,    0.16644E+00,    0.78419E-02,    0.10983E-01
    0.28885E-01,    0.22037E-01,    0.79536E-02,    0.10952E-01
    0.13027E-01,    0.10111E+00,    0.79188E-02,    0.10995E-01
    0.40454E-02,    0.17574E+00,    0.78283E-02,    0.10977E-01
    0.18858E-01,    0.45230E+00,   -0.10876E-01,   -0.74867E-02
    0.20229E-02,    0.20222E+00,    0.77860E-02,    0.10958E-01
    0.17497E-01,    0.73672E-01,    0.79389E-02,    0.10987E-01
    0.20694E+00,   -0.35548E+00,   -0.13808E-01,   -0.25258E-02
    0.26395E+00,   -0.42467E+00,    0.88452E+00,   -0.97767E-01
    0.14417E+00,   -0.26309E+00,    0.73275E-02,    0.10375E-01
    0.18076E+00,   -0.32000E+00,   -0.78436E-02,    0.16068E-02
   -0.15929E-09,    0.27859E+00,    0.76415E-02,    0.10865E-01
    0.81575E-01,   -0.14069E+00,    0.77562E-02,    0.10679E-01
    0.15026E+00,   -0.27420E+00,    0.42041E-02,    0.87160E-02
    0.00000E+00,    0.30000E+00,    0.75964E-02,    0.10829E-01
   -0.80997E-03,    0.26139E+00,    0.76774E-02,    0.10889E-01
    0.24859E+00,   -0.40900E+00,   -0.13885E-01,   -0.58164E-02
    0.12187E+00,   -0.22582E+00,    0.74829E-02,    0.10467E-01
   -0.69118E-03,    0.22837E+00,    0.77412E-02,    0.10931E-01
    0.28907E-01,    0.13916E-01,    0.79523E-02,    0.10944E-01
   -0.10715E-02,    0.24412E+00,    0.77117E-02,    0.10912E-01
    0.33153E-01,   -0.28536E-02,    0.79480E-02,    0.10925E-01
    0.76834E-01,   -0.13190E+00,    0.77776E-02,    0.10700E-01
    0.25970E+00,   -0.42200E+00,    0.11805E+00,   -0.15432E+00
    0.49679E-01,   -0.59145E-01,    0.79050E-02,    0.10845E-01
    0.23183E+00,   -0.38983E+00,   -0.15251E-01,   -0.45596E-02
    0.37331E-01,   -0.19525E-01,    0.79399E-02,    0.10904E-01
    0.18927E+00,   -0.33488E+00,   -0.10601E-01,   -0.24467E-03
    0.33114E-02,    0.15676E+00,    0.78568E-02,    0.10985E-01
    0.60233E-02,    0.13232E+00,    0.78875E-02,    0.10992E-01
    0.11634E+00,   -0.21754E+00,    0.75157E-02,    0.10489E-01
    0.11162E+00,   -0.20874E+00,    0.75482E-02,    0.10512E-01
    0.19506E-01,    0.46952E+00,   -0.11707E-01,   -0.82945E-02
    0.14460E+00,   -0.26808E+00,    0.61963E-02,    0.97835E-02
    0.23718E-01,    0.30595E-01,    0.79526E-02,    0.10958E-01
    0.17944E-01,    0.56423E-01,    0.79469E-02,    0.10977E-01
    0.63627E-01,   -0.10200E+00,    0.78401E-02,    0.10765E-01
    0.25762E-01,    0.49934E+00,    0.64846E-01,   -0.90218E+00
   -0.52805E-03,    0.19223E+00,    0.78047E-02,    0.10963E-01
    0.25168E-02,    0.36403E+00,   -0.15801E-02,    0.25345E-02
    0.15444E-02,    0.35408E+00,   -0.20450E-03,    0.38673E-02
    0.21422E+00,   -0.36997E+00,   -0.14793E-01,   -0.36255E-02
    0.16619E+00,   -0.30326E+00,   -0.34400E-02,    0.42891E-02
    0.34891E-02,    0.37399E+00,   -0.29042E-02,    0.12202E-02
    0.71666E-01,   -0.12336E+00,    0.77970E-02,    0.10720E-01
    0.57210E-03,    0.34413E+00,    0.12107E-02,    0.52054E-02
    0.13935E+00,   -0.26041E+00,    0.73443E-02,    0.10385E-01
    0.44614E-02,    0.38394E+00,   -0.41665E-02,   -0.63794E-04
   -0.40023E-03,    0.33418E+00,    0.26524E-02,    0.65351E-02
    0.59819E-02,    0.12282E+00,    0.78983E-02,    0.10993E-01
    0.10612E+00,   -0.20046E+00,    0.75786E-02,    0.10534E-01
    0.12234E-01,    0.82169E-01,    0.79335E-02,    0.10988E-01
    0.54338E-02,    0.39389E+00,   -0.53582E-02,   -0.13070E-02
   -0.13726E-02,    0.32422E+00,    0.41063E-02,    0.78409E-02
    0.12632E+00,   -0.23867E+00,    0.74352E-02,    0.10438E-01
    0.19809E+00,   -0.34981E+00,   -0.12756E-01,   -0.18592E-02
   -0.28532E-02,    0.29542E+00,    0.76096E-02,    0.10836E-01
    0.40099E-01,   -0.35795E-01,    0.79276E-02,    0.10881E-01
    0.10139E+00,   -0.19166E+00,    0.76087E-02,    0.10557E-01
    0.52719E-01,   -0.75029E-01,    0.78838E-02,    0.10817E-01
   -0.29157E-02,    0.21870E+00,    0.77608E-02,    0.10939E-01
    0.64061E-02,    0.40384E+00,   -0.64724E-02,   -0.25007E-02
    0.24061E+00,   -0.40393E+00,   -0.14451E-01,   -0.48707E-02
   -0.29599E-02,    0.30446E+00,    0.69668E-02,    0.10304E-01
    0.23016E-01,    0.49425E+00,    0.90680E-01,   -0.98281E-01
    0.13503E+00,   -0.25554E+00,    0.73672E-02,    0.10399E-01
    0.22367E+00,   -0.38411E+00,   -0.15229E-01,   -0.44298E-02
    0.73785E-02,    0.41380E+00,   -0.75042E-02,   -0.36386E-02
    0.96831E-01,   -0.18394E+00,    0.76343E-02,    0.10577E-01
    0.20810E+00,   -0.36508E+00,   -0.14309E-01,   -0.32369E-02
    0.14473E-02,    0.14807E+00,    0.78694E-02,    0.10986E-01
    0.66417E-01,   -0.11508E+00,    0.78144E-02,    0.10739E-01
    0.83508E-02,    0.42375E+00,   -0.84508E-02,   -0.47177E-02
    0.25968E+00,   -0.42729E+00,   -0.15018E+00,   -0.89504E+00
    0.13976E+00,   -0.26546E+00,    0.73270E-02,    0.10378E-01
    0.91345E-01,   -0.17457E+00,    0.76638E-02,    0.10602E-01
   -0.54407E-02,    0.27024E+00,    0.76646E-02,    0.10874E-01
    0.93231E-02,    0.43370E+00,   -0.93103E-02,   -0.57393E-02
    0.15886E+00,   -0.29693E+00,   -0.13826E-02,    0.54922E-02
    0.18443E-01,    0.39029E-01,    0.79510E-02,    0.10963E-01
    0.48946E-02,    0.11269E+00,    0.79090E-02,    0.10991E-01
    0.42834E-01,   -0.51991E-01,    0.79116E-02,    0.10856E-01
   -0.53600E-02,    0.28886E+00,    0.76264E-02,    0.10846E-01
   -0.50129E-02,    0.29996E+00,    0.76025E-02,    0.10827E-01
    0.18082E+00,   -0.32998E+00,   -0.91362E-02,    0.62166E-03
   -0.29495E-02,    0.18286E+00,    0.78213E-02,    0.10968E-01
   -0.59045E-02,    0.25287E+00,    0.76995E-02,    0.10898E-01
    0.86770E-01,   -0.16656E+00,    0.76878E-02,    0.10622E-01
    0.12565E-01,    0.64847E-01,    0.79429E-02,    0.10979E-01
    0.19194E-01,    0.48760E+00,    0.12994E-01,    0.89473E-03
    0.25485E+00,   -0.42411E+00,   -0.12794E+00,   -0.10046E+00
    0.30347E-01,   -0.12439E-01,    0.79422E-02,    0.10912E-01
   -0.52720E-02,    0.20904E+00,    0.77797E-02,    0.10946E-01
   -0.53202E-02,    0.31104E+00,    0.60394E-02,    0.95127E-02
    0.25302E-01,    0.57671E-02,    0.79490E-02,    0.10933E-01
    0.10169E-01,    0.44558E+00,   -0.10210E-01,   -0.68948E-02
    0.34321E-01,   -0.27731E-01,    0.79327E-02,    0.10892E-01
    0.11893E-01,    0.45542E+00,   -0.10854E-01,   -0.78176E-02
    0.13580E+00,   -0.26241E+00,    0.73433E-02,    0.10387E-01
    0.69225E-02,    0.90636E-01,    0.79276E-02,    0.10987E-01
    0.17198E+00,   -0.31959E+00,   -0.67546E-02,    0.21526E-02
    0.81484E-01,   -0.15746E+00,    0.77136E-02,    0.10645E-01
    0.24890E+00,   -0.41894E+00,   -0.34282E-01,   -0.22510E-02
    0.18946E+00,   -0.34484E+00,   -0.11594E-01,   -0.11492E-02
    0.54968E-01,   -0.92723E-01,    0.78555E-02,    0.10785E-01
   -0.69157E-02,    0.29511E+00,    0.76150E-02,    0.10835E-01
    0.20755E-01,    0.49957E+00,    0.88380E+00,    0.78129E-01
   -0.37346E-03,    0.13832E+00,    0.78822E-02,    0.10987E-01
    0.23139E+00,   -0.39908E+00,   -0.14896E-01,   -0.48751E-02
    0.45744E-01,   -0.67898E-01,    0.78922E-02,    0.10830E-01
    0.13992E+00,   -0.27123E+00,    0.60747E-02,    0.97141E-02
   -0.71117E-02,    0.30451E+00,    0.69623E-02,    0.10291E-01
   -0.36435E-02,    0.16386E+00,    0.78500E-02,    0.10977E-01
    0.76837E-01,   -0.14944E+00,    0.77350E-02,    0.10664E-01
    0.21513E+00,   -0.37990E+00,   -0.14979E-01,   -0.42619E-02
   -0.79917E-02,    0.23520E+00,    0.77350E-02,    0.10918E-01
    0.15072E-01,    0.47837E+00,   -0.10954E-01,   -0.80239E-02
    0.15128E+00,   -0.29045E+00,    0.78702E-03,    0.67447E-02
    0.37126E-01,   -0.43916E-01,    0.79187E-02,    0.10869E-01
    0.18363E-01,    0.49516E+00,    0.11898E+00,    0.14010E+00
    0.13291E-01,    0.47594E-01,    0.79486E-02,    0.10967E-01
    0.12564E+00,   -0.24864E+00,    0.74032E-02,    0.10423E-01
    0.18890E-01,    0.21852E-01,    0.79510E-02,    0.10947E-01
   -0.56291E-02,    0.17323E+00,    0.78374E-02,    0.10971E-01
   -0.75457E-02,    0.19934E+00,    0.77977E-02,    0.10953E-01
    0.11732E+00,   -0.23471E+00,    0.74589E-02,    0.10457E-01
    0.75062E-02,    0.73382E-01,    0.79384E-02,    0.10980E-01
    0.71591E-01,   -0.14094E+00,    0.77565E-02,    0.10685E-01
    0.16438E+00,   -0.31309E+00,   -0.48445E-02,    0.33122E-02
    0.25538E+00,   -0.42986E+00,   -0.89124E+00,    0.13496E+00
    0.11193E+00,   -0.22630E+00,    0.74918E-02,    0.10479E-01
   -0.99747E-02,    0.27872E+00,    0.76524E-02,    0.10859E-01
    0.13530E+00,   -0.26776E+00,    0.73266E-02,    0.10380E-01
   -0.18252E-02,    0.12844E+00,    0.78940E-02,    0.10986E-01
    0.10703E+00,   -0.21761E+00,    0.75241E-02,    0.10501E-01
   -0.10523E-01,    0.26166E+00,    0.76870E-02,    0.10883E-01
    0.24032E+00,   -0.41390E+00,   -0.13011E-01,   -0.43468E-02
    0.66918E-01,   -0.13214E+00,    0.77773E-02,    0.10705E-01
   -0.10024E-01,    0.29983E+00,    0.76087E-02,    0.10825E-01
   -0.10259E-01,    0.22546E+00,    0.77547E-02,    0.10927E-01
    0.19930E+00,   -0.36399E+00,   -0.13732E-01,   -0.30353E-02
    0.40397E-01,   -0.61587E-01,    0.78991E-02,    0.10841E-01
    0.22296E+00,   -0.39404E+00,   -0.15070E-01,   -0.49387E-02
    0.15178E-02,    0.99111E-01,    0.79214E-02,    0.10986E-01
    0.14102E+00,   -0.27907E+00,    0.43063E-02,    0.87384E-02
    0.10168E+00,   -0.20918E+00,    0.75548E-02,    0.10523E-01
    0.25058E+00,   -0.42664E+00,   -0.92586E-01,    0.12048E+00
    0.48403E-01,   -0.85809E-01,    0.78658E-02,    0.10799E-01
   -0.65886E-02,    0.35990E+00,   -0.84440E-03,    0.31472E-02
   -0.56163E-02,    0.36985E+00,   -0.21733E-02,    0.18355E-02
   -0.75609E-02,    0.34995E+00,    0.52737E-03,    0.44708E-02
    0.97010E-01,   -0.20058E+00,    0.75845E-02,    0.10544E-01
   -0.60887E-02,    0.15423E+00,    0.78642E-02,    0.10978E-01
   -0.46439E-02,    0.37980E+00,   -0.34479E-02,    0.54801E-03
   -0.85333E-02,    0.33999E+00,    0.19295E-02,    0.57930E-02
    0.18070E+00,   -0.34002E+00,   -0.10295E-01,   -0.36310E-03
    0.21958E-01,   -0.17990E-02,    0.79451E-02,    0.10923E-01
   -0.36716E-02,    0.38976E+00,   -0.46583E-02,   -0.70417E-03
   -0.95056E-02,    0.33004E+00,    0.33482E-02,    0.70993E-02
    0.26314E-01,   -0.18689E-01,    0.79369E-02,    0.10903E-01
    0.95461E-02,    0.47007E+00,   -0.11068E-01,   -0.91349E-02
    0.13771E-01,    0.30427E-01,    0.79504E-02,    0.10953E-01
    0.21754E+00,   -0.38911E+00,   -0.15066E-01,   -0.47995E-02
   -0.26993E-02,    0.39971E+00,   -0.57963E-02,   -0.19116E-02
   -0.10478E-01,    0.32009E+00,    0.47684E-02,    0.83733E-02
    0.13075E+00,   -0.26420E+00,    0.73451E-02,    0.10391E-01
    0.61675E-01,   -0.12363E+00,    0.77960E-02,    0.10724E-01
    0.79746E-02,    0.55968E-01,    0.79456E-02,    0.10970E-01
    0.15746E-01,    0.49975E+00,   -0.14503E+00,    0.88199E+00
    0.15677E+00,   -0.30660E+00,   -0.28641E-02,    0.45031E-02
   -0.10203E-01,    0.18974E+00,    0.78148E-02,    0.10957E-01
    0.91657E-01,   -0.19221E+00,    0.76127E-02,    0.10566E-01
   -0.17269E-02,    0.40966E+00,   -0.68556E-02,   -0.30671E-02
    0.20605E+00,   -0.37573E+00,   -0.14563E-01,   -0.40007E-02
   -0.12278E-01,    0.29372E+00,    0.76241E-02,    0.10834E-01
    0.17011E-01,    0.13321E-01,    0.79489E-02,    0.10938E-01
    0.56691E-01,   -0.11271E+00,    0.78183E-02,    0.10747E-01
    0.13537E+00,   -0.27353E+00,    0.60918E-02,    0.97166E-02
    0.30480E-01,   -0.36878E-01,    0.79235E-02,    0.10878E-01
    0.86903E-01,   -0.18348E+00,    0.76404E-02,    0.10588E-01
   -0.75459E-03,    0.41962E+00,   -0.78324E-02,   -0.41667E-02
    0.22623E-02,    0.81794E-01,    0.79335E-02,    0.10980E-01
   -0.12396E-01,    0.21571E+00,    0.77735E-02,    0.10935E-01
   -0.13329E-01,    0.24383E+00,    0.77238E-02,    0.10904E-01
    0.43035E-01,   -0.77423E-01,    0.78777E-02,    0.10814E-01
    0.23187E+00,   -0.40874E+00,   -0.14376E-01,   -0.48680E-02
   -0.12746E-01,    0.30493E+00,    0.68983E-02,    0.10223E-01
    0.21775E-03,    0.42957E+00,   -0.87260E-02,   -0.52124E-02
    0.13102E-01,    0.49461E+00,   -0.12720E+00,    0.86743E-01
   -0.14112E-01,    0.25402E+00,    0.77052E-02,    0.10891E-01
   -0.78039E-02,    0.14444E+00,    0.78771E-02,    0.10979E-01
    0.17006E+00,   -0.32951E+00,   -0.79282E-02,    0.11973E-02
    0.81572E-01,   -0.17508E+00,    0.76661E-02,    0.10609E-01
    0.50655E-01,   -0.10162E+00,    0.78388E-02,    0.10769E-01
    0.19079E+00,   -0.35891E+00,   -0.12831E-01,   -0.24379E-02
    0.25106E+00,   -0.43240E+00,    0.13408E+00,    0.88269E+00
    0.10462E-01,    0.48718E+00,   -0.32825E-01,   -0.12872E-01
    0.76871E-01,   -0.16628E+00,    0.76915E-02,    0.10630E-01
    0.33346E-01,   -0.53054E-01,    0.79075E-02,    0.10854E-01
    0.13081E+00,   -0.26998E+00,    0.73263E-02,    0.10382E-01
    0.14955E+00,   -0.30028E+00,   -0.88069E-03,    0.56837E-02
   -0.42577E-02,    0.10867E+00,    0.79138E-02,    0.10983E-01
    0.25399E-02,    0.45202E+00,   -0.10435E-01,   -0.74869E-02
   -0.55116E-02,    0.11708E+00,    0.79064E-02,    0.10983E-01
    0.84497E-02,    0.38867E-01,    0.79490E-02,    0.10957E-01
   -0.12536E-01,    0.18003E+00,    0.78310E-02,    0.10961E-01
    0.41649E-02,    0.46168E+00,   -0.10962E-01,   -0.86207E-02
    0.28605E-02,    0.64554E-01,    0.79420E-02,    0.10972E-01
   -0.15033E-01,    0.29962E+00,    0.76148E-02,    0.10823E-01
    0.25279E-03,    0.44230E+00,   -0.97138E-02,   -0.64751E-02
    0.12391E+00,   -0.25994E+00,    0.73687E-02,    0.10406E-01
    0.11457E+00,   -0.24374E+00,    0.74328E-02,    0.10444E-01
    0.24181E+00,   -0.42412E+00,    0.15034E-01,   -0.40522E-02
   -0.14773E-01,    0.20604E+00,    0.77915E-02,    0.10941E-01
    0.71668E-01,   -0.15779E+00,    0.77148E-02,    0.10651E-01
    0.24643E+00,   -0.42993E+00,    0.16204E+00,    0.97363E-01
    0.45447E-01,   -0.93215E-01,    0.78528E-02,    0.10786E-01
    0.18328E+00,   -0.35230E+00,   -0.11723E-01,   -0.16330E-02
    0.16255E+00,   -0.32292E+00,   -0.61830E-02,    0.23017E-02
    0.14916E-01,    0.52818E-02,    0.79459E-02,    0.10928E-01
    0.19190E-01,   -0.11349E-01,    0.79393E-02,    0.10909E-01
   -0.15668E-01,    0.31228E+00,    0.58775E-02,    0.93315E-02
   -0.30912E-02,    0.90237E-01,    0.79281E-02,    0.10979E-01
    0.12672E+00,   -0.26693E+00,    0.73421E-02,    0.10391E-01
    0.66888E-01,   -0.14906E+00,    0.77373E-02,    0.10671E-01
   -0.95990E-02,    0.13470E+00,    0.78889E-02,    0.10979E-01
   -0.13362E-01,    0.17017E+00,    0.78456E-02,    0.10966E-01
    0.10735E-01,    0.49988E+00,   -0.89324E+00,   -0.14347E+00
    0.23430E-01,   -0.28257E-01,    0.79289E-02,    0.10888E-01
    0.22399E+00,   -0.40531E+00,   -0.14768E-01,   -0.53521E-02
   -0.17231E-01,    0.29428E+00,    0.76283E-02,    0.10830E-01
    0.54785E-02,    0.47858E+00,   -0.10047E-01,   -0.11141E-01
    0.36231E-01,   -0.70647E-01,    0.78858E-02,    0.10825E-01
   -0.17797E-01,    0.27111E+00,    0.76757E-02,    0.10865E-01
   -0.17546E-01,    0.23227E+00,    0.77485E-02,    0.10914E-01
    0.14188E+00,   -0.29386E+00,    0.12142E-02,    0.69115E-02
   -0.17283E-01,    0.30410E+00,    0.69945E-02,    0.10293E-01
    0.33728E-02,    0.47459E-01,    0.79469E-02,    0.10961E-01
    0.27233E-01,   -0.45174E-01,    0.79143E-02,    0.10865E-01
    0.61746E-01,   -0.14066E+00,    0.77578E-02,    0.10690E-01
    0.90549E-02,    0.21616E-01,    0.79485E-02,    0.10942E-01
    0.10679E+00,   -0.23487E+00,    0.74695E-02,    0.10469E-01
    0.13151E+00,   -0.27799E+00,    0.55666E-02,    0.94182E-02
   -0.18515E-01,    0.27868E+00,    0.76614E-02,    0.10854E-01
    0.81435E-02,    0.49472E+00,   -0.93762E-01,   -0.13529E+00
    0.10196E+00,   -0.22613E+00,    0.75017E-02,    0.10490E-01
    0.11680E+00,   -0.25326E+00,    0.73994E-02,    0.10425E-01
   -0.17100E-01,    0.19693E+00,    0.78077E-02,    0.10946E-01
    0.17568E+00,   -0.34566E+00,   -0.10425E-01,   -0.72786E-03
    0.21626E+00,   -0.39902E+00,   -0.14978E-01,   -0.54229E-02
   -0.19024E-01,    0.28733E+00,    0.76446E-02,    0.10840E-01
   -0.24577E-02,    0.72905E-01,    0.79380E-02,    0.10972E-01
    0.15496E+00,   -0.31644E+00,   -0.43327E-02,    0.34523E-02
    0.24671E+00,   -0.43490E+00,    0.86651E+00,   -0.20000E+00
   -0.14901E-01,    0.16078E+00,    0.78590E-02,    0.10968E-01
    0.96563E-01,   -0.21775E+00,    0.75323E-02,    0.10511E-01
    0.56930E-01,   -0.13190E+00,    0.77778E-02,    0.10710E-01
    0.23197E+00,   -0.41864E+00,   -0.14288E-01,   -0.40124E-02
    0.20848E+00,   -0.39041E+00,   -0.14910E-01,   -0.50504E-02
    0.91735E-01,   -0.20901E+00,    0.75625E-02,    0.10533E-01
   -0.14722E-01,    0.36572E+00,   -0.14746E-02,    0.24102E-02
   -0.15694E-01,    0.35577E+00,   -0.14813E-03,    0.37153E-02
    0.12628E+00,   -0.27213E+00,    0.73261E-02,    0.10383E-01
   -0.13749E-01,    0.37567E+00,   -0.27543E-02,    0.11238E-02
   -0.16666E-01,    0.34581E+00,    0.12128E-02,    0.50263E-02
    0.19632E+00,   -0.37533E+00,   -0.14086E-01,   -0.39235E-02
   -0.19693E-01,    0.22253E+00,    0.77672E-02,    0.10922E-01
   -0.12777E-01,    0.38562E+00,   -0.39765E-02,   -0.13215E-03
   -0.17639E-01,    0.33586E+00,    0.25951E-02,    0.63299E-02
    0.87036E-01,   -0.20106E+00,    0.75892E-02,    0.10553E-01
   -0.11805E-01,    0.39558E+00,   -0.51313E-02,   -0.13474E-02
   -0.18611E-01,    0.32591E+00,    0.39851E-02,    0.76120E-02
   -0.20038E-01,    0.29933E+00,    0.76209E-02,    0.10820E-01
    0.30477E-01,   -0.62604E-01,    0.78950E-02,    0.10838E-01
    0.38450E-01,   -0.86116E-01,    0.78631E-02,    0.10799E-01
    0.24198E+00,   -0.43158E+00,    0.58728E-01,   -0.12300E+00
   -0.84714E-02,    0.98663E-01,    0.79223E-02,    0.10977E-01
   -0.10832E-01,    0.40553E+00,   -0.62110E-02,   -0.25132E-02
   -0.21113E-01,    0.26025E+00,    0.76999E-02,    0.10878E-01
   -0.21578E-03,    0.46883E+00,   -0.11391E-01,   -0.10044E-01
    0.51790E-01,   -0.12346E+00,    0.77959E-02,    0.10728E-01
    0.13406E+00,   -0.28755E+00,    0.33328E-02,    0.81277E-02
    0.16809E+00,   -0.33915E+00,   -0.89707E-02,    0.25297E-03
    0.81674E-01,   -0.19198E+00,    0.76185E-02,    0.10575E-01
   -0.98600E-02,    0.41548E+00,   -0.72097E-02,   -0.36234E-02
    0.12352E-01,   -0.43692E-02,    0.79411E-02,    0.10915E-01
   -0.13077E-01,    0.12519E+00,    0.78997E-02,    0.10977E-01
    0.37988E-02,    0.30116E-01,    0.79481E-02,    0.10946E-01
    0.16591E-01,   -0.20998E-01,    0.79323E-02,    0.10896E-01
    0.12185E+00,   -0.26842E+00,    0.73441E-02,    0.10394E-01
    0.45985E-01,   -0.11045E+00,    0.78215E-02,    0.10754E-01
   -0.88876E-02,    0.42543E+00,   -0.81247E-02,   -0.46758E-02
    0.14758E+00,   -0.31008E+00,   -0.24460E-02,    0.46113E-02
    0.18881E+00,   -0.36872E+00,   -0.13341E-01,   -0.32699E-02
   -0.20186E-02,    0.55853E-01,    0.79443E-02,    0.10963E-01
    0.57234E-02,    0.49997E+00,    0.12669E+00,   -0.89842E+00
   -0.21710E-01,    0.29455E+00,    0.76325E-02,    0.10827E-01
   -0.19732E-01,    0.18695E+00,    0.78245E-02,    0.10951E-01
    0.76925E-01,   -0.18392E+00,    0.76434E-02,    0.10595E-01
   -0.22415E-01,    0.24909E+00,    0.77220E-02,    0.10891E-01
    0.20946E-01,   -0.38538E-01,    0.79190E-02,    0.10873E-01
   -0.79895E-02,    0.43545E+00,   -0.89610E-02,   -0.56801E-02
    0.72239E-01,   -0.17509E+00,    0.76692E-02,    0.10616E-01
   -0.21918E-01,    0.21279E+00,    0.77852E-02,    0.10929E-01
   -0.77265E-02,    0.81390E-01,    0.79334E-02,    0.10972E-01
    0.33256E-01,   -0.78408E-01,    0.78738E-02,    0.10812E-01
    0.12615E+00,   -0.27790E+00,    0.61225E-02,    0.97184E-02
    0.22326E+00,   -0.41377E+00,   -0.14545E-01,   -0.57168E-02
    0.17569E-02,    0.48798E+00,    0.15123E-01,   -0.12810E-01
   -0.45190E-02,    0.45881E+00,   -0.10756E-01,   -0.80832E-02
   -0.22928E-01,    0.30433E+00,    0.69335E-02,    0.10224E-01
    0.16059E+00,   -0.33268E+00,   -0.74025E-02,    0.12891E-02
    0.29117E-02,    0.49549E+00,    0.15548E+00,   -0.11298E+00
   -0.17218E-01,    0.14114E+00,    0.78837E-02,    0.10971E-01
    0.40690E-01,   -0.10198E+00,    0.78365E-02,    0.10770E-01
    0.66886E-01,   -0.16656E+00,    0.76932E-02,    0.10636E-01
    0.18131E+00,   -0.36210E+00,   -0.12399E-01,   -0.25164E-02
   -0.69925E-02,    0.44918E+00,   -0.99990E-02,   -0.69971E-02
   -0.13132E-01,    0.10751E+00,    0.79158E-02,    0.10975E-01
   -0.24264E-01,    0.23926E+00,    0.77414E-02,    0.10901E-01
    0.24234E+00,   -0.43735E+00,   -0.21585E+00,   -0.87720E+00
   -0.20748E-01,    0.16750E+00,    0.78524E-02,    0.10960E-01
    0.14008E+00,   -0.30348E+00,   -0.43884E-03,    0.58292E-02
   -0.11821E-02,    0.38683E-01,    0.79471E-02,    0.10950E-01
    0.49720E-02,    0.11694E-01,    0.79453E-02,    0.10929E-01
    0.62189E-01,   -0.15787E+00,    0.77162E-02,    0.10656E-01
    0.23663E-01,   -0.55439E-01,    0.79019E-02,    0.10848E-01
    0.12172E+00,   -0.27420E+00,    0.73258E-02,    0.10385E-01
   -0.22137E-01,    0.17725E+00,    0.78397E-02,    0.10954E-01
   -0.70401E-02,    0.64473E-01,    0.79410E-02,    0.10964E-01
   -0.25037E-01,    0.29895E+00,    0.76270E-02,    0.10818E-01
   -0.24348E-01,    0.20381E+00,    0.78013E-02,    0.10935E-01
   -0.20096E-01,    0.15026E+00,    0.78740E-02,    0.10967E-01
    0.19881E+00,   -0.38815E+00,   -0.14617E-01,   -0.49820E-02
   -0.25896E-01,    0.22970E+00,    0.77594E-02,    0.10910E-01
    0.17381E+00,   -0.35550E+00,   -0.11275E-01,   -0.16708E-02
    0.23748E+00,   -0.43472E+00,   -0.17238E+00,   -0.67257E-01
    0.15318E+00,   -0.32627E+00,   -0.57259E-02,    0.23750E-02
    0.56931E-01,   -0.14938E+00,    0.77376E-02,    0.10675E-01
    0.54145E-02,    0.28262E-02,    0.79423E-02,    0.10920E-01
    0.12686E+00,   -0.28578E+00,    0.44250E-02,    0.87403E-02
    0.21464E+00,   -0.40877E+00,   -0.14856E-01,   -0.61226E-02
    0.10224E+00,   -0.24362E+00,    0.74464E-02,    0.10457E-01
    0.95399E-02,   -0.13946E-01,    0.79349E-02,    0.10902E-01
    0.23260E+00,   -0.43002E+00,   -0.43831E-01,    0.32469E-02
   -0.13069E-01,    0.89786E-01,    0.79284E-02,    0.10971E-01
    0.97278E-01,   -0.23496E+00,    0.74783E-02,    0.10478E-01
    0.10684E+00,   -0.25243E+00,    0.74136E-02,    0.10437E-01
    0.71112E-03,    0.50000E+00,    0.86748E+00,    0.17708E+00
   -0.19652E-01,    0.13318E+00,    0.78929E-02,    0.10970E-01
    0.13703E-01,   -0.30457E-01,    0.79241E-02,    0.10882E-01
    0.26359E-01,   -0.71215E-01,    0.78824E-02,    0.10823E-01
   -0.27264E-01,    0.27756E+00,    0.76722E-02,    0.10849E-01
    0.11713E+00,   -0.27113E+00,    0.73417E-02,    0.10394E-01
    0.34459E-01,   -0.95040E-01,    0.78476E-02,    0.10783E-01
   -0.27055E-01,    0.29354E+00,    0.76401E-02,    0.10825E-01
    0.12173E+00,   -0.27921E+00,    0.62714E-02,    0.97949E-02
   -0.48779E-02,    0.47750E+00,   -0.12832E-01,   -0.13631E-01
    0.92000E-01,   -0.22647E+00,    0.75090E-02,    0.10499E-01
    0.51757E-01,   -0.14083E+00,    0.77579E-02,    0.10694E-01
    0.87208E-01,   -0.21788E+00,    0.75388E-02,    0.10519E-01
    0.13233E+00,   -0.29745E+00,    0.15268E-02,    0.69955E-02
   -0.80164E-03,    0.21623E-01,    0.79461E-02,    0.10935E-01
   -0.17763E-02,    0.49478E+00,    0.53341E-01,    0.10404E+00
   -0.65963E-02,    0.47068E-01,    0.79453E-02,    0.10953E-01
   -0.27317E-01,    0.30937E+00,    0.62330E-02,    0.95903E-02
    0.11209E+00,   -0.26452E+00,    0.73692E-02,    0.10410E-01
   -0.27679E-01,    0.30291E+00,    0.70836E-02,    0.10341E-01
    0.16625E+00,   -0.34898E+00,   -0.99864E-02,   -0.74715E-03
   -0.18690E-01,    0.11552E+00,    0.79096E-02,    0.10971E-01
   -0.23827E-01,    0.36158E+00,   -0.81274E-03,    0.29417E-02
   -0.26688E-01,    0.19412E+00,    0.78175E-02,    0.10939E-01
   -0.22855E-01,    0.37154E+00,   -0.20915E-02,    0.16599E-02
   -0.24799E-01,    0.35163E+00,    0.50508E-03,    0.42371E-02
    0.20717E+00,   -0.40289E+00,   -0.14943E-01,   -0.60136E-02
    0.17285E-01,   -0.47819E-01,    0.79086E-02,    0.10858E-01
   -0.21882E-01,    0.38149E+00,   -0.33192E-02,    0.40392E-03
   -0.25772E-01,    0.34168E+00,    0.18491E-02,    0.55331E-02
    0.81929E-01,   -0.20944E+00,    0.75674E-02,    0.10540E-01
    0.46929E-01,   -0.13211E+00,    0.77773E-02,    0.10712E-01
   -0.20910E-01,    0.39144E+00,   -0.44852E-02,   -0.81503E-03
   -0.26744E-01,    0.33173E+00,    0.32052E-02,    0.68162E-02
    0.14555E+00,   -0.31984E+00,   -0.39267E-02,    0.35184E-02
   -0.29209E-01,    0.26821E+00,    0.76920E-02,    0.10861E-01
   -0.12441E-01,    0.72629E-01,    0.79374E-02,    0.10964E-01
    0.22353E+00,   -0.42321E+00,   -0.14072E-01,   -0.66837E-02
    0.23794E+00,   -0.43976E+00,   -0.89315E+00,    0.24627E+00
    0.77087E-01,   -0.20074E+00,    0.75955E-02,    0.10561E-01
   -0.28715E-01,    0.22011E+00,    0.77776E-02,    0.10916E-01
   -0.19938E-01,    0.40139E+00,   -0.55800E-02,   -0.19869E-02
   -0.18965E-01,    0.41135E+00,   -0.65955E-02,   -0.31033E-02
    0.11712E+00,   -0.27620E+00,    0.73256E-02,    0.10385E-01
    0.21245E-01,   -0.65027E-01,    0.78894E-02,    0.10832E-01
   -0.25469E-01,    0.15869E+00,    0.78655E-02,    0.10959E-01
   -0.17993E-01,    0.42130E+00,   -0.75258E-02,   -0.41576E-02
    0.42010E-01,   -0.12340E+00,    0.77953E-02,    0.10730E-01
    0.23409E+00,   -0.43706E+00,   -0.12228E+00,    0.16661E+00
   -0.28883E-01,    0.31951E+00,    0.48654E-02,    0.83453E-02
    0.29015E-01,   -0.89000E-01,    0.78564E-02,    0.10793E-01
    0.71709E-01,   -0.19234E+00,    0.76219E-02,    0.10581E-01
   -0.30029E-01,    0.29849E+00,    0.76329E-02,    0.10815E-01
   -0.18295E-01,    0.98305E-01,    0.79230E-02,    0.10968E-01
   -0.30903E-01,    0.25736E+00,    0.77139E-02,    0.10874E-01
   -0.17021E-01,    0.43125E+00,   -0.83682E-02,   -0.51459E-02
    0.15866E+00,   -0.34247E+00,   -0.85504E-02,    0.24895E-03
    0.66953E-01,   -0.18357E+00,    0.76480E-02,    0.10602E-01
    0.18699E+00,   -0.38137E+00,   -0.13936E-01,   -0.43927E-02
   -0.24727E-01,    0.14140E+00,    0.78854E-02,    0.10964E-01
   -0.11087E-01,    0.46632E+00,   -0.11422E-01,   -0.84043E-02
   -0.61784E-02,    0.30047E-01,    0.79459E-02,    0.10939E-01
    0.17934E+00,   -0.37191E+00,   -0.13000E-01,   -0.34240E-02
   -0.11635E-01,    0.55597E-01,    0.79430E-02,    0.10955E-01
    0.26674E-02,   -0.67843E-02,    0.79370E-02,    0.10907E-01
    0.13814E+00,   -0.31329E+00,   -0.20487E-02,    0.47000E-02
    0.11281E+00,   -0.27234E+00,    0.73433E-02,    0.10396E-01
    0.70503E-02,   -0.23603E-01,    0.79275E-02,    0.10888E-01
   -0.16222E-01,    0.44105E+00,   -0.91134E-02,   -0.60523E-02
   -0.31841E-01,    0.24576E+00,    0.77357E-02,    0.10887E-01
   -0.43012E-02,    0.49998E+00,   -0.20929E+00,    0.87048E+00
   -0.31784E-01,    0.28620E+00,    0.76594E-02,    0.10833E-01
   -0.29428E-01,    0.18454E+00,    0.78328E-02,    0.10943E-01
    0.61708E-01,   -0.17511E+00,    0.76722E-02,    0.10621E-01
    0.11090E-01,   -0.40086E-01,    0.79146E-02,    0.10867E-01
   -0.23839E-01,    0.12409E+00,    0.79026E-02,    0.10966E-01
    0.19842E+00,   -0.39810E+00,   -0.14810E-01,   -0.58196E-02
   -0.32146E-01,    0.29373E+00,    0.76446E-02,    0.10821E-01
   -0.31663E-01,    0.21061E+00,    0.77949E-02,    0.10922E-01
   -0.14323E-01,    0.45695E+00,   -0.10286E-01,   -0.73843E-02
   -0.17675E-01,    0.81131E-01,    0.79332E-02,    0.10963E-01
    0.23550E-01,   -0.80667E-01,    0.78681E-02,    0.10807E-01
    0.21474E+00,   -0.41874E+00,   -0.14649E-01,   -0.69628E-02
    0.56920E-01,   -0.16634E+00,    0.76959E-02,    0.10641E-01
    0.11679E+00,   -0.28196E+00,    0.61465E-02,    0.97123E-02
   -0.32446E-01,    0.30368E+00,    0.69381E-02,    0.10199E-01
    0.15117E+00,   -0.33597E+00,   -0.69942E-02,    0.13032E-02
    0.34438E-01,   -0.11268E+00,    0.78158E-02,    0.10751E-01
    0.17183E+00,   -0.36526E+00,   -0.12028E-01,   -0.26215E-02
   -0.71375E-02,    0.49543E+00,   -0.17979E+00,    0.56535E-01
   -0.90764E-02,    0.48721E+00,   -0.27000E-01,   -0.25827E-01
   -0.33617E-01,    0.23594E+00,    0.77543E-02,    0.10896E-01
    0.52203E-01,   -0.15753E+00,    0.77185E-02,    0.10660E-01
    0.13161E+00,   -0.30724E+00,   -0.29788E-03,    0.57902E-02
    0.23352E+00,   -0.44212E+00,    0.30043E+00,    0.83673E+00
    0.20764E+00,   -0.41239E+00,   -0.14934E-01,   -0.68196E-02
   -0.11154E-01,    0.38253E-01,    0.79452E-02,    0.10942E-01
   -0.23564E-01,    0.10680E+00,    0.79171E-02,    0.10965E-01
   -0.30735E-01,    0.16716E+00,    0.78568E-02,    0.10950E-01
    0.11249E+00,   -0.27811E+00,    0.73254E-02,    0.10386E-01
   -0.58705E-02,    0.13013E-01,    0.79429E-02,    0.10923E-01
    0.13395E-01,   -0.57007E-01,    0.78971E-02,    0.10843E-01
   -0.17023E-01,    0.63995E-01,    0.79401E-02,    0.10955E-01
    0.47076E-01,   -0.14911E+00,    0.77390E-02,    0.10679E-01
    0.22889E+00,   -0.43866E+00,    0.11451E+00,    0.60421E-01
    0.97173E-01,   -0.25224E+00,    0.74242E-02,    0.10445E-01
   -0.33866E-01,    0.20087E+00,    0.78112E-02,    0.10928E-01
    0.26331E-01,   -0.96098E-01,    0.78442E-02,    0.10780E-01
    0.92255E-01,   -0.24354E+00,    0.74560E-02,    0.10465E-01
   -0.35012E-01,    0.29795E+00,    0.76389E-02,    0.10812E-01
   -0.30080E-01,    0.14982E+00,    0.78774E-02,    0.10957E-01
    0.16441E+00,   -0.35880E+00,   -0.10912E-01,   -0.17592E-02
    0.19007E+00,   -0.39292E+00,   -0.14497E-01,   -0.54340E-02
    0.10085E+00,   -0.26002E+00,    0.73961E-02,    0.10428E-01
    0.14388E+00,   -0.32968E+00,   -0.53797E-02,    0.23739E-02
    0.22328E+00,   -0.43325E+00,    0.82471E-02,   -0.16376E-01
   -0.35609E-01,    0.22734E+00,    0.77702E-02,    0.10903E-01
    0.86948E-01,   -0.23509E+00,    0.74865E-02,    0.10486E-01
   -0.49203E-02,    0.41799E-02,    0.79401E-02,    0.10915E-01
    0.82040E-01,   -0.22639E+00,    0.75167E-02,    0.10506E-01
    0.10795E+00,   -0.27344E+00,    0.73457E-02,    0.10398E-01
    0.15107E-03,   -0.16386E-01,    0.79306E-02,    0.10893E-01
   -0.23061E-01,    0.89536E-01,    0.79285E-02,    0.10961E-01
   -0.93131E-02,    0.49991E+00,   -0.90405E+00,   -0.25333E+00
    0.41879E-01,   -0.14070E+00,    0.77584E-02,    0.10696E-01
    0.77227E-01,   -0.21825E+00,    0.75442E-02,    0.10526E-01
   -0.29450E-01,    0.13259E+00,    0.78955E-02,    0.10960E-01
    0.16896E-01,   -0.73987E-01,    0.78762E-02,    0.10816E-01
   -0.37132E-01,    0.27610E+00,    0.76839E-02,    0.10843E-01
   -0.36848E-01,    0.29247E+00,    0.76516E-02,    0.10820E-01
    0.40785E-02,   -0.33085E-01,    0.79190E-02,    0.10874E-01
   -0.31960E-01,    0.36740E+00,   -0.14634E-02,    0.21535E-02
   -0.32932E-01,    0.35745E+00,   -0.19116E-03,    0.34281E-02
   -0.30988E-01,    0.37735E+00,   -0.26916E-02,    0.90026E-03
   -0.33905E-01,    0.34750E+00,    0.11126E-02,    0.47115E-02
   -0.36491E-01,    0.31054E+00,    0.60088E-02,    0.93438E-02
   -0.30015E-01,    0.38731E+00,   -0.38640E-02,   -0.31966E-03
    0.26824E-01,   -0.10383E+00,    0.78309E-02,    0.10767E-01
   -0.34877E-01,    0.33754E+00,    0.24346E-02,    0.59905E-02
   -0.11280E-01,    0.49523E+00,   -0.12336E+00,   -0.16004E+00
    0.71941E-01,   -0.20930E+00,    0.75735E-02,    0.10547E-01
   -0.16038E-01,    0.47434E+00,   -0.12860E-01,   -0.72968E-02
   -0.29043E-01,    0.39726E+00,   -0.49699E-02,   -0.14952E-02
   -0.16282E-01,    0.46749E-01,    0.79437E-02,    0.10945E-01
   -0.35849E-01,    0.32759E+00,    0.37590E-02,    0.72520E-02
    0.12333E+00,   -0.30172E+00,    0.15448E-02,    0.69057E-02
   -0.10787E-01,    0.21200E-01,    0.79437E-02,    0.10928E-01
    0.15682E+00,   -0.35230E+00,   -0.96285E-02,   -0.81549E-03
    0.36937E-01,   -0.13202E+00,    0.77771E-02,    0.10714E-01
   -0.28071E-01,    0.40721E+00,   -0.59994E-02,   -0.26162E-02
   -0.36258E-01,    0.19180E+00,    0.78258E-02,    0.10931E-01
    0.13653E+00,   -0.32305E+00,   -0.36147E-02,    0.35297E-02
   -0.28676E-01,    0.11534E+00,    0.79108E-02,    0.10961E-01
    0.67106E-01,   -0.20121E+00,    0.75989E-02,    0.10566E-01
    0.74468E-02,   -0.48997E-01,    0.79045E-02,    0.10852E-01
    0.19875E+00,   -0.40807E+00,   -0.14943E-01,   -0.67136E-02
    0.11138E+00,   -0.28334E+00,    0.63292E-02,    0.98044E-02
    0.21500E+00,   -0.42760E+00,   -0.14197E-01,   -0.77821E-02
   -0.38682E-01,    0.25204E+00,    0.77297E-02,    0.10873E-01
   -0.27098E-01,    0.41717E+00,   -0.69435E-02,   -0.36735E-02
   -0.38150E-01,    0.30280E+00,    0.69839E-02,    0.10223E-01
    0.62420E-01,   -0.19239E+00,    0.76255E-02,    0.10586E-01
    0.17743E+00,   -0.38169E+00,   -0.13520E-01,   -0.43425E-02
    0.22908E+00,   -0.44444E+00,    0.81457E+00,   -0.32542E+00
   -0.22422E-01,    0.72407E-01,    0.79367E-02,    0.10955E-01
   -0.38378E-01,    0.21774E+00,    0.77876E-02,    0.10909E-01
   -0.26126E-01,    0.42712E+00,   -0.77948E-02,   -0.46585E-02
   -0.36411E-01,    0.17966E+00,    0.78427E-02,    0.10939E-01
   -0.24835E-01,    0.43631E+00,   -0.85024E-02,   -0.54977E-02
    0.10782E+00,   -0.27995E+00,    0.73253E-02,    0.10386E-01
    0.11321E-01,   -0.65881E-01,    0.78856E-02,    0.10828E-01
    0.19060E-01,   -0.89445E-01,    0.78536E-02,    0.10791E-01
   -0.35347E-01,    0.15831E+00,    0.78691E-02,    0.10949E-01
    0.22448E+00,   -0.44094E+00,    0.35534E-01,   -0.14460E+00
    0.14956E+00,   -0.34575E+00,   -0.82303E-02,    0.18750E-03
   -0.20759E-01,    0.46415E+00,   -0.10320E-01,   -0.72667E-02
   -0.39986E-01,    0.29732E+00,    0.76448E-02,    0.10810E-01
   -0.28271E-01,    0.97982E-01,    0.79234E-02,    0.10958E-01
   -0.24257E-01,    0.44627E+00,   -0.91433E-02,   -0.62923E-02
    0.20748E+00,   -0.42191E+00,   -0.15000E-01,   -0.78522E-02
    0.10067E+00,   -0.26967E+00,    0.73659E-02,    0.10410E-01
   -0.41042E-01,    0.26690E+00,    0.77045E-02,    0.10852E-01
    0.16997E+00,   -0.37508E+00,   -0.12711E-01,   -0.35910E-02
   -0.16072E-01,    0.29660E-01,    0.79437E-02,    0.10931E-01
   -0.41251E-01,    0.24239E+00,    0.77485E-02,    0.10882E-01
   -0.34719E-01,    0.14108E+00,    0.78880E-02,    0.10954E-01
   -0.21605E-01,    0.55208E-01,    0.79417E-02,    0.10946E-01
    0.12879E+00,   -0.31676E+00,   -0.18033E-02,    0.46868E-02
    0.10365E+00,   -0.27596E+00,    0.73427E-02,    0.10396E-01
   -0.69681E-02,   -0.93897E-02,    0.79329E-02,    0.10898E-01
   -0.14324E-01,    0.49979E+00,    0.24830E+00,   -0.86774E+00
    0.29189E-01,   -0.12165E+00,    0.77978E-02,    0.10734E-01
   -0.25972E-02,   -0.25985E-01,    0.79229E-02,    0.10879E-01
    0.19036E+00,   -0.40274E+00,   -0.14760E-01,   -0.63309E-02
   -0.40775E-01,    0.20804E+00,    0.78041E-02,    0.10915E-01
    0.14125E-01,   -0.80909E-01,    0.78655E-02,    0.10804E-01
    0.11238E+00,   -0.29178E+00,    0.45153E-02,    0.87050E-02
    0.18352E-02,   -0.42736E-01,    0.79093E-02,    0.10859E-01
   -0.23949E-01,    0.45624E+00,   -0.96713E-02,   -0.69321E-02
   -0.16548E-01,    0.49382E+00,    0.80875E-01,   -0.68278E-01
   -0.33934E-01,    0.12384E+00,    0.79042E-02,    0.10956E-01
   -0.42209E-01,    0.29243E+00,    0.76565E-02,    0.10815E-01
   -0.27594E-01,    0.80641E-01,    0.79329E-02,    0.10953E-01
    0.10744E+00,   -0.28488E+00,    0.63314E-02,    0.97975E-02
   -0.41503E-01,    0.31914E+00,    0.48446E-02,    0.82279E-02
    0.14182E+00,   -0.33946E+00,   -0.67085E-02,    0.12331E-02
    0.16242E+00,   -0.36859E+00,   -0.11737E-01,   -0.27736E-02
    0.42242E-01,   -0.15782E+00,    0.77189E-02,    0.10662E-01
   -0.43050E-01,    0.23359E+00,    0.77647E-02,    0.10889E-01
    0.12202E+00,   -0.30980E+00,    0.95325E-04,    0.59056E-02
   -0.14328E-01,    0.12031E-01,    0.79404E-02,    0.10916E-01
    0.54190E-01,   -0.18569E+00,    0.76463E-02,    0.10603E-01
    0.87513E-01,   -0.25233E+00,    0.74328E-02,    0.10452E-01
    0.22461E+00,   -0.44671E+00,   -0.34443E+00,   -0.84672E+00
   -0.43712E-01,    0.28561E+00,    0.76712E-02,    0.10824E-01
   -0.43291E-01,    0.30133E+00,    0.70977E-02,    0.10309E-01
    0.17815E+00,   -0.39089E+00,   -0.14034E-01,   -0.52312E-02
    0.45828E-02,   -0.58524E-01,    0.78929E-02,    0.10837E-01
    0.19890E+00,   -0.41700E+00,   -0.15015E-01,   -0.76337E-02
   -0.33367E-01,    0.10656E+00,    0.79178E-02,    0.10955E-01
    0.82287E-01,   -0.24381E+00,    0.74635E-02,    0.10471E-01
   -0.21132E-01,    0.38026E-01,    0.79432E-02,    0.10934E-01
    0.77404E-01,   -0.23522E+00,    0.74933E-02,    0.10491E-01
    0.37113E-01,   -0.14946E+00,    0.77387E-02,    0.10680E-01
    0.48985E-01,   -0.17720E+00,    0.76698E-02,    0.10622E-01
    0.10313E+00,   -0.28172E+00,    0.73252E-02,    0.10385E-01
   -0.22052E-01,    0.47971E+00,   -0.12841E-01,   -0.65497E-03
   -0.27008E-01,    0.63544E-01,    0.79391E-02,    0.10946E-01
   -0.43568E-01,    0.19860E+00,    0.78194E-02,    0.10919E-01
    0.16792E-01,   -0.98575E-01,    0.78382E-02,    0.10774E-01
    0.15494E+00,   -0.36198E+00,   -0.10600E-01,   -0.18708E-02
    0.72178E-01,   -0.22673E+00,    0.75222E-02,    0.10511E-01
   -0.44902E-01,    0.22384E+00,    0.77817E-02,    0.10897E-01
   -0.44949E-01,    0.29661E+00,    0.76506E-02,    0.10807E-01
    0.44328E-01,   -0.16842E+00,    0.76928E-02,    0.10641E-01
   -0.41668E-01,    0.16848E+00,    0.78589E-02,    0.10938E-01
    0.13439E+00,   -0.33281E+00,   -0.50577E-02,    0.23589E-02
    0.22014E+00,   -0.44427E+00,   -0.21292E+00,   -0.63552E-01
   -0.40073E-01,    0.14951E+00,    0.78803E-02,    0.10946E-01
    0.91383E-01,   -0.26317E+00,    0.73957E-02,    0.10428E-01
    0.18156E+00,   -0.39809E+00,   -0.14431E-01,   -0.59174E-02
    0.67261E-01,   -0.21806E+00,    0.75505E-02,    0.10531E-01
    0.21519E+00,   -0.43910E+00,   -0.43239E-01,    0.57628E-02
   -0.41065E-01,    0.36327E+00,   -0.87331E-03,    0.26027E-02
    0.21929E-01,   -0.11478E+00,    0.78102E-02,    0.10746E-01
   -0.40093E-01,    0.37322E+00,   -0.20973E-02,    0.13543E-02
   -0.42038E-01,    0.35332E+00,    0.38785E-03,    0.38685E-02
   -0.45125E-01,    0.30854E+00,    0.61711E-02,    0.94473E-02
   -0.39121E-01,    0.38317E+00,   -0.32719E-02,    0.13542E-03
   -0.43010E-01,    0.34336E+00,    0.16727E-02,    0.51374E-02
   -0.45193E-02,   -0.35539E-01,    0.79142E-02,    0.10865E-01
    0.31889E-01,   -0.14094E+00,    0.77578E-02,    0.10697E-01
   -0.38148E-01,    0.39313E+00,   -0.43855E-02,   -0.10423E-02
   -0.32743E-01,    0.89123E-01,    0.79285E-02,    0.10951E-01
   -0.19334E-01,    0.49963E+00,    0.85681E+00,    0.19763E+00
    0.70596E-02,   -0.74189E-01,    0.78734E-02,    0.10813E-01
    0.19211E+00,   -0.41259E+00,   -0.14951E-01,   -0.72629E-02
   -0.46216E-01,    0.29171E+00,    0.76613E-02,    0.10813E-01
   -0.37176E-01,    0.40308E+00,   -0.54271E-02,   -0.21676E-02
    0.98293E-01,   -0.27729E+00,    0.73445E-02,    0.10397E-01
    0.61963E-01,   -0.20960E+00,    0.75775E-02,    0.10551E-01
   -0.39436E-01,    0.13230E+00,    0.78974E-02,    0.10950E-01
   -0.47035E-01,    0.27490E+00,    0.76943E-02,    0.10836E-01
   -0.36204E-01,    0.41303E+00,   -0.63859E-02,   -0.32298E-02
    0.11413E+00,   -0.30438E+00,    0.18248E-02,    0.69753E-02
    0.11802E-01,   -0.90600E-01,    0.78502E-02,    0.10787E-01
    0.57152E-01,   -0.20088E+00,    0.76040E-02,    0.10571E-01
   -0.47541E-01,    0.25766E+00,    0.77262E-02,    0.10858E-01
   -0.21610E-01,    0.49432E+00,    0.77369E-01,    0.12224E+00
   -0.35231E-01,    0.42298E+00,   -0.72504E-02,   -0.42176E-02
    0.14736E+00,   -0.35547E+00,   -0.93250E-02,   -0.91040E-03
   -0.20781E-01,    0.20854E-01,    0.79412E-02,    0.10919E-01
   -0.26327E-01,    0.46412E-01,    0.79420E-02,    0.10935E-01
    0.20639E+00,   -0.43183E+00,   -0.16112E-01,   -0.94941E-02
    0.12702E+00,   -0.32611E+00,   -0.33175E-02,    0.35250E-02
   -0.45818E-01,    0.18892E+00,    0.78340E-02,    0.10923E-01
   -0.48309E-01,    0.24939E+00,    0.77413E-02,    0.10867E-01
    0.10252E+00,   -0.28746E+00,    0.61828E-02,    0.96944E-02
   -0.38660E-01,    0.11503E+00,    0.79119E-02,    0.10950E-01
    0.16798E+00,   -0.38487E+00,   -0.13303E-01,   -0.45587E-02
   -0.21931E-02,   -0.51455E-01,    0.78990E-02,    0.10844E-01
   -0.33121E-01,    0.44186E+00,   -0.85938E-02,   -0.58502E-02
    0.22012E+00,   -0.44894E+00,   -0.83880E+00,    0.39078E+00
   -0.46225E-01,    0.33581E+00,    0.26445E-02,    0.60574E-02
   -0.47967E-01,    0.21494E+00,    0.77974E-02,    0.10902E-01
   -0.48247E-01,    0.30136E+00,    0.70162E-02,    0.10219E-01
   -0.32386E-01,    0.71873E-01,    0.79360E-02,    0.10945E-01
   -0.28158E-01,    0.47086E+00,   -0.88342E-02,   -0.65939E-02
   -0.24482E-01,    0.48843E+00,   -0.14921E-01,    0.18561E-01
   -0.35350E-01,    0.43212E+00,   -0.79260E-02,   -0.50437E-02
   -0.30283E-01,    0.46112E+00,   -0.93306E-02,   -0.70159E-02
    0.21629E+00,   -0.44565E+00,   -0.92636E-01,    0.14301E+00
    0.24639E-01,   -0.13162E+00,    0.77772E-02,    0.10714E-01
    0.98407E-01,   -0.28340E+00,    0.73251E-02,    0.10385E-01
    0.15637E-02,   -0.67958E-01,    0.78803E-02,    0.10820E-01
   -0.32695E-01,    0.45144E+00,   -0.90561E-02,   -0.65200E-02
    0.14009E+00,   -0.34884E+00,   -0.79281E-02,    0.11550E-03
   -0.45334E-01,    0.15798E+00,    0.78723E-02,    0.10938E-01
   -0.12858E-01,   -0.20711E-01,    0.79238E-02,    0.10879E-01
    0.19838E+00,   -0.42600E+00,   -0.15036E-01,   -0.88088E-02
    0.14750E-01,   -0.10786E+00,    0.78217E-02,    0.10757E-01
   -0.49899E-01,    0.29582E+00,    0.76563E-02,    0.10803E-01
    0.16053E+00,   -0.37822E+00,   -0.12468E-01,   -0.37731E-02
   -0.38184E-01,    0.97822E-01,    0.79236E-02,    0.10948E-01
    0.11980E+00,   -0.31955E+00,   -0.15483E-02,    0.46924E-02
   -0.18861E-01,    0.10359E-02,    0.79350E-02,    0.10901E-01
   -0.48675E-01,    0.32611E+00,    0.38884E-02,    0.72423E-02
   -0.50635E-01,    0.23973E+00,    0.77592E-02,    0.10875E-01
   -0.47852E-01,    0.17793E+00,    0.78492E-02,    0.10927E-01
   -0.26012E-01,    0.29360E-01,    0.79415E-02,    0.10922E-01
   -0.44672E-01,    0.14064E+00,    0.78903E-02,    0.10943E-01
   -0.31535E-01,    0.54929E-01,    0.79402E-02,    0.10936E-01
   -0.24341E-01,    0.49941E+00,   -0.21614E+00,    0.88049E+00
   -0.50219E-01,    0.20523E+00,    0.78130E-02,    0.10907E-01
   -0.51253E-01,    0.28957E+00,    0.76696E-02,    0.10811E-01
   -0.12048E-01,   -0.29054E-01,    0.79176E-02,    0.10869E-01
    0.94218E-01,   -0.28004E+00,    0.73401E-02,    0.10393E-01
   -0.74853E-02,   -0.45054E-01,    0.79042E-02,    0.10850E-01
    0.49003E-01,   -0.19402E+00,    0.76255E-02,    0.10587E-01
    0.46046E-02,   -0.83856E-01,    0.78589E-02,    0.10796E-01
   -0.26107E-01,    0.49467E+00,   -0.16222E+00,    0.11993E+00
    0.10247E+00,   -0.29547E+00,    0.45446E-02,    0.86602E-02
    0.32296E-01,   -0.15817E+00,    0.77188E-02,    0.10662E-01
   -0.51125E-01,    0.31642E+00,    0.51006E-02,    0.83900E-02
   -0.52288E-01,    0.22993E+00,    0.77762E-02,    0.10883E-01
   -0.37583E-01,    0.80379E-01,    0.79323E-02,    0.10943E-01
    0.44384E-01,   -0.18603E+00,    0.76479E-02,    0.10605E-01
    0.98000E-01,   -0.28839E+00,    0.63206E-02,    0.97687E-02
   -0.44053E-01,    0.12343E+00,    0.79057E-02,    0.10945E-01
    0.15293E+00,   -0.37172E+00,   -0.11483E-01,   -0.29315E-02
    0.13244E+00,   -0.34258E+00,   -0.64455E-02,    0.11577E-02
   -0.52934E-01,    0.26507E+00,    0.77168E-02,    0.10843E-01
    0.77281E-01,   -0.25246E+00,    0.74410E-02,    0.10457E-01
    0.19023E+00,   -0.42038E+00,   -0.15026E-01,   -0.80695E-02
    0.91216E-02,   -0.10020E+00,    0.78340E-02,    0.10769E-01
    0.11247E+00,   -0.31276E+00,    0.32267E-03,    0.59116E-02
    0.72315E-01,   -0.24379E+00,    0.74709E-02,    0.10476E-01
    0.17865E-01,   -0.12427E+00,    0.77914E-02,    0.10727E-01
    0.89320E-01,   -0.27478E+00,    0.73614E-02,    0.10406E-01
    0.67412E-01,   -0.23508E+00,    0.75003E-02,    0.10496E-01
    0.21561E+00,   -0.45112E+00,    0.41582E+00,    0.77395E+00
    0.39229E-01,   -0.17696E+00,    0.76723E-02,    0.10624E-01
   -0.24749E-01,    0.11904E-01,    0.79377E-02,    0.10907E-01
    0.18175E+00,   -0.41117E+00,   -0.14812E-01,   -0.71498E-02
    0.17358E+00,   -0.40111E+00,   -0.14334E-01,   -0.61806E-02
    0.27126E-01,   -0.14962E+00,    0.77385E-02,    0.10679E-01
   -0.50206E-02,   -0.60951E-01,    0.78873E-02,    0.10828E-01
   -0.53559E-01,    0.29972E+00,    0.71216E-02,    0.10298E-01
   -0.31118E-01,    0.37942E-01,    0.79412E-02,    0.10924E-01
    0.62187E-01,   -0.22667E+00,    0.75281E-02,    0.10516E-01
   -0.43391E-01,    0.10608E+00,    0.79184E-02,    0.10944E-01
    0.21112E+00,   -0.44749E+00,    0.11829E+00,    0.29448E-01
    0.34345E-01,   -0.16825E+00,    0.76945E-02,    0.10642E-01
   -0.49199E-01,    0.36909E+00,   -0.15388E-02,    0.17644E-02
   -0.50171E-01,    0.35913E+00,   -0.32324E-03,    0.30066E-02
   -0.50688E-01,    0.16642E+00,    0.78641E-02,    0.10929E-01
    0.93658E-01,   -0.28501E+00,    0.73251E-02,    0.10384E-01
   -0.32506E-01,    0.47769E+00,   -0.44506E-02,   -0.79813E-02
   -0.48226E-01,    0.37904E+00,   -0.27117E-02,    0.54816E-03
   -0.51143E-01,    0.34918E+00,    0.92341E-03,    0.42638E-02
   -0.52997E-01,    0.19548E+00,    0.78279E-02,    0.10911E-01
    0.14556E+00,   -0.36529E+00,   -0.10375E-01,   -0.20366E-02
   -0.47254E-01,    0.38899E+00,   -0.38298E-02,   -0.63042E-03
    0.57273E-01,   -0.21843E+00,    0.75544E-02,    0.10534E-01
   -0.36921E-01,    0.63349E-01,    0.79378E-02,    0.10935E-01
    0.12506E+00,   -0.33587E+00,   -0.48205E-02,    0.22925E-02
   -0.46282E-01,    0.39894E+00,   -0.48815E-02,   -0.17598E-02
   -0.54835E-01,    0.29495E+00,    0.76621E-02,    0.10800E-01
   -0.20815E-01,   -0.11584E-01,    0.79276E-02,    0.10884E-01
   -0.45309E-01,    0.40890E+00,   -0.58552E-02,   -0.28284E-02
   -0.49940E-01,    0.14914E+00,    0.78828E-02,    0.10935E-01
    0.21915E-01,   -0.14112E+00,    0.77570E-02,    0.10696E-01
    0.90315E-01,   -0.28120E+00,    0.73403E-02,    0.10393E-01
   -0.55102E-01,    0.22197E+00,    0.77903E-02,    0.10888E-01
    0.51975E-01,   -0.20942E+00,    0.75822E-02,    0.10555E-01
    0.16613E+00,   -0.39465E+00,   -0.13807E-01,   -0.55152E-02
   -0.44337E-01,    0.41885E+00,   -0.67397E-02,   -0.38250E-02
   -0.14216E-01,   -0.37842E-01,    0.79092E-02,    0.10856E-01
   -0.29346E-01,    0.49914E+00,   -0.88621E+00,   -0.23432E+00
    0.20494E+00,   -0.44297E+00,    0.40232E-02,   -0.28900E-01
   -0.42735E-01,    0.88920E-01,    0.79282E-02,    0.10940E-01
    0.10480E+00,   -0.30688E+00,    0.20626E-02,    0.70217E-02
   -0.25140E-02,   -0.76985E-01,    0.78670E-02,    0.10804E-01
   -0.56301E-01,    0.28936E+00,    0.76740E-02,    0.10807E-01
   -0.56737E-01,    0.25492E+00,    0.77372E-02,    0.10852E-01
   -0.29892E-01,    0.20234E-01,    0.79388E-02,    0.10910E-01
   -0.49423E-01,    0.13185E+00,    0.78991E-02,    0.10938E-01
   -0.40488E-01,    0.44858E+00,   -0.87136E-02,   -0.62693E-02
    0.10991E-01,   -0.11709E+00,    0.78042E-02,    0.10739E-01
   -0.31516E-01,    0.49378E+00,   -0.88405E-01,   -0.13280E+00
    0.19769E+00,   -0.43588E+00,   -0.13772E-01,   -0.10756E-01
    0.22338E-02,   -0.92996E-01,    0.78443E-02,    0.10779E-01
    0.13808E+00,   -0.35864E+00,   -0.91023E-02,   -0.10514E-02
   -0.57223E-01,    0.28153E+00,    0.76896E-02,    0.10817E-01
   -0.42654E-01,    0.43894E+00,   -0.81852E-02,   -0.55644E-02
   -0.36328E-01,    0.45953E-01,    0.79402E-02,    0.10925E-01
    0.11755E+00,   -0.32928E+00,   -0.31273E-02,    0.34485E-02
   -0.55340E-01,    0.18696E+00,    0.78402E-02,    0.10913E-01
   -0.37630E-01,    0.46774E+00,   -0.89862E-02,   -0.77940E-02
    0.15868E+00,   -0.38805E+00,   -0.13126E-01,   -0.47827E-02
   -0.57892E-01,    0.24659E+00,    0.77522E-02,    0.10860E-01
   -0.57151E-01,    0.30740E+00,    0.61353E-02,    0.93468E-02
   -0.39803E-01,    0.45844E+00,   -0.90178E-02,   -0.69389E-02
   -0.55846E-01,    0.33308E+00,    0.29435E-02,    0.62240E-02
    0.92854E-01,   -0.29073E+00,    0.61984E-02,    0.96772E-02
   -0.57326E-01,    0.21223E+00,    0.78060E-02,    0.10893E-01
   -0.57718E-01,    0.29892E+00,    0.71363E-02,    0.10298E-01
    0.21108E+00,   -0.45326E+00,    0.76751E+00,   -0.45199E+00
   -0.11750E-01,   -0.54069E-01,    0.78933E-02,    0.10834E-01
   -0.45196E-01,    0.42928E+00,   -0.75158E-02,   -0.47754E-02
   -0.48790E-01,    0.11469E+00,    0.79127E-02,    0.10939E-01
   -0.42353E-01,    0.71738E-01,    0.79349E-02,    0.10934E-01
    0.78797E-01,   -0.26753E+00,    0.73933E-02,    0.10425E-01
   -0.80190E-02,   -0.68750E-01,    0.78766E-02,    0.10814E-01
    0.20715E+00,   -0.45014E+00,    0.46551E-01,   -0.19966E+00
    0.14883E-01,   -0.13379E+00,    0.77720E-02,    0.10709E-01
    0.13060E+00,   -0.35200E+00,   -0.77079E-02,   -0.10627E-04
   -0.20029E-01,   -0.29744E-01,    0.79147E-02,    0.10862E-01
    0.88883E-01,   -0.28653E+00,    0.73250E-02,    0.10383E-01
    0.44273E-01,   -0.20277E+00,    0.76032E-02,    0.10570E-01
    0.18939E+00,   -0.43033E+00,   -0.15062E-01,   -0.90592E-02
    0.15109E+00,   -0.38153E+00,   -0.12291E-01,   -0.39943E-02
    0.49570E-02,   -0.10916E+00,    0.78177E-02,    0.10752E-01
   -0.29566E-01,    0.49651E-02,    0.79337E-02,    0.10895E-01
   -0.60044E-01,    0.27204E+00,    0.77091E-02,    0.10827E-01
   -0.58296E-01,    0.32339E+00,    0.41443E-02,    0.73850E-02
   -0.55317E-01,    0.15756E+00,    0.78751E-02,    0.10926E-01
   -0.60014E-01,    0.23867E+00,    0.77665E-02,    0.10866E-01
    0.11026E+00,   -0.32251E+00,   -0.13559E-02,    0.46471E-02
   -0.59756E-01,    0.29399E+00,    0.76677E-02,    0.10797E-01
   -0.57187E-01,    0.17716E+00,    0.78531E-02,    0.10916E-01
   -0.48168E-01,    0.97302E-01,    0.79237E-02,    0.10936E-01
   -0.35620E-01,    0.28330E-01,    0.79391E-02,    0.10912E-01
   -0.36706E-01,    0.48712E+00,    0.17514E-01,   -0.19419E-01
    0.84982E-01,   -0.28227E+00,    0.73420E-02,    0.10393E-01
   -0.34348E-01,    0.49882E+00,    0.21333E+00,   -0.87226E+00
    0.39068E-01,   -0.19449E+00,    0.76269E-02,    0.10588E-01
   -0.60776E-01,    0.28903E+00,    0.76780E-02,    0.10803E-01
    0.67455E-01,   -0.25148E+00,    0.74510E-02,    0.10462E-01
   -0.41520E-01,    0.54493E-01,    0.79386E-02,    0.10925E-01
   -0.54656E-01,    0.14032E+00,    0.78922E-02,    0.10931E-01
   -0.59855E-01,    0.20267E+00,    0.78208E-02,    0.10898E-01
   -0.28580E-01,   -0.47076E-02,    0.79293E-02,    0.10886E-01
    0.17175E+00,   -0.41094E+00,   -0.14610E-01,   -0.70781E-02
   -0.17416E-01,   -0.45964E-01,    0.79004E-02,    0.10842E-01
    0.34402E-01,   -0.18570E+00,    0.76508E-02,    0.10606E-01
    0.62738E-01,   -0.24392E+00,    0.74768E-02,    0.10480E-01
    0.22301E-01,   -0.15838E+00,    0.77187E-02,    0.10662E-01
   -0.50015E-02,   -0.86223E-01,    0.78530E-02,    0.10787E-01
   -0.36464E-01,    0.49344E+00,    0.12523E+00,   -0.92742E-01
    0.12302E+00,   -0.34563E+00,   -0.62431E-02,    0.10448E-02
    0.14353E+00,   -0.37508E+00,   -0.11316E-01,   -0.31481E-02
   -0.62565E-01,    0.26253E+00,    0.77277E-02,    0.10836E-01
   -0.47557E-01,    0.80278E-01,    0.79315E-02,    0.10932E-01
    0.57441E-01,   -0.23544E+00,    0.75049E-02,    0.10499E-01
    0.70932E-01,   -0.26083E+00,    0.74200E-02,    0.10442E-01
   -0.62177E-01,    0.22892E+00,    0.77831E-02,    0.10873E-01
    0.92637E-01,   -0.29863E+00,    0.45929E-02,    0.86287E-02
   -0.25324E-01,   -0.21739E-01,    0.79193E-02,    0.10868E-01
    0.88309E-01,   -0.29151E+00,    0.63329E-02,    0.97514E-02
   -0.53988E-01,    0.12297E+00,    0.79068E-02,    0.10933E-01
    0.18120E+00,   -0.42466E+00,   -0.15006E-01,   -0.83860E-02
   -0.29715E-03,   -0.10265E+00,    0.78279E-02,    0.10761E-01
    0.29245E-01,   -0.17719E+00,    0.76731E-02,    0.10624E-01
    0.10337E+00,   -0.31669E+00,    0.24364E-03,    0.57088E-02
    0.81643E-02,   -0.12641E+00,    0.77860E-02,    0.10721E-01
    0.20652E+00,   -0.45536E+00,   -0.50076E+00,   -0.76565E+00
   -0.59328E-01,    0.16742E+00,    0.78652E-02,    0.10918E-01
    0.17136E-01,   -0.14989E+00,    0.77377E-02,    0.10678E-01
    0.52196E-01,   -0.22693E+00,    0.75323E-02,    0.10518E-01
   -0.58304E-01,    0.36495E+00,   -0.10179E-02,    0.21297E-02
   -0.57332E-01,    0.37490E+00,   -0.21853E-02,    0.91743E-03
   -0.59276E-01,    0.35500E+00,    0.18438E-03,    0.33634E-02
    0.16416E+00,   -0.40445E+00,   -0.14218E-01,   -0.64425E-02
   -0.14591E-01,   -0.61973E-01,    0.78833E-02,    0.10820E-01
   -0.56359E-01,    0.38486E+00,   -0.33046E-02,   -0.26081E-03
   -0.55387E-01,    0.39481E+00,   -0.43635E-02,   -0.13933E-02
   -0.63287E-01,    0.29856E+00,    0.70669E-02,    0.10210E-01
    0.24452E-01,   -0.16901E+00,    0.76935E-02,    0.10640E-01
   -0.40931E-01,    0.37014E-01,    0.79390E-02,    0.10913E-01
   -0.54415E-01,    0.40476E+00,   -0.53510E-02,   -0.24690E-02
    0.20211E+00,   -0.45163E+00,   -0.14885E+00,   -0.45260E-01
   -0.42445E-01,    0.47673E+00,   -0.10775E-01,   -0.10623E-01
   -0.35458E-01,    0.11362E-01,    0.79346E-02,    0.10896E-01
   -0.53382E-01,    0.10581E+00,    0.79186E-02,    0.10932E-01
   -0.53442E-01,    0.41472E+00,   -0.62541E-02,   -0.34745E-02
    0.84082E-01,   -0.28798E+00,    0.73250E-02,    0.10381E-01
    0.13606E+00,   -0.36843E+00,   -0.10188E-01,   -0.22168E-02
   -0.10518E-01,   -0.78407E-01,    0.78629E-02,    0.10797E-01
    0.11563E+00,   -0.33892E+00,   -0.46498E-02,    0.21806E-02
   -0.62703E-01,    0.19335E+00,    0.78344E-02,    0.10900E-01
   -0.46886E-01,    0.62831E-01,    0.79365E-02,    0.10924E-01
   -0.64660E-01,    0.29295E+00,    0.76734E-02,    0.10793E-01
    0.17321E+00,   -0.41882E+00,   -0.14813E-01,   -0.77790E-02
    0.15667E+00,   -0.39783E+00,   -0.13677E-01,   -0.57588E-02
   -0.64644E-01,    0.21900E+00,    0.77994E-02,    0.10879E-01
    0.19612E+00,   -0.44684E+00,   -0.30074E-01,    0.78978E-02
   -0.53290E-01,    0.42302E+00,   -0.69286E-02,   -0.42597E-02
   -0.59928E-01,    0.14869E+00,    0.78850E-02,    0.10923E-01
   -0.49626E-01,    0.44594E+00,   -0.84062E-02,   -0.60343E-02
   -0.46263E-01,    0.46505E+00,   -0.91209E-02,   -0.72623E-02
   -0.39347E-01,    0.49845E+00,    0.84875E+00,    0.22069E+00
   -0.48488E-01,    0.45373E+00,   -0.87362E-02,   -0.65124E-02
    0.22413E-02,   -0.11868E+00,    0.77999E-02,    0.10733E-01
   -0.63018E-01,    0.34005E+00,    0.20162E-02,    0.51800E-02
   -0.24146E-01,   -0.38718E-01,    0.79054E-02,    0.10847E-01
    0.79945E-01,   -0.28432E+00,    0.73401E-02,    0.10390E-01
   -0.65938E-01,    0.28731E+00,    0.76850E-02,    0.10800E-01
   -0.66319E-01,    0.25522E+00,    0.77426E-02,    0.10841E-01
    0.76736E-01,   -0.27887E+00,    0.73599E-02,    0.10402E-01
   -0.52712E-01,    0.88443E-01,    0.79277E-02,    0.10928E-01
    0.95518E-01,   -0.31054E+00,    0.19913E-02,    0.68561E-02
    0.18891E+00,   -0.43975E+00,   -0.15993E-01,   -0.90846E-02
   -0.52276E-01,    0.43633E+00,   -0.78525E-02,   -0.53622E-02
   -0.41409E-01,    0.49305E+00,    0.55920E-01,    0.11914E+00
   -0.66599E-01,    0.27946E+00,    0.77000E-02,    0.10810E-01
    0.44640E-01,   -0.21937E+00,    0.75571E-02,    0.10535E-01
    0.12859E+00,   -0.36179E+00,   -0.89308E-02,   -0.12263E-02
   -0.59232E-01,    0.13148E+00,    0.79004E-02,    0.10926E-01
   -0.73359E-02,   -0.95576E-01,    0.78380E-02,    0.10770E-01
    0.10819E+00,   -0.33224E+00,   -0.29842E-02,    0.33459E-02
   -0.32297E-01,   -0.13991E-01,    0.79226E-02,    0.10872E-01
   -0.64718E-01,    0.18357E+00,    0.78475E-02,    0.10904E-01
   -0.40507E-01,    0.19611E-01,    0.79360E-02,    0.10899E-01
    0.14910E+00,   -0.39132E+00,   -0.12991E-01,   -0.50287E-02
   -0.67415E-01,    0.24536E+00,    0.77596E-02,    0.10850E-01
   -0.46320E-01,    0.45745E-01,    0.79382E-02,    0.10914E-01
   -0.65467E-01,    0.33036E+00,    0.31946E-02,    0.63421E-02
    0.39477E-01,   -0.21097E+00,    0.75823E-02,    0.10553E-01
   -0.66756E-01,    0.20926E+00,    0.78143E-02,    0.10884E-01
    0.20195E+00,   -0.45740E+00,   -0.76638E+00,    0.48288E+00
   -0.21628E-01,   -0.54533E-01,    0.78899E-02,    0.10827E-01
    0.83088E-01,   -0.29367E+00,    0.62095E-02,    0.96545E-02
   -0.67391E-01,    0.30532E+00,    0.61953E-02,    0.93335E-02
   -0.52059E-01,    0.71358E-01,    0.79338E-02,    0.10922E-01
    0.34502E-01,   -0.20234E+00,    0.76071E-02,    0.10572E-01
    0.69101E-01,   -0.26988E+00,    0.73936E-02,    0.10423E-01
   -0.58774E-01,    0.11421E+00,    0.79133E-02,    0.10926E-01
    0.19811E+00,   -0.45417E+00,   -0.63728E-01,    0.17881E+00
   -0.68268E-01,    0.29746E+00,    0.70813E-02,    0.10206E-01
   -0.69101E-01,    0.26988E+00,    0.77189E-02,    0.10820E-01
    0.12111E+00,   -0.35515E+00,   -0.75579E-02,   -0.18198E-03
   -0.17607E-01,   -0.71500E-01,    0.78704E-02,    0.10803E-01
   -0.38585E-01,    0.28759E-02,    0.79302E-02,    0.10884E-01
    0.79259E-01,   -0.28934E+00,    0.73251E-02,    0.10380E-01
   -0.29807E-01,   -0.31111E-01,    0.79105E-02,    0.10852E-01
    0.14166E+00,   -0.38466E+00,   -0.12151E-01,   -0.42207E-02
    0.18050E+00,   -0.43460E+00,   -0.15124E-01,   -0.92131E-02
   -0.67917E-01,    0.32066E+00,    0.43512E-02,    0.74815E-02
   -0.44090E-02,   -0.11134E+00,    0.78120E-02,    0.10744E-01
   -0.69533E-01,    0.23568E+00,    0.77762E-02,    0.10858E-01
    0.44728E-02,   -0.13569E+00,    0.77671E-02,    0.10702E-01
    0.29133E-01,   -0.19396E+00,    0.76305E-02,    0.10589E-01
    0.10075E+00,   -0.32557E+00,   -0.12679E-02,    0.45297E-02
   -0.66627E-01,    0.17422E+00,    0.78592E-02,    0.10906E-01
   -0.69546E-01,    0.29183E+00,    0.76790E-02,    0.10790E-01
   -0.65200E-01,    0.15718E+00,    0.78774E-02,    0.10914E-01
    0.57750E-01,   -0.25228E+00,    0.74547E-02,    0.10463E-01
    0.76049E-01,   -0.28551E+00,    0.73397E-02,    0.10388E-01
   -0.13284E-01,   -0.87990E-01,    0.78483E-02,    0.10779E-01
    0.81691E-02,   -0.14619E+00,    0.77455E-02,    0.10683E-01
   -0.58146E-01,    0.97109E-01,    0.79233E-02,    0.10924E-01
   -0.45613E-01,    0.28184E-01,    0.79367E-02,    0.10901E-01
   -0.44342E-01,    0.49803E+00,   -0.24994E+00,    0.86275E+00
    0.24610E-01,   -0.18599E+00,    0.76516E-02,    0.10605E-01
   -0.69109E-01,    0.19960E+00,    0.78284E-02,    0.10888E-01
    0.16233E+00,   -0.41424E+00,   -0.14521E-01,   -0.73065E-02
   -0.51434E-01,    0.54314E-01,    0.79368E-02,    0.10914E-01
   -0.70730E-01,    0.28617E+00,    0.76903E-02,    0.10796E-01
   -0.26680E-01,   -0.48277E-01,    0.78952E-02,    0.10832E-01
    0.12321E-01,   -0.15864E+00,    0.77181E-02,    0.10659E-01
   -0.64635E-01,    0.13988E+00,    0.78937E-02,    0.10918E-01
    0.62027E-01,   -0.26282E+00,    0.74202E-02,    0.10440E-01
    0.11357E+00,   -0.34869E+00,   -0.61116E-02,    0.88432E-03
    0.13404E+00,   -0.37822E+00,   -0.11180E-01,   -0.33693E-02
   -0.48119E-01,    0.48670E+00,   -0.38160E-01,   -0.16179E-01
   -0.66437E-01,    0.37077E+00,   -0.16936E-02,    0.12428E-02
   -0.67409E-01,    0.36082E+00,   -0.53489E-03,    0.24500E-02
   -0.46812E-01,    0.49362E+00,   -0.20245E+00,    0.71333E-01
    0.93755E-01,   -0.31869E+00,    0.50555E-03,    0.57496E-02
   -0.65465E-01,    0.38072E+00,   -0.28110E-02,    0.65885E-04
   -0.68382E-01,    0.35087E+00,    0.65314E-03,    0.36763E-02
    0.19264E-01,   -0.17756E+00,    0.76732E-02,    0.10622E-01
   -0.72303E-01,    0.26045E+00,    0.77371E-02,    0.10828E-01
   -0.64492E-01,    0.39068E+00,   -0.38743E-02,   -0.10684E-02
   -0.10182E-01,   -0.10329E+00,    0.78247E-02,    0.10755E-01
   -0.71924E-01,    0.22598E+00,    0.77922E-02,    0.10864E-01
   -0.57531E-01,    0.79689E-01,    0.79306E-02,    0.10919E-01
   -0.63520E-01,    0.40063E+00,   -0.48712E-02,   -0.21497E-02
   -0.63967E-01,    0.12268E+00,    0.79075E-02,    0.10920E-01
   -0.68597E-01,    0.16443E+00,    0.78704E-02,    0.10907E-01
   -0.16702E-02,   -0.12782E+00,    0.77819E-02,    0.10714E-01
    0.15485E+00,   -0.40766E+00,   -0.14131E-01,   -0.66911E-02
    0.19735E+00,   -0.45940E+00,    0.52051E+00,    0.71153E+00
    0.78115E-01,   -0.29424E+00,    0.63775E-02,    0.97517E-02
    0.14460E-01,   -0.16881E+00,    0.76945E-02,    0.10639E-01
   -0.36007E-01,   -0.23275E-01,    0.79149E-02,    0.10857E-01
   -0.24344E-01,   -0.64150E-01,    0.78778E-02,    0.10810E-01
    0.50004E-01,   -0.24486E+00,    0.74810E-02,    0.10480E-01
    0.19301E+00,   -0.45559E+00,    0.12147E+00,    0.14856E-01
   -0.58494E-01,    0.44134E+00,   -0.80449E-02,   -0.57468E-02
   -0.60353E-01,    0.43007E+00,   -0.73352E-02,   -0.49200E-02
   -0.31685E-01,   -0.40406E-01,    0.79015E-02,    0.10838E-01
   -0.50918E-01,    0.36635E-01,    0.79367E-02,    0.10902E-01
    0.45146E-01,   -0.23665E+00,    0.75074E-02,    0.10498E-01
    0.12658E+00,   -0.37159E+00,   -0.10065E-01,   -0.24357E-02
   -0.73590E-01,    0.29557E+00,    0.71668E-02,    0.10268E-01
   -0.45444E-01,    0.10921E-01,    0.79317E-02,    0.10885E-01
   -0.55681E-01,    0.46050E+00,   -0.88087E-02,   -0.66562E-02
    0.74413E-01,   -0.29062E+00,    0.73251E-02,    0.10378E-01
   -0.63291E-01,    0.10531E+00,    0.79187E-02,    0.10919E-01
    0.80586E-01,   -0.30129E+00,    0.47929E-02,    0.86815E-02
    0.10613E+00,   -0.34203E+00,   -0.45561E-02,    0.20143E-02
   -0.72159E-01,    0.19015E+00,    0.78415E-02,    0.10890E-01
   -0.53534E-01,    0.47319E+00,   -0.89948E-02,   -0.63383E-02
   -0.20135E-01,   -0.80741E-01,    0.78570E-02,    0.10787E-01
    0.40157E-01,   -0.22799E+00,    0.75344E-02,    0.10517E-01
    0.17065E+00,   -0.43072E+00,   -0.14852E-01,   -0.86480E-02
   -0.62944E-01,    0.42051E+00,   -0.66142E-02,   -0.41254E-02
   -0.56859E-01,    0.62707E-01,    0.79348E-02,    0.10912E-01
   -0.74413E-01,    0.29062E+00,    0.76844E-02,    0.10786E-01
    0.14728E+00,   -0.40114E+00,   -0.13596E-01,   -0.60301E-02
   -0.58063E-01,    0.45130E+00,   -0.85110E-02,   -0.63187E-02
   -0.74108E-01,    0.21601E+00,    0.78076E-02,    0.10870E-01
    0.16422E+00,   -0.42315E+00,   -0.14731E-01,   -0.80248E-02
    0.18702E+00,   -0.45083E+00,   -0.43184E-03,   -0.31216E-01
    0.70730E-01,   -0.28617E+00,    0.73419E-02,    0.10388E-01
   -0.75271E-01,    0.25096E+00,    0.77546E-02,    0.10835E-01
   -0.49332E-01,    0.49756E+00,   -0.87436E+00,   -0.31828E+00
    0.86172E-01,   -0.31278E+00,    0.21313E-02,    0.68513E-02
   -0.42406E-01,   -0.74167E-02,    0.79237E-02,    0.10869E-01
    0.34782E-01,   -0.21915E+00,    0.75611E-02,    0.10536E-01
   -0.72850E-01,    0.33735E+00,    0.22553E-02,    0.52606E-02
    0.18005E+00,   -0.44345E+00,   -0.15078E-01,   -0.10672E-01
   -0.69919E-01,    0.14837E+00,    0.78866E-02,    0.10910E-01
   -0.75023E-02,   -0.12083E+00,    0.77942E-02,    0.10725E-01
   -0.50859E-01,    0.49274E+00,   -0.10314E+00,   -0.15041E+00
   -0.65603E-01,    0.41088E+00,   -0.57896E-02,   -0.32381E-02
   -0.62703E-01,    0.88215E-01,    0.79269E-02,    0.10916E-01
   -0.76111E-01,    0.28537E+00,    0.76952E-02,    0.10791E-01
    0.11898E+00,   -0.36512E+00,   -0.88415E-02,   -0.14630E-02
    0.29520E-01,   -0.21082E+00,    0.75855E-02,    0.10553E-01
   -0.76557E-01,    0.27862E+00,    0.77078E-02,    0.10800E-01
   -0.76649E-01,    0.24258E+00,    0.77688E-02,    0.10842E-01
   -0.69218E-01,    0.13100E+00,    0.79014E-02,    0.10913E-01
   -0.41471E-01,   -0.16454E-01,    0.79181E-02,    0.10860E-01
    0.97438E-01,   -0.33356E+00,   -0.25365E-02,    0.34676E-02
    0.13970E+00,   -0.39463E+00,   -0.12916E-01,   -0.53058E-02
   -0.74208E-01,    0.18064E+00,    0.78535E-02,    0.10893E-01
   -0.50485E-01,    0.19551E-01,    0.79333E-02,    0.10888E-01
   -0.75086E-01,    0.32763E+00,    0.34019E-02,    0.64126E-02
   -0.55987E-01,    0.45241E-01,    0.79361E-02,    0.10902E-01
    0.65025E-01,   -0.28070E+00,    0.73632E-02,    0.10401E-01
   -0.76228E-01,    0.20625E+00,    0.78219E-02,    0.10874E-01
    0.17368E+00,   -0.43885E+00,   -0.14723E-01,   -0.93003E-02
    0.19273E+00,   -0.46136E+00,    0.70559E+00,   -0.55224E+00
    0.24684E-01,   -0.20287E+00,    0.76079E-02,    0.10570E-01
   -0.18101E-01,   -0.97101E-01,    0.78329E-02,    0.10761E-01
    0.53036E-01,   -0.26009E+00,    0.74339E-02,    0.10447E-01
   -0.31308E-01,   -0.57013E-01,    0.78841E-02,    0.10815E-01
    0.33095E-02,   -0.15488E+00,    0.77262E-02,    0.10664E-01
    0.73229E-01,   -0.29628E+00,    0.62202E-02,    0.96314E-02
   -0.78080E-01,    0.26742E+00,    0.77284E-02,    0.10812E-01
    0.59471E-01,   -0.27248E+00,    0.73923E-02,    0.10419E-01
   -0.68501E-01,    0.11384E+00,    0.79134E-02,    0.10914E-01
    0.18894E+00,   -0.45808E+00,    0.18934E-01,   -0.20701E+00
   -0.77556E-01,    0.30290E+00,    0.62548E-02,    0.93203E-02
   -0.62016E-01,    0.70897E-01,    0.79324E-02,    0.10910E-01
   -0.78169E-01,    0.29502E+00,    0.71119E-02,    0.10195E-01
    0.11171E+00,   -0.35850E+00,   -0.75043E-02,   -0.42384E-03
    0.19371E-01,   -0.19446E+00,    0.76308E-02,    0.10587E-01
    0.69546E-01,   -0.29183E+00,    0.73252E-02,    0.10376E-01
   -0.77538E-01,    0.31795E+00,    0.45142E-02,    0.75293E-02
    0.13224E+00,   -0.38797E+00,   -0.12081E-01,   -0.44973E-02
   -0.27363E-01,   -0.73562E-01,    0.78648E-02,    0.10793E-01
   -0.39699E-01,   -0.32567E-01,    0.79061E-02,    0.10841E-01
   -0.79120E-01,    0.23291E+00,    0.77848E-02,    0.10848E-01
    0.91179E-01,   -0.32830E+00,   -0.11877E-02,    0.44109E-02
    0.79543E-01,   -0.30964E+00,    0.31463E-02,    0.75075E-02
   -0.79259E-01,    0.28934E+00,    0.76899E-02,    0.10782E-01
   -0.76053E-01,    0.17107E+00,    0.78647E-02,    0.10894E-01
    0.14658E-01,   -0.18585E+00,    0.76531E-02,    0.10604E-01
    0.65938E-01,   -0.28731E+00,    0.73420E-02,    0.10386E-01
   -0.17648E-02,   -0.14728E+00,    0.77423E-02,    0.10677E-01
   -0.54318E-01,    0.49704E+00,    0.33374E+00,   -0.83318E+00
   -0.55518E-01,    0.27781E-01,    0.79341E-02,    0.10889E-01
   -0.68126E-01,    0.96585E-01,    0.79228E-02,    0.10911E-01
   -0.78657E-01,    0.19766E+00,    0.78339E-02,    0.10877E-01
   -0.80198E-01,    0.28471E+00,    0.76989E-02,    0.10787E-01
   -0.50058E-01,    0.21318E-02,    0.79265E-02,    0.10871E-01
   -0.75542E-01,    0.36664E+00,   -0.12369E-02,    0.15241E-02
   -0.76153E-01,    0.15948E+00,    0.78768E-02,    0.10898E-01
   -0.74570E-01,    0.37659E+00,   -0.23490E-02,    0.34988E-03
   -0.76515E-01,    0.35668E+00,   -0.90071E-04,    0.27253E-02
   -0.36537E-01,   -0.49038E-01,    0.78913E-02,    0.10822E-01
   -0.56216E-01,    0.49158E+00,    0.11657E+00,   -0.60915E-01
   -0.61416E-01,    0.53833E-01,    0.79349E-02,    0.10901E-01
   -0.73598E-01,    0.38654E+00,   -0.34149E-02,   -0.78654E-03
   -0.77487E-01,    0.34673E+00,    0.10795E-02,    0.39430E-02
    0.15285E+00,   -0.41837E+00,   -0.14485E-01,   -0.76154E-02
   -0.74412E-01,    0.13953E+00,    0.78948E-02,    0.10905E-01
    0.93561E-02,   -0.17739E+00,    0.76742E-02,    0.10620E-01
    0.12454E+00,   -0.38129E+00,   -0.11093E-01,   -0.36160E-02
    0.10407E+00,   -0.35181E+00,   -0.60598E-02,    0.66762E-03
   -0.15912E-01,   -0.11465E+00,    0.78038E-02,    0.10731E-01
   -0.24696E-01,   -0.89611E-01,    0.78428E-02,    0.10769E-01
    0.45359E-01,   -0.25369E+00,    0.74572E-02,    0.10461E-01
   -0.67422E-01,    0.43710E+00,   -0.77028E-02,   -0.55456E-02
   -0.44625E-01,   -0.23646E-01,    0.79119E-02,    0.10848E-01
   -0.64158E-01,    0.45620E+00,   -0.86433E-02,   -0.65560E-02
   -0.81193E-01,    0.22309E+00,    0.78001E-02,    0.10854E-01
   -0.81859E-01,    0.25841E+00,    0.77456E-02,    0.10818E-01
    0.36215E-02,   -0.16600E+00,    0.77012E-02,    0.10642E-01
    0.14582E+00,   -0.41128E+00,   -0.14108E-01,   -0.70009E-02
   -0.59091E-01,    0.48449E+00,    0.10091E-01,    0.90781E-02
    0.18810E+00,   -0.46327E+00,   -0.59312E+00,   -0.69903E+00
   -0.67503E-01,    0.79569E-01,    0.79293E-02,    0.10906E-01
    0.68397E-01,   -0.29652E+00,    0.64116E-02,    0.97499E-02
   -0.62869E-01,    0.46682E+00,   -0.87422E-02,   -0.65636E-02
   -0.73940E-01,    0.12221E+00,    0.79079E-02,    0.10907E-01
    0.40044E-01,   -0.24535E+00,    0.74843E-02,    0.10479E-01
   -0.61522E-01,    0.47464E+00,   -0.76922E-02,   -0.57301E-02
   -0.66857E-01,    0.44660E+00,   -0.82208E-02,   -0.61593E-02
   -0.70005E-01,    0.42755E+00,   -0.70633E-02,   -0.48381E-02
   -0.79993E-02,   -0.13947E+00,    0.77578E-02,    0.10689E-01
    0.17879E+00,   -0.45331E+00,   -0.30517E-01,    0.35982E-02
    0.35148E-01,   -0.23663E+00,    0.75115E-02,    0.10498E-01
    0.18384E+00,   -0.45937E+00,   -0.16218E+00,   -0.30869E-01
   -0.80699E-01,    0.18788E+00,    0.78465E-02,    0.10880E-01
    0.71262E-01,   -0.30299E+00,    0.49425E-02,    0.87306E-02
   -0.74123E-01,    0.40165E+00,   -0.49133E-02,   -0.24594E-02
   -0.33910E-01,   -0.66639E-01,    0.78718E-02,    0.10798E-01
   -0.41576E-01,   -0.40867E-01,    0.78979E-02,    0.10828E-01
    0.30167E-01,   -0.22801E+00,    0.75378E-02,    0.10516E-01
   -0.55147E-01,    0.10733E-01,    0.79289E-02,    0.10874E-01
    0.11725E+00,   -0.37495E+00,   -0.10033E-01,   -0.27205E-02
   -0.60867E-01,    0.36527E-01,    0.79342E-02,    0.10890E-01
    0.64660E-01,   -0.29295E+00,    0.73254E-02,    0.10373E-01
   -0.83426E-01,    0.29294E+00,    0.71949E-02,    0.10257E-01
   -0.72597E-01,    0.41802E+00,   -0.63361E-02,   -0.40449E-02
   -0.30093E-01,   -0.81317E-01,    0.78534E-02,    0.10778E-01
    0.51310E-01,   -0.26996E+00,    0.74050E-02,    0.10425E-01
   -0.73264E-01,    0.10505E+00,    0.79182E-02,    0.10906E-01
   -0.83292E-01,    0.21332E+00,    0.78146E-02,    0.10859E-01
   -0.84355E-01,    0.24884E+00,    0.77624E-02,    0.10825E-01
   -0.84082E-01,    0.28798E+00,    0.76952E-02,    0.10778E-01
   -0.49678E-01,   -0.15018E-01,    0.79166E-02,    0.10853E-01
    0.13767E+00,   -0.40442E+00,   -0.13557E-01,   -0.63268E-02
    0.60689E-01,   -0.28776E+00,    0.73443E-02,    0.10385E-01
   -0.66819E-01,    0.62135E-01,    0.79331E-02,    0.10899E-01
    0.17113E+00,   -0.44697E+00,   -0.13676E-01,   -0.90243E-02
    0.24803E-01,   -0.21962E+00,    0.75626E-02,    0.10534E-01
   -0.82369E-01,    0.33436E+00,    0.24913E-02,    0.53381E-02
   -0.59297E-01,    0.49647E+00,    0.81382E+00,    0.34870E+00
   -0.22273E-01,   -0.10726E+00,    0.78152E-02,    0.10740E-01
    0.93758E-01,   -0.34283E+00,   -0.39810E-02,    0.21981E-02
   -0.84982E-01,    0.28227E+00,    0.77061E-02,    0.10784E-01
   -0.13814E-01,   -0.13143E+00,    0.77729E-02,    0.10701E-01
   -0.60987E-01,    0.49175E+00,    0.70034E-01,    0.17442E+00
   -0.79886E-01,    0.14787E+00,    0.78880E-02,    0.10896E-01
   -0.82798E-01,    0.17811E+00,    0.78582E-02,    0.10882E-01
    0.19544E-01,   -0.21119E+00,    0.75867E-02,    0.10551E-01
    0.16421E+00,   -0.44056E+00,   -0.14650E-01,   -0.88389E-02
   -0.39208E-01,   -0.58193E-01,    0.78803E-02,    0.10806E-01
   -0.72577E-01,    0.87661E-01,    0.79260E-02,    0.10902E-01
    0.87583E-01,   -0.33510E+00,   -0.22523E-02,    0.34921E-02
    0.10951E+00,   -0.36821E+00,   -0.87945E-02,   -0.17151E-02
   -0.86010E-01,    0.23928E+00,    0.77780E-02,    0.10833E-01
    0.13021E+00,   -0.39776E+00,   -0.12873E-01,   -0.55918E-02
   -0.84639E-01,    0.32496E+00,    0.35614E-02,    0.64298E-02
   -0.86597E-01,    0.27470E+00,    0.77203E-02,    0.10792E-01
   -0.79157E-01,    0.13074E+00,    0.79018E-02,    0.10899E-01
    0.14909E-01,   -0.20335E+00,    0.76083E-02,    0.10567E-01
    0.81734E-01,   -0.32700E+00,   -0.40866E-03,    0.48595E-02
   -0.65872E-01,    0.45255E-01,    0.79338E-02,    0.10890E-01
   -0.60449E-01,    0.19089E-01,    0.79303E-02,    0.10876E-01
   -0.86973E-01,    0.26466E+00,    0.77377E-02,    0.10804E-01
   -0.57998E-02,   -0.15631E+00,    0.77224E-02,    0.10657E-01
    0.18345E+00,   -0.46513E+00,   -0.69156E+00,    0.56592E+00
    0.64174E-01,   -0.29862E+00,    0.61757E-02,    0.95734E-02
   -0.54677E-01,   -0.63784E-02,    0.79204E-02,    0.10857E-01
    0.15754E+00,   -0.43442E+00,   -0.14692E-01,   -0.86418E-02
   -0.85887E-01,    0.20370E+00,    0.78281E-02,    0.10863E-01
    0.10150E-01,   -0.19457E+00,    0.76316E-02,    0.10584E-01
    0.75819E-01,   -0.31894E+00,    0.14809E-02,    0.62246E-02
   -0.27898E-01,   -0.99000E-01,    0.78274E-02,    0.10750E-01
    0.17923E+00,   -0.46119E+00,   -0.17715E-01,    0.13893E+00
    0.43648E-01,   -0.26354E+00,    0.74286E-02,    0.10439E-01
   -0.86855E-01,    0.31522E+00,    0.46466E-02,    0.75454E-02
   -0.72005E-01,    0.70648E-01,    0.79308E-02,    0.10896E-01
   -0.87634E-01,    0.30014E+00,    0.63124E-02,    0.93029E-02
   -0.36880E-01,   -0.74010E-01,    0.78614E-02,    0.10784E-01
   -0.78687E-01,    0.11345E+00,    0.79133E-02,    0.10899E-01
   -0.87983E-01,    0.29224E+00,    0.71420E-02,    0.10182E-01
    0.59756E-01,   -0.29399E+00,    0.73255E-02,    0.10371E-01
    0.12275E+00,   -0.39111E+00,   -0.12043E-01,   -0.47838E-02
   -0.20120E-01,   -0.12369E+00,    0.77865E-02,    0.10712E-01
    0.69620E-01,   -0.31101E+00,    0.33844E-02,    0.75841E-02
    0.47121E-02,   -0.18623E+00,    0.76528E-02,    0.10600E-01
    0.15005E+00,   -0.42791E+00,   -0.14638E-01,   -0.83088E-02
   -0.88668E-01,    0.22966E+00,    0.77933E-02,    0.10838E-01
    0.52511E-01,   -0.28245E+00,    0.73661E-02,    0.10397E-01
   -0.88883E-01,    0.28653E+00,    0.77005E-02,    0.10774E-01
    0.56301E-01,   -0.28936E+00,    0.73422E-02,    0.10381E-01
   -0.83675E-01,    0.37245E+00,   -0.19189E-02,    0.59170E-03
   -0.84648E-01,    0.36250E+00,   -0.81548E-03,    0.17609E-02
   -0.85678E-01,    0.16860E+00,    0.78688E-02,    0.10882E-01
   -0.82703E-01,    0.38241E+00,   -0.29817E-02,   -0.54407E-03
   -0.85620E-01,    0.35255E+00,    0.31556E-03,    0.29548E-02
   -0.45828E-01,   -0.48648E-01,    0.78887E-02,    0.10813E-01
   -0.64271E-01,    0.49585E+00,   -0.41405E+00,    0.79555E+00
   -0.11648E-01,   -0.14874E+00,    0.77381E-02,    0.10669E-01
   -0.77739E-01,    0.96216E-01,    0.79220E-02,    0.10898E-01
   -0.89697E-01,    0.28156E+00,    0.77098E-02,    0.10779E-01
   -0.71295E-01,    0.46306E+00,   -0.89958E-02,   -0.69424E-02
   -0.88145E-01,    0.19452E+00,    0.78401E-02,    0.10865E-01
   -0.65510E-01,    0.27679E-01,    0.79313E-02,    0.10877E-01
    0.14324E+00,   -0.42092E+00,   -0.14450E-01,   -0.78463E-02
   -0.66060E-01,    0.49036E+00,   -0.14050E+00,    0.41560E-01
    0.36100E-01,   -0.25456E+00,    0.74589E-02,    0.10458E-01
   -0.60051E-01,    0.20478E-02,    0.79234E-02,    0.10860E-01
   -0.63318E-03,   -0.17778E+00,    0.76734E-02,    0.10616E-01
   -0.76882E-01,    0.43421E+00,   -0.74484E-02,   -0.54921E-02
   -0.75284E-01,    0.44399E+00,   -0.80217E-02,   -0.61679E-02
   -0.71319E-01,    0.53638E-01,    0.79327E-02,    0.10888E-01
   -0.73759E-01,    0.45380E+00,   -0.85090E-02,   -0.66935E-02
   -0.84390E-01,    0.13895E+00,    0.78956E-02,    0.10891E-01
    0.11517E+00,   -0.38472E+00,   -0.11103E-01,   -0.39414E-02
   -0.91120E-01,    0.25605E+00,    0.77537E-02,    0.10808E-01
   -0.25836E-01,   -0.11562E+00,    0.77999E-02,    0.10723E-01
   -0.51151E-01,   -0.35842E-01,    0.78995E-02,    0.10825E-01
   -0.68627E-01,    0.48313E+00,   -0.27291E-01,   -0.23848E-01
    0.17107E+00,   -0.45712E+00,    0.85929E-02,   -0.20464E-01
   -0.90674E-01,    0.22005E+00,    0.78076E-02,    0.10844E-01
    0.30048E-01,   -0.24522E+00,    0.74886E-02,    0.10478E-01
   -0.54661E-01,   -0.23687E-01,    0.79086E-02,    0.10837E-01
   -0.34369E-01,   -0.91808E-01,    0.78368E-02,    0.10757E-01
   -0.83119E-01,    0.39730E+00,   -0.44698E-02,   -0.22002E-02
   -0.71025E-01,    0.47331E+00,   -0.10421E-01,   -0.77508E-02
   -0.79442E-01,    0.42463E+00,   -0.67850E-02,   -0.47560E-02
    0.17877E+00,   -0.46695E+00,    0.57283E+00,    0.67126E+00
    0.25190E-01,   -0.23649E+00,    0.75153E-02,    0.10497E-01
   -0.87163E-01,    0.15751E+00,    0.78798E-02,    0.10883E-01
    0.58687E-01,   -0.29888E+00,    0.63574E-02,    0.96863E-02
    0.13573E+00,   -0.41435E+00,   -0.14095E-01,   -0.73046E-02
   -0.82404E-01,    0.40724E+00,   -0.53751E-02,   -0.32006E-02
   -0.77478E-01,    0.78980E-01,    0.79279E-02,    0.10892E-01
   -0.58000E-01,   -0.14432E-01,    0.79142E-02,    0.10844E-01
   -0.89499E-01,    0.34137E+00,    0.15669E-02,    0.42125E-02
   -0.83928E-01,    0.12196E+00,    0.79078E-02,    0.10892E-01
    0.95946E-01,   -0.35973E+00,   -0.68975E-02,   -0.30935E-03
   -0.17832E-01,   -0.14108E+00,    0.77531E-02,    0.10680E-01
    0.20344E-01,   -0.22852E+00,    0.75391E-02,    0.10513E-01
    0.62280E-01,   -0.30641E+00,    0.46599E-02,    0.84747E-02
   -0.90198E-01,    0.18483E+00,    0.78519E-02,    0.10868E-01
   -0.92698E-01,    0.24630E+00,    0.77698E-02,    0.10817E-01
    0.17462E+00,   -0.46373E+00,    0.18512E+00,   -0.11634E-01
   -0.43877E-01,   -0.66903E-01,    0.78683E-02,    0.10789E-01
   -0.82076E-01,    0.41720E+00,   -0.62069E-02,   -0.41475E-02
    0.10775E+00,   -0.37806E+00,   -0.10018E-01,   -0.30063E-02
   -0.65043E-01,    0.10683E-01,    0.79258E-02,    0.10862E-01
    0.54835E-01,   -0.29495E+00,    0.73258E-02,    0.10368E-01
   -0.93030E-01,    0.28991E+00,    0.72345E-02,    0.10257E-01
    0.89682E-01,   -0.35195E+00,   -0.53305E-02,    0.93469E-03
   -0.70850E-01,    0.36098E-01,    0.79315E-02,    0.10876E-01
    0.52029E-01,   -0.29073E+00,    0.73406E-02,    0.10378E-01
    0.15090E-01,   -0.22007E+00,    0.75636E-02,    0.10531E-01
    0.16213E+00,   -0.45031E+00,   -0.15299E-01,   -0.82866E-02
   -0.84786E-02,   -0.16771E+00,    0.76967E-02,    0.10633E-01
   -0.93658E-01,    0.28501E+00,    0.77057E-02,    0.10769E-01
   -0.92854E-01,    0.21083E+00,    0.78207E-02,    0.10848E-01
    0.12816E+00,   -0.40755E+00,   -0.13561E-01,   -0.66424E-02
    0.83824E-01,   -0.34390E+00,   -0.36537E-02,    0.22477E-02
    0.41913E-01,   -0.27338E+00,    0.73997E-02,    0.10416E-01
   -0.39835E-01,   -0.83450E-01,    0.78474E-02,    0.10766E-01
   -0.83228E-01,    0.10455E+00,    0.79176E-02,    0.10891E-01
   -0.92006E-01,    0.33169E+00,    0.26481E-02,    0.53239E-02
   -0.69239E-01,    0.49518E+00,   -0.81120E+00,   -0.41788E+00
   -0.76786E-01,    0.62009E-01,    0.79310E-02,    0.10885E-01
   -0.94366E-01,    0.27927E+00,    0.77162E-02,    0.10776E-01
   -0.32238E-01,   -0.10796E+00,    0.78115E-02,    0.10731E-01
   -0.70801E-01,    0.49041E+00,   -0.79730E-01,   -0.19052E+00
   -0.89355E-01,    0.14763E+00,    0.78887E-02,    0.10882E-01
    0.77639E-01,   -0.33609E+00,   -0.19274E-02,    0.35615E-02
    0.95768E-02,   -0.21175E+00,    0.75869E-02,    0.10547E-01
   -0.23681E-01,   -0.13298E+00,    0.77681E-02,    0.10692E-01
    0.15475E+00,   -0.44372E+00,   -0.14503E-01,   -0.90117E-02
   -0.92257E-01,    0.17504E+00,    0.78629E-02,    0.10869E-01
   -0.49064E-01,   -0.58919E-01,    0.78762E-02,    0.10795E-01
    0.71828E-01,   -0.32810E+00,   -0.12913E-03,    0.49134E-02
    0.10015E+00,   -0.37160E+00,   -0.88370E-02,   -0.20403E-02
   -0.95625E-01,    0.23682E+00,    0.77852E-02,    0.10822E-01
   -0.94174E-01,    0.32202E+00,    0.37152E-02,    0.64358E-02
   -0.82543E-01,    0.87454E-01,    0.79246E-02,    0.10888E-01
    0.12071E+00,   -0.40087E+00,   -0.12877E-01,   -0.59055E-02
    0.45421E-02,   -0.20351E+00,    0.76091E-02,    0.10563E-01
   -0.96190E-01,    0.27142E+00,    0.77306E-02,    0.10783E-01
   -0.96413E-01,    0.26227E+00,    0.77459E-02,    0.10794E-01
    0.14840E+00,   -0.43770E+00,   -0.14643E-01,   -0.88907E-02
    0.17408E+00,   -0.46872E+00,    0.63589E+00,   -0.63426E+00
   -0.70419E-01,    0.19106E-01,    0.79274E-02,    0.10863E-01
   -0.15672E-01,   -0.15786E+00,    0.77180E-02,    0.10648E-01
   -0.75857E-01,    0.44738E-01,    0.79313E-02,    0.10876E-01
    0.65639E-01,   -0.32026E+00,    0.16991E-02,    0.62612E-02
   -0.89369E-01,    0.13034E+00,    0.79020E-02,    0.10884E-01
   -0.64662E-01,   -0.67998E-02,    0.79169E-02,    0.10844E-01
    0.16994E+00,   -0.46469E+00,   -0.17546E-01,   -0.14833E+00
   -0.91859E-01,    0.36752E+00,   -0.14277E-02,    0.91439E-03
   -0.95566E-01,    0.20121E+00,    0.78335E-02,    0.10850E-01
   -0.37821E-01,   -0.99863E-01,    0.78232E-02,    0.10741E-01
   -0.97010E-01,    0.28873E+00,    0.72322E-02,    0.10238E-01
    0.14148E+00,   -0.43051E+00,   -0.14673E-01,   -0.85988E-02
    0.53276E-01,   -0.30051E+00,    0.62340E-02,    0.95793E-02
   -0.96710E-01,    0.31236E+00,    0.47437E-02,    0.75119E-02
    0.11333E+00,   -0.39416E+00,   -0.12048E-01,   -0.50906E-02
   -0.97547E-01,    0.22706E+00,    0.77999E-02,    0.10828E-01
    0.49899E-01,   -0.29582E+00,    0.73261E-02,    0.10366E-01
   -0.97456E-01,    0.29671E+00,    0.64086E-02,    0.93267E-02
   -0.88418E-01,    0.11308E+00,    0.79127E-02,    0.10885E-01
   -0.81860E-01,    0.70026E-01,    0.79289E-02,    0.10882E-01
   -0.46444E-01,   -0.76540E-01,    0.78549E-02,    0.10771E-01
   -0.29916E-01,   -0.12543E+00,    0.77811E-02,    0.10701E-01
    0.46601E-01,   -0.29108E+00,    0.73427E-02,    0.10376E-01
   -0.94312E-01,    0.35782E+00,   -0.37418E-03,    0.19998E-02
   -0.98407E-01,    0.28340E+00,    0.77109E-02,    0.10765E-01
   -0.63744E-02,   -0.18548E+00,    0.76548E-02,    0.10597E-01
    0.32085E-01,   -0.26544E+00,    0.74282E-02,    0.10433E-01
   -0.95029E-01,    0.16563E+00,    0.78727E-02,    0.10869E-01
   -0.74199E-01,    0.49446E+00,    0.44400E+00,   -0.78260E+00
   -0.84451E-01,    0.44021E+00,   -0.77584E-02,   -0.61069E-02
   -0.80978E-01,    0.46049E+00,   -0.86812E-02,   -0.72982E-02
   -0.21447E-01,   -0.14974E+00,    0.77346E-02,    0.10661E-01
   -0.82917E-01,    0.44997E+00,   -0.82537E-02,   -0.67848E-02
   -0.99148E-01,    0.27835E+00,    0.77200E-02,    0.10771E-01
   -0.86249E-01,    0.43184E+00,   -0.72424E-02,   -0.54922E-02
    0.13385E+00,   -0.42415E+00,   -0.14515E-01,   -0.82114E-02
   -0.75878E-01,    0.48894E+00,    0.12199E+00,   -0.47556E-01
   -0.61564E-01,   -0.29262E-01,    0.79016E-02,    0.10822E-01
   -0.29240E-02,   -0.19510E+00,    0.76311E-02,    0.10578E-01
   -0.79506E-01,    0.47115E+00,   -0.90511E-02,   -0.67170E-02
    0.25417E-01,   -0.25413E+00,    0.74643E-02,    0.10457E-01
   -0.97658E-01,    0.19147E+00,    0.78456E-02,    0.10853E-01
   -0.75378E-01,    0.27216E-01,    0.79283E-02,    0.10863E-01
    0.20509E-01,   -0.24532E+00,    0.74914E-02,    0.10476E-01
   -0.87895E-01,    0.95865E-01,    0.79208E-02,    0.10883E-01
   -0.10007E+00,    0.25288E+00,    0.77623E-02,    0.10799E-01
   -0.69951E-01,    0.16598E-02,    0.79200E-02,    0.10847E-01
   -0.88379E-01,    0.42207E+00,   -0.65544E-02,   -0.47217E-02
   -0.96909E-01,    0.34842E+00,    0.65416E-03,    0.30558E-02
   -0.91299E-01,    0.40299E+00,   -0.49839E-02,   -0.30012E-02
    0.10567E+00,   -0.38774E+00,   -0.11111E-01,   -0.42447E-02
   -0.81295E-01,    0.53085E-01,    0.79303E-02,    0.10874E-01
    0.16170E+00,   -0.46041E+00,   -0.34879E-01,    0.29412E-02
   -0.78463E-01,    0.48174E+00,    0.63694E-02,    0.11108E-01
   -0.51701E-01,   -0.68067E-01,    0.78642E-02,    0.10779E-01
   -0.92845E-01,    0.39374E+00,   -0.41311E-02,   -0.20888E-02
   -0.57430E-01,   -0.49030E-01,    0.78843E-02,    0.10800E-01
   -0.94376E-01,    0.13898E+00,    0.78956E-02,    0.10876E-01
    0.15207E-01,   -0.23689E+00,    0.75169E-02,    0.10493E-01
   -0.35681E-01,   -0.11728E+00,    0.77945E-02,    0.10712E-01
   -0.10029E+00,    0.21749E+00,    0.78137E-02,    0.10831E-01
   -0.44342E-01,   -0.92313E-01,    0.78330E-02,    0.10747E-01
   -0.94280E-01,    0.38386E+00,   -0.31631E-02,   -0.10555E-02
    0.16938E+00,   -0.47044E+00,   -0.64132E+00,   -0.65403E+00
   -0.90806E-01,    0.41239E+00,   -0.57905E-02,   -0.39033E-02
    0.91854E-01,   -0.36936E+00,   -0.81756E-02,   -0.16278E-02
    0.10539E-01,   -0.22892E+00,    0.75401E-02,    0.10509E-01
    0.86073E-01,   -0.36121E+00,   -0.66847E-02,   -0.37701E-03
   -0.86953E-01,    0.78621E-01,    0.79262E-02,    0.10878E-01
   -0.96873E-01,    0.15585E+00,    0.78818E-02,    0.10869E-01
    0.12609E+00,   -0.41773E+00,   -0.14167E-01,   -0.76845E-02
   -0.99124E-01,    0.33868E+00,    0.17246E-02,    0.41723E-02
    0.48238E-01,   -0.30064E+00,    0.63856E-02,    0.96750E-02
   -0.66321E-01,   -0.20275E-01,    0.79072E-02,    0.10827E-01
    0.16525E+00,   -0.46713E+00,   -0.20923E+00,    0.83351E-02
   -0.27772E-01,   -0.14205E+00,    0.77494E-02,    0.10671E-01
   -0.10215E+00,    0.24313E+00,    0.77780E-02,    0.10806E-01
    0.79762E-01,   -0.35287E+00,   -0.50337E-02,    0.95724E-03
   -0.99693E-01,    0.18172E+00,    0.78567E-02,    0.10855E-01
   -0.93900E-01,    0.12143E+00,    0.79075E-02,    0.10877E-01
    0.44949E-01,   -0.29661E+00,    0.73264E-02,    0.10363E-01
    0.15307E+00,   -0.45347E+00,   -0.13103E-01,   -0.10011E-01
    0.98443E-01,   -0.38143E+00,   -0.10093E-01,   -0.33630E-02
   -0.10252E+00,    0.28746E+00,    0.71876E-02,    0.10159E-01
    0.38866E-01,   -0.28612E+00,    0.73622E-02,    0.10386E-01
    0.51127E-02,   -0.22054E+00,    0.75640E-02,    0.10526E-01
    0.74089E-01,   -0.34539E+00,   -0.34752E-02,    0.21880E-02
   -0.13939E-01,   -0.17859E+00,    0.76711E-02,    0.10607E-01
   -0.75026E-01,    0.10267E-01,    0.79224E-02,    0.10848E-01
   -0.10313E+00,    0.28172E+00,    0.77160E-02,    0.10761E-01
   -0.80791E-01,    0.36057E-01,    0.79287E-02,    0.10863E-01
    0.11885E+00,   -0.41085E+00,   -0.13627E-01,   -0.70051E-02
    0.39123E-03,   -0.21177E+00,    0.75879E-02,    0.10543E-01
   -0.10236E+00,    0.20775E+00,    0.78268E-02,    0.10835E-01
   -0.19294E-01,   -0.16704E+00,    0.76973E-02,    0.10627E-01
    0.68234E-01,   -0.33730E+00,   -0.17329E-02,    0.35438E-02
   -0.57216E-01,   -0.59759E-01,    0.78724E-02,    0.10785E-01
   -0.79152E-01,    0.49370E+00,    0.76257E+00,    0.45396E+00
   -0.49751E-01,   -0.84178E-01,    0.78433E-02,    0.10755E-01
   -0.10365E+00,    0.27596E+00,    0.77261E-02,    0.10767E-01
   -0.10164E+00,    0.32911E+00,    0.27585E-02,    0.52511E-02
    0.41335E-01,   -0.29244E+00,    0.73413E-02,    0.10372E-01
    0.32513E-01,   -0.27668E+00,    0.73941E-02,    0.10407E-01
   -0.93190E-01,    0.10431E+00,    0.79165E-02,    0.10876E-01
   -0.80651E-01,    0.48891E+00,    0.43675E-01,    0.18360E+00
    0.49861E-01,   -0.30814E+00,    0.47861E-02,    0.84813E-02
   -0.64417E-01,   -0.37452E-01,    0.78933E-02,    0.10808E-01
   -0.86844E-01,    0.61401E-01,    0.79287E-02,    0.10870E-01
   -0.41982E-01,   -0.10988E+00,    0.78056E-02,    0.10719E-01
   -0.33433E-01,   -0.13387E+00,    0.77643E-02,    0.10683E-01
    0.14538E+00,   -0.44713E+00,   -0.14386E-01,   -0.92869E-02
   -0.99031E-01,    0.37449E+00,   -0.22183E-02,   -0.14873E-03
    0.61965E-01,   -0.32955E+00,    0.13314E-04,    0.48725E-02
   -0.10491E+00,    0.23375E+00,    0.77925E-02,    0.10811E-01
   -0.48509E-02,   -0.20454E+00,    0.76071E-02,    0.10556E-01
    0.11154E+00,   -0.40404E+00,   -0.12937E-01,   -0.62512E-02
   -0.10187E+00,    0.17197E+00,    0.78670E-02,    0.10856E-01
   -0.10380E+00,    0.31936E+00,    0.37990E-02,    0.63575E-02
    0.13880E+00,   -0.44012E+00,   -0.14776E-01,   -0.92944E-02
   -0.92408E-01,    0.86975E-01,    0.79230E-02,    0.10873E-01
    0.16465E+00,   -0.47211E+00,   -0.62193E+00,    0.65271E+00
   -0.25082E-01,   -0.15904E+00,    0.77142E-02,    0.10640E-01
   -0.88900E-01,    0.45552E+00,   -0.84181E-02,   -0.74528E-02
   -0.10054E+00,    0.14696E+00,    0.78893E-02,    0.10865E-01
    0.16059E+00,   -0.46800E+00,   -0.20095E-02,    0.12869E+00
   -0.10148E+00,    0.36479E+00,   -0.12136E-02,    0.89004E-03
    0.55074E-01,   -0.32139E+00,    0.18980E-02,    0.62937E-02
   -0.80372E-01,    0.18564E-01,    0.79240E-02,    0.10849E-01
   -0.85688E-01,    0.44144E-01,    0.79285E-02,    0.10861E-01
   -0.10497E+00,    0.19824E+00,    0.78388E-02,    0.10838E-01
   -0.74672E-01,   -0.68771E-02,    0.79134E-02,    0.10831E-01
   -0.99366E-01,    0.13032E+00,    0.79015E-02,    0.10869E-01
   -0.10660E+00,    0.28533E+00,    0.72599E-02,    0.10223E-01
    0.43204E-01,   -0.30212E+00,    0.62407E-02,    0.95523E-02
   -0.47635E-01,   -0.10166E+00,    0.78175E-02,    0.10728E-01
    0.39986E-01,   -0.29732E+00,    0.73268E-02,    0.10360E-01
   -0.91983E-01,    0.44604E+00,   -0.80412E-02,   -0.67145E-02
   -0.10635E+00,    0.30984E+00,    0.47734E-02,    0.74014E-02
    0.25180E-01,   -0.27079E+00,    0.74148E-02,    0.10418E-01
    0.13109E+00,   -0.43379E+00,   -0.14832E-01,   -0.90786E-02
   -0.10705E+00,    0.22400E+00,    0.78066E-02,    0.10816E-01
    0.37316E-01,   -0.29310E+00,    0.73413E-02,    0.10369E-01
    0.10393E+00,   -0.39759E+00,   -0.12133E-01,   -0.54681E-02
   -0.10772E+00,    0.26633E+00,    0.77437E-02,    0.10773E-01
   -0.56413E-01,   -0.76759E-01,    0.78513E-02,    0.10760E-01
   -0.10393E+00,    0.35510E+00,   -0.18691E-03,    0.19541E-02
   -0.91820E-01,    0.69896E-01,    0.79267E-02,    0.10867E-01
   -0.93785E-01,    0.43832E+00,   -0.76168E-02,   -0.61499E-02
   -0.88500E-01,    0.46878E+00,   -0.86673E-02,   -0.89691E-02
   -0.10782E+00,    0.27995E+00,    0.77210E-02,    0.10756E-01
   -0.39862E-01,   -0.12629E+00,    0.77771E-02,    0.10691E-01
   -0.98398E-01,    0.11250E+00,    0.79119E-02,    0.10869E-01
    0.15498E-01,   -0.25380E+00,    0.74683E-02,    0.10454E-01
    0.19950E-01,   -0.26241E+00,    0.74417E-02,    0.10436E-01
   -0.86772E-01,    0.47951E+00,   -0.25856E-01,   -0.20372E-01
   -0.95698E-01,    0.42874E+00,   -0.70024E-02,   -0.54434E-02
   -0.84097E-01,    0.49288E+00,   -0.51323E+00,    0.73778E+00
   -0.10433E+00,    0.16245E+00,    0.78761E-02,    0.10855E-01
   -0.14768E-01,   -0.19091E+00,    0.76414E-02,    0.10580E-01
   -0.85665E-01,    0.48732E+00,   -0.15471E+00,    0.27262E-01
   -0.98845E-01,    0.40952E+00,   -0.55448E-02,   -0.38495E-02
   -0.31293E-01,   -0.15122E+00,    0.77298E-02,    0.10651E-01
   -0.10841E+00,    0.29302E+00,    0.64566E-02,    0.92814E-02
   -0.71270E-01,   -0.29053E-01,    0.78983E-02,    0.10810E-01
    0.12415E+00,   -0.42695E+00,   -0.14623E-01,   -0.85894E-02
    0.10669E-01,   -0.24575E+00,    0.74927E-02,    0.10471E-01
   -0.10890E+00,    0.27454E+00,    0.77305E-02,    0.10761E-01
   -0.97914E-01,    0.41939E+00,   -0.63276E-02,   -0.47167E-02
   -0.10700E+00,    0.18848E+00,    0.78501E-02,    0.10840E-01
   -0.10075E+00,    0.39979E+00,   -0.47040E-02,   -0.29572E-02
   -0.64987E-01,   -0.54272E-01,    0.78758E-02,    0.10784E-01
    0.15261E+00,   -0.46360E+00,    0.68374E-02,   -0.23417E-01
   -0.10210E+00,    0.39008E+00,   -0.38052E-02,   -0.19932E-02
   -0.85367E-01,    0.27177E-01,    0.79252E-02,    0.10849E-01
   -0.10645E+00,    0.34545E+00,    0.84126E-03,    0.30241E-02
   -0.79943E-01,    0.15965E-02,    0.79165E-02,    0.10833E-01
   -0.97874E-01,    0.95340E-01,    0.79194E-02,    0.10867E-01
    0.52285E-02,   -0.23737E+00,    0.75176E-02,    0.10488E-01
    0.81899E-01,   -0.37028E+00,   -0.79306E-02,   -0.16598E-02
    0.96269E-01,   -0.39116E+00,   -0.11214E-01,   -0.46306E-02
   -0.61566E-01,   -0.68732E-01,    0.78599E-02,    0.10767E-01
   -0.45371E-01,   -0.11802E+00,    0.77906E-02,    0.10701E-01
    0.76133E-01,   -0.36217E+00,   -0.64404E-02,   -0.40386E-03
   -0.91264E-01,    0.52434E-01,    0.79276E-02,    0.10858E-01
   -0.10407E+00,    0.38029E+00,   -0.28514E-02,   -0.99276E-03
    0.56249E-03,   -0.22861E+00,    0.75426E-02,    0.10505E-01
    0.15991E+00,   -0.47374E+00,    0.65245E+00,    0.59027E+00
   -0.10968E+00,    0.21451E+00,    0.78196E-02,    0.10819E-01
   -0.23313E-01,   -0.17619E+00,    0.76759E-02,    0.10606E-01
   -0.10438E+00,    0.13897E+00,    0.78952E-02,    0.10860E-01
   -0.11094E+00,    0.25296E+00,    0.77658E-02,    0.10782E-01
   -0.54018E-01,   -0.94449E-01,    0.78267E-02,    0.10734E-01
    0.46642E-01,   -0.31602E+00,    0.32793E-02,    0.72882E-02
   -0.10855E+00,    0.33570E+00,    0.18838E-02,    0.41290E-02
    0.11650E+00,   -0.42053E+00,   -0.14250E-01,   -0.80279E-02
    0.38319E-01,   -0.30200E+00,    0.64047E-02,    0.96621E-02
   -0.69009E-01,   -0.46070E-01,    0.78831E-02,    0.10790E-01
   -0.36973E-01,   -0.14320E+00,    0.77451E-02,    0.10662E-01
    0.15589E+00,   -0.47036E+00,    0.18096E+00,   -0.38375E-01
   -0.10634E+00,    0.15266E+00,    0.78846E-02,    0.10854E-01
    0.69897E-01,   -0.35442E+00,   -0.49012E-02,    0.84542E-03
   -0.96847E-01,    0.78039E-01,    0.79242E-02,    0.10863E-01
   -0.47073E-02,   -0.22032E+00,    0.75656E-02,    0.10521E-01
    0.14395E+00,   -0.45645E+00,   -0.14112E-01,   -0.82651E-02
    0.64187E-01,   -0.34643E+00,   -0.32655E-02,    0.21608E-02
    0.35012E-01,   -0.29795E+00,    0.73273E-02,    0.10356E-01
    0.54634E-01,   -0.33138E+00,   -0.68896E-04,    0.46908E-02
   -0.10923E+00,    0.17874E+00,    0.78606E-02,    0.10841E-01
   -0.10362E+00,    0.12103E+00,    0.79067E-02,    0.10862E-01
   -0.94266E-02,   -0.21155E+00,    0.75892E-02,    0.10538E-01
    0.31956E-01,   -0.29305E+00,    0.73440E-02,    0.10367E-01
   -0.11207E+00,    0.28388E+00,    0.72155E-02,    0.10142E-01
   -0.14298E-01,   -0.20084E+00,    0.76167E-02,    0.10559E-01
    0.88955E-01,   -0.38450E+00,   -0.10173E-01,   -0.37119E-02
    0.13743E+00,   -0.44963E+00,   -0.14786E-01,   -0.98722E-02
   -0.11249E+00,    0.27811E+00,    0.77259E-02,    0.10751E-01
   -0.84896E-01,    0.10246E-01,    0.79190E-02,    0.10834E-01
    0.10934E+00,   -0.41379E+00,   -0.13701E-01,   -0.73466E-02
    0.58367E-01,   -0.33887E+00,   -0.16462E-02,    0.34356E-02
   -0.11281E+00,    0.27234E+00,    0.77356E-02,    0.10758E-01
    0.40308E-01,   -0.30920E+00,    0.48663E-02,    0.84866E-02
   -0.89034E-01,    0.49201E+00,   -0.74595E+00,   -0.51022E+00
   -0.11116E+00,    0.32608E+00,    0.28871E-02,    0.51915E-02
   -0.11300E+00,    0.24247E+00,    0.77821E-02,    0.10790E-01
   -0.90767E-01,    0.35543E-01,    0.79255E-02,    0.10847E-01
   -0.11189E+00,    0.20476E+00,    0.78320E-02,    0.10822E-01
   -0.29170E-01,   -0.16869E+00,    0.76923E-02,    0.10617E-01
   -0.90545E-01,    0.48643E+00,   -0.28502E-01,   -0.15774E+00
   -0.59527E-01,   -0.86139E-01,    0.78371E-02,    0.10742E-01
    0.26787E-01,   -0.28681E+00,    0.73655E-02,    0.10380E-01
   -0.96205E-01,    0.61081E-01,    0.79263E-02,    0.10856E-01
   -0.10310E+00,    0.10376E+00,    0.79152E-02,    0.10860E-01
   -0.74111E-01,   -0.38628E-01,    0.78886E-02,    0.10794E-01
   -0.10865E+00,    0.37176E+00,   -0.20225E-02,   -0.20994E-03
   -0.51934E-01,   -0.11059E+00,    0.78014E-02,    0.10708E-01
   -0.43248E-01,   -0.13544E+00,    0.77590E-02,    0.10671E-01
   -0.11318E+00,    0.31633E+00,    0.38941E-02,    0.62885E-02
   -0.68262E-01,   -0.61350E-01,    0.78665E-02,    0.10770E-01
   -0.79993E-01,   -0.18770E-01,    0.79033E-02,    0.10811E-01
    0.10221E+00,   -0.40742E+00,   -0.13045E-01,   -0.66390E-02
    0.12954E+00,   -0.44364E+00,   -0.15098E-01,   -0.99805E-02
   -0.11458E+00,    0.23128E+00,    0.77983E-02,    0.10797E-01
   -0.11135E+00,    0.16898E+00,    0.78702E-02,    0.10841E-01
    0.15516E+00,   -0.47532E+00,    0.54434E+00,   -0.71219E+00
   -0.98635E-01,    0.45336E+00,   -0.84162E-02,   -0.74024E-02
   -0.23765E-01,   -0.18713E+00,    0.76501E-02,    0.10582E-01
    0.15118E+00,   -0.47113E+00,   -0.34518E-01,   -0.14214E+00
   -0.11110E+00,    0.36207E+00,   -0.10327E-02,    0.81656E-03
   -0.10238E+00,    0.86361E-01,    0.79211E-02,    0.10857E-01
    0.33907E-01,   -0.30367E+00,    0.61713E-02,    0.94695E-02
   -0.35376E-01,   -0.16034E+00,    0.77097E-02,    0.10629E-01
    0.12258E+00,   -0.43657E+00,   -0.15026E-01,   -0.95179E-02
    0.11231E-01,   -0.26251E+00,    0.74439E-02,    0.10432E-01
    0.15703E-01,   -0.27133E+00,    0.74164E-02,    0.10413E-01
   -0.10274E+00,    0.43442E+00,   -0.73544E-02,   -0.60257E-02
   -0.11437E+00,    0.19520E+00,    0.78434E-02,    0.10824E-01
   -0.90328E-01,    0.18694E-01,    0.79207E-02,    0.10834E-01
    0.19282E-01,   -0.27823E+00,    0.73945E-02,    0.10398E-01
   -0.95676E-01,    0.44201E-01,    0.79255E-02,    0.10846E-01
   -0.10438E+00,    0.42463E+00,   -0.66987E-02,   -0.53223E-02
   -0.11620E+00,    0.28128E+00,    0.73104E-02,    0.10236E-01
   -0.84648E-01,   -0.71335E-02,    0.79096E-02,    0.10817E-01
   -0.57247E-01,   -0.10222E+00,    0.78135E-02,    0.10717E-01
    0.46202E-01,   -0.32601E+00,    0.12685E-02,    0.56716E-02
   -0.11589E+00,    0.29938E+00,    0.55834E-02,    0.81867E-02
    0.30029E-01,   -0.29849E+00,    0.73278E-02,    0.10353E-01
   -0.95461E-01,    0.47855E+00,    0.14176E-01,   -0.64544E-03
   -0.10172E+00,    0.44431E+00,   -0.79556E-02,   -0.66785E-02
   -0.97946E-01,    0.46613E+00,   -0.82644E-02,   -0.94116E-02
   -0.48784E-01,   -0.12740E+00,    0.77727E-02,    0.10681E-01
   -0.11576E+00,    0.30935E+00,    0.45595E-02,    0.70030E-02
    0.27191E-01,   -0.29425E+00,    0.73422E-02,    0.10362E-01
   -0.11713E+00,    0.26973E+00,    0.77413E-02,    0.10754E-01
   -0.11712E+00,    0.27620E+00,    0.77307E-02,    0.10746E-01
    0.94540E-01,   -0.40101E+00,   -0.12254E-01,   -0.58685E-02
   -0.11353E+00,    0.35237E+00,   -0.32286E-04,    0.18614E-02
    0.55879E-02,   -0.25434E+00,    0.74691E-02,    0.10448E-01
   -0.11671E+00,    0.22156E+00,    0.78117E-02,    0.10802E-01
   -0.10680E+00,    0.41500E+00,   -0.59847E-02,   -0.45801E-02
   -0.11192E+00,    0.14769E+00,    0.78883E-02,    0.10846E-01
   -0.10803E+00,    0.40652E+00,   -0.53024E-02,   -0.38466E-02
   -0.73016E-01,   -0.55150E-01,    0.78718E-02,    0.10772E-01
   -0.10939E+00,    0.39664E+00,   -0.44459E-02,   -0.29281E-02
   -0.11028E+00,    0.13043E+00,    0.79004E-02,    0.10850E-01
   -0.93962E-01,    0.49109E+00,    0.49999E+00,   -0.75081E+00
   -0.66003E-01,   -0.79151E-01,    0.78446E-02,    0.10745E-01
   -0.10177E+00,    0.69346E-01,    0.79242E-02,    0.10851E-01
    0.69057E-03,   -0.24572E+00,    0.74948E-02,    0.10466E-01
   -0.10838E+00,    0.11224E+00,    0.79106E-02,    0.10853E-01
   -0.11785E+00,    0.28823E+00,    0.66114E-02,    0.93800E-02
   -0.80751E-01,   -0.29622E-01,    0.78942E-02,    0.10796E-01
   -0.23034E-01,   -0.19610E+00,    0.76283E-02,    0.10563E-01
    0.11482E+00,   -0.43037E+00,   -0.14798E-01,   -0.90226E-02
   -0.41199E-01,   -0.15222E+00,    0.77258E-02,    0.10640E-01
   -0.95826E-01,    0.48614E+00,    0.18698E+00,   -0.29523E-01
   -0.11153E+00,    0.38692E+00,   -0.35519E-02,   -0.19979E-02
   -0.11568E+00,    0.34270E+00,    0.97505E-03,    0.29320E-02
   -0.44740E-02,   -0.23717E+00,    0.75196E-02,    0.10483E-01
    0.77599E-01,   -0.37929E+00,   -0.90898E-02,   -0.29200E-02
    0.71981E-01,   -0.37104E+00,   -0.76962E-02,   -0.16935E-02
   -0.11652E+00,    0.18544E+00,    0.78541E-02,    0.10826E-01
   -0.89606E-01,    0.14551E-02,    0.79128E-02,    0.10819E-01
   -0.95179E-01,    0.26617E-01,    0.79217E-02,    0.10833E-01
    0.87217E-01,   -0.39424E+00,   -0.11321E-01,   -0.49987E-02
    0.66476E-01,   -0.36376E+00,   -0.63566E-02,   -0.56269E-03
   -0.94186E-02,   -0.22850E+00,    0.75439E-02,    0.10500E-01
   -0.13056E-01,   -0.22119E+00,    0.75638E-02,    0.10514E-01
    0.15038E+00,   -0.47685E+00,   -0.72581E+00,   -0.56120E+00
    0.60707E-01,   -0.35562E+00,   -0.47798E-02,    0.74590E-03
   -0.11516E+00,    0.15684E+00,    0.78809E-02,    0.10838E-01
   -0.10785E+00,    0.94982E-01,    0.79175E-02,    0.10850E-01
    0.14259E+00,   -0.46774E+00,   -0.32326E-01,    0.15929E-01
    0.10766E+00,   -0.42348E+00,   -0.14373E-01,   -0.83826E-02
   -0.10110E+00,    0.52409E-01,    0.79246E-02,    0.10843E-01
   -0.55146E-01,   -0.11971E+00,    0.77847E-02,    0.10688E-01
    0.28475E-01,   -0.30326E+00,    0.63728E-02,    0.96098E-02
   -0.11933E+00,    0.21192E+00,    0.78242E-02,    0.10805E-01
   -0.71331E-01,   -0.70728E-01,    0.78538E-02,    0.10752E-01
   -0.11815E+00,    0.33302E+00,    0.19738E-02,    0.39943E-02
    0.13477E+00,   -0.45925E+00,   -0.14949E-01,   -0.11613E-01
   -0.63976E-01,   -0.94965E-01,    0.78225E-02,    0.10722E-01
    0.14642E+00,   -0.47370E+00,   -0.21130E+00,    0.43942E-01
    0.37770E-01,   -0.32063E+00,    0.25931E-02,    0.66493E-02
   -0.78843E-01,   -0.47403E-01,    0.78780E-02,    0.10776E-01
    0.54349E-01,   -0.34796E+00,   -0.32062E-02,    0.20115E-02
   -0.32881E-01,   -0.17993E+00,    0.76661E-02,    0.10590E-01
    0.25037E-01,   -0.29895E+00,    0.73284E-02,    0.10350E-01
   -0.12124E+00,    0.26227E+00,    0.77544E-02,    0.10756E-01
    0.22146E-01,   -0.29395E+00,    0.73451E-02,    0.10361E-01
   -0.10684E+00,    0.77915E-01,    0.79218E-02,    0.10846E-01
   -0.47418E-01,   -0.14451E+00,    0.77400E-02,    0.10649E-01
   -0.12147E+00,    0.25071E+00,    0.77720E-02,    0.10768E-01
    0.12780E+00,   -0.45222E+00,   -0.15407E-01,   -0.11028E-01
   -0.12149E+00,    0.27997E+00,    0.72421E-02,    0.10123E-01
    0.31297E-01,   -0.31110E+00,    0.46983E-02,    0.82974E-02
   -0.12172E+00,    0.27420E+00,    0.77354E-02,    0.10741E-01
   -0.11873E+00,    0.17571E+00,    0.78639E-02,    0.10826E-01
    0.48438E-01,   -0.33991E+00,   -0.15252E-02,    0.33671E-02
   -0.12013E+00,    0.32337E+00,    0.29612E-02,    0.50739E-02
    0.79561E-01,   -0.38785E+00,   -0.10317E-01,   -0.41238E-02
   -0.11582E+00,    0.37873E+00,   -0.27960E-02,   -0.12897E-02
   -0.22433E-01,   -0.20678E+00,    0.76015E-02,    0.10540E-01
   -0.98880E-01,    0.49013E+00,    0.70402E+00,    0.53904E+00
    0.99964E-01,   -0.41715E+00,   -0.13835E-01,   -0.77426E-02
   -0.12232E+00,    0.24075E+00,    0.77866E-02,    0.10776E-01
   -0.11605E+00,    0.13858E+00,    0.78945E-02,    0.10840E-01
   -0.12252E+00,    0.26874E+00,    0.77445E-02,    0.10746E-01
   -0.10028E+00,    0.48452E+00,    0.28868E-02,    0.12350E+00
   -0.94861E-01,    0.98375E-02,    0.79152E-02,    0.10819E-01
   -0.60498E-01,   -0.11165E+00,    0.77969E-02,    0.10697E-01
   -0.69048E-01,   -0.86482E-01,    0.78332E-02,    0.10730E-01
   -0.10058E+00,    0.35539E-01,    0.79223E-02,    0.10832E-01
   -0.39076E-01,   -0.16961E+00,    0.76886E-02,    0.10607E-01
   -0.89430E-01,   -0.14535E-01,    0.79027E-02,    0.10802E-01
   -0.12151E+00,    0.20215E+00,    0.78361E-02,    0.10808E-01
   -0.11465E+00,    0.12125E+00,    0.79051E-02,    0.10843E-01
    0.16262E-01,   -0.28750E+00,    0.73671E-02,    0.10374E-01
   -0.10600E+00,    0.61092E-01,    0.79234E-02,    0.10840E-01
   -0.10755E+00,    0.44992E+00,   -0.82995E-02,   -0.69323E-02
   -0.11827E+00,    0.36904E+00,   -0.18538E-02,   -0.31575E-03
    0.12018E+00,   -0.44620E+00,   -0.15399E-01,   -0.10521E-01
   -0.84073E-01,   -0.39022E-01,    0.78843E-02,    0.10780E-01
   -0.53148E-01,   -0.13633E+00,    0.77546E-02,    0.10659E-01
    0.19166E-02,   -0.26200E+00,    0.74475E-02,    0.10428E-01
   -0.12285E+00,    0.31418E+00,    0.38569E-02,    0.60502E-02
    0.92664E-01,   -0.41037E+00,   -0.13137E-01,   -0.69922E-02
    0.14559E+00,   -0.47833E+00,   -0.51413E+00,    0.75701E+00
    0.14233E+00,   -0.47447E+00,    0.17450E-02,    0.16009E+00
    0.61529E-02,   -0.27099E+00,    0.74200E-02,    0.10409E-01
   -0.12411E+00,    0.22827E+00,    0.78040E-02,    0.10784E-01
   -0.77810E-01,   -0.63840E-01,    0.78598E-02,    0.10753E-01
   -0.12417E+00,    0.29450E+00,    0.57992E-02,    0.83301E-02
   -0.11196E+00,    0.43071E+00,   -0.70922E-02,   -0.59840E-02
   -0.11058E+00,    0.44060E+00,   -0.76929E-02,   -0.65771E-02
    0.11319E+00,   -0.43913E+00,   -0.15219E-01,   -0.98797E-02
   -0.32152E-01,   -0.19204E+00,    0.76374E-02,    0.10565E-01
    0.93089E-02,   -0.27843E+00,    0.73968E-02,    0.10392E-01
   -0.44749E-01,   -0.16156E+00,    0.77052E-02,    0.10618E-01
   -0.11453E+00,    0.10424E+00,    0.79128E-02,    0.10841E-01
   -0.12442E+00,    0.30440E+00,    0.48125E-02,    0.71443E-02
   -0.11376E+00,    0.42208E+00,   -0.65112E-02,   -0.53844E-02
   -0.12547E+00,    0.27727E+00,    0.73333E-02,    0.10217E-01
   -0.11249E+00,    0.86683E-01,    0.79187E-02,    0.10840E-01
    0.22928E-01,   -0.30433E+00,    0.62499E-02,    0.94939E-02
    0.20038E-01,   -0.29933E+00,    0.73291E-02,    0.10346E-01
   -0.12398E+00,    0.19247E+00,    0.78470E-02,    0.10809E-01
   -0.10025E+00,    0.18014E-01,    0.79168E-02,    0.10818E-01
   -0.94566E-01,   -0.71975E-02,    0.79057E-02,    0.10802E-01
   -0.11723E+00,    0.40281E+00,   -0.50183E-02,   -0.38137E-02
    0.17158E-01,   -0.29499E+00,    0.73437E-02,    0.10356E-01
   -0.10566E+00,    0.44136E-01,    0.79222E-02,    0.10830E-01
   -0.11601E+00,    0.41243E+00,   -0.57964E-02,   -0.46472E-02
   -0.22350E-01,   -0.21677E+00,    0.75756E-02,    0.10518E-01
   -0.12626E+00,    0.26713E+00,    0.77480E-02,    0.10742E-01
   -0.66971E-01,   -0.10406E+00,    0.78072E-02,    0.10703E-01
   -0.12628E+00,    0.27213E+00,    0.77401E-02,    0.10736E-01
    0.37330E-01,   -0.33062E+00,    0.59517E-03,    0.49863E-02
    0.85110E-01,   -0.40399E+00,   -0.12355E-01,   -0.62336E-02
   -0.82710E-01,   -0.55209E-01,    0.78679E-02,    0.10759E-01
   -0.92855E-02,   -0.24593E+00,    0.74956E-02,    0.10459E-01
   -0.10379E+00,    0.48911E+00,   -0.56595E+00,    0.69866E+00
    0.68440E-01,   -0.38037E+00,   -0.89828E-02,   -0.30469E-02
   -0.12311E+00,    0.16427E+00,    0.78742E-02,    0.10822E-01
   -0.11944E+00,    0.39307E+00,   -0.41805E-02,   -0.29504E-02
   -0.10642E+00,    0.47735E+00,   -0.27943E-01,   -0.29812E-01
   -0.59428E-01,   -0.12873E+00,    0.77670E-02,    0.10667E-01
   -0.75965E-01,   -0.79438E-01,    0.78404E-02,    0.10732E-01
   -0.12709E+00,    0.28432E+00,    0.66532E-02,    0.93463E-02
   -0.12187E+00,    0.14671E+00,    0.78882E-02,    0.10829E-01
   -0.14126E-01,   -0.23731E+00,    0.75201E-02,    0.10476E-01
    0.10549E+00,   -0.43317E+00,   -0.14949E-01,   -0.93612E-02
   -0.11159E+00,    0.69167E-01,    0.79215E-02,    0.10834E-01
   -0.12023E+00,    0.12953E+00,    0.78996E-02,    0.10833E-01
    0.79433E-01,   -0.39783E+00,   -0.11544E-01,   -0.54555E-02
   -0.10976E+00,    0.46323E+00,   -0.10618E-01,   -0.67768E-02
   -0.10576E+00,    0.48442E+00,   -0.21341E+00,   -0.17201E-01
    0.62139E-01,   -0.37270E+00,   -0.76550E-02,   -0.18999E-02
   -0.12530E+00,    0.34000E+00,    0.10708E-02,    0.27711E-02
   -0.90075E-01,   -0.33104E-01,    0.78873E-02,    0.10778E-01
   -0.31147E-01,   -0.20191E+00,    0.76132E-02,    0.10544E-01
   -0.51048E-01,   -0.15380E+00,    0.77201E-02,    0.10627E-01
    0.56588E-01,   -0.36471E+00,   -0.62119E-02,   -0.66136E-03
   -0.41306E-01,   -0.17824E+00,    0.76687E-02,    0.10586E-01
    0.13252E+00,   -0.46893E+00,   -0.31052E-02,   -0.33491E-01
   -0.64187E-02,   -0.25522E+00,    0.74687E-02,    0.10439E-01
   -0.19379E-01,   -0.22881E+00,    0.75436E-02,    0.10492E-01
   -0.11908E+00,    0.11229E+00,    0.79086E-02,    0.10834E-01
   -0.72098E-01,   -0.95972E-01,    0.78180E-02,    0.10710E-01
   -0.12607E+00,    0.18249E+00,    0.78572E-02,    0.10810E-01
   -0.99500E-01,    0.14703E-02,    0.79090E-02,    0.10803E-01
    0.14079E+00,   -0.47977E+00,    0.75807E+00,    0.44152E+00
   -0.10517E+00,    0.26668E-01,    0.79181E-02,    0.10817E-01
    0.13694E+00,   -0.47546E+00,    0.13009E+00,   -0.45310E-01
   -0.12454E+00,    0.36358E+00,   -0.13817E-02,    0.15037E-04
   -0.93826E-01,   -0.23501E-01,    0.78941E-02,    0.10785E-01
    0.98122E-01,   -0.42643E+00,   -0.14501E-01,   -0.87331E-02
    0.12554E+00,   -0.46185E+00,   -0.16346E-01,   -0.12703E-01
   -0.80787E-01,   -0.70830E-01,    0.78499E-02,    0.10739E-01
    0.18007E-01,   -0.30356E+00,    0.64815E-02,    0.96651E-02
   -0.65037E-01,   -0.12047E+00,    0.77801E-02,    0.10676E-01
   -0.11097E+00,    0.52454E-01,    0.79215E-02,    0.10826E-01
   -0.12791E+00,    0.32950E+00,    0.21182E-02,    0.39058E-02
    0.12311E-01,   -0.29453E+00,    0.73466E-02,    0.10354E-01
    0.15033E-01,   -0.29962E+00,    0.73299E-02,    0.10343E-01
   -0.11845E+00,    0.95039E-01,    0.79150E-02,    0.10832E-01
   -0.56570E-01,   -0.14572E+00,    0.77352E-02,    0.10637E-01
   -0.12666E+00,    0.35396E+00,   -0.42161E-03,    0.10315E-02
   -0.12896E+00,    0.31966E+00,    0.31161E-02,    0.50464E-02
   -0.12983E+00,    0.22007E+00,    0.78153E-02,    0.10781E-01
   -0.88721E-01,   -0.47311E-01,    0.78740E-02,    0.10762E-01
   -0.13051E+00,    0.24648E+00,    0.77800E-02,    0.10757E-01
   -0.13075E+00,    0.26420E+00,    0.77536E-02,    0.10738E-01
   -0.13081E+00,    0.26998E+00,    0.77446E-02,    0.10731E-01
    0.11824E+00,   -0.45506E+00,   -0.15708E-01,   -0.11567E-01
   -0.13078E+00,    0.27576E+00,    0.72686E-02,    0.10103E-01
    0.28898E-01,   -0.32524E+00,    0.18561E-02,    0.59407E-02
   -0.11682E+00,    0.77676E-01,    0.79191E-02,    0.10829E-01
   -0.10962E+00,    0.48308E+00,   -0.37666E-01,   -0.17682E+00
    0.19288E-01,   -0.30957E+00,    0.52254E-02,    0.86486E-02
   -0.10869E+00,    0.48804E+00,   -0.67997E+00,   -0.63246E+00
   -0.13151E+00,    0.25618E+00,    0.77660E-02,    0.10745E-01
    0.90549E-01,   -0.42011E+00,   -0.13952E-01,   -0.80982E-02
   -0.12719E+00,    0.15515E+00,    0.78813E-02,    0.10817E-01
    0.36890E-01,   -0.34061E+00,   -0.13479E-02,    0.33117E-02
   -0.13046E+00,    0.19924E+00,    0.78397E-02,    0.10793E-01
   -0.31039E-01,   -0.21183E+00,    0.75881E-02,    0.10522E-01
   -0.41352E-01,   -0.18817E+00,    0.76455E-02,    0.10565E-01
   -0.10465E+00,    0.99899E-02,    0.79115E-02,    0.10803E-01
   -0.11527E+00,    0.45699E+00,   -0.83630E-02,   -0.67910E-02
   -0.11696E+00,    0.44719E+00,   -0.79367E-02,   -0.70244E-02
   -0.12914E+00,    0.17242E+00,    0.78666E-02,    0.10809E-01
   -0.12598E+00,    0.13759E+00,    0.78938E-02,    0.10822E-01
   -0.78709E-01,   -0.88512E-01,    0.78265E-02,    0.10714E-01
   -0.13199E+00,    0.30073E+00,    0.49355E-02,    0.71554E-02
   -0.11055E+00,    0.35033E-01,    0.79186E-02,    0.10815E-01
   -0.99389E-01,   -0.15260E-01,    0.78981E-02,    0.10786E-01
   -0.13247E+00,    0.23305E+00,    0.77988E-02,    0.10765E-01
   -0.35926E-02,   -0.27028E+00,    0.74241E-02,    0.10404E-01
    0.11075E+00,   -0.44877E+00,   -0.15626E-01,   -0.10763E-01
   -0.13171E+00,    0.20850E+00,    0.78293E-02,    0.10785E-01
   -0.11926E+00,    0.43751E+00,   -0.74733E-02,   -0.66568E-02
   -0.12461E+00,    0.12062E+00,    0.79036E-02,    0.10825E-01
   -0.13199E+00,    0.31036E+00,    0.39799E-02,    0.59999E-02
   -0.93366E-01,   -0.41012E-01,    0.78784E-02,    0.10763E-01
   -0.11591E+00,    0.60198E-01,    0.79203E-02,    0.10822E-01
   -0.71394E-01,   -0.11300E+00,    0.77908E-02,    0.10681E-01
    0.44882E-01,   -0.35598E+00,   -0.43957E-02,    0.75575E-03
   -0.32284E-09,   -0.27859E+00,    0.73986E-02,    0.10386E-01
   -0.78695E-02,   -0.26358E+00,    0.74445E-02,    0.10418E-01
    0.13598E+00,   -0.48116E+00,    0.42870E+00,   -0.78299E+00
    0.13217E+00,   -0.47681E+00,   -0.63343E-01,   -0.15566E+00
    0.83143E-01,   -0.41340E+00,   -0.13256E-01,   -0.73679E-02
   -0.53743E-01,   -0.16221E+00,    0.77017E-02,    0.10607E-01
   -0.12152E+00,    0.42784E+00,   -0.68995E-02,   -0.60701E-02
   -0.62966E-01,   -0.13804E+00,    0.77484E-02,    0.10645E-01
   -0.13348E+00,    0.29084E+00,    0.58286E-02,    0.82351E-02
   -0.12424E+00,    0.40951E+00,   -0.55924E-02,   -0.46799E-02
    0.48673E-02,   -0.28897E+00,    0.73659E-02,    0.10363E-01
   -0.12304E+00,    0.41942E+00,   -0.63304E-02,   -0.54693E-02
   -0.87791E-01,   -0.63800E-01,    0.78558E-02,    0.10740E-01
    0.13493E-01,   -0.30493E+00,    0.62490E-02,    0.94629E-02
   -0.50039E-01,   -0.17341E+00,    0.76780E-02,    0.10588E-01
    0.10405E+00,   -0.44300E+00,   -0.15447E-01,   -0.10266E-01
   -0.13463E+00,    0.27322E+00,    0.73336E-02,    0.10167E-01
    0.10024E-01,   -0.29983E+00,    0.73307E-02,    0.10339E-01
   -0.40037E-01,   -0.19806E+00,    0.76217E-02,    0.10545E-01
   -0.83616E-01,   -0.80401E-01,    0.78360E-02,    0.10720E-01
   -0.12445E+00,    0.10302E+00,    0.79110E-02,    0.10823E-01
   -0.12672E+00,    0.39990E+00,   -0.48219E-02,   -0.39046E-02
   -0.12790E+00,    0.38999E+00,   -0.39680E-02,   -0.29943E-02
    0.69225E-02,   -0.29527E+00,    0.73458E-02,    0.10349E-01
   -0.13530E+00,    0.26776E+00,    0.77491E-02,    0.10726E-01
   -0.13536E+00,    0.26266E+00,    0.77569E-02,    0.10731E-01
    0.64125E-01,   -0.38905E+00,   -0.10073E-01,   -0.42748E-02
    0.69978E-01,   -0.39766E+00,   -0.11312E-01,   -0.54432E-02
    0.75299E-01,   -0.40540E+00,   -0.12309E-01,   -0.64270E-02
    0.20466E-01,   -0.31987E+00,    0.30956E-02,    0.68902E-02
   -0.12245E+00,    0.85918E-01,    0.79161E-02,    0.10822E-01
   -0.11020E+00,    0.18261E-01,    0.79130E-02,    0.10802E-01
    0.58899E-01,   -0.38208E+00,   -0.89772E-02,   -0.32858E-02
   -0.76849E-01,   -0.10465E+00,    0.78025E-02,    0.10689E-01
   -0.98359E-01,   -0.32361E-01,    0.78845E-02,    0.10767E-01
    0.53352E-01,   -0.37389E+00,   -0.76075E-02,   -0.20695E-02
   -0.68289E-01,   -0.12992E+00,    0.77620E-02,    0.10654E-01
   -0.11357E+00,    0.48693E+00,    0.63338E+00,   -0.63276E+00
   -0.11554E+00,    0.43061E-01,    0.79185E-02,    0.10812E-01
   -0.11480E+00,    0.48129E+00,    0.12822E+00,   -0.31629E-02
   -0.10515E+00,   -0.71104E-02,    0.79014E-02,    0.10785E-01
   -0.13631E+00,    0.27974E+00,    0.67221E-02,    0.93455E-02
    0.28458E-01,   -0.33523E+00,   -0.12631E-03,    0.42390E-02
   -0.30657E-01,   -0.22337E+00,    0.75580E-02,    0.10496E-01
   -0.13033E+00,    0.38017E+00,   -0.30849E-02,   -0.20917E-02
   -0.92585E-01,   -0.56206E-01,    0.78626E-02,    0.10743E-01
   -0.22232E-01,   -0.24166E+00,    0.75084E-02,    0.10460E-01
    0.12429E+00,   -0.47189E+00,   -0.33472E-01,    0.40357E-02
   -0.12089E+00,    0.68858E-01,    0.79186E-02,    0.10818E-01
   -0.13305E+00,    0.16323E+00,    0.78742E-02,    0.10805E-01
   -0.13150E+00,    0.14591E+00,    0.78875E-02,    0.10811E-01
    0.96199E-01,   -0.43683E+00,   -0.15139E-01,   -0.97532E-02
   -0.13190E+00,    0.37031E+00,   -0.21551E-02,   -0.11012E-02
   -0.13011E+00,    0.12893E+00,    0.78982E-02,    0.10815E-01
   -0.13555E+00,    0.19071E+00,    0.78488E-02,    0.10789E-01
    0.36450E-01,   -0.35060E+00,   -0.32166E-02,    0.16486E-02
   -0.60960E-01,   -0.15465E+00,    0.77157E-02,    0.10615E-01
   -0.39549E-01,   -0.20673E+00,    0.76003E-02,    0.10526E-01
   -0.11802E+00,    0.47357E+00,   -0.10799E-01,    0.17063E-01
   -0.13516E+00,    0.18041E+00,    0.78589E-02,    0.10794E-01
   -0.49796E-01,   -0.18339E+00,    0.76552E-02,    0.10567E-01
    0.11625E+00,   -0.46428E+00,   -0.15294E-01,   -0.13093E-01
    0.11078E+00,   -0.45741E+00,   -0.15893E-01,   -0.11413E-01
    0.13115E+00,   -0.48249E+00,   -0.79737E+00,   -0.45951E+00
   -0.13407E+00,    0.36064E+00,   -0.12344E-02,   -0.13203E-03
    0.81563E-02,   -0.30448E+00,    0.63820E-02,    0.95561E-02
   -0.10946E+00,    0.14118E-02,    0.79048E-02,    0.10787E-01
   -0.12916E+00,    0.11173E+00,    0.79066E-02,    0.10816E-01
    0.89053E-01,   -0.42992E+00,   -0.14670E-01,   -0.91297E-02
   -0.11495E+00,    0.26106E-01,    0.79141E-02,    0.10800E-01
    0.12730E+00,   -0.47887E+00,   -0.20197E+00,    0.55293E-01
   -0.19457E-01,   -0.25272E+00,    0.74771E-02,    0.10435E-01
   -0.28603E-01,   -0.23385E+00,    0.75299E-02,    0.10473E-01
    0.28679E-02,   -0.29579E+00,    0.73452E-02,    0.10345E-01
    0.44442E-01,   -0.36597E+00,   -0.61080E-02,   -0.84487E-03
   -0.10376E+00,   -0.24171E-01,    0.78892E-02,    0.10768E-01
    0.50129E-02,   -0.29996E+00,    0.73317E-02,    0.10335E-01
   -0.90442E-01,   -0.73120E-01,    0.78429E-02,    0.10722E-01
   -0.13950E+00,    0.25968E+00,    0.77621E-02,    0.10727E-01
   -0.12159E+00,    0.46313E+00,   -0.59053E-02,   -0.58692E-02
   -0.12074E+00,    0.51666E-01,    0.79179E-02,    0.10808E-01
   -0.74810E-01,   -0.12235E+00,    0.77734E-02,    0.10660E-01
   -0.83266E-01,   -0.97378E-01,    0.78114E-02,    0.10693E-01
   -0.13833E+00,    0.31685E+00,    0.31350E-02,    0.48340E-02
   -0.13617E+00,    0.35093E+00,   -0.29394E-03,    0.87490E-03
   -0.13976E+00,    0.26546E+00,    0.77534E-02,    0.10720E-01
   -0.13992E+00,    0.27123E+00,    0.72939E-02,    0.10081E-01
   -0.16153E-01,   -0.26174E+00,    0.74508E-02,    0.10416E-01
   -0.98170E-01,   -0.49496E-01,    0.78676E-02,    0.10744E-01
   -0.12833E+00,    0.93816E-01,    0.79126E-02,    0.10814E-01
    0.10448E-01,   -0.31250E+00,    0.47162E-02,    0.81747E-02
   -0.11845E+00,    0.48577E+00,    0.61441E+00,    0.64417E+00
   -0.13784E+00,    0.34108E+00,    0.67728E-03,    0.19434E-02
   -0.48639E-01,   -0.19302E+00,    0.76326E-02,    0.10547E-01
   -0.12454E+00,    0.45337E+00,   -0.78488E-02,   -0.77397E-02
   -0.13981E+00,    0.30696E+00,    0.40711E-02,    0.59356E-02
    0.20026E-01,   -0.32986E+00,    0.10782E-02,    0.51630E-02
   -0.13956E+00,    0.20237E+00,    0.78364E-02,    0.10775E-01
   -0.11980E+00,    0.48081E+00,   -0.19225E-01,    0.19356E+00
   -0.67326E-01,   -0.14702E+00,    0.77293E-02,    0.10622E-01
   -0.12636E+00,    0.44448E+00,   -0.77895E-02,   -0.74000E-02
   -0.12672E+00,    0.76894E-01,    0.79161E-02,    0.10811E-01
   -0.13524E-01,   -0.26955E+00,    0.74277E-02,    0.10399E-01
    0.81240E-01,   -0.42371E+00,   -0.14131E-01,   -0.85305E-02
   -0.14046E+00,    0.21292E+00,    0.78245E-02,    0.10766E-01
   -0.93089E-02,   -0.27843E+00,    0.74006E-02,    0.10380E-01
   -0.13959E+00,    0.33124E+00,    0.16409E-02,    0.30184E-02
   -0.79877E-01,   -0.11416E+00,    0.77857E-02,    0.10668E-01
   -0.12859E+00,    0.43481E+00,   -0.73282E-02,   -0.68120E-02
   -0.11446E+00,    0.92589E-02,    0.79070E-02,    0.10786E-01
   -0.14130E+00,    0.29707E+00,    0.49717E-02,    0.70248E-02
   -0.39083E-01,   -0.21799E+00,    0.75715E-02,    0.10500E-01
   -0.13712E+00,    0.15417E+00,    0.78807E-02,    0.10799E-01
    0.28018E-01,   -0.34522E+00,   -0.20493E-02,    0.25370E-02
   -0.13906E+00,    0.17120E+00,    0.78669E-02,    0.10791E-01
   -0.13595E+00,    0.13700E+00,    0.78924E-02,    0.10804E-01
   -0.10927E+00,   -0.16203E-01,    0.78931E-02,    0.10768E-01
   -0.12052E+00,    0.34395E-01,    0.79145E-02,    0.10797E-01
   -0.13218E+00,    0.41556E+00,   -0.60780E-02,   -0.54765E-02
   -0.88751E-01,   -0.90070E-01,    0.78201E-02,    0.10697E-01
    0.12630E+00,   -0.48378E+00,   -0.42249E+00,    0.79127E+00
    0.12258E+00,   -0.47936E+00,    0.31115E-01,    0.11704E+00
   -0.96329E-01,   -0.65424E-01,    0.78501E-02,    0.10724E-01
   -0.13113E+00,    0.42515E+00,   -0.67392E-02,   -0.61853E-02
   -0.10335E+00,   -0.40970E-01,    0.78741E-02,    0.10748E-01
   -0.13456E+00,    0.12013E+00,    0.79016E-02,    0.10806E-01
   -0.58667E-02,   -0.28788E+00,    0.73714E-02,    0.10358E-01
   -0.14251E+00,    0.22484E+00,    0.78101E-02,    0.10754E-01
   -0.14278E+00,    0.28718E+00,    0.58273E-02,    0.80942E-02
   -0.12586E+00,    0.60197E-01,    0.79168E-02,    0.10804E-01
   -0.24630E-02,   -0.29477E+00,    0.73495E-02,    0.10343E-01
   -0.72872E-01,   -0.13872E+00,    0.77438E-02,    0.10631E-01
    0.36010E-01,   -0.36059E+00,   -0.50078E-02,   -0.97068E-06
   -0.14336E+00,    0.25099E+00,    0.77753E-02,    0.10729E-01
   -0.13438E+00,    0.40583E+00,   -0.53500E-02,   -0.47481E-02
   -0.62573E-01,   -0.16664E+00,    0.76898E-02,    0.10588E-01
   -0.34765E-09,   -0.30000E+00,    0.73327E-02,    0.10332E-01
    0.10229E+00,   -0.45545E+00,   -0.15966E-01,   -0.11135E-01
   -0.14368E+00,    0.26857E+00,    0.73566E-02,    0.10146E-01
   -0.13585E+00,    0.39601E+00,   -0.45573E-02,   -0.39261E-02
    0.25500E-02,   -0.30519E+00,    0.62613E-02,    0.94365E-02
    0.60002E-01,   -0.39815E+00,   -0.11159E-01,   -0.55342E-02
    0.71283E-01,   -0.41455E+00,   -0.13176E-01,   -0.75521E-02
   -0.14417E+00,    0.26309E+00,    0.77577E-02,    0.10715E-01
    0.54189E-01,   -0.39007E+00,   -0.99925E-02,   -0.44445E-02
    0.49009E-01,   -0.38242E+00,   -0.88023E-02,   -0.33580E-02
    0.65370E-01,   -0.40653E+00,   -0.12241E-01,   -0.66010E-02
   -0.93584E-01,   -0.80322E-01,    0.78319E-02,    0.10706E-01
   -0.14452E+00,    0.25758E+00,    0.77659E-02,    0.10720E-01
   -0.48754E-01,   -0.20290E+00,    0.76085E-02,    0.10525E-01
    0.44002E-01,   -0.37596E+00,   -0.77147E-02,   -0.24029E-02
   -0.13172E+00,    0.84572E-01,    0.79135E-02,    0.10804E-01
   -0.13816E+00,    0.38630E+00,   -0.37332E-02,   -0.30941E-02
    0.94179E-01,   -0.44724E+00,   -0.15658E-01,   -0.10645E-01
   -0.59315E-01,   -0.17869E+00,    0.76639E-02,    0.10566E-01
   -0.11401E+00,   -0.74748E-02,    0.78972E-02,    0.10770E-01
   -0.12331E+00,    0.48456E+00,   -0.69284E+00,    0.58045E+00
   -0.12443E+00,    0.47889E+00,   -0.14612E+00,   -0.16860E-01
    0.11517E+00,   -0.47441E+00,    0.21247E-03,   -0.30043E-01
   -0.10817E+00,   -0.32259E-01,    0.78802E-02,    0.10751E-01
   -0.13963E+00,    0.37664E+00,   -0.28676E-02,   -0.21771E-02
   -0.11999E+00,    0.17524E-01,    0.79086E-02,    0.10784E-01
   -0.13467E+00,    0.10154E+00,    0.79087E-02,    0.10803E-01
    0.11594E-01,   -0.32448E+00,    0.22583E-02,    0.60803E-02
   -0.78263E-01,   -0.13032E+00,    0.77576E-02,    0.10640E-01
   -0.14547E+00,    0.27563E+00,    0.67204E-02,    0.92499E-02
   -0.86553E-01,   -0.10674E+00,    0.77953E-02,    0.10672E-01
   -0.14556E+00,    0.23790E+00,    0.77935E-02,    0.10737E-01
   -0.12554E+00,    0.43019E-01,    0.79147E-02,    0.10794E-01
    0.86839E-01,   -0.43961E+00,   -0.15271E-01,   -0.10063E-01
    0.19586E-01,   -0.33985E+00,   -0.88806E-03,    0.34288E-02
   -0.10241E+00,   -0.57747E-01,    0.78565E-02,    0.10726E-01
   -0.14182E+00,    0.36690E+00,   -0.19772E-02,   -0.12479E-02
   -0.13081E+00,    0.67790E-01,    0.79152E-02,    0.10799E-01
    0.10692E+00,   -0.46652E+00,   -0.16859E-01,   -0.10418E-01
   -0.14291E+00,    0.16199E+00,    0.78739E-02,    0.10786E-01
   -0.14143E+00,    0.14516E+00,    0.78862E-02,    0.10792E-01
    0.12145E+00,   -0.48503E+00,    0.78873E+00,    0.38532E+00
   -0.13991E+00,    0.12786E+00,    0.78966E-02,    0.10796E-01
   -0.14341E+00,    0.35719E+00,   -0.10616E-02,   -0.25568E-03
   -0.47533E-01,   -0.21270E+00,    0.75840E-02,    0.10504E-01
   -0.20224E-02,   -0.30458E+00,    0.63874E-02,    0.95295E-02
    0.27578E-01,   -0.35521E+00,   -0.38970E-02,    0.85036E-03
   -0.71357E-02,   -0.29539E+00,    0.73484E-02,    0.10338E-01
    0.11775E+00,   -0.48135E+00,    0.16555E+00,   -0.93104E-01
   -0.39734E-01,   -0.23060E+00,    0.75381E-02,    0.10470E-01
   -0.58189E-01,   -0.18861E+00,    0.76411E-02,    0.10546E-01
   -0.34427E-01,   -0.24197E+00,    0.75074E-02,    0.10448E-01
   -0.50129E-02,   -0.29996E+00,    0.73339E-02,    0.10328E-01
   -0.30349E-01,   -0.25105E+00,    0.74821E-02,    0.10430E-01
   -0.14810E+00,    0.25488E+00,    0.77702E-02,    0.10716E-01
   -0.13857E+00,    0.11098E+00,    0.79044E-02,    0.10798E-01
   -0.26169E-01,   -0.26010E+00,    0.74562E-02,    0.10411E-01
   -0.11344E+00,   -0.23821E-01,    0.78851E-02,    0.10752E-01
   -0.11942E+00,    0.84765E-03,    0.79001E-02,    0.10769E-01
   -0.14855E+00,    0.26064E+00,    0.77619E-02,    0.10709E-01
   -0.12490E+00,    0.26005E-01,    0.79100E-02,    0.10782E-01
   -0.14603E+00,    0.18216E+00,    0.78564E-02,    0.10773E-01
   -0.14553E+00,    0.34743E+00,   -0.13944E-03,    0.73998E-03
   -0.14764E+00,    0.31319E+00,    0.32107E-02,    0.46817E-02
   -0.14890E+00,    0.26641E+00,    0.73185E-02,    0.10058E-01
    0.35570E-01,   -0.37058E+00,   -0.66963E-02,   -0.16105E-02
   -0.72282E-01,   -0.15681E+00,    0.77078E-02,    0.10596E-01
   -0.14738E+00,    0.19619E+00,    0.78426E-02,    0.10763E-01
   -0.13193E+00,    0.46007E+00,   -0.85812E-02,   -0.10509E-01
   -0.13004E+00,    0.47156E+00,    0.13653E-01,   -0.29815E-01
   -0.10059E+00,   -0.74415E-01,    0.78367E-02,    0.10704E-01
   -0.13072E+00,    0.51473E-01,    0.79141E-02,    0.10790E-01
   -0.93081E-01,   -0.99194E-01,    0.78045E-02,    0.10675E-01
   -0.13406E+00,    0.45040E+00,   -0.82825E-02,   -0.84600E-02
   -0.18607E-01,   -0.27796E+00,    0.74031E-02,    0.10373E-01
   -0.12816E+00,    0.48329E+00,   -0.58738E+00,   -0.69203E+00
   -0.36234E-09,   -0.31267E+00,    0.47270E-02,    0.81148E-02
   -0.14722E+00,    0.33769E+00,    0.79161E-03,    0.17778E-02
   -0.10815E+00,   -0.49646E-01,    0.78629E-02,    0.10728E-01
   -0.13568E+00,    0.44176E+00,   -0.77622E-02,   -0.75740E-02
   -0.14912E+00,    0.30330E+00,    0.41121E-02,    0.57708E-02
   -0.23479E-01,   -0.26928E+00,    0.74293E-02,    0.10391E-01
   -0.14396E-01,   -0.28692E+00,    0.73755E-02,    0.10354E-01
   -0.14886E+00,    0.20595E+00,    0.78321E-02,    0.10755E-01
   -0.13816E+00,    0.92176E-01,    0.79100E-02,    0.10794E-01
   -0.12984E+00,    0.47804E+00,    0.35706E-01,   -0.17368E+00
   -0.13913E+00,    0.42225E+00,   -0.65663E-02,   -0.62302E-02
   -0.57044E-01,   -0.19822E+00,    0.76184E-02,    0.10526E-01
   -0.77299E-01,   -0.14769E+00,    0.77247E-02,    0.10608E-01
   -0.13820E+00,    0.43210E+00,   -0.71906E-02,   -0.69022E-02
    0.11154E-01,   -0.33447E+00,    0.25677E-03,    0.43176E-02
   -0.15060E+00,    0.29341E+00,    0.49774E-02,    0.68475E-02
   -0.15027E+00,    0.21576E+00,    0.78210E-02,    0.10745E-01
    0.75982E-01,   -0.43320E+00,   -0.14795E-01,   -0.95405E-02
   -0.13666E+00,    0.75894E-01,    0.79127E-02,    0.10791E-01
   -0.14928E+00,    0.32791E+00,    0.17094E-02,    0.28099E-02
   -0.12420E+00,    0.85179E-02,    0.79023E-02,    0.10768E-01
   -0.14284E+00,    0.40280E+00,   -0.51636E-02,   -0.48426E-02
   -0.14166E+00,    0.41266E+00,   -0.59052E-02,   -0.55999E-02
    0.11295E+00,   -0.48172E+00,   -0.74789E-01,   -0.13736E+00
   -0.14518E+00,    0.13607E+00,    0.78909E-02,    0.10786E-01
    0.11658E+00,   -0.48622E+00,    0.33063E+00,   -0.84067E+00
   -0.12311E-01,   -0.29453E+00,    0.73519E-02,    0.10336E-01
   -0.86476E-01,   -0.12586E+00,    0.77627E-02,    0.10637E-01
   -0.14844E+00,    0.17031E+00,    0.78664E-02,    0.10772E-01
   -0.47938E-01,   -0.22256E+00,    0.75585E-02,    0.10481E-01
    0.19146E-01,   -0.34984E+00,   -0.27877E-02,    0.17040E-02
   -0.15204E+00,    0.25171E+00,    0.77749E-02,    0.10711E-01
   -0.11919E+00,   -0.15701E-01,    0.78889E-02,    0.10752E-01
   -0.11300E+00,   -0.41002E-01,    0.78695E-02,    0.10731E-01
   -0.15209E+00,    0.28352E+00,    0.57977E-02,    0.79060E-02
   -0.14745E+00,    0.15313E+00,    0.78797E-02,    0.10779E-01
   -0.10024E-01,   -0.29983E+00,    0.73351E-02,    0.10324E-01
   -0.13043E+00,    0.34324E-01,    0.79104E-02,    0.10778E-01
   -0.10610E+00,   -0.66130E-01,    0.78447E-02,    0.10708E-01
   -0.83280E-01,   -0.13701E+00,    0.77433E-02,    0.10621E-01
   -0.15258E+00,    0.26362E+00,    0.73788E-02,    0.10125E-01
    0.50254E-01,   -0.39921E+00,   -0.11107E-01,   -0.57289E-02
    0.55423E-01,   -0.40682E+00,   -0.12096E-01,   -0.66911E-02
   -0.72411E-01,   -0.16633E+00,    0.76875E-02,    0.10577E-01
   -0.69259E-01,   -0.17440E+00,    0.76708E-02,    0.10564E-01
    0.61365E-01,   -0.41555E+00,   -0.13112E-01,   -0.77233E-02
   -0.76492E-02,   -0.30510E+00,    0.62672E-02,    0.94075E-02
    0.39025E-01,   -0.38275E+00,   -0.86632E-02,   -0.34638E-02
    0.66570E-01,   -0.42307E+00,   -0.13884E-01,   -0.85462E-02
   -0.15288E+00,    0.25812E+00,    0.77659E-02,    0.10703E-01
   -0.13559E+00,    0.59264E-01,    0.79130E-02,    0.10785E-01
   -0.14538E+00,    0.39320E+00,   -0.44020E-02,   -0.41042E-02
   -0.14449E+00,    0.11902E+00,    0.78995E-02,    0.10787E-01
    0.44267E-01,   -0.39121E+00,   -0.99605E-02,   -0.46624E-02
   -0.14673E+00,    0.38335E+00,   -0.35686E-02,   -0.32292E-02
    0.27138E-01,   -0.36520E+00,   -0.56541E-02,   -0.80508E-03
   -0.14275E+00,    0.10197E+00,    0.79061E-02,    0.10788E-01
    0.91514E-01,   -0.45822E+00,   -0.16021E-01,   -0.11465E-01
   -0.56345E-01,   -0.20921E+00,    0.75914E-02,    0.10502E-01
   -0.13300E+00,    0.48199E+00,    0.71891E+00,   -0.56338E+00
   -0.13390E+00,    0.47743E+00,    0.19623E+00,    0.29913E-02
    0.10545E+00,   -0.47656E+00,   -0.30858E-01,    0.80467E-02
   -0.12916E+00,    0.17179E-01,    0.79044E-02,    0.10767E-01
   -0.14913E+00,    0.37370E+00,   -0.27314E-02,   -0.23764E-02
   -0.15459E+00,    0.27110E+00,    0.67254E-02,    0.91581E-02
   -0.92784E-01,   -0.11620E+00,    0.77769E-02,    0.10646E-01
   -0.12371E+00,   -0.81131E-02,    0.78923E-02,    0.10752E-01
   -0.67327E-01,   -0.18466E+00,    0.76481E-02,    0.10544E-01
    0.84183E-01,   -0.45035E+00,   -0.15800E-01,   -0.10976E-01
   -0.14171E+00,    0.84466E-01,    0.79100E-02,    0.10785E-01
   -0.15464E+00,    0.22952E+00,    0.78045E-02,    0.10726E-01
   -0.10025E+00,   -0.94615E-01,    0.78083E-02,    0.10672E-01
   -0.11812E+00,   -0.32426E-01,    0.78753E-02,    0.10734E-01
   -0.15064E+00,    0.36387E+00,   -0.18401E-02,   -0.14144E-02
   -0.15516E+00,    0.24348E+00,    0.77865E-02,    0.10713E-01
    0.97545E-01,   -0.46857E+00,   -0.15718E-01,   -0.12680E-01
    0.27225E-02,   -0.32910E+00,    0.13747E-02,    0.51997E-02
   -0.13553E+00,    0.42917E-01,    0.79105E-02,    0.10775E-01
   -0.44048E-01,   -0.24047E+00,    0.75108E-02,    0.10442E-01
    0.77504E-01,   -0.44315E+00,   -0.15430E-01,   -0.10446E-01
   -0.17231E-01,   -0.29428E+00,    0.73533E-02,    0.10332E-01
   -0.11232E+00,   -0.58396E-01,    0.78510E-02,    0.10709E-01
    0.11170E+00,   -0.48736E+00,   -0.84768E+00,   -0.35038E+00
    0.10715E-01,   -0.34446E+00,   -0.16861E-02,    0.25580E-02
   -0.40099E-01,   -0.25015E+00,    0.74843E-02,    0.10422E-01
   -0.10487E+00,   -0.84785E-01,    0.78205E-02,    0.10681E-01
   -0.14076E+00,    0.67761E-01,    0.79114E-02,    0.10779E-01
   -0.15033E-01,   -0.29962E+00,    0.73364E-02,    0.10320E-01
   -0.31498E-01,   -0.26804E+00,    0.74331E-02,    0.10386E-01
   -0.15290E+00,    0.35417E+00,   -0.95923E-03,   -0.47775E-03
    0.10803E+00,   -0.48360E+00,   -0.18970E+00,    0.82753E-01
   -0.36025E-01,   -0.25925E+00,    0.74586E-02,    0.10404E-01
   -0.15546E+00,    0.31942E+00,    0.23554E-02,    0.34067E-02
   -0.56026E-01,   -0.21690E+00,    0.75719E-02,    0.10485E-01
   -0.15284E+00,    0.16134E+00,    0.78726E-02,    0.10766E-01
   -0.15131E+00,    0.14392E+00,    0.78848E-02,    0.10773E-01
   -0.12746E-01,   -0.30493E+00,    0.62696E-02,    0.93933E-02
   -0.15718E+00,    0.25553E+00,    0.77699E-02,    0.10698E-01
   -0.15724E+00,    0.25001E+00,    0.77776E-02,    0.10703E-01
   -0.14985E+00,    0.12727E+00,    0.78943E-02,    0.10776E-01
   -0.66271E-01,   -0.19443E+00,    0.76253E-02,    0.10524E-01
   -0.27885E-01,   -0.27719E+00,    0.74060E-02,    0.10366E-01
   -0.15453E+00,    0.34434E+00,   -0.45206E-04,    0.53766E-03
    0.18707E-01,   -0.35983E+00,   -0.46054E-02,    0.52023E-05
   -0.15772E+00,    0.26128E+00,    0.73424E-02,    0.10034E-01
   -0.22978E-01,   -0.28702E+00,    0.73760E-02,    0.10346E-01
   -0.14113E+00,    0.45733E+00,   -0.95228E-02,   -0.94903E-02
   -0.15642E+00,    0.20017E+00,    0.78376E-02,    0.10743E-01
   -0.99687E-01,   -0.10594E+00,    0.77910E-02,    0.10654E-01
   -0.15694E+00,    0.30953E+00,    0.32542E-02,    0.44853E-02
   -0.14844E+00,    0.10985E+00,    0.79018E-02,    0.10778E-01
   -0.12318E+00,   -0.24812E-01,    0.78796E-02,    0.10734E-01
   -0.11685E+00,   -0.49828E-01,    0.78584E-02,    0.10713E-01
   -0.12937E+00,    0.41586E-04,    0.78949E-02,    0.10750E-01
   -0.14489E+00,    0.43803E+00,   -0.75302E-02,   -0.74215E-02
   -0.13483E+00,    0.25359E-01,    0.79053E-02,    0.10763E-01
   -0.13877E+00,    0.47493E+00,   -0.35026E-01,    0.12077E+00
   -0.14023E+00,    0.46740E+00,   -0.34372E-01,   -0.29543E-02
   -0.13783E+00,    0.48063E+00,    0.47311E+00,    0.74984E+00
   -0.14366E+00,    0.44768E+00,   -0.81525E-02,   -0.80374E-02
   -0.10448E-01,   -0.31250E+00,    0.47369E-02,    0.80562E-02
   -0.14709E+00,    0.92969E-01,    0.79067E-02,    0.10777E-01
   -0.15793E+00,    0.20994E+00,    0.78271E-02,    0.10734E-01
   -0.14833E+00,    0.41838E+00,   -0.63349E-02,   -0.62737E-02
    0.26699E-01,   -0.37520E+00,   -0.73033E-02,   -0.24108E-02
   -0.14699E+00,    0.42827E+00,   -0.69675E-02,   -0.68697E-02
   -0.15670E+00,    0.33460E+00,    0.84504E-03,    0.15264E-02
   -0.15843E+00,    0.29964E+00,    0.41230E-02,    0.55593E-02
   -0.11006E+00,   -0.76737E-01,    0.78291E-02,    0.10685E-01
   -0.14050E+00,    0.50780E-01,    0.79099E-02,    0.10770E-01
   -0.84756E-01,   -0.15256E+00,    0.77121E-02,    0.10588E-01
   -0.81300E-01,   -0.16179E+00,    0.76943E-02,    0.10574E-01
   -0.15063E+00,    0.40895E+00,   -0.56806E-02,   -0.56839E-02
   -0.64992E-01,   -0.20424E+00,    0.76018E-02,    0.10503E-01
   -0.57095E-02,   -0.32372E+00,    0.24695E-02,    0.60722E-02
   -0.15991E+00,    0.28975E+00,    0.49545E-02,    0.66223E-02
   -0.15210E+00,    0.39907E+00,   -0.49396E-02,   -0.49519E-02
   -0.15959E+00,    0.21816E+00,    0.78178E-02,    0.10725E-01
   -0.78787E-01,   -0.17147E+00,    0.76743E-02,    0.10557E-01
   -0.52348E-01,   -0.23373E+00,    0.75282E-02,    0.10449E-01
    0.10327E+00,   -0.48389E+00,    0.51506E-01,    0.10965E+00
    0.10681E+00,   -0.48846E+00,   -0.30596E+00,    0.83977E+00
   -0.16073E+00,    0.24792E+00,    0.77805E-02,    0.10698E-01
   -0.15865E+00,    0.18867E+00,    0.78487E-02,    0.10744E-01
   -0.22468E-01,   -0.29463E+00,    0.73526E-02,    0.10326E-01
   -0.15801E+00,    0.17763E+00,    0.78586E-02,    0.10750E-01
   -0.20038E-01,   -0.29933E+00,    0.73378E-02,    0.10316E-01
   -0.14645E+00,    0.75721E-01,    0.79090E-02,    0.10772E-01
   -0.55961E-01,   -0.22676E+00,    0.75462E-02,    0.10462E-01
    0.22826E-02,   -0.33909E+00,   -0.60040E-03,    0.34084E-02
    0.40320E-01,   -0.39966E+00,   -0.11003E-01,   -0.58700E-02
    0.51389E-01,   -0.41595E+00,   -0.12998E-01,   -0.78434E-02
   -0.13413E+00,    0.85189E-02,    0.78976E-02,    0.10749E-01
   -0.90053E-01,   -0.14409E+00,    0.77270E-02,    0.10597E-01
    0.29044E-01,   -0.38318E+00,   -0.85689E-02,   -0.36162E-02
    0.62682E-01,   -0.43226E+00,   -0.14571E-01,   -0.95406E-02
   -0.12232E+00,   -0.41492E-01,    0.78644E-02,    0.10714E-01
    0.45503E-01,   -0.40794E+00,   -0.12065E-01,   -0.69113E-02
   -0.16142E+00,    0.25287E+00,    0.77737E-02,    0.10692E-01
   -0.12864E+00,   -0.16484E-01,    0.78837E-02,    0.10733E-01
    0.34439E-01,   -0.39159E+00,   -0.98574E-02,   -0.48019E-02
   -0.16139E+00,    0.27986E+00,    0.57413E-02,    0.76690E-02
   -0.15444E+00,    0.38962E+00,   -0.41955E-02,   -0.42298E-02
   -0.15668E+00,    0.15230E+00,    0.78782E-02,    0.10760E-01
   -0.18326E-01,   -0.30404E+00,    0.63962E-02,    0.94828E-02
    0.56674E-01,   -0.42436E+00,   -0.13855E-01,   -0.87590E-02
   -0.15513E+00,    0.13560E+00,    0.78885E-02,    0.10765E-01
    0.10275E-01,   -0.35445E+00,   -0.35564E-02,    0.81812E-03
   -0.76635E-01,   -0.18111E+00,    0.76534E-02,    0.10539E-01
    0.67983E-01,   -0.44065E+00,   -0.15218E-01,   -0.10309E-01
   -0.14031E+00,    0.34282E-01,    0.79059E-02,    0.10759E-01
   -0.16207E+00,    0.25861E+00,    0.73523E-02,    0.10021E-01
   -0.15605E+00,    0.37976E+00,   -0.33744E-02,   -0.33745E-02
   -0.11594E+00,   -0.67382E-01,    0.78383E-02,    0.10689E-01
   -0.15383E+00,    0.11827E+00,    0.78970E-02,    0.10768E-01
   -0.14554E+00,    0.59360E-01,    0.79089E-02,    0.10765E-01
   -0.94716E-01,   -0.13536E+00,    0.77418E-02,    0.10607E-01
   -0.14347E+00,    0.47427E+00,   -0.20253E+00,   -0.49869E-01
    0.95703E-01,   -0.47851E+00,   -0.29344E-02,   -0.32184E-01
   -0.14264E+00,    0.47922E+00,   -0.77407E+00,    0.46335E+00
    0.18267E-01,   -0.36982E+00,   -0.63261E-02,   -0.16511E-02
   -0.15272E+00,    0.10120E+00,    0.79028E-02,    0.10767E-01
   -0.15830E+00,    0.37022E+00,   -0.25609E-02,   -0.25371E-02
   -0.98904E-01,   -0.12646E+00,    0.77563E-02,    0.10618E-01
   -0.16382E+00,    0.26632E+00,    0.67172E-02,    0.90382E-02
    0.88132E-01,   -0.47043E+00,   -0.16705E-01,   -0.11028E-01
   -0.16365E+00,    0.22797E+00,    0.78059E-02,    0.10709E-01
   -0.65018E-01,   -0.21414E+00,    0.75771E-02,    0.10480E-01
   -0.74908E-01,   -0.19092E+00,    0.76313E-02,    0.10520E-01
    0.81898E-01,   -0.46274E+00,   -0.16254E-01,   -0.11846E-01
   -0.16000E+00,    0.36038E+00,   -0.16911E-02,   -0.15978E-02
   -0.16404E+00,    0.23677E+00,    0.77950E-02,    0.10701E-01
   -0.13338E+00,   -0.90445E-02,    0.78868E-02,    0.10733E-01
   -0.27055E-01,   -0.29354E+00,    0.73562E-02,    0.10324E-01
   -0.12099E+00,   -0.59107E-01,    0.78458E-02,    0.10692E-01
   -0.15169E+00,    0.84219E-01,    0.79063E-02,    0.10764E-01
   -0.10978E+00,   -0.97160E-01,    0.78000E-02,    0.10652E-01
   -0.16480E+00,    0.24442E+00,    0.77851E-02,    0.10693E-01
   -0.12806E+00,   -0.33348E-01,    0.78694E-02,    0.10714E-01
   -0.13977E+00,    0.16755E-01,    0.78991E-02,    0.10746E-01
   -0.41412E-01,   -0.26711E+00,    0.74356E-02,    0.10378E-01
   -0.16328E+00,    0.32565E+00,    0.15152E-02,    0.21225E-02
   -0.25037E-01,   -0.29895E+00,    0.73394E-02,    0.10312E-01
    0.10190E+00,   -0.48951E+00,    0.83672E+00,    0.27099E+00
   -0.45863E-01,   -0.25828E+00,    0.74608E-02,    0.10396E-01
   -0.37132E-01,   -0.27610E+00,    0.74092E-02,    0.10360E-01
    0.72860E-01,   -0.45271E+00,   -0.15934E-01,   -0.11283E-01
   -0.14534E+00,    0.42219E-01,    0.79059E-02,    0.10755E-01
   -0.61494E-02,   -0.33371E+00,    0.46300E-03,    0.42518E-02
    0.98283E-01,   -0.48565E+00,    0.14924E+00,   -0.11785E+00
   -0.16215E+00,    0.35076E+00,   -0.83936E-03,   -0.68092E-03
   -0.16563E+00,    0.25013E+00,    0.77775E-02,    0.10686E-01
   -0.32414E-01,   -0.28620E+00,    0.73789E-02,    0.10338E-01
   -0.16228E+00,    0.16891E+00,    0.78649E-02,    0.10744E-01
   -0.22928E-01,   -0.30433E+00,    0.62757E-02,    0.93597E-02
   -0.14835E+00,    0.46417E+00,    0.10656E-01,   -0.19606E-01
   -0.16476E+00,    0.31576E+00,    0.24035E-02,    0.31807E-02
   -0.16441E+00,    0.19422E+00,    0.78424E-02,    0.10729E-01
   -0.15027E+00,    0.45441E+00,   -0.81454E-02,   -0.75429E-02
   -0.11492E+00,   -0.85463E-01,    0.78146E-02,    0.10663E-01
   -0.64263E-01,   -0.22145E+00,    0.75585E-02,    0.10464E-01
    0.18427E-02,   -0.34908E+00,   -0.25145E-02,    0.16306E-02
   -0.89826E-01,   -0.15948E+00,    0.76959E-02,    0.10567E-01
   -0.15201E+00,    0.44466E+00,   -0.77116E-02,   -0.77815E-02
   -0.10472E+00,   -0.11784E+00,    0.77688E-02,    0.10624E-01
   -0.15065E+00,    0.66705E-01,    0.79072E-02,    0.10759E-01
   -0.15926E+00,    0.12665E+00,    0.78917E-02,    0.10757E-01
   -0.16547E+00,    0.20413E+00,    0.78324E-02,    0.10722E-01
   -0.16109E+00,    0.14338E+00,    0.78825E-02,    0.10752E-01
   -0.53630E-01,   -0.24591E+00,    0.74947E-02,    0.10418E-01
   -0.16407E+00,    0.34135E+00,    0.90351E-06,    0.24825E-03
   -0.16273E+00,    0.16020E+00,    0.78712E-02,    0.10746E-01
   -0.73893E-01,   -0.20074E+00,    0.76081E-02,    0.10500E-01
   -0.21066E-01,   -0.31040E+00,    0.50662E-02,    0.82776E-02
   -0.13819E+00,   -0.31056E-03,    0.78903E-02,    0.10733E-01
   -0.16625E+00,    0.30587E+00,    0.32695E-02,    0.42423E-02
   -0.15435E+00,    0.43501E+00,   -0.73582E-02,   -0.73765E-02
   -0.14827E+00,    0.47205E+00,    0.25250E-01,   -0.15563E+00
   -0.16753E+00,    0.25787E+00,    0.71761E-02,    0.97044E-02
   -0.14744E+00,    0.47777E+00,   -0.44104E+00,   -0.79920E+00
    0.98347E-02,   -0.36444E+00,   -0.53387E-02,   -0.88516E-03
   -0.13300E+00,   -0.25441E-01,    0.78740E-02,    0.10715E-01
   -0.15636E+00,    0.42523E+00,   -0.67990E-02,   -0.69722E-02
   -0.15842E+00,    0.10941E+00,    0.78985E-02,    0.10757E-01
   -0.12681E+00,   -0.50284E-01,    0.78528E-02,    0.10694E-01
   -0.15789E+00,    0.41572E+00,   -0.61924E-02,   -0.64799E-02
   -0.14481E+00,    0.25369E-01,    0.79005E-02,    0.10743E-01
   -0.16726E+00,    0.21181E+00,    0.78240E-02,    0.10713E-01
   -0.61979E-01,   -0.23116E+00,    0.75334E-02,    0.10444E-01
   -0.16773E+00,    0.29598E+00,    0.41055E-02,    0.53001E-02
   -0.88402E-01,   -0.16882E+00,    0.76766E-02,    0.10549E-01
   -0.94738E-01,   -0.15287E+00,    0.77076E-02,    0.10573E-01
   -0.12005E+00,   -0.76931E-01,    0.78238E-02,    0.10667E-01
   -0.15695E+00,    0.92174E-01,    0.79031E-02,    0.10756E-01
    0.17827E-01,   -0.37981E+00,   -0.79374E-02,   -0.32498E-02
   -0.15046E+00,    0.50756E-01,    0.79054E-02,    0.10750E-01
   -0.32272E-01,   -0.29373E+00,    0.73558E-02,    0.10318E-01
   -0.81861E-01,   -0.18713E+00,    0.76379E-02,    0.10519E-01
   -0.16017E+00,    0.40600E+00,   -0.55254E-02,   -0.59052E-02
   -0.16908E+00,    0.24235E+00,    0.77876E-02,    0.10686E-01
    0.36468E-01,   -0.40864E+00,   -0.12021E-01,   -0.70931E-02
   -0.30029E-01,   -0.29849E+00,    0.73410E-02,    0.10308E-01
    0.93547E-01,   -0.48586E+00,   -0.89599E-01,   -0.12952E+00
   -0.16922E+00,    0.28609E+00,    0.49043E-02,    0.63482E-02
   -0.16167E+00,    0.39643E+00,   -0.48177E-02,   -0.52127E-02
   -0.11064E+00,   -0.10982E+00,    0.77794E-02,    0.10629E-01
   -0.16898E+00,    0.22149E+00,    0.78130E-02,    0.10703E-01
    0.96992E-01,   -0.49050E+00,    0.21854E+00,   -0.88000E+00
   -0.73377E-01,   -0.20885E+00,    0.75883E-02,    0.10482E-01
    0.41718E-01,   -0.41713E+00,   -0.12981E-01,   -0.80744E-02
   -0.16978E+00,    0.24733E+00,    0.77810E-02,    0.10680E-01
    0.46739E-01,   -0.42451E+00,   -0.13729E-01,   -0.88618E-02
    0.30435E-01,   -0.40073E+00,   -0.11011E-01,   -0.61289E-02
    0.52808E-01,   -0.43324E+00,   -0.14509E-01,   -0.97199E-02
    0.24453E-01,   -0.39206E+00,   -0.98039E-02,   -0.49946E-02
    0.58056E-01,   -0.44080E+00,   -0.15101E-01,   -0.10399E-01
   -0.14581E-01,   -0.32833E+00,    0.14946E-02,    0.50847E-02
   -0.15584E+00,    0.75234E-01,    0.79051E-02,    0.10752E-01
   -0.16786E+00,    0.17927E+00,    0.78553E-02,    0.10729E-01
   -0.17062E+00,    0.25305E+00,    0.73728E-02,    0.99967E-02
   -0.16400E+00,    0.38672E+00,   -0.40671E-02,   -0.44798E-02
   -0.17070E+00,    0.27620E+00,    0.56581E-02,    0.73816E-02
   -0.99988E-01,   -0.14460E+00,    0.77218E-02,    0.10581E-01
   -0.65892E-02,   -0.34370E+00,   -0.14869E-02,    0.24391E-02
   -0.14403E+00,    0.77264E-02,    0.78922E-02,    0.10729E-01
    0.63145E-01,   -0.44939E+00,   -0.15690E-01,   -0.11106E-01
   -0.13214E+00,   -0.42443E-01,    0.78583E-02,    0.10695E-01
   -0.16560E+00,    0.37698E+00,   -0.32724E-02,   -0.36469E-02
   -0.13877E+00,   -0.17339E-01,    0.78777E-02,    0.10713E-01
   -0.16662E+00,    0.15168E+00,    0.78759E-02,    0.10739E-01
    0.86424E-01,   -0.48047E+00,   -0.28231E-01,    0.90218E-02
   -0.16506E+00,    0.13476E+00,    0.78859E-02,    0.10744E-01
   -0.15299E+00,    0.47054E+00,    0.13218E+00,    0.41591E-01
   -0.28557E-01,   -0.30647E+00,    0.57506E-02,    0.88609E-02
   -0.12581E+00,   -0.67850E-01,    0.78326E-02,    0.10671E-01
   -0.15027E+00,    0.33668E-01,    0.79009E-02,    0.10738E-01
    0.14028E-02,   -0.35907E+00,   -0.43501E-02,   -0.11673E-03
   -0.15222E+00,    0.47627E+00,    0.77437E+00,   -0.43443E+00
   -0.17219E+00,    0.26631E+00,    0.63618E-02,    0.83945E-02
   -0.17186E+00,    0.23116E+00,    0.78014E-02,    0.10689E-01
   -0.17005E+00,    0.18832E+00,    0.78469E-02,    0.10720E-01
   -0.10469E+00,   -0.13580E+00,    0.77365E-02,    0.10591E-01
   -0.16379E+00,    0.11774E+00,    0.78937E-02,    0.10746E-01
   -0.87896E-01,   -0.18071E+00,    0.76506E-02,    0.10524E-01
   -0.15521E+00,    0.58090E-01,    0.79044E-02,    0.10744E-01
    0.78683E-01,   -0.47210E+00,   -0.15949E-01,   -0.13736E-01
   -0.36848E-01,   -0.29247E+00,    0.73596E-02,    0.10317E-01
   -0.62311E-01,   -0.24102E+00,    0.75068E-02,    0.10419E-01
   -0.16783E+00,    0.36724E+00,   -0.24622E-02,   -0.28051E-02
   -0.17287E+00,    0.23877E+00,    0.77919E-02,    0.10681E-01
    0.72100E-01,   -0.46460E+00,   -0.16458E-01,   -0.12141E-01
    0.93948E-02,   -0.37443E+00,   -0.70180E-02,   -0.25353E-02
   -0.16267E+00,    0.10036E+00,    0.78992E-02,    0.10746E-01
   -0.35012E-01,   -0.29795E+00,    0.73427E-02,    0.10304E-01
   -0.16953E+00,    0.35746E+00,   -0.16200E-02,   -0.18879E-02
   -0.82629E-01,   -0.19707E+00,    0.76142E-02,    0.10496E-01
   -0.11720E+00,   -0.10290E+00,    0.77873E-02,    0.10630E-01
   -0.17209E+00,    0.19678E+00,    0.78386E-02,    0.10712E-01
   -0.51370E-01,   -0.26659E+00,    0.74362E-02,    0.10368E-01
   -0.12018E+00,   -0.93747E-01,    0.77998E-02,    0.10640E-01
   -0.14327E+00,   -0.88951E-02,    0.78818E-02,    0.10713E-01
   -0.14885E+00,    0.16471E-01,    0.78944E-02,    0.10727E-01
   -0.17389E+00,    0.24446E+00,    0.77845E-02,    0.10674E-01
   -0.73829E-01,   -0.21881E+00,    0.75630E-02,    0.10458E-01
    0.92070E-01,   -0.49145E+00,   -0.88466E+00,   -0.23780E+00
   -0.15684E+00,    0.46209E+00,   -0.26427E-01,    0.84445E-02
   -0.17405E+00,    0.24997E+00,    0.74288E-02,    0.10066E-01
   -0.17259E+00,    0.32199E+00,    0.15666E-02,    0.18683E-02
    0.88594E-01,   -0.48755E+00,   -0.17725E+00,    0.10386E+00
   -0.33085E-01,   -0.30340E+00,    0.62834E-02,    0.93323E-02
   -0.13762E+00,   -0.34086E-01,    0.78636E-02,    0.10695E-01
   -0.13097E+00,   -0.59360E-01,    0.78402E-02,    0.10674E-01
   -0.11004E+00,   -0.12770E+00,    0.77489E-02,    0.10597E-01
   -0.16163E+00,    0.83354E-01,    0.79022E-02,    0.10743E-01
   -0.15935E+00,    0.45131E+00,   -0.71059E-02,   -0.84800E-02
    0.17387E-01,   -0.38980E+00,   -0.94192E-02,   -0.47710E-02
   -0.23013E-01,   -0.32296E+00,    0.24962E-02,    0.59082E-02
   -0.17167E+00,    0.34770E+00,   -0.78438E-03,   -0.97944E-03
   -0.17407E+00,    0.31210E+00,    0.24226E-02,    0.29094E-02
   -0.15530E+00,    0.42275E-01,    0.79011E-02,    0.10734E-01
   -0.16149E+00,    0.44156E+00,   -0.77929E-02,   -0.76063E-02
   -0.15021E-01,   -0.33832E+00,   -0.48080E-03,    0.32403E-02
   -0.71516E-01,   -0.22822E+00,    0.75391E-02,    0.10438E-01
   -0.12473E+00,   -0.85713E-01,    0.78092E-02,    0.10645E-01
   -0.44079E-01,   -0.28566E+00,    0.73802E-02,    0.10327E-01
   -0.17191E+00,    0.16195E+00,    0.78675E-02,    0.10725E-01
   -0.17342E+00,    0.33788E+00,    0.69668E-04,   -0.12706E-04
   -0.16378E+00,    0.43191E+00,   -0.72029E-02,   -0.74788E-02
   -0.11464E+00,   -0.11885E+00,    0.77622E-02,    0.10606E-01
   -0.50333E-01,   -0.27432E+00,    0.74137E-02,    0.10349E-01
   -0.17556E+00,    0.30221E+00,    0.32565E-02,    0.39525E-02
   -0.98950E-01,   -0.16323E+00,    0.76844E-02,    0.10545E-01
   -0.16058E+00,    0.66449E-01,    0.79027E-02,    0.10737E-01
   -0.15698E+00,    0.47472E+00,    0.41768E+00,    0.78346E+00
   -0.70291E-02,   -0.35369E+00,   -0.33674E-02,    0.65098E-03
   -0.82473E-01,   -0.20476E+00,    0.75957E-02,    0.10478E-01
   -0.17522E+00,    0.20582E+00,    0.78290E-02,    0.10700E-01
   -0.59265E-01,   -0.25682E+00,    0.74633E-02,    0.10383E-01
   -0.16567E+00,    0.42186E+00,   -0.66114E-02,   -0.71830E-02
   -0.15819E+00,    0.46957E+00,   -0.81487E-01,    0.17457E+00
   -0.17094E+00,    0.14269E+00,    0.78798E-02,    0.10731E-01
   -0.16715E+00,    0.41199E+00,   -0.59862E-02,   -0.66858E-02
   -0.17696E+00,    0.25778E+00,    0.67805E-02,    0.89764E-02
   -0.16944E+00,    0.12598E+00,    0.78884E-02,    0.10734E-01
   -0.17628E+00,    0.21572E+00,    0.78184E-02,    0.10691E-01
   -0.42286E-01,   -0.29231E+00,    0.73600E-02,    0.10311E-01
   -0.17708E+00,    0.23657E+00,    0.77941E-02,    0.10674E-01
   -0.17420E+00,    0.17166E+00,    0.78598E-02,    0.10717E-01
   -0.17704E+00,    0.29232E+00,    0.40607E-02,    0.49924E-02
   -0.14275E+00,   -0.26463E-01,    0.78678E-02,    0.10694E-01
    0.96292E-03,   -0.36906E+00,   -0.60925E-02,   -0.18173E-02
   -0.39986E-01,   -0.29732E+00,    0.73446E-02,    0.10300E-01
   -0.16802E+00,    0.10878E+00,    0.78950E-02,    0.10736E-01
   -0.14895E+00,   -0.67973E-03,    0.78844E-02,    0.10710E-01
    0.62117E-01,   -0.45899E+00,   -0.16242E-01,   -0.11880E-01
   -0.37556E-01,   -0.30227E+00,    0.64092E-02,    0.94342E-02
   -0.10452E+00,   -0.15253E+00,    0.77041E-02,    0.10558E-01
   -0.15453E+00,    0.24689E-01,    0.78952E-02,    0.10722E-01
   -0.13674E+00,   -0.51276E-01,    0.78463E-02,    0.10674E-01
   -0.16948E+00,    0.40256E+00,   -0.53450E-02,   -0.61274E-02
   -0.17795E+00,    0.24152E+00,    0.77879E-02,    0.10667E-01
    0.83788E-01,   -0.48764E+00,    0.67513E-01,    0.98186E-01
    0.31789E-01,   -0.41746E+00,   -0.12901E-01,   -0.82325E-02
   -0.17093E+00,    0.39269E+00,   -0.46211E-02,   -0.53973E-02
    0.42836E-01,   -0.43370E+00,   -0.14400E-01,   -0.98562E-02
    0.87139E-01,   -0.49235E+00,   -0.18783E+00,    0.86976E+00
   -0.16010E+00,    0.49719E-01,    0.79005E-02,    0.10729E-01
    0.20302E-01,   -0.40143E+00,   -0.11001E-01,   -0.63729E-02
    0.36838E-01,   -0.42579E+00,   -0.13715E-01,   -0.91064E-02
    0.54145E-01,   -0.44998E+00,   -0.15561E-01,   -0.11224E-01
   -0.17852E+00,    0.28243E+00,    0.48287E-02,    0.60239E-02
    0.25606E-01,   -0.40962E+00,   -0.12018E-01,   -0.73647E-02
    0.48160E-01,   -0.44208E+00,   -0.15018E-01,   -0.10593E-01
    0.89550E-02,   -0.38442E+00,   -0.85733E-02,   -0.41112E-02
   -0.13078E+00,   -0.76510E-01,    0.78186E-02,    0.10648E-01
   -0.17898E+00,    0.24721E+00,    0.73937E-02,    0.99699E-02
   -0.90805E-01,   -0.19154E+00,    0.76245E-02,    0.10496E-01
   -0.12040E+00,   -0.11131E+00,    0.77720E-02,    0.10609E-01
   -0.81522E-01,   -0.21460E+00,    0.75715E-02,    0.10457E-01
   -0.31445E-01,   -0.31758E+00,    0.34508E-02,    0.67087E-02
   -0.17334E+00,    0.38326E+00,   -0.39060E-02,   -0.46956E-02
   -0.16539E+00,    0.75172E-01,    0.79007E-02,    0.10731E-01
   -0.71386E-01,   -0.23861E+00,    0.75114E-02,    0.10413E-01
   -0.17948E+00,    0.22529E+00,    0.78072E-02,    0.10677E-01
   -0.18001E+00,    0.27254E+00,    0.55553E-02,    0.70416E-02
   -0.10996E+00,   -0.14421E+00,    0.77180E-02,    0.10565E-01
   -0.23453E-01,   -0.33295E+00,    0.49778E-03,    0.40309E-02
   -0.14770E+00,   -0.17795E-01,    0.78724E-02,    0.10694E-01
   -0.17493E+00,    0.37339E+00,   -0.31171E-02,   -0.38575E-02
   -0.98534E-01,   -0.17542E+00,    0.76582E-02,    0.10520E-01
   -0.17767E+00,    0.18059E+00,    0.78517E-02,    0.10707E-01
    0.76444E-01,   -0.48196E+00,   -0.59702E-02,   -0.34725E-01
   -0.16239E+00,    0.46738E+00,   -0.13630E+00,   -0.60333E-01
   -0.36491E-01,   -0.31054E+00,    0.47719E-02,    0.79064E-02
   -0.15396E+00,    0.78969E-02,    0.78870E-02,    0.10708E-01
   -0.16173E+00,    0.47312E+00,   -0.82256E+00,    0.37522E+00
    0.69202E-01,   -0.47358E+00,   -0.17149E-01,   -0.11500E-01
   -0.15461E-01,   -0.34831E+00,   -0.23978E-02,    0.14143E-02
   -0.14209E+00,   -0.43021E-01,    0.78522E-02,    0.10675E-01
   -0.46534E-01,   -0.29213E+00,    0.73602E-02,    0.10306E-01
   -0.12501E+00,   -0.10244E+00,    0.77839E-02,    0.10616E-01
   -0.18075E+00,    0.23286E+00,    0.77981E-02,    0.10668E-01
   -0.11438E+00,   -0.13532E+00,    0.77328E-02,    0.10575E-01
   -0.13574E+00,   -0.67849E-01,    0.78271E-02,    0.10652E-01
   -0.16977E+00,    0.92367E-01,    0.78976E-02,    0.10728E-01
   -0.17109E+00,    0.10152E+00,    0.78954E-02,    0.10727E-01
   -0.17496E+00,    0.13357E+00,    0.78830E-02,    0.10722E-01
   -0.44949E-01,   -0.29661E+00,    0.73465E-02,    0.10296E-01
   -0.17963E+00,    0.19037E+00,    0.78428E-02,    0.10698E-01
   -0.17721E+00,    0.36383E+00,   -0.23434E-02,   -0.30511E-02
    0.63676E-01,   -0.46787E+00,   -0.16921E-01,   -0.12460E-01
   -0.16023E+00,    0.32887E-01,    0.78955E-02,    0.10717E-01
   -0.74690E-02,   -0.36368E+00,   -0.51630E-02,   -0.10958E-02
   -0.18196E+00,    0.23851E+00,    0.77911E-02,    0.10661E-01
   -0.16513E+00,    0.58278E-01,    0.78996E-02,    0.10723E-01
   -0.18214E+00,    0.24362E+00,    0.74778E-02,    0.10096E-01
   -0.17374E+00,    0.11696E+00,    0.78901E-02,    0.10724E-01
   -0.18041E+00,    0.32822E+00,    0.74694E-03,    0.56315E-03
   -0.80443E-01,   -0.22445E+00,    0.75466E-02,    0.10435E-01
   -0.18104E+00,    0.20016E+00,    0.78334E-02,    0.10690E-01
   -0.16596E+00,    0.45899E+00,    0.10195E-01,   -0.23278E-01
   -0.17060E+00,    0.42924E+00,   -0.70334E-02,   -0.77138E-02
   -0.43204E-01,   -0.30212E+00,    0.62904E-02,    0.93026E-02
    0.82199E-01,   -0.49320E+00,    0.86734E+00,    0.15167E+00
    0.78735E-01,   -0.48920E+00,    0.13332E+00,   -0.14052E+00
   -0.16836E+00,    0.44802E+00,   -0.95166E-02,   -0.68887E-02
    0.52303E-03,   -0.37905E+00,   -0.77301E-02,   -0.34571E-02
   -0.18189E+00,    0.31833E+00,    0.15883E-02,    0.15737E-02
   -0.13012E+00,   -0.94119E-01,    0.77939E-02,    0.10621E-01
   -0.91697E-01,   -0.20098E+00,    0.76017E-02,    0.10473E-01
   -0.60251E-01,   -0.27071E+00,    0.74231E-02,    0.10346E-01
   -0.15318E+00,   -0.97245E-02,    0.78756E-02,    0.10692E-01
   -0.17925E+00,    0.15517E+00,    0.78697E-02,    0.10710E-01
   -0.15878E+00,    0.15646E-01,    0.78886E-02,    0.10705E-01
   -0.70323E-01,   -0.25040E+00,    0.74792E-02,    0.10385E-01
   -0.11999E+00,   -0.12715E+00,    0.77449E-02,    0.10581E-01
   -0.14065E+00,   -0.60411E-01,    0.78335E-02,    0.10653E-01
   -0.18338E+00,    0.30844E+00,    0.24134E-02,    0.25932E-02
   -0.17106E+00,    0.43873E+00,   -0.75226E-02,   -0.76751E-02
   -0.18339E+00,    0.20971E+00,    0.78234E-02,    0.10679E-01
   -0.51458E-01,   -0.29026E+00,    0.73656E-02,    0.10305E-01
   -0.14794E+00,   -0.34925E-01,    0.78570E-02,    0.10673E-01
   -0.17424E+00,    0.41902E+00,   -0.64674E-02,   -0.75196E-02
   -0.55547E-01,   -0.28293E+00,    0.73874E-02,    0.10320E-01
   -0.31885E-01,   -0.32757E+00,    0.14417E-02,    0.48061E-02
   -0.12411E+00,   -0.11817E+00,    0.77585E-02,    0.10590E-01
   -0.16498E+00,    0.41303E-01,    0.78958E-02,    0.10712E-01
   -0.16647E+00,    0.47147E+00,   -0.38423E+00,   -0.82430E+00
   -0.18512E+00,    0.24911E+00,    0.69996E-02,    0.92433E-02
   -0.18144E+00,    0.16492E+00,    0.78625E-02,    0.10703E-01
   -0.13471E+00,   -0.85308E-01,    0.78042E-02,    0.10627E-01
   -0.10919E+00,   -0.16135E+00,    0.76838E-02,    0.10532E-01
   -0.18489E+00,    0.23052E+00,    0.78002E-02,    0.10661E-01
   -0.16755E+00,    0.46633E+00,    0.78137E-01,   -0.18565E+00
   -0.18486E+00,    0.29855E+00,    0.32160E-02,    0.36156E-02
   -0.23893E-01,   -0.34294E+00,   -0.14480E-02,    0.21698E-02
   -0.49899E-01,   -0.29582E+00,    0.73486E-02,    0.10292E-01
   -0.99762E-01,   -0.18738E+00,    0.76307E-02,    0.10491E-01
   -0.90256E-01,   -0.21085E+00,    0.75780E-02,    0.10453E-01
   -0.17042E+00,    0.66576E-01,    0.78979E-02,    0.10716E-01
   -0.18050E+00,    0.14458E+00,    0.78754E-02,    0.10709E-01
   -0.17290E+00,    0.81913E-01,    0.78970E-02,    0.10717E-01
   -0.18593E+00,    0.23544E+00,    0.77942E-02,    0.10655E-01
   -0.80371E-01,   -0.23437E+00,    0.75205E-02,    0.10411E-01
   -0.18330E+00,    0.17464E+00,    0.78548E-02,    0.10696E-01
   -0.17701E+00,    0.40977E+00,   -0.58957E-02,   -0.70824E-02
   -0.15901E-01,   -0.35830E+00,   -0.42390E-02,   -0.37583E-03
    0.27897E-01,   -0.42659E+00,   -0.13696E-01,   -0.93088E-02
   -0.18635E+00,    0.28866E+00,    0.39895E-02,    0.46358E-02
   -0.15815E+00,   -0.10636E-02,    0.78789E-02,    0.10691E-01
    0.16646E-01,   -0.41048E+00,   -0.12051E-01,   -0.76253E-02
    0.73995E-01,   -0.48922E+00,   -0.10538E+00,   -0.11981E+00
   -0.17920E+00,    0.12468E+00,    0.78851E-02,    0.10712E-01
   -0.48667E-01,   -0.30068E+00,    0.64195E-02,    0.94041E-02
   -0.18670E+00,    0.24174E+00,    0.73913E-02,    0.99107E-02
   -0.16369E+00,    0.24350E-01,    0.78901E-02,    0.10702E-01
    0.33216E-01,   -0.43503E+00,   -0.14377E-01,   -0.10091E-01
   -0.14602E+00,   -0.52030E-01,    0.78401E-02,    0.10654E-01
    0.21974E-01,   -0.41892E+00,   -0.12963E-01,   -0.85507E-02
    0.38233E-01,   -0.44225E+00,   -0.14871E-01,   -0.10695E-01
   -0.17902E+00,    0.39964E+00,   -0.52147E-02,   -0.64277E-02
   -0.15267E+00,   -0.26448E-01,    0.78621E-02,    0.10674E-01
    0.77251E-01,   -0.49400E+00,    0.99141E-01,   -0.90530E+00
    0.44277E-01,   -0.45090E+00,   -0.15372E-01,   -0.11352E-01
   -0.11445E+00,   -0.15287E+00,    0.76987E-02,    0.10540E-01
   -0.10744E+00,   -0.17216E+00,    0.76615E-02,    0.10512E-01
    0.10542E-01,   -0.40253E+00,   -0.11088E-01,   -0.67095E-02
   -0.79089E-02,   -0.37367E+00,   -0.68590E-02,   -0.27849E-02
   -0.18052E+00,    0.39012E+00,   -0.45318E-02,   -0.57219E-02
   -0.17800E+00,    0.10829E+00,    0.78908E-02,    0.10713E-01
    0.49844E-02,   -0.39424E+00,   -0.99779E-02,   -0.56631E-02
   -0.18692E+00,    0.21916E+00,    0.78127E-02,    0.10665E-01
    0.49779E-01,   -0.45923E+00,   -0.15834E-01,   -0.11954E-01
   -0.13995E+00,   -0.76871E-01,    0.78129E-02,    0.10630E-01
   -0.18783E+00,    0.27877E+00,    0.47282E-02,    0.56491E-02
    0.55265E-01,   -0.46728E+00,   -0.16528E-01,   -0.12632E-01
   -0.98443E-01,   -0.19716E+00,    0.76083E-02,    0.10471E-01
   -0.56301E-01,   -0.28936E+00,    0.73678E-02,    0.10301E-01
   -0.17004E+00,    0.49854E-01,    0.78954E-02,    0.10707E-01
   -0.70046E-01,   -0.26186E+00,    0.74469E-02,    0.10356E-01
   -0.11893E+00,   -0.14420E+00,    0.77136E-02,    0.10550E-01
   -0.13038E+00,   -0.11081E+00,    0.77675E-02,    0.10592E-01
    0.66966E-01,   -0.48369E+00,   -0.25866E-01,    0.11083E-01
   -0.18843E+00,    0.22669E+00,    0.78040E-02,    0.10656E-01
   -0.18292E+00,    0.38043E+00,   -0.38147E-02,   -0.50034E-02
   -0.18526E+00,    0.35423E+00,   -0.16931E-02,   -0.26134E-02
   -0.89337E-01,   -0.22070E+00,    0.75534E-02,    0.10431E-01
   -0.17173E+00,    0.46403E+00,    0.11601E+00,    0.53547E-01
    0.59694E-01,   -0.47487E+00,   -0.18106E-01,   -0.14186E-01
   -0.18931E+00,    0.26888E+00,    0.54261E-02,    0.66526E-02
   -0.18708E+00,    0.18388E+00,    0.78463E-02,    0.10684E-01
   -0.17119E+00,    0.46978E+00,    0.82930E+00,   -0.33604E+00
   -0.18449E+00,    0.37062E+00,   -0.30538E-02,   -0.41895E-02
   -0.40317E-01,   -0.32220E+00,    0.23428E-02,    0.55598E-02
   -0.54835E-01,   -0.29495E+00,    0.73508E-02,    0.10288E-01
   -0.17522E+00,    0.73713E-01,    0.78959E-02,    0.10708E-01
   -0.18675E+00,    0.34434E+00,   -0.87099E-03,   -0.16808E-02
   -0.13476E+00,   -0.10188E+00,    0.77794E-02,    0.10599E-01
   -0.18983E+00,    0.23230E+00,    0.77972E-02,    0.10648E-01
   -0.32325E-01,   -0.33756E+00,   -0.52484E-03,    0.29133E-02
   -0.18857E+00,    0.19365E+00,    0.78375E-02,    0.10676E-01
   -0.79729E-01,   -0.24569E+00,    0.74899E-02,    0.10383E-01
   -0.18823E+00,    0.33445E+00,   -0.45724E-04,   -0.72333E-03
   -0.19035E+00,    0.23778E+00,    0.74626E-02,    0.10015E-01
   -0.16390E+00,    0.70800E-02,    0.78808E-02,    0.10686E-01
   -0.15833E+00,   -0.18224E-01,    0.78659E-02,    0.10672E-01
   -0.17805E+00,    0.43515E+00,   -0.72381E-02,   -0.83394E-02
   -0.15199E+00,   -0.44056E-01,    0.78453E-02,    0.10653E-01
   -0.12428E+00,   -0.13578E+00,    0.77269E-02,    0.10557E-01
   -0.19080E+00,    0.25900E+00,    0.60773E-02,    0.76378E-02
   -0.53276E-01,   -0.30051E+00,    0.63027E-02,    0.92757E-02
   -0.18017E+00,    0.99214E-01,    0.78917E-02,    0.10706E-01
   -0.24333E-01,   -0.35293E+00,   -0.33268E-02,    0.33945E-03
   -0.17511E+00,    0.45560E+00,   -0.30082E-01,    0.67721E-02
   -0.17971E+00,    0.42541E+00,   -0.68537E-02,   -0.82315E-02
   -0.14565E+00,   -0.68869E-01,    0.78201E-02,    0.10631E-01
   -0.10777E+00,   -0.18213E+00,    0.76393E-02,    0.10490E-01
   -0.18972E+00,    0.32456E+00,    0.77259E-03,    0.24823E-03
   -0.17731E+00,    0.44455E+00,   -0.65644E-02,   -0.75523E-02
    0.72295E-01,   -0.49475E+00,   -0.90720E+00,   -0.12022E+00
   -0.19030E+00,    0.20346E+00,    0.78279E-02,    0.10667E-01
   -0.17015E+00,    0.32835E-01,    0.78900E-02,    0.10695E-01
    0.68952E-01,   -0.49074E+00,   -0.16184E+00,    0.12476E+00
   -0.18539E+00,    0.13586E+00,    0.78778E-02,    0.10698E-01
   -0.16341E-01,   -0.36830E+00,   -0.59892E-02,   -0.21139E-02
   -0.12845E+00,   -0.12709E+00,    0.77405E-02,    0.10565E-01
   -0.88841E-01,   -0.22921E+00,    0.75315E-02,    0.10411E-01
   -0.17508E+00,    0.57771E-01,    0.78943E-02,    0.10700E-01
   -0.61128E-01,   -0.28838E+00,    0.73701E-02,    0.10297E-01
   -0.19120E+00,    0.31467E+00,    0.15825E-02,    0.12354E-02
   -0.65486E-01,   -0.28049E+00,    0.73932E-02,    0.10313E-01
   -0.69710E-01,   -0.27199E+00,    0.74175E-02,    0.10330E-01
   -0.14003E+00,   -0.93456E-01,    0.77893E-02,    0.10603E-01
   -0.18940E+00,    0.16844E+00,    0.78573E-02,    0.10683E-01
   -0.99452E-01,   -0.20699E+00,    0.75842E-02,    0.10447E-01
   -0.19249E+00,    0.22421E+00,    0.78058E-02,    0.10648E-01
   -0.83488E-02,   -0.38366E+00,   -0.84381E-02,   -0.43980E-02
   -0.15671E+00,   -0.35278E-01,    0.78514E-02,    0.10654E-01
   -0.11454E+00,   -0.16980E+00,    0.76633E-02,    0.10505E-01
   -0.18896E+00,    0.15834E+00,    0.78643E-02,    0.10687E-01
   -0.52007E-01,   -0.30832E+00,    0.47973E-02,    0.78228E-02
   -0.16312E+00,   -0.97232E-02,    0.78698E-02,    0.10671E-01
   -0.19268E+00,    0.30478E+00,    0.23765E-02,    0.22316E-02
   -0.59756E-01,   -0.29399E+00,    0.73531E-02,    0.10284E-01
   -0.16876E+00,    0.15735E-01,    0.78829E-02,    0.10683E-01
   -0.15046E+00,   -0.60944E-01,    0.78270E-02,    0.10632E-01
   -0.17589E+00,    0.46804E+00,    0.31190E+00,    0.83097E+00
   -0.19378E+00,    0.24538E+00,    0.68477E-02,    0.88779E-02
   -0.18551E+00,    0.11771E+00,    0.78848E-02,    0.10697E-01
   -0.10675E+00,   -0.19165E+00,    0.76179E-02,    0.10470E-01
   -0.17686E+00,    0.46288E+00,   -0.10684E+00,    0.16479E+00
   -0.19369E+00,    0.22910E+00,    0.78001E-02,    0.10642E-01
   -0.13376E+00,   -0.11872E+00,    0.77522E-02,    0.10571E-01
   -0.58411E-01,   -0.29851E+00,    0.65141E-02,    0.94622E-02
   -0.48749E-01,   -0.31682E+00,    0.31988E-02,    0.62936E-02
   -0.19417E+00,    0.29489E+00,    0.31485E-02,    0.32313E-02
   -0.14443E+00,   -0.85737E-01,    0.77979E-02,    0.10607E-01
   -0.40757E-01,   -0.33219E+00,    0.36498E-03,    0.36402E-02
   -0.19418E+00,    0.21273E+00,    0.78176E-02,    0.10652E-01
   -0.11973E+00,   -0.16134E+00,    0.76787E-02,    0.10513E-01
   -0.87987E-01,   -0.23900E+00,    0.75057E-02,    0.10388E-01
   -0.17557E+00,    0.42012E-01,    0.78901E-02,    0.10689E-01
   -0.79200E-01,   -0.25844E+00,    0.74545E-02,    0.10351E-01
    0.64172E-01,   -0.49061E+00,    0.77160E-01,    0.80935E-01
    0.23311E-01,   -0.43545E+00,   -0.14328E-01,   -0.10263E-01
   -0.19509E+00,    0.23470E+00,    0.74301E-02,    0.99159E-02
   -0.18332E+00,    0.88836E-01,    0.78915E-02,    0.10695E-01
   -0.32765E-01,   -0.34755E+00,   -0.24330E-02,    0.10463E-02
    0.12058E-01,   -0.41934E+00,   -0.12957E-01,   -0.87834E-02
    0.34447E-01,   -0.45148E+00,   -0.15207E-01,   -0.11465E-01
   -0.98106E-01,   -0.21687E+00,    0.75601E-02,    0.10426E-01
    0.67332E-01,   -0.49545E+00,   -0.65279E-01,    0.88221E+00
   -0.18060E+00,    0.67942E-01,    0.78926E-02,    0.10693E-01
   -0.19565E+00,    0.28500E+00,    0.38925E-02,    0.42297E-02
    0.17154E-01,   -0.42760E+00,   -0.13715E-01,   -0.95881E-02
    0.28360E-01,   -0.44367E+00,   -0.14838E-01,   -0.10923E-01
   -0.18833E+00,    0.39623E+00,   -0.50567E-02,   -0.66735E-02
   -0.18551E+00,    0.41936E+00,   -0.65430E-02,   -0.82755E-02
    0.39876E-01,   -0.45986E+00,   -0.15456E-01,   -0.11967E-01
   -0.19319E+00,    0.17603E+00,    0.78505E-02,    0.10672E-01
    0.60175E-02,   -0.41140E+00,   -0.12116E-01,   -0.79617E-02
    0.61407E-03,   -0.40322E+00,   -0.11146E-01,   -0.70248E-02
   -0.18976E+00,    0.38636E+00,   -0.43623E-02,   -0.59304E-02
   -0.24773E-01,   -0.36292E+00,   -0.51233E-02,   -0.14442E-02
   -0.12439E+00,   -0.15251E+00,    0.76944E-02,    0.10523E-01
   -0.19590E+00,    0.22027E+00,    0.78093E-02,    0.10643E-01
   -0.66310E-01,   -0.28796E+00,    0.73705E-02,    0.10291E-01
    0.45133E-01,   -0.46799E+00,   -0.15590E-01,   -0.12401E-01
   -0.53856E-02,   -0.39523E+00,   -0.10104E-01,   -0.60601E-02
   -0.15624E+00,   -0.51838E-01,    0.78341E-02,    0.10633E-01
   -0.19156E+00,    0.14557E+00,    0.78705E-02,    0.10683E-01
   -0.16257E+00,   -0.27261E-01,    0.78554E-02,    0.10652E-01
   -0.16867E+00,   -0.14260E-02,    0.78724E-02,    0.10667E-01
   -0.17414E+00,    0.24491E-01,    0.78841E-02,    0.10679E-01
   -0.19714E+00,    0.27511E+00,    0.46027E-02,    0.52224E-02
   -0.13960E+00,   -0.11062E+00,    0.77625E-02,    0.10574E-01
   -0.19010E+00,    0.12659E+00,    0.78796E-02,    0.10687E-01
   -0.64660E-01,   -0.29295E+00,    0.73556E-02,    0.10280E-01
    0.50162E-01,   -0.47598E+00,   -0.15993E-01,   -0.12672E-01
   -0.16781E-01,   -0.37829E+00,   -0.76335E-02,   -0.37836E-02
   -0.18100E+00,    0.46049E+00,   -0.12973E+00,   -0.74370E-01
   -0.18886E+00,    0.40678E+00,   -0.57668E-02,   -0.75407E-02
   -0.19457E+00,    0.35057E+00,   -0.16039E-02,   -0.28924E-02
   -0.19749E+00,    0.22583E+00,    0.78029E-02,    0.10635E-01
   -0.15024E+00,   -0.77676E-01,    0.78056E-02,    0.10608E-01
   -0.19275E+00,    0.37288E+00,   -0.33776E-02,   -0.49190E-02
   -0.19365E+00,    0.36294E+00,   -0.25994E-02,   -0.40436E-02
   -0.10726E+00,   -0.20161E+00,    0.75941E-02,    0.10447E-01
   -0.18057E+00,    0.46626E+00,   -0.86421E+00,    0.26220E+00
   -0.78080E-01,   -0.26742E+00,    0.74290E-02,    0.10330E-01
   -0.11680E+00,   -0.17788E+00,    0.76446E-02,    0.10483E-01
   -0.18492E+00,    0.78638E-01,    0.78909E-02,    0.10688E-01
   -0.19819E+00,    0.23129E+00,    0.74789E-02,    0.99889E-02
   -0.97881E-01,   -0.22501E+00,    0.75393E-02,    0.10407E-01
    0.56171E-01,   -0.48566E+00,   -0.18337E-01,   -0.45350E-01
   -0.19862E+00,    0.26523E+00,    0.52740E-02,    0.62048E-02
   -0.12975E+00,   -0.14412E+00,    0.77080E-02,    0.10530E-01
   -0.18075E+00,    0.51520E-01,    0.78898E-02,    0.10683E-01
   -0.19605E+00,    0.34068E+00,   -0.81180E-03,   -0.19857E-02
   -0.18919E+00,    0.10769E+00,    0.78857E-02,    0.10686E-01
   -0.63287E-01,   -0.29856E+00,    0.63126E-02,    0.92473E-02
   -0.19678E+00,    0.18531E+00,    0.78419E-02,    0.10660E-01
   -0.18714E+00,    0.43106E+00,   -0.72500E-02,   -0.92960E-02
   -0.19767E+00,    0.19674E+00,    0.78319E-02,    0.10653E-01
   -0.60899E-01,   -0.30453E+00,    0.52342E-02,    0.81867E-02
   -0.16731E+00,   -0.18533E-01,    0.78601E-02,    0.10651E-01
   -0.19754E+00,    0.33079E+00,   -0.18615E-04,   -0.10558E-02
   -0.49189E-01,   -0.32681E+00,    0.12155E-02,    0.43468E-02
   -0.14470E+00,   -0.10203E+00,    0.77733E-02,    0.10579E-01
   -0.18619E+00,    0.44091E+00,   -0.78977E-02,   -0.97466E-02
   -0.70730E-01,   -0.28617E+00,    0.73751E-02,    0.10290E-01
   -0.13418E+00,   -0.13518E+00,    0.77225E-02,    0.10539E-01
   -0.74895E-01,   -0.27813E+00,    0.73983E-02,    0.10306E-01
   -0.17360E+00,    0.70688E-02,    0.78749E-02,    0.10664E-01
   -0.20010E+00,    0.25534E+00,    0.59026E-02,    0.71733E-02
    0.62362E-01,   -0.49610E+00,    0.88264E+00,    0.23182E-01
   -0.41197E-01,   -0.34218E+00,   -0.15643E-02,    0.17405E-02
   -0.16185E+00,   -0.43817E-01,    0.78394E-02,    0.10632E-01
   -0.87845E-01,   -0.25198E+00,    0.74702E-02,    0.10355E-01
    0.58992E-01,   -0.49227E+00,    0.10992E+00,   -0.17231E+00
   -0.19902E+00,    0.32090E+00,    0.77005E-03,   -0.10778E-03
   -0.19988E+00,    0.21764E+00,    0.78109E-02,    0.10635E-01
   -0.18963E+00,    0.96579E-01,    0.78874E-02,    0.10683E-01
   -0.18561E+00,    0.45240E+00,    0.23206E-01,   -0.17581E-01
   -0.15556E+00,   -0.69521E-01,    0.78131E-02,    0.10609E-01
   -0.33205E-01,   -0.35754E+00,   -0.42674E-02,   -0.77903E-03
   -0.11587E+00,   -0.18782E+00,    0.76226E-02,    0.10463E-01
   -0.13838E+00,   -0.12613E+00,    0.77366E-02,    0.10548E-01
   -0.10645E+00,   -0.21155E+00,    0.75701E-02,    0.10425E-01
   -0.69546E-01,   -0.29183E+00,    0.73581E-02,    0.10276E-01
   -0.18014E+00,    0.33029E-01,    0.78842E-02,    0.10672E-01
   -0.20051E+00,    0.31101E+00,    0.15491E-02,    0.85414E-03
   -0.19537E+00,    0.13580E+00,    0.78735E-02,    0.10674E-01
   -0.97062E-01,   -0.23485E+00,    0.75137E-02,    0.10384E-01
   -0.20124E+00,    0.22250E+00,    0.78055E-02,    0.10629E-01
   -0.25213E-01,   -0.37291E+00,   -0.68231E-02,   -0.31656E-02
   -0.20187E+00,    0.23877E+00,    0.68841E-02,    0.88313E-02
   -0.19863E+00,    0.16663E+00,    0.78551E-02,    0.10662E-01
   -0.14973E+00,   -0.94553E-01,    0.77817E-02,    0.10581E-01
   -0.18612E+00,    0.61380E-01,    0.78887E-02,    0.10676E-01
   -0.18524E+00,    0.46442E+00,   -0.26659E+00,   -0.86436E+00
   -0.12446E+00,   -0.16981E+00,    0.76584E-02,    0.10487E-01
   -0.18627E+00,    0.45900E+00,    0.10009E+00,   -0.14184E+00
   -0.20199E+00,    0.30112E+00,    0.23126E-02,    0.18249E-02
   -0.68641E-01,   -0.29675E+00,    0.64403E-02,    0.93528E-02
   -0.16670E+00,   -0.35080E-01,    0.78453E-02,    0.10633E-01
   -0.20181E+00,    0.20593E+00,    0.78221E-02,    0.10638E-01
   -0.17220E-01,   -0.38828E+00,   -0.91582E-02,   -0.53693E-02
   -0.12846E+00,   -0.16097E+00,    0.76749E-02,    0.10498E-01
   -0.20282E+00,    0.22805E+00,    0.74448E-02,    0.98858E-02
   -0.19501E+00,    0.11808E+00,    0.78801E-02,    0.10674E-01
   -0.16044E+00,   -0.60891E-01,    0.78208E-02,    0.10611E-01
   -0.17303E+00,   -0.10408E-01,    0.78631E-02,    0.10648E-01
    0.19882E-01,   -0.44447E+00,   -0.14837E-01,   -0.11099E-01
   -0.17874E+00,    0.15623E-01,    0.78768E-02,    0.10660E-01
   -0.11466E+00,   -0.19772E+00,    0.76000E-02,    0.10443E-01
   -0.19900E+00,    0.15475E+00,    0.78623E-02,    0.10663E-01
    0.84518E-02,   -0.42835E+00,   -0.13758E-01,   -0.98373E-02
    0.54871E-01,   -0.49231E+00,   -0.12825E+00,   -0.14495E+00
   -0.20347E+00,    0.29123E+00,    0.30547E-02,    0.27996E-02
   -0.20315E+00,    0.21360E+00,    0.78141E-02,    0.10630E-01
   -0.14370E+00,   -0.11966E+00,    0.77448E-02,    0.10549E-01
    0.24978E-01,   -0.45298E+00,   -0.15175E-01,   -0.11676E-01
   -0.75910E-01,   -0.28558E+00,    0.73757E-02,    0.10284E-01
    0.13501E-01,   -0.43688E+00,   -0.14390E-01,   -0.10554E-01
   -0.31335E-02,   -0.41228E+00,   -0.12213E-01,   -0.82994E-02
    0.22152E-02,   -0.42063E+00,   -0.13070E-01,   -0.91514E-02
   -0.15434E+00,   -0.86519E-01,    0.77907E-02,    0.10585E-01
    0.29957E-01,   -0.46039E+00,   -0.15308E-01,   -0.12093E-01
    0.57386E-01,   -0.49670E+00,   -0.51197E-01,   -0.92957E+00
   -0.57621E-01,   -0.32143E+00,    0.20210E-02,    0.50279E-02
   -0.49629E-01,   -0.33680E+00,   -0.72687E-03,    0.24177E-02
   -0.96162E-01,   -0.24472E+00,    0.74875E-02,    0.10360E-01
   -0.86973E-01,   -0.26466E+00,    0.74345E-02,    0.10323E-01
    0.35177E-01,   -0.46861E+00,   -0.15170E-01,   -0.12316E-01
   -0.92624E-02,   -0.40444E+00,   -0.11308E-01,   -0.74548E-02
   -0.74413E-01,   -0.29062E+00,    0.73608E-02,    0.10272E-01
   -0.20496E+00,    0.28134E+00,    0.37700E-02,    0.37736E-02
   -0.19318E+00,    0.87256E-01,    0.78863E-02,    0.10671E-01
   -0.10705E+00,   -0.22110E+00,    0.75457E-02,    0.10401E-01
   -0.41637E-01,   -0.35217E+00,   -0.34285E-02,   -0.12258E-03
   -0.20493E+00,    0.21910E+00,    0.78079E-02,    0.10622E-01
    0.40609E-01,   -0.47689E+00,   -0.14260E-01,   -0.12706E-01
   -0.20041E+00,    0.14407E+00,    0.78673E-02,    0.10661E-01
   -0.20316E+00,    0.17767E+00,    0.78455E-02,    0.10647E-01
   -0.19599E+00,    0.41637E+00,   -0.63639E-02,   -0.86728E-02
   -0.13436E+00,   -0.15299E+00,    0.76880E-02,    0.10503E-01
   -0.19611E+00,    0.10408E+00,    0.78828E-02,    0.10669E-01
   -0.18874E+00,    0.54252E-01,    0.78857E-02,    0.10666E-01
    0.46211E-01,   -0.48510E+00,   -0.13555E-01,    0.10535E-01
   -0.17792E+00,   -0.17465E-02,    0.78663E-02,    0.10645E-01
   -0.19951E+00,    0.38839E+00,   -0.46265E-02,   -0.66477E-02
   -0.19021E+00,    0.45788E+00,    0.17487E+00,    0.85004E-01
   -0.14879E+00,   -0.11109E+00,    0.77561E-02,    0.10554E-01
   -0.19733E+00,    0.40796E+00,   -0.58744E-02,   -0.80758E-02
   -0.33645E-01,   -0.36753E+00,   -0.60136E-02,   -0.25474E-02
   -0.17229E+00,   -0.27123E-01,    0.78493E-02,    0.10630E-01
   -0.15507E-01,   -0.39725E+00,   -0.10403E-01,   -0.66418E-02
   -0.20644E+00,    0.27146E+00,    0.44532E-02,    0.47426E-02
   -0.18734E+00,    0.43533E-01,    0.78837E-02,    0.10662E-01
   -0.73229E-01,   -0.29628E+00,    0.63260E-02,    0.92209E-02
   -0.20179E+00,    0.36872E+00,   -0.32111E-02,   -0.51132E-02
   -0.19886E+00,    0.39811E+00,   -0.52800E-02,   -0.73857E-02
   -0.20096E+00,    0.37851E+00,   -0.39323E-02,   -0.59125E-02
   -0.19185E+00,    0.69576E-01,    0.78865E-02,    0.10667E-01
   -0.18988E+00,    0.46254E+00,    0.88173E+00,   -0.22980E+00
   -0.16617E+00,   -0.52803E-01,    0.78267E-02,    0.10610E-01
   -0.20388E+00,    0.34691E+00,   -0.15398E-02,   -0.32047E-02
   -0.18412E+00,    0.24002E-01,    0.78777E-02,    0.10655E-01
   -0.20658E+00,    0.22383E+00,    0.74938E-02,    0.99566E-02
   -0.84158E-01,   -0.27548E+00,    0.74038E-02,    0.10299E-01
   -0.20317E+00,    0.35883E+00,   -0.24719E-02,   -0.43000E-02
   -0.15997E+00,   -0.77244E-01,    0.78000E-02,    0.10587E-01
   -0.80253E-01,   -0.28365E+00,    0.73805E-02,    0.10282E-01
   -0.20008E+00,    0.12699E+00,    0.78747E-02,    0.10662E-01
   -0.13856E+00,   -0.14507E+00,    0.77012E-02,    0.10511E-01
   -0.25654E-01,   -0.38290E+00,   -0.84140E-02,   -0.48109E-02
   -0.20669E+00,    0.21018E+00,    0.78163E-02,    0.10623E-01
   -0.20536E+00,    0.33702E+00,   -0.77909E-03,   -0.23258E-02
   -0.19634E+00,    0.42721E+00,   -0.71044E-02,   -0.96211E-02
   -0.19499E+00,    0.43709E+00,   -0.76473E-02,   -0.11183E-01
   -0.11541E+00,   -0.20736E+00,    0.75764E-02,    0.10419E-01
   -0.20793E+00,    0.26157E+00,    0.50995E-02,    0.57027E-02
    0.49390E-01,   -0.49232E+00,   -0.11507E+00,    0.97889E-01
   -0.10575E+00,   -0.23098E+00,    0.75206E-02,    0.10379E-01
   -0.12649E+00,   -0.18066E+00,    0.76335E-02,    0.10459E-01
   -0.19406E+00,    0.44699E+00,   -0.30648E-01,   -0.72761E-02
   -0.20684E+00,    0.32713E+00,   -0.17417E-04,   -0.14237E-02
    0.52403E-01,   -0.49725E+00,   -0.90804E+00,    0.61878E-01
   -0.20661E+00,    0.18687E+00,    0.78370E-02,    0.10635E-01
   -0.79259E-01,   -0.28934E+00,    0.73636E-02,    0.10268E-01
   -0.19978E+00,    0.11061E+00,    0.78796E-02,    0.10661E-01
   -0.14356E+00,   -0.13645E+00,    0.77147E-02,    0.10518E-01
   -0.17729E+00,   -0.18481E-01,    0.78537E-02,    0.10629E-01
   -0.20856E+00,    0.21565E+00,    0.78103E-02,    0.10615E-01
   -0.66053E-01,   -0.31606E+00,    0.27829E-02,    0.56874E-02
   -0.20941E+00,    0.25168E+00,    0.57041E-02,    0.66505E-02
   -0.15457E+00,   -0.10321E+00,    0.77653E-02,    0.10556E-01
   -0.72484E-01,   -0.30415E+00,    0.48356E-02,    0.77077E-02
   -0.58061E-01,   -0.33142E+00,    0.73442E-04,    0.30736E-02
   -0.20833E+00,    0.31724E+00,    0.74012E-03,   -0.50333E-03
   -0.18353E+00,    0.64770E-02,    0.78682E-02,    0.10640E-01
   -0.17179E+00,   -0.44674E-01,    0.78320E-02,    0.10608E-01
   -0.50069E-01,   -0.34679E+00,   -0.26128E-02,    0.52072E-03
   -0.13265E+00,   -0.17003E+00,    0.76535E-02,    0.10471E-01
   -0.19476E+00,    0.45484E+00,   -0.85772E-01,    0.11200E+00
   -0.16547E+00,   -0.69130E-01,    0.78072E-02,    0.10588E-01
   -0.78519E-01,   -0.29430E+00,    0.64530E-02,    0.93281E-02
   -0.12430E+00,   -0.19234E+00,    0.76080E-02,    0.10437E-01
   -0.11419E+00,   -0.21717E+00,    0.75526E-02,    0.10398E-01
   -0.19942E+00,    0.95043E-01,    0.78822E-02,    0.10658E-01
   -0.20981E+00,    0.30735E+00,    0.14883E-02,    0.43062E-03
   -0.20680E+00,    0.16087E+00,    0.78552E-02,    0.10643E-01
   -0.42077E-01,   -0.36216E+00,   -0.52125E-02,   -0.19335E-02
   -0.21033E+00,    0.22115E+00,    0.74575E-02,    0.98554E-02
   -0.20616E+00,    0.15137E+00,    0.78608E-02,    0.10646E-01
   -0.19451E+00,    0.46061E+00,    0.14184E+00,    0.87930E+00
   -0.21089E+00,    0.24179E+00,    0.62647E-02,    0.75806E-02
   -0.19763E+00,    0.77692E-01,    0.78837E-02,    0.10656E-01
   -0.19040E+00,    0.34337E-01,    0.78784E-02,    0.10648E-01
   -0.14852E+00,   -0.12820E+00,    0.77268E-02,    0.10523E-01
   -0.21018E+00,    0.20669E+00,    0.78184E-02,    0.10616E-01
   -0.10496E+00,   -0.24083E+00,    0.74947E-02,    0.10355E-01
   -0.85413E-01,   -0.28289E+00,    0.73814E-02,    0.10276E-01
   -0.11045E-02,   -0.42852E+00,   -0.13781E-01,   -0.10081E-01
    0.99016E-02,   -0.44465E+00,   -0.14846E-01,   -0.11266E-01
   -0.20535E+00,    0.13541E+00,    0.78688E-02,    0.10649E-01
   -0.21130E+00,    0.29746E+00,    0.22218E-02,    0.13734E-02
   -0.97022E-01,   -0.25939E+00,    0.74464E-02,    0.10321E-01
   -0.34085E-01,   -0.37752E+00,   -0.76583E-02,   -0.42446E-02
   -0.15965E+00,   -0.94967E-01,    0.77747E-02,    0.10559E-01
   -0.21051E+00,    0.19807E+00,    0.78261E-02,    0.10620E-01
    0.44452E-01,   -0.49279E+00,    0.10587E+00,    0.76283E-01
    0.38432E-02,   -0.43713E+00,   -0.14412E-01,   -0.10772E-01
   -0.19608E+00,    0.60526E-01,    0.78826E-02,    0.10651E-01
    0.14998E-01,   -0.45318E+00,   -0.15198E-01,   -0.11798E-01
   -0.84082E-01,   -0.28798E+00,    0.73664E-02,    0.10264E-01
    0.26336E-01,   -0.46943E+00,   -0.15287E-01,   -0.12722E-01
   -0.74275E-02,   -0.42122E+00,   -0.13150E-01,   -0.94790E-02
   -0.13835E+00,   -0.16184E+00,    0.76676E-02,    0.10477E-01
   -0.17003E+00,   -0.61934E-01,    0.78132E-02,    0.10588E-01
   -0.18282E+00,   -0.10405E-01,    0.78566E-02,    0.10625E-01
    0.47416E-01,   -0.49775E+00,    0.67306E-01,    0.87129E+00
   -0.13087E-01,   -0.41300E+00,   -0.12324E-01,   -0.86774E-02
   -0.21213E+00,    0.21213E+00,    0.78125E-02,    0.10608E-01
   -0.21278E+00,    0.28757E+00,    0.29350E-02,    0.23205E-02
   -0.18855E+00,    0.15086E-01,    0.78701E-02,    0.10636E-01
   -0.26094E-01,   -0.39289E+00,   -0.98880E-02,   -0.63688E-02
    0.20108E-01,   -0.46169E+00,   -0.15349E-01,   -0.12320E-01
   -0.20989E+00,    0.17032E+00,    0.78478E-02,    0.10632E-01
   -0.12363E+00,   -0.20217E+00,    0.75851E-02,    0.10416E-01
   -0.20540E+00,    0.11886E+00,    0.78745E-02,    0.10648E-01
   -0.15367E+00,   -0.11966E+00,    0.77386E-02,    0.10529E-01
    0.31040E-01,   -0.47760E+00,   -0.14838E-01,   -0.11636E-01
    0.37767E-01,   -0.48663E+00,   -0.97146E-02,   -0.37249E-01
   -0.16431E+00,   -0.86226E-01,    0.77846E-02,    0.10563E-01
   -0.21358E+00,    0.22836E+00,    0.69235E-02,    0.87531E-02
   -0.93318E-01,   -0.27251E+00,    0.74098E-02,    0.10292E-01
   -0.20450E+00,    0.41410E+00,   -0.61842E-02,   -0.88789E-02
   -0.17808E+00,   -0.36554E-01,    0.78362E-02,    0.10605E-01
   -0.83088E-01,   -0.29367E+00,    0.63398E-02,    0.91934E-02
   -0.19571E-01,   -0.40543E+00,   -0.11479E-01,   -0.79121E-02
   -0.21427E+00,    0.27769E+00,    0.36228E-02,    0.32674E-02
   -0.20706E+00,    0.39455E+00,   -0.51295E-02,   -0.75143E-02
   -0.14315E+00,   -0.15340E+00,    0.76820E-02,    0.10485E-01
   -0.89686E-01,   -0.28081E+00,    0.73864E-02,    0.10275E-01
   -0.66492E-01,   -0.32605E+00,    0.83197E-03,    0.37045E-02
   -0.19931E+00,    0.45287E+00,   -0.12246E+00,   -0.10653E+00
   -0.10467E+00,   -0.24921E+00,    0.74719E-02,    0.10334E-01
   -0.20949E+00,    0.37483E+00,   -0.37910E-02,   -0.61174E-02
   -0.58501E-01,   -0.34141E+00,   -0.18266E-02,    0.11464E-02
   -0.11491E+00,   -0.22704E+00,    0.75270E-02,    0.10372E-01
   -0.20655E+00,    0.40445E+00,   -0.57444E-02,   -0.82196E-02
   -0.20876E+00,    0.38475E+00,   -0.44823E-02,   -0.68628E-02
   -0.19912E+00,    0.45864E+00,   -0.88552E+00,    0.13038E+00
   -0.21170E+00,    0.35314E+00,   -0.22250E-02,   -0.43704E-02
   -0.21274E+00,    0.17986E+00,    0.78398E-02,    0.10622E-01
   -0.18150E+00,   -0.27538E-01,    0.78427E-02,    0.10608E-01
   -0.50508E-01,   -0.35678E+00,   -0.44268E-02,   -0.13286E-02
   -0.21103E+00,    0.36500E+00,   -0.31007E-02,   -0.53859E-02
   -0.20525E+00,    0.10106E+00,    0.78782E-02,    0.10645E-01
   -0.21434E+00,    0.20319E+00,    0.78200E-02,    0.10608E-01
   -0.15856E+00,   -0.11135E+00,    0.77495E-02,    0.10533E-01
   -0.20336E+00,    0.85883E-01,    0.78804E-02,    0.10645E-01
   -0.19778E+00,    0.49977E-01,    0.78790E-02,    0.10641E-01
   -0.21575E+00,    0.26780E+00,    0.42802E-02,    0.42102E-02
   -0.21038E+00,    0.14391E+00,    0.78625E-02,    0.10636E-01
   -0.20371E+00,    0.43309E+00,   -0.81185E-02,   -0.10093E-01
   -0.18791E+00,   -0.18125E-02,    0.78597E-02,    0.10621E-01
   -0.21318E+00,    0.34325E+00,   -0.15016E-02,   -0.35487E-02
   -0.20230E+00,    0.44407E+00,    0.14738E-01,   -0.21327E-01
   -0.17563E+00,   -0.53775E-01,    0.78191E-02,    0.10587E-01
   -0.21552E+00,    0.21956E+00,    0.72952E-02,    0.94746E-02
   -0.88883E-01,   -0.28653E+00,    0.73694E-02,    0.10260E-01
   -0.42517E-01,   -0.37215E+00,   -0.69025E-02,   -0.36777E-02
   -0.20562E+00,    0.42354E+00,   -0.64031E-02,   -0.96546E-02
   -0.12300E+00,   -0.21187E+00,    0.75617E-02,    0.10394E-01
   -0.20178E+00,    0.68736E-01,    0.78804E-02,    0.10641E-01
   -0.13264E+00,   -0.18808E+00,    0.76134E-02,    0.10431E-01
   -0.14852E+00,   -0.14497E+00,    0.76954E-02,    0.10491E-01
   -0.21565E+00,    0.20856E+00,    0.78145E-02,    0.10601E-01
   -0.21467E+00,    0.33336E+00,   -0.77314E-03,   -0.26995E-02
   -0.19409E+00,    0.23397E-01,    0.78709E-02,    0.10630E-01
   -0.16991E+00,   -0.78053E-01,    0.77923E-02,    0.10564E-01
    0.39327E-01,   -0.49396E+00,    0.99712E-01,   -0.17735E+00
   -0.20979E+00,    0.12652E+00,    0.78698E-02,    0.10637E-01
   -0.82157E-01,   -0.30175E+00,    0.48471E-02,    0.76412E-02
    0.42424E-01,   -0.49820E+00,    0.88090E+00,   -0.10137E+00
   -0.21723E+00,    0.25791E+00,    0.49027E-02,    0.51451E-02
   -0.34526E-01,   -0.38751E+00,   -0.91896E-02,   -0.58568E-02
   -0.11364E+00,   -0.23693E+00,    0.75015E-02,    0.10350E-01
   -0.21615E+00,    0.32347E+00,   -0.43557E-04,   -0.18276E-02
   -0.88309E-01,   -0.29151E+00,    0.64666E-02,    0.93046E-02
   -0.21626E+00,    0.18912E+00,    0.78311E-02,    0.10610E-01
   -0.19861E+00,    0.40037E-01,    0.78752E-02,    0.10632E-01
   -0.13821E+00,   -0.17822E+00,    0.76325E-02,    0.10442E-01
   -0.16421E+00,   -0.10232E+00,    0.77603E-02,    0.10537E-01
   -0.21760E+00,    0.21400E+00,    0.74692E-02,    0.98257E-02
   -0.21721E+00,    0.20030E+00,    0.78214E-02,    0.10602E-01
   -0.94818E-01,   -0.27988E+00,    0.73875E-02,    0.10269E-01
   -0.15341E+00,   -0.13690E+00,    0.77077E-02,    0.10496E-01
   -0.21872E+00,    0.24802E+00,    0.54867E-02,    0.60688E-02
   -0.21764E+00,    0.31358E+00,    0.68263E-03,   -0.93774E-03
   -0.20974E+00,    0.10997E+00,    0.78741E-02,    0.10635E-01
   -0.18720E+00,   -0.19337E-01,    0.78462E-02,    0.10604E-01
   -0.21449E+00,    0.15322E+00,    0.78558E-02,    0.10624E-01
   -0.20439E+00,    0.45138E+00,    0.12296E+00,   -0.15998E+00
   -0.74924E-01,   -0.32067E+00,    0.15417E-02,    0.43039E-02
   -0.20371E+00,    0.45662E+00,   -0.14488E+00,   -0.89945E+00
   -0.19338E+00,    0.63751E-02,    0.78615E-02,    0.10616E-01
   -0.66932E-01,   -0.33604E+00,   -0.10755E-02,    0.17499E-02
   -0.93658E-01,   -0.28501E+00,    0.73726E-02,    0.10257E-01
   -0.21912E+00,    0.30369E+00,    0.14004E-02,   -0.34427E-04
   -0.14270E+00,   -0.17077E+00,    0.76462E-02,    0.10449E-01
   -0.18169E+00,   -0.45856E-01,    0.78239E-02,    0.10584E-01
   -0.73956E-04,   -0.44503E+00,   -0.14894E-01,   -0.11494E-01
   -0.13252E+00,   -0.19762E+00,    0.75913E-02,    0.10409E-01
   -0.17541E+00,   -0.69848E-01,    0.77994E-02,    0.10564E-01
   -0.10585E+00,   -0.25993E+00,    0.74415E-02,    0.10304E-01
   -0.58940E-01,   -0.35140E+00,   -0.36629E-02,   -0.73728E-03
   -0.15930E-01,   -0.42197E+00,   -0.13268E-01,   -0.98288E-02
   -0.21649E+00,    0.16312E+00,    0.78492E-02,    0.10617E-01
   -0.21910E+00,    0.20493E+00,    0.78164E-02,    0.10595E-01
   -0.12292E+00,   -0.22182E+00,    0.75367E-02,    0.10370E-01
   -0.58736E-02,   -0.43723E+00,   -0.14453E-01,   -0.11028E-01
   -0.22020E+00,    0.23813E+00,    0.60297E-02,    0.69794E-02
    0.52871E-02,   -0.45345E+00,   -0.15261E-01,   -0.11936E-01
   -0.20931E+00,    0.93767E-01,    0.78765E-02,    0.10632E-01
    0.34564E-01,   -0.49358E+00,   -0.12898E+00,   -0.91084E-01
   -0.10814E-01,   -0.43054E+00,   -0.13988E-01,   -0.10559E-01
    0.16363E-01,   -0.46964E+00,   -0.15390E-01,   -0.12922E-01
   -0.15850E+00,   -0.12838E+00,    0.77200E-02,    0.10502E-01
   -0.50949E-01,   -0.36677E+00,   -0.61544E-02,   -0.31154E-02
   -0.11360E+00,   -0.24481E+00,    0.74803E-02,    0.10329E-01
   -0.19985E+00,    0.31936E-01,    0.78711E-02,    0.10622E-01
   -0.22060E+00,    0.29380E+00,    0.21046E-02,    0.87778E-03
   -0.21484E+00,    0.13510E+00,    0.78639E-02,    0.10624E-01
   -0.20759E+00,    0.76857E-01,    0.78775E-02,    0.10630E-01
   -0.16953E+00,   -0.94314E-01,    0.77690E-02,    0.10538E-01
    0.10400E-01,   -0.46198E+00,   -0.15483E-01,   -0.12311E-01
    0.37428E-01,   -0.49860E+00,   -0.15054E+00,   -0.90446E+00
   -0.22035E+00,    0.21029E+00,    0.75145E-02,    0.99044E-02
   -0.99020E-01,   -0.27765E+00,    0.73927E-02,    0.10268E-01
   -0.92854E-01,   -0.29073E+00,    0.63544E-02,    0.91688E-02
   -0.21863E+00,    0.17265E+00,    0.78421E-02,    0.10609E-01
    0.21459E-01,   -0.47813E+00,   -0.15521E-01,   -0.15141E-01
   -0.42957E-01,   -0.38214E+00,   -0.84859E-02,   -0.53417E-02
   -0.22027E+00,    0.19590E+00,    0.78238E-02,    0.10596E-01
    0.27981E-01,   -0.48728E+00,   -0.16912E-01,    0.10263E-01
   -0.22169E+00,    0.22824E+00,    0.65310E-02,    0.78741E-02
   -0.14806E+00,   -0.16242E+00,    0.76606E-02,    0.10456E-01
   -0.22764E-01,   -0.41487E+00,   -0.12587E-01,   -0.92283E-02
   -0.17956E+00,   -0.62857E-01,    0.78054E-02,    0.10565E-01
   -0.10365E+00,   -0.26972E+00,    0.74143E-02,    0.10281E-01
   -0.22209E+00,    0.28392E+00,    0.27900E-02,    0.17946E-02
   -0.21333E+00,    0.40966E+00,   -0.61500E-02,   -0.88268E-02
   -0.21233E+00,    0.41949E+00,   -0.63435E-02,   -0.96322E-02
   -0.19279E+00,   -0.11059E-01,    0.78492E-02,    0.10599E-01
   -0.20835E+00,    0.44878E+00,    0.96744E-01,    0.79615E-01
   -0.21606E+00,    0.39024E+00,   -0.49303E-02,   -0.76384E-02
   -0.20603E+00,    0.55609E-01,    0.78752E-02,    0.10623E-01
   -0.12179E+00,   -0.23131E+00,    0.75127E-02,    0.10349E-01
   -0.34966E-01,   -0.39751E+00,   -0.10595E-01,   -0.73694E-02
   -0.16363E+00,   -0.11995E+00,    0.77315E-02,    0.10506E-01
   -0.21522E+00,    0.40019E+00,   -0.55836E-02,   -0.82567E-02
   -0.13196E+00,   -0.20758E+00,    0.75676E-02,    0.10387E-01
   -0.17390E+00,   -0.87125E-01,    0.77767E-02,    0.10540E-01
   -0.21524E+00,    0.11780E+00,    0.78692E-02,    0.10622E-01
   -0.98407E-01,   -0.28340E+00,    0.73758E-02,    0.10253E-01
   -0.21761E+00,    0.38057E+00,   -0.42975E-02,   -0.70391E-02
   -0.20827E+00,    0.45456E+00,    0.88824E+00,   -0.10184E+00
   -0.29371E-01,   -0.40737E+00,   -0.11794E-01,   -0.85228E-02
   -0.22357E+00,    0.27403E+00,    0.34514E-02,    0.27117E-02
   -0.21960E+00,    0.36130E+00,   -0.29982E-02,   -0.56409E-02
   -0.21881E+00,    0.37126E+00,   -0.36795E-02,   -0.64018E-02
   -0.91569E-01,   -0.29821E+00,    0.50262E-02,    0.77567E-02
   -0.21236E+00,    0.42892E+00,   -0.46038E-02,   -0.10334E-01
   -0.22250E+00,    0.20124E+00,    0.78183E-02,    0.10588E-01
   -0.15314E+00,   -0.15381E+00,    0.76750E-02,    0.10463E-01
   -0.22324E+00,    0.21614E+00,    0.70938E-02,    0.89724E-02
   -0.21099E+00,    0.44027E+00,   -0.29335E-01,   -0.21773E-02
   -0.18793E+00,   -0.38163E-01,    0.78276E-02,    0.10579E-01
   -0.18396E+00,   -0.53910E-01,    0.78131E-02,    0.10567E-01
   -0.22101E+00,    0.34948E+00,   -0.21790E-02,   -0.47133E-02
   -0.83356E-01,   -0.31530E+00,    0.22037E-02,    0.48726E-02
   -0.20014E+00,    0.15676E-01,    0.78626E-02,    0.10608E-01
   -0.11303E+00,   -0.25463E+00,    0.74535E-02,    0.10305E-01
   -0.75364E-01,   -0.33066E+00,   -0.36473E-03,    0.23265E-02
   -0.67372E-01,   -0.34603E+00,   -0.29266E-02,   -0.16446E-03
   -0.22249E+00,    0.33959E+00,   -0.14900E-02,   -0.39229E-02
   -0.22506E+00,    0.26414E+00,    0.40842E-02,    0.36255E-02
   -0.16854E+00,   -0.11132E+00,    0.77428E-02,    0.10511E-01
   -0.98000E-01,   -0.28839E+00,    0.64807E-02,    0.92820E-02
    0.29412E-01,   -0.49465E+00,   -0.11355E+00,    0.15644E+00
   -0.21520E+00,    0.10172E+00,    0.78722E-02,    0.10619E-01
   -0.20676E+00,    0.45642E-01,    0.78717E-02,    0.10615E-01
   -0.22351E+00,    0.19219E+00,    0.78254E-02,    0.10589E-01
   -0.59380E-01,   -0.36140E+00,   -0.54203E-02,   -0.25624E-02
    0.32428E-01,   -0.49895E+00,   -0.90157E+00,    0.12891E+00
   -0.21320E+00,    0.85097E-01,    0.78743E-02,    0.10619E-01
   -0.22463E+00,    0.20660E+00,    0.74822E-02,    0.97952E-02
   -0.19785E+00,   -0.25301E-02,    0.78522E-02,    0.10596E-01
   -0.22036E+00,    0.14337E+00,    0.78574E-02,    0.10610E-01
   -0.10432E+00,   -0.27679E+00,    0.73933E-02,    0.10261E-01
   -0.22397E+00,    0.32970E+00,   -0.79506E-03,   -0.31059E-02
   -0.14212E+00,   -0.19008E+00,    0.76035E-02,    0.10407E-01
   -0.22388E+00,    0.18267E+00,    0.78325E-02,    0.10592E-01
   -0.15848E+00,   -0.14550E+00,    0.76880E-02,    0.10468E-01
   -0.17937E+00,   -0.78895E-01,    0.77844E-02,    0.10541E-01
   -0.51389E-01,   -0.37676E+00,   -0.77822E-02,   -0.48261E-02
   -0.13149E+00,   -0.21707E+00,    0.75444E-02,    0.10365E-01
   -0.22654E+00,    0.25425E+00,    0.46844E-02,    0.45323E-02
   -0.21172E+00,    0.67808E-01,    0.78738E-02,    0.10615E-01
   -0.21974E+00,    0.12661E+00,    0.78641E-02,    0.10611E-01
   -0.22546E+00,    0.31981E+00,   -0.97774E-04,   -0.22669E-02
   -0.10313E+00,   -0.28172E+00,    0.73791E-02,    0.10249E-01
   -0.22583E+00,    0.19749E+00,    0.78199E-02,    0.10581E-01
   -0.43398E-01,   -0.39213E+00,   -0.99520E-02,   -0.69135E-02
   -0.18925E+00,   -0.46379E-01,    0.78178E-02,    0.10565E-01
   -0.21336E+00,    0.44726E+00,   -0.14799E+00,    0.12953E+00
   -0.14787E+00,   -0.17897E+00,    0.76252E-02,    0.10420E-01
   -0.12273E+00,   -0.24083E+00,    0.74869E-02,    0.10323E-01
   -0.21282E+00,    0.45245E+00,    0.75086E-01,    0.88309E+00
   -0.11215E+00,   -0.26478E+00,    0.74251E-02,    0.10279E-01
   -0.20760E+00,    0.35715E-01,    0.78674E-02,    0.10605E-01
   -0.22694E+00,    0.30992E+00,    0.59751E-03,   -0.14101E-02
   -0.16334E+00,   -0.13678E+00,    0.77014E-02,    0.10475E-01
   -0.22802E+00,    0.24436E+00,    0.52487E-02,    0.54292E-02
   -0.17416E+00,   -0.10313E+00,    0.77521E-02,    0.10512E-01
   -0.21928E+00,    0.11073E+00,    0.78683E-02,    0.10610E-01
   -0.10800E+00,   -0.27489E+00,    0.73974E-02,    0.10259E-01
   -0.38903E-02,   -0.45425E+00,   -0.15322E-01,   -0.12165E-01
   -0.22725E+00,    0.20281E+00,    0.75252E-02,    0.98750E-02
   -0.19444E+00,   -0.30582E-01,    0.78305E-02,    0.10572E-01
   -0.20648E+00,    0.25312E-01,    0.78633E-02,    0.10600E-01
    0.24662E-01,   -0.49417E+00,    0.10605E+00,    0.53519E-01
   -0.99224E-02,   -0.44630E+00,   -0.15004E-01,   -0.11850E-01
   -0.10252E+00,   -0.28746E+00,    0.63707E-02,    0.91447E-02
   -0.22843E+00,    0.30003E+00,    0.12858E-02,   -0.54003E-03
   -0.20715E-01,   -0.43073E+00,   -0.14087E-01,   -0.10917E-01
    0.63990E-02,   -0.47012E+00,   -0.15776E-01,   -0.12320E-01
   -0.15312E-01,   -0.43902E+00,   -0.14637E-01,   -0.11477E-01
    0.62637E-03,   -0.46223E+00,   -0.15611E-01,   -0.12413E-01
   -0.13060E+00,   -0.22682E+00,    0.75199E-02,    0.10343E-01
   -0.91788E-01,   -0.30992E+00,    0.28092E-02,    0.53981E-02
   -0.83796E-01,   -0.32529E+00,    0.30162E-03,    0.28721E-02
   -0.22599E+00,    0.16663E+00,    0.78421E-02,    0.10591E-01
   -0.22744E+00,    0.18842E+00,    0.78264E-02,    0.10580E-01
   -0.75804E-01,   -0.34065E+00,   -0.22236E-02,    0.38512E-03
    0.11869E-01,   -0.47846E+00,   -0.14735E-01,   -0.12609E-01
    0.27424E-01,   -0.49925E+00,    0.18083E+00,    0.86347E+00
   -0.25588E-01,   -0.42442E+00,   -0.13583E-01,   -0.10444E-01
   -0.22951E+00,    0.23447E+00,    0.57748E-02,    0.63134E-02
   -0.15315E+00,   -0.17117E+00,    0.76389E-02,    0.10426E-01
   -0.18532E+00,   -0.70897E-01,    0.77909E-02,    0.10539E-01
   -0.14131E+00,   -0.20255E+00,    0.75746E-02,    0.10380E-01
   -0.67812E-01,   -0.35602E+00,   -0.47064E-02,   -0.20237E-02
    0.18053E-01,   -0.48765E+00,   -0.16323E-01,   -0.40729E-01
   -0.16837E+00,   -0.12816E+00,    0.77137E-02,    0.10480E-01
   -0.22991E+00,    0.29014E+00,    0.19618E-02,    0.33895E-03
   -0.21917E+00,    0.93012E-01,    0.78703E-02,    0.10606E-01
   -0.10782E+00,   -0.27995E+00,    0.73826E-02,    0.10246E-01
   -0.12147E+00,   -0.25071E+00,    0.74606E-02,    0.10299E-01
   -0.22107E+00,    0.41468E+00,   -0.68978E-02,   -0.92256E-02
   -0.22910E+00,    0.19369E+00,    0.78215E-02,    0.10574E-01
   -0.59820E-01,   -0.37139E+00,   -0.70852E-02,   -0.43153E-02
   -0.17948E+00,   -0.94846E-01,    0.77611E-02,    0.10514E-01
   -0.22461E+00,    0.13437E+00,    0.78586E-02,    0.10598E-01
   -0.21734E+00,    0.76016E-01,    0.78711E-02,    0.10604E-01
   -0.21731E+00,    0.44451E+00,   -0.10206E+00,   -0.11118E+00
   -0.22375E+00,    0.39663E+00,   -0.53973E-02,   -0.83713E-02
   -0.22277E+00,    0.40661E+00,   -0.61234E-02,   -0.88356E-02
   -0.23099E+00,    0.22458E+00,    0.62609E-02,    0.71822E-02
   -0.15805E+00,   -0.16248E+00,    0.76541E-02,    0.10434E-01
   -0.23139E+00,    0.28026E+00,    0.26204E-02,    0.12228E-02
   -0.18943E+00,   -0.62250E-01,    0.77989E-02,    0.10542E-01
   -0.21387E+00,    0.49751E-01,    0.78681E-02,    0.10599E-01
   -0.11281E+00,   -0.27234E+00,    0.74029E-02,    0.10258E-01
   -0.19974E+00,   -0.21185E-01,    0.78354E-02,    0.10570E-01
   -0.22740E+00,    0.15541E+00,    0.78477E-02,    0.10589E-01
   -0.22091E+00,    0.42458E+00,   -0.75754E-02,   -0.10783E-01
   -0.22539E+00,    0.38678E+00,   -0.47644E-02,   -0.78806E-02
   -0.51829E-01,   -0.38675E+00,   -0.92977E-02,   -0.64475E-02
   -0.21734E+00,    0.45029E+00,   -0.90547E+00,    0.15430E-01
   -0.10758E+00,   -0.28496E+00,    0.64965E-02,    0.92588E-02
   -0.22690E+00,    0.37690E+00,   -0.41576E-02,   -0.73115E-02
   -0.22782E+00,    0.36698E+00,   -0.35343E-02,   -0.66383E-02
   -0.12970E+00,   -0.23668E+00,    0.74946E-02,    0.10320E-01
   -0.10256E+00,   -0.29537E+00,    0.49162E-02,    0.75559E-02
   -0.22005E+00,    0.43580E+00,    0.20560E-01,   -0.16175E-01
   -0.17355E+00,   -0.11963E+00,    0.77251E-02,    0.10484E-01
   -0.20276E+00,   -0.11213E-01,    0.78418E-02,    0.10574E-01
   -0.22883E+00,    0.35571E+00,   -0.28037E-02,   -0.58089E-02
   -0.23038E+00,    0.18552E+00,    0.78271E-02,    0.10573E-01
   -0.18339E+00,   -0.87924E-01,    0.77686E-02,    0.10516E-01
   -0.22975E+00,    0.17373E+00,    0.78356E-02,    0.10579E-01
   -0.20692E+00,    0.65495E-02,    0.78519E-02,    0.10582E-01
   -0.23141E+00,    0.19898E+00,    0.74918E-02,    0.97626E-02
   -0.23189E+00,    0.20974E+00,    0.69809E-02,    0.86167E-02
   -0.23288E+00,    0.27037E+00,    0.32565E-02,    0.21074E-02
   -0.14037E+00,   -0.21276E+00,    0.75503E-02,    0.10358E-01
   -0.22509E+00,    0.11869E+00,    0.78630E-02,    0.10596E-01
   -0.23031E+00,    0.34582E+00,   -0.21604E-02,   -0.50822E-02
   -0.20936E+00,    0.16451E-01,    0.78563E-02,    0.10585E-01
   -0.16301E+00,   -0.15383E+00,    0.76685E-02,    0.10441E-01
   -0.22334E+00,    0.10163E+00,    0.78670E-02,    0.10597E-01
   -0.21719E+00,    0.58871E-01,    0.78683E-02,    0.10596E-01
    0.19459E-01,   -0.49512E+00,    0.71058E-01,   -0.19225E+00
    0.22418E-01,   -0.49950E+00,    0.86062E+00,   -0.21701E+00
   -0.11249E+00,   -0.27811E+00,    0.73861E-02,    0.10242E-01
   -0.12025E+00,   -0.26163E+00,    0.74305E-02,    0.10273E-01
   -0.23180E+00,    0.33593E+00,   -0.15073E-02,   -0.43260E-02
   -0.23230E+00,    0.18983E+00,    0.78228E-02,    0.10566E-01
   -0.92228E-01,   -0.31991E+00,    0.91951E-03,    0.33816E-02
   -0.23436E+00,    0.26048E+00,    0.38658E-02,    0.29892E-02
   -0.10022E+00,   -0.30454E+00,    0.33573E-02,    0.58799E-02
   -0.84236E-01,   -0.33528E+00,   -0.15587E-02,    0.90681E-03
   -0.17821E+00,   -0.11220E+00,    0.77344E-02,    0.10487E-01
   -0.76244E-01,   -0.35064E+00,   -0.40187E-02,   -0.15045E-02
   -0.19495E+00,   -0.53945E-01,    0.78049E-02,    0.10540E-01
   -0.21572E+00,    0.41284E-01,    0.78638E-02,    0.10588E-01
   -0.11734E+00,   -0.27042E+00,    0.74066E-02,    0.10254E-01
   -0.23328E+00,    0.32604E+00,   -0.84615E-03,   -0.35440E-02
   -0.15244E+00,   -0.18784E+00,    0.76023E-02,    0.10390E-01
   -0.16800E+00,   -0.14521E+00,    0.76821E-02,    0.10447E-01
   -0.22975E+00,    0.14240E+00,    0.78524E-02,    0.10584E-01
   -0.19821E+00,   -0.42910E-01,    0.78150E-02,    0.10547E-01
   -0.23286E+00,    0.18075E+00,    0.78292E-02,    0.10568E-01
   -0.22308E+00,    0.84182E-01,    0.78677E-02,    0.10592E-01
   -0.68252E-01,   -0.36601E+00,   -0.64009E-02,   -0.38141E-02
   -0.22234E+00,    0.44286E+00,    0.14751E+00,   -0.14007E+00
   -0.23585E+00,    0.25059E+00,    0.44445E-02,    0.38648E-02
   -0.11207E+00,   -0.28388E+00,    0.63881E-02,    0.91195E-02
   -0.22185E+00,    0.44809E+00,   -0.25337E-01,   -0.90953E+00
   -0.23476E+00,    0.31615E+00,   -0.18047E-03,   -0.27402E-02
   -0.18929E+00,   -0.79886E-01,    0.77757E-02,    0.10515E-01
   -0.39941E-01,   -0.41416E+00,   -0.12681E-01,   -0.98127E-02
   -0.23457E+00,    0.19430E+00,    0.75342E-02,    0.98402E-02
   -0.60261E-01,   -0.38138E+00,   -0.86453E-02,   -0.59834E-02
   -0.12978E+00,   -0.24651E+00,    0.74680E-02,    0.10294E-01
   -0.22925E+00,    0.12563E+00,    0.78585E-02,    0.10585E-01
   -0.34969E-01,   -0.42283E+00,   -0.13542E-01,   -0.10647E-01
    0.14750E-01,   -0.49457E+00,   -0.13864E+00,   -0.79390E-01
   -0.30007E-01,   -0.43095E+00,   -0.14217E-01,   -0.11302E-01
   -0.13401E-01,   -0.45561E+00,   -0.15373E-01,   -0.12505E-01
   -0.15777E+00,   -0.17941E+00,    0.76179E-02,    0.10398E-01
   -0.23625E+00,    0.30626E+00,    0.48503E-03,   -0.19191E-02
   -0.11712E+00,   -0.27620E+00,    0.73898E-02,    0.10239E-01
   -0.14071E+00,   -0.22303E+00,    0.75242E-02,    0.10332E-01
   -0.18351E+00,   -0.10383E+00,    0.77441E-02,    0.10489E-01
   -0.52270E-01,   -0.39674E+00,   -0.10683E-01,   -0.79617E-02
   -0.91691E-02,   -0.46251E+00,   -0.15544E-01,   -0.12665E-01
   -0.22261E+00,    0.67273E-01,    0.78662E-02,    0.10586E-01
   -0.23733E+00,    0.24070E+00,    0.49894E-02,    0.47311E-02
    0.22745E-02,   -0.47861E+00,   -0.17039E-01,   -0.10862E-01
   -0.21670E+00,    0.31948E-01,    0.78591E-02,    0.10578E-01
   -0.17332E+00,   -0.13678E+00,    0.76944E-02,    0.10452E-01
   -0.23544E+00,    0.18593E+00,    0.78241E-02,    0.10559E-01
   -0.19575E-01,   -0.44782E+00,   -0.15166E-01,   -0.12291E-01
   -0.25236E-01,   -0.43964E+00,   -0.14801E-01,   -0.11905E-01
   -0.19348E+00,   -0.70924E-01,    0.77847E-02,    0.10518E-01
   -0.34770E-02,   -0.47129E+00,   -0.16043E-01,   -0.12861E-01
    0.17410E-01,   -0.49970E+00,   -0.26554E+00,   -0.87790E+00
   -0.23014E+00,    0.40057E+00,   -0.56381E-02,   -0.87950E-02
   -0.48580E-01,   -0.40412E+00,   -0.11587E-01,   -0.88472E-02
   -0.22918E+00,    0.10960E+00,    0.78621E-02,    0.10583E-01
   -0.23773E+00,    0.29637E+00,    0.11451E-02,   -0.10849E-02
   -0.23149E+00,    0.39123E+00,   -0.50385E-02,   -0.84433E-02
   -0.14811E+00,   -0.20821E+00,    0.75569E-02,    0.10352E-01
   -0.13854E+00,   -0.23209E+00,    0.75019E-02,    0.10313E-01
   -0.22770E+00,    0.92659E-01,    0.78646E-02,    0.10583E-01
   -0.12238E+00,   -0.26895E+00,    0.74085E-02,    0.10249E-01
   -0.22994E+00,    0.41010E+00,   -0.63300E-02,   -0.90357E-02
   -0.23541E+00,    0.16597E+00,    0.78372E-02,    0.10565E-01
   -0.23628E+00,    0.17745E+00,    0.78295E-02,    0.10560E-01
   -0.11690E+00,   -0.28113E+00,    0.65356E-02,    0.92630E-02
   -0.22618E+00,    0.44007E+00,    0.84621E-01,    0.93344E-01
   -0.23881E+00,    0.23081E+00,    0.54983E-02,    0.55851E-02
   -0.16313E+00,   -0.17099E+00,    0.76327E-02,    0.10404E-01
   -0.10066E+00,   -0.31453E+00,    0.14851E-02,    0.38497E-02
   -0.92668E-01,   -0.32990E+00,   -0.93640E-03,    0.13960E-02
   -0.21145E+00,   -0.37300E-02,    0.78411E-02,    0.10559E-01
   -0.15280E+00,   -0.19906E+00,    0.75761E-02,    0.10364E-01
   -0.23354E+00,    0.38201E+00,   -0.45220E-02,   -0.80359E-02
   -0.23922E+00,    0.28649E+00,    0.17943E-02,   -0.24177E-03
    0.72993E-02,   -0.48893E+00,   -0.64739E-02,    0.16766E-01
   -0.22938E+00,    0.42006E+00,   -0.89385E-02,   -0.82589E-02
   -0.84676E-01,   -0.34527E+00,   -0.33624E-02,   -0.10095E-02
   -0.11238E+00,   -0.29178E+00,    0.49480E-02,    0.75030E-02
   -0.17830E+00,   -0.12841E+00,    0.77062E-02,    0.10456E-01
   -0.23793E+00,    0.19114E+00,    0.74983E-02,    0.97296E-02
   -0.22193E+00,    0.48181E-01,    0.78618E-02,    0.10576E-01
   -0.12882E+00,   -0.25762E+00,    0.74377E-02,    0.10267E-01
   -0.22633E+00,    0.44584E+00,    0.89161E+00,    0.23022E-01
   -0.76684E-01,   -0.36063E+00,   -0.57354E-02,   -0.33280E-02
   -0.21763E+00,    0.22065E-01,    0.78533E-02,    0.10568E-01
   -0.16767E+00,   -0.16218E+00,    0.76482E-02,    0.10413E-01
   -0.12172E+00,   -0.27420E+00,    0.73936E-02,    0.10235E-01
   -0.18940E+00,   -0.95794E-01,    0.77522E-02,    0.10488E-01
   -0.23665E+00,    0.36194E+00,   -0.33681E-02,   -0.68279E-02
   -0.24070E+00,    0.27660E+00,    0.24272E-02,    0.60638E-03
   -0.23448E+00,    0.13364E+00,    0.78527E-02,    0.10571E-01
   -0.68692E-01,   -0.37600E+00,   -0.79968E-02,   -0.55225E-02
   -0.24030E+00,    0.22092E+00,    0.59692E-02,    0.64240E-02
   -0.23851E+00,    0.18196E+00,    0.78252E-02,    0.10552E-01
   -0.23598E+00,    0.37274E+00,   -0.40077E-02,   -0.75644E-02
   -0.19930E+00,   -0.62921E-01,    0.77905E-02,    0.10516E-01
   -0.12631E+00,   -0.26635E+00,    0.74141E-02,    0.10248E-01
   -0.23813E+00,    0.35205E+00,   -0.27762E-02,   -0.61663E-02
   -0.22811E+00,    0.75569E-01,    0.78635E-02,    0.10575E-01
   -0.23690E+00,    0.15013E+00,    0.78446E-02,    0.10564E-01
    0.93139E-02,   -0.49527E+00,   -0.68110E-01,    0.14945E+00
   -0.23005E+00,    0.43139E+00,   -0.38562E-01,   -0.12768E-01
   -0.23877E+00,    0.17287E+00,    0.78310E-02,    0.10554E-01
   -0.60702E-01,   -0.39137E+00,   -0.10091E-01,   -0.75572E-02
   -0.19325E+00,   -0.87010E-01,    0.77624E-02,    0.10493E-01
   -0.12079E+00,   -0.27946E+00,    0.65467E-02,    0.92600E-02
    0.12400E-01,   -0.49985E+00,   -0.87144E+00,    0.24410E+00
   -0.13795E+00,   -0.24203E+00,    0.74758E-02,    0.10289E-01
   -0.24218E+00,    0.26671E+00,    0.30391E-02,    0.14557E-02
   -0.23962E+00,    0.34216E+00,   -0.21726E-02,   -0.54759E-02
   -0.18373E+00,   -0.12008E+00,    0.77168E-02,    0.10459E-01
   -0.17298E+00,   -0.15372E+00,    0.76618E-02,    0.10418E-01
   -0.24178E+00,    0.21103E+00,    0.63997E-02,    0.72438E-02
   -0.21837E+00,    0.12126E-01,    0.78468E-02,    0.10557E-01
   -0.23500E+00,    0.11758E+00,    0.78567E-02,    0.10568E-01
   -0.20884E+00,   -0.32121E-01,    0.78180E-02,    0.10533E-01
   -0.24110E+00,    0.33227E+00,   -0.15559E-02,   -0.47572E-02
   -0.23320E+00,    0.10097E+00,    0.78604E-02,    0.10570E-01
   -0.20371E+00,   -0.54023E-01,    0.77980E-02,    0.10517E-01
   -0.22718E+00,    0.58390E-01,    0.78609E-02,    0.10568E-01
   -0.24211E+00,    0.19785E+00,    0.70062E-02,    0.85325E-02
   -0.24367E+00,    0.25682E+00,    0.36256E-02,    0.23027E-02
   -0.24162E+00,    0.18744E+00,    0.74645E-02,    0.96138E-02
   -0.12628E+00,   -0.27213E+00,    0.73974E-02,    0.10232E-01
   -0.21392E+00,   -0.13349E-01,    0.78313E-02,    0.10542E-01
   -0.23128E+00,    0.43806E+00,   -0.15286E+00,    0.79868E-01
   -0.16850E-01,   -0.46281E+00,   -0.15451E-01,   -0.12897E-01
   -0.18782E+00,   -0.11275E+00,    0.77262E-02,    0.10462E-01
   -0.24259E+00,    0.32238E+00,   -0.92715E-03,   -0.40120E-02
   -0.23079E+00,    0.44355E+00,   -0.50956E-01,    0.88246E+00
   -0.24152E+00,    0.17795E+00,    0.78261E-02,    0.10545E-01
   -0.10110E+00,   -0.32452E+00,   -0.36050E-03,    0.18480E-02
   -0.10909E+00,   -0.30916E+00,    0.19952E-02,    0.42717E-02
   -0.93108E-01,   -0.33989E+00,   -0.27424E-02,   -0.54354E-03
   -0.21244E+00,   -0.22799E-01,    0.78241E-02,    0.10535E-01
   -0.23261E-01,   -0.45483E+00,   -0.15463E-01,   -0.12855E-01
   -0.17786E+00,   -0.14565E+00,    0.76742E-02,    0.10423E-01
   -0.22497E+00,    0.37541E-01,    0.78554E-02,    0.10560E-01
   -0.24066E+00,    0.15809E+00,    0.78384E-02,    0.10552E-01
   -0.85116E-01,   -0.35526E+00,   -0.50947E-02,   -0.28626E-02
   -0.44939E-01,   -0.42282E+00,   -0.13642E-01,   -0.11058E-01
   -0.24407E+00,    0.31249E+00,   -0.29144E-03,   -0.32460E-02
   -0.19884E+00,   -0.79243E-01,    0.77691E-02,    0.10492E-01
   -0.23970E+00,    0.14197E+00,    0.78463E-02,    0.10556E-01
   -0.24515E+00,    0.24693E+00,    0.41831E-02,    0.31438E-02
   -0.13128E+00,   -0.26474E+00,    0.74163E-02,    0.10242E-01
   -0.29083E-01,   -0.44729E+00,   -0.15324E-01,   -0.12667E-01
   -0.73211E-02,   -0.47856E+00,   -0.16436E-01,   -0.15022E-01
   -0.23299E+00,    0.84276E-01,    0.78607E-02,    0.10565E-01
    0.52498E-02,   -0.49579E+00,    0.16017E+00,    0.87304E-01
   -0.24208E+00,    0.16946E+00,    0.78311E-02,    0.10546E-01
   -0.77121E-01,   -0.37063E+00,   -0.73608E-02,   -0.50728E-02
   -0.39878E-01,   -0.43141E+00,   -0.14386E-01,   -0.11768E-01
   -0.51439E-01,   -0.41369E+00,   -0.12746E-01,   -0.10234E-01
   -0.20834E+00,   -0.45160E-01,    0.78044E-02,    0.10517E-01
   -0.15199E+00,   -0.21810E+00,    0.75300E-02,    0.10320E-01
   -0.23874E+00,    0.12674E+00,    0.78520E-02,    0.10559E-01
   -0.34897E-01,   -0.43958E+00,   -0.14966E-01,   -0.12320E-01
   -0.12937E-01,   -0.47165E+00,   -0.15351E-01,   -0.12910E-01
   -0.21948E+00,    0.22220E-02,    0.78392E-02,    0.10544E-01
   -0.13735E+00,   -0.25319E+00,    0.74456E-02,    0.10261E-01
    0.73883E-02,   -0.49995E+00,    0.29282E+00,    0.84639E+00
   -0.12615E+00,   -0.27790E+00,    0.64158E-02,    0.90831E-02
   -0.24555E+00,    0.30260E+00,    0.34606E-03,   -0.24631E-02
   -0.69146E-01,   -0.38599E+00,   -0.94824E-02,   -0.71379E-02
   -0.24401E+00,    0.18230E+00,    0.75436E-02,    0.97949E-02
   -0.16774E+00,   -0.17978E+00,    0.76104E-02,    0.10374E-01
   -0.12206E+00,   -0.28786E+00,    0.49830E-02,    0.74583E-02
   -0.24664E+00,    0.23704E+00,    0.47088E-02,    0.39760E-02
   -0.13081E+00,   -0.26998E+00,    0.74014E-02,    0.10229E-01
   -0.19346E+00,   -0.10453E+00,    0.77353E-02,    0.10463E-01
   -0.18335E+00,   -0.13678E+00,    0.76870E-02,    0.10428E-01
   -0.22561E+00,    0.27580E-01,    0.78501E-02,    0.10550E-01
   -0.24004E+00,    0.39508E+00,   -0.51737E-02,   -0.90905E-02
   -0.23776E+00,    0.41538E+00,   -0.52746E-02,   -0.96955E-02
   -0.23256E+00,    0.66808E-01,    0.78588E-02,    0.10558E-01
   -0.24446E+00,    0.17389E+00,    0.78270E-02,    0.10538E-01
   -0.23510E+00,    0.43651E+00,   -0.14631E+00,   -0.15713E+00
   -0.24704E+00,    0.29272E+00,    0.97955E-03,   -0.16673E-02
   -0.16414E+00,   -0.19201E+00,    0.75852E-02,    0.10355E-01
   -0.15730E+00,   -0.20956E+00,    0.75478E-02,    0.10329E-01
   -0.20370E+00,   -0.70564E-01,    0.77771E-02,    0.10493E-01
   -0.13514E+00,   -0.26198E+00,    0.74221E-02,    0.10242E-01
   -0.58284E-01,   -0.40648E+00,   -0.12000E-01,   -0.95978E-02
   -0.24442E+00,    0.16480E+00,    0.78324E-02,    0.10540E-01
   -0.23904E+00,    0.10897E+00,    0.78554E-02,    0.10555E-01
   -0.23522E+00,    0.44122E+00,   -0.91672E+00,   -0.10167E+00
   -0.39655E-02,   -0.48830E+00,   -0.36080E-01,   -0.28755E-01
   -0.17283E+00,   -0.17125E+00,    0.76254E-02,    0.10381E-01
   -0.19764E+00,   -0.95539E-01,    0.77462E-02,    0.10468E-01
   -0.14599E+00,   -0.23966E+00,    0.74776E-02,    0.10278E-01
   -0.24812E+00,    0.22715E+00,    0.52003E-02,    0.47962E-02
   -0.24852E+00,    0.28283E+00,    0.16032E-02,   -0.86260E-03
   -0.24638E+00,    0.17889E+00,    0.75528E-02,    0.98023E-02
   -0.12864E-03,   -0.49479E+00,    0.33360E-01,   -0.13534E+00
   -0.18806E+00,   -0.12903E+00,    0.76977E-02,    0.10431E-01
   -0.22063E+00,   -0.76831E-02,    0.78307E-02,    0.10530E-01
   -0.23822E+00,    0.93212E-01,    0.78571E-02,    0.10553E-01
   -0.10953E+00,   -0.31915E+00,    0.16654E-03,    0.22586E-02
   -0.10154E+00,   -0.33452E+00,   -0.21632E-02,   -0.11115E-03
   -0.13078E+00,   -0.27576E+00,    0.64261E-02,    0.90729E-02
   -0.24120E+00,    0.40531E+00,   -0.56738E-02,   -0.93098E-02
   -0.11752E+00,   -0.30378E+00,    0.24517E-02,    0.46550E-02
   -0.24484E+00,    0.15046E+00,    0.78393E-02,    0.10541E-01
   -0.93548E-01,   -0.34988E+00,   -0.44834E-02,   -0.24223E-02
   -0.15061E+00,   -0.23157E+00,    0.74963E-02,    0.10289E-01
   -0.24596E+00,    0.35828E+00,   -0.33280E-02,   -0.71652E-02
   -0.22655E+00,    0.17631E-01,    0.78438E-02,    0.10539E-01
   -0.85322E-01,   -0.36531E+00,   -0.67452E-02,   -0.46362E-02
   -0.17765E+00,   -0.16251E+00,    0.76404E-02,    0.10389E-01
   -0.25001E+00,    0.27294E+00,    0.22117E-02,   -0.52759E-04
    0.23762E-02,   -0.49999E+00,    0.80179E+00,   -0.38637E+00
   -0.13530E+00,   -0.26776E+00,    0.74055E-02,    0.10226E-01
   -0.24960E+00,    0.21726E+00,    0.56562E-02,    0.56015E-02
   -0.23953E+00,    0.42556E+00,    0.12468E-01,    0.58437E-02
   -0.24744E+00,    0.34839E+00,   -0.27805E-02,   -0.65410E-02
   -0.24733E+00,    0.16978E+00,    0.78277E-02,    0.10531E-01
   -0.24431E+00,    0.13388E+00,    0.78461E-02,    0.10543E-01
   -0.20901E+00,   -0.62422E-01,    0.77833E-02,    0.10491E-01
   -0.77567E-01,   -0.38060E+00,   -0.88792E-02,   -0.67236E-02
   -0.23271E+00,    0.46090E-01,    0.78528E-02,    0.10545E-01
   -0.23738E+00,    0.75363E-01,    0.78566E-02,    0.10548E-01
   -0.24288E+00,    0.11768E+00,    0.78513E-02,    0.10546E-01
   -0.23931E+00,    0.43307E+00,    0.98965E-01,   -0.87577E-01
   -0.14005E+00,   -0.26021E+00,    0.74245E-02,    0.10236E-01
   -0.24892E+00,    0.33850E+00,   -0.22211E-02,   -0.58968E-02
   -0.24757E+00,    0.16129E+00,    0.78322E-02,    0.10532E-01
   -0.25149E+00,    0.26305E+00,    0.28000E-02,    0.75851E-03
   -0.20314E+00,   -0.87313E-01,    0.77541E-02,    0.10468E-01
   -0.24180E+00,    0.10164E+00,    0.78542E-02,    0.10545E-01
   -0.14573E+00,   -0.24846E+00,    0.74539E-02,    0.10256E-01
   -0.69576E-01,   -0.39598E+00,   -0.10841E-01,   -0.86448E-02
   -0.24725E+00,    0.36908E+00,   -0.39450E-02,   -0.79797E-02
   -0.16478E+00,   -0.20292E+00,    0.75590E-02,    0.10328E-01
   -0.19369E+00,   -0.12079E+00,    0.77079E-02,    0.10433E-01
   -0.25109E+00,    0.20737E+00,    0.60765E-02,    0.63903E-02
   -0.18291E+00,   -0.15424E+00,    0.76534E-02,    0.10393E-01
   -0.25041E+00,    0.32861E+00,   -0.16365E-02,   -0.52135E-02
   -0.23963E+00,    0.43884E+00,    0.15541E+00,   -0.89409E+00
   -0.21871E+00,   -0.30564E-01,    0.78115E-02,    0.10509E-01
   -0.22743E+00,    0.82297E-02,    0.78370E-02,    0.10528E-01
   -0.21369E+00,   -0.53603E-01,    0.77903E-02,    0.10491E-01
   -0.25297E+00,    0.25316E+00,    0.33641E-02,    0.15676E-02
   -0.24873E-01,   -0.46716E+00,   -0.15391E-01,   -0.13318E-01
   -0.13565E+00,   -0.27387E+00,    0.63569E-02,    0.89673E-02
   -0.25016E+00,    0.17482E+00,    0.75111E-02,    0.96629E-02
   -0.25093E+00,    0.18572E+00,    0.70571E-02,    0.85292E-02
   -0.24757E+00,    0.37906E+00,   -0.44490E-02,   -0.86562E-02
   -0.19773E+00,   -0.11184E+00,    0.77199E-02,    0.10439E-01
   -0.13976E+00,   -0.26546E+00,    0.74097E-02,    0.10223E-01
   -0.25189E+00,    0.31872E+00,   -0.10379E-02,   -0.45081E-02
   -0.48853E-02,   -0.49554E+00,   -0.20716E+00,   -0.83533E-01
   -0.54914E-01,   -0.42282E+00,   -0.13735E-01,   -0.11486E-01
   -0.33025E-01,   -0.45636E+00,   -0.15822E-01,   -0.13450E-01
   -0.14382E+00,   -0.25732E+00,    0.74305E-02,    0.10236E-01
   -0.25013E+00,    0.16563E+00,    0.78282E-02,    0.10523E-01
   -0.23755E+00,    0.58159E-01,    0.78529E-02,    0.10539E-01
   -0.22231E+00,   -0.21321E-01,    0.78174E-02,    0.10510E-01
   -0.49851E-01,   -0.43141E+00,   -0.14495E-01,   -0.12209E-01
   -0.23355E+00,    0.33312E-01,    0.78467E-02,    0.10533E-01
   -0.24979E+00,    0.15654E+00,    0.78332E-02,    0.10526E-01
   -0.25257E+00,    0.19748E+00,    0.64592E-02,    0.71587E-02
   -0.26362E-02,   -0.49999E+00,   -0.40008E+00,   -0.82831E+00
   -0.18782E+00,   -0.14568E+00,    0.76666E-02,    0.10399E-01
   -0.38907E-01,   -0.44865E+00,   -0.15683E-01,   -0.13249E-01
   -0.44782E-01,   -0.44000E+00,   -0.15169E-01,   -0.12819E-01
   -0.25338E+00,    0.30883E+00,   -0.42959E-03,   -0.37824E-02
   -0.10997E+00,   -0.32914E+00,   -0.16289E-02,    0.28414E-03
   -0.17290E+00,   -0.18827E+00,    0.75876E-02,    0.10343E-01
   -0.11796E+00,   -0.31377E+00,    0.64334E-03,    0.26270E-02
   -0.10198E+00,   -0.34451E+00,   -0.39071E-02,   -0.20125E-02
   -0.25446E+00,    0.24327E+00,    0.39006E-02,    0.23713E-02
   -0.20863E+00,   -0.79204E-01,    0.77612E-02,    0.10466E-01
   -0.13389E+00,   -0.28177E+00,    0.51608E-02,    0.75621E-02
   -0.12596E+00,   -0.29841E+00,    0.28490E-02,    0.49819E-02
   -0.24820E+00,    0.38931E+00,   -0.48685E-02,   -0.93452E-02
   -0.94000E-01,   -0.35980E+00,   -0.61341E-02,   -0.42144E-02
   -0.60911E-01,   -0.41607E+00,   -0.13099E-01,   -0.10939E-01
   -0.24272E+00,    0.83746E-01,    0.78535E-02,    0.10537E-01
   -0.24965E+00,    0.14370E+00,    0.78389E-02,    0.10527E-01
   -0.25196E+00,    0.17030E+00,    0.75789E-02,    0.98318E-02
   -0.13967E+00,   -0.27053E+00,    0.65830E-02,    0.92194E-02
   -0.19676E-01,   -0.47858E+00,   -0.13654E-01,   -0.11040E-01
   -0.24384E+00,    0.43143E+00,    0.10703E+00,    0.15855E+00
   -0.85947E-01,   -0.37529E+00,   -0.82962E-02,   -0.63305E-02
   -0.25486E+00,    0.29895E+00,    0.18225E-03,   -0.30402E-02
   -0.17747E+00,   -0.17944E+00,    0.76041E-02,    0.10352E-01
   -0.22857E+00,   -0.16553E-02,    0.78289E-02,    0.10515E-01
   -0.24864E+00,    0.12564E+00,    0.78453E-02,    0.10530E-01
   -0.20308E+00,   -0.10382E+00,    0.77287E-02,    0.10439E-01
   -0.25594E+00,    0.23338E+00,    0.44069E-02,    0.31661E-02
   -0.24402E+00,    0.43641E+00,    0.87546E+00,    0.16463E+00
   -0.14417E+00,   -0.26309E+00,    0.74140E-02,    0.10220E-01
   -0.24743E+00,    0.10882E+00,    0.78493E-02,    0.10531E-01
   -0.78220E-01,   -0.39056E+00,   -0.10288E-01,   -0.82842E-02
   -0.20611E+00,   -0.95102E-01,    0.77399E-02,    0.10447E-01
   -0.21961E+00,   -0.45395E-01,    0.77949E-02,    0.10487E-01
   -0.25634E+00,    0.28906E+00,    0.79102E-03,   -0.22853E-02
   -0.25287E+00,    0.16142E+00,    0.78286E-02,    0.10516E-01
   -0.19328E+00,   -0.13752E+00,    0.76779E-02,    0.10401E-01
   -0.24913E+00,    0.39923E+00,   -0.50919E-02,   -0.98834E-02
   -0.16531E+00,   -0.21459E+00,    0.75302E-02,    0.10298E-01
   -0.23469E+00,    0.23399E-01,    0.78405E-02,    0.10521E-01
   -0.25237E+00,    0.15234E+00,    0.78334E-02,    0.10519E-01
   -0.10048E-01,   -0.49469E+00,   -0.61922E-01,    0.12718E+00
   -0.17268E+00,   -0.19623E+00,    0.75693E-02,    0.10325E-01
   -0.14909E-01,   -0.48816E+00,    0.12545E-01,   -0.85764E-02
   -0.24251E+00,    0.66831E-01,    0.78512E-02,    0.10529E-01
   -0.14867E+00,   -0.25538E+00,    0.74330E-02,    0.10231E-01
   -0.21361E+00,   -0.71222E-01,    0.77680E-02,    0.10465E-01
   -0.15395E+00,   -0.24345E+00,    0.74626E-02,    0.10251E-01
   -0.18281E+00,   -0.17101E+00,    0.76186E-02,    0.10358E-01
   -0.16148E+00,   -0.22701E+00,    0.75012E-02,    0.10276E-01
   -0.25743E+00,    0.22349E+00,    0.48810E-02,    0.39492E-02
   -0.25783E+00,    0.27917E+00,    0.13905E-02,   -0.15214E-02
   -0.76482E-02,   -0.49994E+00,   -0.80956E+00,    0.41689E+00
   -0.19802E+00,   -0.12889E+00,    0.76900E-02,    0.10406E-01
   -0.14443E+00,   -0.26886E+00,    0.64562E-02,    0.90434E-02
   -0.24887E+00,    0.42022E+00,   -0.21172E-01,   -0.33683E-01
   -0.22984E+00,   -0.11568E-01,    0.78197E-02,    0.10500E-01
   -0.24794E+00,    0.42818E+00,   -0.13288E+00,    0.69176E-01
   -0.25629E+00,    0.17491E+00,    0.71877E-02,    0.87839E-02
   -0.18744E+00,   -0.16221E+00,    0.76336E-02,    0.10365E-01
   -0.25044E+00,    0.40911E+00,   -0.65715E-02,   -0.89694E-02
   -0.14855E+00,   -0.26064E+00,    0.74183E-02,    0.10217E-01
   -0.25587E+00,    0.16636E+00,    0.75148E-02,    0.96299E-02
   -0.25931E+00,    0.26928E+00,    0.19752E-02,   -0.75233E-03
   -0.11840E+00,   -0.32376E+00,   -0.11375E-02,    0.63556E-03
   -0.11041E+00,   -0.33913E+00,   -0.33698E-02,   -0.16371E-02
   -0.15234E+00,   -0.25237E+00,    0.74392E-02,    0.10231E-01
   -0.10228E+00,   -0.35462E+00,   -0.55938E-02,   -0.38547E-02
   -0.12640E+00,   -0.30840E+00,    0.10667E-02,    0.29488E-02
   -0.23566E+00,    0.13561E-01,    0.78337E-02,    0.10510E-01
   -0.25553E+00,    0.15718E+00,    0.78289E-02,    0.10509E-01
   -0.25891E+00,    0.21360E+00,    0.53219E-02,    0.47176E-02
   -0.24210E+00,    0.48053E-01,    0.78459E-02,    0.10519E-01
   -0.73954E-01,   -0.40436E+00,   -0.11947E-01,   -0.10016E-01
   -0.94258E-01,   -0.36978E+00,   -0.76999E-02,   -0.59208E-02
   -0.13439E+00,   -0.29303E+00,    0.31861E-02,    0.52513E-02
   -0.24838E+00,    0.43394E+00,   -0.23337E+00,    0.86273E+00
   -0.21898E+00,   -0.62808E-01,    0.77744E-02,    0.10464E-01
   -0.25432E+00,    0.13528E+00,    0.78385E-02,    0.10514E-01
   -0.25823E+00,    0.33484E+00,   -0.23016E-02,   -0.63319E-02
   -0.25562E+00,    0.14826E+00,    0.78328E-02,    0.10509E-01
   -0.22555E+00,   -0.37406E-01,    0.77985E-02,    0.10481E-01
   -0.20290E+00,   -0.12018E+00,    0.77014E-02,    0.10410E-01
   -0.25270E+00,    0.11727E+00,    0.78441E-02,    0.10517E-01
   -0.86481E-01,   -0.38495E+00,   -0.96925E-02,   -0.78725E-02
   -0.26080E+00,    0.25939E+00,    0.25404E-02,    0.18221E-04
   -0.24735E+00,    0.74905E-01,    0.78488E-02,    0.10519E-01
   -0.15007E-01,   -0.49456E+00,    0.13882E+00,    0.31475E-01
   -0.24167E+00,    0.38996E-01,    0.78426E-02,    0.10514E-01
   -0.14321E+00,   -0.27671E+00,    0.52696E-02,    0.76107E-02
   -0.25603E+00,    0.37385E+00,   -0.43082E-02,   -0.87424E-02
   -0.21306E+00,   -0.88115E-01,    0.77446E-02,    0.10440E-01
   -0.25971E+00,    0.32495E+00,   -0.17495E-02,   -0.56933E-02
   -0.22829E+00,   -0.29235E-01,    0.78046E-02,    0.10484E-01
   -0.19277E+00,   -0.15376E+00,    0.76467E-02,    0.10370E-01
   -0.25782E+00,    0.16219E+00,    0.75528E-02,    0.97198E-02
   -0.25109E+00,    0.96227E-01,    0.78474E-02,    0.10517E-01
   -0.26040E+00,    0.20371E+00,    0.57290E-02,    0.54690E-02
   -0.18017E+00,   -0.19004E+00,    0.75783E-02,    0.10321E-01
   -0.14906E+00,   -0.26562E+00,    0.65790E-02,    0.91699E-02
   -0.70591E-01,   -0.41376E+00,   -0.12959E-01,   -0.11080E-01
   -0.17425E+00,   -0.20610E+00,    0.75447E-02,    0.10298E-01
   -0.12660E-01,   -0.49984E+00,    0.41125E+00,    0.77031E+00
   -0.23646E+00,    0.44137E-02,    0.78267E-02,    0.10498E-01
   -0.15288E+00,   -0.25812E+00,    0.74228E-02,    0.10214E-01
   -0.26228E+00,    0.24950E+00,    0.30821E-02,    0.78677E-03
   -0.25916E+00,    0.35033E+00,   -0.31941E-02,   -0.74932E-02
   -0.25641E+00,    0.38361E+00,   -0.47597E-02,   -0.94043E-02
   -0.26120E+00,    0.31506E+00,   -0.11771E-02,   -0.50304E-02
   -0.35420E-01,   -0.46859E+00,   -0.15999E-01,   -0.14296E-01
   -0.42852E-01,   -0.45775E+00,   -0.16495E-01,   -0.14071E-01
   -0.25732E+00,    0.14382E+00,    0.78333E-02,    0.10505E-01
   -0.25812E+00,    0.15288E+00,    0.78290E-02,    0.10502E-01
   -0.16200E+00,   -0.23817E+00,    0.74716E-02,    0.10246E-01
   -0.20790E+00,   -0.11154E+00,    0.77120E-02,    0.10413E-01
   -0.15712E+00,   -0.25027E+00,    0.74420E-02,    0.10226E-01
   -0.25222E+00,    0.42568E+00,   -0.87180E-01,   -0.14931E+00
   -0.48826E-01,   -0.44976E+00,   -0.16010E-01,   -0.13870E-01
   -0.22400E+00,   -0.54185E-01,    0.77808E-02,    0.10462E-01
   -0.19764E+00,   -0.14568E+00,    0.76587E-02,    0.10374E-01
   -0.26268E+00,    0.30518E+00,   -0.59257E-03,   -0.43473E-02
   -0.24266E+00,    0.29400E-01,    0.78371E-02,    0.10503E-01
   -0.26188E+00,    0.19382E+00,    0.61032E-02,    0.62010E-02
   -0.26377E+00,    0.23961E+00,    0.35973E-02,    0.15499E-02
   -0.25721E+00,    0.39357E+00,   -0.49047E-02,   -0.10408E-01
   -0.25272E+00,    0.43143E+00,   -0.86985E+00,   -0.23651E+00
   -0.31289E-01,   -0.47759E+00,   -0.15218E-01,   -0.15066E-01
   -0.21847E+00,   -0.79795E-01,    0.77520E-02,    0.10439E-01
   -0.11072E+00,   -0.34926E+00,   -0.50618E-02,   -0.35035E-02
   -0.12684E+00,   -0.31839E+00,   -0.69265E-03,    0.95103E-03
   -0.67874E-01,   -0.42317E+00,   -0.13865E-01,   -0.12079E-01
   -0.17039E+00,   -0.22298E+00,    0.75055E-02,    0.10265E-01
   -0.26417E+00,    0.29529E+00,   -0.38041E-05,   -0.36480E-02
   -0.13483E+00,   -0.30302E+00,    0.14345E-02,    0.32171E-02
   -0.19964E-01,   -0.49439E+00,    0.22850E-01,   -0.15736E+00
   -0.10276E+00,   -0.36459E+00,   -0.71776E-02,   -0.55973E-02
   -0.86231E-01,   -0.39360E+00,   -0.10830E-01,   -0.91248E-02
   -0.15333E+00,   -0.26388E+00,    0.64789E-02,    0.90253E-02
   -0.16069E+00,   -0.24714E+00,    0.74483E-02,    0.10226E-01
   -0.18744E+00,   -0.17979E+00,    0.75959E-02,    0.10327E-01
   -0.26275E+00,    0.18219E+00,    0.65490E-02,    0.71643E-02
   -0.15718E+00,   -0.25553E+00,    0.74274E-02,    0.10211E-01
   -0.21363E+00,   -0.10072E+00,    0.77248E-02,    0.10417E-01
   -0.14282E+00,   -0.28765E+00,    0.34664E-02,    0.54627E-02
   -0.26128E+00,    0.15772E+00,    0.75182E-02,    0.95962E-02
   -0.94919E-01,   -0.37963E+00,   -0.91531E-02,   -0.75298E-02
   -0.25648E+00,    0.10876E+00,    0.78424E-02,    0.10504E-01
   -0.24896E+00,    0.54896E-01,    0.78427E-02,    0.10503E-01
   -0.23437E+00,   -0.21004E-01,    0.78073E-02,    0.10476E-01
   -0.26064E+00,    0.14855E+00,    0.78290E-02,    0.10494E-01
   -0.26160E+00,    0.36001E+00,   -0.37233E-02,   -0.82465E-02
   -0.23780E+00,   -0.54839E-02,    0.78179E-02,    0.10484E-01
   -0.26525E+00,    0.22972E+00,    0.40838E-02,    0.23044E-02
   -0.25869E+00,    0.12668E+00,    0.78376E-02,    0.10500E-01
   -0.20309E+00,   -0.13673E+00,    0.76713E-02,    0.10378E-01
   -0.26565E+00,    0.28540E+00,    0.58194E-03,   -0.29361E-02
   -0.17670E-01,   -0.49969E+00,    0.76512E+00,   -0.44320E+00
   -0.26043E+00,    0.13963E+00,    0.78325E-02,    0.10495E-01
   -0.24345E+00,    0.19641E-01,    0.78309E-02,    0.10492E-01
   -0.25827E+00,    0.40295E+00,   -0.32429E-02,   -0.12083E-01
   -0.22936E+00,   -0.46606E-01,    0.77850E-02,    0.10458E-01
   -0.26729E-01,   -0.48835E+00,   -0.45098E-01,   -0.15966E-02
   -0.58280E-01,   -0.44213E+00,   -0.15434E-01,   -0.13653E-01
   -0.64525E-01,   -0.43253E+00,   -0.14671E-01,   -0.12960E-01
   -0.26355E+00,    0.16824E+00,    0.70407E-02,    0.83174E-02
   -0.25648E+00,    0.42313E+00,    0.12359E+00,   -0.82027E-01
   -0.19249E+00,   -0.17125E+00,    0.76105E-02,    0.10333E-01
   -0.22358E+00,   -0.71238E-01,    0.77593E-02,    0.10438E-01
   -0.18200E+00,   -0.19985E+00,    0.75540E-02,    0.10294E-01
   -0.25236E+00,    0.66413E-01,    0.78430E-02,    0.10500E-01
   -0.26714E+00,    0.27551E+00,    0.11582E-02,   -0.22153E-02
   -0.26673E+00,    0.21983E+00,    0.45400E-02,    0.30470E-02
   -0.17628E+00,   -0.21572E+00,    0.75196E-02,    0.10269E-01
   -0.26309E+00,    0.15348E+00,    0.75546E-02,    0.96878E-02
   -0.25827E+00,    0.41480E+00,    0.50406E-03,    0.15216E-01
   -0.15786E+00,   -0.26049E+00,    0.66006E-02,    0.91527E-02
   -0.24969E+00,    0.44963E-01,    0.78384E-02,    0.10494E-01
   -0.16987E+00,   -0.23263E+00,    0.74810E-02,    0.10242E-01
   -0.16142E+00,   -0.25287E+00,    0.74321E-02,    0.10209E-01
   -0.26198E+00,    0.13514E+00,    0.78327E-02,    0.10490E-01
   -0.20800E+00,   -0.12871E+00,    0.76820E-02,    0.10380E-01
   -0.25703E+00,    0.42888E+00,    0.22322E+00,   -0.87198E+00
   -0.26309E+00,    0.14417E+00,    0.78289E-02,    0.10487E-01
   -0.16539E+00,   -0.24488E+00,    0.74513E-02,    0.10221E-01
   -0.25640E+00,    0.84257E-01,    0.78426E-02,    0.10496E-01
   -0.23372E+00,   -0.37629E-01,    0.77911E-02,    0.10457E-01
   -0.26605E+00,    0.34107E+00,   -0.29146E-02,   -0.73579E-02
   -0.26862E+00,    0.26562E+00,    0.17195E-02,   -0.14895E-02
   -0.19743E+00,   -0.16256E+00,    0.76249E-02,    0.10339E-01
   -0.26822E+00,    0.20994E+00,    0.49649E-02,    0.37749E-02
   -0.85445E-01,   -0.40348E+00,   -0.12014E-01,   -0.10436E-01
   -0.80384E-01,   -0.41200E+00,   -0.12882E-01,   -0.11289E-01
   -0.12728E+00,   -0.32838E+00,   -0.24101E-02,   -0.99374E-03
   -0.25435E-01,   -0.49471E+00,   -0.19401E+00,   -0.35842E-01
   -0.24488E+00,    0.97725E-02,    0.78232E-02,    0.10479E-01
   -0.26481E+00,    0.36918E+00,   -0.41728E-02,   -0.88818E-02
   -0.26754E+00,    0.33118E+00,   -0.24228E-02,   -0.67909E-02
   -0.15483E+00,   -0.27165E+00,    0.51128E-02,    0.73158E-02
   -0.11112E+00,   -0.35925E+00,   -0.66516E-02,   -0.52651E-02
   -0.13527E+00,   -0.31301E+00,   -0.30218E-03,    0.12143E-02
   -0.26427E+00,    0.37911E+00,   -0.46846E-02,   -0.93078E-02
   -0.10289E+00,   -0.37456E+00,   -0.86531E-02,   -0.72198E-02
   -0.22889E+00,   -0.62881E-01,    0.77656E-02,    0.10436E-01
   -0.22678E-01,   -0.49949E+00,   -0.45305E+00,   -0.79898E+00
   -0.14326E+00,   -0.29764E+00,    0.17474E-02,    0.34303E-02
   -0.27010E+00,    0.25573E+00,    0.22613E-02,   -0.76209E-03
   -0.21284E+00,   -0.12022E+00,    0.76929E-02,    0.10383E-01
   -0.45376E-01,   -0.46797E+00,   -0.17734E-01,   -0.14631E-01
   -0.16886E+00,   -0.24163E+00,    0.74577E-02,    0.10221E-01
   -0.26902E+00,    0.32129E+00,   -0.18936E-02,   -0.61956E-02
   -0.26275E+00,    0.11779E+00,    0.78362E-02,    0.10486E-01
   -0.25086E+00,    0.35074E-01,    0.78329E-02,    0.10483E-01
   -0.95347E-01,   -0.38954E+00,   -0.10496E-01,   -0.90273E-02
   -0.15125E+00,   -0.28228E+00,    0.36878E-02,    0.56124E-02
   -0.16563E+00,   -0.25013E+00,    0.74368E-02,    0.10206E-01
   -0.16207E+00,   -0.25861E+00,    0.65025E-02,    0.90067E-02
   -0.20272E+00,   -0.15428E+00,    0.76375E-02,    0.10343E-01
   -0.26546E+00,    0.13976E+00,    0.78286E-02,    0.10480E-01
   -0.26970E+00,    0.20005E+00,    0.53583E-02,    0.44853E-02
   -0.26641E+00,    0.14890E+00,    0.75184E-02,    0.95603E-02
   -0.76849E-01,   -0.42130E+00,   -0.13761E-01,   -0.12239E-01
   -0.26120E+00,    0.42109E+00,    0.88077E-01,    0.16815E+00
   -0.12527E+00,   -0.33676E+00,   -0.36982E-02,   -0.23836E-02
   -0.26495E+00,    0.13085E+00,    0.78316E-02,    0.10481E-01
   -0.27051E+00,    0.31141E+00,   -0.13411E-02,   -0.55764E-02
   -0.40857E-01,   -0.47686E+00,   -0.15182E-01,   -0.14899E-01
   -0.27159E+00,    0.24584E+00,    0.27803E-02,   -0.36723E-04
   -0.26536E+00,    0.38783E+00,   -0.53513E-02,   -0.99073E-02
   -0.24534E+00,   -0.14259E-03,    0.78155E-02,    0.10468E-01
   -0.18339E+00,   -0.20971E+00,    0.75292E-02,    0.10267E-01
   -0.26196E+00,    0.10064E+00,    0.78385E-02,    0.10485E-01
   -0.26132E+00,    0.42628E+00,    0.86230E+00,    0.22537E+00
   -0.23931E+00,   -0.29240E-01,    0.77948E-02,    0.10452E-01
   -0.26875E+00,    0.35311E+00,   -0.35785E-02,   -0.83030E-02
   -0.22337E+00,   -0.92052E-01,    0.77296E-02,    0.10405E-01
   -0.21785E+00,   -0.11168E+00,    0.77031E-02,    0.10385E-01
   -0.29521E-01,   -0.49460E+00,   -0.70496E-01,    0.16071E+00
   -0.27199E+00,    0.30152E+00,   -0.77672E-03,   -0.49383E-02
   -0.17754E+00,   -0.22682E+00,    0.74906E-02,    0.10238E-01
   -0.23399E+00,   -0.54290E-01,    0.77717E-02,    0.10434E-01
   -0.20763E+00,   -0.14563E+00,    0.76505E-02,    0.10347E-01
   -0.26902E+00,    0.15934E+00,    0.70454E-02,    0.82572E-02
   -0.24376E+00,   -0.13303E-01,    0.78060E-02,    0.10458E-01
   -0.25972E+00,    0.74871E-01,    0.78385E-02,    0.10482E-01
   -0.27119E+00,    0.19016E+00,    0.57201E-02,    0.51753E-02
   -0.25172E+00,    0.25221E-01,    0.78269E-02,    0.10473E-01
   -0.26635E+00,    0.12631E+00,    0.78316E-02,    0.10476E-01
   -0.27307E+00,    0.23595E+00,    0.32738E-02,    0.68334E-03
   -0.16978E+00,   -0.24733E+00,    0.74417E-02,    0.10204E-01
   -0.16647E+00,   -0.25507E+00,    0.66230E-02,    0.91364E-02
   -0.26826E+00,    0.14419E+00,    0.75559E-02,    0.96586E-02
   -0.36729E-01,   -0.48591E+00,    0.63734E-02,   -0.30848E-01
   -0.26630E+00,    0.39769E+00,   -0.63216E-02,   -0.11537E-01
   -0.17348E+00,   -0.23922E+00,    0.74610E-02,    0.10216E-01
   -0.60227E-01,   -0.45187E+00,   -0.16153E-01,   -0.14629E-01
   -0.19206E+00,   -0.19243E+00,    0.75636E-02,    0.10286E-01
   -0.26776E+00,    0.13530E+00,    0.78281E-02,    0.10473E-01
   -0.27347E+00,    0.29163E+00,   -0.20868E-03,   -0.42836E-02
   -0.27684E-01,   -0.49923E+00,   -0.79662E+00,    0.46415E+00
   -0.22846E+00,   -0.79952E-01,    0.77428E-02,    0.10410E-01
   -0.25827E+00,    0.58814E-01,    0.78359E-02,    0.10477E-01
   -0.74130E-01,   -0.43089E+00,   -0.14563E-01,   -0.13174E-01
   -0.26317E+00,    0.91383E-01,    0.78374E-02,    0.10478E-01
   -0.13571E+00,   -0.32300E+00,   -0.20052E-02,   -0.74061E-03
   -0.56222E-01,   -0.45926E+00,   -0.17061E-01,   -0.15132E-01
   -0.11129E+00,   -0.36917E+00,   -0.81396E-02,   -0.69101E-02
   -0.26491E+00,    0.41790E+00,   -0.12683E+00,    0.43385E-01
   -0.94235E-01,   -0.39945E+00,   -0.11691E-01,   -0.10332E-01
   -0.14370E+00,   -0.30763E+00,    0.37380E-04,    0.14259E-02
   -0.24373E+00,   -0.21846E-01,    0.77981E-02,    0.10448E-01
   -0.25786E+00,    0.50435E-01,    0.78334E-02,    0.10473E-01
   -0.22297E+00,   -0.10318E+00,    0.77125E-02,    0.10386E-01
   -0.27091E+00,    0.36281E+00,   -0.39809E-02,   -0.89445E-02
   -0.27456E+00,    0.22606E+00,    0.37399E-02,    0.13946E-02
   -0.27267E+00,    0.18027E+00,    0.60507E-02,    0.58422E-02
   -0.27496E+00,    0.28174E+00,    0.35523E-03,   -0.36167E-02
   -0.10358E+00,   -0.38446E+00,   -0.10027E-01,   -0.87583E-02
   -0.15169E+00,   -0.29227E+00,    0.20055E-02,    0.35854E-02
   -0.26656E+00,    0.10912E+00,    0.78342E-02,    0.10473E-01
   -0.21306E+00,   -0.13729E+00,    0.76617E-02,    0.10350E-01
   -0.17684E+00,   -0.23585E+00,    0.74675E-02,    0.10217E-01
   -0.16382E+00,   -0.26632E+00,    0.51560E-02,    0.72772E-02
   -0.19806E+00,   -0.18174E+00,    0.75830E-02,    0.10295E-01
   -0.25246E+00,    0.15363E-01,    0.78202E-02,    0.10462E-01
   -0.23931E+00,   -0.45822E-01,    0.77769E-02,    0.10430E-01
   -0.26558E+00,    0.42364E+00,   -0.29120E+00,    0.84028E+00
   -0.17389E+00,   -0.24446E+00,    0.74466E-02,    0.10202E-01
   -0.71428E-01,   -0.43941E+00,   -0.15164E-01,   -0.13917E-01
   -0.34821E-01,   -0.49356E+00,    0.12726E+00,    0.19023E-01
   -0.26774E+00,    0.40918E+00,    0.61717E-02,   -0.40092E-01
   -0.26998E+00,    0.13081E+00,    0.78276E-02,    0.10465E-01
   -0.17062E+00,   -0.25305E+00,    0.65271E-02,    0.89895E-02
   -0.27644E+00,    0.27185E+00,    0.90863E-03,   -0.29412E-02
   -0.26917E+00,    0.12189E+00,    0.78302E-02,    0.10467E-01
   -0.19099E+00,   -0.20324E+00,    0.75389E-02,    0.10263E-01
   -0.23354E+00,   -0.71704E-01,    0.77496E-02,    0.10409E-01
   -0.27604E+00,    0.21617E+00,    0.41772E-02,    0.20936E-02
   -0.27189E+00,    0.37274E+00,   -0.42984E-02,   -0.92638E-02
   -0.27123E+00,    0.13992E+00,    0.75172E-02,    0.95262E-02
   -0.12566E+00,   -0.34759E+00,   -0.54552E-02,   -0.43581E-02
   -0.27388E+00,    0.34730E+00,   -0.34798E-02,   -0.82953E-02
   -0.13401E+00,   -0.33194E+00,   -0.33749E-02,   -0.22529E-02
   -0.27415E+00,    0.17039E+00,    0.63468E-02,    0.64837E-02
   -0.25875E+00,    0.41150E-01,    0.78288E-02,    0.10464E-01
   -0.18502E+00,   -0.22076E+00,    0.75004E-02,    0.10235E-01
   -0.21796E+00,   -0.12878E+00,    0.76731E-02,    0.10353E-01
   -0.27536E+00,    0.33741E+00,   -0.30604E-02,   -0.77926E-02
   -0.20345E+00,   -0.17259E+00,    0.75986E-02,    0.10301E-01
   -0.32687E-01,   -0.49893E+00,    0.49346E+00,    0.72633E+00
   -0.20726E+00,   -0.16241E+00,    0.76170E-02,    0.10313E-01
   -0.27793E+00,    0.26196E+00,    0.14462E-02,   -0.22606E-02
   -0.24362E+00,   -0.37177E-01,    0.77825E-02,    0.10429E-01
   -0.26608E+00,    0.82538E-01,    0.78342E-02,    0.10465E-01
   -0.27042E+00,    0.11734E+00,    0.78299E-02,    0.10462E-01
   -0.27684E+00,    0.32752E+00,   -0.25789E-02,   -0.72676E-02
   -0.27752E+00,    0.20628E+00,    0.45852E-02,    0.27775E-02
   -0.17795E+00,   -0.24152E+00,    0.74516E-02,    0.10199E-01
   -0.18138E+00,   -0.23329E+00,    0.74709E-02,    0.10212E-01
   -0.25355E+00,    0.54304E-02,    0.78122E-02,    0.10449E-01
   -0.54943E-01,   -0.46918E+00,   -0.19346E-01,   -0.15965E-01
   -0.93966E-01,   -0.40805E+00,   -0.12643E-01,   -0.11408E-01
   -0.17490E+00,   -0.24937E+00,    0.66465E-02,    0.91212E-02
   -0.27213E+00,    0.12628E+00,    0.78269E-02,    0.10458E-01
   -0.10266E+00,   -0.39409E+00,   -0.11215E-01,   -0.10053E-01
   -0.26992E+00,    0.41590E+00,   -0.68381E-01,   -0.20590E+00
   -0.68324E-01,   -0.44997E+00,   -0.15799E-01,   -0.14761E-01
   -0.27941E+00,    0.25207E+00,    0.19641E-02,   -0.15787E-02
   -0.23863E+00,   -0.63100E-01,    0.77563E-02,    0.10407E-01
   -0.27367E+00,    0.38231E+00,   -0.48393E-02,   -0.92549E-02
   -0.11987E+00,   -0.36406E+00,   -0.77033E-02,   -0.66918E-02
   -0.27353E+00,    0.13537E+00,    0.75170E-02,    0.95107E-02
   -0.14414E+00,   -0.31762E+00,   -0.16491E-02,   -0.53545E-03
   -0.27833E+00,    0.31764E+00,   -0.20623E-02,   -0.67178E-02
   -0.22281E+00,   -0.12016E+00,    0.76841E-02,    0.10356E-01
   -0.11169E+00,   -0.37914E+00,   -0.95371E-02,   -0.84699E-02
   -0.51020E-01,   -0.47631E+00,   -0.22980E-01,   -0.13209E-01
   -0.26981E+00,    0.42095E+00,   -0.85386E+00,   -0.30894E+00
   -0.25959E+00,    0.31199E-01,    0.78231E-02,    0.10454E-01
   -0.27006E+00,    0.10017E+00,    0.78317E-02,    0.10459E-01
   -0.27514E+00,    0.14820E+00,    0.70539E-02,    0.82070E-02
   -0.15213E+00,   -0.30226E+00,    0.32704E-03,    0.15852E-02
   -0.39767E-01,   -0.49319E+00,    0.93153E-04,   -0.16111E+00
   -0.21266E+00,   -0.15402E+00,    0.76294E-02,    0.10316E-01
   -0.18462E+00,   -0.22981E+00,    0.74775E-02,    0.10213E-01
   -0.27901E+00,    0.19639E+00,    0.49634E-02,    0.34433E-02
   -0.25258E+00,   -0.85912E-02,    0.78019E-02,    0.10437E-01
   -0.16012E+00,   -0.28689E+00,    0.22100E-02,    0.36782E-02
   -0.26626E+00,    0.66145E-01,    0.78309E-02,    0.10457E-01
   -0.27421E+00,    0.39227E+00,   -0.66005E-02,   -0.94455E-02
   -0.28089E+00,    0.24218E+00,    0.24596E-02,   -0.89888E-03
   -0.18196E+00,   -0.23851E+00,    0.74566E-02,    0.10197E-01
   -0.17262E+00,   -0.26070E+00,    0.52011E-02,    0.72428E-02
   -0.28048E+00,    0.30826E+00,   -0.15860E-02,   -0.62421E-02
   -0.13385E+00,   -0.34186E+00,   -0.49527E-02,   -0.40311E-02
   -0.84191E-01,   -0.42884E+00,   -0.14461E-01,   -0.13344E-01
   -0.27310E+00,    0.11286E+00,    0.78282E-02,    0.10453E-01
   -0.90149E-01,   -0.41929E+00,   -0.13706E-01,   -0.12552E-01
   -0.12609E+00,   -0.35679E+00,   -0.68824E-02,   -0.59649E-02
   -0.27420E+00,    0.12172E+00,    0.78260E-02,    0.10451E-01
   -0.37687E-01,   -0.49858E+00,    0.71104E+00,   -0.52396E+00
   -0.28130E+00,    0.29786E+00,   -0.97654E-03,   -0.55497E-02
   -0.17898E+00,   -0.24721E+00,    0.65527E-02,    0.89732E-02
   -0.27543E+00,    0.13004E+00,    0.75525E-02,    0.96028E-02
   -0.65897E-01,   -0.45824E+00,   -0.16203E-01,   -0.15409E-01
   -0.26591E+00,    0.56178E-01,    0.78282E-02,    0.10452E-01
   -0.22794E+00,   -0.11160E+00,    0.76940E-02,    0.10357E-01
   -0.27314E+00,    0.41325E+00,    0.14385E+00,   -0.91418E-01
   -0.21739E+00,   -0.14625E+00,    0.76407E-02,    0.10319E-01
   -0.25226E+00,   -0.18569E-01,    0.77932E-02,    0.10426E-01
   -0.26931E+00,    0.75452E-01,    0.78302E-02,    0.10452E-01
   -0.26039E+00,    0.21264E-01,    0.78166E-02,    0.10443E-01
   -0.27890E+00,    0.35705E+00,   -0.40026E-02,   -0.91769E-02
   -0.24397E+00,   -0.54662E-01,    0.77619E-02,    0.10404E-01
   -0.28049E+00,    0.18650E+00,    0.53118E-02,    0.40883E-02
   -0.47279E-01,   -0.48680E+00,   -0.33160E-01,    0.87272E-02
   -0.28238E+00,    0.23229E+00,    0.29306E-02,   -0.22399E-03
   -0.14284E+00,   -0.32729E+00,   -0.31283E-02,   -0.22076E-02
   -0.23209E+00,   -0.99829E-01,    0.77095E-02,    0.10366E-01
   -0.27419E+00,    0.10824E+00,    0.78277E-02,    0.10449E-01
   -0.28278E+00,    0.28797E+00,   -0.42890E-03,   -0.49455E-02
   -0.19419E+00,   -0.21384E+00,    0.75106E-02,    0.10229E-01
   -0.27799E+00,    0.14041E+00,    0.71207E-02,    0.83569E-02
   -0.18907E+00,   -0.22710E+00,    0.74811E-02,    0.10209E-01
   -0.23838E+00,   -0.80368E-01,    0.77330E-02,    0.10381E-01
   -0.27402E+00,    0.41823E+00,    0.36796E+00,   -0.84466E+00
   -0.81262E-01,   -0.43774E+00,   -0.15066E-01,   -0.14117E-01
   -0.20324E+00,   -0.19099E+00,    0.75577E-02,    0.10260E-01
   -0.18593E+00,   -0.23544E+00,    0.74618E-02,    0.10195E-01
   -0.62703E-01,   -0.46651E+00,   -0.17056E-01,   -0.16429E-01
   -0.23586E+00,   -0.90570E-01,    0.77203E-02,    0.10371E-01
   -0.11115E+00,   -0.38883E+00,   -0.10761E-01,   -0.98146E-02
   -0.27620E+00,    0.11712E+00,    0.78251E-02,    0.10444E-01
   -0.18314E+00,   -0.24338E+00,    0.66706E-02,    0.91074E-02
   -0.27326E+00,    0.91098E-01,    0.78287E-02,    0.10446E-01
   -0.24788E+00,   -0.45853E-01,    0.77687E-02,    0.10405E-01
   -0.27654E+00,    0.40236E+00,   -0.25164E-01,    0.11193E-01
   -0.27998E+00,    0.36697E+00,   -0.41036E-02,   -0.97475E-02
   -0.28426E+00,    0.27808E+00,    0.11456E-03,   -0.43220E-02
   -0.28386E+00,    0.22240E+00,    0.33752E-02,    0.44117E-03
   -0.22234E+00,   -0.13757E+00,    0.76528E-02,    0.10323E-01
   -0.25212E+00,   -0.28550E-01,    0.77835E-02,    0.10415E-01
   -0.12001E+00,   -0.37406E+00,   -0.91023E-02,   -0.82531E-02
   -0.26701E+00,    0.46686E-01,    0.78237E-02,    0.10442E-01
   -0.28198E+00,    0.17662E+00,    0.56304E-02,    0.47095E-02
   -0.45161E-01,   -0.49341E+00,   -0.19818E+00,   -0.25633E-01
   -0.10311E+00,   -0.40403E+00,   -0.12353E-01,   -0.11348E-01
   -0.15257E+00,   -0.31225E+00,   -0.13340E-02,   -0.37860E-03
   -0.27790E+00,    0.12615E+00,    0.75153E-02,    0.94759E-02
   -0.19219E+00,   -0.22351E+00,    0.74878E-02,    0.10210E-01
   -0.16056E+00,   -0.29688E+00,    0.56300E-03,    0.16875E-02
   -0.42683E-01,   -0.49817E+00,   -0.53810E+00,   -0.74831E+00
   -0.26159E+00,    0.11366E-01,    0.78090E-02,    0.10430E-01
   -0.59732E-01,   -0.47397E+00,   -0.21056E-01,   -0.19499E-01
   -0.28575E+00,    0.26819E+00,    0.64384E-03,   -0.36968E-02
   -0.77854E-01,   -0.44703E+00,   -0.15528E-01,   -0.14824E-01
   -0.28318E+00,    0.34364E+00,   -0.36794E-02,   -0.86839E-02
   -0.28070E+00,    0.37688E+00,   -0.39997E-02,   -0.94629E-02
   -0.27735E+00,    0.40974E+00,    0.37395E-01,    0.11909E+00
   -0.16856E+00,   -0.28152E+00,    0.23607E-02,    0.37142E-02
   -0.27672E+00,    0.10368E+00,    0.78257E-02,    0.10439E-01
   -0.18983E+00,   -0.23230E+00,    0.74670E-02,    0.10193E-01
   -0.28535E+00,    0.21251E+00,    0.37927E-02,    0.10936E-02
   -0.24352E+00,   -0.71816E-01,    0.77400E-02,    0.10379E-01
   -0.27811E+00,    0.11249E+00,    0.78239E-02,    0.10437E-01
   -0.22750E+00,   -0.12887E+00,    0.76642E-02,    0.10326E-01
   -0.28467E+00,    0.33375E+00,   -0.32387E-02,   -0.82373E-02
   -0.13473E+00,   -0.35178E+00,   -0.65094E-02,   -0.58141E-02
   -0.28346E+00,    0.16673E+00,    0.59218E-02,    0.53044E-02
   -0.14239E+00,   -0.33726E+00,   -0.46822E-02,   -0.39711E-02
   -0.18124E+00,   -0.25479E+00,    0.52492E-02,    0.72103E-02
   -0.12651E+00,   -0.36732E+00,   -0.84089E-02,   -0.76895E-02
   -0.27951E+00,    0.12108E+00,    0.75483E-02,    0.95684E-02
   -0.26776E+00,    0.36943E-01,    0.78185E-02,    0.10433E-01
   -0.18714E+00,   -0.24109E+00,    0.65787E-02,    0.89589E-02
   -0.20971E+00,   -0.18339E+00,    0.75695E-02,    0.10260E-01
   -0.28723E+00,    0.25830E+00,    0.11571E-02,   -0.30600E-02
   -0.27820E+00,    0.41546E+00,    0.78920E+00,    0.39687E+00
   -0.21723E+00,   -0.16282E+00,    0.76073E-02,    0.10285E-01
   -0.27765E+00,    0.99020E-01,    0.78250E-02,    0.10435E-01
   -0.28351E+00,    0.15624E+00,    0.62919E-02,    0.61605E-02
   -0.28649E+00,    0.31577E+00,   -0.23023E-02,   -0.72767E-02
   -0.49218E-01,   -0.49291E+00,   -0.60398E-01,    0.15700E+00
   -0.28615E+00,    0.32386E+00,   -0.27552E-02,   -0.77570E-02
   -0.20308E+00,   -0.20316E+00,    0.75293E-02,    0.10231E-01
   -0.25353E+00,   -0.37701E-01,    0.77724E-02,    0.10398E-01
   -0.28683E+00,    0.20262E+00,    0.41825E-02,    0.17306E-02
   -0.28202E+00,    0.38669E+00,   -0.43865E-02,   -0.80874E-02
   -0.26137E+00,   -0.35580E-02,    0.77977E-02,    0.10415E-01
   -0.27612E+00,    0.81962E-01,    0.78251E-02,    0.10433E-01
   -0.21451E+00,   -0.17326E+00,    0.75876E-02,    0.10269E-01
   -0.19693E+00,   -0.22053E+00,    0.74916E-02,    0.10205E-01
   -0.19369E+00,   -0.22910E+00,    0.74723E-02,    0.10192E-01
   -0.93564E-01,   -0.42748E+00,   -0.14425E-01,   -0.13533E-01
   -0.28872E+00,    0.24841E+00,    0.16490E-02,   -0.24294E-02
   -0.27995E+00,    0.10782E+00,    0.78227E-02,    0.10430E-01
   -0.10200E+00,   -0.41396E+00,   -0.13337E-01,   -0.12440E-01
   -0.23272E+00,   -0.12036E+00,    0.76745E-02,    0.10327E-01
   -0.24862E+00,   -0.63516E-01,    0.77462E-02,    0.10377E-01
   -0.19117E+00,   -0.23713E+00,    0.66953E-02,    0.90945E-02
   -0.47675E-01,   -0.49772E+00,   -0.73414E+00,    0.55442E+00
   -0.11142E+00,   -0.39881E+00,   -0.11928E-01,   -0.11128E-01
   -0.75697E-01,   -0.45669E+00,   -0.15689E-01,   -0.15450E-01
   -0.26853E+00,    0.27014E-01,    0.78124E-02,    0.10422E-01
   -0.19956E+00,   -0.21697E+00,    0.74984E-02,    0.10207E-01
   -0.89193E-01,   -0.43635E+00,   -0.15024E-01,   -0.14250E-01
   -0.28196E+00,    0.11679E+00,    0.75114E-02,    0.94417E-02
   -0.28362E+00,    0.13161E+00,    0.70433E-02,    0.80678E-02
   -0.22255E+00,   -0.15474E+00,    0.76190E-02,    0.10287E-01
   -0.26102E+00,   -0.13908E-01,    0.77891E-02,    0.10405E-01
   -0.28164E+00,    0.40773E+00,   -0.19800E+00,    0.56508E-01
   -0.16100E+00,   -0.30687E+00,   -0.10622E-02,   -0.26418E-03
   -0.28831E+00,    0.19273E+00,    0.45444E-02,    0.23490E-02
   -0.28960E+00,    0.29876E+00,   -0.14189E-02,   -0.64073E-02
   -0.28318E+00,    0.39657E+00,    0.52835E-02,   -0.27534E-01
   -0.29020E+00,    0.23852E+00,    0.21210E-02,   -0.17937E-02
   -0.28003E+00,    0.94374E-01,    0.78227E-02,    0.10426E-01
   -0.27544E+00,    0.60989E-01,    0.78210E-02,    0.10425E-01
   -0.16900E+00,   -0.29151E+00,    0.75266E-03,    0.17301E-02
   -0.27389E+00,    0.50921E-01,    0.78189E-02,    0.10423E-01
   -0.25242E+00,   -0.54352E-01,    0.77541E-02,    0.10379E-01
   -0.19749E+00,   -0.22583E+00,    0.74776E-02,    0.10190E-01
   -0.20260E+00,   -0.21302E+00,    0.75057E-02,    0.10208E-01
   -0.23792E+00,   -0.10929E+00,    0.76884E-02,    0.10332E-01
   -0.28172E+00,    0.10313E+00,    0.78213E-02,    0.10423E-01
   -0.28235E+00,    0.41265E+00,   -0.42652E+00,    0.78573E+00
   -0.28642E+00,    0.14695E+00,    0.64171E-02,    0.64063E-02
   -0.14283E+00,   -0.34618E+00,   -0.60610E-02,   -0.55561E-02
   -0.18909E+00,   -0.24771E+00,    0.54748E-02,    0.74291E-02
   -0.15047E+00,   -0.33139E+00,   -0.42323E-02,   -0.36889E-02
   -0.54579E-01,   -0.49177E+00,    0.11897E+00,   -0.15284E-01
   -0.12197E+00,   -0.38483E+00,   -0.10540E-01,   -0.99236E-02
   -0.72352E-01,   -0.46578E+00,   -0.15136E-01,   -0.15722E-01
   -0.13478E+00,   -0.36172E+00,   -0.79421E-02,   -0.74329E-02
   -0.29128E+00,    0.28631E+00,   -0.74081E-03,   -0.56888E-02
   -0.17699E+00,   -0.27614E+00,    0.24594E-02,    0.36828E-02
   -0.28324E+00,    0.11172E+00,    0.75529E-02,    0.95642E-02
   -0.22733E+00,   -0.14622E+00,    0.76315E-02,    0.10291E-01
   -0.26080E+00,   -0.23622E-01,    0.77800E-02,    0.10394E-01
   -0.28081E+00,    0.89686E-01,    0.78217E-02,    0.10421E-01
   -0.24199E+00,   -0.98460E-01,    0.77021E-02,    0.10340E-01
   -0.27834E+00,    0.71747E-01,    0.78212E-02,    0.10421E-01
   -0.19509E+00,   -0.23470E+00,    0.66057E-02,    0.89449E-02
   -0.29168E+00,    0.22863E+00,    0.25678E-02,   -0.11669E-02
   -0.28980E+00,    0.18284E+00,    0.48783E-02,    0.29459E-02
   -0.61006E-01,   -0.48406E+00,   -0.33940E-01,   -0.34295E-01
   -0.10055E+00,   -0.42374E+00,   -0.14189E-01,   -0.13404E-01
   -0.87309E-01,   -0.44558E+00,   -0.15506E-01,   -0.15018E-01
   -0.52662E-01,   -0.49722E+00,    0.57377E+00,    0.66486E+00
   -0.24576E+00,   -0.89234E-01,    0.77127E-02,    0.10344E-01
   -0.20124E+00,   -0.22250E+00,    0.74831E-02,    0.10188E-01
   -0.69092E-01,   -0.47378E+00,   -0.11283E-01,   -0.16201E-01
   -0.28340E+00,    0.98407E-01,    0.78197E-02,    0.10416E-01
   -0.28551E+00,    0.40410E+00,   -0.51044E-01,   -0.15310E+00
   -0.28878E+00,    0.37103E+00,   -0.39779E-02,   -0.11184E-01
   -0.29059E+00,    0.34822E+00,   -0.42125E-02,   -0.93558E-02
   -0.27544E+00,    0.41740E-01,    0.78135E-02,    0.10412E-01
   -0.20669E+00,   -0.21018E+00,    0.75092E-02,    0.10204E-01
   -0.23221E+00,   -0.13754E+00,    0.76436E-02,    0.10295E-01
   -0.29317E+00,    0.21874E+00,    0.29898E-02,   -0.55084E-03
   -0.29296E+00,    0.30817E+00,   -0.21372E-02,   -0.73396E-02
   -0.27074E+00,    0.14633E-01,    0.78024E-02,    0.10404E-01
   -0.25779E+00,   -0.46021E-01,    0.77588E-02,    0.10374E-01
   -0.29018E+00,    0.35919E+00,   -0.45801E-02,   -0.99926E-02
   -0.11111E+00,   -0.40862E+00,   -0.12943E-01,   -0.12259E-01
   -0.26074E+00,   -0.33617E-01,    0.77698E-02,    0.10382E-01
   -0.19898E+00,   -0.23061E+00,    0.67207E-02,    0.90823E-02
   -0.29128E+00,    0.17296E+00,    0.51845E-02,    0.35185E-02
   -0.24950E+00,   -0.79973E-01,    0.77226E-02,    0.10348E-01
   -0.28731E+00,    0.12362E+00,    0.70304E-02,    0.79958E-02
   -0.28571E+00,    0.10731E+00,    0.75072E-02,    0.94087E-02
   -0.28302E+00,    0.84973E-01,    0.78191E-02,    0.10412E-01
   -0.16144E+00,   -0.31686E+00,   -0.26690E-02,   -0.21733E-02
   -0.21406E+00,   -0.19420E+00,    0.75409E-02,    0.10223E-01
   -0.28647E+00,    0.40980E+00,   -0.78033E+00,   -0.47318E+00
   -0.85018E-01,   -0.45337E+00,   -0.15718E-01,   -0.15568E-01
   -0.20493E+00,   -0.21910E+00,    0.74885E-02,    0.10187E-01
   -0.28972E+00,    0.38096E+00,   -0.21736E-02,   -0.90228E-02
   -0.28501E+00,    0.93658E-01,    0.78181E-02,    0.10409E-01
   -0.12110E+00,   -0.39479E+00,   -0.11673E-01,   -0.11163E-01
   -0.25338E+00,   -0.70770E-01,    0.77317E-02,    0.10351E-01
   -0.29465E+00,    0.20885E+00,    0.33865E-02,    0.52532E-04
   -0.29397E+00,    0.33009E+00,   -0.34241E-02,   -0.86840E-02
   -0.60060E-01,   -0.49171E+00,   -0.38925E-01,   -0.20865E+00
   -0.28365E+00,    0.80253E-01,    0.78178E-02,    0.10408E-01
   -0.27030E+00,    0.92415E-03,    0.77926E-02,    0.10392E-01
   -0.21024E+00,   -0.20743E+00,    0.75128E-02,    0.10201E-01
   -0.98622E-01,   -0.43337E+00,   -0.14898E-01,   -0.14248E-01
   -0.17743E+00,   -0.28613E+00,    0.89189E-03,    0.17181E-02
   -0.15862E+00,   -0.32562E+00,   -0.38364E-02,   -0.34603E-02
   -0.29615E+00,    0.27758E+00,   -0.45691E-03,   -0.55624E-02
   -0.23748E+00,   -0.12909E+00,    0.76542E-02,    0.10296E-01
   -0.29276E+00,    0.16307E+00,    0.54633E-02,    0.40641E-02
   -0.19720E+00,   -0.24152E+00,    0.54912E-02,    0.73610E-02
   -0.27668E+00,    0.32513E-01,    0.78076E-02,    0.10401E-01
   -0.28707E+00,    0.10182E+00,    0.75409E-02,    0.95093E-02
   -0.20282E+00,   -0.22805E+00,    0.66335E-02,    0.89317E-02
   -0.14325E+00,   -0.35690E+00,   -0.76244E-02,   -0.73500E-02
   -0.57644E-01,   -0.49667E+00,    0.66806E+00,   -0.61081E+00
   -0.22736E+00,   -0.16194E+00,    0.75997E-02,    0.10258E-01
   -0.15153E+00,   -0.34129E+00,   -0.57854E-02,   -0.55088E-02
   -0.13551E+00,   -0.37163E+00,   -0.92943E-02,   -0.89855E-02
   -0.18542E+00,   -0.27076E+00,    0.25071E-02,    0.35829E-02
   -0.28955E+00,    0.40122E+00,    0.14125E+00,   -0.37601E-01
   -0.29063E+00,    0.39200E+00,   -0.13838E-01,    0.16224E-01
   -0.20856E+00,   -0.21565E+00,    0.74941E-02,    0.10186E-01
   -0.26974E+00,   -0.90182E-02,    0.77848E-02,    0.10383E-01
   -0.29614E+00,    0.19896E+00,    0.37572E-02,    0.64037E-03
   -0.13131E+00,   -0.38066E+00,   -0.10294E-01,   -0.99667E-02
   -0.29757E+00,    0.26017E+00,    0.48465E-03,   -0.44316E-02
   -0.29632E+00,    0.31748E+00,   -0.28248E-02,   -0.81816E-02
   -0.21360E+00,   -0.20315E+00,    0.75202E-02,    0.10202E-01
   -0.28653E+00,    0.88883E-01,    0.78162E-02,    0.10402E-01
   -0.81640E-01,   -0.46302E+00,   -0.15596E-01,   -0.15955E-01
   -0.29802E+00,    0.24475E+00,    0.13214E-02,   -0.32989E-02
   -0.25824E+00,   -0.62391E-01,    0.77380E-02,    0.10349E-01
   -0.22108E+00,   -0.18451E+00,    0.75568E-02,    0.10225E-01
   -0.19341E+00,   -0.25540E+00,    0.39715E-02,    0.53473E-02
   -0.29044E+00,    0.11421E+00,    0.70684E-02,    0.80726E-02
   -0.20658E+00,   -0.22383E+00,    0.67468E-02,    0.90707E-02
   -0.29425E+00,    0.15318E+00,    0.57145E-02,    0.45812E-02
   -0.28558E+00,    0.75245E-01,    0.78150E-02,    0.10399E-01
   -0.29056E+00,    0.40691E+00,    0.45343E+00,   -0.77411E+00
   -0.64427E-01,   -0.49058E+00,   -0.17864E+00,   -0.21323E-01
   -0.23228E+00,   -0.15380E+00,    0.76117E-02,    0.10261E-01
   -0.27761E+00,    0.23250E-01,    0.78012E-02,    0.10390E-01
   -0.28914E+00,    0.97699E-01,    0.75014E-02,    0.93769E-02
   -0.28483E+00,    0.65047E-01,    0.78132E-02,    0.10396E-01
   -0.96748E-01,   -0.44273E+00,   -0.15469E-01,   -0.15030E-01
   -0.26963E+00,   -0.18976E-01,    0.77757E-02,    0.10372E-01
   -0.21213E+00,   -0.21213E+00,    0.74996E-02,    0.10185E-01
   -0.28364E+00,    0.56070E-01,    0.78115E-02,    0.10395E-01
   -0.11015E+00,   -0.42110E+00,   -0.14052E-01,   -0.13483E-01
   -0.29762E+00,    0.18907E+00,    0.41019E-02,    0.12089E-02
   -0.29906E+00,    0.29797E+00,   -0.18066E-02,   -0.72357E-02
   -0.29951E+00,    0.23486E+00,    0.17645E-02,   -0.27159E-02
   -0.28798E+00,    0.84082E-01,    0.78143E-02,    0.10395E-01
   -0.28617E+00,    0.70730E-01,    0.78134E-02,    0.10395E-01
   -0.24430E+00,   -0.11910E+00,    0.76654E-02,    0.10295E-01
   -0.12031E+00,   -0.40475E+00,   -0.12694E-01,   -0.12278E-01
   -0.16988E+00,   -0.31149E+00,   -0.24240E-02,   -0.21139E-02
   -0.29502E+00,    0.14238E+00,    0.60152E-02,    0.52546E-02
   -0.21771E+00,   -0.19958E+00,    0.75250E-02,    0.10199E-01
   -0.24849E+00,   -0.10637E+00,    0.76828E-02,    0.10306E-01
   -0.29788E+00,    0.34138E+00,   -0.41787E-02,   -0.94381E-02
   -0.78928E-01,   -0.47206E+00,   -0.16167E-01,   -0.14703E-01
   -0.62620E-01,   -0.49606E+00,   -0.63169E+00,   -0.69250E+00
   -0.17787E+00,   -0.29612E+00,   -0.67006E-03,   -0.21026E-03
   -0.25185E+00,   -0.96999E-01,    0.76945E-02,    0.10312E-01
   -0.29031E+00,    0.92172E-01,    0.75341E-02,    0.94795E-02
   -0.21033E+00,   -0.22115E+00,    0.66619E-02,    0.89191E-02
   -0.23729E+00,   -0.14596E+00,    0.76225E-02,    0.10263E-01
   -0.14361E+00,   -0.36587E+00,   -0.88467E-02,   -0.87536E-02
   -0.15145E+00,   -0.35121E+00,   -0.72061E-02,   -0.71393E-02
   -0.15950E+00,   -0.33557E+00,   -0.53864E-02,   -0.52925E-02
   -0.13015E+00,   -0.39058E+00,   -0.11407E-01,   -0.11179E-01
   -0.28410E+00,    0.46852E-01,    0.78073E-02,    0.10387E-01
   -0.30099E+00,    0.22497E+00,    0.21852E-02,   -0.21399E-02
   -0.29420E+00,    0.39870E+00,    0.25348E-01,    0.18454E+00
   -0.21565E+00,   -0.20856E+00,    0.75053E-02,    0.10183E-01
   -0.30127E+00,    0.28613E+00,   -0.12086E-02,   -0.66712E-02
   -0.20519E+00,   -0.23539E+00,    0.54620E-02,    0.72244E-02
   -0.18586E+00,   -0.28075E+00,    0.98123E-03,    0.16394E-02
   -0.29910E+00,    0.17919E+00,    0.44201E-02,    0.17552E-02
   -0.22836E+00,   -0.17387E+00,    0.75735E-02,    0.10229E-01
   -0.28934E+00,    0.79259E-01,    0.78122E-02,    0.10389E-01
   -0.73632E-01,   -0.48250E+00,    0.12736E-01,   -0.95119E-02
   -0.22052E+00,   -0.19664E+00,    0.75293E-02,    0.10198E-01
   -0.69231E-01,   -0.48912E+00,   -0.29131E-01,    0.10033E+00
   -0.30207E+00,    0.26909E+00,   -0.26406E-03,   -0.55955E-02
   -0.25565E+00,   -0.87791E-01,    0.77049E-02,    0.10316E-01
   -0.10749E+00,   -0.43069E+00,   -0.14770E-01,   -0.14245E-01
   -0.29603E+00,    0.13175E+00,    0.62620E-02,    0.58396E-02
   -0.26711E+00,   -0.42904E-01,    0.77529E-02,    0.10349E-01
   -0.17503E+00,   -0.30616E+00,   -0.19879E-02,   -0.17291E-02
   -0.26988E+00,   -0.31360E-01,    0.77629E-02,    0.10356E-01
   -0.26451E+00,   -0.54366E-01,    0.77418E-02,    0.10341E-01
   -0.29463E+00,    0.40397E+00,    0.76275E+00,    0.45662E+00
   -0.19385E+00,   -0.26539E+00,    0.25044E-02,    0.34136E-02
   -0.29771E+00,    0.37498E+00,   -0.42545E-02,   -0.15222E-01
   -0.94825E-01,   -0.45195E+00,   -0.15892E-01,   -0.15786E-01
   -0.21394E+00,   -0.21680E+00,    0.67736E-02,    0.90593E-02
   -0.22351E+00,   -0.19219E+00,    0.75369E-02,    0.10200E-01
   -0.30247E+00,    0.21508E+00,    0.25844E-02,   -0.15768E-02
   -0.24203E+00,   -0.13795E+00,    0.76332E-02,    0.10265E-01
   -0.30017E+00,    0.35109E+00,   -0.49109E-02,   -0.98210E-02
   -0.28028E+00,    0.14063E-01,    0.77923E-02,    0.10373E-01
   -0.28838E+00,    0.61128E-01,    0.78085E-02,    0.10382E-01
   -0.27855E+00,    0.46551E-02,    0.77871E-02,    0.10369E-01
   -0.28472E+00,    0.38291E-01,    0.78026E-02,    0.10379E-01
   -0.30182E+00,    0.32554E+00,   -0.34979E-02,   -0.90223E-02
   -0.21910E+00,   -0.20493E+00,    0.75109E-02,    0.10183E-01
   -0.25937E+00,   -0.78757E-01,    0.77143E-02,    0.10320E-01
   -0.29224E+00,    0.87983E-01,    0.74933E-02,    0.93444E-02
   -0.30353E+00,    0.25163E+00,    0.63134E-03,   -0.44982E-02
   -0.30059E+00,    0.16930E+00,    0.47121E-02,    0.22768E-02
   -0.29062E+00,    0.74413E-01,    0.78099E-02,    0.10382E-01
   -0.30278E+00,    0.30988E+00,   -0.26676E-02,   -0.82702E-02
   -0.11911E+00,   -0.41459E+00,   -0.13584E-01,   -0.13228E-01
   -0.20184E+00,   -0.25002E+00,    0.38767E-02,    0.50767E-02
   -0.67589E-01,   -0.49541E+00,   -0.68075E+00,    0.57415E+00
   -0.29753E+00,    0.39533E+00,   -0.13721E+00,    0.85288E-02
   -0.17031E+00,   -0.32148E+00,   -0.39581E-02,   -0.39451E-02
   -0.91398E-01,   -0.46095E+00,   -0.15964E-01,   -0.16458E-01
   -0.29537E+00,    0.10256E+00,    0.70218E-02,    0.78882E-02
   -0.10458E+00,   -0.44083E+00,   -0.15417E-01,   -0.15003E-01
   -0.30396E+00,    0.20519E+00,    0.29590E-02,   -0.10225E-02
   -0.24651E+00,   -0.12978E+00,    0.76439E-02,    0.10267E-01
   -0.29323E+00,    0.82420E-01,    0.75260E-02,    0.94501E-02
   -0.27855E+00,   -0.46551E-02,    0.77795E-02,    0.10359E-01
   -0.21760E+00,   -0.21400E+00,    0.66906E-02,    0.89067E-02
   -0.22250E+00,   -0.20124E+00,    0.75166E-02,    0.10182E-01
   -0.22716E+00,   -0.18897E+00,    0.75409E-02,    0.10197E-01
   -0.26383E+00,   -0.69821E-01,    0.77223E-02,    0.10320E-01
   -0.12932E+00,   -0.40043E+00,   -0.12415E-01,   -0.12281E-01
   -0.29183E+00,    0.69546E-01,    0.78076E-02,    0.10376E-01
   -0.29870E+00,    0.12351E+00,    0.63117E-02,    0.59164E-02
   -0.30207E+00,    0.15941E+00,    0.49775E-02,    0.27707E-02
   -0.29024E+00,    0.56649E-01,    0.78050E-02,    0.10373E-01
   -0.14361E+00,   -0.37585E+00,   -0.10094E-01,   -0.10175E-01
   -0.18630E+00,   -0.29074E+00,   -0.54656E-03,   -0.27451E-03
   -0.23636E+00,   -0.16448E+00,    0.75858E-02,    0.10226E-01
   -0.74249E-01,   -0.48919E+00,    0.15821E+00,    0.80500E-02
   -0.29866E+00,    0.40100E+00,   -0.51330E+00,    0.73158E+00
   -0.30611E+00,    0.27755E+00,   -0.94586E-03,   -0.65973E-02
   -0.30028E+00,    0.38593E+00,    0.20933E-01,   -0.25731E-01
   -0.30266E+00,    0.36076E+00,   -0.62408E-02,   -0.10214E-01
   -0.22981E+00,   -0.18462E+00,    0.75483E-02,    0.10200E-01
   -0.21321E+00,   -0.22895E+00,    0.54174E-02,    0.70561E-02
   -0.15231E+00,   -0.36109E+00,   -0.85781E-02,   -0.87437E-02
   -0.15993E+00,   -0.34655E+00,   -0.69795E-02,   -0.71538E-02
   -0.29026E+00,    0.51458E-01,    0.78030E-02,    0.10370E-01
   -0.22091E+00,   -0.20953E+00,    0.68187E-02,    0.90784E-02
   -0.27824E+00,   -0.13960E-01,    0.77715E-02,    0.10350E-01
   -0.30544E+00,    0.19530E+00,    0.33101E-02,   -0.48641E-03
   -0.16829E+00,   -0.33084E+00,   -0.52185E-02,   -0.53660E-02
   -0.19429E+00,   -0.27538E+00,    0.10239E-02,    0.14955E-02
   -0.30504E+00,    0.33462E+00,   -0.40854E-02,   -0.96359E-02
   -0.17559E+00,   -0.31612E+00,   -0.35221E-02,   -0.35830E-02
   -0.30672E+00,    0.29447E+00,   -0.19440E-02,   -0.77076E-02
   -0.22583E+00,   -0.19749E+00,    0.75224E-02,    0.10181E-01
   -0.88376E-01,   -0.47038E+00,   -0.14498E-01,   -0.17861E-01
   -0.29295E+00,    0.64660E-01,    0.78050E-02,    0.10369E-01
   -0.13931E+00,   -0.38665E+00,   -0.11201E-01,   -0.11277E-01
   -0.30733E+00,    0.24109E+00,    0.97332E-03,   -0.41971E-02
   -0.30615E+00,    0.31919E+00,   -0.33378E-02,   -0.90325E-02
   -0.29502E+00,    0.78169E-01,    0.74841E-02,    0.93133E-02
   -0.30754E+00,    0.26077E+00,   -0.85911E-04,   -0.56237E-02
   -0.28749E+00,    0.28846E-01,    0.77946E-02,    0.10362E-01
   -0.72552E-01,   -0.49471E+00,    0.52721E+00,    0.68111E+00
   -0.25463E+00,   -0.11303E+00,    0.76653E-02,    0.10275E-01
   -0.10208E+00,   -0.45050E+00,   -0.15946E-01,   -0.15775E-01
   -0.30355E+00,    0.14952E+00,    0.52169E-02,    0.32333E-02
   -0.18403E+00,   -0.30072E+00,   -0.18475E-02,   -0.18081E-02
   -0.30018E+00,    0.11362E+00,    0.64582E-02,    0.62801E-02
   -0.20228E+00,   -0.26001E+00,    0.24608E-02,    0.31740E-02
   -0.22383E+00,   -0.20658E+00,    0.68108E-02,    0.90459E-02
   -0.27787E+00,   -0.23929E-01,    0.77622E-02,    0.10339E-01
   -0.25220E+00,   -0.12311E+00,    0.76501E-02,    0.10263E-01
   -0.23360E+00,   -0.18072E+00,    0.75533E-02,    0.10197E-01
   -0.30221E+00,    0.39264E+00,   -0.75662E-02,   -0.19315E+00
   -0.24206E+00,   -0.15610E+00,    0.75974E-02,    0.10227E-01
   -0.29172E+00,    0.46978E-01,    0.77996E-02,    0.10362E-01
   -0.22910E+00,   -0.19369E+00,    0.75282E-02,    0.10181E-01
   -0.30693E+00,    0.18542E+00,    0.36365E-02,    0.30032E-04
   -0.29857E+00,    0.93411E-01,    0.69971E-02,    0.77988E-02
   -0.29582E+00,    0.72576E-01,    0.75168E-02,    0.94220E-02
   -0.29399E+00,    0.59756E-01,    0.78024E-02,    0.10363E-01
   -0.25826E+00,   -0.10446E+00,    0.76758E-02,    0.10279E-01
   -0.83875E-01,   -0.48090E+00,   -0.37475E-01,   -0.10710E-01
   -0.30883E+00,    0.30207E+00,   -0.24751E-02,   -0.83266E-02
   -0.12815E+00,   -0.41033E+00,   -0.13309E-01,   -0.13234E-01
   -0.28737E+00,    0.18179E-01,    0.77879E-02,    0.10353E-01
   -0.11729E+00,   -0.42883E+00,   -0.14681E-01,   -0.14358E-01
   -0.23585E+00,   -0.17684E+00,    0.75597E-02,    0.10200E-01
   -0.21028E+00,   -0.24465E+00,    0.37388E-02,    0.47312E-02
   -0.79149E-01,   -0.48842E+00,    0.48401E-02,   -0.16476E+00
   -0.30267E+00,    0.39799E+00,   -0.74263E+00,   -0.52708E+00
   -0.29181E+00,    0.41730E-01,    0.77970E-02,    0.10358E-01
   -0.27739E+00,   -0.32535E-01,    0.77536E-02,    0.10330E-01
   -0.26161E+00,   -0.95768E-01,    0.76863E-02,    0.10284E-01
   -0.30741E+00,    0.34432E+00,   -0.45921E-02,   -0.99993E-02
   -0.27584E+00,   -0.41138E-01,    0.77457E-02,    0.10323E-01
   -0.23804E+00,   -0.17271E+00,    0.75665E-02,    0.10202E-01
   -0.30504E+00,    0.13963E+00,    0.54300E-02,    0.36627E-02
   -0.23230E+00,   -0.18983E+00,    0.75340E-02,    0.10180E-01
   -0.26466E+00,   -0.86973E-01,    0.76966E-02,    0.10289E-01
   -0.27389E+00,   -0.50921E-01,    0.77362E-02,    0.10316E-01
   -0.22749E+00,   -0.20355E+00,    0.67226E-02,    0.88758E-02
   -0.29495E+00,    0.54835E-01,    0.77996E-02,    0.10356E-01
   -0.16027E+00,   -0.35517E+00,   -0.81587E-02,   -0.85302E-02
   -0.22109E+00,   -0.22109E+00,    0.55056E-02,    0.70754E-02
   -0.30841E+00,    0.17552E+00,    0.39382E-02,    0.52391E-03
   -0.31070E+00,    0.22614E+00,    0.15263E-02,   -0.35430E-02
   -0.15222E+00,   -0.37080E+00,   -0.97891E-02,   -0.10132E-01
   -0.28738E+00,    0.94230E-02,    0.77816E-02,    0.10345E-01
   -0.13803E+00,   -0.39654E+00,   -0.12194E-01,   -0.12354E-01
   -0.16803E+00,   -0.34074E+00,   -0.66036E-02,   -0.69790E-02
   -0.29247E+00,    0.36848E-01,    0.77938E-02,    0.10352E-01
   -0.29746E+00,    0.68268E-01,    0.74739E-02,    0.92840E-02
   -0.31111E+00,    0.28553E+00,   -0.16301E-02,   -0.75857E-02
   -0.99785E-01,   -0.46021E+00,   -0.16507E-01,   -0.16672E-01
   -0.27220E+00,   -0.60751E-01,    0.77255E-02,    0.10307E-01
   -0.77508E-01,   -0.49396E+00,    0.69489E+00,   -0.56308E+00
   -0.19473E+00,   -0.28537E+00,   -0.46367E-03,   -0.39442E-03
   -0.30537E+00,    0.39004E+00,    0.18171E+00,   -0.57609E-01
   -0.11407E+00,   -0.43819E+00,   -0.15283E-01,   -0.14921E-01
   -0.31201E+00,    0.26950E+00,   -0.78949E-03,   -0.66952E-02
   -0.22600E+00,   -0.21120E+00,    0.60782E-02,    0.78799E-02
   -0.23544E+00,   -0.18593E+00,    0.75399E-02,    0.10180E-01
   -0.18392E+00,   -0.31070E+00,   -0.33127E-02,   -0.35779E-02
   -0.24869E+00,   -0.14727E+00,    0.76084E-02,    0.10225E-01
   -0.29582E+00,    0.49899E-01,    0.77966E-02,    0.10350E-01
   -0.24163E+00,   -0.16886E+00,    0.75712E-02,    0.10200E-01
   -0.20272E+00,   -0.27000E+00,    0.10222E-02,    0.12849E-02
   -0.31096E+00,    0.32859E+00,   -0.40360E-02,   -0.98265E-02
   -0.29808E+00,    0.62651E-01,    0.75057E-02,    0.93941E-02
   -0.30652E+00,    0.12974E+00,    0.56167E-02,    0.40562E-02
   -0.26930E+00,   -0.78176E-01,    0.77046E-02,    0.10289E-01
   -0.23141E+00,   -0.19898E+00,    0.67497E-02,    0.88886E-02
   -0.30131E+00,    0.83599E-01,    0.69920E-02,    0.77738E-02
   -0.30973E+00,    0.35372E+00,   -0.51775E-02,   -0.98247E-02
   -0.17720E+00,   -0.32637E+00,   -0.51210E-02,   -0.55293E-02
   -0.31223E+00,    0.31138E+00,   -0.31543E-02,   -0.90903E-02
   -0.30989E+00,    0.16564E+00,    0.42146E-02,    0.99249E-03
   -0.31345E+00,    0.25277E+00,    0.18747E-04,   -0.57586E-02
   -0.30664E+00,    0.39493E+00,    0.55961E+00,   -0.73488E+00
   -0.24423E+00,   -0.16429E+00,    0.75783E-02,    0.10202E-01
   -0.25302E+00,   -0.13745E+00,    0.76229E-02,    0.10232E-01
   -0.29409E+00,    0.31664E-01,    0.77892E-02,    0.10342E-01
   -0.23851E+00,   -0.18196E+00,    0.75457E-02,    0.10180E-01
   -0.21072E+00,   -0.25464E+00,    0.23717E-02,    0.28633E-02
   -0.84360E-01,   -0.48830E+00,   -0.21404E+00,   -0.30615E-01
   -0.29661E+00,    0.44949E-01,    0.77936E-02,    0.10344E-01
   -0.31317E+00,    0.20895E+00,    0.21835E-02,   -0.26388E-02
   -0.97789E-01,   -0.46851E+00,   -0.17512E-01,   -0.16634E-01
   -0.23457E+00,   -0.19430E+00,    0.68562E-02,    0.90337E-02
   -0.28885E+00,   -0.59416E-04,    0.77725E-02,    0.10330E-01
   -0.29406E+00,    0.27585E-01,    0.77868E-02,    0.10339E-01
   -0.31328E+00,    0.20154E+00,    0.25106E-02,   -0.21275E-02
   -0.25645E+00,   -0.12977E+00,    0.76336E-02,    0.10237E-01
   -0.31449E+00,    0.23539E+00,    0.83628E-03,   -0.46973E-02
   -0.30879E+00,    0.38572E+00,    0.74279E-02,    0.99546E-01
   -0.11165E+00,   -0.44787E+00,   -0.15821E-01,   -0.15504E-01
   -0.29958E+00,    0.58290E-01,    0.74599E-02,    0.92527E-02
   -0.31467E+00,    0.29484E+00,   -0.23086E-02,   -0.84278E-02
   -0.82456E-01,   -0.49315E+00,   -0.56453E+00,   -0.73435E+00
   -0.29395E+00,    0.22146E-01,    0.77835E-02,    0.10334E-01
   -0.31029E+00,    0.37574E+00,   -0.27045E-01,   -0.19916E-01
   -0.30800E+00,    0.11985E+00,    0.57784E-02,    0.44076E-02
   -0.24152E+00,   -0.17795E+00,    0.75516E-02,    0.10180E-01
   -0.13723E+00,   -0.40650E+00,   -0.13087E-01,   -0.13326E-01
   -0.31138E+00,    0.15575E+00,    0.44656E-02,    0.14328E-02
   -0.16012E+00,   -0.36515E+00,   -0.94123E-02,   -0.99763E-02
   -0.21871E+00,   -0.23927E+00,    0.35598E-02,    0.43105E-02
   -0.29732E+00,    0.39986E-01,    0.77904E-02,    0.10338E-01
   -0.28797E+00,   -0.10685E-01,    0.77642E-02,    0.10321E-01
   -0.12776E+00,   -0.42347E+00,   -0.14328E-01,   -0.14321E-01
   -0.24785E+00,   -0.16090E+00,    0.75816E-02,    0.10198E-01
   -0.31192E+00,    0.36324E+00,   -0.85081E-02,   -0.71684E-02
   -0.19517E+00,   -0.29536E+00,   -0.19428E-02,   -0.22429E-02
   -0.31604E+00,    0.27856E+00,   -0.14709E-02,   -0.76561E-02
   -0.24979E+00,   -0.15654E+00,    0.75886E-02,    0.10202E-01
   -0.23793E+00,   -0.19114E+00,    0.67801E-02,    0.88805E-02
   -0.31631E+00,    0.24501E+00,    0.25508E-03,   -0.55758E-02
   -0.31476E+00,    0.19165E+00,    0.28416E-02,   -0.16432E-02
   -0.15304E+00,   -0.38075E+00,   -0.10950E-01,   -0.11497E-01
   -0.26078E+00,   -0.12237E+00,    0.76424E-02,    0.10237E-01
   -0.93867E-01,   -0.47887E+00,    0.56549E-02,   -0.28966E-01
   -0.16906E+00,   -0.35058E+00,   -0.79792E-02,   -0.86176E-02
   -0.30366E+00,    0.73513E-01,    0.69924E-02,    0.77758E-02
   -0.24446E+00,   -0.17389E+00,    0.75575E-02,    0.10180E-01
   -0.31461E+00,    0.33747E+00,   -0.45359E-02,   -0.10418E-01
   -0.17653E+00,   -0.33632E+00,   -0.64737E-02,   -0.71020E-02
   -0.88925E-01,   -0.48673E+00,   -0.19424E-01,    0.11980E+00
   -0.29795E+00,    0.35012E-01,    0.77870E-02,    0.10332E-01
   -0.20316E+00,   -0.27999E+00,   -0.42389E-03,   -0.57687E-03
   -0.24046E+00,   -0.18613E+00,    0.69561E-02,    0.91549E-02
   -0.18454E+00,   -0.32044E+00,   -0.47568E-02,   -0.53265E-02
   -0.28719E+00,   -0.21209E-01,    0.77549E-02,    0.10312E-01
   -0.31059E+00,    0.39184E+00,    0.67620E+00,    0.56053E+00
   -0.29496E+00,    0.17542E-01,    0.77793E-02,    0.10327E-01
   -0.30121E+00,    0.53400E-01,    0.74052E-02,    0.90844E-02
   -0.31727E+00,    0.26196E+00,   -0.65650E-03,   -0.67850E-02
   -0.14751E+00,   -0.39233E+00,   -0.11987E-01,   -0.12480E-01
   -0.31683E+00,    0.21825E+00,    0.15153E-02,   -0.38153E-02
   -0.30056E+00,    0.47655E-01,    0.75047E-02,    0.94127E-02
   -0.29453E+00,    0.12311E-01,    0.77760E-02,    0.10323E-01
   -0.31286E+00,    0.14586E+00,    0.46910E-02,    0.18421E-02
   -0.10933E+00,   -0.45728E+00,   -0.16330E-01,   -0.16348E-01
   -0.31654E+00,    0.32031E+00,   -0.38477E-02,   -0.98399E-02
   -0.30948E+00,    0.10996E+00,    0.59160E-02,    0.47155E-02
   -0.26472E+00,   -0.11358E+00,    0.76536E-02,    0.10242E-01
   -0.19259E+00,   -0.30585E+00,   -0.32492E-02,   -0.37640E-02
   -0.25310E+00,   -0.15222E+00,    0.75938E-02,    0.10201E-01
   -0.24733E+00,   -0.16978E+00,    0.75634E-02,    0.10180E-01
   -0.21116E+00,   -0.26463E+00,    0.97934E-03,    0.10080E-02
   -0.29849E+00,    0.30029E-01,    0.77836E-02,    0.10326E-01
   -0.31624E+00,    0.18176E+00,    0.31495E-02,   -0.11802E-02
   -0.28598E+00,   -0.33715E-01,    0.77431E-02,    0.10300E-01
   -0.29469E+00,    0.73882E-02,    0.77721E-02,    0.10318E-01
   -0.87395E-01,   -0.49230E+00,   -0.69941E+00,    0.56923E+00
   -0.30917E+00,    0.99675E-01,    0.61600E-02,    0.53579E-02
   -0.31314E+00,    0.38309E+00,   -0.16331E+00,    0.12167E-01
   -0.24338E+00,   -0.18314E+00,    0.68935E-02,    0.90258E-02
   -0.12351E+00,   -0.43653E+00,   -0.15173E-01,   -0.14983E-01
   -0.26836E+00,   -0.10465E+00,    0.76646E-02,    0.10246E-01
   -0.23537E+00,   -0.20583E+00,    0.56121E-02,    0.70300E-02
   -0.30145E+00,    0.43636E-01,    0.74806E-02,    0.93445E-02
   -0.31854E+00,    0.30407E+00,   -0.29870E-02,   -0.91991E-02
   -0.13629E+00,   -0.41589E+00,   -0.13811E-01,   -0.14090E-01
   -0.25557E+00,   -0.14895E+00,    0.75978E-02,    0.10200E-01
   -0.25013E+00,   -0.16563E+00,    0.75693E-02,    0.10181E-01
   -0.25732E+00,   -0.14382E+00,    0.76060E-02,    0.10205E-01
   -0.27166E+00,   -0.95449E-01,    0.76759E-02,    0.10252E-01
   -0.21915E+00,   -0.24926E+00,    0.22413E-02,    0.24811E-02
   -0.29895E+00,    0.25037E-01,    0.77800E-02,    0.10320E-01
   -0.31701E+00,    0.34690E+00,   -0.45432E-02,   -0.10725E-01
   -0.27836E+00,   -0.71778E-01,    0.77039E-02,    0.10270E-01
   -0.31434E+00,    0.13597E+00,    0.48906E-02,    0.22174E-02
   -0.28182E+00,   -0.59155E-01,    0.77171E-02,    0.10278E-01
   -0.29534E+00,    0.19876E-02,    0.77670E-02,    0.10310E-01
   -0.31772E+00,    0.17186E+00,    0.34340E-02,   -0.73966E-03
   -0.31450E+00,    0.38870E+00,   -0.53997E+00,    0.70035E+00
   -0.28500E+00,   -0.47557E-01,    0.77281E-02,    0.10284E-01
   -0.25287E+00,   -0.16142E+00,    0.75753E-02,    0.10182E-01
   -0.17685E+00,   -0.34447E+00,   -0.75814E-02,   -0.84130E-02
   -0.16880E+00,   -0.36023E+00,   -0.91812E-02,   -0.10010E-01
   -0.29933E+00,    0.20038E-01,    0.77763E-02,    0.10314E-01
   -0.10716E+00,   -0.46646E+00,   -0.16867E-01,   -0.18672E-01
   -0.32060E+00,    0.22747E+00,    0.84728E-03,   -0.49421E-02
   -0.30641E+00,    0.62280E-01,    0.69554E-02,    0.76730E-02
   -0.16121E+00,   -0.37502E+00,   -0.10594E-01,   -0.11385E-01
   -0.24721E+00,   -0.17898E+00,    0.68248E-02,    0.88705E-02
   -0.94206E-01,   -0.48646E+00,    0.17976E+00,   -0.25829E-01
   -0.14624E+00,   -0.40224E+00,   -0.12860E-01,   -0.13424E-01
   -0.32095E+00,    0.28718E+00,   -0.21468E-02,   -0.85773E-02
   -0.26017E+00,   -0.14007E+00,    0.76102E-02,    0.10204E-01
   -0.30280E+00,    0.38150E-01,    0.74302E-02,    0.91975E-02
   -0.22714E+00,   -0.23389E+00,    0.33424E-02,    0.38145E-02
   -0.18451E+00,   -0.33034E+00,   -0.61289E-02,   -0.69555E-02
   -0.27630E+00,   -0.85186E-01,    0.76866E-02,    0.10255E-01
   -0.26198E+00,   -0.13514E+00,    0.76176E-02,    0.10208E-01
   -0.12121E+00,   -0.44516E+00,   -0.15646E-01,   -0.15247E-01
   -0.20360E+00,   -0.28998E+00,   -0.18666E-02,   -0.24009E-02
   -0.29469E+00,   -0.73882E-02,    0.77597E-02,    0.10302E-01
   -0.29577E+00,   -0.20946E-02,    0.77631E-02,    0.10304E-01
   -0.24934E+00,   -0.17448E+00,    0.69600E-02,    0.90895E-02
   -0.32184E+00,    0.27083E+00,   -0.13341E-02,   -0.77921E-02
   -0.25553E+00,   -0.15718E+00,    0.75812E-02,    0.10182E-01
   -0.19225E+00,   -0.31578E+00,   -0.46260E-02,   -0.54149E-02
   -0.29962E+00,    0.15033E-01,    0.77724E-02,    0.10308E-01
   -0.26420E+00,   -0.13075E+00,    0.76234E-02,    0.10210E-01
   -0.92326E-01,   -0.49140E+00,    0.57494E+00,    0.65866E+00
   -0.31696E+00,    0.38068E+00,   -0.64897E-01,   -0.19306E+00
   -0.31582E+00,    0.12608E+00,    0.50644E-02,    0.25554E-02
   -0.24211E+00,   -0.19785E+00,    0.56710E-02,    0.70134E-02
   -0.21160E+00,   -0.27462E+00,   -0.42727E-03,   -0.82490E-03
   -0.32092E+00,    0.32922E+00,   -0.45619E-02,   -0.10592E-01
   -0.30340E+00,    0.33085E-01,    0.74209E-02,    0.91845E-02
   -0.29389E+00,   -0.16864E-01,    0.77517E-02,    0.10294E-01
   -0.31931E+00,    0.35653E+00,   -0.20970E-02,   -0.11005E-01
   -0.31920E+00,    0.16197E+00,    0.36941E-02,   -0.32520E-03
   -0.32187E+00,    0.31195E+00,   -0.35710E-02,   -0.97954E-02
   -0.29528E+00,   -0.12072E-01,    0.77547E-02,    0.10295E-01
   -0.25812E+00,   -0.15288E+00,    0.75872E-02,    0.10183E-01
   -0.19996E+00,   -0.30204E+00,   -0.32662E-02,   -0.40142E-02
   -0.31245E+00,    0.90181E-01,    0.61128E-02,    0.51934E-02
   -0.23513E+00,   -0.21853E+00,    0.42731E-02,    0.49892E-02
   -0.29983E+00,    0.10024E-01,    0.77685E-02,    0.10303E-01
   -0.32346E+00,    0.25327E+00,   -0.54613E-03,   -0.69326E-02
   -0.10332E+00,   -0.47702E+00,   -0.38256E-01,   -0.52392E-02
   -0.29274E+00,   -0.26981E-01,    0.77427E-02,    0.10286E-01
   -0.26842E+00,   -0.12185E+00,    0.76350E-02,    0.10214E-01
   -0.26710E+00,   -0.12641E+00,    0.76282E-02,    0.10209E-01
   -0.29395E+00,   -0.22146E-01,    0.77464E-02,    0.10287E-01
   -0.25305E+00,   -0.17062E+00,    0.68544E-02,    0.88679E-02
   -0.21959E+00,   -0.25925E+00,    0.89620E-03,    0.66400E-03
   -0.98665E-01,   -0.48485E+00,   -0.20884E-01,   -0.15702E+00
   -0.32305E+00,    0.21044E+00,    0.14675E-02,   -0.41469E-02
   -0.32258E+00,    0.19787E+00,    0.20451E-02,   -0.32465E-02
   -0.24703E+00,   -0.18850E+00,    0.60045E-02,    0.74864E-02
   -0.26064E+00,   -0.14855E+00,    0.75931E-02,    0.10185E-01
   -0.31838E+00,    0.38553E+00,   -0.74435E+00,   -0.55268E+00
   -0.13694E+00,   -0.42467E+00,   -0.14395E-01,   -0.14744E-01
   -0.29996E+00,    0.50129E-02,    0.77644E-02,    0.10297E-01
   -0.11894E+00,   -0.45463E+00,   -0.16020E-01,   -0.15416E-01
   -0.30449E+00,    0.28124E-01,    0.73702E-02,    0.90411E-02
   -0.30773E+00,    0.46394E-01,    0.70199E-02,    0.79144E-02
   -0.32054E+00,    0.36796E+00,   -0.35975E-02,    0.11255E-01
   -0.32450E+00,    0.29611E+00,   -0.27677E-02,   -0.92914E-02
   -0.31731E+00,    0.11619E+00,    0.52126E-02,    0.28527E-02
   -0.32068E+00,    0.15209E+00,    0.39295E-02,    0.61011E-04
   -0.27234E+00,   -0.11281E+00,    0.76464E-02,    0.10218E-01
   -0.29305E+00,   -0.31956E-01,    0.77370E-02,    0.10278E-01
   -0.32497E+00,    0.23645E+00,    0.16432E-03,   -0.60695E-02
   -0.17661E+00,   -0.35455E+00,   -0.88443E-02,   -0.98849E-02
   -0.27118E+00,   -0.11741E+00,    0.76397E-02,    0.10213E-01
   -0.25587E+00,   -0.16636E+00,    0.68686E-02,    0.88673E-02
   -0.26309E+00,   -0.14417E+00,    0.75991E-02,    0.10186E-01
   -0.30000E+00,    0.52531E-09,    0.77602E-02,    0.10292E-01
   -0.14550E+00,   -0.41204E+00,   -0.13608E-01,   -0.14238E-01
   -0.30433E+00,    0.22928E-01,    0.74030E-02,    0.91591E-02
   -0.13301E+00,   -0.43348E+00,   -0.14929E-01,   -0.15107E-01
   -0.22758E+00,   -0.24388E+00,    0.20722E-02,    0.20273E-02
   -0.16105E+00,   -0.38500E+00,   -0.11619E-01,   -0.12574E-01
   -0.32570E+00,    0.27848E+00,   -0.18940E-02,   -0.85761E-02
   -0.32076E+00,    0.37673E+00,    0.12855E+00,   -0.38400E-01
   -0.97247E-01,   -0.49045E+00,    0.62630E+00,   -0.64693E+00
   -0.31393E+00,    0.80291E-01,    0.61729E-02,    0.53530E-02
   -0.32406E+00,    0.18799E+00,    0.23547E-02,   -0.28199E-02
   -0.27596E+00,   -0.10365E+00,    0.76578E-02,    0.10223E-01
   -0.29181E+00,   -0.41730E-01,    0.77273E-02,    0.10269E-01
   -0.32367E+00,    0.34102E+00,   -0.51853E-02,   -0.11348E-01
   -0.29309E+00,   -0.36443E-01,    0.77320E-02,    0.10272E-01
   -0.26546E+00,   -0.13976E+00,    0.76050E-02,    0.10188E-01
   -0.16966E+00,   -0.37017E+00,   -0.10369E-01,   -0.11428E-01
   -0.27495E+00,   -0.10828E+00,    0.76512E-02,    0.10218E-01
   -0.29996E+00,   -0.50129E-02,    0.77559E-02,    0.10287E-01
   -0.25861E+00,   -0.16207E+00,    0.68837E-02,    0.88668E-02
   -0.28294E+00,   -0.80137E-01,    0.76866E-02,    0.10241E-01
   -0.27927E+00,   -0.94366E-01,    0.76690E-02,    0.10229E-01
   -0.18574E+00,   -0.34016E+00,   -0.75020E-02,   -0.86171E-02
   -0.19290E+00,   -0.32573E+00,   -0.60288E-02,   -0.71123E-02
   -0.28936E+00,   -0.56301E-01,    0.77122E-02,    0.10257E-01
   -0.26087E+00,   -0.15696E+00,    0.69996E-02,    0.90567E-02
   -0.21203E+00,   -0.28461E+00,   -0.18252E-02,   -0.26123E-02
   -0.26776E+00,   -0.13530E+00,    0.76110E-02,    0.10189E-01
   -0.27840E+00,   -0.98999E-01,    0.76626E-02,    0.10224E-01
   -0.29983E+00,   -0.10024E-01,    0.77515E-02,    0.10282E-01
   -0.30532E+00,    0.17956E-01,    0.73457E-02,    0.90013E-02
   -0.32724E+00,    0.26251E+00,   -0.11822E-02,   -0.78795E-02
   -0.23557E+00,   -0.22852E+00,    0.30872E-02,    0.32440E-02
   -0.15543E+00,   -0.39842E+00,   -0.12709E-01,   -0.13622E-01
   -0.32668E+00,    0.21975E+00,    0.81886E-03,   -0.52372E-02
   -0.30443E+00,    0.12814E-01,    0.74213E-02,    0.92465E-02
   -0.29090E+00,   -0.51084E-01,    0.77170E-02,    0.10259E-01
   -0.32216E+00,    0.14220E+00,    0.41399E-02,    0.41617E-03
   -0.28731E+00,   -0.65938E-01,    0.77017E-02,    0.10249E-01
   -0.28495E+00,   -0.75502E-01,    0.76910E-02,    0.10242E-01
   -0.29203E+00,   -0.47044E-01,    0.77207E-02,    0.10261E-01
   -0.31879E+00,    0.10630E+00,    0.53346E-02,    0.31069E-02
   -0.32622E+00,    0.32083E+00,   -0.42882E-02,   -0.10456E-01
   -0.11649E+00,   -0.46422E+00,   -0.16564E-01,   -0.15550E-01
   -0.28157E+00,   -0.89525E-01,    0.76740E-02,    0.10230E-01
   -0.28267E+00,   -0.85604E-01,    0.76787E-02,    0.10233E-01
   -0.32223E+00,    0.38232E+00,    0.54744E+00,   -0.73368E+00
   -0.26998E+00,   -0.13081E+00,    0.76169E-02,    0.10191E-01
   -0.28909E+00,   -0.61162E-01,    0.77061E-02,    0.10250E-01
   -0.28660E+00,   -0.71332E-01,    0.76951E-02,    0.10243E-01
   -0.26304E+00,   -0.15333E+00,    0.70074E-02,    0.90516E-02
   -0.29962E+00,   -0.15033E-01,    0.77470E-02,    0.10277E-01
   -0.32554E+00,    0.17810E+00,    0.26435E-02,   -0.24119E-02
   -0.10391E+00,   -0.48450E+00,   -0.21285E+00,   -0.13548E-03
   -0.25464E+00,   -0.17913E+00,    0.59777E-02,    0.73240E-02
   -0.20809E+00,   -0.29623E+00,   -0.30916E-02,   -0.40607E-02
   -0.22003E+00,   -0.26924E+00,   -0.46301E-03,   -0.11290E-02
   -0.20095E+00,   -0.31199E+00,   -0.47106E-02,   -0.57996E-02
   -0.27213E+00,   -0.12628E+00,    0.76228E-02,    0.10193E-01
   -0.32861E+00,    0.24589E+00,   -0.47996E-03,   -0.70730E-02
   -0.29933E+00,   -0.20038E-01,    0.77424E-02,    0.10272E-01
   -0.13095E+00,   -0.44319E+00,   -0.15503E-01,   -0.15389E-01
   -0.31542E+00,    0.70402E-01,    0.62069E-02,    0.54552E-02
   -0.30510E+00,    0.76492E-02,    0.73741E-02,    0.91222E-02
   -0.32843E+00,    0.30505E+00,   -0.33973E-02,   -0.99317E-02
   -0.24356E+00,   -0.21315E+00,    0.39407E-02,    0.42978E-02
   -0.14426E+00,   -0.42190E+00,   -0.14227E-01,   -0.14873E-01
   -0.30444E+00,    0.21068E-02,    0.74191E-02,    0.92791E-02
   -0.27420E+00,   -0.12172E+00,    0.76287E-02,    0.10195E-01
   -0.31035E+00,    0.34079E-01,    0.69105E-02,    0.76368E-02
   -0.32639E+00,    0.35005E+00,   -0.55716E-02,   -0.11492E-01
   -0.29895E+00,   -0.25037E-01,    0.77377E-02,    0.10267E-01
   -0.10216E+00,   -0.48945E+00,   -0.64960E+00,   -0.65346E+00
   -0.32924E+00,    0.28775E+00,   -0.25053E-02,   -0.93219E-02
   -0.22802E+00,   -0.25387E+00,    0.77415E-03,    0.25150E-03
   -0.32365E+00,    0.13231E+00,    0.43247E-02,    0.73722E-03
   -0.26641E+00,   -0.14890E+00,    0.69306E-02,    0.88709E-02
   -0.32508E+00,    0.37395E+00,    0.10761E-01,    0.18204E+00
   -0.27620E+00,   -0.11712E+00,    0.76346E-02,    0.10197E-01
   -0.29849E+00,   -0.30029E-01,    0.77329E-02,    0.10262E-01
   -0.26814E+00,   -0.14433E+00,    0.70303E-02,    0.90452E-02
   -0.32702E+00,    0.16820E+00,    0.29098E-02,   -0.20264E-02
   -0.30446E+00,   -0.21279E-02,    0.74092E-02,    0.92652E-02
   -0.32027E+00,    0.96409E-01,    0.54301E-02,    0.33163E-02
   -0.27811E+00,   -0.11249E+00,    0.76404E-02,    0.10200E-01
   -0.29795E+00,   -0.35012E-01,    0.77280E-02,    0.10257E-01
   -0.18526E+00,   -0.34966E+00,   -0.86665E-02,   -0.99709E-02
   -0.17780E+00,   -0.36439E+00,   -0.10051E-01,   -0.11341E-01
   -0.12757E+00,   -0.45253E+00,   -0.15945E-01,   -0.15097E-01
   -0.15400E+00,   -0.40827E+00,   -0.13436E-01,   -0.14399E-01
   -0.10837E+00,   -0.48278E+00,   -0.34523E-02,    0.11508E+00
   -0.33055E+00,    0.22822E+00,    0.20051E-03,   -0.62523E-02
   -0.19340E+00,   -0.33390E+00,   -0.71314E-02,   -0.84372E-02
   -0.27995E+00,   -0.10782E+00,    0.76463E-02,    0.10202E-01
   -0.16975E+00,   -0.38011E+00,   -0.11410E-01,   -0.12655E-01
   -0.29732E+00,   -0.39986E-01,    0.77230E-02,    0.10253E-01
   -0.32604E+00,    0.37907E+00,    0.71334E+00,    0.53542E+00
   -0.23601E+00,   -0.23851E+00,    0.18667E-02,    0.15028E-02
   -0.28172E+00,   -0.10313E+00,    0.76521E-02,    0.10205E-01
   -0.25156E+00,   -0.19778E+00,    0.46211E-02,    0.51644E-02
   -0.29661E+00,   -0.44949E-01,    0.77180E-02,    0.10248E-01
   -0.33041E+00,    0.20410E+00,    0.12529E-02,   -0.47708E-02
   -0.26139E+00,   -0.17012E+00,    0.59565E-02,    0.71796E-02
   -0.11405E+00,   -0.47551E+00,    0.25418E-02,   -0.42771E-01
   -0.27123E+00,   -0.13992E+00,    0.69607E-02,    0.88763E-02
   -0.28340E+00,   -0.98407E-01,    0.76578E-02,    0.10208E-01
   -0.33176E+00,    0.27109E+00,   -0.17968E-02,   -0.87867E-02
   -0.29582E+00,   -0.49899E-01,    0.77128E-02,    0.10244E-01
   -0.30412E+00,   -0.12380E-01,    0.73965E-02,    0.92681E-02
   -0.30510E+00,   -0.76492E-02,    0.73398E-02,    0.90871E-02
   -0.20115E+00,   -0.32028E+00,   -0.58351E-02,   -0.71572E-02
   -0.28501E+00,   -0.93658E-01,    0.76636E-02,    0.10211E-01
   -0.29495E+00,   -0.54835E-01,    0.77076E-02,    0.10240E-01
   -0.32513E+00,    0.12242E+00,    0.44837E-02,    0.10211E-02
   -0.31142E+00,    0.23586E-01,    0.68697E-02,    0.75693E-02
   -0.28653E+00,   -0.88883E-01,    0.76692E-02,    0.10214E-01
   -0.32851E+00,    0.15831E+00,    0.31529E-02,   -0.16664E-02
   -0.29399E+00,   -0.59756E-01,    0.77023E-02,    0.10236E-01
   -0.33139E+00,    0.31240E+00,   -0.39101E-02,   -0.10363E-01
   -0.27497E+00,   -0.13007E+00,    0.71138E-02,    0.91377E-02
   -0.28798E+00,   -0.84082E-01,    0.76749E-02,    0.10217E-01
   -0.29295E+00,   -0.64660E-01,    0.76970E-02,    0.10232E-01
   -0.28934E+00,   -0.79259E-01,    0.76805E-02,    0.10221E-01
   -0.29183E+00,   -0.69546E-01,    0.76915E-02,    0.10228E-01
   -0.29062E+00,   -0.74413E-01,    0.76860E-02,    0.10224E-01
   -0.33066E+00,    0.33391E+00,   -0.55303E-02,   -0.11617E-01
   -0.32825E+00,    0.37023E+00,   -0.13643E+00,   -0.58331E-02
   -0.31823E+00,    0.61380E-01,    0.61036E-02,    0.51831E-02
   -0.10706E+00,   -0.48840E+00,   -0.61214E+00,    0.65289E+00
   -0.32176E+00,    0.86521E-01,    0.54988E-02,    0.34740E-02
   -0.27405E+00,   -0.13481E+00,    0.69499E-02,    0.88240E-02
   -0.16443E+00,   -0.39408E+00,   -0.12531E-01,   -0.13776E-01
   -0.33223E+00,    0.21145E+00,    0.82110E-03,   -0.54672E-02
   -0.24400E+00,   -0.22314E+00,    0.28036E-02,    0.26044E-02
   -0.20906E+00,   -0.30618E+00,   -0.45106E-02,   -0.58293E-02
   -0.33334E+00,    0.25468E+00,   -0.11275E-02,   -0.80873E-02
   -0.30354E+00,   -0.22505E-01,    0.73747E-02,    0.92475E-02
   -0.32965E+00,    0.36116E+00,    0.17201E-01,   -0.34729E-01
   -0.33189E+00,    0.19421E+00,    0.15609E-02,   -0.43834E-02
   -0.30467E+00,   -0.17840E-01,    0.73163E-02,    0.90650E-02
   -0.14379E+00,   -0.43182E+00,   -0.14707E-01,   -0.15389E-01
   -0.22846E+00,   -0.26386E+00,   -0.54037E-03,   -0.15014E-02
   -0.33353E+00,    0.29671E+00,   -0.31110E-02,   -0.99897E-02
   -0.21725E+00,   -0.29030E+00,   -0.30244E-02,   -0.42834E-02
   -0.27790E+00,   -0.12615E+00,    0.70043E-02,    0.88861E-02
   -0.12578E+00,   -0.46179E+00,   -0.15529E-01,   -0.14510E-01
   -0.27962E+00,   -0.12077E+00,    0.70926E-02,    0.90431E-02
   -0.32998E+00,    0.14842E+00,    0.33724E-02,   -0.13333E-02
   -0.31838E+00,    0.50623E-01,    0.61971E-02,    0.54828E-02
   -0.32661E+00,    0.11253E+00,    0.46164E-02,    0.12650E-02
   -0.19274E+00,   -0.34378E+00,   -0.83343E-02,   -0.98348E-02
   -0.32983E+00,    0.37578E+00,   -0.59059E+00,    0.66987E+00
   -0.30285E+00,   -0.32500E-01,    0.73333E-02,    0.91769E-02
   -0.30391E+00,   -0.28011E-01,    0.72917E-02,    0.90436E-02
   -0.31228E+00,    0.13406E-01,    0.68147E-02,    0.74705E-02
   -0.28298E+00,   -0.11154E+00,    0.71682E-02,    0.91593E-02
   -0.33490E+00,    0.23698E+00,   -0.44163E-03,   -0.72796E-02
   -0.18528E+00,   -0.35939E+00,   -0.98080E-02,   -0.11314E-01
   -0.14022E+00,   -0.44030E+00,   -0.15120E-01,   -0.15677E-01
   -0.15327E+00,   -0.41823E+00,   -0.14049E-01,   -0.15060E-01
   -0.25200E+00,   -0.20777E+00,    0.35765E-02,    0.35339E-02
   -0.11378E+00,   -0.48258E+00,    0.18304E+00,   -0.61333E-01
   -0.25821E+00,   -0.19075E+00,    0.45449E-02,    0.48888E-02
   -0.23645E+00,   -0.24850E+00,    0.61609E-03,   -0.22857E-03
   -0.33337E+00,    0.18432E+00,    0.18508E-02,   -0.40102E-02
   -0.17791E+00,   -0.37433E+00,   -0.11112E-01,   -0.12596E-01
   -0.26902E+00,   -0.15934E+00,    0.59207E-02,    0.69789E-02
   -0.28232E+00,   -0.11621E+00,    0.70246E-02,    0.88704E-02
   -0.33546E+00,    0.28029E+00,   -0.23759E-02,   -0.95502E-02
   -0.32324E+00,    0.76631E-01,    0.55400E-02,    0.35792E-02
   -0.30160E+00,   -0.42601E-01,    0.73091E-02,    0.91578E-02
   -0.33334E+00,    0.34344E+00,   -0.62440E-02,   -0.13073E-01
   -0.30280E+00,   -0.38150E-01,    0.72661E-02,    0.90232E-02
   -0.28707E+00,   -0.10182E+00,    0.71494E-02,    0.90651E-02
   -0.11195E+00,   -0.48731E+00,    0.66426E+00,    0.57074E+00
   -0.28571E+00,   -0.10731E+00,    0.70643E-02,    0.89068E-02
   -0.29981E+00,   -0.52978E-01,    0.72959E-02,    0.91728E-02
   -0.22582E+00,   -0.27655E+00,   -0.19381E-02,   -0.32124E-02
   -0.29016E+00,   -0.92237E-01,    0.71894E-02,    0.91073E-02
   -0.29411E+00,   -0.77610E-01,    0.72598E-02,    0.92008E-02
   -0.20192E+00,   -0.32980E+00,   -0.71143E-02,   -0.87071E-02
   -0.29139E+00,   -0.88185E-01,    0.72023E-02,    0.91179E-02
   -0.33683E+00,    0.26397E+00,   -0.17029E-02,   -0.89265E-02
   -0.30136E+00,   -0.48247E-01,    0.72393E-02,    0.90032E-02
   -0.33147E+00,    0.13854E+00,    0.35667E-02,   -0.10322E-02
   -0.29808E+00,   -0.62651E-01,    0.72585E-02,    0.91231E-02
   -0.28914E+00,   -0.97699E-01,    0.70958E-02,    0.89218E-02
   -0.33288E+00,    0.36745E+00,    0.10938E-01,   -0.21544E+00
   -0.24444E+00,   -0.23313E+00,    0.16285E-02,    0.90991E-03
   -0.29557E+00,   -0.73590E-01,    0.72276E-02,    0.91049E-02
   -0.16367E+00,   -0.40404E+00,   -0.13281E-01,   -0.14632E-01
   -0.33665E+00,    0.22037E+00,    0.15868E-03,   -0.65593E-02
   -0.32810E+00,    0.10264E+00,    0.47222E-02,    0.14663E-02
   -0.13707E+00,   -0.44949E+00,   -0.15872E-01,   -0.15812E-01
   -0.12334E+00,   -0.47143E+00,   -0.29700E-01,    0.48668E-02
   -0.27450E+00,   -0.14889E+00,    0.60303E-02,    0.70810E-02
   -0.33485E+00,    0.17443E+00,    0.21204E-02,   -0.36571E-02
   -0.31987E+00,    0.40734E-01,    0.61493E-02,    0.53985E-02
   -0.29367E+00,   -0.83088E-01,    0.71394E-02,    0.89407E-02
   -0.29746E+00,   -0.68268E-01,    0.71833E-02,    0.89647E-02
   -0.30009E+00,   -0.57686E-01,    0.71767E-02,    0.88925E-02
   -0.31267E+00,    0.54750E-09,    0.67565E-02,    0.73931E-02
   -0.11768E+00,   -0.48118E+00,   -0.23519E-01,   -0.18896E+00
   -0.33358E+00,    0.37246E+00,   -0.67987E+00,   -0.60743E+00
   -0.21008E+00,   -0.31601E+00,   -0.58724E-02,   -0.75084E-02
   -0.21737E+00,   -0.30065E+00,   -0.43986E-02,   -0.59804E-02
   -0.26537E+00,   -0.17979E+00,    0.47142E-02,    0.49879E-02
   -0.32472E+00,    0.66742E-01,    0.55531E-02,    0.36282E-02
   -0.33859E+00,    0.24626E+00,   -0.10422E-02,   -0.81928E-02
   -0.31136E+00,   -0.11354E-01,    0.68025E-02,    0.76053E-02
   -0.15251E+00,   -0.42706E+00,   -0.14461E-01,   -0.15482E-01
   -0.28130E+00,   -0.13174E+00,    0.63297E-02,    0.75140E-02
   -0.33747E+00,    0.32430E+00,   -0.49246E-02,   -0.10969E-01
   -0.33587E+00,    0.35306E+00,   -0.24222E-01,    0.33560E-02
   -0.33790E+00,    0.20322E+00,    0.78742E-03,   -0.57593E-02
   -0.33837E+00,    0.30540E+00,   -0.36931E-02,   -0.10527E-01
   -0.25244E+00,   -0.21776E+00,    0.24883E-02,    0.18938E-02
   -0.33894E+00,    0.28839E+00,   -0.28752E-02,   -0.10141E-01
   -0.33295E+00,    0.12865E+00,    0.37355E-02,   -0.76522E-03
   -0.17373E+00,   -0.39050E+00,   -0.12458E-01,   -0.14050E-01
   -0.19316E+00,   -0.35368E+00,   -0.95182E-02,   -0.11242E-01
   -0.27907E+00,   -0.14102E+00,    0.60277E-02,    0.69872E-02
   -0.23689E+00,   -0.25849E+00,   -0.65271E-03,   -0.19374E-02
   -0.33563E+00,    0.36432E+00,    0.16552E+00,   -0.28042E-01
   -0.33633E+00,    0.16454E+00,    0.23685E-02,   -0.33263E-02
   -0.11683E+00,   -0.48616E+00,    0.52421E+00,   -0.75714E+00
   -0.32958E+00,    0.92749E-01,    0.48003E-02,    0.16214E-02
   -0.22598E+00,   -0.28547E+00,   -0.31089E-02,   -0.46934E-02
   -0.31083E+00,   -0.21601E-01,    0.67603E-02,    0.75659E-02
   -0.34022E+00,    0.22964E+00,   -0.44962E-03,   -0.74992E-02
   -0.13501E+00,   -0.45917E+00,   -0.16886E-01,   -0.13951E-01
   -0.20145E+00,   -0.33967E+00,   -0.83024E-02,   -0.10095E-01
   -0.32135E+00,    0.30844E-01,    0.60712E-02,    0.52477E-02
   -0.16223E+00,   -0.41392E+00,   -0.13879E-01,   -0.15270E-01
   -0.12283E+00,   -0.47930E+00,   -0.16298E+00,    0.90254E-02
   -0.24488E+00,   -0.24312E+00,    0.42485E-03,   -0.77396E-03
   -0.28914E+00,   -0.11329E+00,    0.64333E-02,    0.75662E-02
   -0.26043E+00,   -0.20240E+00,    0.31932E-02,    0.27067E-02
   -0.20892E+00,   -0.32583E+00,   -0.70426E-02,   -0.88648E-02
   -0.32621E+00,    0.56852E-01,    0.55385E-02,    0.36194E-02
   -0.34153E+00,    0.27277E+00,   -0.22771E-02,   -0.97831E-02
   -0.33729E+00,    0.36910E+00,    0.65500E+00,   -0.64683E+00
   -0.33443E+00,    0.11876E+00,    0.38786E-02,   -0.53382E-03
   -0.23409E+00,   -0.27095E+00,   -0.19496E-02,   -0.35211E-02
   -0.33781E+00,    0.15465E+00,    0.25944E-02,   -0.30196E-02
   -0.31052E+00,   -0.31641E-01,    0.66686E-02,    0.74010E-02
   -0.34016E+00,    0.33669E+00,   -0.70694E-02,   -0.12483E-01
   -0.33106E+00,    0.82860E-01,    0.48502E-02,    0.17271E-02
   -0.15096E+00,   -0.43689E+00,   -0.14713E-01,   -0.15775E-01
   -0.17203E+00,   -0.40031E+00,   -0.13171E-01,   -0.14850E-01
   -0.28771E+00,   -0.12358E+00,    0.60781E-02,    0.69013E-02
   -0.34175E+00,    0.31435E+00,   -0.42073E-02,   -0.10827E-01
   -0.33923E+00,    0.36019E+00,   -0.11399E-01,    0.13573E+00
   -0.18894E+00,   -0.36933E+00,   -0.11018E-01,   -0.12868E-01
   -0.34119E+00,    0.19055E+00,    0.10635E-02,   -0.55213E-02
   -0.34215E+00,    0.21225E+00,    0.13897E-03,   -0.68169E-02
   -0.34302E+00,    0.25513E+00,   -0.16309E-02,   -0.90966E-02
   -0.21792E+00,   -0.31057E+00,   -0.57122E-02,   -0.75930E-02
   -0.25288E+00,   -0.22776E+00,    0.13599E-02,    0.25053E-03
   -0.12170E+00,   -0.48496E+00,   -0.76326E+00,   -0.51120E+00
   -0.19330E+00,   -0.36171E+00,   -0.10402E-01,   -0.12288E-01
   -0.30105E+00,   -0.77513E-01,    0.65789E-02,    0.75733E-02
   -0.13193E+00,   -0.46981E+00,    0.22700E-02,   -0.31092E-01
   -0.30988E+00,   -0.41675E-01,    0.65730E-02,    0.72381E-02
   -0.30734E+00,   -0.53619E-01,    0.65814E-02,    0.73657E-02
   -0.27320E+00,   -0.17356E+00,    0.43566E-02,    0.41950E-02
   -0.32283E+00,    0.20955E-01,    0.59628E-02,    0.50284E-02
   -0.34349E+00,    0.29727E+00,   -0.34257E-02,   -0.10692E-01
   -0.14665E+00,   -0.44671E+00,   -0.14880E-01,   -0.16284E-01
   -0.22584E+00,   -0.29537E+00,   -0.43622E-02,   -0.62402E-02
   -0.33929E+00,    0.14476E+00,    0.27966E-02,   -0.27412E-02
   -0.33592E+00,    0.10887E+00,    0.39945E-02,   -0.34222E-03
   -0.20135E+00,   -0.34810E+00,   -0.92791E-02,   -0.11241E-01
   -0.32769E+00,    0.46963E-01,    0.54952E-02,    0.35516E-02
   -0.29537E+00,   -0.10256E+00,    0.62547E-02,    0.70621E-02
   -0.12763E+00,   -0.47804E+00,    0.23975E-01,    0.12950E+00
   -0.27953E+00,   -0.15744E+00,    0.48754E-02,    0.49124E-02
   -0.34477E+00,    0.23848E+00,   -0.10725E-02,   -0.84576E-02
   -0.29863E+00,   -0.92637E-01,    0.63107E-02,    0.70883E-02
   -0.34267E+00,    0.18066E+00,    0.13328E-02,   -0.52047E-02
   -0.30641E+00,   -0.62280E-01,    0.64725E-02,    0.71753E-02
   -0.34098E+00,    0.36570E+00,    0.58366E+00,    0.66175E+00
   -0.16160E+00,   -0.42365E+00,   -0.14348E-01,   -0.15754E-01
   -0.26087E+00,   -0.21239E+00,    0.21464E-02,    0.11181E-02
   -0.34512E+00,    0.28055E+00,   -0.27292E-02,   -0.10411E-01
   -0.24532E+00,   -0.25311E+00,   -0.79833E-03,   -0.24380E-02
   -0.34261E+00,    0.34749E+00,    0.98017E-02,   -0.34592E-01
   -0.33254E+00,    0.72970E-01,    0.48714E-02,    0.17815E-02
   -0.18670E+00,   -0.37907E+00,   -0.11861E-01,   -0.13796E-01
   -0.18310E+00,   -0.38703E+00,   -0.12432E-01,   -0.14362E-01
   -0.21700E+00,   -0.32007E+00,   -0.68342E-02,   -0.89032E-02
   -0.34283E+00,    0.35677E+00,   -0.15604E+00,   -0.33921E-01
   -0.34579E+00,    0.22136E+00,   -0.45872E-03,   -0.77319E-02
   -0.23483E+00,   -0.28086E+00,   -0.32531E-02,   -0.52006E-02
   -0.34077E+00,    0.13488E+00,    0.29744E-02,   -0.24928E-02
   -0.21002E+00,   -0.33547E+00,   -0.82720E-02,   -0.10357E-01
   -0.12655E+00,   -0.48372E+00,   -0.50075E+00,    0.72907E+00
   -0.32068E+00,   -0.54186E-02,    0.60461E-02,    0.55058E-02
   -0.34680E+00,    0.26437E+00,   -0.21591E-02,   -0.98921E-02
   -0.33740E+00,    0.98978E-01,    0.40827E-02,   -0.19283E-03
   -0.14419E+00,   -0.45638E+00,   -0.16654E-01,   -0.18345E-01
   -0.34415E+00,    0.17077E+00,    0.15831E-02,   -0.49066E-02
   -0.17147E+00,   -0.41028E+00,   -0.13779E-01,   -0.15580E-01
   -0.25331E+00,   -0.23775E+00,    0.20293E-03,   -0.13825E-02
   -0.34636E+00,    0.30664E+00,   -0.39335E-02,   -0.10942E-01
   -0.32432E+00,    0.11066E-01,    0.58220E-02,    0.47387E-02
   -0.31946E+00,   -0.14942E-01,    0.60688E-02,    0.56681E-02
   -0.34600E+00,    0.32192E+00,   -0.44902E-02,   -0.10912E-01
   -0.24245E+00,   -0.26549E+00,   -0.20196E-02,   -0.39234E-02
   -0.32917E+00,    0.37074E-01,    0.54206E-02,    0.34193E-02
   -0.26886E+00,   -0.19702E+00,    0.27852E-02,    0.18133E-02
   -0.34820E+00,    0.24780E+00,   -0.16150E-02,   -0.92530E-02
   -0.33403E+00,    0.63082E-01,    0.48629E-02,    0.17809E-02
   -0.20089E+00,   -0.35786E+00,   -0.10322E-01,   -0.12450E-01
   -0.22612E+00,   -0.30535E+00,   -0.56328E-02,   -0.77971E-02
   -0.34463E+00,    0.36226E+00,   -0.68101E+00,    0.56749E+00
   -0.13287E+00,   -0.47735E+00,    0.17346E+00,   -0.73809E-01
   -0.27468E+00,   -0.18345E+00,    0.33642E-02,    0.25403E-02
   -0.34684E+00,    0.32980E+00,   -0.56015E-02,   -0.10032E-01
   -0.16012E+00,   -0.43346E+00,   -0.14656E-01,   -0.15937E-01
   -0.28563E+00,   -0.15138E+00,    0.46210E-02,    0.43029E-02
   -0.34226E+00,    0.12499E+00,    0.31269E-02,   -0.22773E-02
   -0.26131E+00,   -0.22238E+00,    0.10636E-02,   -0.47157E-03
   -0.34883E+00,    0.28976E+00,   -0.32217E-02,   -0.10971E-01
   -0.34563E+00,    0.16088E+00,    0.18131E-02,   -0.46292E-02
   -0.18141E+00,   -0.39688E+00,   -0.13136E-01,   -0.15171E-01
   -0.34825E+00,    0.20434E+00,    0.49309E-04,   -0.72010E-02
   -0.29132E+00,   -0.13457E+00,    0.50646E-02,    0.49291E-02
   -0.28102E+00,   -0.16733E+00,    0.39725E-02,    0.33346E-02
   -0.33889E+00,    0.89089E-01,    0.41423E-02,   -0.88322E-04
   -0.23431E+00,   -0.29082E+00,   -0.44459E-02,   -0.66612E-02
   -0.13140E+00,   -0.48243E+00,    0.74088E+00,    0.47211E+00
   -0.14120E+00,   -0.46721E+00,   -0.32303E-01,    0.52943E-02
   -0.21020E+00,   -0.34350E+00,   -0.92023E-02,   -0.11456E-01
   -0.34708E+00,    0.35363E+00,    0.25363E-01,   -0.21063E+00
   -0.16979E+00,   -0.42007E+00,   -0.14228E-01,   -0.16050E-01
   -0.35014E+00,    0.23035E+00,   -0.10745E-02,   -0.86524E-02
   -0.32580E+00,    0.11762E-02,    0.56466E-02,    0.43784E-02
   -0.34902E+00,    0.19678E+00,    0.28718E-03,   -0.69358E-02
   -0.33066E+00,    0.27184E-01,    0.53142E-02,    0.32219E-02
   -0.32094E+00,   -0.24832E-01,    0.58179E-02,    0.51268E-02
   -0.13719E+00,   -0.47539E+00,   -0.56823E-01,   -0.14779E+00
   -0.33551E+00,    0.53192E-01,    0.48245E-02,    0.17244E-02
   -0.25375E+00,   -0.24774E+00,   -0.97349E-03,   -0.29953E-02
   -0.26930E+00,   -0.20701E+00,    0.17811E-02,    0.28175E-03
   -0.21806E+00,   -0.32970E+00,   -0.80501E-02,   -0.10381E-01
   -0.29852E+00,   -0.11703E+00,    0.52448E-02,    0.50427E-02
   -0.34374E+00,    0.11510E+00,    0.32529E-02,   -0.20974E-02
   -0.34711E+00,    0.15099E+00,    0.20215E-02,   -0.43755E-02
   -0.35145E+00,    0.27283E+00,   -0.26477E-02,   -0.10680E-01
   -0.24294E+00,   -0.27547E+00,   -0.32687E-02,   -0.55356E-02
   -0.31609E+00,   -0.50840E-01,    0.58037E-02,    0.54130E-02
   -0.34824E+00,    0.35879E+00,   -0.59360E+00,   -0.69823E+00
   -0.22556E+00,   -0.31506E+00,   -0.67769E-02,   -0.91482E-02
   -0.35089E+00,    0.31544E+00,   -0.42892E-02,   -0.11142E-01
   -0.34037E+00,    0.79200E-01,    0.41726E-02,   -0.31241E-04
   -0.15899E+00,   -0.44247E+00,   -0.14450E-01,   -0.15699E-01
   -0.35050E+00,    0.18689E+00,    0.55411E-03,   -0.66569E-02
   -0.18034E+00,   -0.40584E+00,   -0.13673E-01,   -0.15824E-01
   -0.35202E+00,    0.21359E+00,   -0.55290E-03,   -0.81088E-02
   -0.34991E+00,    0.34983E+00,    0.13026E+00,    0.53941E-02
   -0.35289E+00,    0.25655E+00,   -0.21539E-02,   -0.10082E-01
   -0.35250E+00,    0.29900E+00,   -0.37136E-02,   -0.11278E-01
   -0.26175E+00,   -0.23237E+00,   -0.49206E-04,   -0.20548E-02
   -0.20079E+00,   -0.36855E+00,   -0.11378E-01,   -0.13690E-01
   -0.27616E+00,   -0.19334E+00,    0.23234E-02,    0.85792E-03
   -0.31123E+00,   -0.76848E-01,    0.55719E-02,    0.51980E-02
   -0.13623E+00,   -0.48108E+00,    0.43395E+00,   -0.79764E+00
   -0.35109E+00,    0.34049E+00,   -0.32288E-01,    0.50595E-02
   -0.34860E+00,    0.14111E+00,    0.22063E-02,   -0.41498E-02
   -0.33214E+00,    0.17295E-01,    0.51754E-02,    0.29582E-02
   -0.35364E+00,    0.23944E+00,   -0.16114E-02,   -0.94131E-02
   -0.28250E+00,   -0.17722E+00,    0.30216E-02,    0.17337E-02
   -0.34522E+00,    0.10521E+00,    0.33515E-02,   -0.19558E-02
   -0.33700E+00,    0.43303E-01,    0.47550E-02,    0.16092E-02
   -0.20981E+00,   -0.35338E+00,   -0.10248E-01,   -0.12665E-01
   -0.32243E+00,   -0.34721E-01,    0.55260E-02,    0.45114E-02
   -0.35198E+00,    0.17699E+00,    0.80389E-03,   -0.63948E-02
   -0.23498E+00,   -0.30074E+00,   -0.56993E-02,   -0.82137E-02
   -0.35339E+00,    0.32278E+00,   -0.32239E-02,   -0.11640E-01
   -0.16920E+00,   -0.43004E+00,   -0.14619E-01,   -0.16381E-01
   -0.28884E+00,   -0.16110E+00,    0.35731E-02,    0.24220E-02
   -0.19033E+00,   -0.39249E+00,   -0.13052E-01,   -0.15374E-01
   -0.14239E+00,   -0.47462E+00,   -0.19963E+00,    0.54700E-01
   -0.35491E+00,    0.28219E+00,   -0.30790E-02,   -0.11337E-01
   -0.30638E+00,   -0.10286E+00,    0.50733E-02,    0.44600E-02
   -0.26974E+00,   -0.21700E+00,    0.74176E-03,   -0.12535E-02
   -0.35182E+00,    0.35528E+00,    0.70518E+00,   -0.56597E+00
   -0.34185E+00,    0.69310E-01,    0.41725E-02,   -0.24662E-04
   -0.25419E+00,   -0.25773E+00,   -0.21595E-02,   -0.45751E-02
   -0.24272E+00,   -0.28543E+00,   -0.44464E-02,   -0.69930E-02
   -0.31757E+00,   -0.60729E-01,    0.54164E-02,    0.46055E-02
   -0.31133E+00,   -0.85786E-01,    0.52508E-02,    0.45875E-02
   -0.32866E+00,   -0.11276E-01,    0.52847E-02,    0.35953E-02
   -0.22535E+00,   -0.32498E+00,   -0.79274E-02,   -0.10502E-01
   -0.35008E+00,    0.13122E+00,    0.23674E-02,   -0.39525E-02
   -0.29518E+00,   -0.14498E+00,    0.39887E-02,    0.29120E-02
   -0.15754E+00,   -0.45213E+00,   -0.11255E-01,   -0.15204E-01
   -0.35633E+00,    0.26585E+00,   -0.25974E-02,   -0.10791E-01
   -0.21918E+00,   -0.33919E+00,   -0.91828E-02,   -0.11749E-01
   -0.34671E+00,    0.95319E-01,    0.34215E-02,   -0.18548E-02
   -0.35346E+00,    0.16710E+00,    0.10355E-02,   -0.61497E-02
   -0.14104E+00,   -0.47969E+00,   -0.79819E+00,   -0.45862E+00
   -0.17944E+00,   -0.41572E+00,   -0.14119E-01,   -0.16410E-01
   -0.35629E+00,    0.22249E+00,   -0.11584E-02,   -0.89855E-02
   -0.35415E+00,    0.34635E+00,   -0.59718E-01,    0.14858E+00
   -0.33362E+00,    0.74055E-02,    0.50029E-02,    0.26271E-02
   -0.26219E+00,   -0.24236E+00,   -0.11761E-02,   -0.36098E-02
   -0.32877E+00,   -0.18602E-01,    0.51873E-02,    0.34425E-02
   -0.33848E+00,    0.33414E-01,    0.46533E-02,    0.14330E-02
   -0.20083E+00,   -0.37785E+00,   -0.12212E-01,   -0.14684E-01
   -0.30152E+00,   -0.12886E+00,    0.42784E-02,    0.31979E-02
   -0.35674E+00,    0.30800E+00,   -0.43237E-02,   -0.11245E-01
   -0.14669E+00,   -0.47254E+00,    0.35263E-01,    0.10883E+00
   -0.27765E+00,   -0.20323E+00,    0.12547E-02,   -0.81289E-03
   -0.32391E+00,   -0.44610E-01,    0.51920E-02,    0.38224E-02
   -0.34334E+00,    0.59422E-01,    0.41413E-02,   -0.70601E-04
   -0.25175E+00,   -0.27075E+00,   -0.34516E-02,   -0.61284E-02
   -0.35811E+00,    0.24836E+00,   -0.21483E-02,   -0.10188E-01
   -0.23449E+00,   -0.31071E+00,   -0.68433E-02,   -0.95646E-02
   -0.20927E+00,   -0.36328E+00,   -0.11207E-01,   -0.13767E-01
   -0.35536E+00,    0.35173E+00,    0.53383E+00,    0.69862E+00
   -0.16825E+00,   -0.43877E+00,   -0.15203E-01,   -0.16373E-01
   -0.28398E+00,   -0.18711E+00,    0.20262E-02,    0.11466E-03
   -0.31850E+00,   -0.69839E-01,    0.50611E-02,    0.38995E-02
   -0.35156E+00,    0.12133E+00,    0.25031E-02,   -0.37868E-02
   -0.15278E+00,   -0.46473E+00,   -0.91737E-02,   -0.47796E-01
   -0.35759E+00,    0.20530E+00,   -0.60441E-03,   -0.84260E-02
   -0.35494E+00,    0.15721E+00,    0.12474E-02,   -0.59247E-02
   -0.18948E+00,   -0.40239E+00,   -0.13665E-01,   -0.16145E-01
   -0.35864E+00,    0.29139E+00,   -0.34772E-02,   -0.11837E-01
   -0.27018E+00,   -0.22699E+00,   -0.32195E-03,   -0.27762E-02
   -0.30786E+00,   -0.11274E+00,    0.44516E-02,    0.32682E-02
   -0.34819E+00,    0.85429E-01,    0.34618E-02,   -0.17974E-02
   -0.29032E+00,   -0.17099E+00,    0.26587E-02,    0.87615E-03
   -0.35789E+00,    0.33187E+00,    0.19846E-01,   -0.16853E-01
   -0.24312E+00,   -0.29541E+00,   -0.56544E-02,   -0.84824E-02
   -0.35734E+00,    0.34374E+00,   -0.20972E+00,   -0.38586E-01
   -0.14584E+00,   -0.47826E+00,   -0.41086E+00,    0.79093E+00
   -0.35832E+00,    0.19311E+00,   -0.20898E-03,   -0.80012E-02
   -0.21832E+00,   -0.34912E+00,   -0.10193E-01,   -0.12893E-01
   -0.35997E+00,    0.23177E+00,   -0.17144E-02,   -0.97308E-02
   -0.33511E+00,   -0.24838E-02,    0.47961E-02,    0.22274E-02
   -0.33996E+00,    0.23524E-01,    0.45187E-02,    0.11943E-02
   -0.17810E+00,   -0.42561E+00,   -0.14380E-01,   -0.16786E-01
   -0.29666E+00,   -0.15487E+00,    0.31555E-02,    0.14555E-02
   -0.33025E+00,   -0.28492E-01,    0.49003E-02,    0.28691E-02
   -0.22605E+00,   -0.33494E+00,   -0.90757E-02,   -0.11871E-01
   -0.35979E+00,    0.31563E+00,   -0.57352E-02,   -0.10992E-01
   -0.34482E+00,    0.49532E-01,    0.40786E-02,   -0.17055E-03
   -0.35642E+00,    0.14733E+00,    0.14377E-02,   -0.57236E-02
   -0.31420E+00,   -0.96626E-01,    0.45200E-02,    0.31265E-02
   -0.35305E+00,    0.11144E+00,    0.26120E-02,   -0.36554E-02
   -0.26263E+00,   -0.25235E+00,   -0.23195E-02,   -0.51454E-02
   -0.36123E+00,    0.27445E+00,   -0.30106E-02,   -0.11603E-01
   -0.15201E+00,   -0.47158E+00,    0.14611E+00,   -0.98339E-01
   -0.25141E+00,   -0.28073E+00,   -0.45778E-02,   -0.75155E-02
   -0.36165E+00,    0.25741E+00,   -0.25760E-02,   -0.10831E-01
   -0.32539E+00,   -0.54500E-01,    0.48116E-02,    0.30649E-02
   -0.35887E+00,    0.34815E+00,   -0.76234E+00,    0.50001E+00
   -0.30300E+00,   -0.13875E+00,    0.35243E-02,    0.18410E-02
   -0.23451E+00,   -0.31944E+00,   -0.78403E-02,   -0.10743E-01
   -0.20062E+00,   -0.38784E+00,   -0.12995E-01,   -0.15629E-01
   -0.35980E+00,    0.18322E+00,    0.37600E-04,   -0.77791E-02
   -0.34967E+00,    0.75540E-01,    0.34714E-02,   -0.17860E-02
   -0.16687E+00,   -0.44858E+00,   -0.17212E-01,   -0.14847E-01
   -0.36027E+00,    0.33915E+00,    0.26961E-01,   -0.14232E+00
   -0.27913E+00,   -0.21312E+00,    0.15704E-03,   -0.24753E-02
   -0.36196E+00,    0.21429E+00,   -0.12147E-02,   -0.92914E-02
   -0.18855E+00,   -0.41197E+00,   -0.14110E-01,   -0.16763E-01
   -0.36225E+00,    0.29972E+00,   -0.38144E-02,   -0.11898E-01
   -0.20962E+00,   -0.37320E+00,   -0.12108E-01,   -0.14835E-01
   -0.32054E+00,   -0.80508E-01,    0.44954E-02,    0.27822E-02
   -0.28547E+00,   -0.19700E+00,    0.99640E-03,   -0.15079E-02
   -0.15063E+00,   -0.47677E+00,    0.79595E+00,    0.37091E+00
   -0.30934E+00,   -0.12263E+00,    0.37744E-02,    0.20238E-02
   -0.35790E+00,    0.13745E+00,    0.16060E-02,   -0.55473E-02
   -0.24270E+00,   -0.30513E+00,   -0.67438E-02,   -0.97691E-02
   -0.34145E+00,    0.13635E-01,    0.43505E-02,    0.89229E-03
   -0.35453E+00,    0.10155E+00,    0.26927E-02,   -0.35608E-02
   -0.33659E+00,   -0.12373E-01,    0.45511E-02,    0.17637E-02
   -0.26008E+00,   -0.26545E+00,   -0.35502E-02,   -0.66117E-02
   -0.29181E+00,   -0.18088E+00,    0.17039E-02,   -0.68558E-03
   -0.34630E+00,    0.39642E-01,    0.39833E-02,   -0.32715E-03
   -0.36128E+00,    0.17333E+00,    0.26812E-03,   -0.75698E-02
   -0.21797E+00,   -0.35902E+00,   -0.11148E-01,   -0.13985E-01
   -0.15585E+00,   -0.47020E+00,   -0.62265E-01,   -0.19048E+00
   -0.33173E+00,   -0.38381E-01,    0.45728E-02,    0.22264E-02
   -0.36423E+00,    0.24047E+00,   -0.22437E-02,   -0.10428E-01
   -0.22571E+00,   -0.34471E+00,   -0.10080E-01,   -0.13020E-01
   -0.17761E+00,   -0.43533E+00,   -0.14448E-01,   -0.17128E-01
   -0.35116E+00,    0.65651E-01,    0.34494E-02,   -0.18227E-02
   -0.29815E+00,   -0.16476E+00,    0.22779E-02,   -0.29104E-04
   -0.36471E+00,    0.28381E+00,   -0.33377E-02,   -0.12375E-01
   -0.36234E+00,    0.34454E+00,   -0.44674E+00,   -0.79684E+00
   -0.19853E+00,   -0.39819E+00,   -0.13628E-01,   -0.16369E-01
   -0.31568E+00,   -0.10652E+00,    0.39165E-02,    0.20011E-02
   -0.32688E+00,   -0.64389E-01,    0.43869E-02,    0.22395E-02
   -0.16393E+00,   -0.45989E+00,    0.26999E-04,    0.31391E-02
   -0.35939E+00,    0.12756E+00,    0.17505E-02,   -0.53987E-02
   -0.36429E+00,    0.32468E+00,   -0.28575E-01,   -0.84081E-02
   -0.23429E+00,   -0.32941E+00,   -0.89164E-02,   -0.11989E-01
   -0.36539E+00,    0.22340E+00,   -0.17551E-02,   -0.99795E-02
   -0.25191E+00,   -0.29067E+00,   -0.57470E-02,   -0.89591E-02
   -0.30449E+00,   -0.14864E+00,    0.27238E-02,    0.44727E-03
   -0.36402E+00,    0.33619E+00,    0.18600E+00,    0.36994E-01
   -0.36276E+00,    0.16344E+00,    0.48105E-03,   -0.73765E-02
   -0.36622E+00,    0.26627E+00,   -0.29728E-02,   -0.11547E-01
   -0.35601E+00,    0.91659E-01,    0.27439E-02,   -0.35053E-02
   -0.15540E+00,   -0.47524E+00,    0.33138E+00,   -0.86194E+00
   -0.18730E+00,   -0.42187E+00,   -0.14377E-01,   -0.17211E-01
   -0.34293E+00,    0.37455E-02,    0.41480E-02,    0.52629E-03
   -0.36604E+00,    0.30835E+00,   -0.38116E-02,   -0.11143E-01
   -0.32202E+00,   -0.90397E-01,    0.39608E-02,    0.17725E-02
   -0.34779E+00,    0.29753E-01,    0.38549E-02,   -0.54195E-03
   -0.27106E+00,   -0.24697E+00,   -0.25026E-02,   -0.57621E-02
   -0.33807E+00,   -0.22262E-01,    0.42700E-02,    0.12303E-02
   -0.16084E+00,   -0.46792E+00,   -0.13918E+00,    0.45835E-01
   -0.20935E+00,   -0.38298E+00,   -0.12874E-01,   -0.15737E-01
   -0.25988E+00,   -0.27544E+00,   -0.46463E-02,   -0.79697E-02
   -0.27506E+00,   -0.23778E+00,   -0.19132E-02,   -0.51633E-02
   -0.36615E+00,    0.19934E+00,   -0.95225E-03,   -0.92322E-02
   -0.31083E+00,   -0.13252E+00,    0.30496E-02,    0.73305E-03
   -0.27975E+00,   -0.22565E+00,   -0.11361E-02,   -0.43220E-02
   -0.35264E+00,    0.55761E-01,    0.33952E-02,   -0.19094E-02
   -0.28695E+00,   -0.20689E+00,   -0.58563E-04,   -0.31194E-02
   -0.33322E+00,   -0.48270E-01,    0.42034E-02,    0.15170E-02
   -0.24316E+00,   -0.31505E+00,   -0.78740E-02,   -0.11117E-01
   -0.21789E+00,   -0.36771E+00,   -0.11924E-01,   -0.14877E-01
   -0.36795E+00,    0.24974E+00,   -0.26884E-02,   -0.11006E-01
   -0.36578E+00,    0.34089E+00,    0.78246E+00,   -0.44329E+00
   -0.36087E+00,    0.11767E+00,    0.18695E-02,   -0.52802E-02
   -0.17583E+00,   -0.44514E+00,   -0.15636E-01,   -0.17972E-01
   -0.36425E+00,    0.15355E+00,    0.67466E-03,   -0.72032E-02
   -0.29329E+00,   -0.19077E+00,    0.71550E-03,   -0.22523E-02
   -0.36834E+00,    0.29182E+00,   -0.35662E-02,   -0.13043E-01
   -0.36700E+00,    0.33185E+00,   -0.47245E-01,    0.12022E+00
   -0.35750E+00,    0.81769E-01,    0.27644E-02,   -0.34910E-02
   -0.31717E+00,   -0.11641E+00,    0.32646E-02,    0.82039E-03
   -0.32836E+00,   -0.74278E-01,    0.39163E-02,    0.13496E-02
   -0.36818E+00,    0.20648E+00,   -0.13305E-02,   -0.97074E-02
   -0.29963E+00,   -0.17465E+00,    0.13615E-02,   -0.15325E-02
   -0.36763E+00,    0.18945E+00,   -0.70954E-03,   -0.90505E-02
   -0.16016E+00,   -0.47366E+00,   -0.85930E+00,   -0.31811E+00
   -0.25156E+00,   -0.30065E+00,   -0.68315E-02,   -0.10235E-01
   -0.22655E+00,   -0.35465E+00,   -0.11080E-01,   -0.14195E-01
   -0.18570E+00,   -0.43168E+00,   -0.14282E-01,   -0.17350E-01
   -0.34441E+00,   -0.61437E-02,    0.39103E-02,    0.96994E-04
   -0.36988E+00,    0.23231E+00,   -0.23296E-02,   -0.10676E-01
   -0.34927E+00,    0.19864E-01,    0.36928E-02,   -0.81610E-03
   -0.37011E+00,    0.27547E+00,   -0.32684E-02,   -0.12402E-01
   -0.30597E+00,   -0.15853E+00,    0.18811E-02,   -0.97623E-03
   -0.33956E+00,   -0.32152E-01,    0.39509E-02,    0.63227E-03
   -0.36572E+00,    0.14367E+00,    0.84843E-03,   -0.70505E-02
   -0.36235E+00,    0.10777E+00,    0.19615E-02,   -0.51935E-02
   -0.35412E+00,    0.45872E-01,    0.33080E-02,   -0.20478E-02
   -0.23507E+00,   -0.33906E+00,   -0.99481E-02,   -0.13205E-01
   -0.26905E+00,   -0.26247E+00,   -0.39822E-02,   -0.75665E-02
   -0.32351E+00,   -0.10029E+00,    0.33784E-02,    0.70810E-03
   -0.16590E+00,   -0.46696E+00,    0.82676E-01,    0.15971E+00
   -0.36918E+00,    0.33720E+00,    0.37726E+00,    0.79947E+00
   -0.36911E+00,    0.17956E+00,   -0.48239E-03,   -0.88792E-02
   -0.26019E+00,   -0.28542E+00,   -0.57672E-02,   -0.93452E-02
   -0.33470E+00,   -0.58160E-01,    0.37912E-02,    0.74404E-03
   -0.35898E+00,    0.71880E-01,    0.27530E-02,   -0.35209E-02
   -0.31231E+00,   -0.14241E+00,    0.22798E-02,   -0.59761E-03
   -0.24301E+00,   -0.32468E+00,   -0.88845E-02,   -0.12281E-01
   -0.37090E+00,    0.31726E+00,    0.20579E-01,   -0.13145E-01
   -0.37215E+00,    0.25841E+00,   -0.30451E-02,   -0.11514E-01
   -0.21756E+00,   -0.37766E+00,   -0.12711E-01,   -0.15780E-01
   -0.20974E+00,   -0.39296E+00,   -0.13567E-01,   -0.16596E-01
   -0.37066E+00,    0.32884E+00,   -0.19161E+00,   -0.71023E-01
   -0.20332E+00,   -0.40504E+00,   -0.14125E-01,   -0.17166E-01
   -0.37178E+00,    0.21579E+00,   -0.18843E-02,   -0.10393E-01
   -0.28843E+00,   -0.21678E+00,   -0.11304E-02,   -0.47078E-02
   -0.37215E+00,    0.30095E+00,   -0.40472E-02,   -0.12824E-01
   -0.16490E+00,   -0.47203E+00,   -0.31058E+00,    0.83352E+00
   -0.36721E+00,    0.13379E+00,    0.10005E-02,   -0.69217E-02
   -0.32984E+00,   -0.84168E-01,    0.33998E-02,    0.40160E-03
   -0.29477E+00,   -0.20066E+00,   -0.29844E-03,   -0.38118E-02
   -0.27482E+00,   -0.25430E+00,   -0.36074E-02,   -0.73653E-02
   -0.31865E+00,   -0.12629E+00,    0.25664E-02,   -0.40645E-03
   -0.36383E+00,    0.97888E-01,    0.20236E-02,   -0.51440E-02
   -0.25158E+00,   -0.30969E+00,   -0.78086E-02,   -0.11379E-01
   -0.35075E+00,    0.99748E-02,    0.34968E-02,   -0.11502E-02
   -0.17018E+00,   -0.46460E+00,    0.97602E-01,   -0.85522E-01
   -0.17514E+00,   -0.45654E+00,   -0.46103E-01,   -0.22548E-01
   -0.37338E+00,    0.24137E+00,   -0.28007E-02,   -0.11188E-01
   -0.34590E+00,   -0.16033E-01,    0.36366E-02,   -0.39524E-03
   -0.37059E+00,    0.16967E+00,   -0.27136E-03,   -0.87206E-02
   -0.26861E+00,   -0.27064E+00,   -0.48139E-02,   -0.85766E-02
   -0.35561E+00,    0.35983E-01,    0.31874E-02,   -0.22399E-02
   -0.22671E+00,   -0.36305E+00,   -0.11834E-01,   -0.15055E-01
   -0.30111E+00,   -0.18454E+00,    0.41306E-03,   -0.30424E-02
   -0.18472E+00,   -0.44153E+00,   -0.12645E-01,   -0.17506E-01
   -0.34104E+00,   -0.42041E-01,    0.35925E-02,   -0.28931E-04
   -0.37254E+00,    0.33349E+00,   -0.82188E+00,    0.36321E+00
   -0.36046E+00,    0.61991E-01,    0.27089E-02,   -0.35963E-02
   -0.23470E+00,   -0.34903E+00,   -0.10887E-01,   -0.14257E-01
   -0.37464E+00,    0.28408E+00,   -0.34932E-02,   -0.13672E-01
   -0.30745E+00,   -0.16842E+00,    0.10019E-02,   -0.24191E-02
   -0.32499E+00,   -0.11018E+00,    0.27497E-02,   -0.40792E-03
   -0.37358E+00,    0.32443E+00,    0.45907E-01,   -0.14124E+00
   -0.27986E+00,   -0.24654E+00,   -0.32484E-02,   -0.71484E-02
   -0.25989E+00,   -0.29522E+00,   -0.67983E-02,   -0.10553E-01
   -0.33618E+00,   -0.68049E-01,    0.33361E-02,   -0.89512E-04
   -0.36869E+00,    0.12388E+00,    0.11292E-02,   -0.68185E-02
   -0.19995E+00,   -0.41732E+00,   -0.14536E-01,   -0.17807E-01
   -0.21664E+00,   -0.38656E+00,   -0.13307E-01,   -0.16459E-01
   -0.24247E+00,   -0.33458E+00,   -0.98528E-02,   -0.13368E-01
   -0.37207E+00,    0.15978E+00,   -0.76902E-04,   -0.85774E-02
   -0.16962E+00,   -0.47035E+00,    0.85145E+00,    0.22789E+00
   -0.36532E+00,    0.87999E-01,    0.20563E-02,   -0.51286E-02
   -0.31379E+00,   -0.15230E+00,    0.14706E-02,   -0.19580E-02
   -0.19492E+00,   -0.42786E+00,   -0.14647E-01,   -0.17994E-01
   -0.37612E+00,    0.26756E+00,   -0.33283E-02,   -0.12066E-01
   -0.37601E+00,    0.22444E+00,   -0.24458E-02,   -0.11027E-01
   -0.35224E+00,    0.85475E-04,    0.32665E-02,   -0.15442E-02
   -0.37581E+00,    0.31020E+00,   -0.25783E-01,   -0.61075E-02
   -0.35709E+00,    0.26093E-01,    0.30331E-02,   -0.24873E-02
   -0.28505E+00,   -0.23805E+00,   -0.28655E-02,   -0.69017E-02
   -0.37545E+00,    0.19568E+00,   -0.14306E-02,   -0.10199E-01
   -0.33133E+00,   -0.94057E-01,    0.28379E-02,   -0.60145E-03
   -0.34738E+00,   -0.25922E-01,    0.33269E-02,   -0.94960E-03
   -0.26828E+00,   -0.28060E+00,   -0.58412E-02,   -0.98056E-02
   -0.32013E+00,   -0.13618E+00,    0.18262E-02,   -0.16719E-02
   -0.36195E+00,    0.52101E-01,    0.26313E-02,   -0.37185E-02
   -0.17558E+00,   -0.46368E+00,   -0.14334E+00,   -0.17587E+00
   -0.37586E+00,    0.32974E+00,   -0.33350E+00,   -0.84912E+00
   -0.25174E+00,   -0.32000E+00,   -0.88801E-02,   -0.12617E-01
   -0.34252E+00,   -0.51930E-01,    0.31942E-02,   -0.75048E-03
   -0.37017E+00,    0.11399E+00,    0.12321E-02,   -0.67434E-02
   -0.29626E+00,   -0.21055E+00,   -0.13297E-02,   -0.53515E-02
   -0.37784E+00,    0.25029E+00,   -0.32168E-02,   -0.11633E-01
   -0.22637E+00,   -0.37297E+00,   -0.12619E-01,   -0.15930E-01
   -0.37355E+00,    0.14989E+00,    0.10011E-03,   -0.84517E-02
   -0.21219E+00,   -0.40044E+00,   -0.14046E-01,   -0.17266E-01
   -0.37718E+00,    0.20740E+00,   -0.19278E-02,   -0.10722E-01
   -0.30260E+00,   -0.19443E+00,   -0.55927E-03,   -0.45455E-02
   -0.37811E+00,    0.29343E+00,   -0.32521E-02,   -0.15543E-01
   -0.37721E+00,    0.32133E+00,    0.18001E+00,    0.63232E-01
   -0.36680E+00,    0.78110E-01,    0.20567E-02,   -0.51532E-02
   -0.37693E+00,    0.18579E+00,   -0.12094E-02,   -0.10070E-01
   -0.17433E+00,   -0.46863E+00,    0.22058E+00,   -0.88653E+00
   -0.32647E+00,   -0.12007E+00,    0.20775E-02,   -0.15692E-02
   -0.33767E+00,   -0.77939E-01,    0.28379E-02,   -0.97919E-03
   -0.29069E+00,   -0.22985E+00,   -0.25883E-02,   -0.68084E-02
   -0.18480E+00,   -0.45164E+00,    0.11610E-01,   -0.21160E-01
   -0.30894E+00,   -0.17831E+00,    0.92188E-04,   -0.38707E-02
   -0.26023E+00,   -0.30515E+00,   -0.78544E-02,   -0.11791E-01
   -0.17922E+00,   -0.46180E+00,   -0.16825E+00,    0.59517E-01
   -0.23563E+00,   -0.35858E+00,   -0.11765E-01,   -0.15271E-01
   -0.19353E+00,   -0.43774E+00,   -0.14761E-01,   -0.17288E-01
   -0.37974E+00,    0.27681E+00,   -0.34762E-02,   -0.13147E-01
   -0.37971E+00,    0.23371E+00,   -0.29897E-02,   -0.11526E-01
   -0.35372E+00,   -0.98038E-02,    0.30018E-02,   -0.19975E-02
   -0.35857E+00,    0.16204E-01,    0.28450E-02,   -0.27907E-02
   -0.37503E+00,    0.14000E+00,    0.25822E-03,   -0.83455E-02
   -0.37166E+00,    0.10410E+00,    0.13072E-02,   -0.66982E-02
   -0.31528E+00,   -0.16219E+00,    0.62720E-03,   -0.33386E-02
   -0.34886E+00,   -0.35812E-01,    0.29805E-02,   -0.15636E-02
   -0.36343E+00,    0.42212E-01,    0.25201E-02,   -0.38894E-02
   -0.27901E+00,   -0.26337E+00,   -0.48848E-02,   -0.91719E-02
   -0.24347E+00,   -0.34444E+00,   -0.10821E-01,   -0.14495E-01
   -0.37915E+00,    0.32595E+00,    0.83633E+00,   -0.33625E+00
   -0.33281E+00,   -0.10395E+00,    0.22323E-02,   -0.16533E-02
   -0.37841E+00,    0.17590E+00,   -0.10025E-02,   -0.99464E-02
   -0.29581E+00,   -0.22127E+00,   -0.22614E-02,   -0.66154E-02
   -0.38001E+00,    0.31688E+00,   -0.64561E-01,    0.12362E+00
   -0.26870E+00,   -0.29058E+00,   -0.69025E-02,   -0.11073E-01
   -0.34401E+00,   -0.61820E-01,    0.27556E-02,   -0.15290E-02
   -0.36829E+00,    0.68220E-01,    0.20241E-02,   -0.52207E-02
   -0.25139E+00,   -0.33010E+00,   -0.98344E-02,   -0.13680E-01
   -0.32162E+00,   -0.14607E+00,    0.10488E-02,   -0.29677E-02
   -0.22544E+00,   -0.38328E+00,   -0.13314E-01,   -0.16688E-01
   -0.38206E+00,    0.25961E+00,   -0.34015E-02,   -0.11760E-01
   -0.17902E+00,   -0.46685E+00,   -0.91486E+00,   -0.18526E+00
   -0.38168E+00,    0.21631E+00,   -0.25015E-02,   -0.11374E-01
   -0.21176E+00,   -0.41040E+00,   -0.14590E-01,   -0.17933E-01
   -0.37652E+00,    0.13011E+00,    0.39537E-03,   -0.82609E-02
   -0.18408E+00,   -0.45927E+00,    0.68737E-01,    0.92780E-01
   -0.28476E+00,   -0.25524E+00,   -0.45341E-02,   -0.90259E-02
   -0.20388E+00,   -0.42566E+00,   -0.14678E-01,   -0.18606E-01
   -0.33915E+00,   -0.87828E-01,    0.22970E-02,   -0.19203E-02
   -0.37989E+00,    0.16601E+00,   -0.81079E-03,   -0.98365E-02
   -0.30408E+00,   -0.20432E+00,   -0.15503E-02,   -0.60342E-02
   -0.36006E+00,    0.63148E-02,    0.26232E-02,   -0.31504E-02
   -0.32796E+00,   -0.12995E+00,    0.13656E-02,   -0.27684E-02
   -0.38322E+00,    0.24306E+00,   -0.34749E-02,   -0.11919E-01
   -0.35520E+00,   -0.19693E-01,    0.27025E-02,   -0.25092E-02
   -0.27710E+00,   -0.27591E+00,   -0.59960E-02,   -0.10415E-01
   -0.26742E+00,   -0.29890E+00,   -0.76598E-02,   -0.11882E-01
   -0.36491E+00,    0.32323E-01,    0.23750E-02,   -0.41111E-02
   -0.23498E+00,   -0.36854E+00,   -0.12539E-01,   -0.16102E-01
   -0.22110E+00,   -0.39592E+00,   -0.13939E-01,   -0.17335E-01
   -0.38240E+00,    0.32213E+00,    0.27250E+00,    0.84256E+00
   -0.31042E+00,   -0.18820E+00,   -0.84188E-03,   -0.53202E-02
   -0.38332E+00,    0.30359E+00,    0.26929E-01,   -0.21451E-01
   -0.35035E+00,   -0.45701E-01,    0.25968E-02,   -0.22347E-02
   -0.38392E+00,    0.28579E+00,   -0.39591E-02,   -0.15299E-01
   -0.38316E+00,    0.31305E+00,   -0.12930E+00,   -0.87889E-01
   -0.24271E+00,   -0.35431E+00,   -0.11648E-01,   -0.15384E-01
   -0.36977E+00,    0.58331E-01,    0.19577E-02,   -0.53291E-02
   -0.28981E+00,   -0.24662E+00,   -0.41160E-02,   -0.87565E-02
   -0.31676E+00,   -0.17208E+00,   -0.24438E-03,   -0.47293E-02
   -0.33429E+00,   -0.11384E+00,    0.15855E-02,   -0.27483E-02
   -0.37800E+00,    0.12022E+00,    0.50907E-03,   -0.81999E-02
   -0.18369E+00,   -0.46504E+00,   -0.13339E+00,    0.86756E+00
   -0.34549E+00,   -0.71709E-01,    0.22765E-02,   -0.23605E-02
   -0.38138E+00,    0.15612E+00,   -0.63351E-03,   -0.97405E-02
   -0.19399E+00,   -0.44788E+00,   -0.38503E-01,   -0.11462E-01
   -0.25138E+00,   -0.33894E+00,   -0.10648E-01,   -0.14589E-01
   -0.20227E+00,   -0.43377E+00,   -0.15118E-01,   -0.19602E-01
   -0.37554E+00,    0.91670E-01,    0.12011E-02,   -0.70383E-02
   -0.38573E+00,    0.26883E+00,   -0.37238E-02,   -0.11870E-01
   -0.18869E+00,   -0.45817E+00,    0.14619E+00,   -0.13183E+00
   -0.32310E+00,   -0.15596E+00,    0.23958E-03,   -0.42844E-02
   -0.38522E+00,    0.20551E+00,   -0.23489E-02,   -0.11501E-01
   -0.29481E+00,   -0.23891E+00,   -0.38134E-02,   -0.86249E-02
   -0.38595E+00,    0.22532E+00,   -0.30798E-02,   -0.11888E-01
   -0.36154E+00,   -0.35745E-02,    0.23679E-02,   -0.35659E-02
   -0.21132E+00,   -0.41973E+00,   -0.15065E-01,   -0.18487E-01
   -0.26347E+00,   -0.31548E+00,   -0.90528E-02,   -0.13278E-01
   -0.36640E+00,    0.22433E-01,    0.21959E-02,   -0.43851E-02
   -0.38515E+00,    0.19368E+00,   -0.19786E-02,   -0.11217E-01
   -0.35669E+00,   -0.29583E-01,    0.23687E-02,   -0.30773E-02
   -0.38561E+00,    0.31828E+00,   -0.85198E+00,    0.25487E+00
   -0.34063E+00,   -0.97717E-01,    0.17146E-02,   -0.29079E-02
   -0.31031E+00,   -0.19812E+00,   -0.16359E-02,   -0.64545E-02
   -0.27768E+00,   -0.28393E+00,   -0.68348E-02,   -0.11425E-01
   -0.37125E+00,    0.48441E-01,    0.18566E-02,   -0.54808E-02
   -0.32944E+00,   -0.13984E+00,    0.61846E-03,   -0.39979E-02
   -0.37948E+00,    0.11033E+00,    0.59644E-03,   -0.81648E-02
   -0.38286E+00,    0.14623E+00,   -0.47166E-03,   -0.96596E-02
   -0.35183E+00,   -0.55591E-01,    0.21756E-02,   -0.29595E-02
   -0.23466E+00,   -0.37843E+00,   -0.13228E-01,   -0.16836E-01
   -0.30556E+00,   -0.21421E+00,   -0.25487E-02,   -0.74899E-02
   -0.38734E+00,    0.30952E+00,    0.11546E+00,   -0.18079E+00
   -0.18834E+00,   -0.46317E+00,    0.87651E+00,    0.89542E-01
   -0.38624E+00,    0.18212E+00,   -0.17054E-02,   -0.11046E-01
   -0.19325E+00,   -0.45549E+00,   -0.10185E+00,   -0.12575E+00
   -0.30064E+00,   -0.23001E+00,   -0.35046E-02,   -0.85205E-02
   -0.34697E+00,   -0.81599E-01,    0.17572E-02,   -0.32406E-02
   -0.37773E+00,    0.81974E-01,    0.11462E-02,   -0.72033E-02
   -0.33578E+00,   -0.12373E+00,    0.90078E-03,   -0.38800E-02
   -0.25085E+00,   -0.34856E+00,   -0.11449E-01,   -0.15452E-01
   -0.31824E+00,   -0.18197E+00,   -0.11385E-02,   -0.61202E-02
   -0.25917E+00,   -0.33174E+00,   -0.10338E-01,   -0.14535E-01
   -0.38913E+00,    0.29445E+00,   -0.30553E-01,   -0.18706E-01
   -0.24393E+00,   -0.36414E+00,   -0.12461E-01,   -0.16303E-01
   -0.38957E+00,    0.27804E+00,   -0.30813E-02,   -0.13434E-01
   -0.20150E+00,   -0.44368E+00,    0.68934E-02,   -0.19205E-01
   -0.36788E+00,    0.12544E-01,    0.19834E-02,   -0.47115E-02
   -0.38434E+00,    0.13634E+00,   -0.32750E-03,   -0.95969E-02
   -0.38957E+00,    0.23533E+00,   -0.37247E-02,   -0.12255E-01
   -0.36303E+00,   -0.13464E-01,    0.20797E-02,   -0.40362E-02
   -0.38878E+00,    0.31440E+00,   -0.27005E+00,   -0.87526E+00
   -0.28894E+00,   -0.26416E+00,   -0.57204E-02,   -0.10693E-01
   -0.37274E+00,    0.38552E-01,    0.17226E-02,   -0.56768E-02
   -0.38951E+00,    0.30604E+00,    0.15058E+00,    0.55138E-01
   -0.22335E+00,   -0.40561E+00,   -0.14365E-01,   -0.17973E-01
   -0.35817E+00,   -0.39472E-01,    0.20003E-02,   -0.36991E-02
   -0.32458E+00,   -0.16585E+00,   -0.59537E-03,   -0.56122E-02
   -0.38772E+00,    0.17223E+00,   -0.15201E-02,   -0.10969E-01
   -0.27089E+00,   -0.30836E+00,   -0.87731E-02,   -0.13277E-01
   -0.30559E+00,   -0.22234E+00,   -0.32621E-02,   -0.84517E-02
   -0.39004E+00,    0.21426E+00,   -0.29001E-02,   -0.12100E-01
   -0.34212E+00,   -0.10761E+00,    0.10929E-02,   -0.39363E-02
   -0.21093E+00,   -0.42963E+00,   -0.14024E-01,   -0.18966E-01
   -0.37871E+00,    0.73515E-01,    0.11459E-02,   -0.72112E-02
   -0.28537E+00,   -0.27603E+00,   -0.65908E-02,   -0.11533E-01
   -0.27737E+00,   -0.29521E+00,   -0.79053E-02,   -0.12620E-01
   -0.19297E+00,   -0.46126E+00,    0.42842E-01,   -0.91544E+00
   -0.39127E+00,    0.24784E+00,   -0.41650E-02,   -0.12491E-01
   -0.35331E+00,   -0.65480E-01,    0.17165E-02,   -0.37340E-02
   -0.38231E+00,    0.99012E-01,    0.57476E-03,   -0.83439E-02
   -0.29408E+00,   -0.25560E+00,   -0.53093E-02,   -0.10466E-01
   -0.33092E+00,   -0.14973E+00,   -0.15843E-03,   -0.52494E-02
   -0.23479E+00,   -0.38708E+00,   -0.13743E-01,   -0.17379E-01
   -0.19787E+00,   -0.45430E+00,   -0.16742E+00,    0.11007E+00
   -0.39194E+00,    0.26102E+00,   -0.34156E-02,   -0.11439E-01
   -0.38582E+00,    0.12645E+00,   -0.20357E-03,   -0.95531E-02
   -0.22029E+00,   -0.41537E+00,   -0.15009E-01,   -0.18589E-01
   -0.38920E+00,    0.16235E+00,   -0.13475E-02,   -0.10910E-01
   -0.39191E+00,    0.31049E+00,    0.88811E+00,   -0.21604E+00
   -0.34846E+00,   -0.91488E-01,    0.11985E-02,   -0.41642E-02
   -0.26604E+00,   -0.32513E+00,   -0.10062E-01,   -0.14492E-01
   -0.36936E+00,    0.26548E-02,    0.17381E-02,   -0.50903E-02
   -0.39240E+00,    0.30139E+00,   -0.84674E-01,    0.96883E-01
   -0.33726E+00,   -0.13361E+00,    0.18262E-03,   -0.50417E-02
   -0.36451E+00,   -0.23353E-01,    0.17589E-02,   -0.45597E-02
   -0.37422E+00,    0.28663E-01,    0.15535E-02,   -0.59234E-02
   -0.24318E+00,   -0.37408E+00,   -0.13153E-01,   -0.17004E-01
   -0.35965E+00,   -0.49361E-01,    0.15971E-02,   -0.43715E-02
   -0.29970E+00,   -0.24761E+00,   -0.50217E-02,   -0.10410E-01
   -0.39378E+00,    0.28705E+00,    0.20540E-01,   -0.17382E-01
   -0.25168E+00,   -0.35850E+00,   -0.12244E-01,   -0.16332E-01
   -0.19759E+00,   -0.45930E+00,   -0.91514E+00,   -0.70255E-01
   -0.20234E+00,   -0.45152E+00,    0.84631E-01,    0.92612E-01
   -0.38730E+00,    0.11656E+00,   -0.10312E-03,   -0.95298E-02
   -0.39068E+00,    0.15246E+00,   -0.11843E-02,   -0.10854E-01
   -0.32607E+00,   -0.17574E+00,   -0.14498E-02,   -0.69405E-02
   -0.34360E+00,   -0.11750E+00,    0.43480E-03,   -0.49996E-02
   -0.31543E+00,   -0.20798E+00,   -0.29335E-02,   -0.85121E-02
   -0.39506E+00,    0.27017E+00,   -0.53665E-02,   -0.95373E-02
   -0.35480E+00,   -0.75369E-01,    0.12198E-02,   -0.45539E-02
   -0.39410E+00,    0.20286E+00,   -0.27755E-02,   -0.12317E-01
   -0.20970E+00,   -0.44063E+00,   -0.38827E-01,   -0.25903E-01
   -0.38497E+00,    0.88522E-01,    0.51374E-03,   -0.85558E-02
   -0.26133E+00,   -0.34150E+00,   -0.11231E-01,   -0.15587E-01
   -0.30480E+00,   -0.23909E+00,   -0.46740E-02,   -0.10244E-01
   -0.39501E+00,    0.30655E+00,    0.14596E+00,    0.86568E+00
   -0.39432E+00,    0.19100E+00,   -0.24611E-02,   -0.12102E-01
   -0.33241E+00,   -0.15962E+00,   -0.95902E-03,   -0.65135E-02
   -0.37085E+00,   -0.72346E-02,    0.14610E-02,   -0.55206E-02
   -0.39581E+00,    0.29809E+00,   -0.17018E+00,   -0.12729E+00
   -0.21950E+00,   -0.42531E+00,   -0.17333E-01,   -0.18948E-01
   -0.32108E+00,   -0.19569E+00,   -0.24732E-02,   -0.81618E-02
   -0.37570E+00,    0.18774E-01,    0.13511E-02,   -0.62176E-02
   -0.27311E+00,   -0.31810E+00,   -0.97713E-02,   -0.14453E-01
   -0.38275E+00,    0.62898E-01,    0.88455E-03,   -0.77570E-02
   -0.36599E+00,   -0.33243E-01,    0.14060E-02,   -0.51339E-02
   -0.39631E+00,    0.22362E+00,   -0.35693E-02,   -0.12644E-01
   -0.23506E+00,   -0.39738E+00,   -0.14207E-01,   -0.17850E-01
   -0.34994E+00,   -0.10138E+00,    0.60212E-03,   -0.51261E-02
   -0.38056E+00,    0.44782E-01,    0.10820E-02,   -0.71700E-02
   -0.39216E+00,    0.14257E+00,   -0.10356E-02,   -0.10817E-01
   -0.20218E+00,   -0.45730E+00,   -0.18811E-01,    0.88173E+00
   -0.20686E+00,   -0.44947E+00,    0.83899E-01,   -0.13090E+00
   -0.24345E+00,   -0.38219E+00,   -0.13673E-01,   -0.17535E-01
   -0.33874E+00,   -0.14350E+00,   -0.56372E-03,   -0.62258E-02
   -0.36114E+00,   -0.59251E-01,    0.11590E-02,   -0.50905E-02
   -0.25113E+00,   -0.36806E+00,   -0.12917E-01,   -0.17010E-01
   -0.39786E+00,    0.24062E+00,   -0.46747E-02,   -0.12803E-01
   -0.28926E+00,   -0.28524E+00,   -0.76838E-02,   -0.12965E-01
   -0.38984E+00,    0.10555E+00,   -0.89759E-04,   -0.96685E-02
   -0.31057E+00,   -0.23101E+00,   -0.44517E-02,   -0.10267E-01
   -0.22873E+00,   -0.41306E+00,   -0.14293E-01,   -0.18414E-01
   -0.39806E+00,    0.30257E+00,   -0.89423E+00,    0.12608E+00
   -0.38725E+00,    0.79817E-01,    0.42798E-03,   -0.87729E-02
   -0.39837E+00,    0.29346E+00,    0.82930E-01,   -0.13893E+00
   -0.35628E+00,   -0.85259E-01,    0.68575E-03,   -0.54144E-02
   -0.34508E+00,   -0.12739E+00,   -0.25544E-03,   -0.60919E-02
   -0.39692E+00,    0.18099E+00,   -0.23533E-02,   -0.12163E-01
   -0.29893E+00,   -0.26427E+00,   -0.64496E-02,   -0.12088E-01
   -0.26870E+00,   -0.33476E+00,   -0.10964E-01,   -0.15559E-01
   -0.39365E+00,    0.13268E+00,   -0.90267E-03,   -0.10794E-01
   -0.37719E+00,    0.88842E-02,    0.11160E-02,   -0.65608E-02
   -0.37233E+00,   -0.17124E-01,    0.11532E-02,   -0.60010E-02
   -0.38204E+00,    0.34893E-01,    0.92163E-03,   -0.73971E-02
   -0.31559E+00,   -0.22238E+00,   -0.41470E-02,   -0.10138E-01
   -0.20676E+00,   -0.45525E+00,    0.87468E+00,   -0.19615E-01
   -0.29553E+00,   -0.27503E+00,   -0.71730E-02,   -0.12736E-01
   -0.36748E+00,   -0.43132E-01,    0.10213E-02,   -0.57556E-02
   -0.33389E+00,   -0.16951E+00,   -0.17764E-02,   -0.77790E-02
   -0.28043E+00,   -0.31134E+00,   -0.95317E-02,   -0.14506E-01
   -0.38558E+00,    0.53320E-01,    0.67677E-03,   -0.81473E-02
   -0.30385E+00,   -0.25563E+00,   -0.60504E-02,   -0.11886E-01
   -0.40001E+00,    0.21436E+00,   -0.33820E-02,   -0.12968E-01
   -0.35142E+00,   -0.11127E+00,   -0.29381E-04,   -0.61206E-02
   -0.21830E+00,   -0.43665E+00,    0.82109E-02,   -0.14607E-01
   -0.21191E+00,   -0.44790E+00,   -0.16732E+00,   -0.14509E+00
   -0.40100E+00,    0.27983E+00,   -0.34011E-01,   -0.13446E-01
   -0.36262E+00,   -0.69140E-01,    0.68583E-03,   -0.58518E-02
   -0.39176E+00,    0.95831E-01,   -0.85709E-04,   -0.97696E-02
   -0.40112E+00,    0.23180E+00,   -0.42709E-02,   -0.12818E-01
   -0.40129E+00,    0.28945E+00,    0.10799E+00,    0.82205E-01
   -0.40107E+00,    0.29856E+00,   -0.10279E+00,   -0.91192E+00
   -0.22798E+00,   -0.42083E+00,   -0.14456E-01,   -0.19816E-01
   -0.40160E+00,    0.25069E+00,   -0.56346E-02,   -0.14006E-01
   -0.34023E+00,   -0.15339E+00,   -0.13322E-02,   -0.74245E-02
   -0.40167E+00,    0.26214E+00,   -0.65674E-03,   -0.10691E-01
   -0.24345E+00,   -0.39196E+00,   -0.14181E-01,   -0.18014E-01
   -0.39513E+00,    0.12279E+00,   -0.78932E-03,   -0.10786E-01
   -0.23566E+00,   -0.40733E+00,   -0.14383E-01,   -0.17965E-01
   -0.40067E+00,    0.19739E+00,   -0.29972E-02,   -0.12820E-01
   -0.39851E+00,    0.15868E+00,   -0.18735E-02,   -0.11915E-01
   -0.38942E+00,    0.70073E-01,    0.32842E-03,   -0.89852E-02
   -0.27569E+00,   -0.32763E+00,   -0.10675E-01,   -0.15501E-01
   -0.35776E+00,   -0.95148E-01,    0.11554E-03,   -0.63104E-02
   -0.37867E+00,   -0.10054E-02,    0.84981E-03,   -0.69524E-02
   -0.21583E+00,   -0.44523E+00,   -0.10328E+00,    0.87041E-01
   -0.21131E+00,   -0.45315E+00,   -0.20837E-01,   -0.91789E+00
   -0.37381E+00,   -0.27013E-01,    0.81567E-03,   -0.65292E-02
   -0.38353E+00,    0.25004E-01,    0.73027E-03,   -0.76599E-02
   -0.34657E+00,   -0.13727E+00,   -0.97279E-03,   -0.72066E-02
   -0.30963E+00,   -0.24751E+00,   -0.57878E-02,   -0.11885E-01
   -0.25240E+00,   -0.37786E+00,   -0.13597E-01,   -0.17723E-01
   -0.33087E+00,   -0.18889E+00,   -0.28701E-02,   -0.91950E-02
   -0.36896E+00,   -0.53021E-01,    0.60463E-03,   -0.64209E-02
   -0.40110E+00,    0.17193E+00,   -0.23822E-02,   -0.12429E-01
   -0.39661E+00,    0.11290E+00,   -0.70086E-03,   -0.10797E-01
   -0.32284E+00,   -0.21469E+00,   -0.41375E-02,   -0.10502E-01
   -0.39999E+00,    0.14879E+00,   -0.17253E-02,   -0.11913E-01
   -0.38797E+00,    0.44239E-01,    0.47359E-03,   -0.84826E-02
   -0.40405E+00,    0.29453E+00,    0.88001E+00,   -0.11027E+00
   -0.28811E+00,   -0.30418E+00,   -0.92769E-02,   -0.14587E-01
   -0.40285E+00,    0.18895E+00,   -0.29170E-02,   -0.12864E-01
   -0.35291E+00,   -0.12116E+00,   -0.69228E-03,   -0.71422E-02
   -0.30231E+00,   -0.27096E+00,   -0.72519E-02,   -0.13192E-01
   -0.36410E+00,   -0.79029E-01,    0.17771E-03,   -0.66506E-02
   -0.31445E+00,   -0.24015E+00,   -0.55398E-02,   -0.11842E-01
   -0.40492E+00,    0.28535E+00,   -0.13183E+00,    0.98343E-01
   -0.39471E+00,    0.86369E-01,   -0.19267E-03,   -0.10061E-01
   -0.26520E+00,   -0.35631E+00,   -0.12395E-01,   -0.16953E-01
   -0.27087E+00,   -0.34444E+00,   -0.11736E-01,   -0.16454E-01
   -0.29323E+00,   -0.29441E+00,   -0.87061E-02,   -0.14259E-01
   -0.21584E+00,   -0.45101E+00,   -0.91367E+00,    0.34245E-01
   -0.34171E+00,   -0.16328E+00,   -0.21163E-02,   -0.86288E-02
   -0.40585E+00,    0.23866E+00,   -0.55283E-02,   -0.12672E-01
   -0.40506E+00,    0.20634E+00,   -0.34271E-02,   -0.13358E-01
   -0.38015E+00,   -0.10895E-01,    0.55436E-03,   -0.73912E-02
   -0.38501E+00,    0.15114E-01,    0.50584E-03,   -0.79679E-02
   -0.22719E+00,   -0.43187E+00,   -0.42097E-01,   -0.20964E-01
   -0.28251E+00,   -0.32109E+00,   -0.10434E-01,   -0.15507E-01
   -0.22081E+00,   -0.44362E+00,    0.14595E+00,    0.96822E-01
   -0.39243E+00,    0.60589E-01,    0.12911E-03,   -0.93682E-02
   -0.37530E+00,   -0.36903E-01,    0.44920E-03,   -0.71020E-02
   -0.40147E+00,    0.13890E+00,   -0.15860E-02,   -0.11916E-01
   -0.40659E+00,    0.26996E+00,    0.15162E-01,    0.92501E-02
   -0.40616E+00,    0.22208E+00,   -0.37662E-02,   -0.13386E-01
   -0.35925E+00,   -0.10504E+00,   -0.48891E-03,   -0.72365E-02
   -0.24392E+00,   -0.40194E+00,   -0.14572E-01,   -0.18280E-01
   -0.23637E+00,   -0.41617E+00,   -0.13119E-01,   -0.17412E-01
   -0.32852E+00,   -0.20646E+00,   -0.39840E-02,   -0.10596E-01
   -0.25148E+00,   -0.38776E+00,   -0.14171E-01,   -0.18219E-01
   -0.40698E+00,    0.29046E+00,    0.83368E-01,    0.87612E+00
   -0.34805E+00,   -0.14716E+00,   -0.17111E-02,   -0.83371E-02
   -0.33747E+00,   -0.18140E+00,   -0.29421E-02,   -0.96110E-02
   -0.37044E+00,   -0.62911E-01,    0.15602E-03,   -0.71255E-02
   -0.32052E+00,   -0.23106E+00,   -0.52688E-02,   -0.11831E-01
   -0.25929E+00,   -0.37412E+00,   -0.13453E-01,   -0.17798E-01
   -0.29916E+00,   -0.28637E+00,   -0.83468E-02,   -0.14206E-01
   -0.40766E+00,    0.28221E+00,   -0.16102E+00,   -0.14439E+00
   -0.39911E+00,    0.10206E+00,   -0.69998E-03,   -0.10959E-01
   -0.26342E+00,   -0.36646E+00,   -0.13017E-01,   -0.17511E-01
   -0.22471E+00,   -0.44082E+00,    0.62836E-01,   -0.13372E+00
   -0.39673E+00,    0.76867E-01,   -0.26384E-03,   -0.10237E-01
   -0.30891E+00,   -0.26424E+00,   -0.71261E-02,   -0.13420E-01
   -0.22035E+00,   -0.44883E+00,    0.46151E-01,    0.87708E+00
   -0.27789E+00,   -0.33734E+00,   -0.11467E-01,   -0.16395E-01
   -0.36559E+00,   -0.88919E-01,   -0.36498E-03,   -0.74819E-02
   -0.35439E+00,   -0.13105E+00,   -0.13818E-02,   -0.81854E-02
   -0.40295E+00,    0.12902E+00,   -0.14600E-02,   -0.11926E-01
   -0.40680E+00,    0.18012E+00,   -0.29364E-02,   -0.13075E-01
   -0.38649E+00,    0.52249E-02,    0.25011E-03,   -0.83220E-02
   -0.38164E+00,   -0.20784E-01,    0.23140E-03,   -0.78749E-02
   -0.40633E+00,    0.16491E+00,   -0.25369E-02,   -0.12843E-01
   -0.33422E+00,   -0.19825E+00,   -0.38602E-02,   -0.10720E-01
   -0.39135E+00,    0.31235E-01,    0.12628E-03,   -0.90288E-02
   -0.30470E+00,   -0.27820E+00,   -0.79878E-02,   -0.14131E-01
   -0.40981E+00,    0.27725E+00,    0.10135E+00,   -0.11126E+00
   -0.40866E+00,    0.19702E+00,   -0.34382E-02,   -0.13487E-01
   -0.37678E+00,   -0.46792E-01,    0.54212E-04,   -0.77157E-02
   -0.40987E+00,    0.28637E+00,   -0.92052E+00,    0.31702E-01
   -0.40934E+00,    0.21273E+00,   -0.37029E-02,   -0.13824E-01
   -0.31378E+00,   -0.25648E+00,   -0.68298E-02,   -0.13352E-01
   -0.34319E+00,   -0.17317E+00,   -0.29089E-02,   -0.98270E-02
   -0.29024E+00,   -0.31387E+00,   -0.10173E-01,   -0.15565E-01
   -0.39531E+00,    0.51016E-01,   -0.94500E-04,   -0.97556E-02
   -0.36073E+00,   -0.11493E+00,   -0.11244E-02,   -0.81869E-02
   -0.40120E+00,    0.93863E-01,   -0.73934E-03,   -0.11128E-01
   -0.37193E+00,   -0.72800E-01,   -0.32481E-03,   -0.78644E-02
   -0.41094E+00,    0.23047E+00,   -0.39355E-02,   -0.13107E-01
   -0.25933E+00,   -0.38173E+00,   -0.13961E-01,   -0.18260E-01
   -0.32712E+00,   -0.22373E+00,   -0.52082E-02,   -0.12106E-01
   -0.40443E+00,    0.11913E+00,   -0.13534E-02,   -0.11948E-01
   -0.22484E+00,   -0.44659E+00,    0.87656E+00,   -0.13526E+00
   -0.41154E+00,    0.24677E+00,   -0.11120E-01,   -0.12564E-01
   -0.34953E+00,   -0.15705E+00,   -0.24636E-02,   -0.94760E-02
   -0.25226E+00,   -0.39648E+00,   -0.14552E-01,   -0.18603E-01
   -0.40781E+00,    0.15502E+00,   -0.23930E-02,   -0.12875E-01
   -0.24467E+00,   -0.41135E+00,   -0.15901E-01,   -0.17520E-01
   -0.22969E+00,   -0.43905E+00,   -0.18477E+00,   -0.12114E+00
   -0.28516E+00,   -0.33072E+00,   -0.11261E-01,   -0.16412E-01
   -0.41257E+00,    0.27313E+00,    0.11277E+00,    0.11747E+00
   -0.38798E+00,   -0.46655E-02,   -0.34019E-04,   -0.87204E-02
   -0.39969E+00,    0.67332E-01,   -0.43699E-03,   -0.10582E-01
   -0.36707E+00,   -0.98808E-01,   -0.94105E-03,   -0.83403E-02
   -0.31943E+00,   -0.24879E+00,   -0.66127E-02,   -0.13409E-01
   -0.39283E+00,    0.21343E-01,   -0.87463E-04,   -0.93028E-02
   -0.41272E+00,    0.28225E+00,    0.20610E-01,   -0.91856E+00
   -0.38312E+00,   -0.30673E-01,   -0.11754E-03,   -0.84008E-02
   -0.23715E+00,   -0.42762E+00,    0.16111E-01,   -0.25890E-01
   -0.35587E+00,   -0.14093E+00,   -0.20920E-02,   -0.92446E-02
   -0.41315E+00,    0.25883E+00,   -0.11060E-01,   -0.37306E-01
   -0.34061E+00,   -0.19087E+00,   -0.38849E-02,   -0.11067E-01
   -0.37826E+00,   -0.56682E-01,   -0.36931E-03,   -0.83659E-02
   -0.31173E+00,   -0.27111E+00,   -0.78434E-02,   -0.14375E-01
   -0.40591E+00,    0.10924E+00,   -0.12751E-02,   -0.11987E-01
   -0.23350E+00,   -0.43622E+00,   -0.91031E-01,    0.97521E-01
   -0.40929E+00,    0.14513E+00,   -0.22525E-02,   -0.12913E-01
   -0.41118E+00,    0.17114E+00,   -0.29860E-02,   -0.13361E-01
   -0.33281E+00,   -0.21550E+00,   -0.50282E-02,   -0.12179E-01
   -0.40322E+00,    0.84099E-01,   -0.78519E-03,   -0.11287E-01
   -0.22931E+00,   -0.44432E+00,   -0.13848E+00,   -0.90931E+00
   -0.39752E+00,    0.41303E-01,   -0.30178E-03,   -0.10062E-01
   -0.27432E+00,   -0.35805E+00,   -0.12621E-01,   -0.17491E-01
   -0.32442E+00,   -0.24024E+00,   -0.62997E-02,   -0.13306E-01
   -0.29748E+00,   -0.30743E+00,   -0.99484E-02,   -0.15684E-01
   -0.41277E+00,    0.18814E+00,   -0.34719E-02,   -0.13637E-01
   -0.41463E+00,    0.26855E+00,   -0.88915E-01,    0.69275E-01
   -0.36221E+00,   -0.12482E+00,   -0.17866E-02,   -0.91566E-02
   -0.37341E+00,   -0.82690E-01,   -0.83809E-03,   -0.86326E-02
   -0.28054E+00,   -0.34694E+00,   -0.12120E-01,   -0.17164E-01
   -0.41469E+00,    0.22157E+00,   -0.38100E-02,   -0.14288E-01
   -0.41544E+00,    0.23766E+00,   -0.28257E-02,   -0.11378E-01
   -0.41553E+00,    0.27810E+00,    0.89048E+00,    0.12334E-01
   -0.38946E+00,   -0.14555E-01,   -0.34392E-03,   -0.91615E-02
   -0.35102E+00,   -0.16694E+00,   -0.32242E-02,   -0.10617E-01
   -0.41492E+00,    0.20475E+00,   -0.39332E-02,   -0.14172E-01
   -0.39432E+00,    0.11453E-01,   -0.33328E-03,   -0.96201E-02
   -0.29216E+00,   -0.32367E+00,   -0.11006E-01,   -0.16407E-01
   -0.34623E+00,   -0.18263E+00,   -0.38112E-02,   -0.11229E-01
   -0.41077E+00,    0.13524E+00,   -0.21148E-02,   -0.12945E-01
   -0.40195E+00,    0.57615E-01,   -0.59359E-03,   -0.10845E-01
   -0.38460E+00,   -0.40563E-01,   -0.49144E-03,   -0.89650E-02
   -0.33849E+00,   -0.20727E+00,   -0.48742E-02,   -0.12278E-01
   -0.26783E+00,   -0.37665E+00,   -0.13621E-01,   -0.18224E-01
   -0.36855E+00,   -0.10870E+00,   -0.15486E-02,   -0.92210E-02
   -0.25286E+00,   -0.40636E+00,   -0.13782E-01,   -0.19618E-01
   -0.26075E+00,   -0.39124E+00,   -0.14675E-01,   -0.18814E-01
   -0.23375E+00,   -0.44200E+00,   -0.89734E+00,    0.15289E+00
   -0.23857E+00,   -0.43413E+00,    0.14336E+00,    0.47443E-01
   -0.35736E+00,   -0.15082E+00,   -0.28155E-02,   -0.10314E-01
   -0.37975E+00,   -0.66571E-01,   -0.82167E-03,   -0.90474E-02
   -0.33041E+00,   -0.23236E+00,   -0.61289E-02,   -0.13421E-01
   -0.40881E+00,    0.10016E+00,   -0.13347E-02,   -0.12241E-01
   -0.41796E+00,    0.26481E+00,   -0.12755E+00,   -0.11939E+00
   -0.30906E+00,   -0.28903E+00,   -0.90266E-02,   -0.15425E-01
   -0.24648E+00,   -0.42157E+00,   -0.35579E-01,   -0.24243E-02
   -0.31914E+00,   -0.26479E+00,   -0.78176E-02,   -0.14771E-01
   -0.41829E+00,    0.27392E+00,   -0.25395E-01,    0.87124E+00
   -0.40642E+00,    0.74701E-01,   -0.95161E-03,   -0.11643E-01
   -0.28742E+00,   -0.33974E+00,   -0.11919E-01,   -0.17117E-01
   -0.41226E+00,    0.12535E+00,   -0.19908E-02,   -0.12981E-01
   -0.41523E+00,    0.16201E+00,   -0.30240E-02,   -0.13661E-01
   -0.30490E+00,   -0.30073E+00,   -0.97240E-02,   -0.15852E-01
   -0.37489E+00,   -0.92579E-01,   -0.13840E-02,   -0.94255E-02
   -0.36370E+00,   -0.13471E+00,   -0.24700E-02,   -0.10142E-01
   -0.32330E+00,   -0.25582E+00,   -0.74172E-02,   -0.14556E-01
   -0.41673E+00,    0.17900E+00,   -0.34915E-02,   -0.13847E-01
   -0.35201E+00,   -0.17448E+00,   -0.37874E-02,   -0.11448E-01
   -0.39580E+00,    0.15637E-02,   -0.60746E-03,   -0.99792E-02
   -0.39094E+00,   -0.24444E-01,   -0.67699E-03,   -0.96423E-02
   -0.34416E+00,   -0.19913E+00,   -0.47554E-02,   -0.12410E-01
   -0.41208E+00,    0.11492E+00,   -0.17693E-02,   -0.12820E-01
   -0.40066E+00,    0.27574E-01,   -0.65857E-03,   -0.10557E-01
   -0.33534E+00,   -0.22523E+00,   -0.59536E-02,   -0.13470E-01
   -0.23817E+00,   -0.43963E+00,    0.16611E+00,    0.85659E+00
   -0.31437E+00,   -0.28069E+00,   -0.86880E-02,   -0.15404E-01
   -0.41831E+00,    0.19540E+00,   -0.39493E-02,   -0.14078E-01
   -0.24235E+00,   -0.43255E+00,    0.10191E+00,   -0.18601E+00
   -0.41908E+00,    0.21261E+00,   -0.40616E-02,   -0.14937E-01
   -0.38609E+00,   -0.50452E-01,   -0.88992E-03,   -0.95634E-02
   -0.27469E+00,   -0.37074E+00,   -0.13270E-01,   -0.18061E-01
   -0.29966E+00,   -0.31716E+00,   -0.10771E-01,   -0.16499E-01
   -0.40473E+00,    0.48171E-01,   -0.82232E-03,   -0.11206E-01
   -0.42012E+00,    0.22928E+00,   -0.39374E-02,   -0.14486E-01
   -0.41059E+00,    0.90807E-01,   -0.13493E-02,   -0.12369E-01
   -0.37004E+00,   -0.11859E+00,   -0.21830E-02,   -0.10116E-01
   -0.42068E+00,    0.24836E+00,   -0.25430E-01,    0.27887E-02
   -0.42083E+00,    0.26132E+00,    0.96717E-01,   -0.17495E+00
   -0.26764E+00,   -0.38655E+00,   -0.14326E-01,   -0.18884E-01
   -0.42102E+00,    0.26971E+00,   -0.89399E+00,    0.25067E-01
   -0.38123E+00,   -0.76460E-01,   -0.13036E-02,   -0.97549E-02
   -0.28273E+00,   -0.35653E+00,   -0.12596E-01,   -0.17765E-01
   -0.26096E+00,   -0.40121E+00,   -0.15790E-01,   -0.18450E-01
   -0.35884E+00,   -0.16071E+00,   -0.35438E-02,   -0.11385E-01
   -0.24651E+00,   -0.42901E+00,   -0.13211E+00,   -0.80923E-01
   -0.32933E+00,   -0.24849E+00,   -0.72720E-02,   -0.14717E-01
   -0.40878E+00,    0.64908E-01,   -0.10887E-02,   -0.11891E-01
   -0.24256E+00,   -0.43722E+00,    0.87058E+00,   -0.24939E+00
   -0.29482E+00,   -0.33304E+00,   -0.11761E-01,   -0.17142E-01
   -0.39728E+00,   -0.83256E-02,   -0.90650E-03,   -0.10379E-01
   -0.37638E+00,   -0.10247E+00,   -0.19606E-02,   -0.10235E-01
   -0.40227E+00,    0.17936E-01,   -0.90123E-03,   -0.10855E-01
   -0.39243E+00,   -0.34334E-01,   -0.10313E-02,   -0.10159E-01
   -0.35057E+00,   -0.19156E+00,   -0.47653E-02,   -0.12731E-01
   -0.36518E+00,   -0.14460E+00,   -0.31677E-02,   -0.11138E-01
   -0.25476E+00,   -0.41633E+00,    0.27962E-02,   -0.35528E-01
   -0.42319E+00,    0.25637E+00,    0.99141E-01,    0.73132E-01
   -0.30559E+00,   -0.31063E+00,   -0.10461E-01,   -0.16506E-01
   -0.41935E+00,    0.15291E+00,   -0.30770E-02,   -0.13998E-01
   -0.32119E+00,   -0.27347E+00,   -0.85468E-02,   -0.15665E-01
   -0.38757E+00,   -0.60342E-01,   -0.13134E-02,   -0.10191E-01
   -0.42370E+00,    0.26547E+00,   -0.56199E-01,   -0.92627E+00
   -0.34295E+00,   -0.21620E+00,   -0.58556E-02,   -0.13753E-01
   -0.41261E+00,    0.81039E-01,   -0.14087E-02,   -0.12539E-01
   -0.33392E+00,   -0.24161E+00,   -0.70723E-02,   -0.14729E-01
   -0.42111E+00,    0.17006E+00,   -0.35476E-02,   -0.14163E-01
   -0.41936E+00,    0.14214E+00,   -0.28219E-02,   -0.13922E-01
   -0.40709E+00,    0.38464E-01,   -0.10564E-02,   -0.11523E-01
   -0.28954E+00,   -0.34943E+00,   -0.12436E-01,   -0.17731E-01
   -0.42264E+00,    0.18685E+00,   -0.39767E-02,   -0.14200E-01
   -0.41645E+00,    0.10639E+00,   -0.19048E-02,   -0.13240E-01
   -0.37152E+00,   -0.12848E+00,   -0.28399E-02,   -0.11024E-01
   -0.42371E+00,    0.20378E+00,   -0.46383E-02,   -0.14664E-01
   -0.38271E+00,   -0.86350E-01,   -0.18157E-02,   -0.10483E-01
   -0.25099E+00,   -0.42731E+00,   -0.10499E+00,    0.16157E+00
   -0.24693E+00,   -0.43477E+00,   -0.31113E+00,   -0.86740E+00
   -0.28282E+00,   -0.36494E+00,   -0.12927E-01,   -0.18061E-01
   -0.42463E+00,    0.22081E+00,   -0.33727E-02,   -0.16003E-01
   -0.27564E+00,   -0.38060E+00,   -0.13617E-01,   -0.18465E-01
   -0.32666E+00,   -0.26522E+00,   -0.82977E-02,   -0.15720E-01
   -0.40362E+00,    0.77917E-02,   -0.11603E-02,   -0.11158E-01
   -0.39877E+00,   -0.18215E-01,   -0.12267E-02,   -0.10818E-01
   -0.42008E+00,    0.13158E+00,   -0.26083E-02,   -0.13888E-01
   -0.30133E+00,   -0.32695E+00,   -0.11552E-01,   -0.17174E-01
   -0.35612E+00,   -0.18358E+00,   -0.47077E-02,   -0.12898E-01
   -0.31398E+00,   -0.29770E+00,   -0.98040E-02,   -0.16391E-01
   -0.34839E+00,   -0.20783E+00,   -0.56780E-02,   -0.13816E-01
   -0.26895E+00,   -0.39590E+00,   -0.15166E-01,   -0.20089E-01
   -0.39391E+00,   -0.44223E-01,   -0.14056E-02,   -0.10708E-01
   -0.42634E+00,    0.26121E+00,    0.90174E+00,   -0.42407E-01
   -0.42644E+00,    0.25238E+00,   -0.15127E+00,    0.12465E+00
   -0.37786E+00,   -0.11236E+00,   -0.25691E-02,   -0.11066E-01
   -0.25507E+00,   -0.42398E+00,    0.11317E+00,    0.36141E-01
   -0.42679E+00,    0.23869E+00,    0.28002E-01,   -0.12023E-01
   -0.31894E+00,   -0.28905E+00,   -0.94396E-02,   -0.16375E-01
   -0.34026E+00,   -0.23391E+00,   -0.69371E-02,   -0.14904E-01
   -0.38905E+00,   -0.70231E-01,   -0.17621E-02,   -0.10841E-01
   -0.36666E+00,   -0.15448E+00,   -0.38706E-02,   -0.12140E-01
   -0.41820E+00,    0.97139E-01,   -0.18994E-02,   -0.13365E-01
   -0.25128E+00,   -0.43227E+00,   -0.85817E+00,    0.28877E+00
   -0.26303E+00,   -0.41114E+00,   -0.31444E-01,   -0.18610E-02
   -0.42824E+00,    0.24784E+00,   -0.97052E-01,   -0.11404E+00
   -0.29695E+00,   -0.34274E+00,   -0.12407E-01,   -0.17725E-01
   -0.42515E+00,    0.16104E+00,   -0.35992E-02,   -0.14497E-01
   -0.42133E+00,    0.11451E+00,   -0.23169E-02,   -0.13844E-01
   -0.38420E+00,   -0.96239E-01,   -0.23618E-02,   -0.11232E-01
   -0.33310E+00,   -0.25770E+00,   -0.81695E-02,   -0.15935E-01
   -0.36273E+00,   -0.17265E+00,   -0.45969E-02,   -0.13004E-01
   -0.42654E+00,    0.17841E+00,   -0.40317E-02,   -0.14485E-01
   -0.37300E+00,   -0.13837E+00,   -0.35135E-02,   -0.11943E-01
   -0.42894E+00,    0.25693E+00,    0.24389E-01,    0.88982E+00
   -0.35366E+00,   -0.20099E+00,   -0.56158E-02,   -0.14001E-01
   -0.40511E+00,   -0.20961E-02,   -0.14513E-02,   -0.11519E-01
   -0.34532E+00,   -0.22539E+00,   -0.66710E-02,   -0.14860E-01
   -0.40026E+00,   -0.28104E-01,   -0.15641E-02,   -0.11290E-01
   -0.41470E+00,    0.53952E-01,   -0.15128E-02,   -0.12631E-01
   -0.41029E+00,    0.23903E-01,   -0.14503E-02,   -0.12011E-01
   -0.42827E+00,    0.19504E+00,   -0.43190E-02,   -0.14220E-01
   -0.42897E+00,    0.21225E+00,   -0.49763E-02,   -0.16589E-01
   -0.30865E+00,   -0.32024E+00,   -0.11234E-01,   -0.17222E-01
   -0.39539E+00,   -0.54112E-01,   -0.18000E-02,   -0.11284E-01
   -0.29101E+00,   -0.35920E+00,   -0.12638E-01,   -0.18224E-01
   -0.25948E+00,   -0.42215E+00,    0.63175E-01,   -0.20081E+00
   -0.25560E+00,   -0.42973E+00,    0.34596E+00,    0.80422E+00
   -0.28380E+00,   -0.37485E+00,   -0.13400E-01,   -0.18100E-01
   -0.42000E+00,    0.87734E-01,   -0.19292E-02,   -0.13512E-01
   -0.43006E+00,    0.22914E+00,   -0.25914E-01,   -0.19051E-01
   -0.41863E+00,    0.75336E-01,   -0.17795E-02,   -0.13274E-01
   -0.37934E+00,   -0.12225E+00,   -0.31952E-02,   -0.11882E-01
   -0.27683E+00,   -0.39042E+00,   -0.14478E-01,   -0.19134E-01
   -0.39054E+00,   -0.80120E-01,   -0.22386E-02,   -0.11508E-01
   -0.32590E+00,   -0.28225E+00,   -0.93282E-02,   -0.16705E-01
   -0.42708E+00,    0.15050E+00,   -0.35086E-02,   -0.14690E-01
   -0.43149E+00,    0.25261E+00,   -0.90390E+00,   -0.35687E-01
   -0.43144E+00,    0.24339E+00,    0.14137E+00,   -0.10342E+00
   -0.36815E+00,   -0.16437E+00,   -0.45679E-02,   -0.13140E-01
   -0.33917E+00,   -0.25000E+00,   -0.80092E-02,   -0.16072E-01
   -0.35930E+00,   -0.19276E+00,   -0.55227E-02,   -0.14140E-01
   -0.26351E+00,   -0.41878E+00,   -0.14489E+00,   -0.65305E-01
   -0.42368E+00,    0.10480E+00,   -0.23112E-02,   -0.14021E-01
   -0.30421E+00,   -0.33626E+00,   -0.12315E-01,   -0.17757E-01
   -0.40659E+00,   -0.11985E-01,   -0.17620E-02,   -0.11916E-01
   -0.35164E+00,   -0.21727E+00,   -0.65373E-02,   -0.15038E-01
   -0.41145E+00,    0.13999E-01,   -0.16868E-02,   -0.12251E-01
   -0.38568E+00,   -0.10613E+00,   -0.29284E-02,   -0.11965E-01
   -0.27104E+00,   -0.40579E+00,    0.13292E-02,   -0.38573E-01
   -0.40174E+00,   -0.37994E-01,   -0.19167E-02,   -0.11792E-01
   -0.33108E+00,   -0.27373E+00,   -0.90846E-02,   -0.16793E-01
   -0.25990E+00,   -0.42715E+00,    0.80595E+00,   -0.38666E+00
   -0.31726E+00,   -0.30760E+00,   -0.10511E-01,   -0.17098E-01
   -0.37449E+00,   -0.14826E+00,   -0.41949E-02,   -0.12870E-01
   -0.34381E+00,   -0.24165E+00,   -0.77142E-02,   -0.15976E-01
   -0.43060E+00,    0.16929E+00,   -0.40424E-02,   -0.14821E-01
   -0.39688E+00,   -0.64002E-01,   -0.22164E-02,   -0.11884E-01
   -0.41685E+00,    0.39690E-01,   -0.17530E-02,   -0.12873E-01
   -0.43382E+00,    0.24007E+00,    0.13781E+00,    0.13421E+00
   -0.43400E+00,    0.24828E+00,    0.30046E-01,   -0.90593E+00
   -0.43314E+00,    0.20361E+00,   -0.63803E-02,   -0.14085E-01
   -0.29905E+00,   -0.35246E+00,   -0.12798E-01,   -0.18201E-01
   -0.43256E+00,    0.18630E+00,   -0.45177E-02,   -0.14649E-01
   -0.38083E+00,   -0.13214E+00,   -0.38461E-02,   -0.12729E-01
   -0.42957E+00,    0.13748E+00,   -0.33225E-02,   -0.14833E-01
   -0.39202E+00,   -0.90010E-01,   -0.27396E-02,   -0.12177E-01
   -0.33605E+00,   -0.26715E+00,   -0.89565E-02,   -0.16948E-01
   -0.29185E+00,   -0.36916E+00,   -0.12746E-01,   -0.18449E-01
   -0.26789E+00,   -0.41686E+00,   -0.78817E-01,    0.16705E+00
   -0.32306E+00,   -0.29946E+00,   -0.10146E-01,   -0.17144E-01
   -0.26417E+00,   -0.42452E+00,   -0.42946E+00,   -0.81422E+00
   -0.42225E+00,    0.65933E-01,   -0.19946E-02,   -0.13656E-01
   -0.28461E+00,   -0.38480E+00,   -0.12415E-01,   -0.18165E-01
   -0.43491E+00,    0.22182E+00,    0.24115E-01,   -0.16521E-01
   -0.42886E+00,    0.12145E+00,   -0.28598E-02,   -0.14624E-01
   -0.42611E+00,    0.95105E-01,   -0.23519E-02,   -0.14232E-01
   -0.31059E+00,   -0.32999E+00,   -0.12029E-01,   -0.17795E-01
   -0.41292E+00,    0.41364E-02,   -0.19715E-02,   -0.12570E-01
   -0.40808E+00,   -0.21874E-01,   -0.20864E-02,   -0.12345E-01
   -0.36589E+00,   -0.18533E+00,   -0.55842E-02,   -0.14486E-01
   -0.43550E+00,    0.23485E+00,   -0.11751E+00,    0.75162E-01
   -0.35817E+00,   -0.20981E+00,   -0.64887E-02,   -0.15323E-01
   -0.40322E+00,   -0.47883E-01,   -0.22833E-02,   -0.12319E-01
   -0.27786E+00,   -0.40031E+00,   -0.33333E-01,   -0.65626E-02
   -0.34991E+00,   -0.23417E+00,   -0.75690E-02,   -0.16124E-01
   -0.43647E+00,    0.24391E+00,    0.90751E+00,    0.68935E-01
   -0.32852E+00,   -0.29073E+00,   -0.98687E-02,   -0.17302E-01
   -0.41834E+00,    0.29810E-01,   -0.19710E-02,   -0.13085E-01
   -0.27186E+00,   -0.41341E+00,    0.11932E+00,    0.16771E-01
   -0.39836E+00,   -0.73891E-01,   -0.26512E-02,   -0.12488E-01
   -0.37597E+00,   -0.15814E+00,   -0.48728E-02,   -0.13804E-01
   -0.26841E+00,   -0.42185E+00,   -0.80620E+00,    0.40481E+00
   -0.34214E+00,   -0.25934E+00,   -0.88101E-02,   -0.17107E-01
   -0.42366E+00,    0.55622E-01,   -0.21022E-02,   -0.13764E-01
   -0.43783E+00,    0.23047E+00,   -0.80785E-01,   -0.14352E+00
   -0.30636E+00,   -0.34596E+00,   -0.13039E-01,   -0.18131E-01
   -0.43091E+00,    0.11167E+00,   -0.27892E-02,   -0.14751E-01
   -0.36354E+00,   -0.20180E+00,   -0.63620E-02,   -0.15431E-01
   -0.43714E+00,    0.19489E+00,   -0.29490E-02,   -0.13589E-01
   -0.43641E+00,    0.17740E+00,   -0.45664E-02,   -0.15058E-01
   -0.38231E+00,   -0.14203E+00,   -0.45074E-02,   -0.13567E-01
   -0.41441E+00,   -0.57516E-02,   -0.22775E-02,   -0.12928E-01
   -0.40956E+00,   -0.31763E-01,   -0.24210E-02,   -0.12803E-01
   -0.43889E+00,    0.23952E+00,   -0.15441E+00,    0.87414E+00
   -0.35571E+00,   -0.22606E+00,   -0.73725E-02,   -0.16210E-01
   -0.42835E+00,    0.83571E-01,   -0.24108E-02,   -0.14441E-01
   -0.41941E+00,    0.19874E-01,   -0.21930E-02,   -0.13268E-01
   -0.33475E+00,   -0.28293E+00,   -0.97468E-02,   -0.17633E-01
   -0.37236E+00,   -0.17771E+00,   -0.56536E-02,   -0.14786E-01
   -0.29226E+00,   -0.37901E+00,   -0.14971E-01,   -0.17231E-01
   -0.40471E+00,   -0.57772E-01,   -0.26646E-02,   -0.12866E-01
   -0.27615E+00,   -0.41141E+00,    0.37389E-01,   -0.21074E+00
   -0.34769E+00,   -0.25084E+00,   -0.85685E-02,   -0.17108E-01
   -0.30024E+00,   -0.36374E+00,   -0.12220E-01,   -0.18890E-01
   -0.27262E+00,   -0.41914E+00,    0.45616E+00,    0.74637E+00
   -0.43705E+00,    0.16026E+00,   -0.42873E-02,   -0.15372E-01
   -0.42469E+00,    0.45726E-01,   -0.22289E-02,   -0.13856E-01
   -0.43639E+00,    0.14935E+00,   -0.40788E-02,   -0.15482E-01
   -0.32051E+00,   -0.32025E+00,   -0.11334E-01,   -0.17756E-01
   -0.44037E+00,    0.21236E+00,   -0.34394E-01,   -0.24740E-01
   -0.44092E+00,    0.22617E+00,    0.17272E+00,   -0.11587E+00
   -0.44127E+00,    0.23511E+00,   -0.88001E+00,   -0.16994E+00
   -0.37745E+00,   -0.16803E+00,   -0.55338E-02,   -0.14745E-01
   -0.28009E+00,   -0.40788E+00,   -0.15927E+00,   -0.54868E-01
   -0.36908E+00,   -0.19479E+00,   -0.63396E-02,   -0.15643E-01
   -0.38941E+00,   -0.12734E+00,   -0.42884E-02,   -0.13660E-01
   -0.43327E+00,    0.10207E+00,   -0.28033E-02,   -0.14947E-01
   -0.36111E+00,   -0.21929E+00,   -0.72561E-02,   -0.16371E-01
   -0.41590E+00,   -0.15644E-01,   -0.25949E-02,   -0.13317E-01
   -0.42067E+00,    0.10417E-01,   -0.24528E-02,   -0.13517E-01
   -0.31360E+00,   -0.33950E+00,   -0.12930E-01,   -0.18238E-01
   -0.32721E+00,   -0.30852E+00,   -0.10610E-01,   -0.17562E-01
   -0.28688E+00,   -0.39598E+00,    0.10937E-01,   -0.39763E-01
   -0.43633E+00,    0.12810E+00,   -0.33819E-02,   -0.15280E-01
   -0.34083E+00,   -0.27548E+00,   -0.96757E-02,   -0.17955E-01
   -0.41105E+00,   -0.41653E-01,   -0.27635E-02,   -0.13285E-01
   -0.27681E+00,   -0.41638E+00,    0.75025E+00,   -0.49677E+00
   -0.43051E+00,    0.71546E-01,   -0.25029E-02,   -0.14631E-01
   -0.44237E+00,    0.22165E+00,    0.65657E-01,    0.10288E+00
   -0.35369E+00,   -0.24299E+00,   -0.83778E-02,   -0.17182E-01
   -0.38379E+00,   -0.15192E+00,   -0.51714E-02,   -0.14425E-01
   -0.44127E+00,    0.18580E+00,   -0.64054E-02,   -0.15678E-01
   -0.42614E+00,    0.36021E-01,   -0.24224E-02,   -0.14013E-01
   -0.40310E+00,   -0.82415E-01,   -0.33145E-02,   -0.13536E-01
   -0.30856E+00,   -0.35475E+00,   -0.13598E-01,   -0.18288E-01
   -0.44361E+00,    0.23068E+00,    0.15724E+00,   -0.90147E+00
   -0.28417E+00,   -0.40505E+00,   -0.29922E-01,    0.12484E+00
   -0.39431E+00,   -0.11871E+00,   -0.42346E-02,   -0.13901E-01
   -0.34554E+00,   -0.26864E+00,   -0.95606E-02,   -0.18089E-01
   -0.36656E+00,   -0.21095E+00,   -0.70768E-02,   -0.16460E-01
   -0.33297E+00,   -0.30052E+00,   -0.10351E-01,   -0.17788E-01
   -0.43964E+00,    0.13989E+00,   -0.40178E-02,   -0.15676E-01
   -0.43126E+00,    0.61614E-01,   -0.25492E-02,   -0.14657E-01
   -0.28097E+00,   -0.41359E+00,   -0.52916E+00,   -0.75656E+00
   -0.43540E+00,    0.92349E-01,   -0.28499E-02,   -0.15157E-01
   -0.39765E+00,   -0.10973E+00,   -0.40467E-02,   -0.13916E-01
   -0.43835E+00,    0.11831E+00,   -0.32238E-02,   -0.15361E-01
   -0.32031E+00,   -0.33222E+00,   -0.12323E-01,   -0.18334E-01
   -0.42225E+00,    0.54966E-03,   -0.27656E-02,   -0.13847E-01
   -0.30202E+00,   -0.37232E+00,   -0.93735E-02,   -0.20311E-01
   -0.41738E+00,   -0.25533E-01,   -0.29170E-02,   -0.13734E-01
   -0.37573E+00,   -0.18713E+00,   -0.63937E-02,   -0.15941E-01
   -0.44453E+00,    0.20208E+00,    0.14070E-01,    0.28193E-02
   -0.40085E+00,   -0.10063E+00,   -0.38751E-02,   -0.13967E-01
   -0.40312E+00,   -0.91600E-01,   -0.36598E-02,   -0.13895E-01
   -0.35976E+00,   -0.23517E+00,   -0.81836E-02,   -0.17274E-01
   -0.44530E+00,    0.21701E+00,   -0.16472E+00,    0.43865E-01
   -0.42720E+00,    0.26120E-01,   -0.26368E-02,   -0.14158E-01
   -0.40821E+00,   -0.70645E-01,   -0.33028E-02,   -0.13821E-01
   -0.41253E+00,   -0.51542E-01,   -0.31123E-02,   -0.13782E-01
   -0.44345E+00,    0.17315E+00,   -0.41080E-02,   -0.15219E-01
   -0.29494E+00,   -0.38876E+00,   -0.26463E-01,    0.42291E-02
   -0.44590E+00,    0.22622E+00,    0.87172E+00,    0.19278E+00
   -0.33840E+00,   -0.29215E+00,   -0.10233E-01,   -0.18201E-01
   -0.35187E+00,   -0.25988E+00,   -0.93812E-02,   -0.18179E-01
   -0.28914E+00,   -0.40278E+00,    0.19206E+00,   -0.14306E-01
   -0.28510E+00,   -0.41075E+00,   -0.73925E+00,    0.49435E+00
   -0.43267E+00,    0.51405E-01,   -0.26729E-02,   -0.14752E-01
   -0.38576E+00,   -0.16149E+00,   -0.58423E-02,   -0.15321E-01
   -0.31585E+00,   -0.34795E+00,   -0.13901E-01,   -0.18276E-01
   -0.44407E+00,    0.15513E+00,   -0.46658E-02,   -0.16131E-01
   -0.44027E+00,    0.10853E+00,   -0.31878E-02,   -0.15504E-01
   -0.44747E+00,    0.21351E+00,   -0.11206E+00,   -0.18739E+00
   -0.42335E+00,   -0.93683E-02,   -0.30545E-02,   -0.14153E-01
   -0.44814E+00,    0.22174E+00,   -0.22135E+00,    0.85170E+00
   -0.29217E+00,   -0.40002E+00,    0.25010E-01,   -0.18518E+00
   -0.41887E+00,   -0.35422E-01,   -0.32403E-02,   -0.14173E-01
   -0.37386E+00,   -0.20373E+00,   -0.71075E-02,   -0.16861E-01
   -0.39216E+00,   -0.14467E+00,   -0.54359E-02,   -0.15007E-01
   -0.42873E+00,    0.16281E-01,   -0.29211E-02,   -0.14398E-01
   -0.34451E+00,   -0.28466E+00,   -0.10244E-01,   -0.18710E-01
   -0.39516E+00,   -0.13513E+00,   -0.51546E-02,   -0.14848E-01
   -0.36595E+00,   -0.22787E+00,   -0.80343E-02,   -0.17448E-01
   -0.38220E+00,   -0.17951E+00,   -0.64790E-02,   -0.16191E-01
   -0.35753E+00,   -0.25167E+00,   -0.91466E-02,   -0.18154E-01
   -0.32783E+00,   -0.32577E+00,   -0.11594E-01,   -0.18172E-01
   -0.28921E+00,   -0.40787E+00,    0.51319E+00,    0.71282E+00
   -0.44883E+00,    0.20824E+00,    0.11566E+00,   -0.72023E-01
   -0.31089E+00,   -0.36389E+00,   -0.14184E-01,   -0.18395E-01
   -0.33173E+00,   -0.31740E+00,   -0.10899E-01,   -0.17723E-01
   -0.44839E+00,    0.19256E+00,   -0.16079E-01,   -0.34807E-01
   -0.43388E+00,    0.42329E-01,   -0.28215E-02,   -0.14842E-01
   -0.44620E+00,    0.14743E+00,   -0.48262E-02,   -0.16361E-01
   -0.43941E+00,    0.79353E-01,   -0.30161E-02,   -0.15562E-01
   -0.29622E+00,   -0.39632E+00,   -0.15127E+00,   -0.23706E-01
   -0.45034E+00,    0.21723E+00,   -0.87888E+00,   -0.28268E+00
   -0.39910E+00,   -0.12740E+00,   -0.50339E-02,   -0.14935E-01
   -0.30353E+00,   -0.38240E+00,   -0.11542E-01,   -0.42994E-01
   -0.37094E+00,   -0.21990E+00,   -0.78105E-02,   -0.17505E-01
   -0.38676E+00,   -0.17169E+00,   -0.64342E-02,   -0.16162E-01
   -0.33705E+00,   -0.30898E+00,   -0.10526E-01,   -0.17786E-01
   -0.44271E+00,    0.98912E-01,   -0.32526E-02,   -0.15746E-01
   -0.32333E+00,   -0.34135E+00,   -0.13411E-01,   -0.18838E-01
   -0.42982E+00,    0.64784E-02,   -0.32036E-02,   -0.14638E-01
   -0.40247E+00,   -0.11801E+00,   -0.47979E-02,   -0.14918E-01
   -0.42520E+00,   -0.19131E-01,   -0.33977E-02,   -0.14568E-01
   -0.29328E+00,   -0.40495E+00,    0.68756E+00,   -0.60886E+00
   -0.44587E+00,    0.12516E+00,   -0.35877E-02,   -0.15834E-01
   -0.35056E+00,   -0.27726E+00,   -0.10265E-01,   -0.19105E-01
   -0.43943E+00,    0.67101E-01,   -0.30015E-02,   -0.15519E-01
   -0.41622E+00,   -0.63455E-01,   -0.36815E-02,   -0.14650E-01
   -0.37993E+00,   -0.19581E+00,   -0.70853E-02,   -0.17067E-01
   -0.42035E+00,   -0.45312E-01,   -0.35641E-02,   -0.14630E-01
   -0.36272E+00,   -0.24591E+00,   -0.90182E-02,   -0.18227E-01
   -0.45151E+00,    0.20426E+00,    0.77065E-01,    0.16874E+00
   -0.44973E+00,    0.16376E+00,   -0.56024E-02,   -0.15419E-01
   -0.43519E+00,    0.31853E-01,   -0.30467E-02,   -0.14966E-01
   -0.40610E+00,   -0.10872E+00,   -0.46041E-02,   -0.14981E-01
   -0.45250E+00,    0.21271E+00,    0.32681E+00,   -0.85104E+00
   -0.30039E+00,   -0.39407E+00,   -0.26852E-01,    0.17823E+00
   -0.35551E+00,   -0.26869E+00,   -0.10101E-01,   -0.19127E-01
   -0.31812E+00,   -0.35759E+00,   -0.14805E-01,   -0.17799E-01
   -0.34293E+00,   -0.30097E+00,   -0.10479E-01,   -0.18417E-01
   -0.36766E+00,   -0.23729E+00,   -0.86859E-02,   -0.18134E-01
   -0.45292E+00,    0.19920E+00,   -0.13470E+00,    0.32945E-01
   -0.40975E+00,   -0.99399E-01,   -0.44365E-02,   -0.15077E-01
   -0.44033E+00,    0.57801E-01,   -0.30626E-02,   -0.15538E-01
   -0.29733E+00,   -0.40199E+00,   -0.62268E+00,   -0.67146E+00
   -0.44946E+00,    0.13800E+00,   -0.44902E-02,   -0.16245E-01
   -0.45261E+00,    0.18270E+00,   -0.25365E-02,    0.63056E-02
   -0.44755E+00,    0.11531E+00,   -0.34829E-02,   -0.15919E-01
   -0.44492E+00,    0.89903E-01,   -0.33330E-02,   -0.16007E-01
   -0.32932E+00,   -0.33556E+00,   -0.12440E-01,   -0.19033E-01
   -0.43135E+00,   -0.33963E-02,   -0.35340E-02,   -0.14954E-01
   -0.41297E+00,   -0.89939E-01,   -0.42712E-02,   -0.15135E-01
   -0.42114E+00,   -0.54750E-01,   -0.38267E-02,   -0.14998E-01
   -0.30410E+00,   -0.39030E+00,    0.12529E+00,   -0.18574E-01
   -0.39601E+00,   -0.15366E+00,   -0.62188E-02,   -0.15975E-01
   -0.34806E+00,   -0.29248E+00,   -0.10576E-01,   -0.19193E-01
   -0.38556E+00,   -0.18892E+00,   -0.71331E-02,   -0.17256E-01
   -0.45461E+00,    0.20816E+00,    0.82573E+00,    0.32684E+00
   -0.43639E+00,    0.22637E-01,   -0.32969E-02,   -0.15120E-01
   -0.37791E+00,   -0.21277E+00,   -0.77651E-02,   -0.17856E-01
   -0.42735E+00,   -0.29448E-01,   -0.37665E-02,   -0.15055E-01
   -0.41648E+00,   -0.80698E-01,   -0.41833E-02,   -0.15255E-01
   -0.36151E+00,   -0.26082E+00,   -0.99264E-02,   -0.19121E-01
   -0.37319E+00,   -0.22903E+00,   -0.84185E-02,   -0.18194E-01
   -0.30134E+00,   -0.39899E+00,   -0.66133E+00,    0.60311E+00
   -0.45292E+00,    0.15471E+00,   -0.46352E-02,   -0.17930E-01
   -0.45550E+00,    0.19505E+00,   -0.68620E-01,   -0.20098E+00
   -0.31332E+00,   -0.37572E+00,    0.93601E-02,    0.54297E-02
   -0.39458E+00,   -0.16546E+00,   -0.67238E-02,   -0.16560E-01
   -0.44206E+00,    0.48041E-01,   -0.32027E-02,   -0.15622E-01
   -0.32522E+00,   -0.35114E+00,   -0.15605E-01,   -0.18138E-01
   -0.45667E+00,    0.20359E+00,   -0.39859E+00,    0.79258E+00
   -0.40192E+00,   -0.14250E+00,   -0.60419E-02,   -0.15975E-01
   -0.44984E+00,    0.10580E+00,   -0.35791E-02,   -0.16133E-01
   -0.30839E+00,   -0.38789E+00,   -0.20975E-01,   -0.22060E+00
   -0.35407E+00,   -0.28454E+00,   -0.10731E-01,   -0.19822E-01
   -0.43747E+00,    0.12711E-01,   -0.35895E-02,   -0.15314E-01
   -0.33620E+00,   -0.32833E+00,   -0.11344E-01,   -0.18205E-01
   -0.45682E+00,    0.19008E+00,    0.12793E+00,   -0.51935E-01
   -0.38368E+00,   -0.20506E+00,   -0.76920E-02,   -0.18064E-01
   -0.30532E+00,   -0.39595E+00,    0.64491E+00,    0.59584E+00
   -0.42837E+00,   -0.39395E-01,   -0.40348E-02,   -0.15423E-01
   -0.45645E+00,    0.17287E+00,    0.21522E-03,   -0.37704E-01
   -0.42129E+00,   -0.72065E-01,   -0.42457E-02,   -0.15556E-01
   -0.44823E+00,    0.80725E-01,   -0.34704E-02,   -0.16355E-01
   -0.36742E+00,   -0.25289E+00,   -0.96694E-02,   -0.19013E-01
   -0.39204E+00,   -0.18130E+00,   -0.72502E-02,   -0.17436E-01
   -0.31187E+00,   -0.38413E+00,   -0.15072E+00,   -0.81339E-02
   -0.44751E+00,    0.72351E-01,   -0.34244E-02,   -0.16296E-01
   -0.44294E+00,    0.38142E-01,   -0.33673E-02,   -0.15649E-01
   -0.32023E+00,   -0.36731E+00,   -0.34586E-01,   -0.33415E-01
   -0.45414E+00,    0.12969E+00,   -0.37545E-02,   -0.16129E-01
   -0.45869E+00,    0.19901E+00,   -0.81003E+00,   -0.41595E+00
   -0.40889E+00,   -0.12553E+00,   -0.56119E-02,   -0.15961E-01
   -0.40650E+00,   -0.13512E+00,   -0.59584E-02,   -0.16101E-01
   -0.45593E+00,    0.14560E+00,   -0.69361E-02,   -0.16815E-01
   -0.41225E+00,   -0.11657E+00,   -0.53768E-02,   -0.15990E-01
   -0.30928E+00,   -0.39287E+00,    0.60003E+00,   -0.68128E+00
   -0.34695E+00,   -0.30984E+00,   -0.10315E-01,   -0.17737E-01
   -0.41504E+00,   -0.10634E+00,   -0.50674E-02,   -0.15945E-01
   -0.36045E+00,   -0.27690E+00,   -0.10820E-01,   -0.20159E-01
   -0.33220E+00,   -0.34455E+00,   -0.13530E-01,   -0.20537E-01
   -0.38048E+00,   -0.22240E+00,   -0.83357E-02,   -0.18559E-01
   -0.45940E+00,    0.18571E+00,    0.36163E-01,    0.17851E+00
   -0.45232E+00,    0.96487E-01,   -0.37051E-02,   -0.16450E-01
   -0.44853E+00,    0.63936E-01,   -0.34692E-02,   -0.16310E-01
   -0.37266E+00,   -0.24567E+00,   -0.93956E-02,   -0.18925E-01
   -0.43600E+00,   -0.14528E-01,   -0.41228E-02,   -0.15642E-01
   -0.45522E+00,    0.12164E+00,   -0.34925E-02,   -0.16180E-01
   -0.42622E+00,   -0.63364E-01,   -0.43564E-02,   -0.15843E-01
   -0.38945E+00,   -0.19785E+00,   -0.77031E-02,   -0.18275E-01
   -0.42938E+00,   -0.49312E-01,   -0.42977E-02,   -0.15801E-01
   -0.34326E+00,   -0.32129E+00,   -0.99384E-02,   -0.16471E-01
   -0.46066E+00,    0.19440E+00,    0.44164E+00,   -0.79515E+00
   -0.35181E+00,   -0.30140E+00,   -0.10667E-01,   -0.19300E-01
   -0.31644E+00,   -0.38111E+00,    0.39543E-01,    0.15231E+00
   -0.46054E+00,    0.18089E+00,   -0.14160E+00,    0.80079E-02
   -0.44453E+00,    0.28334E-01,   -0.36458E-02,   -0.15772E-01
   -0.36499E+00,   -0.27008E+00,   -0.10684E-01,   -0.20094E-01
   -0.45986E+00,    0.16358E+00,   -0.14736E-01,    0.65198E-02
   -0.31320E+00,   -0.38975E+00,   -0.70719E+00,   -0.59052E+00
   -0.43571E+00,   -0.24503E-01,   -0.42944E-02,   -0.15833E-01
   -0.41955E+00,   -0.97431E-01,   -0.49518E-02,   -0.16156E-01
   -0.37739E+00,   -0.23804E+00,   -0.90788E-02,   -0.18891E-01
   -0.32720E+00,   -0.36203E+00,    0.28103E-02,   -0.25773E-03
   -0.44954E+00,    0.54140E-01,   -0.35122E-02,   -0.16264E-01
   -0.45876E+00,    0.13643E+00,   -0.39876E-02,   -0.16631E-01
   -0.42265E+00,   -0.87955E-01,   -0.47811E-02,   -0.16206E-01
   -0.38618E+00,   -0.21436E+00,   -0.81687E-02,   -0.18776E-01
   -0.31965E+00,   -0.37858E+00,    0.16761E+00,   -0.38254E-01
   -0.45668E+00,    0.11180E+00,   -0.38002E-02,   -0.16315E-01
   -0.46259E+00,    0.18977E+00,    0.77208E+00,    0.43809E+00
   -0.45442E+00,    0.87087E-01,   -0.37872E-02,   -0.16791E-01
   -0.33904E+00,   -0.33782E+00,   -0.11714E-01,   -0.19825E-01
   -0.35796E+00,   -0.29356E+00,   -0.11072E-01,   -0.20588E-01
   -0.31709E+00,   -0.38659E+00,   -0.57315E+00,    0.67767E+00
   -0.44549E+00,    0.18652E-01,   -0.39403E-02,   -0.15909E-01
   -0.39545E+00,   -0.18993E+00,   -0.77746E-02,   -0.18382E-01
   -0.44272E+00,    0.19635E-02,   -0.42189E-02,   -0.15952E-01
   -0.46309E+00,    0.17632E+00,   -0.25643E-01,   -0.21204E+00
   -0.38258E+00,   -0.22953E+00,   -0.87597E-02,   -0.18984E-01
   -0.32328E+00,   -0.37458E+00,   -0.34764E-01,   -0.16426E+00
   -0.37098E+00,   -0.26212E+00,   -0.10421E-01,   -0.19855E-01
   -0.43648E+00,   -0.33537E-01,   -0.45082E-02,   -0.16125E-01
   -0.40279E+00,   -0.16896E+00,   -0.74968E-02,   -0.17535E-01
   -0.40569E+00,   -0.15939E+00,   -0.72296E-02,   -0.17182E-01
   -0.40867E+00,   -0.14988E+00,   -0.69129E-02,   -0.16942E-01
   -0.46447E+00,    0.18512E+00,   -0.50370E+00,    0.73473E+00
   -0.42716E+00,   -0.80144E-01,   -0.47930E-02,   -0.16452E-01
   -0.46407E+00,    0.17162E+00,    0.13221E+00,   -0.27766E-01
   -0.45098E+00,    0.43650E-01,   -0.36346E-02,   -0.16263E-01
   -0.46306E+00,    0.15431E+00,    0.50685E-02,   -0.39023E-01
   -0.45557E+00,    0.77296E-01,   -0.38019E-02,   -0.17018E-01
   -0.45872E+00,    0.10204E+00,   -0.39762E-02,   -0.16628E-01
   -0.32095E+00,   -0.38339E+00,    0.72581E+00,    0.51840E+00
   -0.46140E+00,    0.12720E+00,   -0.32071E-02,   -0.15640E-01
   -0.32701E+00,   -0.37132E+00,   -0.15839E+00,    0.21678E-01
   -0.36373E+00,   -0.28630E+00,   -0.11438E-01,   -0.21119E-01
   -0.34574E+00,   -0.33095E+00,   -0.11426E-01,   -0.18030E-01
   -0.44359E+00,   -0.93736E-02,   -0.45736E-02,   -0.16235E-01
   -0.41307E+00,   -0.14147E+00,   -0.67260E-02,   -0.16949E-01
   -0.46630E+00,    0.18046E+00,   -0.75063E+00,   -0.51839E+00
   -0.41588E+00,   -0.13201E+00,   -0.63817E-02,   -0.16863E-01
   -0.44733E+00,    0.88401E-02,   -0.43255E-02,   -0.16183E-01
   -0.43749E+00,   -0.43484E-01,   -0.47456E-02,   -0.16471E-01
   -0.45661E+00,    0.69796E-01,   -0.38688E-02,   -0.17063E-01
   -0.41836E+00,   -0.12446E+00,   -0.61333E-02,   -0.16855E-01
   -0.37728E+00,   -0.25440E+00,   -0.10094E-01,   -0.19557E-01
   -0.33586E+00,   -0.35550E+00,   -0.42847E-01,   -0.32006E-01
   -0.45209E+00,    0.34784E-01,   -0.38536E-02,   -0.16280E-01
   -0.32478E+00,   -0.38016E+00,    0.47878E+00,   -0.77487E+00
   -0.39438E+00,   -0.20685E+00,   -0.82085E-02,   -0.19290E-01
   -0.46654E+00,    0.16698E+00,   -0.63520E-03,    0.18215E+00
   -0.42215E+00,   -0.11530E+00,   -0.58849E-02,   -0.16943E-01
   -0.36933E+00,   -0.27890E+00,   -0.11505E-01,   -0.21236E-01
   -0.33140E+00,   -0.36836E+00,    0.43462E-01,    0.17042E+00
   -0.38983E+00,   -0.22351E+00,   -0.86389E-02,   -0.19399E-01
   -0.46808E+00,    0.17577E+00,    0.54067E+00,   -0.72978E+00
   -0.46101E+00,    0.92330E-01,   -0.41544E-02,   -0.17107E-01
   -0.42501E+00,   -0.10574E+00,   -0.55855E-02,   -0.16955E-01
   -0.46742E+00,    0.16228E+00,   -0.14494E+00,   -0.13082E-01
   -0.46386E+00,    0.11792E+00,   -0.30831E-02,   -0.17059E-01
   -0.35692E+00,   -0.31146E+00,   -0.10395E-01,   -0.17682E-01
   -0.39894E+00,   -0.19765E+00,   -0.81627E-02,   -0.19267E-01
   -0.44446E+00,   -0.19705E-01,   -0.48505E-02,   -0.16514E-01
   -0.38250E+00,   -0.24647E+00,   -0.97021E-02,   -0.19382E-01
   -0.45768E+00,    0.59930E-01,   -0.38864E-02,   -0.16908E-01
   -0.42813E+00,   -0.96271E-01,   -0.53443E-02,   -0.17012E-01
   -0.45278E+00,    0.25094E-01,   -0.41597E-02,   -0.16309E-01
   -0.32857E+00,   -0.37688E+00,   -0.76223E+00,   -0.50250E+00
   -0.33439E+00,   -0.36469E+00,    0.11314E+00,   -0.58572E-01
   -0.35270E+00,   -0.32379E+00,   -0.67552E-02,   -0.11858E-01
   -0.46722E+00,    0.14428E+00,   -0.30070E-01,    0.39769E-02
   -0.39424E+00,   -0.21463E+00,   -0.84204E-02,   -0.19558E-01
   -0.36169E+00,   -0.30270E+00,   -0.10967E-01,   -0.21525E-01
   -0.43446E+00,   -0.72102E-01,   -0.50158E-02,   -0.16950E-01
   -0.34296E+00,   -0.34713E+00,    0.13989E-01,   -0.17230E-01
   -0.46982E+00,    0.17107E+00,    0.70258E+00,    0.53659E+00
   -0.37474E+00,   -0.27134E+00,   -0.11231E-01,   -0.20906E-01
   -0.44416E+00,   -0.30061E-01,   -0.49883E-02,   -0.16736E-01
   -0.40366E+00,   -0.18844E+00,   -0.82504E-02,   -0.19051E-01
   -0.38724E+00,   -0.23833E+00,   -0.93032E-02,   -0.19440E-01
   -0.46979E+00,    0.15759E+00,    0.82769E-03,   -0.21359E+00
   -0.33234E+00,   -0.37357E+00,   -0.49968E+00,    0.73916E+00
   -0.45865E+00,    0.50044E-01,   -0.38174E-02,   -0.16752E-01
   -0.43260E+00,   -0.87510E-01,   -0.52565E-02,   -0.17217E-01
   -0.46845E+00,    0.13421E+00,    0.15413E-01,   -0.30786E-01
   -0.46326E+00,    0.82729E-01,   -0.41117E-02,   -0.17586E-01
   -0.46613E+00,    0.10860E+00,   -0.53213E-02,   -0.15666E-01
   -0.40822E+00,   -0.17982E+00,   -0.83457E-02,   -0.18719E-01
   -0.47058E+00,    0.15288E+00,    0.12722E+00,   -0.10416E-01
   -0.47151E+00,    0.16636E+00,   -0.59942E+00,    0.65976E+00
   -0.41787E+00,   -0.14755E+00,   -0.73510E-02,   -0.17495E-01
   -0.33902E+00,   -0.36182E+00,   -0.99062E-01,   -0.20531E+00
   -0.34862E+00,   -0.34047E+00,   -0.35683E-01,   -0.25965E-01
   -0.37994E+00,   -0.26360E+00,   -0.10805E-01,   -0.20236E-01
   -0.36767E+00,   -0.29536E+00,   -0.11845E-01,   -0.22209E-01
   -0.41252E+00,   -0.16668E+00,   -0.81184E-02,   -0.18018E-01
   -0.43545E+00,   -0.80536E-01,   -0.52091E-02,   -0.17284E-01
   -0.41539E+00,   -0.15711E+00,   -0.77688E-02,   -0.17692E-01
   -0.43998E+00,   -0.61577E-01,   -0.51839E-02,   -0.17147E-01
   -0.45487E+00,    0.15383E-01,   -0.45602E-02,   -0.16531E-01
   -0.33606E+00,   -0.37022E+00,    0.76814E+00,    0.42598E+00
   -0.44560E+00,   -0.37631E-01,   -0.51891E-02,   -0.17055E-01
   -0.34168E+00,   -0.35866E+00,   -0.17910E+00,    0.20131E-01
   -0.44299E+00,   -0.51856E-01,   -0.52389E-02,   -0.17186E-01
   -0.46481E+00,    0.75489E-01,   -0.41412E-02,   -0.17951E-01
   -0.47316E+00,    0.16162E+00,   -0.67477E+00,   -0.61411E+00
   -0.45457E+00,    0.45501E-02,   -0.49126E-02,   -0.16760E-01
   -0.38495E+00,   -0.25564E+00,   -0.10322E-01,   -0.19633E-01
   -0.46037E+00,    0.40261E-01,   -0.39347E-02,   -0.16774E-01
   -0.42256E+00,   -0.13873E+00,   -0.71095E-02,   -0.17559E-01
   -0.46821E+00,    0.99235E-01,   -0.33206E-02,   -0.17917E-01
   -0.34521E+00,   -0.35447E+00,    0.42959E-01,    0.10644E+00
   -0.33976E+00,   -0.36683E+00,    0.42169E+00,   -0.80602E+00
   -0.37348E+00,   -0.28786E+00,   -0.12555E-01,   -0.22480E-01
   -0.45364E+00,   -0.53941E-02,   -0.52065E-02,   -0.16917E-01
   -0.47317E+00,    0.14813E+00,   -0.38989E-01,    0.18533E+00
   -0.47144E+00,    0.12600E+00,   -0.19642E-01,    0.30085E-02
   -0.42534E+00,   -0.13159E+00,   -0.68733E-02,   -0.17598E-01
   -0.42804E+00,   -0.12206E+00,   -0.65193E-02,   -0.17603E-01
   -0.40397E+00,   -0.20416E+00,   -0.84629E-02,   -0.20173E-01
   -0.46558E+00,    0.65538E-01,   -0.44189E-02,   -0.17654E-01
   -0.47475E+00,    0.15687E+00,    0.63177E+00,   -0.64677E+00
   -0.38983E+00,   -0.24739E+00,   -0.98520E-02,   -0.19502E-01
   -0.47396E+00,    0.14405E+00,   -0.17753E+00,   -0.14207E-01
   -0.46108E+00,    0.30575E-01,   -0.43684E-02,   -0.16659E-01
   -0.45337E+00,   -0.15182E-01,   -0.54415E-02,   -0.17076E-01
   -0.39581E+00,   -0.23199E+00,   -0.90589E-02,   -0.19921E-01
   -0.43184E+00,   -0.11291E+00,   -0.62302E-02,   -0.17713E-01
   -0.34342E+00,   -0.36341E+00,   -0.84724E+00,   -0.39255E+00
   -0.39947E+00,   -0.22305E+00,   -0.87545E-02,   -0.20168E-01
   -0.34905E+00,   -0.35169E+00,    0.17165E+00,   -0.96249E-01
   -0.43471E+00,   -0.10377E+00,   -0.59125E-02,   -0.17768E-01
   -0.35694E+00,   -0.33422E+00,    0.18393E-01,   -0.14310E-01
   -0.37912E+00,   -0.28021E+00,   -0.12185E-01,   -0.22426E-01
   -0.47011E+00,    0.89828E-01,   -0.57913E-02,   -0.17116E-01
   -0.47496E+00,    0.13866E+00,    0.12608E-01,   -0.16401E+00
   -0.47630E+00,    0.15210E+00,    0.61782E+00,    0.63217E+00
   -0.40891E+00,   -0.19695E+00,   -0.86187E-02,   -0.20247E-01
   -0.45285E+00,   -0.25127E-01,   -0.55303E-02,   -0.17236E-01
   -0.43745E+00,   -0.96066E-01,   -0.56991E-02,   -0.17857E-01
   -0.37115E+00,   -0.30219E+00,   -0.11461E-01,   -0.23446E-01
   -0.46662E+00,    0.55618E-01,   -0.41319E-02,   -0.17085E-01
   -0.36743E+00,   -0.31178E+00,   -0.10241E-01,   -0.27489E-01
   -0.35224E+00,   -0.34748E+00,   -0.73369E-01,   -0.15708E+00
   -0.47392E+00,    0.11669E+00,    0.11145E-01,   -0.34026E-01
   -0.46176E+00,    0.20822E-01,   -0.47451E-02,   -0.16653E-01
   -0.34704E+00,   -0.35995E+00,   -0.33449E+00,    0.81414E+00
   -0.40421E+00,   -0.21427E+00,   -0.85965E-02,   -0.20518E-01
   -0.39548E+00,   -0.24078E+00,   -0.94842E-02,   -0.19773E-01
   -0.47633E+00,    0.13389E+00,    0.14277E+00,    0.16283E-01
   -0.47780E+00,    0.14732E+00,   -0.71573E+00,    0.56313E+00
   -0.45280E+00,   -0.35084E-01,   -0.55942E-02,   -0.17526E-01
   -0.41365E+00,   -0.18819E+00,   -0.89188E-02,   -0.19815E-01
   -0.38458E+00,   -0.27236E+00,   -0.11603E-01,   -0.21288E-01
   -0.36434E+00,   -0.32357E+00,   -0.16321E-01,    0.72632E-02
   -0.35571E+00,   -0.34393E+00,   -0.13951E+00,    0.56169E-01
   -0.46125E+00,    0.83678E-02,   -0.51032E-02,   -0.17018E-01
   -0.47181E+00,    0.80385E-01,   -0.30494E-02,   -0.18868E-01
   -0.35063E+00,   -0.35645E+00,    0.83104E+00,    0.29474E+00
   -0.46783E+00,    0.46821E-01,   -0.37740E-02,   -0.17014E-01
   -0.37713E+00,   -0.29469E+00,   -0.14028E-01,   -0.23065E-01
   -0.44256E+00,   -0.87515E-01,   -0.56027E-02,   -0.18119E-01
   -0.44723E+00,   -0.68438E-01,   -0.56257E-02,   -0.17841E-01
   -0.44508E+00,   -0.77981E-01,   -0.55500E-02,   -0.18013E-01
   -0.42186E+00,   -0.16668E+00,   -0.88278E-02,   -0.18305E-01
   -0.41819E+00,   -0.17938E+00,   -0.91782E-02,   -0.19104E-01
   -0.47926E+00,    0.14252E+00,   -0.53883E+00,   -0.73569E+00
   -0.42785E+00,   -0.14716E+00,   -0.78262E-02,   -0.17991E-01
   -0.47625E+00,    0.10739E+00,   -0.22172E-01,    0.91561E-03
   -0.47841E+00,    0.12903E+00,   -0.52471E-01,    0.17649E+00
   -0.38983E+00,   -0.26429E+00,   -0.10979E-01,   -0.19821E-01
   -0.45009E+00,   -0.58869E-01,   -0.57870E-02,   -0.17842E-01
   -0.42527E+00,   -0.15730E+00,   -0.83575E-02,   -0.18072E-01
   -0.35419E+00,   -0.35292E+00,    0.26010E+00,   -0.87908E+00
   -0.45263E+00,   -0.49293E-01,   -0.57966E-02,   -0.17937E-01
   -0.35991E+00,   -0.34053E+00,    0.89351E-01,    0.13276E+00
   -0.47892E+00,    0.12431E+00,   -0.13899E+00,   -0.49560E-01
   -0.46848E+00,    0.36867E-01,   -0.40413E-02,   -0.17232E-01
   -0.47333E+00,    0.70910E-01,   -0.56884E-02,   -0.19086E-01
   -0.46269E+00,   -0.12598E-02,   -0.57121E-02,   -0.17395E-01
   -0.48066E+00,    0.13771E+00,    0.71373E+00,   -0.53971E+00
   -0.38296E+00,   -0.28707E+00,   -0.13289E-01,   -0.24421E-01
   -0.43486E+00,   -0.12884E+00,   -0.71787E-02,   -0.18185E-01
   -0.39488E+00,   -0.25598E+00,   -0.10332E-01,   -0.19003E-01
   -0.46157E+00,   -0.11145E-01,   -0.60321E-02,   -0.17507E-01
   -0.43250E+00,   -0.13853E+00,   -0.75558E-02,   -0.18131E-01
   -0.36262E+00,   -0.33747E+00,    0.14800E+00,   -0.86533E-01
   -0.35771E+00,   -0.34935E+00,   -0.86257E+00,   -0.28681E+00
   -0.43995E+00,   -0.11179E+00,   -0.64725E-02,   -0.18271E-01
   -0.43759E+00,   -0.12097E+00,   -0.68937E-02,   -0.18257E-01
   -0.41335E+00,   -0.20506E+00,   -0.86621E-02,   -0.21352E-01
   -0.47824E+00,    0.97619E-01,    0.13212E-01,   -0.33214E-01
   -0.48202E+00,    0.13289E+00,    0.52339E+00,    0.71401E+00
   -0.36589E+00,   -0.33308E+00,   -0.94844E-01,   -0.12296E+00
   -0.48091E+00,    0.11944E+00,    0.55997E-01,   -0.20320E+00
   -0.46939E+00,    0.26934E-01,   -0.51894E-02,   -0.16518E-01
   -0.39979E+00,   -0.24743E+00,   -0.99329E-02,   -0.19574E-01
   -0.47466E+00,    0.61407E-01,   -0.46174E-02,   -0.17446E-01
   -0.46164E+00,   -0.20726E-01,   -0.61886E-02,   -0.17600E-01
   -0.36119E+00,   -0.34574E+00,   -0.27798E+00,    0.84041E+00
   -0.48131E+00,    0.11469E+00,    0.12584E+00,    0.27234E-01
   -0.38864E+00,   -0.27933E+00,   -0.12048E-01,   -0.22708E-01
   -0.37574E+00,   -0.31192E+00,   -0.36327E-01,   -0.46390E-01
   -0.44458E+00,   -0.10304E+00,   -0.61290E-02,   -0.18471E-01
   -0.44708E+00,   -0.93483E-01,   -0.58357E-02,   -0.18619E-01
   -0.48333E+00,    0.12805E+00,   -0.76101E+00,    0.47560E+00
   -0.41874E+00,   -0.19675E+00,   -0.90810E-02,   -0.21322E-01
   -0.40475E+00,   -0.23877E+00,   -0.91307E-02,   -0.20349E-01
   -0.36996E+00,   -0.32941E+00,   -0.14285E+00,    0.13583E+00
   -0.37396E+00,   -0.31994E+00,    0.49010E-01,   -0.55065E-01
   -0.36464E+00,   -0.34211E+00,    0.87163E+00,    0.20170E+00
   -0.48009E+00,    0.87989E-01,   -0.25448E-01,   -0.42586E-02
   -0.46173E+00,   -0.30993E-01,   -0.60868E-02,   -0.17760E-01
   -0.46996E+00,    0.13903E-01,   -0.50983E-02,   -0.16879E-01
   -0.40818E+00,   -0.23089E+00,   -0.88775E-02,   -0.20685E-01
   -0.47579E+00,    0.51878E-01,   -0.43212E-02,   -0.16425E-01
   -0.38082E+00,   -0.30513E+00,    0.60275E-02,   -0.91905E-02
   -0.37250E+00,   -0.32567E+00,    0.10800E+00,    0.14538E+00
   -0.48322E+00,    0.10982E+00,   -0.79648E-01,    0.16918E+00
   -0.39416E+00,   -0.27149E+00,   -0.12016E-01,   -0.20440E-01
   -0.48459E+00,    0.12319E+00,   -0.48856E+00,   -0.77244E+00
   -0.42329E+00,   -0.18787E+00,   -0.98119E-02,   -0.20117E-01
   -0.48352E+00,    0.10501E+00,   -0.13365E+00,   -0.70221E-01
   -0.36805E+00,   -0.33843E+00,    0.15895E+00,   -0.89837E+00
   -0.45387E+00,   -0.75626E-01,   -0.57913E-02,   -0.18433E-01
   -0.45172E+00,   -0.85268E-01,   -0.57336E-02,   -0.18862E-01
   -0.46991E+00,    0.39284E-02,   -0.56594E-02,   -0.17788E-01
   -0.48580E+00,    0.11833E+00,    0.77877E+00,   -0.45231E+00
   -0.47674E+00,    0.42329E-01,   -0.21575E-02,   -0.17612E-01
   -0.45691E+00,   -0.66158E-01,   -0.62087E-02,   -0.18116E-01
   -0.43168E+00,   -0.16488E+00,   -0.93258E-02,   -0.18222E-01
   -0.48168E+00,    0.78182E-01,    0.17954E-01,   -0.31109E-01
   -0.45942E+00,   -0.56510E-01,   -0.64882E-02,   -0.18450E-01
   -0.39953E+00,   -0.26353E+00,   -0.10080E-01,   -0.17503E-01
   -0.43760E+00,   -0.14617E+00,   -0.81141E-02,   -0.18313E-01
   -0.37143E+00,   -0.33473E+00,   -0.90800E+00,   -0.18936E+00
   -0.43508E+00,   -0.15578E+00,   -0.85556E-02,   -0.18206E-01
   -0.47013E+00,   -0.60445E-02,   -0.68062E-02,   -0.17793E-01
   -0.37895E+00,   -0.31814E+00,   -0.57980E-01,   -0.22930E+00
   -0.41504E+00,   -0.22181E+00,   -0.86083E-02,   -0.21429E-01
   -0.44085E+00,   -0.13679E+00,   -0.77862E-02,   -0.18552E-01
   -0.48531E+00,    0.10007E+00,    0.81442E-01,   -0.19473E+00
   -0.46306E+00,   -0.44071E-01,   -0.60975E-02,   -0.18772E-01
   -0.48696E+00,    0.11346E+00,    0.42165E+00,    0.77273E+00
   -0.38825E+00,   -0.29725E+00,   -0.42558E-01,   -0.36186E-01
   -0.48552E+00,    0.95299E-01,    0.11791E+00,    0.44513E-01
   -0.43015E+00,   -0.17681E+00,   -0.10473E-01,   -0.18553E-01
   -0.47749E+00,    0.32763E-01,   -0.48857E-02,   -0.18592E-01
   -0.37476E+00,   -0.33099E+00,   -0.18411E+00,    0.89593E+00
   -0.40473E+00,   -0.25547E+00,   -0.10785E-01,   -0.18037E-01
   -0.38212E+00,   -0.31432E+00,   -0.16647E+00,    0.12117E-01
   -0.44952E+00,   -0.10922E+00,   -0.65009E-02,   -0.18738E-01
   -0.44475E+00,   -0.12778E+00,   -0.75712E-02,   -0.18741E-01
   -0.44718E+00,   -0.11856E+00,   -0.71404E-02,   -0.18764E-01
   -0.47032E+00,   -0.15904E-01,   -0.68955E-02,   -0.18097E-01
   -0.48807E+00,    0.10857E+00,   -0.82120E+00,    0.36252E+00
   -0.41987E+00,   -0.21337E+00,   -0.85215E-02,   -0.22378E-01
   -0.37806E+00,   -0.32721E+00,    0.83365E+00,    0.18310E+00
   -0.48427E+00,    0.67668E-01,   -0.37494E-01,   -0.12475E-01
   -0.39419E+00,   -0.28806E+00,    0.13595E-01,   -0.21402E-01
   -0.48722E+00,    0.90318E-01,   -0.10562E+00,    0.15275E+00
   -0.47825E+00,    0.22806E-01,   -0.72558E-02,   -0.14007E-01
   -0.40977E+00,   -0.24730E+00,   -0.98475E-02,   -0.20759E-01
   -0.48913E+00,    0.10367E+00,   -0.37733E+00,   -0.83439E+00
   -0.42439E+00,   -0.20487E+00,   -0.86191E-02,   -0.23322E-01
   -0.38598E+00,   -0.31071E+00,    0.48892E-01,    0.16209E+00
   -0.48734E+00,    0.85546E-01,   -0.12527E+00,   -0.89683E-01
   -0.47027E+00,   -0.25633E-01,   -0.70604E-02,   -0.17669E-01
   -0.48387E+00,    0.57673E-01,    0.17001E-01,   -0.19684E-01
   -0.38132E+00,   -0.32341E+00,    0.38127E+00,   -0.79165E+00
   -0.45679E+00,   -0.91208E-01,   -0.59301E-02,   -0.19575E-01
   -0.39852E+00,   -0.28042E+00,   -0.35683E-01,   -0.26462E-01
   -0.38834E+00,   -0.30660E+00,    0.11453E+00,   -0.66821E-01
   -0.49015E+00,    0.98761E-01,    0.83280E+00,   -0.33946E+00
   -0.46977E+00,   -0.35317E-01,   -0.61520E-02,   -0.17877E-01
   -0.42862E+00,   -0.19630E+00,   -0.97732E-02,   -0.22549E-01
   -0.41464E+00,   -0.23904E+00,   -0.76400E-02,   -0.20635E-01
   -0.45562E+00,   -0.10072E+00,   -0.59434E-02,   -0.19091E-01
   -0.38455E+00,   -0.31957E+00,   -0.80628E+00,   -0.46249E+00
   -0.47853E+00,    0.87985E-02,   -0.33656E-02,   -0.18253E-01
   -0.48892E+00,    0.80500E-01,    0.10514E+00,   -0.18165E+00
   -0.46042E+00,   -0.83119E-01,   -0.55337E-02,   -0.19590E-01
   -0.39215E+00,   -0.30266E+00,   -0.98736E-01,   -0.16996E+00
   -0.48895E+00,    0.75759E-01,    0.11088E+00,    0.55691E-01
   -0.49111E+00,    0.93843E-01,    0.30776E+00,    0.82391E+00
   -0.48559E+00,    0.49245E-01,   -0.28147E-01,   -0.90404E-02
   -0.43771E+00,   -0.17166E+00,   -0.10796E-01,   -0.17945E-01
   -0.46349E+00,   -0.73004E-01,   -0.60567E-02,   -0.18036E-01
   -0.41935E+00,   -0.23068E+00,   -0.99608E-02,   -0.21125E-01
   -0.44103E+00,   -0.16225E+00,   -0.87966E-02,   -0.18169E-01
   -0.38773E+00,   -0.31570E+00,   -0.47175E+00,    0.76465E+00
   -0.47861E+00,   -0.79692E-03,   -0.79657E-02,   -0.19230E-01
   -0.46645E+00,   -0.63583E-01,   -0.74182E-02,   -0.17837E-01
   -0.39498E+00,   -0.29970E+00,   -0.20812E+00,    0.39916E-01
   -0.49203E+00,    0.88915E-01,   -0.86659E+00,    0.24721E+00
   -0.44460E+00,   -0.15294E+00,   -0.85648E-02,   -0.18133E-01
   -0.43433E+00,   -0.18812E+00,   -0.11695E-01,   -0.18704E-01
   -0.46908E+00,   -0.53944E-01,   -0.73329E-02,   -0.19831E-01
   -0.44718E+00,   -0.14444E+00,   -0.82862E-02,   -0.18692E-01
   -0.40557E+00,   -0.27316E+00,    0.19911E-01,   -0.12542E-01
   -0.39739E+00,   -0.29478E+00,    0.42114E-01,    0.99845E-01
   -0.49033E+00,    0.70452E-01,   -0.12312E+00,    0.10650E+00
   -0.42389E+00,   -0.22222E+00,   -0.71217E-02,   -0.21910E-01
   -0.39088E+00,   -0.31179E+00,    0.78393E+00,    0.39006E+00
   -0.45261E+00,   -0.12640E+00,   -0.79966E-02,   -0.19112E-01
   -0.45005E+00,   -0.13604E+00,   -0.80178E-02,   -0.19031E-01
   -0.48639E+00,    0.39343E-01,    0.21859E-01,   -0.23615E-01
   -0.47850E+00,   -0.10392E-01,   -0.84061E-02,   -0.16771E-01
   -0.45542E+00,   -0.11683E+00,   -0.73113E-02,   -0.19077E-01
   -0.49290E+00,    0.83978E-01,   -0.26512E+00,   -0.87911E+00
   -0.41060E+00,   -0.26370E+00,   -0.35611E-01,   -0.12900E-01
   -0.45805E+00,   -0.10941E+00,   -0.63352E-02,   -0.18822E-01
   -0.49134E+00,    0.66482E-01,   -0.18184E+00,   -0.12540E+00
   -0.39398E+00,   -0.30786E+00,    0.37983E+00,   -0.81930E+00
   -0.42826E+00,   -0.21368E+00,   -0.89442E-02,   -0.24043E-01
   -0.40077E+00,   -0.29146E+00,    0.16903E+00,   -0.10801E+00
   -0.49101E+00,    0.61022E-01,    0.79892E-01,   -0.13459E+00
   -0.47819E+00,   -0.19983E-01,   -0.68988E-02,   -0.20235E-01
   -0.49371E+00,    0.79033E-01,    0.86674E+00,   -0.22882E+00
   -0.41466E+00,   -0.25596E+00,    0.11521E-01,   -0.17714E-01
   -0.40322E+00,   -0.28676E+00,   -0.81609E-01,   -0.15483E+00
   -0.43246E+00,   -0.20505E+00,   -0.73165E-02,   -0.26329E-01
   -0.39705E+00,   -0.30389E+00,   -0.85363E+00,   -0.38001E+00
   -0.49160E+00,    0.56097E-01,    0.10156E+00,    0.84982E-01
   -0.40607E+00,   -0.28270E+00,   -0.13772E+00,    0.60398E-01
   -0.49448E+00,    0.74079E-01,    0.19196E+00,    0.85312E+00
   -0.47823E+00,   -0.29571E-01,   -0.93177E-02,   -0.15197E-01
   -0.48826E+00,    0.28298E-01,   -0.34500E-01,   -0.24812E-01
   -0.40008E+00,   -0.29990E+00,   -0.29942E+00,    0.83315E+00
   -0.41977E+00,   -0.24906E+00,   -0.32920E-01,   -0.28258E-01
   -0.49520E+00,    0.69119E-01,   -0.90935E+00,    0.13983E+00
   -0.49289E+00,    0.50996E-01,   -0.14744E+00,    0.12279E+00
   -0.49262E+00,    0.46230E-01,   -0.10193E+00,   -0.11827E+00
   -0.40963E+00,   -0.27854E+00,    0.99051E-01,    0.11250E+00
   -0.40306E+00,   -0.29587E+00,    0.84415E+00,    0.25645E+00
   -0.47635E+00,   -0.48326E-01,   -0.40304E-02,   -0.23239E-01
   -0.48824E+00,    0.16246E-01,    0.87552E-02,    0.83806E-02
   -0.46645E+00,   -0.93195E-01,   -0.64865E-02,   -0.21276E-01
   -0.44403E+00,   -0.17911E+00,   -0.15600E-01,   -0.15774E-01
   -0.49587E+00,    0.64151E-01,   -0.94281E-01,   -0.91510E+00
   -0.47506E+00,   -0.58228E-01,   -0.11293E-01,   -0.19509E-01
   -0.42468E+00,   -0.24057E+00,    0.14945E-01,   -0.15268E-01
   -0.40601E+00,   -0.29182E+00,    0.21629E+00,   -0.89124E+00
   -0.41231E+00,   -0.27537E+00,    0.16503E+00,   -0.12049E+00
   -0.44750E+00,   -0.16975E+00,   -0.81526E-02,   -0.19192E-01
   -0.41439E+00,   -0.27036E+00,   -0.91423E-01,   -0.12432E+00
   -0.47323E+00,   -0.70890E-01,   -0.69837E-02,   -0.13932E-01
   -0.47088E+00,   -0.81480E-01,   -0.37477E-02,   -0.21166E-01
   -0.49379E+00,    0.41073E-01,    0.14459E+00,   -0.14620E+00
   -0.43945E+00,   -0.19779E+00,   -0.12049E-01,   -0.26823E-01
   -0.49649E+00,    0.59177E-01,    0.87788E+00,   -0.96692E-01
   -0.45081E+00,   -0.16074E+00,   -0.74971E-02,   -0.17017E-01
   -0.49345E+00,    0.36344E-01,    0.85886E-01,    0.83656E-01
   -0.40891E+00,   -0.28773E+00,   -0.87308E+00,   -0.24268E+00
   -0.45394E+00,   -0.15167E+00,   -0.99454E-02,   -0.17954E-01
   -0.42940E+00,   -0.23183E+00,   -0.32621E-01,   -0.24177E-01
   -0.48914E+00,    0.42188E-02,   -0.34491E-02,   -0.49909E-01
   -0.45689E+00,   -0.14254E+00,   -0.71555E-02,   -0.20001E-01
   -0.49705E+00,    0.54197E-01,    0.66284E-01,    0.87811E+00
   -0.41753E+00,   -0.26681E+00,   -0.16708E+00,    0.10199E+00
   -0.45966E+00,   -0.13335E+00,   -0.92239E-02,   -0.18855E-01
   -0.46684E+00,   -0.10548E+00,   -0.40132E-02,   -0.18037E-01
   -0.46224E+00,   -0.12411E+00,   -0.86377E-02,   -0.20075E-01
   -0.46464E+00,   -0.11482E+00,   -0.75891E-02,   -0.18860E-01
   -0.41973E+00,   -0.26200E+00,    0.84131E-01,    0.97889E-01
   -0.48804E+00,   -0.69597E-02,   -0.22701E-01,    0.32581E-02
   -0.41178E+00,   -0.28362E+00,   -0.22924E+00,    0.84945E+00
   -0.49439E+00,    0.30945E-01,   -0.14990E+00,    0.70304E-01
   -0.49757E+00,    0.49211E-01,   -0.90813E+00,    0.65631E-02
   -0.43397E+00,   -0.22336E+00,    0.16778E-01,   -0.19021E-01
   -0.42233E+00,   -0.25778E+00,    0.94750E-01,   -0.12573E+00
   -0.41460E+00,   -0.27948E+00,    0.88639E+00,    0.16161E+00
   -0.49511E+00,    0.26836E-01,   -0.14426E+00,   -0.17383E+00
   -0.48779E+00,   -0.16812E-01,    0.80690E-02,   -0.36699E-01
   -0.49432E+00,    0.21490E-01,    0.10840E+00,   -0.10129E+00
   -0.49804E+00,    0.44221E-01,   -0.26062E-01,   -0.91823E+00
   -0.41738E+00,   -0.27531E+00,    0.92990E-01,   -0.91227E+00
   -0.43850E+00,   -0.21492E+00,   -0.28921E-01,   -0.29300E-01
   -0.49451E+00,    0.16533E-01,    0.83870E-01,    0.11693E+00
   -0.42565E+00,   -0.25370E+00,   -0.15628E+00,   -0.15496E+00
   -0.48724E+00,   -0.27075E-01,   -0.29219E-01,   -0.11310E-01
   -0.42742E+00,   -0.24926E+00,   -0.10149E+00,    0.82916E-01
   -0.49846E+00,    0.39226E-01,    0.89132E+00,    0.11247E-01
   -0.49465E+00,    0.11575E-01,   -0.13133E+00,    0.63552E-01
   -0.42012E+00,   -0.27111E+00,   -0.90483E+00,   -0.11101E+00
   -0.48566E+00,   -0.39847E-01,    0.11040E-01,   -0.91199E-02
   -0.49883E+00,    0.34227E-01,   -0.47851E-01,    0.87393E+00
   -0.44331E+00,   -0.20636E+00,    0.23304E-01,   -0.35841E-01
   -0.42282E+00,   -0.26688E+00,   -0.54837E-01,    0.87963E+00
   -0.43065E+00,   -0.24511E+00,    0.14646E+00,    0.10127E+00
   -0.44877E+00,   -0.18997E+00,   -0.13841E-01,    0.87082E-02
   -0.43233E+00,   -0.24064E+00,    0.75204E-01,   -0.13031E+00
   -0.49532E+00,    0.61353E-02,   -0.85543E-01,   -0.17947E+00
   -0.49915E+00,    0.29225E-01,   -0.91920E+00,   -0.10833E+00
   -0.42547E+00,   -0.26263E+00,    0.87916E+00,    0.21320E-01
   -0.49547E+00,    0.20505E-02,    0.13892E+00,   -0.12728E+00
   -0.48514E+00,   -0.52705E-01,   -0.66357E-02,   -0.44312E-01
   -0.49478E+00,   -0.33039E-02,    0.59465E-01,    0.99775E-01
   -0.49941E+00,    0.24220E-01,    0.15157E+00,   -0.90871E+00
   -0.43547E+00,   -0.23639E+00,   -0.17177E+00,   -0.12854E+00
   -0.43706E+00,   -0.23193E+00,   -0.85803E-01,    0.95354E-01
   -0.45385E+00,   -0.17933E+00,   -0.31494E-01,   -0.27609E-01
   -0.42808E+00,   -0.25835E+00,    0.26139E-01,   -0.91819E+00
   -0.49963E+00,    0.19212E-01,    0.87135E+00,    0.14293E+00
   -0.49546E+00,   -0.80375E-02,   -0.18027E+00,    0.79705E-01
   -0.43065E+00,   -0.25405E+00,   -0.91001E+00,   -0.61680E-02
   -0.49461E+00,   -0.13223E-01,   -0.69927E-01,   -0.14309E+00
   -0.44163E+00,   -0.22312E+00,    0.64747E-01,   -0.14018E+00
   -0.44013E+00,   -0.22765E+00,    0.16330E+00,    0.80310E-01
   -0.49980E+00,    0.14203E-01,   -0.17032E+00,    0.85960E+00
   -0.48487E+00,   -0.65057E-01,   -0.33046E-01,   -0.85702E-03
   -0.47925E+00,   -0.90556E-01,   -0.90967E-02,   -0.46840E-01
   -0.46182E+00,   -0.15837E+00,   -0.31001E-01,   -0.54020E-02
   -0.45885E+00,   -0.16899E+00,    0.23244E-01,   -0.21068E-01
   -0.47187E+00,   -0.12164E+00,   -0.29152E-01,   -0.70600E-02
   -0.44966E+00,   -0.19994E+00,   -0.63486E-01,   -0.62831E-01
   -0.43317E+00,   -0.24972E+00,    0.11546E-01,    0.87849E+00
   -0.48243E+00,   -0.78115E-01,    0.12405E-01,   -0.54435E-02
   -0.46501E+00,   -0.14875E+00,    0.11213E-01,   -0.34944E-01
   -0.47739E+00,   -0.10137E+00,   -0.13149E-01,    0.16194E-02
   -0.46771E+00,   -0.13952E+00,   -0.25737E-01,   -0.38664E-02
   -0.49992E+00,    0.91917E-02,   -0.89045E+00,   -0.18580E+00
   -0.49519E+00,   -0.17983E-01,    0.16950E+00,   -0.10515E+00
   -0.49425E+00,   -0.23136E-01,    0.43335E-01,    0.10868E+00
   -0.47028E+00,   -0.13023E+00,    0.89972E-02,   -0.37295E-01
   -0.44601E+00,   -0.21422E+00,   -0.61083E-01,    0.95812E-01
   -0.43566E+00,   -0.24536E+00,    0.88682E+00,   -0.93594E-01
   -0.44463E+00,   -0.21884E+00,   -0.18310E+00,   -0.11401E+00
   -0.49998E+00,    0.41798E-02,    0.20084E+00,   -0.90764E+00
   -0.47591E+00,   -0.11231E+00,    0.20028E-01,   -0.36600E-01
   -0.43809E+00,   -0.24099E+00,   -0.90683E-01,   -0.91366E+00
   -0.49368E+00,   -0.33040E-01,   -0.43217E-01,   -0.14834E+00
   -0.49471E+00,   -0.28004E-01,   -0.19161E+00,    0.49416E-01
   -0.45022E+00,   -0.20524E+00,    0.63825E-01,   -0.20955E+00
   -0.50000E+00,   -0.83254E-03,    0.85173E+00,    0.23687E+00
   -0.44905E+00,   -0.20994E+00,    0.20465E+00,    0.42715E-01
   -0.44049E+00,   -0.23658E+00,   -0.89838E+00,    0.11319E+00
   -0.49997E+00,   -0.58448E-02,   -0.27430E+00,    0.83884E+00
   -0.49398E+00,   -0.38431E-01,    0.16835E+00,   -0.43239E-01
   -0.45424E+00,   -0.19617E+00,   -0.15415E+00,    0.12586E+00
   -0.44284E+00,   -0.23215E+00,    0.13135E+00,    0.86851E+00
   -0.49247E+00,   -0.47870E-01,   -0.13774E+00,    0.75333E-02
   -0.49367E+00,   -0.42583E-01,    0.54557E-01,    0.14815E+00
   -0.49988E+00,   -0.10856E-01,   -0.84859E+00,   -0.33531E+00
   -0.44514E+00,   -0.22770E+00,    0.87064E+00,   -0.20973E+00
   -0.45808E+00,   -0.18702E+00,    0.85839E-01,   -0.11168E+00
   -0.45652E+00,   -0.19228E+00,    0.96255E-01,    0.15119E+00
   -0.49141E+00,   -0.57733E-01,    0.12601E+00,   -0.32168E-01
   -0.49975E+00,   -0.15867E-01,    0.31606E+00,   -0.85776E+00
   -0.49266E+00,   -0.53006E-01,   -0.31581E-01,   -0.21515E+00
   -0.44740E+00,   -0.22323E+00,   -0.20593E+00,   -0.89175E+00
   -0.46174E+00,   -0.17780E+00,   -0.93505E-01,    0.89855E-01
   -0.49956E+00,   -0.20876E-01,    0.80933E+00,    0.35380E+00
   -0.46064E+00,   -0.18257E+00,   -0.16166E+00,   -0.13939E+00
   -0.49144E+00,   -0.63133E-01,   -0.87950E-02,    0.16207E+00
   -0.44962E+00,   -0.21873E+00,   -0.86133E+00,    0.24035E+00
   -0.48945E+00,   -0.72484E-01,   -0.80537E-02,   -0.15045E+00
   -0.49079E+00,   -0.67168E-01,   -0.18377E+00,    0.17704E-01
   -0.49933E+00,   -0.25883E-01,   -0.38864E+00,    0.79705E+00
   -0.46420E+00,   -0.17291E+00,    0.14485E+00,    0.60791E-01
   -0.46688E+00,   -0.16384E+00,   -0.11927E+00,   -0.91946E-01
   -0.45179E+00,   -0.21421E+00,    0.27252E+00,    0.83951E+00
   -0.48471E+00,   -0.96994E-01,    0.12157E+00,    0.53825E-03
   -0.48705E+00,   -0.87169E-01,   -0.15159E+00,   -0.35067E-01
   -0.47007E+00,   -0.15444E+00,    0.11391E+00,    0.47653E-01
   -0.49905E+00,   -0.30887E-01,   -0.80210E+00,   -0.44591E+00
   -0.48615E+00,   -0.92047E-01,    0.12027E-01,   -0.18815E+00
   -0.46603E+00,   -0.16926E+00,    0.12418E+00,   -0.17451E+00
   -0.48854E+00,   -0.81895E-01,    0.13865E-04,    0.14983E+00
   -0.45391E+00,   -0.20967E+00,    0.85344E+00,   -0.34439E+00
   -0.48962E+00,   -0.77779E-01,    0.19341E+00,    0.11852E-02
   -0.47307E+00,   -0.14499E+00,   -0.13354E+00,   -0.77074E-01
   -0.46912E+00,   -0.15966E+00,   -0.11473E+00,    0.14916E+00
   -0.48316E+00,   -0.10662E+00,   -0.13751E+00,   -0.35564E-01
   -0.49871E+00,   -0.35888E-01,    0.42366E+00,   -0.81479E+00
   -0.47588E+00,   -0.13547E+00,    0.12175E+00,    0.27346E-01
   -0.47850E+00,   -0.12591E+00,   -0.15135E+00,   -0.67504E-01
   -0.47974E+00,   -0.12110E+00,   -0.40721E-01,    0.12570E+00
   -0.45599E+00,   -0.20511E+00,   -0.28413E+00,   -0.84081E+00
   -0.47225E+00,   -0.15016E+00,    0.86072E-01,   -0.19659E+00
   -0.48487E+00,   -0.10212E+00,   -0.30858E-01,    0.18500E+00
   -0.49833E+00,   -0.40886E-01,    0.78197E+00,    0.45947E+00
   -0.47513E+00,   -0.14068E+00,   -0.88395E-01,    0.15949E+00
   -0.48160E+00,   -0.11595E+00,    0.16404E+00,   -0.27051E-02
   -0.47783E+00,   -0.13115E+00,    0.59539E-01,   -0.20643E+00
   -0.45802E+00,   -0.20053E+00,   -0.87360E+00,    0.54553E-01
   -0.48299E+00,   -0.11203E+00,    0.47153E-01,   -0.21504E+00
   -0.49789E+00,   -0.45879E-01,   -0.51505E+00,    0.72922E+00
   -0.46001E+00,   -0.19593E+00,    0.26500E-01,    0.90868E+00
   -0.49741E+00,   -0.50868E-01,   -0.75268E+00,   -0.52925E+00
   -0.46195E+00,   -0.19131E+00,    0.90226E+00,   -0.58813E-01
   -0.49687E+00,   -0.55852E-01,    0.54179E+00,   -0.73563E+00
   -0.46385E+00,   -0.18667E+00,   -0.49253E-01,   -0.91915E+00
   -0.49629E+00,   -0.60830E-01,    0.70308E+00,    0.53386E+00
   -0.46570E+00,   -0.18201E+00,   -0.90055E+00,    0.75402E-01
   -0.49565E+00,   -0.65802E-01,   -0.60803E+00,    0.66881E+00
   -0.46750E+00,   -0.17733E+00,    0.97433E-01,    0.86860E+00
   -0.49497E+00,   -0.70767E-01,   -0.65182E+00,   -0.63894E+00
   -0.46925E+00,   -0.17264E+00,    0.89552E+00,   -0.17207E+00
   -0.49423E+00,   -0.75726E-01,    0.62723E+00,   -0.66055E+00
   -0.47096E+00,   -0.16792E+00,   -0.22801E+00,   -0.89155E+00
   -0.49345E+00,   -0.80676E-01,    0.59794E+00,    0.67611E+00
   -0.47262E+00,   -0.16319E+00,   -0.87546E+00,    0.21169E+00
   -0.49261E+00,   -0.85619E-01,   -0.71204E+00,    0.54620E+00
   -0.47423E+00,   -0.15845E+00,    0.27633E+00,    0.83278E+00
   -0.49173E+00,   -0.90553E-01,   -0.57038E+00,   -0.71856E+00
   -0.47579E+00,   -0.15369E+00,    0.84365E+00,   -0.31085E+00
   -0.49080E+00,   -0.95478E-01,    0.68277E+00,   -0.58300E+00
   -0.47731E+00,   -0.14891E+00,   -0.34939E+00,   -0.84973E+00
   -0.48982E+00,   -0.10039E+00,    0.58753E+00,    0.65108E+00
   -0.47878E+00,   -0.14412E+00,   -0.83356E+00,    0.33100E+00
   -0.48879E+00,   -0.10530E+00,   -0.71012E+00,    0.54244E+00
   -0.48020E+00,   -0.13931E+00,    0.39301E+00,    0.78294E+00
   -0.48771E+00,   -0.11019E+00,   -0.55982E+00,   -0.72909E+00
   -0.48157E+00,   -0.13449E+00,    0.79539E+00,   -0.42935E+00
   -0.48658E+00,   -0.11508E+00,    0.75960E+00,   -0.52020E+00
   -0.48290E+00,   -0.12966E+00,   -0.45675E+00,   -0.80154E+00
   -0.48540E+00,   -0.11995E+00,    0.44691E+00,    0.75248E+00
   -0.48417E+00,   -0.12481E+00,   -0.77804E+00,    0.42538E+00
