  NODES_PER_ELEMENT
   1 3
   2 3
   3 3
   4 3
   5 3
   6 3
   7 3
   8 3
   9 3
   10 3
   11 3
   12 3
   13 3
   14 3
   15 3
   16 3
   17 3
   18 3
   19 3
   20 3
   21 3
   22 3
   23 3
   24 3
   25 3
   26 3
   27 3
   28 3
   29 3
   30 3
   31 3
   32 3
   33 3
   34 3
   35 3
   36 3
   37 3
   38 3
   39 3
   40 3
   41 3
   42 3
   43 3
   44 3
   45 3
   46 3
   47 3
   48 3
   49 3
   50 3
   51 3
   52 3
   53 3
   54 3
   55 3
   56 3
   57 3
   58 3
   59 3
   60 3
   61 3
   62 3
   63 3
   64 3
   65 3
   66 3
   67 3
   68 3
   69 3
   70 3
   71 3
   72 3
   73 3
   74 3
   75 3
   76 3
   77 3
   78 3
   79 3
   80 3
   81 3
   82 3
   83 3
   84 3
   85 3
   86 3
   87 3
   88 3
   89 3
   90 3
   91 3
   92 3
   93 3
   94 3
   95 3
   96 3
   97 3
   98 3
   99 3
   100 3
   101 3
   102 3
   103 3
   104 3
   105 3
   106 3
   107 3
   108 3
   109 3
   110 3
   111 3
   112 3
   113 3
   114 3
   115 3
   116 3
   117 3
   118 3
   119 3
   120 3
   121 3
   122 3
   123 3
   124 3
   125 3
   126 3
   127 3
   128 3
   129 3
   130 3
   131 3
   132 3
   133 3
   134 3
   135 3
   136 3
   137 3
   138 3
   139 3
   140 3
   141 3
   142 3
   143 3
   144 3
   145 3
   146 3
   147 3
   148 3
   149 3
   150 3
   151 3
   152 3
   153 3
   154 3
   155 3
   156 3
   157 3
   158 3
   159 3
   160 3
   161 3
   162 3
   163 3
   164 3
   165 3
   166 3
   167 3
   168 3
   169 3
   170 3
   171 3
   172 3
   173 3
   174 3
   175 3
   176 3
   177 3
   178 3
   179 3
   180 3
   181 3
   182 3
   183 3
   184 3
   185 3
   186 3
   187 3
   188 3
   189 3
   190 3
   191 3
   192 3
   193 3
   194 3
   195 3
   196 3
   197 3
   198 3
   199 3
   200 3
   201 3
   202 3
   203 3
   204 3
   205 3
   206 3
   207 3
   208 3
   209 3
   210 3
   211 3
   212 3
   213 3
   214 3
   215 3
   216 3
   217 3
   218 3
   219 3
   220 3
   221 3
   222 3
   223 3
   224 3
   225 3
   226 3
   227 3
   228 3
   229 3
   230 3
   231 3
   232 3
   233 3
   234 3
   235 3
   236 3
   237 3
   238 3
   239 3
   240 3
   241 3
   242 3
   243 3
   244 3
   245 3
   246 3
   247 3
   248 3
   249 3
   250 3
   251 3
   252 3
   253 3
   254 3
   255 3
   256 3
   257 3
   258 3
   259 3
   260 3
   261 3
   262 3
   263 3
   264 3
   265 3
   266 3
   267 3
   268 3
   269 3
   270 3
   271 3
   272 3
   273 3
   274 3
   275 3
   276 3
   277 3
   278 3
   279 3
   280 3
   281 3
   282 3
   283 3
   284 3
   285 3
   286 3
   287 3
   288 3
   289 3
   290 3
   291 3
   292 3
   293 3
   294 3
   295 3
   296 3
   297 3
   298 3
   299 3
   300 3
   301 3
   302 3
   303 3
   304 3
   305 3
   306 3
   307 3
   308 3
   309 3
   310 3
   311 3
   312 3
   313 3
   314 3
   315 3
   316 3
   317 3
   318 3
   319 3
   320 3
   321 3
   322 3
   323 3
   324 3
   325 3
   326 3
   327 3
   328 3
   329 3
   330 3
   331 3
   332 3
   333 3
   334 3
   335 3
   336 3
   337 3
   338 3
   339 3
   340 3
   341 3
   342 3
   343 3
   344 3
   345 3
   346 3
   347 3
   348 3
   349 3
   350 3
   351 3
   352 3
   353 3
   354 3
   355 3
   356 3
   357 3
   358 3
   359 3
   360 3
   361 3
   362 3
   363 3
   364 3
   365 3
   366 3
   367 3
   368 3
   369 3
   370 3
   371 3
   372 3
   373 3
   374 3
   375 3
   376 3
   377 3
   378 3
   379 3
   380 3
   381 3
   382 3
   383 3
   384 3
   385 3
   386 3
   387 3
   388 3
   389 3
   390 3
   391 3
   392 3
   393 3
   394 3
   395 3
   396 3
   397 3
   398 3
   399 3
   400 3
   401 3
   402 3
   403 3
   404 3
   405 3
   406 3
   407 3
   408 3
   409 3
   410 3
   411 3
   412 3
   413 3
   414 3
   415 3
   416 3
   417 3
   418 3
   419 3
   420 3
   421 3
   422 3
   423 3
   424 3
   425 3
   426 3
   427 3
   428 3
   429 3
   430 3
   431 3
   432 3
   433 3
   434 3
   435 3
   436 3
   437 3
   438 3
   439 3
   440 3
   441 3
   442 3
   443 3
   444 3
   445 3
   446 3
   447 3
   448 3
   449 3
   450 3
   451 3
   452 3
   453 3
   454 3
   455 3
   456 3
   457 3
   458 3
   459 3
   460 3
   461 3
   462 3
   463 3
   464 3
   465 3
   466 3
   467 3
   468 3
   469 3
   470 3
   471 3
   472 3
   473 3
   474 3
   475 3
   476 3
   477 3
   478 3
   479 3
   480 3
   481 3
   482 3
   483 3
   484 3
   485 3
   486 3
   487 3
   488 3
   489 3
   490 3
   491 3
   492 3
   493 3
   494 3
   495 3
   496 3
   497 3
   498 3
   499 3
   500 3
   501 3
   502 3
   503 3
   504 3
   505 3
   506 3
   507 3
   508 3
   509 3
   510 3
   511 3
   512 3
   513 3
   514 3
   515 3
   516 3
   517 3
   518 3
   519 3
   520 3
   521 3
   522 3
   523 3
   524 3
   525 3
   526 3
   527 3
   528 3
   529 3
   530 3
   531 3
   532 3
   533 3
   534 3
   535 3
   536 3
   537 3
   538 3
   539 3
   540 3
   541 3
   542 3
   543 3
   544 3
   545 3
   546 3
   547 3
   548 3
   549 3
   550 3
   551 3
   552 3
   553 3
   554 3
   555 3
   556 3
   557 3
   558 3
   559 3
   560 3
   561 3
   562 3
   563 3
   564 3
   565 3
   566 3
   567 3
   568 3
   569 3
   570 3
   571 3
   572 3
   573 3
   574 3
   575 3
   576 3
   577 3
   578 3
   579 3
   580 3
   581 3
   582 3
   583 3
   584 3
   585 3
   586 3
   587 3
   588 3
   589 3
   590 3
   591 3
   592 3
   593 3
   594 3
   595 3
   596 3
   597 3
   598 3
   599 3
   600 3
   601 3
   602 3
   603 3
   604 3
   605 3
   606 3
   607 3
   608 3
   609 3
   610 3
   611 3
   612 3
   613 3
   614 3
   615 3
   616 3
   617 3
   618 3
   619 3
   620 3
   621 3
   622 3
   623 3
   624 3
   625 3
   626 3
   627 3
   628 3
   629 3
   630 3
   631 3
   632 3
   633 3
   634 3
   635 3
   636 3
   637 3
   638 3
   639 3
   640 3
   641 3
   642 3
   643 3
   644 3
   645 3
   646 3
   647 3
   648 3
   649 3
   650 3
   651 3
   652 3
   653 3
   654 3
   655 3
   656 3
   657 3
   658 3
   659 3
   660 3
   661 3
   662 3
   663 3
   664 3
   665 3
   666 3
   667 3
   668 3
   669 3
   670 3
   671 3
   672 3
   673 3
   674 3
   675 3
   676 3
   677 3
   678 3
   679 3
   680 3
   681 3
   682 3
   683 3
   684 3
   685 3
   686 3
   687 3
   688 3
   689 3
   690 3
   691 3
   692 3
   693 3
   694 3
   695 3
   696 3
   697 3
   698 3
   699 3
   700 3
   701 3
   702 3
   703 3
   704 3
   705 3
   706 3
   707 3
   708 3
   709 3
   710 3
   711 3
   712 3
   713 3
   714 3
   715 3
   716 3
   717 3
   718 3
   719 3
   720 3
   721 3
   722 3
   723 3
   724 3
   725 3
   726 3
   727 3
   728 3
   729 3
   730 3
   731 3
   732 3
   733 3
   734 3
   735 3
   736 3
   737 3
   738 3
   739 3
   740 3
   741 3
   742 3
   743 3
   744 3
   745 3
   746 3
   747 3
   748 3
   749 3
   750 3
   751 3
   752 3
   753 3
   754 3
   755 3
   756 3
   757 3
   758 3
   759 3
   760 3
   761 3
   762 3
   763 3
   764 3
   765 3
   766 3
   767 3
   768 3
   769 3
   770 3
   771 3
   772 3
   773 3
   774 3
   775 3
   776 3
   777 3
   778 3
   779 3
   780 3
   781 3
   782 3
   783 3
   784 3
   785 3
   786 3
   787 3
   788 3
   789 3
   790 3
   791 3
   792 3
   793 3
   794 3
   795 3
   796 3
   797 3
   798 3
   799 3
   800 3
   801 3
   802 3
   803 3
   804 3
   805 3
   806 3
   807 3
   808 3
   809 3
   810 3
   811 3
   812 3
   813 3
   814 3
   815 3
   816 3
   817 3
   818 3
   819 3
   820 3
   821 3
   822 3
   823 3
   824 3
   825 3
   826 3
   827 3
   828 3
   829 3
   830 3
   831 3
   832 3
   833 3
   834 3
   835 3
   836 3
   837 3
   838 3
   839 3
   840 3
   841 3
   842 3
   843 3
   844 3
   845 3
   846 3
   847 3
   848 3
   849 3
   850 3
   851 3
   852 3
   853 3
   854 3
   855 3
   856 3
   857 3
   858 3
   859 3
   860 3
   861 3
   862 3
   863 3
   864 3
   865 3
   866 3
   867 3
   868 3
   869 3
   870 3
   871 3
   872 3
   873 3
   874 3
   875 3
   876 3
   877 3
   878 3
   879 3
   880 3
   881 3
   882 3
   883 3
   884 3
   885 3
   886 3
   887 3
   888 3
   889 3
   890 3
   891 3
   892 3
   893 3
   894 3
   895 3
   896 3
   897 3
   898 3
   899 3
   900 3
   901 3
   902 3
   903 3
   904 3
   905 3
   906 3
   907 3
   908 3
   909 3
   910 3
   911 3
   912 3
   913 3
   914 3
   915 3
   916 3
   917 3
   918 3
   919 3
   920 3
   921 3
   922 3
   923 3
   924 3
   925 3
   926 3
   927 3
   928 3
   929 3
   930 3
   931 3
   932 3
   933 3
   934 3
   935 3
   936 3
   937 3
   938 3
   939 3
   940 3
   941 3
   942 3
   943 3
   944 3
   945 3
   946 3
   947 3
   948 3
   949 3
   950 3
   951 3
   952 3
   953 3
   954 3
   955 3
   956 3
   957 3
   958 3
   959 3
   960 3
   961 3
   962 3
   963 3
   964 3
   965 3
   966 3
   967 3
   968 3
   969 3
   970 3
   971 3
   972 3
   973 3
   974 3
   975 3
   976 3
   977 3
   978 3
   979 3
   980 3
   981 3
   982 3
   983 3
   984 3
   985 3
   986 3
   987 3
   988 3
   989 3
   990 3
   991 3
   992 3
   993 3
   994 3
   995 3
   996 3
   997 3
   998 3
   999 3
   1000 3
   1001 3
   1002 3
   1003 3
   1004 3
   1005 3
   1006 3
   1007 3
   1008 3
   1009 3
   1010 3
   1011 3
   1012 3
   1013 3
   1014 3
   1015 3
   1016 3
   1017 3
   1018 3
   1019 3
   1020 3
   1021 3
   1022 3
   1023 3
   1024 3
   1025 3
   1026 3
   1027 3
   1028 3
   1029 3
   1030 3
   1031 3
   1032 3
   1033 3
   1034 3
   1035 3
   1036 3
   1037 3
   1038 3
   1039 3
   1040 3
   1041 3
   1042 3
   1043 3
   1044 3
   1045 3
   1046 3
   1047 3
   1048 3
   1049 3
   1050 3
   1051 3
   1052 3
   1053 3
   1054 3
   1055 3
   1056 3
   1057 3
   1058 3
   1059 3
   1060 3
   1061 3
   1062 3
   1063 3
   1064 3
   1065 3
   1066 3
   1067 3
   1068 3
   1069 3
   1070 3
   1071 3
   1072 3
   1073 3
   1074 3
   1075 3
   1076 3
   1077 3
   1078 3
   1079 3
   1080 3
   1081 3
   1082 3
   1083 3
   1084 3
   1085 3
   1086 3
   1087 3
   1088 3
   1089 3
   1090 3
   1091 3
   1092 3
   1093 3
   1094 3
   1095 3
   1096 3
   1097 3
   1098 3
   1099 3
   1100 3
   1101 3
   1102 3
   1103 3
   1104 3
   1105 3
   1106 3
   1107 3
   1108 3
   1109 3
   1110 3
   1111 3
   1112 3
   1113 3
   1114 3
   1115 3
   1116 3
   1117 3
   1118 3
   1119 3
   1120 3
   1121 3
   1122 3
   1123 3
   1124 3
   1125 3
   1126 3
   1127 3
   1128 3
   1129 3
   1130 3
   1131 3
   1132 3
   1133 3
   1134 3
   1135 3
   1136 3
   1137 3
   1138 3
   1139 3
   1140 3
   1141 3
   1142 3
   1143 3
   1144 3
   1145 3
   1146 3
   1147 3
   1148 3
   1149 3
   1150 3
   1151 3
   1152 3
   1153 3
   1154 3
   1155 3
   1156 3
   1157 3
   1158 3
   1159 3
   1160 3
   1161 3
   1162 3
   1163 3
   1164 3
   1165 3
   1166 3
   1167 3
   1168 3
   1169 3
   1170 3
   1171 3
   1172 3
   1173 3
   1174 3
   1175 3
   1176 3
   1177 3
   1178 3
   1179 3
   1180 3
   1181 3
   1182 3
   1183 3
   1184 3
   1185 3
   1186 3
   1187 3
   1188 3
   1189 3
   1190 3
   1191 3
   1192 3
   1193 3
   1194 3
   1195 3
   1196 3
   1197 3
   1198 3
   1199 3
   1200 3
   1201 3
   1202 3
   1203 3
   1204 3
   1205 3
   1206 3
   1207 3
   1208 3
   1209 3
   1210 3
   1211 3
   1212 3
   1213 3
   1214 3
   1215 3
   1216 3
   1217 3
   1218 3
   1219 3
   1220 3
   1221 3
   1222 3
   1223 3
   1224 3
   1225 3
   1226 3
   1227 3
   1228 3
   1229 3
   1230 3
   1231 3
   1232 3
   1233 3
   1234 3
   1235 3
   1236 3
   1237 3
   1238 3
   1239 3
   1240 3
   1241 3
   1242 3
   1243 3
   1244 3
   1245 3
   1246 3
   1247 3
   1248 3
   1249 3
   1250 3
   1251 3
   1252 3
   1253 3
   1254 3
   1255 3
   1256 3
   1257 3
   1258 3
   1259 3
   1260 3
   1261 3
   1262 3
   1263 3
   1264 3
   1265 3
   1266 3
   1267 3
   1268 3
   1269 3
   1270 3
   1271 3
   1272 3
   1273 3
   1274 3
   1275 3
   1276 3
   1277 3
   1278 3
   1279 3
   1280 3
   1281 3
   1282 3
   1283 3
   1284 3
   1285 3
   1286 3
   1287 3
   1288 3
   1289 3
   1290 3
   1291 3
   1292 3
   1293 3
   1294 3
   1295 3
   1296 3
   1297 3
   1298 3
   1299 3
   1300 3
   1301 3
   1302 3
   1303 3
   1304 3
   1305 3
   1306 3
   1307 3
   1308 3
   1309 3
   1310 3
   1311 3
   1312 3
   1313 3
   1314 3
   1315 3
   1316 3
   1317 3
   1318 3
   1319 3
   1320 3
   1321 3
   1322 3
   1323 3
   1324 3
   1325 3
   1326 3
   1327 3
   1328 3
   1329 3
   1330 3
   1331 3
   1332 3
   1333 3
   1334 3
   1335 3
   1336 3
   1337 3
   1338 3
   1339 3
   1340 3
   1341 3
   1342 3
   1343 3
   1344 3
   1345 3
   1346 3
   1347 3
   1348 3
   1349 3
   1350 3
   1351 3
   1352 3
   1353 3
   1354 3
   1355 3
   1356 3
   1357 3
   1358 3
   1359 3
   1360 3
   1361 3
   1362 3
   1363 3
   1364 3
   1365 3
   1366 3
   1367 3
   1368 3
   1369 3
   1370 3
   1371 3
   1372 3
   1373 3
   1374 3
   1375 3
   1376 3
   1377 3
   1378 3
   1379 3
   1380 3
   1381 3
   1382 3
   1383 3
   1384 3
   1385 3
   1386 3
   1387 3
   1388 3
   1389 3
   1390 3
   1391 3
   1392 3
   1393 3
   1394 3
   1395 3
   1396 3
   1397 3
   1398 3
   1399 3
   1400 3
   1401 3
   1402 3
   1403 3
   1404 3
   1405 3
   1406 3
   1407 3
   1408 3
   1409 3
   1410 3
   1411 3
   1412 3
   1413 3
   1414 3
   1415 3
   1416 3
   1417 3
   1418 3
   1419 3
   1420 3
   1421 3
   1422 3
   1423 3
   1424 3
   1425 3
   1426 3
   1427 3
   1428 3
   1429 3
   1430 3
   1431 3
   1432 3
   1433 3
   1434 3
   1435 3
   1436 3
   1437 3
   1438 3
   1439 3
   1440 3
   1441 3
   1442 3
   1443 3
   1444 3
   1445 3
   1446 3
   1447 3
   1448 3
   1449 3
   1450 3
   1451 3
   1452 3
   1453 3
   1454 3
   1455 3
   1456 3
   1457 3
   1458 3
   1459 3
   1460 3
   1461 3
   1462 3
   1463 3
   1464 3
   1465 3
   1466 3
   1467 3
   1468 3
   1469 3
   1470 3
   1471 3
   1472 3
   1473 3
   1474 3
   1475 3
   1476 3
   1477 3
   1478 3
   1479 3
   1480 3
   1481 3
   1482 3
   1483 3
   1484 3
   1485 3
   1486 3
   1487 3
   1488 3
   1489 3
   1490 3
   1491 3
   1492 3
   1493 3
   1494 3
   1495 3
   1496 3
   1497 3
   1498 3
   1499 3
   1500 3
   1501 3
   1502 3
   1503 3
   1504 3
   1505 3
   1506 3
   1507 3
   1508 3
   1509 3
   1510 3
   1511 3
   1512 3
   1513 3
   1514 3
   1515 3
   1516 3
   1517 3
   1518 3
   1519 3
   1520 3
   1521 3
   1522 3
   1523 3
   1524 3
   1525 3
   1526 3
   1527 3
   1528 3
   1529 3
   1530 3
   1531 3
   1532 3
   1533 3
   1534 3
   1535 3
   1536 3
   1537 3
   1538 3
   1539 3
   1540 3
   1541 3
   1542 3
   1543 3
   1544 3
   1545 3
   1546 3
   1547 3
   1548 3
   1549 3
   1550 3
   1551 3
   1552 3
   1553 3
   1554 3
   1555 3
   1556 3
   1557 3
   1558 3
   1559 3
   1560 3
   1561 3
   1562 3
   1563 3
   1564 3
   1565 3
   1566 3
   1567 3
   1568 3
   1569 3
   1570 3
   1571 3
   1572 3
   1573 3
   1574 3
   1575 3
   1576 3
   1577 3
   1578 3
   1579 3
   1580 3
   1581 3
   1582 3
   1583 3
   1584 3
   1585 3
   1586 3
   1587 3
   1588 3
   1589 3
   1590 3
   1591 3
   1592 3
   1593 3
   1594 3
   1595 3
   1596 3
   1597 3
   1598 3
   1599 3
   1600 3
   1601 3
   1602 3
   1603 3
   1604 3
   1605 3
   1606 3
   1607 3
   1608 3
   1609 3
   1610 3
   1611 3
   1612 3
   1613 3
   1614 3
   1615 3
   1616 3
   1617 3
   1618 3
   1619 3
   1620 3
   1621 3
   1622 3
   1623 3
   1624 3
   1625 3
   1626 3
   1627 3
   1628 3
   1629 3
   1630 3
   1631 3
   1632 3
   1633 3
   1634 3
   1635 3
   1636 3
   1637 3
   1638 3
   1639 3
   1640 3
   1641 3
   1642 3
   1643 3
   1644 3
   1645 3
   1646 3
   1647 3
   1648 3
   1649 3
   1650 3
   1651 3
   1652 3
   1653 3
   1654 3
   1655 3
   1656 3
   1657 3
   1658 3
   1659 3
   1660 3
   1661 3
   1662 3
   1663 3
   1664 3
   1665 3
   1666 3
   1667 3
   1668 3
   1669 3
   1670 3
   1671 3
   1672 3
   1673 3
   1674 3
   1675 3
   1676 3
   1677 3
   1678 3
   1679 3
   1680 3
   1681 3
   1682 3
   1683 3
   1684 3
   1685 3
   1686 3
   1687 3
   1688 3
   1689 3
   1690 3
   1691 3
   1692 3
   1693 3
   1694 3
   1695 3
   1696 3
   1697 3
   1698 3
   1699 3
   1700 3
   1701 3
   1702 3
   1703 3
   1704 3
   1705 3
   1706 3
   1707 3
   1708 3
   1709 3
   1710 3
   1711 3
   1712 3
   1713 3
   1714 3
   1715 3
   1716 3
   1717 3
   1718 3
   1719 3
   1720 3
   1721 3
   1722 3
   1723 3
   1724 3
   1725 3
   1726 3
   1727 3
   1728 3
   1729 3
   1730 3
   1731 3
   1732 3
   1733 3
   1734 3
   1735 3
   1736 3
   1737 3
   1738 3
   1739 3
   1740 3
   1741 3
   1742 3
   1743 3
   1744 3
   1745 3
   1746 3
   1747 3
   1748 3
   1749 3
   1750 3
   1751 3
   1752 3
   1753 3
   1754 3
   1755 3
   1756 3
   1757 3
   1758 3
   1759 3
   1760 3
   1761 3
   1762 3
   1763 3
   1764 3
   1765 3
   1766 3
   1767 3
   1768 3
   1769 3
   1770 3
   1771 3
   1772 3
   1773 3
   1774 3
   1775 3
   1776 3
   1777 3
   1778 3
   1779 3
   1780 3
   1781 3
   1782 3
   1783 3
   1784 3
   1785 3
   1786 3
   1787 3
   1788 3
   1789 3
   1790 3
   1791 3
   1792 3
   1793 3
   1794 3
   1795 3
   1796 3
   1797 3
   1798 3
   1799 3
   1800 3
   1801 3
   1802 3
   1803 3
   1804 3
   1805 3
   1806 3
   1807 3
   1808 3
   1809 3
   1810 3
   1811 3
   1812 3
   1813 3
   1814 3
   1815 3
   1816 3
   1817 3
   1818 3
   1819 3
   1820 3
   1821 3
   1822 3
   1823 3
   1824 3
   1825 3
   1826 3
   1827 3
   1828 3
   1829 3
   1830 3
   1831 3
   1832 3
   1833 3
   1834 3
   1835 3
   1836 3
   1837 3
   1838 3
   1839 3
   1840 3
   1841 3
   1842 3
   1843 3
   1844 3
   1845 3
   1846 3
   1847 3
   1848 3
   1849 3
   1850 3
   1851 3
   1852 3
   1853 3
   1854 3
   1855 3
   1856 3
   1857 3
   1858 3
   1859 3
   1860 3
   1861 3
   1862 3
   1863 3
   1864 3
   1865 3
   1866 3
   1867 3
   1868 3
   1869 3
   1870 3
   1871 3
   1872 3
   1873 3
   1874 3
   1875 3
   1876 3
   1877 3
   1878 3
   1879 3
   1880 3
   1881 3
   1882 3
   1883 3
   1884 3
   1885 3
   1886 3
   1887 3
   1888 3
   1889 3
   1890 3
   1891 3
   1892 3
   1893 3
   1894 3
   1895 3
   1896 3
   1897 3
   1898 3
   1899 3
   1900 3
   1901 3
   1902 3
   1903 3
   1904 3
   1905 3
   1906 3
   1907 3
   1908 3
   1909 3
   1910 3
   1911 3
   1912 3
   1913 3
   1914 3
   1915 3
   1916 3
   1917 3
   1918 3
   1919 3
   1920 3
   1921 3
   1922 3
   1923 3
   1924 3
   1925 3
   1926 3
   1927 3
   1928 3
   1929 3
   1930 3
   1931 3
   1932 3
   1933 3
   1934 3
   1935 3
   1936 3
   1937 3
   1938 3
   1939 3
   1940 3
   1941 3
   1942 3
   1943 3
   1944 3
   1945 3
   1946 3
   1947 3
   1948 3
   1949 3
   1950 3
   1951 3
   1952 3
   1953 3
   1954 3
   1955 3
   1956 3
   1957 3
   1958 3
   1959 3
   1960 3
   1961 3
   1962 3
   1963 3
   1964 3
   1965 3
   1966 3
   1967 3
   1968 3
   1969 3
   1970 3
   1971 3
   1972 3
   1973 3
   1974 3
   1975 3
   1976 3
   1977 3
   1978 3
   1979 3
   1980 3
   1981 3
   1982 3
   1983 3
   1984 3
   1985 3
   1986 3
   1987 3
   1988 3
   1989 3
   1990 3
   1991 3
   1992 3
   1993 3
   1994 3
   1995 3
   1996 3
   1997 3
   1998 3
   1999 3
   2000 3
   2001 3
   2002 3
   2003 3
   2004 3
   2005 3
   2006 3
   2007 3
   2008 3
   2009 3
   2010 3
   2011 3
   2012 3
   2013 3
   2014 3
   2015 3
   2016 3
   2017 3
   2018 3
   2019 3
   2020 3
   2021 3
   2022 3
   2023 3
   2024 3
   2025 3
   2026 3
   2027 3
   2028 3
   2029 3
   2030 3
   2031 3
   2032 3
   2033 3
   2034 3
   2035 3
   2036 3
   2037 3
   2038 3
   2039 3
   2040 3
   2041 3
   2042 3
   2043 3
   2044 3
   2045 3
   2046 3
   2047 3
   2048 3
   2049 3
   2050 3
   2051 3
   2052 3
   2053 3
   2054 3
   2055 3
   2056 3
   2057 3
   2058 3
   2059 3
   2060 3
   2061 3
   2062 3
   2063 3
   2064 3
   2065 3
   2066 3
   2067 3
   2068 3
   2069 3
   2070 3
   2071 3
   2072 3
   2073 3
   2074 3
   2075 3
   2076 3
   2077 3
   2078 3
   2079 3
   2080 3
   2081 3
   2082 3
   2083 3
   2084 3
   2085 3
   2086 3
   2087 3
   2088 3
   2089 3
   2090 3
   2091 3
   2092 3
   2093 3
   2094 3
   2095 3
   2096 3
   2097 3
   2098 3
   2099 3
   2100 3
   2101 3
   2102 3
   2103 3
   2104 3
   2105 3
   2106 3
   2107 3
   2108 3
   2109 3
   2110 3
   2111 3
   2112 3
   2113 3
   2114 3
   2115 3
   2116 3
   2117 3
   2118 3
   2119 3
   2120 3
   2121 3
   2122 3
   2123 3
   2124 3
   2125 3
   2126 3
   2127 3
   2128 3
   2129 3
   2130 3
   2131 3
   2132 3
   2133 3
   2134 3
   2135 3
   2136 3
   2137 3
   2138 3
   2139 3
   2140 3
   2141 3
   2142 3
   2143 3
   2144 3
   2145 3
   2146 3
   2147 3
   2148 3
   2149 3
   2150 3
   2151 3
   2152 3
   2153 3
   2154 3
   2155 3
   2156 3
   2157 3
   2158 3
   2159 3
   2160 3
   2161 3
   2162 3
   2163 3
   2164 3
   2165 3
   2166 3
   2167 3
   2168 3
   2169 3
   2170 3
   2171 3
   2172 3
   2173 3
   2174 3
   2175 3
   2176 3
   2177 3
   2178 3
   2179 3
   2180 3
   2181 3
   2182 3
   2183 3
   2184 3
   2185 3
   2186 3
   2187 3
   2188 3
   2189 3
   2190 3
   2191 3
   2192 3
   2193 3
   2194 3
   2195 3
   2196 3
   2197 3
   2198 3
   2199 3
   2200 3
   2201 3
   2202 3
   2203 3
   2204 3
   2205 3
   2206 3
   2207 3
   2208 3
   2209 3
   2210 3
   2211 3
   2212 3
   2213 3
   2214 3
   2215 3
   2216 3
   2217 3
   2218 3
   2219 3
   2220 3
   2221 3
   2222 3
   2223 3
   2224 3
   2225 3
   2226 3
   2227 3
   2228 3
   2229 3
   2230 3
   2231 3
   2232 3
   2233 3
   2234 3
   2235 3
   2236 3
   2237 3
   2238 3
   2239 3
   2240 3
   2241 3
   2242 3
   2243 3
   2244 3
   2245 3
   2246 3
   2247 3
   2248 3
   2249 3
   2250 3
   2251 3
   2252 3
   2253 3
   2254 3
   2255 3
   2256 3
   2257 3
   2258 3
   2259 3
   2260 3
   2261 3
   2262 3
   2263 3
   2264 3
   2265 3
   2266 3
   2267 3
   2268 3
   2269 3
   2270 3
   2271 3
   2272 3
   2273 3
   2274 3
   2275 3
   2276 3
   2277 3
   2278 3
   2279 3
   2280 3
   2281 3
   2282 3
   2283 3
   2284 3
   2285 3
   2286 3
   2287 3
   2288 3
   2289 3
   2290 3
   2291 3
   2292 3
   2293 3
   2294 3
   2295 3
   2296 3
   2297 3
   2298 3
   2299 3
   2300 3
   2301 3
   2302 3
   2303 3
   2304 3
   2305 3
   2306 3
   2307 3
   2308 3
   2309 3
   2310 3
   2311 3
   2312 3
   2313 3
   2314 3
   2315 3
   2316 3
   2317 3
   2318 3
   2319 3
   2320 3
   2321 3
   2322 3
   2323 3
   2324 3
   2325 3
   2326 3
   2327 3
   2328 3
   2329 3
   2330 3
   2331 3
   2332 3
   2333 3
   2334 3
   2335 3
   2336 3
   2337 3
   2338 3
   2339 3
   2340 3
   2341 3
   2342 3
   2343 3
   2344 3
   2345 3
   2346 3
   2347 3
   2348 3
   2349 3
   2350 3
   2351 3
   2352 3
   2353 3
   2354 3
   2355 3
   2356 3
   2357 3
   2358 3
   2359 3
   2360 3
   2361 3
   2362 3
   2363 3
   2364 3
   2365 3
   2366 3
   2367 3
   2368 3
   2369 3
   2370 3
   2371 3
   2372 3
   2373 3
   2374 3
   2375 3
   2376 3
   2377 3
   2378 3
   2379 3
   2380 3
   2381 3
   2382 3
   2383 3
   2384 3
   2385 3
   2386 3
   2387 3
   2388 3
   2389 3
   2390 3
   2391 3
   2392 3
   2393 3
   2394 3
   2395 3
   2396 3
   2397 3
   2398 3
   2399 3
   2400 3
   2401 3
   2402 3
   2403 3
   2404 3
   2405 3
   2406 3
   2407 3
   2408 3
   2409 3
   2410 3
   2411 3
   2412 3
   2413 3
   2414 3
   2415 3
   2416 3
   2417 3
   2418 3
   2419 3
   2420 3
   2421 3
   2422 3
   2423 3
   2424 3
   2425 3
   2426 3
   2427 3
   2428 3
   2429 3
   2430 3
   2431 3
   2432 3
   2433 3
   2434 3
   2435 3
   2436 3
   2437 3
   2438 3
   2439 3
   2440 3
   2441 3
   2442 3
   2443 3
   2444 3
   2445 3
   2446 3
   2447 3
   2448 3
   2449 3
   2450 3
   2451 3
   2452 3
   2453 3
   2454 3
   2455 3
   2456 3
   2457 3
   2458 3
   2459 3
   2460 3
   2461 3
   2462 3
   2463 3
   2464 3
   2465 3
   2466 3
   2467 3
   2468 3
   2469 3
   2470 3
   2471 3
   2472 3
   2473 3
   2474 3
   2475 3
   2476 3
   2477 3
   2478 3
   2479 3
   2480 3
   2481 3
   2482 3
   2483 3
   2484 3
   2485 3
   2486 3
   2487 3
   2488 3
   2489 3
   2490 3
   2491 3
   2492 3
   2493 3
   2494 3
   2495 3
   2496 3
   2497 3
   2498 3
   2499 3
   2500 3
   2501 3
   2502 3
   2503 3
   2504 3
   2505 3
   2506 3
   2507 3
   2508 3
   2509 3
   2510 3
   2511 3
   2512 3
   2513 3
   2514 3
   2515 3
   2516 3
   2517 3
   2518 3
   2519 3
   2520 3
   2521 3
   2522 3
   2523 3
   2524 3
   2525 3
   2526 3
   2527 3
   2528 3
   2529 3
   2530 3
   2531 3
   2532 3
   2533 3
   2534 3
   2535 3
   2536 3
   2537 3
   2538 3
   2539 3
   2540 3
   2541 3
   2542 3
   2543 3
   2544 3
   2545 3
   2546 3
   2547 3
   2548 3
   2549 3
   2550 3
   2551 3
   2552 3
   2553 3
   2554 3
   2555 3
   2556 3
   2557 3
   2558 3
   2559 3
   2560 3
   2561 3
   2562 3
   2563 3
   2564 3
   2565 3
   2566 3
   2567 3
   2568 3
   2569 3
   2570 3
   2571 3
   2572 3
   2573 3
   2574 3
   2575 3
   2576 3
   2577 3
   2578 3
   2579 3
   2580 3
   2581 3
   2582 3
   2583 3
   2584 3
   2585 3
   2586 3
   2587 3
   2588 3
   2589 3
   2590 3
   2591 3
   2592 3
   2593 3
   2594 3
   2595 3
   2596 3
   2597 3
   2598 3
   2599 3
   2600 3
   2601 3
   2602 3
   2603 3
   2604 3
   2605 3
   2606 3
   2607 3
   2608 3
   2609 3
   2610 3
   2611 3
   2612 3
   2613 3
   2614 3
   2615 3
   2616 3
   2617 3
   2618 3
   2619 3
   2620 3
   2621 3
   2622 3
   2623 3
   2624 3
   2625 3
   2626 3
   2627 3
   2628 3
   2629 3
   2630 3
   2631 3
   2632 3
   2633 3
   2634 3
   2635 3
   2636 3
   2637 3
   2638 3
   2639 3
   2640 3
   2641 3
   2642 3
   2643 3
   2644 3
   2645 3
   2646 3
   2647 3
   2648 3
   2649 3
   2650 3
   2651 3
   2652 3
   2653 3
   2654 3
   2655 3
   2656 3
   2657 3
   2658 3
   2659 3
   2660 3
   2661 3
   2662 3
   2663 3
   2664 3
   2665 3
   2666 3
   2667 3
   2668 3
   2669 3
   2670 3
   2671 3
   2672 3
   2673 3
   2674 3
   2675 3
   2676 3
   2677 3
   2678 3
   2679 3
   2680 3
   2681 3
   2682 3
   2683 3
   2684 3
   2685 3
   2686 3
   2687 3
   2688 3
   2689 3
   2690 3
   2691 3
   2692 3
   2693 3
   2694 3
   2695 3
   2696 3
   2697 3
   2698 3
   2699 3
   2700 3
   2701 3
   2702 3
   2703 3
   2704 3
   2705 3
   2706 3
   2707 3
   2708 3
   2709 3
   2710 3
   2711 3
   2712 3
   2713 3
   2714 3
   2715 3
   2716 3
   2717 3
   2718 3
   2719 3
   2720 3
   2721 3
   2722 3
   2723 3
   2724 3
   2725 3
   2726 3
   2727 3
   2728 3
   2729 3
   2730 3
   2731 3
   2732 3
   2733 3
   2734 3
   2735 3
   2736 3
   2737 3
   2738 3
   2739 3
   2740 3
   2741 3
   2742 3
   2743 3
   2744 3
   2745 3
   2746 3
   2747 3
   2748 3
   2749 3
   2750 3
   2751 3
   2752 3
   2753 3
   2754 3
   2755 3
   2756 3
   2757 3
   2758 3
   2759 3
   2760 3
   2761 3
   2762 3
   2763 3
   2764 3
   2765 3
   2766 3
   2767 3
   2768 3
   2769 3
   2770 3
   2771 3
   2772 3
   2773 3
   2774 3
   2775 3
   2776 3
   2777 3
   2778 3
   2779 3
   2780 3
   2781 3
   2782 3
   2783 3
   2784 3
   2785 3
   2786 3
   2787 3
   2788 3
   2789 3
   2790 3
   2791 3
   2792 3
   2793 3
   2794 3
   2795 3
   2796 3
   2797 3
   2798 3
   2799 3
   2800 3
   2801 3
   2802 3
   2803 3
   2804 3
   2805 3
   2806 3
   2807 3
   2808 3
   2809 3
   2810 3
   2811 3
   2812 3
   2813 3
   2814 3
   2815 3
   2816 3
   2817 3
   2818 3
   2819 3
   2820 3
   2821 3
   2822 3
   2823 3
   2824 3
   2825 3
   2826 3
   2827 3
   2828 3
   2829 3
   2830 3
   2831 3
   2832 3
   2833 3
   2834 3
   2835 3
   2836 3
   2837 3
   2838 3
   2839 3
   2840 3
   2841 3
   2842 3
   2843 3
   2844 3
   2845 3
   2846 3
   2847 3
   2848 3
   2849 3
   2850 3
   2851 3
   2852 3
   2853 3
   2854 3
   2855 3
   2856 3
   2857 3
   2858 3
   2859 3
   2860 3
   2861 3
   2862 3
   2863 3
   2864 3
   2865 3
   2866 3
   2867 3
   2868 3
   2869 3
   2870 3
   2871 3
   2872 3
   2873 3
   2874 3
   2875 3
   2876 3
   2877 3
   2878 3
   2879 3
   2880 3
   2881 3
   2882 3
   2883 3
   2884 3
   2885 3
   2886 3
   2887 3
   2888 3
   2889 3
   2890 3
   2891 3
   2892 3
   2893 3
   2894 3
   2895 3
   2896 3
   2897 3
   2898 3
   2899 3
   2900 3
   2901 3
   2902 3
   2903 3
   2904 3
   2905 3
   2906 3
   2907 3
   2908 3
   2909 3
   2910 3
   2911 3
   2912 3
   2913 3
   2914 3
   2915 3
   2916 3
   2917 3
   2918 3
   2919 3
   2920 3
   2921 3
   2922 3
   2923 3
   2924 3
   2925 3
   2926 3
   2927 3
   2928 3
   2929 3
   2930 3
   2931 3
   2932 3
   2933 3
   2934 3
   2935 3
   2936 3
   2937 3
   2938 3
   2939 3
   2940 3
   2941 3
   2942 3
   2943 3
   2944 3
   2945 3
   2946 3
   2947 3
   2948 3
   2949 3
   2950 3
   2951 3
   2952 3
   2953 3
   2954 3
   2955 3
   2956 3
   2957 3
   2958 3
   2959 3
   2960 3
   2961 3
   2962 3
   2963 3
   2964 3
   2965 3
   2966 3
   2967 3
   2968 3
   2969 3
   2970 3
   2971 3
   2972 3
   2973 3
   2974 3
   2975 3
   2976 3
   2977 3
   2978 3
   2979 3
   2980 3
   2981 3
   2982 3
   2983 3
   2984 3
   2985 3
   2986 3
   2987 3
   2988 3
   2989 3
   2990 3
   2991 3
   2992 3
   2993 3
   2994 3
   2995 3
   2996 3
   2997 3
   2998 3
   2999 3
   3000 3
   3001 3
   3002 3
   3003 3
   3004 3
   3005 3
   3006 3
   3007 3
   3008 3
   3009 3
   3010 3
   3011 3
   3012 3
   3013 3
   3014 3
   3015 3
   3016 3
   3017 3
   3018 3
   3019 3
   3020 3
   3021 3
   3022 3
   3023 3
   3024 3
   3025 3
   3026 3
   3027 3
   3028 3
   3029 3
   3030 3
   3031 3
   3032 3
   3033 3
   3034 3
   3035 3
   3036 3
   3037 3
   3038 3
   3039 3
   3040 3
   3041 3
   3042 3
   3043 3
   3044 3
   3045 3
   3046 3
   3047 3
   3048 3
   3049 3
   3050 3
   3051 3
   3052 3
   3053 3
   3054 3
   3055 3
   3056 3
   3057 3
   3058 3
   3059 3
   3060 3
   3061 3
   3062 3
   3063 3
   3064 3
   3065 3
   3066 3
   3067 3
   3068 3
   3069 3
   3070 3
   3071 3
   3072 3
   3073 3
   3074 3
   3075 3
   3076 3
   3077 3
   3078 3
   3079 3
   3080 3
   3081 3
   3082 3
   3083 3
   3084 3
   3085 3
   3086 3
   3087 3
   3088 3
   3089 3
   3090 3
   3091 3
   3092 3
   3093 3
   3094 3
   3095 3
   3096 3
   3097 3
   3098 3
   3099 3
   3100 3
   3101 3
   3102 3
   3103 3
   3104 3
   3105 3
   3106 3
   3107 3
   3108 3
   3109 3
   3110 3
   3111 3
   3112 3
   3113 3
   3114 3
   3115 3
   3116 3
   3117 3
   3118 3
   3119 3
   3120 3
   3121 3
   3122 3
   3123 3
   3124 3
   3125 3
   3126 3
   3127 3
   3128 3
   3129 3
   3130 3
   3131 3
   3132 3
   3133 3
   3134 3
   3135 3
   3136 3
   3137 3
   3138 3
   3139 3
   3140 3
   3141 3
   3142 3
   3143 3
   3144 3
   3145 3
   3146 3
   3147 3
   3148 3
   3149 3
   3150 3
   3151 3
   3152 3
   3153 3
   3154 3
   3155 3
   3156 3
   3157 3
   3158 3
   3159 3
   3160 3
   3161 3
   3162 3
   3163 3
   3164 3
   3165 3
   3166 3
   3167 3
   3168 3
   3169 3
   3170 3
   3171 3
   3172 3
   3173 3
   3174 3
   3175 3
   3176 3
   3177 3
   3178 3
   3179 3
   3180 3
   3181 3
   3182 3
   3183 3
   3184 3
   3185 3
   3186 3
   3187 3
   3188 3
   3189 3
   3190 3
   3191 3
   3192 3
   3193 3
   3194 3
   3195 3
   3196 3
   3197 3
   3198 3
   3199 3
   3200 3
   3201 3
   3202 3
   3203 3
   3204 3
   3205 3
   3206 3
   3207 3
   3208 3
   3209 3
   3210 3
   3211 3
   3212 3
   3213 3
   3214 3
   3215 3
   3216 3
   3217 3
   3218 3
   3219 3
   3220 3
   3221 3
   3222 3
   3223 3
   3224 3
   3225 3
   3226 3
   3227 3
   3228 3
   3229 3
   3230 3
   3231 3
   3232 3
   3233 3
   3234 3
   3235 3
   3236 3
   3237 3
   3238 3
   3239 3
   3240 3
   3241 3
   3242 3
   3243 3
   3244 3
   3245 3
   3246 3
   3247 3
   3248 3
   3249 3
   3250 3
   3251 3
   3252 3
   3253 3
   3254 3
   3255 3
   3256 3
   3257 3
   3258 3
   3259 3
   3260 3
   3261 3
   3262 3
   3263 3
   3264 3
   3265 3
   3266 3
   3267 3
   3268 3
   3269 3
   3270 3
   3271 3
   3272 3
   3273 3
   3274 3
   3275 3
   3276 3
   3277 3
   3278 3
   3279 3
   3280 3
   3281 3
   3282 3
   3283 3
   3284 3
   3285 3
   3286 3
   3287 3
   3288 3
   3289 3
   3290 3
   3291 3
   3292 3
   3293 3
   3294 3
   3295 3
   3296 3
   3297 3
   3298 3
   3299 3
   3300 3
   3301 3
   3302 3
   3303 3
   3304 3
   3305 3
   3306 3
   3307 3
   3308 3
   3309 3
   3310 3
   3311 3
   3312 3
   3313 3
   3314 3
   3315 3
   3316 3
   3317 3
   3318 3
   3319 3
   3320 3
   3321 3
   3322 3
   3323 3
   3324 3
   3325 3
   3326 3
   3327 3
   3328 3
   3329 3
   3330 3
   3331 3
   3332 3
   3333 3
   3334 3
   3335 3
   3336 3
   3337 3
   3338 3
   3339 3
   3340 3
   3341 3
   3342 3
   3343 3
   3344 3
   3345 3
   3346 3
   3347 3
   3348 3
   3349 3
   3350 3
   3351 3
   3352 3
   3353 3
   3354 3
   3355 3
   3356 3
   3357 3
   3358 3
   3359 3
   3360 3
   3361 3
   3362 3
   3363 3
   3364 3
   3365 3
   3366 3
   3367 3
   3368 3
   3369 3
   3370 3
   3371 3
   3372 3
   3373 3
   3374 3
   3375 3
   3376 3
   3377 3
   3378 3
   3379 3
   3380 3
   3381 3
   3382 3
   3383 3
   3384 3
   3385 3
   3386 3
   3387 3
   3388 3
   3389 3
   3390 3
   3391 3
   3392 3
   3393 3
   3394 3
   3395 3
   3396 3
   3397 3
   3398 3
   3399 3
   3400 3
   3401 3
   3402 3
   3403 3
   3404 3
   3405 3
   3406 3
   3407 3
   3408 3
   3409 3
   3410 3
   3411 3
   3412 3
   3413 3
   3414 3
   3415 3
   3416 3
   3417 3
   3418 3
   3419 3
   3420 3
   3421 3
   3422 3
   3423 3
   3424 3
   3425 3
   3426 3
   3427 3
   3428 3
   3429 3
   3430 3
   3431 3
   3432 3
   3433 3
   3434 3
   3435 3
   3436 3
   3437 3
   3438 3
   3439 3
   3440 3
   3441 3
   3442 3
   3443 3
   3444 3
   3445 3
   3446 3
   3447 3
   3448 3
   3449 3
   3450 3
   3451 3
   3452 3
   3453 3
   3454 3
   3455 3
   3456 3
   3457 3
   3458 3
   3459 3
   3460 3
   3461 3
   3462 3
   3463 3
   3464 3
   3465 3
   3466 3
   3467 3
   3468 3
   3469 3
   3470 3
   3471 3
   3472 3
   3473 3
   3474 3
   3475 3
   3476 3
   3477 3
   3478 3
   3479 3
   3480 3
   3481 3
   3482 3
   3483 3
   3484 3
   3485 3
   3486 3
   3487 3
   3488 3
   3489 3
   3490 3
   3491 3
   3492 3
   3493 3
   3494 3
   3495 3
   3496 3
   3497 3
   3498 3
   3499 3
   3500 3
   3501 3
   3502 3
   3503 3
   3504 3
   3505 3
   3506 3
   3507 3
   3508 3
   3509 3
   3510 3
   3511 3
   3512 3
   3513 3
   3514 3
   3515 3
   3516 3
   3517 3
   3518 3
   3519 3
   3520 3
   3521 3
   3522 3
   3523 3
   3524 3
   3525 3
   3526 3
   3527 3
   3528 3
   3529 3
   3530 3
   3531 3
   3532 3
   3533 3
   3534 3
   3535 3
   3536 3
   3537 3
   3538 3
   3539 3
   3540 3
   3541 3
   3542 3
   3543 3
   3544 3
   3545 3
   3546 3
   3547 3
   3548 3
   3549 3
   3550 3
   3551 3
   3552 3
   3553 3
   3554 3
   3555 3
   3556 3
   3557 3
   3558 3
   3559 3
   3560 3
   3561 3
   3562 3
   3563 3
   3564 3
   3565 3
   3566 3
   3567 3
   3568 3
   3569 3
   3570 3
   3571 3
   3572 3
   3573 3
   3574 3
   3575 3
   3576 3
   3577 3
   3578 3
   3579 3
   3580 3
   3581 3
   3582 3
   3583 3
   3584 3
   3585 3
   3586 3
   3587 3
   3588 3
   3589 3
   3590 3
   3591 3
   3592 3
   3593 3
   3594 3
   3595 3
   3596 3
   3597 3
   3598 3
   3599 3
   3600 3
   3601 3
   3602 3
   3603 3
   3604 3
   3605 3
   3606 3
   3607 3
   3608 3
   3609 3
   3610 3
   3611 3
   3612 3
   3613 3
   3614 3
   3615 3
   3616 3
   3617 3
   3618 3
   3619 3
   3620 3
   3621 3
   3622 3
   3623 3
   3624 3
   3625 3
   3626 3
   3627 3
   3628 3
   3629 3
   3630 3
   3631 3
   3632 3
   3633 3
   3634 3
   3635 3
   3636 3
   3637 3
   3638 3
   3639 3
   3640 3
   3641 3
   3642 3
   3643 3
   3644 3
   3645 3
   3646 3
   3647 3
   3648 3
   3649 3
   3650 3
   3651 3
   3652 3
   3653 3
   3654 3
   3655 3
   3656 3
   3657 3
   3658 3
   3659 3
   3660 3
   3661 3
   3662 3
   3663 3
   3664 3
   3665 3
   3666 3
   3667 3
   3668 3
   3669 3
   3670 3
   3671 3
   3672 3
   3673 3
   3674 3
   3675 3
   3676 3
   3677 3
   3678 3
   3679 3
   3680 3
   3681 3
   3682 3
   3683 3
   3684 3
   3685 3
   3686 3
   3687 3
   3688 3
   3689 3
   3690 3
   3691 3
   3692 3
   3693 3
   3694 3
   3695 3
   3696 3
   3697 3
   3698 3
   3699 3
   3700 3
   3701 3
   3702 3
   3703 3
   3704 3
   3705 3
   3706 3
   3707 3
   3708 3
   3709 3
   3710 3
   3711 3
   3712 3
   3713 3
   3714 3
   3715 3
   3716 3
   3717 3
   3718 3
   3719 3
   3720 3
   3721 3
   3722 3
   3723 3
   3724 3
   3725 3
   3726 3
   3727 3
   3728 3
   3729 3
   3730 3
   3731 3
   3732 3
   3733 3
   3734 3
   3735 3
   3736 3
   3737 3
   3738 3
   3739 3
   3740 3
   3741 3
   3742 3
   3743 3
   3744 3
   3745 3
   3746 3
   3747 3
   3748 3
   3749 3
   3750 3
   3751 3
   3752 3
   3753 3
   3754 3
   3755 3
   3756 3
   3757 3
   3758 3
   3759 3
   3760 3
   3761 3
   3762 3
   3763 3
   3764 3
   3765 3
   3766 3
   3767 3
   3768 3
   3769 3
   3770 3
   3771 3
   3772 3
   3773 3
   3774 3
   3775 3
   3776 3
   3777 3
   3778 3
   3779 3
   3780 3
   3781 3
   3782 3
   3783 3
   3784 3
   3785 3
   3786 3
   3787 3
   3788 3
   3789 3
   3790 3
   3791 3
   3792 3
   3793 3
   3794 3
   3795 3
   3796 3
   3797 3
   3798 3
   3799 3
   3800 3
   3801 3
   3802 3
   3803 3
   3804 3
   3805 3
   3806 3
   3807 3
   3808 3
   3809 3
   3810 3
   3811 3
   3812 3
   3813 3
   3814 3
   3815 3
   3816 3
   3817 3
   3818 3
   3819 3
   3820 3
   3821 3
   3822 3
   3823 3
   3824 3
   3825 3
   3826 3
   3827 3
   3828 3
   3829 3
   3830 3
   3831 3
   3832 3
   3833 3
   3834 3
   3835 3
   3836 3
   3837 3
   3838 3
   3839 3
   3840 3
   3841 3
   3842 3
   3843 3
   3844 3
   3845 3
   3846 3
   3847 3
   3848 3
   3849 3
   3850 3
   3851 3
   3852 3
   3853 3
   3854 3
   3855 3
   3856 3
   3857 3
   3858 3
   3859 3
   3860 3
   3861 3
   3862 3
   3863 3
   3864 3
   3865 3
   3866 3
   3867 3
   3868 3
   3869 3
   3870 3
   3871 3
   3872 3
   3873 3
   3874 3
   3875 3
   3876 3
   3877 3
   3878 3
   3879 3
   3880 3
   3881 3
   3882 3
   3883 3
   3884 3
   3885 3
   3886 3
   3887 3
   3888 3
   3889 3
   3890 3
   3891 3
   3892 3
   3893 3
   3894 3
   3895 3
   3896 3
   3897 3
   3898 3
   3899 3
   3900 3
   3901 3
   3902 3
   3903 3
   3904 3
   3905 3
   3906 3
   3907 3
   3908 3
   3909 3
   3910 3
   3911 3
   3912 3
   3913 3
   3914 3
   3915 3
   3916 3
   3917 3
   3918 3
   3919 3
   3920 3
   3921 3
   3922 3
   3923 3
   3924 3
   3925 3
   3926 3
   3927 3
   3928 3
   3929 3
   3930 3
   3931 3
   3932 3
   3933 3
   3934 3
   3935 3
   3936 3
   3937 3
   3938 3
   3939 3
   3940 3
   3941 3
   3942 3
   3943 3
   3944 3
   3945 3
   3946 3
   3947 3
   3948 3
   3949 3
   3950 3
   3951 3
   3952 3
   3953 3
   3954 3
   3955 3
   3956 3
   3957 3
   3958 3
   3959 3
   3960 3
   3961 3
   3962 3
   3963 3
   3964 3
   3965 3
   3966 3
   3967 3
   3968 3
   3969 3
   3970 3
   3971 3
   3972 3
   3973 3
   3974 3
   3975 3
   3976 3
   3977 3
   3978 3
   3979 3
   3980 3
   3981 3
   3982 3
   3983 3
   3984 3
   3985 3
   3986 3
   3987 3
   3988 3
   3989 3
   3990 3
   3991 3
   3992 3
   3993 3
   3994 3
   3995 3
   3996 3
   3997 3
   3998 3
   3999 3
   4000 3
   4001 3
   4002 3
   4003 3
   4004 3
   4005 3
   4006 3
   4007 3
   4008 3
   4009 3
   4010 3
   4011 3
   4012 3
   4013 3
   4014 3
   4015 3
   4016 3
   4017 3
   4018 3
   4019 3
   4020 3
   4021 3
   4022 3
   4023 3
   4024 3
   4025 3
   4026 3
   4027 3
   4028 3
   4029 3
   4030 3
   4031 3
   4032 3
   4033 3
   4034 3
   4035 3
   4036 3
   4037 3
   4038 3
   4039 3
   4040 3
   4041 3
   4042 3
   4043 3
   4044 3
   4045 3
   4046 3
   4047 3
   4048 3
   4049 3
   4050 3
   4051 3
   4052 3
   4053 3
   4054 3
   4055 3
   4056 3
   4057 3
   4058 3
   4059 3
   4060 3
   4061 3
   4062 3
   4063 3
   4064 3
   4065 3
   4066 3
   4067 3
   4068 3
   4069 3
   4070 3
   4071 3
   4072 3
   4073 3
   4074 3
   4075 3
   4076 3
   4077 3
   4078 3
   4079 3
   4080 3
   4081 3
   4082 3
   4083 3
   4084 3
   4085 3
   4086 3
   4087 3
   4088 3
   4089 3
   4090 3
   4091 3
   4092 3
   4093 3
   4094 3
   4095 3
   4096 3
   4097 3
   4098 3
   4099 3
   4100 3
   4101 3
   4102 3
   4103 3
   4104 3
   4105 3
   4106 3
   4107 3
   4108 3
   4109 3
   4110 3
   4111 3
   4112 3
   4113 3
   4114 3
   4115 3
   4116 3
   4117 3
   4118 3
   4119 3
   4120 3
   4121 3
   4122 3
   4123 3
   4124 3
   4125 3
   4126 3
   4127 3
   4128 3
   4129 3
   4130 3
   4131 3
   4132 3
   4133 3
   4134 3
   4135 3
   4136 3
   4137 3
   4138 3
   4139 3
   4140 3
   4141 3
   4142 3
   4143 3
   4144 3
   4145 3
   4146 3
   4147 3
   4148 3
   4149 3
   4150 3
   4151 3
   4152 3
   4153 3
   4154 3
   4155 3
   4156 3
   4157 3
   4158 3
   4159 3
   4160 3
   4161 3
   4162 3
   4163 3
   4164 3
   4165 3
   4166 3
   4167 3
   4168 3
   4169 3
   4170 3
   4171 3
   4172 3
   4173 3
   4174 3
   4175 3
   4176 3
   4177 3
   4178 3
   4179 3
   4180 3
   4181 3
   4182 3
   4183 3
   4184 3
   4185 3
   4186 3
   4187 3
   4188 3
   4189 3
   4190 3
   4191 3
   4192 3
   4193 3
   4194 3
   4195 3
   4196 3
   4197 3
   4198 3
   4199 3
   4200 3
   4201 3
   4202 3
   4203 3
   4204 3
   4205 3
   4206 3
   4207 3
   4208 3
   4209 3
   4210 3
   4211 3
   4212 3
   4213 3
   4214 3
   4215 3
   4216 3
   4217 3
   4218 3
   4219 3
   4220 3
   4221 3
   4222 3
   4223 3
   4224 3
   4225 3
   4226 3
   4227 3
   4228 3
   4229 3
   4230 3
   4231 3
   4232 3
   4233 3
   4234 3
   4235 3
   4236 3
   4237 3
   4238 3
   4239 3
   4240 3
   4241 3
   4242 3
   4243 3
   4244 3
   4245 3
   4246 3
   4247 3
   4248 3
   4249 3
   4250 3
   4251 3
   4252 3
   4253 3
   4254 3
   4255 3
   4256 3
   4257 3
   4258 3
   4259 3
   4260 3
   4261 3
   4262 3
   4263 3
   4264 3
   4265 3
   4266 3
   4267 3
   4268 3
   4269 3
   4270 3
   4271 3
   4272 3
   4273 3
   4274 3
   4275 3
   4276 3
   4277 3
   4278 3
   4279 3
   4280 3
   4281 3
   4282 3
   4283 3
   4284 3
   4285 3
   4286 3
   4287 3
   4288 3
   4289 3
   4290 3
   4291 3
   4292 3
   4293 3
   4294 3
   4295 3
   4296 3
   4297 3
   4298 3
   4299 3
   4300 3
   4301 3
   4302 3
   4303 3
   4304 3
   4305 3
   4306 3
   4307 3
   4308 3
   4309 3
   4310 3
   4311 3
   4312 3
   4313 3
   4314 3
   4315 3
   4316 3
   4317 3
   4318 3
   4319 3
   4320 3
   4321 3
   4322 3
   4323 3
   4324 3
   4325 3
   4326 3
   4327 3
   4328 3
   4329 3
   4330 3
   4331 3
   4332 3
   4333 3
   4334 3
   4335 3
   4336 3
   4337 3
   4338 3
   4339 3
   4340 3
   4341 3
   4342 3
   4343 3
   4344 3
   4345 3
   4346 3
   4347 3
   4348 3
   4349 3
   4350 3
   4351 3
   4352 3
   4353 3
   4354 3
   4355 3
   4356 3
   4357 3
   4358 3
   4359 3
   4360 3
   4361 3
   4362 3
   4363 3
   4364 3
   4365 3
   4366 3
   4367 3
   4368 3
   4369 3
   4370 3
   4371 3
   4372 3
   4373 3
   4374 3
   4375 3
   4376 3
   4377 3
   4378 3
   4379 3
   4380 3
   4381 3
   4382 3
   4383 3
   4384 3
   4385 3
   4386 3
   4387 3
   4388 3
   4389 3
   4390 3
   4391 3
   4392 3
   4393 3
   4394 3
   4395 3
   4396 3
   4397 3
   4398 3
   4399 3
   4400 3
   4401 3
   4402 3
   4403 3
   4404 3
   4405 3
   4406 3
   4407 3
   4408 3
   4409 3
   4410 3
   4411 3
   4412 3
   4413 3
   4414 3
   4415 3
   4416 3
   4417 3
   4418 3
   4419 3
   4420 3
   4421 3
   4422 3
   4423 3
   4424 3
   4425 3
   4426 3
   4427 3
   4428 3
   4429 3
   4430 3
   4431 3
   4432 3
   4433 3
   4434 3
   4435 3
   4436 3
   4437 3
   4438 3
   4439 3
   4440 3
   4441 3
   4442 3
   4443 3
   4444 3
   4445 3
   4446 3
   4447 3
   4448 3
   4449 3
   4450 3
   4451 3
   4452 3
   4453 3
   4454 3
   4455 3
   4456 3
   4457 3
   4458 3
   4459 3
   4460 3
   4461 3
   4462 3
   4463 3
   4464 3
   4465 3
   4466 3
   4467 3
   4468 3
   4469 3
   4470 3
   4471 3
   4472 3
   4473 3
   4474 3
   4475 3
   4476 3
   4477 3
   4478 3
   4479 3
   4480 3
   4481 3
   4482 3
   4483 3
   4484 3
   4485 3
   4486 3
   4487 3
   4488 3
   4489 3
   4490 3
   4491 3
   4492 3
   4493 3
   4494 3
   4495 3
   4496 3
   4497 3
   4498 3
   4499 3
   4500 3
   4501 3
   4502 3
   4503 3
   4504 3
   4505 3
   4506 3
   4507 3
   4508 3
   4509 3
   4510 3
   4511 3
   4512 3
   4513 3
   4514 3
   4515 3
   4516 3
   4517 3
   4518 3
   4519 3
   4520 3
   4521 3
   4522 3
   4523 3
   4524 3
   4525 3
   4526 3
   4527 3
   4528 3
   4529 3
   4530 3
   4531 3
   4532 3
   4533 3
   4534 3
   4535 3
   4536 3
   4537 3
   4538 3
   4539 3
   4540 3
   4541 3
   4542 3
   4543 3
   4544 3
   4545 3
   4546 3
   4547 3
   4548 3
   4549 3
   4550 3
   4551 3
   4552 3
   4553 3
   4554 3
   4555 3
   4556 3
   4557 3
   4558 3
   4559 3
   4560 3
   4561 3
   4562 3
   4563 3
   4564 3
   4565 3
   4566 3
   4567 3
   4568 3
   4569 3
   4570 3
   4571 3
   4572 3
   4573 3
   4574 3
   4575 3
   4576 3
   4577 3
   4578 3
   4579 3
   4580 3
   4581 3
   4582 3
   4583 3
   4584 3
   4585 3
   4586 3
   4587 3
   4588 3
   4589 3
   4590 3
   4591 3
   4592 3
   4593 3
   4594 3
   4595 3
   4596 3
   4597 3
   4598 3
   4599 3
   4600 3
   4601 3
   4602 3
   4603 3
   4604 3
   4605 3
   4606 3
   4607 3
   4608 3
   4609 3
   4610 3
   4611 3
   4612 3
   4613 3
   4614 3
   4615 3
   4616 3
   4617 3
   4618 3
   4619 3
   4620 3
   4621 3
   4622 3
   4623 3
   4624 3
   4625 3
   4626 3
   4627 3
   4628 3
   4629 3
   4630 3
   4631 3
   4632 3
   4633 3
   4634 3
   4635 3
   4636 3
   4637 3
   4638 3
   4639 3
   4640 3
   4641 3
   4642 3
   4643 3
   4644 3
   4645 3
   4646 3
   4647 3
   4648 3
   4649 3
   4650 3
   4651 3
   4652 3
   4653 3
   4654 3
   4655 3
   4656 3
   4657 3
   4658 3
   4659 3
   4660 3
   4661 3
   4662 3
   4663 3
   4664 3
   4665 3
   4666 3
   4667 3
   4668 3
   4669 3
   4670 3
   4671 3
   4672 3
   4673 3
   4674 3
   4675 3
   4676 3
   4677 3
   4678 3
   4679 3
   4680 3
   4681 3
   4682 3
   4683 3
   4684 3
   4685 3
   4686 3
   4687 3
   4688 3
   4689 3
   4690 3
   4691 3
   4692 3
   4693 3
   4694 3
   4695 3
   4696 3
   4697 3
   4698 3
   4699 3
   4700 3
   4701 3
   4702 3
   4703 3
   4704 3
   4705 3
   4706 3
   4707 3
   4708 3
  END_NODES_PER_ELEMENT
  ELEMENTS
  1 254 225 236  
  2 1715 1736 1704  
  3 2380 2367 2344  
  4 641 656 646  
  5 2620 2628 2589  
  6 1192 1174 1170  
  7 83 95 88  
  8 2350 2366 2332  
  9 1756 1737 1722  
  10 1158 1173 1153  
  11 2637 2629 2590  
  12 675 657 662  
  13 26 20 22  
  14 2093 2108 2069  
  15 2129 2107 2087  
  16 893 913 890  
  17 2665 2667 2623  
  18 928 914 911  
  19 368 385 379  
  20 2517 2528 2493  
  21 1461 1445 1436  
  22 1424 1444 1416  
  23 2536 2529 2505  
  24 405 386 397  
  25 111 96 98  
  26 1884 1914 1866  
  27 2266 2248 2226  
  28 768 783 770  
  29 2649 2651 2614  
  30 1055 1043 1038  
  31 197 224 209  
  32 2446 2456 2424  
  33 1607 1586 1574  
  34 1287 1303 1281  
  35 2587 2581 2554  
  36 542 527 533  
  37 14 19 18  
  38 2232 2247 2211  
  39 1940 1915 1883  
  40 1024 1042 1019  
  41 2654 2652 2624  
  42 802 784 786  
  43 509 526 514  
  44 2572 2580 2546  
  45 1321 1304 1294  
  46 1569 1585 1559  
  47 2466 2457 2435  
  48 167 151 160  
  49 1791 1816 1777  
  50 2326 2312 2286  
  51 705 719 710  
  52 2641 2643 2606  
  53 1124 1110 1106  
  54 138 150 142  
  55 2404 2415 2383  
  56 1679 1661 1652  
  57 1224 1237 1219  
  58 2608 2603 2571  
  59 609 594 596  
  60 2 1 4  
  61 2165 2183 2139  
  62 2051 2035 2007  
  63 962 981 959  
  64 2662 2660 2634  
  65 864 851 852  
  66 441 459 450  
  67 2547 2555 2523  
  68 1390 1370 1366  
  69 1495 1512 1485  
  70 2503 2496 2469  
  71 334 316 320  
  72 61 53 57  
  73 2004 2034 1984  
  74 2200 2182 2157  
  75 834 850 837  
  76 2657 2659 2633  
  77 996 982 978  
  78 295 315 301  
  79 2486 2495 2458  
  80 1531 1513 1507  
  81 1355 1369 1353  
  82 2560 2556 2532  
  83 477 460 468  
  84 40 52 44  
  85 2295 2311 2271  
  86 1839 1817 1802  
  87 1089 1109 1086  
  88 2646 2644 2605  
  89 738 720 721  
  90 574 593 578  
  91 2596 2602 2568  
  92 1255 1238 1234  
  93 1641 1660 1628  
  94 2426 2416 2394  
  95 198 184 190  
  96 1755 1773 1738  
  97 2351 2341 2316  
  98 674 688 678  
  99 2636 2639 2594  
  100 1159 1144 1139  
  101 110 121 114  
  102 2379 2391 2352  
  103 1716 1698 1682  
  104 1191 1204 1184  
  105 2621 2613 2582  
  106 642 626 628  
  107 13 8 11  
  108 2130 2146 2106  
  109 2092 2072 2056  
  110 927 947 925  
  111 2666 2664 2619  
  112 894 880 883  
  113 404 425 412  
  114 2535 2541 2512  
  115 1425 1409 1402  
  116 1460 1475 1454  
  117 2518 2507 2491  
  118 369 352 358  
  119 84 73 78  
  120 1939 1980 1909  
  121 2233 2215 2192  
  122 801 817 803  
  123 2653 2655 2617  
  124 1025 1011 1006  
  125 253 276 260  
  126 2465 2476 2444  
  127 1570 1550 1537  
  128 1320 1336 1314  
  129 2573 2566 2543  
  130 510 493 500  
  131 25 35 30  
  132 2265 2278 2242  
  133 1885 1858 1843  
  134 1054 1074 1052  
  135 2650 2648 2610  
  136 769 750 752  
  137 541 559 546  
  138 2586 2592 2557  
  139 1288 1272 1264  
  140 1606 1621 1591  
  141 2447 2437 2414  
  142 139 122 130  
  143 1838 1857 1819  
  144 2296 2279 2257  
  145 737 749 742  
  146 2645 2647 2609  
  147 1090 1075 1071  
  148 166 183 170  
  149 2425 2436 2406  
  150 1642 1622 1613  
  151 1254 1271 1249  
  152 2597 2593 2563  
  153 575 560 563  
  154 3 9 7  
  155 2199 2214 2176  
  156 2005 1981 1938  
  157 995 1010 993  
  158 2658 2656 2622  
  159 835 818 820  
  160 476 492 482  
  161 2559 2565 2538  
  162 1356 1337 1330  
  163 1530 1549 1524  
  164 2487 2477 2452  
  165 296 277 281  
  166 41 36 39  
  167 2050 2073 2022  
  168 2164 2145 2121  
  169 863 879 866  
  170 2661 2663 2635  
  171 963 948 949  
  172 333 351 338  
  173 2502 2506 2482  
  174 1496 1476 1469  
  175 1389 1408 1377  
  176 2548 2542 2513  
  177 442 426 432  
  178 60 72 67  
  179 2325 2340 2301  
  180 1792 1774 1763  
  181 1123 1143 1120  
  182 2642 2640 2601  
  183 706 689 690  
  184 608 625 611  
  185 2607 2612 2578  
  186 1225 1205 1199  
  187 1678 1697 1665  
  188 2405 2392 2365  
  189 225 198 211  
  190 1736 1755 1720  
  191 2367 2351 2335  
  192 656 674 661  
  193 2628 2636 2595  
  194 1174 1159 1154  
  195 95 110 103  
  196 2366 2379 2343  
  197 1737 1716 1702  
  198 1173 1191 1169  
  199 2629 2621 2591  
  200 657 642 644  
  201 20 13 17  
  202 2108 2130 2088  
  203 2107 2092 2067  
  204 913 927 910  
  205 2667 2666 2631  
  206 914 894 891  
  207 385 404 394  
  208 2528 2535 2500  
  209 1445 1425 1413  
  210 1444 1460 1433  
  211 2529 2518 2494  
  212 386 369 376  
  213 96 84 90  
  214 1914 1939 1882  
  215 2248 2233 2212  
  216 783 801 785  
  217 2651 2653 2625  
  218 1043 1025 1020  
  219 224 253 237  
  220 2456 2465 2433  
  221 1586 1570 1561  
  222 1303 1320 1296  
  223 2581 2573 2550  
  224 527 510 515  
  225 19 25 23  
  226 2247 2265 2225  
  227 1915 1885 1859  
  228 1042 1054 1037  
  229 2652 2650 2616  
  230 784 769 767  
  231 526 541 531  
  232 2580 2586 2553  
  233 1304 1288 1282  
  234 1585 1606 1572  
  235 2457 2447 2421  
  236 151 139 143  
  237 1816 1838 1798  
  238 2312 2296 2273  
  239 719 737 722  
  240 2643 2645 2600  
  241 1110 1090 1087  
  242 150 166 157  
  243 2415 2425 2388  
  244 1661 1642 1629  
  245 1237 1254 1229  
  246 2603 2597 2569  
  247 594 575 580  
  248 1 3 5  
  249 2183 2199 2158  
  250 2035 2005 1974  
  251 981 995 977  
  252 2660 2658 2626  
  253 851 835 838  
  254 459 476 467  
  255 2555 2559 2534  
  256 1370 1356 1346  
  257 1512 1530 1504  
  258 2496 2487 2464  
  259 316 296 302  
  260 53 41 46  
  261 2034 2050 1997  
  262 2182 2164 2144  
  263 850 863 848  
  264 2659 2661 2627  
  265 982 963 960  
  266 315 333 321  
  267 2495 2502 2468  
  268 1513 1496 1486  
  269 1369 1389 1365  
  270 2556 2548 2530  
  271 460 442 449  
  272 52 60 56  
  273 2311 2325 2285  
  274 1817 1792 1778  
  275 1109 1123 1108  
  276 2644 2642 2598  
  277 720 706 708  
  278 593 608 595  
  279 2602 2607 2576  
  280 1238 1225 1213  
  281 1660 1678 1654  
  282 2416 2405 2376  
  283 184 167 169  
  284 1773 1791 1754  
  285 2341 2326 2304  
  286 688 705 692  
  287 2639 2641 2604  
  288 1144 1124 1119  
  289 121 138 129  
  290 2391 2404 2364  
  291 1698 1679 1666  
  292 1204 1224 1197  
  293 2613 2608 2583  
  294 626 609 613  
  295 8 2 6  
  296 2146 2165 2120  
  297 2072 2051 2030  
  298 947 962 946  
  299 2664 2662 2630  
  300 880 864 861  
  301 425 441 431  
  302 2541 2547 2516  
  303 1409 1390 1380  
  304 1475 1495 1468  
  305 2507 2503 2479  
  306 352 334 339  
  307 73 61 66  
  308 1980 2004 1937  
  309 2215 2200 2179  
  310 817 834 819  
  311 2655 2657 2632  
  312 1011 996 992  
  313 276 295 282  
  314 2476 2486 2451  
  315 1550 1531 1523  
  316 1336 1355 1329  
  317 2566 2560 2539  
  318 493 477 483  
  319 35 40 38  
  320 2278 2295 2256  
  321 1858 1839 1820  
  322 1074 1089 1070  
  323 2648 2646 2611  
  324 750 738 739  
  325 559 574 561  
  326 2592 2596 2567  
  327 1272 1255 1250  
  328 1621 1641 1612  
  329 2437 2426 2407  
  330 122 111 117  
  331 1857 1884 1844  
  332 2279 2266 2240  
  333 749 768 751  
  334 2647 2649 2615  
  335 1075 1055 1053  
  336 183 197 189  
  337 2436 2446 2413  
  338 1622 1607 1592  
  339 1271 1287 1269  
  340 2593 2587 2558  
  341 560 542 548  
  342 9 14 12  
  343 2214 2232 2191  
  344 1981 1940 1910  
  345 1010 1024 1012  
  346 2656 2654 2618  
  347 818 802 804  
  348 492 509 499  
  349 2565 2572 2545  
  350 1337 1321 1315  
  351 1549 1569 1538  
  352 2477 2466 2445  
  353 277 254 261  
  354 36 26 29  
  355 2073 2093 2045  
  356 2145 2129 2104  
  357 879 893 877  
  358 2663 2665 2638  
  359 948 928 926  
  360 351 368 357  
  361 2506 2517 2489  
  362 1476 1461 1452  
  363 1408 1424 1403  
  364 2542 2536 2508  
  365 426 405 413  
  366 72 83 77  
  367 2340 2350 2315  
  368 1774 1756 1739  
  369 1143 1158 1138  
  370 2640 2637 2599  
  371 689 675 676  
  372 625 641 629  
  373 2612 2620 2588  
  374 1205 1192 1189  
  375 1697 1715 1686  
  376 2392 2380 2353  
  377 361 377 355  
  378 1453 1466 1478  
  379 1862 1850 1899  
  380 868 854 862  
  381 899 920 917  
  382 1879 1891 1935  
  383 1418 1404 1426  
  384 332 319 311  
  385 624 643 634  
  386 1694 1709 1724  
  387 1668 1656 1689  
  388 589 571 582  
  389 1181 1198 1201  
  390 1972 1969 2028  
  391 1152 1132 1150  
  392 241 250 221  
  393 485 502 496  
  394 1577 1594 1610  
  395 1772 1761 1797  
  396 729 713 724  
  397 1044 1059 1060  
  398 1946 1952 2000  
  399 1284 1268 1286  
  400 244 239 215  
  401 763 779 775  
  402 1790 1805 1834  
  403 1547 1533 1564  
  404 455 437 440  
  405 1317 1332 1340  
  406 1933 1928 1990  
  407 1009 994 1008  
  408 331 344 324  
  409 420 435 419  
  410 1515 1532 1558  
  411 1824 1806 1847  
  412 800 780 795  
  413 975 991 986  
  414 1919 1927 2009  
  415 1354 1334 1362  
  416 284 273 259  
  417 693 711 704  
  418 1745 1760 1801  
  419 1609 1596 1620  
  420 522 504 508  
  421 1252 1265 1274  
  422 1957 1953 2039  
  423 1079 1065 1082  
  424 283 292 270  
  425 553 570 564  
  426 1637 1653 1685  
  427 1723 1711 1740  
  428 663 645 651  
  429 1114 1130 1133  
  430 1965 1968 2033  
  431 1220 1200 1223  
  432 226 228 203  
  433 832 853 843  
  434 1840 1848 1917  
  435 1483 1470 1497  
  436 393 378 374  
  437 1384 1401 1410  
  438 1902 1892 1948  
  439 942 922 934  
  440 392 406 389  
  441 1482 1499 1510  
  442 1841 1832 1875  
  443 836 816 828  
  444 937 955 957  
  445 1900 1908 1958  
  446 1385 1368 1405  
  447 308 293 286  
  448 660 677 669  
  449 1721 1733 1752  
  450 1639 1625 1655  
  451 556 538 547  
  452 1217 1230 1243  
  453 1966 1961 2025  
  454 1116 1097 1121  
  455 262 271 243  
  456 519 536 529  
  457 1608 1623 1640  
  458 1746 1735 1767  
  459 695 680 687  
  460 1077 1096 1105  
  461 1956 1960 2011  
  462 1253 1232 1258  
  463 233 229 201  
  464 799 814 811  
  465 1821 1830 1861  
  466 1519 1501 1527  
  467 424 409 410  
  468 1352 1367 1374  
  469 1920 1911 1962  
  470 976 956 971  
  471 454 470 461  
  472 1546 1563 1576  
  473 1793 1782 1823  
  474 765 746 760  
  475 1007 1023 1026  
  476 1932 1941 1993  
  477 1318 1301 1325  
  478 263 252 234  
  479 728 745 740  
  480 1771 1781 1804  
  481 1579 1566 1597  
  482 487 473 475  
  483 1283 1299 1307  
  484 1947 1942 1995  
  485 1046 1028 1045  
  486 307 318 297  
  487 588 604 598  
  488 1667 1680 1701  
  489 1695 1683 1714  
  490 627 606 616  
  491 1149 1164 1168  
  492 1971 1973 2018  
  493 1182 1166 1188  
  494 232 238 208  
  495 867 886 881  
  496 1860 1871 1916  
  497 1455 1435 1464  
  498 363 346 343  
  499 1417 1434 1446  
  500 1881 1873 1921  
  501 900 887 898  
  502 377 392 373  
  503 1466 1482 1491  
  504 1850 1841 1888  
  505 854 836 841  
  506 920 937 932  
  507 1891 1900 1978  
  508 1404 1385 1411  
  509 319 308 298  
  510 643 660 648  
  511 1709 1721 1743  
  512 1656 1639 1672  
  513 571 556 562  
  514 1198 1217 1221  
  515 1969 1966 2043  
  516 1132 1116 1135  
  517 250 262 231  
  518 502 519 507  
  519 1594 1608 1638  
  520 1761 1746 1783  
  521 713 695 703  
  522 1059 1077 1078  
  523 1952 1956 2014  
  524 1268 1253 1275  
  525 239 233 207  
  526 779 799 791  
  527 1805 1821 1869  
  528 1533 1519 1544  
  529 437 424 421  
  530 1332 1352 1358  
  531 1928 1920 1987  
  532 994 976 989  
  533 344 361 337  
  534 435 454 436  
  535 1532 1546 1562  
  536 1806 1793 1835  
  537 780 765 776  
  538 991 1007 1005  
  539 1927 1932 1989  
  540 1334 1318 1348  
  541 273 263 246  
  542 711 728 717  
  543 1760 1771 1796  
  544 1596 1579 1614  
  545 504 487 489  
  546 1265 1283 1292  
  547 1953 1947 2010  
  548 1065 1046 1067  
  549 292 307 285  
  550 570 588 577  
  551 1653 1667 1687  
  552 1711 1695 1729  
  553 645 627 632  
  554 1130 1149 1155  
  555 1968 1971 2020  
  556 1200 1182 1209  
  557 228 232 200  
  558 853 867 860  
  559 1848 1860 1898  
  560 1470 1455 1479  
  561 378 363 359  
  562 1401 1417 1443  
  563 1892 1881 1936  
  564 922 900 921  
  565 406 420 403  
  566 1499 1515 1529  
  567 1832 1824 1864  
  568 816 800 809  
  569 955 975 970  
  570 1908 1919 1977  
  571 1368 1354 1376  
  572 293 284 272  
  573 677 693 684  
  574 1733 1745 1770  
  575 1625 1609 1644  
  576 538 522 528  
  577 1230 1252 1256  
  578 1961 1957 2017  
  579 1097 1079 1099  
  580 271 283 258  
  581 536 553 543  
  582 1623 1637 1657  
  583 1735 1723 1759  
  584 680 663 668  
  585 1096 1114 1115  
  586 1960 1965 2024  
  587 1232 1220 1235  
  588 229 226 204  
  589 814 832 825  
  590 1830 1840 1874  
  591 1501 1483 1514  
  592 409 393 390  
  593 1367 1384 1397  
  594 1911 1902 1950  
  595 956 942 953  
  596 470 485 474  
  597 1563 1577 1593  
  598 1782 1772 1807  
  599 746 729 741  
  600 1023 1044 1039  
  601 1941 1946 2003  
  602 1301 1284 1310  
  603 252 244 222  
  604 745 763 757  
  605 1781 1790 1827  
  606 1566 1547 1578  
  607 473 455 457  
  608 1299 1317 1324  
  609 1942 1933 1994  
  610 1028 1009 1027  
  611 318 331 310  
  612 604 624 614  
  613 1680 1694 1713  
  614 1683 1668 1700  
  615 606 589 597  
  616 1164 1181 1186  
  617 1973 1972 2029  
  618 1166 1152 1171  
  619 238 241 213  
  620 886 899 892  
  621 1871 1879 1925  
  622 1435 1418 1448  
  623 346 332 327  
  624 1434 1453 1458  
  625 1873 1862 1918  
  626 887 868 884  
  627 236 225 211  
  628 236 211 218  
  629 2543 2566 2539  
  630 2543 2539 2498  
  631 1504 1530 1524  
  632 1504 1524 1492  
  633 852 851 838  
  634 852 838 833  
  635 2595 2636 2594  
  636 2595 2594 2551  
  637 1820 1839 1802  
  638 1820 1802 1766  
  639 1574 1586 1561  
  640 1574 1561 1541  
  641 2538 2565 2545  
  642 2538 2545 2501  
  643 129 138 142  
  644 129 142 140  
  645 2316 2341 2304  
  646 2316 2304 2262  
  647 23 25 30  
  648 23 30 27  
  649 261 254 236  
  650 261 236 218  
  651 2623 2667 2631  
  652 2623 2631 2579  
  653 742 749 751  
  654 742 751 733  
  655 2285 2325 2301  
  656 2285 2301 2253  
  657 1353 1369 1365  
  658 1353 1365 1331  
  659 1413 1425 1402  
  660 1413 1402 1379  
  661 2413 2446 2424  
  662 2413 2424 2377  
  663 1777 1816 1798  
  664 1777 1798 1747  
  665 432 426 413  
  666 432 413 411  
  667 2479 2503 2469  
  668 2479 2469 2432  
  669 412 425 431  
  670 412 431 415  
  671 1087 1090 1071  
  672 1087 1071 1069  
  673 1138 1158 1153  
  674 1138 1153 1134  
  675 1722 1737 1702  
  676 1722 1702 1677  
  677 546 559 561  
  678 546 561 552  
  679 960 963 949  
  680 960 949 933  
  681 1984 2034 1997  
  682 1984 1997 1923  
  683 17 13 11  
  684 17 11 16  
  685 2407 2426 2394  
  686 2407 2394 2358  
  687 2624 2652 2616  
  688 2624 2616 2577  
  689 866 879 877  
  690 866 877 858  
  691 2030 2051 2007  
  692 2030 2007 1943  
  693 2582 2613 2583  
  694 2582 2583 2540  
  695 1282 1288 1264  
  696 1282 1264 1262  
  697 2489 2517 2493  
  698 2489 2493 2455  
  699 98 96 90  
  700 98 90 94  
  701 563 560 548  
  702 563 548 544  
  703 1654 1678 1665  
  704 1654 1665 1631  
  705 721 720 708  
  706 721 708 709  
  707 2625 2653 2617  
  708 2625 2617 2570  
  709 1012 1024 1019  
  710 1012 1019 1002  
  711 1219 1237 1229  
  712 1219 1229 1206  
  713 2578 2612 2588  
  714 2578 2588 2544  
  715 282 295 301  
  716 282 301 291  
  717 2192 2215 2179  
  718 2192 2179 2135  
  719 2158 2199 2176  
  720 2158 2176 2126  
  721 2589 2628 2595  
  722 2589 2595 2551  
  723 1843 1858 1820  
  724 1843 1820 1803  
  725 1997 2050 2022  
  726 1997 2022 1923  
  727 1485 1512 1504  
  728 1485 1504 1459  
  729 1702 1716 1682  
  730 1702 1682 1677  
  731 561 574 578  
  732 561 578 552  
  733 18 19 23  
  734 18 23 27  
  735 281 277 261  
  736 281 261 274  
  737 2583 2608 2571  
  738 2583 2571 2540  
  739 114 121 129  
  740 114 129 107  
  741 2616 2650 2610  
  742 2616 2610 2577  
  743 877 893 890  
  744 877 890 858  
  745 1436 1445 1413  
  746 1436 1413 1420  
  747 2406 2436 2413  
  748 2406 2413 2355  
  749 708 706 690  
  750 708 690 709  
  751 2271 2311 2285  
  752 2271 2285 2222  
  753 90 84 78  
  754 90 78 94  
  755 548 542 533  
  756 548 533 544  
  757 1106 1110 1087  
  758 1106 1087 1069  
  759 1120 1143 1138  
  760 1120 1138 1101  
  761 2179 2200 2157  
  762 2179 2157 2135  
  763 2491 2507 2479  
  764 2491 2479 2450  
  765 1229 1254 1249  
  766 1229 1249 1206  
  767 2588 2620 2589  
  768 2588 2589 2544  
  769 22 20 17  
  770 22 17 28  
  771 2414 2437 2407  
  772 2414 2407 2358  
  773 1365 1389 1377  
  774 1365 1377 1331  
  775 978 982 960  
  776 978 960 974  
  777 2631 2666 2619  
  778 2631 2619 2579  
  779 751 768 770  
  780 751 766 733  
  781 1294 1304 1282  
  782 1294 1282 1262  
  783 2482 2506 2489  
  784 2482 2489 2438  
  785 431 441 450  
  786 431 451 415  
  787 2056 2072 2030  
  788 2056 2030 2016  
  789 1798 1838 1819  
  790 1798 1819 1747  
  791 413 405 397  
  792 413 397 411  
  793 2614 2651 2625  
  794 2614 2625 2570  
  795 993 1010 1012  
  796 993 1012 1002  
  797 2304 2326 2286  
  798 2304 2286 2262  
  799 1628 1660 1654  
  800 1628 1654 1631  
  801 1561 1570 1537  
  802 1561 1537 1541  
  803 2545 2572 2546  
  804 2545 2546 2501  
  805 2139 2183 2158  
  806 2139 2158 2094  
  807 211 198 190  
  808 211 190 218  
  809 2539 2560 2532  
  810 2539 2532 2498  
  811 260 276 282  
  812 260 282 249  
  813 838 835 820  
  814 838 820 833  
  815 2344 2367 2335  
  816 2344 2335 2299  
  817 30 35 38  
  818 30 38 27  
  819 302 296 281  
  820 302 281 274  
  821 2523 2555 2534  
  822 2523 2534 2490  
  823 103 110 114  
  824 103 114 107  
  825 2611 2646 2605  
  826 2611 2605 2561  
  827 2554 2581 2550  
  828 2554 2550 2509  
  829 1524 1549 1538  
  830 1524 1538 1492  
  831 1666 1679 1652  
  832 1666 1652 1630  
  833 2594 2639 2604  
  834 2594 2564 2551  
  835 1859 1885 1843  
  836 1859 1843 1803  
  837 2045 2093 2069  
  838 2045 2069 2012  
  839 379 385 394  
  840 379 394 380  
  841 1071 1075 1053  
  842 1071 1036 1069  
  843 1108 1123 1120  
  844 1108 1120 1101  
  845 468 460 449  
  846 468 449 447  
  847 2494 2518 2491  
  848 2494 2491 2450  
  849 1269 1287 1281  
  850 1269 1281 1259  
  851 710 719 722  
  852 710 722 702  
  853 2301 2340 2315  
  854 2301 2315 2253  
  855 66 61 57  
  856 66 57 69  
  857 1402 1409 1380  
  858 1402 1380 1379  
  859 2388 2425 2406  
  860 2388 2406 2355  
  861 676 675 662  
  862 676 662 659  
  863 2590 2629 2591  
  864 2590 2591 2549  
  865 1264 1272 1250  
  866 1264 1226 1262  
  867 2468 2502 2482  
  868 2468 2482 2438  
  869 837 850 848  
  870 837 848 827  
  871 2067 2092 2056  
  872 2067 2056 2016  
  873 1844 1884 1866  
  874 1844 1866 1811  
  875 514 526 531  
  876 514 531 518  
  877 949 948 926  
  878 949 926 933  
  879 2630 2662 2634  
  880 2630 2634 2585  
  881 11 8 6  
  882 11 6 16  
  883 2421 2447 2414  
  884 2421 2414 2374  
  885 1403 1424 1416  
  886 1403 1416 1388  
  887 2226 2248 2212  
  888 2226 2212 2168  
  889 2176 2214 2191  
  890 2176 2191 2126  
  891 169 167 160  
  892 169 160 165  
  893 2568 2602 2576  
  894 2568 2576 2537  
  895 237 253 260  
  896 237 260 249  
  897 804 802 786  
  898 804 786 794  
  899 596 594 580  
  900 596 580 576  
  901 1665 1697 1686  
  902 1665 1686 1631  
  903 1523 1531 1507  
  904 1523 1507 1494  
  905 2617 2655 2632  
  906 2617 2584 2570  
  907 977 995 993  
  908 977 993 969  
  909 88 95 103  
  910 88 103 107  
  911 2610 2648 2611  
  912 2610 2611 2561  
  913 848 863 866  
  914 848 866 858  
  915 320 316 302  
  916 320 302 312  
  917 2591 2621 2582  
  918 2591 2582 2549  
  919 1250 1255 1234  
  920 1250 1234 1226  
  921 1883 1915 1859  
  922 1883 1859 1845  
  923 2022 2073 2045  
  924 2022 2045 2012  
  925 6 2 4  
  926 6 4 10  
  927 1682 1698 1666  
  928 1682 1666 1630  
  929 531 541 546  
  930 531 546 518  
  931 926 928 911  
  932 926 911 906  
  933 2505 2529 2494  
  934 2505 2494 2460  
  935 1249 1271 1269  
  936 1249 1269 1259  
  937 2576 2607 2578  
  938 2576 2578 2537  
  939 1086 1109 1108  
  940 1086 1108 1101  
  941 2212 2233 2192  
  942 2212 2192 2168  
  943 2191 2232 2211  
  944 2191 2211 2161  
  945 2383 2415 2388  
  946 2383 2388 2336  
  947 690 689 676  
  948 690 676 659  
  949 2632 2657 2633  
  950 2632 2633 2584  
  951 78 73 66  
  952 78 66 69  
  953 580 575 563  
  954 580 563 576  
  955 1686 1715 1704  
  956 1686 1704 1664  
  957 2087 2107 2067  
  958 2087 2067 2016  
  959 1819 1857 1844  
  960 1819 1844 1811  
  961 449 442 432  
  962 449 432 447  
  963 2458 2495 2468  
  964 2458 2468 2418  
  965 394 404 412  
  966 394 412 380  
  967 1053 1055 1038  
  968 1053 1038 1036  
  969 2435 2457 2421  
  970 2435 2421 2401  
  971 1377 1408 1403  
  972 1377 1403 1388  
  973 1380 1390 1366  
  974 1380 1366 1344  
  975 2619 2664 2630  
  976 2619 2630 2585  
  977 722 737 742  
  978 722 742 733  
  979 2315 2350 2332  
  980 2315 2332 2280  
  981 209 224 237  
  982 209 237 199  
  983 820 818 804  
  984 820 804 794  
  985 2604 2641 2606  
  986 2604 2606 2564  
  987 190 184 169  
  988 190 169 165  
  989 2550 2573 2543  
  990 2550 2543 2509  
  991 1538 1569 1559  
  992 1538 1559 1528  
  993 959 981 977  
  994 959 977 945  
  995 2335 2351 2316  
  996 2335 2316 2299  
  997 38 40 44  
  998 38 44 48  
  999 1537 1550 1523  
  1000 1537 1523 1494  
  1001 2534 2559 2538  
  1002 2534 2538 2490  
  1003 1704 1736 1720  
  1004 1704 1720 1664  
  1005 500 493 483  
  1006 500 483 480  
  1007 2464 2487 2452  
  1008 2464 2452 2419  
  1009 450 459 467  
  1010 450 467 451  
  1011 1154 1159 1139  
  1012 1154 1139 1137  
  1013 1070 1089 1086  
  1014 1070 1086 1066  
  1015 1281 1303 1296  
  1016 1281 1296 1259  
  1017 1330 1337 1315  
  1018 1330 1315 1300  
  1019 2364 2404 2383  
  1020 2364 2383 2336  
  1021 678 688 692  
  1022 678 692 670  
  1023 2225 2265 2242  
  1024 2225 2242 2195  
  1025 29 26 22  
  1026 29 22 28  
  1027 911 914 891  
  1028 911 872 906  
  1029 2609 2647 2615  
  1030 2609 2615 2562  
  1031 1778 1792 1763  
  1032 1778 1763 1726  
  1033 2532 2556 2530  
  1034 2532 2530 2488  
  1035 1433 1460 1454  
  1036 1433 1454 1421  
  1037 1592 1607 1574  
  1038 1592 1574 1541  
  1039 2286 2312 2273  
  1040 2286 2273 2230  
  1041 67 72 77  
  1042 67 77 74  
  1043 339 334 320  
  1044 339 320 312  
  1045 2512 2541 2516  
  1046 2512 2516 2481  
  1047 157 166 170  
  1048 157 170 168  
  1049 2599 2637 2590  
  1050 2599 2590 2552  
  1051 1153 1173 1169  
  1052 1153 1169 1134  
  1053 2557 2592 2567  
  1054 2557 2567 2525  
  1055 321 333 338  
  1056 321 338 325  
  1057 2157 2182 2144  
  1058 2157 2144 2101  
  1059 2088 2130 2106  
  1060 2088 2106 2057  
  1061 117 111 98  
  1062 117 98 94  
  1063 786 784 767  
  1064 786 747 794  
  1065 2635 2663 2638  
  1066 2635 2638 2574  
  1067 946 962 959  
  1068 946 959 945  
  1069 628 626 613  
  1070 628 613 612  
  1071 1572 1606 1591  
  1072 1572 1591 1555  
  1073 1452 1461 1436  
  1074 1452 1436 1420  
  1075 1866 1914 1882  
  1076 1866 1882 1811  
  1077 7 9 12  
  1078 7 12 15  
  1079 2376 2405 2365  
  1080 2376 2365 2323  
  1081 578 593 595  
  1082 578 595 579  
  1083 1020 1025 1006  
  1084 1020 1006 1003  
  1085 2618 2654 2624  
  1086 2618 2624 2577  
  1087 2571 2603 2569  
  1088 2571 2569 2533  
  1089 1199 1205 1189  
  1090 1199 1189 1175  
  1091 2451 2486 2458  
  1092 2451 2458 2418  
  1093 803 817 819  
  1094 803 819 797  
  1095 1974 2005 1938  
  1096 1974 1938 1889  
  1097 1170 1174 1154  
  1098 1170 1154 1137  
  1099 1052 1074 1070  
  1100 1052 1070 1034  
  1101 2144 2164 2121  
  1102 2144 2121 2101  
  1103 2469 2496 2464  
  1104 2469 2464 2419  
  1105 1169 1191 1184  
  1106 1169 1184 1167  
  1107 2567 2596 2568  
  1108 2567 2568 2525  
  1109 2211 2247 2225  
  1110 2211 2225 2161  
  1111 39 36 29  
  1112 39 29 28  
  1113 613 609 596  
  1114 613 596 612  
  1115 2352 2391 2364  
  1116 2352 2364 2309  
  1117 767 769 752  
  1118 767 752 747  
  1119 2638 2665 2623  
  1120 2638 2623 2574  
  1121 1416 1444 1433  
  1122 1416 1433 1388  
  1123 1613 1622 1592  
  1124 1613 1592 1580  
  1125 595 608 611  
  1126 595 605 579  
  1127 1802 1817 1778  
  1128 1802 1778 1766  
  1129 1882 1939 1909  
  1130 1882 1909 1855  
  1131 12 14 18  
  1132 12 18 15  
  1133 142 150 157  
  1134 142 157 140  
  1135 2601 2640 2599  
  1136 2601 2599 2552  
  1137 819 834 837  
  1138 819 837 827  
  1139 358 352 339  
  1140 358 339 348  
  1141 2569 2597 2563  
  1142 2569 2563 2533  
  1143 1189 1192 1170  
  1144 1189 1170 1175  
  1145 2069 2108 2088  
  1146 2069 2088 2012  
  1147 130 122 117  
  1148 130 117 125  
  1149 2530 2548 2513  
  1150 2530 2513 2488  
  1151 301 315 321  
  1152 301 321 291  
  1153 891 894 883  
  1154 891 883 872  
  1155 2615 2649 2614  
  1156 2615 2614 2562  
  1157 1559 1585 1572  
  1158 1559 1572 1528  
  1159 1469 1476 1452  
  1160 1469 1452 1420  
  1161 2516 2547 2523  
  1162 2516 2523 2481  
  1163 925 947 946  
  1164 925 946 916  
  1165 2273 2296 2257  
  1166 2273 2257 2230  
  1167 77 83 88  
  1168 77 88 74  
  1169 1038 1043 1020  
  1170 1038 1020 1003  
  1171 2622 2656 2618  
  1172 2622 2618 2575  
  1173 692 705 710  
  1174 692 710 702  
  1175 2394 2416 2376  
  1176 2394 2376 2358  
  1177 1296 1320 1314  
  1178 1296 1314 1293  
  1179 1315 1321 1294  
  1180 1315 1294 1300  
  1181 2007 2035 1974  
  1182 2007 1974 1943  
  1183 1720 1755 1738  
  1184 1720 1738 1705  
  1185 483 477 468  
  1186 483 468 480  
  1187 2444 2476 2451  
  1188 2444 2451 2398  
  1189 467 476 482  
  1190 467 482 451  
  1191 646 656 661  
  1192 646 661 638  
  1193 2242 2278 2256  
  1194 2242 2256 2195  
  1195 46 41 39  
  1196 46 39 47  
  1197 1366 1370 1346  
  1198 1366 1346 1344  
  1199 2343 2379 2352  
  1200 2343 2352 2309  
  1201 739 738 721  
  1202 739 721 709  
  1203 533 527 515  
  1204 533 515 512  
  1205 2452 2477 2445  
  1206 2452 2401 2419  
  1207 1197 1224 1219  
  1208 1197 1219 1206  
  1209 1139 1144 1119  
  1210 1139 1103 1137  
  1211 1037 1054 1052  
  1212 1037 1052 1034  
  1213 2104 2129 2087  
  1214 2104 2087 2061  
  1215 2493 2528 2500  
  1216 2493 2500 2455  
  1217 170 183 189  
  1218 170 189 168  
  1219 2598 2642 2601  
  1220 2598 2601 2552  
  1221 44 52 56  
  1222 44 56 48  
  1223 376 369 358  
  1224 376 358 348  
  1225 2558 2587 2554  
  1226 2558 2554 2522  
  1227 2606 2643 2600  
  1228 2606 2600 2564  
  1229 1763 1774 1739  
  1230 1763 1739 1726  
  1231 1937 2004 1984  
  1232 1937 1984 1923  
  1233 1454 1475 1468  
  1234 1454 1468 1421  
  1235 1629 1642 1613  
  1236 1629 1613 1580  
  1237 629 641 646  
  1238 629 646 638  
  1239 662 657 644  
  1240 662 644 659  
  1241 1591 1621 1612  
  1242 1591 1587 1555  
  1243 1486 1496 1469  
  1244 1486 1469 1451  
  1245 2633 2659 2627  
  1246 2633 2627 2584  
  1247 910 927 925  
  1248 910 925 916  
  1249 2240 2266 2226  
  1250 2240 2226 2202  
  1251 2546 2580 2553  
  1252 2546 2553 2511  
  1253 338 351 357  
  1254 338 357 325  
  1255 861 864 852  
  1256 861 852 833  
  1257 2106 2146 2120  
  1258 2106 2120 2057  
  1259 143 139 130  
  1260 143 130 125  
  1261 2508 2536 2505  
  1262 2508 2505 2460  
  1263 770 783 785  
  1264 770 785 766  
  1265 1938 1981 1910  
  1266 1938 1910 1889  
  1267 1754 1791 1777  
  1268 1754 1777 1747  
  1269 1234 1238 1213  
  1270 1234 1213 1226  
  1271 2433 2465 2444  
  1272 2433 2444 2398  
  1273 499 509 514  
  1274 499 514 484  
  1275 4 1 5  
  1276 4 5 10  
  1277 2365 2392 2353  
  1278 2365 2353 2323  
  1279 1329 1355 1353  
  1280 1329 1353 1331  
  1281 1006 1011 992  
  1282 1006 974 1003  
  1283 2626 2658 2622  
  1284 2626 2622 2575  
  1285 2332 2366 2343  
  1286 2332 2343 2280  
  1287 752 750 739  
  1288 752 739 747  
  1289 2627 2661 2635  
  1290 2627 2635 2574  
  1291 57 53 46  
  1292 57 46 47  
  1293 644 642 628  
  1294 644 628 612  
  1295 1612 1641 1628  
  1296 1612 1628 1587  
  1297 1019 1042 1037  
  1298 1019 1037 1002  
  1299 2121 2145 2104  
  1300 2121 2104 2061  
  1301 2120 2165 2139  
  1302 2120 2139 2094  
  1303 1184 1204 1197  
  1304 1184 1197 1167  
  1305 2553 2586 2557  
  1306 2553 2557 2511  
  1307 357 368 379  
  1308 357 379 380  
  1309 397 386 376  
  1310 397 376 381  
  1311 2563 2593 2558  
  1312 2563 2558 2522  
  1313 1213 1225 1199  
  1314 1213 1199 1175  
  1315 2605 2644 2598  
  1316 2605 2598 2561  
  1317 785 801 803  
  1318 785 803 797  
  1319 1910 1940 1883  
  1320 1910 1883 1845  
  1321 1652 1661 1629  
  1322 1652 1629 1630  
  1323 611 625 629  
  1324 611 629 605  
  1325 992 996 978  
  1326 992 978 974  
  1327 1909 1980 1937  
  1328 1909 1937 1855  
  1329 5 3 7  
  1330 5 7 15  
  1331 2353 2380 2344  
  1332 2353 2344 2299  
  1333 890 913 910  
  1334 890 910 916  
  1335 2257 2279 2240  
  1336 2257 2240 2202  
  1337 56 60 67  
  1338 56 67 74  
  1339 1507 1513 1486  
  1340 1507 1486 1494  
  1341 2500 2535 2512  
  1342 2500 2512 2481  
  1343 189 197 209  
  1344 189 209 199  
  1345 160 151 143  
  1346 160 143 165  
  1347 2513 2542 2508  
  1348 2513 2508 2460  
  1349 1468 1495 1485  
  1350 1468 1485 1459  
  1351 883 880 861  
  1352 883 861 872  
  1353 2600 2645 2609  
  1354 2600 2609 2562  
  1355 1739 1756 1722  
  1356 1739 1722 1677  
  1357 2424 2456 2433  
  1358 2424 2433 2377  
  1359 482 492 499  
  1360 482 499 484  
  1361 1119 1124 1106  
  1362 1119 1106 1103  
  1363 1738 1773 1754  
  1364 1738 1754 1705  
  1365 515 510 500  
  1366 515 500 512  
  1367 2445 2466 2435  
  1368 2445 2435 2401  
  1369 2634 2660 2626  
  1370 2634 2626 2585  
  1371 661 674 678  
  1372 661 670 638  
  1373 2256 2295 2271  
  1374 2256 2271 2222  
  1375 1314 1336 1329  
  1376 1314 1329 1293  
  1377 1346 1356 1330  
  1378 1346 1330 1300  
  1379 355 377 373  
  1380 355 373 353  
  1381 1510 1499 1529  
  1382 1510 1529 1551  
  1383 841 836 828  
  1384 841 828 840  
  1385 970 975 986  
  1386 970 986 990  
  1387 419 435 436  
  1388 419 436 418  
  1389 1823 1782 1807  
  1390 1823 1807 1872  
  1391 776 765 760  
  1392 776 760 771  
  1393 2003 1946 2000  
  1394 2003 2000 2058  
  1395 496 502 507  
  1396 496 507 494  
  1397 1640 1623 1657  
  1398 1640 1657 1674  
  1399 703 695 687  
  1400 703 687 697  
  1401 1115 1114 1133  
  1402 1115 1133 1136  
  1403 564 570 577  
  1404 564 577 567  
  1405 1714 1683 1700  
  1406 1714 1700 1749  
  1407 632 627 616  
  1408 632 616 620  
  1409 2029 1972 2028  
  1410 2029 2028 2075  
  1411 634 643 648  
  1412 634 648 640  
  1413 1752 1733 1770  
  1414 1752 1770 1789  
  1415 562 556 547  
  1416 562 547 551  
  1417 1256 1252 1274  
  1418 1256 1274 1291  
  1419 704 711 717  
  1420 704 717 715  
  1421 1597 1566 1578  
  1422 1597 1578 1619  
  1423 489 487 475  
  1424 489 475 479  
  1425 1994 1933 1990  
  1426 1994 1990 2055  
  1427 775 779 791  
  1428 775 791 788  
  1429 1861 1830 1874  
  1430 1861 1874 1934  
  1431 421 424 410  
  1432 421 410 401  
  1433 1397 1384 1410  
  1434 1397 1410 1428  
  1435 843 853 860  
  1436 843 860 865  
  1437 1464 1435 1448  
  1438 1464 1448 1480  
  1439 359 363 343  
  1440 359 343 341  
  1441 1918 1862 1899  
  1442 1918 1899 1986  
  1443 917 920 932  
  1444 917 932 931  
  1445 1958 1908 1977  
  1446 1958 1977 2041  
  1447 298 308 286  
  1448 298 286 280  
  1449 684 693 704  
  1450 684 704 715  
  1451 986 991 1005  
  1452 986 1005 990  
  1453 1325 1301 1310  
  1454 1325 1310 1333  
  1455 246 263 234  
  1456 246 234 202  
  1457 1827 1790 1834  
  1458 1827 1834 1887  
  1459 1060 1059 1078  
  1460 1060 1078 1084  
  1461 2011 1960 2024  
  1462 2011 2024 2078  
  1463 207 233 201  
  1464 207 201 180  
  1465 825 832 843  
  1466 825 843 824  
  1467 1133 1130 1155  
  1468 1133 1155 1136  
  1469 1188 1166 1171  
  1470 1188 1171 1196  
  1471 200 232 208  
  1472 200 208 179  
  1473 1925 1879 1935  
  1474 1925 1935 2001  
  1475 1201 1198 1221  
  1476 1201 1221 1222  
  1477 2025 1961 2017  
  1478 2025 2017 2076  
  1479 231 262 243  
  1480 231 243 212  
  1481 543 553 564  
  1482 543 564 567  
  1483 1274 1265 1292  
  1484 1274 1292 1291  
  1485 1045 1028 1027  
  1486 1045 1027 1050  
  1487 285 307 297  
  1488 285 297 267  
  1489 1713 1694 1724  
  1490 1713 1724 1764  
  1491 1340 1332 1358  
  1492 1340 1358 1363  
  1493 1962 1911 1950  
  1494 1962 1950 2042  
  1495 337 361 355  
  1496 337 355 353  
  1497 1593 1577 1610  
  1498 1593 1610 1634  
  1499 1410 1401 1443  
  1500 1410 1443 1428  
  1501 898 887 884  
  1502 898 884 897  
  1503 403 420 419  
  1504 403 419 383  
  1505 1899 1850 1888  
  1506 1899 1888 1986  
  1507 828 816 809  
  1508 828 808 840  
  1509 1978 1900 1958  
  1510 1978 1958 2041  
  1511 1376 1354 1362  
  1512 1376 1362 1394  
  1513 1847 1806 1835  
  1514 1847 1835 1904  
  1515 1026 1023 1039  
  1516 1026 1039 1049  
  1517 1989 1932 1993  
  1518 1989 1993 2047  
  1519 222 244 215  
  1520 222 215 188  
  1521 1797 1761 1783  
  1522 1797 1783 1842  
  1523 687 680 668  
  1524 687 668 697  
  1525 2014 1956 2011  
  1526 2014 2011 2078  
  1527 1235 1220 1223  
  1528 1235 1223 1247  
  1529 1740 1711 1729  
  1530 1740 1729 1768  
  1531 1168 1164 1186  
  1532 1168 1186 1194  
  1533 2020 1971 2018  
  1534 2020 2018 2082  
  1535 213 241 221  
  1536 213 221 187  
  1537 1689 1656 1672  
  1538 1689 1672 1717  
  1539 547 538 528  
  1540 547 528 551  
  1541 2043 1966 2025  
  1542 2043 2025 2076  
  1543 1099 1079 1082  
  1544 1099 1082 1102  
  1545 1620 1596 1614  
  1546 1620 1614 1645  
  1547 1307 1299 1324  
  1548 1307 1324 1335  
  1549 2010 1947 1995  
  1550 2010 1995 2068  
  1551 310 331 324  
  1552 310 324 299  
  1553 1564 1533 1544  
  1554 1564 1544 1583  
  1555 410 409 390  
  1556 410 390 401  
  1557 1987 1920 1962  
  1558 1987 1962 2042  
  1559 953 942 934  
  1560 953 934 954  
  1561 1497 1470 1479  
  1562 1497 1479 1517  
  1563 1446 1434 1458  
  1564 1446 1458 1477  
  1565 1936 1881 1921  
  1566 1936 1921 1991  
  1567 1426 1404 1411  
  1568 1426 1411 1449  
  1569 286 293 272  
  1570 286 235 280  
  1571 1743 1721 1752  
  1572 1743 1752 1789  
  1573 1644 1609 1620  
  1574 1644 1620 1645  
  1575 1362 1334 1348  
  1576 1362 1348 1394  
  1577 740 745 757  
  1578 740 757 754  
  1579 1796 1771 1804  
  1580 1796 1804 1853  
  1581 457 455 440  
  1582 457 440 446  
  1583 1286 1268 1275  
  1584 1286 1275 1302  
  1585 201 229 204  
  1586 201 173 180  
  1587 1869 1821 1861  
  1588 1869 1861 1934  
  1589 1514 1483 1497  
  1590 1514 1497 1517  
  1591 1223 1200 1209  
  1592 1223 1209 1247  
  1593 881 886 892  
  1594 881 892 896  
  1595 1898 1860 1916  
  1596 1898 1916 1982  
  1597 327 332 311  
  1598 327 311 300  
  1599 1150 1132 1135  
  1600 1150 1135 1160  
  1601 243 271 258  
  1602 243 258 212  
  1603 1638 1608 1640  
  1604 1638 1640 1674  
  1605 1759 1723 1740  
  1606 1759 1740 1768  
  1607 1082 1065 1067  
  1608 1082 1067 1102  
  1609 598 604 614  
  1610 598 614 603  
  1611 1687 1667 1701  
  1612 1687 1701 1732  
  1613 597 589 582  
  1614 597 582 585  
  1615 1008 994 989  
  1616 1008 989 1015  
  1617 461 470 474  
  1618 461 474 456  
  1619 1562 1546 1576  
  1620 1562 1576 1601  
  1621 741 729 724  
  1622 741 724 732  
  1623 934 922 921  
  1624 934 921 954  
  1625 1491 1482 1510  
  1626 1491 1510 1518  
  1627 1864 1824 1847  
  1628 1864 1847 1904  
  1629 1478 1466 1491  
  1630 1478 1491 1518  
  1631 1875 1832 1864  
  1632 1875 1864 1930  
  1633 932 937 957  
  1634 932 957 931  
  1635 1977 1919 2009  
  1636 1977 2009 2041  
  1637 1558 1532 1562  
  1638 1558 1562 1601  
  1639 760 746 741  
  1640 760 741 771  
  1641 1005 1007 1026  
  1642 1005 1026 1049  
  1643 1310 1284 1286  
  1644 1310 1286 1302  
  1645 1610 1594 1638  
  1646 1610 1638 1634  
  1647 1767 1735 1759  
  1648 1767 1759 1809  
  1649 1078 1077 1105  
  1650 1078 1105 1084  
  1651 2024 1965 2033  
  1652 2024 2033 2078  
  1653 1685 1653 1687  
  1654 1685 1687 1732  
  1655 616 606 597  
  1656 616 597 620  
  1657 1155 1149 1168  
  1658 1155 1168 1194  
  1659 1171 1152 1150  
  1660 1171 1150 1160  
  1661 1724 1709 1743  
  1662 1724 1743 1764  
  1663 1655 1625 1644  
  1664 1655 1644 1688  
  1665 1221 1217 1243  
  1666 1221 1243 1222  
  1667 2017 1957 2039  
  1668 2017 2039 2076  
  1669 1801 1760 1796  
  1670 1801 1796 1853  
  1671 475 473 457  
  1672 475 457 446  
  1673 1292 1283 1307  
  1674 1292 1307 1335  
  1675 1027 1009 1008  
  1676 1027 1008 1015  
  1677 1834 1805 1869  
  1678 1834 1869 1887  
  1679 1527 1501 1514  
  1680 1527 1514 1554  
  1681 1358 1352 1374  
  1682 1358 1398 1363  
  1683 1950 1902 1948  
  1684 1950 1948 2042  
  1685 1917 1848 1898  
  1686 1917 1898 1982  
  1687 343 346 327  
  1688 343 327 300  
  1689 1443 1417 1446  
  1690 1443 1446 1477  
  1691 884 868 862  
  1692 884 862 897  
  1693 1935 1891 1978  
  1694 1935 1978 2001  
  1695 1405 1368 1376  
  1696 1405 1376 1394  
  1697 648 660 669  
  1698 648 679 640  
  1699 1770 1745 1801  
  1700 1770 1801 1789  
  1701 2009 1927 1989  
  1702 2009 1989 2047  
  1703 234 252 222  
  1704 234 222 188  
  1705 717 728 740  
  1706 717 740 715  
  1707 1578 1547 1564  
  1708 1578 1564 1583  
  1709 2000 1952 2014  
  1710 2000 2014 2058  
  1711 1258 1232 1235  
  1712 1258 1235 1247  
  1713 791 799 811  
  1714 791 811 788  
  1715 1874 1840 1917  
  1716 1874 1917 1934  
  1717 2033 1968 2020  
  1718 2033 2020 2082  
  1719 208 238 213  
  1720 208 213 179  
  1721 860 867 881  
  1722 860 881 865  
  1723 1448 1418 1426  
  1724 1448 1426 1449  
  1725 2028 1969 2043  
  1726 2028 2043 2075  
  1727 1121 1097 1099  
  1728 1121 1099 1102  
  1729 507 519 529  
  1730 507 534 494  
  1731 1657 1637 1685  
  1732 1657 1685 1674  
  1733 2039 1953 2010  
  1734 2039 2010 2068  
  1735 297 318 310  
  1736 297 310 267  
  1737 577 588 598  
  1738 577 598 603  
  1739 1700 1668 1689  
  1740 1700 1689 1749  
  1741 1990 1928 1987  
  1742 1990 1987 2055  
  1743 971 956 953  
  1744 971 953 985  
  1745 436 454 461  
  1746 436 461 456  
  1747 1807 1772 1797  
  1748 1807 1797 1872  
  1749 1948 1892 1936  
  1750 1948 1936 1991  
  1751 373 392 389  
  1752 373 389 353  
  1753 1529 1515 1558  
  1754 1529 1558 1551  
  1755 862 854 841  
  1756 862 841 840  
  1757 957 955 970  
  1758 957 970 990  
  1759 1411 1385 1405  
  1760 1411 1405 1449  
  1761 272 284 259  
  1762 272 259 235  
  1763 795 780 776  
  1764 795 776 808  
  1765 1993 1941 2003  
  1766 1993 2003 2058  
  1767 1348 1318 1325  
  1768 1348 1325 1333  
  1769 757 763 775  
  1770 757 775 754  
  1771 724 713 703  
  1772 724 703 732  
  1773 1105 1096 1115  
  1774 1105 1115 1136  
  1775 1275 1253 1258  
  1776 1275 1258 1302  
  1777 204 226 203  
  1778 204 203 173  
  1779 651 645 632  
  1780 651 632 654  
  1781 2018 1973 2029  
  1782 2018 2029 2082  
  1783 1209 1182 1188  
  1784 1209 1188 1196  
  1785 892 899 917  
  1786 892 917 896  
  1787 582 571 562  
  1788 582 562 585  
  1789 1243 1230 1256  
  1790 1243 1256 1291  
  1791 1135 1116 1121  
  1792 1135 1121 1160  
  1793 258 283 270  
  1794 258 270 240  
  1795 508 504 489  
  1796 508 489 479  
  1797 1995 1942 1994  
  1798 1995 1994 2068  
  1799 1067 1046 1045  
  1800 1067 1045 1050  
  1801 614 624 634  
  1802 614 634 640  
  1803 440 437 421  
  1804 440 421 401  
  1805 1374 1367 1397  
  1806 1374 1397 1398  
  1807 989 976 971  
  1808 989 985 1015  
  1809 474 485 496  
  1810 474 496 494  
  1811 374 378 359  
  1812 374 359 341  
  1813 1921 1873 1918  
  1814 1921 1918 1991  
  1815 921 900 898  
  1816 921 898 897  
  1817 311 319 298  
  1818 311 298 280  
  1819 669 677 684  
  1820 669 684 679  
  1821 1672 1639 1655  
  1822 1672 1655 1688  
  1823 528 522 508  
  1824 528 508 513  
  1825 259 273 246  
  1826 259 246 202  
  1827 1804 1781 1827  
  1828 1804 1827 1853  
  1829 1614 1579 1597  
  1830 1614 1597 1645  
  1831 1324 1317 1340  
  1832 1324 1340 1363  
  1833 215 239 207  
  1834 215 207 188  
  1835 811 814 825  
  1836 811 825 824  
  1837 1544 1519 1527  
  1838 1544 1527 1554  
  1839 390 393 374  
  1840 390 374 365  
  1841 203 228 200  
  1842 203 200 173  
  1843 1916 1871 1925  
  1844 1916 1925 2001  
  1845 1479 1455 1464  
  1846 1479 1464 1517  
  1847 1458 1453 1478  
  1848 1458 1478 1477  
  1849 221 250 231  
  1850 221 231 187  
  1851 529 536 543  
  1852 529 543 534  
  1853 1783 1746 1767  
  1854 1783 1767 1809  
  1855 668 663 651  
  1856 668 651 654  
  1857 270 292 285  
  1858 270 285 240  
  1859 1701 1680 1713  
  1860 1701 1713 1764  
  1861 1729 1695 1714  
  1862 1729 1714 1768  
  1863 1186 1181 1201  
  1864 1186 1201 1222  
  1865 324 344 337  
  1866 324 337 299  
  1867 1576 1563 1593  
  1868 1576 1593 1634  
  1869 1835 1793 1823  
  1870 1835 1823 1872  
  1871 1039 1044 1060  
  1872 1039 1060 1049  
  1873 389 406 403  
  1874 389 403 383  
  1875 1888 1841 1875  
  1876 1888 1875 1930  
  1877 809 800 795  
  1878 809 795 808  
  1879 2582 2540 2549  
  1880 2157 2101 2135  
  1881 2552 2590 2549  
  1882 2450 2479 2432  
  1883 6 10 16  
  1884 2575 2618 2577  
  1885 2343 2309 2280  
  1886 1169 1167 1134  
  1887 412 415 380  
  1888 1572 1555 1528  
  1889 563 544 576  
  1890 2336 2388 2355  
  1891 2192 2135 2168  
  1892 1845 1859 1803  
  1893 2309 2364 2336  
  1894 974 960 933  
  1895 432 411 447  
  1896 702 722 733  
  1897 1803 1820 1766  
  1898 397 381 411  
  1899 1612 1587 1591  
  1900 1910 1845 1889  
  1901 2578 2544 2537  
  1902 2532 2488 2498  
  1903 1036 1038 1003  
  1904 2401 2421 2374  
  1905 47 39 28  
  1906 381 376 348  
  1907 1250 1226 1264  
  1908 157 168 140  
  1909 2563 2522 2533  
  1910 2256 2222 2195  
  1911 1686 1664 1631  
  1912 2088 2057 2012  
  1913 1037 1034 1002  
  1914 2202 2226 2168  
  1915 450 451 431  
  1916 2571 2533 2540  
  1917 1778 1726 1766  
  1918 2094 2158 2126  
  1919 670 692 702  
  1920 1587 1628 1631  
  1921 2398 2451 2418  
  1922 2445 2401 2452  
  1923 1974 1889 1943  
  1924 189 199 168  
  1925 2120 2094 2057  
  1926 2522 2554 2509  
  1927 2523 2490 2481  
  1928 2546 2511 2501  
  1929 500 480 512  
  1930 605 629 638  
  1931 2623 2579 2574  
  1932 1380 1344 1379  
  1933 1433 1421 1388  
  1934 611 605 595  
  1935 312 302 274  
  1936 482 484 451  
  1937 28 17 16  
  1938 348 339 312  
  1939 249 282 291  
  1940 1053 1036 1071  
  1941 321 325 291  
  1942 1119 1103 1139  
  1943 2460 2494 2450  
  1944 2433 2398 2377  
  1945 2438 2489 2455  
  1946 1468 1459 1421  
  1947 1101 1138 1134  
  1948 533 512 544  
  1949 1486 1451 1494  
  1950 2222 2285 2253  
  1951 2632 2584 2617  
  1952 1420 1413 1379  
  1953 767 747 786  
  1954 199 237 249  
  1955 69 57 47  
  1956 2191 2161 2126  
  1957 1459 1504 1492  
  1958 2432 2469 2419  
  1959 1882 1855 1811  
  1960 766 785 797  
  1961 274 261 218  
  1962 1066 1086 1101  
  1963 38 48 27  
  1964 2418 2468 2438  
  1965 891 872 911  
  1966 2374 2414 2358  
  1967 827 848 858  
  1968 2225 2195 2161  
  1969 2376 2323 2358  
  1970 969 993 1002  
  1971 2355 2413 2377  
  1972 2568 2537 2525  
  1973 1720 1705 1664  
  1974 2543 2498 2509  
  1975 596 576 612  
  1976 945 977 969  
  1977 1034 1070 1066  
  1978 916 946 945  
  1979 2316 2262 2299  
  1980 125 117 94  
  1981 518 546 552  
  1982 107 129 140  
  1983 1103 1106 1069  
  1984 678 670 661  
  1985 2557 2525 2511  
  1986 2315 2280 2253  
  1987 1538 1528 1492  
  1988 2061 2087 2016  
  1989 1451 1469 1420  
  1990 770 766 751  
  1991 2257 2202 2230  
  1992 992 974 1006  
  1993 926 906 933  
  1994 797 819 827  
  1995 2286 2230 2262  
  1996 1296 1293 1259  
  1997 2538 2501 2490  
  1998 2016 2030 1943  
  1999 578 579 552  
  2000 1580 1592 1541  
  2001 468 447 480  
  2002 2604 2564 2594  
  2003 484 514 518  
  2004 1517 1464 1480  
  2005 390 365 401  
  2006 204 173 201  
  2007 824 843 865  
  2008 389 383 353  
  2009 418 436 456  
  2010 446 440 401  
  2011 567 577 603  
  2012 1335 1324 1363  
  2013 603 614 640  
  2014 1049 1060 1084  
  2015 1732 1701 1764  
  2016 456 474 494  
  2017 1478 1518 1477  
  2018 1717 1672 1688  
  2019 300 311 280  
  2020 479 475 446  
  2021 620 597 585  
  2022 341 343 300  
  2023 235 259 202  
  2024 668 654 697  
  2025 272 235 286  
  2026 534 543 567  
  2027 1619 1578 1583  
  2028 1842 1783 1809  
  2029 808 776 771  
  2030 1480 1448 1449  
  2031 202 234 188  
  2032 1196 1171 1160  
  2033 2047 1993 2058  
  2034 1333 1310 1302  
  2035 1050 1027 1015  
  2036 1601 1576 1634  
  2037 1194 1186 1222  
  2038 1982 1916 2001  
  2039 1904 1835 1872  
  2040 1583 1544 1554  
  2041 881 896 865  
  2042 669 679 648  
  2043 917 931 896  
  2044 200 179 173  
  2045 775 788 754  
  2046 1827 1887 1853  
  2047 528 513 551  
  2048 258 240 212  
  2049 741 732 771  
  2050 231 212 187  
  2051 654 632 620  
  2052 809 808 828  
  2053 562 551 585  
  2054 703 697 732  
  2055 1689 1717 1749  
  2056 679 684 715  
  2057 513 508 479  
  2058 811 824 788  
  2059 310 299 267  
  2060 1930 1864 1904  
  2061 740 754 715  
  2062 1518 1510 1551  
  2063 213 187 179  
  2064 1809 1759 1768  
  2065 1597 1619 1645  
  2066 1797 1842 1872  
  2067 1714 1749 1768  
  2068 285 267 240  
  2069 365 374 341  
  2070 529 534 507  
  2071 383 419 418  
  2072 1554 1514 1517  
  2073 207 180 188  
  2074 1994 2055 2068  
  2075 1688 1644 1645  
  2076 2029 2075 2082  
  2077 1918 1986 1991  
  2078 2549 2540 2492  
  2079 1631 1664 1604  
  2080 2460 2450 2403  
  2081 612 576 587  
  2082 447 411 430  
  2083 2481 2490 2427  
  2084 1811 1855 1775  
  2085 2230 2202 2159  
  2086 380 415 395  
  2087 670 702 682  
  2088 2570 2584 2521  
  2089 1103 1069 1063  
  2090 1036 1003 1000  
  2091 312 274 287  
  2092 827 858 831  
  2093 552 579 554  
  2094 16 10 24  
  2095 415 451 429  
  2096 1101 1134 1091  
  2097 2299 2262 2213  
  2098 1555 1587 1536  
  2099 2574 2579 2526  
  2100 27 48 42  
  2101 2262 2230 2190  
  2102 2168 2135 2096  
  2103 1943 1889 1849  
  2104 69 47 58  
  2105 1492 1528 1472  
  2106 1262 1226 1214  
  2107 249 291 268  
  2108 2355 2377 2306  
  2109 484 518 490  
  2110 2552 2549 2499  
  2111 1002 1034 999  
  2112 2438 2455 2385  
  2113 1034 1066 1030  
  2114 1803 1766 1742  
  2115 512 480 491  
  2116 274 218 245  
  2117 933 906 908  
  2118 576 544 555  
  2119 2398 2418 2348  
  2120 794 747 758  
  2121 2511 2525 2462  
  2122 47 28 43  
  2123 28 16 32  
  2124 2358 2323 2282  
  2125 480 447 465  
  2126 2280 2309 2229  
  2127 1766 1726 1706  
  2128 1494 1451 1441  
  2129 518 552 524  
  2130 2537 2544 2484  
  2131 1388 1421 1372  
  2132 906 872 875  
  2133 2490 2501 2440  
  2134 2309 2336 2259  
  2135 2057 2094 1998  
  2136 1459 1492 1440  
  2137 1451 1420 1407  
  2138 2533 2522 2474  
  2139 291 325 306  
  2140 1664 1705 1636  
  2141 2135 2101 2063  
  2142 2012 2057 1945  
  2143 2377 2398 2330  
  2144 945 969 940  
  2145 702 733 712  
  2146 2501 2511 2453  
  2147 766 797 774  
  2148 1003 974 966  
  2149 1528 1555 1505  
  2150 1587 1631 1571  
  2151 1420 1379 1373  
  2152 638 670 650  
  2153 2401 2374 2329  
  2154 451 484 464  
  2155 2161 2195 2110  
  2156 1580 1541 1522  
  2157 2575 2577 2520  
  2158 2540 2533 2485  
  2159 544 512 525  
  2160 125 94 113  
  2161 1889 1845 1810  
  2162 1379 1344 1339  
  2163 2418 2438 2369  
  2164 1259 1293 1245  
  2165 1845 1803 1776  
  2166 168 199 182  
  2167 2126 2161 2079  
  2168 2061 2016 1944  
  2169 140 168 152  
  2170 1069 1036 1031  
  2171 2525 2537 2473  
  2172 2450 2432 2386  
  2173 2202 2168 2125  
  2174 1421 1459 1406  
  2175 916 945 907  
  2176 411 381 396  
  2177 605 638 619  
  2178 1066 1101 1062  
  2179 797 827 805  
  2180 2336 2355 2281  
  2181 2419 2401 2349  
  2182 199 249 220  
  2183 2253 2280 2205  
  2184 381 348 360  
  2185 348 312 322  
  2186 969 1002 965  
  2187 2551 2564 2504  
  2188 1134 1167 1122  
  2189 2094 2126 2044  
  2190 2222 2253 2173  
  2191 107 140 124  
  2192 2498 2488 2441  
  2193 579 605 586  
  2194 2374 2358 2305  
  2195 2016 1943 1895  
  2196 974 933 941  
  2197 2522 2509 2463  
  2198 2432 2419 2370  
  2199 733 766 744  
  2200 2195 2222 2141  
  2201 1137 1103 1092  
  2202 2509 2498 2454  
  2203 2492 2540 2485  
  2204 2492 2485 2439  
  2205 2439 2485 2431  
  2206 2492 2439 2449  
  2207 2499 2549 2492  
  2208 2499 2492 2449  
  2209 2499 2449 2459  
  2210 2459 2449 2400  
  2211 2499 2459 2514  
  2212 1945 2057 1998  
  2213 1945 1998 1896  
  2214 1896 1998 1949  
  2215 1945 1896 1851  
  2216 1406 1459 1440  
  2217 1406 1440 1395  
  2218 1395 1440 1429  
  2219 1406 1395 1360  
  2220 24 10 21  
  2221 2229 2309 2259  
  2222 2229 2259 2188  
  2223 2188 2259 2216  
  2224 2229 2188 2160  
  2225 2485 2533 2474  
  2226 2485 2474 2431  
  2227 2431 2474 2410  
  2228 2410 2474 2463  
  2229 2410 2463 2454  
  2230 2463 2474 2522  
  2231 2454 2463 2509  
  2232 2431 2410 2373  
  2233 2173 2253 2205  
  2234 2173 2205 2131  
  2235 2131 2205 2160  
  2236 2131 2160 2090  
  2237 2160 2205 2229  
  2238 2090 2160 2128  
  2239 2131 2090 2060  
  2240 2229 2205 2280  
  2241 2173 2131 2102  
  2242 2128 2160 2188  
  2243 2128 2188 2156  
  2244 2156 2188 2216  
  2245 2156 2216 2186  
  2246 2128 2156 2083  
  2247 2186 2216 2306  
  2248 2156 2186 2112  
  2249 2083 2156 2112  
  2250 2083 2112 2038  
  2251 2128 2083 2054  
  2252 2038 2112 2074  
  2253 2083 2038 1999  
  2254 2090 2128 2054  
  2255 2090 2054 2013  
  2256 2013 2054 1955  
  2257 2090 2013 2060  
  2258 2060 2013 1964  
  2259 1964 2013 1906  
  2260 2060 1964 2036  
  2261 1955 2054 1999  
  2262 1955 1999 1897  
  2263 1897 1999 1951  
  2264 1955 1897 1865  
  2265 1999 2054 2083  
  2266 2013 1955 1906  
  2267 2131 2060 2102  
  2268 2102 2060 2036  
  2269 2102 2036 2110  
  2270 1951 1999 2038  
  2271 1951 2038 1996  
  2272 1996 2038 2074  
  2273 1996 2074 2037  
  2274 1951 1996 1893  
  2275 2037 2074 2111  
  2276 1996 2037 1931  
  2277 1865 1897 1822  
  2278 1893 1996 1931  
  2279 1893 1931 1846  
  2280 1846 1931 1880  
  2281 1893 1846 1812  
  2282 1951 1893 1856  
  2283 395 415 429  
  2284 395 429 407  
  2285 407 429 443  
  2286 395 407 371  
  2287 555 544 525  
  2288 555 525 535  
  2289 535 525 501  
  2290 555 535 569  
  2291 1571 1631 1604  
  2292 1571 1604 1553  
  2293 1553 1604 1590  
  2294 1571 1553 1520  
  2295 220 249 268  
  2296 220 268 247  
  2297 247 268 303  
  2298 220 247 196  
  2299 2096 2135 2063  
  2300 2096 2063 2019  
  2301 2019 2063 1970  
  2302 2096 2019 2062  
  2303 2259 2336 2281  
  2304 2259 2281 2216  
  2305 2216 2281 2306  
  2306 2306 2281 2355  
  2307 182 199 220  
  2308 182 220 196  
  2309 182 196 164  
  2310 164 196 186  
  2311 182 164 152  
  2312 152 164 124  
  2313 182 152 168  
  2314 152 124 140  
  2315 2370 2419 2349  
  2316 2370 2349 2300  
  2317 2300 2349 2283  
  2318 2370 2300 2328  
  2319 430 411 396  
  2320 430 396 408  
  2321 408 396 372  
  2322 430 408 444  
  2323 1742 1766 1706  
  2324 1742 1706 1684  
  2325 1684 1706 1646  
  2326 1742 1684 1719  
  2327 2453 2511 2462  
  2328 2453 2462 2408  
  2329 2408 2462 2420  
  2330 2453 2408 2395  
  2331 1062 1101 1091  
  2332 1062 1091 1057  
  2333 1057 1091 1093  
  2334 1062 1057 1029  
  2335 1536 1587 1571  
  2336 1536 1571 1520  
  2337 1536 1520 1488  
  2338 1488 1520 1471  
  2339 1536 1488 1505  
  2340 1505 1488 1429  
  2341 1536 1505 1555  
  2342 2484 2544 2497  
  2343 1339 1344 1309  
  2344 2305 2358 2282  
  2345 2305 2282 2236  
  2346 2236 2282 2210  
  2347 2305 2236 2283  
  2348 1000 1003 966  
  2349 1000 966 968  
  2350 968 966 936  
  2351 1000 968 1001  
  2352 43 28 32  
  2353 43 32 49  
  2354 49 32 37  
  2355 43 49 63  
  2356 464 484 490  
  2357 464 490 472  
  2358 472 490 506  
  2359 464 472 443  
  2360 443 472 453  
  2361 464 443 429  
  2362 453 472 488  
  2363 443 453 417  
  2364 464 429 451  
  2365 488 472 506  
  2366 488 506 523  
  2367 523 506 540  
  2368 488 523 505  
  2369 453 488 471  
  2370 417 453 434  
  2371 443 417 407  
  2372 407 417 384  
  2373 384 417 400  
  2374 407 384 371  
  2375 371 384 347  
  2376 347 384 366  
  2377 371 347 336  
  2378 400 417 434  
  2379 400 434 416  
  2380 416 434 452  
  2381 400 416 382  
  2382 384 400 366  
  2383 366 400 382  
  2384 366 382 345  
  2385 345 382 367  
  2386 366 345 330  
  2387 452 434 471  
  2388 452 471 486  
  2389 486 471 505  
  2390 505 471 488  
  2391 452 486 469  
  2392 382 416 399  
  2393 345 367 329  
  2394 366 330 347  
  2395 347 330 303  
  2396 416 452 438  
  2397 367 382 399  
  2398 367 399 387  
  2399 387 399 427  
  2400 367 387 350  
  2401 330 345 309  
  2402 965 1002 999  
  2403 965 999 967  
  2404 967 999 1029  
  2405 965 967 935  
  2406 1214 1226 1183  
  2407 1031 1036 1000  
  2408 1031 1000 1001  
  2409 1031 1001 1035  
  2410 1035 1001 1004  
  2411 1031 1035 1063  
  2412 1063 1035 1092  
  2413 1031 1063 1069  
  2414 1063 1092 1103  
  2415 2454 2498 2441  
  2416 2454 2441 2393  
  2417 2393 2441 2382  
  2418 2454 2393 2410  
  2419 2403 2450 2386  
  2420 2403 2386 2342  
  2421 2342 2386 2328  
  2422 2342 2328 2272  
  2423 2328 2386 2370  
  2424 2272 2328 2263  
  2425 2342 2272 2298  
  2426 2370 2386 2432  
  2427 2403 2342 2360  
  2428 2263 2328 2300  
  2429 2263 2300 2239  
  2430 2239 2300 2283  
  2431 2239 2283 2217  
  2432 2263 2239 2193  
  2433 2217 2283 2236  
  2434 2239 2217 2169  
  2435 2193 2239 2169  
  2436 2193 2169 2117  
  2437 2263 2193 2219  
  2438 2117 2169 2098  
  2439 2193 2117 2149  
  2440 2272 2263 2219  
  2441 2272 2219 2231  
  2442 2231 2219 2163  
  2443 2272 2231 2298  
  2444 2298 2231 2254  
  2445 2254 2231 2185  
  2446 2298 2254 2322  
  2447 2163 2219 2149  
  2448 2163 2149 2095  
  2449 2095 2149 2080  
  2450 2163 2095 2118  
  2451 2149 2219 2193  
  2452 2231 2163 2185  
  2453 2342 2298 2360  
  2454 2360 2298 2322  
  2455 2360 2322 2382  
  2456 2382 2322 2331  
  2457 2331 2322 2277  
  2458 2382 2331 2393  
  2459 2095 2080 2023  
  2460 2163 2118 2185  
  2461 2185 2118 2137  
  2462 2137 2118 2066  
  2463 2185 2137 2208  
  2464 2080 2149 2117  
  2465 2080 2117 2053  
  2466 2053 2117 2098  
  2467 2053 2098 2031  
  2468 2080 2053 1992  
  2469 2031 2098 2085  
  2470 2053 2031 1954  
  2471 1992 2053 1954  
  2472 1992 1954 1890  
  2473 1890 1954 1863  
  2474 1992 1890 1929  
  2475 2080 1992 2023  
  2476 2023 1992 1929  
  2477 2023 1929 1983  
  2478 1983 1929 1887  
  2479 2023 1983 2095  
  2480 1983 1887 1967  
  2481 1967 1887 1869  
  2482 1983 1967 2066  
  2483 2385 2455 2409  
  2484 940 969 965  
  2485 940 965 935  
  2486 940 935 904  
  2487 904 935 902  
  2488 940 904 907  
  2489 907 904 871  
  2490 940 907 945  
  2491 871 904 873  
  2492 907 871 882  
  2493 873 904 902  
  2494 873 902 874  
  2495 874 902 909  
  2496 873 874 844  
  2497 871 873 842  
  2498 882 871 847  
  2499 907 882 916  
  2500 916 882 890  
  2501 396 381 360  
  2502 396 360 372  
  2503 372 360 335  
  2504 335 360 322  
  2505 335 322 287  
  2506 322 360 348  
  2507 287 322 312  
  2508 372 335 349  
  2509 1091 1134 1122  
  2510 1091 1122 1093  
  2511 1093 1122 1128  
  2512 1128 1122 1161  
  2513 1093 1128 1094  
  2514 1441 1451 1407  
  2515 1441 1407 1396  
  2516 1396 1407 1361  
  2517 1441 1396 1430  
  2518 113 94 87  
  2519 2441 2488 2430  
  2520 2521 2584 2527  
  2521 758 747 725  
  2522 650 670 682  
  2523 650 682 655  
  2524 655 682 691  
  2525 650 655 623  
  2526 58 47 43  
  2527 58 43 63  
  2528 58 63 79  
  2529 79 63 82  
  2530 58 79 87  
  2531 1440 1492 1472  
  2532 1440 1472 1429  
  2533 1429 1472 1505  
  2534 1505 1472 1528  
  2535 1944 2016 1895  
  2536 1944 1895 1852  
  2537 1852 1895 1814  
  2538 1944 1852 1903  
  2539 2141 2222 2173  
  2540 2141 2173 2102  
  2541 2141 2102 2110  
  2542 2141 2110 2195  
  2543 1775 1855 1818  
  2544 245 218 193  
  2545 966 974 941  
  2546 966 941 936  
  2547 936 941 905  
  2548 905 941 908  
  2549 905 908 875  
  2550 908 941 933  
  2551 875 908 906  
  2552 936 905 903  
  2553 42 48 59  
  2554 875 872 845  
  2555 1245 1293 1280  
  2556 831 858 882  
  2557 2282 2323 2260  
  2558 1522 1541 1487  
  2559 1122 1167 1161  
  2560 1161 1167 1206  
  2561 2306 2377 2330  
  2562 2306 2330 2261  
  2563 2261 2330 2287  
  2564 2306 2261 2186  
  2565 1636 1705 1676  
  2566 1604 1664 1636  
  2567 1604 1636 1590  
  2568 1590 1636 1627  
  2569 1627 1636 1676  
  2570 1627 1676 1663  
  2571 1590 1627 1575  
  2572 1663 1676 1747  
  2573 1627 1663 1611  
  2574 999 1034 1030  
  2575 999 1030 1029  
  2576 1029 1030 1062  
  2577 1062 1030 1066  
  2578 2330 2398 2348  
  2579 2330 2348 2287  
  2580 2287 2348 2314  
  2581 2314 2348 2369  
  2582 2314 2369 2385  
  2583 2369 2348 2418  
  2584 2385 2369 2438  
  2585 2287 2314 2241  
  2586 1706 1726 1671  
  2587 525 512 491  
  2588 525 491 501  
  2589 501 491 444  
  2590 682 702 712  
  2591 682 712 691  
  2592 691 712 723  
  2593 723 712 744  
  2594 723 744 774  
  2595 744 712 733  
  2596 774 744 766  
  2597 691 723 699  
  2598 1373 1379 1339  
  2599 1373 1339 1328  
  2600 1328 1339 1297  
  2601 1373 1328 1361  
  2602 1361 1328 1323  
  2603 1373 1361 1407  
  2604 1323 1328 1290  
  2605 1361 1323 1359  
  2606 1373 1407 1420  
  2607 1290 1328 1297  
  2608 1290 1297 1261  
  2609 1261 1297 1267  
  2610 1290 1261 1248  
  2611 1323 1290 1279  
  2612 1359 1323 1319  
  2613 1361 1359 1396  
  2614 1396 1359 1391  
  2615 1391 1359 1347  
  2616 1396 1391 1430  
  2617 1430 1391 1427  
  2618 1427 1391 1381  
  2619 1430 1427 1487  
  2620 1347 1359 1319  
  2621 1347 1319 1312  
  2622 1312 1319 1277  
  2623 1347 1312 1350  
  2624 1391 1347 1381  
  2625 1381 1347 1350  
  2626 1381 1350 1383  
  2627 1383 1350 1341  
  2628 1381 1383 1423  
  2629 1277 1319 1279  
  2630 1277 1279 1242  
  2631 1242 1279 1248  
  2632 1248 1279 1290  
  2633 1277 1242 1240  
  2634 1350 1312 1311  
  2635 1383 1341 1378  
  2636 1381 1423 1427  
  2637 1427 1423 1467  
  2638 1467 1423 1462  
  2639 1427 1467 1487  
  2640 1462 1423 1414  
  2641 1467 1462 1508  
  2642 1312 1277 1273  
  2643 1341 1350 1311  
  2644 1341 1311 1305  
  2645 1305 1311 1270  
  2646 1341 1305 1343  
  2647 1423 1383 1414  
  2648 1414 1383 1378  
  2649 1414 1378 1422  
  2650 1422 1378 1386  
  2651 1414 1422 1463  
  2652 1849 1889 1810  
  2653 1849 1810 1780  
  2654 1780 1810 1719  
  2655 1849 1780 1814  
  2656 1814 1780 1753  
  2657 1849 1814 1895  
  2658 1753 1780 1718  
  2659 1814 1753 1795  
  2660 1849 1895 1943  
  2661 1718 1780 1719  
  2662 1753 1718 1692  
  2663 1795 1753 1734  
  2664 1814 1795 1852  
  2665 1852 1795 1833  
  2666 1833 1795 1765  
  2667 1852 1833 1903  
  2668 1903 1833 1877  
  2669 1877 1833 1800  
  2670 1903 1877 1970  
  2671 1970 1877 1913  
  2672 1913 1877 1829  
  2673 1970 1913 2019  
  2674 2019 1913 1959  
  2675 1765 1795 1734  
  2676 1765 1734 1710  
  2677 1710 1734 1675  
  2678 1765 1710 1750  
  2679 1833 1765 1800  
  2680 1800 1765 1750  
  2681 1800 1750 1829  
  2682 1800 1829 1877  
  2683 1675 1734 1692  
  2684 1675 1692 1633  
  2685 1633 1692 1658  
  2686 1675 1633 1618  
  2687 1710 1675 1651  
  2688 1750 1710 1690  
  2689 1998 2094 2044  
  2690 1998 2044 1949  
  2691 1949 2044 2015  
  2692 2015 2044 2079  
  2693 2015 2079 2110  
  2694 2079 2044 2126  
  2695 2110 2079 2161  
  2696 1949 2015 1907  
  2697 2427 2490 2440  
  2698 2427 2440 2381  
  2699 2381 2440 2395  
  2700 2381 2395 2333  
  2701 2395 2440 2453  
  2702 2333 2395 2354  
  2703 2381 2333 2317  
  2704 2453 2440 2501  
  2705 2427 2381 2363  
  2706 2354 2395 2408  
  2707 2354 2408 2371  
  2708 2371 2408 2420  
  2709 2371 2420 2384  
  2710 2354 2371 2302  
  2711 2384 2420 2484  
  2712 2371 2384 2318  
  2713 2302 2371 2318  
  2714 2302 2318 2251  
  2715 2354 2302 2290  
  2716 2251 2318 2268  
  2717 2302 2251 2237  
  2718 2333 2354 2290  
  2719 2333 2290 2269  
  2720 2269 2290 2220  
  2721 2333 2269 2317  
  2722 2317 2269 2252  
  2723 2252 2269 2203  
  2724 2317 2252 2308  
  2725 2220 2290 2237  
  2726 2220 2237 2172  
  2727 2172 2237 2196  
  2728 2220 2172 2154  
  2729 2237 2290 2302  
  2730 2269 2220 2203  
  2731 2381 2317 2363  
  2732 2363 2317 2308  
  2733 2363 2308 2409  
  2734 2172 2196 2123  
  2735 2220 2154 2203  
  2736 2203 2154 2132  
  2737 2132 2154 2084  
  2738 2203 2132 2189  
  2739 2196 2237 2251  
  2740 2196 2251 2207  
  2741 2207 2251 2268  
  2742 2207 2268 2227  
  2743 2196 2207 2140  
  2744 2227 2268 2292  
  2745 2207 2227 2155  
  2746 2140 2207 2155  
  2747 2140 2155 2086  
  2748 2086 2155 2103  
  2749 2140 2086 2071  
  2750 2196 2140 2123  
  2751 2123 2140 2071  
  2752 2123 2071 2064  
  2753 2064 2071 1986  
  2754 2123 2100 2172  
  2755 2064 1986 2032  
  2756 2154 2172 2100  
  2757 491 480 465  
  2758 491 465 444  
  2759 444 465 430  
  2760 430 465 447  
  2761 774 797 805  
  2762 774 805 778  
  2763 778 805 810  
  2764 774 778 723  
  2765 805 827 831  
  2766 805 831 810  
  2767 810 831 847  
  2768 847 831 882  
  2769 2526 2579 2531  
  2770 1372 1421 1406  
  2771 1372 1406 1360  
  2772 1372 1360 1326  
  2773 1326 1360 1316  
  2774 1372 1326 1342  
  2775 287 274 245  
  2776 287 245 269  
  2777 269 245 219  
  2778 287 269 335  
  2779 32 16 24  
  2780 32 24 37  
  2781 37 24 33  
  2782 33 24 21  
  2783 33 21 34  
  2784 37 33 50  
  2785 34 21 15  
  2786 33 34 45  
  2787 2504 2564 2510  
  2788 268 291 306  
  2789 268 306 303  
  2790 303 306 336  
  2791 336 306 325  
  2792 2473 2537 2484  
  2793 2473 2484 2420  
  2794 2473 2420 2462  
  2795 2473 2462 2525  
  2796 587 576 555  
  2797 587 555 569  
  2798 587 569 602  
  2799 602 569 583  
  2800 587 602 621  
  2801 619 638 650  
  2802 619 650 623  
  2803 619 623 591  
  2804 591 623 601  
  2805 619 591 586  
  2806 586 591 540  
  2807 619 586 605  
  2808 2213 2262 2190  
  2809 2213 2190 2143  
  2810 2143 2190 2114  
  2811 2213 2143 2175  
  2812 524 552 554  
  2813 524 554 540  
  2814 540 554 586  
  2815 524 540 506  
  2816 586 554 579  
  2817 524 506 490  
  2818 524 490 518  
  2819 1810 1845 1776  
  2820 1810 1776 1719  
  2821 1719 1776 1742  
  2822 1742 1776 1803  
  2823 2329 2374 2305  
  2824 2329 2305 2283  
  2825 2329 2283 2349  
  2826 2329 2349 2401  
  2827 2159 2202 2125  
  2828 2159 2125 2089  
  2829 2089 2125 2062  
  2830 2089 2062 2008  
  2831 2062 2125 2096  
  2832 2008 2062 1959  
  2833 2008 1959 1905  
  2834 2089 2008 2049  
  2835 2096 2125 2168  
  2836 1905 1959 1867  
  2837 2008 1905 1963  
  2838 2159 2089 2114  
  2839 2114 2089 2049  
  2840 2114 2049 2143  
  2841 2159 2114 2190  
  2842 2159 2190 2230  
  2843 2049 2008 1963  
  2844 2049 1963 2021  
  2845 2021 1963 1912  
  2846 2049 2021 2143  
  2847 2520 2577 2515  
  2848 2063 2101 2027  
  2849 2552 2499 2514  
  2850 2552 2514 2561  
  2851 2012 1945 1894  
  2852 1955 1865 1906  
  2853 1906 1865 1828  
  2854 1828 1865 1786  
  2855 1906 1828 1870  
  2856 1897 1951 1856  
  2857 1897 1856 1822  
  2858 1822 1856 1785  
  2859 1785 1856 1812  
  2860 1785 1812 1749  
  2861 1785 1749 1717  
  2862 1812 1856 1893  
  2863 1749 1812 1768  
  2864 1822 1785 1717  
  2865 380 395 354  
  2866 1262 1214 1251  
  2867 2460 2403 2430  
  2868 1494 1441 1487  
  2869 125 113 141  
  2870 2570 2521 2519  
  2871 794 758 790  
  2872 69 58 87  
  2873 2061 1944 2027  
  2874 1811 1775 1741  
  2875 27 42 31  
  2876 1259 1245 1212  
  2877 1580 1522 1557  
  2878 107 124 97  
  2879 2481 2427 2409  
  2880 2574 2526 2527  
  2881 1388 1372 1342  
  2882 1388 1342 1331  
  2883 2551 2504 2497  
  2884 612 587 621  
  2885 612 621 659  
  2886 2299 2213 2260  
  2887 1137 1092 1126  
  2888 2575 2520 2524  
  2889 2112 2186 2142  
  2890 2318 2384 2338  
  2891 371 336 354  
  2892 354 336 325  
  2893 371 354 395  
  2894 1905 1867 1825  
  2895 336 347 303  
  2896 2169 2217 2147  
  2897 1867 1959 1913  
  2898 1867 1913 1829  
  2899 1963 1905 1868  
  2900 2111 2074 2142  
  2901 2111 2142 2184  
  2902 2184 2142 2261  
  2903 2111 2184 2148  
  2904 2142 2074 2112  
  2905 2031 2085 2006  
  2906 2292 2268 2338  
  2907 2292 2338 2357  
  2908 2357 2338 2397  
  2909 2292 2357 2313  
  2910 2338 2268 2318  
  2911 33 45 50  
  2912 50 45 65  
  2913 65 45 64  
  2914 50 65 70  
  2915 1931 2037 1988  
  2916 1611 1663 1649  
  2917 2155 2227 2174  
  2918 2037 2111 2077  
  2919 1954 2031 1922  
  2920 2227 2292 2245  
  2921 2085 2098 2147  
  2922 2085 2147 2133  
  2923 2133 2147 2236  
  2924 2085 2133 2065  
  2925 2147 2098 2169  
  2926 1627 1611 1575  
  2927 1575 1611 1560  
  2928 1560 1611 1600  
  2929 1575 1560 1525  
  2930 45 34 51  
  2931 427 399 438  
  2932 1270 1311 1273  
  2933 1912 1963 1868  
  2934 1912 1868 1831  
  2935 1831 1868 1788  
  2936 1912 1831 1876  
  2937 2066 2118 2095  
  2938 2066 2095 1983  
  2939 2084 2154 2100  
  2940 2084 2100 2032  
  2941 2032 2100 2064  
  2942 2064 2100 2123  
  2943 2032 1986 1930  
  2944 2032 1930 2026  
  2945 2084 2032 2026  
  2946 2084 2026 2081  
  2947 2026 1930 1904  
  2948 2081 2026 2002  
  2949 2084 2081 2132  
  2950 2132 2081 2127  
  2951 2127 2081 2059  
  2952 2132 2127 2189  
  2953 2189 2127 2177  
  2954 2177 2127 2109  
  2955 2189 2177 2243  
  2956 2059 2081 2002  
  2957 2059 2002 1979  
  2958 1979 2002 1872  
  2959 2059 1979 2046  
  2960 2127 2059 2109  
  2961 2002 2026 1904  
  2962 2046 1926 1988  
  2963 2059 2046 2109  
  2964 2109 2046 2077  
  2965 2177 2109 2166  
  2966 2189 2243 2252  
  2967 2252 2243 2308  
  2968 2189 2252 2203  
  2969 2308 2243 2293  
  2970 2293 2243 2228  
  2971 1870 1828 1794  
  2972 2243 2177 2228  
  2973 2228 2177 2166  
  2974 2228 2166 2241  
  2975 350 387 375  
  2976 1343 1305 1308  
  2977 1786 1865 1822  
  2978 1786 1822 1717  
  2979 2208 2137 2167  
  2980 1867 1829 1787  
  2981 387 427 414  
  2982 1305 1270 1266  
  2983 2021 1912 1975  
  2984 2137 2066 2091  
  2985 1906 1870 1964  
  2986 1964 1870 1924  
  2987 1924 1870 1837  
  2988 1964 1924 2036  
  2989 367 350 329  
  2990 329 350 317  
  2991 317 350 342  
  2992 329 317 290  
  2993 1341 1343 1378  
  2994 1378 1343 1386  
  2995 1828 1786 1758  
  2996 2185 2208 2254  
  2997 2254 2208 2277  
  2998 2277 2208 2234  
  2999 2254 2277 2322  
  3000 2331 2277 2289  
  3001 2289 2277 2234  
  3002 2289 2234 2249  
  3003 2331 2289 2356  
  3004 2249 2234 2181  
  3005 2289 2249 2320  
  3006 2356 2289 2320  
  3007 2356 2320 2410  
  3008 2331 2356 2393  
  3009 2393 2356 2410  
  3010 2181 2234 2167  
  3011 2181 2167 2113  
  3012 2113 2167 2091  
  3013 2113 2091 2040  
  3014 2181 2113 2136  
  3015 2167 2234 2208  
  3016 2040 2091 1934  
  3017 2113 2040 2070  
  3018 2249 2181 2204  
  3019 2320 2249 2275  
  3020 2136 2113 2070  
  3021 2136 2070 2097  
  3022 2097 2070 2001  
  3023 2136 2097 2171  
  3024 2181 2136 2204  
  3025 2204 2136 2171  
  3026 2204 2171 2238  
  3027 2238 2171 2198  
  3028 2204 2238 2275  
  3029 2275 2238 2303  
  3030 2303 2238 2258  
  3031 2275 2303 2373  
  3032 2198 2171 2124  
  3033 2238 2198 2258  
  3034 2258 2198 2218  
  3035 2218 2198 2150  
  3036 2258 2218 2288  
  3037 2150 2198 2124  
  3038 2150 2124 2041  
  3039 2218 2150 2170  
  3040 2288 2218 2246  
  3041 2258 2288 2324  
  3042 2303 2258 2324  
  3043 2303 2324 2372  
  3044 2372 2324 2389  
  3045 2303 2372 2373  
  3046 2389 2324 2345  
  3047 2372 2389 2439  
  3048 2439 2389 2449  
  3049 2373 2372 2431  
  3050 2148 2184 2241  
  3051 2313 2357 2378  
  3052 342 350 375  
  3053 342 375 365  
  3054 2070 2040 1982  
  3055 2070 1982 2001  
  3056 2397 2338 2384  
  3057 2397 2384 2484  
  3058 2065 2133 2115  
  3059 290 317 278  
  3060 2111 2148 2077  
  3061 2077 2166 2109  
  3062 2292 2313 2245  
  3063 2245 2313 2270  
  3064 2270 2313 2339  
  3065 2245 2270 2201  
  3066 317 342 305  
  3067 2171 2097 2124  
  3068 2124 2097 2052  
  3069 2052 2097 2001  
  3070 2052 2001 1978  
  3071 2124 2052 2041  
  3072 2041 2052 1978  
  3073 2357 2397 2422  
  3074 2085 2065 2006  
  3075 2006 2065 1985  
  3076 1985 2065 2048  
  3077 2006 1985 1901  
  3078 329 290 309  
  3079 2400 2449 2389  
  3080 349 335 314  
  3081 64 45 51  
  3082 64 51 71  
  3083 71 51 54  
  3084 64 71 85  
  3085 1560 1600 1545  
  3086 903 905 870  
  3087 70 65 86  
  3088 2308 2293 2409  
  3089 2409 2293 2385  
  3090 2373 2410 2320  
  3091 1094 1128 1129  
  3092 1831 1788 1762  
  3093 2293 2228 2314  
  3094 1004 1001 973  
  3095 2287 2241 2184  
  3096 621 602 635  
  3097 2514 2459 2480  
  3098 1316 1360 1349  
  3099 1600 1611 1649  
  3100 1600 1649 1635  
  3101 1635 1649 1691  
  3102 1600 1635 1582  
  3103 1575 1525 1540  
  3104 1471 1520 1503  
  3105 1590 1575 1540  
  3106 1590 1540 1553  
  3107 1553 1540 1503  
  3108 1553 1503 1520  
  3109 583 569 549  
  3110 186 196 227  
  3111 82 63 68  
  3112 1342 1326 1298  
  3113 1912 1876 1975  
  3114 1975 1878 1985  
  3115 902 935 938  
  3116 691 699 664  
  3117 601 623 633  
  3118 2459 2400 2417  
  3119 372 349 388  
  3120 1949 1907 1854  
  3121 1525 1560 1509  
  3122 164 186 155  
  3123 936 903 939  
  3124 37 50 55  
  3125 1093 1094 1058  
  3126 1326 1316 1285  
  3127 1876 1831 1799  
  3128 1035 1004 1040  
  3129 699 723 734  
  3130 65 64 81  
  3131 1128 1161 1163  
  3132 1768 1812 1846  
  3133 1768 1846 1809  
  3134 1788 1868 1825  
  3135 1488 1471 1438  
  3136 2241 2314 2228  
  3137 602 583 617  
  3138 79 82 101  
  3139 50 70 55  
  3140 55 70 76  
  3141 76 70 92  
  3142 55 76 68  
  3143 68 76 91  
  3144 91 76 102  
  3145 68 91 82  
  3146 82 91 108  
  3147 1907 2015 1976  
  3148 591 601 568  
  3149 1896 1949 1854  
  3150 1896 1854 1815  
  3151 1029 1057 1022  
  3152 1422 1386 1431  
  3153 844 874 846  
  3154 1297 1339 1309  
  3155 1297 1309 1267  
  3156 1267 1309 1300  
  3157 1719 1684 1662  
  3158 452 469 438  
  3159 438 469 458  
  3160 458 469 495  
  3161 438 458 427  
  3162 427 458 448  
  3163 495 469 503  
  3164 458 495 479  
  3165 448 458 479  
  3166 448 479 446  
  3167 448 446 414  
  3168 414 446 401  
  3169 448 414 427  
  3170 414 401 375  
  3171 1582 1635 1624  
  3172 49 37 55  
  3173 49 55 68  
  3174 49 68 63  
  3175 85 71 93  
  3176 1395 1429 1382  
  3177 444 408 428  
  3178 1633 1658 1602  
  3179 968 936 939  
  3180 968 939 973  
  3181 968 973 1001  
  3182 1414 1463 1462  
  3183 1462 1463 1506  
  3184 1506 1463 1502  
  3185 1462 1506 1508  
  3186 1508 1506 1552  
  3187 1552 1506 1543  
  3188 1508 1552 1557  
  3189 1502 1463 1457  
  3190 1506 1502 1543  
  3191 1543 1502 1542  
  3192 1542 1502 1493  
  3193 1543 1542 1588  
  3194 1552 1543 1595  
  3195 1493 1502 1457  
  3196 1493 1457 1431  
  3197 1431 1457 1422  
  3198 1422 1457 1463  
  3199 1542 1493 1535  
  3200 1588 1542 1584  
  3201 1543 1588 1595  
  3202 1595 1588 1671  
  3203 1970 2063 2027  
  3204 1970 2027 1903  
  3205 469 486 503  
  3206 503 486 520  
  3207 520 486 505  
  3208 503 520 537  
  3209 520 505 539  
  3210 539 505 523  
  3211 520 539 557  
  3212 537 520 557  
  3213 537 557 572  
  3214 503 537 521  
  3215 1277 1240 1273  
  3216 1273 1240 1236  
  3217 1236 1240 1202  
  3218 1273 1236 1270  
  3219 1270 1236 1233  
  3220 1202 1240 1208  
  3221 1236 1202 1194  
  3222 1233 1236 1194  
  3223 1270 1233 1266  
  3224 1266 1233 1222  
  3225 1222 1233 1194  
  3226 1266 1222 1243  
  3227 269 219 248  
  3228 2236 2210 2133  
  3229 623 655 633  
  3230 633 655 664  
  3231 664 655 691  
  3232 54 51 31  
  3233 569 535 549  
  3234 549 535 516  
  3235 196 247 227  
  3236 227 247 279  
  3237 2019 1959 2062  
  3238 2175 2143 2105  
  3239 1901 1985 1878  
  3240 1945 1851 1894  
  3241 1894 1851 1813  
  3242 1813 1851 1779  
  3243 1646 1706 1671  
  3244 1646 1671 1588  
  3245 1675 1618 1651  
  3246 1651 1618 1599  
  3247 1599 1618 1568  
  3248 1651 1599 1632  
  3249 1568 1618 1589  
  3250 1599 1568 1518  
  3251 1632 1599 1551  
  3252 1651 1632 1690  
  3253 1690 1632 1670  
  3254 1670 1632 1615  
  3255 1690 1670 1728  
  3256 2382 2441 2430  
  3257 2382 2430 2360  
  3258 92 70 86  
  3259 92 86 112  
  3260 112 86 104  
  3261 92 112 118  
  3262 2403 2360 2430  
  3263 1240 1242 1208  
  3264 1208 1242 1211  
  3265 1211 1242 1248  
  3266 1208 1211 1177  
  3267 1211 1248 1218  
  3268 1218 1248 1261  
  3269 1211 1218 1180  
  3270 1177 1211 1180  
  3271 1177 1180 1146  
  3272 1208 1177 1176  
  3273 1691 1649 1741  
  3274 2439 2431 2372  
  3275 2006 1901 1922  
  3276 535 501 516  
  3277 909 902 938  
  3278 909 938 944  
  3279 944 938 972  
  3280 909 944 912  
  3281 1360 1395 1349  
  3282 1349 1395 1382  
  3283 1600 1582 1545  
  3284 1545 1582 1534  
  3285 1534 1582 1573  
  3286 1545 1534 1498  
  3287 247 303 279  
  3288 2048 2065 2115  
  3289 2048 2115 2105  
  3290 1851 1896 1815  
  3291 1944 1903 2027  
  3292 64 85 81  
  3293 81 85 105  
  3294 105 85 109  
  3295 81 105 104  
  3296 76 92 102  
  3297 102 92 118  
  3298 102 118 131  
  3299 131 118 146  
  3300 102 131 115  
  3301 146 118 136  
  3302 131 146 159  
  3303 115 131 144  
  3304 102 115 91  
  3305 91 115 108  
  3306 108 115 135  
  3307 135 115 144  
  3308 135 144 162  
  3309 162 144 171  
  3310 135 162 153  
  3311 108 135 127  
  3312 171 144 159  
  3313 171 159 191  
  3314 191 159 174  
  3315 171 191 210  
  3316 162 171 195  
  3317 153 162 185  
  3318 135 153 127  
  3319 127 153 149  
  3320 149 153 181  
  3321 127 149 123  
  3322 181 153 185  
  3323 181 185 217  
  3324 217 185 223  
  3325 181 217 205  
  3326 149 181 178  
  3327 123 149 148  
  3328 127 123 101  
  3329 101 123 99  
  3330 99 123 113  
  3331 99 113 87  
  3332 99 87 79  
  3333 101 99 79  
  3334 223 185 195  
  3335 217 223 266  
  3336 205 217 257  
  3337 181 205 178  
  3338 178 205 206  
  3339 206 205 251  
  3340 178 206 175  
  3341 174 159 146  
  3342 174 146 187  
  3343 174 187 212  
  3344 174 212 191  
  3345 191 212 240  
  3346 191 240 210  
  3347 251 205 257  
  3348 251 257 289  
  3349 289 257 294  
  3350 251 289 288  
  3351 175 206 219  
  3352 171 210 195  
  3353 195 210 242  
  3354 242 210 267  
  3355 195 242 223  
  3356 223 242 275  
  3357 275 242 299  
  3358 223 275 266  
  3359 266 275 304  
  3360 304 275 313  
  3361 266 304 294  
  3362 294 304 328  
  3363 266 294 257  
  3364 206 251 248  
  3365 248 251 288  
  3366 206 248 219  
  3367 248 288 269  
  3368 178 175 148  
  3369 148 175 141  
  3370 935 967 938  
  3371 938 967 972  
  3372 972 967 1029  
  3373 873 844 842  
  3374 842 844 813  
  3375 813 844 815  
  3376 842 813 810  
  3377 1618 1633 1589  
  3378 1589 1633 1602  
  3379 1589 1602 1548  
  3380 1548 1602 1567  
  3381 1589 1548 1539  
  3382 1567 1602 1617  
  3383 1548 1567 1511  
  3384 1539 1548 1500  
  3385 1589 1539 1568  
  3386 1568 1539 1521  
  3387 1521 1539 1481  
  3388 1568 1521 1518  
  3389 1518 1521 1477  
  3390 1477 1521 1481  
  3391 1477 1481 1443  
  3392 1481 1539 1500  
  3393 1481 1500 1428  
  3394 2427 2363 2409  
  3395 408 372 388  
  3396 408 388 428  
  3397 778 810 781  
  3398 2213 2175 2260  
  3399 2261 2287 2184  
  3400 71 54 75  
  3401 874 909 878  
  3402 219 245 193  
  3403 219 193 175  
  3404 2270 2339 2297  
  3405 2245 2201 2174  
  3406 1684 1646 1626  
  3407 1658 1692 1718  
  3408 1635 1691 1681  
  3409 2210 2282 2260  
  3410 2210 2260 2175  
  3411 2201 2270 2223  
  3412 1057 1093 1058  
  3413 1057 1058 1022  
  3414 1441 1430 1487  
  3415 2339 2313 2378  
  3416 2339 2378 2402  
  3417 2402 2378 2443  
  3418 2339 2402 2359  
  3419 1985 2048 1975  
  3420 1975 2048 2021  
  3421 2275 2249 2204  
  3422 109 85 93  
  3423 109 93 119  
  3424 119 93 100  
  3425 109 119 137  
  3426 81 104 86  
  3427 2359 2402 2423  
  3428 100 93 75  
  3429 100 75 89  
  3430 119 100 128  
  3431 1467 1508 1522  
  3432 2170 2150 2099  
  3433 1177 1146 1145  
  3434 1890 1863 1789  
  3435 1789 1863 1764  
  3436 1837 1870 1794  
  3437 1837 1794 1769  
  3438 1769 1794 1730  
  3439 1837 1769 1808  
  3440 304 313 340  
  3441 2103 2155 2174  
  3442 2103 2174 2122  
  3443 2122 2174 2201  
  3444 2103 2122 2042  
  3445 2103 2042 2086  
  3446 2288 2246 2319  
  3447 1573 1582 1624  
  3448 1573 1624 1616  
  3449 1616 1624 1669  
  3450 1573 1616 1565  
  3451 1669 1624 1681  
  3452 1669 1681 1725  
  3453 1616 1669 1659  
  3454 1565 1616 1605  
  3455 1573 1565 1526  
  3456 1846 1880 1809  
  3457 1809 1880 1842  
  3458 1146 1180 1147  
  3459 105 109 133  
  3460 288 289 323  
  3461 309 345 329  
  3462 2071 2086 1991  
  3463 2071 1991 1986  
  3464 1991 2086 2042  
  3465 912 944 950  
  3466 523 540 568  
  3467 118 112 136  
  3468 136 112 132  
  3469 132 112 104  
  3470 136 132 179  
  3471 132 104 126  
  3472 2443 2378 2422  
  3473 109 137 133  
  3474 133 137 156  
  3475 156 137 163  
  3476 133 156 154  
  3477 2218 2170 2246  
  3478 572 557 590  
  3479 1498 1534 1484  
  3480 1880 1931 1988  
  3481 1880 1988 1926  
  3482 1926 2046 1979  
  3483 1926 1979 1872  
  3484 1880 1926 1842  
  3485 1842 1926 1872  
  3486 1261 1267 1228  
  3487 1552 1595 1603  
  3488 289 294 326  
  3489 2320 2275 2373  
  3490 944 972 980  
  3491 1863 1954 1922  
  3492 1863 1922 1836  
  3493 1836 1922 1901  
  3494 1863 1836 1764  
  3495 1924 1837 1886  
  3496 2339 2359 2297  
  3497 2297 2359 2321  
  3498 2321 2359 2387  
  3499 2297 2321 2250  
  3500 2387 2359 2423  
  3501 2387 2423 2448  
  3502 2448 2423 2483  
  3503 2387 2448 2412  
  3504 2321 2387 2347  
  3505 2250 2321 2274  
  3506 2297 2250 2223  
  3507 2223 2250 2178  
  3508 2324 2288 2345  
  3509 2345 2288 2319  
  3510 2345 2319 2400  
  3511 2345 2400 2389  
  3512 1534 1573 1526  
  3513 1534 1526 1484  
  3514 1484 1526 1474  
  3515 330 309 279  
  3516 227 279 264  
  3517 2402 2443 2461  
  3518 909 912 878  
  3519 878 912 885  
  3520 885 912 918  
  3521 878 885 855  
  3522 313 275 299  
  3523 313 299 337  
  3524 137 119 147  
  3525 1929 1890 1853  
  3526 1929 1853 1887  
  3527 537 572 558  
  3528 108 127 101  
  3529 1815 1854 1784  
  3530 549 516 530  
  3531 1545 1498 1509  
  3532 21 10 15  
  3533 2526 2531 2478  
  3534 1474 1526 1516  
  3535 758 725 730  
  3536 1988 2037 2077  
  3537 1214 1183 1179  
  3538 1671 1726 1677  
  3539 1811 1741 1747  
  3540 1670 1615 1648  
  3541 1309 1344 1300  
  3542 1262 1251 1300  
  3543 918 912 950  
  3544 918 950 952  
  3545 952 950 983  
  3546 918 952 923  
  3547 983 950 980  
  3548 952 983 988  
  3549 923 952 958  
  3550 918 923 888  
  3551 1753 1692 1734  
  3552 1649 1663 1741  
  3553 875 845 849  
  3554 2531 2579 2585  
  3555 107 97 74  
  3556 557 539 573  
  3557 1825 1867 1787  
  3558 1825 1787 1757  
  3559 1757 1787 1728  
  3560 1825 1757 1788  
  3561 162 195 185  
  3562 154 156 188  
  3563 188 156 163  
  3564 2027 2101 2061  
  3565 1868 1905 1825  
  3566 1319 1323 1279  
  3567 1259 1212 1206  
  3568 1343 1308 1345  
  3569 813 815 782  
  3570 434 453 471  
  3571 2570 2519 2562  
  3572 1202 1208 1176  
  3573 1202 1176 1172  
  3574 1172 1176 1141  
  3575 1202 1172 1194  
  3576 1141 1176 1145  
  3577 1141 1145 1107  
  3578 1107 1145 1112  
  3579 1141 1084 1105  
  3580 1172 1141 1136  
  3581 1136 1141 1105  
  3582 1172 1136 1155  
  3583 1112 1145 1146  
  3584 1112 1146 1113  
  3585 1113 1146 1147  
  3586 1113 1147 1117  
  3587 1112 1113 1076  
  3588 1117 1147 1156  
  3589 1113 1117 1083  
  3590 1107 1112 1073  
  3591 1076 1113 1083  
  3592 1076 1083 1048  
  3593 1112 1076 1073  
  3594 1073 1076 1041  
  3595 1041 1076 1048  
  3596 1041 1048 1013  
  3597 1073 1041 1049  
  3598 1073 1049 1084  
  3599 1013 1048 1017  
  3600 1041 1013 990  
  3601 1048 1083 1051  
  3602 1017 1048 1051  
  3603 1017 1051 1018  
  3604 1018 1051 1056  
  3605 1017 1018 987  
  3606 1013 1017 984  
  3607 1156 1147 1185  
  3608 1117 1156 1125  
  3609 1083 1117 1085  
  3610 1056 1051 1085  
  3611 1056 1085 1095  
  3612 1085 1051 1083  
  3613 1095 1085 1125  
  3614 1095 1125 1131  
  3615 1056 1095 1068  
  3616 1131 1125 1179  
  3617 1095 1131 1104  
  3618 1018 1056 1032  
  3619 1017 987 984  
  3620 984 987 951  
  3621 951 987 961  
  3622 984 951 931  
  3623 1056 1068 1032  
  3624 1032 1068 1040  
  3625 1040 1068 1081  
  3626 987 1018 997  
  3627 1068 1095 1104  
  3628 1068 1104 1081  
  3629 1081 1104 1126  
  3630 961 987 997  
  3631 961 997 964  
  3632 964 997 1004  
  3633 961 964 930  
  3634 951 961 924  
  3635 1040 1081 1035  
  3636 1107 1073 1084  
  3637 1107 1084 1141  
  3638 1104 1131 1142  
  3639 930 964 943  
  3640 961 930 924  
  3641 924 930 895  
  3642 895 930 901  
  3643 924 895 889  
  3644 901 930 943  
  3645 901 943 915  
  3646 915 943 939  
  3647 915 939 903  
  3648 915 903 876  
  3649 876 903 870  
  3650 915 876 901  
  3651 895 901 869  
  3652 889 895 859  
  3653 924 889 919  
  3654 1769 1730 1707  
  3655 1690 1710 1651  
  3656 2575 2524 2585  
  3657 2091 2066 1934  
  3658 1180 1218 1185  
  3659 1185 1218 1228  
  3660 1180 1185 1147  
  3661 1775 1818 1751  
  3662 380 354 325  
  3663 1690 1728 1750  
  3664 2515 2577 2561  
  3665 2147 2217 2236  
  3666 1311 1312 1273  
  3667 27 31 15  
  3668 1982 2040 1917  
  3669 82 108 101  
  3670 399 416 438  
  3671 125 141 165  
  3672 855 885 856  
  3673 1245 1280 1241  
  3674 2174 2227 2245  
  3675 1137 1126 1175  
  3676 1813 1779 1725  
  3677 815 844 846  
  3678 815 846 821  
  3679 821 846 855  
  3680 815 821 787  
  3681 787 821 792  
  3682 815 787 782  
  3683 782 787 755  
  3684 755 787 759  
  3685 782 755 753  
  3686 1837 1808 1886  
  3687 1886 1808 1907  
  3688 1886 1907 1976  
  3689 1886 1976 1924  
  3690 2497 2544 2551  
  3691 2031 2006 1922  
  3692 2412 2448 2471  
  3693 42 59 62  
  3694 1779 1851 1815  
  3695 871 842 847  
  3696 1580 1557 1630  
  3697 1787 1829 1750  
  3698 1176 1177 1145  
  3699 1522 1487 1467  
  3700 794 790 833  
  3701 521 537 558  
  3702 2521 2527 2471  
  3703 2521 2471 2519  
  3704 1794 1828 1758  
  3705 1758 1786 1688  
  3706 1894 1813 1923  
  3707 1923 1818 1855  
  3708 1728 1670 1708  
  3709 1484 1474 1442  
  3710 2504 2510 2461  
  3711 2461 2510 2483  
  3712 2461 2483 2423  
  3713 163 137 147  
  3714 163 147 176  
  3715 176 147 158  
  3716 163 176 202  
  3717 158 147 128  
  3718 158 128 145  
  3719 176 158 192  
  3720 1818 1923 1813  
  3721 2510 2564 2562  
  3722 31 42 54  
  3723 1280 1293 1331  
  3724 495 503 521  
  3725 495 521 513  
  3726 885 918 888  
  3727 885 888 856  
  3728 856 888 840  
  3729 141 113 148  
  3730 1730 1794 1758  
  3731 87 94 69  
  3732 1126 1092 1081  
  3733 1081 1092 1035  
  3734 387 414 375  
  3735 59 48 74  
  3736 2166 2077 2148  
  3737 2166 2148 2241  
  3738 1251 1214 1210  
  3739 1557 1522 1508  
  3740 1808 1769 1744  
  3741 133 154 126  
  3742 1183 1226 1175  
  3743 1487 1541 1494  
  3744 790 758 764  
  3745 2527 2584 2574  
  3746 2142 2186 2261  
  3747 2137 2091 2167  
  3748 193 218 165  
  3749 51 34 31  
  3750 2520 2515 2467  
  3751 2409 2455 2481  
  3752 1212 1245 1207  
  3753 1308 1305 1266  
  3754 878 855 846  
  3755 2260 2323 2299  
  3756 2430 2488 2460  
  3757 2524 2520 2472  
  3758 2484 2497 2397  
  3759 2012 1894 1923  
  3760 2387 2412 2347  
  3761 2347 2412 2375  
  3762 2375 2412 2434  
  3763 2347 2375 2307  
  3764 2434 2412 2471  
  3765 2434 2471 2527  
  3766 2375 2434 2399  
  3767 2307 2375 2337  
  3768 2347 2307 2274  
  3769 2274 2307 2235  
  3770 845 872 833  
  3771 97 124 120  
  3772 1676 1705 1747  
  3773 1741 1775 1691  
  3774 2448 2483 2519  
  3775 2519 2483 2562  
  3776 725 747 709  
  3777 1615 1632 1551  
  3778 870 905 875  
  3779 1602 1658 1617  
  3780 1616 1659 1605  
  3781 1326 1285 1298  
  3782 1500 1548 1511  
  3783 1815 1784 1748  
  3784 1540 1525 1490  
  3785 1261 1228 1218  
  3786 2459 2417 2480  
  3787 1684 1626 1662  
  3788 305 342 341  
  3789 65 81 86  
  3790 105 133 126  
  3791 105 126 104  
  3792 257 217 266  
  3793 1085 1117 1125  
  3794 164 155 124  
  3795 1542 1535 1584  
  3796 2250 2274 2206  
  3797 2115 2133 2210  
  3798 1901 1878 1826  
  3799 2461 2443 2504  
  3800 1511 1567 1535  
  3801 753 755 726  
  3802 158 145 172  
  3803 1129 1128 1163  
  3804 2201 2223 2152  
  3805 289 326 323  
  3806 1431 1386 1392  
  3807 128 100 116  
  3808 314 335 269  
  3809 2105 2143 2021  
  3810 572 590 607  
  3811 1488 1438 1429  
  3812 874 878 846  
  3813 1382 1429 1438  
  3814 145 128 116  
  3815 93 71 75  
  3816 2319 2246 2284  
  3817 2378 2357 2422  
  3818 1588 1584 1646  
  3819 1565 1605 1556  
  3820 1876 1799 1878  
  3821 1876 1878 1975  
  3822 2175 2105 2115  
  3823 549 530 565  
  3824 781 810 813  
  3825 1552 1603 1557  
  3826 591 568 540  
  3827 1635 1681 1624  
  3828 2422 2397 2497  
  3829 149 178 148  
  3830 288 323 314  
  3831 288 314 269  
  3832 1018 1032 997  
  3833 635 602 617  
  3834 1535 1493 1489  
  3835 2223 2178 2152  
  3836 340 313 353  
  3837 340 353 383  
  3838 353 313 337  
  3839 278 317 305  
  3840 123 148 113  
  3841 1013 984 979  
  3842 699 734 714  
  3843 2423 2402 2461  
  3844 1125 1156 1179  
  3845 1762 1788 1727  
  3846 1525 1509 1473  
  3847 2099 2150 2041  
  3848 601 633 610  
  3849 328 304 340  
  3850 1498 1484 1450  
  3851 2270 2297 2223  
  3852 144 131 159  
  3853 89 75 62  
  3854 2274 2235 2206  
  3855 778 781 734  
  3856 1669 1725 1712  
  3857 583 549 565  
  3858 583 565 599  
  3859 599 565 581  
  3860 583 599 617  
  3861 1567 1617 1581  
  3862 1799 1831 1762  
  3863 530 516 497  
  3864 2235 2307 2267  
  3865 568 601 573  
  3866 568 573 539  
  3867 573 601 610  
  3868 1603 1595 1677  
  3869 759 787 792  
  3870 759 792 762  
  3871 762 792 796  
  3872 759 762 731  
  3873 796 792 822  
  3874 762 796 771  
  3875 771 796 808  
  3876 808 796 829  
  3877 829 796 822  
  3878 829 822 856  
  3879 829 856 840  
  3880 808 829 840  
  3881 731 762 732  
  3882 759 731 727  
  3883 388 349 370  
  3884 1681 1691 1751  
  3885 1163 1161 1206  
  3886 1342 1298 1331  
  3887 75 54 62  
  3888 1004 973 964  
  3889 1719 1662 1718  
  3890 2178 2250 2206  
  3891 2178 2206 2134  
  3892 2134 2206 2162  
  3893 2178 2134 2068  
  3894 2162 2206 2235  
  3895 2134 2162 2076  
  3896 2162 2235 2194  
  3897 2194 2235 2267  
  3898 2162 2194 2116  
  3899 126 154 173  
  3900 186 227 214  
  3901 755 759 727  
  3902 755 727 726  
  3903 726 727 696  
  3904 696 727 698  
  3905 726 696 694  
  3906 734 723 778  
  3907 1156 1185 1193  
  3908 1094 1129 1098  
  3909 1779 1815 1748  
  3910 1509 1560 1545  
  3911 119 128 147  
  3912 349 314 323  
  3913 227 264 214  
  3914 214 264 255  
  3915 255 264 290  
  3916 255 290 278  
  3917 255 278 230  
  3918 230 278 265  
  3919 255 194 214  
  3920 265 278 305  
  3921 230 265 216  
  3922 216 265 256  
  3923 230 216 194  
  3924 2321 2347 2274  
  3925 2514 2480 2561  
  3926 558 572 592  
  3927 1058 1094 1064  
  3928 264 279 309  
  3929 1471 1503 1456  
  3930 1526 1565 1516  
  3931 1516 1565 1556  
  3932 1516 1556 1480  
  3933 1516 1480 1474  
  3934 1040 1004 1032  
  3935 100 89 116  
  3936 116 89 106  
  3937 106 89 80  
  3938 116 106 134  
  3939 80 89 62  
  3940 106 80 120  
  3941 134 106 120  
  3942 116 134 145  
  3943 145 134 161  
  3944 161 134 155  
  3945 145 161 172  
  3946 983 980 1014  
  3947 1854 1907 1808  
  3948 294 328 326  
  3949 326 328 362  
  3950 362 328 364  
  3951 326 362 356  
  3952 364 328 340  
  3953 362 364 398  
  3954 356 362 391  
  3955 326 356 323  
  3956 364 340 383  
  3957 323 356 370  
  3958 1029 1022 972  
  3959 1438 1471 1419  
  3960 132 126 173  
  3961 664 699 681  
  3962 951 924 919  
  3963 951 919 931  
  3964 621 635 659  
  3965 1976 2015 2110  
  3966 1725 1681 1751  
  3967 146 136 187  
  3968 590 557 573  
  3969 155 186 177  
  3970 2170 2099 2119  
  3971 1228 1267 1251  
  3972 782 753 781  
  3973 2417 2400 2319  
  3974 1626 1646 1584  
  3975 1626 1584 1581  
  3976 1581 1584 1535  
  3977 1626 1581 1617  
  3978 1581 1535 1567  
  3979 1316 1349 1306  
  3980 444 428 466  
  3981 1784 1854 1808  
  3982 1285 1316 1276  
  3983 1659 1669 1712  
  3984 1659 1712 1703  
  3985 1703 1712 1748  
  3986 1703 1748 1784  
  3987 1659 1703 1647  
  3988 1748 1712 1779  
  3989 1647 1703 1693  
  3990 1659 1647 1605  
  3991 1605 1647 1598  
  3992 1598 1647 1643  
  3993 1605 1598 1556  
  3994 2036 1924 1976  
  3995 1207 1245 1241  
  3996 592 572 607  
  3997 943 964 973  
  3998 581 565 545  
  3999 545 565 530  
  4000 545 530 511  
  4001 511 530 497  
  4002 511 497 478  
  4003 545 511 532  
  4004 581 545 566  
  4005 478 497 462  
  4006 532 511 498  
  4007 566 545 532  
  4008 566 532 550  
  4009 550 532 517  
  4010 566 550 584  
  4011 462 497 466  
  4012 462 466 428  
  4013 532 498 517  
  4014 517 498 481  
  4015 481 498 463  
  4016 517 481 494  
  4017 550 517 534  
  4018 481 463 445  
  4019 445 463 423  
  4020 481 445 456  
  4021 423 463 439  
  4022 439 463 478  
  4023 478 463 498  
  4024 439 478 462  
  4025 439 462 422  
  4026 422 462 428  
  4027 422 428 388  
  4028 439 422 402  
  4029 423 439 402  
  4030 423 402 391  
  4031 423 391 398  
  4032 478 498 511  
  4033 581 566 600  
  4034 600 566 584  
  4035 600 584 618  
  4036 618 584 603  
  4037 600 618 631  
  4038 581 600 615  
  4039 631 618 653  
  4040 600 631 615  
  4041 615 631 649  
  4042 649 631 666  
  4043 615 649 630  
  4044 581 615 599  
  4045 666 631 653  
  4046 666 653 686  
  4047 686 653 673  
  4048 666 686 701  
  4049 630 649 665  
  4050 673 653 637  
  4051 701 686 718  
  4052 665 649 683  
  4053 637 653 618  
  4054 637 618 603  
  4055 718 686 707  
  4056 683 649 666  
  4057 707 686 673  
  4058 718 707 743  
  4059 743 707 715  
  4060 718 743 756  
  4061 756 743 777  
  4062 718 756 736  
  4063 777 743 761  
  4064 756 777 793  
  4065 718 736 701  
  4066 777 761 798  
  4067 793 777 812  
  4068 701 736 716  
  4069 798 761 788  
  4070 812 777 798  
  4071 716 736 748  
  4072 812 798 830  
  4073 748 736 773  
  4074 716 748 735  
  4075 830 798 824  
  4076 773 736 756  
  4077 735 748 772  
  4078 773 756 793  
  4079 772 748 789  
  4080 773 793 807  
  4081 789 748 773  
  4082 772 789 806  
  4083 807 793 826  
  4084 789 773 807  
  4085 806 789 823  
  4086 826 793 812  
  4087 823 789 807  
  4088 806 823 849  
  4089 826 812 869  
  4090 823 807 839  
  4091 839 807 826  
  4092 823 839 870  
  4093 761 743 715  
  4094 735 772 764  
  4095 764 772 806  
  4096 1670 1648 1708  
  4097 698 727 731  
  4098 698 731 697  
  4099 1285 1276 1244  
  4100 1244 1276 1231  
  4101 1285 1244 1260  
  4102 1231 1276 1263  
  4103 1260 1244 1215  
  4104 1285 1260 1298  
  4105 1263 1276 1306  
  4106 1215 1244 1203  
  4107 1260 1215 1241  
  4108 1203 1244 1231  
  4109 1215 1203 1178  
  4110 1203 1231 1195  
  4111 1178 1203 1165  
  4112 1215 1178 1190  
  4113 1195 1231 1227  
  4114 1165 1203 1195  
  4115 1190 1178 1151  
  4116 1195 1227 1187  
  4117 1151 1178 1140  
  4118 1190 1151 1162  
  4119 1187 1227 1216  
  4120 1140 1178 1165  
  4121 1162 1151 1098  
  4122 1216 1227 1257  
  4123 1257 1227 1263  
  4124 1216 1257 1246  
  4125 1263 1227 1231  
  4126 1257 1263 1295  
  4127 1246 1257 1289  
  4128 1295 1263 1306  
  4129 1289 1257 1295  
  4130 1246 1289 1278  
  4131 1289 1295 1327  
  4132 1278 1289 1322  
  4133 1327 1295 1338  
  4134 1289 1327 1322  
  4135 1338 1295 1306  
  4136 1338 1306 1349  
  4137 1322 1327 1364  
  4138 1364 1327 1371  
  4139 1322 1364 1357  
  4140 1371 1327 1338  
  4141 1357 1364 1399  
  4142 1322 1357 1313  
  4143 1371 1338 1382  
  4144 1399 1364 1419  
  4145 1313 1357 1351  
  4146 1351 1357 1393  
  4147 1313 1351 1302  
  4148 1393 1357 1399  
  4149 1351 1393 1387  
  4150 1393 1399 1437  
  4151 1387 1393 1432  
  4152 1351 1375 1333  
  4153 1437 1399 1456  
  4154 1437 1456 1490  
  4155 1490 1456 1503  
  4156 1490 1503 1540  
  4157 1432 1393 1437  
  4158 1432 1437 1473  
  4159 1432 1473 1465  
  4160 1465 1473 1509  
  4161 1465 1509 1498  
  4162 1432 1465 1415  
  4163 1465 1498 1450  
  4164 1415 1465 1450  
  4165 1432 1415 1387  
  4166 1387 1415 1375  
  4167 1375 1415 1412  
  4168 1387 1375 1351  
  4169 1333 1375 1348  
  4170 1415 1450 1412  
  4171 1412 1450 1442  
  4172 1412 1442 1394  
  4173 1412 1394 1375  
  4174 1394 1442 1405  
  4175 1140 1165 1127  
  4176 1127 1165 1157  
  4177 1140 1127 1100  
  4178 1157 1165 1195  
  4179 1100 1127 1088  
  4180 1157 1195 1187  
  4181 1088 1127 1118  
  4182 1100 1088 1061  
  4183 1118 1127 1157  
  4184 1088 1118 1080  
  4185 1061 1088 1050  
  4186 1080 1118 1102  
  4187 1080 1102 1067  
  4188 1088 1080 1050  
  4189 1050 1080 1067  
  4190 1246 1278 1239  
  4191 1239 1278 1247  
  4192 1239 1247 1209  
  4193 1246 1239 1196  
  4194 1118 1157 1148  
  4195 1148 1157 1187  
  4196 1118 1148 1102  
  4197 1148 1187 1160  
  4198 1278 1322 1313  
  4199 1278 1313 1247  
  4200 1100 1061 1072  
  4201 1072 1061 1033  
  4202 1100 1072 1111  
  4203 1033 1061 1021  
  4204 1072 1033 1047  
  4205 1111 1072 1098  
  4206 1021 1061 1050  
  4207 1033 1021 998  
  4208 1047 1033 988  
  4209 998 1021 985  
  4210 1033 998 988  
  4211 985 1021 1015  
  4212 1015 1021 1050  
  4213 985 989 971  
  4214 985 953 954  
  4215 985 954 998  
  4216 1100 1111 1140  
  4217 1140 1111 1151  
  4218 1151 1111 1098  
  4219 1072 1047 1098  
  4220 1316 1306 1276  
  4221 1215 1190 1241  
  4222 2526 2478 2475  
  4223 2475 2429 2399  
  4224 2526 2475 2527  
  4225 97 120 80  
  4226 1438 1419 1371  
  4227 1769 1707 1744  
  4228 192 158 172  
  4229 192 172 216  
  4230 256 265 300  
  4231 1187 1216 1160  
  4232 822 792 821  
  4233 822 821 855  
  4234 362 398 391  
  4235 980 972 1022  
  4236 2375 2399 2337  
  4237 889 859 857  
  4238 857 859 830  
  4239 830 859 869  
  4240 889 865 896  
  4241 714 734 753  
  4242 888 923 897  
  4243 979 984 931  
  4244 812 830 869  
  4245 2267 2307 2337  
  4246 2267 2337 2294  
  4247 2294 2337 2362  
  4248 2267 2294 2224  
  4249 2362 2337 2399  
  4250 2362 2399 2429  
  4251 2294 2362 2327  
  4252 2267 2224 2194  
  4253 2362 2429 2390  
  4254 2224 2294 2255  
  4255 2429 2475 2478  
  4256 2429 2478 2442  
  4257 2442 2478 2531  
  4258 2429 2442 2390  
  4259 2390 2442 2411  
  4260 2411 2442 2470  
  4261 2390 2411 2346  
  4262 2470 2442 2531  
  4263 2411 2470 2472  
  4264 2346 2411 2368  
  4265 2390 2346 2327  
  4266 2327 2346 2276  
  4267 2276 2346 2310  
  4268 2327 2276 2255  
  4269 2255 2276 2209  
  4270 2209 2276 2244  
  4271 2255 2209 2187  
  4272 2472 2470 2524  
  4273 2390 2327 2362  
  4274 2310 2346 2368  
  4275 2310 2368 2334  
  4276 2334 2368 2396  
  4277 2310 2334 2264  
  4278 2276 2310 2244  
  4279 2244 2310 2264  
  4280 2244 2264 2197  
  4281 2197 2264 2221  
  4282 2244 2197 2209  
  4283 2221 2264 2291  
  4284 2197 2221 2151  
  4285 2187 2209 2138  
  4286 2255 2187 2224  
  4287 2224 2187 2153  
  4288 2153 2187 2082  
  4289 2224 2153 2194  
  4290 2194 2153 2116  
  4291 2116 2153 2075  
  4292 2116 2075 2043  
  4293 2075 2153 2082  
  4294 2396 2368 2472  
  4295 2334 2396 2361  
  4296 2264 2334 2291  
  4297 2291 2334 2361  
  4298 2368 2411 2472  
  4299 2221 2291 2284  
  4300 2284 2291 2361  
  4301 2197 2151 2078  
  4302 2151 2221 2180  
  4303 2187 2138 2082  
  4304 2082 2138 2078  
  4305 2361 2396 2428  
  4306 2180 2221 2284  
  4307 2151 2180 2119  
  4308 2119 2180 2170  
  4309 2209 2197 2138  
  4310 2138 2197 2078  
  4311 2428 2396 2467  
  4312 2428 2467 2480  
  4313 2294 2327 2255  
  4314 2361 2428 2417  
  4315 758 730 764  
  4316 2471 2448 2519  
  4317 1450 1484 1442  
  4318 855 856 822  
  4319 2284 2361 2319  
  4320 2319 2361 2417  
  4321 1193 1185 1228  
  4322 1193 1228 1210  
  4323 1193 1210 1179  
  4324 950 944 980  
  4325 2472 2520 2467  
  4326 1064 1094 1098  
  4327 895 869 859  
  4328 1535 1489 1511  
  4329 958 952 988  
  4330 497 516 466  
  4331 1598 1643 1554  
  4332 62 59 80  
  4333 398 364 418  
  4334 1775 1751 1691  
  4335 216 256 192  
  4336 664 681 647  
  4337 647 681 658  
  4338 664 647 633  
  4339 658 681 694  
  4340 694 681 714  
  4341 694 714 726  
  4342 647 658 622  
  4343 622 658 636  
  4344 647 622 610  
  4345 636 658 696  
  4346 622 636 607  
  4347 622 607 590  
  4348 607 636 592  
  4349 622 590 610  
  4350 610 590 573  
  4351 610 633 647  
  4352 1014 980 1022  
  4353 1014 1022 1058  
  4354 1345 1308 1291  
  4355 1291 1308 1266  
  4356 694 696 658  
  4357 356 391 402  
  4358 1727 1788 1757  
  4359 155 177 161  
  4360 161 177 194  
  4361 194 177 214  
  4362 161 194 172  
  4363 849 845 806  
  4364 1392 1386 1345  
  4365 1345 1386 1343  
  4366 1190 1162 1207  
  4367 1442 1474 1449  
  4368 1449 1474 1480  
  4369 370 349 323  
  4370 1214 1179 1210  
  4371 1826 1878 1799  
  4372 444 466 501  
  4373 1647 1693 1643  
  4374 1643 1693 1707  
  4375 630 665 652  
  4376 652 665 685  
  4377 630 652 617  
  4378 685 665 700  
  4379 652 685 671  
  4380 700 665 683  
  4381 685 700 730  
  4382 671 685 725  
  4383 652 671 635  
  4384 700 683 716  
  4385 716 683 701  
  4386 701 683 666  
  4387 700 716 735  
  4388 700 735 730  
  4389 1142 1131 1183  
  4390 2467 2515 2480  
  4391 1098 1129 1162  
  4392 983 1014 1016  
  4393 1016 1014 1064  
  4394 983 1016 988  
  4395 988 1016 1047  
  4396 869 901 876  
  4397 1489 1493 1431  
  4398 558 592 585  
  4399 1212 1207 1163  
  4400 1712 1725 1779  
  4401 753 726 714  
  4402 2399 2434 2475  
  4403 1364 1371 1419  
  4404 1751 1818 1813  
  4405 1525 1473 1490  
  4406 681 699 714  
  4407 1693 1703 1784  
  4408 176 192 235  
  4409 186 214 177  
  4410 2284 2246 2180  
  4411 1471 1456 1419  
  4412 1728 1708 1757  
  4413 1757 1708 1727  
  4414 919 889 896  
  4415 2201 2152 2122  
  4416 1251 1210 1228  
  4417 2162 2116 2076  
  4418 2076 2116 2043  
  4419 1179 1183 1131  
  4420 445 423 398  
  4421 1241 1280 1298  
  4422 813 782 781  
  4423 790 764 806  
  4424 1156 1193 1179  
  4425 584 550 567  
  4426 1058 1064 1014  
  4427 1013 979 990  
  4428 990 979 957  
  4429 923 958 929  
  4430 929 958 954  
  4431 923 929 897  
  4432 897 929 921  
  4433 673 637 679  
  4434 42 62 54  
  4435 1216 1246 1196  
  4436 1648 1615 1601  
  4437 1648 1601 1634  
  4438 2119 2099 2047  
  4439 2119 2047 2058  
  4440 696 698 667  
  4441 667 698 672  
  4442 696 667 636  
  4443 672 698 697  
  4444 667 672 639  
  4445 639 672 654  
  4446 654 672 697  
  4447 667 639 636  
  4448 1808 1744 1784  
  4449 402 422 370  
  4450 730 725 685  
  4451 120 124 155  
  4452 1707 1730 1673  
  4453 1673 1730 1696  
  4454 1707 1673 1650  
  4455 1696 1730 1758  
  4456 1696 1758 1688  
  4457 1673 1696 1645  
  4458 1645 1696 1688  
  4459 1650 1673 1619  
  4460 1619 1673 1645  
  4461 1707 1650 1643  
  4462 1762 1727 1699  
  4463 1699 1727 1634  
  4464 1762 1699 1731  
  4465 1731 1699 1674  
  4466 1674 1699 1638  
  4467 1731 1674 1685  
  4468 1762 1731 1799  
  4469 875 849 870  
  4470 1431 1392 1439  
  4471 1439 1392 1400  
  4472 1431 1439 1489  
  4473 1400 1392 1335  
  4474 1439 1400 1447  
  4475 1447 1400 1398  
  4476 1439 1447 1489  
  4477 1398 1400 1363  
  4478 1363 1400 1335  
  4479 1398 1358 1374  
  4480 1447 1398 1428  
  4481 1428 1398 1397  
  4482 388 370 422  
  4483 1901 1826 1836  
  4484 1104 1142 1126  
  4485 1126 1142 1175  
  4486 615 630 599  
  4487 599 630 617  
  4488 210 240 267  
  4489 839 826 876  
  4490 617 652 635  
  4491 707 673 679  
  4492 521 558 551  
  4493 375 401 365  
  4494 2443 2422 2504  
  4495 1728 1787 1750  
  4496 1490 1473 1437  
  4497 973 939 943  
  4498 1064 1098 1047  
  4499 1419 1456 1399  
  4500 958 988 998  
  4501 2099 2041 2009  
  4502 1338 1349 1382  
  4503 1744 1707 1693  
  4504 265 305 300  
  4505 1556 1598 1517  
  4506 1207 1241 1190  
  4507 764 730 735  
  4508 2472 2467 2396  
  4509 1708 1648 1727  
  4510 1260 1241 1298  
  4511 635 671 659  
  4512 516 501 466  
  4513 279 303 330  
  4514 1371 1382 1438  
  4515 309 290 264  
  4516 1662 1626 1617  
  4517 1662 1617 1658  
  4518 997 1032 1004  
  4519 919 896 931  
  4520 2152 2178 2068  
  4521 762 771 732  
  4522 539 523 568  
  4523 2353 2299 2323  
  4524 94 78 69  
  4525 1346 1300 1344  
  4526 1300 1294 1262  
  4527 2600 2562 2564  
  4528 1541 1537 1494  
  4529 1754 1747 1705  
  4530 190 165 218  
  4531 74 88 107  
  4532 2500 2481 2455  
  4533 2614 2570 2562  
  4534 861 833 872  
  4535 2619 2585 2579  
  4536 644 612 659  
  4537 2488 2513 2460  
  4538 1682 1630 1677  
  4539 56 74 48  
  4540 1747 1819 1811  
  4541 2627 2574 2584  
  4542 2577 2610 2561  
  4543 690 659 709  
  4544 1331 1377 1388  
  4545 1726 1739 1677  
  4546 1175 1170 1137  
  4547 1213 1175 1226  
  4548 143 125 165  
  4549 1206 1249 1259  
  4550 15 18 27  
  4551 2121 2061 2101  
  4552 833 820 794  
  4553 1855 1937 1923  
  4554 2589 2551 2544  
  4555 2022 2012 1923  
  4556 1197 1206 1167  
  4557 747 739 709  
  4558 357 380 325  
  4559 2598 2552 2561  
  4560 2585 2626 2575  
  4561 1329 1331 1293  
  4562 1629 1580 1630  
  4563 858 890 882  
  4564 10 5 15  
  4565 2122 2152 2055  
  4566 1836 1826 1764  
  4567 2480 2417 2428  
  4568 1129 1163 1162  
  4569 1799 1731 1826  
  4570 1826 1732 1764  
  4571 1500 1511 1447  
  4572 1601 1615 1558  
  4573 2048 2105 2021  
  4574 242 267 299  
  4575 2002 1904 1872  
  4576 1658 1718 1662  
  4577 2047 2099 2009  
  4578 1517 1480 1556  
  4579 849 823 870  
  4580 173 179 132  
  4581 1583 1554 1650  
  4582 1554 1643 1650  
  4583 1554 1517 1598  
  4584 679 715 707  
  4585 456 494 481  
  4586 1196 1160 1216  
  4587 180 173 154  
  4588 180 154 188  
  4589 494 534 517  
  4590 341 300 305  
  4591 732 697 731  
  4592 1518 1551 1599  
  4593 640 679 637  
  4594 640 637 603  
  4595 2068 2055 2152  
  4596 534 567 550  
  4597 788 824 798  
  4598 1717 1688 1786  
  4599 1333 1302 1351  
  4600 365 341 342  
  4601 620 585 639  
  4602 585 592 639  
  4603 585 551 558  
  4604 754 788 761  
  4605 754 761 715  
  4606 418 456 433  
  4607 433 456 445  
  4608 418 433 398  
  4609 433 445 398  
  4610 865 889 857  
  4611 865 857 824  
  4612 824 857 830  
  4613 280 235 256  
  4614 235 192 256  
  4615 280 256 300  
  4616 513 479 495  
  4617 383 418 364  
  4618 235 202 176  
  4619 1732 1826 1731  
  4620 1732 1731 1685  
  4621 202 188 163  
  4622 551 513 521  
  4623 179 187 136  
  4624 567 603 584  
  4625 1619 1583 1650  
  4626 654 620 639  
  4627 1988 2077 2046  
  4628 929 954 921  
  4629 2076 2039 2134  
  4630 2039 2068 2134  
  4631 2033 2082 2078  
  4632 1948 1991 2042  
  4633 2058 2014 2078  
  4634 1302 1258 1247  
  4635 2055 1987 2042  
  4636 1155 1194 1172  
  4637 1243 1291 1266  
  4638 1551 1558 1615  
  4639 1764 1743 1789  
  4640 990 1005 1049  
  4641 931 957 979  
  4642 1801 1853 1890  
  4643 1986 1888 1930  
  4644 1291 1292 1335  
  4645 1394 1348 1375  
  4646 1121 1102 1148  
  4647 1449 1405 1442  
  4648 1160 1121 1148  
  4649 897 862 840  
  4650 1428 1443 1481  
  4651 1934 1917 2040  
  4652 1634 1638 1699  
  4653 1209 1196 1239  
  4654 1869 1934 1967  
  4655 1967 1934 2066  
  4656 1789 1801 1890  
  4657 810 847 842  
  4658 402 370 356  
  4659 2524 2470 2531  
  4660 2246 2170 2180  
  4661 876 870 839  
  4662 1392 1345 1335  
  4663 80 59 97  
  4664 2483 2510 2562  
  4665 1142 1183 1175  
  4666 1557 1603 1630  
  4667 1630 1603 1677  
  4668 2475 2434 2527  
  4669 2210 2175 2115  
  4670 1648 1634 1727  
  4671 1744 1693 1784  
  4672 1207 1162 1163  
  4673 1047 1016 1064  
  4674 781 753 734  
  4675 636 639 592  
  4676 1049 1041 990  
  4677 2585 2524 2531  
  4678 1747 1741 1663  
  4679 833 790 845  
  4680 59 74 97  
  4681 165 141 193  
  4682 2515 2561 2480  
  4683 15 31 34  
  4684 1671 1677 1595  
  4685 1206 1212 1163  
  4686 1300 1251 1267  
  4687 1280 1331 1298  
  4688 725 709 671  
  4689 2036 1976 2110  
  4690 2122 2055 2042  
  4691 172 194 216  
  4692 230 194 255  
  4693 958 998 954  
  4694 1511 1489 1447  
  4695 2119 2058 2151  
  4696 2151 2058 2078  
  4697 1725 1751 1813  
  4698 120 155 134  
  4699 2422 2497 2504  
  4700 1335 1345 1291  
  4701 175 193 141  
  4702 869 876 826  
  4703 2314 2385 2293  
  4704 806 845 790  
  4705 709 659 671  
  4706 1447 1428 1500  
  4707 1313 1302 1247  
  4708 897 840 888  
  END_ELEMENTS  
  COORDINATES  
   1  -5.156465e-01  1.408584e+00   
   2  -4.920373e-01  1.417004e+00   
   3  -5.391117e-01  1.399771e+00   
   4  -4.957378e-01  1.391769e+00   
   5  -5.182264e-01  1.379808e+00   
   6  -4.718308e-01  1.396354e+00   
   7  -5.444796e-01  1.372700e+00   
   8  -4.682907e-01  1.425028e+00   
   9  -5.624263e-01  1.390567e+00   
   10  -4.809481e-01  1.357096e+00   
   11  -4.484852e-01  1.407779e+00   
   12  -5.640433e-01  1.361721e+00   
   13  -4.444134e-01  1.432654e+00   
   14  -5.855839e-01  1.380975e+00   
   15  -5.385904e-01  1.331634e+00   
   16  -4.329832e-01  1.373519e+00   
   17  -4.249081e-01  1.411340e+00   
   18  -5.856702e-01  1.348665e+00   
   19  -6.085780e-01  1.370997e+00   
   20  -4.204119e-01  1.439880e+00   
   21  -4.824492e-01  1.308361e+00   
   22  -4.008425e-01  1.423703e+00   
   23  -6.125827e-01  1.343691e+00   
   24  -4.348633e-01  1.323307e+00   
   25  -6.314021e-01  1.360636e+00   
   26  -3.962931e-01  1.446704e+00   
   27  -6.061915e-01  1.311367e+00   
   28  -3.820452e-01  1.393727e+00   
   29  -3.805542e-01  1.426864e+00   
   30  -6.312829e-01  1.335640e+00   
   31  -5.627669e-01  1.275876e+00   
   32  -3.904022e-01  1.337099e+00   
   33  -4.522397e-01  1.277641e+00   
   34  -4.982184e-01  1.262640e+00   
   35  -6.540500e-01  1.349896e+00   
   36  -3.720636e-01  1.453124e+00   
   37  -4.048267e-01  1.289442e+00   
   38  -6.537366e-01  1.321006e+00   
   39  -3.536509e-01  1.430860e+00   
   40  -6.765152e-01  1.338778e+00   
   41  -3.477302e-01  1.459138e+00   
   42  -6.073627e-01  1.253538e+00   
   43  -3.455050e-01  1.349397e+00   
   44  -6.768192e-01  1.313276e+00   
   45  -4.617981e-01  1.228975e+00   
   46  -3.296921e-01  1.436569e+00   
   47  -3.270921e-01  1.402493e+00   
   48  -6.575401e-01  1.280884e+00   
   49  -3.565136e-01  1.301485e+00   
   50  -4.180748e-01  1.241523e+00   
   51  -5.094005e-01  1.214010e+00   
   52  -6.987915e-01  1.327287e+00   
   53  -3.232997e-01  1.464745e+00   
   54  -5.578474e-01  1.202514e+00   
   55  -3.697151e-01  1.253944e+00   
   56  -6.975129e-01  1.298424e+00   
   57  -3.056413e-01  1.441878e+00   
   58  -3.002220e-01  1.360189e+00   
   59  -6.525320e-01  1.232383e+00   
   60  -7.208726e-01  1.315425e+00   
   61  -2.987790e-01  1.469943e+00   
   62  -6.115820e-01  1.203747e+00   
   63  -3.088077e-01  1.315745e+00   
   64  -4.761887e-01  1.181373e+00   
   65  -4.279923e-01  1.193628e+00   
   66  -2.815051e-01  1.446784e+00   
   67  -7.225845e-01  1.287880e+00   
   68  -3.209273e-01  1.267308e+00   
   69  -2.748546e-01  1.415134e+00   
   70  -3.806318e-01  1.208795e+00   
   71  -5.231449e-01  1.166807e+00   
   72  -7.427525e-01  1.303196e+00   
   73  -2.741748e-01  1.474730e+00   
   74  -7.167475e-01  1.255143e+00   
   75  -5.715484e-01  1.154482e+00   
   76  -3.330850e-01  1.221193e+00   
   77  -7.405102e-01  1.274391e+00   
   78  -2.572903e-01  1.451286e+00   
   79  -2.619996e-01  1.329754e+00   
   80  -6.544329e-01  1.175731e+00   
   81  -4.414200e-01  1.145534e+00   
   82  -2.729884e-01  1.281266e+00   
   83  -7.644250e-01  1.290602e+00   
   84  -2.494940e-01  1.479105e+00   
   85  -4.868376e-01  1.132733e+00   
   86  -3.911053e-01  1.159973e+00   
   87  -2.351750e-01  1.374503e+00   
   88  -7.602040e-01  1.258569e+00   
   89  -6.194065e-01  1.140199e+00   
   90  -2.310797e-01  1.458549e+00   
   91  -2.851355e-01  1.233212e+00   
   92  -3.459328e-01  1.173094e+00   
   93  -5.346234e-01  1.118195e+00   
   94  -2.170566e-01  1.428804e+00   
   95  -7.858840e-01  1.277649e+00   
   96  -2.247436e-01  1.483068e+00   
   97  -7.278033e-01  1.189483e+00   
   98  -2.114105e-01  1.463879e+00   
   99  -2.128379e-01  1.343665e+00   
   100  -5.829748e-01  1.106036e+00   
   101  -2.252636e-01  1.295939e+00   
   102  -2.985819e-01  1.185201e+00   
   103  -7.862134e-01  1.250053e+00   
   104  -4.045489e-01  1.112001e+00   
   105  -4.523815e-01  1.097456e+00   
   106  -6.673333e-01  1.127534e+00   
   107  -7.752930e-01  1.219126e+00   
   108  -2.370812e-01  1.246627e+00   
   109  -5.005862e-01  1.084838e+00   
   110  -8.071235e-01  1.264338e+00   
   111  -1.999304e-01  1.486616e+00   
   112  -3.564412e-01  1.124951e+00   
   113  -1.856590e-01  1.380499e+00   
   114  -8.036737e-01  1.239581e+00   
   115  -2.516083e-01  1.201716e+00   
   116  -6.313517e-01  1.093436e+00   
   117  -1.842419e-01  1.462355e+00   
   118  -3.088818e-01  1.139788e+00   
   119  -5.479130e-01  1.070591e+00   
   120  -7.240333e-01  1.139656e+00   
   121  -8.281377e-01  1.250675e+00   
   122  -1.750614e-01  1.489749e+00   
   123  -1.794562e-01  1.307363e+00   
   124  -7.690237e-01  1.161400e+00   
   125  -1.589194e-01  1.431002e+00   
   126  -4.173098e-01  1.063742e+00   
   127  -1.886948e-01  1.258533e+00   
   128  -5.962287e-01  1.057862e+00   
   129  -8.239765e-01  1.222085e+00   
   130  -1.597805e-01  1.465230e+00   
   131  -2.615031e-01  1.152917e+00   
   132  -3.692107e-01  1.077094e+00   
   133  -4.655188e-01  1.049257e+00   
   134  -6.791277e-01  1.079055e+00   
   135  -2.031452e-01  1.210845e+00   
   136  -3.218360e-01  1.091549e+00   
   137  -5.117676e-01  1.036251e+00   
   138  -8.489206e-01  1.236662e+00   
   139  -1.501435e-01  1.492467e+00   
   140  -8.201755e-01  1.183874e+00   
   141  -1.363184e-01  1.387798e+00   
   142  -8.453783e-01  1.211759e+00   
   143  -1.352745e-01  1.467695e+00   
   144  -2.141180e-01  1.168711e+00   
   145  -6.441759e-01  1.043862e+00   
   146  -2.736294e-01  1.104624e+00   
   147  -5.596647e-01  1.022028e+00   
   148  -1.320329e-01  1.322966e+00   
   149  -1.424897e-01  1.274149e+00   
   150  -8.694665e-01  1.222304e+00   
   151  -1.251837e-01  1.494767e+00   
   152  -8.074024e-01  1.135054e+00   
   153  -1.563646e-01  1.227392e+00   
   154  -4.290821e-01  1.015193e+00   
   155  -7.498404e-01  1.080713e+00   
   156  -4.769209e-01  1.001070e+00   
   157  -8.643523e-01  1.193869e+00   
   158  -6.079568e-01  1.009466e+00   
   159  -2.255687e-01  1.118225e+00   
   160  -1.085492e-01  1.472746e+00   
   161  -6.923755e-01  1.030945e+00   
   162  -1.667281e-01  1.178865e+00   
   163  -5.251088e-01  9.881886e-01   
   164  -7.973970e-01  1.095923e+00   
   165  -9.508129e-02  1.441635e+00   
   166  -8.897696e-01  1.207605e+00   
   167  -1.001890e-01  1.496650e+00   
   168  -8.592741e-01  1.155807e+00   
   169  -8.810856e-02  1.476355e+00   
   170  -8.853966e-01  1.182834e+00   
   171  -1.813513e-01  1.131448e+00   
   172  -6.558847e-01  9.952653e-01   
   173  -3.665193e-01  9.983204e-01   
   174  -2.390877e-01  1.070328e+00   
   175  -8.390318e-02  1.335157e+00   
   176  -5.726831e-01  9.741709e-01   
   177  -7.394323e-01  1.031827e+00   
   178  -9.409867e-02  1.286426e+00   
   179  -3.158964e-01  1.015475e+00   
   180  -4.162163e-01  9.786440e-01   
   181  -1.079150e-01  1.238452e+00   
   182  -8.448794e-01  1.107441e+00   
   183  -9.098243e-01  1.192569e+00   
   184  -7.516620e-02  1.498115e+00   
   185  -1.192000e-01  1.194085e+00   
   186  -7.869546e-01  1.047314e+00   
   187  -2.644756e-01  1.030064e+00   
   188  -4.610152e-01  9.559152e-01   
   189  -9.037627e-01  1.164320e+00   
   190  -6.155714e-02  1.472630e+00   
   191  -1.910535e-01  1.083350e+00   
   192  -6.209477e-01  9.612088e-01   
   193  -4.987331e-02  1.393585e+00   
   194  -7.167148e-01  9.880922e-01   
   195  -1.326614e-01  1.142396e+00   
   196  -8.339593e-01  1.063512e+00   
   197  -9.296248e-01  1.177199e+00   
   198  -5.012247e-02  1.499162e+00   
   199  -8.973978e-01  1.126453e+00   
   200  -3.170581e-01  9.758046e-01   
   201  -3.896616e-01  9.491492e-01   
   202  -5.123332e-01  9.319306e-01   
   203  -3.429700e-01  9.637198e-01   
   204  -3.623837e-01  9.559400e-01   
   205  -6.070511e-02  1.254135e+00   
   206  -4.730141e-02  1.301409e+00   
   207  -4.133907e-01  9.390573e-01   
   208  -2.941154e-01  9.797348e-01   
   209  -9.230921e-01  1.149056e+00   
   210  -1.437561e-01  1.098837e+00   
   211  -3.461234e-02  1.476335e+00   
   212  -2.036089e-01  1.036264e+00   
   213  -2.676290e-01  9.905025e-01   
   214  -7.772792e-01  9.982773e-01   
   215  -4.368588e-01  9.283722e-01   
   216  -6.690388e-01  9.466200e-01   
   217  -7.159245e-02  1.205594e+00   
   218  -2.671856e-02  1.445954e+00   
   219  -2.720327e-02  1.351224e+00   
   220  -8.814127e-01  1.078591e+00   
   221  -2.445178e-01  9.932750e-01   
   222  -4.562737e-01  9.155318e-01   
   223  -8.522086e-02  1.157751e+00   
   224  -9.491658e-01  1.161501e+00   
   225  -2.506473e-02  1.499791e+00   
   226  -3.446429e-01  9.387339e-01   
   227  -8.245644e-01  1.014474e+00   
   228  -3.209436e-01  9.470983e-01   
   229  -3.681246e-01  9.297765e-01   
   230  -7.188225e-01  9.502120e-01   
   231  -2.175239e-01  1.002698e+00   
   232  -2.970416e-01  9.548645e-01   
   233  -3.913737e-01  9.202318e-01   
   234  -4.829524e-01  9.052499e-01   
   235  -5.585103e-01  9.050117e-01   
   236  -1.427294e-02  1.477244e+00   
   237  -9.421638e-01  1.133471e+00   
   238  -2.729519e-01  9.620277e-01   
   239  -4.143756e-01  9.101060e-01   
   240  -1.539952e-01  1.047201e+00   
   241  -2.486899e-01  9.685832e-01   
   242  -9.624722e-02  1.109928e+00   
   243  -1.922573e-01  1.007848e+00   
   244  -4.371158e-01  8.994053e-01   
   245  -7.964710e-10  1.392927e+00   
   246  -5.016977e-01  8.914503e-01   
   247  -8.712306e-01  1.030496e+00   
   248  -4.049861e-03  1.306967e+00   
   249  -9.344132e-01  1.095864e+00   
   250  -2.242708e-01  9.745269e-01   
   251  -1.234414e-02  1.265960e+00   
   252  -4.595799e-01  8.881364e-01   
   253  -9.684418e-01  1.145478e+00   
   254   0.000000e+00  1.500000e+00   
   255  -7.674060e-01  9.493404e-01   
   256  -6.474676e-01  9.015366e-01   
   257  -2.389725e-02  1.220388e+00   
   258  -1.668693e-01  1.012361e+00   
   259  -5.278261e-01  8.798409e-01   
   260  -9.623957e-01  1.121061e+00   
   261   1.231487e-02  1.473865e+00   
   262  -1.997100e-01  9.798551e-01   
   263  -4.817537e-01  8.763067e-01   
   264  -8.146373e-01  9.655117e-01   
   265  -6.972907e-01  9.054721e-01   
   266  -3.676199e-02  1.169810e+00   
   267  -1.067322e-01  1.058106e+00   
   268  -9.169615e-01  1.048536e+00   
   269   2.254876e-02  1.349243e+00   
   270  -1.413758e-01  1.016235e+00   
   271  -1.750231e-01  9.845643e-01   
   272  -5.458544e-01  8.651169e-01   
   273  -5.036232e-01  8.639234e-01   
   274   2.933371e-02  1.439411e+00   
   275  -4.853982e-02  1.124111e+00   
   276  -9.874473e-01  1.129136e+00   
   277   2.506473e-02  1.499791e+00   
   278  -7.466961e-01  9.104103e-01   
   279  -8.619585e-01  9.815307e-01   
   280  -6.049881e-01  8.605256e-01   
   281   3.567858e-02  1.476972e+00   
   282  -9.795125e-01  1.101355e+00   
   283  -1.502256e-01  9.886517e-01   
   284  -5.251746e-01  8.509945e-01   
   285  -1.157931e-01  1.019467e+00   
   286  -5.713664e-01  8.522094e-01   
   287   4.654463e-02  1.392149e+00   
   288   3.513151e-02  1.281058e+00   
   289   2.385279e-02  1.232533e+00   
   290  -7.965456e-01  9.131407e-01   
   291  -9.696429e-01  1.064217e+00   
   292  -1.253332e-01  9.921147e-01   
   293  -5.463943e-01  8.375280e-01   
   294   1.065164e-02  1.184496e+00   
   295  -1.006177e+00  1.112478e+00   
   296   5.012247e-02  1.499162e+00   
   297  -9.252765e-02  1.018736e+00   
   298  -5.926021e-01  8.375817e-01   
   299  -5.343360e-02  1.062132e+00   
   300  -6.465189e-01  8.443893e-01   
   301  -9.991451e-01  1.088314e+00   
   302   6.155714e-02  1.472630e+00   
   303  -9.131128e-01  9.842256e-01   
   304  -7.198352e-04  1.136154e+00   
   305  -7.246645e-01  8.625732e-01   
   306  -9.514863e-01  1.017310e+00   
   307  -1.003617e-01  9.949510e-01   
   308  -5.672689e-01  8.235326e-01   
   309  -8.474532e-01  9.208308e-01   
   310  -6.442443e-02  1.023997e+00   
   311  -6.134635e-01  8.224251e-01   
   312   7.817682e-02  1.438082e+00   
   313  -1.405520e-02  1.088142e+00   
   314   7.247829e-02  1.313373e+00   
   315  -1.024626e+00  1.095510e+00   
   316   7.516620e-02  1.498115e+00   
   317  -7.742053e-01  8.687488e-01   
   318  -7.532681e-02  9.971589e-01   
   319  -5.877853e-01  8.090170e-01   
   320   8.516396e-02  1.475046e+00   
   321  -1.015767e+00  1.068010e+00   
   322   9.303729e-02  1.389817e+00   
   323   7.166912e-02  1.246993e+00   
   324  -3.867094e-02  1.025293e+00   
   325  -9.985946e-01  1.032539e+00   
   326   5.900558e-02  1.197040e+00   
   327  -6.299230e-01  8.059661e-01   
   328   4.711670e-02  1.150409e+00   
   329  -8.229263e-01  8.710243e-01   
   330  -8.973076e-01  9.202906e-01   
   331  -5.024432e-02  9.987370e-01   
   332  -6.079303e-01  7.939904e-01   
   333  -1.042789e+00  1.078236e+00   
   334   1.001890e-01  1.496650e+00   
   335   1.050168e-01  1.351244e+00   
   336  -9.569526e-01  9.681245e-01   
   337  -1.309594e-02  1.037762e+00   
   338  -1.033740e+00  1.054583e+00   
   339   1.107307e-01  1.469751e+00   
   340   3.433430e-02  1.100560e+00   
   341  -6.963947e-01  8.037522e-01   
   342  -7.549925e-01  8.229166e-01   
   343  -6.540108e-01  7.905633e-01   
   344  -2.513010e-02  9.996842e-01   
   345  -8.723439e-01  8.776312e-01   
   346  -6.276914e-01  7.784623e-01   
   347  -9.358925e-01  9.232905e-01   
   348   1.262954e-01  1.434731e+00   
   349   1.215894e-01  1.304370e+00   
   350  -8.041454e-01  8.302457e-01   
   351  -1.060660e+00  1.060660e+00   
   352   1.251837e-01  1.494767e+00   
   353   2.903997e-02  1.051735e+00   
   354  -1.000101e+00  9.717841e-01   
   355   1.289303e-02  1.025941e+00   
   356   1.067443e-01  1.211515e+00   
   357  -1.050888e+00  1.033472e+00   
   358   1.352745e-01  1.467695e+00   
   359  -6.736712e-01  7.738783e-01   
   360   1.394260e-01  1.385932e+00   
   361   0.000000e+00  1.000000e+00   
   362   9.502014e-02  1.163027e+00   
   363  -6.470560e-01  7.624425e-01   
   364   8.209766e-02  1.114845e+00   
   365  -7.279990e-01  7.752402e-01   
   366  -9.199933e-01  8.763774e-01   
   367  -8.537485e-01  8.318357e-01   
   368  -1.078236e+00  1.042789e+00   
   369   1.501435e-01  1.492467e+00   
   370   1.390398e-01  1.257533e+00   
   371  -9.838905e-01  9.265557e-01   
   372   1.531400e-01  1.342793e+00   
   373   3.867094e-02  1.025293e+00   
   374  -6.929061e-01  7.567044e-01   
   375  -7.816077e-01  7.857170e-01   
   376   1.597805e-01  1.465230e+00   
   377   2.513010e-02  9.996842e-01   
   378  -6.660119e-01  7.459411e-01   
   379  -1.071710e+00  1.015973e+00   
   380  -1.052878e+00  9.893415e-01   
   381   1.676422e-01  1.426613e+00   
   382  -9.023875e-01  8.406254e-01   
   383   8.010821e-02  1.060454e+00   
   384  -9.682240e-01  8.876654e-01   
   385  -1.095510e+00  1.024626e+00   
   386   1.750614e-01  1.489749e+00   
   387  -8.314208e-01  7.887843e-01   
   388   1.708296e-01  1.296103e+00   
   389   6.442443e-02  1.023997e+00   
   390  -7.117033e-01  7.390527e-01   
   391   1.429706e-01  1.177094e+00   
   392   5.024432e-02  9.987370e-01   
   393  -6.845471e-01  7.289686e-01   
   394  -1.086027e+00  1.001498e+00   
   395  -1.033067e+00  9.343544e-01   
   396   1.856590e-01  1.380499e+00   
   397   1.842419e-01  1.462355e+00   
   398   1.303821e-01  1.127719e+00   
   399  -8.793128e-01  7.964201e-01   
   400  -9.518446e-01  8.410547e-01   
   401  -7.660309e-01  7.376832e-01   
   402   1.751601e-01  1.216469e+00   
   403   8.720285e-02  1.019206e+00   
   404  -1.112478e+00  1.006177e+00   
   405   1.999304e-01  1.486616e+00   
   406   7.532681e-02  9.971589e-01   
   407  -1.015794e+00  8.883284e-01   
   408   2.021841e-01  1.334199e+00   
   409  -7.026500e-01  7.115357e-01   
   410  -7.289089e-01  7.168228e-01   
   411   2.097302e-01  1.424940e+00   
   412  -1.101355e+00  9.795125e-01   
   413   2.103300e-01  1.462472e+00   
   414  -8.128243e-01  7.424710e-01   
   415  -1.081282e+00  9.455987e-01   
   416  -9.291109e-01  7.990075e-01   
   417  -9.999689e-01  8.522304e-01   
   418   1.332888e-01  1.055090e+00   
   419   1.157931e-01  1.019467e+00   
   420   1.003617e-01  9.949510e-01   
   421  -7.438512e-01  7.021892e-01   
   422   2.106093e-01  1.251717e+00   
   423   1.878959e-01  1.168239e+00   
   424  -7.203090e-01  6.936533e-01   
   425  -1.129136e+00  9.874473e-01   
   426   2.247436e-01  1.483068e+00   
   427  -8.621845e-01  7.498410e-01   
   428   2.213803e-01  1.288087e+00   
   429  -1.063712e+00  8.993127e-01   
   430   2.316847e-01  1.373524e+00   
   431  -1.117569e+00  9.609723e-01   
   432   2.330036e-01  1.455382e+00   
   433   1.662157e-01  1.093885e+00   
   434  -9.759526e-01  8.085284e-01   
   435   1.253332e-01  9.921147e-01   
   436   1.413758e-01  1.016235e+00   
   437  -7.375131e-01  6.753328e-01   
   438  -9.121511e-01  7.521149e-01   
   439   2.234187e-01  1.203426e+00   
   440  -7.653518e-01  6.833426e-01   
   441  -1.145478e+00  9.684418e-01   
   442   2.494940e-01  1.479105e+00   
   443  -1.049428e+00  8.516140e-01   
   444   2.515725e-01  1.327877e+00   
   445   2.006090e-01  1.119883e+00   
   446  -8.001817e-01  6.905762e-01   
   447   2.572276e-01  1.417136e+00   
   448  -8.398647e-01  7.055400e-01   
   449   2.590810e-01  1.454628e+00   
   450  -1.137176e+00  9.421223e-01   
   451  -1.119381e+00  9.133481e-01   
   452  -9.611567e-01  7.613343e-01   
   453  -1.025796e+00  8.100454e-01   
   454   1.502256e-01  9.886517e-01   
   455  -7.542514e-01  6.565858e-01   
   456   1.861327e-01  1.047060e+00   
   457  -7.822825e-01  6.638934e-01   
   458  -8.892927e-01  7.097390e-01   
   459  -1.161501e+00  9.491658e-01   
   460   2.741748e-01  1.474730e+00   
   461   1.690029e-01  1.008872e+00   
   462   2.587991e-01  1.238533e+00   
   463   2.361294e-01  1.155069e+00   
   464  -1.093168e+00  8.632665e-01   
   465   2.774516e-01  1.365015e+00   
   466   2.709713e-01  1.281808e+00   
   467  -1.151915e+00  9.276048e-01   
   468   2.815051e-01  1.446784e+00   
   469  -9.367382e-01  7.179334e-01   
   470   1.750231e-01  9.845643e-01   
   471  -1.007778e+00  7.635480e-01   
   472  -1.072860e+00  8.184970e-01   
   473  -7.705132e-01  6.374240e-01   
   474   1.922573e-01  1.007848e+00   
   475  -7.987192e-01  6.440249e-01   
   476  -1.177199e+00  9.296248e-01   
   477   2.987790e-01  1.469943e+00   
   478   2.715351e-01  1.190191e+00   
   479  -8.361984e-01  6.570785e-01   
   480   3.044391e-01  1.407748e+00   
   481   2.488433e-01  1.106723e+00   
   482  -1.164320e+00  9.037627e-01   
   483   3.075430e-01  1.445158e+00   
   484  -1.148761e+00  8.686574e-01   
   485   1.997100e-01  9.798551e-01   
   486  -9.865210e-01  7.191886e-01   
   487  -7.862884e-01  6.178596e-01   
   488  -1.056981e+00  7.716517e-01   
   489  -8.105684e-01  6.239897e-01   
   490  -1.121404e+00  8.262563e-01   
   491   3.229086e-01  1.354982e+00   
   492  -1.192569e+00  9.098243e-01   
   493   3.232997e-01  1.464745e+00   
   494   2.385064e-01  1.036385e+00   
   495  -9.203850e-01  6.711666e-01   
   496   2.194795e-01  9.991061e-01   
   497   3.070254e-01  1.225364e+00   
   498   2.843452e-01  1.141871e+00   
   499  -1.179259e+00  8.841810e-01   
   500   3.296921e-01  1.436569e+00   
   501   3.307504e-01  1.310401e+00   
   502   2.242708e-01  9.745269e-01   
   503  -9.694360e-01  6.802572e-01   
   504  -8.015670e-01  5.979050e-01   
   505  -1.038434e+00  7.253735e-01   
   506  -1.103966e+00  7.796181e-01   
   507   2.426531e-01  9.969152e-01   
   508  -8.300690e-01  6.030804e-01   
   509  -1.207605e+00  8.897696e-01   
   510   3.477302e-01  1.459138e+00   
   511   3.197711e-01  1.177151e+00   
   512   3.513201e-01  1.396774e+00   
   513  -8.681567e-01  6.142344e-01   
   514  -1.193869e+00  8.643523e-01   
   515   3.536509e-01  1.430860e+00   
   516   3.425037e-01  1.260582e+00   
   517   2.970718e-01  1.093693e+00   
   518  -1.177033e+00  8.298432e-01   
   519   2.486899e-01  9.685832e-01   
   520  -1.017630e+00  6.823221e-01   
   521  -9.455189e-01  6.364719e-01   
   522  -8.163393e-01  5.775727e-01   
   523  -1.087712e+00  7.329429e-01   
   524  -1.148387e+00  7.883232e-01   
   525   3.680050e-01  1.343435e+00   
   526  -1.222304e+00  8.694665e-01   
   527   3.720636e-01  1.453124e+00   
   528  -8.449623e-01  5.820302e-01   
   529   2.694017e-01  9.868166e-01   
   530   3.552730e-01  1.212282e+00   
   531  -1.210391e+00  8.473118e-01   
   532   3.326145e-01  1.128843e+00   
   533   3.775109e-01  1.424751e+00   
   534   2.902777e-01  1.023093e+00   
   535   3.782114e-01  1.295346e+00   
   536   2.729519e-01  9.620277e-01   
   537  -9.953864e-01  6.380281e-01   
   538  -8.305959e-01  5.568756e-01   
   539  -1.067019e+00  6.850074e-01   
   540  -1.136732e+00  7.420403e-01   
   541  -1.236662e+00  8.489206e-01   
   542   3.962931e-01  1.446704e+00   
   543   2.924359e-01  9.834641e-01   
   544   3.978753e-01  1.384155e+00   
   545   3.679958e-01  1.164153e+00   
   546  -1.222085e+00  8.239765e-01   
   547  -8.581894e-01  5.566824e-01   
   548   4.033999e-01  1.421366e+00   
   549   3.906167e-01  1.247591e+00   
   550   3.452948e-01  1.080528e+00   
   551  -8.979220e-01  5.698386e-01   
   552  -1.203312e+00  7.904466e-01   
   553   2.970416e-01  9.548645e-01   
   554  -1.174088e+00  7.495096e-01   
   555   4.126903e-01  1.330388e+00   
   556  -8.443279e-01  5.358268e-01   
   557  -1.044675e+00  6.404273e-01   
   558  -9.722259e-01  5.937614e-01   
   559  -1.250675e+00  8.281377e-01   
   560   4.204119e-01  1.439880e+00   
   561  -1.237869e+00  8.064730e-01   
   562  -8.731388e-01  5.388405e-01   
   563   4.249081e-01  1.411340e+00   
   564   3.186434e-01  9.720343e-01   
   565   4.035484e-01  1.199303e+00   
   566   3.806754e-01  1.115789e+00   
   567   3.413156e-01  1.007216e+00   
   568  -1.123818e+00  6.835455e-01   
   569   4.263166e-01  1.282498e+00   
   570   3.209436e-01  9.470983e-01   
   571  -8.575267e-01  5.144395e-01   
   572  -1.022136e+00  5.959776e-01   
   573  -1.094558e+00  6.433150e-01   
   574  -1.264338e+00  8.071235e-01   
   575   4.444134e-01  1.432654e+00   
   576   4.444520e-01  1.369389e+00   
   577   3.414801e-01  9.675287e-01   
   578  -1.248936e+00  7.826804e-01   
   579  -1.223501e+00  7.525777e-01   
   580   4.507790e-01  1.406953e+00   
   581   4.162174e-01  1.150954e+00   
   582  -8.850756e-01  5.128601e-01   
   583   4.387620e-01  1.234363e+00   
   584   3.935515e-01  1.067488e+00   
   585  -9.254190e-01  5.240034e-01   
   586  -1.198477e+00  7.098589e-01   
   587   4.569148e-01  1.315855e+00   
   588   3.446429e-01  9.387339e-01   
   589  -8.701838e-01  4.927273e-01   
   590  -1.072026e+00  5.986194e-01   
   591  -1.173456e+00  6.781523e-01   
   592  -9.991019e-01  5.516109e-01   
   593  -1.277649e+00  7.858840e-01   
   594   4.682907e-01  1.425028e+00   
   595  -1.261840e+00  7.617017e-01   
   596   4.718308e-01  1.396354e+00   
   597  -8.991096e-01  4.942897e-01   
   598   3.670801e-01  9.547965e-01   
   599   4.517070e-01  1.186148e+00   
   600   4.289018e-01  1.102590e+00   
   601  -1.144190e+00  6.379610e-01   
   602   4.735257e-01  1.269906e+00   
   603   3.914914e-01  9.887944e-01   
   604   3.681246e-01  9.297765e-01   
   605  -1.248272e+00  7.185077e-01   
   606  -8.822912e-01  4.707039e-01   
   607  -1.049371e+00  5.540578e-01   
   608  -1.290602e+00  7.644250e-01   
   609   4.920373e-01  1.417004e+00   
   610  -1.115451e+00  5.970668e-01   
   611  -1.274391e+00  7.405102e-01   
   612   4.937931e-01  1.348887e+00   
   613   4.980559e-01  1.390825e+00   
   614   3.896616e-01  9.491492e-01   
   615   4.644443e-01  1.137758e+00   
   616  -9.112472e-01  4.715389e-01   
   617   4.871000e-01  1.221857e+00   
   618   4.417375e-01  1.054313e+00   
   619  -1.221527e+00  6.694154e-01   
   620  -9.402595e-01  4.742463e-01   
   621   5.059423e-01  1.307602e+00   
   622  -1.087466e+00  5.528699e-01   
   623  -1.193724e+00  6.336951e-01   
   624   3.913737e-01  9.202318e-01   
   625  -1.303196e+00  7.427525e-01   
   626   5.156465e-01  1.408584e+00   
   627  -8.938414e-01  4.483832e-01   
   628   5.169719e-01  1.383295e+00   
   629  -1.286587e+00  7.191120e-01   
   630   4.998556e-01  1.173042e+00   
   631   4.771671e-01  1.089578e+00   
   632  -9.228093e-01  4.484902e-01   
   633  -1.165241e+00  5.926865e-01   
   634   4.145896e-01  9.351469e-01   
   635   5.225652e-01  1.260521e+00   
   636  -1.060042e+00  5.110620e-01   
   637   4.544564e-01  1.006092e+00   
   638  -1.271581e+00  6.763776e-01   
   639  -1.009636e+00  4.786746e-01   
   640   4.406783e-01  9.678753e-01   
   641  -1.315425e+00  7.208726e-01   
   642   5.391117e-01  1.399771e+00   
   643   4.143756e-01  9.101060e-01   
   644   5.395188e-01  1.367781e+00   
   645  -9.048271e-01  4.257793e-01   
   646  -1.298424e+00  6.975129e-01   
   647  -1.137385e+00  5.500230e-01   
   648   4.368588e-01  9.283721e-01   
   649   5.126718e-01  1.124723e+00   
   650  -1.243214e+00  6.282243e-01   
   651  -9.337884e-01  4.251583e-01   
   652   5.352956e-01  1.208312e+00   
   653   4.899995e-01  1.041256e+00   
   654  -9.655178e-01  4.337224e-01   
   655  -1.214395e+00  5.883971e-01   
   656  -1.327287e+00  6.987915e-01   
   657   5.624263e-01  1.390567e+00   
   658  -1.109961e+00  5.082161e-01   
   659   5.607665e-01  1.322448e+00   
   660   4.371158e-01  8.994053e-01   
   661  -1.309898e+00  6.757191e-01   
   662   5.640433e-01  1.361721e+00   
   663  -9.152412e-01  4.029064e-01   
   664  -1.187298e+00  5.471634e-01   
   665   5.481177e-01  1.159984e+00   
   666   5.253820e-01  1.076377e+00   
   667  -1.055087e+00  4.578391e-01   
   668  -9.441778e-01  4.015579e-01   
   669   4.610517e-01  9.131350e-01   
   670  -1.293450e+00  6.333852e-01   
   671   5.707373e-01  1.243580e+00   
   672  -1.014318e+00  4.288945e-01   
   673   5.026824e-01  9.929004e-01   
   674  -1.338778e+00  6.765152e-01   
   675   5.855839e-01  1.380975e+00   
   676   5.852707e-01  1.355034e+00   
   677   4.595799e-01  8.881364e-01   
   678  -1.324754e+00  6.542482e-01   
   679   4.887519e-01  9.445113e-01   
   680  -9.250772e-01  3.797791e-01   
   681  -1.159879e+00  5.053735e-01   
   682  -1.263512e+00  5.863315e-01   
   683   5.609332e-01  1.111655e+00   
   684   4.829524e-01  9.052499e-01   
   685   5.835598e-01  1.195252e+00   
   686   5.381956e-01  1.028084e+00   
   687  -9.520762e-01  3.740790e-01   
   688  -1.349896e+00  6.540500e-01   
   689   6.085780e-01  1.370997e+00   
   690   6.073816e-01  1.339027e+00   
   691  -1.237134e+00  5.441013e-01   
   692  -1.331745e+00  6.315716e-01   
   693   4.817537e-01  8.763067e-01   
   694  -1.141364e+00  4.658373e-01   
   695  -9.343289e-01  3.564119e-01   
   696  -1.100533e+00  4.369972e-01   
   697  -9.936359e-01  3.790353e-01   
   698  -1.059770e+00  4.080617e-01   
   699  -1.209783e+00  5.025832e-01   
   700   5.963819e-01  1.146924e+00   
   701   5.736418e-01  1.063335e+00   
   702  -1.313742e+00  5.889367e-01   
   703  -9.631613e-01  3.536111e-01   
   704   5.055723e-01  8.885605e-01   
   705  -1.360636e+00  6.314021e-01   
   706   6.314021e-01  1.360636e+00   
   707   5.509984e-01  9.797517e-01   
   708   6.315716e-01  1.331745e+00   
   709   6.297265e-01  1.296863e+00   
   710  -1.345845e+00  6.094414e-01   
   711   5.036232e-01  8.639234e-01   
   712  -1.282398e+00  5.437839e-01   
   713  -9.429905e-01  3.328195e-01   
   714  -1.182992e+00  4.603877e-01   
   715   5.355909e-01  9.187613e-01   
   716   6.090949e-01  1.098594e+00   
   717   5.239415e-01  8.785611e-01   
   718   5.864528e-01  1.015007e+00   
   719  -1.370997e+00  6.085780e-01   
   720   6.540500e-01  1.349896e+00   
   721   6.528374e-01  1.324601e+00   
   722  -1.352106e+00  5.867186e-01   
   723  -1.259462e+00  5.006424e-01   
   724  -9.696691e-01  3.257701e-01   
   725   6.467293e-01  1.235438e+00   
   726  -1.145886e+00  4.160535e-01   
   727  -1.105227e+00  3.872631e-01   
   728   5.251746e-01  8.509945e-01   
   729  -9.510565e-01  3.090170e-01   
   730   6.462958e-01  1.185471e+00   
   731  -1.063945e+00  3.590786e-01   
   732  -1.011425e+00  3.286320e-01   
   733  -1.332809e+00  5.455878e-01   
   734  -1.232932e+00  4.583445e-01   
   735   6.445448e-01  1.133855e+00   
   736   6.219073e-01  1.050263e+00   
   737  -1.380975e+00  5.855839e-01   
   738   6.765152e-01  1.338778e+00   
   739   6.757191e-01  1.309898e+00   
   740   5.497699e-01  8.662987e-01   
   741  -9.797117e-01  3.047711e-01   
   742  -1.365482e+00  5.643054e-01   
   743   5.992579e-01  9.666746e-01   
   744  -1.299853e+00  5.006289e-01   
   745   5.463943e-01  8.375280e-01   
   746  -9.585218e-01  2.850193e-01   
   747   6.920694e-01  1.268167e+00   
   748   6.573566e-01  1.085524e+00   
   749  -1.390567e+00  5.624263e-01   
   750   6.987915e-01  1.327287e+00   
   751  -1.370956e+00  5.412104e-01   
   752   6.975129e-01  1.298424e+00   
   753  -1.190939e+00  3.944090e-01   
   754   5.810812e-01  8.755938e-01   
   755  -1.149729e+00  3.662190e-01   
   756   6.347125e-01  1.001930e+00   
   757   5.713664e-01  8.522094e-01   
   758   6.897335e-01  1.210171e+00   
   759  -1.108945e+00  3.374160e-01   
   760  -9.848124e-01  2.766383e-01   
   761   6.120629e-01  9.183421e-01   
   762  -1.067885e+00  3.092922e-01   
   763   5.672690e-01  8.235326e-01   
   764   6.906177e-01  1.160210e+00   
   765  -9.653816e-01  2.608415e-01   
   766  -1.350313e+00  5.008729e-01   
   767   7.183940e-01  1.290222e+00   
   768  -1.399771e+00  5.391117e-01   
   769   7.208726e-01  1.315425e+00   
   770  -1.379808e+00  5.182264e-01   
   771  -1.026660e+00  2.773985e-01   
   772   6.928063e-01  1.120785e+00   
   773   6.701692e-01  1.037194e+00   
   774  -1.315855e+00  4.569148e-01   
   775   5.926021e-01  8.375817e-01   
   776  -9.937873e-01  2.551612e-01   
   777   6.475176e-01  9.535978e-01   
   778  -1.281985e+00  4.212842e-01   
   779   5.877853e-01  8.090170e-01   
   780  -9.716317e-01  2.364990e-01   
   781  -1.249487e+00  3.833542e-01   
   782  -1.194503e+00  3.446069e-01   
   783  -1.408584e+00  5.156465e-01   
   784   7.427525e-01  1.303196e+00   
   785  -1.388275e+00  4.950977e-01   
   786   7.405102e-01  1.274391e+00   
   787  -1.154383e+00  3.167198e-01   
   788   6.250952e-01  8.603697e-01   
   789   7.056182e-01  1.072454e+00   
   790   7.333889e-01  1.186047e+00   
   791   6.094700e-01  8.215416e-01   
   792  -1.113115e+00  2.885287e-01   
   793   6.829722e-01  9.888536e-01   
   794   7.427019e-01  1.236198e+00   
   795  -9.974681e-01  2.268077e-01   
   796  -1.072434e+00  2.595577e-01   
   797  -1.366298e+00  4.554905e-01   
   798   6.603226e-01  9.052653e-01   
   799   6.079303e-01  7.939904e-01   
   800  -9.772681e-01  2.120071e-01   
   801  -1.417004e+00  4.920373e-01   
   802   7.644250e-01  1.290602e+00   
   803  -1.396354e+00  4.718308e-01   
   804   7.617017e-01  1.261840e+00   
   805  -1.330388e+00  4.126903e-01   
   806   7.410679e-01  1.107715e+00   
   807   7.184287e-01  1.024110e+00   
   808  -1.039301e+00  2.254644e-01   
   809  -1.001302e+00  2.062476e-01   
   810  -1.298617e+00  3.743527e-01   
   811   6.339373e-01  8.067490e-01   
   812   6.957773e-01  9.405211e-01   
   813  -1.239914e+00  3.237550e-01   
   814   6.276914e-01  7.784623e-01   
   815  -1.199255e+00  2.948635e-01   
   816  -9.822873e-01  1.873813e-01   
   817  -1.425028e+00  4.682907e-01   
   818   7.858840e-01  1.277649e+00   
   819  -1.404043e+00  4.484321e-01   
   820   7.826804e-01  1.248936e+00   
   821  -1.158196e+00  2.669538e-01   
   822  -1.117893e+00  2.387721e-01   
   823   7.538797e-01  1.059384e+00   
   824   6.675343e-01  8.278755e-01   
   825   6.499780e-01  7.898815e-01   
   826   7.312322e-01  9.757765e-01   
   827  -1.381834e+00  4.103614e-01   
   828  -1.010184e+00  1.795775e-01   
   829  -1.086920e+00  2.123327e-01   
   830   7.085823e-01  8.921886e-01   
   831  -1.343435e+00  3.680050e-01   
   832   6.470560e-01  7.624425e-01   
   833   7.988291e-01  1.203837e+00   
   834  -1.432654e+00  4.444134e-01   
   835   8.071235e-01  1.264338e+00   
   836  -9.866859e-01  1.626372e-01   
   837  -1.415331e+00  4.249769e-01   
   838   8.069918e-01  1.236741e+00   
   839   7.666964e-01  1.011052e+00   
   840  -1.049316e+00  1.729606e-01   
   841  -1.010916e+00  1.563120e-01   
   842  -1.284289e+00  3.017878e-01   
   843   6.736712e-01  7.738782e-01   
   844  -1.244779e+00  2.744798e-01   
   845   8.056267e-01  1.138214e+00   
   846  -1.203420e+00  2.464720e-01   
   847  -1.331301e+00  3.307261e-01   
   848  -1.418243e+00  4.012656e-01   
   849   7.985370e-01  1.088750e+00   
   850  -1.439880e+00  4.204119e-01   
   851   8.281377e-01  1.250675e+00   
   852   8.254323e-01  1.227212e+00   
   853   6.660119e-01  7.459411e-01   
   854  -9.904614e-01  1.377903e-01   
   855  -1.163241e+00  2.162467e-01   
   856  -1.122380e+00  1.874770e-01   
   857   7.200012e-01  8.301512e-01   
   858  -1.400211e+00  3.627750e-01   
   859   7.476745e-01  8.717864e-01   
   860   6.929061e-01  7.567044e-01   
   861   8.442823e-01  1.208146e+00   
   862  -1.017931e+00  1.285946e-01   
   863  -1.446704e+00  3.962931e-01   
   864   8.489206e-01  1.236662e+00   
   865   7.118520e-01  7.873414e-01   
   866  -1.429605e+00  3.770023e-01   
   867   6.845471e-01  7.289686e-01   
   868  -9.936113e-01  1.128564e-01   
   869   7.764096e-01  9.138381e-01   
   870   8.203496e-01  1.028216e+00   
   871  -1.329564e+00  2.808922e-01   
   872   8.520607e-01  1.156426e+00   
   873  -1.289301e+00  2.521762e-01   
   874  -1.248432e+00  2.248172e-01   
   875   8.448794e-01  1.107441e+00   
   876   8.111523e-01  9.730508e-01   
   877  -1.430860e+00  3.536509e-01   
   878  -1.208373e+00  1.949803e-01   
   879  -1.453124e+00  3.720636e-01   
   880   8.694665e-01  1.222304e+00   
   881   7.117033e-01  7.390527e-01   
   882  -1.373337e+00  3.039057e-01   
   883   8.679520e-01  1.194748e+00   
   884  -1.018029e+00  1.000033e-01   
   885  -1.167765e+00  1.665607e-01   
   886   7.026500e-01  7.115357e-01   
   887  -9.961336e-01  8.785120e-02   
   888  -1.128134e+00  1.380810e-01   
   889   7.698965e-01  8.270274e-01   
   890  -1.424163e+00  3.252342e-01   
   891   8.846739e-01  1.183134e+00   
   892   7.259702e-01  7.206605e-01   
   893  -1.459138e+00  3.477302e-01   
   894   8.897696e-01  1.207605e+00   
   895   7.975417e-01  8.685543e-01   
   896   7.472510e-01  7.567007e-01   
   897  -1.059364e+00  9.342759e-02   
   898  -1.023107e+00  7.728694e-02   
   899   7.203090e-01  6.936533e-01   
   900  -9.980267e-01  6.279052e-02   
   901   8.261840e-01  9.094000e-01   
   902  -1.293767e+00  2.057495e-01   
   903   8.551501e-01  9.924128e-01   
   904  -1.335065e+00  2.334308e-01   
   905   8.688159e-01  1.040215e+00   
   906   8.902268e-01  1.127309e+00   
   907  -1.369461e+00  2.546037e-01   
   908   8.814127e-01  1.078591e+00   
   909  -1.254311e+00  1.753689e-01   
   910  -1.441878e+00  3.056413e-01   
   911   9.037627e-01  1.164320e+00   
   912  -1.213306e+00  1.469978e-01   
   913  -1.464745e+00  3.232997e-01   
   914   9.098243e-01  1.192569e+00   
   915   8.537051e-01  9.506912e-01   
   916  -1.418205e+00  2.803487e-01   
   917   7.479376e-01  7.023602e-01   
   918  -1.173445e+00  1.169935e-01   
   919   7.923821e-01  7.824002e-01   
   920   7.375131e-01  6.753328e-01   
   921  -1.037246e+00  5.281353e-02   
   922  -9.992895e-01  3.769018e-02   
   923  -1.132604e+00  8.830354e-02   
   924   8.197060e-01  8.242403e-01   
   925  -1.446784e+00  2.815051e-01   
   926   9.230921e-01  1.149056e+00   
   927  -1.469943e+00  2.987790e-01   
   928   9.296248e-01  1.177199e+00   
   929  -1.091846e+00  5.935180e-02   
   930   8.468806e-01  8.640084e-01   
   931   7.843271e-01  7.181998e-01   
   932   7.653518e-01  6.833426e-01   
   933   9.254806e-01  1.102837e+00   
   934  -1.025698e+00  2.578402e-02   
   935  -1.338815e+00  1.847155e-01   
   936   9.031317e-01  1.005435e+00   
   937   7.542514e-01  6.565858e-01   
   938  -1.297971e+00  1.559974e-01   
   939   8.904825e-01  9.571342e-01   
   940  -1.377204e+00  2.087010e-01   
   941   9.169615e-01  1.048536e+00   
   942  -9.999210e-01  1.256604e-02   
   943   8.745098e-01  9.056408e-01   
   944  -1.258580e+00  1.261028e-01   
   945  -1.420523e+00  2.342606e-01   
   946  -1.451286e+00  2.572903e-01   
   947  -1.474730e+00  2.741748e-01   
   948   9.491658e-01  1.161501e+00   
   949   9.454305e-01  1.135288e+00   
   950  -1.217798e+00  9.723430e-02   
   951   8.406334e-01  7.788758e-01   
   952  -1.178000e+00  6.756023e-02   
   953  -1.026022e+00  1.796618e-09   
   954  -1.063391e+00  1.336368e-02   
   955   7.705132e-01  6.374240e-01   
   956  -9.999210e-01 -1.256604e-02   
   957   7.919130e-01  6.701329e-01   
   958  -1.137306e+00  3.854745e-02   
   959  -1.455382e+00  2.330036e-01   
   960   9.609723e-01  1.117569e+00   
   961   8.694433e-01  8.195400e-01   
   962  -1.479105e+00  2.494940e-01   
   963   9.684418e-01  1.145478e+00   
   964   8.966451e-01  8.608450e-01   
   965  -1.383408e+00  1.625652e-01   
   966   9.514863e-01  1.017310e+00   
   967  -1.342654e+00  1.350723e-01   
   968   9.381146e-01  9.700033e-01   
   969  -1.423613e+00  1.914573e-01   
   970   7.987192e-01  6.440249e-01   
   971  -1.022013e+00 -2.693107e-02   
   972  -1.304453e+00  1.065572e-01   
   973   9.268443e-01  9.219678e-01   
   974   9.692211e-01  1.071890e+00   
   975   7.862884e-01  6.178596e-01   
   976  -9.992895e-01 -3.769018e-02   
   977  -1.459073e+00  2.086519e-01   
   978   9.795125e-01  1.101355e+00   
   979   8.340301e-01  6.942745e-01   
   980  -1.264543e+00  7.649403e-02   
   981  -1.483068e+00  2.247436e-01   
   982   9.874473e-01  1.129136e+00   
   983  -1.223782e+00  4.768348e-02   
   984   8.630851e-01  7.349407e-01   
   985  -1.060107e+00 -3.284735e-02   
   986   8.105684e-01  6.239897e-01   
   987   8.897334e-01  7.740219e-01   
   988  -1.183647e+00  1.790249e-02   
   989  -1.024726e+00 -5.155176e-02   
   990   8.361984e-01  6.570785e-01   
   991   8.015670e-01  5.979050e-01   
   992   9.979235e-01  1.088537e+00   
   993  -1.462355e+00  1.842419e-01   
   994  -9.980267e-01 -6.279052e-02   
   995  -1.486616e+00  1.999304e-01   
   996   1.006177e+00  1.112478e+00   
   997   9.170905e-01  8.158114e-01   
   998  -1.124699e+00 -2.251799e-02   
   999  -1.388068e+00  1.162479e-01   
   1000   9.849483e-01  9.849483e-01   
   1001   9.746952e-01  9.362240e-01   
   1002  -1.437444e+00  1.442304e-01   
   1003   1.005665e+00  1.030962e+00   
   1004   9.632838e-01  8.878340e-01   
   1005   8.300690e-01  6.030804e-01   
   1006   1.015767e+00  1.068010e+00   
   1007   8.163393e-01  5.775727e-01   
   1008  -1.023107e+00 -7.728693e-02   
   1009  -9.961336e-01 -8.785119e-02   
   1010  -1.489749e+00  1.750614e-01   
   1011   1.024626e+00  1.095510e+00   
   1012  -1.470460e+00  1.583202e-01   
   1013   8.837824e-01  6.895165e-01   
   1014  -1.269156e+00  2.672871e-02   
   1015  -1.050950e+00 -7.485601e-02   
   1016  -1.228314e+00 -2.105379e-03   
   1017   9.127440e-01  7.298674e-01   
   1018   9.394407e-01  7.711433e-01   
   1019  -1.470286e+00  1.379238e-01   
   1020   1.033472e+00  1.050888e+00   
   1021  -1.105262e+00 -6.858535e-02   
   1022  -1.306716e+00  2.588848e-02   
   1023   8.305959e-01  5.568756e-01   
   1024  -1.492467e+00  1.501435e-01   
   1025   1.042789e+00  1.078236e+00   
   1026   8.439289e-01  5.780729e-01   
   1027  -1.020841e+00 -1.029733e-01   
   1028  -9.936113e-01 -1.128564e-01   
   1029  -1.350581e+00  4.977819e-02   
   1030  -1.391177e+00  6.980071e-02   
   1031   1.017310e+00  9.514863e-01   
   1032   9.687051e-01  8.116202e-01   
   1033  -1.154876e+00 -6.238462e-02   
   1034  -1.436838e+00  9.089585e-02   
   1035   1.010603e+00  9.030894e-01   
   1036   1.039556e+00  9.967755e-01   
   1037  -1.469751e+00  1.107307e-01   
   1038   1.050888e+00  1.033472e+00   
   1039   8.550620e-01  5.603679e-01   
   1040   1.000230e+00  8.542493e-01   
   1041   9.076506e-01  6.471114e-01   
   1042  -1.494767e+00  1.251837e-01   
   1043   1.060660e+00  1.060660e+00   
   1044   8.443279e-01  5.358268e-01   
   1045  -1.017931e+00 -1.285946e-01   
   1046  -9.904614e-01 -1.377903e-01   
   1047  -1.204490e+00 -5.618390e-02   
   1048   9.321459e-01  6.841450e-01   
   1049   8.833183e-01  5.922235e-01   
   1050  -1.056681e+00 -1.200200e-01   
   1051   9.591282e-01  7.261009e-01   
   1052  -1.471396e+00  8.615593e-02   
   1053   1.069805e+00  1.019088e+00   
   1054  -1.496650e+00  1.001890e-01   
   1055   1.078236e+00  1.042789e+00   
   1056   9.889613e-01  7.659643e-01   
   1057  -1.349432e+00  4.393330e-09   
   1058  -1.307067e+00 -2.529256e-02   
   1059   8.575267e-01  5.144395e-01   
   1060   8.731388e-01  5.388405e-01   
   1061  -1.135439e+00 -1.084520e-01   
   1062  -1.392733e+00  2.327557e-02   
   1063   1.048536e+00  9.169615e-01   
   1064  -1.264170e+00 -5.094469e-02   
   1065  -9.866859e-01 -1.626372e-01   
   1066  -1.435627e+00  4.799825e-02   
   1067  -1.024710e+00 -1.555164e-01   
   1068   1.016195e+00  8.076227e-01   
   1069   1.072310e+00  9.614363e-01   
   1070  -1.472630e+00  6.155715e-02   
   1071   1.084834e+00  9.977792e-01   
   1072  -1.185053e+00 -1.022513e-01   
   1073   9.301081e-01  6.037139e-01   
   1074  -1.498115e+00  7.516621e-02   
   1075   1.095510e+00  1.024626e+00   
   1076   9.561044e-01  6.407938e-01   
   1077   8.701838e-01  4.927273e-01   
   1078   8.864041e-01  5.167283e-01   
   1079  -9.822873e-01 -1.873813e-01   
   1080  -1.066388e+00 -1.607201e-01   
   1081   1.049179e+00  8.449627e-01   
   1082  -1.010184e+00 -1.795774e-01   
   1083   9.816101e-01  6.815712e-01   
   1084   9.119585e-01  5.470938e-01   
   1085   1.008068e+00  7.239148e-01   
   1086  -1.473453e+00  3.694116e-02   
   1087   1.103265e+00  9.827624e-01   
   1088  -1.116002e+00 -1.545194e-01   
   1089  -1.499162e+00  5.012247e-02   
   1090   1.112478e+00  1.006177e+00   
   1091  -1.392733e+00 -2.327556e-02   
   1092   1.078591e+00  8.814127e-01   
   1093  -1.350581e+00 -4.977818e-02   
   1094  -1.307864e+00 -7.521569e-02   
   1095   1.037937e+00  7.628528e-01   
   1096   8.822912e-01  4.707039e-01   
   1097  -9.772681e-01 -2.120071e-01   
   1098  -1.265355e+00 -1.015069e-01   
   1099  -1.005353e+00 -2.049068e-01   
   1100  -1.165616e+00 -1.483186e-01   
   1101  -1.444275e+00 -2.970791e-04   
   1102  -1.042016e+00 -1.972986e-01   
   1103   1.104024e+00  9.247477e-01   
   1104   1.063638e+00  8.056063e-01   
   1105   9.106484e-01  4.979464e-01   
   1106   1.117569e+00  9.609723e-01   
   1107   9.493282e-01  5.576588e-01   
   1108  -1.476707e+00  9.938208e-03   
   1109  -1.499791e+00  2.506473e-02   
   1110   1.129136e+00  9.874473e-01   
   1111  -1.215230e+00 -1.421179e-01   
   1112   9.795597e-01  5.970035e-01   
   1113   1.005707e+00  6.380804e-01   
   1114   8.938414e-01  4.483832e-01   
   1115   9.112472e-01  4.715389e-01   
   1116  -9.716317e-01 -2.364990e-01   
   1117   1.031296e+00  6.797161e-01   
   1118  -1.096565e+00 -2.005867e-01   
   1119   1.133471e+00  9.421638e-01   
   1120  -1.478845e+00 -1.047295e-02   
   1121  -1.013781e+00 -2.331289e-01   
   1122  -1.391177e+00 -6.980070e-02   
   1123  -1.500000e+00  2.626565e-09   
   1124   1.145478e+00  9.684418e-01   
   1125   1.060384e+00  7.202982e-01   
   1126   1.110659e+00  8.432102e-01   
   1127  -1.146179e+00 -1.943860e-01   
   1128  -1.351725e+00 -9.862422e-02   
   1129  -1.309407e+00 -1.251213e-01   
   1130   9.048271e-01  4.257793e-01   
   1131   1.087460e+00  7.617777e-01   
   1132  -9.653816e-01 -2.608415e-01   
   1133   9.228093e-01  4.484902e-01   
   1134  -1.439841e+00 -5.342435e-02   
   1135  -9.937873e-01 -2.551612e-01   
   1136   9.401089e-01  4.718121e-01   
   1137   1.135617e+00  8.850965e-01   
   1138  -1.473453e+00 -3.694116e-02   
   1139   1.149056e+00  9.230921e-01   
   1140  -1.195793e+00 -1.881853e-01   
   1141   9.723454e-01  5.150205e-01   
   1142   1.113594e+00  8.043701e-01   
   1143  -1.499791e+00 -2.506473e-02   
   1144   1.161501e+00  9.491658e-01   
   1145   9.972736e-01  5.506552e-01   
   1146   1.023913e+00  5.929196e-01   
   1147   1.050912e+00  6.349554e-01   
   1148  -1.077128e+00 -2.466541e-01   
   1149   9.152412e-01  4.029064e-01   
   1150  -9.848124e-01 -2.766383e-01   
   1151  -1.245407e+00 -1.819846e-01   
   1152  -9.585218e-01 -2.850193e-01   
   1153  -1.476393e+00 -6.036202e-02   
   1154   1.166740e+00  9.063637e-01   
   1155   9.445716e-01  4.326247e-01   
   1156   1.080764e+00  6.747167e-01   
   1157  -1.126742e+00 -2.404534e-01   
   1158  -1.499162e+00 -5.012246e-02   
   1159   1.177199e+00  9.296248e-01   
   1160  -1.026660e+00 -2.773985e-01   
   1161  -1.396996e+00 -1.191764e-01   
   1162  -1.295021e+00 -1.757839e-01   
   1163  -1.356461e+00 -1.483286e-01   
   1164   9.250772e-01  3.797791e-01   
   1165  -1.176356e+00 -2.342527e-01   
   1166  -9.510565e-01 -3.090170e-01   
   1167  -1.437064e+00 -1.059763e-01   
   1168   9.441778e-01  4.015579e-01   
   1169  -1.471396e+00 -8.615593e-02   
   1170   1.179259e+00  8.841810e-01   
   1171  -9.797117e-01 -3.047711e-01   
   1172   9.905703e-01  4.689085e-01   
   1173  -1.498115e+00 -7.516620e-02   
   1174   1.192569e+00  9.098243e-01   
   1175   1.170502e+00  8.326180e-01   
   1176   1.021156e+00  5.063033e-01   
   1177   1.047201e+00  5.488574e-01   
   1178  -1.225970e+00 -2.280519e-01   
   1179   1.136485e+00  7.290004e-01   
   1180   1.073692e+00  5.904915e-01   
   1181   9.343289e-01  3.564119e-01   
   1182  -9.429905e-01 -3.328195e-01   
   1183   1.160878e+00  7.726111e-01   
   1184  -1.469751e+00 -1.107307e-01   
   1185   1.100466e+00  6.288382e-01   
   1186   9.539708e-01  3.777038e-01   
   1187  -1.107304e+00 -2.865352e-01   
   1188  -9.717434e-01 -3.292951e-01   
   1189   1.197563e+00  8.640635e-01   
   1190  -1.275584e+00 -2.218512e-01   
   1191  -1.496650e+00 -1.001889e-01   
   1192   1.207605e+00  8.897696e-01   
   1193   1.130402e+00  6.688641e-01   
   1194   9.837969e-01  4.038857e-01   
   1195  -1.156918e+00 -2.803306e-01   
   1196  -1.011425e+00 -3.286320e-01   
   1197  -1.463675e+00 -1.349039e-01   
   1198   9.429905e-01  3.328195e-01   
   1199   1.208146e+00  8.442823e-01   
   1200  -9.343289e-01 -3.564119e-01   
   1201   9.631613e-01  3.536111e-01   
   1202   1.038853e+00  4.672873e-01   
   1203  -1.206533e+00 -2.741193e-01   
   1204  -1.494767e+00 -1.251837e-01   
   1205   1.222304e+00  8.694665e-01   
   1206  -1.427577e+00 -1.669453e-01   
   1207  -1.331879e+00 -2.216719e-01   
   1208   1.071040e+00  5.054013e-01   
   1209  -9.738684e-01 -3.590892e-01   
   1210   1.163213e+00  6.855474e-01   
   1211   1.096697e+00  5.462493e-01   
   1212  -1.379224e+00 -2.056908e-01   
   1213   1.218737e+00  8.217194e-01   
   1214   1.186448e+00  7.297861e-01   
   1215  -1.256147e+00 -2.679186e-01   
   1216  -1.087871e+00 -3.326039e-01   
   1217   9.510565e-01  3.090170e-01   
   1218   1.123487e+00  5.878293e-01   
   1219  -1.465230e+00 -1.597805e-01   
   1220  -9.250772e-01 -3.797791e-01   
   1221   9.717434e-01  3.292951e-01   
   1222   9.916091e-01  3.562577e-01   
   1223  -9.539708e-01 -3.777038e-01   
   1224  -1.492467e+00 -1.501435e-01   
   1225   1.236662e+00  8.489206e-01   
   1226   1.216338e+00  7.790669e-01   
   1227  -1.137484e+00 -3.263999e-01   
   1228   1.158392e+00  6.290589e-01   
   1229  -1.465456e+00 -1.822133e-01   
   1230   9.585218e-01  2.850193e-01   
   1231  -1.187099e+00 -3.201973e-01   
   1232  -9.152412e-01 -4.029064e-01   
   1233   1.028845e+00  3.803110e-01   
   1234   1.238688e+00  8.025156e-01   
   1235  -9.423749e-01 -3.978867e-01   
   1236   1.056969e+00  4.211746e-01   
   1237  -1.489749e+00 -1.750614e-01   
   1238   1.250675e+00  8.281377e-01   
   1239  -1.018823e+00 -3.848767e-01   
   1240   1.087582e+00  4.583375e-01   
   1241  -1.322554e+00 -2.718276e-01   
   1242   1.113323e+00  5.009671e-01   
   1243   9.922045e-01  3.104659e-01   
   1244  -1.236710e+00 -3.139857e-01   
   1245  -1.369461e+00 -2.546037e-01   
   1246  -1.068437e+00 -3.786726e-01   
   1247  -9.837969e-01 -4.038857e-01   
   1248   1.144402e+00  5.430062e-01   
   1249  -1.459073e+00 -2.086519e-01   
   1250   1.250654e+00  7.860284e-01   
   1251   1.213138e+00  6.876503e-01   
   1252   9.653816e-01  2.608415e-01   
   1253  -9.048271e-01 -4.257793e-01   
   1254  -1.486616e+00 -1.999304e-01   
   1255   1.264338e+00  8.071235e-01   
   1256   9.870612e-01  2.800546e-01   
   1257  -1.118050e+00 -3.724685e-01   
   1258  -9.337884e-01 -4.251583e-01   
   1259  -1.425014e+00 -2.377863e-01   
   1260  -1.286323e+00 -3.077855e-01   
   1261   1.175379e+00  5.820712e-01   
   1262   1.243750e+00  7.264334e-01   
   1263  -1.167675e+00 -3.662700e-01   
   1264   1.261840e+00  7.617017e-01   
   1265   9.716317e-01  2.364990e-01   
   1266   1.047542e+00  3.385312e-01   
   1267   1.207556e+00  6.201547e-01   
   1268  -8.938414e-01 -4.483832e-01   
   1269  -1.460149e+00 -2.352191e-01   
   1270   1.078386e+00  3.777658e-01   
   1271  -1.483068e+00 -2.247436e-01   
   1272   1.277649e+00  7.858840e-01   
   1273   1.105104e+00  4.200507e-01   
   1274   9.937873e-01  2.551612e-01   
   1275  -9.188565e-01 -4.495408e-01   
   1276  -1.217287e+00 -3.600541e-01   
   1277   1.137379e+00  4.580615e-01   
   1278  -1.049003e+00 -4.247413e-01   
   1279   1.162388e+00  4.974697e-01   
   1280  -1.360992e+00 -3.037570e-01   
   1281  -1.454484e+00 -2.554196e-01   
   1282   1.274391e+00  7.405102e-01   
   1283   9.772681e-01  2.120071e-01   
   1284  -8.822912e-01 -4.707039e-01   
   1285  -1.266883e+00 -3.538502e-01   
   1286  -9.089354e-01 -4.679524e-01   
   1287  -1.479105e+00 -2.494940e-01   
   1288   1.290602e+00  7.644250e-01   
   1289  -1.098616e+00 -4.185372e-01   
   1290   1.193792e+00  5.362048e-01   
   1291   1.028402e+00  2.686381e-01   
   1292   9.998857e-01  2.301067e-01   
   1293  -1.409092e+00 -2.957735e-01   
   1294   1.283063e+00  7.171421e-01   
   1295  -1.148230e+00 -4.123367e-01   
   1296  -1.446784e+00 -2.815051e-01   
   1297   1.223979e+00  5.730805e-01   
   1298  -1.319133e+00 -3.491052e-01   
   1299   9.822873e-01  1.873813e-01   
   1300   1.271036e+00  6.691763e-01   
   1301  -8.701838e-01 -4.927273e-01   
   1302  -9.505784e-01 -4.768445e-01   
   1303  -1.474730e+00 -2.741748e-01   
   1304   1.303196e+00  7.427525e-01   
   1305   1.096987e+00  3.317549e-01   
   1306  -1.198009e+00 -4.068118e-01   
   1307   1.002853e+00  2.016696e-01   
   1308   1.069656e+00  2.899963e-01   
   1309   1.253499e+00  6.109875e-01   
   1310  -8.991096e-01 -4.942897e-01   
   1311   1.127335e+00  3.695824e-01   
   1312   1.154242e+00  4.115657e-01   
   1313  -1.029569e+00 -4.708064e-01   
   1314  -1.441878e+00 -3.056413e-01   
   1315   1.298424e+00  6.975129e-01   
   1316  -1.247506e+00 -3.998665e-01   
   1317   9.866859e-01  1.626372e-01   
   1318  -8.575267e-01 -5.144395e-01   
   1319   1.185708e+00  4.475471e-01   
   1320  -1.469943e+00 -2.987790e-01   
   1321   1.315425e+00  7.208726e-01   
   1322  -1.079183e+00 -4.646059e-01   
   1323   1.211707e+00  4.900996e-01   
   1324   1.010184e+00  1.795774e-01   
   1325  -8.864041e-01 -5.167283e-01   
   1326  -1.296850e+00 -3.937864e-01   
   1327  -1.128793e+00 -4.584039e-01   
   1328   1.242354e+00  5.268036e-01   
   1329  -1.436569e+00 -3.296921e-01   
   1330   1.311306e+00  6.791465e-01   
   1331  -1.391540e+00 -3.562953e-01   
   1332   9.904614e-01  1.377903e-01   
   1333  -9.290980e-01 -5.181748e-01   
   1334  -8.443279e-01 -5.358268e-01   
   1335   1.044638e+00  1.992754e-01   
   1336  -1.464745e+00 -3.232997e-01   
   1337   1.327287e+00  6.987915e-01   
   1338  -1.178407e+00 -4.522030e-01   
   1339   1.273133e+00  5.651366e-01   
   1340   1.014378e+00  1.541347e-01   
   1341   1.145446e+00  3.298354e-01   
   1342  -1.346482e+00 -3.908781e-01   
   1343   1.119502e+00  2.875278e-01   
   1344   1.302140e+00  6.143722e-01   
   1345   1.092437e+00  2.455138e-01   
   1346   1.321006e+00  6.537366e-01   
   1347   1.202029e+00  4.104962e-01   
   1348  -8.855853e-01 -5.435183e-01   
   1349  -1.228820e+00 -4.461677e-01   
   1350   1.177167e+00  3.677405e-01   
   1351  -9.918246e-01 -5.224249e-01   
   1352   9.936113e-01  1.128564e-01   
   1353  -1.433024e+00 -3.566584e-01   
   1354  -8.305959e-01 -5.568756e-01   
   1355  -1.459138e+00 -3.477302e-01   
   1356   1.338778e+00  6.765152e-01   
   1357  -1.059745e+00 -5.106730e-01   
   1358   1.017931e+00  1.285946e-01   
   1359   1.235568e+00  4.467725e-01   
   1360  -1.278226e+00 -4.389572e-01   
   1361   1.259523e+00  4.900480e-01   
   1362  -8.593219e-01 -5.606124e-01   
   1363   1.041971e+00  1.533442e-01   
   1364  -1.109359e+00 -5.044718e-01   
   1365  -1.424751e+00 -3.775109e-01   
   1366   1.335158e+00  6.325582e-01   
   1367   9.961336e-01  8.785120e-02   
   1368  -8.163393e-01 -5.775727e-01   
   1369  -1.453124e+00 -3.720636e-01   
   1370   1.349896e+00  6.540500e-01   
   1371  -1.158973e+00 -4.982683e-01   
   1372  -1.323307e+00 -4.348633e-01   
   1373   1.291306e+00  5.222793e-01   
   1374   1.017010e+00  1.038737e-01   
   1375  -9.427791e-01 -5.607942e-01   
   1376  -8.449623e-01 -5.820302e-01   
   1377  -1.414694e+00 -4.006851e-01   
   1378   1.164230e+00  2.836522e-01   
   1379   1.323281e+00  5.682920e-01   
   1380   1.342113e+00  6.092301e-01   
   1381   1.216946e+00  3.653332e-01   
   1382  -1.210098e+00 -4.938026e-01   
   1383   1.194440e+00  3.233146e-01   
   1384   9.980267e-01  6.279052e-02   
   1385  -8.015670e-01 -5.979050e-01   
   1386   1.140506e+00  2.398728e-01   
   1387  -9.906944e-01 -5.629410e-01   
   1388  -1.381488e+00 -4.259303e-01   
   1389  -1.446704e+00 -3.962931e-01   
   1390   1.360636e+00  6.314021e-01   
   1391   1.250635e+00  4.016464e-01   
   1392   1.117226e+00  1.956375e-01   
   1393  -1.040308e+00 -5.567404e-01   
   1394  -8.833183e-01 -5.922235e-01   
   1395  -1.259263e+00 -4.849962e-01   
   1396   1.274766e+00  4.426471e-01   
   1397   1.023107e+00  7.728693e-02   
   1398   1.054269e+00  1.127794e-01   
   1399  -1.089923e+00 -5.505393e-01   
   1400   1.093974e+00  1.513741e-01   
   1401   9.992895e-01  3.769018e-02   
   1402   1.355817e+00  5.871455e-01   
   1403  -1.413351e+00 -4.280204e-01   
   1404  -7.862884e-01 -6.178596e-01   
   1405  -8.410906e-01 -6.099104e-01   
   1406  -1.308037e+00 -4.788387e-01   
   1407   1.308037e+00  4.788387e-01   
   1408  -1.439880e+00 -4.204119e-01   
   1409   1.370997e+00  6.085780e-01   
   1410   1.024726e+00  5.155176e-02   
   1411  -8.146513e-01 -6.237497e-01   
   1412  -9.222291e-01 -6.058255e-01   
   1413   1.361721e+00  5.640433e-01   
   1414   1.210737e+00  2.866378e-01   
   1415  -9.713030e-01 -5.993541e-01   
   1416  -1.407865e+00 -4.476268e-01   
   1417   9.999210e-01  1.256604e-02   
   1418  -7.705132e-01 -6.374240e-01   
   1419  -1.140443e+00 -5.575092e-01   
   1420   1.347980e+00  5.197470e-01   
   1421  -1.358309e+00 -4.772428e-01   
   1422   1.190258e+00  2.419327e-01   
   1423   1.243864e+00  3.238794e-01   
   1424  -1.432654e+00 -4.444134e-01   
   1425   1.380975e+00  5.855839e-01   
   1426  -7.979868e-01 -6.400010e-01   
   1427   1.265576e+00  3.559164e-01   
   1428   1.061377e+00  6.677617e-02   
   1429  -1.242445e+00 -5.318612e-01   
   1430   1.292180e+00  3.960001e-01   
   1431   1.167173e+00  1.976386e-01   
   1432  -1.020871e+00 -6.028077e-01   
   1433  -1.396354e+00 -4.718308e-01   
   1434   9.999210e-01 -1.256604e-02   
   1435  -7.542514e-01 -6.565858e-01   
   1436   1.374463e+00  5.400143e-01   
   1437  -1.070486e+00 -5.966068e-01   
   1438  -1.190380e+00 -5.596410e-01   
   1439   1.143933e+00  1.533715e-01   
   1440  -1.291306e+00 -5.222793e-01   
   1441   1.323307e+00  4.348633e-01   
   1442  -8.905978e-01 -6.388134e-01   
   1443   1.038970e+00  2.432716e-02   
   1444  -1.425028e+00 -4.682907e-01   
   1445   1.390567e+00  5.624263e-01   
   1446   1.026022e+00 -5.945121e-10   
   1447   1.120683e+00  1.091061e-01   
   1448  -7.822825e-01 -6.638934e-01   
   1449  -8.361984e-01 -6.570785e-01   
   1450  -9.421647e-01 -6.398194e-01   
   1451   1.356950e+00  4.711845e-01   
   1452   1.379808e+00  5.182264e-01   
   1453   9.992895e-01 -3.769018e-02   
   1454  -1.392012e+00 -4.949967e-01   
   1455  -7.375131e-01 -6.753328e-01   
   1456  -1.113656e+00 -6.004091e-01   
   1457   1.206786e+00  2.089991e-01   
   1458   1.020538e+00 -2.432646e-02   
   1459  -1.341798e+00 -5.232296e-01   
   1460  -1.417004e+00 -4.920373e-01   
   1461   1.399771e+00  5.391117e-01   
   1462   1.259660e+00  2.771050e-01   
   1463   1.239865e+00  2.462513e-01   
   1464  -7.653518e-01 -6.833426e-01   
   1465  -9.940700e-01 -6.435198e-01   
   1466   9.980267e-01 -6.279052e-02   
   1467   1.290565e+00  3.156049e-01   
   1468  -1.379808e+00 -5.182264e-01   
   1469   1.388275e+00  4.950977e-01   
   1470  -7.203090e-01 -6.936533e-01   
   1471  -1.163619e+00 -6.017934e-01   
   1472  -1.273133e+00 -5.651366e-01   
   1473  -1.042783e+00 -6.418338e-01   
   1474  -8.656427e-01 -6.821077e-01   
   1475  -1.408584e+00 -5.156465e-01   
   1476   1.408584e+00  5.156465e-01   
   1477   1.052734e+00 -1.982429e-02   
   1478   1.024726e+00 -5.155176e-02   
   1479  -7.438512e-01 -7.021892e-01   
   1480  -8.021278e-01 -6.982628e-01   
   1481   1.085683e+00  9.471645e-03   
   1482   9.961336e-01 -8.785120e-02   
   1483  -7.026500e-01 -7.115357e-01   
   1484  -9.155290e-01 -6.821215e-01   
   1485  -1.370956e+00 -5.412104e-01   
   1486   1.396354e+00  4.718308e-01   
   1487   1.344060e+00  3.715758e-01   
   1488  -1.213287e+00 -6.040053e-01   
   1489   1.187020e+00  1.273430e-01   
   1490  -1.093232e+00 -6.450258e-01   
   1491   1.020221e+00 -7.438859e-02   
   1492  -1.323593e+00 -5.678972e-01   
   1493   1.221150e+00  1.638575e-01   
   1494   1.382383e+00  4.233982e-01   
   1495  -1.399771e+00 -5.391117e-01   
   1496   1.417004e+00  4.920373e-01   
   1497  -7.300510e-01 -7.209341e-01   
   1498  -9.654488e-01 -6.840550e-01   
   1499   9.936113e-01 -1.128564e-01   
   1500   1.129541e+00  3.447054e-02   
   1501  -6.845471e-01 -7.289686e-01   
   1502   1.255709e+00  1.995963e-01   
   1503  -1.137492e+00 -6.443415e-01   
   1504  -1.361721e+00 -5.640433e-01   
   1505  -1.253538e+00 -6.073627e-01   
   1506   1.286207e+00  2.382953e-01   
   1507   1.407865e+00  4.476268e-01   
   1508   1.308880e+00  2.692488e-01   
   1509  -1.015430e+00 -6.836685e-01   
   1510   1.020841e+00 -1.029733e-01   
   1511   1.171699e+00  6.593350e-02   
   1512  -1.390567e+00 -5.624263e-01   
   1513   1.425028e+00  4.682907e-01   
   1514  -7.117033e-01 -7.390527e-01   
   1515   9.904614e-01 -1.377903e-01   
   1516  -8.409458e-01 -7.255499e-01   
   1517  -7.604130e-01 -7.367707e-01   
   1518   1.061377e+00 -6.677618e-02   
   1519  -6.660119e-01 -7.459411e-01   
   1520  -1.187410e+00 -6.454492e-01   
   1521   1.094280e+00 -3.405488e-02   
   1522   1.354982e+00  3.229086e-01   
   1523   1.413351e+00  4.280204e-01   
   1524  -1.355880e+00 -5.870665e-01   
   1525  -1.065284e+00 -6.864657e-01   
   1526  -8.909156e-01 -7.251185e-01   
   1527  -6.927865e-01 -7.526162e-01   
   1528  -1.303881e+00 -6.118256e-01   
   1529   1.017931e+00 -1.285946e-01   
   1530  -1.380975e+00 -5.855839e-01   
   1531   1.432654e+00  4.444134e-01   
   1532   9.866859e-01 -1.626372e-01   
   1533  -6.470560e-01 -7.624425e-01   
   1534  -9.389455e-01 -7.262508e-01   
   1535   1.235721e+00  1.161020e-01   
   1536  -1.232543e+00 -6.489105e-01   
   1537   1.418243e+00  4.012656e-01   
   1538  -1.342113e+00 -6.092301e-01   
   1539   1.137197e+00 -1.486484e-02   
   1540  -1.115094e+00 -6.899745e-01   
   1541   1.398934e+00  3.608186e-01   
   1542   1.269613e+00  1.527665e-01   
   1543   1.300098e+00  1.909369e-01   
   1544  -6.736712e-01 -7.738783e-01   
   1545  -9.882113e-01 -7.283808e-01   
   1546   9.822873e-01 -1.873813e-01   
   1547  -6.276914e-01 -7.784623e-01   
   1548   1.176001e+00  1.619332e-02   
   1549  -1.370997e+00 -6.085780e-01   
   1550   1.439880e+00  4.204119e-01   
   1551   1.056681e+00 -1.200200e-01   
   1552   1.332476e+00  2.281846e-01   
   1553  -1.161053e+00 -6.876928e-01   
   1554  -7.279990e-01 -7.752402e-01   
   1555  -1.282040e+00 -6.478441e-01   
   1556  -8.142615e-01 -7.657206e-01   
   1557   1.367183e+00  2.745464e-01   
   1558   1.027809e+00 -1.567723e-01   
   1559  -1.335506e+00 -6.320489e-01   
   1560  -1.038143e+00 -7.281363e-01   
   1561   1.430006e+00  3.774199e-01   
   1562   1.010184e+00 -1.795774e-01   
   1563   9.772681e-01 -2.120071e-01   
   1564  -6.540108e-01 -7.905633e-01   
   1565  -8.642258e-01 -7.673569e-01   
   1566  -6.079303e-01 -7.939904e-01   
   1567   1.216817e+00  4.455616e-02   
   1568   1.137947e+00 -5.147053e-02   
   1569  -1.360636e+00 -6.314021e-01   
   1570   1.446704e+00  3.962931e-01   
   1571  -1.210171e+00 -6.897335e-01   
   1572  -1.321006e+00 -6.537366e-01   
   1573  -9.140403e-01 -7.694092e-01   
   1574   1.433024e+00  3.566584e-01   
   1575  -1.086957e+00 -7.312248e-01   
   1576   1.005353e+00 -2.049068e-01   
   1577   9.716317e-01 -2.364990e-01   
   1578  -6.339373e-01 -8.067490e-01   
   1579  -5.877853e-01 -8.090170e-01   
   1580   1.407908e+00  3.013584e-01   
   1581   1.258359e+00  7.234782e-02   
   1582  -9.638655e-01 -7.688026e-01   
   1583  -6.742196e-01 -8.092190e-01   
   1584   1.287238e+00  1.060520e-01   
   1585  -1.349896e+00 -6.540500e-01   
   1586   1.453124e+00  3.720636e-01   
   1587  -1.265081e+00 -6.872657e-01   
   1588   1.318690e+00  1.448292e-01   
   1589   1.183864e+00 -3.196946e-02   
   1590  -1.136674e+00 -7.311076e-01   
   1591  -1.309898e+00 -6.757191e-01   
   1592   1.436569e+00  3.296921e-01   
   1593   9.962692e-01 -2.320170e-01   
   1594   9.653816e-01 -2.608415e-01   
   1595   1.348967e+00  1.811528e-01   
   1596  -5.672689e-01 -8.235326e-01   
   1597  -6.134635e-01 -8.224251e-01   
   1598  -7.879587e-01 -8.094232e-01   
   1599   1.133319e+00 -1.007973e-01   
   1600  -1.013591e+00 -7.713826e-01   
   1601   1.041129e+00 -1.968987e-01   
   1602   1.219936e+00 -5.048687e-03   
   1603   1.381584e+00  2.189963e-01   
   1604  -1.186448e+00 -7.297862e-01   
   1605  -8.378539e-01 -8.097945e-01   
   1606  -1.338778e+00 -6.765152e-01   
   1607   1.459138e+00  3.477302e-01   
   1608   9.585218e-01 -2.850193e-01   
   1609  -5.463943e-01 -8.375280e-01   
   1610   9.937873e-01 -2.551612e-01   
   1611  -1.063304e+00 -7.700797e-01   
   1612  -1.298424e+00 -6.975129e-01   
   1613   1.441878e+00  3.056413e-01   
   1614  -5.926021e-01 -8.375817e-01   
   1615   1.088080e+00 -1.695115e-01   
   1616  -8.877958e-01 -8.112904e-01   
   1617   1.261592e+00  2.247102e-02   
   1618   1.177402e+00 -8.143540e-02   
   1619  -6.465189e-01 -8.443893e-01   
   1620  -5.718624e-01 -8.481496e-01   
   1621  -1.327287e+00 -6.987915e-01   
   1622   1.464745e+00  3.232997e-01   
   1623   9.510565e-01 -3.090170e-01   
   1624  -9.372200e-01 -8.110499e-01   
   1625  -5.251746e-01 -8.509945e-01   
   1626   1.305122e+00  6.953792e-02   
   1627  -1.112766e+00 -7.737182e-01   
   1628  -1.286587e+00 -7.191120e-01   
   1629   1.446784e+00  2.815051e-01   
   1630   1.424778e+00  2.432263e-01   
   1631  -1.243473e+00 -7.361649e-01   
   1632   1.134120e+00 -1.503343e-01   
   1633   1.219603e+00 -5.499731e-02   
   1634   1.033306e+00 -2.515109e-01   
   1635  -9.871367e-01 -8.128221e-01   
   1636  -1.161400e+00 -7.690237e-01   
   1637   9.429905e-01 -3.328195e-01   
   1638   9.983939e-01 -2.855431e-01   
   1639  -5.036232e-01 -8.639234e-01   
   1640   9.797117e-01 -3.047711e-01   
   1641  -1.315425e+00 -7.208726e-01   
   1642   1.469943e+00  2.987790e-01   
   1643  -7.629226e-01 -8.526737e-01   
   1644  -5.497699e-01 -8.662987e-01   
   1645  -6.023831e-01 -8.655047e-01   
   1646   1.348163e+00  9.488001e-02   
   1647  -8.128967e-01 -8.526408e-01   
   1648   1.082039e+00 -2.191134e-01   
   1649  -1.036294e+00 -8.120369e-01   
   1650  -7.091802e-01 -8.644939e-01   
   1651   1.175773e+00 -1.235097e-01   
   1652   1.456637e+00  2.568440e-01   
   1653   9.343289e-01 -3.564119e-01   
   1654  -1.277871e+00 -7.447120e-01   
   1655  -5.285254e-01 -8.758111e-01   
   1656  -4.817537e-01 -8.763067e-01   
   1657   9.717434e-01 -3.292951e-01   
   1658   1.262938e+00 -3.046167e-02   
   1659  -8.627544e-01 -8.545264e-01   
   1660  -1.303196e+00 -7.427525e-01   
   1661   1.474730e+00  2.741748e-01   
   1662   1.306852e+00  1.778988e-02   
   1663  -1.086151e+00 -8.141000e-01   
   1664  -1.210673e+00 -7.791255e-01   
   1665  -1.265497e+00 -7.611056e-01   
   1666   1.457790e+00  2.358200e-01   
   1667   9.250772e-01 -3.797791e-01   
   1668  -4.595799e-01 -8.881364e-01   
   1669  -9.127186e-01 -8.544709e-01   
   1670   1.127973e+00 -1.994440e-01   
   1671   1.389335e+00  1.196443e-01   
   1672  -5.055489e-01 -8.928274e-01   
   1673  -6.651700e-01 -8.882205e-01   
   1674   1.000967e+00 -3.248740e-01   
   1675   1.221723e+00 -1.041411e-01   
   1676  -1.134413e+00 -8.109704e-01   
   1677   1.426613e+00  1.676422e-01   
   1678  -1.290602e+00 -7.644250e-01   
   1679   1.479105e+00  2.494940e-01   
   1680   9.152412e-01 -4.029064e-01   
   1681  -9.624614e-01 -8.562496e-01   
   1682   1.456870e+00  2.092674e-01   
   1683  -4.371158e-01 -8.994053e-01   
   1684   1.348678e+00  4.509123e-02   
   1685   9.759480e-01 -3.556896e-01   
   1686  -1.248936e+00 -7.826804e-01   
   1687   9.539708e-01 -3.777038e-01   
   1688  -5.585103e-01 -9.050117e-01   
   1689  -4.829524e-01 -9.052499e-01   
   1690   1.172853e+00 -1.785804e-01   
   1691  -1.012407e+00 -8.557253e-01   
   1692   1.261817e+00 -8.024767e-02   
   1693  -7.865681e-01 -8.951160e-01   
   1694   9.048271e-01 -4.257793e-01   
   1695  -4.143756e-01 -9.101060e-01   
   1696  -6.211673e-01 -9.119610e-01   
   1697  -1.277649e+00 -7.858840e-01   
   1698   1.483068e+00  2.247436e-01   
   1699   1.046623e+00 -3.128660e-01   
   1700  -4.562737e-01 -9.155318e-01   
   1701   9.441778e-01 -4.015579e-01   
   1702   1.462355e+00  1.842419e-01   
   1703  -8.365198e-01 -8.965873e-01   
   1704  -1.239341e+00 -8.042087e-01   
   1705  -1.181335e+00 -8.229469e-01   
   1706   1.391177e+00  6.980070e-02   
   1707  -7.077177e-01 -9.144710e-01   
   1708   1.123286e+00 -2.491921e-01   
   1709   8.938414e-01 -4.483832e-01   
   1710   1.215803e+00 -1.532446e-01   
   1711  -3.913737e-01 -9.202318e-01   
   1712  -8.860913e-01 -8.967743e-01   
   1713   9.295401e-01 -4.255565e-01   
   1714  -4.368588e-01 -9.283722e-01   
   1715  -1.264338e+00 -8.071235e-01   
   1716   1.486616e+00  1.999304e-01   
   1717  -5.123332e-01 -9.319306e-01   
   1718   1.307316e+00 -5.983955e-02   
   1719   1.351490e+00 -4.620759e-03   
   1720  -1.222085e+00 -8.239765e-01   
   1721   8.822912e-01 -4.707039e-01   
   1722   1.467776e+00  1.624727e-01   
   1723  -3.681246e-01 -9.297765e-01   
   1724   9.211931e-01 -4.447331e-01   
   1725  -9.360427e-01 -8.986339e-01   
   1726   1.436384e+00  1.060900e-01   
   1727   1.094999e+00 -3.002406e-01   
   1728   1.168667e+00 -2.282781e-01   
   1729  -4.133907e-01 -9.390573e-01   
   1730  -6.637313e-01 -9.381937e-01   
   1731   1.033380e+00 -3.610793e-01   
   1732   9.837969e-01 -4.038857e-01   
   1733   8.701838e-01 -4.927273e-01   
   1734   1.260115e+00 -1.353220e-01   
   1735  -3.446429e-01 -9.387339e-01   
   1736  -1.250675e+00 -8.281377e-01   
   1737   1.489749e+00  1.750614e-01   
   1738  -1.208146e+00 -8.442823e-01   
   1739   1.467695e+00  1.352745e-01   
   1740  -3.909583e-01 -9.452703e-01   
   1741  -1.081863e+00 -8.798520e-01   
   1742   1.392733e+00  2.327557e-02   
   1743   9.112472e-01 -4.715389e-01   
   1744  -7.506563e-01 -9.416234e-01   
   1745   8.575267e-01 -5.144395e-01   
   1746  -3.209436e-01 -9.470983e-01   
   1747  -1.142027e+00 -8.712654e-01   
   1748  -8.521821e-01 -9.325062e-01   
   1749  -4.648619e-01 -9.564954e-01   
   1750   1.216498e+00 -2.026987e-01   
   1751  -9.993995e-01 -9.078763e-01   
   1752   8.944245e-01 -4.930127e-01   
   1753   1.302511e+00 -1.090688e-01   
   1754  -1.190599e+00 -8.619846e-01   
   1755  -1.236662e+00 -8.489206e-01   
   1756   1.492467e+00  1.501435e-01   
   1757   1.143938e+00 -2.832719e-01   
   1758  -6.169707e-01 -9.609520e-01   
   1759  -3.656863e-01 -9.586417e-01   
   1760   8.443279e-01 -5.358268e-01   
   1761  -2.970416e-01 -9.548645e-01   
   1762   1.081755e+00 -3.484379e-01   
   1763   1.473379e+00  1.105786e-01   
   1764   9.622613e-01 -4.528058e-01   
   1765   1.257972e+00 -1.757517e-01   
   1766   1.438720e+00  5.338191e-02   
   1767  -3.429700e-01 -9.637198e-01   
   1768  -4.136406e-01 -9.693597e-01   
   1769  -7.061845e-01 -9.644231e-01   
   1770   8.864041e-01 -5.167283e-01   
   1771   8.305959e-01 -5.568756e-01   
   1772  -2.729519e-01 -9.620277e-01   
   1773  -1.222304e+00 -8.694665e-01   
   1774   1.494767e+00  1.251837e-01   
   1775  -1.048536e+00 -9.169615e-01   
   1776   1.392733e+00 -2.327557e-02   
   1777  -1.179259e+00 -8.841810e-01   
   1778   1.471396e+00  8.615593e-02   
   1779  -9.008591e-01 -9.501977e-01   
   1780   1.346418e+00 -9.013209e-02   
   1781   8.163392e-01 -5.775727e-01   
   1782  -2.486899e-01 -9.685832e-01   
   1783  -3.170581e-01 -9.758046e-01   
   1784  -8.146373e-01 -9.655117e-01   
   1785  -4.922151e-01 -9.858214e-01   
   1786  -5.745087e-01 -9.871890e-01   
   1787   1.192468e+00 -2.728761e-01   
   1788   1.130077e+00 -3.358483e-01   
   1789   9.219964e-01 -5.133650e-01   
   1790   8.015670e-01 -5.979050e-01   
   1791  -1.207605e+00 -8.897696e-01   
   1792   1.496650e+00  1.001889e-01   
   1793  -2.242708e-01 -9.745269e-01   
   1794  -6.625814e-01 -9.880829e-01   
   1795   1.304267e+00 -1.585009e-01   
   1796   8.593219e-01 -5.606124e-01   
   1797  -2.924359e-01 -9.834641e-01   
   1798  -1.168022e+00 -9.035975e-01   
   1799   1.069477e+00 -3.992298e-01   
   1800   1.250916e+00 -2.227881e-01   
   1801   8.853262e-01 -5.458205e-01   
   1802   1.476169e+00  6.035353e-02   
   1803   1.440142e+00  6.046404e-03   
   1804   8.439289e-01 -5.780729e-01   
   1805   7.862884e-01 -6.178596e-01   
   1806  -1.997100e-01 -9.798551e-01   
   1807  -2.642413e-01 -9.882109e-01   
   1808  -7.480811e-01 -9.915326e-01   
   1809  -3.665193e-01 -9.983204e-01   
   1810   1.391177e+00 -6.980070e-02   
   1811  -1.105000e+00 -9.313502e-01   
   1812  -4.584860e-01 -1.004905e+00   
   1813  -9.477501e-01 -9.672053e-01   
   1814   1.345165e+00 -1.306808e-01   
   1815  -8.619585e-01 -9.815307e-01   
   1816  -1.192569e+00 -9.098243e-01   
   1817   1.498115e+00  7.516620e-02   
   1818  -1.016200e+00 -9.549369e-01   
   1819  -1.149056e+00 -9.230921e-01   
   1820   1.473453e+00  3.694116e-02   
   1821   7.705132e-01 -6.374240e-01   
   1822  -5.363053e-01 -1.008027e+00   
   1823  -2.438403e-01 -9.928167e-01   
   1824  -1.750231e-01 -9.845643e-01   
   1825   1.178155e+00 -3.192218e-01   
   1826   1.029602e+00 -4.537424e-01   
   1827   8.300690e-01 -6.030804e-01   
   1828  -6.181631e-01 -1.010852e+00   
   1829   1.241025e+00 -2.613430e-01   
   1830   7.542514e-01 -6.565858e-01   
   1831   1.116979e+00 -3.838324e-01   
   1832  -1.502256e-01 -9.886517e-01   
   1833   1.297362e+00 -2.055721e-01   
   1834   8.146513e-01 -6.237497e-01   
   1835  -2.175239e-01 -1.002698e+00   
   1836   9.958625e-01 -4.938246e-01   
   1837  -7.035019e-01 -1.013959e+00   
   1838  -1.177199e+00 -9.296248e-01   
   1839   1.499162e+00  5.012246e-02   
   1840   7.375131e-01 -6.753328e-01   
   1841  -1.253332e-01 -9.921147e-01   
   1842  -3.158964e-01 -1.015475e+00   
   1843   1.477450e+00  1.114749e-02   
   1844  -1.134107e+00 -9.458141e-01   
   1845   1.439603e+00 -4.196942e-02   
   1846  -4.123632e-01 -1.023815e+00   
   1847  -1.922573e-01 -1.007848e+00   
   1848   7.203090e-01 -6.936533e-01   
   1849   1.388068e+00 -1.162479e-01   
   1850  -1.003617e-01 -9.949510e-01   
   1851  -9.099857e-01 -9.992357e-01   
   1852   1.337391e+00 -1.798616e-01   
   1853   8.833183e-01 -5.922235e-01   
   1854  -8.245644e-01 -1.014474e+00   
   1855  -1.061654e+00 -9.725807e-01   
   1856  -4.972621e-01 -1.034929e+00   
   1857  -1.161501e+00 -9.491658e-01   
   1858   1.499791e+00  2.506473e-02   
   1859   1.473865e+00 -1.231487e-02   
   1860   7.026500e-01 -7.115357e-01   
   1861   7.822825e-01 -6.638934e-01   
   1862  -7.532681e-02 -9.971589e-01   
   1863   9.686605e-01 -5.354620e-01   
   1864  -1.668693e-01 -1.012361e+00   
   1865  -5.770500e-01 -1.036779e+00   
   1866  -1.121402e+00 -9.617229e-01   
   1867   1.226967e+00 -3.089395e-01   
   1868   1.164432e+00 -3.718174e-01   
   1869   8.080838e-01 -6.517029e-01   
   1870  -6.597924e-01 -1.037919e+00   
   1871   6.845471e-01 -7.289686e-01   
   1872  -2.644756e-01 -1.030064e+00   
   1873  -5.024432e-02 -9.987370e-01   
   1874   7.653518e-01 -6.833426e-01   
   1875  -1.413758e-01 -1.016235e+00   
   1876   1.106713e+00 -4.325012e-01   
   1877   1.290073e+00 -2.531256e-01   
   1878   1.079327e+00 -4.588436e-01   
   1879   6.660119e-01 -7.459411e-01   
   1880  -3.668864e-01 -1.044230e+00   
   1881  -2.513010e-02 -9.996842e-01   
   1882  -1.101355e+00 -9.795125e-01   
   1883   1.473453e+00 -3.694116e-02   
   1884  -1.145478e+00 -9.684418e-01   
   1885   1.500000e+00 -5.733974e-10   
   1886  -7.459588e-01 -1.040295e+00   
   1887   8.524468e-01 -6.358573e-01   
   1888  -1.157931e-01 -1.019467e+00   
   1889   1.437406e+00 -9.003459e-02   
   1890   9.409656e-01 -5.769096e-01   
   1891   6.470560e-01 -7.624425e-01   
   1892  -1.158875e-09 -1.000000e+00   
   1893  -4.512807e-01 -1.054230e+00   
   1894  -9.549369e-01 -1.016200e+00   
   1895   1.383408e+00 -1.625652e-01   
   1896  -8.712306e-01 -1.030496e+00   
   1897  -5.322345e-01 -1.057728e+00   
   1898   7.300510e-01 -7.209341e-01   
   1899  -9.013723e-02 -1.022055e+00   
   1900   6.276914e-01 -7.784623e-01   
   1901   1.050090e+00 -4.993368e-01   
   1902   2.513009e-02 -9.996842e-01   
   1903   1.331895e+00 -2.293488e-01   
   1904  -2.014003e-01 -1.040674e+00   
   1905   1.211767e+00 -3.560803e-01   
   1906  -6.150024e-01 -1.059354e+00   
   1907  -7.869546e-01 -1.047314e+00   
   1908   6.079303e-01 -7.939904e-01   
   1909  -1.084834e+00 -9.977792e-01   
   1910   1.472630e+00 -6.155714e-02   
   1911   5.024432e-02 -9.987370e-01   
   1912   1.153704e+00 -4.161958e-01   
   1913   1.273382e+00 -2.991082e-01   
   1914  -1.129136e+00 -9.874473e-01   
   1915   1.499791e+00 -2.506473e-02   
   1916   7.117033e-01 -7.390527e-01   
   1917   7.570917e-01 -7.125589e-01   
   1918  -6.442443e-02 -1.023997e+00   
   1919   5.877853e-01 -8.090170e-01   
   1920   7.532680e-02 -9.971589e-01   
   1921  -3.588342e-02 -1.022300e+00   
   1922   1.017492e+00 -5.386104e-01   
   1923  -1.018180e+00 -1.018582e+00   
   1924  -7.018601e-01 -1.063778e+00   
   1925   6.929061e-01 -7.567044e-01   
   1926  -3.213046e-01 -1.064128e+00   
   1927   5.672689e-01 -8.235326e-01   
   1928   1.003617e-01 -9.949510e-01   
   1929   9.146472e-01 -6.192446e-01   
   1930  -1.498699e-01 -1.047660e+00   
   1931  -4.076103e-01 -1.072979e+00   
   1932   5.463943e-01 -8.375280e-01   
   1933   1.253332e-01 -9.921147e-01   
   1934   8.021278e-01 -6.982628e-01   
   1935   6.736712e-01 -7.738783e-01   
   1936  -1.289303e-02 -1.025941e+00   
   1937  -1.068010e+00 -1.015767e+00   
   1938   1.471396e+00 -8.615593e-02   
   1939  -1.112478e+00 -1.006177e+00   
   1940   1.499162e+00 -5.012247e-02   
   1941   5.251746e-01 -8.509945e-01   
   1942   1.502256e-01 -9.886517e-01   
   1943   1.433596e+00 -1.380129e-01   
   1944   1.377204e+00 -2.087010e-01   
   1945  -9.169615e-01 -1.048536e+00   
   1946   5.036232e-01 -8.639234e-01   
   1947   1.750231e-01 -9.845643e-01   
   1948   1.289303e-02 -1.025941e+00   
   1949  -8.339593e-01 -1.063512e+00   
   1950   4.065272e-02 -1.021514e+00   
   1951  -4.905322e-01 -1.084341e+00   
   1952   4.817537e-01 -8.763067e-01   
   1953   1.997100e-01 -9.798551e-01   
   1954   9.902350e-01 -5.804003e-01   
   1955  -5.709299e-01 -1.085869e+00   
   1956   4.595799e-01 -8.881364e-01   
   1957   2.242708e-01 -9.745269e-01   
   1958   6.339373e-01 -8.067490e-01   
   1959   1.258950e+00 -3.467594e-01   
   1960   4.371158e-01 -8.994053e-01   
   1961   2.486899e-01 -9.685832e-01   
   1962   6.156258e-02 -1.021075e+00   
   1963   1.201997e+00 -4.046377e-01   
   1964  -6.574324e-01 -1.085331e+00   
   1965   4.143756e-01 -9.101060e-01   
   1966   2.729519e-01 -9.620277e-01   
   1967   8.482767e-01 -6.848735e-01   
   1968   3.913737e-01 -9.202318e-01   
   1969   2.970416e-01 -9.548645e-01   
   1970   1.320721e+00 -2.867787e-01   
   1971   3.681246e-01 -9.297765e-01   
   1972   3.209436e-01 -9.470983e-01   
   1973   3.446429e-01 -9.387339e-01   
   1974   1.469751e+00 -1.107307e-01   
   1975   1.140513e+00 -4.643356e-01   
   1976  -7.498404e-01 -1.080713e+00   
   1977   6.134635e-01 -8.224251e-01   
   1978   6.608163e-01 -7.987413e-01   
   1979  -2.814326e-01 -1.081709e+00   
   1980  -1.095510e+00 -1.024626e+00   
   1981   1.498115e+00 -7.516620e-02   
   1982   7.457560e-01 -7.532536e-01   
   1983   8.915181e-01 -6.614179e-01   
   1984  -1.051217e+00 -1.037162e+00   
   1985   1.099602e+00 -5.044880e-01   
   1986  -9.215496e-02 -1.059941e+00   
   1987   9.013723e-02 -1.022055e+00   
   1988  -3.618689e-01 -1.092906e+00   
   1989   5.713664e-01 -8.522094e-01   
   1990   1.157931e-01 -1.019467e+00   
   1991  -2.320937e-02 -1.053436e+00   
   1992   9.644840e-01 -6.203439e-01   
   1993   5.497699e-01 -8.662987e-01   
   1994   1.413758e-01 -1.016235e+00   
   1995   1.690029e-01 -1.008872e+00   
   1996  -4.466832e-01 -1.103487e+00   
   1997  -1.033472e+00 -1.050888e+00   
   1998  -8.814127e-01 -1.078591e+00   
   1999  -5.352591e-01 -1.105479e+00   
   2000   5.063493e-01 -8.888165e-01   
   2001   7.101345e-01 -7.869410e-01   
   2002  -2.341615e-01 -1.090581e+00   
   2003   5.278261e-01 -8.798409e-01   
   2004  -1.078236e+00 -1.042789e+00   
   2005   1.496650e+00 -1.001890e-01   
   2006   1.071085e+00 -5.444721e-01   
   2007   1.471162e+00 -1.367703e-01   
   2008   1.248381e+00 -3.872659e-01   
   2009   6.002332e-01 -8.479863e-01   
   2010   1.922573e-01 -1.007848e+00   
   2011   4.562737e-01 -9.155318e-01   
   2012  -9.709561e-01 -1.069201e+00   
   2013  -6.145917e-01 -1.109103e+00   
   2014   4.829524e-01 -9.052499e-01   
   2015  -7.973970e-01 -1.095923e+00   
   2016   1.432139e+00 -1.929815e-01   
   2017   2.426531e-01 -9.969152e-01   
   2018   3.663505e-01 -9.544268e-01   
   2019   1.307261e+00 -3.347162e-01   
   2020   3.860133e-01 -9.473004e-01   
   2021   1.188723e+00 -4.514023e-01   
   2022  -1.012985e+00 -1.065084e+00   
   2023   9.389383e-01 -6.533637e-01   
   2024   4.368588e-01 -9.283722e-01   
   2025   2.676290e-01 -9.905025e-01   
   2026  -1.846446e-01 -1.093504e+00   
   2027   1.367183e+00 -2.745464e-01   
   2028   3.170581e-01 -9.758046e-01   
   2029   3.414801e-01 -9.675287e-01   
   2030   1.465230e+00 -1.597805e-01   
   2031   1.039724e+00 -5.832771e-01   
   2032  -1.358647e-01 -1.090062e+00   
   2033   4.141624e-01 -9.418834e-01   
   2034  -1.060660e+00 -1.060660e+00   
   2035   1.494767e+00 -1.251837e-01   
   2036  -6.983430e-01 -1.113641e+00   
   2037  -4.022156e-01 -1.122257e+00   
   2038  -4.894035e-01 -1.125034e+00   
   2039   2.203904e-01 -1.016509e+00   
   2040   7.970382e-01 -7.596859e-01   
   2041   6.465189e-01 -8.443893e-01   
   2042   5.343360e-02 -1.062132e+00   
   2043   2.959706e-01 -9.949339e-01   
   2044  -8.448794e-01 -1.107441e+00   
   2045  -9.977792e-01 -1.084834e+00   
   2046  -3.085452e-01 -1.123161e+00   
   2047   5.809445e-01 -8.833528e-01   
   2048   1.148803e+00 -5.120586e-01   
   2049   1.234377e+00 -4.347054e-01   
   2050  -1.042789e+00 -1.078236e+00   
   2051   1.492467e+00 -1.501435e-01   
   2052   6.885522e-01 -8.319775e-01   
   2053   1.013819e+00 -6.240033e-01   
   2054  -5.745436e-01 -1.135196e+00   
   2055   1.201363e-01 -1.055517e+00   
   2056   1.467188e+00 -1.868859e-01   
   2057  -9.251228e-01 -1.103808e+00   
   2058   5.318565e-01 -9.115162e-01   
   2059  -2.590266e-01 -1.124268e+00   
   2060  -6.530054e-01 -1.134125e+00   
   2061   1.417731e+00 -2.508717e-01   
   2062   1.296027e+00 -3.832239e-01   
   2063   1.354982e+00 -3.229086e-01   
   2064  -9.628668e-02 -1.105897e+00   
   2065   1.117050e+00 -5.503959e-01   
   2066   8.778801e-01 -7.307045e-01   
   2067   1.462207e+00 -2.066754e-01   
   2068   1.861327e-01 -1.047060e+00   
   2069  -9.846664e-01 -1.102644e+00   
   2070   7.685172e-01 -8.003492e-01   
   2071  -4.824704e-02 -1.103502e+00   
   2072   1.489749e+00 -1.750614e-01   
   2073  -1.024626e+00 -1.095510e+00   
   2074  -4.442041e-01 -1.146061e+00   
   2075   3.357767e-01 -1.004093e+00   
   2076   2.648551e-01 -1.029614e+00   
   2077  -3.587349e-01 -1.146727e+00   
   2078   4.648619e-01 -9.564954e-01   
   2079  -8.074024e-01 -1.135054e+00   
   2080   9.876464e-01 -6.640569e-01   
   2081  -2.106987e-01 -1.134284e+00   
   2082   3.914914e-01 -9.887944e-01   
   2083  -5.287525e-01 -1.154903e+00   
   2084  -1.624479e-01 -1.130581e+00   
   2085   1.088664e+00 -5.911661e-01   
   2086   1.601296e-03 -1.103738e+00   
   2087   1.455382e+00 -2.330036e-01   
   2088  -9.609723e-01 -1.117569e+00   
   2089   1.281985e+00 -4.212842e-01   
   2090  -6.089249e-01 -1.156564e+00   
   2091   8.449458e-01 -7.682110e-01   
   2092   1.486616e+00 -1.999304e-01   
   2093  -1.006177e+00 -1.112478e+00   
   2094  -8.877224e-01 -1.134105e+00   
   2095   9.544684e-01 -7.007520e-01   
   2096   1.343435e+00 -3.680050e-01   
   2097   7.376590e-01 -8.381239e-01   
   2098   1.056213e+00 -6.286401e-01   
   2099   6.341527e-01 -8.936402e-01   
   2100  -1.192184e-01 -1.135574e+00   
   2101   1.408095e+00 -3.030658e-01   
   2102  -6.927174e-01 -1.160469e+00   
   2103   5.141495e-02 -1.105613e+00   
   2104   1.451286e+00 -2.572903e-01   
   2105   1.201678e+00 -5.139542e-01   
   2106  -9.453590e-01 -1.135483e+00   
   2107   1.483068e+00 -2.247436e-01   
   2108  -9.874473e-01 -1.129136e+00   
   2109  -2.904844e-01 -1.163160e+00   
   2110  -7.690237e-01 -1.161400e+00   
   2111  -4.018544e-01 -1.171828e+00   
   2112  -4.853094e-01 -1.174266e+00   
   2113   8.180817e-01 -8.035606e-01   
   2114   1.270713e+00 -4.602548e-01   
   2115   1.166698e+00 -5.556009e-01   
   2116   3.113225e-01 -1.044058e+00   
   2117   1.027960e+00 -6.697123e-01   
   2118   9.263566e-01 -7.414587e-01   
   2119   5.982885e-01 -9.284662e-01   
   2120  -9.230921e-01 -1.149056e+00   
   2121   1.446784e+00 -2.815051e-01   
   2122   1.011319e-01 -1.106968e+00   
   2123  -6.458188e-02 -1.142068e+00   
   2124   7.094235e-01 -8.768512e-01   
   2125   1.330388e+00 -4.126903e-01   
   2126  -8.493306e-01 -1.163135e+00   
   2127  -2.413892e-01 -1.170364e+00   
   2128  -5.682038e-01 -1.184643e+00   
   2129   1.479105e+00 -2.494940e-01   
   2130  -9.684418e-01 -1.145478e+00   
   2131  -6.485122e-01 -1.183384e+00   
   2132  -1.940451e-01 -1.168886e+00   
   2133   1.137141e+00 -5.958303e-01   
   2134   2.332331e-01 -1.079294e+00   
   2135   1.397453e+00 -3.504684e-01   
   2136   7.863131e-01 -8.415795e-01   
   2137   8.939522e-01 -7.776865e-01   
   2138   4.305583e-01 -1.014842e+00   
   2139  -9.037627e-01 -1.164320e+00   
   2140  -2.307277e-02 -1.146527e+00   
   2141  -7.297862e-01 -1.186448e+00   
   2142  -4.399365e-01 -1.194995e+00   
   2143   1.250983e+00 -5.059705e-01   
   2144   1.445227e+00 -3.072683e-01   
   2145   1.474730e+00 -2.741748e-01   
   2146  -9.491658e-01 -1.161501e+00   
   2147   1.105175e+00 -6.325710e-01   
   2148  -3.569309e-01 -1.193037e+00   
   2149   1.001050e+00 -7.116767e-01   
   2150   6.821887e-01 -9.073849e-01   
   2151   5.437267e-01 -9.762711e-01   
   2152   1.529494e-01 -1.114705e+00   
   2153   3.573372e-01 -1.053439e+00   
   2154  -1.462100e-01 -1.177506e+00   
   2155   2.444139e-02 -1.147533e+00   
   2156  -5.248124e-01 -1.204151e+00   
   2157   1.436569e+00 -3.296921e-01   
   2158  -8.841810e-01 -1.179259e+00   
   2159   1.315855e+00 -4.569148e-01   
   2160  -6.136597e-01 -1.204146e+00   
   2161  -8.099902e-01 -1.190866e+00   
   2162   2.827867e-01 -1.085084e+00   
   2163   9.757810e-01 -7.435889e-01   
   2164   1.469943e+00 -2.987790e-01   
   2165  -9.296248e-01 -1.177199e+00   
   2166  -3.205195e-01 -1.203015e+00   
   2167   8.641124e-01 -8.176990e-01   
   2168   1.383476e+00 -3.984457e-01   
   2169   1.077187e+00 -6.738640e-01   
   2170   6.463894e-01 -9.420823e-01   
   2171   7.589184e-01 -8.830442e-01   
   2172  -9.680898e-02 -1.180123e+00   
   2173  -6.897335e-01 -1.210171e+00   
   2174   7.431731e-02 -1.148855e+00   
   2175   1.233384e+00 -5.525480e-01   
   2176  -8.674060e-01 -1.196090e+00   
   2177  -2.709473e-01 -1.208773e+00   
   2178   2.047354e-01 -1.119842e+00   
   2179   1.434207e+00 -3.554931e-01   
   2180   5.936851e-01 -9.755772e-01   
   2181   8.353717e-01 -8.485025e-01   
   2182   1.464745e+00 -3.232997e-01   
   2183  -9.098243e-01 -1.192569e+00   
   2184  -3.983906e-01 -1.220405e+00   
   2185   9.423050e-01 -7.826373e-01   
   2186  -4.808077e-01 -1.223595e+00   
   2187   4.056787e-01 -1.058059e+00   
   2188  -5.680226e-01 -1.224057e+00   
   2189  -2.224884e-01 -1.209587e+00   
   2190   1.299853e+00 -5.006289e-01   
   2191  -8.442823e-01 -1.208146e+00   
   2192   1.424751e+00 -3.775109e-01   
   2193   1.050869e+00 -7.134815e-01   
   2194   3.325022e-01 -1.089322e+00   
   2195  -7.697451e-01 -1.217266e+00   
   2196  -4.817067e-02 -1.189158e+00   
   2197   5.197955e-01 -1.020004e+00   
   2198   7.291887e-01 -9.226489e-01   
   2199  -8.897696e-01 -1.207605e+00   
   2200   1.459138e+00 -3.477302e-01   
   2201   1.248479e-01 -1.156045e+00   
   2202   1.370849e+00 -4.432371e-01   
   2203  -1.729288e-01 -1.212665e+00   
   2204   8.005946e-01 -8.842292e-01   
   2205  -6.489105e-01 -1.232543e+00   
   2206   2.526919e-01 -1.124875e+00   
   2207  -3.419823e-04 -1.190466e+00   
   2208   9.137181e-01 -8.232380e-01   
   2209   4.551417e-01 -1.058228e+00   
   2210   1.208314e+00 -6.054115e-01   
   2211  -8.269543e-01 -1.224406e+00   
   2212   1.421230e+00 -4.035140e-01   
   2213   1.282398e+00 -5.437839e-01   
   2214  -8.694665e-01 -1.222304e+00   
   2215   1.453124e+00 -3.720636e-01   
   2216  -5.233530e-01 -1.246053e+00   
   2217   1.126578e+00 -6.776299e-01   
   2218   6.944738e-01 -9.552500e-01   
   2219   1.023819e+00 -7.553567e-01   
   2220  -1.221299e-01 -1.220720e+00   
   2221   5.691954e-01 -1.019127e+00   
   2222  -7.286403e-01 -1.242308e+00   
   2223   1.746565e-01 -1.159732e+00   
   2224   3.821378e-01 -1.095190e+00   
   2225  -8.034406e-01 -1.235683e+00   
   2226   1.411340e+00 -4.249081e-01   
   2227   4.791932e-02 -1.191193e+00   
   2228  -2.963998e-01 -1.243779e+00   
   2229  -6.073627e-01 -1.253538e+00   
   2230   1.354489e+00 -4.894382e-01   
   2231   9.914291e-01 -7.905070e-01   
   2232  -8.489206e-01 -1.236662e+00   
   2233   1.446704e+00 -3.962931e-01   
   2234   8.828219e-01 -8.623535e-01   
   2235   3.036778e-01 -1.130050e+00   
   2236   1.183384e+00 -6.485122e-01   
   2237  -8.170892e-02 -1.225524e+00   
   2238   7.785258e-01 -9.269205e-01   
   2239   1.100086e+00 -7.177876e-01   
   2240   1.404043e+00 -4.484321e-01   
   2241  -3.579579e-01 -1.260171e+00   
   2242  -7.855790e-01 -1.251355e+00   
   2243  -2.474454e-01 -1.252475e+00   
   2244   5.041469e-01 -1.064944e+00   
   2245   9.740295e-02 -1.197575e+00   
   2246   6.641390e-01 -9.948139e-01   
   2247  -8.281377e-01 -1.250675e+00   
   2248   1.439880e+00 -4.204119e-01   
   2249   8.490422e-01 -8.960050e-01   
   2250   2.241124e-01 -1.165891e+00   
   2251  -3.186653e-02 -1.226459e+00   
   2252  -2.025232e-01 -1.252656e+00   
   2253  -6.867218e-01 -1.265961e+00   
   2254   9.608627e-01 -8.287970e-01   
   2255   4.318858e-01 -1.100009e+00   
   2256  -7.617017e-01 -1.261840e+00   
   2257   1.396354e+00 -4.718308e-01   
   2258   7.418364e-01 -9.602235e-01   
   2259  -5.651366e-01 -1.273133e+00   
   2260   1.256359e+00 -6.050860e-01   
   2261  -4.426471e-01 -1.274766e+00   
   2262   1.336645e+00 -5.349246e-01   
   2263   1.073632e+00 -7.573298e-01   
   2264   5.434487e-01 -1.061296e+00   
   2265  -8.071235e-01 -1.264338e+00   
   2266   1.432654e+00 -4.444134e-01   
   2267   3.533153e-01 -1.135953e+00   
   2268   1.791957e-02 -1.229005e+00   
   2269  -1.538947e-01 -1.258630e+00   
   2270   1.464009e-01 -1.200916e+00   
   2271  -7.405102e-01 -1.274391e+00   
   2272   1.039172e+00 -7.928133e-01   
   2273   1.391248e+00 -4.974358e-01   
   2274   2.738940e-01 -1.170147e+00   
   2275   8.196964e-01 -9.363122e-01   
   2276   4.723565e-01 -1.102839e+00   
   2277   9.322197e-01 -8.690209e-01   
   2278  -7.858840e-01 -1.277649e+00   
   2279   1.425028e+00 -4.682907e-01   
   2280  -6.440362e-01 -1.288201e+00   
   2281  -5.222793e-01 -1.291306e+00   
   2282   1.232543e+00 -6.489105e-01   
   2283   1.141647e+00 -7.233180e-01   
   2284   6.340622e-01 -1.034745e+00   
   2285  -7.191120e-01 -1.286587e+00   
   2286   1.379808e+00 -5.182264e-01   
   2287  -3.960001e-01 -1.292180e+00   
   2288   7.136329e-01 -1.000801e+00   
   2289   8.965692e-01 -8.998367e-01   
   2290  -1.069849e-01 -1.267803e+00   
   2291   5.932793e-01 -1.062776e+00   
   2292   6.684089e-02 -1.237012e+00   
   2293  -2.785391e-01 -1.290181e+00   
   2294   4.027850e-01 -1.140644e+00   
   2295  -7.644250e-01 -1.290602e+00   
   2296   1.417004e+00 -4.920373e-01   
   2297   1.959691e-01 -1.207040e+00   
   2298   1.009713e+00 -8.325475e-01   
   2299   1.319770e+00 -5.898278e-01   
   2300   1.112527e+00 -7.637069e-01   
   2301  -7.002434e-01 -1.301032e+00   
   2302  -5.714517e-02 -1.268903e+00   
   2303   7.894807e-01 -9.738331e-01   
   2304   1.373702e+00 -5.437464e-01   
   2305   1.210171e+00 -6.897335e-01   
   2306  -4.788387e-01 -1.308037e+00   
   2307   3.233486e-01 -1.175962e+00   
   2308  -2.298346e-01 -1.294239e+00   
   2309  -6.006313e-01 -1.309002e+00   
   2310   5.217193e-01 -1.105851e+00   
   2311  -7.427525e-01 -1.303196e+00   
   2312   1.408584e+00 -5.156465e-01   
   2313   1.164393e-01 -1.239830e+00   
   2314  -3.502323e-01 -1.309284e+00   
   2315  -6.757191e-01 -1.309898e+00   
   2316   1.361721e+00 -5.640433e-01   
   2317  -1.801240e-01 -1.296230e+00   
   2318  -9.611576e-03 -1.270564e+00   
   2319   6.836857e-01 -1.040795e+00   
   2320   8.693260e-01 -9.410821e-01   
   2321   2.452126e-01 -1.211058e+00   
   2322   9.819732e-01 -8.738465e-01   
   2323   1.289160e+00 -6.411616e-01   
   2324   7.632910e-01 -1.005226e+00   
   2325  -7.208726e-01 -1.315425e+00   
   2326   1.399771e+00 -5.391117e-01   
   2327   4.524476e-01 -1.146275e+00   
   2328   1.085303e+00 -8.053964e-01   
   2329   1.186448e+00 -7.297862e-01   
   2330  -4.348633e-01 -1.323307e+00   
   2331   9.434650e-01 -9.044589e-01   
   2332  -6.563784e-01 -1.323704e+00   
   2333  -1.308457e-01 -1.300504e+00   
   2334   5.699100e-01 -1.103214e+00   
   2335   1.354452e+00 -5.898405e-01   
   2336  -5.565556e-01 -1.328341e+00   
   2337   3.731158e-01 -1.180506e+00   
   2338   4.022361e-02 -1.272768e+00   
   2339   1.657297e-01 -1.246790e+00   
   2340  -6.987915e-01 -1.327287e+00   
   2341   1.390567e+00 -5.624263e-01   
   2342   1.059033e+00 -8.363100e-01   
   2343  -6.315716e-01 -1.331745e+00   
   2344   1.345676e+00 -6.082113e-01   
   2345   7.274859e-01 -1.039940e+00   
   2346   4.928475e-01 -1.146003e+00   
   2347   2.948322e-01 -1.216907e+00   
   2348  -3.904022e-01 -1.337099e+00   
   2349   1.161400e+00 -7.690237e-01   
   2350  -6.765152e-01 -1.338778e+00   
   2351   1.380975e+00 -5.855839e-01   
   2352  -6.092301e-01 -1.342113e+00   
   2353   1.331745e+00 -6.315716e-01   
   2354  -8.256742e-02 -1.311265e+00   
   2355  -5.118582e-01 -1.346197e+00   
   2356   9.157697e-01 -9.452403e-01   
   2357   8.826609e-02 -1.280747e+00   
   2358   1.267304e+00 -6.935173e-01   
   2359   2.154160e-01 -1.250469e+00   
   2360   1.029085e+00 -8.760881e-01   
   2361   6.197169e-01 -1.106147e+00   
   2362   4.226863e-01 -1.186429e+00   
   2363  -2.070611e-01 -1.335542e+00   
   2364  -5.867186e-01 -1.352106e+00   
   2365   1.321006e+00 -6.537366e-01   
   2366  -6.540500e-01 -1.349896e+00   
   2367   1.370997e+00 -6.085780e-01   
   2368   5.426069e-01 -1.143011e+00   
   2369  -3.455050e-01 -1.349397e+00   
   2370   1.135054e+00 -8.074024e-01   
   2371  -3.502711e-02 -1.313081e+00   
   2372   8.096356e-01 -1.017268e+00   
   2373   8.530840e-01 -9.941894e-01   
   2374   1.236227e+00 -7.321063e-01   
   2375   3.442238e-01 -1.221282e+00   
   2376   1.309898e+00 -6.757191e-01   
   2377  -4.665881e-01 -1.362549e+00   
   2378   1.380174e-01 -1.284845e+00   
   2379  -6.314021e-01 -1.360636e+00   
   2380   1.360636e+00 -6.314021e-01   
   2381  -1.574889e-01 -1.340210e+00   
   2382   9.902033e-01 -9.198063e-01   
   2383  -5.664990e-01 -1.364589e+00   
   2384   1.305768e-02 -1.314606e+00   
   2385  -3.002220e-01 -1.360189e+00   
   2386   1.107441e+00 -8.448794e-01   
   2387   2.648548e-01 -1.256878e+00   
   2388  -5.412104e-01 -1.370956e+00   
   2389   7.755730e-01 -1.053157e+00   
   2390   4.724588e-01 -1.190993e+00   
   2391  -6.085780e-01 -1.370997e+00   
   2392   1.349896e+00 -6.540500e-01   
   2393   9.541922e-01 -9.541922e-01   
   2394   1.299775e+00 -7.009634e-01   
   2395  -1.173943e-01 -1.346390e+00   
   2396   5.919646e-01 -1.147609e+00   
   2397   5.715076e-02 -1.319474e+00   
   2398  -4.207904e-01 -1.377380e+00   
   2399   3.938779e-01 -1.226928e+00   
   2400   7.334841e-01 -1.085433e+00   
   2401   1.217208e+00 -7.773891e-01   
   2402   1.868771e-01 -1.291308e+00   
   2403   1.078591e+00 -8.814127e-01   
   2404  -5.855839e-01 -1.380975e+00   
   2405   1.338778e+00 -6.765152e-01   
   2406  -5.205849e-01 -1.382756e+00   
   2407   1.292018e+00 -7.197232e-01   
   2408  -6.762110e-02 -1.347736e+00   
   2409  -2.516626e-01 -1.371580e+00   
   2410   9.066452e-01 -9.970416e-01   
   2411   5.198499e-01 -1.187363e+00   
   2412   3.145594e-01 -1.261015e+00   
   2413  -4.950977e-01 -1.388275e+00   
   2414   1.274391e+00 -7.405102e-01   
   2415  -5.624263e-01 -1.390567e+00   
   2416   1.327287e+00 -6.987915e-01   
   2417   6.947429e-01 -1.116931e+00   
   2418  -3.744774e-01 -1.390674e+00   
   2419   1.184884e+00 -8.197839e-01   
   2420  -1.796304e-02 -1.351378e+00   
   2421   1.261840e+00 -7.617017e-01   
   2422   1.064641e-01 -1.327231e+00   
   2423   2.366400e-01 -1.295692e+00   
   2424  -4.740892e-01 -1.399380e+00   
   2425  -5.391117e-01 -1.399771e+00   
   2426   1.315425e+00 -7.208726e-01   
   2427  -1.856590e-01 -1.380499e+00   
   2428   6.418252e-01 -1.150963e+00   
   2429   4.435671e-01 -1.231778e+00   
   2430   1.036413e+00 -9.329596e-01   
   2431   8.587700e-01 -1.043580e+00   
   2432   1.156426e+00 -8.520607e-01   
   2433  -4.484321e-01 -1.404043e+00   
   2434   3.640892e-01 -1.267053e+00   
   2435   1.250053e+00 -7.862134e-01   
   2436  -5.156465e-01 -1.408584e+00   
   2437   1.303196e+00 -7.427525e-01   
   2438  -3.274285e-01 -1.402433e+00   
   2439   8.184970e-01 -1.072860e+00   
   2440  -1.394260e-01 -1.385932e+00   
   2441   1.001269e+00 -9.683525e-01   
   2442   4.913007e-01 -1.225363e+00   
   2443   1.567693e-01 -1.331004e+00   
   2444  -4.249081e-01 -1.411340e+00   
   2445   1.235683e+00 -8.034406e-01   
   2446  -4.920373e-01 -1.417004e+00   
   2447   1.290602e+00 -7.644250e-01   
   2448   2.857726e-01 -1.301745e+00   
   2449   7.796181e-01 -1.103966e+00   
   2450   1.133146e+00 -8.881124e-01   
   2451  -4.012656e-01 -1.418243e+00   
   2452   1.222085e+00 -8.239765e-01   
   2453  -9.303728e-02 -1.389817e+00   
   2454   9.683525e-01 -1.001269e+00   
   2455  -2.777329e-01 -1.414637e+00   
   2456  -4.682907e-01 -1.425028e+00   
   2457   1.277649e+00 -7.858840e-01   
   2458  -3.775109e-01 -1.424751e+00   
   2459   7.414776e-01 -1.134504e+00   
   2460   1.096932e+00 -9.273986e-01   
   2461   2.063237e-01 -1.337323e+00   
   2462  -4.654463e-02 -1.392149e+00   
   2463   9.343544e-01 -1.033067e+00   
   2464   1.211961e+00 -8.453000e-01   
   2465  -4.444134e-01 -1.432654e+00   
   2466   1.264338e+00 -8.071235e-01   
   2467   6.316110e-01 -1.193359e+00   
   2468  -3.536509e-01 -1.430860e+00   
   2469   1.193869e+00 -8.643523e-01   
   2470   5.401949e-01 -1.232373e+00   
   2471   3.355271e-01 -1.306372e+00   
   2472   5.860790e-01 -1.216368e+00   
   2473  -1.614179e-09 -1.392927e+00   
   2474   8.993126e-01 -1.063712e+00   
   2475   4.194904e-01 -1.282709e+00   
   2476  -4.204119e-01 -1.439880e+00   
   2477   1.250675e+00 -8.281377e-01   
   2478   4.669162e-01 -1.266897e+00   
   2479   1.179259e+00 -8.841810e-01   
   2480   7.048326e-01 -1.168417e+00   
   2481  -2.203802e-01 -1.428307e+00   
   2482  -3.315501e-01 -1.439811e+00   
   2483   2.559113e-01 -1.341695e+00   
   2484   4.654463e-02 -1.392149e+00   
   2485   8.632665e-01 -1.093168e+00   
   2486  -3.962931e-01 -1.446704e+00   
   2487   1.236662e+00 -8.489206e-01   
   2488   1.058798e+00 -9.765519e-01   
   2489  -3.056413e-01 -1.441878e+00   
   2490  -1.619663e-01 -1.431078e+00   
   2491   1.166246e+00 -9.069669e-01   
   2492   8.262563e-01 -1.121404e+00   
   2493  -2.815051e-01 -1.446784e+00   
   2494   1.149056e+00 -9.230921e-01   
   2495  -3.720636e-01 -1.453124e+00   
   2496   1.222304e+00 -8.694665e-01   
   2497   9.641207e-02 -1.391140e+00   
   2498   1.022769e+00 -1.014093e+00   
   2499   7.883231e-01 -1.148387e+00   
   2500  -2.572903e-01 -1.451286e+00   
   2501  -1.141629e-01 -1.435623e+00   
   2502  -3.477302e-01 -1.459138e+00   
   2503   1.207605e+00 -8.897696e-01   
   2504   1.625652e-01 -1.383408e+00   
   2505   1.134848e+00 -9.458182e-01   
   2506  -3.232997e-01 -1.464745e+00   
   2507   1.192569e+00 -9.098243e-01   
   2508   1.121275e+00 -9.609928e-01   
   2509   9.883117e-01 -1.047703e+00   
   2510   2.121745e-01 -1.378241e+00   
   2511  -6.687386e-02 -1.438156e+00   
   2512  -2.326672e-01 -1.460659e+00   
   2513   1.101355e+00 -9.795125e-01   
   2514   7.525966e-01 -1.182962e+00   
   2515   6.730338e-01 -1.221307e+00   
   2516  -2.114277e-01 -1.461527e+00   
   2517  -2.987790e-01 -1.469943e+00   
   2518   1.177199e+00 -9.296248e-01   
   2519   2.973534e-01 -1.362405e+00   
   2520   6.282243e-01 -1.243214e+00   
   2521   3.455050e-01 -1.349397e+00   
   2522   9.527483e-01 -1.080142e+00   
   2523  -1.842419e-01 -1.462355e+00   
   2524   5.840080e-01 -1.266294e+00   
   2525  -1.709899e-02 -1.440605e+00   
   2526   4.569148e-01 -1.315855e+00   
   2527   3.939829e-01 -1.337664e+00   
   2528  -2.741748e-01 -1.474730e+00   
   2529   1.161501e+00 -9.491658e-01   
   2530   1.087230e+00 -1.000527e+00   
   2531   5.042443e-01 -1.300117e+00   
   2532   1.068010e+00 -1.015767e+00   
   2533   9.161052e-01 -1.111376e+00   
   2534  -1.613375e-01 -1.468669e+00   
   2535  -2.494940e-01 -1.479105e+00   
   2536   1.145478e+00 -9.684418e-01   
   2537   3.066675e-02 -1.439822e+00   
   2538  -1.352745e-01 -1.467695e+00   
   2539   1.052629e+00 -1.036839e+00   
   2540   8.783304e-01 -1.141370e+00   
   2541  -2.247436e-01 -1.483068e+00   
   2542   1.129136e+00 -9.874473e-01   
   2543   1.033472e+00 -1.050888e+00   
   2544   8.131190e-02 -1.437501e+00   
   2545  -1.121932e-01 -1.473226e+00   
   2546  -8.615593e-02 -1.471396e+00   
   2547  -1.999304e-01 -1.486616e+00   
   2548   1.112478e+00 -1.006177e+00   
   2549   8.388144e-01 -1.170109e+00   
   2550   1.017395e+00 -1.071434e+00   
   2551   1.339332e-01 -1.434048e+00   
   2552   7.930407e-01 -1.197671e+00   
   2553  -6.155714e-02 -1.472630e+00   
   2554   9.977792e-01 -1.084834e+00   
   2555  -1.750614e-01 -1.489749e+00   
   2556   1.095510e+00 -1.024626e+00   
   2557  -3.694116e-02 -1.473453e+00   
   2558   9.795125e-01 -1.101355e+00   
   2559  -1.501435e-01 -1.492467e+00   
   2560   1.078236e+00 -1.042789e+00   
   2561   7.338470e-01 -1.235314e+00   
   2562   2.618216e-01 -1.411525e+00   
   2563   9.609723e-01 -1.117569e+00   
   2564   1.944459e-01 -1.431508e+00   
   2565  -1.251837e-01 -1.494767e+00   
   2566   1.060660e+00 -1.060660e+00   
   2567  -1.335800e-02 -1.477543e+00   
   2568   1.231487e-02 -1.473865e+00   
   2569   9.421638e-01 -1.133471e+00   
   2570   3.248423e-01 -1.402676e+00   
   2571   9.230921e-01 -1.149056e+00   
   2572  -1.001890e-01 -1.496650e+00   
   2573   1.042789e+00 -1.078236e+00   
   2574   4.484443e-01 -1.364634e+00   
   2575   6.195305e-01 -1.299694e+00   
   2576   3.594519e-02 -1.477054e+00   
   2577   6.751738e-01 -1.277724e+00   
   2578   6.155714e-02 -1.472630e+00   
   2579   5.033460e-01 -1.348334e+00   
   2580  -7.516620e-02 -1.498115e+00   
   2581   1.024626e+00 -1.095510e+00   
   2582   8.841810e-01 -1.179259e+00   
   2583   9.050105e-01 -1.167891e+00   
   2584   3.839130e-01 -1.393215e+00   
   2585   5.637213e-01 -1.330140e+00   
   2586  -5.012247e-02 -1.499162e+00   
   2587   1.006177e+00 -1.112478e+00   
   2588   8.579097e-02 -1.474930e+00   
   2589   1.107307e-01 -1.469751e+00   
   2590   8.442823e-01 -1.208146e+00   
   2591   8.653028e-01 -1.197485e+00   
   2592  -2.506473e-02 -1.499791e+00   
   2593   9.874473e-01 -1.129136e+00   
   2594   1.597805e-01 -1.465230e+00   
   2595   1.359543e-01 -1.471253e+00   
   2596  -1.738274e-09 -1.500000e+00   
   2597   9.684418e-01 -1.145478e+00   
   2598   7.811283e-01 -1.245691e+00   
   2599   8.242746e-01 -1.225979e+00   
   2600   2.320359e-01 -1.451918e+00   
   2601   8.069918e-01 -1.236741e+00   
   2602   2.506473e-02 -1.499791e+00   
   2603   9.491658e-01 -1.161501e+00   
   2604   1.865810e-01 -1.465483e+00   
   2605   7.617017e-01 -1.261840e+00   
   2606   2.066754e-01 -1.462207e+00   
   2607   5.012246e-02 -1.499162e+00   
   2608   9.296248e-01 -1.177199e+00   
   2609   2.572903e-01 -1.451286e+00   
   2610   7.191120e-01 -1.286587e+00   
   2611   7.440039e-01 -1.275626e+00   
   2612   7.516620e-02 -1.498115e+00   
   2613   9.098243e-01 -1.192569e+00   
   2614   3.056413e-01 -1.441878e+00   
   2615   2.796881e-01 -1.450013e+00   
   2616   6.967343e-01 -1.302046e+00   
   2617   3.536509e-01 -1.430860e+00   
   2618   6.537366e-01 -1.321006e+00   
   2619   5.397279e-01 -1.367200e+00   
   2620   1.001889e-01 -1.496650e+00   
   2621   8.897696e-01 -1.207605e+00   
   2622   6.315716e-01 -1.331745e+00   
   2623   4.914650e-01 -1.386425e+00   
   2624   6.789908e-01 -1.312031e+00   
   2625   3.310329e-01 -1.439859e+00   
   2626   6.092301e-01 -1.342113e+00   
   2627   4.249081e-01 -1.411340e+00   
   2628   1.251837e-01 -1.494767e+00   
   2629   8.694665e-01 -1.222304e+00   
   2630   5.640433e-01 -1.361721e+00   
   2631   5.182264e-01 -1.379808e+00   
   2632   3.802460e-01 -1.427538e+00   
   2633   3.997244e-01 -1.421613e+00   
   2634   5.856404e-01 -1.355651e+00   
   2635   4.515774e-01 -1.406002e+00   
   2636   1.501435e-01 -1.492467e+00   
   2637   8.489206e-01 -1.236662e+00   
   2638   4.710895e-01 -1.400188e+00   
   2639   1.750614e-01 -1.489749e+00   
   2640   8.281377e-01 -1.250675e+00   
   2641   1.999304e-01 -1.486616e+00   
   2642   8.071235e-01 -1.264338e+00   
   2643   2.247436e-01 -1.483068e+00   
   2644   7.858840e-01 -1.277649e+00   
   2645   2.494940e-01 -1.479105e+00   
   2646   7.644250e-01 -1.290602e+00   
   2647   2.741748e-01 -1.474730e+00   
   2648   7.427525e-01 -1.303196e+00   
   2649   2.987790e-01 -1.469943e+00   
   2650   7.208726e-01 -1.315425e+00   
   2651   3.232997e-01 -1.464745e+00   
   2652   6.987915e-01 -1.327287e+00   
   2653   3.477302e-01 -1.459138e+00   
   2654   6.765152e-01 -1.338778e+00   
   2655   3.720636e-01 -1.453124e+00   
   2656   6.540500e-01 -1.349896e+00   
   2657   3.962931e-01 -1.446704e+00   
   2658   6.314021e-01 -1.360636e+00   
   2659   4.204119e-01 -1.439880e+00   
   2660   6.085780e-01 -1.370997e+00   
   2661   4.444134e-01 -1.432654e+00   
   2662   5.855839e-01 -1.380975e+00   
   2663   4.682907e-01 -1.425028e+00   
   2664   5.624263e-01 -1.390567e+00   
   2665   4.920373e-01 -1.417004e+00   
   2666   5.391117e-01 -1.399771e+00   
   2667   5.156465e-01 -1.408584e+00   
  END_COORDINATES
  BOUNDARIES, ELEMENT
    1		1	3	248	
    2		2	1	60	
    3		3	9	154	
    4		8	2	295	
    5		9	14	342	
    6		13	8	107	
    7		14	19	37	
    8		19	25	225	
    9		20	13	201	
    10		25	35	131	
    11		26	20	13	
    12		35	40	319	
    13		36	26	354	
    14		40	52	84	
    15		41	36	166	
    16		52	60	272	
    17		53	41	260	
    18		60	72	178	
    19		61	53	72	
    20		72	83	366	
    21		73	61	307	
    22		83	95	7	
    23		84	73	119	
    24		95	110	195	
    25		96	84	213	
    26		110	121	101	
    27		111	96	25	
    28		121	138	289	
    29		122	111	330	
    30		138	150	54	
    31		139	122	142	
    32		150	166	242	
    33		151	139	236	
    34		166	183	148	
    35		167	151	48	
    36		183	197	336	
    37		184	167	283	
    38		197	224	31	
    39		198	184	95	
    40		224	253	219	
    41		225	198	189	
    42		226	228	432	
    43		228	232	557	
    44		229	226	588	
    45		232	238	494	
    46		233	229	463	
    47		238	241	619	
    48		239	233	525	
    49		241	250	392	
    50		244	239	400	
    51		250	262	517	
    52		252	244	603	
    53		253	276	125	
    54		254	225	1	
    55		262	271	455	
    56		263	252	478	
    57		271	283	580	
    58		273	263	541	
    59		276	295	313	
    60		277	254	353	
    61		283	292	424	
    62		284	273	416	
    63		292	307	549	
    64		293	284	572	
    65		295	315	78	
    66		296	277	165	
    67		307	318	486	
    68		308	293	447	
    69		315	333	266	
    70		316	296	259	
    71		318	331	611	
    72		319	308	509	
    73		331	344	408	
    74		332	319	384	
    75		333	351	172	
    76		334	316	71	
    77		344	361	533	
    78		346	332	623	
    79		351	368	360	
    80		352	334	306	
    81		361	377	377	
    82		363	346	498	
    83		368	385	19	
    84		369	352	118	
    85		377	392	502	
    86		378	363	561	
    87		385	404	207	
    88		386	369	212	
    89		392	406	440	
    90		393	378	436	
    91		404	425	113	
    92		405	386	24	
    93		406	420	565	
    94		409	393	592	
    95		420	435	409	
    96		424	409	467	
    97		425	441	301	
    98		426	405	365	
    99		435	454	534	
    100		437	424	529	
    101		441	459	66	
    102		442	426	177	
    103		454	470	471	
    104		455	437	404	
    105		459	476	254	
    106		460	442	271	
    107		470	485	596	
    108		473	455	607	
    109		476	492	160	
    110		477	460	83	
    111		485	502	393	
    112		487	473	482	
    113		492	509	348	
    114		493	477	318	
    115		502	519	518	
    116		504	487	545	
    117		509	526	43	
    118		510	493	130	
    119		519	536	456	
    120		522	504	420	
    121		526	541	231	
    122		527	510	224	
    123		536	553	581	
    124		538	522	576	
    125		541	559	137	
    126		542	527	36	
    127		553	570	425	
    128		556	538	451	
    129		559	574	325	
    130		560	542	341	
    131		570	588	550	
    132		571	556	513	
    133		574	593	90	
    134		575	560	153	
    135		588	604	487	
    136		589	571	388	
    137		593	608	278	
    138		594	575	247	
    139		604	624	612	
    140		606	589	615	
    141		608	625	184	
    142		609	594	59	
    143		624	643	385	
    144		625	641	372	
    145		626	609	294	
    146		627	606	490	
    147		641	656	4	
    148		642	626	106	
    149		643	660	510	
    150		645	627	553	
    151		656	674	192	
    152		657	642	200	
    153		660	677	448	
    154		663	645	428	
    155		674	688	98	
    156		675	657	12	
    157		677	693	573	
    158		680	663	584	
    159		688	705	286	
    160		689	675	371	
    161		693	711	417	
    162		695	680	459	
    163		705	719	51	
    164		706	689	183	
    165		711	728	542	
    166		713	695	521	
    167		719	737	239	
    168		720	706	277	
    169		728	745	479	
    170		729	713	396	
    171		737	749	145	
    172		738	720	89	
    173		745	763	604	
    174		746	729	599	
    175		749	768	333	
    176		750	738	324	
    177		763	779	401	
    178		765	746	474	
    179		768	783	28	
    180		769	750	136	
    181		779	799	526	
    182		780	765	537	
    183		783	801	216	
    184		784	769	230	
    185		799	814	464	
    186		800	780	412	
    187		801	817	122	
    188		802	784	42	
    189		814	832	589	
    190		816	800	568	
    191		817	834	310	
    192		818	802	347	
    193		832	853	433	
    194		834	850	75	
    195		835	818	159	
    196		836	816	443	
    197		850	863	263	
    198		851	835	253	
    199		853	867	558	
    200		854	836	505	
    201		863	879	169	
    202		864	851	65	
    203		867	886	495	
    204		868	854	380	
    205		879	893	357	
    206		880	864	300	
    207		886	899	620	
    208		887	868	626	
    209		893	913	16	
    210		894	880	112	
    211		899	920	381	
    212		900	887	501	
    213		913	927	204	
    214		914	894	206	
    215		920	937	506	
    216		922	900	564	
    217		927	947	110	
    218		928	914	18	
    219		937	955	444	
    220		942	922	439	
    221		947	962	298	
    222		948	928	359	
    223		955	975	569	
    224		956	942	595	
    225		962	981	63	
    226		963	948	171	
    227		975	991	413	
    228		976	956	470	
    229		981	995	251	
    230		982	963	265	
    231		991	1007	538	
    232		994	976	532	
    233		995	1010	157	
    234		996	982	77	
    235		1007	1023	475	
    236		1009	994	407	
    237		1010	1024	345	
    238		1011	996	312	
    239		1023	1044	600	
    240		1024	1042	40	
    241		1025	1011	124	
    242		1028	1009	610	
    243		1042	1054	228	
    244		1043	1025	218	
    245		1044	1059	397	
    246		1046	1028	485	
    247		1054	1074	134	
    248		1055	1043	30	
    249		1059	1077	522	
    250		1065	1046	548	
    251		1074	1089	322	
    252		1075	1055	335	
    253		1077	1096	460	
    254		1079	1065	423	
    255		1089	1109	87	
    256		1090	1075	147	
    257		1096	1114	585	
    258		1097	1079	579	
    259		1109	1123	275	
    260		1110	1090	241	
    261		1114	1130	429	
    262		1116	1097	454	
    263		1123	1143	181	
    264		1124	1110	53	
    265		1130	1149	554	
    266		1132	1116	516	
    267		1143	1158	369	
    268		1144	1124	288	
    269		1149	1164	491	
    270		1152	1132	391	
    271		1158	1173	10	
    272		1159	1144	100	
    273		1164	1181	616	
    274		1166	1152	618	
    275		1173	1191	198	
    276		1174	1159	194	
    277		1181	1198	389	
    278		1182	1166	493	
    279		1191	1204	104	
    280		1192	1174	6	
    281		1198	1217	514	
    282		1200	1182	556	
    283		1204	1224	292	
    284		1205	1192	374	
    285		1217	1230	452	
    286		1220	1200	431	
    287		1224	1237	57	
    288		1225	1205	186	
    289		1230	1252	577	
    290		1232	1220	587	
    291		1237	1254	245	
    292		1238	1225	280	
    293		1252	1265	421	
    294		1253	1232	462	
    295		1254	1271	151	
    296		1255	1238	92	
    297		1265	1283	546	
    298		1268	1253	524	
    299		1271	1287	339	
    300		1272	1255	327	
    301		1283	1299	483	
    302		1284	1268	399	
    303		1287	1303	34	
    304		1288	1272	139	
    305		1299	1317	608	
    306		1301	1284	602	
    307		1303	1320	222	
    308		1304	1288	233	
    309		1317	1332	405	
    310		1318	1301	477	
    311		1320	1336	128	
    312		1321	1304	45	
    313		1332	1352	530	
    314		1334	1318	540	
    315		1336	1355	316	
    316		1337	1321	350	
    317		1352	1367	468	
    318		1354	1334	415	
    319		1355	1369	81	
    320		1356	1337	162	
    321		1367	1384	593	
    322		1368	1354	571	
    323		1369	1389	269	
    324		1370	1356	256	
    325		1384	1401	437	
    326		1385	1368	446	
    327		1389	1408	175	
    328		1390	1370	68	
    329		1401	1417	562	
    330		1404	1385	508	
    331		1408	1424	363	
    332		1409	1390	303	
    333		1417	1434	499	
    334		1418	1404	383	
    335		1424	1444	22	
    336		1425	1409	115	
    337		1434	1453	624	
    338		1435	1418	622	
    339		1444	1460	210	
    340		1445	1425	209	
    341		1453	1466	378	
    342		1455	1435	497	
    343		1460	1475	116	
    344		1461	1445	21	
    345		1466	1482	503	
    346		1470	1455	560	
    347		1475	1495	304	
    348		1476	1461	362	
    349		1482	1499	441	
    350		1483	1470	435	
    351		1495	1512	69	
    352		1496	1476	174	
    353		1499	1515	566	
    354		1501	1483	591	
    355		1512	1530	257	
    356		1513	1496	268	
    357		1515	1532	410	
    358		1519	1501	466	
    359		1530	1549	163	
    360		1531	1513	80	
    361		1532	1546	535	
    362		1533	1519	528	
    363		1546	1563	472	
    364		1547	1533	403	
    365		1549	1569	351	
    366		1550	1531	315	
    367		1563	1577	597	
    368		1566	1547	606	
    369		1569	1585	46	
    370		1570	1550	127	
    371		1577	1594	394	
    372		1579	1566	481	
    373		1585	1606	234	
    374		1586	1570	221	
    375		1594	1608	519	
    376		1596	1579	544	
    377		1606	1621	140	
    378		1607	1586	33	
    379		1608	1623	457	
    380		1609	1596	419	
    381		1621	1641	328	
    382		1622	1607	338	
    383		1623	1637	582	
    384		1625	1609	575	
    385		1637	1653	426	
    386		1639	1625	450	
    387		1641	1660	93	
    388		1642	1622	150	
    389		1653	1667	551	
    390		1656	1639	512	
    391		1660	1678	281	
    392		1661	1642	244	
    393		1667	1680	488	
    394		1668	1656	387	
    395		1678	1697	187	
    396		1679	1661	56	
    397		1680	1694	613	
    398		1683	1668	614	
    399		1694	1709	386	
    400		1695	1683	489	
    401		1697	1715	375	
    402		1698	1679	291	
    403		1709	1721	511	
    404		1711	1695	552	
    405		1715	1736	2	
    406		1716	1698	103	
    407		1721	1733	449	
    408		1723	1711	427	
    409		1733	1745	574	
    410		1735	1723	583	
    411		1736	1755	190	
    412		1737	1716	197	
    413		1745	1760	418	
    414		1746	1735	458	
    415		1755	1773	96	
    416		1756	1737	9	
    417		1760	1771	543	
    418		1761	1746	520	
    419		1771	1781	480	
    420		1772	1761	395	
    421		1773	1791	284	
    422		1774	1756	368	
    423		1781	1790	605	
    424		1782	1772	598	
    425		1790	1805	402	
    426		1791	1816	49	
    427		1792	1774	180	
    428		1793	1782	473	
    429		1805	1821	527	
    430		1806	1793	536	
    431		1816	1838	237	
    432		1817	1792	274	
    433		1821	1830	465	
    434		1824	1806	411	
    435		1830	1840	590	
    436		1832	1824	567	
    437		1838	1857	143	
    438		1839	1817	86	
    439		1840	1848	434	
    440		1841	1832	442	
    441		1848	1860	559	
    442		1850	1841	504	
    443		1857	1884	331	
    444		1858	1839	321	
    445		1860	1871	496	
    446		1862	1850	379	
    447		1871	1879	621	
    448		1873	1862	625	
    449		1879	1891	382	
    450		1881	1873	500	
    451		1884	1914	26	
    452		1885	1858	133	
    453		1891	1900	507	
    454		1892	1881	563	
    455		1900	1908	445	
    456		1902	1892	438	
    457		1908	1919	570	
    458		1911	1902	594	
    459		1914	1939	214	
    460		1915	1885	227	
    461		1919	1927	414	
    462		1920	1911	469	
    463		1927	1932	539	
    464		1928	1920	531	
    465		1932	1941	476	
    466		1933	1928	406	
    467		1939	1980	120	
    468		1940	1915	39	
    469		1941	1946	601	
    470		1942	1933	609	
    471		1946	1952	398	
    472		1947	1942	484	
    473		1952	1956	523	
    474		1953	1947	547	
    475		1956	1960	461	
    476		1957	1953	422	
    477		1960	1965	586	
    478		1961	1957	578	
    479		1965	1968	430	
    480		1966	1961	453	
    481		1968	1971	555	
    482		1969	1966	515	
    483		1971	1973	492	
    484		1972	1969	390	
    485		1973	1972	617	
    486		1980	2004	308	
    487		1981	1940	344	
    488		2004	2034	73	
    489		2005	1981	156	
    490		2034	2050	261	
    491		2035	2005	250	
    492		2050	2073	167	
    493		2051	2035	62	
    494		2072	2051	297	
    495		2073	2093	355	
    496		2092	2072	109	
    497		2093	2108	14	
    498		2107	2092	203	
    499		2108	2130	202	
    500		2129	2107	15	
    501		2130	2146	108	
    502		2145	2129	356	
    503		2146	2165	296	
    504		2164	2145	168	
    505		2165	2183	61	
    506		2182	2164	262	
    507		2183	2199	249	
    508		2199	2214	155	
    509		2200	2182	74	
    510		2214	2232	343	
    511		2215	2200	309	
    512		2232	2247	38	
    513		2233	2215	121	
    514		2247	2265	226	
    515		2248	2233	215	
    516		2265	2278	132	
    517		2266	2248	27	
    518		2278	2295	320	
    519		2279	2266	332	
    520		2295	2311	85	
    521		2296	2279	144	
    522		2311	2325	273	
    523		2312	2296	238	
    524		2325	2340	179	
    525		2326	2312	50	
    526		2340	2350	367	
    527		2341	2326	285	
    528		2350	2366	8	
    529		2351	2341	97	
    530		2366	2379	196	
    531		2367	2351	191	
    532		2379	2391	102	
    533		2380	2367	3	
    534		2391	2404	290	
    535		2392	2380	376	
    536		2404	2415	55	
    537		2405	2392	188	
    538		2415	2425	243	
    539		2416	2405	282	
    540		2425	2436	149	
    541		2426	2416	94	
    542		2436	2446	337	
    543		2437	2426	329	
    544		2446	2456	32	
    545		2447	2437	141	
    546		2456	2465	220	
    547		2457	2447	235	
    548		2465	2476	126	
    549		2466	2457	47	
    550		2476	2486	314	
    551		2477	2466	352	
    552		2486	2495	79	
    553		2487	2477	164	
    554		2495	2502	267	
    555		2496	2487	258	
    556		2502	2506	173	
    557		2503	2496	70	
    558		2506	2517	361	
    559		2507	2503	305	
    560		2517	2528	20	
    561		2518	2507	117	
    562		2528	2535	208	
    563		2529	2518	211	
    564		2535	2541	114	
    565		2536	2529	23	
    566		2541	2547	302	
    567		2542	2536	364	
    568		2547	2555	67	
    569		2548	2542	176	
    570		2555	2559	255	
    571		2556	2548	270	
    572		2559	2565	161	
    573		2560	2556	82	
    574		2565	2572	349	
    575		2566	2560	317	
    576		2572	2580	44	
    577		2573	2566	129	
    578		2580	2586	232	
    579		2581	2573	223	
    580		2586	2592	138	
    581		2587	2581	35	
    582		2592	2596	326	
    583		2593	2587	340	
    584		2596	2602	91	
    585		2597	2593	152	
    586		2602	2607	279	
    587		2603	2597	246	
    588		2607	2612	185	
    589		2608	2603	58	
    590		2612	2620	373	
    591		2613	2608	293	
    592		2620	2628	5	
    593		2621	2613	105	
    594		2628	2636	193	
    595		2629	2621	199	
    596		2636	2639	99	
    597		2637	2629	11	
    598		2639	2641	287	
    599		2640	2637	370	
    600		2641	2643	52	
    601		2642	2640	182	
    602		2643	2645	240	
    603		2644	2642	276	
    604		2645	2647	146	
    605		2646	2644	88	
    606		2647	2649	334	
    607		2648	2646	323	
    608		2649	2651	29	
    609		2650	2648	135	
    610		2651	2653	217	
    611		2652	2650	229	
    612		2653	2655	123	
    613		2654	2652	41	
    614		2655	2657	311	
    615		2656	2654	346	
    616		2657	2659	76	
    617		2658	2656	158	
    618		2659	2661	264	
    619		2660	2658	252	
    620		2661	2663	170	
    621		2662	2660	64	
    622		2663	2665	358	
    623		2664	2662	299	
    624		2665	2667	17	
    625		2666	2664	111	
    626		2667	2666	205	
  END_BOUNDARIES
  MATERIALS
     1     1
     2     1
     3     1
     4     1
     5     1
     6     1
     7     1
     8     1
     9     1
     10     1
     11     1
     12     1
     13     1
     14     1
     15     1
     16     1
     17     1
     18     1
     19     1
     20     1
     21     1
     22     1
     23     1
     24     1
     25     1
     26     1
     27     1
     28     1
     29     1
     30     1
     31     1
     32     1
     33     1
     34     1
     35     1
     36     1
     37     1
     38     1
     39     1
     40     1
     41     1
     42     1
     43     1
     44     1
     45     1
     46     1
     47     1
     48     1
     49     1
     50     1
     51     1
     52     1
     53     1
     54     1
     55     1
     56     1
     57     1
     58     1
     59     1
     60     1
     61     1
     62     1
     63     1
     64     1
     65     1
     66     1
     67     1
     68     1
     69     1
     70     1
     71     1
     72     1
     73     1
     74     1
     75     1
     76     1
     77     1
     78     1
     79     1
     80     1
     81     1
     82     1
     83     1
     84     1
     85     1
     86     1
     87     1
     88     1
     89     1
     90     1
     91     1
     92     1
     93     1
     94     1
     95     1
     96     1
     97     1
     98     1
     99     1
     100     1
     101     1
     102     1
     103     1
     104     1
     105     1
     106     1
     107     1
     108     1
     109     1
     110     1
     111     1
     112     1
     113     1
     114     1
     115     1
     116     1
     117     1
     118     1
     119     1
     120     1
     121     1
     122     1
     123     1
     124     1
     125     1
     126     1
     127     1
     128     1
     129     1
     130     1
     131     1
     132     1
     133     1
     134     1
     135     1
     136     1
     137     1
     138     1
     139     1
     140     1
     141     1
     142     1
     143     1
     144     1
     145     1
     146     1
     147     1
     148     1
     149     1
     150     1
     151     1
     152     1
     153     1
     154     1
     155     1
     156     1
     157     1
     158     1
     159     1
     160     1
     161     1
     162     1
     163     1
     164     1
     165     1
     166     1
     167     1
     168     1
     169     1
     170     1
     171     1
     172     1
     173     1
     174     1
     175     1
     176     1
     177     1
     178     1
     179     1
     180     1
     181     1
     182     1
     183     1
     184     1
     185     1
     186     1
     187     1
     188     1
     189     1
     190     1
     191     1
     192     1
     193     1
     194     1
     195     1
     196     1
     197     1
     198     1
     199     1
     200     1
     201     1
     202     1
     203     1
     204     1
     205     1
     206     1
     207     1
     208     1
     209     1
     210     1
     211     1
     212     1
     213     1
     214     1
     215     1
     216     1
     217     1
     218     1
     219     1
     220     1
     221     1
     222     1
     223     1
     224     1
     225     1
     226     1
     227     1
     228     1
     229     1
     230     1
     231     1
     232     1
     233     1
     234     1
     235     1
     236     1
     237     1
     238     1
     239     1
     240     1
     241     1
     242     1
     243     1
     244     1
     245     1
     246     1
     247     1
     248     1
     249     1
     250     1
     251     1
     252     1
     253     1
     254     1
     255     1
     256     1
     257     1
     258     1
     259     1
     260     1
     261     1
     262     1
     263     1
     264     1
     265     1
     266     1
     267     1
     268     1
     269     1
     270     1
     271     1
     272     1
     273     1
     274     1
     275     1
     276     1
     277     1
     278     1
     279     1
     280     1
     281     1
     282     1
     283     1
     284     1
     285     1
     286     1
     287     1
     288     1
     289     1
     290     1
     291     1
     292     1
     293     1
     294     1
     295     1
     296     1
     297     1
     298     1
     299     1
     300     1
     301     1
     302     1
     303     1
     304     1
     305     1
     306     1
     307     1
     308     1
     309     1
     310     1
     311     1
     312     1
     313     1
     314     1
     315     1
     316     1
     317     1
     318     1
     319     1
     320     1
     321     1
     322     1
     323     1
     324     1
     325     1
     326     1
     327     1
     328     1
     329     1
     330     1
     331     1
     332     1
     333     1
     334     1
     335     1
     336     1
     337     1
     338     1
     339     1
     340     1
     341     1
     342     1
     343     1
     344     1
     345     1
     346     1
     347     1
     348     1
     349     1
     350     1
     351     1
     352     1
     353     1
     354     1
     355     1
     356     1
     357     1
     358     1
     359     1
     360     1
     361     1
     362     1
     363     1
     364     1
     365     1
     366     1
     367     1
     368     1
     369     1
     370     1
     371     1
     372     1
     373     1
     374     1
     375     1
     376     1
     377     1
     378     1
     379     1
     380     1
     381     1
     382     1
     383     1
     384     1
     385     1
     386     1
     387     1
     388     1
     389     1
     390     1
     391     1
     392     1
     393     1
     394     1
     395     1
     396     1
     397     1
     398     1
     399     1
     400     1
     401     1
     402     1
     403     1
     404     1
     405     1
     406     1
     407     1
     408     1
     409     1
     410     1
     411     1
     412     1
     413     1
     414     1
     415     1
     416     1
     417     1
     418     1
     419     1
     420     1
     421     1
     422     1
     423     1
     424     1
     425     1
     426     1
     427     1
     428     1
     429     1
     430     1
     431     1
     432     1
     433     1
     434     1
     435     1
     436     1
     437     1
     438     1
     439     1
     440     1
     441     1
     442     1
     443     1
     444     1
     445     1
     446     1
     447     1
     448     1
     449     1
     450     1
     451     1
     452     1
     453     1
     454     1
     455     1
     456     1
     457     1
     458     1
     459     1
     460     1
     461     1
     462     1
     463     1
     464     1
     465     1
     466     1
     467     1
     468     1
     469     1
     470     1
     471     1
     472     1
     473     1
     474     1
     475     1
     476     1
     477     1
     478     1
     479     1
     480     1
     481     1
     482     1
     483     1
     484     1
     485     1
     486     1
     487     1
     488     1
     489     1
     490     1
     491     1
     492     1
     493     1
     494     1
     495     1
     496     1
     497     1
     498     1
     499     1
     500     1
     501     1
     502     1
     503     1
     504     1
     505     1
     506     1
     507     1
     508     1
     509     1
     510     1
     511     1
     512     1
     513     1
     514     1
     515     1
     516     1
     517     1
     518     1
     519     1
     520     1
     521     1
     522     1
     523     1
     524     1
     525     1
     526     1
     527     1
     528     1
     529     1
     530     1
     531     1
     532     1
     533     1
     534     1
     535     1
     536     1
     537     1
     538     1
     539     1
     540     1
     541     1
     542     1
     543     1
     544     1
     545     1
     546     1
     547     1
     548     1
     549     1
     550     1
     551     1
     552     1
     553     1
     554     1
     555     1
     556     1
     557     1
     558     1
     559     1
     560     1
     561     1
     562     1
     563     1
     564     1
     565     1
     566     1
     567     1
     568     1
     569     1
     570     1
     571     1
     572     1
     573     1
     574     1
     575     1
     576     1
     577     1
     578     1
     579     1
     580     1
     581     1
     582     1
     583     1
     584     1
     585     1
     586     1
     587     1
     588     1
     589     1
     590     1
     591     1
     592     1
     593     1
     594     1
     595     1
     596     1
     597     1
     598     1
     599     1
     600     1
     601     1
     602     1
     603     1
     604     1
     605     1
     606     1
     607     1
     608     1
     609     1
     610     1
     611     1
     612     1
     613     1
     614     1
     615     1
     616     1
     617     1
     618     1
     619     1
     620     1
     621     1
     622     1
     623     1
     624     1
     625     1
     626     1
     627     1
     628     1
     629     1
     630     1
     631     1
     632     1
     633     1
     634     1
     635     1
     636     1
     637     1
     638     1
     639     1
     640     1
     641     1
     642     1
     643     1
     644     1
     645     1
     646     1
     647     1
     648     1
     649     1
     650     1
     651     1
     652     1
     653     1
     654     1
     655     1
     656     1
     657     1
     658     1
     659     1
     660     1
     661     1
     662     1
     663     1
     664     1
     665     1
     666     1
     667     1
     668     1
     669     1
     670     1
     671     1
     672     1
     673     1
     674     1
     675     1
     676     1
     677     1
     678     1
     679     1
     680     1
     681     1
     682     1
     683     1
     684     1
     685     1
     686     1
     687     1
     688     1
     689     1
     690     1
     691     1
     692     1
     693     1
     694     1
     695     1
     696     1
     697     1
     698     1
     699     1
     700     1
     701     1
     702     1
     703     1
     704     1
     705     1
     706     1
     707     1
     708     1
     709     1
     710     1
     711     1
     712     1
     713     1
     714     1
     715     1
     716     1
     717     1
     718     1
     719     1
     720     1
     721     1
     722     1
     723     1
     724     1
     725     1
     726     1
     727     1
     728     1
     729     1
     730     1
     731     1
     732     1
     733     1
     734     1
     735     1
     736     1
     737     1
     738     1
     739     1
     740     1
     741     1
     742     1
     743     1
     744     1
     745     1
     746     1
     747     1
     748     1
     749     1
     750     1
     751     1
     752     1
     753     1
     754     1
     755     1
     756     1
     757     1
     758     1
     759     1
     760     1
     761     1
     762     1
     763     1
     764     1
     765     1
     766     1
     767     1
     768     1
     769     1
     770     1
     771     1
     772     1
     773     1
     774     1
     775     1
     776     1
     777     1
     778     1
     779     1
     780     1
     781     1
     782     1
     783     1
     784     1
     785     1
     786     1
     787     1
     788     1
     789     1
     790     1
     791     1
     792     1
     793     1
     794     1
     795     1
     796     1
     797     1
     798     1
     799     1
     800     1
     801     1
     802     1
     803     1
     804     1
     805     1
     806     1
     807     1
     808     1
     809     1
     810     1
     811     1
     812     1
     813     1
     814     1
     815     1
     816     1
     817     1
     818     1
     819     1
     820     1
     821     1
     822     1
     823     1
     824     1
     825     1
     826     1
     827     1
     828     1
     829     1
     830     1
     831     1
     832     1
     833     1
     834     1
     835     1
     836     1
     837     1
     838     1
     839     1
     840     1
     841     1
     842     1
     843     1
     844     1
     845     1
     846     1
     847     1
     848     1
     849     1
     850     1
     851     1
     852     1
     853     1
     854     1
     855     1
     856     1
     857     1
     858     1
     859     1
     860     1
     861     1
     862     1
     863     1
     864     1
     865     1
     866     1
     867     1
     868     1
     869     1
     870     1
     871     1
     872     1
     873     1
     874     1
     875     1
     876     1
     877     1
     878     1
     879     1
     880     1
     881     1
     882     1
     883     1
     884     1
     885     1
     886     1
     887     1
     888     1
     889     1
     890     1
     891     1
     892     1
     893     1
     894     1
     895     1
     896     1
     897     1
     898     1
     899     1
     900     1
     901     1
     902     1
     903     1
     904     1
     905     1
     906     1
     907     1
     908     1
     909     1
     910     1
     911     1
     912     1
     913     1
     914     1
     915     1
     916     1
     917     1
     918     1
     919     1
     920     1
     921     1
     922     1
     923     1
     924     1
     925     1
     926     1
     927     1
     928     1
     929     1
     930     1
     931     1
     932     1
     933     1
     934     1
     935     1
     936     1
     937     1
     938     1
     939     1
     940     1
     941     1
     942     1
     943     1
     944     1
     945     1
     946     1
     947     1
     948     1
     949     1
     950     1
     951     1
     952     1
     953     1
     954     1
     955     1
     956     1
     957     1
     958     1
     959     1
     960     1
     961     1
     962     1
     963     1
     964     1
     965     1
     966     1
     967     1
     968     1
     969     1
     970     1
     971     1
     972     1
     973     1
     974     1
     975     1
     976     1
     977     1
     978     1
     979     1
     980     1
     981     1
     982     1
     983     1
     984     1
     985     1
     986     1
     987     1
     988     1
     989     1
     990     1
     991     1
     992     1
     993     1
     994     1
     995     1
     996     1
     997     1
     998     1
     999     1
     1000     1
     1001     1
     1002     1
     1003     1
     1004     1
     1005     1
     1006     1
     1007     1
     1008     1
     1009     1
     1010     1
     1011     1
     1012     1
     1013     1
     1014     1
     1015     1
     1016     1
     1017     1
     1018     1
     1019     1
     1020     1
     1021     1
     1022     1
     1023     1
     1024     1
     1025     1
     1026     1
     1027     1
     1028     1
     1029     1
     1030     1
     1031     1
     1032     1
     1033     1
     1034     1
     1035     1
     1036     1
     1037     1
     1038     1
     1039     1
     1040     1
     1041     1
     1042     1
     1043     1
     1044     1
     1045     1
     1046     1
     1047     1
     1048     1
     1049     1
     1050     1
     1051     1
     1052     1
     1053     1
     1054     1
     1055     1
     1056     1
     1057     1
     1058     1
     1059     1
     1060     1
     1061     1
     1062     1
     1063     1
     1064     1
     1065     1
     1066     1
     1067     1
     1068     1
     1069     1
     1070     1
     1071     1
     1072     1
     1073     1
     1074     1
     1075     1
     1076     1
     1077     1
     1078     1
     1079     1
     1080     1
     1081     1
     1082     1
     1083     1
     1084     1
     1085     1
     1086     1
     1087     1
     1088     1
     1089     1
     1090     1
     1091     1
     1092     1
     1093     1
     1094     1
     1095     1
     1096     1
     1097     1
     1098     1
     1099     1
     1100     1
     1101     1
     1102     1
     1103     1
     1104     1
     1105     1
     1106     1
     1107     1
     1108     1
     1109     1
     1110     1
     1111     1
     1112     1
     1113     1
     1114     1
     1115     1
     1116     1
     1117     1
     1118     1
     1119     1
     1120     1
     1121     1
     1122     1
     1123     1
     1124     1
     1125     1
     1126     1
     1127     1
     1128     1
     1129     1
     1130     1
     1131     1
     1132     1
     1133     1
     1134     1
     1135     1
     1136     1
     1137     1
     1138     1
     1139     1
     1140     1
     1141     1
     1142     1
     1143     1
     1144     1
     1145     1
     1146     1
     1147     1
     1148     1
     1149     1
     1150     1
     1151     1
     1152     1
     1153     1
     1154     1
     1155     1
     1156     1
     1157     1
     1158     1
     1159     1
     1160     1
     1161     1
     1162     1
     1163     1
     1164     1
     1165     1
     1166     1
     1167     1
     1168     1
     1169     1
     1170     1
     1171     1
     1172     1
     1173     1
     1174     1
     1175     1
     1176     1
     1177     1
     1178     1
     1179     1
     1180     1
     1181     1
     1182     1
     1183     1
     1184     1
     1185     1
     1186     1
     1187     1
     1188     1
     1189     1
     1190     1
     1191     1
     1192     1
     1193     1
     1194     1
     1195     1
     1196     1
     1197     1
     1198     1
     1199     1
     1200     1
     1201     1
     1202     1
     1203     1
     1204     1
     1205     1
     1206     1
     1207     1
     1208     1
     1209     1
     1210     1
     1211     1
     1212     1
     1213     1
     1214     1
     1215     1
     1216     1
     1217     1
     1218     1
     1219     1
     1220     1
     1221     1
     1222     1
     1223     1
     1224     1
     1225     1
     1226     1
     1227     1
     1228     1
     1229     1
     1230     1
     1231     1
     1232     1
     1233     1
     1234     1
     1235     1
     1236     1
     1237     1
     1238     1
     1239     1
     1240     1
     1241     1
     1242     1
     1243     1
     1244     1
     1245     1
     1246     1
     1247     1
     1248     1
     1249     1
     1250     1
     1251     1
     1252     1
     1253     1
     1254     1
     1255     1
     1256     1
     1257     1
     1258     1
     1259     1
     1260     1
     1261     1
     1262     1
     1263     1
     1264     1
     1265     1
     1266     1
     1267     1
     1268     1
     1269     1
     1270     1
     1271     1
     1272     1
     1273     1
     1274     1
     1275     1
     1276     1
     1277     1
     1278     1
     1279     1
     1280     1
     1281     1
     1282     1
     1283     1
     1284     1
     1285     1
     1286     1
     1287     1
     1288     1
     1289     1
     1290     1
     1291     1
     1292     1
     1293     1
     1294     1
     1295     1
     1296     1
     1297     1
     1298     1
     1299     1
     1300     1
     1301     1
     1302     1
     1303     1
     1304     1
     1305     1
     1306     1
     1307     1
     1308     1
     1309     1
     1310     1
     1311     1
     1312     1
     1313     1
     1314     1
     1315     1
     1316     1
     1317     1
     1318     1
     1319     1
     1320     1
     1321     1
     1322     1
     1323     1
     1324     1
     1325     1
     1326     1
     1327     1
     1328     1
     1329     1
     1330     1
     1331     1
     1332     1
     1333     1
     1334     1
     1335     1
     1336     1
     1337     1
     1338     1
     1339     1
     1340     1
     1341     1
     1342     1
     1343     1
     1344     1
     1345     1
     1346     1
     1347     1
     1348     1
     1349     1
     1350     1
     1351     1
     1352     1
     1353     1
     1354     1
     1355     1
     1356     1
     1357     1
     1358     1
     1359     1
     1360     1
     1361     1
     1362     1
     1363     1
     1364     1
     1365     1
     1366     1
     1367     1
     1368     1
     1369     1
     1370     1
     1371     1
     1372     1
     1373     1
     1374     1
     1375     1
     1376     1
     1377     1
     1378     1
     1379     1
     1380     1
     1381     1
     1382     1
     1383     1
     1384     1
     1385     1
     1386     1
     1387     1
     1388     1
     1389     1
     1390     1
     1391     1
     1392     1
     1393     1
     1394     1
     1395     1
     1396     1
     1397     1
     1398     1
     1399     1
     1400     1
     1401     1
     1402     1
     1403     1
     1404     1
     1405     1
     1406     1
     1407     1
     1408     1
     1409     1
     1410     1
     1411     1
     1412     1
     1413     1
     1414     1
     1415     1
     1416     1
     1417     1
     1418     1
     1419     1
     1420     1
     1421     1
     1422     1
     1423     1
     1424     1
     1425     1
     1426     1
     1427     1
     1428     1
     1429     1
     1430     1
     1431     1
     1432     1
     1433     1
     1434     1
     1435     1
     1436     1
     1437     1
     1438     1
     1439     1
     1440     1
     1441     1
     1442     1
     1443     1
     1444     1
     1445     1
     1446     1
     1447     1
     1448     1
     1449     1
     1450     1
     1451     1
     1452     1
     1453     1
     1454     1
     1455     1
     1456     1
     1457     1
     1458     1
     1459     1
     1460     1
     1461     1
     1462     1
     1463     1
     1464     1
     1465     1
     1466     1
     1467     1
     1468     1
     1469     1
     1470     1
     1471     1
     1472     1
     1473     1
     1474     1
     1475     1
     1476     1
     1477     1
     1478     1
     1479     1
     1480     1
     1481     1
     1482     1
     1483     1
     1484     1
     1485     1
     1486     1
     1487     1
     1488     1
     1489     1
     1490     1
     1491     1
     1492     1
     1493     1
     1494     1
     1495     1
     1496     1
     1497     1
     1498     1
     1499     1
     1500     1
     1501     1
     1502     1
     1503     1
     1504     1
     1505     1
     1506     1
     1507     1
     1508     1
     1509     1
     1510     1
     1511     1
     1512     1
     1513     1
     1514     1
     1515     1
     1516     1
     1517     1
     1518     1
     1519     1
     1520     1
     1521     1
     1522     1
     1523     1
     1524     1
     1525     1
     1526     1
     1527     1
     1528     1
     1529     1
     1530     1
     1531     1
     1532     1
     1533     1
     1534     1
     1535     1
     1536     1
     1537     1
     1538     1
     1539     1
     1540     1
     1541     1
     1542     1
     1543     1
     1544     1
     1545     1
     1546     1
     1547     1
     1548     1
     1549     1
     1550     1
     1551     1
     1552     1
     1553     1
     1554     1
     1555     1
     1556     1
     1557     1
     1558     1
     1559     1
     1560     1
     1561     1
     1562     1
     1563     1
     1564     1
     1565     1
     1566     1
     1567     1
     1568     1
     1569     1
     1570     1
     1571     1
     1572     1
     1573     1
     1574     1
     1575     1
     1576     1
     1577     1
     1578     1
     1579     1
     1580     1
     1581     1
     1582     1
     1583     1
     1584     1
     1585     1
     1586     1
     1587     1
     1588     1
     1589     1
     1590     1
     1591     1
     1592     1
     1593     1
     1594     1
     1595     1
     1596     1
     1597     1
     1598     1
     1599     1
     1600     1
     1601     1
     1602     1
     1603     1
     1604     1
     1605     1
     1606     1
     1607     1
     1608     1
     1609     1
     1610     1
     1611     1
     1612     1
     1613     1
     1614     1
     1615     1
     1616     1
     1617     1
     1618     1
     1619     1
     1620     1
     1621     1
     1622     1
     1623     1
     1624     1
     1625     1
     1626     1
     1627     1
     1628     1
     1629     1
     1630     1
     1631     1
     1632     1
     1633     1
     1634     1
     1635     1
     1636     1
     1637     1
     1638     1
     1639     1
     1640     1
     1641     1
     1642     1
     1643     1
     1644     1
     1645     1
     1646     1
     1647     1
     1648     1
     1649     1
     1650     1
     1651     1
     1652     1
     1653     1
     1654     1
     1655     1
     1656     1
     1657     1
     1658     1
     1659     1
     1660     1
     1661     1
     1662     1
     1663     1
     1664     1
     1665     1
     1666     1
     1667     1
     1668     1
     1669     1
     1670     1
     1671     1
     1672     1
     1673     1
     1674     1
     1675     1
     1676     1
     1677     1
     1678     1
     1679     1
     1680     1
     1681     1
     1682     1
     1683     1
     1684     1
     1685     1
     1686     1
     1687     1
     1688     1
     1689     1
     1690     1
     1691     1
     1692     1
     1693     1
     1694     1
     1695     1
     1696     1
     1697     1
     1698     1
     1699     1
     1700     1
     1701     1
     1702     1
     1703     1
     1704     1
     1705     1
     1706     1
     1707     1
     1708     1
     1709     1
     1710     1
     1711     1
     1712     1
     1713     1
     1714     1
     1715     1
     1716     1
     1717     1
     1718     1
     1719     1
     1720     1
     1721     1
     1722     1
     1723     1
     1724     1
     1725     1
     1726     1
     1727     1
     1728     1
     1729     1
     1730     1
     1731     1
     1732     1
     1733     1
     1734     1
     1735     1
     1736     1
     1737     1
     1738     1
     1739     1
     1740     1
     1741     1
     1742     1
     1743     1
     1744     1
     1745     1
     1746     1
     1747     1
     1748     1
     1749     1
     1750     1
     1751     1
     1752     1
     1753     1
     1754     1
     1755     1
     1756     1
     1757     1
     1758     1
     1759     1
     1760     1
     1761     1
     1762     1
     1763     1
     1764     1
     1765     1
     1766     1
     1767     1
     1768     1
     1769     1
     1770     1
     1771     1
     1772     1
     1773     1
     1774     1
     1775     1
     1776     1
     1777     1
     1778     1
     1779     1
     1780     1
     1781     1
     1782     1
     1783     1
     1784     1
     1785     1
     1786     1
     1787     1
     1788     1
     1789     1
     1790     1
     1791     1
     1792     1
     1793     1
     1794     1
     1795     1
     1796     1
     1797     1
     1798     1
     1799     1
     1800     1
     1801     1
     1802     1
     1803     1
     1804     1
     1805     1
     1806     1
     1807     1
     1808     1
     1809     1
     1810     1
     1811     1
     1812     1
     1813     1
     1814     1
     1815     1
     1816     1
     1817     1
     1818     1
     1819     1
     1820     1
     1821     1
     1822     1
     1823     1
     1824     1
     1825     1
     1826     1
     1827     1
     1828     1
     1829     1
     1830     1
     1831     1
     1832     1
     1833     1
     1834     1
     1835     1
     1836     1
     1837     1
     1838     1
     1839     1
     1840     1
     1841     1
     1842     1
     1843     1
     1844     1
     1845     1
     1846     1
     1847     1
     1848     1
     1849     1
     1850     1
     1851     1
     1852     1
     1853     1
     1854     1
     1855     1
     1856     1
     1857     1
     1858     1
     1859     1
     1860     1
     1861     1
     1862     1
     1863     1
     1864     1
     1865     1
     1866     1
     1867     1
     1868     1
     1869     1
     1870     1
     1871     1
     1872     1
     1873     1
     1874     1
     1875     1
     1876     1
     1877     1
     1878     1
     1879     1
     1880     1
     1881     1
     1882     1
     1883     1
     1884     1
     1885     1
     1886     1
     1887     1
     1888     1
     1889     1
     1890     1
     1891     1
     1892     1
     1893     1
     1894     1
     1895     1
     1896     1
     1897     1
     1898     1
     1899     1
     1900     1
     1901     1
     1902     1
     1903     1
     1904     1
     1905     1
     1906     1
     1907     1
     1908     1
     1909     1
     1910     1
     1911     1
     1912     1
     1913     1
     1914     1
     1915     1
     1916     1
     1917     1
     1918     1
     1919     1
     1920     1
     1921     1
     1922     1
     1923     1
     1924     1
     1925     1
     1926     1
     1927     1
     1928     1
     1929     1
     1930     1
     1931     1
     1932     1
     1933     1
     1934     1
     1935     1
     1936     1
     1937     1
     1938     1
     1939     1
     1940     1
     1941     1
     1942     1
     1943     1
     1944     1
     1945     1
     1946     1
     1947     1
     1948     1
     1949     1
     1950     1
     1951     1
     1952     1
     1953     1
     1954     1
     1955     1
     1956     1
     1957     1
     1958     1
     1959     1
     1960     1
     1961     1
     1962     1
     1963     1
     1964     1
     1965     1
     1966     1
     1967     1
     1968     1
     1969     1
     1970     1
     1971     1
     1972     1
     1973     1
     1974     1
     1975     1
     1976     1
     1977     1
     1978     1
     1979     1
     1980     1
     1981     1
     1982     1
     1983     1
     1984     1
     1985     1
     1986     1
     1987     1
     1988     1
     1989     1
     1990     1
     1991     1
     1992     1
     1993     1
     1994     1
     1995     1
     1996     1
     1997     1
     1998     1
     1999     1
     2000     1
     2001     1
     2002     1
     2003     1
     2004     1
     2005     1
     2006     1
     2007     1
     2008     1
     2009     1
     2010     1
     2011     1
     2012     1
     2013     1
     2014     1
     2015     1
     2016     1
     2017     1
     2018     1
     2019     1
     2020     1
     2021     1
     2022     1
     2023     1
     2024     1
     2025     1
     2026     1
     2027     1
     2028     1
     2029     1
     2030     1
     2031     1
     2032     1
     2033     1
     2034     1
     2035     1
     2036     1
     2037     1
     2038     1
     2039     1
     2040     1
     2041     1
     2042     1
     2043     1
     2044     1
     2045     1
     2046     1
     2047     1
     2048     1
     2049     1
     2050     1
     2051     1
     2052     1
     2053     1
     2054     1
     2055     1
     2056     1
     2057     1
     2058     1
     2059     1
     2060     1
     2061     1
     2062     1
     2063     1
     2064     1
     2065     1
     2066     1
     2067     1
     2068     1
     2069     1
     2070     1
     2071     1
     2072     1
     2073     1
     2074     1
     2075     1
     2076     1
     2077     1
     2078     1
     2079     1
     2080     1
     2081     1
     2082     1
     2083     1
     2084     1
     2085     1
     2086     1
     2087     1
     2088     1
     2089     1
     2090     1
     2091     1
     2092     1
     2093     1
     2094     1
     2095     1
     2096     1
     2097     1
     2098     1
     2099     1
     2100     1
     2101     1
     2102     1
     2103     1
     2104     1
     2105     1
     2106     1
     2107     1
     2108     1
     2109     1
     2110     1
     2111     1
     2112     1
     2113     1
     2114     1
     2115     1
     2116     1
     2117     1
     2118     1
     2119     1
     2120     1
     2121     1
     2122     1
     2123     1
     2124     1
     2125     1
     2126     1
     2127     1
     2128     1
     2129     1
     2130     1
     2131     1
     2132     1
     2133     1
     2134     1
     2135     1
     2136     1
     2137     1
     2138     1
     2139     1
     2140     1
     2141     1
     2142     1
     2143     1
     2144     1
     2145     1
     2146     1
     2147     1
     2148     1
     2149     1
     2150     1
     2151     1
     2152     1
     2153     1
     2154     1
     2155     1
     2156     1
     2157     1
     2158     1
     2159     1
     2160     1
     2161     1
     2162     1
     2163     1
     2164     1
     2165     1
     2166     1
     2167     1
     2168     1
     2169     1
     2170     1
     2171     1
     2172     1
     2173     1
     2174     1
     2175     1
     2176     1
     2177     1
     2178     1
     2179     1
     2180     1
     2181     1
     2182     1
     2183     1
     2184     1
     2185     1
     2186     1
     2187     1
     2188     1
     2189     1
     2190     1
     2191     1
     2192     1
     2193     1
     2194     1
     2195     1
     2196     1
     2197     1
     2198     1
     2199     1
     2200     1
     2201     1
     2202     1
     2203     1
     2204     1
     2205     1
     2206     1
     2207     1
     2208     1
     2209     1
     2210     1
     2211     1
     2212     1
     2213     1
     2214     1
     2215     1
     2216     1
     2217     1
     2218     1
     2219     1
     2220     1
     2221     1
     2222     1
     2223     1
     2224     1
     2225     1
     2226     1
     2227     1
     2228     1
     2229     1
     2230     1
     2231     1
     2232     1
     2233     1
     2234     1
     2235     1
     2236     1
     2237     1
     2238     1
     2239     1
     2240     1
     2241     1
     2242     1
     2243     1
     2244     1
     2245     1
     2246     1
     2247     1
     2248     1
     2249     1
     2250     1
     2251     1
     2252     1
     2253     1
     2254     1
     2255     1
     2256     1
     2257     1
     2258     1
     2259     1
     2260     1
     2261     1
     2262     1
     2263     1
     2264     1
     2265     1
     2266     1
     2267     1
     2268     1
     2269     1
     2270     1
     2271     1
     2272     1
     2273     1
     2274     1
     2275     1
     2276     1
     2277     1
     2278     1
     2279     1
     2280     1
     2281     1
     2282     1
     2283     1
     2284     1
     2285     1
     2286     1
     2287     1
     2288     1
     2289     1
     2290     1
     2291     1
     2292     1
     2293     1
     2294     1
     2295     1
     2296     1
     2297     1
     2298     1
     2299     1
     2300     1
     2301     1
     2302     1
     2303     1
     2304     1
     2305     1
     2306     1
     2307     1
     2308     1
     2309     1
     2310     1
     2311     1
     2312     1
     2313     1
     2314     1
     2315     1
     2316     1
     2317     1
     2318     1
     2319     1
     2320     1
     2321     1
     2322     1
     2323     1
     2324     1
     2325     1
     2326     1
     2327     1
     2328     1
     2329     1
     2330     1
     2331     1
     2332     1
     2333     1
     2334     1
     2335     1
     2336     1
     2337     1
     2338     1
     2339     1
     2340     1
     2341     1
     2342     1
     2343     1
     2344     1
     2345     1
     2346     1
     2347     1
     2348     1
     2349     1
     2350     1
     2351     1
     2352     1
     2353     1
     2354     1
     2355     1
     2356     1
     2357     1
     2358     1
     2359     1
     2360     1
     2361     1
     2362     1
     2363     1
     2364     1
     2365     1
     2366     1
     2367     1
     2368     1
     2369     1
     2370     1
     2371     1
     2372     1
     2373     1
     2374     1
     2375     1
     2376     1
     2377     1
     2378     1
     2379     1
     2380     1
     2381     1
     2382     1
     2383     1
     2384     1
     2385     1
     2386     1
     2387     1
     2388     1
     2389     1
     2390     1
     2391     1
     2392     1
     2393     1
     2394     1
     2395     1
     2396     1
     2397     1
     2398     1
     2399     1
     2400     1
     2401     1
     2402     1
     2403     1
     2404     1
     2405     1
     2406     1
     2407     1
     2408     1
     2409     1
     2410     1
     2411     1
     2412     1
     2413     1
     2414     1
     2415     1
     2416     1
     2417     1
     2418     1
     2419     1
     2420     1
     2421     1
     2422     1
     2423     1
     2424     1
     2425     1
     2426     1
     2427     1
     2428     1
     2429     1
     2430     1
     2431     1
     2432     1
     2433     1
     2434     1
     2435     1
     2436     1
     2437     1
     2438     1
     2439     1
     2440     1
     2441     1
     2442     1
     2443     1
     2444     1
     2445     1
     2446     1
     2447     1
     2448     1
     2449     1
     2450     1
     2451     1
     2452     1
     2453     1
     2454     1
     2455     1
     2456     1
     2457     1
     2458     1
     2459     1
     2460     1
     2461     1
     2462     1
     2463     1
     2464     1
     2465     1
     2466     1
     2467     1
     2468     1
     2469     1
     2470     1
     2471     1
     2472     1
     2473     1
     2474     1
     2475     1
     2476     1
     2477     1
     2478     1
     2479     1
     2480     1
     2481     1
     2482     1
     2483     1
     2484     1
     2485     1
     2486     1
     2487     1
     2488     1
     2489     1
     2490     1
     2491     1
     2492     1
     2493     1
     2494     1
     2495     1
     2496     1
     2497     1
     2498     1
     2499     1
     2500     1
     2501     1
     2502     1
     2503     1
     2504     1
     2505     1
     2506     1
     2507     1
     2508     1
     2509     1
     2510     1
     2511     1
     2512     1
     2513     1
     2514     1
     2515     1
     2516     1
     2517     1
     2518     1
     2519     1
     2520     1
     2521     1
     2522     1
     2523     1
     2524     1
     2525     1
     2526     1
     2527     1
     2528     1
     2529     1
     2530     1
     2531     1
     2532     1
     2533     1
     2534     1
     2535     1
     2536     1
     2537     1
     2538     1
     2539     1
     2540     1
     2541     1
     2542     1
     2543     1
     2544     1
     2545     1
     2546     1
     2547     1
     2548     1
     2549     1
     2550     1
     2551     1
     2552     1
     2553     1
     2554     1
     2555     1
     2556     1
     2557     1
     2558     1
     2559     1
     2560     1
     2561     1
     2562     1
     2563     1
     2564     1
     2565     1
     2566     1
     2567     1
     2568     1
     2569     1
     2570     1
     2571     1
     2572     1
     2573     1
     2574     1
     2575     1
     2576     1
     2577     1
     2578     1
     2579     1
     2580     1
     2581     1
     2582     1
     2583     1
     2584     1
     2585     1
     2586     1
     2587     1
     2588     1
     2589     1
     2590     1
     2591     1
     2592     1
     2593     1
     2594     1
     2595     1
     2596     1
     2597     1
     2598     1
     2599     1
     2600     1
     2601     1
     2602     1
     2603     1
     2604     1
     2605     1
     2606     1
     2607     1
     2608     1
     2609     1
     2610     1
     2611     1
     2612     1
     2613     1
     2614     1
     2615     1
     2616     1
     2617     1
     2618     1
     2619     1
     2620     1
     2621     1
     2622     1
     2623     1
     2624     1
     2625     1
     2626     1
     2627     1
     2628     1
     2629     1
     2630     1
     2631     1
     2632     1
     2633     1
     2634     1
     2635     1
     2636     1
     2637     1
     2638     1
     2639     1
     2640     1
     2641     1
     2642     1
     2643     1
     2644     1
     2645     1
     2646     1
     2647     1
     2648     1
     2649     1
     2650     1
     2651     1
     2652     1
     2653     1
     2654     1
     2655     1
     2656     1
     2657     1
     2658     1
     2659     1
     2660     1
     2661     1
     2662     1
     2663     1
     2664     1
     2665     1
     2666     1
     2667     1
     2668     1
     2669     1
     2670     1
     2671     1
     2672     1
     2673     1
     2674     1
     2675     1
     2676     1
     2677     1
     2678     1
     2679     1
     2680     1
     2681     1
     2682     1
     2683     1
     2684     1
     2685     1
     2686     1
     2687     1
     2688     1
     2689     1
     2690     1
     2691     1
     2692     1
     2693     1
     2694     1
     2695     1
     2696     1
     2697     1
     2698     1
     2699     1
     2700     1
     2701     1
     2702     1
     2703     1
     2704     1
     2705     1
     2706     1
     2707     1
     2708     1
     2709     1
     2710     1
     2711     1
     2712     1
     2713     1
     2714     1
     2715     1
     2716     1
     2717     1
     2718     1
     2719     1
     2720     1
     2721     1
     2722     1
     2723     1
     2724     1
     2725     1
     2726     1
     2727     1
     2728     1
     2729     1
     2730     1
     2731     1
     2732     1
     2733     1
     2734     1
     2735     1
     2736     1
     2737     1
     2738     1
     2739     1
     2740     1
     2741     1
     2742     1
     2743     1
     2744     1
     2745     1
     2746     1
     2747     1
     2748     1
     2749     1
     2750     1
     2751     1
     2752     1
     2753     1
     2754     1
     2755     1
     2756     1
     2757     1
     2758     1
     2759     1
     2760     1
     2761     1
     2762     1
     2763     1
     2764     1
     2765     1
     2766     1
     2767     1
     2768     1
     2769     1
     2770     1
     2771     1
     2772     1
     2773     1
     2774     1
     2775     1
     2776     1
     2777     1
     2778     1
     2779     1
     2780     1
     2781     1
     2782     1
     2783     1
     2784     1
     2785     1
     2786     1
     2787     1
     2788     1
     2789     1
     2790     1
     2791     1
     2792     1
     2793     1
     2794     1
     2795     1
     2796     1
     2797     1
     2798     1
     2799     1
     2800     1
     2801     1
     2802     1
     2803     1
     2804     1
     2805     1
     2806     1
     2807     1
     2808     1
     2809     1
     2810     1
     2811     1
     2812     1
     2813     1
     2814     1
     2815     1
     2816     1
     2817     1
     2818     1
     2819     1
     2820     1
     2821     1
     2822     1
     2823     1
     2824     1
     2825     1
     2826     1
     2827     1
     2828     1
     2829     1
     2830     1
     2831     1
     2832     1
     2833     1
     2834     1
     2835     1
     2836     1
     2837     1
     2838     1
     2839     1
     2840     1
     2841     1
     2842     1
     2843     1
     2844     1
     2845     1
     2846     1
     2847     1
     2848     1
     2849     1
     2850     1
     2851     1
     2852     1
     2853     1
     2854     1
     2855     1
     2856     1
     2857     1
     2858     1
     2859     1
     2860     1
     2861     1
     2862     1
     2863     1
     2864     1
     2865     1
     2866     1
     2867     1
     2868     1
     2869     1
     2870     1
     2871     1
     2872     1
     2873     1
     2874     1
     2875     1
     2876     1
     2877     1
     2878     1
     2879     1
     2880     1
     2881     1
     2882     1
     2883     1
     2884     1
     2885     1
     2886     1
     2887     1
     2888     1
     2889     1
     2890     1
     2891     1
     2892     1
     2893     1
     2894     1
     2895     1
     2896     1
     2897     1
     2898     1
     2899     1
     2900     1
     2901     1
     2902     1
     2903     1
     2904     1
     2905     1
     2906     1
     2907     1
     2908     1
     2909     1
     2910     1
     2911     1
     2912     1
     2913     1
     2914     1
     2915     1
     2916     1
     2917     1
     2918     1
     2919     1
     2920     1
     2921     1
     2922     1
     2923     1
     2924     1
     2925     1
     2926     1
     2927     1
     2928     1
     2929     1
     2930     1
     2931     1
     2932     1
     2933     1
     2934     1
     2935     1
     2936     1
     2937     1
     2938     1
     2939     1
     2940     1
     2941     1
     2942     1
     2943     1
     2944     1
     2945     1
     2946     1
     2947     1
     2948     1
     2949     1
     2950     1
     2951     1
     2952     1
     2953     1
     2954     1
     2955     1
     2956     1
     2957     1
     2958     1
     2959     1
     2960     1
     2961     1
     2962     1
     2963     1
     2964     1
     2965     1
     2966     1
     2967     1
     2968     1
     2969     1
     2970     1
     2971     1
     2972     1
     2973     1
     2974     1
     2975     1
     2976     1
     2977     1
     2978     1
     2979     1
     2980     1
     2981     1
     2982     1
     2983     1
     2984     1
     2985     1
     2986     1
     2987     1
     2988     1
     2989     1
     2990     1
     2991     1
     2992     1
     2993     1
     2994     1
     2995     1
     2996     1
     2997     1
     2998     1
     2999     1
     3000     1
     3001     1
     3002     1
     3003     1
     3004     1
     3005     1
     3006     1
     3007     1
     3008     1
     3009     1
     3010     1
     3011     1
     3012     1
     3013     1
     3014     1
     3015     1
     3016     1
     3017     1
     3018     1
     3019     1
     3020     1
     3021     1
     3022     1
     3023     1
     3024     1
     3025     1
     3026     1
     3027     1
     3028     1
     3029     1
     3030     1
     3031     1
     3032     1
     3033     1
     3034     1
     3035     1
     3036     1
     3037     1
     3038     1
     3039     1
     3040     1
     3041     1
     3042     1
     3043     1
     3044     1
     3045     1
     3046     1
     3047     1
     3048     1
     3049     1
     3050     1
     3051     1
     3052     1
     3053     1
     3054     1
     3055     1
     3056     1
     3057     1
     3058     1
     3059     1
     3060     1
     3061     1
     3062     1
     3063     1
     3064     1
     3065     1
     3066     1
     3067     1
     3068     1
     3069     1
     3070     1
     3071     1
     3072     1
     3073     1
     3074     1
     3075     1
     3076     1
     3077     1
     3078     1
     3079     1
     3080     1
     3081     1
     3082     1
     3083     1
     3084     1
     3085     1
     3086     1
     3087     1
     3088     1
     3089     1
     3090     1
     3091     1
     3092     1
     3093     1
     3094     1
     3095     1
     3096     1
     3097     1
     3098     1
     3099     1
     3100     1
     3101     1
     3102     1
     3103     1
     3104     1
     3105     1
     3106     1
     3107     1
     3108     1
     3109     1
     3110     1
     3111     1
     3112     1
     3113     1
     3114     1
     3115     1
     3116     1
     3117     1
     3118     1
     3119     1
     3120     1
     3121     1
     3122     1
     3123     1
     3124     1
     3125     1
     3126     1
     3127     1
     3128     1
     3129     1
     3130     1
     3131     1
     3132     1
     3133     1
     3134     1
     3135     1
     3136     1
     3137     1
     3138     1
     3139     1
     3140     1
     3141     1
     3142     1
     3143     1
     3144     1
     3145     1
     3146     1
     3147     1
     3148     1
     3149     1
     3150     1
     3151     1
     3152     1
     3153     1
     3154     1
     3155     1
     3156     1
     3157     1
     3158     1
     3159     1
     3160     1
     3161     1
     3162     1
     3163     1
     3164     1
     3165     1
     3166     1
     3167     1
     3168     1
     3169     1
     3170     1
     3171     1
     3172     1
     3173     1
     3174     1
     3175     1
     3176     1
     3177     1
     3178     1
     3179     1
     3180     1
     3181     1
     3182     1
     3183     1
     3184     1
     3185     1
     3186     1
     3187     1
     3188     1
     3189     1
     3190     1
     3191     1
     3192     1
     3193     1
     3194     1
     3195     1
     3196     1
     3197     1
     3198     1
     3199     1
     3200     1
     3201     1
     3202     1
     3203     1
     3204     1
     3205     1
     3206     1
     3207     1
     3208     1
     3209     1
     3210     1
     3211     1
     3212     1
     3213     1
     3214     1
     3215     1
     3216     1
     3217     1
     3218     1
     3219     1
     3220     1
     3221     1
     3222     1
     3223     1
     3224     1
     3225     1
     3226     1
     3227     1
     3228     1
     3229     1
     3230     1
     3231     1
     3232     1
     3233     1
     3234     1
     3235     1
     3236     1
     3237     1
     3238     1
     3239     1
     3240     1
     3241     1
     3242     1
     3243     1
     3244     1
     3245     1
     3246     1
     3247     1
     3248     1
     3249     1
     3250     1
     3251     1
     3252     1
     3253     1
     3254     1
     3255     1
     3256     1
     3257     1
     3258     1
     3259     1
     3260     1
     3261     1
     3262     1
     3263     1
     3264     1
     3265     1
     3266     1
     3267     1
     3268     1
     3269     1
     3270     1
     3271     1
     3272     1
     3273     1
     3274     1
     3275     1
     3276     1
     3277     1
     3278     1
     3279     1
     3280     1
     3281     1
     3282     1
     3283     1
     3284     1
     3285     1
     3286     1
     3287     1
     3288     1
     3289     1
     3290     1
     3291     1
     3292     1
     3293     1
     3294     1
     3295     1
     3296     1
     3297     1
     3298     1
     3299     1
     3300     1
     3301     1
     3302     1
     3303     1
     3304     1
     3305     1
     3306     1
     3307     1
     3308     1
     3309     1
     3310     1
     3311     1
     3312     1
     3313     1
     3314     1
     3315     1
     3316     1
     3317     1
     3318     1
     3319     1
     3320     1
     3321     1
     3322     1
     3323     1
     3324     1
     3325     1
     3326     1
     3327     1
     3328     1
     3329     1
     3330     1
     3331     1
     3332     1
     3333     1
     3334     1
     3335     1
     3336     1
     3337     1
     3338     1
     3339     1
     3340     1
     3341     1
     3342     1
     3343     1
     3344     1
     3345     1
     3346     1
     3347     1
     3348     1
     3349     1
     3350     1
     3351     1
     3352     1
     3353     1
     3354     1
     3355     1
     3356     1
     3357     1
     3358     1
     3359     1
     3360     1
     3361     1
     3362     1
     3363     1
     3364     1
     3365     1
     3366     1
     3367     1
     3368     1
     3369     1
     3370     1
     3371     1
     3372     1
     3373     1
     3374     1
     3375     1
     3376     1
     3377     1
     3378     1
     3379     1
     3380     1
     3381     1
     3382     1
     3383     1
     3384     1
     3385     1
     3386     1
     3387     1
     3388     1
     3389     1
     3390     1
     3391     1
     3392     1
     3393     1
     3394     1
     3395     1
     3396     1
     3397     1
     3398     1
     3399     1
     3400     1
     3401     1
     3402     1
     3403     1
     3404     1
     3405     1
     3406     1
     3407     1
     3408     1
     3409     1
     3410     1
     3411     1
     3412     1
     3413     1
     3414     1
     3415     1
     3416     1
     3417     1
     3418     1
     3419     1
     3420     1
     3421     1
     3422     1
     3423     1
     3424     1
     3425     1
     3426     1
     3427     1
     3428     1
     3429     1
     3430     1
     3431     1
     3432     1
     3433     1
     3434     1
     3435     1
     3436     1
     3437     1
     3438     1
     3439     1
     3440     1
     3441     1
     3442     1
     3443     1
     3444     1
     3445     1
     3446     1
     3447     1
     3448     1
     3449     1
     3450     1
     3451     1
     3452     1
     3453     1
     3454     1
     3455     1
     3456     1
     3457     1
     3458     1
     3459     1
     3460     1
     3461     1
     3462     1
     3463     1
     3464     1
     3465     1
     3466     1
     3467     1
     3468     1
     3469     1
     3470     1
     3471     1
     3472     1
     3473     1
     3474     1
     3475     1
     3476     1
     3477     1
     3478     1
     3479     1
     3480     1
     3481     1
     3482     1
     3483     1
     3484     1
     3485     1
     3486     1
     3487     1
     3488     1
     3489     1
     3490     1
     3491     1
     3492     1
     3493     1
     3494     1
     3495     1
     3496     1
     3497     1
     3498     1
     3499     1
     3500     1
     3501     1
     3502     1
     3503     1
     3504     1
     3505     1
     3506     1
     3507     1
     3508     1
     3509     1
     3510     1
     3511     1
     3512     1
     3513     1
     3514     1
     3515     1
     3516     1
     3517     1
     3518     1
     3519     1
     3520     1
     3521     1
     3522     1
     3523     1
     3524     1
     3525     1
     3526     1
     3527     1
     3528     1
     3529     1
     3530     1
     3531     1
     3532     1
     3533     1
     3534     1
     3535     1
     3536     1
     3537     1
     3538     1
     3539     1
     3540     1
     3541     1
     3542     1
     3543     1
     3544     1
     3545     1
     3546     1
     3547     1
     3548     1
     3549     1
     3550     1
     3551     1
     3552     1
     3553     1
     3554     1
     3555     1
     3556     1
     3557     1
     3558     1
     3559     1
     3560     1
     3561     1
     3562     1
     3563     1
     3564     1
     3565     1
     3566     1
     3567     1
     3568     1
     3569     1
     3570     1
     3571     1
     3572     1
     3573     1
     3574     1
     3575     1
     3576     1
     3577     1
     3578     1
     3579     1
     3580     1
     3581     1
     3582     1
     3583     1
     3584     1
     3585     1
     3586     1
     3587     1
     3588     1
     3589     1
     3590     1
     3591     1
     3592     1
     3593     1
     3594     1
     3595     1
     3596     1
     3597     1
     3598     1
     3599     1
     3600     1
     3601     1
     3602     1
     3603     1
     3604     1
     3605     1
     3606     1
     3607     1
     3608     1
     3609     1
     3610     1
     3611     1
     3612     1
     3613     1
     3614     1
     3615     1
     3616     1
     3617     1
     3618     1
     3619     1
     3620     1
     3621     1
     3622     1
     3623     1
     3624     1
     3625     1
     3626     1
     3627     1
     3628     1
     3629     1
     3630     1
     3631     1
     3632     1
     3633     1
     3634     1
     3635     1
     3636     1
     3637     1
     3638     1
     3639     1
     3640     1
     3641     1
     3642     1
     3643     1
     3644     1
     3645     1
     3646     1
     3647     1
     3648     1
     3649     1
     3650     1
     3651     1
     3652     1
     3653     1
     3654     1
     3655     1
     3656     1
     3657     1
     3658     1
     3659     1
     3660     1
     3661     1
     3662     1
     3663     1
     3664     1
     3665     1
     3666     1
     3667     1
     3668     1
     3669     1
     3670     1
     3671     1
     3672     1
     3673     1
     3674     1
     3675     1
     3676     1
     3677     1
     3678     1
     3679     1
     3680     1
     3681     1
     3682     1
     3683     1
     3684     1
     3685     1
     3686     1
     3687     1
     3688     1
     3689     1
     3690     1
     3691     1
     3692     1
     3693     1
     3694     1
     3695     1
     3696     1
     3697     1
     3698     1
     3699     1
     3700     1
     3701     1
     3702     1
     3703     1
     3704     1
     3705     1
     3706     1
     3707     1
     3708     1
     3709     1
     3710     1
     3711     1
     3712     1
     3713     1
     3714     1
     3715     1
     3716     1
     3717     1
     3718     1
     3719     1
     3720     1
     3721     1
     3722     1
     3723     1
     3724     1
     3725     1
     3726     1
     3727     1
     3728     1
     3729     1
     3730     1
     3731     1
     3732     1
     3733     1
     3734     1
     3735     1
     3736     1
     3737     1
     3738     1
     3739     1
     3740     1
     3741     1
     3742     1
     3743     1
     3744     1
     3745     1
     3746     1
     3747     1
     3748     1
     3749     1
     3750     1
     3751     1
     3752     1
     3753     1
     3754     1
     3755     1
     3756     1
     3757     1
     3758     1
     3759     1
     3760     1
     3761     1
     3762     1
     3763     1
     3764     1
     3765     1
     3766     1
     3767     1
     3768     1
     3769     1
     3770     1
     3771     1
     3772     1
     3773     1
     3774     1
     3775     1
     3776     1
     3777     1
     3778     1
     3779     1
     3780     1
     3781     1
     3782     1
     3783     1
     3784     1
     3785     1
     3786     1
     3787     1
     3788     1
     3789     1
     3790     1
     3791     1
     3792     1
     3793     1
     3794     1
     3795     1
     3796     1
     3797     1
     3798     1
     3799     1
     3800     1
     3801     1
     3802     1
     3803     1
     3804     1
     3805     1
     3806     1
     3807     1
     3808     1
     3809     1
     3810     1
     3811     1
     3812     1
     3813     1
     3814     1
     3815     1
     3816     1
     3817     1
     3818     1
     3819     1
     3820     1
     3821     1
     3822     1
     3823     1
     3824     1
     3825     1
     3826     1
     3827     1
     3828     1
     3829     1
     3830     1
     3831     1
     3832     1
     3833     1
     3834     1
     3835     1
     3836     1
     3837     1
     3838     1
     3839     1
     3840     1
     3841     1
     3842     1
     3843     1
     3844     1
     3845     1
     3846     1
     3847     1
     3848     1
     3849     1
     3850     1
     3851     1
     3852     1
     3853     1
     3854     1
     3855     1
     3856     1
     3857     1
     3858     1
     3859     1
     3860     1
     3861     1
     3862     1
     3863     1
     3864     1
     3865     1
     3866     1
     3867     1
     3868     1
     3869     1
     3870     1
     3871     1
     3872     1
     3873     1
     3874     1
     3875     1
     3876     1
     3877     1
     3878     1
     3879     1
     3880     1
     3881     1
     3882     1
     3883     1
     3884     1
     3885     1
     3886     1
     3887     1
     3888     1
     3889     1
     3890     1
     3891     1
     3892     1
     3893     1
     3894     1
     3895     1
     3896     1
     3897     1
     3898     1
     3899     1
     3900     1
     3901     1
     3902     1
     3903     1
     3904     1
     3905     1
     3906     1
     3907     1
     3908     1
     3909     1
     3910     1
     3911     1
     3912     1
     3913     1
     3914     1
     3915     1
     3916     1
     3917     1
     3918     1
     3919     1
     3920     1
     3921     1
     3922     1
     3923     1
     3924     1
     3925     1
     3926     1
     3927     1
     3928     1
     3929     1
     3930     1
     3931     1
     3932     1
     3933     1
     3934     1
     3935     1
     3936     1
     3937     1
     3938     1
     3939     1
     3940     1
     3941     1
     3942     1
     3943     1
     3944     1
     3945     1
     3946     1
     3947     1
     3948     1
     3949     1
     3950     1
     3951     1
     3952     1
     3953     1
     3954     1
     3955     1
     3956     1
     3957     1
     3958     1
     3959     1
     3960     1
     3961     1
     3962     1
     3963     1
     3964     1
     3965     1
     3966     1
     3967     1
     3968     1
     3969     1
     3970     1
     3971     1
     3972     1
     3973     1
     3974     1
     3975     1
     3976     1
     3977     1
     3978     1
     3979     1
     3980     1
     3981     1
     3982     1
     3983     1
     3984     1
     3985     1
     3986     1
     3987     1
     3988     1
     3989     1
     3990     1
     3991     1
     3992     1
     3993     1
     3994     1
     3995     1
     3996     1
     3997     1
     3998     1
     3999     1
     4000     1
     4001     1
     4002     1
     4003     1
     4004     1
     4005     1
     4006     1
     4007     1
     4008     1
     4009     1
     4010     1
     4011     1
     4012     1
     4013     1
     4014     1
     4015     1
     4016     1
     4017     1
     4018     1
     4019     1
     4020     1
     4021     1
     4022     1
     4023     1
     4024     1
     4025     1
     4026     1
     4027     1
     4028     1
     4029     1
     4030     1
     4031     1
     4032     1
     4033     1
     4034     1
     4035     1
     4036     1
     4037     1
     4038     1
     4039     1
     4040     1
     4041     1
     4042     1
     4043     1
     4044     1
     4045     1
     4046     1
     4047     1
     4048     1
     4049     1
     4050     1
     4051     1
     4052     1
     4053     1
     4054     1
     4055     1
     4056     1
     4057     1
     4058     1
     4059     1
     4060     1
     4061     1
     4062     1
     4063     1
     4064     1
     4065     1
     4066     1
     4067     1
     4068     1
     4069     1
     4070     1
     4071     1
     4072     1
     4073     1
     4074     1
     4075     1
     4076     1
     4077     1
     4078     1
     4079     1
     4080     1
     4081     1
     4082     1
     4083     1
     4084     1
     4085     1
     4086     1
     4087     1
     4088     1
     4089     1
     4090     1
     4091     1
     4092     1
     4093     1
     4094     1
     4095     1
     4096     1
     4097     1
     4098     1
     4099     1
     4100     1
     4101     1
     4102     1
     4103     1
     4104     1
     4105     1
     4106     1
     4107     1
     4108     1
     4109     1
     4110     1
     4111     1
     4112     1
     4113     1
     4114     1
     4115     1
     4116     1
     4117     1
     4118     1
     4119     1
     4120     1
     4121     1
     4122     1
     4123     1
     4124     1
     4125     1
     4126     1
     4127     1
     4128     1
     4129     1
     4130     1
     4131     1
     4132     1
     4133     1
     4134     1
     4135     1
     4136     1
     4137     1
     4138     1
     4139     1
     4140     1
     4141     1
     4142     1
     4143     1
     4144     1
     4145     1
     4146     1
     4147     1
     4148     1
     4149     1
     4150     1
     4151     1
     4152     1
     4153     1
     4154     1
     4155     1
     4156     1
     4157     1
     4158     1
     4159     1
     4160     1
     4161     1
     4162     1
     4163     1
     4164     1
     4165     1
     4166     1
     4167     1
     4168     1
     4169     1
     4170     1
     4171     1
     4172     1
     4173     1
     4174     1
     4175     1
     4176     1
     4177     1
     4178     1
     4179     1
     4180     1
     4181     1
     4182     1
     4183     1
     4184     1
     4185     1
     4186     1
     4187     1
     4188     1
     4189     1
     4190     1
     4191     1
     4192     1
     4193     1
     4194     1
     4195     1
     4196     1
     4197     1
     4198     1
     4199     1
     4200     1
     4201     1
     4202     1
     4203     1
     4204     1
     4205     1
     4206     1
     4207     1
     4208     1
     4209     1
     4210     1
     4211     1
     4212     1
     4213     1
     4214     1
     4215     1
     4216     1
     4217     1
     4218     1
     4219     1
     4220     1
     4221     1
     4222     1
     4223     1
     4224     1
     4225     1
     4226     1
     4227     1
     4228     1
     4229     1
     4230     1
     4231     1
     4232     1
     4233     1
     4234     1
     4235     1
     4236     1
     4237     1
     4238     1
     4239     1
     4240     1
     4241     1
     4242     1
     4243     1
     4244     1
     4245     1
     4246     1
     4247     1
     4248     1
     4249     1
     4250     1
     4251     1
     4252     1
     4253     1
     4254     1
     4255     1
     4256     1
     4257     1
     4258     1
     4259     1
     4260     1
     4261     1
     4262     1
     4263     1
     4264     1
     4265     1
     4266     1
     4267     1
     4268     1
     4269     1
     4270     1
     4271     1
     4272     1
     4273     1
     4274     1
     4275     1
     4276     1
     4277     1
     4278     1
     4279     1
     4280     1
     4281     1
     4282     1
     4283     1
     4284     1
     4285     1
     4286     1
     4287     1
     4288     1
     4289     1
     4290     1
     4291     1
     4292     1
     4293     1
     4294     1
     4295     1
     4296     1
     4297     1
     4298     1
     4299     1
     4300     1
     4301     1
     4302     1
     4303     1
     4304     1
     4305     1
     4306     1
     4307     1
     4308     1
     4309     1
     4310     1
     4311     1
     4312     1
     4313     1
     4314     1
     4315     1
     4316     1
     4317     1
     4318     1
     4319     1
     4320     1
     4321     1
     4322     1
     4323     1
     4324     1
     4325     1
     4326     1
     4327     1
     4328     1
     4329     1
     4330     1
     4331     1
     4332     1
     4333     1
     4334     1
     4335     1
     4336     1
     4337     1
     4338     1
     4339     1
     4340     1
     4341     1
     4342     1
     4343     1
     4344     1
     4345     1
     4346     1
     4347     1
     4348     1
     4349     1
     4350     1
     4351     1
     4352     1
     4353     1
     4354     1
     4355     1
     4356     1
     4357     1
     4358     1
     4359     1
     4360     1
     4361     1
     4362     1
     4363     1
     4364     1
     4365     1
     4366     1
     4367     1
     4368     1
     4369     1
     4370     1
     4371     1
     4372     1
     4373     1
     4374     1
     4375     1
     4376     1
     4377     1
     4378     1
     4379     1
     4380     1
     4381     1
     4382     1
     4383     1
     4384     1
     4385     1
     4386     1
     4387     1
     4388     1
     4389     1
     4390     1
     4391     1
     4392     1
     4393     1
     4394     1
     4395     1
     4396     1
     4397     1
     4398     1
     4399     1
     4400     1
     4401     1
     4402     1
     4403     1
     4404     1
     4405     1
     4406     1
     4407     1
     4408     1
     4409     1
     4410     1
     4411     1
     4412     1
     4413     1
     4414     1
     4415     1
     4416     1
     4417     1
     4418     1
     4419     1
     4420     1
     4421     1
     4422     1
     4423     1
     4424     1
     4425     1
     4426     1
     4427     1
     4428     1
     4429     1
     4430     1
     4431     1
     4432     1
     4433     1
     4434     1
     4435     1
     4436     1
     4437     1
     4438     1
     4439     1
     4440     1
     4441     1
     4442     1
     4443     1
     4444     1
     4445     1
     4446     1
     4447     1
     4448     1
     4449     1
     4450     1
     4451     1
     4452     1
     4453     1
     4454     1
     4455     1
     4456     1
     4457     1
     4458     1
     4459     1
     4460     1
     4461     1
     4462     1
     4463     1
     4464     1
     4465     1
     4466     1
     4467     1
     4468     1
     4469     1
     4470     1
     4471     1
     4472     1
     4473     1
     4474     1
     4475     1
     4476     1
     4477     1
     4478     1
     4479     1
     4480     1
     4481     1
     4482     1
     4483     1
     4484     1
     4485     1
     4486     1
     4487     1
     4488     1
     4489     1
     4490     1
     4491     1
     4492     1
     4493     1
     4494     1
     4495     1
     4496     1
     4497     1
     4498     1
     4499     1
     4500     1
     4501     1
     4502     1
     4503     1
     4504     1
     4505     1
     4506     1
     4507     1
     4508     1
     4509     1
     4510     1
     4511     1
     4512     1
     4513     1
     4514     1
     4515     1
     4516     1
     4517     1
     4518     1
     4519     1
     4520     1
     4521     1
     4522     1
     4523     1
     4524     1
     4525     1
     4526     1
     4527     1
     4528     1
     4529     1
     4530     1
     4531     1
     4532     1
     4533     1
     4534     1
     4535     1
     4536     1
     4537     1
     4538     1
     4539     1
     4540     1
     4541     1
     4542     1
     4543     1
     4544     1
     4545     1
     4546     1
     4547     1
     4548     1
     4549     1
     4550     1
     4551     1
     4552     1
     4553     1
     4554     1
     4555     1
     4556     1
     4557     1
     4558     1
     4559     1
     4560     1
     4561     1
     4562     1
     4563     1
     4564     1
     4565     1
     4566     1
     4567     1
     4568     1
     4569     1
     4570     1
     4571     1
     4572     1
     4573     1
     4574     1
     4575     1
     4576     1
     4577     1
     4578     1
     4579     1
     4580     1
     4581     1
     4582     1
     4583     1
     4584     1
     4585     1
     4586     1
     4587     1
     4588     1
     4589     1
     4590     1
     4591     1
     4592     1
     4593     1
     4594     1
     4595     1
     4596     1
     4597     1
     4598     1
     4599     1
     4600     1
     4601     1
     4602     1
     4603     1
     4604     1
     4605     1
     4606     1
     4607     1
     4608     1
     4609     1
     4610     1
     4611     1
     4612     1
     4613     1
     4614     1
     4615     1
     4616     1
     4617     1
     4618     1
     4619     1
     4620     1
     4621     1
     4622     1
     4623     1
     4624     1
     4625     1
     4626     1
     4627     1
     4628     1
     4629     1
     4630     1
     4631     1
     4632     1
     4633     1
     4634     1
     4635     1
     4636     1
     4637     1
     4638     1
     4639     1
     4640     1
     4641     1
     4642     1
     4643     1
     4644     1
     4645     1
     4646     1
     4647     1
     4648     1
     4649     1
     4650     1
     4651     1
     4652     1
     4653     1
     4654     1
     4655     1
     4656     1
     4657     1
     4658     1
     4659     1
     4660     1
     4661     1
     4662     1
     4663     1
     4664     1
     4665     1
     4666     1
     4667     1
     4668     1
     4669     1
     4670     1
     4671     1
     4672     1
     4673     1
     4674     1
     4675     1
     4676     1
     4677     1
     4678     1
     4679     1
     4680     1
     4681     1
     4682     1
     4683     1
     4684     1
     4685     1
     4686     1
     4687     1
     4688     1
     4689     1
     4690     1
     4691     1
     4692     1
     4693     1
     4694     1
     4695     1
     4696     1
     4697     1
     4698     1
     4699     1
     4700     1
     4701     1
     4702     1
     4703     1
     4704     1
     4705     1
     4706     1
     4707     1
     4708     1
  END_MATERIALS 
  SUBDOMAINS
  END_SUBDOMAINS
  CHARACTERISTICS
  END_CHARACTERISTICS
