 CSR FORMAT
 NONULL =        26597
 ROWS (IA)
           1           1
           2           5
           3           9
           4          13
           5          18
           6          24
           7          30
           8          35
           9          39
          10          43
          11          48
          12          54
          13          61
          14          65
          15          69
          16          76
          17          82
          18          87
          19          94
          20          98
          21         102
          22         108
          23         113
          24         119
          25         126
          26         132
          27         136
          28         140
          29         145
          30         152
          31         158
          32         163
          33         168
          34         172
          35         176
          36         183
          37         189
          38         195
          39         200
          40         206
          41         215
          42         222
          43         226
          44         232
          45         236
          46         243
          47         249
          48         254
          49         260
          50         265
          51         269
          52         275
          53         279
          54         285
          55         292
          56         297
          57         302
          58         308
          59         314
          60         320
          61         326
          62         333
          63         340
          64         346
          65         350
          66         358
          67         362
          68         369
          69         376
          70         382
          71         387
          72         392
          73         400
          74         406
          75         413
          76         419
          77         424
          78         429
          79         436
          80         441
          81         447
          82         451
          83         457
          84         463
          85         470
          86         474
          87         480
          88         485
          89         491
          90         497
          91         502
          92         507
          93         513
          94         519
          95         525
          96         531
          97         537
          98         542
          99         548
         100         553
         101         559
         102         565
         103         573
         104         579
         105         585
         106         591
         107         597
         108         604
         109         611
         110         617
         111         623
         112         629
         113         635
         114         641
         115         647
         116         653
         117         658
         118         664
         119         668
         120         674
         121         680
         122         685
         123         692
         124         696
         125         702
         126         708
         127         714
         128         720
         129         726
         130         732
         131         738
         132         744
         133         750
         134         756
         135         762
         136         768
         137         774
         138         780
         139         785
         140         790
         141         795
         142         801
         143         807
         144         812
         145         818
         146         824
         147         830
         148         836
         149         843
         150         849
         151         854
         152         860
         153         867
         154         873
         155         879
         156         885
         157         890
         158         897
         159         903
         160         909
         161         915
         162         921
         163         927
         164         934
         165         940
         166         946
         167         952
         168         958
         169         964
         170         970
         171         977
         172         983
         173         989
         174         993
         175         999
         176        1005
         177        1011
         178        1017
         179        1021
         180        1026
         181        1032
         182        1038
         183        1044
         184        1050
         185        1055
         186        1061
         187        1067
         188        1072
         189        1077
         190        1083
         191        1089
         192        1095
         193        1101
         194        1107
         195        1113
         196        1118
         197        1124
         198        1130
         199        1136
         200        1142
         201        1148
         202        1154
         203        1160
         204        1166
         205        1172
         206        1178
         207        1185
         208        1191
         209        1197
         210        1203
         211        1209
         212        1215
         213        1221
         214        1227
         215        1233
         216        1240
         217        1246
         218        1252
         219        1260
         220        1268
         221        1274
         222        1280
         223        1285
         224        1291
         225        1297
         226        1303
         227        1308
         228        1314
         229        1320
         230        1327
         231        1333
         232        1339
         233        1343
         234        1349
         235        1355
         236        1361
         237        1367
         238        1373
         239        1379
         240        1383
         241        1388
         242        1394
         243        1399
         244        1405
         245        1411
         246        1417
         247        1423
         248        1429
         249        1437
         250        1443
         251        1449
         252        1455
         253        1461
         254        1467
         255        1472
         256        1478
         257        1484
         258        1490
         259        1496
         260        1501
         261        1507
         262        1515
         263        1521
         264        1527
         265        1533
         266        1539
         267        1545
         268        1550
         269        1555
         270        1560
         271        1566
         272        1572
         273        1578
         274        1584
         275        1590
         276        1596
         277        1602
         278        1608
         279        1615
         280        1621
         281        1627
         282        1633
         283        1638
         284        1644
         285        1649
         286        1655
         287        1661
         288        1667
         289        1673
         290        1679
         291        1685
         292        1691
         293        1697
         294        1703
         295        1709
         296        1715
         297        1721
         298        1727
         299        1731
         300        1737
         301        1743
         302        1749
         303        1756
         304        1762
         305        1768
         306        1774
         307        1780
         308        1786
         309        1793
         310        1799
         311        1805
         312        1809
         313        1815
         314        1821
         315        1827
         316        1833
         317        1839
         318        1847
         319        1853
         320        1860
         321        1866
         322        1871
         323        1877
         324        1883
         325        1889
         326        1894
         327        1900
         328        1906
         329        1912
         330        1918
         331        1924
         332        1929
         333        1935
         334        1941
         335        1947
         336        1954
         337        1960
         338        1966
         339        1973
         340        1979
         341        1984
         342        1990
         343        1995
         344        2001
         345        2007
         346        2012
         347        2018
         348        2024
         349        2030
         350        2036
         351        2042
         352        2048
         353        2054
         354        2060
         355        2066
         356        2071
         357        2077
         358        2083
         359        2090
         360        2096
         361        2102
         362        2108
         363        2114
         364        2120
         365        2125
         366        2132
         367        2138
         368        2143
         369        2149
         370        2155
         371        2161
         372        2166
         373        2172
         374        2178
         375        2184
         376        2190
         377        2196
         378        2202
         379        2206
         380        2212
         381        2217
         382        2223
         383        2229
         384        2235
         385        2241
         386        2247
         387        2253
         388        2259
         389        2265
         390        2271
         391        2277
         392        2281
         393        2288
         394        2294
         395        2300
         396        2306
         397        2312
         398        2318
         399        2325
         400        2331
         401        2337
         402        2343
         403        2349
         404        2355
         405        2361
         406        2366
         407        2372
         408        2378
         409        2384
         410        2390
         411        2396
         412        2403
         413        2409
         414        2415
         415        2421
         416        2427
         417        2433
         418        2439
         419        2445
         420        2451
         421        2457
         422        2465
         423        2472
         424        2478
         425        2485
         426        2490
         427        2496
         428        2501
         429        2507
         430        2513
         431        2519
         432        2526
         433        2532
         434        2538
         435        2544
         436        2549
         437        2555
         438        2561
         439        2568
         440        2574
         441        2580
         442        2586
         443        2592
         444        2598
         445        2604
         446        2610
         447        2617
         448        2623
         449        2628
         450        2634
         451        2640
         452        2647
         453        2653
         454        2658
         455        2663
         456        2668
         457        2674
         458        2680
         459        2686
         460        2692
         461        2698
         462        2704
         463        2708
         464        2714
         465        2720
         466        2726
         467        2732
         468        2738
         469        2744
         470        2750
         471        2756
         472        2761
         473        2765
         474        2771
         475        2777
         476        2783
         477        2788
         478        2794
         479        2800
         480        2806
         481        2812
         482        2818
         483        2825
         484        2831
         485        2837
         486        2843
         487        2850
         488        2856
         489        2862
         490        2868
         491        2874
         492        2880
         493        2886
         494        2892
         495        2898
         496        2904
         497        2910
         498        2917
         499        2923
         500        2929
         501        2935
         502        2941
         503        2947
         504        2953
         505        2959
         506        2965
         507        2971
         508        2977
         509        2983
         510        2988
         511        2995
         512        3001
         513        3007
         514        3013
         515        3019
         516        3025
         517        3032
         518        3038
         519        3044
         520        3050
         521        3056
         522        3061
         523        3067
         524        3073
         525        3078
         526        3084
         527        3090
         528        3096
         529        3102
         530        3108
         531        3114
         532        3119
         533        3125
         534        3130
         535        3136
         536        3142
         537        3148
         538        3154
         539        3161
         540        3167
         541        3173
         542        3179
         543        3185
         544        3189
         545        3195
         546        3201
         547        3207
         548        3213
         549        3219
         550        3225
         551        3232
         552        3238
         553        3244
         554        3250
         555        3256
         556        3262
         557        3266
         558        3272
         559        3278
         560        3283
         561        3289
         562        3295
         563        3303
         564        3309
         565        3315
         566        3321
         567        3327
         568        3333
         569        3339
         570        3344
         571        3350
         572        3356
         573        3361
         574        3367
         575        3373
         576        3379
         577        3385
         578        3391
         579        3397
         580        3403
         581        3409
         582        3415
         583        3421
         584        3428
         585        3435
         586        3441
         587        3447
         588        3453
         589        3459
         590        3465
         591        3471
         592        3477
         593        3483
         594        3489
         595        3495
         596        3501
         597        3507
         598        3512
         599        3518
         600        3524
         601        3530
         602        3537
         603        3543
         604        3549
         605        3554
         606        3560
         607        3566
         608        3572
         609        3578
         610        3584
         611        3590
         612        3596
         613        3602
         614        3608
         615        3614
         616        3620
         617        3626
         618        3632
         619        3638
         620        3644
         621        3653
         622        3659
         623        3665
         624        3671
         625        3677
         626        3683
         627        3689
         628        3694
         629        3700
         630        3705
         631        3709
         632        3715
         633        3720
         634        3726
         635        3732
         636        3738
         637        3744
         638        3751
         639        3756
         640        3762
         641        3768
         642        3774
         643        3780
         644        3786
         645        3793
         646        3798
         647        3804
         648        3810
         649        3816
         650        3822
         651        3828
         652        3833
         653        3839
         654        3843
         655        3849
         656        3854
         657        3860
         658        3867
         659        3873
         660        3879
         661        3885
         662        3891
         663        3897
         664        3903
         665        3909
         666        3915
         667        3921
         668        3927
         669        3933
         670        3939
         671        3945
         672        3951
         673        3957
         674        3963
         675        3969
         676        3975
         677        3981
         678        3988
         679        3995
         680        4001
         681        4008
         682        4014
         683        4020
         684        4025
         685        4031
         686        4037
         687        4043
         688        4049
         689        4055
         690        4061
         691        4067
         692        4073
         693        4079
         694        4085
         695        4091
         696        4097
         697        4102
         698        4108
         699        4114
         700        4120
         701        4126
         702        4132
         703        4138
         704        4144
         705        4150
         706        4157
         707        4163
         708        4169
         709        4175
         710        4182
         711        4188
         712        4194
         713        4199
         714        4205
         715        4211
         716        4217
         717        4223
         718        4229
         719        4235
         720        4241
         721        4247
         722        4253
         723        4259
         724        4264
         725        4270
         726        4276
         727        4282
         728        4288
         729        4294
         730        4300
         731        4304
         732        4310
         733        4316
         734        4321
         735        4327
         736        4333
         737        4339
         738        4345
         739        4351
         740        4357
         741        4363
         742        4369
         743        4375
         744        4381
         745        4387
         746        4393
         747        4399
         748        4403
         749        4409
         750        4415
         751        4421
         752        4427
         753        4432
         754        4438
         755        4444
         756        4450
         757        4455
         758        4461
         759        4467
         760        4472
         761        4478
         762        4484
         763        4490
         764        4496
         765        4502
         766        4509
         767        4515
         768        4522
         769        4529
         770        4535
         771        4541
         772        4547
         773        4555
         774        4561
         775        4567
         776        4573
         777        4578
         778        4584
         779        4590
         780        4597
         781        4603
         782        4609
         783        4615
         784        4621
         785        4627
         786        4633
         787        4639
         788        4645
         789        4651
         790        4656
         791        4662
         792        4668
         793        4674
         794        4680
         795        4686
         796        4692
         797        4698
         798        4704
         799        4710
         800        4716
         801        4722
         802        4728
         803        4734
         804        4740
         805        4746
         806        4752
         807        4757
         808        4763
         809        4769
         810        4775
         811        4781
         812        4787
         813        4793
         814        4799
         815        4805
         816        4811
         817        4817
         818        4823
         819        4829
         820        4835
         821        4841
         822        4847
         823        4852
         824        4858
         825        4864
         826        4871
         827        4875
         828        4881
         829        4886
         830        4892
         831        4898
         832        4904
         833        4910
         834        4917
         835        4923
         836        4929
         837        4935
         838        4941
         839        4947
         840        4952
         841        4959
         842        4965
         843        4971
         844        4977
         845        4983
         846        4989
         847        4995
         848        5001
         849        5007
         850        5013
         851        5019
         852        5023
         853        5029
         854        5035
         855        5040
         856        5046
         857        5052
         858        5058
         859        5064
         860        5070
         861        5076
         862        5082
         863        5088
         864        5094
         865        5100
         866        5106
         867        5112
         868        5118
         869        5124
         870        5130
         871        5136
         872        5142
         873        5148
         874        5154
         875        5160
         876        5168
         877        5174
         878        5180
         879        5186
         880        5191
         881        5197
         882        5203
         883        5209
         884        5215
         885        5221
         886        5227
         887        5233
         888        5239
         889        5245
         890        5251
         891        5257
         892        5263
         893        5271
         894        5277
         895        5283
         896        5289
         897        5295
         898        5301
         899        5307
         900        5313
         901        5319
         902        5325
         903        5333
         904        5339
         905        5345
         906        5351
         907        5357
         908        5363
         909        5368
         910        5374
         911        5380
         912        5386
         913        5392
         914        5398
         915        5404
         916        5410
         917        5416
         918        5422
         919        5428
         920        5434
         921        5439
         922        5445
         923        5451
         924        5457
         925        5463
         926        5469
         927        5475
         928        5481
         929        5486
         930        5493
         931        5497
         932        5503
         933        5509
         934        5515
         935        5521
         936        5527
         937        5532
         938        5538
         939        5544
         940        5550
         941        5556
         942        5562
         943        5568
         944        5574
         945        5579
         946        5585
         947        5591
         948        5597
         949        5603
         950        5609
         951        5615
         952        5621
         953        5626
         954        5631
         955        5635
         956        5641
         957        5647
         958        5653
         959        5660
         960        5666
         961        5671
         962        5677
         963        5684
         964        5689
         965        5695
         966        5701
         967        5707
         968        5713
         969        5719
         970        5725
         971        5731
         972        5737
         973        5743
         974        5749
         975        5755
         976        5761
         977        5767
         978        5773
         979        5779
         980        5785
         981        5791
         982        5797
         983        5803
         984        5809
         985        5816
         986        5822
         987        5828
         988        5834
         989        5840
         990        5846
         991        5852
         992        5858
         993        5864
         994        5871
         995        5877
         996        5883
         997        5889
         998        5895
         999        5901
        1000        5908
        1001        5914
        1002        5920
        1003        5926
        1004        5932
        1005        5938
        1006        5944
        1007        5950
        1008        5956
        1009        5962
        1010        5968
        1011        5974
        1012        5979
        1013        5985
        1014        5991
        1015        5997
        1016        6003
        1017        6009
        1018        6015
        1019        6022
        1020        6028
        1021        6034
        1022        6040
        1023        6045
        1024        6051
        1025        6057
        1026        6063
        1027        6069
        1028        6075
        1029        6081
        1030        6087
        1031        6093
        1032        6099
        1033        6105
        1034        6109
        1035        6115
        1036        6121
        1037        6127
        1038        6133
        1039        6138
        1040        6144
        1041        6150
        1042        6155
        1043        6160
        1044        6166
        1045        6172
        1046        6177
        1047        6183
        1048        6189
        1049        6195
        1050        6203
        1051        6209
        1052        6215
        1053        6221
        1054        6227
        1055        6236
        1056        6242
        1057        6246
        1058        6252
        1059        6258
        1060        6264
        1061        6270
        1062        6276
        1063        6282
        1064        6288
        1065        6294
        1066        6300
        1067        6306
        1068        6312
        1069        6318
        1070        6324
        1071        6330
        1072        6336
        1073        6342
        1074        6348
        1075        6354
        1076        6360
        1077        6366
        1078        6371
        1079        6377
        1080        6383
        1081        6389
        1082        6395
        1083        6401
        1084        6407
        1085        6413
        1086        6420
        1087        6426
        1088        6433
        1089        6439
        1090        6445
        1091        6451
        1092        6457
        1093        6463
        1094        6469
        1095        6475
        1096        6481
        1097        6487
        1098        6493
        1099        6499
        1100        6505
        1101        6511
        1102        6517
        1103        6523
        1104        6528
        1105        6534
        1106        6540
        1107        6546
        1108        6552
        1109        6558
        1110        6564
        1111        6570
        1112        6576
        1113        6582
        1114        6589
        1115        6594
        1116        6600
        1117        6606
        1118        6612
        1119        6618
        1120        6624
        1121        6630
        1122        6636
        1123        6641
        1124        6646
        1125        6652
        1126        6658
        1127        6664
        1128        6670
        1129        6676
        1130        6682
        1131        6688
        1132        6694
        1133        6700
        1134        6706
        1135        6712
        1136        6718
        1137        6724
        1138        6730
        1139        6736
        1140        6742
        1141        6748
        1142        6754
        1143        6760
        1144        6764
        1145        6770
        1146        6776
        1147        6782
        1148        6788
        1149        6794
        1150        6800
        1151        6806
        1152        6812
        1153        6818
        1154        6824
        1155        6830
        1156        6836
        1157        6842
        1158        6848
        1159        6854
        1160        6860
        1161        6866
        1162        6872
        1163        6878
        1164        6884
        1165        6890
        1166        6895
        1167        6901
        1168        6907
        1169        6913
        1170        6917
        1171        6923
        1172        6929
        1173        6934
        1174        6940
        1175        6946
        1176        6952
        1177        6958
        1178        6964
        1179        6970
        1180        6976
        1181        6981
        1182        6987
        1183        6994
        1184        7000
        1185        7005
        1186        7011
        1187        7017
        1188        7025
        1189        7031
        1190        7037
        1191        7044
        1192        7050
        1193        7056
        1194        7062
        1195        7068
        1196        7073
        1197        7080
        1198        7086
        1199        7092
        1200        7098
        1201        7104
        1202        7110
        1203        7116
        1204        7122
        1205        7129
        1206        7135
        1207        7141
        1208        7147
        1209        7153
        1210        7159
        1211        7165
        1212        7171
        1213        7177
        1214        7183
        1215        7189
        1216        7195
        1217        7201
        1218        7207
        1219        7213
        1220        7218
        1221        7224
        1222        7230
        1223        7236
        1224        7243
        1225        7249
        1226        7255
        1227        7260
        1228        7266
        1229        7272
        1230        7278
        1231        7283
        1232        7289
        1233        7295
        1234        7302
        1235        7308
        1236        7314
        1237        7320
        1238        7327
        1239        7333
        1240        7339
        1241        7344
        1242        7350
        1243        7356
        1244        7362
        1245        7368
        1246        7374
        1247        7380
        1248        7386
        1249        7392
        1250        7398
        1251        7405
        1252        7411
        1253        7415
        1254        7422
        1255        7428
        1256        7434
        1257        7440
        1258        7446
        1259        7452
        1260        7458
        1261        7464
        1262        7469
        1263        7475
        1264        7482
        1265        7488
        1266        7494
        1267        7500
        1268        7505
        1269        7511
        1270        7516
        1271        7522
        1272        7528
        1273        7534
        1274        7540
        1275        7546
        1276        7552
        1277        7558
        1278        7562
        1279        7568
        1280        7574
        1281        7580
        1282        7586
        1283        7592
        1284        7598
        1285        7604
        1286        7610
        1287        7616
        1288        7622
        1289        7628
        1290        7634
        1291        7640
        1292        7646
        1293        7652
        1294        7658
        1295        7664
        1296        7670
        1297        7676
        1298        7682
        1299        7688
        1300        7694
        1301        7700
        1302        7706
        1303        7712
        1304        7718
        1305        7724
        1306        7730
        1307        7736
        1308        7742
        1309        7748
        1310        7754
        1311        7760
        1312        7766
        1313        7772
        1314        7778
        1315        7784
        1316        7791
        1317        7797
        1318        7803
        1319        7809
        1320        7815
        1321        7821
        1322        7827
        1323        7833
        1324        7839
        1325        7845
        1326        7851
        1327        7857
        1328        7863
        1329        7869
        1330        7875
        1331        7881
        1332        7887
        1333        7893
        1334        7899
        1335        7905
        1336        7911
        1337        7917
        1338        7923
        1339        7929
        1340        7935
        1341        7941
        1342        7947
        1343        7955
        1344        7961
        1345        7967
        1346        7973
        1347        7979
        1348        7986
        1349        7992
        1350        7998
        1351        8004
        1352        8010
        1353        8016
        1354        8022
        1355        8028
        1356        8034
        1357        8039
        1358        8045
        1359        8051
        1360        8055
        1361        8061
        1362        8067
        1363        8073
        1364        8079
        1365        8085
        1366        8090
        1367        8097
        1368        8103
        1369        8109
        1370        8115
        1371        8121
        1372        8127
        1373        8133
        1374        8139
        1375        8145
        1376        8150
        1377        8156
        1378        8162
        1379        8168
        1380        8174
        1381        8180
        1382        8186
        1383        8192
        1384        8198
        1385        8204
        1386        8210
        1387        8215
        1388        8221
        1389        8225
        1390        8231
        1391        8237
        1392        8243
        1393        8249
        1394        8254
        1395        8260
        1396        8266
        1397        8272
        1398        8278
        1399        8284
        1400        8290
        1401        8295
        1402        8300
        1403        8307
        1404        8314
        1405        8320
        1406        8327
        1407        8334
        1408        8340
        1409        8345
        1410        8351
        1411        8357
        1412        8363
        1413        8369
        1414        8376
        1415        8382
        1416        8388
        1417        8394
        1418        8399
        1419        8405
        1420        8411
        1421        8417
        1422        8423
        1423        8429
        1424        8435
        1425        8441
        1426        8447
        1427        8453
        1428        8458
        1429        8464
        1430        8470
        1431        8476
        1432        8482
        1433        8488
        1434        8494
        1435        8500
        1436        8506
        1437        8512
        1438        8518
        1439        8524
        1440        8530
        1441        8536
        1442        8542
        1443        8548
        1444        8554
        1445        8560
        1446        8566
        1447        8572
        1448        8578
        1449        8584
        1450        8590
        1451        8596
        1452        8602
        1453        8608
        1454        8616
        1455        8622
        1456        8628
        1457        8634
        1458        8640
        1459        8646
        1460        8652
        1461        8658
        1462        8664
        1463        8671
        1464        8677
        1465        8683
        1466        8689
        1467        8695
        1468        8700
        1469        8705
        1470        8711
        1471        8717
        1472        8723
        1473        8729
        1474        8735
        1475        8741
        1476        8746
        1477        8750
        1478        8758
        1479        8764
        1480        8770
        1481        8775
        1482        8781
        1483        8787
        1484        8793
        1485        8799
        1486        8805
        1487        8811
        1488        8817
        1489        8823
        1490        8829
        1491        8835
        1492        8841
        1493        8847
        1494        8853
        1495        8859
        1496        8865
        1497        8871
        1498        8877
        1499        8883
        1500        8889
        1501        8895
        1502        8901
        1503        8907
        1504        8913
        1505        8919
        1506        8923
        1507        8929
        1508        8935
        1509        8941
        1510        8947
        1511        8953
        1512        8959
        1513        8965
        1514        8971
        1515        8977
        1516        8983
        1517        8989
        1518        8995
        1519        9001
        1520        9007
        1521        9013
        1522        9018
        1523        9024
        1524        9030
        1525        9036
        1526        9042
        1527        9048
        1528        9054
        1529        9060
        1530        9066
        1531        9072
        1532        9078
        1533        9084
        1534        9090
        1535        9096
        1536        9102
        1537        9107
        1538        9113
        1539        9119
        1540        9125
        1541        9131
        1542        9138
        1543        9144
        1544        9150
        1545        9156
        1546        9162
        1547        9168
        1548        9174
        1549        9180
        1550        9186
        1551        9192
        1552        9198
        1553        9204
        1554        9210
        1555        9216
        1556        9222
        1557        9228
        1558        9234
        1559        9240
        1560        9246
        1561        9252
        1562        9258
        1563        9264
        1564        9270
        1565        9276
        1566        9282
        1567        9288
        1568        9294
        1569        9300
        1570        9306
        1571        9312
        1572        9318
        1573        9324
        1574        9329
        1575        9335
        1576        9341
        1577        9347
        1578        9353
        1579        9359
        1580        9365
        1581        9372
        1582        9378
        1583        9385
        1584        9391
        1585        9397
        1586        9403
        1587        9408
        1588        9414
        1589        9420
        1590        9428
        1591        9432
        1592        9438
        1593        9444
        1594        9450
        1595        9455
        1596        9460
        1597        9466
        1598        9472
        1599        9478
        1600        9484
        1601        9490
        1602        9496
        1603        9502
        1604        9508
        1605        9514
        1606        9520
        1607        9526
        1608        9532
        1609        9537
        1610        9543
        1611        9549
        1612        9555
        1613        9561
        1614        9567
        1615        9573
        1616        9579
        1617        9585
        1618        9589
        1619        9595
        1620        9601
        1621        9607
        1622        9613
        1623        9619
        1624        9625
        1625        9632
        1626        9638
        1627        9644
        1628        9650
        1629        9656
        1630        9662
        1631        9669
        1632        9675
        1633        9681
        1634        9687
        1635        9693
        1636        9698
        1637        9704
        1638        9710
        1639        9716
        1640        9722
        1641        9728
        1642        9734
        1643        9740
        1644        9746
        1645        9752
        1646        9758
        1647        9764
        1648        9770
        1649        9776
        1650        9782
        1651        9787
        1652        9793
        1653        9799
        1654        9805
        1655        9811
        1656        9817
        1657        9823
        1658        9829
        1659        9835
        1660        9842
        1661        9848
        1662        9854
        1663        9860
        1664        9866
        1665        9872
        1666        9878
        1667        9884
        1668        9890
        1669        9898
        1670        9904
        1671        9910
        1672        9916
        1673        9922
        1674        9928
        1675        9934
        1676        9940
        1677        9946
        1678        9952
        1679        9958
        1680        9964
        1681        9970
        1682        9976
        1683        9982
        1684        9987
        1685        9993
        1686        9999
        1687       10005
        1688       10011
        1689       10017
        1690       10023
        1691       10029
        1692       10035
        1693       10041
        1694       10047
        1695       10053
        1696       10059
        1697       10065
        1698       10071
        1699       10077
        1700       10083
        1701       10087
        1702       10093
        1703       10099
        1704       10105
        1705       10111
        1706       10116
        1707       10122
        1708       10128
        1709       10134
        1710       10140
        1711       10145
        1712       10151
        1713       10157
        1714       10163
        1715       10169
        1716       10175
        1717       10183
        1718       10189
        1719       10195
        1720       10201
        1721       10207
        1722       10213
        1723       10219
        1724       10225
        1725       10231
        1726       10237
        1727       10243
        1728       10249
        1729       10254
        1730       10260
        1731       10266
        1732       10272
        1733       10276
        1734       10282
        1735       10288
        1736       10295
        1737       10301
        1738       10307
        1739       10313
        1740       10319
        1741       10325
        1742       10331
        1743       10337
        1744       10343
        1745       10349
        1746       10354
        1747       10360
        1748       10366
        1749       10372
        1750       10378
        1751       10384
        1752       10389
        1753       10395
        1754       10400
        1755       10406
        1756       10412
        1757       10418
        1758       10424
        1759       10430
        1760       10436
        1761       10442
        1762       10448
        1763       10454
        1764       10460
        1765       10466
        1766       10472
        1767       10478
        1768       10484
        1769       10490
        1770       10496
        1771       10502
        1772       10508
        1773       10514
        1774       10520
        1775       10526
        1776       10532
        1777       10538
        1778       10544
        1779       10550
        1780       10556
        1781       10562
        1782       10568
        1783       10574
        1784       10580
        1785       10586
        1786       10594
        1787       10600
        1788       10606
        1789       10612
        1790       10618
        1791       10625
        1792       10631
        1793       10637
        1794       10643
        1795       10650
        1796       10656
        1797       10662
        1798       10668
        1799       10674
        1800       10680
        1801       10686
        1802       10692
        1803       10698
        1804       10704
        1805       10710
        1806       10716
        1807       10722
        1808       10728
        1809       10734
        1810       10740
        1811       10746
        1812       10752
        1813       10758
        1814       10762
        1815       10768
        1816       10774
        1817       10780
        1818       10786
        1819       10792
        1820       10798
        1821       10804
        1822       10810
        1823       10816
        1824       10822
        1825       10828
        1826       10834
        1827       10840
        1828       10846
        1829       10853
        1830       10859
        1831       10865
        1832       10871
        1833       10877
        1834       10883
        1835       10889
        1836       10895
        1837       10901
        1838       10907
        1839       10913
        1840       10917
        1841       10923
        1842       10929
        1843       10935
        1844       10941
        1845       10947
        1846       10953
        1847       10959
        1848       10965
        1849       10971
        1850       10976
        1851       10982
        1852       10989
        1853       10995
        1854       11001
        1855       11007
        1856       11013
        1857       11019
        1858       11024
        1859       11030
        1860       11035
        1861       11041
        1862       11047
        1863       11052
        1864       11058
        1865       11064
        1866       11070
        1867       11076
        1868       11082
        1869       11089
        1870       11095
        1871       11101
        1872       11106
        1873       11112
        1874       11118
        1875       11124
        1876       11130
        1877       11136
        1878       11142
        1879       11149
        1880       11155
        1881       11161
        1882       11167
        1883       11172
        1884       11178
        1885       11184
        1886       11190
        1887       11196
        1888       11202
        1889       11208
        1890       11214
        1891       11220
        1892       11226
        1893       11232
        1894       11238
        1895       11244
        1896       11250
        1897       11256
        1898       11261
        1899       11267
        1900       11273
        1901       11279
        1902       11285
        1903       11291
        1904       11297
        1905       11302
        1906       11308
        1907       11314
        1908       11320
        1909       11326
        1910       11331
        1911       11337
        1912       11343
        1913       11349
        1914       11355
        1915       11361
        1916       11367
        1917       11373
        1918       11379
        1919       11385
        1920       11391
        1921       11397
        1922       11401
        1923       11408
        1924       11414
        1925       11420
        1926       11426
        1927       11432
        1928       11438
        1929       11444
        1930       11450
        1931       11455
        1932       11461
        1933       11467
        1934       11473
        1935       11479
        1936       11486
        1937       11492
        1938       11498
        1939       11505
        1940       11511
        1941       11517
        1942       11523
        1943       11529
        1944       11535
        1945       11541
        1946       11547
        1947       11553
        1948       11559
        1949       11565
        1950       11571
        1951       11576
        1952       11582
        1953       11588
        1954       11594
        1955       11600
        1956       11604
        1957       11610
        1958       11616
        1959       11622
        1960       11628
        1961       11634
        1962       11640
        1963       11646
        1964       11652
        1965       11658
        1966       11665
        1967       11671
        1968       11677
        1969       11683
        1970       11689
        1971       11695
        1972       11701
        1973       11707
        1974       11713
        1975       11719
        1976       11725
        1977       11731
        1978       11738
        1979       11744
        1980       11750
        1981       11756
        1982       11763
        1983       11769
        1984       11775
        1985       11781
        1986       11787
        1987       11793
        1988       11799
        1989       11805
        1990       11811
        1991       11817
        1992       11823
        1993       11829
        1994       11835
        1995       11841
        1996       11847
        1997       11853
        1998       11859
        1999       11865
        2000       11871
        2001       11877
        2002       11883
        2003       11889
        2004       11895
        2005       11901
        2006       11907
        2007       11913
        2008       11919
        2009       11925
        2010       11931
        2011       11936
        2012       11942
        2013       11948
        2014       11954
        2015       11960
        2016       11966
        2017       11972
        2018       11978
        2019       11984
        2020       11990
        2021       11996
        2022       12002
        2023       12007
        2024       12013
        2025       12019
        2026       12025
        2027       12031
        2028       12037
        2029       12042
        2030       12048
        2031       12054
        2032       12060
        2033       12066
        2034       12072
        2035       12076
        2036       12082
        2037       12088
        2038       12094
        2039       12100
        2040       12107
        2041       12113
        2042       12119
        2043       12125
        2044       12131
        2045       12137
        2046       12143
        2047       12152
        2048       12158
        2049       12164
        2050       12170
        2051       12176
        2052       12182
        2053       12187
        2054       12193
        2055       12199
        2056       12205
        2057       12211
        2058       12217
        2059       12223
        2060       12229
        2061       12235
        2062       12241
        2063       12246
        2064       12252
        2065       12258
        2066       12264
        2067       12270
        2068       12276
        2069       12282
        2070       12288
        2071       12294
        2072       12300
        2073       12306
        2074       12310
        2075       12316
        2076       12322
        2077       12328
        2078       12334
        2079       12340
        2080       12346
        2081       12352
        2082       12359
        2083       12365
        2084       12371
        2085       12377
        2086       12383
        2087       12389
        2088       12395
        2089       12401
        2090       12407
        2091       12413
        2092       12419
        2093       12425
        2094       12431
        2095       12437
        2096       12443
        2097       12449
        2098       12455
        2099       12461
        2100       12467
        2101       12473
        2102       12479
        2103       12485
        2104       12491
        2105       12497
        2106       12503
        2107       12509
        2108       12515
        2109       12521
        2110       12529
        2111       12535
        2112       12541
        2113       12547
        2114       12553
        2115       12559
        2116       12565
        2117       12571
        2118       12577
        2119       12583
        2120       12589
        2121       12595
        2122       12601
        2123       12607
        2124       12613
        2125       12618
        2126       12624
        2127       12630
        2128       12636
        2129       12642
        2130       12648
        2131       12654
        2132       12660
        2133       12666
        2134       12672
        2135       12678
        2136       12684
        2137       12689
        2138       12695
        2139       12701
        2140       12707
        2141       12713
        2142       12719
        2143       12725
        2144       12731
        2145       12737
        2146       12743
        2147       12748
        2148       12754
        2149       12758
        2150       12763
        2151       12769
        2152       12775
        2153       12780
        2154       12788
        2155       12794
        2156       12800
        2157       12806
        2158       12812
        2159       12818
        2160       12823
        2161       12829
        2162       12835
        2163       12841
        2164       12847
        2165       12853
        2166       12859
        2167       12865
        2168       12871
        2169       12877
        2170       12883
        2171       12889
        2172       12895
        2173       12901
        2174       12908
        2175       12914
        2176       12919
        2177       12925
        2178       12931
        2179       12937
        2180       12942
        2181       12948
        2182       12952
        2183       12958
        2184       12964
        2185       12970
        2186       12976
        2187       12982
        2188       12988
        2189       12994
        2190       13000
        2191       13006
        2192       13012
        2193       13019
        2194       13025
        2195       13031
        2196       13037
        2197       13043
        2198       13049
        2199       13055
        2200       13062
        2201       13068
        2202       13074
        2203       13080
        2204       13086
        2205       13092
        2206       13098
        2207       13104
        2208       13110
        2209       13116
        2210       13122
        2211       13128
        2212       13134
        2213       13141
        2214       13147
        2215       13153
        2216       13159
        2217       13165
        2218       13171
        2219       13177
        2220       13183
        2221       13189
        2222       13195
        2223       13201
        2224       13208
        2225       13215
        2226       13221
        2227       13227
        2228       13233
        2229       13239
        2230       13245
        2231       13251
        2232       13257
        2233       13263
        2234       13269
        2235       13275
        2236       13281
        2237       13287
        2238       13293
        2239       13299
        2240       13305
        2241       13311
        2242       13317
        2243       13323
        2244       13329
        2245       13335
        2246       13341
        2247       13347
        2248       13353
        2249       13359
        2250       13365
        2251       13371
        2252       13377
        2253       13383
        2254       13389
        2255       13393
        2256       13399
        2257       13405
        2258       13411
        2259       13417
        2260       13423
        2261       13429
        2262       13435
        2263       13441
        2264       13447
        2265       13453
        2266       13459
        2267       13465
        2268       13471
        2269       13477
        2270       13483
        2271       13489
        2272       13495
        2273       13501
        2274       13507
        2275       13513
        2276       13519
        2277       13525
        2278       13531
        2279       13536
        2280       13541
        2281       13547
        2282       13553
        2283       13559
        2284       13564
        2285       13570
        2286       13576
        2287       13582
        2288       13588
        2289       13594
        2290       13600
        2291       13604
        2292       13610
        2293       13616
        2294       13622
        2295       13627
        2296       13634
        2297       13640
        2298       13646
        2299       13652
        2300       13658
        2301       13664
        2302       13670
        2303       13676
        2304       13682
        2305       13688
        2306       13694
        2307       13700
        2308       13706
        2309       13712
        2310       13718
        2311       13724
        2312       13730
        2313       13736
        2314       13742
        2315       13749
        2316       13755
        2317       13761
        2318       13767
        2319       13773
        2320       13779
        2321       13785
        2322       13792
        2323       13798
        2324       13804
        2325       13810
        2326       13816
        2327       13822
        2328       13828
        2329       13834
        2330       13840
        2331       13846
        2332       13852
        2333       13858
        2334       13863
        2335       13868
        2336       13874
        2337       13880
        2338       13886
        2339       13892
        2340       13898
        2341       13904
        2342       13910
        2343       13916
        2344       13922
        2345       13928
        2346       13934
        2347       13940
        2348       13945
        2349       13950
        2350       13956
        2351       13962
        2352       13968
        2353       13974
        2354       13980
        2355       13986
        2356       13992
        2357       13998
        2358       14004
        2359       14010
        2360       14016
        2361       14022
        2362       14028
        2363       14032
        2364       14038
        2365       14044
        2366       14050
        2367       14056
        2368       14062
        2369       14069
        2370       14075
        2371       14081
        2372       14087
        2373       14093
        2374       14098
        2375       14104
        2376       14110
        2377       14116
        2378       14122
        2379       14128
        2380       14134
        2381       14140
        2382       14146
        2383       14152
        2384       14158
        2385       14164
        2386       14170
        2387       14178
        2388       14185
        2389       14191
        2390       14197
        2391       14203
        2392       14210
        2393       14216
        2394       14222
        2395       14226
        2396       14232
        2397       14238
        2398       14244
        2399       14250
        2400       14256
        2401       14262
        2402       14267
        2403       14273
        2404       14278
        2405       14284
        2406       14290
        2407       14296
        2408       14302
        2409       14308
        2410       14314
        2411       14320
        2412       14326
        2413       14332
        2414       14338
        2415       14344
        2416       14350
        2417       14356
        2418       14362
        2419       14368
        2420       14374
        2421       14380
        2422       14386
        2423       14393
        2424       14399
        2425       14405
        2426       14411
        2427       14417
        2428       14423
        2429       14429
        2430       14435
        2431       14441
        2432       14447
        2433       14453
        2434       14459
        2435       14465
        2436       14471
        2437       14478
        2438       14484
        2439       14490
        2440       14495
        2441       14501
        2442       14507
        2443       14513
        2444       14519
        2445       14525
        2446       14531
        2447       14537
        2448       14543
        2449       14549
        2450       14555
        2451       14561
        2452       14567
        2453       14573
        2454       14579
        2455       14585
        2456       14591
        2457       14597
        2458       14603
        2459       14609
        2460       14615
        2461       14621
        2462       14627
        2463       14633
        2464       14637
        2465       14643
        2466       14649
        2467       14654
        2468       14660
        2469       14666
        2470       14672
        2471       14677
        2472       14683
        2473       14688
        2474       14694
        2475       14700
        2476       14706
        2477       14712
        2478       14718
        2479       14724
        2480       14729
        2481       14735
        2482       14740
        2483       14747
        2484       14753
        2485       14759
        2486       14765
        2487       14771
        2488       14777
        2489       14783
        2490       14789
        2491       14795
        2492       14801
        2493       14807
        2494       14813
        2495       14820
        2496       14826
        2497       14832
        2498       14838
        2499       14844
        2500       14850
        2501       14855
        2502       14861
        2503       14867
        2504       14873
        2505       14879
        2506       14883
        2507       14889
        2508       14895
        2509       14901
        2510       14907
        2511       14913
        2512       14919
        2513       14925
        2514       14931
        2515       14937
        2516       14943
        2517       14949
        2518       14954
        2519       14960
        2520       14966
        2521       14972
        2522       14978
        2523       14984
        2524       14990
        2525       14996
        2526       15002
        2527       15008
        2528       15014
        2529       15020
        2530       15026
        2531       15032
        2532       15038
        2533       15044
        2534       15050
        2535       15056
        2536       15063
        2537       15069
        2538       15075
        2539       15081
        2540       15087
        2541       15093
        2542       15099
        2543       15105
        2544       15111
        2545       15117
        2546       15123
        2547       15129
        2548       15135
        2549       15141
        2550       15147
        2551       15154
        2552       15161
        2553       15167
        2554       15173
        2555       15178
        2556       15184
        2557       15190
        2558       15197
        2559       15203
        2560       15209
        2561       15215
        2562       15221
        2563       15227
        2564       15232
        2565       15238
        2566       15244
        2567       15248
        2568       15254
        2569       15260
        2570       15266
        2571       15272
        2572       15279
        2573       15285
        2574       15291
        2575       15297
        2576       15303
        2577       15309
        2578       15315
        2579       15322
        2580       15328
        2581       15334
        2582       15340
        2583       15346
        2584       15352
        2585       15358
        2586       15364
        2587       15370
        2588       15376
        2589       15382
        2590       15388
        2591       15394
        2592       15400
        2593       15406
        2594       15412
        2595       15418
        2596       15423
        2597       15429
        2598       15435
        2599       15441
        2600       15447
        2601       15453
        2602       15459
        2603       15465
        2604       15472
        2605       15478
        2606       15482
        2607       15487
        2608       15493
        2609       15499
        2610       15505
        2611       15511
        2612       15519
        2613       15525
        2614       15531
        2615       15537
        2616       15543
        2617       15550
        2618       15556
        2619       15562
        2620       15568
        2621       15574
        2622       15580
        2623       15586
        2624       15592
        2625       15597
        2626       15603
        2627       15609
        2628       15615
        2629       15621
        2630       15627
        2631       15634
        2632       15640
        2633       15646
        2634       15652
        2635       15658
        2636       15664
        2637       15670
        2638       15676
        2639       15682
        2640       15688
        2641       15695
        2642       15701
        2643       15707
        2644       15712
        2645       15718
        2646       15724
        2647       15730
        2648       15736
        2649       15742
        2650       15748
        2651       15754
        2652       15760
        2653       15766
        2654       15772
        2655       15778
        2656       15784
        2657       15790
        2658       15796
        2659       15802
        2660       15808
        2661       15814
        2662       15820
        2663       15826
        2664       15832
        2665       15838
        2666       15844
        2667       15850
        2668       15856
        2669       15862
        2670       15868
        2671       15872
        2672       15878
        2673       15884
        2674       15890
        2675       15896
        2676       15902
        2677       15908
        2678       15914
        2679       15920
        2680       15927
        2681       15933
        2682       15938
        2683       15944
        2684       15950
        2685       15956
        2686       15962
        2687       15967
        2688       15973
        2689       15979
        2690       15985
        2691       15991
        2692       15997
        2693       16003
        2694       16008
        2695       16014
        2696       16020
        2697       16026
        2698       16032
        2699       16038
        2700       16044
        2701       16050
        2702       16056
        2703       16062
        2704       16067
        2705       16071
        2706       16077
        2707       16083
        2708       16089
        2709       16094
        2710       16101
        2711       16106
        2712       16112
        2713       16118
        2714       16124
        2715       16129
        2716       16135
        2717       16141
        2718       16146
        2719       16152
        2720       16158
        2721       16163
        2722       16169
        2723       16175
        2724       16181
        2725       16187
        2726       16193
        2727       16199
        2728       16206
        2729       16214
        2730       16220
        2731       16226
        2732       16232
        2733       16238
        2734       16244
        2735       16251
        2736       16257
        2737       16263
        2738       16268
        2739       16274
        2740       16280
        2741       16286
        2742       16292
        2743       16298
        2744       16304
        2745       16310
        2746       16316
        2747       16322
        2748       16328
        2749       16334
        2750       16340
        2751       16346
        2752       16352
        2753       16358
        2754       16364
        2755       16371
        2756       16377
        2757       16383
        2758       16389
        2759       16395
        2760       16401
        2761       16407
        2762       16413
        2763       16419
        2764       16425
        2765       16429
        2766       16435
        2767       16441
        2768       16447
        2769       16453
        2770       16459
        2771       16465
        2772       16471
        2773       16477
        2774       16483
        2775       16489
        2776       16496
        2777       16502
        2778       16508
        2779       16514
        2780       16520
        2781       16525
        2782       16531
        2783       16536
        2784       16542
        2785       16548
        2786       16554
        2787       16560
        2788       16566
        2789       16572
        2790       16578
        2791       16583
        2792       16589
        2793       16595
        2794       16601
        2795       16607
        2796       16613
        2797       16619
        2798       16625
        2799       16631
        2800       16637
        2801       16643
        2802       16649
        2803       16655
        2804       16661
        2805       16667
        2806       16673
        2807       16677
        2808       16683
        2809       16689
        2810       16695
        2811       16701
        2812       16707
        2813       16713
        2814       16719
        2815       16725
        2816       16731
        2817       16737
        2818       16743
        2819       16751
        2820       16757
        2821       16763
        2822       16769
        2823       16775
        2824       16781
        2825       16787
        2826       16794
        2827       16800
        2828       16806
        2829       16811
        2830       16817
        2831       16823
        2832       16829
        2833       16836
        2834       16842
        2835       16848
        2836       16854
        2837       16859
        2838       16865
        2839       16871
        2840       16877
        2841       16883
        2842       16889
        2843       16895
        2844       16901
        2845       16907
        2846       16913
        2847       16919
        2848       16925
        2849       16931
        2850       16937
        2851       16943
        2852       16948
        2853       16954
        2854       16961
        2855       16967
        2856       16973
        2857       16979
        2858       16985
        2859       16991
        2860       16997
        2861       17003
        2862       17009
        2863       17014
        2864       17020
        2865       17026
        2866       17030
        2867       17036
        2868       17042
        2869       17048
        2870       17054
        2871       17060
        2872       17066
        2873       17072
        2874       17078
        2875       17083
        2876       17089
        2877       17095
        2878       17101
        2879       17107
        2880       17113
        2881       17119
        2882       17125
        2883       17131
        2884       17137
        2885       17143
        2886       17149
        2887       17155
        2888       17161
        2889       17167
        2890       17173
        2891       17179
        2892       17185
        2893       17191
        2894       17197
        2895       17203
        2896       17209
        2897       17214
        2898       17220
        2899       17226
        2900       17232
        2901       17238
        2902       17244
        2903       17250
        2904       17254
        2905       17260
        2906       17266
        2907       17271
        2908       17277
        2909       17283
        2910       17289
        2911       17296
        2912       17302
        2913       17308
        2914       17314
        2915       17320
        2916       17326
        2917       17332
        2918       17338
        2919       17344
        2920       17350
        2921       17356
        2922       17362
        2923       17368
        2924       17374
        2925       17380
        2926       17386
        2927       17392
        2928       17398
        2929       17404
        2930       17410
        2931       17416
        2932       17423
        2933       17429
        2934       17435
        2935       17441
        2936       17448
        2937       17454
        2938       17460
        2939       17466
        2940       17472
        2941       17478
        2942       17484
        2943       17489
        2944       17497
        2945       17503
        2946       17509
        2947       17515
        2948       17521
        2949       17527
        2950       17533
        2951       17539
        2952       17545
        2953       17551
        2954       17558
        2955       17563
        2956       17569
        2957       17575
        2958       17581
        2959       17587
        2960       17593
        2961       17597
        2962       17603
        2963       17609
        2964       17615
        2965       17621
        2966       17627
        2967       17633
        2968       17640
        2969       17646
        2970       17652
        2971       17658
        2972       17664
        2973       17670
        2974       17676
        2975       17682
        2976       17688
        2977       17694
        2978       17700
        2979       17706
        2980       17712
        2981       17718
        2982       17725
        2983       17732
        2984       17737
        2985       17743
        2986       17749
        2987       17755
        2988       17761
        2989       17767
        2990       17773
        2991       17779
        2992       17785
        2993       17791
        2994       17797
        2995       17803
        2996       17809
        2997       17814
        2998       17820
        2999       17826
        3000       17832
        3001       17838
        3002       17842
        3003       17848
        3004       17854
        3005       17860
        3006       17866
        3007       17872
        3008       17878
        3009       17884
        3010       17889
        3011       17896
        3012       17902
        3013       17908
        3014       17914
        3015       17920
        3016       17926
        3017       17932
        3018       17938
        3019       17944
        3020       17950
        3021       17956
        3022       17962
        3023       17968
        3024       17974
        3025       17980
        3026       17986
        3027       17992
        3028       17998
        3029       18004
        3030       18010
        3031       18016
        3032       18022
        3033       18028
        3034       18033
        3035       18039
        3036       18045
        3037       18051
        3038       18057
        3039       18063
        3040       18069
        3041       18075
        3042       18081
        3043       18087
        3044       18093
        3045       18099
        3046       18105
        3047       18111
        3048       18118
        3049       18124
        3050       18129
        3051       18135
        3052       18141
        3053       18147
        3054       18151
        3055       18157
        3056       18163
        3057       18169
        3058       18175
        3059       18181
        3060       18187
        3061       18193
        3062       18199
        3063       18205
        3064       18211
        3065       18217
        3066       18223
        3067       18229
        3068       18235
        3069       18241
        3070       18248
        3071       18254
        3072       18262
        3073       18267
        3074       18273
        3075       18279
        3076       18285
        3077       18291
        3078       18297
        3079       18303
        3080       18309
        3081       18315
        3082       18320
        3083       18326
        3084       18332
        3085       18338
        3086       18344
        3087       18350
        3088       18356
        3089       18362
        3090       18368
        3091       18372
        3092       18378
        3093       18384
        3094       18390
        3095       18396
        3096       18403
        3097       18409
        3098       18415
        3099       18421
        3100       18427
        3101       18433
        3102       18438
        3103       18444
        3104       18450
        3105       18456
        3106       18462
        3107       18467
        3108       18473
        3109       18479
        3110       18485
        3111       18491
        3112       18497
        3113       18503
        3114       18509
        3115       18515
        3116       18521
        3117       18527
        3118       18533
        3119       18539
        3120       18545
        3121       18551
        3122       18557
        3123       18563
        3124       18570
        3125       18576
        3126       18582
        3127       18588
        3128       18595
        3129       18601
        3130       18607
        3131       18613
        3132       18619
        3133       18625
        3134       18631
        3135       18637
        3136       18643
        3137       18649
        3138       18654
        3139       18658
        3140       18664
        3141       18670
        3142       18676
        3143       18682
        3144       18688
        3145       18694
        3146       18699
        3147       18705
        3148       18711
        3149       18717
        3150       18723
        3151       18728
        3152       18734
        3153       18740
        3154       18746
        3155       18752
        3156       18758
        3157       18764
        3158       18770
        3159       18776
        3160       18782
        3161       18789
        3162       18795
        3163       18801
        3164       18807
        3165       18813
        3166       18819
        3167       18825
        3168       18831
        3169       18837
        3170       18843
        3171       18849
        3172       18855
        3173       18861
        3174       18866
        3175       18872
        3176       18878
        3177       18884
        3178       18890
        3179       18896
        3180       18900
        3181       18906
        3182       18912
        3183       18917
        3184       18923
        3185       18929
        3186       18935
        3187       18941
        3188       18947
        3189       18953
        3190       18959
        3191       18965
        3192       18971
        3193       18977
        3194       18983
        3195       18990
        3196       18996
        3197       19002
        3198       19008
        3199       19014
        3200       19019
        3201       19025
        3202       19031
        3203       19037
        3204       19042
        3205       19048
        3206       19054
        3207       19060
        3208       19066
        3209       19071
        3210       19077
        3211       19083
        3212       19089
        3213       19095
        3214       19103
        3215       19109
        3216       19115
        3217       19121
        3218       19127
        3219       19133
        3220       19139
        3221       19145
        3222       19151
        3223       19157
        3224       19164
        3225       19169
        3226       19175
        3227       19179
        3228       19185
        3229       19190
        3230       19196
        3231       19202
        3232       19208
        3233       19214
        3234       19220
        3235       19226
        3236       19232
        3237       19238
        3238       19244
        3239       19250
        3240       19255
        3241       19261
        3242       19267
        3243       19273
        3244       19279
        3245       19285
        3246       19291
        3247       19298
        3248       19305
        3249       19311
        3250       19319
        3251       19325
        3252       19331
        3253       19337
        3254       19343
        3255       19349
        3256       19355
        3257       19361
        3258       19366
        3259       19372
        3260       19378
        3261       19386
        3262       19392
        3263       19396
        3264       19402
        3265       19408
        3266       19414
        3267       19421
        3268       19427
        3269       19433
        3270       19439
        3271       19444
        3272       19450
        3273       19456
        3274       19461
        3275       19467
        3276       19473
        3277       19480
        3278       19486
        3279       19492
        3280       19497
        3281       19503
        3282       19509
        3283       19515
        3284       19521
        3285       19527
        3286       19533
        3287       19540
        3288       19544
        3289       19550
        3290       19556
        3291       19562
        3292       19568
        3293       19574
        3294       19580
        3295       19586
        3296       19592
        3297       19598
        3298       19604
        3299       19609
        3300       19615
        3301       19621
        3302       19627
        3303       19633
        3304       19640
        3305       19646
        3306       19651
        3307       19657
        3308       19661
        3309       19668
        3310       19673
        3311       19679
        3312       19685
        3313       19692
        3314       19698
        3315       19704
        3316       19710
        3317       19716
        3318       19722
        3319       19728
        3320       19734
        3321       19740
        3322       19746
        3323       19752
        3324       19758
        3325       19764
        3326       19770
        3327       19776
        3328       19782
        3329       19788
        3330       19794
        3331       19800
        3332       19806
        3333       19812
        3334       19819
        3335       19825
        3336       19831
        3337       19837
        3338       19843
        3339       19849
        3340       19854
        3341       19860
        3342       19864
        3343       19870
        3344       19876
        3345       19882
        3346       19888
        3347       19893
        3348       19899
        3349       19905
        3350       19911
        3351       19917
        3352       19923
        3353       19930
        3354       19936
        3355       19942
        3356       19948
        3357       19954
        3358       19960
        3359       19966
        3360       19973
        3361       19979
        3362       19986
        3363       19991
        3364       19997
        3365       20003
        3366       20009
        3367       20015
        3368       20021
        3369       20027
        3370       20033
        3371       20039
        3372       20044
        3373       20050
        3374       20056
        3375       20062
        3376       20068
        3377       20074
        3378       20080
        3379       20086
        3380       20092
        3381       20098
        3382       20106
        3383       20111
        3384       20117
        3385       20122
        3386       20129
        3387       20135
        3388       20139
        3389       20145
        3390       20151
        3391       20157
        3392       20163
        3393       20169
        3394       20175
        3395       20181
        3396       20187
        3397       20192
        3398       20198
        3399       20204
        3400       20210
        3401       20215
        3402       20221
        3403       20227
        3404       20233
        3405       20239
        3406       20245
        3407       20251
        3408       20257
        3409       20262
        3410       20268
        3411       20274
        3412       20280
        3413       20286
        3414       20292
        3415       20298
        3416       20304
        3417       20310
        3418       20315
        3419       20321
        3420       20327
        3421       20333
        3422       20339
        3423       20343
        3424       20349
        3425       20355
        3426       20361
        3427       20368
        3428       20374
        3429       20380
        3430       20386
        3431       20392
        3432       20398
        3433       20404
        3434       20410
        3435       20415
        3436       20420
        3437       20426
        3438       20431
        3439       20436
        3440       20442
        3441       20448
        3442       20455
        3443       20461
        3444       20467
        3445       20473
        3446       20479
        3447       20485
        3448       20491
        3449       20497
        3450       20503
        3451       20509
        3452       20515
        3453       20521
        3454       20529
        3455       20535
        3456       20541
        3457       20547
        3458       20553
        3459       20559
        3460       20565
        3461       20569
        3462       20574
        3463       20580
        3464       20585
        3465       20591
        3466       20596
        3467       20602
        3468       20608
        3469       20614
        3470       20620
        3471       20628
        3472       20634
        3473       20640
        3474       20646
        3475       20652
        3476       20658
        3477       20664
        3478       20670
        3479       20676
        3480       20682
        3481       20689
        3482       20695
        3483       20701
        3484       20707
        3485       20714
        3486       20720
        3487       20726
        3488       20732
        3489       20738
        3490       20744
        3491       20750
        3492       20756
        3493       20762
        3494       20768
        3495       20772
        3496       20778
        3497       20784
        3498       20790
        3499       20795
        3500       20801
        3501       20807
        3502       20813
        3503       20819
        3504       20825
        3505       20831
        3506       20837
        3507       20843
        3508       20850
        3509       20858
        3510       20864
        3511       20870
        3512       20876
        3513       20882
        3514       20888
        3515       20894
        3516       20900
        3517       20906
        3518       20912
        3519       20918
        3520       20924
        3521       20930
        3522       20938
        3523       20946
        3524       20952
        3525       20957
        3526       20963
        3527       20968
        3528       20973
        3529       20979
        3530       20987
        3531       20991
        3532       20997
        3533       21002
        3534       21008
        3535       21014
        3536       21020
        3537       21026
        3538       21031
        3539       21036
        3540       21042
        3541       21048
        3542       21054
        3543       21061
        3544       21067
        3545       21073
        3546       21079
        3547       21085
        3548       21091
        3549       21097
        3550       21103
        3551       21110
        3552       21116
        3553       21122
        3554       21128
        3555       21134
        3556       21140
        3557       21146
        3558       21151
        3559       21157
        3560       21163
        3561       21169
        3562       21175
        3563       21180
        3564       21186
        3565       21190
        3566       21196
        3567       21202
        3568       21208
        3569       21214
        3570       21219
        3571       21225
        3572       21231
        3573       21237
        3574       21243
        3575       21251
        3576       21257
        3577       21263
        3578       21269
        3579       21275
        3580       21282
        3581       21288
        3582       21294
        3583       21300
        3584       21306
        3585       21312
        3586       21318
        3587       21324
        3588       21329
        3589       21335
        3590       21341
        3591       21347
        3592       21353
        3593       21358
        3594       21364
        3595       21370
        3596       21374
        3597       21381
        3598       21387
        3599       21393
        3600       21399
        3601       21406
        3602       21412
        3603       21417
        3604       21423
        3605       21428
        3606       21435
        3607       21441
        3608       21447
        3609       21453
        3610       21459
        3611       21465
        3612       21472
        3613       21478
        3614       21484
        3615       21490
        3616       21496
        3617       21502
        3618       21507
        3619       21513
        3620       21519
        3621       21525
        3622       21531
        3623       21537
        3624       21543
        3625       21549
        3626       21555
        3627       21561
        3628       21567
        3629       21573
        3630       21579
        3631       21585
        3632       21589
        3633       21596
        3634       21602
        3635       21608
        3636       21614
        3637       21620
        3638       21626
        3639       21632
        3640       21638
        3641       21644
        3642       21650
        3643       21656
        3644       21661
        3645       21668
        3646       21674
        3647       21680
        3648       21686
        3649       21692
        3650       21698
        3651       21704
        3652       21710
        3653       21716
        3654       21722
        3655       21728
        3656       21734
        3657       21740
        3658       21745
        3659       21749
        3660       21755
        3661       21761
        3662       21767
        3663       21773
        3664       21779
        3665       21785
        3666       21790
        3667       21795
        3668       21801
        3669       21807
        3670       21813
        3671       21819
        3672       21825
        3673       21831
        3674       21838
        3675       21844
        3676       21850
        3677       21856
        3678       21862
        3679       21868
        3680       21874
        3681       21881
        3682       21888
        3683       21893
        3684       21899
        3685       21905
        3686       21911
        3687       21917
        3688       21922
        3689       21928
        3690       21933
        3691       21939
        3692       21945
        3693       21951
        3694       21955
        3695       21961
        3696       21967
        3697       21972
        3698       21979
        3699       21985
        3700       21991
        3701       21997
        3702       22003
        3703       22009
        3704       22015
        3705       22020
        3706       22026
        3707       22032
        3708       22038
        3709       22044
        3710       22050
        3711       22056
        3712       22062
        3713       22068
        3714       22074
        3715       22080
        3716       22086
        3717       22092
        3718       22098
        3719       22104
        3720       22110
        3721       22114
        3722       22120
        3723       22126
        3724       22133
        3725       22140
        3726       22146
        3727       22152
        3728       22158
        3729       22164
        3730       22170
        3731       22176
        3732       22182
        3733       22187
        3734       22193
        3735       22199
        3736       22205
        3737       22211
        3738       22217
        3739       22223
        3740       22228
        3741       22235
        3742       22240
        3743       22246
        3744       22252
        3745       22258
        3746       22264
        3747       22269
        3748       22275
        3749       22281
        3750       22287
        3751       22293
        3752       22299
        3753       22305
        3754       22311
        3755       22315
        3756       22320
        3757       22326
        3758       22331
        3759       22337
        3760       22343
        3761       22349
        3762       22357
        3763       22363
        3764       22369
        3765       22375
        3766       22381
        3767       22387
        3768       22393
        3769       22400
        3770       22408
        3771       22414
        3772       22420
        3773       22426
        3774       22431
        3775       22438
        3776       22444
        3777       22449
        3778       22455
        3779       22461
        3780       22467
        3781       22471
        3782       22477
        3783       22483
        3784       22488
        3785       22494
        3786       22500
        3787       22506
        3788       22512
        3789       22518
        3790       22524
        3791       22530
        3792       22536
        3793       22542
        3794       22548
        3795       22554
        3796       22560
        3797       22566
        3798       22572
        3799       22578
        3800       22584
        3801       22590
        3802       22596
        3803       22602
        3804       22607
        3805       22614
        3806       22620
        3807       22626
        3808       22632
        3809       22638
        3810       22644
        3811       22650
        3812       22654
        3813       22660
        3814       22668
        3815       22675
        3816       22681
        3817       22687
        3818       22693
        3819       22699
        3820       22705
        3821       22711
        3822       22717
        3823       22723
        3824       22729
        3825       22735
        3826       22741
        3827       22747
        3828       22752
        3829       22758
        3830       22766
        3831       22772
        3832       22778
        3833       22784
        3834       22788
        3835       22793
        3836       22799
        3837       22805
        3838       22811
        3839       22817
        3840       22823
        3841       22829
        3842       22835
        3843       22841
        3844       22846
        3845       22852
        3846       22858
        3847       22864
        3848       22872
        3849       22878
        3850       22884
        3851       22889
        3852       22895
        3853       22901
        3854       22906
        3855       22911
        3856       22917
        3857       22923
        3858       22931
        3859       22937
        3860       22943
        3861       22950
        3862       22954
        3863       22960
        3864       22966
        3865       22972
        3866       22978
        3867       22984
        3868       22990
        3869       22996
        3870       23001
        3871       23007
        3872       23013
        3873       23019
        3874       23025
        3875       23031
        3876       23037
        3877       23043
        3878       23049
        3879       23055
        3880       23061
        3881       23067
        3882       23073
        3883       23077
        3884       23083
        3885       23089
        3886       23094
        3887       23099
        3888       23105
        3889       23110
        3890       23116
        3891       23121
        3892       23126
        3893       23132
        3894       23138
        3895       23144
        3896       23150
        3897       23155
        3898       23160
        3899       23166
        3900       23172
        3901       23178
        3902       23184
        3903       23190
        3904       23196
        3905       23202
        3906       23208
        3907       23214
        3908       23219
        3909       23223
        3910       23229
        3911       23235
        3912       23241
        3913       23247
        3914       23254
        3915       23262
        3916       23268
        3917       23275
        3918       23281
        3919       23287
        3920       23293
        3921       23299
        3922       23305
        3923       23311
        3924       23317
        3925       23323
        3926       23329
        3927       23335
        3928       23341
        3929       23347
        3930       23353
        3931       23359
        3932       23365
        3933       23369
        3934       23375
        3935       23381
        3936       23387
        3937       23393
        3938       23398
        3939       23404
        3940       23410
        3941       23416
        3942       23422
        3943       23428
        3944       23435
        3945       23441
        3946       23448
        3947       23454
        3948       23460
        3949       23466
        3950       23472
        3951       23477
        3952       23481
        3953       23487
        3954       23493
        3955       23499
        3956       23505
        3957       23511
        3958       23517
        3959       23522
        3960       23528
        3961       23534
        3962       23540
        3963       23546
        3964       23551
        3965       23557
        3966       23563
        3967       23569
        3968       23575
        3969       23581
        3970       23587
        3971       23593
        3972       23597
        3973       23605
        3974       23611
        3975       23618
        3976       23623
        3977       23628
        3978       23634
        3979       23641
        3980       23647
        3981       23655
        3982       23660
        3983       23666
        3984       23671
        3985       23676
        3986       23682
        3987       23688
        3988       23694
        3989       23700
        3990       23704
        3991       23710
        3992       23716
        3993       23722
        3994       23728
        3995       23734
        3996       23739
        3997       23745
        3998       23751
        3999       23757
        4000       23763
        4001       23770
        4002       23776
        4003       23782
        4004       23788
        4005       23794
        4006       23800
        4007       23804
        4008       23809
        4009       23815
        4010       23821
        4011       23827
        4012       23832
        4013       23839
        4014       23844
        4015       23850
        4016       23856
        4017       23862
        4018       23867
        4019       23872
        4020       23877
        4021       23882
        4022       23887
        4023       23891
        4024       23898
        4025       23903
        4026       23909
        4027       23915
        4028       23920
        4029       23925
        4030       23929
        4031       23936
        4032       23942
        4033       23947
        4034       23954
        4035       23959
        4036       23965
        4037       23970
        4038       23976
        4039       23982
        4040       23990
        4041       23995
        4042       24002
        4043       24008
        4044       24014
        4045       24020
        4046       24024
        4047       24030
        4048       24037
        4049       24045
        4050       24049
        4051       24055
        4052       24061
        4053       24069
        4054       24074
        4055       24081
        4056       24086
        4057       24094
        4058       24098
        4059       24106
        4060       24113
        4061       24119
        4062       24123
        4063       24130
        4064       24135
        4065       24142
        4066       24149
        4067       24156
        4068       24161
        4069       24167
        4070       24176
        4071       24182
        4072       24188
        4073       24192
        4074       24199
        4075       24206
        4076       24212
        4077       24216
        4078       24223
        4079       24229
        4080       24234
        4081       24238
        4082       24243
        4083       24248
        4084       24253
        4085       24260
        4086       24264
        4087       24270
        4088       24277
        4089       24283
        4090       24289
        4091       24296
        4092       24303
        4093       24307
        4094       24313
        4095       24319
        4096       24324
        4097       24328
        4098       24334
        4099       24340
        4100       24345
        4101       24352
        4102       24357
        4103       24363
        4104       24367
        4105       24371
        4106       24376
        4107       24384
        4108       24390
        4109       24396
        4110       24402
        4111       24406
        4112       24412
        4113       24418
        4114       24427
        4115       24433
        4116       24437
        4117       24441
        4118       24448
        4119       24455
        4120       24460
        4121       24465
        4122       24469
        4123       24475
        4124       24482
        4125       24486
        4126       24493
        4127       24499
        4128       24505
        4129       24511
        4130       24517
        4131       24524
        4132       24528
        4133       24532
        4134       24539
        4135       24547
        4136       24552
        4137       24558
        4138       24563
        4139       24570
        4140       24576
        4141       24582
        4142       24587
        4143       24591
        4144       24596
        4145       24602
        4146       24606
        4147       24612
        4148       24618
        4149       24624
        4150       24630
        4151       24638
        4152       24645
        4153       24653
        4154       24657
        4155       24662
        4156       24669
        4157       24673
        4158       24679
        4159       24687
        4160       24694
        4161       24702
        4162       24708
        4163       24714
        4164       24720
        4165       24726
        4166       24731
        4167       24736
        4168       24742
        4169       24747
        4170       24754
        4171       24758
        4172       24762
        4173       24768
        4174       24773
        4175       24779
        4176       24785
        4177       24791
        4178       24796
        4179       24803
        4180       24810
        4181       24815
        4182       24819
        4183       24825
        4184       24829
        4185       24833
        4186       24839
        4187       24845
        4188       24852
        4189       24860
        4190       24865
        4191       24871
        4192       24876
        4193       24880
        4194       24885
        4195       24890
        4196       24895
        4197       24901
        4198       24905
        4199       24910
        4200       24916
        4201       24920
        4202       24925
        4203       24934
        4204       24942
        4205       24946
        4206       24953
        4207       24957
        4208       24963
        4209       24969
        4210       24976
        4211       24980
        4212       24987
        4213       24993
        4214       24998
        4215       25002
        4216       25011
        4217       25015
        4218       25021
        4219       25026
        4220       25030
        4221       25034
        4222       25040
        4223       25046
        4224       25050
        4225       25055
        4226       25060
        4227       25064
        4228       25071
        4229       25079
        4230       25084
        4231       25089
        4232       25093
        4233       25099
        4234       25105
        4235       25109
        4236       25113
        4237       25119
        4238       25126
        4239       25133
        4240       25139
        4241       25145
        4242       25149
        4243       25154
        4244       25158
        4245       25164
        4246       25171
        4247       25177
        4248       25183
        4249       25187
        4250       25191
        4251       25196
        4252       25200
        4253       25205
        4254       25211
        4255       25218
        4256       25223
        4257       25229
        4258       25233
        4259       25237
        4260       25243
        4261       25247
        4262       25251
        4263       25256
        4264       25260
        4265       25264
        4266       25270
        4267       25275
        4268       25280
        4269       25285
        4270       25290
        4271       25296
        4272       25301
        4273       25305
        4274       25309
        4275       25313
        4276       25320
        4277       25327
        4278       25333
        4279       25338
        4280       25343
        4281       25347
        4282       25351
        4283       25355
        4284       25360
        4285       25366
        4286       25372
        4287       25377
        4288       25381
        4289       25386
        4290       25392
        4291       25399
        4292       25404
        4293       25409
        4294       25414
        4295       25418
        4296       25424
        4297       25430
        4298       25434
        4299       25438
        4300       25444
        4301       25449
        4302       25455
        4303       25459
        4304       25464
        4305       25469
        4306       25473
        4307       25478
        4308       25483
        4309       25488
        4310       25492
        4311       25496
        4312       25500
        4313       25504
        4314       25509
        4315       25516
        4316       25523
        4317       25527
        4318       25531
        4319       25538
        4320       25542
        4321       25546
        4322       25550
        4323       25556
        4324       25562
        4325       25566
        4326       25570
        4327       25574
        4328       25578
        4329       25584
        4330       25588
        4331       25592
        4332       25598
        4333       25602
        4334       25606
        4335       25610
        4336       25614
        4337       25618
        4338       25622
        4339       25626
        4340       25628
        4341       25632
        4342       25634
        4343       25638
        4344       25642
        4345       25649
        4346       25653
        4347       25657
        4348       25661
        4349       25665
        4350       25669
        4351       25673
        4352       25677
        4353       25682
        4354       25687
        4355       25691
        4356       25695
        4357       25701
        4358       25707
        4359       25711
        4360       25715
        4361       25719
        4362       25722
        4363       25726
        4364       25731
        4365       25735
        4366       25739
        4367       25744
        4368       25748
        4369       25753
        4370       25759
        4371       25763
        4372       25767
        4373       25773
        4374       25779
        4375       25783
        4376       25787
        4377       25791
        4378       25796
        4379       25802
        4380       25806
        4381       25812
        4382       25816
        4383       25820
        4384       25824
        4385       25831
        4386       25835
        4387       25839
        4388       25843
        4389       25848
        4390       25852
        4391       25856
        4392       25862
        4393       25866
        4394       25870
        4395       25876
        4396       25883
        4397       25888
        4398       25892
        4399       25896
        4400       25900
        4401       25904
        4402       25910
        4403       25914
        4404       25919
        4405       25924
        4406       25930
        4407       25934
        4408       25938
        4409       25942
        4410       25948
        4411       25952
        4412       25956
        4413       25960
        4414       25964
        4415       25970
        4416       25976
        4417       25982
        4418       25986
        4419       25990
        4420       25996
        4421       26001
        4422       26005
        4423       26009
        4424       26013
        4425       26017
        4426       26023
        4427       26027
        4428       26031
        4429       26035
        4430       26041
        4431       26045
        4432       26049
        4433       26054
        4434       26060
        4435       26064
        4436       26068
        4437       26072
        4438       26076
        4439       26081
        4440       26085
        4441       26089
        4442       26093
        4443       26097
        4444       26101
        4445       26107
        4446       26110
        4447       26114
        4448       26118
        4449       26123
        4450       26127
        4451       26131
        4452       26135
        4453       26139
        4454       26143
        4455       26147
        4456       26153
        4457       26157
        4458       26161
        4459       26165
        4460       26171
        4461       26175
        4462       26180
        4463       26185
        4464       26191
        4465       26196
        4466       26198
        4467       26204
        4468       26209
        4469       26213
        4470       26221
        4471       26226
        4472       26232
        4473       26239
        4474       26245
        4475       26250
        4476       26254
        4477       26259
        4478       26264
        4479       26269
        4480       26275
        4481       26280
        4482       26284
        4483       26289
        4484       26296
        4485       26302
        4486       26307
        4487       26309
        4488       26315
        4489       26321
        4490       26328
        4491       26333
        4492       26340
        4493       26346
        4494       26353
        4495       26359
        4496       26364
        4497       26371
        4498       26376
        4499       26378
        4500       26385
        4501       26389
        4502       26398
        4503       26405
        4504       26409
        4505       26416
        4506       26424
        4507       26427
        4508       26431
        4509       26439
        4510       26447
        4511       26450
        4512       26453
        4513       26457
        4514       26463
        4515       26472
        4516       26476
        4517       26484
        4518       26488
        4519       26494
        4520       26500
        4521       26508
        4522       26512
        4523       26518
        4524       26521
        4525       26524
        4526       26528
        4527       26532
        4528       26536
        4529       26539
        4530       26543
        4531       26547
        4532       26550
        4533       26553
        4534       26558
        4535       26562
        4536       26566
        4537       26570
        4538       26574
        4539       26578
        4540       26581
        4541       26584
        4542       26588
        4543       26592
        4544       26597
 END_ROWS
 COLUMNS (JA)
           1           2
           2           3
           3           4
           4           5
           5           1
           6           4
           7           6
           8           8
           9           1
          10           5
          11           7
          12           9
          13           1
          14           2
          15           5
          16           6
          17          12
          18           1
          19           3
          20           4
          21           7
          22          12
          23          15
          24           2
          25           4
          26           8
          27          10
          28          12
          29          18
          30           3
          31           5
          32           9
          33          11
          34          15
          35           2
          36           6
          37          10
          38          13
          39           3
          40           7
          41          11
          42          14
          43           6
          44           8
          45          13
          46          16
          47          18
          48           7
          49           9
          50          14
          51          15
          52          17
          53          24
          54           4
          55           5
          56           6
          57          15
          58          18
          59          21
          60          25
          61           8
          62          10
          63          16
          64          19
          65           9
          66          11
          67          17
          68          20
          69           5
          70           7
          71          11
          72          12
          73          21
          74          24
          75          28
          76          10
          77          13
          78          18
          79          19
          80          22
          81          29
          82          11
          83          14
          84          20
          85          23
          86          24
          87           6
          88          10
          89          12
          90          16
          91          25
          92          29
          93          32
          94          13
          95          16
          96          22
          97          26
          98          14
          99          17
         100          23
         101          27
         102          12
         103          15
         104          25
         105          28
         106          36
         107          40
         108          16
         109          19
         110          26
         111          29
         112          30
         113          17
         114          20
         115          24
         116          27
         117          31
         118          35
         119          11
         120          15
         121          17
         122          23
         123          28
         124          35
         125          37
         126          12
         127          18
         128          21
         129          32
         130          36
         131          41
         132          19
         133          22
         134          30
         135          33
         136          20
         137          23
         138          31
         139          34
         140          15
         141          21
         142          24
         143          37
         144          40
         145          16
         146          18
         147          22
         148          30
         149          32
         150          43
         151          45
         152          22
         153          26
         154          29
         155          33
         156          38
         157          45
         158          23
         159          27
         160          34
         161          35
         162          39
         163          18
         164          25
         165          29
         166          41
         167          43
         168          26
         169          30
         170          38
         171          42
         172          27
         173          31
         174          39
         175          44
         176          23
         177          24
         178          31
         179          37
         180          39
         181          53
         182          54
         183          21
         184          25
         185          40
         186          41
         187          48
         188          51
         189          24
         190          28
         191          35
         192          40
         193          54
         194          57
         195          30
         196          33
         197          42
         198          45
         199          46
         200          31
         201          34
         202          35
         203          44
         204          47
         205          53
         206          21
         207          28
         208          36
         209          37
         210          48
         211          49
         212          55
         213          57
         214          63
         215          25
         216          32
         217          36
         218          43
         219          51
         220          60
         221          61
         222          33
         223          38
         224          46
         225          50
         226          29
         227          32
         228          41
         229          45
         230          59
         231          61
         232          34
         233          39
         234          47
         235          52
         236          29
         237          30
         238          38
         239          43
         240          46
         241          59
         242          62
         243          38
         244          42
         245          45
         246          50
         247          56
         248          62
         249          39
         250          44
         251          52
         252          53
         253          58
         254          36
         255          40
         256          49
         257          51
         258          65
         259          67
         260          40
         261          48
         262          55
         263          65
         264          68
         265          42
         266          46
         267          56
         268          64
         269          36
         270          41
         271          48
         272          60
         273          67
         274          72
         275          44
         276          47
         277          58
         278          66
         279          35
         280          39
         281          47
         282          54
         283          58
         284          78
         285          35
         286          37
         287          53
         288          57
         289          73
         290          78
         291         122
         292          40
         293          49
         294          63
         295          68
         296          74
         297          46
         298          50
         299          62
         300          64
         301          69
         302          37
         303          40
         304          54
         305          63
         306          73
         307          86
         308          47
         309          52
         310          53
         311          66
         312          70
         313          78
         314          43
         315          45
         316          61
         317          62
         318          83
         319          88
         320          41
         321          51
         322          61
         323          71
         324          72
         325          84
         326          41
         327          43
         328          59
         329          60
         330          71
         331          83
         332          94
         333          45
         334          46
         335          56
         336          59
         337          69
         338          88
         339         107
         340          40
         341          55
         342          57
         343          74
         344          86
         345         102
         346          50
         347          56
         348          69
         349          81
         350          48
         351          49
         352          67
         353          68
         354          75
         355          77
         356          79
         357          80
         358          52
         359          58
         360          70
         361          85
         362          48
         363          51
         364          65
         365          72
         366          75
         367          76
         368          82
         369          49
         370          55
         371          65
         372          74
         373          80
         374          87
         375          89
         376          56
         377          62
         378          64
         379          81
         380          91
         381         107
         382          58
         383          66
         384          78
         385          85
         386          95
         387          60
         388          61
         389          84
         390          94
         391         108
         392          51
         393          60
         394          67
         395          82
         396          84
         397          90
         398          97
         399         103
         400          54
         401          57
         402          86
         403         122
         404         129
         405         140
         406          55
         407          63
         408          68
         409          89
         410          99
         411         102
         412         106
         413          65
         414          67
         415          76
         416          77
         417          92
         418          96
         419          67
         420          75
         421          82
         422          96
         423         100
         424          65
         425          75
         426          79
         427          92
         428          93
         429          53
         430          54
         431          58
         432          70
         433          95
         434         122
         435         157
         436          65
         437          77
         438          80
         439          93
         440          98
         441          65
         442          68
         443          79
         444          87
         445          98
         446         101
         447          64
         448          69
         449          91
         450         118
         451          67
         452          72
         453          76
         454          90
         455         100
         456         104
         457          59
         458          61
         459          88
         460          94
         461         143
         462         152
         463          60
         464          71
         465          72
         466         103
         467         108
         468         116
         469         127
         470          66
         471          70
         472          95
         473         123
         474          57
         475          63
         476          73
         477         102
         478         129
         479         148
         480          68
         481          80
         482          89
         483         101
         484         105
         485          59
         486          62
         487          83
         488         107
         489         143
         490         161
         491          68
         492          74
         493          87
         494          99
         495         105
         496         113
         497          72
         498          82
         499          97
         500         104
         501         109
         502          69
         503          81
         504         107
         505         118
         506         132
         507          75
         508          77
         509          93
         510          96
         511         110
         512         111
         513          77
         514          79
         515          92
         516          98
         517         110
         518         112
         519          61
         520          71
         521          83
         522         108
         523         152
         524         163
         525          70
         526          78
         527          85
         528         123
         529         139
         530         157
         531          75
         532          76
         533          92
         534         100
         535         111
         536         114
         537          72
         538          90
         539         103
         540         109
         541         119
         542          79
         543          80
         544          93
         545         101
         546         112
         547         115
         548          74
         549          89
         550         106
         551         113
         552         124
         553          76
         554          82
         555          96
         556         104
         557         114
         558         117
         559          80
         560          87
         561          98
         562         105
         563         115
         564         120
         565          63
         566          74
         567          86
         568         106
         569         121
         570         138
         571         148
         572         155
         573          72
         574          84
         575          97
         576         116
         577         119
         578         128
         579          82
         580          90
         581         100
         582         109
         583         117
         584         125
         585          87
         586          89
         587         101
         588         113
         589         120
         590         126
         591          74
         592          99
         593         102
         594         121
         595         124
         596         136
         597          62
         598          69
         599          88
         600          91
         601         132
         602         161
         603         206
         604          71
         605          84
         606          94
         607         127
         608         150
         609         163
         610         171
         611          90
         612          97
         613         104
         614         119
         615         125
         616         133
         617          92
         618          93
         619         111
         620         112
         621         130
         622         131
         623          92
         624          96
         625         110
         626         114
         627         130
         628         134
         629          93
         630          98
         631         110
         632         115
         633         131
         634         135
         635          89
         636          99
         637         105
         638         124
         639         126
         640         137
         641          96
         642         100
         643         111
         644         117
         645         134
         646         141
         647          98
         648         101
         649         112
         650         120
         651         135
         652         142
         653          84
         654         103
         655         127
         656         128
         657         146
         658         100
         659         104
         660         114
         661         125
         662         141
         663         144
         664          81
         665          91
         666         132
         667         173
         668          97
         669         103
         670         109
         671         128
         672         133
         673         145
         674         101
         675         105
         676         115
         677         126
         678         142
         679         147
         680         102
         681         106
         682         136
         683         138
         684         151
         685          54
         686          73
         687          78
         688         140
         689         157
         690         214
         691         225
         692          85
         693          95
         694         139
         695         178
         696          99
         697         106
         698         113
         699         136
         700         137
         701         149
         702         104
         703         109
         704         117
         705         133
         706         144
         707         153
         708         105
         709         113
         710         120
         711         137
         712         147
         713         154
         714          84
         715         108
         716         116
         717         146
         718         150
         719         165
         720         103
         721         116
         722         119
         723         145
         724         146
         725         160
         726          73
         727          86
         728         140
         729         148
         730         216
         731         219
         732         110
         733         111
         734         131
         735         134
         736         158
         737         159
         738         110
         739         112
         740         130
         741         135
         742         159
         743         170
         744          91
         745         107
         746         118
         747         173
         748         187
         749         206
         750         109
         751         119
         752         125
         753         145
         754         153
         755         166
         756         111
         757         114
         758         130
         759         141
         760         158
         761         162
         762         112
         763         115
         764         131
         765         142
         766         156
         767         170
         768         106
         769         121
         770         124
         771         149
         772         151
         773         164
         774         113
         775         124
         776         126
         777         149
         778         154
         779         168
         780         102
         781         121
         782         151
         783         155
         784         172
         785          95
         786         123
         787         157
         788         178
         789         192
         790          73
         791         122
         792         129
         793         216
         794         225
         795         114
         796         117
         797         134
         798         144
         799         162
         800         167
         801         115
         802         120
         803         135
         804         147
         805         156
         806         169
         807          83
         808          88
         809         152
         810         161
         811         248
         812         117
         813         125
         814         141
         815         153
         816         167
         817         174
         818         119
         819         128
         820         133
         821         160
         822         166
         823         176
         824         116
         825         127
         826         128
         827         160
         828         165
         829         175
         830         120
         831         126
         832         142
         833         154
         834         169
         835         177
         836          86
         837         102
         838         129
         839         155
         840         179
         841         204
         842         219
         843         124
         844         136
         845         137
         846         164
         847         168
         848         180
         849         108
         850         127
         851         165
         852         171
         853         182
         854         121
         855         136
         856         138
         857         164
         858         172
         859         181
         860          83
         861          94
         862         143
         863         163
         864         229
         865         242
         866         248
         867         125
         868         133
         869         144
         870         166
         871         174
         872         183
         873         126
         874         137
         875         147
         876         168
         877         177
         878         186
         879         102
         880         138
         881         148
         882         172
         883         179
         884         191
         885         135
         886         142
         887         169
         888         170
         889         185
         890          78
         891          95
         892         122
         893         139
         894         192
         895         214
         896         278
         897         130
         898         134
         899         159
         900         162
         901         184
         902         198
         903         130
         904         131
         905         158
         906         170
         907         198
         908         201
         909         128
         910         145
         911         146
         912         175
         913         176
         914         189
         915          88
         916         107
         917         143
         918         206
         919         248
         920         269
         921         134
         922         141
         923         158
         924         167
         925         184
         926         190
         927          94
         928         108
         929         152
         930         171
         931         195
         932         224
         933         229
         934         136
         935         149
         936         151
         937         180
         938         181
         939         197
         940         127
         941         146
         942         150
         943         175
         944         182
         945         196
         946         133
         947         145
         948         153
         949         176
         950         183
         951         188
         952         141
         953         144
         954         162
         955         174
         956         190
         957         194
         958         137
         959         149
         960         154
         961         180
         962         186
         963         199
         964         142
         965         147
         966         156
         967         177
         968         185
         969         193
         970         131
         971         135
         972         156
         973         159
         974         185
         975         201
         976         209
         977         108
         978         150
         979         163
         980         182
         981         195
         982         205
         983         138
         984         151
         985         155
         986         181
         987         191
         988         200
         989         118
         990         132
         991         187
         992         232
         993         144
         994         153
         995         167
         996         183
         997         194
         998         203
         999         146
        1000         160
        1001         165
        1002         189
        1003         196
        1004         207
        1005         145
        1006         160
        1007         166
        1008         188
        1009         189
        1010         218
        1011         147
        1012         154
        1013         169
        1014         186
        1015         193
        1016         202
        1017         123
        1018         139
        1019         192
        1020         239
        1021         148
        1022         155
        1023         191
        1024         204
        1025         212
        1026         149
        1027         164
        1028         168
        1029         197
        1030         199
        1031         208
        1032         151
        1033         164
        1034         172
        1035         197
        1036         200
        1037         211
        1038         150
        1039         165
        1040         171
        1041         196
        1042         205
        1043         213
        1044         153
        1045         166
        1046         174
        1047         188
        1048         203
        1049         210
        1050         158
        1051         162
        1052         190
        1053         198
        1054         215
        1055         156
        1056         169
        1057         170
        1058         193
        1059         209
        1060         221
        1061         154
        1062         168
        1063         177
        1064         199
        1065         202
        1066         220
        1067         132
        1068         173
        1069         206
        1070         232
        1071         249
        1072         166
        1073         176
        1074         183
        1075         210
        1076         218
        1077         160
        1078         175
        1079         176
        1080         207
        1081         218
        1082         222
        1083         162
        1084         167
        1085         184
        1086         194
        1087         215
        1088         217
        1089         155
        1090         172
        1091         179
        1092         200
        1093         212
        1094         223
        1095         139
        1096         157
        1097         178
        1098         239
        1099         259
        1100         278
        1101         169
        1102         177
        1103         185
        1104         202
        1105         221
        1106         227
        1107         167
        1108         174
        1109         190
        1110         203
        1111         217
        1112         228
        1113         163
        1114         171
        1115         205
        1116         224
        1117         233
        1118         165
        1119         175
        1120         182
        1121         207
        1122         213
        1123         230
        1124         164
        1125         180
        1126         181
        1127         208
        1128         211
        1129         226
        1130         158
        1131         159
        1132         184
        1133         201
        1134         215
        1135         231
        1136         168
        1137         180
        1138         186
        1139         208
        1140         220
        1141         234
        1142         172
        1143         181
        1144         191
        1145         211
        1146         223
        1147         235
        1148         159
        1149         170
        1150         198
        1151         209
        1152         231
        1153         236
        1154         177
        1155         186
        1156         193
        1157         220
        1158         227
        1159         237
        1160         174
        1161         183
        1162         194
        1163         210
        1164         228
        1165         238
        1166         148
        1167         179
        1168         212
        1169         219
        1170         240
        1171         243
        1172         171
        1173         182
        1174         195
        1175         213
        1176         233
        1177         241
        1178         107
        1179         132
        1180         161
        1181         187
        1182         249
        1183         269
        1184         338
        1185         175
        1186         189
        1187         196
        1188         222
        1189         230
        1190         244
        1191         180
        1192         197
        1193         199
        1194         226
        1195         234
        1196         246
        1197         170
        1198         185
        1199         201
        1200         221
        1201         236
        1202         245
        1203         183
        1204         188
        1205         203
        1206         218
        1207         238
        1208         250
        1209         181
        1210         197
        1211         200
        1212         226
        1213         235
        1214         261
        1215         179
        1216         191
        1217         204
        1218         223
        1219         243
        1220         247
        1221         182
        1222         196
        1223         205
        1224         230
        1225         241
        1226         252
        1227         122
        1228         157
        1229         225
        1230         278
        1231         340
        1232         365
        1233         184
        1234         190
        1235         198
        1236         217
        1237         231
        1238         251
        1239         258
        1240         129
        1241         140
        1242         219
        1243         225
        1244         308
        1245         320
        1246         190
        1247         194
        1248         215
        1249         228
        1250         251
        1251         255
        1252         176
        1253         188
        1254         189
        1255         210
        1256         222
        1257         250
        1258         253
        1259         270
        1260         129
        1261         148
        1262         204
        1263         216
        1264         240
        1265         268
        1266         299
        1267         308
        1268         186
        1269         199
        1270         202
        1271         234
        1272         237
        1273         256
        1274         185
        1275         193
        1276         209
        1277         227
        1278         245
        1279         257
        1280         189
        1281         207
        1282         218
        1283         244
        1284         253
        1285         191
        1286         200
        1287         212
        1288         235
        1289         247
        1290         260
        1291         163
        1292         195
        1293         229
        1294         233
        1295         254
        1296         262
        1297         122
        1298         140
        1299         214
        1300         216
        1301         320
        1302         365
        1303         197
        1304         208
        1305         211
        1306         246
        1307         261
        1308         193
        1309         202
        1310         221
        1311         237
        1312         257
        1313         264
        1314         194
        1315         203
        1316         217
        1317         238
        1318         255
        1319         265
        1320         152
        1321         163
        1322         224
        1323         242
        1324         254
        1325         288
        1326         317
        1327         196
        1328         207
        1329         213
        1330         244
        1331         252
        1332         266
        1333         198
        1334         201
        1335         215
        1336         236
        1337         258
        1338         263
        1339         173
        1340         187
        1341         249
        1342         298
        1343         195
        1344         205
        1345         224
        1346         241
        1347         262
        1348         271
        1349         199
        1350         208
        1351         220
        1352         246
        1353         256
        1354         272
        1355         200
        1356         211
        1357         223
        1358         260
        1359         261
        1360         267
        1361         201
        1362         209
        1363         231
        1364         245
        1365         263
        1366         273
        1367         202
        1368         220
        1369         227
        1370         256
        1371         264
        1372         276
        1373         203
        1374         210
        1375         228
        1376         250
        1377         265
        1378         277
        1379         178
        1380         192
        1381         259
        1382         311
        1383         204
        1384         219
        1385         243
        1386         268
        1387         274
        1388         205
        1389         213
        1390         233
        1391         252
        1392         271
        1393         279
        1394         152
        1395         229
        1396         248
        1397         317
        1398         330
        1399         204
        1400         212
        1401         240
        1402         247
        1403         274
        1404         275
        1405         207
        1406         222
        1407         230
        1408         253
        1409         266
        1410         280
        1411         209
        1412         221
        1413         236
        1414         257
        1415         273
        1416         281
        1417         208
        1418         226
        1419         234
        1420         261
        1421         272
        1422         285
        1423         212
        1424         223
        1425         243
        1426         260
        1427         275
        1428         283
        1429         143
        1430         152
        1431         161
        1432         242
        1433         269
        1434         330
        1435         355
        1436         398
        1437         187
        1438         206
        1439         232
        1440         298
        1441         321
        1442         338
        1443         210
        1444         218
        1445         238
        1446         270
        1447         277
        1448         284
        1449         215
        1450         217
        1451         255
        1452         258
        1453         282
        1454         289
        1455         213
        1456         230
        1457         241
        1458         266
        1459         279
        1460         286
        1461         218
        1462         222
        1463         244
        1464         270
        1465         280
        1466         290
        1467         224
        1468         229
        1469         262
        1470         288
        1471         294
        1472         217
        1473         228
        1474         251
        1475         265
        1476         282
        1477         291
        1478         220
        1479         234
        1480         237
        1481         272
        1482         276
        1483         293
        1484         221
        1485         227
        1486         245
        1487         264
        1488         281
        1489         287
        1490         215
        1491         231
        1492         251
        1493         263
        1494         289
        1495         295
        1496         192
        1497         239
        1498         278
        1499         311
        1500         328
        1501         223
        1502         235
        1503         247
        1504         267
        1505         283
        1506         292
        1507         211
        1508         226
        1509         235
        1510         246
        1511         267
        1512         285
        1513         296
        1514         312
        1515         224
        1516         233
        1517         254
        1518         271
        1519         294
        1520         297
        1521         231
        1522         236
        1523         258
        1524         273
        1525         295
        1526         301
        1527         227
        1528         237
        1529         257
        1530         276
        1531         287
        1532         300
        1533         228
        1534         238
        1535         255
        1536         277
        1537         291
        1538         302
        1539         230
        1540         244
        1541         252
        1542         280
        1543         286
        1544         303
        1545         235
        1546         260
        1547         261
        1548         292
        1549         296
        1550         219
        1551         240
        1552         274
        1553         299
        1554         305
        1555         161
        1556         206
        1557         248
        1558         338
        1559         398
        1560         218
        1561         250
        1562         253
        1563         284
        1564         290
        1565         307
        1566         233
        1567         241
        1568         262
        1569         279
        1570         297
        1571         304
        1572         234
        1573         246
        1574         256
        1575         285
        1576         293
        1577         309
        1578         236
        1579         245
        1580         263
        1581         281
        1582         301
        1583         310
        1584         240
        1585         243
        1586         268
        1587         275
        1588         305
        1589         306
        1590         243
        1591         247
        1592         274
        1593         283
        1594         306
        1595         313
        1596         237
        1597         256
        1598         264
        1599         293
        1600         300
        1601         314
        1602         238
        1603         250
        1604         265
        1605         284
        1606         302
        1607         319
        1608         157
        1609         192
        1610         214
        1611         259
        1612         328
        1613         340
        1614         424
        1615         241
        1616         252
        1617         271
        1618         286
        1619         304
        1620         316
        1621         244
        1622         253
        1623         266
        1624         290
        1625         303
        1626         315
        1627         245
        1628         257
        1629         273
        1630         287
        1631         310
        1632         318
        1633         251
        1634         255
        1635         289
        1636         291
        1637         322
        1638         247
        1639         260
        1640         275
        1641         292
        1642         313
        1643         323
        1644         250
        1645         270
        1646         277
        1647         307
        1648         319
        1649         246
        1650         261
        1651         272
        1652         309
        1653         312
        1654         325
        1655         252
        1656         266
        1657         279
        1658         303
        1659         316
        1660         326
        1661         257
        1662         264
        1663         281
        1664         300
        1665         318
        1666         327
        1667         229
        1668         254
        1669         294
        1670         317
        1671         329
        1672         331
        1673         251
        1674         258
        1675         282
        1676         295
        1677         322
        1678         335
        1679         253
        1680         270
        1681         280
        1682         307
        1683         315
        1684         333
        1685         255
        1686         265
        1687         282
        1688         302
        1689         322
        1690         336
        1691         260
        1692         267
        1693         283
        1694         296
        1695         323
        1696         324
        1697         256
        1698         272
        1699         276
        1700         309
        1701         314
        1702         334
        1703         254
        1704         262
        1705         288
        1706         297
        1707         329
        1708         332
        1709         258
        1710         263
        1711         289
        1712         301
        1713         335
        1714         337
        1715         261
        1716         267
        1717         292
        1718         312
        1719         324
        1720         343
        1721         262
        1722         271
        1723         294
        1724         304
        1725         332
        1726         339
        1727         232
        1728         249
        1729         321
        1730         378
        1731         219
        1732         268
        1733         305
        1734         308
        1735         342
        1736         347
        1737         264
        1738         276
        1739         287
        1740         314
        1741         327
        1742         348
        1743         263
        1744         273
        1745         295
        1746         310
        1747         337
        1748         346
        1749         265
        1750         277
        1751         291
        1752         319
        1753         336
        1754         345
        1755         362
        1756         266
        1757         280
        1758         286
        1759         315
        1760         326
        1761         341
        1762         271
        1763         279
        1764         297
        1765         316
        1766         339
        1767         350
        1768         268
        1769         274
        1770         299
        1771         306
        1772         344
        1773         347
        1774         274
        1775         275
        1776         305
        1777         313
        1778         344
        1779         349
        1780         270
        1781         284
        1782         290
        1783         319
        1784         333
        1785         352
        1786         216
        1787         219
        1788         299
        1789         320
        1790         342
        1791         384
        1792         421
        1793         272
        1794         285
        1795         293
        1796         325
        1797         334
        1798         358
        1799         273
        1800         281
        1801         301
        1802         318
        1803         346
        1804         351
        1805         239
        1806         259
        1807         328
        1808         391
        1809         261
        1810         285
        1811         296
        1812         325
        1813         343
        1814         353
        1815         275
        1816         283
        1817         306
        1818         323
        1819         349
        1820         354
        1821         276
        1822         293
        1823         300
        1824         334
        1825         348
        1826         363
        1827         280
        1828         290
        1829         303
        1830         333
        1831         341
        1832         361
        1833         279
        1834         286
        1835         304
        1836         326
        1837         350
        1838         359
        1839         229
        1840         242
        1841         288
        1842         330
        1843         331
        1844         364
        1845         410
        1846         431
        1847         281
        1848         287
        1849         310
        1850         327
        1851         351
        1852         360
        1853         277
        1854         284
        1855         302
        1856         307
        1857         345
        1858         352
        1859         374
        1860         216
        1861         225
        1862         308
        1863         365
        1864         421
        1865         450
        1866         249
        1867         298
        1868         338
        1869         378
        1870         395
        1871         282
        1872         289
        1873         291
        1874         335
        1875         336
        1876         357
        1877         283
        1878         292
        1879         313
        1880         324
        1881         354
        1882         356
        1883         292
        1884         296
        1885         323
        1886         343
        1887         356
        1888         369
        1889         285
        1890         309
        1891         312
        1892         353
        1893         358
        1894         286
        1895         303
        1896         316
        1897         341
        1898         359
        1899         370
        1900         287
        1901         300
        1902         318
        1903         348
        1904         360
        1905         367
        1906         259
        1907         278
        1908         311
        1909         391
        1910         405
        1911         424
        1912         288
        1913         294
        1914         331
        1915         332
        1916         366
        1917         368
        1918         242
        1919         248
        1920         317
        1921         355
        1922         431
        1923         463
        1924         288
        1925         317
        1926         329
        1927         364
        1928         366
        1929         294
        1930         297
        1931         329
        1932         339
        1933         368
        1934         372
        1935         290
        1936         307
        1937         315
        1938         352
        1939         361
        1940         375
        1941         293
        1942         309
        1943         314
        1944         358
        1945         363
        1946         379
        1947         289
        1948         295
        1949         322
        1950         337
        1951         357
        1952         373
        1953         380
        1954         291
        1955         302
        1956         322
        1957         357
        1958         362
        1959         382
        1960         295
        1961         301
        1962         335
        1963         346
        1964         373
        1965         377
        1966         206
        1967         249
        1968         269
        1969         321
        1970         395
        1971         398
        1972         486
        1973         297
        1974         304
        1975         332
        1976         350
        1977         371
        1978         372
        1979         214
        1980         278
        1981         365
        1982         424
        1983         480
        1984         303
        1985         315
        1986         326
        1987         361
        1988         370
        1989         383
        1990         299
        1991         308
        1992         347
        1993         384
        1994         385
        1995         296
        1996         312
        1997         324
        1998         353
        1999         369
        2000         386
        2001         305
        2002         306
        2003         347
        2004         349
        2005         376
        2006         381
        2007         302
        2008         319
        2009         362
        2010         374
        2011         389
        2012         301
        2013         310
        2014         337
        2015         351
        2016         377
        2017         387
        2018         299
        2019         305
        2020         342
        2021         344
        2022         376
        2023         385
        2024         300
        2025         314
        2026         327
        2027         363
        2028         367
        2029         392
        2030         306
        2031         313
        2032         344
        2033         354
        2034         381
        2035         388
        2036         304
        2037         316
        2038         339
        2039         359
        2040         371
        2041         390
        2042         310
        2043         318
        2044         346
        2045         360
        2046         387
        2047         393
        2048         307
        2049         319
        2050         333
        2051         374
        2052         375
        2053         396
        2054         312
        2055         325
        2056         343
        2057         358
        2058         386
        2059         397
        2060         313
        2061         323
        2062         349
        2063         356
        2064         388
        2065         394
        2066         248
        2067         330
        2068         398
        2069         463
        2070         523
        2071         323
        2072         324
        2073         354
        2074         369
        2075         394
        2076         399
        2077         322
        2078         335
        2079         336
        2080         380
        2081         382
        2082         403
        2083         309
        2084         325
        2085         334
        2086         353
        2087         379
        2088         397
        2089         412
        2090         316
        2091         326
        2092         350
        2093         370
        2094         390
        2095         401
        2096         318
        2097         327
        2098         351
        2099         367
        2100         393
        2101         400
        2102         315
        2103         333
        2104         341
        2105         375
        2106         383
        2107         402
        2108         302
        2109         336
        2110         345
        2111         382
        2112         389
        2113         404
        2114         314
        2115         334
        2116         348
        2117         379
        2118         392
        2119         408
        2120         317
        2121         331
        2122         366
        2123         407
        2124         410
        2125         214
        2126         225
        2127         320
        2128         340
        2129         450
        2130         480
        2131         620
        2132         329
        2133         331
        2134         364
        2135         368
        2136         406
        2137         407
        2138         327
        2139         348
        2140         360
        2141         392
        2142         400
        2143         329
        2144         332
        2145         366
        2146         372
        2147         406
        2148         409
        2149         324
        2150         343
        2151         356
        2152         386
        2153         399
        2154         415
        2155         326
        2156         341
        2157         359
        2158         383
        2159         401
        2160         414
        2161         339
        2162         350
        2163         372
        2164         390
        2165         411
        2166         332
        2167         339
        2168         368
        2169         371
        2170         409
        2171         411
        2172         335
        2173         337
        2174         377
        2175         380
        2176         413
        2177         422
        2178         319
        2179         345
        2180         352
        2181         389
        2182         396
        2183         418
        2184         333
        2185         352
        2186         361
        2187         396
        2188         402
        2189         420
        2190         344
        2191         347
        2192         381
        2193         385
        2194         416
        2195         419
        2196         337
        2197         346
        2198         373
        2199         387
        2200         413
        2201         423
        2202         298
        2203         321
        2204         395
        2205         462
        2206         334
        2207         358
        2208         363
        2209         408
        2210         412
        2211         436
        2212         335
        2213         357
        2214         373
        2215         403
        2216         422
        2217         344
        2218         349
        2219         376
        2220         388
        2221         417
        2222         419
        2223         336
        2224         357
        2225         362
        2226         403
        2227         404
        2228         428
        2229         341
        2230         361
        2231         370
        2232         402
        2233         414
        2234         429
        2235         308
        2236         342
        2237         385
        2238         421
        2239         426
        2240         427
        2241         342
        2242         347
        2243         376
        2244         384
        2245         416
        2246         426
        2247         343
        2248         353
        2249         369
        2250         397
        2251         415
        2252         432
        2253         346
        2254         351
        2255         377
        2256         393
        2257         423
        2258         430
        2259         349
        2260         354
        2261         381
        2262         394
        2263         417
        2264         425
        2265         345
        2266         362
        2267         374
        2268         404
        2269         418
        2270         433
        2271         350
        2272         359
        2273         371
        2274         401
        2275         411
        2276         434
        2277         311
        2278         328
        2279         405
        2280         472
        2281         348
        2282         363
        2283         367
        2284         400
        2285         408
        2286         435
        2287         438
        2288         351
        2289         360
        2290         387
        2291         400
        2292         430
        2293         437
        2294         354
        2295         356
        2296         388
        2297         399
        2298         425
        2299         446
        2300         321
        2301         338
        2302         378
        2303         462
        2304         476
        2305         486
        2306         352
        2307         374
        2308         375
        2309         418
        2310         420
        2311         451
        2312         353
        2313         358
        2314         386
        2315         412
        2316         432
        2317         439
        2318         248
        2319         269
        2320         338
        2321         355
        2322         486
        2323         523
        2324         544
        2325         356
        2326         369
        2327         394
        2328         415
        2329         446
        2330         456
        2331         360
        2332         367
        2333         392
        2334         393
        2335         437
        2336         438
        2337         359
        2338         370
        2339         390
        2340         414
        2341         434
        2342         441
        2343         361
        2344         375
        2345         383
        2346         420
        2347         429
        2348         444
        2349         357
        2350         380
        2351         382
        2352         422
        2353         428
        2354         445
        2355         362
        2356         382
        2357         389
        2358         428
        2359         433
        2360         452
        2361         328
        2362         391
        2363         424
        2364         472
        2365         484
        2366         366
        2367         368
        2368         407
        2369         409
        2370         440
        2371         442
        2372         364
        2373         366
        2374         406
        2375         410
        2376         442
        2377         447
        2378         363
        2379         379
        2380         392
        2381         435
        2382         436
        2383         458
        2384         368
        2385         372
        2386         406
        2387         411
        2388         440
        2389         443
        2390         317
        2391         364
        2392         407
        2393         431
        2394         447
        2395         454
        2396         371
        2397         372
        2398         390
        2399         409
        2400         434
        2401         443
        2402         466
        2403         358
        2404         379
        2405         397
        2406         436
        2407         439
        2408         465
        2409         373
        2410         377
        2411         422
        2412         423
        2413         448
        2414         449
        2415         370
        2416         383
        2417         401
        2418         429
        2419         441
        2420         464
        2421         369
        2422         386
        2423         399
        2424         432
        2425         453
        2426         456
        2427         376
        2428         385
        2429         419
        2430         426
        2431         457
        2432         460
        2433         381
        2434         388
        2435         419
        2436         425
        2437         459
        2438         467
        2439         374
        2440         389
        2441         396
        2442         433
        2443         451
        2444         468
        2445         376
        2446         381
        2447         416
        2448         417
        2449         457
        2450         459
        2451         375
        2452         396
        2453         402
        2454         444
        2455         451
        2456         455
        2457         308
        2458         320
        2459         384
        2460         427
        2461         450
        2462         471
        2463         517
        2464         526
        2465         373
        2466         380
        2467         403
        2468         413
        2469         445
        2470         448
        2471         473
        2472         377
        2473         387
        2474         413
        2475         430
        2476         449
        2477         461
        2478         278
        2479         328
        2480         340
        2481         405
        2482         480
        2483         484
        2484         583
        2485         388
        2486         394
        2487         417
        2488         446
        2489         467
        2490         384
        2491         385
        2492         416
        2493         427
        2494         460
        2495         469
        2496         384
        2497         421
        2498         426
        2499         469
        2500         471
        2501         382
        2502         403
        2503         404
        2504         445
        2505         452
        2506         475
        2507         383
        2508         402
        2509         414
        2510         444
        2511         464
        2512         474
        2513         387
        2514         393
        2515         423
        2516         437
        2517         461
        2518         470
        2519         317
        2520         330
        2521         410
        2522         454
        2523         463
        2524         502
        2525         562
        2526         386
        2527         397
        2528         415
        2529         439
        2530         453
        2531         482
        2532         389
        2533         404
        2534         418
        2535         452
        2536         468
        2537         479
        2538         390
        2539         401
        2540         411
        2541         441
        2542         466
        2543         477
        2544         392
        2545         408
        2546         438
        2547         458
        2548         478
        2549         379
        2550         408
        2551         412
        2552         458
        2553         465
        2554         483
        2555         393
        2556         400
        2557         430
        2558         438
        2559         470
        2560         481
        2561         392
        2562         400
        2563         435
        2564         437
        2565         478
        2566         481
        2567         503
        2568         397
        2569         412
        2570         432
        2571         465
        2572         482
        2573         491
        2574         406
        2575         409
        2576         442
        2577         443
        2578         485
        2579         488
        2580         401
        2581         414
        2582         434
        2583         464
        2584         477
        2585         490
        2586         406
        2587         407
        2588         440
        2589         447
        2590         485
        2591         489
        2592         409
        2593         411
        2594         440
        2595         466
        2596         488
        2597         499
        2598         402
        2599         420
        2600         429
        2601         455
        2602         474
        2603         487
        2604         403
        2605         422
        2606         428
        2607         473
        2608         475
        2609         495
        2610         394
        2611         399
        2612         425
        2613         456
        2614         467
        2615         498
        2616         507
        2617         407
        2618         410
        2619         442
        2620         454
        2621         489
        2622         492
        2623         413
        2624         422
        2625         449
        2626         473
        2627         497
        2628         413
        2629         423
        2630         448
        2631         461
        2632         493
        2633         497
        2634         320
        2635         365
        2636         421
        2637         526
        2638         569
        2639         620
        2640         396
        2641         418
        2642         420
        2643         455
        2644         468
        2645         504
        2646         516
        2647         404
        2648         428
        2649         433
        2650         475
        2651         479
        2652         500
        2653         415
        2654         432
        2655         456
        2656         482
        2657         496
        2658         410
        2659         431
        2660         447
        2661         492
        2662         502
        2663         420
        2664         444
        2665         451
        2666         487
        2667         504
        2668         399
        2669         415
        2670         446
        2671         453
        2672         496
        2673         498
        2674         416
        2675         419
        2676         459
        2677         460
        2678         494
        2679         510
        2680         408
        2681         435
        2682         436
        2683         478
        2684         483
        2685         506
        2686         417
        2687         419
        2688         457
        2689         467
        2690         510
        2691         511
        2692         416
        2693         426
        2694         457
        2695         469
        2696         494
        2697         501
        2698         423
        2699         430
        2700         449
        2701         470
        2702         493
        2703         505
        2704         378
        2705         395
        2706         476
        2707         543
        2708         330
        2709         355
        2710         431
        2711         523
        2712         562
        2713         605
        2714         414
        2715         429
        2716         441
        2717         474
        2718         490
        2719         508
        2720         412
        2721         436
        2722         439
        2723         483
        2724         491
        2725         513
        2726         411
        2727         434
        2728         443
        2729         477
        2730         499
        2731         512
        2732         417
        2733         425
        2734         446
        2735         459
        2736         507
        2737         511
        2738         418
        2739         433
        2740         451
        2741         479
        2742         509
        2743         516
        2744         426
        2745         427
        2746         460
        2747         471
        2748         501
        2749         514
        2750         430
        2751         437
        2752         461
        2753         481
        2754         505
        2755         515
        2756         421
        2757         427
        2758         469
        2759         514
        2760         517
        2761         391
        2762         405
        2763         484
        2764         556
        2765         422
        2766         445
        2767         448
        2768         495
        2769         497
        2770         519
        2771         429
        2772         444
        2773         464
        2774         487
        2775         508
        2776         518
        2777         428
        2778         445
        2779         452
        2780         495
        2781         500
        2782         520
        2783         395
        2784         462
        2785         486
        2786         543
        2787         558
        2788         434
        2789         441
        2790         466
        2791         490
        2792         512
        2793         522
        2794         435
        2795         438
        2796         458
        2797         503
        2798         506
        2799         527
        2800         433
        2801         452
        2802         468
        2803         500
        2804         509
        2805         528
        2806         340
        2807         365
        2808         424
        2809         583
        2810         620
        2811         638
        2812         437
        2813         438
        2814         470
        2815         503
        2816         515
        2817         530
        2818         432
        2819         439
        2820         453
        2821         491
        2822         496
        2823         521
        2824         538
        2825         436
        2826         458
        2827         465
        2828         506
        2829         513
        2830         532
        2831         405
        2832         424
        2833         472
        2834         556
        2835         572
        2836         583
        2837         440
        2838         442
        2839         488
        2840         489
        2841         525
        2842         529
        2843         338
        2844         395
        2845         398
        2846         476
        2847         544
        2848         558
        2849         657
        2850         444
        2851         455
        2852         474
        2853         504
        2854         518
        2855         535
        2856         440
        2857         443
        2858         485
        2859         499
        2860         524
        2861         525
        2862         442
        2863         447
        2864         485
        2865         492
        2866         529
        2867         534
        2868         441
        2869         464
        2870         477
        2871         508
        2872         522
        2873         537
        2874         439
        2875         465
        2876         482
        2877         513
        2878         521
        2879         542
        2880         447
        2881         454
        2882         489
        2883         502
        2884         534
        2885         540
        2886         449
        2887         461
        2888         497
        2889         505
        2890         531
        2891         541
        2892         457
        2893         460
        2894         501
        2895         510
        2896         533
        2897         536
        2898         445
        2899         473
        2900         475
        2901         519
        2902         520
        2903         547
        2904         453
        2905         456
        2906         482
        2907         498
        2908         538
        2909         539
        2910         448
        2911         449
        2912         473
        2913         493
        2914         519
        2915         531
        2916         548
        2917         446
        2918         456
        2919         496
        2920         507
        2921         539
        2922         545
        2923         443
        2924         466
        2925         488
        2926         512
        2927         524
        2928         550
        2929         452
        2930         475
        2931         479
        2932         520
        2933         528
        2934         551
        2935         460
        2936         469
        2937         494
        2938         514
        2939         536
        2940         546
        2941         431
        2942         454
        2943         492
        2944         540
        2945         559
        2946         562
        2947         438
        2948         478
        2949         481
        2950         527
        2951         530
        2952         553
        2953         451
        2954         455
        2955         487
        2956         516
        2957         535
        2958         561
        2959         461
        2960         470
        2961         493
        2962         515
        2963         541
        2964         552
        2965         458
        2966         478
        2967         483
        2968         527
        2969         532
        2970         555
        2971         446
        2972         467
        2973         498
        2974         511
        2975         545
        2976         549
        2977         464
        2978         474
        2979         490
        2980         518
        2981         537
        2982         554
        2983         468
        2984         479
        2985         516
        2986         528
        2987         560
        2988         457
        2989         459
        2990         494
        2991         511
        2992         533
        2993         557
        2994         567
        2995         459
        2996         467
        2997         507
        2998         510
        2999         549
        3000         557
        3001         466
        3002         477
        3003         499
        3004         522
        3005         550
        3006         563
        3007         465
        3008         483
        3009         491
        3010         532
        3011         542
        3012         565
        3013         469
        3014         471
        3015         501
        3016         517
        3017         546
        3018         564
        3019         470
        3020         481
        3021         505
        3022         530
        3023         552
        3024         566
        3025         451
        3026         468
        3027         504
        3028         509
        3029         560
        3030         561
        3031         587
        3032         421
        3033         471
        3034         514
        3035         526
        3036         564
        3037         573
        3038         474
        3039         487
        3040         508
        3041         535
        3042         554
        3043         571
        3044         473
        3045         495
        3046         497
        3047         547
        3048         548
        3049         575
        3050         475
        3051         495
        3052         500
        3053         547
        3054         551
        3055         578
        3056         482
        3057         491
        3058         538
        3059         542
        3060         579
        3061         477
        3062         490
        3063         512
        3064         537
        3065         563
        3066         576
        3067         355
        3068         398
        3069         463
        3070         544
        3071         605
        3072         675
        3073         488
        3074         499
        3075         525
        3076         550
        3077         570
        3078         485
        3079         488
        3080         524
        3081         529
        3082         568
        3083         570
        3084         421
        3085         450
        3086         517
        3087         569
        3088         573
        3089         644
        3090         478
        3091         503
        3092         506
        3093         553
        3094         555
        3095         581
        3096         479
        3097         500
        3098         509
        3099         551
        3100         560
        3101         582
        3102         485
        3103         489
        3104         525
        3105         534
        3106         568
        3107         577
        3108         481
        3109         503
        3110         515
        3111         553
        3112         566
        3113         574
        3114         493
        3115         497
        3116         541
        3117         548
        3118         584
        3119         483
        3120         506
        3121         513
        3122         555
        3123         565
        3124         586
        3125         494
        3126         510
        3127         536
        3128         567
        3129         580
        3130         489
        3131         492
        3132         529
        3133         540
        3134         577
        3135         585
        3136         487
        3137         504
        3138         518
        3139         561
        3140         571
        3141         601
        3142         494
        3143         501
        3144         533
        3145         546
        3146         580
        3147         588
        3148         490
        3149         508
        3150         522
        3151         554
        3152         576
        3153         591
        3154         482
        3155         496
        3156         521
        3157         539
        3158         579
        3159         589
        3160         597
        3161         496
        3162         498
        3163         538
        3164         545
        3165         589
        3166         590
        3167         492
        3168         502
        3169         534
        3170         559
        3171         585
        3172         594
        3173         493
        3174         505
        3175         531
        3176         552
        3177         584
        3178         593
        3179         491
        3180         513
        3181         521
        3182         565
        3183         579
        3184         595
        3185         462
        3186         476
        3187         558
        3188         630
        3189         398
        3190         486
        3191         523
        3192         657
        3193         675
        3194         708
        3195         498
        3196         507
        3197         539
        3198         549
        3199         590
        3200         592
        3201         501
        3202         514
        3203         536
        3204         564
        3205         588
        3206         596
        3207         495
        3208         519
        3209         520
        3210         575
        3211         578
        3212         600
        3213         497
        3214         519
        3215         531
        3216         575
        3217         584
        3218         602
        3219         507
        3220         511
        3221         545
        3222         557
        3223         592
        3224         599
        3225         499
        3226         512
        3227         524
        3228         563
        3229         570
        3230         598
        3231         607
        3232         500
        3233         520
        3234         528
        3235         578
        3236         582
        3237         606
        3238         505
        3239         515
        3240         541
        3241         566
        3242         593
        3243         603
        3244         503
        3245         527
        3246         530
        3247         574
        3248         581
        3249         609
        3250         508
        3251         518
        3252         537
        3253         571
        3254         591
        3255         610
        3256         506
        3257         527
        3258         532
        3259         581
        3260         586
        3261         611
        3262         472
        3263         484
        3264         572
        3265         653
        3266         510
        3267         511
        3268         549
        3269         567
        3270         599
        3271         608
        3272         476
        3273         486
        3274         543
        3275         630
        3276         651
        3277         657
        3278         502
        3279         540
        3280         562
        3281         594
        3282         604
        3283         509
        3284         516
        3285         528
        3286         582
        3287         587
        3288         615
        3289         504
        3290         516
        3291         535
        3292         587
        3293         601
        3294         621
        3295         431
        3296         463
        3297         502
        3298         559
        3299         604
        3300         605
        3301         667
        3302         709
        3303         512
        3304         522
        3305         550
        3306         576
        3307         598
        3308         614
        3309         514
        3310         517
        3311         546
        3312         573
        3313         596
        3314         616
        3315         513
        3316         532
        3317         542
        3318         586
        3319         595
        3320         619
        3321         515
        3322         530
        3323         552
        3324         574
        3325         603
        3326         617
        3327         510
        3328         533
        3329         557
        3330         580
        3331         608
        3332         612
        3333         525
        3334         529
        3335         570
        3336         577
        3337         613
        3338         618
        3339         450
        3340         526
        3341         620
        3342         644
        3343         696
        3344         524
        3345         525
        3346         550
        3347         568
        3348         607
        3349         613
        3350         518
        3351         535
        3352         554
        3353         601
        3354         610
        3355         623
        3356         484
        3357         556
        3358         583
        3359         653
        3360         668
        3361         517
        3362         526
        3363         564
        3364         616
        3365         632
        3366         644
        3367         530
        3368         553
        3369         566
        3370         609
        3371         617
        3372         627
        3373         519
        3374         547
        3375         548
        3376         600
        3377         602
        3378         626
        3379         522
        3380         537
        3381         563
        3382         591
        3383         614
        3384         625
        3385         529
        3386         534
        3387         568
        3388         585
        3389         618
        3390         622
        3391         520
        3392         547
        3393         551
        3394         600
        3395         606
        3396         628
        3397         521
        3398         538
        3399         542
        3400         595
        3401         597
        3402         637
        3403         533
        3404         536
        3405         567
        3406         588
        3407         612
        3408         624
        3409         527
        3410         553
        3411         555
        3412         609
        3413         611
        3414         633
        3415         528
        3416         551
        3417         560
        3418         606
        3419         615
        3420         636
        3421         424
        3422         480
        3423         484
        3424         572
        3425         638
        3426         668
        3427         765
        3428         531
        3429         541
        3430         548
        3431         593
        3432         602
        3433         629
        3434         631
        3435         534
        3436         540
        3437         577
        3438         594
        3439         622
        3440         634
        3441         532
        3442         555
        3443         565
        3444         611
        3445         619
        3446         643
        3447         516
        3448         560
        3449         561
        3450         615
        3451         621
        3452         649
        3453         536
        3454         546
        3455         580
        3456         596
        3457         624
        3458         635
        3459         538
        3460         539
        3461         590
        3462         597
        3463         639
        3464         642
        3465         539
        3466         545
        3467         589
        3468         592
        3469         639
        3470         640
        3471         537
        3472         554
        3473         576
        3474         610
        3475         625
        3476         647
        3477         545
        3478         549
        3479         590
        3480         599
        3481         640
        3482         641
        3483         541
        3484         552
        3485         584
        3486         603
        3487         631
        3488         646
        3489         540
        3490         559
        3491         585
        3492         604
        3493         634
        3494         648
        3495         542
        3496         565
        3497         579
        3498         619
        3499         637
        3500         664
        3501         546
        3502         564
        3503         588
        3504         616
        3505         635
        3506         650
        3507         538
        3508         579
        3509         589
        3510         637
        3511         642
        3512         550
        3513         563
        3514         607
        3515         614
        3516         645
        3517         652
        3518         549
        3519         557
        3520         592
        3521         608
        3522         641
        3523         654
        3524         547
        3525         575
        3526         578
        3527         626
        3528         628
        3529         660
        3530         535
        3531         561
        3532         571
        3533         621
        3534         623
        3535         655
        3536         669
        3537         548
        3538         575
        3539         584
        3540         626
        3541         629
        3542         661
        3543         552
        3544         566
        3545         593
        3546         617
        3547         646
        3548         659
        3549         559
        3550         562
        3551         594
        3552         648
        3553         667
        3554         463
        3555         523
        3556         562
        3557         675
        3558         709
        3559         775
        3560         551
        3561         578
        3562         582
        3563         628
        3564         636
        3565         662
        3566         550
        3567         570
        3568         598
        3569         613
        3570         652
        3571         658
        3572         557
        3573         567
        3574         599
        3575         612
        3576         654
        3577         656
        3578         553
        3579         574
        3580         581
        3581         627
        3582         633
        3583         670
        3584         554
        3585         571
        3586         591
        3587         623
        3588         647
        3589         665
        3590         555
        3591         581
        3592         586
        3593         633
        3594         643
        3595         680
        3596         567
        3597         580
        3598         608
        3599         624
        3600         656
        3601         663
        3602         568
        3603         570
        3604         607
        3605         618
        3606         658
        3607         666
        3608         563
        3609         576
        3610         598
        3611         625
        3612         645
        3613         677
        3614         560
        3615         582
        3616         587
        3617         636
        3618         649
        3619         673
        3620         564
        3621         573
        3622         596
        3623         632
        3624         650
        3625         672
        3626         566
        3627         574
        3628         603
        3629         627
        3630         659
        3631         678
        3632         568
        3633         577
        3634         613
        3635         622
        3636         666
        3637         671
        3638         565
        3639         586
        3640         595
        3641         643
        3642         664
        3643         674
        3644         365
        3645         450
        3646         480
        3647         569
        3648         638
        3649         696
        3650         811
        3651         832
        3652         925
        3653         561
        3654         587
        3655         601
        3656         649
        3657         669
        3658         682
        3659         577
        3660         585
        3661         618
        3662         634
        3663         671
        3664         676
        3665         571
        3666         601
        3667         610
        3668         655
        3669         665
        3670         684
        3671         580
        3672         588
        3673         612
        3674         635
        3675         663
        3676         679
        3677         576
        3678         591
        3679         614
        3680         647
        3681         677
        3682         698
        3683         575
        3684         600
        3685         602
        3686         660
        3687         661
        3688         686
        3689         574
        3690         609
        3691         617
        3692         670
        3693         678
        3694         578
        3695         600
        3696         606
        3697         660
        3698         662
        3699         687
        3700         584
        3701         602
        3702         631
        3703         661
        3704         681
        3705         543
        3706         558
        3707         651
        3708         730
        3709         584
        3710         593
        3711         629
        3712         646
        3713         681
        3714         705
        3715         573
        3716         616
        3717         644
        3718         672
        3719         685
        3720         581
        3721         609
        3722         611
        3723         670
        3724         680
        3725         715
        3726         585
        3727         594
        3728         622
        3729         648
        3730         676
        3731         693
        3732         588
        3733         596
        3734         624
        3735         650
        3736         679
        3737         690
        3738         582
        3739         606
        3740         615
        3741         662
        3742         673
        3743         695
        3744         579
        3745         595
        3746         597
        3747         642
        3748         664
        3749         694
        3750         706
        3751         480
        3752         583
        3753         620
        3754         765
        3755         811
        3756         589
        3757         590
        3758         640
        3759         642
        3760         689
        3761         691
        3762         590
        3763         592
        3764         639
        3765         641
        3766         688
        3767         689
        3768         592
        3769         599
        3770         640
        3771         654
        3772         688
        3773         692
        3774         589
        3775         597
        3776         637
        3777         639
        3778         691
        3779         694
        3780         586
        3781         611
        3782         619
        3783         674
        3784         680
        3785         683
        3786         526
        3787         569
        3788         573
        3789         632
        3790         685
        3791         696
        3792         768
        3793         598
        3794         614
        3795         652
        3796         677
        3797         697
        3798         593
        3799         603
        3800         631
        3801         659
        3802         705
        3803         711
        3804         591
        3805         610
        3806         625
        3807         665
        3808         698
        3809         714
        3810         594
        3811         604
        3812         634
        3813         667
        3814         693
        3815         703
        3816         587
        3817         615
        3818         621
        3819         673
        3820         682
        3821         704
        3822         596
        3823         616
        3824         635
        3825         672
        3826         690
        3827         702
        3828         558
        3829         630
        3830         657
        3831         730
        3832         741
        3833         598
        3834         607
        3835         645
        3836         658
        3837         697
        3838         699
        3839         556
        3840         572
        3841         668
        3842         747
        3843         599
        3844         608
        3845         641
        3846         656
        3847         692
        3848         701
        3849         601
        3850         623
        3851         669
        3852         684
        3853         700
        3854         608
        3855         612
        3856         654
        3857         663
        3858         701
        3859         710
        3860         486
        3861         544
        3862         558
        3863         651
        3864         708
        3865         741
        3866         840
        3867         607
        3868         613
        3869         652
        3870         666
        3871         699
        3872         707
        3873         603
        3874         617
        3875         646
        3876         678
        3877         711
        3878         713
        3879         600
        3880         626
        3881         628
        3882         686
        3883         687
        3884         716
        3885         602
        3886         626
        3887         629
        3888         681
        3889         686
        3890         718
        3891         606
        3892         628
        3893         636
        3894         687
        3895         695
        3896         721
        3897         612
        3898         624
        3899         656
        3900         679
        3901         710
        3902         720
        3903         595
        3904         619
        3905         637
        3906         674
        3907         706
        3908         719
        3909         610
        3910         623
        3911         647
        3912         684
        3913         714
        3914         725
        3915         613
        3916         618
        3917         658
        3918         671
        3919         707
        3920         717
        3921         562
        3922         604
        3923         648
        3924         703
        3925         709
        3926         723
        3927         572
        3928         583
        3929         653
        3930         747
        3931         759
        3932         765
        3933         601
        3934         621
        3935         655
        3936         682
        3937         700
        3938         722
        3939         609
        3940         627
        3941         633
        3942         678
        3943         715
        3944         731
        3945         618
        3946         622
        3947         666
        3948         676
        3949         712
        3950         717
        3951         616
        3952         632
        3953         650
        3954         685
        3955         702
        3956         724
        3957         615
        3958         636
        3959         649
        3960         695
        3961         704
        3962         726
        3963         619
        3964         643
        3965         664
        3966         683
        3967         719
        3968         728
        3969         523
        3970         544
        3971         605
        3972         708
        3973         775
        3974        1054
        3975         622
        3976         634
        3977         671
        3978         693
        3979         712
        3980         729
        3981         614
        3982         625
        3983         645
        3984         697
        3985         698
        3986         733
        3987         742
        3988         617
        3989         627
        3990         659
        3991         670
        3992         713
        3993         731
        3994         748
        3995         624
        3996         635
        3997         663
        3998         690
        3999         720
        4000         727
        4001         611
        4002         633
        4003         643
        4004         683
        4005         715
        4006         737
        4007         757
        4008         629
        4009         631
        4010         661
        4011         705
        4012         718
        4013         749
        4014         621
        4015         649
        4016         669
        4017         704
        4018         722
        4019         738
        4020         643
        4021         674
        4022         680
        4023         728
        4024         737
        4025         623
        4026         655
        4027         665
        4028         700
        4029         725
        4030         740
        4031         632
        4032         644
        4033         672
        4034         724
        4035         752
        4036         768
        4037         626
        4038         660
        4039         661
        4040         716
        4041         718
        4042         744
        4043         628
        4044         660
        4045         662
        4046         716
        4047         721
        4048         746
        4049         640
        4050         641
        4051         689
        4052         692
        4053         732
        4054         734
        4055         639
        4056         640
        4057         688
        4058         691
        4059         734
        4060         736
        4061         635
        4062         650
        4063         679
        4064         702
        4065         727
        4066         739
        4067         639
        4068         642
        4069         689
        4070         694
        4071         735
        4072         736
        4073         641
        4074         654
        4075         688
        4076         701
        4077         732
        4078         743
        4079         634
        4080         648
        4081         676
        4082         703
        4083         729
        4084         745
        4085         637
        4086         642
        4087         691
        4088         706
        4089         735
        4090         753
        4091         636
        4092         662
        4093         673
        4094         721
        4095         726
        4096         751
        4097         569
        4098         620
        4099         644
        4100         768
        4101         832
        4102         645
        4103         652
        4104         677
        4105         699
        4106         733
        4107         767
        4108         625
        4109         647
        4110         677
        4111         714
        4112         742
        4113         755
        4114         652
        4115         658
        4116         697
        4117         707
        4118         754
        4119         767
        4120         655
        4121         669
        4122         684
        4123         722
        4124         740
        4125         760
        4126         654
        4127         656
        4128         692
        4129         710
        4130         743
        4131         750
        4132         650
        4133         672
        4134         690
        4135         724
        4136         739
        4137         758
        4138         648
        4139         667
        4140         693
        4141         723
        4142         745
        4143         761
        4144         649
        4145         673
        4146         682
        4147         726
        4148         738
        4149         766
        4150         631
        4151         646
        4152         681
        4153         711
        4154         749
        4155         756
        4156         782
        4157         637
        4158         664
        4159         694
        4160         719
        4161         753
        4162         762
        4163         658
        4164         666
        4165         699
        4166         717
        4167         754
        4168         764
        4169         544
        4170         657
        4171         675
        4172         840
        4173        1054
        4174        1069
        4175         562
        4176         605
        4177         667
        4178         723
        4179         775
        4180         784
        4181         875
        4182         656
        4183         663
        4184         701
        4185         720
        4186         750
        4187         763
        4188         646
        4189         659
        4190         705
        4191         713
        4192         756
        4193         779
        4194         671
        4195         676
        4196         717
        4197         729
        4198         772
        4199         659
        4200         678
        4201         711
        4202         748
        4203         776
        4204         779
        4205         647
        4206         665
        4207         698
        4208         725
        4209         755
        4210         769
        4211         633
        4212         670
        4213         680
        4214         731
        4215         757
        4216         770
        4217         660
        4218         686
        4219         687
        4220         744
        4221         746
        4222         774
        4223         666
        4224         671
        4225         707
        4226         712
        4227         764
        4228         772
        4229         661
        4230         681
        4231         686
        4232         744
        4233         749
        4234         777
        4235         664
        4236         674
        4237         706
        4238         728
        4239         762
        4240         771
        4241         663
        4242         679
        4243         710
        4244         727
        4245         763
        4246         773
        4247         662
        4248         687
        4249         695
        4250         746
        4251         751
        4252         780
        4253         669
        4254         682
        4255         700
        4256         738
        4257         760
        4258         781
        4259         667
        4260         703
        4261         709
        4262         761
        4263         784
        4264         672
        4265         685
        4266         702
        4267         752
        4268         758
        4269         786
        4270         665
        4271         684
        4272         714
        4273         740
        4274         769
        4275         785
        4276         673
        4277         695
        4278         704
        4279         751
        4280         766
        4281         790
        4282         679
        4283         690
        4284         720
        4285         739
        4286         773
        4287         778
        4288         674
        4289         683
        4290         719
        4291         737
        4292         771
        4293         787
        4294         676
        4295         693
        4296         712
        4297         745
        4298         772
        4299         783
        4300         630
        4301         651
        4302         741
        4303         826
        4304         670
        4305         678
        4306         715
        4307         748
        4308         770
        4309         791
        4310         688
        4311         692
        4312         734
        4313         743
        4314         789
        4315         793
        4316         677
        4317         697
        4318         742
        4319         767
        4320         788
        4321         688
        4322         689
        4323         732
        4324         736
        4325         789
        4326         792
        4327         691
        4328         694
        4329         736
        4330         753
        4331         794
        4332         801
        4333         689
        4334         691
        4335         734
        4336         735
        4337         792
        4338         794
        4339         680
        4340         683
        4341         728
        4342         757
        4343         787
        4344         797
        4345         682
        4346         704
        4347         722
        4348         766
        4349         781
        4350         799
        4351         690
        4352         702
        4353         727
        4354         758
        4355         778
        4356         795
        4357         684
        4358         700
        4359         725
        4360         760
        4361         785
        4362         800
        4363         651
        4364         657
        4365         730
        4366         826
        4367         839
        4368         840
        4369         677
        4370         698
        4371         733
        4372         755
        4373         788
        4374         798
        4375         692
        4376         701
        4377         732
        4378         750
        4379         793
        4380         796
        4381         686
        4382         716
        4383         718
        4384         774
        4385         777
        4386         803
        4387         693
        4388         703
        4389         729
        4390         761
        4391         783
        4392         802
        4393         687
        4394         716
        4395         721
        4396         774
        4397         780
        4398         804
        4399         653
        4400         668
        4401         759
        4402         851
        4403         678
        4404         713
        4405         731
        4406         776
        4407         791
        4408         810
        4409         681
        4410         705
        4411         718
        4412         777
        4413         782
        4414         808
        4415         701
        4416         710
        4417         743
        4418         763
        4419         796
        4420         805
        4421         695
        4422         721
        4423         726
        4424         780
        4425         790
        4426         812
        4427         685
        4428         724
        4429         768
        4430         786
        4431         807
        4432         694
        4433         706
        4434         735
        4435         762
        4436         801
        4437         809
        4438         699
        4439         707
        4440         764
        4441         767
        4442         806
        4443         825
        4444         698
        4445         714
        4446         742
        4447         769
        4448         798
        4449         813
        4450         705
        4451         711
        4452         779
        4453         782
        4454         816
        4455         680
        4456         715
        4457         737
        4458         770
        4459         797
        4460         814
        4461         702
        4462         724
        4463         739
        4464         786
        4465         795
        4466         815
        4467         668
        4468         747
        4469         765
        4470         851
        4471         860
        4472         700
        4473         722
        4474         740
        4475         781
        4476         800
        4477         819
        4478         703
        4479         723
        4480         745
        4481         784
        4482         802
        4483         820
        4484         706
        4485         719
        4486         753
        4487         771
        4488         809
        4489         817
        4490         710
        4491         720
        4492         750
        4493         773
        4494         805
        4495         818
        4496         707
        4497         717
        4498         754
        4499         772
        4500         806
        4501         821
        4502         583
        4503         638
        4504         668
        4505         759
        4506         811
        4507         860
        4508         958
        4509         704
        4510         726
        4511         738
        4512         790
        4513         799
        4514         823
        4515         697
        4516         699
        4517         733
        4518         754
        4519         788
        4520         825
        4521         836
        4522         644
        4523         685
        4524         696
        4525         752
        4526         807
        4527         832
        4528         902
        4529         714
        4530         725
        4531         755
        4532         785
        4533         813
        4534         824
        4535         715
        4536         731
        4537         757
        4538         791
        4539         814
        4540         831
        4541         719
        4542         728
        4543         762
        4544         787
        4545         817
        4546         829
        4547         712
        4548         717
        4549         729
        4550         764
        4551         783
        4552         821
        4553         822
        4554         848
        4555         720
        4556         727
        4557         763
        4558         778
        4559         818
        4560         827
        4561         716
        4562         744
        4563         746
        4564         803
        4565         804
        4566         834
        4567         605
        4568         675
        4569         709
        4570         875
        4571         952
        4572        1054
        4573         713
        4574         748
        4575         779
        4576         810
        4577         830
        4578         718
        4579         744
        4580         749
        4581         803
        4582         808
        4583         835
        4584         727
        4585         739
        4586         773
        4587         795
        4588         827
        4589         828
        4590         711
        4591         713
        4592         756
        4593         776
        4594         816
        4595         830
        4596         855
        4597         721
        4598         746
        4599         751
        4600         804
        4601         812
        4602         837
        4603         722
        4604         738
        4605         760
        4606         799
        4607         819
        4608         838
        4609         705
        4610         749
        4611         756
        4612         808
        4613         816
        4614         842
        4615         729
        4616         745
        4617         772
        4618         802
        4619         822
        4620         841
        4621         709
        4622         723
        4623         761
        4624         820
        4625         854
        4626         875
        4627         725
        4628         740
        4629         769
        4630         800
        4631         824
        4632         843
        4633         724
        4634         752
        4635         758
        4636         807
        4637         815
        4638         846
        4639         728
        4640         737
        4641         771
        4642         797
        4643         829
        4644         844
        4645         733
        4646         742
        4647         767
        4648         798
        4649         836
        4650         849
        4651         732
        4652         734
        4653         792
        4654         793
        4655         833
        4656         726
        4657         751
        4658         766
        4659         812
        4660         823
        4661         850
        4662         731
        4663         748
        4664         770
        4665         810
        4666         831
        4667         852
        4668         734
        4669         736
        4670         789
        4671         794
        4672         833
        4673         847
        4674         732
        4675         743
        4676         789
        4677         796
        4678         833
        4679         845
        4680         735
        4681         736
        4682         792
        4683         801
        4684         847
        4685         853
        4686         739
        4687         758
        4688         778
        4689         815
        4690         828
        4691         856
        4692         743
        4693         750
        4694         793
        4695         805
        4696         845
        4697         857
        4698         737
        4699         757
        4700         787
        4701         814
        4702         844
        4703         858
        4704         742
        4705         755
        4706         788
        4707         813
        4708         849
        4709         861
        4710         738
        4711         766
        4712         781
        4713         823
        4714         838
        4715         863
        4716         740
        4717         760
        4718         785
        4719         819
        4720         843
        4721         862
        4722         735
        4723         753
        4724         794
        4725         809
        4726         853
        4727         859
        4728         745
        4729         761
        4730         783
        4731         820
        4732         841
        4733         865
        4734         744
        4735         774
        4736         777
        4737         834
        4738         835
        4739         867
        4740         746
        4741         774
        4742         780
        4743         834
        4744         837
        4745         869
        4746         750
        4747         763
        4748         796
        4749         818
        4750         857
        4751         866
        4752         754
        4753         764
        4754         821
        4755         825
        4756         864
        4757         752
        4758         768
        4759         786
        4760         846
        4761         879
        4762         902
        4763         749
        4764         777
        4765         782
        4766         835
        4767         842
        4768         870
        4769         753
        4770         762
        4771         801
        4772         817
        4773         859
        4774         868
        4775         748
        4776         776
        4777         791
        4778         830
        4779         852
        4780         871
        4781         620
        4782         638
        4783         765
        4784         925
        4785         958
        4786        1187
        4787         751
        4788         780
        4789         790
        4790         837
        4791         850
        4792         873
        4793         755
        4794         769
        4795         798
        4796         824
        4797         861
        4798         872
        4799         757
        4800         770
        4801         797
        4802         831
        4803         858
        4804         874
        4805         758
        4806         786
        4807         795
        4808         846
        4809         856
        4810         877
        4811         756
        4812         779
        4813         782
        4814         842
        4815         855
        4816         880
        4817         762
        4818         771
        4819         809
        4820         829
        4821         868
        4822         878
        4823         763
        4824         773
        4825         805
        4826         827
        4827         866
        4828         876
        4829         760
        4830         781
        4831         800
        4832         838
        4833         862
        4834         881
        4835         761
        4836         784
        4837         802
        4838         854
        4839         865
        4840         884
        4841         764
        4842         772
        4843         806
        4844         848
        4845         864
        4846         883
        4847         772
        4848         783
        4849         841
        4850         848
        4851         882
        4852         766
        4853         790
        4854         799
        4855         850
        4856         863
        4857         885
        4858         769
        4859         785
        4860         813
        4861         843
        4862         872
        4863         887
        4864         754
        4865         767
        4866         806
        4867         836
        4868         864
        4869         886
        4870         903
        4871         730
        4872         741
        4873         839
        4874         930
        4875         773
        4876         778
        4877         818
        4878         828
        4879         876
        4880         892
        4881         778
        4882         795
        4883         827
        4884         856
        4885         892
        4886         771
        4887         787
        4888         817
        4889         844
        4890         878
        4891         888
        4892         776
        4893         779
        4894         810
        4895         855
        4896         871
        4897         890
        4898         770
        4899         791
        4900         814
        4901         852
        4902         874
        4903         889
        4904         620
        4905         696
        4906         768
        4907         902
        4908         925
        4909        1017
        4910         789
        4911         792
        4912         793
        4913         845
        4914         847
        4915         891
        4916         894
        4917         774
        4918         803
        4919         804
        4920         867
        4921         869
        4922         895
        4923         777
        4924         803
        4925         808
        4926         867
        4927         870
        4928         896
        4929         767
        4930         788
        4931         825
        4932         849
        4933         886
        4934         893
        4935         780
        4936         804
        4937         812
        4938         869
        4939         873
        4940         899
        4941         781
        4942         799
        4943         819
        4944         863
        4945         881
        4946         898
        4947         741
        4948         826
        4949         840
        4950         930
        4951         940
        4952         657
        4953         708
        4954         741
        4955         839
        4956         940
        4957        1036
        4958        1069
        4959         783
        4960         802
        4961         822
        4962         865
        4963         882
        4964         897
        4965         782
        4966         808
        4967         816
        4968         870
        4969         880
        4970         906
        4971         785
        4972         800
        4973         824
        4974         862
        4975         887
        4976         905
        4977         787
        4978         797
        4979         829
        4980         858
        4981         888
        4982         904
        4983         793
        4984         796
        4985         833
        4986         857
        4987         891
        4988         900
        4989         786
        4990         807
        4991         815
        4992         877
        4993         879
        4994         909
        4995         792
        4996         794
        4997         833
        4998         853
        4999         894
        5000         901
        5001         772
        5002         821
        5003         822
        5004         882
        5005         883
        5006         911
        5007         788
        5008         798
        5009         836
        5010         861
        5011         893
        5012         907
        5013         790
        5014         812
        5015         823
        5016         873
        5017         885
        5018         912
        5019         747
        5020         759
        5021         860
        5022         954
        5023         791
        5024         810
        5025         831
        5026         871
        5027         889
        5028         913
        5029         794
        5030         801
        5031         847
        5032         859
        5033         901
        5034         910
        5035         784
        5036         820
        5037         875
        5038         884
        5039         908
        5040         779
        5041         816
        5042         830
        5043         880
        5044         890
        5045         916
        5046         795
        5047         815
        5048         828
        5049         877
        5050         892
        5051         914
        5052         796
        5053         805
        5054         845
        5055         866
        5056         900
        5057         929
        5058         797
        5059         814
        5060         844
        5061         874
        5062         904
        5063         918
        5064         801
        5065         809
        5066         853
        5067         868
        5068         910
        5069         915
        5070         759
        5071         765
        5072         851
        5073         954
        5074         958
        5075         960
        5076         798
        5077         813
        5078         849
        5079         872
        5080         907
        5081         917
        5082         800
        5083         819
        5084         843
        5085         881
        5086         905
        5087         919
        5088         799
        5089         823
        5090         838
        5091         885
        5092         898
        5093         921
        5094         806
        5095         821
        5096         825
        5097         883
        5098         903
        5099         923
        5100         802
        5101         820
        5102         841
        5103         884
        5104         897
        5105         922
        5106         805
        5107         818
        5108         857
        5109         876
        5110         920
        5111         929
        5112         803
        5113         834
        5114         835
        5115         895
        5116         896
        5117         926
        5118         809
        5119         817
        5120         859
        5121         878
        5122         915
        5123         924
        5124         804
        5125         834
        5126         837
        5127         895
        5128         899
        5129         927
        5130         808
        5131         835
        5132         842
        5133         896
        5134         906
        5135         933
        5136         810
        5137         830
        5138         852
        5139         890
        5140         913
        5141         932
        5142         813
        5143         824
        5144         861
        5145         887
        5146         917
        5147         931
        5148         812
        5149         837
        5150         850
        5151         899
        5152         912
        5153         937
        5154         814
        5155         831
        5156         858
        5157         889
        5158         918
        5159         934
        5160         709
        5161         775
        5162         784
        5163         854
        5164         908
        5165         952
        5166         979
        5167        1018
        5168         818
        5169         827
        5170         866
        5171         892
        5172         920
        5173         942
        5174         815
        5175         846
        5176         856
        5177         909
        5178         914
        5179         939
        5180         817
        5181         829
        5182         868
        5183         888
        5184         924
        5185         938
        5186         807
        5187         846
        5188         902
        5189         909
        5190         928
        5191         816
        5192         842
        5193         855
        5194         906
        5195         916
        5196         941
        5197         819
        5198         838
        5199         862
        5200         898
        5201         919
        5202         943
        5203         822
        5204         841
        5205         848
        5206         897
        5207         911
        5208         935
        5209         821
        5210         848
        5211         864
        5212         911
        5213         923
        5214         945
        5215         820
        5216         854
        5217         865
        5218         908
        5219         922
        5220         947
        5221         823
        5222         850
        5223         863
        5224         912
        5225         921
        5226         949
        5227         825
        5228         836
        5229         893
        5230         903
        5231         936
        5232         946
        5233         824
        5234         843
        5235         872
        5236         905
        5237         931
        5238         950
        5239         829
        5240         844
        5241         878
        5242         904
        5243         938
        5244         951
        5245         831
        5246         852
        5247         874
        5248         913
        5249         934
        5250         956
        5251         830
        5252         855
        5253         871
        5254         916
        5255         932
        5256         959
        5257         833
        5258         845
        5259         894
        5260         900
        5261         944
        5262         948
        5263         827
        5264         828
        5265         856
        5266         876
        5267         914
        5268         942
        5269         953
        5270         973
        5271         836
        5272         849
        5273         886
        5274         907
        5275         936
        5276         957
        5277         833
        5278         847
        5279         891
        5280         901
        5281         948
        5282         955
        5283         834
        5284         867
        5285         869
        5286         926
        5287         927
        5288         964
        5289         835
        5290         867
        5291         870
        5292         926
        5293         933
        5294         966
        5295         841
        5296         865
        5297         882
        5298         922
        5299         935
        5300         961
        5301         838
        5302         863
        5303         881
        5304         921
        5305         943
        5306         967
        5307         837
        5308         869
        5309         873
        5310         927
        5311         937
        5312         969
        5313         845
        5314         857
        5315         891
        5316         929
        5317         944
        5318         984
        5319         847
        5320         853
        5321         894
        5322         910
        5323         955
        5324         962
        5325         768
        5326         807
        5327         832
        5328         879
        5329         928
        5330        1005
        5331        1017
        5332        1087
        5333         825
        5334         864
        5335         886
        5336         923
        5337         946
        5338         965
        5339         844
        5340         858
        5341         888
        5342         918
        5343         951
        5344         968
        5345         843
        5346         862
        5347         887
        5348         919
        5349         950
        5350         970
        5351         842
        5352         870
        5353         880
        5354         933
        5355         941
        5356         971
        5357         849
        5358         861
        5359         893
        5360         917
        5361         957
        5362         972
        5363         854
        5364         875
        5365         884
        5366         947
        5367         979
        5368         846
        5369         877
        5370         879
        5371         928
        5372         939
        5373         975
        5374         853
        5375         859
        5376         901
        5377         915
        5378         962
        5379         963
        5380         848
        5381         882
        5382         883
        5383         935
        5384         945
        5385         974
        5386         850
        5387         873
        5388         885
        5389         937
        5390         949
        5391         976
        5392         852
        5393         871
        5394         889
        5395         932
        5396         956
        5397         978
        5398         856
        5399         877
        5400         892
        5401         939
        5402         953
        5403         977
        5404         859
        5405         868
        5406         910
        5407         924
        5408         963
        5409         993
        5410         855
        5411         880
        5412         890
        5413         941
        5414         959
        5415         982
        5416         861
        5417         872
        5418         907
        5419         931
        5420         972
        5421         981
        5422         858
        5423         874
        5424         904
        5425         934
        5426         968
        5427         983
        5428         862
        5429         881
        5430         905
        5431         943
        5432         970
        5433         985
        5434         866
        5435         876
        5436         929
        5437         942
        5438         980
        5439         863
        5440         885
        5441         898
        5442         949
        5443         967
        5444         987
        5445         865
        5446         884
        5447         897
        5448         947
        5449         961
        5450         986
        5451         864
        5452         883
        5453         903
        5454         945
        5455         965
        5456         988
        5457         868
        5458         878
        5459         915
        5460         938
        5461         990
        5462         993
        5463         620
        5464         811
        5465         832
        5466        1017
        5467        1165
        5468        1187
        5469         867
        5470         895
        5471         896
        5472         964
        5473         966
        5474         991
        5475         869
        5476         895
        5477         899
        5478         964
        5479         969
        5480         994
        5481         879
        5482         902
        5483         909
        5484         975
        5485        1005
        5486         857
        5487         866
        5488         900
        5489         920
        5490         980
        5491         984
        5492        1013
        5493         826
        5494         839
        5495         940
        5496        1033
        5497         872
        5498         887
        5499         917
        5500         950
        5501         981
        5502         992
        5503         871
        5504         890
        5505         913
        5506         959
        5507         978
        5508         995
        5509         870
        5510         896
        5511         906
        5512         966
        5513         971
        5514         996
        5515         874
        5516         889
        5517         918
        5518         956
        5519         983
        5520         998
        5521         882
        5522         897
        5523         911
        5524         961
        5525         974
        5526         989
        5527         886
        5528         893
        5529         946
        5530         957
        5531         999
        5532         873
        5533         899
        5534         912
        5535         969
        5536         976
        5537        1000
        5538         878
        5539         888
        5540         924
        5541         951
        5542         990
        5543         997
        5544         877
        5545         909
        5546         914
        5547         975
        5548         977
        5549        1002
        5550         839
        5551         840
        5552         930
        5553        1033
        5554        1036
        5555        1042
        5556         880
        5557         906
        5558         916
        5559         971
        5560         982
        5561        1010
        5562         876
        5563         892
        5564         920
        5565         973
        5566         980
        5567        1009
        5568         881
        5569         898
        5570         919
        5571         967
        5572         985
        5573        1007
        5574         891
        5575         900
        5576         948
        5577         984
        5578        1001
        5579         883
        5580         911
        5581         923
        5582         974
        5583         988
        5584        1006
        5585         886
        5586         903
        5587         936
        5588         965
        5589         999
        5590        1003
        5591         884
        5592         908
        5593         922
        5594         979
        5595         986
        5596        1016
        5597         891
        5598         894
        5599         944
        5600         955
        5601        1001
        5602        1008
        5603         885
        5604         912
        5605         921
        5606         976
        5607         987
        5608        1015
        5609         887
        5610         905
        5611         931
        5612         970
        5613         992
        5614        1012
        5615         888
        5616         904
        5617         938
        5618         968
        5619         997
        5620        1014
        5621         775
        5622         875
        5623        1018
        5624        1054
        5625        1103
        5626         892
        5627         914
        5628         973
        5629         977
        5630        1004
        5631         851
        5632         860
        5633         960
        5634        1056
        5635         894
        5636         901
        5637         948
        5638         962
        5639        1008
        5640        1011
        5641         889
        5642         913
        5643         934
        5644         978
        5645         998
        5646        1019
        5647         893
        5648         907
        5649         936
        5650         972
        5651         999
        5652        1049
        5653         765
        5654         811
        5655         860
        5656         960
        5657        1065
        5658        1157
        5659        1187
        5660         890
        5661         916
        5662         932
        5663         982
        5664         995
        5665        1020
        5666         860
        5667         954
        5668         958
        5669        1056
        5670        1065
        5671         897
        5672         922
        5673         935
        5674         986
        5675         989
        5676        1021
        5677         901
        5678         910
        5679         955
        5680         963
        5681        1011
        5682        1025
        5683        1053
        5684         910
        5685         915
        5686         962
        5687         993
        5688        1025
        5689         895
        5690         926
        5691         927
        5692         991
        5693         994
        5694        1024
        5695         903
        5696         923
        5697         946
        5698         988
        5699        1003
        5700        1023
        5701         896
        5702         926
        5703         933
        5704         991
        5705         996
        5706        1027
        5707         898
        5708         921
        5709         943
        5710         987
        5711        1007
        5712        1028
        5713         904
        5714         918
        5715         951
        5716         983
        5717        1014
        5718        1026
        5719         899
        5720         927
        5721         937
        5722         994
        5723        1000
        5724        1030
        5725         905
        5726         919
        5727         950
        5728         985
        5729        1012
        5730        1029
        5731         906
        5732         933
        5733         941
        5734         996
        5735        1010
        5736        1032
        5737         907
        5738         917
        5739         957
        5740         981
        5741        1022
        5742        1049
        5743         892
        5744         942
        5745         953
        5746        1004
        5747        1009
        5748        1031
        5749         911
        5750         935
        5751         945
        5752         989
        5753        1006
        5754        1034
        5755         909
        5756         928
        5757         939
        5758        1002
        5759        1005
        5760        1037
        5761         912
        5762         937
        5763         949
        5764        1000
        5765        1015
        5766        1039
        5767         914
        5768         939
        5769         953
        5770        1002
        5771        1004
        5772        1035
        5773         913
        5774         932
        5775         956
        5776         995
        5777        1019
        5778        1040
        5779         875
        5780         908
        5781         947
        5782        1016
        5783        1018
        5784        1041
        5785         920
        5786         929
        5787         942
        5788        1009
        5789        1013
        5790        1047
        5791         917
        5792         931
        5793         972
        5794         992
        5795        1022
        5796        1044
        5797         916
        5798         941
        5799         959
        5800        1010
        5801        1020
        5802        1048
        5803         918
        5804         934
        5805         968
        5806         998
        5807        1026
        5808        1046
        5809         900
        5810         929
        5811         944
        5812        1001
        5813        1013
        5814        1057
        5815        1059
        5816         919
        5817         943
        5818         970
        5819        1007
        5820        1029
        5821        1050
        5822         922
        5823         947
        5824         961
        5825        1016
        5826        1021
        5827        1051
        5828         921
        5829         949
        5830         967
        5831        1015
        5832        1028
        5833        1052
        5834         923
        5835         945
        5836         965
        5837        1006
        5838        1023
        5839        1043
        5840         935
        5841         961
        5842         974
        5843        1021
        5844        1034
        5845        1055
        5846         924
        5847         938
        5848         993
        5849         997
        5850        1045
        5851        1067
        5852         926
        5853         964
        5854         966
        5855        1024
        5856        1027
        5857        1060
        5858         931
        5859         950
        5860         981
        5861        1012
        5862        1044
        5863        1058
        5864         915
        5865         924
        5866         963
        5867         990
        5868        1025
        5869        1067
        5870        1083
        5871         927
        5872         964
        5873         969
        5874        1024
        5875        1030
        5876        1063
        5877         932
        5878         959
        5879         978
        5880        1020
        5881        1040
        5882        1064
        5883         933
        5884         966
        5885         971
        5886        1027
        5887        1032
        5888        1068
        5889         938
        5890         951
        5891         990
        5892        1014
        5893        1045
        5894        1062
        5895         934
        5896         956
        5897         983
        5898        1019
        5899        1046
        5900        1066
        5901         936
        5902         946
        5903         957
        5904        1003
        5905        1038
        5906        1049
        5907        1081
        5908         937
        5909         969
        5910         976
        5911        1030
        5912        1039
        5913        1071
        5914         944
        5915         948
        5916         984
        5917        1008
        5918        1057
        5919        1061
        5920         939
        5921         975
        5922         977
        5923        1035
        5924        1037
        5925        1070
        5926         946
        5927         965
        5928         999
        5929        1023
        5930        1038
        5931        1078
        5932         953
        5933         973
        5934         977
        5935        1031
        5936        1035
        5937        1073
        5938         902
        5939         928
        5940         975
        5941        1037
        5942        1077
        5943        1087
        5944         945
        5945         974
        5946         988
        5947        1034
        5948        1043
        5949        1075
        5950         943
        5951         967
        5952         985
        5953        1028
        5954        1050
        5955        1074
        5956         948
        5957         955
        5958        1001
        5959        1011
        5960        1061
        5961        1085
        5962         942
        5963         973
        5964         980
        5965        1031
        5966        1047
        5967        1072
        5968         941
        5969         971
        5970         982
        5971        1032
        5972        1048
        5973        1076
        5974         955
        5975         962
        5976        1008
        5977        1053
        5978        1085
        5979         950
        5980         970
        5981         992
        5982        1029
        5983        1058
        5984        1080
        5985         929
        5986         980
        5987         984
        5988        1047
        5989        1059
        5990        1089
        5991         951
        5992         968
        5993         997
        5994        1026
        5995        1062
        5996        1079
        5997         949
        5998         976
        5999         987
        6000        1039
        6001        1052
        6002        1082
        6003         947
        6004         979
        6005         986
        6006        1041
        6007        1051
        6008        1084
        6009         832
        6010         902
        6011         925
        6012        1087
        6013        1165
        6014        1216
        6015         875
        6016         952
        6017         979
        6018        1041
        6019        1103
        6020        1118
        6021        1162
        6022         956
        6023         978
        6024         998
        6025        1040
        6026        1066
        6027        1086
        6028         959
        6029         982
        6030         995
        6031        1048
        6032        1064
        6033        1090
        6034         961
        6035         986
        6036         989
        6037        1051
        6038        1055
        6039        1088
        6040         972
        6041         981
        6042        1044
        6043        1049
        6044        1093
        6045         965
        6046         988
        6047        1003
        6048        1043
        6049        1078
        6050        1091
        6051         964
        6052         991
        6053         994
        6054        1060
        6055        1063
        6056        1094
        6057         962
        6058         963
        6059         993
        6060        1053
        6061        1083
        6062        1111
        6063         968
        6064         983
        6065        1014
        6066        1046
        6067        1079
        6068        1092
        6069         966
        6070         991
        6071         996
        6072        1060
        6073        1068
        6074        1097
        6075         967
        6076         987
        6077        1007
        6078        1052
        6079        1074
        6080        1095
        6081         970
        6082         985
        6083        1012
        6084        1050
        6085        1080
        6086        1096
        6087         969
        6088         994
        6089        1000
        6090        1063
        6091        1071
        6092        1099
        6093         973
        6094        1004
        6095        1009
        6096        1072
        6097        1073
        6098        1098
        6099         971
        6100         996
        6101        1010
        6102        1068
        6103        1076
        6104        1102
        6105         930
        6106         940
        6107        1042
        6108        1143
        6109         974
        6110         989
        6111        1006
        6112        1055
        6113        1075
        6114        1100
        6115         977
        6116        1002
        6117        1004
        6118        1070
        6119        1073
        6120        1101
        6121         840
        6122         940
        6123        1042
        6124        1069
        6125        1148
        6126        1237
        6127         975
        6128        1002
        6129        1005
        6130        1070
        6131        1077
        6132        1106
        6133         999
        6134        1003
        6135        1078
        6136        1081
        6137        1104
        6138         976
        6139        1000
        6140        1015
        6141        1071
        6142        1082
        6143        1107
        6144         978
        6145         995
        6146        1019
        6147        1064
        6148        1086
        6149        1105
        6150         979
        6151        1016
        6152        1018
        6153        1084
        6154        1118
        6155         940
        6156        1033
        6157        1036
        6158        1143
        6159        1148
        6160         988
        6161        1006
        6162        1023
        6163        1075
        6164        1091
        6165        1109
        6166         981
        6167         992
        6168        1022
        6169        1058
        6170        1093
        6171        1108
        6172         990
        6173         997
        6174        1062
        6175        1067
        6176        1113
        6177         983
        6178         998
        6179        1026
        6180        1066
        6181        1092
        6182        1110
        6183         980
        6184        1009
        6185        1013
        6186        1072
        6187        1089
        6188        1112
        6189         982
        6190        1010
        6191        1020
        6192        1076
        6193        1090
        6194        1115
        6195         957
        6196         972
        6197         999
        6198        1022
        6199        1081
        6200        1093
        6201        1122
        6202        1145
        6203         985
        6204        1007
        6205        1029
        6206        1074
        6207        1096
        6208        1117
        6209         986
        6210        1016
        6211        1021
        6212        1084
        6213        1088
        6214        1119
        6215         987
        6216        1015
        6217        1028
        6218        1082
        6219        1095
        6220        1121
        6221         962
        6222        1011
        6223        1025
        6224        1085
        6225        1111
        6226        1139
        6227         675
        6228         708
        6229         775
        6230         952
        6231        1069
        6232        1103
        6233        1262
        6234        1400
        6235        1453
        6236         989
        6237        1021
        6238        1034
        6239        1088
        6240        1100
        6241        1124
        6242         954
        6243         960
        6244        1065
        6245        1169
        6246         984
        6247        1001
        6248        1059
        6249        1061
        6250        1116
        6251        1120
        6252         992
        6253        1012
        6254        1044
        6255        1080
        6256        1108
        6257        1125
        6258         984
        6259        1013
        6260        1057
        6261        1089
        6262        1114
        6263        1116
        6264         991
        6265        1024
        6266        1027
        6267        1094
        6268        1097
        6269        1126
        6270        1001
        6271        1008
        6272        1057
        6273        1085
        6274        1120
        6275        1123
        6276         997
        6277        1014
        6278        1045
        6279        1079
        6280        1113
        6281        1130
        6282         994
        6283        1024
        6284        1030
        6285        1094
        6286        1099
        6287        1128
        6288         995
        6289        1020
        6290        1040
        6291        1090
        6292        1105
        6293        1127
        6294         958
        6295         960
        6296        1056
        6297        1157
        6298        1169
        6299        1172
        6300         998
        6301        1019
        6302        1046
        6303        1086
        6304        1110
        6305        1129
        6306         990
        6307         993
        6308        1045
        6309        1083
        6310        1113
        6311        1131
        6312         996
        6313        1027
        6314        1032
        6315        1097
        6316        1102
        6317        1133
        6318         708
        6319         840
        6320        1036
        6321        1054
        6322        1237
        6323        1453
        6324        1002
        6325        1035
        6326        1037
        6327        1101
        6328        1106
        6329        1134
        6330        1000
        6331        1030
        6332        1039
        6333        1099
        6334        1107
        6335        1135
        6336        1009
        6337        1031
        6338        1047
        6339        1098
        6340        1112
        6341        1137
        6342        1004
        6343        1031
        6344        1035
        6345        1098
        6346        1101
        6347        1138
        6348        1007
        6349        1028
        6350        1050
        6351        1095
        6352        1117
        6353        1140
        6354        1006
        6355        1034
        6356        1043
        6357        1100
        6358        1109
        6359        1136
        6360        1010
        6361        1032
        6362        1048
        6363        1102
        6364        1115
        6365        1141
        6366        1005
        6367        1037
        6368        1087
        6369        1106
        6370        1146
        6371        1003
        6372        1023
        6373        1038
        6374        1091
        6375        1104
        6376        1132
        6377        1014
        6378        1026
        6379        1062
        6380        1092
        6381        1130
        6382        1142
        6383        1012
        6384        1029
        6385        1058
        6386        1096
        6387        1125
        6388        1144
        6389         999
        6390        1038
        6391        1049
        6392        1104
        6393        1122
        6394        1147
        6395        1015
        6396        1039
        6397        1052
        6398        1107
        6399        1121
        6400        1150
        6401         993
        6402        1025
        6403        1067
        6404        1111
        6405        1131
        6406        1154
        6407        1016
        6408        1041
        6409        1051
        6410        1118
        6411        1119
        6412        1151
        6413        1008
        6414        1011
        6415        1053
        6416        1061
        6417        1123
        6418        1139
        6419        1171
        6420        1019
        6421        1040
        6422        1066
        6423        1105
        6424        1129
        6425        1153
        6426         902
        6427        1005
        6428        1017
        6429        1077
        6430        1146
        6431        1216
        6432        1250
        6433        1021
        6434        1051
        6435        1055
        6436        1119
        6437        1124
        6438        1152
        6439        1013
        6440        1047
        6441        1059
        6442        1112
        6443        1114
        6444        1149
        6445        1020
        6446        1048
        6447        1064
        6448        1115
        6449        1127
        6450        1155
        6451        1023
        6452        1043
        6453        1078
        6454        1109
        6455        1132
        6456        1156
        6457        1026
        6458        1046
        6459        1079
        6460        1110
        6461        1142
        6462        1159
        6463        1022
        6464        1044
        6465        1049
        6466        1108
        6467        1145
        6468        1158
        6469        1024
        6470        1060
        6471        1063
        6472        1126
        6473        1128
        6474        1163
        6475        1028
        6476        1052
        6477        1074
        6478        1121
        6479        1140
        6480        1164
        6481        1029
        6482        1050
        6483        1080
        6484        1117
        6485        1144
        6486        1161
        6487        1027
        6488        1060
        6489        1068
        6490        1126
        6491        1133
        6492        1166
        6493        1031
        6494        1072
        6495        1073
        6496        1137
        6497        1138
        6498        1167
        6499        1030
        6500        1063
        6501        1071
        6502        1128
        6503        1135
        6504        1170
        6505        1034
        6506        1055
        6507        1075
        6508        1124
        6509        1136
        6510        1160
        6511        1035
        6512        1070
        6513        1073
        6514        1134
        6515        1138
        6516        1168
        6517        1032
        6518        1068
        6519        1076
        6520        1133
        6521        1141
        6522        1173
        6523         952
        6524        1018
        6525        1054
        6526        1162
        6527        1262
        6528        1038
        6529        1078
        6530        1081
        6531        1132
        6532        1147
        6533        1174
        6534        1040
        6535        1064
        6536        1086
        6537        1127
        6538        1153
        6539        1176
        6540        1037
        6541        1070
        6542        1077
        6543        1134
        6544        1146
        6545        1177
        6546        1039
        6547        1071
        6548        1082
        6549        1135
        6550        1150
        6551        1178
        6552        1044
        6553        1058
        6554        1093
        6555        1125
        6556        1158
        6557        1175
        6558        1043
        6559        1075
        6560        1091
        6561        1136
        6562        1156
        6563        1183
        6564        1046
        6565        1066
        6566        1092
        6567        1129
        6568        1159
        6569        1181
        6570        1025
        6571        1053
        6572        1083
        6573        1139
        6574        1154
        6575        1185
        6576        1047
        6577        1072
        6578        1089
        6579        1137
        6580        1149
        6581        1191
        6582        1045
        6583        1062
        6584        1067
        6585        1130
        6586        1131
        6587        1180
        6588        1204
        6589        1059
        6590        1089
        6591        1116
        6592        1149
        6593        1182
        6594        1048
        6595        1076
        6596        1090
        6597        1141
        6598        1155
        6599        1186
        6600        1057
        6601        1059
        6602        1114
        6603        1120
        6604        1179
        6605        1182
        6606        1050
        6607        1074
        6608        1096
        6609        1140
        6610        1161
        6611        1188
        6612        1018
        6613        1041
        6614        1084
        6615        1151
        6616        1162
        6617        1192
        6618        1051
        6619        1084
        6620        1088
        6621        1151
        6622        1152
        6623        1189
        6624        1057
        6625        1061
        6626        1116
        6627        1123
        6628        1179
        6629        1190
        6630        1052
        6631        1082
        6632        1095
        6633        1150
        6634        1164
        6635        1193
        6636        1049
        6637        1081
        6638        1145
        6639        1147
        6640        1196
        6641        1061
        6642        1085
        6643        1120
        6644        1171
        6645        1190
        6646        1055
        6647        1088
        6648        1100
        6649        1152
        6650        1160
        6651        1184
        6652        1058
        6653        1080
        6654        1108
        6655        1144
        6656        1175
        6657        1194
        6658        1060
        6659        1094
        6660        1097
        6661        1163
        6662        1166
        6663        1200
        6664        1064
        6665        1090
        6666        1105
        6667        1155
        6668        1176
        6669        1201
        6670        1063
        6671        1094
        6672        1099
        6673        1163
        6674        1170
        6675        1203
        6676        1066
        6677        1086
        6678        1110
        6679        1153
        6680        1181
        6681        1199
        6682        1062
        6683        1079
        6684        1113
        6685        1142
        6686        1195
        6687        1204
        6688        1067
        6689        1083
        6690        1113
        6691        1154
        6692        1180
        6693        1202
        6694        1078
        6695        1091
        6696        1104
        6697        1156
        6698        1174
        6699        1198
        6700        1068
        6701        1097
        6702        1102
        6703        1166
        6704        1173
        6705        1206
        6706        1070
        6707        1101
        6708        1106
        6709        1168
        6710        1177
        6711        1205
        6712        1071
        6713        1099
        6714        1107
        6715        1170
        6716        1178
        6717        1207
        6718        1075
        6719        1100
        6720        1109
        6721        1160
        6722        1183
        6723        1208
        6724        1072
        6725        1098
        6726        1112
        6727        1167
        6728        1191
        6729        1223
        6730        1073
        6731        1098
        6732        1101
        6733        1167
        6734        1168
        6735        1197
        6736        1053
        6737        1085
        6738        1111
        6739        1171
        6740        1185
        6741        1209
        6742        1074
        6743        1095
        6744        1117
        6745        1164
        6746        1188
        6747        1210
        6748        1076
        6749        1102
        6750        1115
        6751        1173
        6752        1186
        6753        1214
        6754        1079
        6755        1092
        6756        1130
        6757        1159
        6758        1195
        6759        1211
        6760        1033
        6761        1042
        6762        1148
        6763        1252
        6764        1080
        6765        1096
        6766        1125
        6767        1161
        6768        1194
        6769        1213
        6770        1049
        6771        1093
        6772        1122
        6773        1158
        6774        1196
        6775        1212
        6776        1077
        6777        1087
        6778        1106
        6779        1177
        6780        1219
        6781        1250
        6782        1081
        6783        1104
        6784        1122
        6785        1174
        6786        1196
        6787        1220
        6788        1036
        6789        1042
        6790        1143
        6791        1237
        6792        1252
        6793        1267
        6794        1089
        6795        1112
        6796        1114
        6797        1182
        6798        1191
        6799        1215
        6800        1082
        6801        1107
        6802        1121
        6803        1178
        6804        1193
        6805        1218
        6806        1084
        6807        1118
        6808        1119
        6809        1189
        6810        1192
        6811        1221
        6812        1088
        6813        1119
        6814        1124
        6815        1184
        6816        1189
        6817        1217
        6818        1086
        6819        1105
        6820        1129
        6821        1176
        6822        1199
        6823        1222
        6824        1083
        6825        1111
        6826        1131
        6827        1185
        6828        1202
        6829        1224
        6830        1090
        6831        1115
        6832        1127
        6833        1186
        6834        1201
        6835        1227
        6836        1091
        6837        1109
        6838        1132
        6839        1183
        6840        1198
        6841        1225
        6842         958
        6843        1065
        6844        1172
        6845        1187
        6846        1279
        6847        1366
        6848        1093
        6849        1108
        6850        1145
        6851        1175
        6852        1212
        6853        1228
        6854        1092
        6855        1110
        6856        1142
        6857        1181
        6858        1211
        6859        1229
        6860        1100
        6861        1124
        6862        1136
        6863        1184
        6864        1208
        6865        1233
        6866        1096
        6867        1117
        6868        1144
        6869        1188
        6870        1213
        6871        1231
        6872        1018
        6873        1103
        6874        1118
        6875        1192
        6876        1262
        6877        1315
        6878        1094
        6879        1126
        6880        1128
        6881        1200
        6882        1203
        6883        1235
        6884        1095
        6885        1121
        6886        1140
        6887        1193
        6888        1210
        6889        1234
        6890         925
        6891        1017
        6892        1187
        6893        1216
        6894        1347
        6895        1097
        6896        1126
        6897        1133
        6898        1200
        6899        1206
        6900        1236
        6901        1098
        6902        1137
        6903        1138
        6904        1197
        6905        1223
        6906        1226
        6907        1101
        6908        1134
        6909        1138
        6910        1197
        6911        1205
        6912        1232
        6913        1056
        6914        1065
        6915        1172
        6916        1277
        6917        1099
        6918        1128
        6919        1135
        6920        1203
        6921        1207
        6922        1239
        6923        1085
        6924        1123
        6925        1139
        6926        1190
        6927        1209
        6928        1238
        6929        1065
        6930        1157
        6931        1169
        6932        1277
        6933        1279
        6934        1102
        6935        1133
        6936        1141
        6937        1206
        6938        1214
        6939        1241
        6940        1104
        6941        1132
        6942        1147
        6943        1198
        6944        1220
        6945        1243
        6946        1108
        6947        1125
        6948        1158
        6949        1194
        6950        1228
        6951        1242
        6952        1105
        6953        1127
        6954        1153
        6955        1201
        6956        1222
        6957        1244
        6958        1106
        6959        1134
        6960        1146
        6961        1205
        6962        1219
        6963        1247
        6964        1107
        6965        1135
        6966        1150
        6967        1207
        6968        1218
        6969        1246
        6970        1116
        6971        1120
        6972        1182
        6973        1190
        6974        1230
        6975        1253
        6976        1113
        6977        1131
        6978        1202
        6979        1204
        6980        1245
        6981        1110
        6982        1129
        6983        1159
        6984        1199
        6985        1229
        6986        1248
        6987        1114
        6988        1116
        6989        1149
        6990        1179
        6991        1215
        6992        1240
        6993        1253
        6994        1109
        6995        1136
        6996        1156
        6997        1208
        6998        1225
        6999        1249
        7000        1124
        7001        1152
        7002        1160
        7003        1217
        7004        1233
        7005        1111
        7006        1139
        7007        1154
        7008        1209
        7009        1224
        7010        1251
        7011        1115
        7012        1141
        7013        1155
        7014        1214
        7015        1227
        7016        1254
        7017         811
        7018         925
        7019         958
        7020        1157
        7021        1165
        7022        1347
        7023        1366
        7024        1580
        7025        1117
        7026        1140
        7027        1161
        7028        1210
        7029        1231
        7030        1255
        7031        1119
        7032        1151
        7033        1152
        7034        1217
        7035        1221
        7036        1256
        7037        1120
        7038        1123
        7039        1171
        7040        1179
        7041        1230
        7042        1238
        7043        1264
        7044        1112
        7045        1137
        7046        1149
        7047        1215
        7048        1223
        7049        1258
        7050        1118
        7051        1151
        7052        1162
        7053        1221
        7054        1269
        7055        1315
        7056        1121
        7057        1150
        7058        1164
        7059        1218
        7060        1234
        7061        1259
        7062        1125
        7063        1144
        7064        1175
        7065        1213
        7066        1242
        7067        1260
        7068        1130
        7069        1142
        7070        1204
        7071        1211
        7072        1263
        7073        1122
        7074        1145
        7075        1147
        7076        1212
        7077        1220
        7078        1261
        7079        1272
        7080        1138
        7081        1167
        7082        1168
        7083        1226
        7084        1232
        7085        1257
        7086        1132
        7087        1156
        7088        1174
        7089        1225
        7090        1243
        7091        1266
        7092        1129
        7093        1153
        7094        1181
        7095        1222
        7096        1248
        7097        1265
        7098        1126
        7099        1163
        7100        1166
        7101        1235
        7102        1236
        7103        1271
        7104        1127
        7105        1155
        7106        1176
        7107        1227
        7108        1244
        7109        1268
        7110        1131
        7111        1154
        7112        1180
        7113        1224
        7114        1245
        7115        1270
        7116        1128
        7117        1163
        7118        1170
        7119        1235
        7120        1239
        7121        1273
        7122        1113
        7123        1130
        7124        1180
        7125        1195
        7126        1245
        7127        1263
        7128        1291
        7129        1134
        7130        1168
        7131        1177
        7132        1232
        7133        1247
        7134        1274
        7135        1133
        7136        1166
        7137        1173
        7138        1236
        7139        1241
        7140        1275
        7141        1135
        7142        1170
        7143        1178
        7144        1239
        7145        1246
        7146        1278
        7147        1136
        7148        1160
        7149        1183
        7150        1233
        7151        1249
        7152        1276
        7153        1139
        7154        1171
        7155        1185
        7156        1238
        7157        1251
        7158        1283
        7159        1140
        7160        1164
        7161        1188
        7162        1234
        7163        1255
        7164        1282
        7165        1142
        7166        1159
        7167        1195
        7168        1229
        7169        1263
        7170        1280
        7171        1145
        7172        1158
        7173        1196
        7174        1228
        7175        1272
        7176        1281
        7177        1144
        7178        1161
        7179        1194
        7180        1231
        7181        1260
        7182        1284
        7183        1141
        7184        1173
        7185        1186
        7186        1241
        7187        1254
        7188        1285
        7189        1149
        7190        1182
        7191        1191
        7192        1240
        7193        1258
        7194        1286
        7195        1017
        7196        1087
        7197        1165
        7198        1250
        7199        1347
        7200        1375
        7201        1152
        7202        1184
        7203        1189
        7204        1233
        7205        1256
        7206        1288
        7207        1150
        7208        1178
        7209        1193
        7210        1246
        7211        1259
        7212        1290
        7213        1146
        7214        1177
        7215        1247
        7216        1250
        7217        1294
        7218        1147
        7219        1174
        7220        1196
        7221        1243
        7222        1261
        7223        1289
        7224        1151
        7225        1189
        7226        1192
        7227        1256
        7228        1269
        7229        1292
        7230        1153
        7231        1176
        7232        1199
        7233        1244
        7234        1265
        7235        1293
        7236        1137
        7237        1167
        7238        1191
        7239        1226
        7240        1258
        7241        1287
        7242        1305
        7243        1154
        7244        1185
        7245        1202
        7246        1251
        7247        1270
        7248        1297
        7249        1156
        7250        1183
        7251        1198
        7252        1249
        7253        1266
        7254        1296
        7255        1167
        7256        1197
        7257        1223
        7258        1257
        7259        1287
        7260        1155
        7261        1186
        7262        1201
        7263        1254
        7264        1268
        7265        1298
        7266        1158
        7267        1175
        7268        1212
        7269        1242
        7270        1281
        7271        1295
        7272        1159
        7273        1181
        7274        1211
        7275        1248
        7276        1280
        7277        1299
        7278        1179
        7279        1190
        7280        1253
        7281        1264
        7282        1302
        7283        1161
        7284        1188
        7285        1213
        7286        1255
        7287        1284
        7288        1301
        7289        1168
        7290        1197
        7291        1205
        7292        1257
        7293        1274
        7294        1300
        7295        1160
        7296        1184
        7297        1208
        7298        1217
        7299        1276
        7300        1288
        7301        1311
        7302        1164
        7303        1193
        7304        1210
        7305        1259
        7306        1282
        7307        1303
        7308        1163
        7309        1200
        7310        1203
        7311        1271
        7312        1273
        7313        1304
        7314        1166
        7315        1200
        7316        1206
        7317        1271
        7318        1275
        7319        1306
        7320        1036
        7321        1069
        7322        1148
        7323        1267
        7324        1358
        7325        1450
        7326        1453
        7327        1171
        7328        1190
        7329        1209
        7330        1264
        7331        1283
        7332        1307
        7333        1170
        7334        1203
        7335        1207
        7336        1273
        7337        1278
        7338        1308
        7339        1182
        7340        1215
        7341        1253
        7342        1286
        7343        1310
        7344        1173
        7345        1206
        7346        1214
        7347        1275
        7348        1285
        7349        1313
        7350        1175
        7351        1194
        7352        1228
        7353        1260
        7354        1295
        7355        1309
        7356        1174
        7357        1198
        7358        1220
        7359        1266
        7360        1289
        7361        1312
        7362        1176
        7363        1201
        7364        1222
        7365        1268
        7366        1293
        7367        1314
        7368        1180
        7369        1202
        7370        1204
        7371        1270
        7372        1291
        7373        1316
        7374        1178
        7375        1207
        7376        1218
        7377        1278
        7378        1290
        7379        1318
        7380        1177
        7381        1205
        7382        1219
        7383        1274
        7384        1294
        7385        1319
        7386        1181
        7387        1199
        7388        1229
        7389        1265
        7390        1299
        7391        1317
        7392        1183
        7393        1208
        7394        1225
        7395        1276
        7396        1296
        7397        1320
        7398        1087
        7399        1146
        7400        1216
        7401        1219
        7402        1294
        7403        1375
        7404        1405
        7405        1185
        7406        1209
        7407        1224
        7408        1283
        7409        1297
        7410        1321
        7411        1143
        7412        1148
        7413        1267
        7414        1359
        7415        1179
        7416        1182
        7417        1230
        7418        1240
        7419        1302
        7420        1310
        7421        1340
        7422        1186
        7423        1214
        7424        1227
        7425        1285
        7426        1298
        7427        1323
        7428        1188
        7429        1210
        7430        1231
        7431        1282
        7432        1301
        7433        1324
        7434        1189
        7435        1217
        7436        1221
        7437        1288
        7438        1292
        7439        1322
        7440        1197
        7441        1226
        7442        1232
        7443        1287
        7444        1300
        7445        1326
        7446        1191
        7447        1215
        7448        1223
        7449        1286
        7450        1305
        7451        1325
        7452        1193
        7453        1218
        7454        1234
        7455        1290
        7456        1303
        7457        1329
        7458        1194
        7459        1213
        7460        1242
        7461        1284
        7462        1309
        7463        1328
        7464        1196
        7465        1220
        7466        1272
        7467        1289
        7468        1342
        7469        1054
        7470        1103
        7471        1162
        7472        1315
        7473        1400
        7474        1431
        7475        1195
        7476        1204
        7477        1211
        7478        1280
        7479        1291
        7480        1327
        7481        1338
        7482        1190
        7483        1230
        7484        1238
        7485        1302
        7486        1307
        7487        1336
        7488        1199
        7489        1222
        7490        1248
        7491        1293
        7492        1317
        7493        1332
        7494        1198
        7495        1225
        7496        1243
        7497        1296
        7498        1312
        7499        1333
        7500        1148
        7501        1237
        7502        1252
        7503        1358
        7504        1359
        7505        1201
        7506        1227
        7507        1244
        7508        1298
        7509        1314
        7510        1335
        7511        1192
        7512        1221
        7513        1292
        7514        1315
        7515        1331
        7516        1202
        7517        1224
        7518        1245
        7519        1297
        7520        1316
        7521        1334
        7522        1200
        7523        1235
        7524        1236
        7525        1304
        7526        1306
        7527        1339
        7528        1196
        7529        1212
        7530        1261
        7531        1281
        7532        1330
        7533        1342
        7534        1203
        7535        1235
        7536        1239
        7537        1304
        7538        1308
        7539        1341
        7540        1205
        7541        1232
        7542        1247
        7543        1300
        7544        1319
        7545        1337
        7546        1206
        7547        1236
        7548        1241
        7549        1306
        7550        1313
        7551        1343
        7552        1208
        7553        1233
        7554        1249
        7555        1311
        7556        1320
        7557        1344
        7558        1169
        7559        1172
        7560        1279
        7561        1388
        7562        1207
        7563        1239
        7564        1246
        7565        1308
        7566        1318
        7567        1348
        7568        1157
        7569        1172
        7570        1277
        7571        1366
        7572        1388
        7573        1401
        7574        1211
        7575        1229
        7576        1263
        7577        1299
        7578        1327
        7579        1346
        7580        1212
        7581        1228
        7582        1272
        7583        1295
        7584        1330
        7585        1345
        7586        1210
        7587        1234
        7588        1255
        7589        1303
        7590        1324
        7591        1349
        7592        1209
        7593        1238
        7594        1251
        7595        1307
        7596        1321
        7597        1351
        7598        1213
        7599        1231
        7600        1260
        7601        1301
        7602        1328
        7603        1350
        7604        1214
        7605        1241
        7606        1254
        7607        1313
        7608        1323
        7609        1354
        7610        1215
        7611        1240
        7612        1258
        7613        1310
        7614        1325
        7615        1355
        7616        1223
        7617        1226
        7618        1257
        7619        1305
        7620        1326
        7621        1353
        7622        1217
        7623        1233
        7624        1256
        7625        1311
        7626        1322
        7627        1352
        7628        1220
        7629        1243
        7630        1261
        7631        1312
        7632        1342
        7633        1356
        7634        1218
        7635        1246
        7636        1259
        7637        1318
        7638        1329
        7639        1357
        7640        1204
        7641        1245
        7642        1263
        7643        1316
        7644        1338
        7645        1363
        7646        1221
        7647        1256
        7648        1269
        7649        1322
        7650        1331
        7651        1361
        7652        1222
        7653        1244
        7654        1265
        7655        1314
        7656        1332
        7657        1360
        7658        1219
        7659        1247
        7660        1250
        7661        1319
        7662        1365
        7663        1405
        7664        1228
        7665        1242
        7666        1281
        7667        1309
        7668        1345
        7669        1362
        7670        1225
        7671        1249
        7672        1266
        7673        1320
        7674        1333
        7675        1364
        7676        1224
        7677        1251
        7678        1270
        7679        1321
        7680        1334
        7681        1368
        7682        1227
        7683        1254
        7684        1268
        7685        1323
        7686        1335
        7687        1369
        7688        1229
        7689        1248
        7690        1280
        7691        1317
        7692        1346
        7693        1367
        7694        1232
        7695        1257
        7696        1274
        7697        1326
        7698        1337
        7699        1370
        7700        1231
        7701        1255
        7702        1284
        7703        1324
        7704        1350
        7705        1371
        7706        1230
        7707        1253
        7708        1264
        7709        1336
        7710        1340
        7711        1372
        7712        1234
        7713        1259
        7714        1282
        7715        1329
        7716        1349
        7717        1373
        7718        1235
        7719        1271
        7720        1273
        7721        1339
        7722        1341
        7723        1376
        7724        1223
        7725        1258
        7726        1287
        7727        1325
        7728        1353
        7729        1374
        7730        1236
        7731        1271
        7732        1275
        7733        1339
        7734        1343
        7735        1377
        7736        1238
        7737        1264
        7738        1283
        7739        1336
        7740        1351
        7741        1378
        7742        1239
        7743        1273
        7744        1278
        7745        1341
        7746        1348
        7747        1380
        7748        1242
        7749        1260
        7750        1295
        7751        1328
        7752        1362
        7753        1379
        7754        1240
        7755        1253
        7756        1286
        7757        1340
        7758        1355
        7759        1381
        7760        1233
        7761        1276
        7762        1288
        7763        1344
        7764        1352
        7765        1382
        7766        1243
        7767        1266
        7768        1289
        7769        1333
        7770        1356
        7771        1402
        7772        1241
        7773        1275
        7774        1285
        7775        1343
        7776        1354
        7777        1383
        7778        1244
        7779        1268
        7780        1293
        7781        1335
        7782        1360
        7783        1384
        7784        1162
        7785        1192
        7786        1262
        7787        1269
        7788        1331
        7789        1431
        7790        1477
        7791        1245
        7792        1270
        7793        1291
        7794        1334
        7795        1363
        7796        1385
        7797        1248
        7798        1265
        7799        1299
        7800        1332
        7801        1367
        7802        1387
        7803        1246
        7804        1278
        7805        1290
        7806        1348
        7807        1357
        7808        1390
        7809        1247
        7810        1274
        7811        1294
        7812        1337
        7813        1365
        7814        1389
        7815        1249
        7816        1276
        7817        1296
        7818        1344
        7819        1364
        7820        1403
        7821        1251
        7822        1283
        7823        1297
        7824        1351
        7825        1368
        7826        1391
        7827        1256
        7828        1288
        7829        1292
        7830        1352
        7831        1361
        7832        1392
        7833        1254
        7834        1285
        7835        1298
        7836        1354
        7837        1369
        7838        1395
        7839        1255
        7840        1282
        7841        1301
        7842        1349
        7843        1371
        7844        1394
        7845        1258
        7846        1286
        7847        1305
        7848        1355
        7849        1374
        7850        1396
        7851        1257
        7852        1287
        7853        1300
        7854        1353
        7855        1370
        7856        1406
        7857        1263
        7858        1280
        7859        1338
        7860        1346
        7861        1386
        7862        1397
        7863        1260
        7864        1284
        7865        1309
        7866        1350
        7867        1379
        7868        1398
        7869        1259
        7870        1290
        7871        1303
        7872        1357
        7873        1373
        7874        1404
        7875        1272
        7876        1281
        7877        1342
        7878        1345
        7879        1393
        7880        1399
        7881        1269
        7882        1292
        7883        1315
        7884        1361
        7885        1417
        7886        1477
        7887        1265
        7888        1293
        7889        1317
        7890        1360
        7891        1387
        7892        1407
        7893        1266
        7894        1296
        7895        1312
        7896        1364
        7897        1402
        7898        1409
        7899        1270
        7900        1297
        7901        1316
        7902        1368
        7903        1385
        7904        1411
        7905        1268
        7906        1298
        7907        1314
        7908        1369
        7909        1384
        7910        1412
        7911        1264
        7912        1302
        7913        1307
        7914        1372
        7915        1378
        7916        1414
        7917        1274
        7918        1300
        7919        1319
        7920        1370
        7921        1389
        7922        1410
        7923        1263
        7924        1291
        7925        1327
        7926        1363
        7927        1386
        7928        1413
        7929        1271
        7930        1304
        7931        1306
        7932        1376
        7933        1377
        7934        1416
        7935        1253
        7936        1302
        7937        1310
        7938        1372
        7939        1381
        7940        1415
        7941        1273
        7942        1304
        7943        1308
        7944        1376
        7945        1380
        7946        1418
        7947        1261
        7948        1272
        7949        1289
        7950        1330
        7951        1356
        7952        1393
        7953        1432
        7954        1441
        7955        1275
        7956        1306
        7957        1313
        7958        1377
        7959        1383
        7960        1421
        7961        1276
        7962        1311
        7963        1320
        7964        1382
        7965        1403
        7966        1408
        7967        1281
        7968        1295
        7969        1330
        7970        1362
        7971        1399
        7972        1419
        7973        1280
        7974        1299
        7975        1327
        7976        1367
        7977        1397
        7978        1420
        7979        1165
        7980        1187
        7981        1216
        7982        1375
        7983        1547
        7984        1580
        7985        1719
        7986        1278
        7987        1308
        7988        1318
        7989        1380
        7990        1390
        7991        1424
        7992        1282
        7993        1303
        7994        1324
        7995        1373
        7996        1394
        7997        1423
        7998        1284
        7999        1301
        8000        1328
        8001        1371
        8002        1398
        8003        1425
        8004        1283
        8005        1307
        8006        1321
        8007        1378
        8008        1391
        8009        1428
        8010        1288
        8011        1311
        8012        1322
        8013        1382
        8014        1392
        8015        1422
        8016        1287
        8017        1305
        8018        1326
        8019        1374
        8020        1406
        8021        1426
        8022        1285
        8023        1313
        8024        1323
        8025        1383
        8026        1395
        8027        1430
        8028        1286
        8029        1310
        8030        1325
        8031        1381
        8032        1396
        8033        1429
        8034        1289
        8035        1312
        8036        1342
        8037        1402
        8038        1432
        8039        1290
        8040        1318
        8041        1329
        8042        1390
        8043        1404
        8044        1433
        8045        1237
        8046        1267
        8047        1359
        8048        1450
        8049        1468
        8050        1476
        8051        1252
        8052        1267
        8053        1358
        8054        1476
        8055        1293
        8056        1314
        8057        1332
        8058        1384
        8059        1407
        8060        1434
        8061        1292
        8062        1322
        8063        1331
        8064        1392
        8065        1417
        8066        1436
        8067        1295
        8068        1309
        8069        1345
        8070        1379
        8071        1419
        8072        1435
        8073        1291
        8074        1316
        8075        1338
        8076        1385
        8077        1413
        8078        1427
        8079        1296
        8080        1320
        8081        1333
        8082        1403
        8083        1409
        8084        1437
        8085        1294
        8086        1319
        8087        1389
        8088        1405
        8089        1442
        8090        1157
        8091        1187
        8092        1279
        8093        1401
        8094        1501
        8095        1580
        8096        1593
        8097        1299
        8098        1317
        8099        1346
        8100        1387
        8101        1420
        8102        1439
        8103        1297
        8104        1321
        8105        1334
        8106        1391
        8107        1411
        8108        1440
        8109        1298
        8110        1323
        8111        1335
        8112        1395
        8113        1412
        8114        1443
        8115        1300
        8116        1326
        8117        1337
        8118        1406
        8119        1410
        8120        1438
        8121        1301
        8122        1324
        8123        1350
        8124        1394
        8125        1425
        8126        1444
        8127        1302
        8128        1336
        8129        1340
        8130        1414
        8131        1415
        8132        1447
        8133        1303
        8134        1329
        8135        1349
        8136        1404
        8137        1423
        8138        1448
        8139        1305
        8140        1325
        8141        1353
        8142        1396
        8143        1426
        8144        1446
        8145        1216
        8146        1250
        8147        1347
        8148        1405
        8149        1547
        8150        1304
        8151        1339
        8152        1341
        8153        1416
        8154        1418
        8155        1449
        8156        1306
        8157        1339
        8158        1343
        8159        1416
        8160        1421
        8161        1454
        8162        1307
        8163        1336
        8164        1351
        8165        1414
        8166        1428
        8167        1451
        8168        1309
        8169        1328
        8170        1362
        8171        1398
        8172        1435
        8173        1452
        8174        1308
        8175        1341
        8176        1348
        8177        1418
        8178        1424
        8179        1456
        8180        1310
        8181        1340
        8182        1355
        8183        1415
        8184        1429
        8185        1457
        8186        1311
        8187        1344
        8188        1352
        8189        1408
        8190        1422
        8191        1445
        8192        1313
        8193        1343
        8194        1354
        8195        1421
        8196        1430
        8197        1461
        8198        1314
        8199        1335
        8200        1360
        8201        1412
        8202        1434
        8203        1459
        8204        1316
        8205        1334
        8206        1363
        8207        1411
        8208        1427
        8209        1462
        8210        1327
        8211        1338
        8212        1397
        8213        1413
        8214        1455
        8215        1317
        8216        1332
        8217        1367
        8218        1407
        8219        1439
        8220        1460
        8221        1277
        8222        1279
        8223        1401
        8224        1505
        8225        1319
        8226        1337
        8227        1365
        8228        1410
        8229        1442
        8230        1463
        8231        1318
        8232        1348
        8233        1357
        8234        1424
        8235        1433
        8236        1464
        8237        1321
        8238        1351
        8239        1368
        8240        1428
        8241        1440
        8242        1466
        8243        1322
        8244        1352
        8245        1361
        8246        1422
        8247        1436
        8248        1465
        8249        1330
        8250        1342
        8251        1399
        8252        1441
        8253        1458
        8254        1324
        8255        1349
        8256        1371
        8257        1423
        8258        1444
        8259        1469
        8260        1323
        8261        1354
        8262        1369
        8263        1430
        8264        1443
        8265        1471
        8266        1325
        8267        1355
        8268        1374
        8269        1429
        8270        1446
        8271        1470
        8272        1327
        8273        1346
        8274        1386
        8275        1420
        8276        1455
        8277        1472
        8278        1328
        8279        1350
        8280        1379
        8281        1425
        8282        1452
        8283        1478
        8284        1330
        8285        1345
        8286        1393
        8287        1419
        8288        1458
        8289        1474
        8290        1054
        8291        1262
        8292        1431
        8293        1453
        8294        1599
        8295        1279
        8296        1366
        8297        1388
        8298        1501
        8299        1505
        8300        1312
        8301        1333
        8302        1356
        8303        1409
        8304        1432
        8305        1482
        8306        1493
        8307        1320
        8308        1344
        8309        1364
        8310        1408
        8311        1437
        8312        1473
        8313        1499
        8314        1329
        8315        1357
        8316        1373
        8317        1433
        8318        1448
        8319        1481
        8320        1250
        8321        1294
        8322        1365
        8323        1375
        8324        1442
        8325        1547
        8326        1589
        8327        1326
        8328        1353
        8329        1370
        8330        1426
        8331        1438
        8332        1467
        8333        1479
        8334        1332
        8335        1360
        8336        1387
        8337        1434
        8338        1460
        8339        1483
        8340        1344
        8341        1382
        8342        1403
        8343        1445
        8344        1473
        8345        1333
        8346        1364
        8347        1402
        8348        1437
        8349        1475
        8350        1482
        8351        1337
        8352        1370
        8353        1389
        8354        1438
        8355        1463
        8356        1484
        8357        1334
        8358        1368
        8359        1385
        8360        1440
        8361        1462
        8362        1485
        8363        1335
        8364        1369
        8365        1384
        8366        1443
        8367        1459
        8368        1487
        8369        1338
        8370        1363
        8371        1386
        8372        1427
        8373        1455
        8374        1496
        8375        1513
        8376        1336
        8377        1372
        8378        1378
        8379        1447
        8380        1451
        8381        1486
        8382        1340
        8383        1372
        8384        1381
        8385        1447
        8386        1457
        8387        1494
        8388        1339
        8389        1376
        8390        1377
        8391        1449
        8392        1454
        8393        1489
        8394        1331
        8395        1361
        8396        1436
        8397        1477
        8398        1480
        8399        1341
        8400        1376
        8401        1380
        8402        1449
        8403        1456
        8404        1492
        8405        1345
        8406        1362
        8407        1399
        8408        1435
        8409        1474
        8410        1488
        8411        1346
        8412        1367
        8413        1397
        8414        1439
        8415        1472
        8416        1490
        8417        1343
        8418        1377
        8419        1383
        8420        1454
        8421        1461
        8422        1495
        8423        1352
        8424        1382
        8425        1392
        8426        1445
        8427        1465
        8428        1491
        8429        1349
        8430        1373
        8431        1394
        8432        1448
        8433        1469
        8434        1500
        8435        1348
        8436        1380
        8437        1390
        8438        1456
        8439        1464
        8440        1503
        8441        1350
        8442        1371
        8443        1398
        8444        1444
        8445        1478
        8446        1497
        8447        1353
        8448        1374
        8449        1406
        8450        1446
        8451        1479
        8452        1502
        8453        1363
        8454        1385
        8455        1413
        8456        1462
        8457        1496
        8458        1351
        8459        1378
        8460        1391
        8461        1451
        8462        1466
        8463        1498
        8464        1355
        8465        1381
        8466        1396
        8467        1457
        8468        1470
        8469        1504
        8470        1354
        8471        1383
        8472        1395
        8473        1461
        8474        1471
        8475        1506
        8476        1262
        8477        1315
        8478        1400
        8479        1477
        8480        1599
        8481        1654
        8482        1342
        8483        1356
        8484        1402
        8485        1441
        8486        1493
        8487        1507
        8488        1357
        8489        1390
        8490        1404
        8491        1464
        8492        1481
        8493        1511
        8494        1360
        8495        1384
        8496        1407
        8497        1459
        8498        1483
        8499        1509
        8500        1362
        8501        1379
        8502        1419
        8503        1452
        8504        1488
        8505        1508
        8506        1361
        8507        1392
        8508        1417
        8509        1465
        8510        1480
        8511        1512
        8512        1364
        8513        1403
        8514        1409
        8515        1475
        8516        1499
        8517        1520
        8518        1370
        8519        1406
        8520        1410
        8521        1467
        8522        1484
        8523        1510
        8524        1367
        8525        1387
        8526        1420
        8527        1460
        8528        1490
        8529        1515
        8530        1368
        8531        1391
        8532        1411
        8533        1466
        8534        1485
        8535        1516
        8536        1342
        8537        1393
        8538        1432
        8539        1458
        8540        1507
        8541        1517
        8542        1365
        8543        1389
        8544        1405
        8545        1463
        8546        1521
        8547        1589
        8548        1369
        8549        1395
        8550        1412
        8551        1471
        8552        1487
        8553        1518
        8554        1371
        8555        1394
        8556        1425
        8557        1469
        8558        1497
        8559        1519
        8560        1382
        8561        1408
        8562        1422
        8563        1473
        8564        1491
        8565        1514
        8566        1374
        8567        1396
        8568        1426
        8569        1470
        8570        1502
        8571        1522
        8572        1372
        8573        1414
        8574        1415
        8575        1486
        8576        1494
        8577        1531
        8578        1373
        8579        1404
        8580        1423
        8581        1481
        8582        1500
        8583        1523
        8584        1376
        8585        1416
        8586        1418
        8587        1489
        8588        1492
        8589        1527
        8590        1237
        8591        1358
        8592        1453
        8593        1468
        8594        1578
        8595        1659
        8596        1378
        8597        1414
        8598        1428
        8599        1486
        8600        1498
        8601        1528
        8602        1379
        8603        1398
        8604        1435
        8605        1478
        8606        1508
        8607        1526
        8608        1054
        8609        1069
        8610        1237
        8611        1400
        8612        1450
        8613        1599
        8614        1659
        8615        1851
        8616        1377
        8617        1416
        8618        1421
        8619        1489
        8620        1495
        8621        1530
        8622        1386
        8623        1397
        8624        1413
        8625        1472
        8626        1513
        8627        1525
        8628        1380
        8629        1418
        8630        1424
        8631        1492
        8632        1503
        8633        1532
        8634        1381
        8635        1415
        8636        1429
        8637        1494
        8638        1504
        8639        1533
        8640        1393
        8641        1399
        8642        1441
        8643        1474
        8644        1517
        8645        1529
        8646        1384
        8647        1412
        8648        1434
        8649        1487
        8650        1509
        8651        1535
        8652        1387
        8653        1407
        8654        1439
        8655        1483
        8656        1515
        8657        1534
        8658        1383
        8659        1421
        8660        1430
        8661        1495
        8662        1506
        8663        1537
        8664        1385
        8665        1411
        8666        1427
        8667        1485
        8668        1496
        8669        1536
        8670        1552
        8671        1389
        8672        1410
        8673        1442
        8674        1484
        8675        1521
        8676        1538
        8677        1390
        8678        1424
        8679        1433
        8680        1503
        8681        1511
        8682        1540
        8683        1392
        8684        1422
        8685        1436
        8686        1491
        8687        1512
        8688        1539
        8689        1391
        8690        1428
        8691        1440
        8692        1498
        8693        1516
        8694        1541
        8695        1406
        8696        1438
        8697        1479
        8698        1510
        8699        1524
        8700        1358
        8701        1450
        8702        1476
        8703        1578
        8704        1590
        8705        1394
        8706        1423
        8707        1444
        8708        1500
        8709        1519
        8710        1546
        8711        1396
        8712        1429
        8713        1446
        8714        1504
        8715        1522
        8716        1542
        8717        1395
        8718        1430
        8719        1443
        8720        1506
        8721        1518
        8722        1548
        8723        1397
        8724        1420
        8725        1455
        8726        1490
        8727        1525
        8728        1545
        8729        1403
        8730        1408
        8731        1445
        8732        1499
        8733        1514
        8734        1549
        8735        1399
        8736        1419
        8737        1458
        8738        1488
        8739        1529
        8740        1544
        8741        1409
        8742        1437
        8743        1482
        8744        1520
        8745        1550
        8746        1358
        8747        1359
        8748        1468
        8749        1590
        8750        1315
        8751        1331
        8752        1417
        8753        1431
        8754        1480
        8755        1564
        8756        1654
        8757        1716
        8758        1398
        8759        1425
        8760        1452
        8761        1497
        8762        1526
        8763        1551
        8764        1406
        8765        1426
        8766        1467
        8767        1502
        8768        1524
        8769        1543
        8770        1417
        8771        1436
        8772        1477
        8773        1512
        8774        1564
        8775        1404
        8776        1433
        8777        1448
        8778        1511
        8779        1523
        8780        1553
        8781        1402
        8782        1409
        8783        1475
        8784        1493
        8785        1550
        8786        1554
        8787        1407
        8788        1434
        8789        1460
        8790        1509
        8791        1534
        8792        1556
        8793        1410
        8794        1438
        8795        1463
        8796        1510
        8797        1538
        8798        1555
        8799        1411
        8800        1440
        8801        1462
        8802        1516
        8803        1536
        8804        1582
        8805        1414
        8806        1447
        8807        1451
        8808        1528
        8809        1531
        8810        1557
        8811        1412
        8812        1443
        8813        1459
        8814        1518
        8815        1535
        8816        1561
        8817        1419
        8818        1435
        8819        1474
        8820        1508
        8821        1544
        8822        1558
        8823        1416
        8824        1449
        8825        1454
        8826        1527
        8827        1530
        8828        1565
        8829        1420
        8830        1439
        8831        1472
        8832        1515
        8833        1545
        8834        1563
        8835        1422
        8836        1445
        8837        1465
        8838        1514
        8839        1539
        8840        1559
        8841        1418
        8842        1449
        8843        1456
        8844        1527
        8845        1532
        8846        1567
        8847        1402
        8848        1432
        8849        1482
        8850        1507
        8851        1554
        8852        1560
        8853        1415
        8854        1447
        8855        1457
        8856        1531
        8857        1533
        8858        1569
        8859        1421
        8860        1454
        8861        1461
        8862        1530
        8863        1537
        8864        1570
        8865        1413
        8866        1427
        8867        1462
        8868        1513
        8869        1552
        8870        1566
        8871        1425
        8872        1444
        8873        1478
        8874        1519
        8875        1551
        8876        1571
        8877        1428
        8878        1451
        8879        1466
        8880        1528
        8881        1541
        8882        1573
        8883        1403
        8884        1437
        8885        1473
        8886        1520
        8887        1549
        8888        1572
        8889        1423
        8890        1448
        8891        1469
        8892        1523
        8893        1546
        8894        1574
        8895        1366
        8896        1401
        8897        1505
        8898        1593
        8899        1608
        8900        1617
        8901        1426
        8902        1446
        8903        1479
        8904        1522
        8905        1543
        8906        1568
        8907        1424
        8908        1456
        8909        1464
        8910        1532
        8911        1540
        8912        1575
        8913        1429
        8914        1457
        8915        1470
        8916        1533
        8917        1542
        8918        1562
        8919        1388
        8920        1401
        8921        1501
        8922        1617
        8923        1430
        8924        1461
        8925        1471
        8926        1537
        8927        1548
        8928        1577
        8929        1432
        8930        1441
        8931        1493
        8932        1517
        8933        1560
        8934        1576
        8935        1435
        8936        1452
        8937        1488
        8938        1526
        8939        1558
        8940        1581
        8941        1434
        8942        1459
        8943        1483
        8944        1535
        8945        1556
        8946        1584
        8947        1438
        8948        1467
        8949        1484
        8950        1524
        8951        1555
        8952        1579
        8953        1433
        8954        1464
        8955        1481
        8956        1540
        8957        1553
        8958        1588
        8959        1436
        8960        1465
        8961        1480
        8962        1539
        8963        1564
        8964        1587
        8965        1413
        8966        1455
        8967        1496
        8968        1525
        8969        1566
        8970        1583
        8971        1445
        8972        1473
        8973        1491
        8974        1549
        8975        1559
        8976        1585
        8977        1439
        8978        1460
        8979        1490
        8980        1534
        8981        1563
        8982        1591
        8983        1440
        8984        1466
        8985        1485
        8986        1541
        8987        1582
        8988        1594
        8989        1441
        8990        1458
        8991        1507
        8992        1529
        8993        1576
        8994        1592
        8995        1443
        8996        1471
        8997        1487
        8998        1548
        8999        1561
        9000        1596
        9001        1444
        9002        1469
        9003        1497
        9004        1546
        9005        1571
        9006        1597
        9007        1437
        9008        1475
        9009        1499
        9010        1550
        9011        1572
        9012        1598
        9013        1442
        9014        1463
        9015        1538
        9016        1586
        9017        1589
        9018        1446
        9019        1470
        9020        1502
        9021        1542
        9022        1568
        9023        1600
        9024        1448
        9025        1481
        9026        1500
        9027        1553
        9028        1574
        9029        1602
        9030        1467
        9031        1479
        9032        1510
        9033        1543
        9034        1579
        9035        1604
        9036        1455
        9037        1472
        9038        1513
        9039        1545
        9040        1583
        9041        1601
        9042        1452
        9043        1478
        9044        1508
        9045        1551
        9046        1581
        9047        1603
        9048        1449
        9049        1489
        9050        1492
        9051        1565
        9052        1567
        9053        1606
        9054        1451
        9055        1486
        9056        1498
        9057        1557
        9058        1573
        9059        1624
        9060        1458
        9061        1474
        9062        1517
        9063        1544
        9064        1592
        9065        1605
        9066        1454
        9067        1489
        9068        1495
        9069        1565
        9070        1570
        9071        1607
        9072        1447
        9073        1486
        9074        1494
        9075        1557
        9076        1569
        9077        1611
        9078        1456
        9079        1492
        9080        1503
        9081        1567
        9082        1575
        9083        1609
        9084        1457
        9085        1494
        9086        1504
        9087        1562
        9088        1569
        9089        1595
        9090        1460
        9091        1483
        9092        1515
        9093        1556
        9094        1591
        9095        1610
        9096        1459
        9097        1487
        9098        1509
        9099        1561
        9100        1584
        9101        1612
        9102        1462
        9103        1485
        9104        1552
        9105        1582
        9106        1613
        9107        1461
        9108        1495
        9109        1506
        9110        1570
        9111        1577
        9112        1614
        9113        1463
        9114        1484
        9115        1521
        9116        1555
        9117        1586
        9118        1616
        9119        1465
        9120        1491
        9121        1512
        9122        1559
        9123        1587
        9124        1615
        9125        1464
        9126        1503
        9127        1511
        9128        1575
        9129        1588
        9130        1620
        9131        1466
        9132        1498
        9133        1516
        9134        1573
        9135        1594
        9136        1643
        9137        1655
        9138        1470
        9139        1504
        9140        1522
        9141        1562
        9142        1600
        9143        1618
        9144        1479
        9145        1502
        9146        1524
        9147        1568
        9148        1604
        9149        1619
        9150        1474
        9151        1488
        9152        1529
        9153        1558
        9154        1605
        9155        1621
        9156        1472
        9157        1490
        9158        1525
        9159        1563
        9160        1601
        9161        1622
        9162        1469
        9163        1500
        9164        1519
        9165        1574
        9166        1597
        9167        1625
        9168        1347
        9169        1375
        9170        1405
        9171        1589
        9172        1719
        9173        1758
        9174        1471
        9175        1506
        9176        1518
        9177        1577
        9178        1596
        9179        1627
        9180        1473
        9181        1499
        9182        1514
        9183        1572
        9184        1585
        9185        1623
        9186        1475
        9187        1482
        9188        1520
        9189        1554
        9190        1598
        9191        1630
        9192        1478
        9193        1497
        9194        1526
        9195        1571
        9196        1603
        9197        1626
        9198        1462
        9199        1496
        9200        1536
        9201        1566
        9202        1613
        9203        1628
        9204        1481
        9205        1511
        9206        1523
        9207        1588
        9208        1602
        9209        1631
        9210        1482
        9211        1493
        9212        1550
        9213        1560
        9214        1629
        9215        1630
        9216        1484
        9217        1510
        9218        1538
        9219        1579
        9220        1616
        9221        1632
        9222        1483
        9223        1509
        9224        1534
        9225        1584
        9226        1610
        9227        1633
        9228        1486
        9229        1528
        9230        1531
        9231        1611
        9232        1624
        9233        1635
        9234        1488
        9235        1508
        9236        1544
        9237        1581
        9238        1621
        9239        1637
        9240        1491
        9241        1514
        9242        1539
        9243        1585
        9244        1615
        9245        1634
        9246        1493
        9247        1507
        9248        1554
        9249        1576
        9250        1629
        9251        1636
        9252        1487
        9253        1518
        9254        1535
        9255        1596
        9256        1612
        9257        1638
        9258        1504
        9259        1533
        9260        1542
        9261        1595
        9262        1618
        9263        1646
        9264        1490
        9265        1515
        9266        1545
        9267        1591
        9268        1622
        9269        1639
        9270        1477
        9271        1480
        9272        1512
        9273        1587
        9274        1650
        9275        1716
        9276        1489
        9277        1527
        9278        1530
        9279        1606
        9280        1607
        9281        1642
        9282        1496
        9283        1513
        9284        1552
        9285        1583
        9286        1628
        9287        1640
        9288        1492
        9289        1527
        9290        1532
        9291        1606
        9292        1609
        9293        1644
        9294        1502
        9295        1522
        9296        1543
        9297        1600
        9298        1619
        9299        1645
        9300        1494
        9301        1531
        9302        1533
        9303        1595
        9304        1611
        9305        1668
        9306        1495
        9307        1530
        9308        1537
        9309        1607
        9310        1614
        9311        1649
        9312        1497
        9313        1519
        9314        1551
        9315        1597
        9316        1626
        9317        1647
        9318        1499
        9319        1520
        9320        1549
        9321        1598
        9322        1623
        9323        1641
        9324        1498
        9325        1528
        9326        1541
        9327        1624
        9328        1643
        9329        1500
        9330        1523
        9331        1546
        9332        1602
        9333        1625
        9334        1651
        9335        1503
        9336        1532
        9337        1540
        9338        1609
        9339        1620
        9340        1652
        9341        1507
        9342        1517
        9343        1560
        9344        1592
        9345        1636
        9346        1648
        9347        1506
        9348        1537
        9349        1548
        9350        1614
        9351        1627
        9352        1657
        9353        1450
        9354        1468
        9355        1590
        9356        1659
        9357        1700
        9358        1705
        9359        1510
        9360        1524
        9361        1555
        9362        1604
        9363        1632
        9364        1653
        9365        1187
        9366        1347
        9367        1366
        9368        1593
        9369        1719
        9370        1794
        9371        1977
        9372        1508
        9373        1526
        9374        1558
        9375        1603
        9376        1637
        9377        1656
        9378        1485
        9379        1516
        9380        1536
        9381        1594
        9382        1613
        9383        1664
        9384        1671
        9385        1513
        9386        1525
        9387        1566
        9388        1601
        9389        1640
        9390        1658
        9391        1509
        9392        1535
        9393        1556
        9394        1612
        9395        1633
        9396        1661
        9397        1514
        9398        1549
        9399        1559
        9400        1623
        9401        1634
        9402        1663
        9403        1521
        9404        1538
        9405        1589
        9406        1616
        9407        1672
        9408        1512
        9409        1539
        9410        1564
        9411        1615
        9412        1650
        9413        1660
        9414        1511
        9415        1540
        9416        1553
        9417        1620
        9418        1631
        9419        1666
        9420        1405
        9421        1442
        9422        1521
        9423        1547
        9424        1586
        9425        1672
        9426        1758
        9427        1790
        9428        1468
        9429        1476
        9430        1578
        9431        1700
        9432        1515
        9433        1534
        9434        1563
        9435        1610
        9436        1639
        9437        1665
        9438        1517
        9439        1529
        9440        1576
        9441        1605
        9442        1648
        9443        1662
        9444        1366
        9445        1501
        9446        1580
        9447        1608
        9448        1720
        9449        1794
        9450        1516
        9451        1541
        9452        1582
        9453        1655
        9454        1664
        9455        1533
        9456        1562
        9457        1569
        9458        1646
        9459        1668
        9460        1518
        9461        1548
        9462        1561
        9463        1627
        9464        1638
        9465        1669
        9466        1519
        9467        1546
        9468        1571
        9469        1625
        9470        1647
        9471        1670
        9472        1520
        9473        1550
        9474        1572
        9475        1630
        9476        1641
        9477        1673
        9478        1400
        9479        1431
        9480        1453
        9481        1654
        9482        1851
        9483        2046
        9484        1522
        9485        1542
        9486        1568
        9487        1618
        9488        1645
        9489        1667
        9490        1525
        9491        1545
        9492        1583
        9493        1622
        9494        1658
        9495        1674
        9496        1523
        9497        1553
        9498        1574
        9499        1631
        9500        1651
        9501        1678
        9502        1526
        9503        1551
        9504        1581
        9505        1626
        9506        1656
        9507        1676
        9508        1524
        9509        1543
        9510        1579
        9511        1619
        9512        1653
        9513        1677
        9514        1529
        9515        1544
        9516        1592
        9517        1621
        9518        1662
        9519        1675
        9520        1527
        9521        1565
        9522        1567
        9523        1642
        9524        1644
        9525        1679
        9526        1530
        9527        1565
        9528        1570
        9529        1642
        9530        1649
        9531        1680
        9532        1501
        9533        1593
        9534        1617
        9535        1720
        9536        1732
        9537        1532
        9538        1567
        9539        1575
        9540        1644
        9541        1652
        9542        1684
        9543        1534
        9544        1556
        9545        1591
        9546        1633
        9547        1665
        9548        1682
        9549        1531
        9550        1557
        9551        1569
        9552        1635
        9553        1668
        9554        1690
        9555        1535
        9556        1561
        9557        1584
        9558        1638
        9559        1661
        9560        1686
        9561        1536
        9562        1552
        9563        1582
        9564        1628
        9565        1671
        9566        1681
        9567        1537
        9568        1570
        9569        1577
        9570        1649
        9571        1657
        9572        1689
        9573        1539
        9574        1559
        9575        1587
        9576        1634
        9577        1660
        9578        1685
        9579        1538
        9580        1555
        9581        1586
        9582        1632
        9583        1672
        9584        1687
        9585        1501
        9586        1505
        9587        1608
        9588        1732
        9589        1542
        9590        1562
        9591        1600
        9592        1646
        9593        1667
        9594        1693
        9595        1543
        9596        1568
        9597        1604
        9598        1645
        9599        1677
        9600        1688
        9601        1540
        9602        1575
        9603        1588
        9604        1652
        9605        1666
        9606        1695
        9607        1544
        9608        1558
        9609        1605
        9610        1637
        9611        1675
        9612        1692
        9613        1545
        9614        1563
        9615        1601
        9616        1639
        9617        1674
        9618        1694
        9619        1549
        9620        1572
        9621        1585
        9622        1641
        9623        1663
        9624        1691
        9625        1528
        9626        1557
        9627        1573
        9628        1635
        9629        1643
        9630        1702
        9631        1708
        9632        1546
        9633        1574
        9634        1597
        9635        1651
        9636        1670
        9637        1697
        9638        1551
        9639        1571
        9640        1603
        9641        1647
        9642        1676
        9643        1698
        9644        1548
        9645        1577
        9646        1596
        9647        1657
        9648        1669
        9649        1701
        9650        1552
        9651        1566
        9652        1613
        9653        1640
        9654        1681
        9655        1699
        9656        1554
        9657        1560
        9658        1630
        9659        1636
        9660        1683
        9661        1696
        9662        1550
        9663        1554
        9664        1598
        9665        1629
        9666        1673
        9667        1683
        9668        1735
        9669        1553
        9670        1588
        9671        1602
        9672        1666
        9673        1678
        9674        1707
        9675        1555
        9676        1579
        9677        1616
        9678        1653
        9679        1687
        9680        1703
        9681        1556
        9682        1584
        9683        1610
        9684        1661
        9685        1682
        9686        1709
        9687        1559
        9688        1585
        9689        1615
        9690        1663
        9691        1685
        9692        1704
        9693        1557
        9694        1611
        9695        1624
        9696        1690
        9697        1702
        9698        1560
        9699        1576
        9700        1629
        9701        1648
        9702        1696
        9703        1706
        9704        1558
        9705        1581
        9706        1621
        9707        1656
        9708        1692
        9709        1711
        9710        1561
        9711        1596
        9712        1612
        9713        1669
        9714        1686
        9715        1717
        9716        1563
        9717        1591
        9718        1622
        9719        1665
        9720        1694
        9721        1714
        9722        1566
        9723        1583
        9724        1628
        9725        1658
        9726        1699
        9727        1712
        9728        1572
        9729        1598
        9730        1623
        9731        1673
        9732        1691
        9733        1722
        9734        1565
        9735        1606
        9736        1607
        9737        1679
        9738        1680
        9739        1723
        9740        1541
        9741        1573
        9742        1624
        9743        1655
        9744        1708
        9745        1715
        9746        1567
        9747        1606
        9748        1609
        9749        1679
        9750        1684
        9751        1726
        9752        1568
        9753        1600
        9754        1619
        9755        1667
        9756        1688
        9757        1718
        9758        1562
        9759        1595
        9760        1618
        9761        1668
        9762        1693
        9763        1713
        9764        1571
        9765        1597
        9766        1626
        9767        1670
        9768        1698
        9769        1724
        9770        1576
        9771        1592
        9772        1636
        9773        1662
        9774        1706
        9775        1721
        9776        1570
        9777        1607
        9778        1614
        9779        1680
        9780        1689
        9781        1730
        9782        1564
        9783        1587
        9784        1660
        9785        1710
        9786        1716
        9787        1574
        9788        1602
        9789        1625
        9790        1678
        9791        1697
        9792        1729
        9793        1575
        9794        1609
        9795        1620
        9796        1684
        9797        1695
        9798        1731
        9799        1579
        9800        1604
        9801        1632
        9802        1677
        9803        1703
        9804        1725
        9805        1431
        9806        1477
        9807        1599
        9808        1716
        9809        1857
        9810        2046
        9811        1541
        9812        1594
        9813        1643
        9814        1664
        9815        1715
        9816        1727
        9817        1581
        9818        1603
        9819        1637
        9820        1676
        9821        1711
        9822        1733
        9823        1577
        9824        1614
        9825        1627
        9826        1689
        9827        1701
        9828        1737
        9829        1583
        9830        1601
        9831        1640
        9832        1674
        9833        1712
        9834        1734
        9835        1450
        9836        1453
        9837        1578
        9838        1705
        9839        1799
        9840        1851
        9841        1880
        9842        1587
        9843        1615
        9844        1650
        9845        1685
        9846        1710
        9847        1739
        9848        1584
        9849        1612
        9850        1633
        9851        1686
        9852        1709
        9853        1740
        9854        1592
        9855        1605
        9856        1648
        9857        1675
        9858        1721
        9859        1738
        9860        1585
        9861        1623
        9862        1634
        9863        1691
        9864        1704
        9865        1728
        9866        1582
        9867        1594
        9868        1655
        9869        1671
        9870        1727
        9871        1736
        9872        1591
        9873        1610
        9874        1639
        9875        1682
        9876        1714
        9877        1741
        9878        1588
        9879        1620
        9880        1631
        9881        1695
        9882        1707
        9883        1743
        9884        1600
        9885        1618
        9886        1645
        9887        1693
        9888        1718
        9889        1742
        9890        1569
        9891        1595
        9892        1611
        9893        1646
        9894        1690
        9895        1713
        9896        1753
        9897        1765
        9898        1596
        9899        1627
        9900        1638
        9901        1701
        9902        1717
        9903        1747
        9904        1597
        9905        1625
        9906        1647
        9907        1697
        9908        1724
        9909        1748
        9910        1582
        9911        1613
        9912        1664
        9913        1681
        9914        1736
        9915        1746
        9916        1586
        9917        1589
        9918        1616
        9919        1687
        9920        1751
        9921        1790
        9922        1598
        9923        1630
        9924        1641
        9925        1722
        9926        1735
        9927        1745
        9928        1601
        9929        1622
        9930        1658
        9931        1694
        9932        1734
        9933        1749
        9934        1605
        9935        1621
        9936        1662
        9937        1692
        9938        1738
        9939        1750
        9940        1603
        9941        1626
        9942        1656
        9943        1698
        9944        1733
        9945        1752
        9946        1604
        9947        1619
        9948        1653
        9949        1688
        9950        1725
        9951        1744
        9952        1602
        9953        1631
        9954        1651
        9955        1707
        9956        1729
        9957        1754
        9958        1606
        9959        1642
        9960        1644
        9961        1723
        9962        1726
        9963        1757
        9964        1607
        9965        1642
        9966        1649
        9967        1723
        9968        1730
        9969        1760
        9970        1613
        9971        1628
        9972        1671
        9973        1699
        9974        1746
        9975        1755
        9976        1610
        9977        1633
        9978        1665
        9979        1709
        9980        1741
        9981        1759
        9982        1629
        9983        1630
        9984        1696
        9985        1735
        9986        1771
        9987        1609
        9988        1644
        9989        1652
        9990        1726
        9991        1731
        9992        1762
        9993        1615
        9994        1634
        9995        1660
        9996        1704
        9997        1739
        9998        1756
        9999        1612
       10000        1638
       10001        1661
       10002        1717
       10003        1740
       10004        1763
       10005        1616
       10006        1632
       10007        1672
       10008        1703
       10009        1751
       10010        1761
       10011        1619
       10012        1645
       10013        1677
       10014        1718
       10015        1744
       10016        1764
       10017        1614
       10018        1649
       10019        1657
       10020        1730
       10021        1737
       10022        1768
       10023        1611
       10024        1635
       10025        1668
       10026        1702
       10027        1765
       10028        1769
       10029        1623
       10030        1641
       10031        1663
       10032        1722
       10033        1728
       10034        1785
       10035        1621
       10036        1637
       10037        1675
       10038        1711
       10039        1750
       10040        1767
       10041        1618
       10042        1646
       10043        1667
       10044        1713
       10045        1742
       10046        1766
       10047        1622
       10048        1639
       10049        1674
       10050        1714
       10051        1749
       10052        1770
       10053        1620
       10054        1652
       10055        1666
       10056        1731
       10057        1743
       10058        1772
       10059        1629
       10060        1636
       10061        1683
       10062        1706
       10063        1771
       10064        1778
       10065        1625
       10066        1651
       10067        1670
       10068        1729
       10069        1748
       10070        1775
       10071        1626
       10072        1647
       10073        1676
       10074        1724
       10075        1752
       10076        1776
       10077        1628
       10078        1640
       10079        1681
       10080        1712
       10081        1755
       10082        1773
       10083        1578
       10084        1590
       10085        1705
       10086        1813
       10087        1627
       10088        1657
       10089        1669
       10090        1737
       10091        1747
       10092        1780
       10093        1624
       10094        1635
       10095        1690
       10096        1708
       10097        1769
       10098        1774
       10099        1632
       10100        1653
       10101        1687
       10102        1725
       10103        1761
       10104        1779
       10105        1634
       10106        1663
       10107        1685
       10108        1728
       10109        1756
       10110        1777
       10111        1578
       10112        1659
       10113        1700
       10114        1799
       10115        1813
       10116        1636
       10117        1648
       10118        1696
       10119        1721
       10120        1778
       10121        1782
       10122        1631
       10123        1666
       10124        1678
       10125        1743
       10126        1754
       10127        1783
       10128        1624
       10129        1643
       10130        1702
       10131        1715
       10132        1774
       10133        1781
       10134        1633
       10135        1661
       10136        1682
       10137        1740
       10138        1759
       10139        1787
       10140        1650
       10141        1660
       10142        1716
       10143        1739
       10144        1798
       10145        1637
       10146        1656
       10147        1692
       10148        1733
       10149        1767
       10150        1784
       10151        1640
       10152        1658
       10153        1699
       10154        1734
       10155        1773
       10156        1788
       10157        1646
       10158        1668
       10159        1693
       10160        1753
       10161        1766
       10162        1789
       10163        1639
       10164        1665
       10165        1694
       10166        1741
       10167        1770
       10168        1791
       10169        1643
       10170        1655
       10171        1708
       10172        1727
       10173        1781
       10174        1786
       10175        1477
       10176        1564
       10177        1650
       10178        1654
       10179        1710
       10180        1798
       10181        1857
       10182        1878
       10183        1638
       10184        1669
       10185        1686
       10186        1747
       10187        1763
       10188        1796
       10189        1645
       10190        1667
       10191        1688
       10192        1742
       10193        1764
       10194        1792
       10195        1347
       10196        1547
       10197        1580
       10198        1758
       10199        1977
       10200        1979
       10201        1593
       10202        1608
       10203        1732
       10204        1794
       10205        1839
       10206        1849
       10207        1648
       10208        1662
       10209        1706
       10210        1738
       10211        1782
       10212        1793
       10213        1641
       10214        1673
       10215        1691
       10216        1745
       10217        1785
       10218        1802
       10219        1642
       10220        1679
       10221        1680
       10222        1757
       10223        1760
       10224        1801
       10225        1647
       10226        1670
       10227        1698
       10228        1748
       10229        1776
       10230        1800
       10231        1653
       10232        1677
       10233        1703
       10234        1744
       10235        1779
       10236        1795
       10237        1644
       10238        1679
       10239        1684
       10240        1757
       10241        1762
       10242        1803
       10243        1655
       10244        1664
       10245        1715
       10246        1736
       10247        1786
       10248        1797
       10249        1663
       10250        1691
       10251        1704
       10252        1777
       10253        1785
       10254        1651
       10255        1678
       10256        1697
       10257        1754
       10258        1775
       10259        1804
       10260        1649
       10261        1680
       10262        1689
       10263        1760
       10264        1768
       10265        1805
       10266        1652
       10267        1684
       10268        1695
       10269        1762
       10270        1772
       10271        1810
       10272        1608
       10273        1617
       10274        1720
       10275        1839
       10276        1656
       10277        1676
       10278        1711
       10279        1752
       10280        1784
       10281        1809
       10282        1658
       10283        1674
       10284        1712
       10285        1749
       10286        1788
       10287        1807
       10288        1630
       10289        1673
       10290        1683
       10291        1745
       10292        1771
       10293        1815
       10294        1825
       10295        1664
       10296        1671
       10297        1727
       10298        1746
       10299        1797
       10300        1808
       10301        1657
       10302        1689
       10303        1701
       10304        1768
       10305        1780
       10306        1814
       10307        1662
       10308        1675
       10309        1721
       10310        1750
       10311        1793
       10312        1811
       10313        1660
       10314        1685
       10315        1710
       10316        1756
       10317        1798
       10318        1812
       10319        1661
       10320        1686
       10321        1709
       10322        1763
       10323        1787
       10324        1816
       10325        1665
       10326        1682
       10327        1714
       10328        1759
       10329        1791
       10330        1817
       10331        1667
       10332        1693
       10333        1718
       10334        1766
       10335        1792
       10336        1818
       10337        1666
       10338        1695
       10339        1707
       10340        1772
       10341        1783
       10342        1819
       10343        1677
       10344        1688
       10345        1725
       10346        1764
       10347        1795
       10348        1806
       10349        1673
       10350        1722
       10351        1735
       10352        1802
       10353        1815
       10354        1671
       10355        1681
       10356        1736
       10357        1755
       10358        1808
       10359        1820
       10360        1669
       10361        1701
       10362        1717
       10363        1780
       10364        1796
       10365        1822
       10366        1670
       10367        1697
       10368        1724
       10369        1775
       10370        1800
       10371        1823
       10372        1674
       10373        1694
       10374        1734
       10375        1770
       10376        1807
       10377        1824
       10378        1675
       10379        1692
       10380        1738
       10381        1767
       10382        1811
       10383        1821
       10384        1672
       10385        1687
       10386        1761
       10387        1790
       10388        1826
       10389        1676
       10390        1698
       10391        1733
       10392        1776
       10393        1809
       10394        1827
       10395        1668
       10396        1713
       10397        1765
       10398        1789
       10399        1828
       10400        1678
       10401        1707
       10402        1729
       10403        1783
       10404        1804
       10405        1830
       10406        1681
       10407        1699
       10408        1746
       10409        1773
       10410        1820
       10411        1829
       10412        1685
       10413        1704
       10414        1739
       10415        1777
       10416        1812
       10417        1831
       10418        1679
       10419        1723
       10420        1726
       10421        1801
       10422        1803
       10423        1836
       10424        1547
       10425        1589
       10426        1719
       10427        1790
       10428        1972
       10429        1979
       10430        1682
       10431        1709
       10432        1741
       10433        1787
       10434        1817
       10435        1833
       10436        1680
       10437        1723
       10438        1730
       10439        1801
       10440        1805
       10441        1837
       10442        1687
       10443        1703
       10444        1751
       10445        1779
       10446        1826
       10447        1834
       10448        1684
       10449        1726
       10450        1731
       10451        1803
       10452        1810
       10453        1842
       10454        1686
       10455        1717
       10456        1740
       10457        1796
       10458        1816
       10459        1840
       10460        1688
       10461        1718
       10462        1744
       10463        1792
       10464        1806
       10465        1838
       10466        1668
       10467        1690
       10468        1753
       10469        1769
       10470        1828
       10471        1832
       10472        1693
       10473        1713
       10474        1742
       10475        1789
       10476        1818
       10477        1844
       10478        1692
       10479        1711
       10480        1750
       10481        1784
       10482        1821
       10483        1841
       10484        1689
       10485        1730
       10486        1737
       10487        1805
       10488        1814
       10489        1847
       10490        1690
       10491        1702
       10492        1765
       10493        1774
       10494        1832
       10495        1835
       10496        1694
       10497        1714
       10498        1749
       10499        1791
       10500        1824
       10501        1846
       10502        1683
       10503        1696
       10504        1735
       10505        1778
       10506        1825
       10507        1845
       10508        1695
       10509        1731
       10510        1743
       10511        1810
       10512        1819
       10513        1854
       10514        1699
       10515        1712
       10516        1755
       10517        1788
       10518        1829
       10519        1848
       10520        1702
       10521        1708
       10522        1769
       10523        1781
       10524        1835
       10525        1843
       10526        1697
       10527        1729
       10528        1748
       10529        1804
       10530        1823
       10531        1856
       10532        1698
       10533        1724
       10534        1752
       10535        1800
       10536        1827
       10537        1855
       10538        1704
       10539        1728
       10540        1756
       10541        1785
       10542        1831
       10543        1850
       10544        1696
       10545        1706
       10546        1771
       10547        1782
       10548        1845
       10549        1868
       10550        1703
       10551        1725
       10552        1761
       10553        1795
       10554        1834
       10555        1852
       10556        1701
       10557        1737
       10558        1747
       10559        1814
       10560        1822
       10561        1858
       10562        1708
       10563        1715
       10564        1774
       10565        1786
       10566        1843
       10567        1853
       10568        1706
       10569        1721
       10570        1778
       10571        1793
       10572        1868
       10573        1873
       10574        1707
       10575        1743
       10576        1754
       10577        1819
       10578        1830
       10579        1864
       10580        1711
       10581        1733
       10582        1767
       10583        1809
       10584        1841
       10585        1861
       10586        1691
       10587        1722
       10588        1728
       10589        1777
       10590        1802
       10591        1850
       10592        1863
       10593        1871
       10594        1715
       10595        1727
       10596        1781
       10597        1797
       10598        1853
       10599        1860
       10600        1709
       10601        1740
       10602        1759
       10603        1816
       10604        1833
       10605        1866
       10606        1712
       10607        1734
       10608        1773
       10609        1807
       10610        1848
       10611        1865
       10612        1713
       10613        1753
       10614        1766
       10615        1828
       10616        1844
       10617        1872
       10618        1589
       10619        1672
       10620        1751
       10621        1758
       10622        1826
       10623        1965
       10624        1972
       10625        1714
       10626        1741
       10627        1770
       10628        1817
       10629        1846
       10630        1869
       10631        1718
       10632        1742
       10633        1764
       10634        1818
       10635        1838
       10636        1876
       10637        1721
       10638        1738
       10639        1782
       10640        1811
       10641        1859
       10642        1873
       10643        1580
       10644        1593
       10645        1720
       10646        1849
       10647        1944
       10648        1977
       10649        2019
       10650        1725
       10651        1744
       10652        1779
       10653        1806
       10654        1852
       10655        1867
       10656        1717
       10657        1747
       10658        1763
       10659        1822
       10660        1840
       10661        1874
       10662        1727
       10663        1736
       10664        1786
       10665        1808
       10666        1860
       10667        1870
       10668        1710
       10669        1716
       10670        1739
       10671        1812
       10672        1862
       10673        1878
       10674        1659
       10675        1705
       10676        1813
       10677        1880
       10678        1909
       10679        1921
       10680        1724
       10681        1748
       10682        1776
       10683        1823
       10684        1855
       10685        1877
       10686        1723
       10687        1757
       10688        1760
       10689        1836
       10690        1837
       10691        1879
       10692        1722
       10693        1745
       10694        1785
       10695        1815
       10696        1863
       10697        1875
       10698        1726
       10699        1757
       10700        1762
       10701        1836
       10702        1842
       10703        1883
       10704        1729
       10705        1754
       10706        1775
       10707        1830
       10708        1856
       10709        1884
       10710        1730
       10711        1760
       10712        1768
       10713        1837
       10714        1847
       10715        1886
       10716        1744
       10717        1764
       10718        1795
       10719        1838
       10720        1867
       10721        1882
       10722        1734
       10723        1749
       10724        1788
       10725        1824
       10726        1865
       10727        1885
       10728        1736
       10729        1746
       10730        1797
       10731        1820
       10732        1870
       10733        1881
       10734        1733
       10735        1752
       10736        1784
       10737        1827
       10738        1861
       10739        1887
       10740        1731
       10741        1762
       10742        1772
       10743        1842
       10744        1854
       10745        1890
       10746        1738
       10747        1750
       10748        1793
       10749        1821
       10750        1859
       10751        1888
       10752        1739
       10753        1756
       10754        1798
       10755        1831
       10756        1862
       10757        1889
       10758        1700
       10759        1705
       10760        1799
       10761        1921
       10762        1737
       10763        1768
       10764        1780
       10765        1847
       10766        1858
       10767        1892
       10768        1735
       10769        1745
       10770        1802
       10771        1825
       10772        1875
       10773        1891
       10774        1740
       10775        1763
       10776        1787
       10777        1840
       10778        1866
       10779        1894
       10780        1741
       10781        1759
       10782        1791
       10783        1833
       10784        1869
       10785        1893
       10786        1742
       10787        1766
       10788        1792
       10789        1844
       10790        1876
       10791        1901
       10792        1743
       10793        1772
       10794        1783
       10795        1854
       10796        1864
       10797        1896
       10798        1746
       10799        1755
       10800        1808
       10801        1829
       10802        1881
       10803        1895
       10804        1750
       10805        1767
       10806        1811
       10807        1841
       10808        1888
       10809        1898
       10810        1747
       10811        1780
       10812        1796
       10813        1858
       10814        1874
       10815        1903
       10816        1748
       10817        1775
       10818        1800
       10819        1856
       10820        1877
       10821        1902
       10822        1749
       10823        1770
       10824        1807
       10825        1846
       10826        1885
       10827        1900
       10828        1735
       10829        1771
       10830        1815
       10831        1845
       10832        1891
       10833        1899
       10834        1751
       10835        1761
       10836        1790
       10837        1834
       10838        1904
       10839        1965
       10840        1752
       10841        1776
       10842        1809
       10843        1855
       10844        1887
       10845        1905
       10846        1753
       10847        1765
       10848        1789
       10849        1832
       10850        1872
       10851        1897
       10852        1928
       10853        1755
       10854        1773
       10855        1820
       10856        1848
       10857        1895
       10858        1908
       10859        1754
       10860        1783
       10861        1804
       10862        1864
       10863        1884
       10864        1911
       10865        1756
       10866        1777
       10867        1812
       10868        1850
       10869        1889
       10870        1907
       10871        1765
       10872        1769
       10873        1828
       10874        1835
       10875        1897
       10876        1906
       10877        1759
       10878        1787
       10879        1817
       10880        1866
       10881        1893
       10882        1915
       10883        1761
       10884        1779
       10885        1826
       10886        1852
       10887        1904
       10888        1912
       10889        1769
       10890        1774
       10891        1832
       10892        1843
       10893        1906
       10894        1910
       10895        1757
       10896        1801
       10897        1803
       10898        1879
       10899        1883
       10900        1916
       10901        1760
       10902        1801
       10903        1805
       10904        1879
       10905        1886
       10906        1919
       10907        1764
       10908        1792
       10909        1806
       10910        1876
       10911        1882
       10912        1935
       10913        1720
       10914        1732
       10915        1849
       10916        1955
       10917        1763
       10918        1796
       10919        1816
       10920        1874
       10921        1894
       10922        1920
       10923        1767
       10924        1784
       10925        1821
       10926        1861
       10927        1898
       10928        1917
       10929        1762
       10930        1803
       10931        1810
       10932        1883
       10933        1890
       10934        1923
       10935        1774
       10936        1781
       10937        1835
       10938        1853
       10939        1910
       10940        1914
       10941        1766
       10942        1789
       10943        1818
       10944        1872
       10945        1901
       10946        1922
       10947        1771
       10948        1778
       10949        1825
       10950        1868
       10951        1899
       10952        1913
       10953        1770
       10954        1791
       10955        1824
       10956        1869
       10957        1900
       10958        1925
       10959        1768
       10960        1805
       10961        1814
       10962        1886
       10963        1892
       10964        1929
       10965        1773
       10966        1788
       10967        1829
       10968        1865
       10969        1908
       10970        1924
       10971        1720
       10972        1794
       10973        1839
       10974        1944
       10975        1955
       10976        1777
       10977        1785
       10978        1831
       10979        1871
       10980        1907
       10981        1918
       10982        1453
       10983        1599
       10984        1659
       10985        1880
       10986        2046
       10987        2081
       10988        2241
       10989        1779
       10990        1795
       10991        1834
       10992        1867
       10993        1912
       10994        1927
       10995        1781
       10996        1786
       10997        1843
       10998        1860
       10999        1914
       11000        1926
       11001        1772
       11002        1810
       11003        1819
       11004        1890
       11005        1896
       11006        1932
       11007        1776
       11008        1800
       11009        1827
       11010        1877
       11011        1905
       11012        1931
       11013        1775
       11014        1804
       11015        1823
       11016        1884
       11017        1902
       11018        1933
       11019        1654
       11020        1716
       11021        1878
       11022        2028
       11023        2046
       11024        1780
       11025        1814
       11026        1822
       11027        1892
       11028        1903
       11029        1939
       11030        1793
       11031        1811
       11032        1873
       11033        1888
       11034        1938
       11035        1786
       11036        1797
       11037        1853
       11038        1870
       11039        1926
       11040        1934
       11041        1784
       11042        1809
       11043        1841
       11044        1887
       11045        1917
       11046        1942
       11047        1798
       11048        1812
       11049        1878
       11050        1889
       11051        1952
       11052        1785
       11053        1802
       11054        1871
       11055        1875
       11056        1936
       11057        1941
       11058        1783
       11059        1819
       11060        1830
       11061        1896
       11062        1911
       11063        1946
       11064        1788
       11065        1807
       11066        1848
       11067        1885
       11068        1924
       11069        1943
       11070        1787
       11071        1816
       11072        1833
       11073        1894
       11074        1915
       11075        1947
       11076        1795
       11077        1806
       11078        1852
       11079        1882
       11080        1927
       11081        1937
       11082        1778
       11083        1782
       11084        1845
       11085        1873
       11086        1913
       11087        1930
       11088        1940
       11089        1791
       11090        1817
       11091        1846
       11092        1893
       11093        1925
       11094        1948
       11095        1797
       11096        1808
       11097        1860
       11098        1881
       11099        1934
       11100        1945
       11101        1785
       11102        1850
       11103        1863
       11104        1918
       11105        1941
       11106        1789
       11107        1828
       11108        1844
       11109        1922
       11110        1928
       11111        1950
       11112        1782
       11113        1793
       11114        1859
       11115        1868
       11116        1938
       11117        1940
       11118        1796
       11119        1822
       11120        1840
       11121        1903
       11122        1920
       11123        1951
       11124        1802
       11125        1815
       11126        1863
       11127        1891
       11128        1936
       11129        1949
       11130        1792
       11131        1818
       11132        1838
       11133        1901
       11134        1935
       11135        1963
       11136        1800
       11137        1823
       11138        1855
       11139        1902
       11140        1931
       11141        1954
       11142        1716
       11143        1798
       11144        1857
       11145        1862
       11146        1952
       11147        2028
       11148        2039
       11149        1801
       11150        1836
       11151        1837
       11152        1916
       11153        1919
       11154        1957
       11155        1659
       11156        1799
       11157        1851
       11158        1909
       11159        2016
       11160        2081
       11161        1808
       11162        1820
       11163        1870
       11164        1895
       11165        1945
       11166        1953
       11167        1806
       11168        1838
       11169        1867
       11170        1935
       11171        1937
       11172        1803
       11173        1836
       11174        1842
       11175        1916
       11176        1923
       11177        1959
       11178        1804
       11179        1830
       11180        1856
       11181        1911
       11182        1933
       11183        1960
       11184        1807
       11185        1824
       11186        1865
       11187        1900
       11188        1943
       11189        1956
       11190        1805
       11191        1837
       11192        1847
       11193        1919
       11194        1929
       11195        1964
       11196        1809
       11197        1827
       11198        1861
       11199        1905
       11200        1942
       11201        1962
       11202        1811
       11203        1821
       11204        1859
       11205        1898
       11206        1938
       11207        1958
       11208        1812
       11209        1831
       11210        1862
       11211        1907
       11212        1952
       11213        1961
       11214        1810
       11215        1842
       11216        1854
       11217        1923
       11218        1932
       11219        1967
       11220        1815
       11221        1825
       11222        1875
       11223        1899
       11224        1949
       11225        1966
       11226        1814
       11227        1847
       11228        1858
       11229        1929
       11230        1939
       11231        1970
       11232        1817
       11233        1833
       11234        1869
       11235        1915
       11236        1948
       11237        1969
       11238        1816
       11239        1840
       11240        1866
       11241        1920
       11242        1947
       11243        1971
       11244        1820
       11245        1829
       11246        1881
       11247        1908
       11248        1953
       11249        1968
       11250        1819
       11251        1854
       11252        1864
       11253        1932
       11254        1946
       11255        1974
       11256        1828
       11257        1832
       11258        1906
       11259        1928
       11260        1981
       11261        1821
       11262        1841
       11263        1888
       11264        1917
       11265        1958
       11266        1975
       11267        1825
       11268        1845
       11269        1891
       11270        1913
       11271        1966
       11272        1973
       11273        1824
       11274        1846
       11275        1885
       11276        1925
       11277        1956
       11278        1978
       11279        1818
       11280        1844
       11281        1876
       11282        1922
       11283        1963
       11284        1988
       11285        1823
       11286        1856
       11287        1877
       11288        1933
       11289        1954
       11290        1982
       11291        1822
       11292        1858
       11293        1874
       11294        1939
       11295        1951
       11296        1986
       11297        1826
       11298        1834
       11299        1912
       11300        1965
       11301        1984
       11302        1827
       11303        1855
       11304        1887
       11305        1931
       11306        1962
       11307        1987
       11308        1832
       11309        1835
       11310        1897
       11311        1910
       11312        1976
       11313        1981
       11314        1831
       11315        1850
       11316        1889
       11317        1918
       11318        1961
       11319        1980
       11320        1829
       11321        1848
       11322        1895
       11323        1924
       11324        1968
       11325        1985
       11326        1799
       11327        1880
       11328        1921
       11329        2016
       11330        2034
       11331        1835
       11332        1843
       11333        1906
       11334        1914
       11335        1976
       11336        1983
       11337        1830
       11338        1864
       11339        1884
       11340        1946
       11341        1960
       11342        1992
       11343        1834
       11344        1852
       11345        1904
       11346        1927
       11347        1984
       11348        1990
       11349        1845
       11350        1868
       11351        1899
       11352        1930
       11353        1973
       11354        1997
       11355        1843
       11356        1853
       11357        1910
       11358        1926
       11359        1983
       11360        1989
       11361        1833
       11362        1866
       11363        1893
       11364        1947
       11365        1969
       11366        1993
       11367        1836
       11368        1879
       11369        1883
       11370        1957
       11371        1959
       11372        1999
       11373        1841
       11374        1861
       11375        1898
       11376        1942
       11377        1975
       11378        1994
       11379        1850
       11380        1871
       11381        1907
       11382        1941
       11383        1980
       11384        1991
       11385        1837
       11386        1879
       11387        1886
       11388        1957
       11389        1964
       11390        2002
       11391        1840
       11392        1874
       11393        1894
       11394        1951
       11395        1971
       11396        2003
       11397        1799
       11398        1813
       11399        1909
       11400        2034
       11401        1844
       11402        1872
       11403        1901
       11404        1950
       11405        1988
       11406        2010
       11407        2029
       11408        1842
       11409        1883
       11410        1890
       11411        1959
       11412        1967
       11413        2005
       11414        1848
       11415        1865
       11416        1908
       11417        1943
       11418        1985
       11419        1998
       11420        1846
       11421        1869
       11422        1900
       11423        1948
       11424        1978
       11425        2004
       11426        1853
       11427        1860
       11428        1914
       11429        1934
       11430        1989
       11431        1995
       11432        1852
       11433        1867
       11434        1912
       11435        1937
       11436        1990
       11437        1996
       11438        1828
       11439        1872
       11440        1897
       11441        1950
       11442        1981
       11443        2006
       11444        1847
       11445        1886
       11446        1892
       11447        1964
       11448        1970
       11449        2008
       11450        1868
       11451        1913
       11452        1940
       11453        1997
       11454        2000
       11455        1855
       11456        1877
       11457        1905
       11458        1954
       11459        1987
       11460        2011
       11461        1854
       11462        1890
       11463        1896
       11464        1967
       11465        1974
       11466        2014
       11467        1856
       11468        1884
       11469        1902
       11470        1960
       11471        1982
       11472        2013
       11473        1860
       11474        1870
       11475        1926
       11476        1945
       11477        1995
       11478        2007
       11479        1838
       11480        1876
       11481        1882
       11482        1937
       11483        1963
       11484        2009
       11485        2031
       11486        1863
       11487        1875
       11488        1941
       11489        1949
       11490        2001
       11491        2012
       11492        1867
       11493        1882
       11494        1927
       11495        1935
       11496        1996
       11497        2009
       11498        1859
       11499        1873
       11500        1888
       11501        1940
       11502        1958
       11503        2015
       11504        2026
       11505        1858
       11506        1892
       11507        1903
       11508        1970
       11509        1986
       11510        2017
       11511        1868
       11512        1873
       11513        1930
       11514        1938
       11515        2000
       11516        2015
       11517        1863
       11518        1871
       11519        1918
       11520        1936
       11521        1991
       11522        2001
       11523        1861
       11524        1887
       11525        1917
       11526        1962
       11527        1994
       11528        2018
       11529        1865
       11530        1885
       11531        1924
       11532        1956
       11533        1998
       11534        2020
       11535        1794
       11536        1849
       11537        1955
       11538        2019
       11539        2052
       11540        2073
       11541        1870
       11542        1881
       11543        1934
       11544        1953
       11545        2007
       11546        2021
       11547        1864
       11548        1896
       11549        1911
       11550        1974
       11551        1992
       11552        2025
       11553        1866
       11554        1894
       11555        1915
       11556        1971
       11557        1993
       11558        2024
       11559        1869
       11560        1893
       11561        1925
       11562        1969
       11563        2004
       11564        2027
       11565        1875
       11566        1891
       11567        1936
       11568        1966
       11569        2012
       11570        2023
       11571        1872
       11572        1922
       11573        1928
       11574        2006
       11575        2029
       11576        1874
       11577        1903
       11578        1920
       11579        1986
       11580        2003
       11581        2033
       11582        1862
       11583        1878
       11584        1889
       11585        1961
       11586        2022
       11587        2039
       11588        1881
       11589        1895
       11590        1945
       11591        1968
       11592        2021
       11593        2032
       11594        1877
       11595        1902
       11596        1931
       11597        1982
       11598        2011
       11599        2035
       11600        1839
       11601        1849
       11602        1944
       11603        2073
       11604        1885
       11605        1900
       11606        1943
       11607        1978
       11608        2020
       11609        2037
       11610        1879
       11611        1916
       11612        1919
       11613        1999
       11614        2002
       11615        2041
       11616        1888
       11617        1898
       11618        1938
       11619        1975
       11620        2026
       11621        2044
       11622        1883
       11623        1916
       11624        1923
       11625        1999
       11626        2005
       11627        2043
       11628        1884
       11629        1911
       11630        1933
       11631        1992
       11632        2013
       11633        2042
       11634        1889
       11635        1907
       11636        1952
       11637        1980
       11638        2022
       11639        2036
       11640        1887
       11641        1905
       11642        1942
       11643        1987
       11644        2018
       11645        2040
       11646        1876
       11647        1901
       11648        1935
       11649        1988
       11650        2031
       11651        2047
       11652        1886
       11653        1919
       11654        1929
       11655        2002
       11656        2008
       11657        2045
       11658        1790
       11659        1826
       11660        1904
       11661        1972
       11662        1984
       11663        2149
       11664        2153
       11665        1891
       11666        1899
       11667        1949
       11668        1973
       11669        2023
       11670        2030
       11671        1890
       11672        1923
       11673        1932
       11674        2005
       11675        2014
       11676        2049
       11677        1895
       11678        1908
       11679        1953
       11680        1985
       11681        2032
       11682        2048
       11683        1893
       11684        1915
       11685        1948
       11686        1993
       11687        2027
       11688        2050
       11689        1892
       11690        1929
       11691        1939
       11692        2008
       11693        2017
       11694        2054
       11695        1894
       11696        1920
       11697        1947
       11698        2003
       11699        2024
       11700        2053
       11701        1758
       11702        1790
       11703        1965
       11704        1979
       11705        2149
       11706        2173
       11707        1899
       11708        1913
       11709        1966
       11710        1997
       11711        2030
       11712        2056
       11713        1896
       11714        1932
       11715        1946
       11716        2014
       11717        2025
       11718        2059
       11719        1898
       11720        1917
       11721        1958
       11722        1994
       11723        2044
       11724        2057
       11725        1906
       11726        1910
       11727        1981
       11728        1983
       11729        2038
       11730        2051
       11731        1580
       11732        1719
       11733        1794
       11734        1979
       11735        2019
       11736        2224
       11737        2368
       11738        1900
       11739        1925
       11740        1956
       11741        2004
       11742        2037
       11743        2060
       11744        1719
       11745        1758
       11746        1972
       11747        1977
       11748        2173
       11749        2368
       11750        1907
       11751        1918
       11752        1961
       11753        1991
       11754        2036
       11755        2055
       11756        1897
       11757        1906
       11758        1928
       11759        1976
       11760        2006
       11761        2038
       11762        2066
       11763        1902
       11764        1933
       11765        1954
       11766        2013
       11767        2035
       11768        2064
       11769        1910
       11770        1914
       11771        1976
       11772        1989
       11773        2051
       11774        2058
       11775        1904
       11776        1912
       11777        1965
       11778        1990
       11779        2062
       11780        2153
       11781        1908
       11782        1924
       11783        1968
       11784        1998
       11785        2048
       11786        2061
       11787        1903
       11788        1939
       11789        1951
       11790        2017
       11791        2033
       11792        2068
       11793        1905
       11794        1931
       11795        1962
       11796        2011
       11797        2040
       11798        2067
       11799        1901
       11800        1922
       11801        1963
       11802        2010
       11803        2047
       11804        2072
       11805        1914
       11806        1926
       11807        1983
       11808        1995
       11809        2058
       11810        2065
       11811        1912
       11812        1927
       11813        1984
       11814        1996
       11815        2062
       11816        2070
       11817        1918
       11818        1941
       11819        1980
       11820        2001
       11821        2055
       11822        2063
       11823        1911
       11824        1946
       11825        1960
       11826        2025
       11827        2042
       11828        2076
       11829        1915
       11830        1947
       11831        1969
       11832        2024
       11833        2050
       11834        2078
       11835        1917
       11836        1942
       11837        1975
       11838        2018
       11839        2057
       11840        2077
       11841        1926
       11842        1934
       11843        1989
       11844        2007
       11845        2065
       11846        2075
       11847        1927
       11848        1937
       11849        1990
       11850        2009
       11851        2070
       11852        2074
       11853        1913
       11854        1930
       11855        1973
       11856        2000
       11857        2056
       11858        2069
       11859        1924
       11860        1943
       11861        1985
       11862        2020
       11863        2061
       11864        2080
       11865        1916
       11866        1957
       11867        1959
       11868        2041
       11869        2043
       11870        2084
       11871        1930
       11872        1940
       11873        1997
       11874        2015
       11875        2069
       11876        2079
       11877        1936
       11878        1941
       11879        1991
       11880        2012
       11881        2063
       11882        2071
       11883        1919
       11884        1957
       11885        1964
       11886        2041
       11887        2045
       11888        2087
       11889        1920
       11890        1951
       11891        1971
       11892        2033
       11893        2053
       11894        2085
       11895        1925
       11896        1948
       11897        1978
       11898        2027
       11899        2060
       11900        2083
       11901        1923
       11902        1959
       11903        1967
       11904        2043
       11905        2049
       11906        2088
       11907        1928
       11908        1950
       11909        1981
       11910        2029
       11911        2066
       11912        2109
       11913        1934
       11914        1945
       11915        1995
       11916        2021
       11917        2075
       11918        2086
       11919        1929
       11920        1964
       11921        1970
       11922        2045
       11923        2054
       11924        2091
       11925        1935
       11926        1937
       11927        1996
       11928        2031
       11929        2074
       11930        2082
       11931        1922
       11932        1988
       11933        2029
       11934        2072
       11935        2089
       11936        1931
       11937        1954
       11938        1987
       11939        2035
       11940        2067
       11941        2092
       11942        1936
       11943        1949
       11944        2001
       11945        2023
       11946        2071
       11947        2090
       11948        1933
       11949        1960
       11950        1982
       11951        2042
       11952        2064
       11953        2093
       11954        1932
       11955        1967
       11956        1974
       11957        2049
       11958        2059
       11959        2095
       11960        1938
       11961        1940
       11962        2000
       11963        2026
       11964        2079
       11965        2094
       11966        1880
       11967        1909
       11968        2034
       11969        2081
       11970        2146
       11971        2148
       11972        1939
       11973        1970
       11974        1986
       11975        2054
       11976        2068
       11977        2100
       11978        1942
       11979        1962
       11980        1994
       11981        2040
       11982        2077
       11983        2099
       11984        1794
       11985        1944
       11986        1977
       11987        2052
       11988        2162
       11989        2224
       11990        1943
       11991        1956
       11992        1998
       11993        2037
       11994        2080
       11995        2097
       11996        1945
       11997        1953
       11998        2007
       11999        2032
       12000        2086
       12001        2096
       12002        1952
       12003        1961
       12004        2036
       12005        2039
       12006        2107
       12007        1949
       12008        1966
       12009        2012
       12010        2030
       12011        2090
       12012        2098
       12013        1947
       12014        1971
       12015        1993
       12016        2053
       12017        2078
       12018        2101
       12019        1946
       12020        1974
       12021        1992
       12022        2059
       12023        2076
       12024        2105
       12025        1938
       12026        1958
       12027        2015
       12028        2044
       12029        2094
       12030        2108
       12031        1948
       12032        1969
       12033        2004
       12034        2050
       12035        2083
       12036        2103
       12037        1857
       12038        1878
       12039        2039
       12040        2046
       12041        2195
       12042        1922
       12043        1950
       12044        2006
       12045        2010
       12046        2089
       12047        2109
       12048        1966
       12049        1973
       12050        2023
       12051        2056
       12052        2098
       12053        2104
       12054        1935
       12055        1963
       12056        2009
       12057        2047
       12058        2082
       12059        2102
       12060        1953
       12061        1968
       12062        2021
       12063        2048
       12064        2096
       12065        2106
       12066        1951
       12067        1986
       12068        2003
       12069        2068
       12070        2085
       12071        2111
       12072        1909
       12073        1921
       12074        2016
       12075        2148
       12076        1954
       12077        1982
       12078        2011
       12079        2064
       12080        2092
       12081        2113
       12082        1961
       12083        1980
       12084        2022
       12085        2055
       12086        2107
       12087        2110
       12088        1956
       12089        1978
       12090        2020
       12091        2060
       12092        2097
       12093        2114
       12094        1976
       12095        1981
       12096        2051
       12097        2066
       12098        2112
       12099        2115
       12100        1878
       12101        1952
       12102        2022
       12103        2028
       12104        2107
       12105        2195
       12106        2199
       12107        1962
       12108        1987
       12109        2018
       12110        2067
       12111        2099
       12112        2116
       12113        1957
       12114        1999
       12115        2002
       12116        2084
       12117        2087
       12118        2120
       12119        1960
       12120        1992
       12121        2013
       12122        2076
       12123        2093
       12124        2118
       12125        1959
       12126        1999
       12127        2005
       12128        2084
       12129        2088
       12130        2122
       12131        1958
       12132        1975
       12133        2026
       12134        2057
       12135        2108
       12136        2121
       12137        1964
       12138        2002
       12139        2008
       12140        2087
       12141        2091
       12142        2125
       12143        1599
       12144        1654
       12145        1851
       12146        1857
       12147        2028
       12148        2195
       12149        2241
       12150        2403
       12151        2611
       12152        1963
       12153        1988
       12154        2031
       12155        2072
       12156        2102
       12157        2119
       12158        1968
       12159        1985
       12160        2032
       12161        2061
       12162        2106
       12163        2117
       12164        1967
       12165        2005
       12166        2014
       12167        2088
       12168        2095
       12169        2128
       12170        1969
       12171        1993
       12172        2027
       12173        2078
       12174        2103
       12175        2129
       12176        1976
       12177        1983
       12178        2038
       12179        2058
       12180        2115
       12181        2123
       12182        1944
       12183        2019
       12184        2073
       12185        2162
       12186        2181
       12187        1971
       12188        2003
       12189        2024
       12190        2085
       12191        2101
       12192        2131
       12193        1970
       12194        2008
       12195        2017
       12196        2091
       12197        2100
       12198        2133
       12199        1980
       12200        1991
       12201        2036
       12202        2063
       12203        2110
       12204        2126
       12205        1973
       12206        1997
       12207        2030
       12208        2069
       12209        2104
       12210        2127
       12211        1975
       12212        1994
       12213        2044
       12214        2077
       12215        2121
       12216        2134
       12217        1983
       12218        1989
       12219        2051
       12220        2065
       12221        2123
       12222        2130
       12223        1974
       12224        2014
       12225        2025
       12226        2095
       12227        2105
       12228        2140
       12229        1978
       12230        2004
       12231        2037
       12232        2083
       12233        2114
       12234        2135
       12235        1985
       12236        1998
       12237        2048
       12238        2080
       12239        2117
       12240        2139
       12241        1984
       12242        1990
       12243        2070
       12244        2124
       12245        2153
       12246        1991
       12247        2001
       12248        2055
       12249        2071
       12250        2126
       12251        2132
       12252        1982
       12253        2013
       12254        2035
       12255        2093
       12256        2113
       12257        2143
       12258        1989
       12259        1995
       12260        2058
       12261        2075
       12262        2130
       12263        2137
       12264        1981
       12265        2006
       12266        2038
       12267        2109
       12268        2112
       12269        2136
       12270        1987
       12271        2011
       12272        2040
       12273        2092
       12274        2116
       12275        2145
       12276        1986
       12277        2017
       12278        2033
       12279        2100
       12280        2111
       12281        2150
       12282        1997
       12283        2000
       12284        2056
       12285        2079
       12286        2127
       12287        2138
       12288        1990
       12289        1996
       12290        2062
       12291        2074
       12292        2124
       12293        2142
       12294        2001
       12295        2012
       12296        2063
       12297        2090
       12298        2132
       12299        2141
       12300        1988
       12301        2010
       12302        2047
       12303        2089
       12304        2119
       12305        2144
       12306        1944
       12307        1955
       12308        2052
       12309        2181
       12310        1996
       12311        2009
       12312        2070
       12313        2082
       12314        2142
       12315        2147
       12316        1995
       12317        2007
       12318        2065
       12319        2086
       12320        2137
       12321        2151
       12322        1992
       12323        2025
       12324        2042
       12325        2105
       12326        2118
       12327        2154
       12328        1994
       12329        2018
       12330        2057
       12331        2099
       12332        2134
       12333        2156
       12334        1993
       12335        2024
       12336        2050
       12337        2101
       12338        2129
       12339        2158
       12340        2000
       12341        2015
       12342        2069
       12343        2094
       12344        2138
       12345        2155
       12346        1998
       12347        2020
       12348        2061
       12349        2097
       12350        2139
       12351        2157
       12352        1851
       12353        1880
       12354        2016
       12355        2146
       12356        2234
       12357        2241
       12358        2303
       12359        2009
       12360        2031
       12361        2074
       12362        2102
       12363        2147
       12364        2152
       12365        2004
       12366        2027
       12367        2060
       12368        2103
       12369        2135
       12370        2163
       12371        1999
       12372        2041
       12373        2043
       12374        2120
       12375        2122
       12376        2165
       12377        2003
       12378        2033
       12379        2053
       12380        2111
       12381        2131
       12382        2164
       12383        2007
       12384        2021
       12385        2075
       12386        2096
       12387        2151
       12388        2160
       12389        2002
       12390        2041
       12391        2045
       12392        2120
       12393        2125
       12394        2166
       12395        2005
       12396        2043
       12397        2049
       12398        2122
       12399        2128
       12400        2167
       12401        2010
       12402        2029
       12403        2072
       12404        2109
       12405        2144
       12406        2159
       12407        2012
       12408        2023
       12409        2071
       12410        2098
       12411        2141
       12412        2161
       12413        2008
       12414        2045
       12415        2054
       12416        2125
       12417        2133
       12418        2171
       12419        2011
       12420        2035
       12421        2067
       12422        2113
       12423        2145
       12424        2169
       12425        2013
       12426        2042
       12427        2064
       12428        2118
       12429        2143
       12430        2174
       12431        2015
       12432        2026
       12433        2079
       12434        2108
       12435        2155
       12436        2170
       12437        2014
       12438        2049
       12439        2059
       12440        2128
       12441        2140
       12442        2176
       12443        2021
       12444        2032
       12445        2086
       12446        2106
       12447        2160
       12448        2172
       12449        2020
       12450        2037
       12451        2080
       12452        2114
       12453        2157
       12454        2177
       12455        2023
       12456        2030
       12457        2090
       12458        2104
       12459        2161
       12460        2168
       12461        2018
       12462        2040
       12463        2077
       12464        2116
       12465        2156
       12466        2178
       12467        2017
       12468        2054
       12469        2068
       12470        2133
       12471        2150
       12472        2180
       12473        2024
       12474        2053
       12475        2078
       12476        2131
       12477        2158
       12478        2184
       12479        2031
       12480        2047
       12481        2082
       12482        2119
       12483        2152
       12484        2192
       12485        2027
       12486        2050
       12487        2083
       12488        2129
       12489        2163
       12490        2185
       12491        2030
       12492        2056
       12493        2098
       12494        2127
       12495        2168
       12496        2182
       12497        2025
       12498        2059
       12499        2076
       12500        2140
       12501        2154
       12502        2187
       12503        2032
       12504        2048
       12505        2096
       12506        2117
       12507        2172
       12508        2183
       12509        2022
       12510        2036
       12511        2039
       12512        2110
       12513        2175
       12514        2199
       12515        2026
       12516        2044
       12517        2094
       12518        2121
       12519        2170
       12520        2188
       12521        2006
       12522        2029
       12523        2066
       12524        2089
       12525        2136
       12526        2159
       12527        2208
       12528        2210
       12529        2036
       12530        2055
       12531        2107
       12532        2126
       12533        2175
       12534        2186
       12535        2033
       12536        2068
       12537        2085
       12538        2150
       12539        2164
       12540        2190
       12541        2038
       12542        2066
       12543        2115
       12544        2136
       12545        2179
       12546        2212
       12547        2035
       12548        2064
       12549        2092
       12550        2143
       12551        2169
       12552        2193
       12553        2037
       12554        2060
       12555        2097
       12556        2135
       12557        2177
       12558        2191
       12559        2038
       12560        2051
       12561        2112
       12562        2123
       12563        2179
       12564        2189
       12565        2040
       12566        2067
       12567        2099
       12568        2145
       12569        2178
       12570        2196
       12571        2048
       12572        2061
       12573        2106
       12574        2139
       12575        2183
       12576        2197
       12577        2042
       12578        2076
       12579        2093
       12580        2154
       12581        2174
       12582        2201
       12583        2047
       12584        2072
       12585        2102
       12586        2144
       12587        2192
       12588        2206
       12589        2041
       12590        2084
       12591        2087
       12592        2165
       12593        2166
       12594        2203
       12595        2044
       12596        2057
       12597        2108
       12598        2134
       12599        2188
       12600        2223
       12601        2043
       12602        2084
       12603        2088
       12604        2165
       12605        2167
       12606        2205
       12607        2051
       12608        2058
       12609        2115
       12610        2130
       12611        2189
       12612        2194
       12613        2062
       12614        2070
       12615        2142
       12616        2153
       12617        2219
       12618        2045
       12619        2087
       12620        2091
       12621        2166
       12622        2171
       12623        2207
       12624        2055
       12625        2063
       12626        2110
       12627        2132
       12628        2186
       12629        2198
       12630        2056
       12631        2069
       12632        2104
       12633        2138
       12634        2182
       12635        2200
       12636        2049
       12637        2088
       12638        2095
       12639        2167
       12640        2176
       12641        2211
       12642        2050
       12643        2078
       12644        2103
       12645        2158
       12646        2185
       12647        2209
       12648        2058
       12649        2065
       12650        2123
       12651        2137
       12652        2194
       12653        2204
       12654        2053
       12655        2085
       12656        2101
       12657        2164
       12658        2184
       12659        2216
       12660        2063
       12661        2071
       12662        2126
       12663        2141
       12664        2198
       12665        2202
       12666        2054
       12667        2091
       12668        2100
       12669        2171
       12670        2180
       12671        2221
       12672        2057
       12673        2077
       12674        2121
       12675        2156
       12676        2214
       12677        2223
       12678        2060
       12679        2083
       12680        2114
       12681        2163
       12682        2191
       12683        2226
       12684        2066
       12685        2109
       12686        2112
       12687        2208
       12688        2212
       12689        2065
       12690        2075
       12691        2130
       12692        2151
       12693        2204
       12694        2215
       12695        2069
       12696        2079
       12697        2127
       12698        2155
       12699        2200
       12700        2220
       12701        2061
       12702        2080
       12703        2117
       12704        2157
       12705        2197
       12706        2222
       12707        2059
       12708        2095
       12709        2105
       12710        2176
       12711        2187
       12712        2227
       12713        2071
       12714        2090
       12715        2132
       12716        2161
       12717        2202
       12718        2218
       12719        2070
       12720        2074
       12721        2124
       12722        2147
       12723        2217
       12724        2219
       12725        2064
       12726        2093
       12727        2113
       12728        2174
       12729        2193
       12730        2230
       12731        2072
       12732        2089
       12733        2119
       12734        2159
       12735        2206
       12736        2213
       12737        2067
       12738        2092
       12739        2116
       12740        2169
       12741        2196
       12742        2229
       12743        2016
       12744        2081
       12745        2148
       12746        2234
       12747        2254
       12748        2074
       12749        2082
       12750        2142
       12751        2152
       12752        2217
       12753        2225
       12754        2016
       12755        2034
       12756        2146
       12757        2254
       12758        1965
       12759        1972
       12760        2153
       12761        2173
       12762        2357
       12763        2068
       12764        2100
       12765        2111
       12766        2180
       12767        2190
       12768        2231
       12769        2075
       12770        2086
       12771        2137
       12772        2160
       12773        2215
       12774        2228
       12775        2082
       12776        2102
       12777        2147
       12778        2192
       12779        2225
       12780        1965
       12781        1984
       12782        2062
       12783        2124
       12784        2149
       12785        2219
       12786        2357
       12787        2386
       12788        2076
       12789        2105
       12790        2118
       12791        2187
       12792        2201
       12793        2238
       12794        2079
       12795        2094
       12796        2138
       12797        2170
       12798        2220
       12799        2233
       12800        2077
       12801        2099
       12802        2134
       12803        2178
       12804        2214
       12805        2235
       12806        2080
       12807        2097
       12808        2139
       12809        2177
       12810        2222
       12811        2236
       12812        2078
       12813        2101
       12814        2129
       12815        2184
       12816        2209
       12817        2239
       12818        2089
       12819        2109
       12820        2144
       12821        2210
       12822        2213
       12823        2086
       12824        2096
       12825        2151
       12826        2172
       12827        2228
       12828        2237
       12829        2090
       12830        2098
       12831        2141
       12832        2168
       12833        2218
       12834        2232
       12835        2019
       12836        2052
       12837        2181
       12838        2224
       12839        2283
       12840        2290
       12841        2083
       12842        2103
       12843        2135
       12844        2185
       12845        2226
       12846        2240
       12847        2085
       12848        2111
       12849        2131
       12850        2190
       12851        2216
       12852        2243
       12853        2084
       12854        2120
       12855        2122
       12856        2203
       12857        2205
       12858        2244
       12859        2087
       12860        2120
       12861        2125
       12862        2203
       12863        2207
       12864        2245
       12865        2088
       12866        2122
       12867        2128
       12868        2205
       12869        2211
       12870        2248
       12871        2098
       12872        2104
       12873        2161
       12874        2182
       12875        2232
       12876        2242
       12877        2092
       12878        2113
       12879        2145
       12880        2193
       12881        2229
       12882        2249
       12883        2094
       12884        2108
       12885        2155
       12886        2188
       12887        2233
       12888        2247
       12889        2091
       12890        2125
       12891        2133
       12892        2207
       12893        2221
       12894        2251
       12895        2096
       12896        2106
       12897        2160
       12898        2183
       12899        2237
       12900        2246
       12901        1972
       12902        1979
       12903        2149
       12904        2357
       12905        2368
       12906        2607
       12907        2734
       12908        2093
       12909        2118
       12910        2143
       12911        2201
       12912        2230
       12913        2253
       12914        2107
       12915        2110
       12916        2186
       12917        2199
       12918        2259
       12919        2095
       12920        2128
       12921        2140
       12922        2211
       12923        2227
       12924        2256
       12925        2097
       12926        2114
       12927        2157
       12928        2191
       12929        2236
       12930        2252
       12931        2099
       12932        2116
       12933        2156
       12934        2196
       12935        2235
       12936        2255
       12937        2112
       12938        2115
       12939        2189
       12940        2212
       12941        2250
       12942        2100
       12943        2133
       12944        2150
       12945        2221
       12946        2231
       12947        2261
       12948        2052
       12949        2073
       12950        2162
       12951        2290
       12952        2104
       12953        2127
       12954        2168
       12955        2200
       12956        2242
       12957        2258
       12958        2106
       12959        2117
       12960        2172
       12961        2197
       12962        2246
       12963        2260
       12964        2101
       12965        2131
       12966        2158
       12967        2216
       12968        2239
       12969        2264
       12970        2103
       12971        2129
       12972        2163
       12973        2209
       12974        2240
       12975        2262
       12976        2110
       12977        2126
       12978        2175
       12979        2198
       12980        2257
       12981        2259
       12982        2105
       12983        2140
       12984        2154
       12985        2227
       12986        2238
       12987        2265
       12988        2108
       12989        2121
       12990        2170
       12991        2223
       12992        2247
       12993        2270
       12994        2115
       12995        2123
       12996        2179
       12997        2194
       12998        2250
       12999        2263
       13000        2111
       13001        2150
       13002        2164
       13003        2231
       13004        2243
       13005        2271
       13006        2114
       13007        2135
       13008        2177
       13009        2226
       13010        2252
       13011        2269
       13012        2102
       13013        2119
       13014        2152
       13015        2206
       13016        2225
       13017        2288
       13018        2295
       13019        2113
       13020        2143
       13021        2169
       13022        2230
       13023        2249
       13024        2272
       13025        2123
       13026        2130
       13027        2189
       13028        2204
       13029        2263
       13030        2267
       13031        2028
       13032        2039
       13033        2046
       13034        2199
       13035        2364
       13036        2403
       13037        2116
       13038        2145
       13039        2178
       13040        2229
       13041        2255
       13042        2276
       13043        2117
       13044        2139
       13045        2183
       13046        2222
       13047        2260
       13048        2273
       13049        2126
       13050        2132
       13051        2186
       13052        2202
       13053        2257
       13054        2266
       13055        2039
       13056        2107
       13057        2175
       13058        2195
       13059        2259
       13060        2364
       13061        2387
       13062        2127
       13063        2138
       13064        2182
       13065        2220
       13066        2258
       13067        2277
       13068        2118
       13069        2154
       13070        2174
       13071        2238
       13072        2253
       13073        2282
       13074        2132
       13075        2141
       13076        2198
       13077        2218
       13078        2266
       13079        2268
       13080        2120
       13081        2165
       13082        2166
       13083        2244
       13084        2245
       13085        2284
       13086        2130
       13087        2137
       13088        2194
       13089        2215
       13090        2267
       13091        2275
       13092        2122
       13093        2165
       13094        2167
       13095        2244
       13096        2248
       13097        2285
       13098        2119
       13099        2144
       13100        2192
       13101        2213
       13102        2281
       13103        2295
       13104        2125
       13105        2166
       13106        2171
       13107        2245
       13108        2251
       13109        2289
       13110        2109
       13111        2136
       13112        2210
       13113        2212
       13114        2274
       13115        2300
       13116        2129
       13117        2158
       13118        2185
       13119        2239
       13120        2262
       13121        2291
       13122        2109
       13123        2159
       13124        2208
       13125        2213
       13126        2274
       13127        2280
       13128        2128
       13129        2167
       13130        2176
       13131        2248
       13132        2256
       13133        2293
       13134        2112
       13135        2136
       13136        2179
       13137        2208
       13138        2250
       13139        2300
       13140        2323
       13141        2144
       13142        2159
       13143        2206
       13144        2210
       13145        2280
       13146        2281
       13147        2134
       13148        2156
       13149        2223
       13150        2235
       13151        2279
       13152        2292
       13153        2137
       13154        2151
       13155        2204
       13156        2228
       13157        2275
       13158        2287
       13159        2131
       13160        2164
       13161        2184
       13162        2243
       13163        2264
       13164        2297
       13165        2142
       13166        2147
       13167        2219
       13168        2225
       13169        2286
       13170        2294
       13171        2141
       13172        2161
       13173        2202
       13174        2232
       13175        2268
       13176        2278
       13177        2124
       13178        2142
       13179        2153
       13180        2217
       13181        2294
       13182        2386
       13183        2138
       13184        2155
       13185        2200
       13186        2233
       13187        2277
       13188        2298
       13189        2133
       13190        2171
       13191        2180
       13192        2251
       13193        2261
       13194        2301
       13195        2139
       13196        2157
       13197        2197
       13198        2236
       13199        2273
       13200        2296
       13201        2121
       13202        2134
       13203        2188
       13204        2214
       13205        2270
       13206        2279
       13207        2321
       13208        1977
       13209        2019
       13210        2162
       13211        2283
       13212        2368
       13213        2374
       13214        2437
       13215        2147
       13216        2152
       13217        2192
       13218        2217
       13219        2286
       13220        2288
       13221        2135
       13222        2163
       13223        2191
       13224        2240
       13225        2269
       13226        2299
       13227        2140
       13228        2176
       13229        2187
       13230        2256
       13231        2265
       13232        2304
       13233        2151
       13234        2160
       13235        2215
       13236        2237
       13237        2287
       13238        2302
       13239        2145
       13240        2169
       13241        2196
       13242        2249
       13243        2276
       13244        2305
       13245        2143
       13246        2174
       13247        2193
       13248        2253
       13249        2272
       13250        2306
       13251        2150
       13252        2180
       13253        2190
       13254        2261
       13255        2271
       13256        2307
       13257        2161
       13258        2168
       13259        2218
       13260        2242
       13261        2278
       13262        2314
       13263        2155
       13264        2170
       13265        2220
       13266        2247
       13267        2298
       13268        2311
       13269        2081
       13270        2146
       13271        2254
       13272        2303
       13273        2334
       13274        2362
       13275        2156
       13276        2178
       13277        2214
       13278        2255
       13279        2292
       13280        2310
       13281        2157
       13282        2177
       13283        2222
       13284        2252
       13285        2296
       13286        2309
       13287        2160
       13288        2172
       13289        2228
       13290        2246
       13291        2302
       13292        2308
       13293        2154
       13294        2187
       13295        2201
       13296        2265
       13297        2282
       13298        2312
       13299        2158
       13300        2184
       13301        2209
       13302        2264
       13303        2291
       13304        2313
       13305        2163
       13306        2185
       13307        2226
       13308        2262
       13309        2299
       13310        2315
       13311        1851
       13312        2046
       13313        2081
       13314        2303
       13315        2482
       13316        2611
       13317        2168
       13318        2182
       13319        2232
       13320        2258
       13321        2314
       13322        2316
       13323        2164
       13324        2190
       13325        2216
       13326        2271
       13327        2297
       13328        2319
       13329        2165
       13330        2203
       13331        2205
       13332        2284
       13333        2285
       13334        2320
       13335        2166
       13336        2203
       13337        2207
       13338        2284
       13339        2289
       13340        2322
       13341        2172
       13342        2183
       13343        2237
       13344        2260
       13345        2308
       13346        2317
       13347        2170
       13348        2188
       13349        2233
       13350        2270
       13351        2311
       13352        2318
       13353        2167
       13354        2205
       13355        2211
       13356        2285
       13357        2293
       13358        2325
       13359        2169
       13360        2193
       13361        2229
       13362        2272
       13363        2305
       13364        2324
       13365        2179
       13366        2189
       13367        2212
       13368        2263
       13369        2323
       13370        2328
       13371        2171
       13372        2207
       13373        2221
       13374        2289
       13375        2301
       13376        2329
       13377        2177
       13378        2191
       13379        2236
       13380        2269
       13381        2309
       13382        2327
       13383        2174
       13384        2201
       13385        2230
       13386        2282
       13387        2306
       13388        2330
       13389        2146
       13390        2148
       13391        2234
       13392        2362
       13393        2178
       13394        2196
       13395        2235
       13396        2276
       13397        2310
       13398        2331
       13399        2176
       13400        2211
       13401        2227
       13402        2293
       13403        2304
       13404        2335
       13405        2186
       13406        2198
       13407        2259
       13408        2266
       13409        2326
       13410        2333
       13411        2182
       13412        2200
       13413        2242
       13414        2277
       13415        2316
       13416        2332
       13417        2175
       13418        2186
       13419        2199
       13420        2257
       13421        2333
       13422        2387
       13423        2183
       13424        2197
       13425        2246
       13426        2273
       13427        2317
       13428        2336
       13429        2180
       13430        2221
       13431        2231
       13432        2301
       13433        2307
       13434        2340
       13435        2185
       13436        2209
       13437        2240
       13438        2291
       13439        2315
       13440        2341
       13441        2189
       13442        2194
       13443        2250
       13444        2267
       13445        2328
       13446        2337
       13447        2184
       13448        2216
       13449        2239
       13450        2297
       13451        2313
       13452        2343
       13453        2187
       13454        2227
       13455        2238
       13456        2304
       13457        2312
       13458        2344
       13459        2198
       13460        2202
       13461        2257
       13462        2268
       13463        2326
       13464        2338
       13465        2194
       13466        2204
       13467        2263
       13468        2275
       13469        2337
       13470        2342
       13471        2202
       13472        2218
       13473        2266
       13474        2278
       13475        2338
       13476        2339
       13477        2191
       13478        2226
       13479        2252
       13480        2299
       13481        2327
       13482        2349
       13483        2188
       13484        2223
       13485        2247
       13486        2318
       13487        2321
       13488        2347
       13489        2190
       13490        2231
       13491        2243
       13492        2307
       13493        2319
       13494        2356
       13495        2193
       13496        2230
       13497        2249
       13498        2306
       13499        2324
       13500        2355
       13501        2197
       13502        2222
       13503        2260
       13504        2296
       13505        2336
       13506        2352
       13507        2208
       13508        2210
       13509        2280
       13510        2300
       13511        2345
       13512        2361
       13513        2204
       13514        2215
       13515        2267
       13516        2287
       13517        2342
       13518        2350
       13519        2196
       13520        2229
       13521        2255
       13522        2305
       13523        2331
       13524        2358
       13525        2200
       13526        2220
       13527        2258
       13528        2298
       13529        2332
       13530        2354
       13531        2218
       13532        2232
       13533        2268
       13534        2314
       13535        2339
       13536        2214
       13537        2223
       13538        2292
       13539        2321
       13540        2346
       13541        2210
       13542        2213
       13543        2274
       13544        2281
       13545        2345
       13546        2351
       13547        2206
       13548        2213
       13549        2280
       13550        2295
       13551        2351
       13552        2353
       13553        2201
       13554        2238
       13555        2253
       13556        2312
       13557        2330
       13558        2365
       13559        2162
       13560        2224
       13561        2290
       13562        2374
       13563        2394
       13564        2203
       13565        2244
       13566        2245
       13567        2320
       13568        2322
       13569        2366
       13570        2205
       13571        2244
       13572        2248
       13573        2320
       13574        2325
       13575        2367
       13576        2217
       13577        2225
       13578        2288
       13579        2294
       13580        2348
       13581        2360
       13582        2215
       13583        2228
       13584        2275
       13585        2302
       13586        2350
       13587        2363
       13588        2192
       13589        2225
       13590        2286
       13591        2295
       13592        2359
       13593        2360
       13594        2207
       13595        2245
       13596        2251
       13597        2322
       13598        2329
       13599        2371
       13600        2162
       13601        2181
       13602        2283
       13603        2394
       13604        2209
       13605        2239
       13606        2262
       13607        2313
       13608        2341
       13609        2370
       13610        2214
       13611        2235
       13612        2279
       13613        2310
       13614        2346
       13615        2369
       13616        2211
       13617        2248
       13618        2256
       13619        2325
       13620        2335
       13621        2376
       13622        2217
       13623        2219
       13624        2286
       13625        2348
       13626        2386
       13627        2192
       13628        2206
       13629        2281
       13630        2288
       13631        2353
       13632        2359
       13633        2373
       13634        2222
       13635        2236
       13636        2273
       13637        2309
       13638        2352
       13639        2372
       13640        2216
       13641        2243
       13642        2264
       13643        2319
       13644        2343
       13645        2378
       13646        2220
       13647        2233
       13648        2277
       13649        2311
       13650        2354
       13651        2375
       13652        2226
       13653        2240
       13654        2269
       13655        2315
       13656        2349
       13657        2379
       13658        2208
       13659        2212
       13660        2274
       13661        2323
       13662        2361
       13663        2391
       13664        2221
       13665        2251
       13666        2261
       13667        2329
       13668        2340
       13669        2380
       13670        2228
       13671        2237
       13672        2287
       13673        2308
       13674        2363
       13675        2377
       13676        2081
       13677        2234
       13678        2241
       13679        2334
       13680        2445
       13681        2482
       13682        2227
       13683        2256
       13684        2265
       13685        2335
       13686        2344
       13687        2381
       13688        2229
       13689        2249
       13690        2276
       13691        2324
       13692        2358
       13693        2382
       13694        2230
       13695        2253
       13696        2272
       13697        2330
       13698        2355
       13699        2384
       13700        2231
       13701        2261
       13702        2271
       13703        2340
       13704        2356
       13705        2388
       13706        2237
       13707        2246
       13708        2302
       13709        2317
       13710        2377
       13711        2385
       13712        2236
       13713        2252
       13714        2296
       13715        2327
       13716        2372
       13717        2389
       13718        2235
       13719        2255
       13720        2292
       13721        2331
       13722        2369
       13723        2390
       13724        2233
       13725        2247
       13726        2298
       13727        2318
       13728        2375
       13729        2383
       13730        2238
       13731        2265
       13732        2282
       13733        2344
       13734        2365
       13735        2392
       13736        2239
       13737        2264
       13738        2291
       13739        2343
       13740        2370
       13741        2395
       13742        2232
       13743        2242
       13744        2278
       13745        2316
       13746        2339
       13747        2405
       13748        2407
       13749        2240
       13750        2262
       13751        2299
       13752        2341
       13753        2379
       13754        2396
       13755        2242
       13756        2258
       13757        2314
       13758        2332
       13759        2393
       13760        2405
       13761        2246
       13762        2260
       13763        2308
       13764        2336
       13765        2385
       13766        2397
       13767        2247
       13768        2270
       13769        2311
       13770        2347
       13771        2383
       13772        2399
       13773        2243
       13774        2271
       13775        2297
       13776        2356
       13777        2378
       13778        2404
       13779        2244
       13780        2284
       13781        2285
       13782        2366
       13783        2367
       13784        2406
       13785        2223
       13786        2270
       13787        2279
       13788        2346
       13789        2347
       13790        2401
       13791        2422
       13792        2245
       13793        2284
       13794        2289
       13795        2366
       13796        2371
       13797        2409
       13798        2212
       13799        2250
       13800        2300
       13801        2328
       13802        2391
       13803        2398
       13804        2249
       13805        2272
       13806        2305
       13807        2355
       13808        2382
       13809        2410
       13810        2248
       13811        2285
       13812        2293
       13813        2367
       13814        2376
       13815        2413
       13816        2257
       13817        2266
       13818        2333
       13819        2338
       13820        2400
       13821        2408
       13822        2252
       13823        2269
       13824        2309
       13825        2349
       13826        2389
       13827        2412
       13828        2250
       13829        2263
       13830        2323
       13831        2337
       13832        2398
       13833        2402
       13834        2251
       13835        2289
       13836        2301
       13837        2371
       13838        2380
       13839        2416
       13840        2253
       13841        2282
       13842        2306
       13843        2365
       13844        2384
       13845        2417
       13846        2255
       13847        2276
       13848        2310
       13849        2358
       13850        2390
       13851        2415
       13852        2258
       13853        2277
       13854        2316
       13855        2354
       13856        2393
       13857        2436
       13858        2257
       13859        2259
       13860        2326
       13861        2387
       13862        2408
       13863        2234
       13864        2303
       13865        2362
       13866        2445
       13867        2463
       13868        2256
       13869        2293
       13870        2304
       13871        2376
       13872        2381
       13873        2420
       13874        2260
       13875        2273
       13876        2317
       13877        2352
       13878        2397
       13879        2418
       13880        2263
       13881        2267
       13882        2328
       13883        2342
       13884        2402
       13885        2414
       13886        2266
       13887        2268
       13888        2326
       13889        2339
       13890        2400
       13891        2411
       13892        2268
       13893        2278
       13894        2314
       13895        2338
       13896        2407
       13897        2411
       13898        2261
       13899        2301
       13900        2307
       13901        2380
       13902        2388
       13903        2425
       13904        2262
       13905        2291
       13906        2315
       13907        2370
       13908        2396
       13909        2424
       13910        2267
       13911        2275
       13912        2337
       13913        2350
       13914        2414
       13915        2421
       13916        2264
       13917        2297
       13918        2313
       13919        2378
       13920        2395
       13921        2427
       13922        2265
       13923        2304
       13924        2312
       13925        2381
       13926        2392
       13927        2433
       13928        2274
       13929        2280
       13930        2351
       13931        2361
       13932        2419
       13933        2426
       13934        2279
       13935        2292
       13936        2321
       13937        2369
       13938        2401
       13939        2430
       13940        2270
       13941        2318
       13942        2321
       13943        2399
       13944        2422
       13945        2286
       13946        2294
       13947        2360
       13948        2386
       13949        2441
       13950        2269
       13951        2299
       13952        2327
       13953        2379
       13954        2412
       13955        2435
       13956        2275
       13957        2287
       13958        2342
       13959        2363
       13960        2421
       13961        2429
       13962        2280
       13963        2281
       13964        2345
       13965        2353
       13966        2419
       13967        2423
       13968        2273
       13969        2296
       13970        2336
       13971        2372
       13972        2418
       13973        2434
       13974        2281
       13975        2295
       13976        2351
       13977        2373
       13978        2423
       13979        2428
       13980        2277
       13981        2298
       13982        2332
       13983        2375
       13984        2436
       13985        2438
       13986        2272
       13987        2306
       13988        2324
       13989        2384
       13990        2410
       13991        2440
       13992        2271
       13993        2307
       13994        2319
       13995        2388
       13996        2404
       13997        2443
       13998        2149
       13999        2153
       14000        2173
       14001        2386
       14002        2552
       14003        2607
       14004        2276
       14005        2305
       14006        2331
       14007        2382
       14008        2415
       14009        2442
       14010        2288
       14011        2295
       14012        2360
       14013        2373
       14014        2431
       14015        2432
       14016        2286
       14017        2288
       14018        2348
       14019        2359
       14020        2432
       14021        2441
       14022        2274
       14023        2300
       14024        2345
       14025        2391
       14026        2426
       14027        2439
       14028        2234
       14029        2254
       14030        2334
       14031        2463
       14032        2287
       14033        2302
       14034        2350
       14035        2377
       14036        2429
       14037        2444
       14038        2195
       14039        2199
       14040        2387
       14041        2403
       14042        2580
       14043        2594
       14044        2282
       14045        2312
       14046        2330
       14047        2392
       14048        2417
       14049        2447
       14050        2284
       14051        2320
       14052        2322
       14053        2406
       14054        2409
       14055        2449
       14056        2285
       14057        2320
       14058        2325
       14059        2406
       14060        2413
       14061        2452
       14062        1977
       14063        1979
       14064        2173
       14065        2224
       14066        2437
       14067        2616
       14068        2734
       14069        2292
       14070        2310
       14071        2346
       14072        2390
       14073        2430
       14074        2448
       14075        2291
       14076        2313
       14077        2341
       14078        2395
       14079        2424
       14080        2453
       14081        2289
       14082        2322
       14083        2329
       14084        2409
       14085        2416
       14086        2454
       14087        2296
       14088        2309
       14089        2352
       14090        2389
       14091        2434
       14092        2450
       14093        2295
       14094        2353
       14095        2359
       14096        2428
       14097        2431
       14098        2224
       14099        2283
       14100        2394
       14101        2437
       14102        2472
       14103        2505
       14104        2298
       14105        2311
       14106        2354
       14107        2383
       14108        2438
       14109        2446
       14110        2293
       14111        2325
       14112        2335
       14113        2413
       14114        2420
       14115        2456
       14116        2302
       14117        2308
       14118        2363
       14119        2385
       14120        2444
       14121        2451
       14122        2297
       14123        2319
       14124        2343
       14125        2404
       14126        2427
       14127        2457
       14128        2299
       14129        2315
       14130        2349
       14131        2396
       14132        2435
       14133        2455
       14134        2301
       14135        2329
       14136        2340
       14137        2416
       14138        2425
       14139        2458
       14140        2304
       14141        2335
       14142        2344
       14143        2420
       14144        2433
       14145        2462
       14146        2305
       14147        2324
       14148        2358
       14149        2410
       14150        2442
       14151        2461
       14152        2311
       14153        2318
       14154        2375
       14155        2399
       14156        2446
       14157        2459
       14158        2306
       14159        2330
       14160        2355
       14161        2417
       14162        2440
       14163        2464
       14164        2308
       14165        2317
       14166        2377
       14167        2397
       14168        2451
       14169        2460
       14170        2153
       14171        2219
       14172        2294
       14173        2348
       14174        2357
       14175        2441
       14176        2535
       14177        2552
       14178        2199
       14179        2259
       14180        2333
       14181        2364
       14182        2408
       14183        2551
       14184        2580
       14185        2307
       14186        2340
       14187        2356
       14188        2425
       14189        2443
       14190        2468
       14191        2309
       14192        2327
       14193        2372
       14194        2412
       14195        2450
       14196        2465
       14197        2310
       14198        2331
       14199        2369
       14200        2415
       14201        2448
       14202        2467
       14203        2300
       14204        2323
       14205        2361
       14206        2398
       14207        2439
       14208        2466
       14209        2483
       14210        2312
       14211        2344
       14212        2365
       14213        2433
       14214        2447
       14215        2476
       14216        2316
       14217        2332
       14218        2405
       14219        2436
       14220        2470
       14221        2474
       14222        2283
       14223        2290
       14224        2374
       14225        2505
       14226        2313
       14227        2343
       14228        2370
       14229        2427
       14230        2453
       14231        2475
       14232        2315
       14233        2341
       14234        2379
       14235        2424
       14236        2455
       14237        2478
       14238        2317
       14239        2336
       14240        2385
       14241        2418
       14242        2460
       14243        2473
       14244        2323
       14245        2328
       14246        2391
       14247        2402
       14248        2466
       14249        2494
       14250        2318
       14251        2347
       14252        2383
       14253        2422
       14254        2459
       14255        2507
       14256        2326
       14257        2338
       14258        2408
       14259        2411
       14260        2469
       14261        2481
       14262        2321
       14263        2346
       14264        2422
       14265        2430
       14266        2480
       14267        2328
       14268        2337
       14269        2398
       14270        2414
       14271        2479
       14272        2494
       14273        2046
       14274        2195
       14275        2364
       14276        2594
       14277        2611
       14278        2319
       14279        2356
       14280        2378
       14281        2443
       14282        2457
       14283        2485
       14284        2314
       14285        2316
       14286        2393
       14287        2407
       14288        2471
       14289        2474
       14290        2320
       14291        2366
       14292        2367
       14293        2449
       14294        2452
       14295        2488
       14296        2314
       14297        2339
       14298        2405
       14299        2411
       14300        2471
       14301        2477
       14302        2326
       14303        2333
       14304        2387
       14305        2400
       14306        2481
       14307        2551
       14308        2322
       14309        2366
       14310        2371
       14311        2449
       14312        2454
       14313        2490
       14314        2324
       14315        2355
       14316        2382
       14317        2440
       14318        2461
       14319        2487
       14320        2338
       14321        2339
       14322        2400
       14323        2407
       14324        2469
       14325        2477
       14326        2327
       14327        2349
       14328        2389
       14329        2435
       14330        2465
       14331        2486
       14332        2325
       14333        2367
       14334        2376
       14335        2452
       14336        2456
       14337        2492
       14338        2337
       14339        2342
       14340        2402
       14341        2421
       14342        2479
       14343        2484
       14344        2331
       14345        2358
       14346        2390
       14347        2442
       14348        2467
       14349        2493
       14350        2329
       14351        2371
       14352        2380
       14353        2454
       14354        2458
       14355        2499
       14356        2330
       14357        2365
       14358        2384
       14359        2447
       14360        2464
       14361        2497
       14362        2336
       14363        2352
       14364        2397
       14365        2434
       14366        2473
       14367        2491
       14368        2345
       14369        2351
       14370        2423
       14371        2426
       14372        2489
       14373        2496
       14374        2335
       14375        2376
       14376        2381
       14377        2456
       14378        2462
       14379        2503
       14380        2342
       14381        2350
       14382        2414
       14383        2429
       14384        2484
       14385        2495
       14386        2321
       14387        2347
       14388        2399
       14389        2401
       14390        2480
       14391        2507
       14392        2550
       14393        2351
       14394        2353
       14395        2419
       14396        2428
       14397        2489
       14398        2501
       14399        2341
       14400        2370
       14401        2396
       14402        2453
       14403        2478
       14404        2508
       14405        2340
       14406        2380
       14407        2388
       14408        2458
       14409        2468
       14410        2509
       14411        2345
       14412        2361
       14413        2419
       14414        2439
       14415        2496
       14416        2498
       14417        2343
       14418        2378
       14419        2395
       14420        2457
       14421        2475
       14422        2511
       14423        2353
       14424        2373
       14425        2423
       14426        2431
       14427        2501
       14428        2502
       14429        2350
       14430        2363
       14431        2421
       14432        2444
       14433        2495
       14434        2506
       14435        2346
       14436        2369
       14437        2401
       14438        2448
       14439        2480
       14440        2510
       14441        2359
       14442        2373
       14443        2428
       14444        2432
       14445        2502
       14446        2504
       14447        2359
       14448        2360
       14449        2431
       14450        2441
       14451        2500
       14452        2504
       14453        2344
       14454        2381
       14455        2392
       14456        2462
       14457        2476
       14458        2514
       14459        2352
       14460        2372
       14461        2418
       14462        2450
       14463        2491
       14464        2512
       14465        2349
       14466        2379
       14467        2412
       14468        2455
       14469        2486
       14470        2513
       14471        2332
       14472        2354
       14473        2393
       14474        2438
       14475        2470
       14476        2521
       14477        2524
       14478        2224
       14479        2368
       14480        2374
       14481        2472
       14482        2577
       14483        2616
       14484        2354
       14485        2375
       14486        2436
       14487        2446
       14488        2516
       14489        2521
       14490        2361
       14491        2391
       14492        2426
       14493        2483
       14494        2498
       14495        2355
       14496        2384
       14497        2410
       14498        2464
       14499        2487
       14500        2518
       14501        2348
       14502        2360
       14503        2386
       14504        2432
       14505        2500
       14506        2535
       14507        2358
       14508        2382
       14509        2415
       14510        2461
       14511        2493
       14512        2519
       14513        2356
       14514        2388
       14515        2404
       14516        2468
       14517        2485
       14518        2520
       14519        2363
       14520        2377
       14521        2429
       14522        2451
       14523        2506
       14524        2515
       14525        2303
       14526        2334
       14527        2463
       14528        2482
       14529        2554
       14530        2566
       14531        2375
       14532        2383
       14533        2438
       14534        2459
       14535        2516
       14536        2517
       14537        2365
       14538        2392
       14539        2417
       14540        2476
       14541        2497
       14542        2523
       14543        2369
       14544        2390
       14545        2430
       14546        2467
       14547        2510
       14548        2525
       14549        2366
       14550        2406
       14551        2409
       14552        2488
       14553        2490
       14554        2527
       14555        2372
       14556        2389
       14557        2434
       14558        2465
       14559        2512
       14560        2526
       14561        2377
       14562        2385
       14563        2444
       14564        2460
       14565        2515
       14566        2522
       14567        2367
       14568        2406
       14569        2413
       14570        2488
       14571        2492
       14572        2529
       14573        2370
       14574        2395
       14575        2424
       14576        2475
       14577        2508
       14578        2528
       14579        2371
       14580        2409
       14581        2416
       14582        2490
       14583        2499
       14584        2531
       14585        2379
       14586        2396
       14587        2435
       14588        2478
       14589        2513
       14590        2532
       14591        2376
       14592        2413
       14593        2420
       14594        2492
       14595        2503
       14596        2533
       14597        2378
       14598        2404
       14599        2427
       14600        2485
       14601        2511
       14602        2534
       14603        2380
       14604        2416
       14605        2425
       14606        2499
       14607        2509
       14608        2538
       14609        2383
       14610        2399
       14611        2446
       14612        2507
       14613        2517
       14614        2578
       14615        2385
       14616        2397
       14617        2451
       14618        2473
       14619        2522
       14620        2536
       14621        2382
       14622        2410
       14623        2442
       14624        2487
       14625        2519
       14626        2540
       14627        2381
       14628        2420
       14629        2433
       14630        2503
       14631        2514
       14632        2542
       14633        2334
       14634        2362
       14635        2445
       14636        2566
       14637        2384
       14638        2417
       14639        2440
       14640        2497
       14641        2518
       14642        2544
       14643        2389
       14644        2412
       14645        2450
       14646        2486
       14647        2526
       14648        2545
       14649        2391
       14650        2398
       14651        2483
       14652        2494
       14653        2541
       14654        2390
       14655        2415
       14656        2448
       14657        2493
       14658        2525
       14659        2546
       14660        2388
       14661        2425
       14662        2443
       14663        2509
       14664        2520
       14665        2547
       14666        2400
       14667        2411
       14668        2477
       14669        2481
       14670        2539
       14671        2548
       14672        2393
       14673        2436
       14674        2474
       14675        2524
       14676        2530
       14677        2405
       14678        2407
       14679        2474
       14680        2477
       14681        2537
       14682        2543
       14683        2374
       14684        2437
       14685        2505
       14686        2577
       14687        2605
       14688        2397
       14689        2418
       14690        2460
       14691        2491
       14692        2536
       14693        2549
       14694        2393
       14695        2405
       14696        2470
       14697        2471
       14698        2530
       14699        2537
       14700        2395
       14701        2427
       14702        2453
       14703        2511
       14704        2528
       14705        2555
       14706        2392
       14707        2433
       14708        2447
       14709        2514
       14710        2523
       14711        2558
       14712        2407
       14713        2411
       14714        2469
       14715        2471
       14716        2539
       14717        2543
       14718        2396
       14719        2424
       14720        2455
       14721        2508
       14722        2532
       14723        2556
       14724        2402
       14725        2414
       14726        2484
       14727        2494
       14728        2557
       14729        2401
       14730        2422
       14731        2430
       14732        2510
       14733        2550
       14734        2563
       14735        2400
       14736        2408
       14737        2469
       14738        2548
       14739        2551
       14740        2241
       14741        2303
       14742        2445
       14743        2554
       14744        2611
       14745        2639
       14746        2687
       14747        2391
       14748        2439
       14749        2466
       14750        2498
       14751        2541
       14752        2571
       14753        2414
       14754        2421
       14755        2479
       14756        2495
       14757        2557
       14758        2559
       14759        2404
       14760        2443
       14761        2457
       14762        2520
       14763        2534
       14764        2564
       14765        2412
       14766        2435
       14767        2465
       14768        2513
       14769        2545
       14770        2565
       14771        2410
       14772        2440
       14773        2461
       14774        2518
       14775        2540
       14776        2569
       14777        2406
       14778        2449
       14779        2452
       14780        2527
       14781        2529
       14782        2572
       14783        2419
       14784        2423
       14785        2496
       14786        2501
       14787        2553
       14788        2562
       14789        2409
       14790        2449
       14791        2454
       14792        2527
       14793        2531
       14794        2573
       14795        2418
       14796        2434
       14797        2473
       14798        2512
       14799        2549
       14800        2570
       14801        2413
       14802        2452
       14803        2456
       14804        2529
       14805        2533
       14806        2575
       14807        2415
       14808        2442
       14809        2467
       14810        2519
       14811        2546
       14812        2574
       14813        2398
       14814        2402
       14815        2466
       14816        2479
       14817        2541
       14818        2557
       14819        2596
       14820        2421
       14821        2429
       14822        2484
       14823        2506
       14824        2559
       14825        2567
       14826        2419
       14827        2426
       14828        2489
       14829        2498
       14830        2560
       14831        2562
       14832        2417
       14833        2447
       14834        2464
       14835        2523
       14836        2544
       14837        2576
       14838        2426
       14839        2439
       14840        2483
       14841        2496
       14842        2560
       14843        2571
       14844        2416
       14845        2454
       14846        2458
       14847        2531
       14848        2538
       14849        2579
       14850        2432
       14851        2441
       14852        2504
       14853        2535
       14854        2582
       14855        2423
       14856        2428
       14857        2489
       14858        2502
       14859        2553
       14860        2561
       14861        2428
       14862        2431
       14863        2501
       14864        2504
       14865        2561
       14866        2568
       14867        2420
       14868        2456
       14869        2462
       14870        2533
       14871        2542
       14872        2583
       14873        2431
       14874        2432
       14875        2500
       14876        2502
       14877        2568
       14878        2582
       14879        2374
       14880        2394
       14881        2472
       14882        2605
       14883        2429
       14884        2444
       14885        2495
       14886        2515
       14887        2567
       14888        2581
       14889        2399
       14890        2422
       14891        2459
       14892        2550
       14893        2578
       14894        2595
       14895        2424
       14896        2453
       14897        2478
       14898        2528
       14899        2556
       14900        2585
       14901        2425
       14902        2458
       14903        2468
       14904        2538
       14905        2547
       14906        2586
       14907        2430
       14908        2448
       14909        2480
       14910        2525
       14911        2563
       14912        2603
       14913        2427
       14914        2457
       14915        2475
       14916        2534
       14917        2555
       14918        2588
       14919        2434
       14920        2450
       14921        2491
       14922        2526
       14923        2570
       14924        2587
       14925        2435
       14926        2455
       14927        2486
       14928        2532
       14929        2565
       14930        2591
       14931        2433
       14932        2462
       14933        2476
       14934        2542
       14935        2558
       14936        2593
       14937        2444
       14938        2451
       14939        2506
       14940        2522
       14941        2581
       14942        2589
       14943        2438
       14944        2446
       14945        2517
       14946        2521
       14947        2584
       14948        2590
       14949        2446
       14950        2459
       14951        2516
       14952        2578
       14953        2584
       14954        2440
       14955        2464
       14956        2487
       14957        2544
       14958        2569
       14959        2598
       14960        2442
       14961        2461
       14962        2493
       14963        2540
       14964        2574
       14965        2597
       14966        2443
       14967        2468
       14968        2485
       14969        2547
       14970        2564
       14971        2600
       14972        2436
       14973        2438
       14974        2516
       14975        2524
       14976        2590
       14977        2599
       14978        2451
       14979        2460
       14980        2515
       14981        2536
       14982        2589
       14983        2601
       14984        2447
       14985        2476
       14986        2497
       14987        2558
       14988        2576
       14989        2608
       14990        2436
       14991        2470
       14992        2521
       14993        2530
       14994        2592
       14995        2599
       14996        2448
       14997        2467
       14998        2510
       14999        2546
       15000        2603
       15001        2606
       15002        2450
       15003        2465
       15004        2512
       15005        2545
       15006        2587
       15007        2604
       15008        2449
       15009        2488
       15010        2490
       15011        2572
       15012        2573
       15013        2612
       15014        2453
       15015        2475
       15016        2508
       15017        2555
       15018        2585
       15019        2610
       15020        2452
       15021        2488
       15022        2492
       15023        2572
       15024        2575
       15025        2614
       15026        2470
       15027        2474
       15028        2524
       15029        2537
       15030        2592
       15031        2602
       15032        2454
       15033        2490
       15034        2499
       15035        2573
       15036        2579
       15037        2617
       15038        2455
       15039        2478
       15040        2513
       15041        2556
       15042        2591
       15043        2615
       15044        2456
       15045        2492
       15046        2503
       15047        2575
       15048        2583
       15049        2620
       15050        2457
       15051        2485
       15052        2511
       15053        2564
       15054        2588
       15055        2619
       15056        2386
       15057        2441
       15058        2500
       15059        2552
       15060        2582
       15061        2684
       15062        2710
       15063        2460
       15064        2473
       15065        2522
       15066        2549
       15067        2601
       15068        2618
       15069        2471
       15070        2474
       15071        2530
       15072        2543
       15073        2602
       15074        2613
       15075        2458
       15076        2499
       15077        2509
       15078        2579
       15079        2586
       15080        2623
       15081        2469
       15082        2477
       15083        2543
       15084        2548
       15085        2609
       15086        2624
       15087        2461
       15088        2487
       15089        2519
       15090        2569
       15091        2597
       15092        2625
       15093        2466
       15094        2483
       15095        2494
       15096        2571
       15097        2596
       15098        2622
       15099        2462
       15100        2503
       15101        2514
       15102        2583
       15103        2593
       15104        2628
       15105        2471
       15106        2477
       15107        2537
       15108        2539
       15109        2609
       15110        2613
       15111        2464
       15112        2497
       15113        2518
       15114        2576
       15115        2598
       15116        2627
       15117        2465
       15118        2486
       15119        2526
       15120        2565
       15121        2604
       15122        2626
       15123        2467
       15124        2493
       15125        2525
       15126        2574
       15127        2606
       15128        2640
       15129        2468
       15130        2509
       15131        2520
       15132        2586
       15133        2600
       15134        2633
       15135        2469
       15136        2481
       15137        2539
       15138        2551
       15139        2624
       15140        2728
       15141        2473
       15142        2491
       15143        2536
       15144        2570
       15145        2618
       15146        2631
       15147        2422
       15148        2480
       15149        2507
       15150        2563
       15151        2595
       15152        2637
       15153        2658
       15154        2387
       15155        2408
       15156        2481
       15157        2548
       15158        2580
       15159        2728
       15160        2759
       15161        2357
       15162        2386
       15163        2535
       15164        2607
       15165        2710
       15166        2943
       15167        2489
       15168        2501
       15169        2561
       15170        2562
       15171        2621
       15172        2629
       15173        2445
       15174        2482
       15175        2566
       15176        2639
       15177        2670
       15178        2475
       15179        2511
       15180        2528
       15181        2588
       15182        2610
       15183        2638
       15184        2478
       15185        2508
       15186        2532
       15187        2585
       15188        2615
       15189        2636
       15190        2479
       15191        2484
       15192        2494
       15193        2559
       15194        2596
       15195        2642
       15196        2653
       15197        2476
       15198        2514
       15199        2523
       15200        2593
       15201        2608
       15202        2641
       15203        2484
       15204        2495
       15205        2557
       15206        2567
       15207        2634
       15208        2642
       15209        2496
       15210        2498
       15211        2562
       15212        2571
       15213        2630
       15214        2632
       15215        2501
       15216        2502
       15217        2553
       15218        2568
       15219        2629
       15220        2635
       15221        2489
       15222        2496
       15223        2553
       15224        2560
       15225        2621
       15226        2630
       15227        2480
       15228        2510
       15229        2550
       15230        2603
       15231        2637
       15232        2485
       15233        2520
       15234        2534
       15235        2600
       15236        2619
       15237        2647
       15238        2486
       15239        2513
       15240        2545
       15241        2591
       15242        2626
       15243        2645
       15244        2445
       15245        2463
       15246        2554
       15247        2670
       15248        2495
       15249        2506
       15250        2559
       15251        2581
       15252        2634
       15253        2644
       15254        2502
       15255        2504
       15256        2561
       15257        2582
       15258        2635
       15259        2650
       15260        2487
       15261        2518
       15262        2540
       15263        2598
       15264        2625
       15265        2649
       15266        2491
       15267        2512
       15268        2549
       15269        2587
       15270        2631
       15271        2646
       15272        2483
       15273        2498
       15274        2541
       15275        2560
       15276        2622
       15277        2632
       15278        2643
       15279        2488
       15280        2527
       15281        2529
       15282        2612
       15283        2614
       15284        2652
       15285        2490
       15286        2527
       15287        2531
       15288        2612
       15289        2617
       15290        2656
       15291        2493
       15292        2519
       15293        2546
       15294        2597
       15295        2640
       15296        2651
       15297        2492
       15298        2529
       15299        2533
       15300        2614
       15301        2620
       15302        2657
       15303        2497
       15304        2523
       15305        2544
       15306        2608
       15307        2627
       15308        2659
       15309        2437
       15310        2472
       15311        2605
       15312        2616
       15313        2693
       15314        2704
       15315        2459
       15316        2507
       15317        2517
       15318        2584
       15319        2595
       15320        2648
       15321        2679
       15322        2499
       15323        2531
       15324        2538
       15325        2617
       15326        2623
       15327        2661
       15328        2364
       15329        2387
       15330        2551
       15331        2594
       15332        2759
       15333        2831
       15334        2506
       15335        2515
       15336        2567
       15337        2589
       15338        2644
       15339        2655
       15340        2500
       15341        2504
       15342        2535
       15343        2568
       15344        2650
       15345        2684
       15346        2503
       15347        2533
       15348        2542
       15349        2620
       15350        2628
       15351        2663
       15352        2516
       15353        2517
       15354        2578
       15355        2590
       15356        2648
       15357        2654
       15358        2508
       15359        2528
       15360        2556
       15361        2610
       15362        2636
       15363        2664
       15364        2509
       15365        2538
       15366        2547
       15367        2623
       15368        2633
       15369        2669
       15370        2512
       15371        2526
       15372        2570
       15373        2604
       15374        2646
       15375        2665
       15376        2511
       15377        2534
       15378        2555
       15379        2619
       15380        2638
       15381        2668
       15382        2515
       15383        2522
       15384        2581
       15385        2601
       15386        2655
       15387        2666
       15388        2516
       15389        2521
       15390        2584
       15391        2599
       15392        2654
       15393        2662
       15394        2513
       15395        2532
       15396        2565
       15397        2615
       15398        2645
       15399        2671
       15400        2524
       15401        2530
       15402        2599
       15403        2602
       15404        2660
       15405        2667
       15406        2514
       15407        2542
       15408        2558
       15409        2628
       15410        2641
       15411        2673
       15412        2364
       15413        2403
       15414        2580
       15415        2611
       15416        2831
       15417        2953
       15418        2507
       15419        2550
       15420        2578
       15421        2658
       15422        2679
       15423        2494
       15424        2541
       15425        2557
       15426        2622
       15427        2653
       15428        2674
       15429        2519
       15430        2540
       15431        2574
       15432        2625
       15433        2651
       15434        2675
       15435        2518
       15436        2544
       15437        2569
       15438        2627
       15439        2649
       15440        2678
       15441        2521
       15442        2524
       15443        2590
       15444        2592
       15445        2660
       15446        2662
       15447        2520
       15448        2547
       15449        2564
       15450        2633
       15451        2647
       15452        2682
       15453        2522
       15454        2536
       15455        2589
       15456        2618
       15457        2666
       15458        2680
       15459        2530
       15460        2537
       15461        2592
       15462        2613
       15463        2667
       15464        2676
       15465        2510
       15466        2525
       15467        2563
       15468        2606
       15469        2637
       15470        2672
       15471        2709
       15472        2526
       15473        2545
       15474        2587
       15475        2626
       15476        2665
       15477        2683
       15478        2472
       15479        2505
       15480        2577
       15481        2704
       15482        2525
       15483        2546
       15484        2603
       15485        2640
       15486        2672
       15487        2173
       15488        2357
       15489        2552
       15490        2734
       15491        2943
       15492        3069
       15493        2523
       15494        2558
       15495        2576
       15496        2641
       15497        2659
       15498        2685
       15499        2539
       15500        2543
       15501        2613
       15502        2624
       15503        2677
       15504        2681
       15505        2528
       15506        2555
       15507        2585
       15508        2638
       15509        2664
       15510        2688
       15511        2046
       15512        2241
       15513        2403
       15514        2482
       15515        2594
       15516        2687
       15517        2853
       15518        2953
       15519        2527
       15520        2572
       15521        2573
       15522        2652
       15523        2656
       15524        2692
       15525        2537
       15526        2543
       15527        2602
       15528        2609
       15529        2676
       15530        2677
       15531        2529
       15532        2572
       15533        2575
       15534        2652
       15535        2657
       15536        2694
       15537        2532
       15538        2556
       15539        2591
       15540        2636
       15541        2671
       15542        2691
       15543        2368
       15544        2437
       15545        2577
       15546        2693
       15547        2734
       15548        2772
       15549        2816
       15550        2531
       15551        2573
       15552        2579
       15553        2656
       15554        2661
       15555        2695
       15556        2536
       15557        2549
       15558        2601
       15559        2631
       15560        2680
       15561        2689
       15562        2534
       15563        2564
       15564        2588
       15565        2647
       15566        2668
       15567        2696
       15568        2533
       15569        2575
       15570        2583
       15571        2657
       15572        2663
       15573        2698
       15574        2553
       15575        2562
       15576        2629
       15577        2630
       15578        2686
       15579        2690
       15580        2541
       15581        2571
       15582        2596
       15583        2643
       15584        2674
       15585        2697
       15586        2538
       15587        2579
       15588        2586
       15589        2661
       15590        2669
       15591        2701
       15592        2539
       15593        2548
       15594        2609
       15595        2681
       15596        2728
       15597        2540
       15598        2569
       15599        2597
       15600        2649
       15601        2675
       15602        2699
       15603        2545
       15604        2565
       15605        2604
       15606        2645
       15607        2683
       15608        2702
       15609        2544
       15610        2576
       15611        2598
       15612        2659
       15613        2678
       15614        2705
       15615        2542
       15616        2583
       15617        2593
       15618        2663
       15619        2673
       15620        2707
       15621        2553
       15622        2561
       15623        2621
       15624        2635
       15625        2690
       15626        2700
       15627        2560
       15628        2562
       15629        2621
       15630        2632
       15631        2686
       15632        2731
       15633        2741
       15634        2549
       15635        2570
       15636        2618
       15637        2646
       15638        2689
       15639        2706
       15640        2560
       15641        2571
       15642        2630
       15643        2643
       15644        2716
       15645        2731
       15646        2547
       15647        2586
       15648        2600
       15649        2669
       15650        2682
       15651        2711
       15652        2559
       15653        2567
       15654        2642
       15655        2644
       15656        2708
       15657        2727
       15658        2561
       15659        2568
       15660        2629
       15661        2650
       15662        2700
       15663        2714
       15664        2556
       15665        2585
       15666        2615
       15667        2664
       15668        2691
       15669        2712
       15670        2550
       15671        2563
       15672        2603
       15673        2658
       15674        2709
       15675        2726
       15676        2555
       15677        2588
       15678        2610
       15679        2668
       15680        2688
       15681        2713
       15682        2482
       15683        2554
       15684        2670
       15685        2687
       15686        2737
       15687        2764
       15688        2546
       15689        2574
       15690        2606
       15691        2651
       15692        2672
       15693        2703
       15694        2722
       15695        2558
       15696        2593
       15697        2608
       15698        2673
       15699        2685
       15700        2715
       15701        2557
       15702        2559
       15703        2634
       15704        2653
       15705        2719
       15706        2727
       15707        2571
       15708        2622
       15709        2632
       15710        2697
       15711        2716
       15712        2567
       15713        2581
       15714        2634
       15715        2655
       15716        2708
       15717        2754
       15718        2565
       15719        2591
       15720        2626
       15721        2671
       15722        2702
       15723        2723
       15724        2570
       15725        2587
       15726        2631
       15727        2665
       15728        2706
       15729        2721
       15730        2564
       15731        2600
       15732        2619
       15733        2682
       15734        2696
       15735        2729
       15736        2578
       15737        2584
       15738        2654
       15739        2679
       15740        2717
       15741        2725
       15742        2569
       15743        2598
       15744        2625
       15745        2678
       15746        2699
       15747        2732
       15748        2568
       15749        2582
       15750        2635
       15751        2684
       15752        2714
       15753        2825
       15754        2574
       15755        2597
       15756        2640
       15757        2675
       15758        2703
       15759        2733
       15760        2572
       15761        2612
       15762        2614
       15763        2692
       15764        2694
       15765        2735
       15766        2557
       15767        2596
       15768        2642
       15769        2674
       15770        2719
       15771        2738
       15772        2584
       15773        2590
       15774        2648
       15775        2662
       15776        2724
       15777        2725
       15778        2581
       15779        2589
       15780        2644
       15781        2666
       15782        2720
       15783        2754
       15784        2573
       15785        2612
       15786        2617
       15787        2692
       15788        2695
       15789        2736
       15790        2575
       15791        2614
       15792        2620
       15793        2694
       15794        2698
       15795        2739
       15796        2550
       15797        2595
       15798        2637
       15799        2679
       15800        2726
       15801        2748
       15802        2576
       15803        2608
       15804        2627
       15805        2685
       15806        2705
       15807        2740
       15808        2592
       15809        2599
       15810        2662
       15811        2667
       15812        2718
       15813        2730
       15814        2579
       15815        2617
       15816        2623
       15817        2695
       15818        2701
       15819        2742
       15820        2590
       15821        2599
       15822        2654
       15823        2660
       15824        2718
       15825        2724
       15826        2583
       15827        2620
       15828        2628
       15829        2698
       15830        2707
       15831        2747
       15832        2585
       15833        2610
       15834        2636
       15835        2688
       15836        2712
       15837        2746
       15838        2587
       15839        2604
       15840        2646
       15841        2683
       15842        2721
       15843        2744
       15844        2589
       15845        2601
       15846        2655
       15847        2680
       15848        2720
       15849        2775
       15850        2592
       15851        2602
       15852        2660
       15853        2676
       15854        2730
       15855        2743
       15856        2588
       15857        2619
       15858        2638
       15859        2696
       15860        2713
       15861        2749
       15862        2586
       15863        2623
       15864        2633
       15865        2701
       15866        2711
       15867        2751
       15868        2554
       15869        2566
       15870        2639
       15871        2764
       15872        2591
       15873        2615
       15874        2645
       15875        2691
       15876        2723
       15877        2750
       15878        2603
       15879        2606
       15880        2640
       15881        2709
       15882        2722
       15883        2752
       15884        2593
       15885        2628
       15886        2641
       15887        2707
       15888        2715
       15889        2756
       15890        2596
       15891        2622
       15892        2653
       15893        2697
       15894        2738
       15895        2753
       15896        2597
       15897        2625
       15898        2651
       15899        2699
       15900        2733
       15901        2758
       15902        2602
       15903        2613
       15904        2667
       15905        2677
       15906        2743
       15907        2745
       15908        2609
       15909        2613
       15910        2676
       15911        2681
       15912        2745
       15913        2761
       15914        2598
       15915        2627
       15916        2649
       15917        2705
       15918        2732
       15919        2760
       15920        2578
       15921        2595
       15922        2648
       15923        2658
       15924        2717
       15925        2748
       15926        2767
       15927        2601
       15928        2618
       15929        2666
       15930        2689
       15931        2755
       15932        2775
       15933        2609
       15934        2624
       15935        2677
       15936        2728
       15937        2761
       15938        2600
       15939        2633
       15940        2647
       15941        2711
       15942        2729
       15943        2762
       15944        2604
       15945        2626
       15946        2665
       15947        2702
       15948        2744
       15949        2763
       15950        2535
       15951        2582
       15952        2650
       15953        2710
       15954        2825
       15955        2862
       15956        2608
       15957        2641
       15958        2659
       15959        2715
       15960        2740
       15961        2769
       15962        2621
       15963        2630
       15964        2690
       15965        2741
       15966        2757
       15967        2482
       15968        2611
       15969        2639
       15970        2737
       15971        2835
       15972        2853
       15973        2610
       15974        2638
       15975        2664
       15976        2713
       15977        2746
       15978        2770
       15979        2618
       15980        2631
       15981        2680
       15982        2706
       15983        2755
       15984        2768
       15985        2621
       15986        2629
       15987        2686
       15988        2700
       15989        2757
       15990        2766
       15991        2615
       15992        2636
       15993        2671
       15994        2712
       15995        2750
       15996        2771
       15997        2612
       15998        2652
       15999        2656
       16000        2735
       16001        2736
       16002        2773
       16003        2577
       16004        2616
       16005        2704
       16006        2772
       16007        2806
       16008        2614
       16009        2652
       16010        2657
       16011        2735
       16012        2739
       16013        2774
       16014        2617
       16015        2656
       16016        2661
       16017        2736
       16018        2742
       16019        2776
       16020        2619
       16021        2647
       16022        2668
       16023        2729
       16024        2749
       16025        2777
       16026        2622
       16027        2643
       16028        2674
       16029        2716
       16030        2753
       16031        2765
       16032        2620
       16033        2657
       16034        2663
       16035        2739
       16036        2747
       16037        2778
       16038        2625
       16039        2649
       16040        2675
       16041        2732
       16042        2758
       16043        2779
       16044        2629
       16045        2635
       16046        2690
       16047        2714
       16048        2766
       16049        2785
       16050        2623
       16051        2661
       16052        2669
       16053        2742
       16054        2751
       16055        2783
       16056        2626
       16057        2645
       16058        2683
       16059        2723
       16060        2763
       16061        2781
       16062        2640
       16063        2651
       16064        2722
       16065        2733
       16066        2789
       16067        2577
       16068        2605
       16069        2693
       16070        2806
       16071        2627
       16072        2659
       16073        2678
       16074        2740
       16075        2760
       16076        2788
       16077        2631
       16078        2646
       16079        2689
       16080        2721
       16081        2768
       16082        2784
       16083        2628
       16084        2663
       16085        2673
       16086        2747
       16087        2756
       16088        2792
       16089        2634
       16090        2644
       16091        2727
       16092        2754
       16093        2786
       16094        2603
       16095        2637
       16096        2672
       16097        2726
       16098        2752
       16099        2780
       16100        2787
       16101        2535
       16102        2552
       16103        2684
       16104        2862
       16105        2943
       16106        2633
       16107        2669
       16108        2682
       16109        2751
       16110        2762
       16111        2795
       16112        2636
       16113        2664
       16114        2691
       16115        2746
       16116        2771
       16117        2796
       16118        2638
       16119        2668
       16120        2688
       16121        2749
       16122        2770
       16123        2797
       16124        2635
       16125        2650
       16126        2700
       16127        2785
       16128        2825
       16129        2641
       16130        2673
       16131        2685
       16132        2756
       16133        2769
       16134        2799
       16135        2632
       16136        2643
       16137        2697
       16138        2731
       16139        2765
       16140        2794
       16141        2648
       16142        2679
       16143        2725
       16144        2767
       16145        2791
       16146        2660
       16147        2662
       16148        2724
       16149        2730
       16150        2782
       16151        2793
       16152        2642
       16153        2653
       16154        2727
       16155        2738
       16156        2790
       16157        2798
       16158        2655
       16159        2666
       16160        2754
       16161        2775
       16162        2804
       16163        2646
       16164        2665
       16165        2706
       16166        2744
       16167        2784
       16168        2800
       16169        2640
       16170        2672
       16171        2703
       16172        2752
       16173        2789
       16174        2802
       16175        2645
       16176        2671
       16177        2702
       16178        2750
       16179        2781
       16180        2803
       16181        2654
       16182        2662
       16183        2718
       16184        2725
       16185        2782
       16186        2818
       16187        2648
       16188        2654
       16189        2717
       16190        2724
       16191        2791
       16192        2818
       16193        2637
       16194        2658
       16195        2709
       16196        2748
       16197        2787
       16198        2808
       16199        2634
       16200        2642
       16201        2708
       16202        2719
       16203        2786
       16204        2790
       16205        2820
       16206        2548
       16207        2551
       16208        2624
       16209        2681
       16210        2759
       16211        2761
       16212        2910
       16213        2959
       16214        2647
       16215        2682
       16216        2696
       16217        2762
       16218        2777
       16219        2810
       16220        2660
       16221        2667
       16222        2718
       16223        2743
       16224        2793
       16225        2801
       16226        2630
       16227        2632
       16228        2716
       16229        2741
       16230        2794
       16231        2805
       16232        2649
       16233        2678
       16234        2699
       16235        2760
       16236        2779
       16237        2809
       16238        2651
       16239        2675
       16240        2703
       16241        2758
       16242        2789
       16243        2832
       16244        2173
       16245        2368
       16246        2607
       16247        2616
       16248        2816
       16249        2981
       16250        3069
       16251        2652
       16252        2692
       16253        2694
       16254        2773
       16255        2774
       16256        2812
       16257        2656
       16258        2692
       16259        2695
       16260        2773
       16261        2776
       16262        2813
       16263        2639
       16264        2687
       16265        2764
       16266        2835
       16267        2865
       16268        2653
       16269        2674
       16270        2719
       16271        2753
       16272        2798
       16273        2811
       16274        2657
       16275        2694
       16276        2698
       16277        2774
       16278        2778
       16279        2814
       16280        2659
       16281        2685
       16282        2705
       16283        2769
       16284        2788
       16285        2815
       16286        2630
       16287        2686
       16288        2731
       16289        2757
       16290        2805
       16291        2817
       16292        2661
       16293        2695
       16294        2701
       16295        2776
       16296        2783
       16297        2821
       16298        2667
       16299        2676
       16300        2730
       16301        2745
       16302        2801
       16303        2807
       16304        2665
       16305        2683
       16306        2721
       16307        2763
       16308        2800
       16309        2819
       16310        2676
       16311        2677
       16312        2743
       16313        2761
       16314        2807
       16315        2828
       16316        2664
       16317        2688
       16318        2712
       16319        2770
       16320        2796
       16321        2822
       16322        2663
       16323        2698
       16324        2707
       16325        2778
       16326        2792
       16327        2824
       16328        2658
       16329        2679
       16330        2726
       16331        2767
       16332        2808
       16333        2823
       16334        2668
       16335        2696
       16336        2713
       16337        2777
       16338        2797
       16339        2830
       16340        2671
       16341        2691
       16342        2723
       16343        2771
       16344        2803
       16345        2827
       16346        2669
       16347        2701
       16348        2711
       16349        2783
       16350        2795
       16351        2833
       16352        2672
       16353        2709
       16354        2722
       16355        2780
       16356        2802
       16357        2829
       16358        2674
       16359        2697
       16360        2738
       16361        2765
       16362        2811
       16363        2826
       16364        2644
       16365        2655
       16366        2708
       16367        2720
       16368        2786
       16369        2804
       16370        2838
       16371        2680
       16372        2689
       16373        2768
       16374        2775
       16375        2834
       16376        2836
       16377        2673
       16378        2707
       16379        2715
       16380        2792
       16381        2799
       16382        2839
       16383        2686
       16384        2690
       16385        2741
       16386        2766
       16387        2817
       16388        2837
       16389        2675
       16390        2699
       16391        2733
       16392        2779
       16393        2832
       16394        2842
       16395        2551
       16396        2580
       16397        2728
       16398        2831
       16399        2959
       16400        3007
       16401        2678
       16402        2705
       16403        2732
       16404        2788
       16405        2809
       16406        2840
       16407        2677
       16408        2681
       16409        2728
       16410        2745
       16411        2828
       16412        2910
       16413        2682
       16414        2711
       16415        2729
       16416        2795
       16417        2810
       16418        2843
       16419        2683
       16420        2702
       16421        2744
       16422        2781
       16423        2819
       16424        2841
       16425        2639
       16426        2670
       16427        2737
       16428        2865
       16429        2697
       16430        2716
       16431        2753
       16432        2794
       16433        2826
       16434        2845
       16435        2690
       16436        2700
       16437        2757
       16438        2785
       16439        2837
       16440        2851
       16441        2679
       16442        2717
       16443        2748
       16444        2791
       16445        2823
       16446        2844
       16447        2689
       16448        2706
       16449        2755
       16450        2784
       16451        2836
       16452        2846
       16453        2685
       16454        2715
       16455        2740
       16456        2799
       16457        2815
       16458        2847
       16459        2688
       16460        2713
       16461        2746
       16462        2797
       16463        2822
       16464        2849
       16465        2691
       16466        2712
       16467        2750
       16468        2796
       16469        2827
       16470        2850
       16471        2616
       16472        2693
       16473        2806
       16474        2816
       16475        2874
       16476        2903
       16477        2692
       16478        2735
       16479        2736
       16480        2812
       16481        2813
       16482        2854
       16483        2694
       16484        2735
       16485        2739
       16486        2812
       16487        2814
       16488        2856
       16489        2666
       16490        2680
       16491        2720
       16492        2755
       16493        2804
       16494        2834
       16495        2855
       16496        2695
       16497        2736
       16498        2742
       16499        2813
       16500        2821
       16501        2858
       16502        2696
       16503        2729
       16504        2749
       16505        2810
       16506        2830
       16507        2859
       16508        2698
       16509        2739
       16510        2747
       16511        2814
       16512        2824
       16513        2861
       16514        2699
       16515        2732
       16516        2758
       16517        2809
       16518        2842
       16519        2864
       16520        2709
       16521        2752
       16522        2787
       16523        2829
       16524        2852
       16525        2702
       16526        2723
       16527        2763
       16528        2803
       16529        2841
       16530        2860
       16531        2718
       16532        2724
       16533        2793
       16534        2818
       16535        2848
       16536        2701
       16537        2742
       16538        2751
       16539        2821
       16540        2833
       16541        2869
       16542        2706
       16543        2721
       16544        2768
       16545        2800
       16546        2846
       16547        2863
       16548        2700
       16549        2714
       16550        2766
       16551        2825
       16552        2851
       16553        2967
       16554        2708
       16555        2727
       16556        2754
       16557        2820
       16558        2838
       16559        2873
       16560        2709
       16561        2726
       16562        2780
       16563        2808
       16564        2852
       16565        2868
       16566        2705
       16567        2740
       16568        2760
       16569        2815
       16570        2840
       16571        2872
       16572        2703
       16573        2722
       16574        2733
       16575        2802
       16576        2832
       16577        2870
       16578        2719
       16579        2727
       16580        2798
       16581        2820
       16582        2857
       16583        2717
       16584        2725
       16585        2767
       16586        2818
       16587        2844
       16588        2871
       16589        2707
       16590        2747
       16591        2756
       16592        2824
       16593        2839
       16594        2875
       16595        2718
       16596        2730
       16597        2782
       16598        2801
       16599        2848
       16600        2867
       16601        2716
       16602        2731
       16603        2765
       16604        2805
       16605        2845
       16606        2866
       16607        2711
       16608        2751
       16609        2762
       16610        2833
       16611        2843
       16612        2878
       16613        2712
       16614        2746
       16615        2771
       16616        2822
       16617        2850
       16618        2879
       16619        2713
       16620        2749
       16621        2770
       16622        2830
       16623        2849
       16624        2880
       16625        2719
       16626        2738
       16627        2790
       16628        2811
       16629        2857
       16630        2877
       16631        2715
       16632        2756
       16633        2769
       16634        2839
       16635        2847
       16636        2883
       16637        2721
       16638        2744
       16639        2784
       16640        2819
       16641        2863
       16642        2881
       16643        2730
       16644        2743
       16645        2793
       16646        2807
       16647        2867
       16648        2876
       16649        2722
       16650        2752
       16651        2789
       16652        2829
       16653        2870
       16654        2886
       16655        2723
       16656        2750
       16657        2781
       16658        2827
       16659        2860
       16660        2884
       16661        2720
       16662        2754
       16663        2775
       16664        2838
       16665        2855
       16666        2885
       16667        2731
       16668        2741
       16669        2794
       16670        2817
       16671        2866
       16672        2882
       16673        2693
       16674        2704
       16675        2772
       16676        2903
       16677        2743
       16678        2745
       16679        2801
       16680        2828
       16681        2876
       16682        2892
       16683        2726
       16684        2748
       16685        2787
       16686        2823
       16687        2868
       16688        2888
       16689        2732
       16690        2760
       16691        2779
       16692        2840
       16693        2864
       16694        2889
       16695        2729
       16696        2762
       16697        2777
       16698        2843
       16699        2859
       16700        2890
       16701        2738
       16702        2753
       16703        2798
       16704        2826
       16705        2877
       16706        2887
       16707        2735
       16708        2773
       16709        2774
       16710        2854
       16711        2856
       16712        2894
       16713        2736
       16714        2773
       16715        2776
       16716        2854
       16717        2858
       16718        2895
       16719        2739
       16720        2774
       16721        2778
       16722        2856
       16723        2861
       16724        2899
       16725        2740
       16726        2769
       16727        2788
       16728        2847
       16729        2872
       16730        2898
       16731        2616
       16732        2734
       16733        2772
       16734        2874
       16735        2962
       16736        2981
       16737        2741
       16738        2757
       16739        2805
       16740        2837
       16741        2882
       16742        2893
       16743        2724
       16744        2725
       16745        2782
       16746        2791
       16747        2848
       16748        2871
       16749        2906
       16750        2911
       16751        2744
       16752        2763
       16753        2800
       16754        2841
       16755        2881
       16756        2897
       16757        2727
       16758        2786
       16759        2790
       16760        2857
       16761        2873
       16762        2901
       16763        2742
       16764        2776
       16765        2783
       16766        2858
       16767        2869
       16768        2902
       16769        2746
       16770        2770
       16771        2796
       16772        2849
       16773        2879
       16774        2904
       16775        2748
       16776        2767
       16777        2808
       16778        2844
       16779        2888
       16780        2900
       16781        2747
       16782        2778
       16783        2792
       16784        2861
       16785        2875
       16786        2907
       16787        2650
       16788        2684
       16789        2714
       16790        2785
       16791        2862
       16792        2967
       16793        3010
       16794        2753
       16795        2765
       16796        2811
       16797        2845
       16798        2887
       16799        2905
       16800        2750
       16801        2771
       16802        2803
       16803        2850
       16804        2884
       16805        2909
       16806        2745
       16807        2761
       16808        2807
       16809        2892
       16810        2910
       16811        2752
       16812        2780
       16813        2802
       16814        2852
       16815        2886
       16816        2908
       16817        2749
       16818        2777
       16819        2797
       16820        2859
       16821        2880
       16822        2912
       16823        2580
       16824        2594
       16825        2759
       16826        2953
       16827        3007
       16828        3260
       16829        2733
       16830        2758
       16831        2789
       16832        2842
       16833        2870
       16834        2896
       16835        2924
       16836        2751
       16837        2783
       16838        2795
       16839        2869
       16840        2878
       16841        2913
       16842        2755
       16843        2775
       16844        2836
       16845        2855
       16846        2891
       16847        2914
       16848        2687
       16849        2737
       16850        2853
       16851        2865
       16852        2942
       16853        2960
       16854        2755
       16855        2768
       16856        2834
       16857        2846
       16858        2891
       16859        2757
       16860        2766
       16861        2817
       16862        2851
       16863        2893
       16864        2918
       16865        2754
       16866        2786
       16867        2804
       16868        2873
       16869        2885
       16870        2915
       16871        2756
       16872        2792
       16873        2799
       16874        2875
       16875        2883
       16876        2917
       16877        2760
       16878        2788
       16879        2809
       16880        2872
       16881        2889
       16882        2919
       16883        2763
       16884        2781
       16885        2819
       16886        2860
       16887        2897
       16888        2920
       16889        2758
       16890        2779
       16891        2832
       16892        2864
       16893        2896
       16894        2916
       16895        2762
       16896        2795
       16897        2810
       16898        2878
       16899        2890
       16900        2923
       16901        2767
       16902        2791
       16903        2823
       16904        2871
       16905        2900
       16906        2921
       16907        2765
       16908        2794
       16909        2826
       16910        2866
       16911        2905
       16912        2922
       16913        2768
       16914        2784
       16915        2836
       16916        2863
       16917        2891
       16918        2931
       16919        2769
       16920        2799
       16921        2815
       16922        2883
       16923        2898
       16924        2927
       16925        2782
       16926        2793
       16927        2818
       16928        2867
       16929        2911
       16930        2925
       16931        2770
       16932        2797
       16933        2822
       16934        2880
       16935        2904
       16936        2928
       16937        2771
       16938        2796
       16939        2827
       16940        2879
       16941        2909
       16942        2929
       16943        2766
       16944        2785
       16945        2837
       16946        2918
       16947        2967
       16948        2780
       16949        2787
       16950        2829
       16951        2868
       16952        2908
       16953        2926
       16954        2611
       16955        2687
       16956        2835
       16957        2942
       16958        2953
       16959        3015
       16960        3048
       16961        2773
       16962        2812
       16963        2813
       16964        2894
       16965        2895
       16966        2933
       16967        2775
       16968        2804
       16969        2834
       16970        2885
       16971        2914
       16972        2932
       16973        2774
       16974        2812
       16975        2814
       16976        2894
       16977        2899
       16978        2936
       16979        2790
       16980        2798
       16981        2820
       16982        2877
       16983        2901
       16984        2935
       16985        2776
       16986        2813
       16987        2821
       16988        2895
       16989        2902
       16990        2941
       16991        2777
       16992        2810
       16993        2830
       16994        2890
       16995        2912
       16996        2938
       16997        2781
       16998        2803
       16999        2841
       17000        2884
       17001        2920
       17002        2939
       17003        2778
       17004        2814
       17005        2824
       17006        2899
       17007        2907
       17008        2946
       17009        2684
       17010        2710
       17011        2825
       17012        2943
       17013        3010
       17014        2784
       17015        2800
       17016        2846
       17017        2881
       17018        2931
       17019        2944
       17020        2779
       17021        2809
       17022        2842
       17023        2889
       17024        2916
       17025        2945
       17026        2737
       17027        2764
       17028        2835
       17029        2960
       17030        2794
       17031        2805
       17032        2845
       17033        2882
       17034        2922
       17035        2940
       17036        2793
       17037        2801
       17038        2848
       17039        2876
       17040        2925
       17041        2930
       17042        2787
       17043        2808
       17044        2852
       17045        2888
       17046        2926
       17047        2934
       17048        2783
       17049        2821
       17050        2833
       17051        2902
       17052        2913
       17053        2948
       17054        2789
       17055        2802
       17056        2832
       17057        2886
       17058        2924
       17059        2947
       17060        2791
       17061        2818
       17062        2844
       17063        2906
       17064        2921
       17065        2952
       17066        2788
       17067        2815
       17068        2840
       17069        2898
       17070        2919
       17071        2949
       17072        2786
       17073        2820
       17074        2838
       17075        2901
       17076        2915
       17077        2950
       17078        2772
       17079        2816
       17080        2903
       17081        2962
       17082        3001
       17083        2792
       17084        2824
       17085        2839
       17086        2907
       17087        2917
       17088        2951
       17089        2801
       17090        2807
       17091        2867
       17092        2892
       17093        2930
       17094        2954
       17095        2798
       17096        2811
       17097        2857
       17098        2887
       17099        2935
       17100        2937
       17101        2795
       17102        2833
       17103        2843
       17104        2913
       17105        2923
       17106        2957
       17107        2796
       17108        2822
       17109        2850
       17110        2904
       17111        2929
       17112        2955
       17113        2797
       17114        2830
       17115        2849
       17116        2912
       17117        2928
       17118        2961
       17119        2800
       17120        2819
       17121        2863
       17122        2897
       17123        2944
       17124        2958
       17125        2805
       17126        2817
       17127        2866
       17128        2893
       17129        2940
       17130        2956
       17131        2799
       17132        2839
       17133        2847
       17134        2917
       17135        2927
       17136        2966
       17137        2803
       17138        2827
       17139        2860
       17140        2909
       17141        2939
       17142        2965
       17143        2804
       17144        2838
       17145        2855
       17146        2915
       17147        2932
       17148        2968
       17149        2802
       17150        2829
       17151        2870
       17152        2908
       17153        2947
       17154        2963
       17155        2811
       17156        2826
       17157        2877
       17158        2905
       17159        2937
       17160        2969
       17161        2808
       17162        2823
       17163        2868
       17164        2900
       17165        2934
       17166        2964
       17167        2809
       17168        2840
       17169        2864
       17170        2919
       17171        2945
       17172        2972
       17173        2810
       17174        2843
       17175        2859
       17176        2923
       17177        2938
       17178        2973
       17179        2834
       17180        2836
       17181        2846
       17182        2914
       17183        2931
       17184        2971
       17185        2807
       17186        2828
       17187        2876
       17188        2910
       17189        2954
       17190        3071
       17191        2817
       17192        2837
       17193        2882
       17194        2918
       17195        2956
       17196        2983
       17197        2812
       17198        2854
       17199        2856
       17200        2933
       17201        2936
       17202        2975
       17203        2813
       17204        2854
       17205        2858
       17206        2933
       17207        2941
       17208        2977
       17209        2832
       17210        2842
       17211        2916
       17212        2924
       17213        2982
       17214        2819
       17215        2841
       17216        2881
       17217        2920
       17218        2958
       17219        2974
       17220        2815
       17221        2847
       17222        2872
       17223        2927
       17224        2949
       17225        2979
       17226        2814
       17227        2856
       17228        2861
       17229        2936
       17230        2946
       17231        2980
       17232        2823
       17233        2844
       17234        2888
       17235        2921
       17236        2964
       17237        2976
       17238        2820
       17239        2857
       17240        2873
       17241        2935
       17242        2950
       17243        2984
       17244        2821
       17245        2858
       17246        2869
       17247        2941
       17248        2948
       17249        2986
       17250        2772
       17251        2806
       17252        2874
       17253        3001
       17254        2822
       17255        2849
       17256        2879
       17257        2928
       17258        2955
       17259        2985
       17260        2826
       17261        2845
       17262        2887
       17263        2922
       17264        2969
       17265        2978
       17266        2818
       17267        2871
       17268        2911
       17269        2952
       17270        2970
       17271        2824
       17272        2861
       17273        2875
       17274        2946
       17275        2951
       17276        2990
       17277        2829
       17278        2852
       17279        2886
       17280        2926
       17281        2963
       17282        2987
       17283        2827
       17284        2850
       17285        2884
       17286        2929
       17287        2965
       17288        2989
       17289        2728
       17290        2761
       17291        2828
       17292        2892
       17293        2959
       17294        3071
       17295        3122
       17296        2818
       17297        2848
       17298        2906
       17299        2925
       17300        2970
       17301        2988
       17302        2830
       17303        2859
       17304        2880
       17305        2938
       17306        2961
       17307        2991
       17308        2833
       17309        2869
       17310        2878
       17311        2948
       17312        2957
       17313        2993
       17314        2834
       17315        2855
       17316        2891
       17317        2932
       17318        2971
       17319        2992
       17320        2838
       17321        2873
       17322        2885
       17323        2950
       17324        2968
       17325        2995
       17326        2842
       17327        2864
       17328        2896
       17329        2945
       17330        2982
       17331        2998
       17332        2839
       17333        2875
       17334        2883
       17335        2951
       17336        2966
       17337        3000
       17338        2837
       17339        2851
       17340        2893
       17341        2967
       17342        2983
       17343        3095
       17344        2840
       17345        2872
       17346        2889
       17347        2949
       17348        2972
       17349        3003
       17350        2841
       17351        2860
       17352        2897
       17353        2939
       17354        2974
       17355        2999
       17356        2844
       17357        2871
       17358        2900
       17359        2952
       17360        2976
       17361        3004
       17362        2845
       17363        2866
       17364        2905
       17365        2940
       17366        2978
       17367        3002
       17368        2843
       17369        2878
       17370        2890
       17371        2957
       17372        2973
       17373        3008
       17374        2832
       17375        2870
       17376        2896
       17377        2947
       17378        2982
       17379        3006
       17380        2848
       17381        2867
       17382        2911
       17383        2930
       17384        2988
       17385        2997
       17386        2852
       17387        2868
       17388        2908
       17389        2934
       17390        2987
       17391        2994
       17392        2847
       17393        2883
       17394        2898
       17395        2966
       17396        2979
       17397        3013
       17398        2849
       17399        2880
       17400        2904
       17401        2961
       17402        2985
       17403        3012
       17404        2850
       17405        2879
       17406        2909
       17407        2955
       17408        2989
       17409        3011
       17410        2867
       17411        2876
       17412        2925
       17413        2954
       17414        2997
       17415        3009
       17416        2846
       17417        2863
       17418        2891
       17419        2944
       17420        2971
       17421        3005
       17422        3047
       17423        2855
       17424        2885
       17425        2914
       17426        2968
       17427        2992
       17428        3016
       17429        2854
       17430        2894
       17431        2895
       17432        2975
       17433        2977
       17434        3021
       17435        2868
       17436        2888
       17437        2926
       17438        2964
       17439        2994
       17440        3017
       17441        2857
       17442        2877
       17443        2901
       17444        2937
       17445        2984
       17446        2996
       17447        3018
       17448        2856
       17449        2894
       17450        2899
       17451        2975
       17452        2980
       17453        3023
       17454        2877
       17455        2887
       17456        2935
       17457        2969
       17458        2996
       17459        3014
       17460        2859
       17461        2890
       17462        2912
       17463        2973
       17464        2991
       17465        3025
       17466        2860
       17467        2884
       17468        2920
       17469        2965
       17470        2999
       17471        3022
       17472        2866
       17473        2882
       17474        2922
       17475        2956
       17476        3002
       17477        3020
       17478        2858
       17479        2895
       17480        2902
       17481        2977
       17482        2986
       17483        3026
       17484        2835
       17485        2853
       17486        2960
       17487        3015
       17488        3053
       17489        2552
       17490        2607
       17491        2710
       17492        2862
       17493        3010
       17494        3069
       17495        3239
       17496        3359
       17497        2863
       17498        2881
       17499        2931
       17500        2958
       17501        3005
       17502        3019
       17503        2864
       17504        2889
       17505        2916
       17506        2972
       17507        2998
       17508        3028
       17509        2861
       17510        2899
       17511        2907
       17512        2980
       17513        2990
       17514        3029
       17515        2870
       17516        2886
       17517        2924
       17518        2963
       17519        3006
       17520        3024
       17521        2869
       17522        2902
       17523        2913
       17524        2986
       17525        2993
       17526        3030
       17527        2872
       17528        2898
       17529        2919
       17530        2979
       17531        3003
       17532        3031
       17533        2873
       17534        2901
       17535        2915
       17536        2984
       17537        2995
       17538        3032
       17539        2875
       17540        2907
       17541        2917
       17542        2990
       17543        3000
       17544        3034
       17545        2871
       17546        2906
       17547        2921
       17548        2970
       17549        3004
       17550        3027
       17551        2594
       17552        2611
       17553        2831
       17554        2853
       17555        3048
       17556        3194
       17557        3260
       17558        2876
       17559        2892
       17560        2930
       17561        3009
       17562        3071
       17563        2879
       17564        2904
       17565        2929
       17566        2985
       17567        3011
       17568        3037
       17569        2882
       17570        2893
       17571        2940
       17572        2983
       17573        3020
       17574        3045
       17575        2878
       17576        2913
       17577        2923
       17578        2993
       17579        3008
       17580        3038
       17581        2881
       17582        2897
       17583        2944
       17584        2974
       17585        3019
       17586        3036
       17587        2728
       17588        2759
       17589        2910
       17590        3007
       17591        3122
       17592        3210
       17593        2835
       17594        2865
       17595        2942
       17596        3053
       17597        2880
       17598        2912
       17599        2928
       17600        2991
       17601        3012
       17602        3040
       17603        2816
       17604        2874
       17605        2981
       17606        3001
       17607        3072
       17608        3090
       17609        2886
       17610        2908
       17611        2947
       17612        2987
       17613        3024
       17614        3039
       17615        2888
       17616        2900
       17617        2934
       17618        2976
       17619        3017
       17620        3041
       17621        2884
       17622        2909
       17623        2939
       17624        2989
       17625        3022
       17626        3042
       17627        2883
       17628        2917
       17629        2927
       17630        3000
       17631        3013
       17632        3046
       17633        2785
       17634        2825
       17635        2851
       17636        2918
       17637        3010
       17638        3095
       17639        3145
       17640        2885
       17641        2915
       17642        2932
       17643        2995
       17644        3016
       17645        3044
       17646        2887
       17647        2905
       17648        2937
       17649        2978
       17650        3014
       17651        3035
       17652        2906
       17653        2911
       17654        2952
       17655        2988
       17656        3027
       17657        3043
       17658        2891
       17659        2914
       17660        2931
       17661        2992
       17662        3033
       17663        3047
       17664        2889
       17665        2919
       17666        2945
       17667        3003
       17668        3028
       17669        3050
       17670        2890
       17671        2923
       17672        2938
       17673        3008
       17674        3025
       17675        3054
       17676        2897
       17677        2920
       17678        2958
       17679        2999
       17680        3036
       17681        3056
       17682        2894
       17683        2933
       17684        2936
       17685        3021
       17686        3023
       17687        3059
       17688        2900
       17689        2921
       17690        2964
       17691        3004
       17692        3041
       17693        3051
       17694        2895
       17695        2933
       17696        2941
       17697        3021
       17698        3026
       17699        3061
       17700        2905
       17701        2922
       17702        2969
       17703        3002
       17704        3035
       17705        3058
       17706        2898
       17707        2927
       17708        2949
       17709        3013
       17710        3031
       17711        3060
       17712        2899
       17713        2936
       17714        2946
       17715        3023
       17716        3029
       17717        3062
       17718        2734
       17719        2816
       17720        2962
       17721        3069
       17722        3072
       17723        3139
       17724        3169
       17725        2896
       17726        2916
       17727        2924
       17728        2998
       17729        3006
       17730        3049
       17731        3074
       17732        2893
       17733        2918
       17734        2956
       17735        3045
       17736        3095
       17737        2901
       17738        2935
       17739        2950
       17740        3018
       17741        3032
       17742        3063
       17743        2904
       17744        2928
       17745        2955
       17746        3012
       17747        3037
       17748        3065
       17749        2902
       17750        2941
       17751        2948
       17752        3026
       17753        3030
       17754        3066
       17755        2908
       17756        2926
       17757        2963
       17758        2994
       17759        3039
       17760        3052
       17761        2911
       17762        2925
       17763        2970
       17764        2997
       17765        3043
       17766        3055
       17767        2909
       17768        2929
       17769        2965
       17770        3011
       17771        3042
       17772        3067
       17773        2907
       17774        2946
       17775        2951
       17776        3029
       17777        3034
       17778        3068
       17779        2912
       17780        2938
       17781        2961
       17782        3025
       17783        3040
       17784        3070
       17785        2914
       17786        2932
       17787        2971
       17788        3016
       17789        3033
       17790        3057
       17791        2913
       17792        2948
       17793        2957
       17794        3030
       17795        3038
       17796        3076
       17797        2926
       17798        2934
       17799        2987
       17800        3017
       17801        3052
       17802        3073
       17803        2915
       17804        2950
       17805        2968
       17806        3032
       17807        3044
       17808        3075
       17809        2935
       17810        2937
       17811        3014
       17812        3018
       17813        3064
       17814        2925
       17815        2930
       17816        2988
       17817        3009
       17818        3055
       17819        3084
       17820        2916
       17821        2945
       17822        2982
       17823        3028
       17824        3049
       17825        3077
       17826        2920
       17827        2939
       17828        2974
       17829        3022
       17830        3056
       17831        3078
       17832        2917
       17833        2951
       17834        2966
       17835        3034
       17836        3046
       17837        3082
       17838        2874
       17839        2903
       17840        2962
       17841        3090
       17842        2922
       17843        2940
       17844        2978
       17845        3020
       17846        3058
       17847        3080
       17848        2919
       17849        2949
       17850        2972
       17851        3031
       17852        3050
       17853        3083
       17854        2921
       17855        2952
       17856        2976
       17857        3027
       17858        3051
       17859        3079
       17860        2931
       17861        2944
       17862        3019
       17863        3047
       17864        3081
       17865        3123
       17866        2924
       17867        2947
       17868        2982
       17869        3024
       17870        3074
       17871        3086
       17872        2759
       17873        2831
       17874        2959
       17875        3210
       17876        3260
       17877        3287
       17878        2923
       17879        2957
       17880        2973
       17881        3038
       17882        3054
       17883        3085
       17884        2930
       17885        2954
       17886        2997
       17887        3071
       17888        3084
       17889        2825
       17890        2862
       17891        2943
       17892        2967
       17893        3145
       17894        3239
       17895        3381
       17896        2929
       17897        2955
       17898        2989
       17899        3037
       17900        3067
       17901        3088
       17902        2928
       17903        2961
       17904        2985
       17905        3040
       17906        3065
       17907        3089
       17908        2927
       17909        2966
       17910        2979
       17911        3046
       17912        3060
       17913        3091
       17914        2937
       17915        2969
       17916        2996
       17917        3035
       17918        3064
       17919        3087
       17920        2853
       17921        2942
       17922        3048
       17923        3053
       17924        3106
       17925        3138
       17926        2932
       17927        2968
       17928        2992
       17929        3044
       17930        3057
       17931        3092
       17932        2934
       17933        2964
       17934        2994
       17935        3041
       17936        3073
       17937        3093
       17938        2935
       17939        2984
       17940        2996
       17941        3063
       17942        3064
       17943        3118
       17944        2944
       17945        2958
       17946        3005
       17947        3036
       17948        3081
       17949        3094
       17950        2940
       17951        2956
       17952        3002
       17953        3045
       17954        3080
       17955        3101
       17956        2933
       17957        2975
       17958        2977
       17959        3059
       17960        3061
       17961        3098
       17962        2939
       17963        2965
       17964        2999
       17965        3042
       17966        3078
       17967        3096
       17968        2936
       17969        2975
       17970        2980
       17971        3059
       17972        3062
       17973        3099
       17974        2947
       17975        2963
       17976        3006
       17977        3039
       17978        3086
       17979        3102
       17980        2938
       17981        2973
       17982        2991
       17983        3054
       17984        3070
       17985        3100
       17986        2941
       17987        2977
       17988        2986
       17989        3061
       17990        3066
       17991        3104
       17992        2952
       17993        2970
       17994        3004
       17995        3043
       17996        3079
       17997        3097
       17998        2945
       17999        2972
       18000        2998
       18001        3050
       18002        3077
       18003        3103
       18004        2946
       18005        2980
       18006        2990
       18007        3062
       18008        3068
       18009        3108
       18010        2948
       18011        2986
       18012        2993
       18013        3066
       18014        3076
       18015        3110
       18016        2949
       18017        2979
       18018        3003
       18019        3060
       18020        3083
       18021        3111
       18022        2950
       18023        2984
       18024        2995
       18025        3063
       18026        3075
       18027        3105
       18028        2971
       18029        2992
       18030        3047
       18031        3057
       18032        3109
       18033        2951
       18034        2990
       18035        3000
       18036        3068
       18037        3082
       18038        3114
       18039        2969
       18040        2978
       18041        3014
       18042        3058
       18043        3087
       18044        3113
       18045        2958
       18046        2974
       18047        3019
       18048        3056
       18049        3094
       18050        3115
       18051        2955
       18052        2985
       18053        3011
       18054        3065
       18055        3088
       18056        3117
       18057        2957
       18058        2993
       18059        3008
       18060        3076
       18061        3085
       18062        3119
       18063        2963
       18064        2987
       18065        3024
       18066        3052
       18067        3102
       18068        3116
       18069        2961
       18070        2991
       18071        3012
       18072        3070
       18073        3089
       18074        3120
       18075        2964
       18076        2976
       18077        3017
       18078        3051
       18079        3093
       18080        3107
       18081        2965
       18082        2989
       18083        3022
       18084        3067
       18085        3096
       18086        3121
       18087        2970
       18088        2988
       18089        3027
       18090        3055
       18091        3097
       18092        3112
       18093        2968
       18094        2995
       18095        3016
       18096        3075
       18097        3092
       18098        3124
       18099        2956
       18100        2983
       18101        3020
       18102        3095
       18103        3101
       18104        3213
       18105        2966
       18106        3000
       18107        3013
       18108        3082
       18109        3091
       18110        3125
       18111        2931
       18112        2971
       18113        3005
       18114        3033
       18115        3109
       18116        3123
       18117        3152
       18118        2853
       18119        2953
       18120        3015
       18121        3106
       18122        3186
       18123        3194
       18124        2982
       18125        2998
       18126        3074
       18127        3077
       18128        3127
       18129        2972
       18130        3003
       18131        3028
       18132        3083
       18133        3103
       18134        3129
       18135        2976
       18136        3004
       18137        3041
       18138        3079
       18139        3107
       18140        3128
       18141        2987
       18142        2994
       18143        3039
       18144        3073
       18145        3116
       18146        3126
       18147        2942
       18148        2960
       18149        3015
       18150        3138
       18151        2973
       18152        3008
       18153        3025
       18154        3085
       18155        3100
       18156        3130
       18157        2988
       18158        2997
       18159        3043
       18160        3084
       18161        3112
       18162        3137
       18163        2974
       18164        2999
       18165        3036
       18166        3078
       18167        3115
       18168        3131
       18169        2992
       18170        3016
       18171        3033
       18172        3092
       18173        3109
       18174        3133
       18175        2978
       18176        3002
       18177        3035
       18178        3080
       18179        3113
       18180        3132
       18181        2975
       18182        3021
       18183        3023
       18184        3098
       18185        3099
       18186        3134
       18187        2979
       18188        3013
       18189        3031
       18190        3091
       18191        3111
       18192        3135
       18193        2977
       18194        3021
       18195        3026
       18196        3098
       18197        3104
       18198        3136
       18199        2980
       18200        3023
       18201        3029
       18202        3099
       18203        3108
       18204        3141
       18205        2984
       18206        3018
       18207        3032
       18208        3105
       18209        3118
       18210        3160
       18211        2996
       18212        3014
       18213        3018
       18214        3087
       18215        3118
       18216        3140
       18217        2985
       18218        3012
       18219        3037
       18220        3089
       18221        3117
       18222        3142
       18223        2986
       18224        3026
       18225        3030
       18226        3104
       18227        3110
       18228        3144
       18229        2989
       18230        3011
       18231        3042
       18232        3088
       18233        3121
       18234        3143
       18235        2990
       18236        3029
       18237        3034
       18238        3108
       18239        3114
       18240        3148
       18241        2607
       18242        2734
       18243        2943
       18244        2981
       18245        3169
       18246        3308
       18247        3359
       18248        2991
       18249        3025
       18250        3040
       18251        3100
       18252        3120
       18253        3149
       18254        2892
       18255        2910
       18256        2954
       18257        3009
       18258        3084
       18259        3122
       18260        3249
       18261        3292
       18262        2962
       18263        2981
       18264        3090
       18265        3139
       18266        3179
       18267        2994
       18268        3017
       18269        3052
       18270        3093
       18271        3126
       18272        3147
       18273        2982
       18274        3006
       18275        3049
       18276        3086
       18277        3127
       18278        3146
       18279        2995
       18280        3032
       18281        3044
       18282        3105
       18283        3124
       18284        3151
       18285        2993
       18286        3030
       18287        3038
       18288        3110
       18289        3119
       18290        3153
       18291        2998
       18292        3028
       18293        3049
       18294        3103
       18295        3127
       18296        3156
       18297        2999
       18298        3022
       18299        3056
       18300        3096
       18301        3131
       18302        3157
       18303        3004
       18304        3027
       18305        3051
       18306        3097
       18307        3128
       18308        3154
       18309        3002
       18310        3020
       18311        3058
       18312        3101
       18313        3132
       18314        3150
       18315        3005
       18316        3019
       18317        3094
       18318        3123
       18319        3155
       18320        3000
       18321        3034
       18322        3046
       18323        3114
       18324        3125
       18325        3158
       18326        3003
       18327        3031
       18328        3050
       18329        3111
       18330        3129
       18331        3163
       18332        2997
       18333        3009
       18334        3055
       18335        3071
       18336        3137
       18337        3249
       18338        3008
       18339        3038
       18340        3054
       18341        3119
       18342        3130
       18343        3162
       18344        3006
       18345        3024
       18346        3074
       18347        3102
       18348        3146
       18349        3161
       18350        3014
       18351        3035
       18352        3064
       18353        3113
       18354        3140
       18355        3164
       18356        3011
       18357        3037
       18358        3067
       18359        3117
       18360        3143
       18361        3166
       18362        3012
       18363        3040
       18364        3065
       18365        3120
       18366        3142
       18367        3167
       18368        2962
       18369        3001
       18370        3072
       18371        3179
       18372        3013
       18373        3046
       18374        3060
       18375        3125
       18376        3135
       18377        3170
       18378        3016
       18379        3044
       18380        3057
       18381        3124
       18382        3133
       18383        3172
       18384        3017
       18385        3041
       18386        3073
       18387        3107
       18388        3147
       18389        3159
       18390        3019
       18391        3036
       18392        3081
       18393        3115
       18394        3155
       18395        3168
       18396        2918
       18397        2967
       18398        2983
       18399        3045
       18400        3145
       18401        3213
       18402        3273
       18403        3022
       18404        3042
       18405        3078
       18406        3121
       18407        3157
       18408        3173
       18409        3027
       18410        3043
       18411        3079
       18412        3112
       18413        3154
       18414        3165
       18415        3021
       18416        3059
       18417        3061
       18418        3134
       18419        3136
       18420        3174
       18421        3023
       18422        3059
       18423        3062
       18424        3134
       18425        3141
       18426        3176
       18427        3025
       18428        3054
       18429        3070
       18430        3130
       18431        3149
       18432        3175
       18433        3020
       18434        3045
       18435        3080
       18436        3150
       18437        3213
       18438        3024
       18439        3039
       18440        3086
       18441        3116
       18442        3161
       18443        3171
       18444        3028
       18445        3050
       18446        3077
       18447        3129
       18448        3156
       18449        3178
       18450        3026
       18451        3061
       18452        3066
       18453        3136
       18454        3144
       18455        3180
       18456        3032
       18457        3063
       18458        3075
       18459        3151
       18460        3160
       18461        3184
       18462        3015
       18463        3048
       18464        3138
       18465        3186
       18466        3226
       18467        3041
       18468        3051
       18469        3093
       18470        3128
       18471        3159
       18472        3177
       18473        3029
       18474        3062
       18475        3068
       18476        3141
       18477        3148
       18478        3181
       18479        3033
       18480        3047
       18481        3057
       18482        3133
       18483        3152
       18484        3183
       18485        3030
       18486        3066
       18487        3076
       18488        3144
       18489        3153
       18490        3187
       18491        3031
       18492        3060
       18493        3083
       18494        3135
       18495        3163
       18496        3185
       18497        3043
       18498        3055
       18499        3097
       18500        3137
       18501        3165
       18502        3182
       18503        3035
       18504        3058
       18505        3087
       18506        3132
       18507        3164
       18508        3189
       18509        3034
       18510        3068
       18511        3082
       18512        3148
       18513        3158
       18514        3191
       18515        3036
       18516        3056
       18517        3094
       18518        3131
       18519        3168
       18520        3190
       18521        3039
       18522        3052
       18523        3102
       18524        3126
       18525        3171
       18526        3188
       18527        3037
       18528        3065
       18529        3088
       18530        3142
       18531        3166
       18532        3193
       18533        3018
       18534        3063
       18535        3064
       18536        3140
       18537        3160
       18538        3192
       18539        3038
       18540        3076
       18541        3085
       18542        3153
       18543        3162
       18544        3196
       18545        3040
       18546        3070
       18547        3089
       18548        3149
       18549        3167
       18550        3197
       18551        3042
       18552        3067
       18553        3096
       18554        3143
       18555        3173
       18556        3195
       18557        2910
       18558        2959
       18559        3071
       18560        3210
       18561        3292
       18562        3358
       18563        3005
       18564        3047
       18565        3081
       18566        3152
       18567        3155
       18568        3199
       18569        3209
       18570        3044
       18571        3075
       18572        3092
       18573        3151
       18574        3172
       18575        3198
       18576        3046
       18577        3082
       18578        3091
       18579        3158
       18580        3170
       18581        3200
       18582        3052
       18583        3073
       18584        3116
       18585        3147
       18586        3188
       18587        3223
       18588        3049
       18589        3074
       18590        3077
       18591        3146
       18592        3156
       18593        3201
       18594        3207
       18595        3051
       18596        3079
       18597        3107
       18598        3154
       18599        3177
       18600        3202
       18601        3050
       18602        3083
       18603        3103
       18604        3163
       18605        3178
       18606        3203
       18607        3054
       18608        3085
       18609        3100
       18610        3162
       18611        3175
       18612        3205
       18613        3056
       18614        3078
       18615        3115
       18616        3157
       18617        3190
       18618        3204
       18619        3058
       18620        3080
       18621        3113
       18622        3150
       18623        3189
       18624        3217
       18625        3057
       18626        3092
       18627        3109
       18628        3172
       18629        3183
       18630        3206
       18631        3059
       18632        3098
       18633        3099
       18634        3174
       18635        3176
       18636        3212
       18637        3060
       18638        3091
       18639        3111
       18640        3170
       18641        3185
       18642        3219
       18643        3061
       18644        3098
       18645        3104
       18646        3174
       18647        3180
       18648        3214
       18649        3055
       18650        3084
       18651        3112
       18652        3182
       18653        3249
       18654        3015
       18655        3053
       18656        3106
       18657        3226
       18658        2981
       18659        3072
       18660        3169
       18661        3179
       18662        3224
       18663        3262
       18664        3064
       18665        3087
       18666        3118
       18667        3164
       18668        3192
       18669        3211
       18670        3062
       18671        3099
       18672        3108
       18673        3176
       18674        3181
       18675        3218
       18676        3065
       18677        3089
       18678        3117
       18679        3167
       18680        3193
       18681        3215
       18682        3067
       18683        3088
       18684        3121
       18685        3166
       18686        3195
       18687        3216
       18688        3066
       18689        3104
       18690        3110
       18691        3180
       18692        3187
       18693        3222
       18694        2967
       18695        3010
       18696        3095
       18697        3273
       18698        3381
       18699        3074
       18700        3086
       18701        3127
       18702        3161
       18703        3201
       18704        3221
       18705        3073
       18706        3093
       18707        3126
       18708        3159
       18709        3208
       18710        3223
       18711        3068
       18712        3108
       18713        3114
       18714        3181
       18715        3191
       18716        3225
       18717        3070
       18718        3100
       18719        3120
       18720        3175
       18721        3197
       18722        3227
       18723        3080
       18724        3101
       18725        3132
       18726        3213
       18727        3217
       18728        3075
       18729        3105
       18730        3124
       18731        3184
       18732        3198
       18733        3229
       18734        3047
       18735        3109
       18736        3123
       18737        3183
       18738        3199
       18739        3231
       18740        3076
       18741        3110
       18742        3119
       18743        3187
       18744        3196
       18745        3233
       18746        3079
       18747        3097
       18748        3128
       18749        3165
       18750        3202
       18751        3220
       18752        3081
       18753        3094
       18754        3123
       18755        3168
       18756        3209
       18757        3234
       18758        3077
       18759        3103
       18760        3127
       18761        3178
       18762        3207
       18763        3232
       18764        3078
       18765        3096
       18766        3131
       18767        3173
       18768        3204
       18769        3247
       18770        3082
       18771        3114
       18772        3125
       18773        3191
       18774        3200
       18775        3235
       18776        3093
       18777        3107
       18778        3147
       18779        3177
       18780        3208
       18781        3230
       18782        3063
       18783        3105
       18784        3118
       18785        3184
       18786        3192
       18787        3228
       18788        3236
       18789        3086
       18790        3102
       18791        3146
       18792        3171
       18793        3221
       18794        3246
       18795        3085
       18796        3119
       18797        3130
       18798        3196
       18799        3205
       18800        3238
       18801        3083
       18802        3111
       18803        3129
       18804        3185
       18805        3203
       18806        3266
       18807        3087
       18808        3113
       18809        3140
       18810        3189
       18811        3211
       18812        3237
       18813        3097
       18814        3112
       18815        3154
       18816        3182
       18817        3220
       18818        3248
       18819        3088
       18820        3117
       18821        3143
       18822        3193
       18823        3216
       18824        3240
       18825        3089
       18826        3120
       18827        3142
       18828        3197
       18829        3215
       18830        3243
       18831        3094
       18832        3115
       18833        3155
       18834        3190
       18835        3234
       18836        3241
       18837        2981
       18838        3069
       18839        3139
       18840        3224
       18841        3304
       18842        3308
       18843        3091
       18844        3125
       18845        3135
       18846        3200
       18847        3219
       18848        3244
       18849        3102
       18850        3116
       18851        3161
       18852        3188
       18853        3242
       18854        3246
       18855        3092
       18856        3124
       18857        3133
       18858        3198
       18859        3206
       18860        3245
       18861        3096
       18862        3121
       18863        3157
       18864        3195
       18865        3247
       18866        3098
       18867        3134
       18868        3136
       18869        3212
       18870        3214
       18871        3254
       18872        3100
       18873        3130
       18874        3149
       18875        3205
       18876        3227
       18877        3253
       18878        3099
       18879        3134
       18880        3141
       18881        3212
       18882        3218
       18883        3256
       18884        3107
       18885        3128
       18886        3159
       18887        3202
       18888        3230
       18889        3251
       18890        3103
       18891        3129
       18892        3156
       18893        3203
       18894        3232
       18895        3255
       18896        3072
       18897        3090
       18898        3139
       18899        3262
       18900        3104
       18901        3136
       18902        3144
       18903        3214
       18904        3222
       18905        3258
       18906        3108
       18907        3141
       18908        3148
       18909        3218
       18910        3225
       18911        3259
       18912        3112
       18913        3137
       18914        3165
       18915        3248
       18916        3249
       18917        3109
       18918        3133
       18919        3152
       18920        3206
       18921        3231
       18922        3250
       18923        3105
       18924        3151
       18925        3160
       18926        3228
       18927        3229
       18928        3252
       18929        3111
       18930        3135
       18931        3163
       18932        3219
       18933        3266
       18934        3286
       18935        3048
       18936        3106
       18937        3194
       18938        3226
       18939        3279
       18940        3307
       18941        3110
       18942        3144
       18943        3153
       18944        3222
       18945        3233
       18946        3261
       18947        3116
       18948        3126
       18949        3171
       18950        3223
       18951        3242
       18952        3284
       18953        3113
       18954        3132
       18955        3164
       18956        3217
       18957        3237
       18958        3270
       18959        3115
       18960        3131
       18961        3168
       18962        3204
       18963        3241
       18964        3272
       18965        3114
       18966        3148
       18967        3158
       18968        3225
       18969        3235
       18970        3264
       18971        3118
       18972        3140
       18973        3160
       18974        3211
       18975        3236
       18976        3263
       18977        3117
       18978        3142
       18979        3166
       18980        3215
       18981        3240
       18982        3265
       18983        2953
       18984        3048
       18985        3186
       18986        3260
       18987        3279
       18988        3340
       18989        3360
       18990        3121
       18991        3143
       18992        3173
       18993        3216
       18994        3247
       18995        3275
       18996        3119
       18997        3153
       18998        3162
       18999        3233
       19000        3238
       19001        3271
       19002        3120
       19003        3149
       19004        3167
       19005        3227
       19006        3243
       19007        3269
       19008        3124
       19009        3151
       19010        3172
       19011        3229
       19012        3245
       19013        3268
       19014        3123
       19015        3152
       19016        3209
       19017        3231
       19018        3276
       19019        3125
       19020        3158
       19021        3170
       19022        3235
       19023        3244
       19024        3278
       19025        3127
       19026        3146
       19027        3207
       19028        3221
       19029        3257
       19030        3277
       19031        3128
       19032        3154
       19033        3177
       19034        3220
       19035        3251
       19036        3267
       19037        3129
       19038        3163
       19039        3178
       19040        3255
       19041        3266
       19042        3131
       19043        3157
       19044        3190
       19045        3247
       19046        3272
       19047        3294
       19048        3130
       19049        3162
       19050        3175
       19051        3238
       19052        3253
       19053        3282
       19054        3133
       19055        3172
       19056        3183
       19057        3245
       19058        3250
       19059        3280
       19060        3127
       19061        3156
       19062        3201
       19063        3232
       19064        3257
       19065        3283
       19066        3147
       19067        3159
       19068        3223
       19069        3230
       19070        3274
       19071        3123
       19072        3155
       19073        3199
       19074        3234
       19075        3276
       19076        3312
       19077        2959
       19078        3007
       19079        3122
       19080        3287
       19081        3358
       19082        3522
       19083        3140
       19084        3164
       19085        3192
       19086        3237
       19087        3263
       19088        3285
       19089        3134
       19090        3174
       19091        3176
       19092        3254
       19093        3256
       19094        3288
       19095        3045
       19096        3095
       19097        3101
       19098        3150
       19099        3217
       19100        3273
       19101        3352
       19102        3427
       19103        3136
       19104        3174
       19105        3180
       19106        3254
       19107        3258
       19108        3290
       19109        3142
       19110        3167
       19111        3193
       19112        3243
       19113        3265
       19114        3289
       19115        3143
       19116        3166
       19117        3195
       19118        3240
       19119        3275
       19120        3296
       19121        3132
       19122        3150
       19123        3189
       19124        3213
       19125        3270
       19126        3352
       19127        3141
       19128        3176
       19129        3181
       19130        3256
       19131        3259
       19132        3293
       19133        3135
       19134        3170
       19135        3185
       19136        3244
       19137        3286
       19138        3291
       19139        3154
       19140        3165
       19141        3202
       19142        3248
       19143        3267
       19144        3305
       19145        3146
       19146        3161
       19147        3201
       19148        3246
       19149        3277
       19150        3313
       19151        3144
       19152        3180
       19153        3187
       19154        3258
       19155        3261
       19156        3295
       19157        3126
       19158        3147
       19159        3188
       19160        3208
       19161        3274
       19162        3284
       19163        3317
       19164        3139
       19165        3169
       19166        3262
       19167        3304
       19168        3341
       19169        3148
       19170        3181
       19171        3191
       19172        3259
       19173        3264
       19174        3300
       19175        3106
       19176        3138
       19177        3186
       19178        3307
       19179        3149
       19180        3175
       19181        3197
       19182        3253
       19183        3269
       19184        3299
       19185        3160
       19186        3184
       19187        3236
       19188        3252
       19189        3281
       19190        3151
       19191        3184
       19192        3198
       19193        3252
       19194        3268
       19195        3297
       19196        3159
       19197        3177
       19198        3208
       19199        3251
       19200        3274
       19201        3301
       19202        3152
       19203        3183
       19204        3199
       19205        3250
       19206        3276
       19207        3302
       19208        3156
       19209        3178
       19210        3207
       19211        3255
       19212        3283
       19213        3303
       19214        3153
       19215        3187
       19216        3196
       19217        3261
       19218        3271
       19219        3306
       19220        3155
       19221        3168
       19222        3209
       19223        3241
       19224        3298
       19225        3312
       19226        3158
       19227        3191
       19228        3200
       19229        3264
       19230        3278
       19231        3311
       19232        3160
       19233        3192
       19234        3228
       19235        3263
       19236        3281
       19237        3314
       19238        3164
       19239        3189
       19240        3211
       19241        3270
       19242        3285
       19243        3322
       19244        3162
       19245        3196
       19246        3205
       19247        3271
       19248        3282
       19249        3315
       19250        2943
       19251        3010
       19252        3359
       19253        3381
       19254        3611
       19255        3166
       19256        3193
       19257        3216
       19258        3265
       19259        3296
       19260        3324
       19261        3168
       19262        3190
       19263        3234
       19264        3272
       19265        3298
       19266        3333
       19267        3171
       19268        3188
       19269        3246
       19270        3284
       19271        3309
       19272        3332
       19273        3167
       19274        3197
       19275        3215
       19276        3269
       19277        3289
       19278        3318
       19279        3170
       19280        3200
       19281        3219
       19282        3278
       19283        3291
       19284        3319
       19285        3172
       19286        3198
       19287        3206
       19288        3268
       19289        3280
       19290        3310
       19291        3161
       19292        3171
       19293        3221
       19294        3242
       19295        3309
       19296        3313
       19297        3334
       19298        3157
       19299        3173
       19300        3195
       19301        3204
       19302        3275
       19303        3294
       19304        3323
       19305        3165
       19306        3182
       19307        3220
       19308        3249
       19309        3305
       19310        3385
       19311        3071
       19312        3084
       19313        3137
       19314        3182
       19315        3248
       19316        3292
       19317        3385
       19318        3425
       19319        3183
       19320        3206
       19321        3231
       19322        3280
       19323        3302
       19324        3325
       19325        3177
       19326        3202
       19327        3230
       19328        3267
       19329        3301
       19330        3320
       19331        3184
       19332        3228
       19333        3229
       19334        3281
       19335        3297
       19336        3326
       19337        3175
       19338        3205
       19339        3227
       19340        3282
       19341        3299
       19342        3327
       19343        3174
       19344        3212
       19345        3214
       19346        3288
       19347        3290
       19348        3328
       19349        3178
       19350        3203
       19351        3232
       19352        3266
       19353        3303
       19354        3321
       19355        3176
       19356        3212
       19357        3218
       19358        3288
       19359        3293
       19360        3329
       19361        3201
       19362        3207
       19363        3277
       19364        3283
       19365        3316
       19366        3180
       19367        3214
       19368        3222
       19369        3290
       19370        3295
       19371        3330
       19372        3181
       19373        3218
       19374        3225
       19375        3293
       19376        3300
       19377        3331
       19378        2831
       19379        2953
       19380        3007
       19381        3194
       19382        3287
       19383        3360
       19384        3484
       19385        3522
       19386        3187
       19387        3222
       19388        3233
       19389        3295
       19390        3306
       19391        3336
       19392        3139
       19393        3179
       19394        3224
       19395        3341
       19396        3192
       19397        3211
       19398        3236
       19399        3285
       19400        3314
       19401        3335
       19402        3191
       19403        3225
       19404        3235
       19405        3300
       19406        3311
       19407        3338
       19408        3193
       19409        3215
       19410        3240
       19411        3289
       19412        3324
       19413        3353
       19414        3163
       19415        3185
       19416        3203
       19417        3255
       19418        3286
       19419        3321
       19420        3337
       19421        3202
       19422        3220
       19423        3251
       19424        3305
       19425        3320
       19426        3350
       19427        3198
       19428        3229
       19429        3245
       19430        3297
       19431        3310
       19432        3342
       19433        3197
       19434        3227
       19435        3243
       19436        3299
       19437        3318
       19438        3343
       19439        3189
       19440        3217
       19441        3237
       19442        3322
       19443        3352
       19444        3196
       19445        3233
       19446        3238
       19447        3306
       19448        3315
       19449        3361
       19450        3190
       19451        3204
       19452        3241
       19453        3294
       19454        3333
       19455        3351
       19456        3095
       19457        3145
       19458        3213
       19459        3381
       19460        3427
       19461        3208
       19462        3223
       19463        3230
       19464        3301
       19465        3317
       19466        3345
       19467        3195
       19468        3216
       19469        3247
       19470        3296
       19471        3323
       19472        3344
       19473        3199
       19474        3209
       19475        3231
       19476        3302
       19477        3312
       19478        3346
       19479        3374
       19480        3201
       19481        3221
       19482        3257
       19483        3313
       19484        3316
       19485        3347
       19486        3200
       19487        3235
       19488        3244
       19489        3311
       19490        3319
       19491        3348
       19492        3186
       19493        3194
       19494        3307
       19495        3340
       19496        3387
       19497        3206
       19498        3245
       19499        3250
       19500        3310
       19501        3325
       19502        3349
       19503        3228
       19504        3236
       19505        3252
       19506        3314
       19507        3326
       19508        3354
       19509        3205
       19510        3238
       19511        3253
       19512        3315
       19513        3327
       19514        3355
       19515        3207
       19516        3232
       19517        3257
       19518        3303
       19519        3316
       19520        3356
       19521        3188
       19522        3223
       19523        3242
       19524        3317
       19525        3332
       19526        3357
       19527        3211
       19528        3237
       19529        3263
       19530        3322
       19531        3335
       19532        3371
       19533        3185
       19534        3219
       19535        3266
       19536        3291
       19537        3337
       19538        3339
       19539        3377
       19540        3007
       19541        3210
       19542        3260
       19543        3522
       19544        3212
       19545        3254
       19546        3256
       19547        3328
       19548        3329
       19549        3366
       19550        3215
       19551        3243
       19552        3265
       19553        3318
       19554        3353
       19555        3363
       19556        3214
       19557        3254
       19558        3258
       19559        3328
       19560        3330
       19561        3375
       19562        3219
       19563        3244
       19564        3286
       19565        3319
       19566        3339
       19567        3364
       19568        3071
       19569        3122
       19570        3249
       19571        3358
       19572        3425
       19573        3534
       19574        3218
       19575        3256
       19576        3259
       19577        3329
       19578        3331
       19579        3367
       19580        3204
       19581        3247
       19582        3272
       19583        3323
       19584        3351
       19585        3380
       19586        3222
       19587        3258
       19588        3261
       19589        3330
       19590        3336
       19591        3373
       19592        3216
       19593        3240
       19594        3275
       19595        3324
       19596        3344
       19597        3372
       19598        3229
       19599        3252
       19600        3268
       19601        3326
       19602        3342
       19603        3370
       19604        3234
       19605        3241
       19606        3312
       19607        3333
       19608        3369
       19609        3227
       19610        3253
       19611        3269
       19612        3327
       19613        3343
       19614        3376
       19615        3225
       19616        3259
       19617        3264
       19618        3331
       19619        3338
       19620        3378
       19621        3230
       19622        3251
       19623        3274
       19624        3320
       19625        3345
       19626        3365
       19627        3231
       19628        3250
       19629        3276
       19630        3325
       19631        3346
       19632        3379
       19633        3232
       19634        3255
       19635        3283
       19636        3321
       19637        3356
       19638        3362
       19639        3394
       19640        3169
       19641        3224
       19642        3308
       19643        3341
       19644        3396
       19645        3422
       19646        3220
       19647        3248
       19648        3267
       19649        3350
       19650        3385
       19651        3233
       19652        3261
       19653        3271
       19654        3336
       19655        3361
       19656        3382
       19657        3186
       19658        3226
       19659        3279
       19660        3387
       19661        3069
       19662        3169
       19663        3304
       19664        3359
       19665        3396
       19666        3456
       19667        3468
       19668        3242
       19669        3246
       19670        3332
       19671        3334
       19672        3368
       19673        3245
       19674        3268
       19675        3280
       19676        3342
       19677        3349
       19678        3383
       19679        3235
       19680        3264
       19681        3278
       19682        3338
       19683        3348
       19684        3386
       19685        3209
       19686        3234
       19687        3276
       19688        3298
       19689        3369
       19690        3374
       19691        3406
       19692        3221
       19693        3246
       19694        3277
       19695        3334
       19696        3347
       19697        3390
       19698        3236
       19699        3263
       19700        3281
       19701        3335
       19702        3354
       19703        3389
       19704        3238
       19705        3271
       19706        3282
       19707        3355
       19708        3361
       19709        3384
       19710        3257
       19711        3277
       19712        3283
       19713        3347
       19714        3356
       19715        3391
       19716        3223
       19717        3274
       19718        3284
       19719        3345
       19720        3357
       19721        3392
       19722        3243
       19723        3269
       19724        3289
       19725        3343
       19726        3363
       19727        3393
       19728        3244
       19729        3278
       19730        3291
       19731        3348
       19732        3364
       19733        3395
       19734        3251
       19735        3267
       19736        3301
       19737        3350
       19738        3365
       19739        3400
       19740        3255
       19741        3266
       19742        3303
       19743        3337
       19744        3362
       19745        3388
       19746        3237
       19747        3270
       19748        3285
       19749        3352
       19750        3371
       19751        3480
       19752        3247
       19753        3275
       19754        3294
       19755        3344
       19756        3380
       19757        3397
       19758        3240
       19759        3265
       19760        3296
       19761        3353
       19762        3372
       19763        3398
       19764        3250
       19765        3280
       19766        3302
       19767        3349
       19768        3379
       19769        3399
       19770        3252
       19771        3281
       19772        3297
       19773        3354
       19774        3370
       19775        3401
       19776        3253
       19777        3282
       19778        3299
       19779        3355
       19780        3376
       19781        3403
       19782        3254
       19783        3288
       19784        3290
       19785        3366
       19786        3375
       19787        3404
       19788        3256
       19789        3288
       19790        3293
       19791        3366
       19792        3367
       19793        3405
       19794        3258
       19795        3290
       19796        3295
       19797        3373
       19798        3375
       19799        3441
       19800        3259
       19801        3293
       19802        3300
       19803        3367
       19804        3378
       19805        3409
       19806        3242
       19807        3284
       19808        3309
       19809        3357
       19810        3368
       19811        3402
       19812        3241
       19813        3272
       19814        3298
       19815        3351
       19816        3369
       19817        3408
       19818        3413
       19819        3246
       19820        3309
       19821        3313
       19822        3368
       19823        3390
       19824        3407
       19825        3263
       19826        3285
       19827        3314
       19828        3371
       19829        3389
       19830        3421
       19831        3261
       19832        3295
       19833        3306
       19834        3373
       19835        3382
       19836        3426
       19837        3266
       19838        3286
       19839        3321
       19840        3377
       19841        3388
       19842        3418
       19843        3264
       19844        3300
       19845        3311
       19846        3378
       19847        3386
       19848        3414
       19849        3286
       19850        3291
       19851        3364
       19852        3377
       19853        3410
       19854        3194
       19855        3279
       19856        3360
       19857        3387
       19858        3417
       19859        3460
       19860        3224
       19861        3262
       19862        3304
       19863        3422
       19864        3268
       19865        3297
       19866        3310
       19867        3370
       19868        3383
       19869        3411
       19870        3269
       19871        3299
       19872        3318
       19873        3376
       19874        3393
       19875        3420
       19876        3275
       19877        3296
       19878        3323
       19879        3372
       19880        3397
       19881        3419
       19882        3274
       19883        3301
       19884        3317
       19885        3365
       19886        3392
       19887        3412
       19888        3276
       19889        3302
       19890        3374
       19891        3379
       19892        3415
       19893        3277
       19894        3313
       19895        3316
       19896        3390
       19897        3391
       19898        3423
       19899        3278
       19900        3311
       19901        3319
       19902        3386
       19903        3395
       19904        3424
       19905        3280
       19906        3310
       19907        3325
       19908        3383
       19909        3399
       19910        3416
       19911        3267
       19912        3305
       19913        3320
       19914        3385
       19915        3400
       19916        3508
       19917        3272
       19918        3294
       19919        3333
       19920        3380
       19921        3413
       19922        3432
       19923        3213
       19924        3217
       19925        3270
       19926        3322
       19927        3427
       19928        3480
       19929        3547
       19930        3265
       19931        3289
       19932        3324
       19933        3363
       19934        3398
       19935        3453
       19936        3281
       19937        3314
       19938        3326
       19939        3389
       19940        3401
       19941        3429
       19942        3282
       19943        3315
       19944        3327
       19945        3384
       19946        3403
       19947        3430
       19948        3283
       19949        3303
       19950        3316
       19951        3391
       19952        3394
       19953        3431
       19954        3284
       19955        3317
       19956        3332
       19957        3392
       19958        3402
       19959        3433
       19960        3122
       19961        3210
       19962        3292
       19963        3522
       19964        3534
       19965        3740
       19966        2943
       19967        3069
       19968        3239
       19969        3308
       19970        3468
       19971        3579
       19972        3611
       19973        3194
       19974        3260
       19975        3340
       19976        3417
       19977        3484
       19978        3488
       19979        3271
       19980        3306
       19981        3315
       19982        3382
       19983        3384
       19984        3447
       19985        3454
       19986        3303
       19987        3321
       19988        3388
       19989        3394
       19990        3428
       19991        3289
       19992        3318
       19993        3353
       19994        3393
       19995        3435
       19996        3453
       19997        3291
       19998        3319
       19999        3339
       20000        3395
       20001        3410
       20002        3436
       20003        3301
       20004        3320
       20005        3345
       20006        3400
       20007        3412
       20008        3434
       20009        3288
       20010        3328
       20011        3329
       20012        3404
       20013        3405
       20014        3439
       20015        3293
       20016        3329
       20017        3331
       20018        3405
       20019        3409
       20020        3442
       20021        3309
       20022        3332
       20023        3334
       20024        3402
       20025        3407
       20026        3440
       20027        3298
       20028        3312
       20029        3333
       20030        3406
       20031        3408
       20032        3443
       20033        3297
       20034        3326
       20035        3342
       20036        3401
       20037        3411
       20038        3444
       20039        3285
       20040        3322
       20041        3335
       20042        3421
       20043        3480
       20044        3296
       20045        3324
       20046        3344
       20047        3398
       20048        3419
       20049        3445
       20050        3295
       20051        3330
       20052        3336
       20053        3426
       20054        3437
       20055        3441
       20056        3276
       20057        3312
       20058        3346
       20059        3406
       20060        3415
       20061        3449
       20062        3290
       20063        3328
       20064        3330
       20065        3404
       20066        3438
       20067        3441
       20068        3299
       20069        3327
       20070        3343
       20071        3403
       20072        3420
       20073        3450
       20074        3286
       20075        3337
       20076        3339
       20077        3410
       20078        3418
       20079        3451
       20080        3300
       20081        3331
       20082        3338
       20083        3409
       20084        3414
       20085        3452
       20086        3302
       20087        3325
       20088        3346
       20089        3399
       20090        3415
       20091        3470
       20092        3294
       20093        3323
       20094        3351
       20095        3397
       20096        3432
       20097        3448
       20098        3010
       20099        3145
       20100        3239
       20101        3273
       20102        3427
       20103        3611
       20104        3661
       20105        3814
       20106        3306
       20107        3336
       20108        3361
       20109        3426
       20110        3447
       20111        3310
       20112        3342
       20113        3349
       20114        3411
       20115        3416
       20116        3455
       20117        3315
       20118        3355
       20119        3361
       20120        3430
       20121        3454
       20122        3248
       20123        3249
       20124        3305
       20125        3350
       20126        3425
       20127        3508
       20128        3570
       20129        3311
       20130        3338
       20131        3348
       20132        3414
       20133        3424
       20134        3458
       20135        3279
       20136        3307
       20137        3340
       20138        3460
       20139        3321
       20140        3337
       20141        3362
       20142        3418
       20143        3428
       20144        3457
       20145        3314
       20146        3335
       20147        3354
       20148        3421
       20149        3429
       20150        3463
       20151        3313
       20152        3334
       20153        3347
       20154        3407
       20155        3423
       20156        3446
       20157        3316
       20158        3347
       20159        3356
       20160        3423
       20161        3431
       20162        3464
       20163        3317
       20164        3345
       20165        3357
       20166        3412
       20167        3433
       20168        3459
       20169        3318
       20170        3343
       20171        3363
       20172        3420
       20173        3435
       20174        3462
       20175        3303
       20176        3356
       20177        3362
       20178        3428
       20179        3431
       20180        3469
       20181        3319
       20182        3348
       20183        3364
       20184        3424
       20185        3436
       20186        3466
       20187        3304
       20188        3308
       20189        3422
       20190        3456
       20191        3494
       20192        3323
       20193        3344
       20194        3380
       20195        3419
       20196        3448
       20197        3467
       20198        3324
       20199        3353
       20200        3372
       20201        3445
       20202        3453
       20203        3461
       20204        3325
       20205        3349
       20206        3379
       20207        3416
       20208        3465
       20209        3470
       20210        3320
       20211        3350
       20212        3365
       20213        3434
       20214        3508
       20215        3326
       20216        3354
       20217        3370
       20218        3429
       20219        3444
       20220        3472
       20221        3332
       20222        3357
       20223        3368
       20224        3433
       20225        3440
       20226        3473
       20227        3327
       20228        3355
       20229        3376
       20230        3430
       20231        3450
       20232        3474
       20233        3328
       20234        3366
       20235        3375
       20236        3438
       20237        3439
       20238        3475
       20239        3329
       20240        3366
       20241        3367
       20242        3439
       20243        3442
       20244        3476
       20245        3312
       20246        3369
       20247        3374
       20248        3443
       20249        3449
       20250        3477
       20251        3334
       20252        3368
       20253        3390
       20254        3440
       20255        3446
       20256        3478
       20257        3333
       20258        3369
       20259        3413
       20260        3443
       20261        3471
       20262        3331
       20263        3367
       20264        3378
       20265        3442
       20266        3452
       20267        3479
       20268        3339
       20269        3364
       20270        3377
       20271        3436
       20272        3451
       20273        3481
       20274        3342
       20275        3370
       20276        3383
       20277        3444
       20278        3455
       20279        3482
       20280        3345
       20281        3365
       20282        3392
       20283        3434
       20284        3459
       20285        3492
       20286        3333
       20287        3351
       20288        3408
       20289        3432
       20290        3471
       20291        3483
       20292        3338
       20293        3378
       20294        3386
       20295        3452
       20296        3458
       20297        3493
       20298        3346
       20299        3374
       20300        3379
       20301        3449
       20302        3470
       20303        3485
       20304        3349
       20305        3383
       20306        3399
       20307        3455
       20308        3465
       20309        3487
       20310        3340
       20311        3360
       20312        3460
       20313        3488
       20314        3530
       20315        3337
       20316        3377
       20317        3388
       20318        3451
       20319        3457
       20320        3489
       20321        3344
       20322        3372
       20323        3397
       20324        3445
       20325        3467
       20326        3490
       20327        3343
       20328        3376
       20329        3393
       20330        3450
       20331        3462
       20332        3491
       20333        3335
       20334        3371
       20335        3389
       20336        3463
       20337        3480
       20338        3574
       20339        3304
       20340        3341
       20341        3396
       20342        3494
       20343        3347
       20344        3390
       20345        3391
       20346        3446
       20347        3464
       20348        3486
       20349        3348
       20350        3386
       20351        3395
       20352        3458
       20353        3466
       20354        3495
       20355        3249
       20356        3292
       20357        3385
       20358        3534
       20359        3570
       20360        3652
       20361        3336
       20362        3373
       20363        3382
       20364        3437
       20365        3447
       20366        3500
       20367        3504
       20368        3213
       20369        3273
       20370        3352
       20371        3381
       20372        3547
       20373        3661
       20374        3362
       20375        3388
       20376        3394
       20377        3457
       20378        3469
       20379        3496
       20380        3354
       20381        3389
       20382        3401
       20383        3463
       20384        3472
       20385        3498
       20386        3355
       20387        3384
       20388        3403
       20389        3454
       20390        3474
       20391        3507
       20392        3356
       20393        3391
       20394        3394
       20395        3464
       20396        3469
       20397        3529
       20398        3351
       20399        3380
       20400        3413
       20401        3448
       20402        3483
       20403        3499
       20404        3357
       20405        3392
       20406        3402
       20407        3459
       20408        3473
       20409        3497
       20410        3365
       20411        3400
       20412        3412
       20413        3492
       20414        3508
       20415        3363
       20416        3393
       20417        3453
       20418        3462
       20419        3501
       20420        3364
       20421        3395
       20422        3410
       20423        3466
       20424        3481
       20425        3505
       20426        3373
       20427        3426
       20428        3441
       20429        3500
       20430        3502
       20431        3375
       20432        3404
       20433        3441
       20434        3475
       20435        3521
       20436        3366
       20437        3404
       20438        3405
       20439        3475
       20440        3476
       20441        3511
       20442        3368
       20443        3402
       20444        3407
       20445        3473
       20446        3478
       20447        3509
       20448        3330
       20449        3373
       20450        3375
       20451        3437
       20452        3438
       20453        3502
       20454        3521
       20455        3367
       20456        3405
       20457        3409
       20458        3476
       20459        3479
       20460        3519
       20461        3369
       20462        3406
       20463        3408
       20464        3471
       20465        3477
       20466        3512
       20467        3370
       20468        3401
       20469        3411
       20470        3472
       20471        3482
       20472        3510
       20473        3372
       20474        3398
       20475        3419
       20476        3461
       20477        3490
       20478        3503
       20479        3390
       20480        3407
       20481        3423
       20482        3478
       20483        3486
       20484        3515
       20485        3361
       20486        3382
       20487        3426
       20488        3454
       20489        3504
       20490        3506
       20491        3380
       20492        3397
       20493        3432
       20494        3467
       20495        3499
       20496        3513
       20497        3374
       20498        3406
       20499        3415
       20500        3477
       20501        3485
       20502        3516
       20503        3376
       20504        3403
       20505        3420
       20506        3474
       20507        3491
       20508        3517
       20509        3377
       20510        3410
       20511        3418
       20512        3481
       20513        3489
       20514        3514
       20515        3378
       20516        3409
       20517        3414
       20518        3479
       20519        3493
       20520        3518
       20521        3353
       20522        3363
       20523        3398
       20524        3435
       20525        3461
       20526        3501
       20527        3525
       20528        3540
       20529        3361
       20530        3384
       20531        3430
       20532        3447
       20533        3506
       20534        3507
       20535        3383
       20536        3411
       20537        3416
       20538        3482
       20539        3487
       20540        3520
       20541        3308
       20542        3396
       20543        3468
       20544        3494
       20545        3524
       20546        3564
       20547        3388
       20548        3418
       20549        3428
       20550        3489
       20551        3496
       20552        3528
       20553        3386
       20554        3414
       20555        3424
       20556        3493
       20557        3495
       20558        3531
       20559        3392
       20560        3412
       20561        3433
       20562        3492
       20563        3497
       20564        3527
       20565        3340
       20566        3387
       20567        3417
       20568        3530
       20569        3398
       20570        3445
       20571        3453
       20572        3503
       20573        3525
       20574        3393
       20575        3420
       20576        3435
       20577        3491
       20578        3501
       20579        3550
       20580        3389
       20581        3421
       20582        3429
       20583        3498
       20584        3574
       20585        3391
       20586        3423
       20587        3431
       20588        3486
       20589        3526
       20590        3529
       20591        3399
       20592        3416
       20593        3470
       20594        3487
       20595        3523
       20596        3395
       20597        3424
       20598        3436
       20599        3495
       20600        3505
       20601        3533
       20602        3397
       20603        3419
       20604        3448
       20605        3490
       20606        3513
       20607        3535
       20608        3308
       20609        3359
       20610        3456
       20611        3524
       20612        3579
       20613        3589
       20614        3394
       20615        3428
       20616        3431
       20617        3496
       20618        3529
       20619        3539
       20620        3379
       20621        3399
       20622        3415
       20623        3465
       20624        3485
       20625        3523
       20626        3532
       20627        3554
       20628        3408
       20629        3413
       20630        3443
       20631        3483
       20632        3512
       20633        3542
       20634        3401
       20635        3429
       20636        3444
       20637        3498
       20638        3510
       20639        3552
       20640        3402
       20641        3433
       20642        3440
       20643        3497
       20644        3509
       20645        3536
       20646        3403
       20647        3430
       20648        3450
       20649        3507
       20650        3517
       20651        3537
       20652        3404
       20653        3438
       20654        3439
       20655        3511
       20656        3521
       20657        3538
       20658        3405
       20659        3439
       20660        3442
       20661        3511
       20662        3519
       20663        3558
       20664        3406
       20665        3443
       20666        3449
       20667        3512
       20668        3516
       20669        3543
       20670        3407
       20671        3440
       20672        3446
       20673        3509
       20674        3515
       20675        3545
       20676        3409
       20677        3442
       20678        3452
       20679        3518
       20680        3519
       20681        3548
       20682        3322
       20683        3352
       20684        3371
       20685        3421
       20686        3547
       20687        3574
       20688        3643
       20689        3410
       20690        3436
       20691        3451
       20692        3505
       20693        3514
       20694        3541
       20695        3411
       20696        3444
       20697        3455
       20698        3510
       20699        3520
       20700        3549
       20701        3413
       20702        3432
       20703        3471
       20704        3499
       20705        3542
       20706        3544
       20707        3260
       20708        3360
       20709        3488
       20710        3522
       20711        3569
       20712        3619
       20713        3628
       20714        3415
       20715        3449
       20716        3470
       20717        3516
       20718        3532
       20719        3551
       20720        3423
       20721        3446
       20722        3464
       20723        3515
       20724        3526
       20725        3546
       20726        3416
       20727        3455
       20728        3465
       20729        3520
       20730        3523
       20731        3555
       20732        3360
       20733        3417
       20734        3484
       20735        3530
       20736        3569
       20737        3595
       20738        3418
       20739        3451
       20740        3457
       20741        3514
       20742        3528
       20743        3556
       20744        3419
       20745        3445
       20746        3467
       20747        3503
       20748        3535
       20749        3553
       20750        3420
       20751        3450
       20752        3462
       20753        3517
       20754        3550
       20755        3576
       20756        3412
       20757        3434
       20758        3459
       20759        3508
       20760        3527
       20761        3600
       20762        3414
       20763        3452
       20764        3458
       20765        3518
       20766        3531
       20767        3563
       20768        3396
       20769        3422
       20770        3456
       20771        3564
       20772        3424
       20773        3458
       20774        3466
       20775        3531
       20776        3533
       20777        3568
       20778        3428
       20779        3457
       20780        3469
       20781        3528
       20782        3539
       20783        3561
       20784        3433
       20785        3459
       20786        3473
       20787        3527
       20788        3536
       20789        3577
       20790        3429
       20791        3463
       20792        3472
       20793        3552
       20794        3574
       20795        3432
       20796        3448
       20797        3483
       20798        3513
       20799        3544
       20800        3565
       20801        3426
       20802        3437
       20803        3502
       20804        3504
       20805        3559
       20806        3560
       20807        3435
       20808        3453
       20809        3462
       20810        3540
       20811        3550
       20812        3562
       20813        3437
       20814        3441
       20815        3500
       20816        3521
       20817        3557
       20818        3559
       20819        3445
       20820        3461
       20821        3490
       20822        3525
       20823        3553
       20824        3571
       20825        3426
       20826        3447
       20827        3500
       20828        3506
       20829        3560
       20830        3566
       20831        3436
       20832        3466
       20833        3481
       20834        3533
       20835        3541
       20836        3567
       20837        3447
       20838        3454
       20839        3504
       20840        3507
       20841        3566
       20842        3573
       20843        3430
       20844        3454
       20845        3474
       20846        3506
       20847        3537
       20848        3573
       20849        3584
       20850        3350
       20851        3385
       20852        3400
       20853        3434
       20854        3492
       20855        3570
       20856        3600
       20857        3670
       20858        3440
       20859        3473
       20860        3478
       20861        3536
       20862        3545
       20863        3575
       20864        3444
       20865        3472
       20866        3482
       20867        3549
       20868        3552
       20869        3592
       20870        3439
       20871        3475
       20872        3476
       20873        3538
       20874        3558
       20875        3585
       20876        3443
       20877        3471
       20878        3477
       20879        3542
       20880        3543
       20881        3572
       20882        3448
       20883        3467
       20884        3499
       20885        3535
       20886        3565
       20887        3578
       20888        3451
       20889        3481
       20890        3489
       20891        3541
       20892        3556
       20893        3582
       20894        3446
       20895        3478
       20896        3486
       20897        3545
       20898        3546
       20899        3583
       20900        3449
       20901        3477
       20902        3485
       20903        3543
       20904        3551
       20905        3581
       20906        3450
       20907        3474
       20908        3491
       20909        3537
       20910        3576
       20911        3596
       20912        3452
       20913        3479
       20914        3493
       20915        3548
       20916        3563
       20917        3597
       20918        3442
       20919        3476
       20920        3479
       20921        3548
       20922        3558
       20923        3605
       20924        3455
       20925        3482
       20926        3487
       20927        3549
       20928        3555
       20929        3586
       20930        3438
       20931        3441
       20932        3475
       20933        3502
       20934        3538
       20935        3557
       20936        3594
       20937        3606
       20938        3210
       20939        3260
       20940        3287
       20941        3358
       20942        3484
       20943        3628
       20944        3724
       20945        3740
       20946        3465
       20947        3470
       20948        3487
       20949        3554
       20950        3555
       20951        3593
       20952        3456
       20953        3468
       20954        3564
       20955        3589
       20956        3631
       20957        3453
       20958        3461
       20959        3503
       20960        3540
       20961        3571
       20962        3591
       20963        3464
       20964        3486
       20965        3529
       20966        3546
       20967        3580
       20968        3459
       20969        3492
       20970        3497
       20971        3577
       20972        3600
       20973        3457
       20974        3489
       20975        3496
       20976        3556
       20977        3561
       20978        3590
       20979        3431
       20980        3464
       20981        3469
       20982        3526
       20983        3539
       20984        3580
       20985        3587
       20986        3612
       20987        3417
       20988        3460
       20989        3488
       20990        3595
       20991        3458
       20992        3493
       20993        3495
       20994        3563
       20995        3568
       20996        3601
       20997        3470
       20998        3485
       20999        3551
       21000        3554
       21001        3588
       21002        3466
       21003        3495
       21004        3505
       21005        3567
       21006        3568
       21007        3603
       21008        3292
       21009        3358
       21010        3425
       21011        3652
       21012        3740
       21013        3914
       21014        3467
       21015        3490
       21016        3513
       21017        3553
       21018        3578
       21019        3598
       21020        3473
       21021        3497
       21022        3509
       21023        3575
       21024        3577
       21025        3604
       21026        3474
       21027        3507
       21028        3517
       21029        3584
       21030        3596
       21031        3475
       21032        3511
       21033        3521
       21034        3585
       21035        3594
       21036        3469
       21037        3496
       21038        3529
       21039        3561
       21040        3587
       21041        3608
       21042        3453
       21043        3501
       21044        3525
       21045        3562
       21046        3591
       21047        3607
       21048        3481
       21049        3505
       21050        3514
       21051        3567
       21052        3582
       21053        3609
       21054        3471
       21055        3483
       21056        3512
       21057        3544
       21058        3572
       21059        3599
       21060        3602
       21061        3477
       21062        3512
       21063        3516
       21064        3572
       21065        3581
       21066        3614
       21067        3483
       21068        3499
       21069        3542
       21070        3565
       21071        3599
       21072        3613
       21073        3478
       21074        3509
       21075        3515
       21076        3575
       21077        3583
       21078        3610
       21079        3486
       21080        3515
       21081        3526
       21082        3580
       21083        3583
       21084        3616
       21085        3352
       21086        3427
       21087        3480
       21088        3643
       21089        3661
       21090        3761
       21091        3479
       21092        3518
       21093        3519
       21094        3597
       21095        3605
       21096        3617
       21097        3482
       21098        3510
       21099        3520
       21100        3586
       21101        3592
       21102        3629
       21103        3462
       21104        3491
       21105        3501
       21106        3562
       21107        3576
       21108        3632
       21109        3639
       21110        3485
       21111        3516
       21112        3532
       21113        3581
       21114        3588
       21115        3618
       21116        3472
       21117        3498
       21118        3510
       21119        3574
       21120        3592
       21121        3673
       21122        3490
       21123        3503
       21124        3535
       21125        3571
       21126        3598
       21127        3620
       21128        3470
       21129        3523
       21130        3532
       21131        3588
       21132        3593
       21133        3625
       21134        3487
       21135        3520
       21136        3523
       21137        3586
       21138        3593
       21139        3623
       21140        3489
       21141        3514
       21142        3528
       21143        3582
       21144        3590
       21145        3626
       21146        3502
       21147        3521
       21148        3559
       21149        3606
       21150        3615
       21151        3476
       21152        3511
       21153        3519
       21154        3585
       21155        3605
       21156        3644
       21157        3500
       21158        3502
       21159        3557
       21160        3560
       21161        3615
       21162        3621
       21163        3500
       21164        3504
       21165        3559
       21166        3566
       21167        3621
       21168        3622
       21169        3496
       21170        3528
       21171        3539
       21172        3590
       21173        3608
       21174        3630
       21175        3501
       21176        3540
       21177        3550
       21178        3607
       21179        3632
       21180        3493
       21181        3518
       21182        3531
       21183        3597
       21184        3601
       21185        3635
       21186        3456
       21187        3494
       21188        3524
       21189        3631
       21190        3499
       21191        3513
       21192        3544
       21193        3578
       21194        3613
       21195        3624
       21196        3504
       21197        3506
       21198        3560
       21199        3573
       21200        3622
       21201        3627
       21202        3505
       21203        3533
       21204        3541
       21205        3603
       21206        3609
       21207        3636
       21208        3495
       21209        3531
       21210        3533
       21211        3601
       21212        3603
       21213        3633
       21214        3484
       21215        3488
       21216        3595
       21217        3619
       21218        3658
       21219        3385
       21220        3425
       21221        3508
       21222        3652
       21223        3670
       21224        3793
       21225        3503
       21226        3525
       21227        3553
       21228        3591
       21229        3620
       21230        3634
       21231        3512
       21232        3542
       21233        3543
       21234        3602
       21235        3614
       21236        3637
       21237        3506
       21238        3507
       21239        3566
       21240        3584
       21241        3627
       21242        3638
       21243        3421
       21244        3463
       21245        3480
       21246        3498
       21247        3552
       21248        3643
       21249        3673
       21250        3760
       21251        3509
       21252        3536
       21253        3545
       21254        3604
       21255        3610
       21256        3651
       21257        3491
       21258        3517
       21259        3550
       21260        3596
       21261        3639
       21262        3650
       21263        3497
       21264        3527
       21265        3536
       21266        3600
       21267        3604
       21268        3681
       21269        3513
       21270        3535
       21271        3565
       21272        3598
       21273        3624
       21274        3641
       21275        3359
       21276        3468
       21277        3589
       21278        3611
       21279        3666
       21280        3713
       21281        3715
       21282        3526
       21283        3529
       21284        3546
       21285        3612
       21286        3616
       21287        3647
       21288        3516
       21289        3543
       21290        3551
       21291        3614
       21292        3618
       21293        3646
       21294        3514
       21295        3541
       21296        3556
       21297        3609
       21298        3626
       21299        3648
       21300        3515
       21301        3545
       21302        3546
       21303        3610
       21304        3616
       21305        3642
       21306        3507
       21307        3537
       21308        3573
       21309        3596
       21310        3638
       21311        3645
       21312        3511
       21313        3538
       21314        3558
       21315        3594
       21316        3644
       21317        3653
       21318        3520
       21319        3549
       21320        3555
       21321        3623
       21322        3629
       21323        3657
       21324        3529
       21325        3539
       21326        3608
       21327        3612
       21328        3640
       21329        3532
       21330        3551
       21331        3554
       21332        3618
       21333        3625
       21334        3655
       21335        3468
       21336        3524
       21337        3579
       21338        3631
       21339        3666
       21340        3693
       21341        3528
       21342        3556
       21343        3561
       21344        3626
       21345        3630
       21346        3654
       21347        3525
       21348        3540
       21349        3571
       21350        3607
       21351        3634
       21352        3649
       21353        3510
       21354        3549
       21355        3552
       21356        3629
       21357        3673
       21358        3523
       21359        3554
       21360        3555
       21361        3623
       21362        3625
       21363        3656
       21364        3521
       21365        3538
       21366        3585
       21367        3606
       21368        3653
       21369        3663
       21370        3488
       21371        3530
       21372        3569
       21373        3658
       21374        3517
       21375        3537
       21376        3576
       21377        3584
       21378        3645
       21379        3650
       21380        3665
       21381        3518
       21382        3548
       21383        3563
       21384        3617
       21385        3635
       21386        3659
       21387        3535
       21388        3553
       21389        3578
       21390        3620
       21391        3641
       21392        3662
       21393        3542
       21394        3544
       21395        3602
       21396        3613
       21397        3660
       21398        3685
       21399        3492
       21400        3508
       21401        3527
       21402        3577
       21403        3670
       21404        3681
       21405        3755
       21406        3531
       21407        3563
       21408        3568
       21409        3633
       21410        3635
       21411        3680
       21412        3542
       21413        3572
       21414        3599
       21415        3637
       21416        3660
       21417        3533
       21418        3567
       21419        3568
       21420        3633
       21421        3636
       21422        3667
       21423        3536
       21424        3575
       21425        3577
       21426        3651
       21427        3681
       21428        3519
       21429        3548
       21430        3558
       21431        3617
       21432        3644
       21433        3671
       21434        3690
       21435        3521
       21436        3557
       21437        3594
       21438        3615
       21439        3663
       21440        3664
       21441        3540
       21442        3562
       21443        3591
       21444        3632
       21445        3649
       21446        3669
       21447        3539
       21448        3561
       21449        3587
       21450        3630
       21451        3640
       21452        3668
       21453        3541
       21454        3567
       21455        3582
       21456        3636
       21457        3648
       21458        3674
       21459        3545
       21460        3575
       21461        3583
       21462        3642
       21463        3651
       21464        3687
       21465        3239
       21466        3359
       21467        3381
       21468        3579
       21469        3715
       21470        3804
       21471        3814
       21472        3529
       21473        3580
       21474        3587
       21475        3640
       21476        3647
       21477        3677
       21478        3544
       21479        3565
       21480        3599
       21481        3624
       21482        3685
       21483        3697
       21484        3543
       21485        3572
       21486        3581
       21487        3637
       21488        3646
       21489        3672
       21490        3557
       21491        3559
       21492        3606
       21493        3621
       21494        3664
       21495        3675
       21496        3546
       21497        3580
       21498        3583
       21499        3642
       21500        3647
       21501        3676
       21502        3548
       21503        3597
       21504        3605
       21505        3659
       21506        3671
       21507        3551
       21508        3581
       21509        3588
       21510        3646
       21511        3655
       21512        3686
       21513        3484
       21514        3569
       21515        3628
       21516        3658
       21517        3682
       21518        3720
       21519        3553
       21520        3571
       21521        3598
       21522        3634
       21523        3662
       21524        3684
       21525        3559
       21526        3560
       21527        3615
       21528        3622
       21529        3675
       21530        3679
       21531        3560
       21532        3566
       21533        3621
       21534        3627
       21535        3679
       21536        3683
       21537        3555
       21538        3586
       21539        3593
       21540        3656
       21541        3657
       21542        3689
       21543        3565
       21544        3578
       21545        3613
       21546        3641
       21547        3692
       21548        3697
       21549        3554
       21550        3588
       21551        3593
       21552        3655
       21553        3656
       21554        3688
       21555        3556
       21556        3582
       21557        3590
       21558        3648
       21559        3654
       21560        3678
       21561        3566
       21562        3573
       21563        3622
       21564        3638
       21565        3683
       21566        3691
       21567        3484
       21568        3522
       21569        3619
       21570        3682
       21571        3724
       21572        3737
       21573        3549
       21574        3586
       21575        3592
       21576        3657
       21577        3673
       21578        3769
       21579        3561
       21580        3590
       21581        3608
       21582        3654
       21583        3668
       21584        3695
       21585        3524
       21586        3564
       21587        3589
       21588        3693
       21589        3550
       21590        3562
       21591        3607
       21592        3639
       21593        3669
       21594        3694
       21595        3696
       21596        3568
       21597        3601
       21598        3603
       21599        3667
       21600        3680
       21601        3699
       21602        3571
       21603        3591
       21604        3620
       21605        3649
       21606        3684
       21607        3698
       21608        3563
       21609        3597
       21610        3601
       21611        3659
       21612        3680
       21613        3708
       21614        3567
       21615        3603
       21616        3609
       21617        3667
       21618        3674
       21619        3723
       21620        3572
       21621        3602
       21622        3614
       21623        3660
       21624        3672
       21625        3701
       21626        3573
       21627        3584
       21628        3627
       21629        3645
       21630        3691
       21631        3700
       21632        3550
       21633        3576
       21634        3632
       21635        3650
       21636        3694
       21637        3702
       21638        3587
       21639        3608
       21640        3612
       21641        3668
       21642        3677
       21643        3705
       21644        3578
       21645        3598
       21646        3624
       21647        3662
       21648        3692
       21649        3706
       21650        3583
       21651        3610
       21652        3616
       21653        3676
       21654        3687
       21655        3719
       21656        3480
       21657        3547
       21658        3574
       21659        3760
       21660        3761
       21661        3558
       21662        3585
       21663        3605
       21664        3653
       21665        3690
       21666        3704
       21667        3709
       21668        3584
       21669        3596
       21670        3638
       21671        3665
       21672        3700
       21673        3721
       21674        3581
       21675        3614
       21676        3618
       21677        3672
       21678        3686
       21679        3712
       21680        3580
       21681        3612
       21682        3616
       21683        3676
       21684        3677
       21685        3707
       21686        3582
       21687        3609
       21688        3626
       21689        3674
       21690        3678
       21691        3703
       21692        3591
       21693        3607
       21694        3634
       21695        3669
       21696        3698
       21697        3714
       21698        3576
       21699        3596
       21700        3639
       21701        3665
       21702        3702
       21703        3711
       21704        3575
       21705        3604
       21706        3610
       21707        3681
       21708        3687
       21709        3768
       21710        3425
       21711        3534
       21712        3570
       21713        3793
       21714        3891
       21715        3914
       21716        3585
       21717        3594
       21718        3644
       21719        3663
       21720        3709
       21721        3710
       21722        3590
       21723        3626
       21724        3630
       21725        3678
       21726        3695
       21727        3717
       21728        3588
       21729        3618
       21730        3625
       21731        3686
       21732        3688
       21733        3716
       21734        3593
       21735        3623
       21736        3625
       21737        3688
       21738        3689
       21739        3730
       21740        3586
       21741        3623
       21742        3629
       21743        3689
       21744        3769
       21745        3569
       21746        3595
       21747        3619
       21748        3720
       21749        3597
       21750        3617
       21751        3635
       21752        3671
       21753        3708
       21754        3722
       21755        3599
       21756        3602
       21757        3637
       21758        3685
       21759        3701
       21760        3726
       21761        3381
       21762        3427
       21763        3547
       21764        3761
       21765        3814
       21766        3974
       21767        3598
       21768        3620
       21769        3641
       21770        3684
       21771        3706
       21772        3727
       21773        3594
       21774        3606
       21775        3653
       21776        3664
       21777        3710
       21778        3718
       21779        3606
       21780        3615
       21781        3663
       21782        3675
       21783        3718
       21784        3725
       21785        3596
       21786        3645
       21787        3650
       21788        3711
       21789        3721
       21790        3579
       21791        3589
       21792        3693
       21793        3713
       21794        3754
       21795        3603
       21796        3633
       21797        3636
       21798        3699
       21799        3723
       21800        3758
       21801        3608
       21802        3630
       21803        3640
       21804        3695
       21805        3705
       21806        3731
       21807        3607
       21808        3632
       21809        3649
       21810        3696
       21811        3714
       21812        3733
       21813        3508
       21814        3570
       21815        3600
       21816        3755
       21817        3793
       21818        3943
       21819        3605
       21820        3617
       21821        3659
       21822        3690
       21823        3722
       21824        3734
       21825        3614
       21826        3637
       21827        3646
       21828        3701
       21829        3712
       21830        3738
       21831        3552
       21832        3574
       21833        3592
       21834        3629
       21835        3760
       21836        3769
       21837        3845
       21838        3609
       21839        3636
       21840        3648
       21841        3703
       21842        3723
       21843        3732
       21844        3615
       21845        3621
       21846        3664
       21847        3679
       21848        3725
       21849        3728
       21850        3616
       21851        3642
       21852        3647
       21853        3707
       21854        3719
       21855        3746
       21856        3612
       21857        3640
       21858        3647
       21859        3705
       21860        3707
       21861        3736
       21862        3626
       21863        3648
       21864        3654
       21865        3703
       21866        3717
       21867        3743
       21868        3621
       21869        3622
       21870        3675
       21871        3683
       21872        3728
       21873        3729
       21874        3601
       21875        3633
       21876        3635
       21877        3699
       21878        3708
       21879        3739
       21880        3747
       21881        3577
       21882        3600
       21883        3604
       21884        3651
       21885        3755
       21886        3768
       21887        3830
       21888        3619
       21889        3628
       21890        3720
       21891        3737
       21892        3780
       21893        3622
       21894        3627
       21895        3679
       21896        3691
       21897        3729
       21898        3742
       21899        3620
       21900        3634
       21901        3662
       21902        3698
       21903        3727
       21904        3735
       21905        3599
       21906        3613
       21907        3660
       21908        3697
       21909        3726
       21910        3748
       21911        3618
       21912        3646
       21913        3655
       21914        3712
       21915        3716
       21916        3745
       21917        3610
       21918        3642
       21919        3651
       21920        3719
       21921        3768
       21922        3625
       21923        3655
       21924        3656
       21925        3716
       21926        3730
       21927        3757
       21928        3623
       21929        3656
       21930        3657
       21931        3730
       21932        3769
       21933        3605
       21934        3644
       21935        3671
       21936        3704
       21937        3734
       21938        3751
       21939        3627
       21940        3638
       21941        3683
       21942        3700
       21943        3742
       21944        3749
       21945        3624
       21946        3641
       21947        3697
       21948        3706
       21949        3741
       21950        3744
       21951        3589
       21952        3631
       21953        3666
       21954        3754
       21955        3632
       21956        3639
       21957        3696
       21958        3702
       21959        3750
       21960        3752
       21961        3630
       21962        3654
       21963        3668
       21964        3717
       21965        3731
       21966        3756
       21967        3632
       21968        3669
       21969        3694
       21970        3733
       21971        3750
       21972        3613
       21973        3624
       21974        3685
       21975        3692
       21976        3741
       21977        3748
       21978        3770
       21979        3634
       21980        3649
       21981        3684
       21982        3714
       21983        3735
       21984        3753
       21985        3633
       21986        3667
       21987        3680
       21988        3739
       21989        3758
       21990        3782
       21991        3638
       21992        3645
       21993        3691
       21994        3721
       21995        3749
       21996        3774
       21997        3637
       21998        3660
       21999        3672
       22000        3726
       22001        3738
       22002        3767
       22003        3639
       22004        3650
       22005        3694
       22006        3711
       22007        3752
       22008        3759
       22009        3648
       22010        3674
       22011        3678
       22012        3732
       22013        3743
       22014        3763
       22015        3644
       22016        3690
       22017        3709
       22018        3751
       22019        3762
       22020        3640
       22021        3668
       22022        3677
       22023        3731
       22024        3736
       22025        3766
       22026        3641
       22027        3662
       22028        3692
       22029        3727
       22030        3744
       22031        3764
       22032        3647
       22033        3676
       22034        3677
       22035        3736
       22036        3746
       22037        3773
       22038        3635
       22039        3659
       22040        3680
       22041        3722
       22042        3747
       22043        3772
       22044        3644
       22045        3653
       22046        3704
       22047        3710
       22048        3762
       22049        3765
       22050        3653
       22051        3663
       22052        3709
       22053        3718
       22054        3765
       22055        3771
       22056        3650
       22057        3665
       22058        3702
       22059        3721
       22060        3759
       22061        3775
       22062        3646
       22063        3672
       22064        3686
       22065        3738
       22066        3745
       22067        3777
       22068        3579
       22069        3666
       22070        3715
       22071        3754
       22072        3776
       22073        3811
       22074        3649
       22075        3669
       22076        3698
       22077        3733
       22078        3753
       22079        3778
       22080        3579
       22081        3611
       22082        3713
       22083        3776
       22084        3804
       22085        3825
       22086        3655
       22087        3686
       22088        3688
       22089        3745
       22090        3757
       22091        3783
       22092        3654
       22093        3678
       22094        3695
       22095        3743
       22096        3756
       22097        3784
       22098        3663
       22099        3664
       22100        3710
       22101        3725
       22102        3771
       22103        3779
       22104        3642
       22105        3676
       22106        3687
       22107        3746
       22108        3768
       22109        3847
       22110        3619
       22111        3658
       22112        3682
       22113        3780
       22114        3645
       22115        3665
       22116        3700
       22117        3711
       22118        3774
       22119        3775
       22120        3659
       22121        3671
       22122        3708
       22123        3734
       22124        3772
       22125        3786
       22126        3636
       22127        3667
       22128        3674
       22129        3732
       22130        3758
       22131        3788
       22132        3800
       22133        3522
       22134        3628
       22135        3737
       22136        3740
       22137        3803
       22138        3842
       22139        3846
       22140        3664
       22141        3675
       22142        3718
       22143        3728
       22144        3779
       22145        3781
       22146        3660
       22147        3685
       22148        3701
       22149        3748
       22150        3767
       22151        3790
       22152        3662
       22153        3684
       22154        3706
       22155        3735
       22156        3764
       22157        3787
       22158        3675
       22159        3679
       22160        3725
       22161        3729
       22162        3781
       22163        3785
       22164        3679
       22165        3683
       22166        3728
       22167        3742
       22168        3785
       22169        3789
       22170        3656
       22171        3688
       22172        3689
       22173        3757
       22174        3769
       22175        3857
       22176        3668
       22177        3695
       22178        3705
       22179        3756
       22180        3766
       22181        3792
       22182        3674
       22183        3703
       22184        3723
       22185        3763
       22186        3788
       22187        3669
       22188        3696
       22189        3714
       22190        3750
       22191        3778
       22192        3813
       22193        3671
       22194        3690
       22195        3722
       22196        3751
       22197        3786
       22198        3797
       22199        3684
       22200        3698
       22201        3727
       22202        3753
       22203        3787
       22204        3795
       22205        3677
       22206        3705
       22207        3707
       22208        3766
       22209        3773
       22210        3807
       22211        3628
       22212        3682
       22213        3724
       22214        3780
       22215        3803
       22216        3833
       22217        3672
       22218        3701
       22219        3712
       22220        3767
       22221        3777
       22222        3798
       22223        3680
       22224        3699
       22225        3747
       22226        3782
       22227        3794
       22228        3358
       22229        3522
       22230        3534
       22231        3724
       22232        3842
       22233        3913
       22234        3914
       22235        3692
       22236        3697
       22237        3744
       22238        3770
       22239        3791
       22240        3683
       22241        3691
       22242        3729
       22243        3749
       22244        3789
       22245        3796
       22246        3678
       22247        3703
       22248        3717
       22249        3763
       22250        3784
       22251        3801
       22252        3692
       22253        3706
       22254        3741
       22255        3764
       22256        3791
       22257        3805
       22258        3686
       22259        3712
       22260        3716
       22261        3777
       22262        3783
       22263        3820
       22264        3676
       22265        3707
       22266        3719
       22267        3773
       22268        3847
       22269        3680
       22270        3708
       22271        3739
       22272        3772
       22273        3794
       22274        3806
       22275        3685
       22276        3697
       22277        3726
       22278        3770
       22279        3790
       22280        3808
       22281        3691
       22282        3700
       22283        3742
       22284        3774
       22285        3796
       22286        3802
       22287        3694
       22288        3696
       22289        3733
       22290        3752
       22291        3799
       22292        3813
       22293        3690
       22294        3704
       22295        3734
       22296        3762
       22297        3797
       22298        3829
       22299        3694
       22300        3702
       22301        3750
       22302        3759
       22303        3799
       22304        3809
       22305        3698
       22306        3714
       22307        3735
       22308        3778
       22309        3795
       22310        3810
       22311        3666
       22312        3693
       22313        3713
       22314        3811
       22315        3600
       22316        3670
       22317        3681
       22318        3830
       22319        3943
       22320        3695
       22321        3717
       22322        3731
       22323        3784
       22324        3792
       22325        3812
       22326        3688
       22327        3716
       22328        3730
       22329        3783
       22330        3857
       22331        3667
       22332        3699
       22333        3723
       22334        3782
       22335        3800
       22336        3821
       22337        3702
       22338        3711
       22339        3752
       22340        3775
       22341        3809
       22342        3818
       22343        3574
       22344        3643
       22345        3673
       22346        3761
       22347        3845
       22348        3953
       22349        3547
       22350        3643
       22351        3661
       22352        3760
       22353        3953
       22354        3974
       22355        4019
       22356        4054
       22357        3704
       22358        3709
       22359        3751
       22360        3765
       22361        3815
       22362        3829
       22363        3703
       22364        3732
       22365        3743
       22366        3788
       22367        3801
       22368        3826
       22369        3706
       22370        3727
       22371        3744
       22372        3787
       22373        3805
       22374        3824
       22375        3709
       22376        3710
       22377        3762
       22378        3771
       22379        3815
       22380        3816
       22381        3705
       22382        3731
       22383        3736
       22384        3792
       22385        3807
       22386        3836
       22387        3701
       22388        3726
       22389        3738
       22390        3790
       22391        3798
       22392        3823
       22393        3651
       22394        3681
       22395        3687
       22396        3719
       22397        3830
       22398        3847
       22399        3923
       22400        3629
       22401        3657
       22402        3673
       22403        3689
       22404        3730
       22405        3845
       22406        3857
       22407        3934
       22408        3697
       22409        3741
       22410        3748
       22411        3791
       22412        3808
       22413        3828
       22414        3710
       22415        3718
       22416        3765
       22417        3779
       22418        3816
       22419        3822
       22420        3708
       22421        3722
       22422        3747
       22423        3786
       22424        3806
       22425        3819
       22426        3707
       22427        3736
       22428        3746
       22429        3807
       22430        3847
       22431        3700
       22432        3721
       22433        3749
       22434        3775
       22435        3802
       22436        3817
       22437        3827
       22438        3711
       22439        3721
       22440        3759
       22441        3774
       22442        3817
       22443        3818
       22444        3713
       22445        3715
       22446        3811
       22447        3825
       22448        3861
       22449        3712
       22450        3738
       22451        3745
       22452        3798
       22453        3820
       22454        3843
       22455        3714
       22456        3733
       22457        3753
       22458        3810
       22459        3813
       22460        3834
       22461        3718
       22462        3725
       22463        3771
       22464        3781
       22465        3822
       22466        3831
       22467        3682
       22468        3720
       22469        3737
       22470        3833
       22471        3725
       22472        3728
       22473        3779
       22474        3785
       22475        3831
       22476        3835
       22477        3699
       22478        3739
       22479        3758
       22480        3794
       22481        3821
       22482        3837
       22483        3716
       22484        3745
       22485        3757
       22486        3820
       22487        3857
       22488        3717
       22489        3743
       22490        3756
       22491        3801
       22492        3812
       22493        3838
       22494        3728
       22495        3729
       22496        3781
       22497        3789
       22498        3835
       22499        3840
       22500        3722
       22501        3734
       22502        3772
       22503        3797
       22504        3819
       22505        3832
       22506        3727
       22507        3735
       22508        3764
       22509        3795
       22510        3824
       22511        3839
       22512        3723
       22513        3732
       22514        3763
       22515        3800
       22516        3826
       22517        3841
       22518        3729
       22519        3742
       22520        3785
       22521        3796
       22522        3840
       22523        3860
       22524        3726
       22525        3748
       22526        3767
       22527        3808
       22528        3823
       22529        3844
       22530        3741
       22531        3744
       22532        3770
       22533        3805
       22534        3828
       22535        3848
       22536        3731
       22537        3756
       22538        3766
       22539        3812
       22540        3836
       22541        3853
       22542        3570
       22543        3652
       22544        3670
       22545        3891
       22546        3943
       22547        4008
       22548        3739
       22549        3747
       22550        3782
       22551        3806
       22552        3837
       22553        3849
       22554        3735
       22555        3753
       22556        3787
       22557        3810
       22558        3839
       22559        3852
       22560        3742
       22561        3749
       22562        3789
       22563        3802
       22564        3860
       22565        3875
       22566        3734
       22567        3751
       22568        3786
       22569        3829
       22570        3832
       22571        3850
       22572        3738
       22573        3767
       22574        3777
       22575        3823
       22576        3843
       22577        3867
       22578        3750
       22579        3752
       22580        3809
       22581        3813
       22582        3851
       22583        3854
       22584        3723
       22585        3758
       22586        3788
       22587        3821
       22588        3841
       22589        3858
       22590        3743
       22591        3763
       22592        3784
       22593        3826
       22594        3838
       22595        3855
       22596        3749
       22597        3774
       22598        3796
       22599        3827
       22600        3873
       22601        3875
       22602        3724
       22603        3737
       22604        3833
       22605        3846
       22606        3882
       22607        3611
       22608        3715
       22609        3814
       22610        3825
       22611        3886
       22612        3915
       22613        3920
       22614        3744
       22615        3764
       22616        3791
       22617        3824
       22618        3848
       22619        3862
       22620        3747
       22621        3772
       22622        3794
       22623        3819
       22624        3849
       22625        3859
       22626        3736
       22627        3766
       22628        3773
       22629        3836
       22630        3847
       22631        3899
       22632        3748
       22633        3770
       22634        3790
       22635        3828
       22636        3844
       22637        3863
       22638        3752
       22639        3759
       22640        3799
       22641        3818
       22642        3851
       22643        3856
       22644        3753
       22645        3778
       22646        3795
       22647        3834
       22648        3852
       22649        3865
       22650        3713
       22651        3754
       22652        3776
       22653        3861
       22654        3756
       22655        3784
       22656        3792
       22657        3838
       22658        3853
       22659        3881
       22660        3733
       22661        3750
       22662        3778
       22663        3799
       22664        3834
       22665        3854
       22666        3878
       22667        3887
       22668        3381
       22669        3611
       22670        3661
       22671        3804
       22672        3915
       22673        3974
       22674        3978
       22675        3762
       22676        3765
       22677        3816
       22678        3829
       22679        3864
       22680        3869
       22681        3765
       22682        3771
       22683        3815
       22684        3822
       22685        3864
       22686        3868
       22687        3774
       22688        3775
       22689        3818
       22690        3827
       22691        3866
       22692        3870
       22693        3759
       22694        3775
       22695        3809
       22696        3817
       22697        3856
       22698        3866
       22699        3772
       22700        3786
       22701        3806
       22702        3832
       22703        3859
       22704        3872
       22705        3745
       22706        3777
       22707        3783
       22708        3843
       22709        3857
       22710        3916
       22711        3758
       22712        3782
       22713        3800
       22714        3837
       22715        3858
       22716        3877
       22717        3771
       22718        3779
       22719        3816
       22720        3831
       22721        3868
       22722        3871
       22723        3767
       22724        3790
       22725        3798
       22726        3844
       22727        3867
       22728        3885
       22729        3764
       22730        3787
       22731        3805
       22732        3839
       22733        3862
       22734        3880
       22735        3715
       22736        3776
       22737        3804
       22738        3861
       22739        3886
       22740        3908
       22741        3763
       22742        3788
       22743        3801
       22744        3841
       22745        3855
       22746        3876
       22747        3774
       22748        3802
       22749        3817
       22750        3870
       22751        3873
       22752        3770
       22753        3791
       22754        3808
       22755        3848
       22756        3863
       22757        3883
       22758        3751
       22759        3762
       22760        3797
       22761        3815
       22762        3850
       22763        3869
       22764        3892
       22765        3900
       22766        3681
       22767        3755
       22768        3768
       22769        3923
       22770        3943
       22771        4009
       22772        3779
       22773        3781
       22774        3822
       22775        3835
       22776        3871
       22777        3874
       22778        3786
       22779        3797
       22780        3819
       22781        3850
       22782        3872
       22783        3884
       22784        3737
       22785        3780
       22786        3803
       22787        3882
       22788        3778
       22789        3810
       22790        3813
       22791        3865
       22792        3878
       22793        3781
       22794        3785
       22795        3831
       22796        3840
       22797        3874
       22798        3879
       22799        3766
       22800        3792
       22801        3807
       22802        3853
       22803        3899
       22804        3945
       22805        3782
       22806        3794
       22807        3821
       22808        3849
       22809        3877
       22810        3889
       22811        3784
       22812        3801
       22813        3812
       22814        3855
       22815        3881
       22816        3896
       22817        3787
       22818        3795
       22819        3824
       22820        3852
       22821        3880
       22822        3894
       22823        3785
       22824        3789
       22825        3835
       22826        3860
       22827        3879
       22828        3888
       22829        3788
       22830        3800
       22831        3826
       22832        3858
       22833        3876
       22834        3893
       22835        3724
       22836        3740
       22837        3846
       22838        3890
       22839        3913
       22840        3936
       22841        3777
       22842        3798
       22843        3820
       22844        3867
       22845        3916
       22846        3790
       22847        3808
       22848        3823
       22849        3863
       22850        3885
       22851        3897
       22852        3673
       22853        3760
       22854        3769
       22855        3934
       22856        3953
       22857        4014
       22858        3724
       22859        3803
       22860        3842
       22861        3882
       22862        3890
       22863        3932
       22864        3719
       22865        3746
       22866        3768
       22867        3773
       22868        3807
       22869        3899
       22870        3923
       22871        3975
       22872        3791
       22873        3805
       22874        3828
       22875        3862
       22876        3883
       22877        3898
       22878        3794
       22879        3806
       22880        3837
       22881        3859
       22882        3889
       22883        3902
       22884        3797
       22885        3829
       22886        3832
       22887        3884
       22888        3892
       22889        3799
       22890        3809
       22891        3854
       22892        3856
       22893        3895
       22894        3901
       22895        3795
       22896        3810
       22897        3839
       22898        3865
       22899        3894
       22900        3903
       22901        3792
       22902        3812
       22903        3836
       22904        3881
       22905        3945
       22906        3799
       22907        3813
       22908        3851
       22909        3887
       22910        3895
       22911        3801
       22912        3826
       22913        3838
       22914        3876
       22915        3896
       22916        3907
       22917        3809
       22918        3818
       22919        3851
       22920        3866
       22921        3901
       22922        3905
       22923        3730
       22924        3757
       22925        3769
       22926        3783
       22927        3820
       22928        3916
       22929        3934
       22930        3983
       22931        3800
       22932        3821
       22933        3841
       22934        3877
       22935        3893
       22936        3906
       22937        3806
       22938        3819
       22939        3849
       22940        3872
       22941        3902
       22942        3911
       22943        3789
       22944        3796
       22945        3840
       22946        3875
       22947        3888
       22948        3925
       22949        3928
       22950        3776
       22951        3811
       22952        3825
       22953        3908
       22954        3805
       22955        3824
       22956        3848
       22957        3880
       22958        3898
       22959        3912
       22960        3808
       22961        3828
       22962        3844
       22963        3883
       22964        3897
       22965        3930
       22966        3815
       22967        3816
       22968        3868
       22969        3869
       22970        3904
       22971        3909
       22972        3810
       22973        3834
       22974        3852
       22975        3878
       22976        3903
       22977        3918
       22978        3817
       22979        3818
       22980        3856
       22981        3870
       22982        3905
       22983        3910
       22984        3798
       22985        3823
       22986        3843
       22987        3885
       22988        3916
       22989        3972
       22990        3816
       22991        3822
       22992        3864
       22993        3871
       22994        3909
       22995        3917
       22996        3815
       22997        3829
       22998        3864
       22999        3900
       23000        3904
       23001        3817
       23002        3827
       23003        3866
       23004        3873
       23005        3910
       23006        3919
       23007        3822
       23008        3831
       23009        3868
       23010        3874
       23011        3917
       23012        3921
       23013        3819
       23014        3832
       23015        3859
       23016        3884
       23017        3911
       23018        3929
       23019        3802
       23020        3827
       23021        3870
       23022        3875
       23023        3919
       23024        3922
       23025        3831
       23026        3835
       23027        3871
       23028        3879
       23029        3921
       23030        3924
       23031        3796
       23032        3802
       23033        3860
       23034        3873
       23035        3922
       23036        3925
       23037        3826
       23038        3841
       23039        3855
       23040        3893
       23041        3907
       23042        3940
       23043        3821
       23044        3837
       23045        3858
       23046        3889
       23047        3906
       23048        3926
       23049        3813
       23050        3834
       23051        3865
       23052        3887
       23053        3918
       23054        3931
       23055        3835
       23056        3840
       23057        3874
       23058        3888
       23059        3924
       23060        3927
       23061        3824
       23062        3839
       23063        3862
       23064        3894
       23065        3912
       23066        3933
       23067        3812
       23068        3838
       23069        3853
       23070        3896
       23071        3945
       23072        3980
       23073        3803
       23074        3833
       23075        3846
       23076        3932
       23077        3828
       23078        3848
       23079        3863
       23080        3898
       23081        3930
       23082        3937
       23083        3832
       23084        3850
       23085        3872
       23086        3892
       23087        3929
       23088        3935
       23089        3823
       23090        3844
       23091        3867
       23092        3897
       23093        3972
       23094        3804
       23095        3825
       23096        3908
       23097        3920
       23098        3951
       23099        3813
       23100        3854
       23101        3878
       23102        3895
       23103        3931
       23104        3938
       23105        3840
       23106        3860
       23107        3879
       23108        3927
       23109        3928
       23110        3837
       23111        3849
       23112        3877
       23113        3902
       23114        3926
       23115        3939
       23116        3842
       23117        3846
       23118        3932
       23119        3936
       23120        3971
       23121        3652
       23122        3793
       23123        3914
       23124        4008
       23125        4033
       23126        3829
       23127        3850
       23128        3884
       23129        3900
       23130        3935
       23131        3942
       23132        3841
       23133        3858
       23134        3876
       23135        3906
       23136        3940
       23137        3950
       23138        3839
       23139        3852
       23140        3880
       23141        3903
       23142        3933
       23143        3941
       23144        3851
       23145        3854
       23146        3887
       23147        3901
       23148        3938
       23149        3944
       23150        3838
       23151        3855
       23152        3881
       23153        3907
       23154        3980
       23155        3844
       23156        3863
       23157        3885
       23158        3930
       23159        3972
       23160        3848
       23161        3862
       23162        3883
       23163        3912
       23164        3937
       23165        3955
       23166        3807
       23167        3836
       23168        3847
       23169        3945
       23170        3975
       23171        4013
       23172        3829
       23173        3869
       23174        3892
       23175        3904
       23176        3942
       23177        3947
       23178        3851
       23179        3856
       23180        3895
       23181        3905
       23182        3944
       23183        3948
       23184        3849
       23185        3859
       23186        3889
       23187        3911
       23188        3939
       23189        3946
       23190        3852
       23191        3865
       23192        3894
       23193        3918
       23194        3941
       23195        3949
       23196        3864
       23197        3869
       23198        3900
       23199        3909
       23200        3947
       23201        3952
       23202        3856
       23203        3866
       23204        3901
       23205        3910
       23206        3948
       23207        3954
       23208        3858
       23209        3877
       23210        3893
       23211        3926
       23212        3950
       23213        3966
       23214        3855
       23215        3876
       23216        3896
       23217        3940
       23218        3980
       23219        3825
       23220        3861
       23221        3886
       23222        3951
       23223        3864
       23224        3868
       23225        3904
       23226        3917
       23227        3952
       23228        3957
       23229        3866
       23230        3870
       23231        3905
       23232        3919
       23233        3954
       23234        3959
       23235        3859
       23236        3872
       23237        3902
       23238        3929
       23239        3946
       23240        3956
       23241        3862
       23242        3880
       23243        3898
       23244        3933
       23245        3955
       23246        3963
       23247        3740
       23248        3842
       23249        3914
       23250        3936
       23251        3981
       23252        4001
       23253        4010
       23254        3534
       23255        3652
       23256        3740
       23257        3891
       23258        3913
       23259        4001
       23260        4033
       23261        4041
       23262        3804
       23263        3814
       23264        3920
       23265        3958
       23266        3978
       23267        3993
       23268        3820
       23269        3843
       23270        3857
       23271        3867
       23272        3972
       23273        3983
       23274        4030
       23275        3868
       23276        3871
       23277        3909
       23278        3921
       23279        3957
       23280        3961
       23281        3865
       23282        3878
       23283        3903
       23284        3931
       23285        3949
       23286        3960
       23287        3870
       23288        3873
       23289        3910
       23290        3922
       23291        3959
       23292        3962
       23293        3804
       23294        3886
       23295        3915
       23296        3951
       23297        3958
       23298        3989
       23299        3871
       23300        3874
       23301        3917
       23302        3924
       23303        3961
       23304        3964
       23305        3873
       23306        3875
       23307        3919
       23308        3925
       23309        3962
       23310        3965
       23311        3768
       23312        3830
       23313        3847
       23314        3975
       23315        4009
       23316        4069
       23317        3874
       23318        3879
       23319        3921
       23320        3927
       23321        3964
       23322        3967
       23323        3860
       23324        3875
       23325        3922
       23326        3928
       23327        3965
       23328        3968
       23329        3877
       23330        3889
       23331        3906
       23332        3939
       23333        3966
       23334        3976
       23335        3879
       23336        3888
       23337        3924
       23338        3928
       23339        3967
       23340        3969
       23341        3860
       23342        3888
       23343        3925
       23344        3927
       23345        3968
       23346        3969
       23347        3872
       23348        3884
       23349        3911
       23350        3935
       23351        3956
       23352        3970
       23353        3863
       23354        3883
       23355        3897
       23356        3937
       23357        3972
       23358        4000
       23359        3878
       23360        3887
       23361        3918
       23362        3938
       23363        3960
       23364        3973
       23365        3846
       23366        3882
       23367        3890
       23368        3971
       23369        3880
       23370        3894
       23371        3912
       23372        3941
       23373        3963
       23374        3985
       23375        3769
       23376        3845
       23377        3857
       23378        3983
       23379        4014
       23380        4087
       23381        3884
       23382        3892
       23383        3929
       23384        3942
       23385        3970
       23386        3977
       23387        3842
       23388        3890
       23389        3913
       23390        3971
       23391        3981
       23392        4006
       23393        3883
       23394        3898
       23395        3930
       23396        3955
       23397        4000
       23398        3887
       23399        3895
       23400        3931
       23401        3944
       23402        3973
       23403        3979
       23404        3889
       23405        3902
       23406        3926
       23407        3946
       23408        3976
       23409        3984
       23410        3876
       23411        3893
       23412        3907
       23413        3950
       23414        3980
       23415        4012
       23416        3894
       23417        3903
       23418        3933
       23419        3949
       23420        3985
       23421        3991
       23422        3892
       23423        3900
       23424        3935
       23425        3947
       23426        3977
       23427        3982
       23428        3670
       23429        3755
       23430        3793
       23431        3830
       23432        4008
       23433        4009
       23434        4064
       23435        3895
       23436        3901
       23437        3938
       23438        3948
       23439        3979
       23440        3986
       23441        3836
       23442        3853
       23443        3881
       23444        3899
       23445        3980
       23446        4013
       23447        4042
       23448        3902
       23449        3911
       23450        3939
       23451        3956
       23452        3984
       23453        3998
       23454        3900
       23455        3904
       23456        3942
       23457        3952
       23458        3982
       23459        3987
       23460        3901
       23461        3905
       23462        3944
       23463        3954
       23464        3986
       23465        3988
       23466        3903
       23467        3918
       23468        3941
       23469        3960
       23470        3991
       23471        3995
       23472        3893
       23473        3906
       23474        3940
       23475        3966
       23476        4012
       23477        3886
       23478        3908
       23479        3920
       23480        3989
       23481        3904
       23482        3909
       23483        3947
       23484        3957
       23485        3987
       23486        3990
       23487        3760
       23488        3761
       23489        3845
       23490        4014
       23491        4019
       23492        4068
       23493        3905
       23494        3910
       23495        3948
       23496        3959
       23497        3988
       23498        3992
       23499        3898
       23500        3912
       23501        3937
       23502        3963
       23503        4000
       23504        4023
       23505        3911
       23506        3929
       23507        3946
       23508        3970
       23509        3998
       23510        4011
       23511        3909
       23512        3917
       23513        3952
       23514        3961
       23515        3990
       23516        3994
       23517        3915
       23518        3920
       23519        3989
       23520        3993
       23521        4022
       23522        3910
       23523        3919
       23524        3954
       23525        3962
       23526        3992
       23527        3996
       23528        3918
       23529        3931
       23530        3949
       23531        3973
       23532        3995
       23533        4007
       23534        3917
       23535        3921
       23536        3957
       23537        3964
       23538        3994
       23539        3997
       23540        3919
       23541        3922
       23542        3959
       23543        3965
       23544        3996
       23545        3999
       23546        3912
       23547        3933
       23548        3955
       23549        3985
       23550        4023
       23551        3921
       23552        3924
       23553        3961
       23554        3967
       23555        3997
       23556        4002
       23557        3922
       23558        3925
       23559        3962
       23560        3968
       23561        3999
       23562        4003
       23563        3906
       23564        3926
       23565        3950
       23566        3976
       23567        4012
       23568        4039
       23569        3924
       23570        3927
       23571        3964
       23572        3969
       23573        4002
       23574        4004
       23575        3925
       23576        3928
       23577        3965
       23578        3969
       23579        4003
       23580        4005
       23581        3927
       23582        3928
       23583        3967
       23584        3968
       23585        4004
       23586        4005
       23587        3929
       23588        3935
       23589        3956
       23590        3977
       23591        4011
       23592        4015
       23593        3890
       23594        3932
       23595        3936
       23596        4006
       23597        3867
       23598        3885
       23599        3897
       23600        3916
       23601        3930
       23602        4000
       23603        4030
       23604        4051
       23605        3931
       23606        3938
       23607        3960
       23608        3979
       23609        4007
       23610        4016
       23611        3661
       23612        3761
       23613        3814
       23614        3978
       23615        4044
       23616        4054
       23617        4059
       23618        3847
       23619        3899
       23620        3923
       23621        4013
       23622        4069
       23623        3926
       23624        3939
       23625        3966
       23626        3984
       23627        4039
       23628        3935
       23629        3942
       23630        3970
       23631        3982
       23632        4015
       23633        4018
       23634        3814
       23635        3915
       23636        3974
       23637        3993
       23638        4027
       23639        4044
       23640        4046
       23641        3938
       23642        3944
       23643        3973
       23644        3986
       23645        4016
       23646        4017
       23647        3881
       23648        3896
       23649        3907
       23650        3940
       23651        3945
       23652        4012
       23653        4042
       23654        4053
       23655        3913
       23656        3936
       23657        4006
       23658        4010
       23659        4029
       23660        3942
       23661        3947
       23662        3977
       23663        3987
       23664        4018
       23665        4020
       23666        3857
       23667        3916
       23668        3934
       23669        4030
       23670        4087
       23671        3939
       23672        3946
       23673        3976
       23674        3998
       23675        4039
       23676        3933
       23677        3941
       23678        3963
       23679        3991
       23680        4023
       23681        4043
       23682        3944
       23683        3948
       23684        3979
       23685        3988
       23686        4017
       23687        4021
       23688        3947
       23689        3952
       23690        3982
       23691        3990
       23692        4020
       23693        4025
       23694        3948
       23695        3954
       23696        3986
       23697        3992
       23698        4021
       23699        4026
       23700        3920
       23701        3951
       23702        3958
       23703        4022
       23704        3952
       23705        3957
       23706        3987
       23707        3994
       23708        4025
       23709        4031
       23710        3941
       23711        3949
       23712        3985
       23713        3995
       23714        4043
       23715        4048
       23716        3954
       23717        3959
       23718        3988
       23719        3996
       23720        4024
       23721        4026
       23722        3915
       23723        3958
       23724        3978
       23725        4022
       23726        4027
       23727        4045
       23728        3957
       23729        3961
       23730        3990
       23731        3997
       23732        4028
       23733        4031
       23734        3949
       23735        3960
       23736        3991
       23737        4007
       23738        4048
       23739        3959
       23740        3962
       23741        3992
       23742        3999
       23743        4024
       23744        4035
       23745        3961
       23746        3964
       23747        3994
       23748        4002
       23749        4028
       23750        4036
       23751        3946
       23752        3956
       23753        3984
       23754        4011
       23755        4039
       23756        4047
       23757        3962
       23758        3965
       23759        3996
       23760        4003
       23761        4034
       23762        4035
       23763        3930
       23764        3937
       23765        3955
       23766        3972
       23767        4023
       23768        4051
       23769        4063
       23770        3913
       23771        3914
       23772        4010
       23773        4032
       23774        4041
       23775        4050
       23776        3964
       23777        3967
       23778        3997
       23779        4004
       23780        4036
       23781        4037
       23782        3965
       23783        3968
       23784        3999
       23785        4005
       23786        4034
       23787        4038
       23788        3967
       23789        3969
       23790        4002
       23791        4005
       23792        4037
       23793        4040
       23794        3968
       23795        3969
       23796        4003
       23797        4004
       23798        4038
       23799        4040
       23800        3936
       23801        3971
       23802        3981
       23803        4029
       23804        3960
       23805        3973
       23806        3995
       23807        4016
       23808        4048
       23809        3793
       23810        3891
       23811        3943
       23812        4033
       23813        4064
       23814        4077
       23815        3830
       23816        3923
       23817        3943
       23818        4064
       23819        4069
       23820        4107
       23821        3913
       23822        3981
       23823        4001
       23824        4029
       23825        4032
       23826        4049
       23827        3956
       23828        3970
       23829        3998
       23830        4015
       23831        4047
       23832        3940
       23833        3950
       23834        3966
       23835        3980
       23836        4039
       23837        4053
       23838        4073
       23839        3899
       23840        3945
       23841        3975
       23842        4042
       23843        4069
       23844        3845
       23845        3934
       23846        3953
       23847        4068
       23848        4087
       23849        4117
       23850        3970
       23851        3977
       23852        4011
       23853        4018
       23854        4047
       23855        4052
       23856        3973
       23857        3979
       23858        4007
       23859        4017
       23860        4048
       23861        4056
       23862        3979
       23863        3986
       23864        4016
       23865        4021
       23866        4056
       23867        3977
       23868        3982
       23869        4015
       23870        4020
       23871        4052
       23872        3761
       23873        3953
       23874        4054
       23875        4068
       23876        4091
       23877        3982
       23878        3987
       23879        4018
       23880        4025
       23881        4052
       23882        3986
       23883        3988
       23884        4017
       23885        4026
       23886        4056
       23887        3958
       23888        3989
       23889        3993
       23890        4045
       23891        3955
       23892        3963
       23893        3985
       23894        4000
       23895        4043
       23896        4063
       23897        4074
       23898        3992
       23899        3996
       23900        4026
       23901        4035
       23902        4062
       23903        3987
       23904        3990
       23905        4020
       23906        4031
       23907        4052
       23908        4060
       23909        3988
       23910        3992
       23911        4021
       23912        4024
       23913        4056
       23914        4062
       23915        3978
       23916        3993
       23917        4045
       23918        4046
       23919        4057
       23920        3994
       23921        3997
       23922        4031
       23923        4036
       23924        4058
       23925        3981
       23926        4006
       23927        4010
       23928        4049
       23929        3916
       23930        3972
       23931        3983
       23932        4051
       23933        4081
       23934        4087
       23935        4109
       23936        3990
       23937        3994
       23938        4025
       23939        4028
       23940        4058
       23941        4060
       23942        4001
       23943        4010
       23944        4049
       23945        4050
       23946        4061
       23947        3891
       23948        3914
       23949        4008
       23950        4041
       23951        4070
       23952        4077
       23953        4084
       23954        3999
       23955        4003
       23956        4035
       23957        4038
       23958        4066
       23959        3996
       23960        3999
       23961        4024
       23962        4034
       23963        4062
       23964        4066
       23965        3997
       23966        4002
       23967        4028
       23968        4037
       23969        4058
       23970        4002
       23971        4004
       23972        4036
       23973        4040
       23974        4058
       23975        4065
       23976        4003
       23977        4005
       23978        4034
       23979        4040
       23980        4065
       23981        4066
       23982        3966
       23983        3976
       23984        3984
       23985        3998
       23986        4012
       23987        4047
       23988        4073
       23989        4078
       23990        4004
       23991        4005
       23992        4037
       23993        4038
       23994        4065
       23995        3914
       23996        4001
       23997        4033
       23998        4050
       23999        4067
       24000        4070
       24001        4075
       24002        3945
       24003        3980
       24004        4013
       24005        4053
       24006        4069
       24007        4106
       24008        3985
       24009        3991
       24010        4023
       24011        4048
       24012        4074
       24013        4079
       24014        3974
       24015        3978
       24016        4046
       24017        4055
       24018        4059
       24019        4071
       24020        3993
       24021        4022
       24022        4027
       24023        4057
       24024        3978
       24025        4027
       24026        4044
       24027        4055
       24028        4057
       24029        4072
       24030        3998
       24031        4011
       24032        4015
       24033        4039
       24034        4052
       24035        4078
       24036        4088
       24037        3991
       24038        3995
       24039        4007
       24040        4016
       24041        4043
       24042        4056
       24043        4079
       24044        4090
       24045        4010
       24046        4029
       24047        4032
       24048        4061
       24049        4001
       24050        4032
       24051        4041
       24052        4061
       24053        4067
       24054        4076
       24055        3972
       24056        4000
       24057        4030
       24058        4063
       24059        4081
       24060        4113
       24061        4015
       24062        4018
       24063        4020
       24064        4025
       24065        4047
       24066        4060
       24067        4088
       24068        4093
       24069        3980
       24070        4012
       24071        4042
       24072        4073
       24073        4106
       24074        3761
       24075        3974
       24076        4019
       24077        4059
       24078        4086
       24079        4091
       24080        4100
       24081        4044
       24082        4046
       24083        4071
       24084        4072
       24085        4080
       24086        4016
       24087        4017
       24088        4021
       24089        4026
       24090        4048
       24091        4062
       24092        4090
       24093        4095
       24094        4027
       24095        4045
       24096        4046
       24097        4072
       24098        4028
       24099        4031
       24100        4036
       24101        4037
       24102        4060
       24103        4065
       24104        4097
       24105        4102
       24106        3974
       24107        4044
       24108        4054
       24109        4071
       24110        4083
       24111        4086
       24112        4089
       24113        4025
       24114        4031
       24115        4052
       24116        4058
       24117        4093
       24118        4097
       24119        4032
       24120        4049
       24121        4050
       24122        4076
       24123        4024
       24124        4026
       24125        4035
       24126        4056
       24127        4066
       24128        4095
       24129        4098
       24130        4000
       24131        4023
       24132        4051
       24133        4074
       24134        4113
       24135        3943
       24136        4008
       24137        4009
       24138        4077
       24139        4107
       24140        4111
       24141        4138
       24142        4037
       24143        4038
       24144        4040
       24145        4058
       24146        4066
       24147        4099
       24148        4102
       24149        4034
       24150        4035
       24151        4038
       24152        4062
       24153        4065
       24154        4098
       24155        4099
       24156        4041
       24157        4050
       24158        4075
       24159        4076
       24160        4085
       24161        3953
       24162        4014
       24163        4019
       24164        4091
       24165        4117
       24166        4123
       24167        3923
       24168        3975
       24169        4009
       24170        4013
       24171        4042
       24172        4106
       24173        4107
       24174        4127
       24175        4144
       24176        4033
       24177        4041
       24178        4075
       24179        4082
       24180        4084
       24181        4094
       24182        4044
       24183        4055
       24184        4059
       24185        4080
       24186        4083
       24187        4092
       24188        4046
       24189        4055
       24190        4057
       24191        4080
       24192        4012
       24193        4039
       24194        4053
       24195        4078
       24196        4106
       24197        4125
       24198        4150
       24199        4023
       24200        4043
       24201        4063
       24202        4079
       24203        4110
       24204        4113
       24205        4134
       24206        4041
       24207        4067
       24208        4070
       24209        4082
       24210        4085
       24211        4096
       24212        4050
       24213        4061
       24214        4067
       24215        4085
       24216        4008
       24217        4033
       24218        4064
       24219        4084
       24220        4108
       24221        4111
       24222        4118
       24223        4039
       24224        4047
       24225        4073
       24226        4088
       24227        4125
       24228        4136
       24229        4043
       24230        4048
       24231        4074
       24232        4090
       24233        4134
       24234        4055
       24235        4071
       24236        4072
       24237        4092
       24238        4030
       24239        4051
       24240        4109
       24241        4113
       24242        4130
       24243        4070
       24244        4075
       24245        4094
       24246        4096
       24247        4104
       24248        4059
       24249        4071
       24250        4089
       24251        4092
       24252        4103
       24253        4033
       24254        4070
       24255        4077
       24256        4094
       24257        4105
       24258        4108
       24259        4114
       24260        4067
       24261        4075
       24262        4076
       24263        4096
       24264        4054
       24265        4059
       24266        4089
       24267        4100
       24268        4101
       24269        4112
       24270        3934
       24271        3983
       24272        4014
       24273        4030
       24274        4109
       24275        4117
       24276        4128
       24277        4047
       24278        4052
       24279        4078
       24280        4093
       24281        4136
       24282        4148
       24283        4059
       24284        4083
       24285        4086
       24286        4101
       24287        4103
       24288        4115
       24289        4048
       24290        4056
       24291        4079
       24292        4095
       24293        4134
       24294        4152
       24295        4202
       24296        4019
       24297        4054
       24298        4068
       24299        4100
       24300        4122
       24301        4123
       24302        4133
       24303        4071
       24304        4080
       24305        4083
       24306        4103
       24307        4052
       24308        4060
       24309        4088
       24310        4097
       24311        4141
       24312        4148
       24313        4070
       24314        4082
       24315        4084
       24316        4104
       24317        4105
       24318        4116
       24319        4056
       24320        4062
       24321        4090
       24322        4098
       24323        4152
       24324        4075
       24325        4082
       24326        4085
       24327        4104
       24328        4058
       24329        4060
       24330        4093
       24331        4102
       24332        4141
       24333        4158
       24334        4062
       24335        4066
       24336        4095
       24337        4099
       24338        4152
       24339        4159
       24340        4065
       24341        4066
       24342        4098
       24343        4102
       24344        4159
       24345        4054
       24346        4086
       24347        4091
       24348        4112
       24349        4120
       24350        4122
       24351        4126
       24352        4086
       24353        4089
       24354        4112
       24355        4115
       24356        4121
       24357        4058
       24358        4065
       24359        4097
       24360        4099
       24361        4158
       24362        4159
       24363        4083
       24364        4089
       24365        4092
       24366        4115
       24367        4082
       24368        4094
       24369        4096
       24370        4116
       24371        4084
       24372        4094
       24373        4114
       24374        4116
       24375        4124
       24376        4042
       24377        4053
       24378        4069
       24379        4073
       24380        4127
       24381        4135
       24382        4139
       24383        4150
       24384        4009
       24385        4064
       24386        4069
       24387        4138
       24388        4144
       24389        4179
       24390        4077
       24391        4084
       24392        4114
       24393        4118
       24394        4119
       24395        4129
       24396        4030
       24397        4081
       24398        4087
       24399        4128
       24400        4130
       24401        4146
       24402        4074
       24403        4113
       24404        4134
       24405        4160
       24406        4064
       24407        4077
       24408        4118
       24409        4138
       24410        4140
       24411        4155
       24412        4086
       24413        4100
       24414        4101
       24415        4120
       24416        4121
       24417        4131
       24418        4051
       24419        4063
       24420        4074
       24421        4081
       24422        4110
       24423        4130
       24424        4151
       24425        4160
       24426        4161
       24427        4084
       24428        4105
       24429        4108
       24430        4119
       24431        4124
       24432        4132
       24433        4089
       24434        4101
       24435        4103
       24436        4121
       24437        4094
       24438        4104
       24439        4105
       24440        4124
       24441        4014
       24442        4068
       24443        4087
       24444        4123
       24445        4128
       24446        4157
       24447        4169
       24448        4077
       24449        4108
       24450        4111
       24451        4129
       24452        4140
       24453        4143
       24454        4149
       24455        4108
       24456        4114
       24457        4129
       24458        4132
       24459        4145
       24460        4100
       24461        4112
       24462        4126
       24463        4131
       24464        4142
       24465        4101
       24466        4112
       24467        4115
       24468        4131
       24469        4091
       24470        4100
       24471        4126
       24472        4133
       24473        4137
       24474        4147
       24475        4068
       24476        4091
       24477        4117
       24478        4133
       24479        4157
       24480        4164
       24481        4178
       24482        4105
       24483        4114
       24484        4116
       24485        4132
       24486        4073
       24487        4078
       24488        4136
       24489        4150
       24490        4165
       24491        4187
       24492        4188
       24493        4100
       24494        4120
       24495        4122
       24496        4137
       24497        4142
       24498        4153
       24499        4069
       24500        4106
       24501        4135
       24502        4144
       24503        4167
       24504        4205
       24505        4087
       24506        4109
       24507        4117
       24508        4146
       24509        4163
       24510        4169
       24511        4108
       24512        4118
       24513        4119
       24514        4143
       24515        4145
       24516        4156
       24517        4081
       24518        4109
       24519        4113
       24520        4146
       24521        4151
       24522        4154
       24523        4162
       24524        4112
       24525        4120
       24526        4121
       24527        4142
       24528        4114
       24529        4119
       24530        4124
       24531        4145
       24532        4091
       24533        4122
       24534        4123
       24535        4147
       24536        4164
       24537        4168
       24538        4174
       24539        4074
       24540        4079
       24541        4090
       24542        4110
       24543        4160
       24544        4186
       24545        4202
       24546        4209
       24547        4106
       24548        4127
       24549        4139
       24550        4167
       24551        4172
       24552        4078
       24553        4088
       24554        4125
       24555        4148
       24556        4188
       24557        4203
       24558        4122
       24559        4126
       24560        4147
       24561        4153
       24562        4170
       24563        4064
       24564        4107
       24565        4111
       24566        4155
       24567        4179
       24568        4190
       24569        4211
       24570        4106
       24571        4135
       24572        4150
       24573        4172
       24574        4180
       24575        4185
       24576        4111
       24577        4118
       24578        4149
       24579        4155
       24580        4166
       24581        4176
       24582        4093
       24583        4097
       24584        4148
       24585        4158
       24586        4215
       24587        4120
       24588        4126
       24589        4131
       24590        4153
       24591        4118
       24592        4129
       24593        4149
       24594        4156
       24595        4171
       24596        4069
       24597        4107
       24598        4127
       24599        4179
       24600        4205
       24601        4221
       24602        4119
       24603        4129
       24604        4132
       24605        4156
       24606        4109
       24607        4128
       24608        4130
       24609        4154
       24610        4163
       24611        4175
       24612        4122
       24613        4133
       24614        4137
       24615        4168
       24616        4170
       24617        4181
       24618        4088
       24619        4093
       24620        4136
       24621        4141
       24622        4203
       24623        4215
       24624        4118
       24625        4140
       24626        4143
       24627        4166
       24628        4171
       24629        4184
       24630        4073
       24631        4106
       24632        4125
       24633        4139
       24634        4165
       24635        4185
       24636        4195
       24637        4199
       24638        4113
       24639        4130
       24640        4161
       24641        4162
       24642        4173
       24643        4177
       24644        4182
       24645        4090
       24646        4095
       24647        4098
       24648        4159
       24649        4202
       24650        4227
       24651        4236
       24652        4237
       24653        4126
       24654        4137
       24655        4142
       24656        4170
       24657        4130
       24658        4146
       24659        4162
       24660        4175
       24661        4183
       24662        4111
       24663        4138
       24664        4140
       24665        4176
       24666        4190
       24667        4194
       24668        4208
       24669        4129
       24670        4143
       24671        4145
       24672        4171
       24673        4117
       24674        4123
       24675        4169
       24676        4178
       24677        4222
       24678        4245
       24679        4097
       24680        4102
       24681        4141
       24682        4159
       24683        4215
       24684        4228
       24685        4244
       24686        4254
       24687        4098
       24688        4099
       24689        4102
       24690        4152
       24691        4158
       24692        4227
       24693        4228
       24694        4110
       24695        4113
       24696        4134
       24697        4161
       24698        4186
       24699        4196
       24700        4213
       24701        4217
       24702        4113
       24703        4151
       24704        4160
       24705        4182
       24706        4191
       24707        4196
       24708        4130
       24709        4151
       24710        4154
       24711        4173
       24712        4183
       24713        4192
       24714        4128
       24715        4146
       24716        4169
       24717        4175
       24718        4198
       24719        4238
       24720        4123
       24721        4133
       24722        4174
       24723        4178
       24724        4189
       24725        4207
       24726        4125
       24727        4150
       24728        4187
       24729        4199
       24730        4212
       24731        4140
       24732        4149
       24733        4176
       24734        4184
       24735        4200
       24736        4127
       24737        4135
       24738        4172
       24739        4193
       24740        4201
       24741        4205
       24742        4133
       24743        4147
       24744        4174
       24745        4181
       24746        4197
       24747        4117
       24748        4128
       24749        4157
       24750        4163
       24751        4238
       24752        4245
       24753        4275
       24754        4137
       24755        4147
       24756        4153
       24757        4181
       24758        4143
       24759        4149
       24760        4156
       24761        4184
       24762        4135
       24763        4139
       24764        4167
       24765        4180
       24766        4193
       24767        4206
       24768        4151
       24769        4162
       24770        4177
       24771        4192
       24772        4204
       24773        4133
       24774        4164
       24775        4168
       24776        4189
       24777        4197
       24778        4219
       24779        4146
       24780        4154
       24781        4163
       24782        4183
       24783        4198
       24784        4210
       24785        4140
       24786        4155
       24787        4166
       24788        4194
       24789        4200
       24790        4220
       24791        4151
       24792        4173
       24793        4182
       24794        4204
       24795        4214
       24796        4123
       24797        4157
       24798        4164
       24799        4207
       24800        4222
       24801        4230
       24802        4246
       24803        4107
       24804        4138
       24805        4144
       24806        4211
       24807        4221
       24808        4259
       24809        4276
       24810        4139
       24811        4172
       24812        4185
       24813        4206
       24814        4216
       24815        4147
       24816        4168
       24817        4170
       24818        4197
       24819        4151
       24820        4161
       24821        4177
       24822        4191
       24823        4214
       24824        4223
       24825        4154
       24826        4162
       24827        4175
       24828        4192
       24829        4149
       24830        4166
       24831        4171
       24832        4200
       24833        4139
       24834        4150
       24835        4180
       24836        4195
       24837        4216
       24838        4226
       24839        4134
       24840        4160
       24841        4209
       24842        4217
       24843        4224
       24844        4232
       24845        4125
       24846        4165
       24847        4188
       24848        4212
       24849        4218
       24850        4229
       24851        4233
       24852        4125
       24853        4136
       24854        4187
       24855        4203
       24856        4233
       24857        4250
       24858        4252
       24859        4253
       24860        4164
       24861        4174
       24862        4207
       24863        4219
       24864        4241
       24865        4138
       24866        4155
       24867        4208
       24868        4211
       24869        4225
       24870        4247
       24871        4161
       24872        4182
       24873        4196
       24874        4223
       24875        4234
       24876        4162
       24877        4173
       24878        4183
       24879        4204
       24880        4167
       24881        4172
       24882        4201
       24883        4206
       24884        4231
       24885        4155
       24886        4176
       24887        4208
       24888        4220
       24889        4243
       24890        4150
       24891        4185
       24892        4199
       24893        4226
       24894        4235
       24895        4160
       24896        4161
       24897        4191
       24898        4213
       24899        4234
       24900        4248
       24901        4168
       24902        4174
       24903        4181
       24904        4219
       24905        4163
       24906        4175
       24907        4210
       24908        4238
       24909        4240
       24910        4150
       24911        4165
       24912        4195
       24913        4212
       24914        4235
       24915        4249
       24916        4166
       24917        4176
       24918        4184
       24919        4220
       24920        4167
       24921        4193
       24922        4205
       24923        4231
       24924        4239
       24925        4090
       24926        4134
       24927        4152
       24928        4209
       24929        4237
       24930        4256
       24931        4266
       24932        4267
       24933        4270
       24934        4136
       24935        4148
       24936        4188
       24937        4215
       24938        4253
       24939        4265
       24940        4268
       24941        4269
       24942        4173
       24943        4177
       24944        4192
       24945        4214
       24946        4127
       24947        4144
       24948        4167
       24949        4201
       24950        4221
       24951        4239
       24952        4290
       24953        4172
       24954        4180
       24955        4193
       24956        4216
       24957        4164
       24958        4178
       24959        4189
       24960        4230
       24961        4241
       24962        4260
       24963        4155
       24964        4190
       24965        4194
       24966        4225
       24967        4243
       24968        4261
       24969        4134
       24970        4186
       24971        4202
       24972        4232
       24973        4242
       24974        4255
       24975        4256
       24976        4175
       24977        4198
       24978        4240
       24979        4251
       24980        4138
       24981        4179
       24982        4190
       24983        4247
       24984        4259
       24985        4271
       24986        4284
       24987        4165
       24988        4187
       24989        4199
       24990        4218
       24991        4249
       24992        4258
       24993        4160
       24994        4196
       24995        4217
       24996        4248
       24997        4257
       24998        4177
       24999        4182
       25000        4204
       25001        4223
       25002        4141
       25003        4148
       25004        4158
       25005        4203
       25006        4244
       25007        4265
       25008        4277
       25009        4279
       25010        4286
       25011        4180
       25012        4185
       25013        4206
       25014        4226
       25015        4160
       25016        4186
       25017        4213
       25018        4224
       25019        4257
       25020        4263
       25021        4187
       25022        4212
       25023        4229
       25024        4258
       25025        4264
       25026        4174
       25027        4189
       25028        4197
       25029        4241
       25030        4176
       25031        4194
       25032        4200
       25033        4243
       25034        4144
       25035        4179
       25036        4205
       25037        4276
       25038        4290
       25039        4314
       25040        4157
       25041        4178
       25042        4245
       25043        4246
       25044        4262
       25045        4285
       25046        4182
       25047        4191
       25048        4214
       25049        4234
       25050        4186
       25051        4217
       25052        4232
       25053        4263
       25054        4272
       25055        4190
       25056        4208
       25057        4247
       25058        4261
       25059        4280
       25060        4185
       25061        4195
       25062        4216
       25063        4235
       25064        4152
       25065        4159
       25066        4228
       25067        4236
       25068        4295
       25069        4299
       25070        4303
       25071        4158
       25072        4159
       25073        4227
       25074        4254
       25075        4299
       25076        4301
       25077        4306
       25078        4307
       25079        4187
       25080        4218
       25081        4233
       25082        4264
       25083        4274
       25084        4178
       25085        4207
       25086        4246
       25087        4260
       25088        4282
       25089        4193
       25090        4201
       25091        4239
       25092        4273
       25093        4186
       25094        4209
       25095        4224
       25096        4242
       25097        4272
       25098        4281
       25099        4187
       25100        4188
       25101        4229
       25102        4250
       25103        4274
       25104        4287
       25105        4191
       25106        4196
       25107        4223
       25108        4248
       25109        4195
       25110        4199
       25111        4226
       25112        4249
       25113        4152
       25114        4227
       25115        4237
       25116        4289
       25117        4291
       25118        4295
       25119        4152
       25120        4202
       25121        4236
       25122        4270
       25123        4278
       25124        4283
       25125        4289
       25126        4163
       25127        4169
       25128        4198
       25129        4240
       25130        4275
       25131        4315
       25132        4318
       25133        4201
       25134        4205
       25135        4231
       25136        4273
       25137        4290
       25138        4292
       25139        4198
       25140        4210
       25141        4238
       25142        4251
       25143        4288
       25144        4318
       25145        4189
       25146        4207
       25147        4219
       25148        4260
       25149        4209
       25150        4232
       25151        4255
       25152        4281
       25153        4294
       25154        4194
       25155        4208
       25156        4220
       25157        4261
       25158        4158
       25159        4215
       25160        4254
       25161        4277
       25162        4293
       25163        4296
       25164        4157
       25165        4169
       25166        4222
       25167        4275
       25168        4285
       25169        4313
       25170        4323
       25171        4178
       25172        4222
       25173        4230
       25174        4262
       25175        4282
       25176        4310
       25177        4190
       25178        4211
       25179        4225
       25180        4271
       25181        4280
       25182        4309
       25183        4196
       25184        4213
       25185        4234
       25186        4257
       25187        4199
       25188        4212
       25189        4235
       25190        4258
       25191        4188
       25192        4233
       25193        4252
       25194        4287
       25195        4297
       25196        4210
       25197        4240
       25198        4288
       25199        4298
       25200        4188
       25201        4250
       25202        4253
       25203        4297
       25204        4305
       25205        4188
       25206        4203
       25207        4252
       25208        4268
       25209        4305
       25210        4312
       25211        4158
       25212        4228
       25213        4244
       25214        4296
       25215        4300
       25216        4301
       25217        4304
       25218        4209
       25219        4242
       25220        4256
       25221        4294
       25222        4302
       25223        4202
       25224        4209
       25225        4255
       25226        4266
       25227        4302
       25228        4311
       25229        4213
       25230        4217
       25231        4248
       25232        4263
       25233        4212
       25234        4218
       25235        4249
       25236        4264
       25237        4179
       25238        4211
       25239        4276
       25240        4284
       25241        4308
       25242        4322
       25243        4207
       25244        4230
       25245        4241
       25246        4282
       25247        4208
       25248        4225
       25249        4243
       25250        4280
       25251        4222
       25252        4246
       25253        4285
       25254        4310
       25255        4326
       25256        4217
       25257        4224
       25258        4257
       25259        4272
       25260        4218
       25261        4229
       25262        4258
       25263        4274
       25264        4203
       25265        4215
       25266        4269
       25267        4286
       25268        4321
       25269        4327
       25270        4202
       25271        4256
       25272        4267
       25273        4311
       25274        4316
       25275        4202
       25276        4266
       25277        4270
       25278        4316
       25279        4319
       25280        4203
       25281        4253
       25282        4269
       25283        4312
       25284        4317
       25285        4203
       25286        4265
       25287        4268
       25288        4317
       25289        4321
       25290        4202
       25291        4237
       25292        4267
       25293        4283
       25294        4319
       25295        4325
       25296        4211
       25297        4247
       25298        4284
       25299        4309
       25300        4324
       25301        4224
       25302        4232
       25303        4263
       25304        4281
       25305        4231
       25306        4239
       25307        4292
       25308        4320
       25309        4229
       25310        4233
       25311        4264
       25312        4287
       25313        4169
       25314        4238
       25315        4245
       25316        4315
       25317        4323
       25318        4353
       25319        4357
       25320        4179
       25321        4221
       25322        4259
       25323        4314
       25324        4322
       25325        4352
       25326        4356
       25327        4215
       25328        4244
       25329        4279
       25330        4293
       25331        4333
       25332        4335
       25333        4237
       25334        4283
       25335        4289
       25336        4329
       25337        4332
       25338        4215
       25339        4277
       25340        4286
       25341        4330
       25342        4333
       25343        4225
       25344        4247
       25345        4261
       25346        4309
       25347        4232
       25348        4242
       25349        4272
       25350        4294
       25351        4230
       25352        4246
       25353        4260
       25354        4310
       25355        4237
       25356        4270
       25357        4278
       25358        4325
       25359        4329
       25360        4211
       25361        4259
       25362        4271
       25363        4308
       25364        4324
       25365        4343
       25366        4222
       25367        4245
       25368        4262
       25369        4313
       25370        4326
       25371        4347
       25372        4215
       25373        4265
       25374        4279
       25375        4327
       25376        4330
       25377        4233
       25378        4250
       25379        4274
       25380        4297
       25381        4240
       25382        4251
       25383        4298
       25384        4318
       25385        4331
       25386        4236
       25387        4237
       25388        4278
       25389        4291
       25390        4332
       25391        4334
       25392        4205
       25393        4221
       25394        4239
       25395        4292
       25396        4314
       25397        4328
       25398        4344
       25399        4236
       25400        4289
       25401        4295
       25402        4334
       25403        4336
       25404        4239
       25405        4273
       25406        4290
       25407        4320
       25408        4328
       25409        4244
       25410        4277
       25411        4296
       25412        4335
       25413        4337
       25414        4242
       25415        4255
       25416        4281
       25417        4302
       25418        4227
       25419        4236
       25420        4291
       25421        4303
       25422        4336
       25423        4340
       25424        4244
       25425        4254
       25426        4293
       25427        4304
       25428        4337
       25429        4342
       25430        4250
       25431        4252
       25432        4287
       25433        4305
       25434        4251
       25435        4288
       25436        4331
       25437        4338
       25438        4227
       25439        4228
       25440        4303
       25441        4307
       25442        4345
       25443        4348
       25444        4254
       25445        4301
       25446        4304
       25447        4346
       25448        4349
       25449        4228
       25450        4254
       25451        4300
       25452        4306
       25453        4349
       25454        4351
       25455        4255
       25456        4256
       25457        4294
       25458        4311
       25459        4227
       25460        4295
       25461        4299
       25462        4340
       25463        4345
       25464        4254
       25465        4296
       25466        4300
       25467        4342
       25468        4346
       25469        4252
       25470        4253
       25471        4297
       25472        4312
       25473        4228
       25474        4301
       25475        4307
       25476        4350
       25477        4351
       25478        4228
       25479        4299
       25480        4306
       25481        4348
       25482        4350
       25483        4259
       25484        4284
       25485        4322
       25486        4343
       25487        4358
       25488        4247
       25489        4271
       25490        4280
       25491        4324
       25492        4246
       25493        4262
       25494        4282
       25495        4326
       25496        4256
       25497        4266
       25498        4302
       25499        4316
       25500        4253
       25501        4268
       25502        4305
       25503        4317
       25504        4245
       25505        4285
       25506        4323
       25507        4347
       25508        4359
       25509        4221
       25510        4276
       25511        4290
       25512        4344
       25513        4356
       25514        4366
       25515        4373
       25516        4238
       25517        4275
       25518        4318
       25519        4357
       25520        4368
       25521        4372
       25522        4377
       25523        4266
       25524        4267
       25525        4311
       25526        4319
       25527        4268
       25528        4269
       25529        4312
       25530        4321
       25531        4238
       25532        4240
       25533        4288
       25534        4315
       25535        4331
       25536        4372
       25537        4384
       25538        4267
       25539        4270
       25540        4316
       25541        4325
       25542        4273
       25543        4292
       25544        4328
       25545        4360
       25546        4265
       25547        4269
       25548        4317
       25549        4327
       25550        4259
       25551        4276
       25552        4308
       25553        4352
       25554        4358
       25555        4365
       25556        4245
       25557        4275
       25558        4313
       25559        4353
       25560        4359
       25561        4367
       25562        4271
       25563        4284
       25564        4309
       25565        4343
       25566        4270
       25567        4283
       25568        4319
       25569        4329
       25570        4262
       25571        4285
       25572        4310
       25573        4347
       25574        4265
       25575        4286
       25576        4321
       25577        4330
       25578        4290
       25579        4292
       25580        4320
       25581        4344
       25582        4360
       25583        4369
       25584        4278
       25585        4283
       25586        4325
       25587        4332
       25588        4279
       25589        4286
       25590        4327
       25591        4333
       25592        4288
       25593        4298
       25594        4318
       25595        4338
       25596        4378
       25597        4384
       25598        4278
       25599        4289
       25600        4329
       25601        4334
       25602        4277
       25603        4279
       25604        4330
       25605        4335
       25606        4289
       25607        4291
       25608        4332
       25609        4336
       25610        4277
       25611        4293
       25612        4333
       25613        4337
       25614        4291
       25615        4295
       25616        4334
       25617        4340
       25618        4293
       25619        4296
       25620        4335
       25621        4342
       25622        4298
       25623        4331
       25624        4371
       25625        4378
       25626        4354
       25627        4370
       25628        4295
       25629        4303
       25630        4336
       25631        4345
       25632        4355
       25633        4376
       25634        4296
       25635        4304
       25636        4337
       25637        4346
       25638        4284
       25639        4308
       25640        4324
       25641        4358
       25642        4290
       25643        4314
       25644        4328
       25645        4369
       25646        4373
       25647        4388
       25648        4391
       25649        4299
       25650        4303
       25651        4340
       25652        4348
       25653        4300
       25654        4304
       25655        4342
       25656        4349
       25657        4285
       25658        4313
       25659        4326
       25660        4359
       25661        4299
       25662        4307
       25663        4345
       25664        4350
       25665        4300
       25666        4301
       25667        4346
       25668        4351
       25669        4306
       25670        4307
       25671        4348
       25672        4351
       25673        4301
       25674        4306
       25675        4349
       25676        4350
       25677        4276
       25678        4322
       25679        4356
       25680        4365
       25681        4379
       25682        4275
       25683        4323
       25684        4357
       25685        4367
       25686        4381
       25687        4339
       25688        4361
       25689        4370
       25690        4380
       25691        4341
       25692        4362
       25693        4376
       25694        4395
       25695        4276
       25696        4314
       25697        4352
       25698        4366
       25699        4379
       25700        4389
       25701        4275
       25702        4315
       25703        4353
       25704        4368
       25705        4381
       25706        4390
       25707        4308
       25708        4322
       25709        4343
       25710        4365
       25711        4313
       25712        4323
       25713        4347
       25714        4367
       25715        4320
       25716        4328
       25717        4369
       25718        4385
       25719        4354
       25720        4363
       25721        4380
       25722        4355
       25723        4364
       25724        4394
       25725        4395
       25726        4361
       25727        4374
       25728        4380
       25729        4401
       25730        4409
       25731        4362
       25732        4375
       25733        4394
       25734        4396
       25735        4322
       25736        4352
       25737        4358
       25738        4379
       25739        4314
       25740        4356
       25741        4373
       25742        4389
       25743        4399
       25744        4323
       25745        4353
       25746        4359
       25747        4381
       25748        4315
       25749        4357
       25750        4377
       25751        4390
       25752        4402
       25753        4328
       25754        4344
       25755        4360
       25756        4385
       25757        4391
       25758        4405
       25759        4339
       25760        4354
       25761        4380
       25762        4400
       25763        4338
       25764        4378
       25765        4403
       25766        4415
       25767        4315
       25768        4318
       25769        4377
       25770        4384
       25771        4413
       25772        4427
       25773        4314
       25774        4344
       25775        4366
       25776        4388
       25777        4399
       25778        4412
       25779        4363
       25780        4382
       25781        4401
       25782        4416
       25783        4364
       25784        4383
       25785        4396
       25786        4414
       25787        4341
       25788        4355
       25789        4395
       25790        4408
       25791        4315
       25792        4368
       25793        4372
       25794        4402
       25795        4413
       25796        4331
       25797        4338
       25798        4371
       25799        4384
       25800        4404
       25801        4415
       25802        4352
       25803        4356
       25804        4365
       25805        4389
       25806        4354
       25807        4361
       25808        4363
       25809        4370
       25810        4400
       25811        4409
       25812        4353
       25813        4357
       25814        4367
       25815        4390
       25816        4374
       25817        4386
       25818        4416
       25819        4419
       25820        4375
       25821        4387
       25822        4414
       25823        4420
       25824        4318
       25825        4331
       25826        4372
       25827        4378
       25828        4404
       25829        4427
       25830        4441
       25831        4360
       25832        4369
       25833        4405
       25834        4421
       25835        4382
       25836        4392
       25837        4419
       25838        4425
       25839        4383
       25840        4393
       25841        4420
       25842        4429
       25843        4344
       25844        4373
       25845        4391
       25846        4412
       25847        4424
       25848        4356
       25849        4366
       25850        4379
       25851        4399
       25852        4357
       25853        4368
       25854        4381
       25855        4402
       25856        4344
       25857        4369
       25858        4388
       25859        4405
       25860        4424
       25861        4436
       25862        4386
       25863        4397
       25864        4425
       25865        4432
       25866        4387
       25867        4398
       25868        4429
       25869        4433
       25870        4362
       25871        4364
       25872        4395
       25873        4396
       25874        4469
       25875        4471
       25876        4355
       25877        4362
       25878        4376
       25879        4394
       25880        4408
       25881        4463
       25882        4471
       25883        4364
       25884        4375
       25885        4394
       25886        4414
       25887        4469
       25888        4392
       25889        4406
       25890        4432
       25891        4444
       25892        4393
       25893        4407
       25894        4433
       25895        4438
       25896        4366
       25897        4373
       25898        4389
       25899        4412
       25900        4370
       25901        4380
       25902        4409
       25903        4437
       25904        4363
       25905        4374
       25906        4409
       25907        4416
       25908        4455
       25909        4462
       25910        4368
       25911        4377
       25912        4390
       25913        4413
       25914        4371
       25915        4415
       25916        4445
       25917        4468
       25918        4475
       25919        4378
       25920        4384
       25921        4415
       25922        4441
       25923        4460
       25924        4369
       25925        4385
       25926        4391
       25927        4421
       25928        4436
       25929        4456
       25930        4397
       25931        4410
       25932        4444
       25933        4448
       25934        4398
       25935        4411
       25936        4438
       25937        4459
       25938        4376
       25939        4395
       25940        4458
       25941        4463
       25942        4363
       25943        4380
       25944        4400
       25945        4401
       25946        4437
       25947        4455
       25948        4406
       25949        4417
       25950        4448
       25951        4464
       25952        4407
       25953        4418
       25954        4459
       25955        4461
       25956        4373
       25957        4388
       25958        4399
       25959        4424
       25960        4372
       25961        4377
       25962        4402
       25963        4427
       25964        4375
       25965        4383
       25966        4396
       25967        4420
       25968        4469
       25969        4472
       25970        4371
       25971        4378
       25972        4403
       25973        4404
       25974        4460
       25975        4468
       25976        4374
       25977        4382
       25978        4401
       25979        4419
       25980        4462
       25981        4496
       25982        4410
       25983        4422
       25984        4464
       25985        4466
       25986        4411
       25987        4423
       25988        4461
       25989        4467
       25990        4382
       25991        4386
       25992        4416
       25993        4425
       25994        4483
       25995        4496
       25996        4383
       25997        4387
       25998        4414
       25999        4429
       26000        4472
       26001        4385
       26002        4405
       26003        4456
       26004        4465
       26005        4417
       26006        4426
       26007        4466
       26008        4470
       26009        4418
       26010        4428
       26011        4467
       26012        4493
       26013        4388
       26014        4391
       26015        4412
       26016        4436
       26017        4386
       26018        4392
       26019        4419
       26020        4432
       26021        4483
       26022        4491
       26023        4422
       26024        4430
       26025        4470
       26026        4473
       26027        4372
       26028        4384
       26029        4413
       26030        4441
       26031        4423
       26032        4431
       26033        4474
       26034        4493
       26035        4387
       26036        4393
       26037        4420
       26038        4433
       26039        4472
       26040        4499
       26041        4426
       26042        4434
       26043        4473
       26044        4478
       26045        4428
       26046        4435
       26047        4474
       26048        4479
       26049        4392
       26050        4397
       26051        4425
       26052        4444
       26053        4491
       26054        4393
       26055        4398
       26056        4429
       26057        4438
       26058        4499
       26059        4502
       26060        4430
       26061        4439
       26062        4476
       26063        4478
       26064        4431
       26065        4440
       26066        4477
       26067        4479
       26068        4391
       26069        4405
       26070        4424
       26071        4456
       26072        4400
       26073        4409
       26074        4455
       26075        4481
       26076        4398
       26077        4407
       26078        4433
       26079        4459
       26080        4502
       26081        4434
       26082        4442
       26083        4476
       26084        4484
       26085        4435
       26086        4443
       26087        4477
       26088        4480
       26089        4384
       26090        4404
       26091        4427
       26092        4460
       26093        4439
       26094        4446
       26095        4484
       26096        4487
       26097        4440
       26098        4447
       26099        4480
       26100        4488
       26101        4397
       26102        4406
       26103        4432
       26104        4448
       26105        4491
       26106        4501
       26107        4403
       26108        4475
       26109        4486
       26110        4442
       26111        4449
       26112        4487
       26113        4490
       26114        4443
       26115        4450
       26116        4482
       26117        4488
       26118        4406
       26119        4410
       26120        4444
       26121        4464
       26122        4501
       26123        4446
       26124        4451
       26125        4485
       26126        4490
       26127        4447
       26128        4452
       26129        4482
       26130        4492
       26131        4449
       26132        4453
       26133        4485
       26134        4494
       26135        4450
       26136        4454
       26137        4492
       26138        4495
       26139        4451
       26140        4457
       26141        4494
       26142        4497
       26143        4452
       26144        4457
       26145        4495
       26146        4504
       26147        4401
       26148        4409
       26149        4437
       26150        4462
       26151        4481
       26152        4489
       26153        4405
       26154        4421
       26155        4436
       26156        4465
       26157        4453
       26158        4454
       26159        4497
       26160        4504
       26161        4408
       26162        4463
       26163        4498
       26164        4500
       26165        4407
       26166        4411
       26167        4438
       26168        4461
       26169        4502
       26170        4505
       26171        4404
       26172        4415
       26173        4441
       26174        4468
       26175        4411
       26176        4418
       26177        4459
       26178        4467
       26179        4505
       26180        4401
       26181        4416
       26182        4455
       26183        4489
       26184        4496
       26185        4395
       26186        4408
       26187        4458
       26188        4471
       26189        4500
       26190        4503
       26191        4410
       26192        4417
       26193        4448
       26194        4466
       26195        4501
       26196        4421
       26197        4456
       26198        4417
       26199        4422
       26200        4464
       26201        4470
       26202        4501
       26203        4509
       26204        4418
       26205        4423
       26206        4461
       26207        4493
       26208        4505
       26209        4403
       26210        4415
       26211        4460
       26212        4475
       26213        4394
       26214        4396
       26215        4414
       26216        4471
       26217        4472
       26218        4507
       26219        4511
       26220        4515
       26221        4422
       26222        4426
       26223        4466
       26224        4473
       26225        4509
       26226        4394
       26227        4395
       26228        4463
       26229        4469
       26230        4503
       26231        4507
       26232        4414
       26233        4420
       26234        4429
       26235        4469
       26236        4499
       26237        4515
       26238        4521
       26239        4426
       26240        4430
       26241        4470
       26242        4478
       26243        4508
       26244        4509
       26245        4428
       26246        4431
       26247        4479
       26248        4493
       26249        4513
       26250        4403
       26251        4445
       26252        4468
       26253        4486
       26254        4434
       26255        4439
       26256        4478
       26257        4484
       26258        4508
       26259        4435
       26260        4440
       26261        4479
       26262        4480
       26263        4516
       26264        4430
       26265        4434
       26266        4473
       26267        4476
       26268        4508
       26269        4431
       26270        4435
       26271        4474
       26272        4477
       26273        4513
       26274        4516
       26275        4440
       26276        4443
       26277        4477
       26278        4488
       26279        4516
       26280        4437
       26281        4455
       26282        4489
       26283        4506
       26284        4447
       26285        4450
       26286        4488
       26287        4492
       26288        4520
       26289        4419
       26290        4425
       26291        4491
       26292        4496
       26293        4517
       26294        4523
       26295        4525
       26296        4439
       26297        4442
       26298        4476
       26299        4487
       26300        4508
       26301        4519
       26302        4449
       26303        4451
       26304        4490
       26305        4494
       26306        4514
       26307        4445
       26308        4475
       26309        4442
       26310        4446
       26311        4484
       26312        4490
       26313        4514
       26314        4519
       26315        4443
       26316        4447
       26317        4480
       26318        4482
       26319        4516
       26320        4520
       26321        4455
       26322        4462
       26323        4481
       26324        4496
       26325        4506
       26326        4510
       26327        4512
       26328        4446
       26329        4449
       26330        4485
       26331        4487
       26332        4514
       26333        4425
       26334        4432
       26335        4444
       26336        4483
       26337        4501
       26338        4525
       26339        4527
       26340        4450
       26341        4452
       26342        4482
       26343        4495
       26344        4520
       26345        4522
       26346        4423
       26347        4428
       26348        4467
       26349        4474
       26350        4505
       26351        4513
       26352        4533
       26353        4451
       26354        4453
       26355        4485
       26356        4497
       26357        4514
       26358        4518
       26359        4452
       26360        4454
       26361        4492
       26362        4504
       26363        4522
       26364        4416
       26365        4419
       26366        4462
       26367        4483
       26368        4489
       26369        4512
       26370        4517
       26371        4453
       26372        4457
       26373        4494
       26374        4504
       26375        4518
       26376        4458
       26377        4500
       26378        4429
       26379        4433
       26380        4472
       26381        4502
       26382        4521
       26383        4524
       26384        4526
       26385        4458
       26386        4463
       26387        4498
       26388        4503
       26389        4444
       26390        4448
       26391        4464
       26392        4466
       26393        4491
       26394        4509
       26395        4527
       26396        4528
       26397        4530
       26398        4433
       26399        4438
       26400        4459
       26401        4499
       26402        4505
       26403        4526
       26404        4529
       26405        4463
       26406        4471
       26407        4500
       26408        4507
       26409        4454
       26410        4457
       26411        4495
       26412        4497
       26413        4518
       26414        4522
       26415        4543
       26416        4459
       26417        4461
       26418        4467
       26419        4493
       26420        4502
       26421        4529
       26422        4531
       26423        4533
       26424        4481
       26425        4489
       26426        4510
       26427        4469
       26428        4471
       26429        4503
       26430        4511
       26431        4473
       26432        4476
       26433        4478
       26434        4484
       26435        4509
       26436        4519
       26437        4534
       26438        4536
       26439        4466
       26440        4470
       26441        4473
       26442        4501
       26443        4508
       26444        4530
       26445        4532
       26446        4534
       26447        4489
       26448        4506
       26449        4512
       26450        4469
       26451        4507
       26452        4515
       26453        4489
       26454        4496
       26455        4510
       26456        4517
       26457        4474
       26458        4479
       26459        4493
       26460        4516
       26461        4533
       26462        4535
       26463        4485
       26464        4487
       26465        4490
       26466        4494
       26467        4518
       26468        4519
       26469        4538
       26470        4540
       26471        4542
       26472        4469
       26473        4472
       26474        4511
       26475        4521
       26476        4477
       26477        4479
       26478        4480
       26479        4488
       26480        4513
       26481        4520
       26482        4535
       26483        4537
       26484        4483
       26485        4496
       26486        4512
       26487        4523
       26488        4494
       26489        4497
       26490        4504
       26491        4514
       26492        4542
       26493        4543
       26494        4484
       26495        4487
       26496        4508
       26497        4514
       26498        4536
       26499        4538
       26500        4482
       26501        4488
       26502        4492
       26503        4516
       26504        4522
       26505        4537
       26506        4539
       26507        4541
       26508        4472
       26509        4499
       26510        4515
       26511        4524
       26512        4492
       26513        4495
       26514        4504
       26515        4520
       26516        4541
       26517        4543
       26518        4483
       26519        4517
       26520        4525
       26521        4499
       26522        4521
       26523        4526
       26524        4483
       26525        4491
       26526        4523
       26527        4527
       26528        4499
       26529        4502
       26530        4524
       26531        4529
       26532        4491
       26533        4501
       26534        4525
       26535        4528
       26536        4501
       26537        4527
       26538        4530
       26539        4502
       26540        4505
       26541        4526
       26542        4531
       26543        4501
       26544        4509
       26545        4528
       26546        4532
       26547        4505
       26548        4529
       26549        4533
       26550        4509
       26551        4530
       26552        4534
       26553        4493
       26554        4505
       26555        4513
       26556        4531
       26557        4535
       26558        4508
       26559        4509
       26560        4532
       26561        4536
       26562        4513
       26563        4516
       26564        4533
       26565        4537
       26566        4508
       26567        4519
       26568        4534
       26569        4538
       26570        4516
       26571        4520
       26572        4535
       26573        4539
       26574        4514
       26575        4519
       26576        4536
       26577        4540
       26578        4520
       26579        4537
       26580        4541
       26581        4514
       26582        4538
       26583        4542
       26584        4520
       26585        4522
       26586        4539
       26587        4543
       26588        4514
       26589        4518
       26590        4540
       26591        4543
       26592        4504
       26593        4518
       26594        4522
       26595        4541
       26596        4542
       26597           0
 END_COLUMNS
 COUNTER (ICX)
           1           4
           2           4
           3           4
           4           5
           5           6
           6           6
           7           5
           8           4
           9           4
          10           5
          11           6
          12           7
          13           4
          14           4
          15           7
          16           6
          17           5
          18           7
          19           4
          20           4
          21           6
          22           5
          23           6
          24           7
          25           6
          26           4
          27           4
          28           5
          29           7
          30           6
          31           5
          32           5
          33           4
          34           4
          35           7
          36           6
          37           6
          38           5
          39           6
          40           9
          41           7
          42           4
          43           6
          44           4
          45           7
          46           6
          47           5
          48           6
          49           5
          50           4
          51           6
          52           4
          53           6
          54           7
          55           5
          56           5
          57           6
          58           6
          59           6
          60           6
          61           7
          62           7
          63           6
          64           4
          65           8
          66           4
          67           7
          68           7
          69           6
          70           5
          71           5
          72           8
          73           6
          74           7
          75           6
          76           5
          77           5
          78           7
          79           5
          80           6
          81           4
          82           6
          83           6
          84           7
          85           4
          86           6
          87           5
          88           6
          89           6
          90           5
          91           5
          92           6
          93           6
          94           6
          95           6
          96           6
          97           5
          98           6
          99           5
         100           6
         101           6
         102           8
         103           6
         104           6
         105           6
         106           6
         107           7
         108           7
         109           6
         110           6
         111           6
         112           6
         113           6
         114           6
         115           6
         116           5
         117           6
         118           4
         119           6
         120           6
         121           5
         122           7
         123           4
         124           6
         125           6
         126           6
         127           6
         128           6
         129           6
         130           6
         131           6
         132           6
         133           6
         134           6
         135           6
         136           6
         137           6
         138           5
         139           5
         140           5
         141           6
         142           6
         143           5
         144           6
         145           6
         146           6
         147           6
         148           7
         149           6
         150           5
         151           6
         152           7
         153           6
         154           6
         155           6
         156           5
         157           7
         158           6
         159           6
         160           6
         161           6
         162           6
         163           7
         164           6
         165           6
         166           6
         167           6
         168           6
         169           6
         170           7
         171           6
         172           6
         173           4
         174           6
         175           6
         176           6
         177           6
         178           4
         179           5
         180           6
         181           6
         182           6
         183           6
         184           5
         185           6
         186           6
         187           5
         188           5
         189           6
         190           6
         191           6
         192           6
         193           6
         194           6
         195           5
         196           6
         197           6
         198           6
         199           6
         200           6
         201           6
         202           6
         203           6
         204           6
         205           6
         206           7
         207           6
         208           6
         209           6
         210           6
         211           6
         212           6
         213           6
         214           6
         215           7
         216           6
         217           6
         218           8
         219           8
         220           6
         221           6
         222           5
         223           6
         224           6
         225           6
         226           5
         227           6
         228           6
         229           7
         230           6
         231           6
         232           4
         233           6
         234           6
         235           6
         236           6
         237           6
         238           6
         239           4
         240           5
         241           6
         242           5
         243           6
         244           6
         245           6
         246           6
         247           6
         248           8
         249           6
         250           6
         251           6
         252           6
         253           6
         254           5
         255           6
         256           6
         257           6
         258           6
         259           5
         260           6
         261           8
         262           6
         263           6
         264           6
         265           6
         266           6
         267           5
         268           5
         269           5
         270           6
         271           6
         272           6
         273           6
         274           6
         275           6
         276           6
         277           6
         278           7
         279           6
         280           6
         281           6
         282           5
         283           6
         284           5
         285           6
         286           6
         287           6
         288           6
         289           6
         290           6
         291           6
         292           6
         293           6
         294           6
         295           6
         296           6
         297           6
         298           4
         299           6
         300           6
         301           6
         302           7
         303           6
         304           6
         305           6
         306           6
         307           6
         308           7
         309           6
         310           6
         311           4
         312           6
         313           6
         314           6
         315           6
         316           6
         317           8
         318           6
         319           7
         320           6
         321           5
         322           6
         323           6
         324           6
         325           5
         326           6
         327           6
         328           6
         329           6
         330           6
         331           5
         332           6
         333           6
         334           6
         335           7
         336           6
         337           6
         338           7
         339           6
         340           5
         341           6
         342           5
         343           6
         344           6
         345           5
         346           6
         347           6
         348           6
         349           6
         350           6
         351           6
         352           6
         353           6
         354           6
         355           5
         356           6
         357           6
         358           7
         359           6
         360           6
         361           6
         362           6
         363           6
         364           5
         365           7
         366           6
         367           5
         368           6
         369           6
         370           6
         371           5
         372           6
         373           6
         374           6
         375           6
         376           6
         377           6
         378           4
         379           6
         380           5
         381           6
         382           6
         383           6
         384           6
         385           6
         386           6
         387           6
         388           6
         389           6
         390           6
         391           4
         392           7
         393           6
         394           6
         395           6
         396           6
         397           6
         398           7
         399           6
         400           6
         401           6
         402           6
         403           6
         404           6
         405           5
         406           6
         407           6
         408           6
         409           6
         410           6
         411           7
         412           6
         413           6
         414           6
         415           6
         416           6
         417           6
         418           6
         419           6
         420           6
         421           8
         422           7
         423           6
         424           7
         425           5
         426           6
         427           5
         428           6
         429           6
         430           6
         431           7
         432           6
         433           6
         434           6
         435           5
         436           6
         437           6
         438           7
         439           6
         440           6
         441           6
         442           6
         443           6
         444           6
         445           6
         446           7
         447           6
         448           5
         449           6
         450           6
         451           7
         452           6
         453           5
         454           5
         455           5
         456           6
         457           6
         458           6
         459           6
         460           6
         461           6
         462           4
         463           6
         464           6
         465           6
         466           6
         467           6
         468           6
         469           6
         470           6
         471           5
         472           4
         473           6
         474           6
         475           6
         476           5
         477           6
         478           6
         479           6
         480           6
         481           6
         482           7
         483           6
         484           6
         485           6
         486           7
         487           6
         488           6
         489           6
         490           6
         491           6
         492           6
         493           6
         494           6
         495           6
         496           6
         497           7
         498           6
         499           6
         500           6
         501           6
         502           6
         503           6
         504           6
         505           6
         506           6
         507           6
         508           6
         509           5
         510           7
         511           6
         512           6
         513           6
         514           6
         515           6
         516           7
         517           6
         518           6
         519           6
         520           6
         521           5
         522           6
         523           6
         524           5
         525           6
         526           6
         527           6
         528           6
         529           6
         530           6
         531           5
         532           6
         533           5
         534           6
         535           6
         536           6
         537           6
         538           7
         539           6
         540           6
         541           6
         542           6
         543           4
         544           6
         545           6
         546           6
         547           6
         548           6
         549           6
         550           7
         551           6
         552           6
         553           6
         554           6
         555           6
         556           4
         557           6
         558           6
         559           5
         560           6
         561           6
         562           8
         563           6
         564           6
         565           6
         566           6
         567           6
         568           6
         569           5
         570           6
         571           6
         572           5
         573           6
         574           6
         575           6
         576           6
         577           6
         578           6
         579           6
         580           6
         581           6
         582           6
         583           7
         584           7
         585           6
         586           6
         587           6
         588           6
         589           6
         590           6
         591           6
         592           6
         593           6
         594           6
         595           6
         596           6
         597           5
         598           6
         599           6
         600           6
         601           7
         602           6
         603           6
         604           5
         605           6
         606           6
         607           6
         608           6
         609           6
         610           6
         611           6
         612           6
         613           6
         614           6
         615           6
         616           6
         617           6
         618           6
         619           6
         620           9
         621           6
         622           6
         623           6
         624           6
         625           6
         626           6
         627           5
         628           6
         629           5
         630           4
         631           6
         632           5
         633           6
         634           6
         635           6
         636           6
         637           7
         638           5
         639           6
         640           6
         641           6
         642           6
         643           6
         644           7
         645           5
         646           6
         647           6
         648           6
         649           6
         650           6
         651           5
         652           6
         653           4
         654           6
         655           5
         656           6
         657           7
         658           6
         659           6
         660           6
         661           6
         662           6
         663           6
         664           6
         665           6
         666           6
         667           6
         668           6
         669           6
         670           6
         671           6
         672           6
         673           6
         674           6
         675           6
         676           6
         677           7
         678           7
         679           6
         680           7
         681           6
         682           6
         683           5
         684           6
         685           6
         686           6
         687           6
         688           6
         689           6
         690           6
         691           6
         692           6
         693           6
         694           6
         695           6
         696           5
         697           6
         698           6
         699           6
         700           6
         701           6
         702           6
         703           6
         704           6
         705           7
         706           6
         707           6
         708           6
         709           7
         710           6
         711           6
         712           5
         713           6
         714           6
         715           6
         716           6
         717           6
         718           6
         719           6
         720           6
         721           6
         722           6
         723           5
         724           6
         725           6
         726           6
         727           6
         728           6
         729           6
         730           4
         731           6
         732           6
         733           5
         734           6
         735           6
         736           6
         737           6
         738           6
         739           6
         740           6
         741           6
         742           6
         743           6
         744           6
         745           6
         746           6
         747           4
         748           6
         749           6
         750           6
         751           6
         752           5
         753           6
         754           6
         755           6
         756           5
         757           6
         758           6
         759           5
         760           6
         761           6
         762           6
         763           6
         764           6
         765           7
         766           6
         767           7
         768           7
         769           6
         770           6
         771           6
         772           8
         773           6
         774           6
         775           6
         776           5
         777           6
         778           6
         779           7
         780           6
         781           6
         782           6
         783           6
         784           6
         785           6
         786           6
         787           6
         788           6
         789           5
         790           6
         791           6
         792           6
         793           6
         794           6
         795           6
         796           6
         797           6
         798           6
         799           6
         800           6
         801           6
         802           6
         803           6
         804           6
         805           6
         806           5
         807           6
         808           6
         809           6
         810           6
         811           6
         812           6
         813           6
         814           6
         815           6
         816           6
         817           6
         818           6
         819           6
         820           6
         821           6
         822           5
         823           6
         824           6
         825           7
         826           4
         827           6
         828           5
         829           6
         830           6
         831           6
         832           6
         833           7
         834           6
         835           6
         836           6
         837           6
         838           6
         839           5
         840           7
         841           6
         842           6
         843           6
         844           6
         845           6
         846           6
         847           6
         848           6
         849           6
         850           6
         851           4
         852           6
         853           6
         854           5
         855           6
         856           6
         857           6
         858           6
         859           6
         860           6
         861           6
         862           6
         863           6
         864           6
         865           6
         866           6
         867           6
         868           6
         869           6
         870           6
         871           6
         872           6
         873           6
         874           6
         875           8
         876           6
         877           6
         878           6
         879           5
         880           6
         881           6
         882           6
         883           6
         884           6
         885           6
         886           6
         887           6
         888           6
         889           6
         890           6
         891           6
         892           8
         893           6
         894           6
         895           6
         896           6
         897           6
         898           6
         899           6
         900           6
         901           6
         902           8
         903           6
         904           6
         905           6
         906           6
         907           6
         908           5
         909           6
         910           6
         911           6
         912           6
         913           6
         914           6
         915           6
         916           6
         917           6
         918           6
         919           6
         920           5
         921           6
         922           6
         923           6
         924           6
         925           6
         926           6
         927           6
         928           5
         929           7
         930           4
         931           6
         932           6
         933           6
         934           6
         935           6
         936           5
         937           6
         938           6
         939           6
         940           6
         941           6
         942           6
         943           6
         944           5
         945           6
         946           6
         947           6
         948           6
         949           6
         950           6
         951           6
         952           5
         953           5
         954           4
         955           6
         956           6
         957           6
         958           7
         959           6
         960           5
         961           6
         962           7
         963           5
         964           6
         965           6
         966           6
         967           6
         968           6
         969           6
         970           6
         971           6
         972           6
         973           6
         974           6
         975           6
         976           6
         977           6
         978           6
         979           6
         980           6
         981           6
         982           6
         983           6
         984           7
         985           6
         986           6
         987           6
         988           6
         989           6
         990           6
         991           6
         992           6
         993           7
         994           6
         995           6
         996           6
         997           6
         998           6
         999           7
        1000           6
        1001           6
        1002           6
        1003           6
        1004           6
        1005           6
        1006           6
        1007           6
        1008           6
        1009           6
        1010           6
        1011           5
        1012           6
        1013           6
        1014           6
        1015           6
        1016           6
        1017           6
        1018           7
        1019           6
        1020           6
        1021           6
        1022           5
        1023           6
        1024           6
        1025           6
        1026           6
        1027           6
        1028           6
        1029           6
        1030           6
        1031           6
        1032           6
        1033           4
        1034           6
        1035           6
        1036           6
        1037           6
        1038           5
        1039           6
        1040           6
        1041           5
        1042           5
        1043           6
        1044           6
        1045           5
        1046           6
        1047           6
        1048           6
        1049           8
        1050           6
        1051           6
        1052           6
        1053           6
        1054           9
        1055           6
        1056           4
        1057           6
        1058           6
        1059           6
        1060           6
        1061           6
        1062           6
        1063           6
        1064           6
        1065           6
        1066           6
        1067           6
        1068           6
        1069           6
        1070           6
        1071           6
        1072           6
        1073           6
        1074           6
        1075           6
        1076           6
        1077           5
        1078           6
        1079           6
        1080           6
        1081           6
        1082           6
        1083           6
        1084           6
        1085           7
        1086           6
        1087           7
        1088           6
        1089           6
        1090           6
        1091           6
        1092           6
        1093           6
        1094           6
        1095           6
        1096           6
        1097           6
        1098           6
        1099           6
        1100           6
        1101           6
        1102           6
        1103           5
        1104           6
        1105           6
        1106           6
        1107           6
        1108           6
        1109           6
        1110           6
        1111           6
        1112           6
        1113           7
        1114           5
        1115           6
        1116           6
        1117           6
        1118           6
        1119           6
        1120           6
        1121           6
        1122           5
        1123           5
        1124           6
        1125           6
        1126           6
        1127           6
        1128           6
        1129           6
        1130           6
        1131           6
        1132           6
        1133           6
        1134           6
        1135           6
        1136           6
        1137           6
        1138           6
        1139           6
        1140           6
        1141           6
        1142           6
        1143           4
        1144           6
        1145           6
        1146           6
        1147           6
        1148           6
        1149           6
        1150           6
        1151           6
        1152           6
        1153           6
        1154           6
        1155           6
        1156           6
        1157           6
        1158           6
        1159           6
        1160           6
        1161           6
        1162           6
        1163           6
        1164           6
        1165           5
        1166           6
        1167           6
        1168           6
        1169           4
        1170           6
        1171           6
        1172           5
        1173           6
        1174           6
        1175           6
        1176           6
        1177           6
        1178           6
        1179           6
        1180           5
        1181           6
        1182           7
        1183           6
        1184           5
        1185           6
        1186           6
        1187           8
        1188           6
        1189           6
        1190           7
        1191           6
        1192           6
        1193           6
        1194           6
        1195           5
        1196           7
        1197           6
        1198           6
        1199           6
        1200           6
        1201           6
        1202           6
        1203           6
        1204           7
        1205           6
        1206           6
        1207           6
        1208           6
        1209           6
        1210           6
        1211           6
        1212           6
        1213           6
        1214           6
        1215           6
        1216           6
        1217           6
        1218           6
        1219           5
        1220           6
        1221           6
        1222           6
        1223           7
        1224           6
        1225           6
        1226           5
        1227           6
        1228           6
        1229           6
        1230           5
        1231           6
        1232           6
        1233           7
        1234           6
        1235           6
        1236           6
        1237           7
        1238           6
        1239           6
        1240           5
        1241           6
        1242           6
        1243           6
        1244           6
        1245           6
        1246           6
        1247           6
        1248           6
        1249           6
        1250           7
        1251           6
        1252           4
        1253           7
        1254           6
        1255           6
        1256           6
        1257           6
        1258           6
        1259           6
        1260           6
        1261           5
        1262           6
        1263           7
        1264           6
        1265           6
        1266           6
        1267           5
        1268           6
        1269           5
        1270           6
        1271           6
        1272           6
        1273           6
        1274           6
        1275           6
        1276           6
        1277           4
        1278           6
        1279           6
        1280           6
        1281           6
        1282           6
        1283           6
        1284           6
        1285           6
        1286           6
        1287           6
        1288           6
        1289           6
        1290           6
        1291           6
        1292           6
        1293           6
        1294           6
        1295           6
        1296           6
        1297           6
        1298           6
        1299           6
        1300           6
        1301           6
        1302           6
        1303           6
        1304           6
        1305           6
        1306           6
        1307           6
        1308           6
        1309           6
        1310           6
        1311           6
        1312           6
        1313           6
        1314           6
        1315           7
        1316           6
        1317           6
        1318           6
        1319           6
        1320           6
        1321           6
        1322           6
        1323           6
        1324           6
        1325           6
        1326           6
        1327           6
        1328           6
        1329           6
        1330           6
        1331           6
        1332           6
        1333           6
        1334           6
        1335           6
        1336           6
        1337           6
        1338           6
        1339           6
        1340           6
        1341           6
        1342           8
        1343           6
        1344           6
        1345           6
        1346           6
        1347           7
        1348           6
        1349           6
        1350           6
        1351           6
        1352           6
        1353           6
        1354           6
        1355           6
        1356           5
        1357           6
        1358           6
        1359           4
        1360           6
        1361           6
        1362           6
        1363           6
        1364           6
        1365           5
        1366           7
        1367           6
        1368           6
        1369           6
        1370           6
        1371           6
        1372           6
        1373           6
        1374           6
        1375           5
        1376           6
        1377           6
        1378           6
        1379           6
        1380           6
        1381           6
        1382           6
        1383           6
        1384           6
        1385           6
        1386           5
        1387           6
        1388           4
        1389           6
        1390           6
        1391           6
        1392           6
        1393           5
        1394           6
        1395           6
        1396           6
        1397           6
        1398           6
        1399           6
        1400           5
        1401           5
        1402           7
        1403           7
        1404           6
        1405           7
        1406           7
        1407           6
        1408           5
        1409           6
        1410           6
        1411           6
        1412           6
        1413           7
        1414           6
        1415           6
        1416           6
        1417           5
        1418           6
        1419           6
        1420           6
        1421           6
        1422           6
        1423           6
        1424           6
        1425           6
        1426           6
        1427           5
        1428           6
        1429           6
        1430           6
        1431           6
        1432           6
        1433           6
        1434           6
        1435           6
        1436           6
        1437           6
        1438           6
        1439           6
        1440           6
        1441           6
        1442           6
        1443           6
        1444           6
        1445           6
        1446           6
        1447           6
        1448           6
        1449           6
        1450           6
        1451           6
        1452           6
        1453           8
        1454           6
        1455           6
        1456           6
        1457           6
        1458           6
        1459           6
        1460           6
        1461           6
        1462           7
        1463           6
        1464           6
        1465           6
        1466           6
        1467           5
        1468           5
        1469           6
        1470           6
        1471           6
        1472           6
        1473           6
        1474           6
        1475           5
        1476           4
        1477           8
        1478           6
        1479           6
        1480           5
        1481           6
        1482           6
        1483           6
        1484           6
        1485           6
        1486           6
        1487           6
        1488           6
        1489           6
        1490           6
        1491           6
        1492           6
        1493           6
        1494           6
        1495           6
        1496           6
        1497           6
        1498           6
        1499           6
        1500           6
        1501           6
        1502           6
        1503           6
        1504           6
        1505           4
        1506           6
        1507           6
        1508           6
        1509           6
        1510           6
        1511           6
        1512           6
        1513           6
        1514           6
        1515           6
        1516           6
        1517           6
        1518           6
        1519           6
        1520           6
        1521           5
        1522           6
        1523           6
        1524           6
        1525           6
        1526           6
        1527           6
        1528           6
        1529           6
        1530           6
        1531           6
        1532           6
        1533           6
        1534           6
        1535           6
        1536           5
        1537           6
        1538           6
        1539           6
        1540           6
        1541           7
        1542           6
        1543           6
        1544           6
        1545           6
        1546           6
        1547           6
        1548           6
        1549           6
        1550           6
        1551           6
        1552           6
        1553           6
        1554           6
        1555           6
        1556           6
        1557           6
        1558           6
        1559           6
        1560           6
        1561           6
        1562           6
        1563           6
        1564           6
        1565           6
        1566           6
        1567           6
        1568           6
        1569           6
        1570           6
        1571           6
        1572           6
        1573           5
        1574           6
        1575           6
        1576           6
        1577           6
        1578           6
        1579           6
        1580           7
        1581           6
        1582           7
        1583           6
        1584           6
        1585           6
        1586           5
        1587           6
        1588           6
        1589           8
        1590           4
        1591           6
        1592           6
        1593           6
        1594           5
        1595           5
        1596           6
        1597           6
        1598           6
        1599           6
        1600           6
        1601           6
        1602           6
        1603           6
        1604           6
        1605           6
        1606           6
        1607           6
        1608           5
        1609           6
        1610           6
        1611           6
        1612           6
        1613           6
        1614           6
        1615           6
        1616           6
        1617           4
        1618           6
        1619           6
        1620           6
        1621           6
        1622           6
        1623           6
        1624           7
        1625           6
        1626           6
        1627           6
        1628           6
        1629           6
        1630           7
        1631           6
        1632           6
        1633           6
        1634           6
        1635           5
        1636           6
        1637           6
        1638           6
        1639           6
        1640           6
        1641           6
        1642           6
        1643           6
        1644           6
        1645           6
        1646           6
        1647           6
        1648           6
        1649           6
        1650           5
        1651           6
        1652           6
        1653           6
        1654           6
        1655           6
        1656           6
        1657           6
        1658           6
        1659           7
        1660           6
        1661           6
        1662           6
        1663           6
        1664           6
        1665           6
        1666           6
        1667           6
        1668           8
        1669           6
        1670           6
        1671           6
        1672           6
        1673           6
        1674           6
        1675           6
        1676           6
        1677           6
        1678           6
        1679           6
        1680           6
        1681           6
        1682           6
        1683           5
        1684           6
        1685           6
        1686           6
        1687           6
        1688           6
        1689           6
        1690           6
        1691           6
        1692           6
        1693           6
        1694           6
        1695           6
        1696           6
        1697           6
        1698           6
        1699           6
        1700           4
        1701           6
        1702           6
        1703           6
        1704           6
        1705           5
        1706           6
        1707           6
        1708           6
        1709           6
        1710           5
        1711           6
        1712           6
        1713           6
        1714           6
        1715           6
        1716           8
        1717           6
        1718           6
        1719           6
        1720           6
        1721           6
        1722           6
        1723           6
        1724           6
        1725           6
        1726           6
        1727           6
        1728           5
        1729           6
        1730           6
        1731           6
        1732           4
        1733           6
        1734           6
        1735           7
        1736           6
        1737           6
        1738           6
        1739           6
        1740           6
        1741           6
        1742           6
        1743           6
        1744           6
        1745           5
        1746           6
        1747           6
        1748           6
        1749           6
        1750           6
        1751           5
        1752           6
        1753           5
        1754           6
        1755           6
        1756           6
        1757           6
        1758           6
        1759           6
        1760           6
        1761           6
        1762           6
        1763           6
        1764           6
        1765           6
        1766           6
        1767           6
        1768           6
        1769           6
        1770           6
        1771           6
        1772           6
        1773           6
        1774           6
        1775           6
        1776           6
        1777           6
        1778           6
        1779           6
        1780           6
        1781           6
        1782           6
        1783           6
        1784           6
        1785           8
        1786           6
        1787           6
        1788           6
        1789           6
        1790           7
        1791           6
        1792           6
        1793           6
        1794           7
        1795           6
        1796           6
        1797           6
        1798           6
        1799           6
        1800           6
        1801           6
        1802           6
        1803           6
        1804           6
        1805           6
        1806           6
        1807           6
        1808           6
        1809           6
        1810           6
        1811           6
        1812           6
        1813           4
        1814           6
        1815           6
        1816           6
        1817           6
        1818           6
        1819           6
        1820           6
        1821           6
        1822           6
        1823           6
        1824           6
        1825           6
        1826           6
        1827           6
        1828           7
        1829           6
        1830           6
        1831           6
        1832           6
        1833           6
        1834           6
        1835           6
        1836           6
        1837           6
        1838           6
        1839           4
        1840           6
        1841           6
        1842           6
        1843           6
        1844           6
        1845           6
        1846           6
        1847           6
        1848           6
        1849           5
        1850           6
        1851           7
        1852           6
        1853           6
        1854           6
        1855           6
        1856           6
        1857           5
        1858           6
        1859           5
        1860           6
        1861           6
        1862           5
        1863           6
        1864           6
        1865           6
        1866           6
        1867           6
        1868           7
        1869           6
        1870           6
        1871           5
        1872           6
        1873           6
        1874           6
        1875           6
        1876           6
        1877           6
        1878           7
        1879           6
        1880           6
        1881           6
        1882           5
        1883           6
        1884           6
        1885           6
        1886           6
        1887           6
        1888           6
        1889           6
        1890           6
        1891           6
        1892           6
        1893           6
        1894           6
        1895           6
        1896           6
        1897           5
        1898           6
        1899           6
        1900           6
        1901           6
        1902           6
        1903           6
        1904           5
        1905           6
        1906           6
        1907           6
        1908           6
        1909           5
        1910           6
        1911           6
        1912           6
        1913           6
        1914           6
        1915           6
        1916           6
        1917           6
        1918           6
        1919           6
        1920           6
        1921           4
        1922           7
        1923           6
        1924           6
        1925           6
        1926           6
        1927           6
        1928           6
        1929           6
        1930           5
        1931           6
        1932           6
        1933           6
        1934           6
        1935           7
        1936           6
        1937           6
        1938           7
        1939           6
        1940           6
        1941           6
        1942           6
        1943           6
        1944           6
        1945           6
        1946           6
        1947           6
        1948           6
        1949           6
        1950           5
        1951           6
        1952           6
        1953           6
        1954           6
        1955           4
        1956           6
        1957           6
        1958           6
        1959           6
        1960           6
        1961           6
        1962           6
        1963           6
        1964           6
        1965           7
        1966           6
        1967           6
        1968           6
        1969           6
        1970           6
        1971           6
        1972           6
        1973           6
        1974           6
        1975           6
        1976           6
        1977           7
        1978           6
        1979           6
        1980           6
        1981           7
        1982           6
        1983           6
        1984           6
        1985           6
        1986           6
        1987           6
        1988           6
        1989           6
        1990           6
        1991           6
        1992           6
        1993           6
        1994           6
        1995           6
        1996           6
        1997           6
        1998           6
        1999           6
        2000           6
        2001           6
        2002           6
        2003           6
        2004           6
        2005           6
        2006           6
        2007           6
        2008           6
        2009           6
        2010           5
        2011           6
        2012           6
        2013           6
        2014           6
        2015           6
        2016           6
        2017           6
        2018           6
        2019           6
        2020           6
        2021           6
        2022           5
        2023           6
        2024           6
        2025           6
        2026           6
        2027           6
        2028           5
        2029           6
        2030           6
        2031           6
        2032           6
        2033           6
        2034           4
        2035           6
        2036           6
        2037           6
        2038           6
        2039           7
        2040           6
        2041           6
        2042           6
        2043           6
        2044           6
        2045           6
        2046           9
        2047           6
        2048           6
        2049           6
        2050           6
        2051           6
        2052           5
        2053           6
        2054           6
        2055           6
        2056           6
        2057           6
        2058           6
        2059           6
        2060           6
        2061           6
        2062           5
        2063           6
        2064           6
        2065           6
        2066           6
        2067           6
        2068           6
        2069           6
        2070           6
        2071           6
        2072           6
        2073           4
        2074           6
        2075           6
        2076           6
        2077           6
        2078           6
        2079           6
        2080           6
        2081           7
        2082           6
        2083           6
        2084           6
        2085           6
        2086           6
        2087           6
        2088           6
        2089           6
        2090           6
        2091           6
        2092           6
        2093           6
        2094           6
        2095           6
        2096           6
        2097           6
        2098           6
        2099           6
        2100           6
        2101           6
        2102           6
        2103           6
        2104           6
        2105           6
        2106           6
        2107           6
        2108           6
        2109           8
        2110           6
        2111           6
        2112           6
        2113           6
        2114           6
        2115           6
        2116           6
        2117           6
        2118           6
        2119           6
        2120           6
        2121           6
        2122           6
        2123           6
        2124           5
        2125           6
        2126           6
        2127           6
        2128           6
        2129           6
        2130           6
        2131           6
        2132           6
        2133           6
        2134           6
        2135           6
        2136           5
        2137           6
        2138           6
        2139           6
        2140           6
        2141           6
        2142           6
        2143           6
        2144           6
        2145           6
        2146           5
        2147           6
        2148           4
        2149           5
        2150           6
        2151           6
        2152           5
        2153           8
        2154           6
        2155           6
        2156           6
        2157           6
        2158           6
        2159           5
        2160           6
        2161           6
        2162           6
        2163           6
        2164           6
        2165           6
        2166           6
        2167           6
        2168           6
        2169           6
        2170           6
        2171           6
        2172           6
        2173           7
        2174           6
        2175           5
        2176           6
        2177           6
        2178           6
        2179           5
        2180           6
        2181           4
        2182           6
        2183           6
        2184           6
        2185           6
        2186           6
        2187           6
        2188           6
        2189           6
        2190           6
        2191           6
        2192           7
        2193           6
        2194           6
        2195           6
        2196           6
        2197           6
        2198           6
        2199           7
        2200           6
        2201           6
        2202           6
        2203           6
        2204           6
        2205           6
        2206           6
        2207           6
        2208           6
        2209           6
        2210           6
        2211           6
        2212           7
        2213           6
        2214           6
        2215           6
        2216           6
        2217           6
        2218           6
        2219           6
        2220           6
        2221           6
        2222           6
        2223           7
        2224           7
        2225           6
        2226           6
        2227           6
        2228           6
        2229           6
        2230           6
        2231           6
        2232           6
        2233           6
        2234           6
        2235           6
        2236           6
        2237           6
        2238           6
        2239           6
        2240           6
        2241           6
        2242           6
        2243           6
        2244           6
        2245           6
        2246           6
        2247           6
        2248           6
        2249           6
        2250           6
        2251           6
        2252           6
        2253           6
        2254           4
        2255           6
        2256           6
        2257           6
        2258           6
        2259           6
        2260           6
        2261           6
        2262           6
        2263           6
        2264           6
        2265           6
        2266           6
        2267           6
        2268           6
        2269           6
        2270           6
        2271           6
        2272           6
        2273           6
        2274           6
        2275           6
        2276           6
        2277           6
        2278           5
        2279           5
        2280           6
        2281           6
        2282           6
        2283           5
        2284           6
        2285           6
        2286           6
        2287           6
        2288           6
        2289           6
        2290           4
        2291           6
        2292           6
        2293           6
        2294           5
        2295           7
        2296           6
        2297           6
        2298           6
        2299           6
        2300           6
        2301           6
        2302           6
        2303           6
        2304           6
        2305           6
        2306           6
        2307           6
        2308           6
        2309           6
        2310           6
        2311           6
        2312           6
        2313           6
        2314           7
        2315           6
        2316           6
        2317           6
        2318           6
        2319           6
        2320           6
        2321           7
        2322           6
        2323           6
        2324           6
        2325           6
        2326           6
        2327           6
        2328           6
        2329           6
        2330           6
        2331           6
        2332           6
        2333           5
        2334           5
        2335           6
        2336           6
        2337           6
        2338           6
        2339           6
        2340           6
        2341           6
        2342           6
        2343           6
        2344           6
        2345           6
        2346           6
        2347           5
        2348           5
        2349           6
        2350           6
        2351           6
        2352           6
        2353           6
        2354           6
        2355           6
        2356           6
        2357           6
        2358           6
        2359           6
        2360           6
        2361           6
        2362           4
        2363           6
        2364           6
        2365           6
        2366           6
        2367           6
        2368           7
        2369           6
        2370           6
        2371           6
        2372           6
        2373           5
        2374           6
        2375           6
        2376           6
        2377           6
        2378           6
        2379           6
        2380           6
        2381           6
        2382           6
        2383           6
        2384           6
        2385           6
        2386           8
        2387           7
        2388           6
        2389           6
        2390           6
        2391           7
        2392           6
        2393           6
        2394           4
        2395           6
        2396           6
        2397           6
        2398           6
        2399           6
        2400           6
        2401           5
        2402           6
        2403           5
        2404           6
        2405           6
        2406           6
        2407           6
        2408           6
        2409           6
        2410           6
        2411           6
        2412           6
        2413           6
        2414           6
        2415           6
        2416           6
        2417           6
        2418           6
        2419           6
        2420           6
        2421           6
        2422           7
        2423           6
        2424           6
        2425           6
        2426           6
        2427           6
        2428           6
        2429           6
        2430           6
        2431           6
        2432           6
        2433           6
        2434           6
        2435           6
        2436           7
        2437           6
        2438           6
        2439           5
        2440           6
        2441           6
        2442           6
        2443           6
        2444           6
        2445           6
        2446           6
        2447           6
        2448           6
        2449           6
        2450           6
        2451           6
        2452           6
        2453           6
        2454           6
        2455           6
        2456           6
        2457           6
        2458           6
        2459           6
        2460           6
        2461           6
        2462           6
        2463           4
        2464           6
        2465           6
        2466           5
        2467           6
        2468           6
        2469           6
        2470           5
        2471           6
        2472           5
        2473           6
        2474           6
        2475           6
        2476           6
        2477           6
        2478           6
        2479           5
        2480           6
        2481           5
        2482           7
        2483           6
        2484           6
        2485           6
        2486           6
        2487           6
        2488           6
        2489           6
        2490           6
        2491           6
        2492           6
        2493           6
        2494           7
        2495           6
        2496           6
        2497           6
        2498           6
        2499           6
        2500           5
        2501           6
        2502           6
        2503           6
        2504           6
        2505           4
        2506           6
        2507           6
        2508           6
        2509           6
        2510           6
        2511           6
        2512           6
        2513           6
        2514           6
        2515           6
        2516           6
        2517           5
        2518           6
        2519           6
        2520           6
        2521           6
        2522           6
        2523           6
        2524           6
        2525           6
        2526           6
        2527           6
        2528           6
        2529           6
        2530           6
        2531           6
        2532           6
        2533           6
        2534           6
        2535           7
        2536           6
        2537           6
        2538           6
        2539           6
        2540           6
        2541           6
        2542           6
        2543           6
        2544           6
        2545           6
        2546           6
        2547           6
        2548           6
        2549           6
        2550           7
        2551           7
        2552           6
        2553           6
        2554           5
        2555           6
        2556           6
        2557           7
        2558           6
        2559           6
        2560           6
        2561           6
        2562           6
        2563           5
        2564           6
        2565           6
        2566           4
        2567           6
        2568           6
        2569           6
        2570           6
        2571           7
        2572           6
        2573           6
        2574           6
        2575           6
        2576           6
        2577           6
        2578           7
        2579           6
        2580           6
        2581           6
        2582           6
        2583           6
        2584           6
        2585           6
        2586           6
        2587           6
        2588           6
        2589           6
        2590           6
        2591           6
        2592           6
        2593           6
        2594           6
        2595           5
        2596           6
        2597           6
        2598           6
        2599           6
        2600           6
        2601           6
        2602           6
        2603           7
        2604           6
        2605           4
        2606           5
        2607           6
        2608           6
        2609           6
        2610           6
        2611           8
        2612           6
        2613           6
        2614           6
        2615           6
        2616           7
        2617           6
        2618           6
        2619           6
        2620           6
        2621           6
        2622           6
        2623           6
        2624           5
        2625           6
        2626           6
        2627           6
        2628           6
        2629           6
        2630           7
        2631           6
        2632           6
        2633           6
        2634           6
        2635           6
        2636           6
        2637           6
        2638           6
        2639           6
        2640           7
        2641           6
        2642           6
        2643           5
        2644           6
        2645           6
        2646           6
        2647           6
        2648           6
        2649           6
        2650           6
        2651           6
        2652           6
        2653           6
        2654           6
        2655           6
        2656           6
        2657           6
        2658           6
        2659           6
        2660           6
        2661           6
        2662           6
        2663           6
        2664           6
        2665           6
        2666           6
        2667           6
        2668           6
        2669           6
        2670           4
        2671           6
        2672           6
        2673           6
        2674           6
        2675           6
        2676           6
        2677           6
        2678           6
        2679           7
        2680           6
        2681           5
        2682           6
        2683           6
        2684           6
        2685           6
        2686           5
        2687           6
        2688           6
        2689           6
        2690           6
        2691           6
        2692           6
        2693           5
        2694           6
        2695           6
        2696           6
        2697           6
        2698           6
        2699           6
        2700           6
        2701           6
        2702           6
        2703           5
        2704           4
        2705           6
        2706           6
        2707           6
        2708           5
        2709           7
        2710           5
        2711           6
        2712           6
        2713           6
        2714           5
        2715           6
        2716           6
        2717           5
        2718           6
        2719           6
        2720           5
        2721           6
        2722           6
        2723           6
        2724           6
        2725           6
        2726           6
        2727           7
        2728           8
        2729           6
        2730           6
        2731           6
        2732           6
        2733           6
        2734           7
        2735           6
        2736           6
        2737           5
        2738           6
        2739           6
        2740           6
        2741           6
        2742           6
        2743           6
        2744           6
        2745           6
        2746           6
        2747           6
        2748           6
        2749           6
        2750           6
        2751           6
        2752           6
        2753           6
        2754           7
        2755           6
        2756           6
        2757           6
        2758           6
        2759           6
        2760           6
        2761           6
        2762           6
        2763           6
        2764           4
        2765           6
        2766           6
        2767           6
        2768           6
        2769           6
        2770           6
        2771           6
        2772           6
        2773           6
        2774           6
        2775           7
        2776           6
        2777           6
        2778           6
        2779           6
        2780           5
        2781           6
        2782           5
        2783           6
        2784           6
        2785           6
        2786           6
        2787           6
        2788           6
        2789           6
        2790           5
        2791           6
        2792           6
        2793           6
        2794           6
        2795           6
        2796           6
        2797           6
        2798           6
        2799           6
        2800           6
        2801           6
        2802           6
        2803           6
        2804           6
        2805           6
        2806           4
        2807           6
        2808           6
        2809           6
        2810           6
        2811           6
        2812           6
        2813           6
        2814           6
        2815           6
        2816           6
        2817           6
        2818           8
        2819           6
        2820           6
        2821           6
        2822           6
        2823           6
        2824           6
        2825           7
        2826           6
        2827           6
        2828           5
        2829           6
        2830           6
        2831           6
        2832           7
        2833           6
        2834           6
        2835           6
        2836           5
        2837           6
        2838           6
        2839           6
        2840           6
        2841           6
        2842           6
        2843           6
        2844           6
        2845           6
        2846           6
        2847           6
        2848           6
        2849           6
        2850           6
        2851           5
        2852           6
        2853           7
        2854           6
        2855           6
        2856           6
        2857           6
        2858           6
        2859           6
        2860           6
        2861           6
        2862           5
        2863           6
        2864           6
        2865           4
        2866           6
        2867           6
        2868           6
        2869           6
        2870           6
        2871           6
        2872           6
        2873           6
        2874           5
        2875           6
        2876           6
        2877           6
        2878           6
        2879           6
        2880           6
        2881           6
        2882           6
        2883           6
        2884           6
        2885           6
        2886           6
        2887           6
        2888           6
        2889           6
        2890           6
        2891           6
        2892           6
        2893           6
        2894           6
        2895           6
        2896           5
        2897           6
        2898           6
        2899           6
        2900           6
        2901           6
        2902           6
        2903           4
        2904           6
        2905           6
        2906           5
        2907           6
        2908           6
        2909           6
        2910           7
        2911           6
        2912           6
        2913           6
        2914           6
        2915           6
        2916           6
        2917           6
        2918           6
        2919           6
        2920           6
        2921           6
        2922           6
        2923           6
        2924           6
        2925           6
        2926           6
        2927           6
        2928           6
        2929           6
        2930           6
        2931           7
        2932           6
        2933           6
        2934           6
        2935           7
        2936           6
        2937           6
        2938           6
        2939           6
        2940           6
        2941           6
        2942           5
        2943           8
        2944           6
        2945           6
        2946           6
        2947           6
        2948           6
        2949           6
        2950           6
        2951           6
        2952           6
        2953           7
        2954           5
        2955           6
        2956           6
        2957           6
        2958           6
        2959           6
        2960           4
        2961           6
        2962           6
        2963           6
        2964           6
        2965           6
        2966           6
        2967           7
        2968           6
        2969           6
        2970           6
        2971           6
        2972           6
        2973           6
        2974           6
        2975           6
        2976           6
        2977           6
        2978           6
        2979           6
        2980           6
        2981           7
        2982           7
        2983           5
        2984           6
        2985           6
        2986           6
        2987           6
        2988           6
        2989           6
        2990           6
        2991           6
        2992           6
        2993           6
        2994           6
        2995           6
        2996           5
        2997           6
        2998           6
        2999           6
        3000           6
        3001           4
        3002           6
        3003           6
        3004           6
        3005           6
        3006           6
        3007           6
        3008           6
        3009           5
        3010           7
        3011           6
        3012           6
        3013           6
        3014           6
        3015           6
        3016           6
        3017           6
        3018           6
        3019           6
        3020           6
        3021           6
        3022           6
        3023           6
        3024           6
        3025           6
        3026           6
        3027           6
        3028           6
        3029           6
        3030           6
        3031           6
        3032           6
        3033           5
        3034           6
        3035           6
        3036           6
        3037           6
        3038           6
        3039           6
        3040           6
        3041           6
        3042           6
        3043           6
        3044           6
        3045           6
        3046           6
        3047           7
        3048           6
        3049           5
        3050           6
        3051           6
        3052           6
        3053           4
        3054           6
        3055           6
        3056           6
        3057           6
        3058           6
        3059           6
        3060           6
        3061           6
        3062           6
        3063           6
        3064           6
        3065           6
        3066           6
        3067           6
        3068           6
        3069           7
        3070           6
        3071           8
        3072           5
        3073           6
        3074           6
        3075           6
        3076           6
        3077           6
        3078           6
        3079           6
        3080           6
        3081           5
        3082           6
        3083           6
        3084           6
        3085           6
        3086           6
        3087           6
        3088           6
        3089           6
        3090           4
        3091           6
        3092           6
        3093           6
        3094           6
        3095           7
        3096           6
        3097           6
        3098           6
        3099           6
        3100           6
        3101           5
        3102           6
        3103           6
        3104           6
        3105           6
        3106           5
        3107           6
        3108           6
        3109           6
        3110           6
        3111           6
        3112           6
        3113           6
        3114           6
        3115           6
        3116           6
        3117           6
        3118           6
        3119           6
        3120           6
        3121           6
        3122           6
        3123           7
        3124           6
        3125           6
        3126           6
        3127           7
        3128           6
        3129           6
        3130           6
        3131           6
        3132           6
        3133           6
        3134           6
        3135           6
        3136           6
        3137           5
        3138           4
        3139           6
        3140           6
        3141           6
        3142           6
        3143           6
        3144           6
        3145           5
        3146           6
        3147           6
        3148           6
        3149           6
        3150           5
        3151           6
        3152           6
        3153           6
        3154           6
        3155           6
        3156           6
        3157           6
        3158           6
        3159           6
        3160           7
        3161           6
        3162           6
        3163           6
        3164           6
        3165           6
        3166           6
        3167           6
        3168           6
        3169           6
        3170           6
        3171           6
        3172           6
        3173           5
        3174           6
        3175           6
        3176           6
        3177           6
        3178           6
        3179           4
        3180           6
        3181           6
        3182           5
        3183           6
        3184           6
        3185           6
        3186           6
        3187           6
        3188           6
        3189           6
        3190           6
        3191           6
        3192           6
        3193           6
        3194           7
        3195           6
        3196           6
        3197           6
        3198           6
        3199           5
        3200           6
        3201           6
        3202           6
        3203           5
        3204           6
        3205           6
        3206           6
        3207           6
        3208           5
        3209           6
        3210           6
        3211           6
        3212           6
        3213           8
        3214           6
        3215           6
        3216           6
        3217           6
        3218           6
        3219           6
        3220           6
        3221           6
        3222           6
        3223           7
        3224           5
        3225           6
        3226           4
        3227           6
        3228           5
        3229           6
        3230           6
        3231           6
        3232           6
        3233           6
        3234           6
        3235           6
        3236           6
        3237           6
        3238           6
        3239           5
        3240           6
        3241           6
        3242           6
        3243           6
        3244           6
        3245           6
        3246           7
        3247           7
        3248           6
        3249           8
        3250           6
        3251           6
        3252           6
        3253           6
        3254           6
        3255           6
        3256           6
        3257           5
        3258           6
        3259           6
        3260           8
        3261           6
        3262           4
        3263           6
        3264           6
        3265           6
        3266           7
        3267           6
        3268           6
        3269           6
        3270           5
        3271           6
        3272           6
        3273           5
        3274           6
        3275           6
        3276           7
        3277           6
        3278           6
        3279           5
        3280           6
        3281           6
        3282           6
        3283           6
        3284           6
        3285           6
        3286           7
        3287           4
        3288           6
        3289           6
        3290           6
        3291           6
        3292           6
        3293           6
        3294           6
        3295           6
        3296           6
        3297           6
        3298           5
        3299           6
        3300           6
        3301           6
        3302           6
        3303           7
        3304           6
        3305           5
        3306           6
        3307           4
        3308           7
        3309           5
        3310           6
        3311           6
        3312           7
        3313           6
        3314           6
        3315           6
        3316           6
        3317           6
        3318           6
        3319           6
        3320           6
        3321           6
        3322           6
        3323           6
        3324           6
        3325           6
        3326           6
        3327           6
        3328           6
        3329           6
        3330           6
        3331           6
        3332           6
        3333           7
        3334           6
        3335           6
        3336           6
        3337           6
        3338           6
        3339           5
        3340           6
        3341           4
        3342           6
        3343           6
        3344           6
        3345           6
        3346           5
        3347           6
        3348           6
        3349           6
        3350           6
        3351           6
        3352           7
        3353           6
        3354           6
        3355           6
        3356           6
        3357           6
        3358           6
        3359           7
        3360           6
        3361           7
        3362           5
        3363           6
        3364           6
        3365           6
        3366           6
        3367           6
        3368           6
        3369           6
        3370           6
        3371           5
        3372           6
        3373           6
        3374           6
        3375           6
        3376           6
        3377           6
        3378           6
        3379           6
        3380           6
        3381           8
        3382           5
        3383           6
        3384           5
        3385           7
        3386           6
        3387           4
        3388           6
        3389           6
        3390           6
        3391           6
        3392           6
        3393           6
        3394           6
        3395           6
        3396           5
        3397           6
        3398           6
        3399           6
        3400           5
        3401           6
        3402           6
        3403           6
        3404           6
        3405           6
        3406           6
        3407           6
        3408           5
        3409           6
        3410           6
        3411           6
        3412           6
        3413           6
        3414           6
        3415           6
        3416           6
        3417           5
        3418           6
        3419           6
        3420           6
        3421           6
        3422           4
        3423           6
        3424           6
        3425           6
        3426           7
        3427           6
        3428           6
        3429           6
        3430           6
        3431           6
        3432           6
        3433           6
        3434           5
        3435           5
        3436           6
        3437           5
        3438           5
        3439           6
        3440           6
        3441           7
        3442           6
        3443           6
        3444           6
        3445           6
        3446           6
        3447           6
        3448           6
        3449           6
        3450           6
        3451           6
        3452           6
        3453           8
        3454           6
        3455           6
        3456           6
        3457           6
        3458           6
        3459           6
        3460           4
        3461           5
        3462           6
        3463           5
        3464           6
        3465           5
        3466           6
        3467           6
        3468           6
        3469           6
        3470           8
        3471           6
        3472           6
        3473           6
        3474           6
        3475           6
        3476           6
        3477           6
        3478           6
        3479           6
        3480           7
        3481           6
        3482           6
        3483           6
        3484           7
        3485           6
        3486           6
        3487           6
        3488           6
        3489           6
        3490           6
        3491           6
        3492           6
        3493           6
        3494           4
        3495           6
        3496           6
        3497           6
        3498           5
        3499           6
        3500           6
        3501           6
        3502           6
        3503           6
        3504           6
        3505           6
        3506           6
        3507           7
        3508           8
        3509           6
        3510           6
        3511           6
        3512           6
        3513           6
        3514           6
        3515           6
        3516           6
        3517           6
        3518           6
        3519           6
        3520           6
        3521           8
        3522           8
        3523           6
        3524           5
        3525           6
        3526           5
        3527           5
        3528           6
        3529           8
        3530           4
        3531           6
        3532           5
        3533           6
        3534           6
        3535           6
        3536           6
        3537           5
        3538           5
        3539           6
        3540           6
        3541           6
        3542           7
        3543           6
        3544           6
        3545           6
        3546           6
        3547           6
        3548           6
        3549           6
        3550           7
        3551           6
        3552           6
        3553           6
        3554           6
        3555           6
        3556           6
        3557           5
        3558           6
        3559           6
        3560           6
        3561           6
        3562           5
        3563           6
        3564           4
        3565           6
        3566           6
        3567           6
        3568           6
        3569           5
        3570           6
        3571           6
        3572           6
        3573           6
        3574           8
        3575           6
        3576           6
        3577           6
        3578           6
        3579           7
        3580           6
        3581           6
        3582           6
        3583           6
        3584           6
        3585           6
        3586           6
        3587           5
        3588           6
        3589           6
        3590           6
        3591           6
        3592           5
        3593           6
        3594           6
        3595           4
        3596           7
        3597           6
        3598           6
        3599           6
        3600           7
        3601           6
        3602           5
        3603           6
        3604           5
        3605           7
        3606           6
        3607           6
        3608           6
        3609           6
        3610           6
        3611           7
        3612           6
        3613           6
        3614           6
        3615           6
        3616           6
        3617           5
        3618           6
        3619           6
        3620           6
        3621           6
        3622           6
        3623           6
        3624           6
        3625           6
        3626           6
        3627           6
        3628           6
        3629           6
        3630           6
        3631           4
        3632           7
        3633           6
        3634           6
        3635           6
        3636           6
        3637           6
        3638           6
        3639           6
        3640           6
        3641           6
        3642           6
        3643           5
        3644           7
        3645           6
        3646           6
        3647           6
        3648           6
        3649           6
        3650           6
        3651           6
        3652           6
        3653           6
        3654           6
        3655           6
        3656           6
        3657           5
        3658           4
        3659           6
        3660           6
        3661           6
        3662           6
        3663           6
        3664           6
        3665           5
        3666           5
        3667           6
        3668           6
        3669           6
        3670           6
        3671           6
        3672           6
        3673           7
        3674           6
        3675           6
        3676           6
        3677           6
        3678           6
        3679           6
        3680           7
        3681           7
        3682           5
        3683           6
        3684           6
        3685           6
        3686           6
        3687           5
        3688           6
        3689           5
        3690           6
        3691           6
        3692           6
        3693           4
        3694           6
        3695           6
        3696           5
        3697           7
        3698           6
        3699           6
        3700           6
        3701           6
        3702           6
        3703           6
        3704           5
        3705           6
        3706           6
        3707           6
        3708           6
        3709           6
        3710           6
        3711           6
        3712           6
        3713           6
        3714           6
        3715           6
        3716           6
        3717           6
        3718           6
        3719           6
        3720           4
        3721           6
        3722           6
        3723           7
        3724           7
        3725           6
        3726           6
        3727           6
        3728           6
        3729           6
        3730           6
        3731           6
        3732           5
        3733           6
        3734           6
        3735           6
        3736           6
        3737           6
        3738           6
        3739           5
        3740           7
        3741           5
        3742           6
        3743           6
        3744           6
        3745           6
        3746           5
        3747           6
        3748           6
        3749           6
        3750           6
        3751           6
        3752           6
        3753           6
        3754           4
        3755           5
        3756           6
        3757           5
        3758           6
        3759           6
        3760           6
        3761           8
        3762           6
        3763           6
        3764           6
        3765           6
        3766           6
        3767           6
        3768           7
        3769           8
        3770           6
        3771           6
        3772           6
        3773           5
        3774           7
        3775           6
        3776           5
        3777           6
        3778           6
        3779           6
        3780           4
        3781           6
        3782           6
        3783           5
        3784           6
        3785           6
        3786           6
        3787           6
        3788           6
        3789           6
        3790           6
        3791           6
        3792           6
        3793           6
        3794           6
        3795           6
        3796           6
        3797           6
        3798           6
        3799           6
        3800           6
        3801           6
        3802           6
        3803           5
        3804           7
        3805           6
        3806           6
        3807           6
        3808           6
        3809           6
        3810           6
        3811           4
        3812           6
        3813           8
        3814           7
        3815           6
        3816           6
        3817           6
        3818           6
        3819           6
        3820           6
        3821           6
        3822           6
        3823           6
        3824           6
        3825           6
        3826           6
        3827           5
        3828           6
        3829           8
        3830           6
        3831           6
        3832           6
        3833           4
        3834           5
        3835           6
        3836           6
        3837           6
        3838           6
        3839           6
        3840           6
        3841           6
        3842           6
        3843           5
        3844           6
        3845           6
        3846           6
        3847           8
        3848           6
        3849           6
        3850           5
        3851           6
        3852           6
        3853           5
        3854           5
        3855           6
        3856           6
        3857           8
        3858           6
        3859           6
        3860           7
        3861           4
        3862           6
        3863           6
        3864           6
        3865           6
        3866           6
        3867           6
        3868           6
        3869           5
        3870           6
        3871           6
        3872           6
        3873           6
        3874           6
        3875           6
        3876           6
        3877           6
        3878           6
        3879           6
        3880           6
        3881           6
        3882           4
        3883           6
        3884           6
        3885           5
        3886           5
        3887           6
        3888           5
        3889           6
        3890           5
        3891           5
        3892           6
        3893           6
        3894           6
        3895           6
        3896           5
        3897           5
        3898           6
        3899           6
        3900           6
        3901           6
        3902           6
        3903           6
        3904           6
        3905           6
        3906           6
        3907           5
        3908           4
        3909           6
        3910           6
        3911           6
        3912           6
        3913           7
        3914           8
        3915           6
        3916           7
        3917           6
        3918           6
        3919           6
        3920           6
        3921           6
        3922           6
        3923           6
        3924           6
        3925           6
        3926           6
        3927           6
        3928           6
        3929           6
        3930           6
        3931           6
        3932           4
        3933           6
        3934           6
        3935           6
        3936           6
        3937           5
        3938           6
        3939           6
        3940           6
        3941           6
        3942           6
        3943           7
        3944           6
        3945           7
        3946           6
        3947           6
        3948           6
        3949           6
        3950           5
        3951           4
        3952           6
        3953           6
        3954           6
        3955           6
        3956           6
        3957           6
        3958           5
        3959           6
        3960           6
        3961           6
        3962           6
        3963           5
        3964           6
        3965           6
        3966           6
        3967           6
        3968           6
        3969           6
        3970           6
        3971           4
        3972           8
        3973           6
        3974           7
        3975           5
        3976           5
        3977           6
        3978           7
        3979           6
        3980           8
        3981           5
        3982           6
        3983           5
        3984           5
        3985           6
        3986           6
        3987           6
        3988           6
        3989           4
        3990           6
        3991           6
        3992           6
        3993           6
        3994           6
        3995           5
        3996           6
        3997           6
        3998           6
        3999           6
        4000           7
        4001           6
        4002           6
        4003           6
        4004           6
        4005           6
        4006           4
        4007           5
        4008           6
        4009           6
        4010           6
        4011           5
        4012           7
        4013           5
        4014           6
        4015           6
        4016           6
        4017           5
        4018           5
        4019           5
        4020           5
        4021           5
        4022           4
        4023           7
        4024           5
        4025           6
        4026           6
        4027           5
        4028           5
        4029           4
        4030           7
        4031           6
        4032           5
        4033           7
        4034           5
        4035           6
        4036           5
        4037           6
        4038           6
        4039           8
        4040           5
        4041           7
        4042           6
        4043           6
        4044           6
        4045           4
        4046           6
        4047           7
        4048           8
        4049           4
        4050           6
        4051           6
        4052           8
        4053           5
        4054           7
        4055           5
        4056           8
        4057           4
        4058           8
        4059           7
        4060           6
        4061           4
        4062           7
        4063           5
        4064           7
        4065           7
        4066           7
        4067           5
        4068           6
        4069           9
        4070           6
        4071           6
        4072           4
        4073           7
        4074           7
        4075           6
        4076           4
        4077           7
        4078           6
        4079           5
        4080           4
        4081           5
        4082           5
        4083           5
        4084           7
        4085           4
        4086           6
        4087           7
        4088           6
        4089           6
        4090           7
        4091           7
        4092           4
        4093           6
        4094           6
        4095           5
        4096           4
        4097           6
        4098           6
        4099           5
        4100           7
        4101           5
        4102           6
        4103           4
        4104           4
        4105           5
        4106           8
        4107           6
        4108           6
        4109           6
        4110           4
        4111           6
        4112           6
        4113           9
        4114           6
        4115           4
        4116           4
        4117           7
        4118           7
        4119           5
        4120           5
        4121           4
        4122           6
        4123           7
        4124           4
        4125           7
        4126           6
        4127           6
        4128           6
        4129           6
        4130           7
        4131           4
        4132           4
        4133           7
        4134           8
        4135           5
        4136           6
        4137           5
        4138           7
        4139           6
        4140           6
        4141           5
        4142           4
        4143           5
        4144           6
        4145           4
        4146           6
        4147           6
        4148           6
        4149           6
        4150           8
        4151           7
        4152           8
        4153           4
        4154           5
        4155           7
        4156           4
        4157           6
        4158           8
        4159           7
        4160           8
        4161           6
        4162           6
        4163           6
        4164           6
        4165           5
        4166           5
        4167           6
        4168           5
        4169           7
        4170           4
        4171           4
        4172           6
        4173           5
        4174           6
        4175           6
        4176           6
        4177           5
        4178           7
        4179           7
        4180           5
        4181           4
        4182           6
        4183           4
        4184           4
        4185           6
        4186           6
        4187           7
        4188           8
        4189           5
        4190           6
        4191           5
        4192           4
        4193           5
        4194           5
        4195           5
        4196           6
        4197           4
        4198           5
        4199           6
        4200           4
        4201           5
        4202           9
        4203           8
        4204           4
        4205           7
        4206           4
        4207           6
        4208           6
        4209           7
        4210           4
        4211           7
        4212           6
        4213           5
        4214           4
        4215           9
        4216           4
        4217           6
        4218           5
        4219           4
        4220           4
        4221           6
        4222           6
        4223           4
        4224           5
        4225           5
        4226           4
        4227           7
        4228           8
        4229           5
        4230           5
        4231           4
        4232           6
        4233           6
        4234           4
        4235           4
        4236           6
        4237           7
        4238           7
        4239           6
        4240           6
        4241           4
        4242           5
        4243           4
        4244           6
        4245           7
        4246           6
        4247           6
        4248           4
        4249           4
        4250           5
        4251           4
        4252           5
        4253           6
        4254           7
        4255           5
        4256           6
        4257           4
        4258           4
        4259           6
        4260           4
        4261           4
        4262           5
        4263           4
        4264           4
        4265           6
        4266           5
        4267           5
        4268           5
        4269           5
        4270           6
        4271           5
        4272           4
        4273           4
        4274           4
        4275           7
        4276           7
        4277           6
        4278           5
        4279           5
        4280           4
        4281           4
        4282           4
        4283           5
        4284           6
        4285           6
        4286           5
        4287           4
        4288           5
        4289           6
        4290           7
        4291           5
        4292           5
        4293           5
        4294           4
        4295           6
        4296           6
        4297           4
        4298           4
        4299           6
        4300           5
        4301           6
        4302           4
        4303           5
        4304           5
        4305           4
        4306           5
        4307           5
        4308           5
        4309           4
        4310           4
        4311           4
        4312           4
        4313           5
        4314           7
        4315           7
        4316           4
        4317           4
        4318           7
        4319           4
        4320           4
        4321           4
        4322           6
        4323           6
        4324           4
        4325           4
        4326           4
        4327           4
        4328           6
        4329           4
        4330           4
        4331           6
        4332           4
        4333           4
        4334           4
        4335           4
        4336           4
        4337           4
        4338           4
        4339           2
        4340           4
        4341           2
        4342           4
        4343           4
        4344           7
        4345           4
        4346           4
        4347           4
        4348           4
        4349           4
        4350           4
        4351           4
        4352           5
        4353           5
        4354           4
        4355           4
        4356           6
        4357           6
        4358           4
        4359           4
        4360           4
        4361           3
        4362           4
        4363           5
        4364           4
        4365           4
        4366           5
        4367           4
        4368           5
        4369           6
        4370           4
        4371           4
        4372           6
        4373           6
        4374           4
        4375           4
        4376           4
        4377           5
        4378           6
        4379           4
        4380           6
        4381           4
        4382           4
        4383           4
        4384           7
        4385           4
        4386           4
        4387           4
        4388           5
        4389           4
        4390           4
        4391           6
        4392           4
        4393           4
        4394           6
        4395           7
        4396           5
        4397           4
        4398           4
        4399           4
        4400           4
        4401           6
        4402           4
        4403           5
        4404           5
        4405           6
        4406           4
        4407           4
        4408           4
        4409           6
        4410           4
        4411           4
        4412           4
        4413           4
        4414           6
        4415           6
        4416           6
        4417           4
        4418           4
        4419           6
        4420           5
        4421           4
        4422           4
        4423           4
        4424           4
        4425           6
        4426           4
        4427           4
        4428           4
        4429           6
        4430           4
        4431           4
        4432           5
        4433           6
        4434           4
        4435           4
        4436           4
        4437           4
        4438           5
        4439           4
        4440           4
        4441           4
        4442           4
        4443           4
        4444           6
        4445           3
        4446           4
        4447           4
        4448           5
        4449           4
        4450           4
        4451           4
        4452           4
        4453           4
        4454           4
        4455           6
        4456           4
        4457           4
        4458           4
        4459           6
        4460           4
        4461           5
        4462           5
        4463           6
        4464           5
        4465           2
        4466           6
        4467           5
        4468           4
        4469           8
        4470           5
        4471           6
        4472           7
        4473           6
        4474           5
        4475           4
        4476           5
        4477           5
        4478           5
        4479           6
        4480           5
        4481           4
        4482           5
        4483           7
        4484           6
        4485           5
        4486           2
        4487           6
        4488           6
        4489           7
        4490           5
        4491           7
        4492           6
        4493           7
        4494           6
        4495           5
        4496           7
        4497           5
        4498           2
        4499           7
        4500           4
        4501           9
        4502           7
        4503           4
        4504           7
        4505           8
        4506           3
        4507           4
        4508           8
        4509           8
        4510           3
        4511           3
        4512           4
        4513           6
        4514           9
        4515           4
        4516           8
        4517           4
        4518           6
        4519           6
        4520           8
        4521           4
        4522           6
        4523           3
        4524           3
        4525           4
        4526           4
        4527           4
        4528           3
        4529           4
        4530           4
        4531           3
        4532           3
        4533           5
        4534           4
        4535           4
        4536           4
        4537           4
        4538           4
        4539           3
        4540           3
        4541           4
        4542           4
        4543           5
        4544           0
 END_COUNTER
