  NODES_PER_ELEMENT
   1 3
   2 3
   3 3
   4 3
   5 3
   6 3
   7 3
   8 3
   9 3
   10 3
   11 3
   12 3
   13 3
   14 3
   15 3
   16 3
   17 3
   18 3
   19 3
   20 3
   21 3
   22 3
   23 3
   24 3
   25 3
   26 3
   27 3
   28 3
   29 3
   30 3
   31 3
   32 3
   33 3
   34 3
   35 3
   36 3
   37 3
   38 3
   39 3
   40 3
   41 3
   42 3
   43 3
   44 3
   45 3
   46 3
   47 3
   48 3
   49 3
   50 3
   51 3
   52 3
   53 3
   54 3
   55 3
   56 3
   57 3
   58 3
   59 3
   60 3
   61 3
   62 3
   63 3
   64 3
   65 3
   66 3
   67 3
   68 3
   69 3
   70 3
   71 3
   72 3
   73 3
   74 3
   75 3
   76 3
   77 3
   78 3
   79 3
   80 3
   81 3
   82 3
   83 3
   84 3
   85 3
   86 3
   87 3
   88 3
   89 3
   90 3
   91 3
   92 3
   93 3
   94 3
   95 3
   96 3
   97 3
   98 3
   99 3
   100 3
   101 3
   102 3
   103 3
   104 3
   105 3
   106 3
   107 3
   108 3
   109 3
   110 3
   111 3
   112 3
   113 3
   114 3
   115 3
   116 3
   117 3
   118 3
   119 3
   120 3
   121 3
   122 3
   123 3
   124 3
   125 3
   126 3
   127 3
   128 3
   129 3
   130 3
   131 3
   132 3
   133 3
   134 3
   135 3
   136 3
   137 3
   138 3
   139 3
   140 3
   141 3
   142 3
   143 3
   144 3
   145 3
   146 3
   147 3
   148 3
   149 3
   150 3
   151 3
   152 3
   153 3
   154 3
   155 3
   156 3
   157 3
   158 3
   159 3
   160 3
   161 3
   162 3
   163 3
   164 3
   165 3
   166 3
   167 3
   168 3
   169 3
   170 3
   171 3
   172 3
   173 3
   174 3
   175 3
   176 3
   177 3
   178 3
   179 3
   180 3
   181 3
   182 3
   183 3
   184 3
   185 3
   186 3
   187 3
   188 3
   189 3
   190 3
   191 3
   192 3
   193 3
   194 3
   195 3
   196 3
   197 3
   198 3
   199 3
   200 3
   201 3
   202 3
   203 3
   204 3
   205 3
   206 3
   207 3
   208 3
   209 3
   210 3
   211 3
   212 3
   213 3
   214 3
   215 3
   216 3
   217 3
   218 3
   219 3
   220 3
   221 3
   222 3
   223 3
   224 3
   225 3
   226 3
   227 3
   228 3
   229 3
   230 3
   231 3
   232 3
   233 3
   234 3
   235 3
   236 3
   237 3
   238 3
   239 3
   240 3
   241 3
   242 3
   243 3
   244 3
   245 3
   246 3
   247 3
   248 3
   249 3
   250 3
   251 3
   252 3
   253 3
   254 3
   255 3
   256 3
   257 3
   258 3
   259 3
   260 3
   261 3
   262 3
   263 3
   264 3
   265 3
   266 3
   267 3
   268 3
   269 3
   270 3
   271 3
   272 3
   273 3
   274 3
   275 3
   276 3
   277 3
   278 3
   279 3
   280 3
   281 3
   282 3
   283 3
   284 3
   285 3
   286 3
   287 3
   288 3
   289 3
   290 3
   291 3
   292 3
   293 3
   294 3
   295 3
   296 3
   297 3
   298 3
   299 3
   300 3
   301 3
   302 3
   303 3
   304 3
   305 3
   306 3
   307 3
   308 3
   309 3
   310 3
   311 3
   312 3
   313 3
   314 3
   315 3
   316 3
   317 3
   318 3
   319 3
   320 3
   321 3
   322 3
   323 3
   324 3
   325 3
   326 3
   327 3
   328 3
   329 3
   330 3
   331 3
   332 3
   333 3
   334 3
   335 3
   336 3
   337 3
   338 3
   339 3
   340 3
   341 3
   342 3
   343 3
   344 3
   345 3
   346 3
   347 3
   348 3
   349 3
   350 3
   351 3
   352 3
   353 3
   354 3
   355 3
   356 3
   357 3
   358 3
   359 3
   360 3
   361 3
   362 3
   363 3
   364 3
   365 3
   366 3
   367 3
   368 3
   369 3
   370 3
   371 3
   372 3
   373 3
   374 3
   375 3
   376 3
   377 3
   378 3
   379 3
   380 3
   381 3
   382 3
   383 3
   384 3
   385 3
   386 3
   387 3
   388 3
   389 3
   390 3
   391 3
   392 3
   393 3
   394 3
   395 3
   396 3
   397 3
   398 3
   399 3
   400 3
   401 3
   402 3
   403 3
   404 3
   405 3
   406 3
   407 3
   408 3
   409 3
   410 3
   411 3
   412 3
   413 3
   414 3
   415 3
   416 3
   417 3
   418 3
   419 3
   420 3
   421 3
   422 3
   423 3
   424 3
   425 3
   426 3
   427 3
   428 3
   429 3
   430 3
   431 3
   432 3
   433 3
   434 3
   435 3
   436 3
   437 3
   438 3
   439 3
   440 3
   441 3
   442 3
   443 3
   444 3
   445 3
   446 3
   447 3
   448 3
   449 3
   450 3
   451 3
   452 3
   453 3
   454 3
   455 3
   456 3
   457 3
   458 3
   459 3
   460 3
   461 3
   462 3
   463 3
   464 3
   465 3
   466 3
   467 3
   468 3
   469 3
   470 3
   471 3
   472 3
   473 3
   474 3
   475 3
   476 3
   477 3
   478 3
   479 3
   480 3
   481 3
   482 3
   483 3
   484 3
   485 3
   486 3
   487 3
   488 3
   489 3
   490 3
   491 3
   492 3
   493 3
   494 3
   495 3
   496 3
   497 3
   498 3
   499 3
   500 3
   501 3
   502 3
   503 3
   504 3
   505 3
   506 3
   507 3
   508 3
   509 3
   510 3
   511 3
   512 3
   513 3
   514 3
   515 3
   516 3
   517 3
   518 3
   519 3
   520 3
   521 3
   522 3
   523 3
   524 3
   525 3
   526 3
   527 3
   528 3
   529 3
   530 3
   531 3
   532 3
   533 3
   534 3
   535 3
   536 3
   537 3
   538 3
   539 3
   540 3
   541 3
   542 3
   543 3
   544 3
   545 3
   546 3
   547 3
   548 3
   549 3
   550 3
   551 3
   552 3
   553 3
   554 3
   555 3
   556 3
   557 3
   558 3
   559 3
   560 3
   561 3
   562 3
   563 3
   564 3
   565 3
   566 3
   567 3
   568 3
   569 3
   570 3
   571 3
   572 3
   573 3
   574 3
   575 3
   576 3
   577 3
   578 3
   579 3
   580 3
   581 3
   582 3
   583 3
   584 3
   585 3
   586 3
   587 3
   588 3
   589 3
   590 3
   591 3
   592 3
   593 3
   594 3
   595 3
   596 3
   597 3
   598 3
   599 3
   600 3
   601 3
   602 3
   603 3
   604 3
   605 3
   606 3
   607 3
   608 3
   609 3
   610 3
   611 3
   612 3
   613 3
   614 3
   615 3
   616 3
   617 3
   618 3
   619 3
   620 3
   621 3
   622 3
   623 3
   624 3
   625 3
   626 3
   627 3
   628 3
   629 3
   630 3
   631 3
   632 3
   633 3
   634 3
   635 3
   636 3
   637 3
   638 3
   639 3
   640 3
   641 3
   642 3
   643 3
   644 3
   645 3
   646 3
   647 3
   648 3
   649 3
   650 3
   651 3
   652 3
   653 3
   654 3
   655 3
   656 3
   657 3
   658 3
   659 3
   660 3
   661 3
   662 3
   663 3
   664 3
   665 3
   666 3
   667 3
   668 3
   669 3
   670 3
   671 3
   672 3
   673 3
   674 3
   675 3
   676 3
   677 3
   678 3
   679 3
   680 3
   681 3
   682 3
   683 3
   684 3
   685 3
   686 3
   687 3
   688 3
   689 3
   690 3
   691 3
   692 3
   693 3
   694 3
   695 3
   696 3
   697 3
   698 3
   699 3
   700 3
   701 3
   702 3
   703 3
   704 3
   705 3
   706 3
   707 3
   708 3
   709 3
   710 3
   711 3
   712 3
   713 3
   714 3
   715 3
   716 3
   717 3
   718 3
   719 3
   720 3
   721 3
   722 3
   723 3
   724 3
   725 3
   726 3
   727 3
   728 3
   729 3
   730 3
   731 3
   732 3
   733 3
   734 3
   735 3
   736 3
   737 3
   738 3
   739 3
   740 3
   741 3
   742 3
   743 3
   744 3
   745 3
   746 3
   747 3
   748 3
   749 3
   750 3
   751 3
   752 3
   753 3
   754 3
   755 3
   756 3
   757 3
   758 3
   759 3
   760 3
   761 3
   762 3
   763 3
   764 3
   765 3
   766 3
   767 3
   768 3
   769 3
   770 3
   771 3
   772 3
   773 3
   774 3
   775 3
   776 3
   777 3
   778 3
   779 3
   780 3
   781 3
   782 3
   783 3
   784 3
   785 3
   786 3
   787 3
   788 3
   789 3
   790 3
   791 3
   792 3
   793 3
   794 3
   795 3
   796 3
   797 3
   798 3
   799 3
   800 3
   801 3
   802 3
   803 3
   804 3
   805 3
   806 3
   807 3
   808 3
   809 3
   810 3
   811 3
   812 3
   813 3
   814 3
   815 3
   816 3
   817 3
   818 3
   819 3
   820 3
   821 3
   822 3
   823 3
   824 3
   825 3
   826 3
   827 3
   828 3
   829 3
   830 3
   831 3
   832 3
   833 3
   834 3
   835 3
   836 3
   837 3
   838 3
   839 3
   840 3
   841 3
   842 3
   843 3
   844 3
   845 3
   846 3
   847 3
   848 3
   849 3
   850 3
   851 3
   852 3
   853 3
   854 3
   855 3
   856 3
   857 3
   858 3
   859 3
   860 3
   861 3
   862 3
   863 3
   864 3
   865 3
   866 3
   867 3
   868 3
   869 3
   870 3
   871 3
   872 3
   873 3
   874 3
   875 3
   876 3
   877 3
   878 3
   879 3
   880 3
   881 3
   882 3
   883 3
   884 3
   885 3
   886 3
   887 3
   888 3
   889 3
   890 3
   891 3
   892 3
   893 3
   894 3
   895 3
   896 3
   897 3
   898 3
   899 3
   900 3
   901 3
   902 3
   903 3
   904 3
   905 3
   906 3
   907 3
   908 3
   909 3
   910 3
   911 3
   912 3
   913 3
   914 3
   915 3
   916 3
   917 3
   918 3
   919 3
   920 3
   921 3
   922 3
   923 3
   924 3
   925 3
   926 3
   927 3
   928 3
   929 3
   930 3
   931 3
   932 3
   933 3
   934 3
   935 3
   936 3
   937 3
   938 3
   939 3
   940 3
   941 3
   942 3
   943 3
   944 3
   945 3
   946 3
   947 3
   948 3
   949 3
   950 3
   951 3
   952 3
   953 3
   954 3
   955 3
   956 3
   957 3
   958 3
   959 3
   960 3
   961 3
   962 3
   963 3
   964 3
   965 3
   966 3
   967 3
   968 3
   969 3
   970 3
   971 3
   972 3
   973 3
   974 3
   975 3
   976 3
   977 3
   978 3
   979 3
   980 3
   981 3
   982 3
   983 3
   984 3
   985 3
   986 3
   987 3
   988 3
   989 3
   990 3
   991 3
   992 3
   993 3
   994 3
   995 3
   996 3
   997 3
   998 3
   999 3
   1000 3
   1001 3
   1002 3
   1003 3
   1004 3
   1005 3
   1006 3
   1007 3
   1008 3
   1009 3
   1010 3
   1011 3
   1012 3
   1013 3
   1014 3
   1015 3
   1016 3
   1017 3
   1018 3
   1019 3
   1020 3
   1021 3
   1022 3
   1023 3
   1024 3
   1025 3
   1026 3
   1027 3
   1028 3
   1029 3
   1030 3
   1031 3
   1032 3
   1033 3
   1034 3
   1035 3
   1036 3
   1037 3
   1038 3
   1039 3
   1040 3
   1041 3
   1042 3
   1043 3
   1044 3
   1045 3
   1046 3
   1047 3
   1048 3
   1049 3
   1050 3
   1051 3
   1052 3
   1053 3
   1054 3
   1055 3
   1056 3
   1057 3
   1058 3
   1059 3
   1060 3
   1061 3
   1062 3
   1063 3
   1064 3
   1065 3
   1066 3
   1067 3
   1068 3
   1069 3
   1070 3
   1071 3
   1072 3
   1073 3
   1074 3
   1075 3
   1076 3
   1077 3
   1078 3
   1079 3
   1080 3
   1081 3
   1082 3
   1083 3
   1084 3
   1085 3
   1086 3
   1087 3
   1088 3
   1089 3
   1090 3
   1091 3
   1092 3
   1093 3
   1094 3
   1095 3
   1096 3
   1097 3
   1098 3
   1099 3
   1100 3
   1101 3
   1102 3
   1103 3
   1104 3
   1105 3
   1106 3
   1107 3
   1108 3
   1109 3
   1110 3
   1111 3
   1112 3
   1113 3
   1114 3
   1115 3
   1116 3
   1117 3
   1118 3
   1119 3
   1120 3
   1121 3
   1122 3
   1123 3
   1124 3
   1125 3
   1126 3
   1127 3
   1128 3
   1129 3
   1130 3
   1131 3
   1132 3
   1133 3
   1134 3
   1135 3
   1136 3
   1137 3
   1138 3
   1139 3
   1140 3
   1141 3
   1142 3
   1143 3
   1144 3
   1145 3
   1146 3
   1147 3
   1148 3
   1149 3
   1150 3
   1151 3
   1152 3
   1153 3
   1154 3
   1155 3
   1156 3
   1157 3
   1158 3
   1159 3
   1160 3
   1161 3
   1162 3
   1163 3
   1164 3
   1165 3
   1166 3
   1167 3
   1168 3
   1169 3
   1170 3
   1171 3
   1172 3
   1173 3
   1174 3
   1175 3
   1176 3
   1177 3
   1178 3
   1179 3
   1180 3
   1181 3
   1182 3
   1183 3
   1184 3
   1185 3
   1186 3
   1187 3
   1188 3
   1189 3
   1190 3
   1191 3
   1192 3
   1193 3
   1194 3
   1195 3
   1196 3
   1197 3
   1198 3
   1199 3
   1200 3
   1201 3
   1202 3
   1203 3
   1204 3
   1205 3
   1206 3
   1207 3
   1208 3
   1209 3
   1210 3
   1211 3
   1212 3
   1213 3
   1214 3
   1215 3
   1216 3
   1217 3
   1218 3
   1219 3
   1220 3
   1221 3
   1222 3
   1223 3
   1224 3
   1225 3
   1226 3
   1227 3
   1228 3
   1229 3
   1230 3
   1231 3
   1232 3
   1233 3
   1234 3
   1235 3
   1236 3
   1237 3
   1238 3
   1239 3
   1240 3
   1241 3
   1242 3
   1243 3
   1244 3
   1245 3
   1246 3
   1247 3
   1248 3
   1249 3
   1250 3
   1251 3
   1252 3
   1253 3
   1254 3
   1255 3
   1256 3
   1257 3
   1258 3
   1259 3
   1260 3
   1261 3
   1262 3
   1263 3
   1264 3
   1265 3
   1266 3
   1267 3
   1268 3
   1269 3
   1270 3
   1271 3
   1272 3
   1273 3
   1274 3
   1275 3
   1276 3
   1277 3
   1278 3
   1279 3
   1280 3
   1281 3
   1282 3
   1283 3
   1284 3
   1285 3
   1286 3
   1287 3
   1288 3
   1289 3
   1290 3
   1291 3
   1292 3
   1293 3
   1294 3
   1295 3
   1296 3
   1297 3
   1298 3
   1299 3
   1300 3
   1301 3
   1302 3
   1303 3
   1304 3
   1305 3
   1306 3
   1307 3
   1308 3
   1309 3
   1310 3
   1311 3
   1312 3
   1313 3
   1314 3
   1315 3
   1316 3
   1317 3
   1318 3
   1319 3
   1320 3
   1321 3
   1322 3
   1323 3
   1324 3
   1325 3
   1326 3
   1327 3
   1328 3
   1329 3
   1330 3
   1331 3
   1332 3
   1333 3
   1334 3
   1335 3
   1336 3
   1337 3
   1338 3
   1339 3
   1340 3
   1341 3
   1342 3
   1343 3
   1344 3
   1345 3
   1346 3
   1347 3
   1348 3
   1349 3
   1350 3
   1351 3
   1352 3
   1353 3
   1354 3
   1355 3
   1356 3
   1357 3
   1358 3
   1359 3
   1360 3
   1361 3
   1362 3
   1363 3
   1364 3
   1365 3
   1366 3
   1367 3
   1368 3
   1369 3
   1370 3
   1371 3
   1372 3
   1373 3
   1374 3
   1375 3
   1376 3
   1377 3
   1378 3
   1379 3
   1380 3
   1381 3
   1382 3
   1383 3
   1384 3
   1385 3
   1386 3
   1387 3
   1388 3
   1389 3
   1390 3
   1391 3
   1392 3
   1393 3
   1394 3
   1395 3
   1396 3
   1397 3
   1398 3
   1399 3
   1400 3
   1401 3
   1402 3
   1403 3
   1404 3
   1405 3
   1406 3
   1407 3
   1408 3
   1409 3
   1410 3
   1411 3
   1412 3
   1413 3
   1414 3
   1415 3
   1416 3
   1417 3
   1418 3
   1419 3
   1420 3
   1421 3
   1422 3
   1423 3
   1424 3
   1425 3
   1426 3
   1427 3
   1428 3
   1429 3
   1430 3
   1431 3
   1432 3
   1433 3
   1434 3
   1435 3
   1436 3
   1437 3
   1438 3
   1439 3
   1440 3
   1441 3
   1442 3
   1443 3
   1444 3
   1445 3
   1446 3
   1447 3
   1448 3
   1449 3
   1450 3
   1451 3
   1452 3
   1453 3
   1454 3
   1455 3
   1456 3
   1457 3
   1458 3
   1459 3
   1460 3
   1461 3
   1462 3
   1463 3
   1464 3
   1465 3
   1466 3
   1467 3
   1468 3
   1469 3
   1470 3
   1471 3
   1472 3
   1473 3
   1474 3
   1475 3
   1476 3
   1477 3
   1478 3
   1479 3
   1480 3
   1481 3
   1482 3
   1483 3
   1484 3
   1485 3
   1486 3
   1487 3
   1488 3
   1489 3
   1490 3
   1491 3
   1492 3
   1493 3
   1494 3
   1495 3
   1496 3
   1497 3
   1498 3
   1499 3
   1500 3
   1501 3
   1502 3
   1503 3
   1504 3
   1505 3
   1506 3
   1507 3
   1508 3
   1509 3
   1510 3
   1511 3
   1512 3
   1513 3
   1514 3
   1515 3
   1516 3
   1517 3
   1518 3
   1519 3
   1520 3
   1521 3
   1522 3
   1523 3
   1524 3
   1525 3
   1526 3
   1527 3
   1528 3
   1529 3
   1530 3
   1531 3
   1532 3
   1533 3
   1534 3
   1535 3
   1536 3
   1537 3
   1538 3
   1539 3
   1540 3
   1541 3
   1542 3
   1543 3
   1544 3
   1545 3
   1546 3
   1547 3
   1548 3
   1549 3
   1550 3
   1551 3
   1552 3
   1553 3
   1554 3
   1555 3
   1556 3
   1557 3
   1558 3
   1559 3
   1560 3
   1561 3
   1562 3
   1563 3
   1564 3
   1565 3
   1566 3
   1567 3
   1568 3
   1569 3
   1570 3
   1571 3
   1572 3
   1573 3
   1574 3
   1575 3
   1576 3
   1577 3
   1578 3
   1579 3
   1580 3
   1581 3
   1582 3
   1583 3
   1584 3
   1585 3
   1586 3
   1587 3
   1588 3
   1589 3
   1590 3
   1591 3
   1592 3
   1593 3
   1594 3
   1595 3
   1596 3
   1597 3
   1598 3
   1599 3
   1600 3
   1601 3
   1602 3
   1603 3
   1604 3
   1605 3
   1606 3
   1607 3
   1608 3
   1609 3
   1610 3
   1611 3
   1612 3
   1613 3
   1614 3
   1615 3
   1616 3
   1617 3
   1618 3
   1619 3
   1620 3
   1621 3
   1622 3
   1623 3
   1624 3
   1625 3
   1626 3
   1627 3
   1628 3
   1629 3
   1630 3
   1631 3
   1632 3
   1633 3
   1634 3
   1635 3
   1636 3
   1637 3
   1638 3
   1639 3
   1640 3
   1641 3
   1642 3
   1643 3
   1644 3
   1645 3
   1646 3
   1647 3
   1648 3
   1649 3
   1650 3
   1651 3
   1652 3
   1653 3
   1654 3
   1655 3
   1656 3
   1657 3
   1658 3
   1659 3
   1660 3
   1661 3
   1662 3
   1663 3
   1664 3
   1665 3
   1666 3
   1667 3
   1668 3
   1669 3
   1670 3
   1671 3
   1672 3
   1673 3
   1674 3
   1675 3
   1676 3
   1677 3
   1678 3
   1679 3
   1680 3
   1681 3
   1682 3
   1683 3
   1684 3
   1685 3
   1686 3
   1687 3
   1688 3
   1689 3
   1690 3
   1691 3
   1692 3
   1693 3
   1694 3
   1695 3
   1696 3
   1697 3
   1698 3
   1699 3
   1700 3
   1701 3
   1702 3
   1703 3
   1704 3
   1705 3
   1706 3
   1707 3
   1708 3
   1709 3
   1710 3
   1711 3
   1712 3
   1713 3
   1714 3
   1715 3
   1716 3
   1717 3
   1718 3
   1719 3
   1720 3
   1721 3
   1722 3
   1723 3
   1724 3
   1725 3
   1726 3
   1727 3
   1728 3
   1729 3
   1730 3
   1731 3
   1732 3
   1733 3
   1734 3
   1735 3
   1736 3
   1737 3
   1738 3
   1739 3
   1740 3
   1741 3
   1742 3
   1743 3
   1744 3
   1745 3
   1746 3
   1747 3
   1748 3
   1749 3
   1750 3
   1751 3
   1752 3
   1753 3
   1754 3
   1755 3
   1756 3
   1757 3
   1758 3
   1759 3
   1760 3
   1761 3
   1762 3
   1763 3
   1764 3
   1765 3
   1766 3
   1767 3
   1768 3
   1769 3
   1770 3
   1771 3
   1772 3
   1773 3
   1774 3
   1775 3
   1776 3
   1777 3
   1778 3
   1779 3
   1780 3
   1781 3
   1782 3
   1783 3
   1784 3
   1785 3
   1786 3
   1787 3
   1788 3
   1789 3
   1790 3
   1791 3
   1792 3
   1793 3
   1794 3
   1795 3
   1796 3
   1797 3
   1798 3
   1799 3
   1800 3
   1801 3
   1802 3
   1803 3
   1804 3
   1805 3
   1806 3
   1807 3
   1808 3
   1809 3
   1810 3
   1811 3
   1812 3
   1813 3
   1814 3
   1815 3
   1816 3
   1817 3
   1818 3
   1819 3
   1820 3
   1821 3
   1822 3
   1823 3
   1824 3
   1825 3
   1826 3
   1827 3
   1828 3
   1829 3
   1830 3
   1831 3
   1832 3
   1833 3
   1834 3
   1835 3
   1836 3
   1837 3
   1838 3
   1839 3
   1840 3
   1841 3
   1842 3
   1843 3
   1844 3
   1845 3
   1846 3
   1847 3
   1848 3
   1849 3
   1850 3
   1851 3
   1852 3
   1853 3
   1854 3
   1855 3
   1856 3
   1857 3
   1858 3
   1859 3
   1860 3
   1861 3
   1862 3
   1863 3
   1864 3
   1865 3
   1866 3
   1867 3
   1868 3
   1869 3
   1870 3
   1871 3
   1872 3
   1873 3
   1874 3
   1875 3
   1876 3
   1877 3
   1878 3
   1879 3
   1880 3
   1881 3
   1882 3
   1883 3
   1884 3
   1885 3
   1886 3
   1887 3
   1888 3
   1889 3
   1890 3
   1891 3
   1892 3
   1893 3
   1894 3
   1895 3
   1896 3
   1897 3
   1898 3
   1899 3
   1900 3
   1901 3
   1902 3
   1903 3
   1904 3
   1905 3
   1906 3
   1907 3
   1908 3
   1909 3
   1910 3
   1911 3
   1912 3
   1913 3
   1914 3
   1915 3
   1916 3
   1917 3
   1918 3
   1919 3
   1920 3
   1921 3
   1922 3
   1923 3
   1924 3
   1925 3
   1926 3
   1927 3
   1928 3
   1929 3
   1930 3
   1931 3
   1932 3
   1933 3
   1934 3
   1935 3
   1936 3
   1937 3
   1938 3
   1939 3
   1940 3
   1941 3
   1942 3
   1943 3
   1944 3
   1945 3
   1946 3
   1947 3
   1948 3
   1949 3
   1950 3
   1951 3
   1952 3
   1953 3
   1954 3
   1955 3
   1956 3
   1957 3
   1958 3
   1959 3
   1960 3
   1961 3
   1962 3
   1963 3
   1964 3
   1965 3
   1966 3
   1967 3
   1968 3
   1969 3
   1970 3
   1971 3
   1972 3
   1973 3
   1974 3
   1975 3
   1976 3
   1977 3
   1978 3
   1979 3
   1980 3
   1981 3
   1982 3
   1983 3
   1984 3
   1985 3
   1986 3
   1987 3
   1988 3
   1989 3
   1990 3
   1991 3
   1992 3
   1993 3
   1994 3
   1995 3
   1996 3
   1997 3
   1998 3
   1999 3
   2000 3
   2001 3
   2002 3
   2003 3
   2004 3
   2005 3
   2006 3
   2007 3
   2008 3
   2009 3
   2010 3
   2011 3
   2012 3
   2013 3
   2014 3
   2015 3
   2016 3
   2017 3
   2018 3
   2019 3
   2020 3
   2021 3
   2022 3
   2023 3
   2024 3
   2025 3
   2026 3
   2027 3
   2028 3
   2029 3
   2030 3
   2031 3
   2032 3
   2033 3
   2034 3
   2035 3
   2036 3
   2037 3
   2038 3
   2039 3
   2040 3
   2041 3
   2042 3
   2043 3
   2044 3
   2045 3
   2046 3
   2047 3
   2048 3
   2049 3
   2050 3
   2051 3
   2052 3
   2053 3
   2054 3
   2055 3
   2056 3
   2057 3
   2058 3
   2059 3
   2060 3
   2061 3
   2062 3
   2063 3
   2064 3
   2065 3
   2066 3
   2067 3
   2068 3
   2069 3
   2070 3
   2071 3
   2072 3
   2073 3
   2074 3
   2075 3
   2076 3
   2077 3
   2078 3
   2079 3
   2080 3
   2081 3
   2082 3
   2083 3
   2084 3
   2085 3
   2086 3
   2087 3
   2088 3
   2089 3
   2090 3
   2091 3
   2092 3
   2093 3
   2094 3
   2095 3
   2096 3
   2097 3
   2098 3
   2099 3
   2100 3
   2101 3
   2102 3
   2103 3
   2104 3
   2105 3
   2106 3
   2107 3
   2108 3
   2109 3
   2110 3
   2111 3
   2112 3
   2113 3
   2114 3
   2115 3
   2116 3
   2117 3
   2118 3
   2119 3
   2120 3
   2121 3
   2122 3
   2123 3
   2124 3
   2125 3
   2126 3
   2127 3
   2128 3
   2129 3
   2130 3
   2131 3
   2132 3
   2133 3
   2134 3
   2135 3
   2136 3
   2137 3
   2138 3
   2139 3
   2140 3
   2141 3
   2142 3
   2143 3
   2144 3
   2145 3
   2146 3
   2147 3
   2148 3
   2149 3
   2150 3
   2151 3
   2152 3
   2153 3
   2154 3
   2155 3
   2156 3
   2157 3
   2158 3
   2159 3
   2160 3
   2161 3
   2162 3
   2163 3
   2164 3
   2165 3
   2166 3
   2167 3
   2168 3
   2169 3
   2170 3
   2171 3
   2172 3
   2173 3
   2174 3
   2175 3
   2176 3
   2177 3
   2178 3
   2179 3
   2180 3
   2181 3
   2182 3
   2183 3
   2184 3
   2185 3
   2186 3
   2187 3
   2188 3
   2189 3
   2190 3
   2191 3
   2192 3
   2193 3
   2194 3
   2195 3
   2196 3
   2197 3
   2198 3
   2199 3
   2200 3
   2201 3
   2202 3
   2203 3
   2204 3
   2205 3
   2206 3
   2207 3
   2208 3
   2209 3
   2210 3
   2211 3
   2212 3
   2213 3
   2214 3
   2215 3
   2216 3
   2217 3
   2218 3
   2219 3
   2220 3
   2221 3
   2222 3
   2223 3
   2224 3
   2225 3
   2226 3
   2227 3
   2228 3
   2229 3
   2230 3
   2231 3
   2232 3
   2233 3
   2234 3
   2235 3
   2236 3
   2237 3
   2238 3
   2239 3
   2240 3
   2241 3
   2242 3
   2243 3
   2244 3
   2245 3
   2246 3
   2247 3
   2248 3
   2249 3
   2250 3
   2251 3
   2252 3
   2253 3
   2254 3
   2255 3
   2256 3
   2257 3
   2258 3
   2259 3
   2260 3
   2261 3
   2262 3
   2263 3
   2264 3
   2265 3
   2266 3
   2267 3
   2268 3
   2269 3
   2270 3
   2271 3
   2272 3
   2273 3
   2274 3
   2275 3
   2276 3
   2277 3
   2278 3
   2279 3
   2280 3
   2281 3
   2282 3
   2283 3
   2284 3
   2285 3
   2286 3
   2287 3
   2288 3
   2289 3
   2290 3
   2291 3
   2292 3
   2293 3
   2294 3
   2295 3
   2296 3
   2297 3
   2298 3
   2299 3
   2300 3
   2301 3
   2302 3
   2303 3
   2304 3
   2305 3
   2306 3
   2307 3
   2308 3
   2309 3
   2310 3
   2311 3
   2312 3
   2313 3
   2314 3
   2315 3
   2316 3
   2317 3
   2318 3
   2319 3
   2320 3
   2321 3
   2322 3
   2323 3
   2324 3
   2325 3
   2326 3
   2327 3
   2328 3
   2329 3
   2330 3
   2331 3
   2332 3
   2333 3
   2334 3
   2335 3
   2336 3
   2337 3
   2338 3
   2339 3
   2340 3
   2341 3
   2342 3
   2343 3
   2344 3
   2345 3
   2346 3
   2347 3
   2348 3
   2349 3
   2350 3
   2351 3
   2352 3
   2353 3
   2354 3
   2355 3
   2356 3
   2357 3
   2358 3
   2359 3
   2360 3
   2361 3
   2362 3
   2363 3
   2364 3
   2365 3
   2366 3
   2367 3
   2368 3
   2369 3
   2370 3
   2371 3
   2372 3
   2373 3
   2374 3
   2375 3
   2376 3
   2377 3
   2378 3
   2379 3
   2380 3
   2381 3
   2382 3
   2383 3
   2384 3
   2385 3
   2386 3
   2387 3
   2388 3
   2389 3
   2390 3
   2391 3
   2392 3
   2393 3
   2394 3
   2395 3
   2396 3
   2397 3
   2398 3
   2399 3
   2400 3
   2401 3
   2402 3
   2403 3
   2404 3
   2405 3
   2406 3
   2407 3
   2408 3
   2409 3
   2410 3
   2411 3
   2412 3
   2413 3
   2414 3
   2415 3
   2416 3
   2417 3
   2418 3
   2419 3
   2420 3
   2421 3
   2422 3
   2423 3
   2424 3
   2425 3
   2426 3
   2427 3
   2428 3
   2429 3
   2430 3
   2431 3
   2432 3
   2433 3
   2434 3
   2435 3
   2436 3
   2437 3
   2438 3
   2439 3
   2440 3
   2441 3
   2442 3
   2443 3
   2444 3
   2445 3
   2446 3
   2447 3
   2448 3
   2449 3
   2450 3
   2451 3
   2452 3
   2453 3
   2454 3
   2455 3
   2456 3
   2457 3
   2458 3
   2459 3
   2460 3
   2461 3
   2462 3
   2463 3
   2464 3
   2465 3
   2466 3
   2467 3
   2468 3
   2469 3
   2470 3
   2471 3
   2472 3
   2473 3
   2474 3
   2475 3
   2476 3
   2477 3
   2478 3
   2479 3
   2480 3
   2481 3
   2482 3
   2483 3
   2484 3
   2485 3
   2486 3
   2487 3
   2488 3
   2489 3
   2490 3
   2491 3
   2492 3
   2493 3
   2494 3
   2495 3
   2496 3
   2497 3
   2498 3
   2499 3
   2500 3
   2501 3
   2502 3
   2503 3
   2504 3
   2505 3
   2506 3
   2507 3
   2508 3
   2509 3
   2510 3
   2511 3
   2512 3
   2513 3
   2514 3
   2515 3
   2516 3
   2517 3
   2518 3
   2519 3
   2520 3
   2521 3
   2522 3
   2523 3
   2524 3
   2525 3
   2526 3
   2527 3
   2528 3
   2529 3
   2530 3
   2531 3
   2532 3
   2533 3
   2534 3
   2535 3
   2536 3
   2537 3
   2538 3
   2539 3
   2540 3
   2541 3
   2542 3
   2543 3
   2544 3
   2545 3
   2546 3
   2547 3
   2548 3
   2549 3
   2550 3
   2551 3
   2552 3
   2553 3
   2554 3
   2555 3
   2556 3
   2557 3
   2558 3
   2559 3
   2560 3
   2561 3
   2562 3
   2563 3
   2564 3
   2565 3
   2566 3
   2567 3
   2568 3
   2569 3
   2570 3
   2571 3
   2572 3
   2573 3
   2574 3
   2575 3
   2576 3
   2577 3
   2578 3
   2579 3
   2580 3
   2581 3
   2582 3
   2583 3
   2584 3
   2585 3
   2586 3
   2587 3
   2588 3
   2589 3
   2590 3
   2591 3
   2592 3
   2593 3
   2594 3
   2595 3
   2596 3
   2597 3
   2598 3
   2599 3
   2600 3
   2601 3
   2602 3
   2603 3
   2604 3
   2605 3
   2606 3
   2607 3
   2608 3
   2609 3
   2610 3
   2611 3
   2612 3
   2613 3
   2614 3
   2615 3
   2616 3
   2617 3
   2618 3
   2619 3
   2620 3
   2621 3
   2622 3
   2623 3
   2624 3
   2625 3
   2626 3
   2627 3
   2628 3
   2629 3
   2630 3
   2631 3
   2632 3
   2633 3
   2634 3
   2635 3
   2636 3
   2637 3
   2638 3
   2639 3
   2640 3
   2641 3
   2642 3
   2643 3
   2644 3
   2645 3
   2646 3
   2647 3
   2648 3
   2649 3
   2650 3
   2651 3
   2652 3
   2653 3
   2654 3
   2655 3
   2656 3
   2657 3
   2658 3
   2659 3
   2660 3
   2661 3
   2662 3
   2663 3
   2664 3
   2665 3
   2666 3
   2667 3
   2668 3
   2669 3
   2670 3
   2671 3
   2672 3
   2673 3
   2674 3
   2675 3
   2676 3
   2677 3
   2678 3
   2679 3
   2680 3
   2681 3
   2682 3
   2683 3
   2684 3
   2685 3
   2686 3
   2687 3
   2688 3
   2689 3
   2690 3
   2691 3
   2692 3
   2693 3
   2694 3
   2695 3
   2696 3
   2697 3
   2698 3
   2699 3
   2700 3
   2701 3
   2702 3
   2703 3
   2704 3
   2705 3
   2706 3
   2707 3
   2708 3
   2709 3
   2710 3
   2711 3
   2712 3
   2713 3
   2714 3
   2715 3
   2716 3
   2717 3
   2718 3
   2719 3
   2720 3
   2721 3
   2722 3
   2723 3
   2724 3
   2725 3
   2726 3
   2727 3
   2728 3
   2729 3
   2730 3
   2731 3
   2732 3
   2733 3
   2734 3
   2735 3
   2736 3
   2737 3
   2738 3
   2739 3
   2740 3
   2741 3
   2742 3
   2743 3
   2744 3
   2745 3
   2746 3
   2747 3
   2748 3
   2749 3
   2750 3
   2751 3
   2752 3
   2753 3
   2754 3
   2755 3
   2756 3
   2757 3
   2758 3
   2759 3
   2760 3
   2761 3
   2762 3
   2763 3
   2764 3
   2765 3
   2766 3
   2767 3
   2768 3
   2769 3
   2770 3
   2771 3
   2772 3
   2773 3
   2774 3
   2775 3
   2776 3
   2777 3
   2778 3
   2779 3
   2780 3
   2781 3
   2782 3
   2783 3
   2784 3
   2785 3
   2786 3
   2787 3
   2788 3
   2789 3
   2790 3
   2791 3
   2792 3
   2793 3
   2794 3
   2795 3
   2796 3
   2797 3
   2798 3
   2799 3
   2800 3
   2801 3
   2802 3
   2803 3
   2804 3
   2805 3
   2806 3
   2807 3
   2808 3
   2809 3
   2810 3
   2811 3
   2812 3
   2813 3
   2814 3
   2815 3
   2816 3
   2817 3
   2818 3
   2819 3
   2820 3
   2821 3
   2822 3
   2823 3
   2824 3
   2825 3
   2826 3
   2827 3
   2828 3
   2829 3
   2830 3
   2831 3
   2832 3
   2833 3
   2834 3
   2835 3
   2836 3
   2837 3
   2838 3
   2839 3
   2840 3
   2841 3
   2842 3
   2843 3
   2844 3
   2845 3
   2846 3
   2847 3
   2848 3
   2849 3
   2850 3
   2851 3
   2852 3
   2853 3
   2854 3
   2855 3
   2856 3
   2857 3
   2858 3
   2859 3
   2860 3
   2861 3
   2862 3
   2863 3
   2864 3
   2865 3
   2866 3
   2867 3
   2868 3
   2869 3
   2870 3
   2871 3
   2872 3
   2873 3
   2874 3
   2875 3
   2876 3
   2877 3
   2878 3
   2879 3
   2880 3
   2881 3
   2882 3
   2883 3
   2884 3
   2885 3
   2886 3
   2887 3
   2888 3
   2889 3
   2890 3
   2891 3
   2892 3
   2893 3
   2894 3
   2895 3
   2896 3
   2897 3
   2898 3
   2899 3
   2900 3
   2901 3
   2902 3
   2903 3
   2904 3
   2905 3
   2906 3
   2907 3
   2908 3
   2909 3
   2910 3
   2911 3
   2912 3
   2913 3
   2914 3
   2915 3
   2916 3
   2917 3
   2918 3
   2919 3
   2920 3
   2921 3
   2922 3
   2923 3
   2924 3
   2925 3
   2926 3
   2927 3
   2928 3
   2929 3
   2930 3
   2931 3
   2932 3
   2933 3
   2934 3
   2935 3
   2936 3
   2937 3
   2938 3
   2939 3
   2940 3
   2941 3
   2942 3
   2943 3
   2944 3
   2945 3
   2946 3
   2947 3
   2948 3
   2949 3
   2950 3
   2951 3
   2952 3
   2953 3
   2954 3
   2955 3
   2956 3
   2957 3
   2958 3
   2959 3
   2960 3
   2961 3
   2962 3
   2963 3
   2964 3
   2965 3
   2966 3
   2967 3
   2968 3
   2969 3
   2970 3
   2971 3
   2972 3
   2973 3
   2974 3
   2975 3
   2976 3
   2977 3
   2978 3
   2979 3
   2980 3
   2981 3
   2982 3
   2983 3
   2984 3
   2985 3
   2986 3
   2987 3
   2988 3
   2989 3
   2990 3
   2991 3
   2992 3
   2993 3
   2994 3
   2995 3
   2996 3
   2997 3
   2998 3
   2999 3
   3000 3
   3001 3
   3002 3
   3003 3
   3004 3
   3005 3
   3006 3
   3007 3
   3008 3
   3009 3
   3010 3
   3011 3
   3012 3
   3013 3
   3014 3
   3015 3
   3016 3
   3017 3
   3018 3
   3019 3
   3020 3
   3021 3
   3022 3
   3023 3
   3024 3
   3025 3
   3026 3
   3027 3
   3028 3
   3029 3
   3030 3
   3031 3
   3032 3
   3033 3
   3034 3
   3035 3
   3036 3
   3037 3
   3038 3
   3039 3
   3040 3
   3041 3
   3042 3
   3043 3
   3044 3
   3045 3
   3046 3
   3047 3
   3048 3
   3049 3
   3050 3
   3051 3
   3052 3
   3053 3
   3054 3
   3055 3
   3056 3
   3057 3
   3058 3
   3059 3
   3060 3
   3061 3
   3062 3
   3063 3
   3064 3
   3065 3
   3066 3
   3067 3
   3068 3
   3069 3
   3070 3
   3071 3
   3072 3
   3073 3
   3074 3
   3075 3
   3076 3
   3077 3
   3078 3
   3079 3
   3080 3
   3081 3
   3082 3
   3083 3
   3084 3
   3085 3
   3086 3
   3087 3
   3088 3
   3089 3
   3090 3
   3091 3
   3092 3
   3093 3
   3094 3
   3095 3
   3096 3
   3097 3
   3098 3
   3099 3
   3100 3
   3101 3
   3102 3
   3103 3
   3104 3
   3105 3
   3106 3
   3107 3
   3108 3
   3109 3
   3110 3
   3111 3
   3112 3
   3113 3
   3114 3
   3115 3
   3116 3
   3117 3
   3118 3
   3119 3
   3120 3
   3121 3
   3122 3
   3123 3
   3124 3
   3125 3
   3126 3
   3127 3
   3128 3
   3129 3
   3130 3
   3131 3
   3132 3
   3133 3
   3134 3
   3135 3
   3136 3
   3137 3
   3138 3
   3139 3
   3140 3
   3141 3
   3142 3
   3143 3
   3144 3
   3145 3
   3146 3
   3147 3
   3148 3
   3149 3
   3150 3
   3151 3
   3152 3
   3153 3
   3154 3
   3155 3
   3156 3
   3157 3
   3158 3
   3159 3
   3160 3
   3161 3
   3162 3
   3163 3
   3164 3
   3165 3
   3166 3
   3167 3
   3168 3
   3169 3
   3170 3
   3171 3
   3172 3
   3173 3
   3174 3
   3175 3
   3176 3
   3177 3
   3178 3
   3179 3
   3180 3
   3181 3
   3182 3
   3183 3
   3184 3
   3185 3
   3186 3
   3187 3
   3188 3
   3189 3
   3190 3
   3191 3
   3192 3
   3193 3
   3194 3
   3195 3
   3196 3
   3197 3
   3198 3
   3199 3
   3200 3
   3201 3
   3202 3
   3203 3
   3204 3
   3205 3
   3206 3
   3207 3
   3208 3
   3209 3
   3210 3
   3211 3
   3212 3
   3213 3
   3214 3
   3215 3
   3216 3
   3217 3
   3218 3
   3219 3
   3220 3
   3221 3
   3222 3
   3223 3
   3224 3
   3225 3
   3226 3
   3227 3
   3228 3
   3229 3
   3230 3
   3231 3
   3232 3
   3233 3
   3234 3
   3235 3
   3236 3
   3237 3
   3238 3
   3239 3
   3240 3
   3241 3
   3242 3
   3243 3
   3244 3
   3245 3
   3246 3
   3247 3
   3248 3
   3249 3
   3250 3
   3251 3
   3252 3
   3253 3
   3254 3
   3255 3
   3256 3
   3257 3
   3258 3
   3259 3
   3260 3
   3261 3
   3262 3
   3263 3
   3264 3
   3265 3
   3266 3
   3267 3
   3268 3
   3269 3
   3270 3
   3271 3
   3272 3
   3273 3
   3274 3
   3275 3
   3276 3
   3277 3
   3278 3
   3279 3
   3280 3
   3281 3
   3282 3
   3283 3
   3284 3
   3285 3
   3286 3
   3287 3
   3288 3
   3289 3
   3290 3
   3291 3
   3292 3
   3293 3
   3294 3
   3295 3
   3296 3
   3297 3
   3298 3
   3299 3
   3300 3
   3301 3
   3302 3
   3303 3
   3304 3
   3305 3
   3306 3
   3307 3
   3308 3
   3309 3
   3310 3
   3311 3
   3312 3
   3313 3
   3314 3
   3315 3
   3316 3
   3317 3
   3318 3
   3319 3
   3320 3
   3321 3
   3322 3
   3323 3
   3324 3
   3325 3
   3326 3
   3327 3
   3328 3
   3329 3
   3330 3
   3331 3
   3332 3
   3333 3
   3334 3
   3335 3
   3336 3
   3337 3
   3338 3
   3339 3
   3340 3
   3341 3
   3342 3
   3343 3
   3344 3
   3345 3
   3346 3
   3347 3
   3348 3
   3349 3
   3350 3
   3351 3
   3352 3
   3353 3
   3354 3
   3355 3
   3356 3
   3357 3
   3358 3
   3359 3
   3360 3
   3361 3
   3362 3
   3363 3
   3364 3
   3365 3
   3366 3
   3367 3
   3368 3
   3369 3
   3370 3
   3371 3
   3372 3
   3373 3
   3374 3
   3375 3
   3376 3
   3377 3
   3378 3
   3379 3
   3380 3
   3381 3
   3382 3
   3383 3
   3384 3
   3385 3
   3386 3
   3387 3
   3388 3
   3389 3
   3390 3
   3391 3
   3392 3
   3393 3
   3394 3
   3395 3
   3396 3
   3397 3
   3398 3
   3399 3
   3400 3
   3401 3
   3402 3
   3403 3
   3404 3
   3405 3
   3406 3
   3407 3
   3408 3
   3409 3
   3410 3
   3411 3
   3412 3
   3413 3
   3414 3
   3415 3
   3416 3
   3417 3
   3418 3
   3419 3
   3420 3
   3421 3
   3422 3
   3423 3
   3424 3
   3425 3
   3426 3
   3427 3
   3428 3
   3429 3
   3430 3
   3431 3
   3432 3
   3433 3
   3434 3
   3435 3
   3436 3
   3437 3
   3438 3
   3439 3
   3440 3
   3441 3
   3442 3
   3443 3
   3444 3
   3445 3
   3446 3
   3447 3
   3448 3
   3449 3
   3450 3
   3451 3
   3452 3
   3453 3
   3454 3
   3455 3
   3456 3
   3457 3
   3458 3
   3459 3
   3460 3
   3461 3
   3462 3
   3463 3
   3464 3
   3465 3
   3466 3
   3467 3
   3468 3
   3469 3
   3470 3
   3471 3
   3472 3
   3473 3
   3474 3
   3475 3
   3476 3
   3477 3
   3478 3
   3479 3
   3480 3
   3481 3
   3482 3
   3483 3
   3484 3
   3485 3
   3486 3
   3487 3
   3488 3
   3489 3
   3490 3
   3491 3
   3492 3
   3493 3
   3494 3
   3495 3
   3496 3
   3497 3
   3498 3
   3499 3
   3500 3
   3501 3
   3502 3
   3503 3
   3504 3
   3505 3
   3506 3
   3507 3
   3508 3
   3509 3
   3510 3
   3511 3
   3512 3
   3513 3
   3514 3
   3515 3
   3516 3
   3517 3
   3518 3
   3519 3
   3520 3
   3521 3
   3522 3
   3523 3
   3524 3
   3525 3
   3526 3
   3527 3
   3528 3
   3529 3
   3530 3
   3531 3
   3532 3
   3533 3
   3534 3
   3535 3
   3536 3
   3537 3
   3538 3
   3539 3
   3540 3
   3541 3
   3542 3
   3543 3
   3544 3
   3545 3
   3546 3
   3547 3
   3548 3
   3549 3
   3550 3
   3551 3
   3552 3
   3553 3
   3554 3
   3555 3
   3556 3
   3557 3
   3558 3
   3559 3
   3560 3
   3561 3
   3562 3
   3563 3
   3564 3
   3565 3
   3566 3
   3567 3
   3568 3
   3569 3
   3570 3
   3571 3
   3572 3
   3573 3
   3574 3
   3575 3
   3576 3
   3577 3
   3578 3
   3579 3
   3580 3
   3581 3
   3582 3
   3583 3
   3584 3
   3585 3
   3586 3
   3587 3
   3588 3
   3589 3
   3590 3
   3591 3
   3592 3
   3593 3
   3594 3
   3595 3
   3596 3
   3597 3
   3598 3
   3599 3
   3600 3
   3601 3
   3602 3
   3603 3
   3604 3
   3605 3
   3606 3
   3607 3
   3608 3
   3609 3
   3610 3
   3611 3
   3612 3
   3613 3
   3614 3
   3615 3
   3616 3
   3617 3
   3618 3
   3619 3
   3620 3
   3621 3
   3622 3
   3623 3
   3624 3
   3625 3
   3626 3
   3627 3
   3628 3
   3629 3
   3630 3
   3631 3
   3632 3
   3633 3
   3634 3
   3635 3
   3636 3
   3637 3
   3638 3
   3639 3
   3640 3
   3641 3
   3642 3
   3643 3
   3644 3
   3645 3
   3646 3
   3647 3
   3648 3
   3649 3
   3650 3
   3651 3
   3652 3
   3653 3
   3654 3
   3655 3
   3656 3
   3657 3
   3658 3
   3659 3
   3660 3
   3661 3
   3662 3
   3663 3
   3664 3
   3665 3
   3666 3
   3667 3
   3668 3
   3669 3
   3670 3
   3671 3
   3672 3
   3673 3
   3674 3
   3675 3
   3676 3
   3677 3
   3678 3
   3679 3
   3680 3
   3681 3
   3682 3
   3683 3
   3684 3
   3685 3
   3686 3
   3687 3
   3688 3
   3689 3
   3690 3
   3691 3
   3692 3
   3693 3
   3694 3
   3695 3
   3696 3
   3697 3
   3698 3
   3699 3
   3700 3
   3701 3
   3702 3
   3703 3
   3704 3
   3705 3
   3706 3
   3707 3
   3708 3
   3709 3
   3710 3
   3711 3
   3712 3
   3713 3
   3714 3
   3715 3
   3716 3
   3717 3
   3718 3
   3719 3
   3720 3
   3721 3
   3722 3
   3723 3
   3724 3
   3725 3
   3726 3
   3727 3
   3728 3
   3729 3
   3730 3
   3731 3
   3732 3
   3733 3
   3734 3
   3735 3
   3736 3
   3737 3
   3738 3
   3739 3
   3740 3
   3741 3
   3742 3
   3743 3
   3744 3
   3745 3
   3746 3
   3747 3
   3748 3
   3749 3
   3750 3
   3751 3
   3752 3
   3753 3
   3754 3
   3755 3
   3756 3
   3757 3
   3758 3
   3759 3
   3760 3
   3761 3
   3762 3
   3763 3
   3764 3
   3765 3
   3766 3
   3767 3
   3768 3
   3769 3
   3770 3
   3771 3
   3772 3
   3773 3
   3774 3
   3775 3
   3776 3
   3777 3
   3778 3
   3779 3
   3780 3
   3781 3
   3782 3
   3783 3
   3784 3
   3785 3
   3786 3
   3787 3
   3788 3
   3789 3
   3790 3
   3791 3
   3792 3
   3793 3
   3794 3
   3795 3
   3796 3
   3797 3
   3798 3
   3799 3
   3800 3
   3801 3
   3802 3
   3803 3
   3804 3
   3805 3
   3806 3
   3807 3
   3808 3
   3809 3
   3810 3
   3811 3
   3812 3
   3813 3
   3814 3
   3815 3
   3816 3
   3817 3
   3818 3
   3819 3
   3820 3
   3821 3
   3822 3
   3823 3
   3824 3
   3825 3
   3826 3
   3827 3
   3828 3
   3829 3
   3830 3
   3831 3
   3832 3
   3833 3
   3834 3
   3835 3
   3836 3
   3837 3
   3838 3
   3839 3
   3840 3
   3841 3
   3842 3
   3843 3
   3844 3
   3845 3
   3846 3
   3847 3
   3848 3
   3849 3
   3850 3
   3851 3
   3852 3
   3853 3
   3854 3
   3855 3
   3856 3
   3857 3
   3858 3
   3859 3
   3860 3
   3861 3
   3862 3
   3863 3
   3864 3
   3865 3
   3866 3
   3867 3
   3868 3
   3869 3
   3870 3
   3871 3
   3872 3
   3873 3
   3874 3
   3875 3
   3876 3
   3877 3
   3878 3
   3879 3
   3880 3
   3881 3
   3882 3
   3883 3
   3884 3
   3885 3
   3886 3
   3887 3
   3888 3
   3889 3
   3890 3
   3891 3
   3892 3
   3893 3
   3894 3
   3895 3
   3896 3
   3897 3
   3898 3
   3899 3
   3900 3
   3901 3
   3902 3
   3903 3
   3904 3
   3905 3
   3906 3
   3907 3
   3908 3
   3909 3
   3910 3
   3911 3
   3912 3
   3913 3
   3914 3
   3915 3
   3916 3
   3917 3
   3918 3
   3919 3
   3920 3
   3921 3
   3922 3
   3923 3
   3924 3
   3925 3
   3926 3
   3927 3
   3928 3
   3929 3
   3930 3
   3931 3
   3932 3
   3933 3
   3934 3
   3935 3
   3936 3
   3937 3
   3938 3
   3939 3
   3940 3
   3941 3
   3942 3
   3943 3
   3944 3
   3945 3
   3946 3
   3947 3
   3948 3
   3949 3
   3950 3
   3951 3
   3952 3
   3953 3
   3954 3
   3955 3
   3956 3
   3957 3
   3958 3
   3959 3
   3960 3
   3961 3
   3962 3
   3963 3
   3964 3
   3965 3
   3966 3
   3967 3
   3968 3
   3969 3
   3970 3
   3971 3
   3972 3
   3973 3
   3974 3
   3975 3
   3976 3
   3977 3
   3978 3
   3979 3
   3980 3
   3981 3
   3982 3
   3983 3
   3984 3
   3985 3
   3986 3
   3987 3
   3988 3
   3989 3
   3990 3
   3991 3
   3992 3
   3993 3
   3994 3
   3995 3
   3996 3
   3997 3
   3998 3
   3999 3
   4000 3
   4001 3
   4002 3
   4003 3
   4004 3
   4005 3
   4006 3
   4007 3
   4008 3
   4009 3
   4010 3
   4011 3
   4012 3
   4013 3
   4014 3
   4015 3
   4016 3
   4017 3
   4018 3
   4019 3
   4020 3
   4021 3
   4022 3
   4023 3
   4024 3
   4025 3
   4026 3
   4027 3
   4028 3
   4029 3
   4030 3
   4031 3
   4032 3
   4033 3
   4034 3
   4035 3
   4036 3
   4037 3
   4038 3
   4039 3
   4040 3
   4041 3
   4042 3
   4043 3
   4044 3
   4045 3
   4046 3
   4047 3
   4048 3
   4049 3
   4050 3
   4051 3
   4052 3
   4053 3
   4054 3
   4055 3
   4056 3
   4057 3
   4058 3
   4059 3
   4060 3
   4061 3
   4062 3
   4063 3
   4064 3
   4065 3
   4066 3
   4067 3
   4068 3
   4069 3
   4070 3
   4071 3
   4072 3
   4073 3
   4074 3
   4075 3
   4076 3
   4077 3
   4078 3
   4079 3
   4080 3
   4081 3
   4082 3
   4083 3
   4084 3
   4085 3
   4086 3
   4087 3
   4088 3
   4089 3
   4090 3
   4091 3
   4092 3
   4093 3
   4094 3
   4095 3
   4096 3
   4097 3
   4098 3
   4099 3
   4100 3
   4101 3
   4102 3
   4103 3
   4104 3
   4105 3
   4106 3
   4107 3
   4108 3
   4109 3
   4110 3
   4111 3
   4112 3
   4113 3
   4114 3
   4115 3
   4116 3
   4117 3
   4118 3
   4119 3
   4120 3
   4121 3
   4122 3
   4123 3
   4124 3
   4125 3
   4126 3
   4127 3
   4128 3
   4129 3
   4130 3
   4131 3
   4132 3
   4133 3
   4134 3
   4135 3
   4136 3
   4137 3
   4138 3
   4139 3
   4140 3
   4141 3
   4142 3
   4143 3
   4144 3
   4145 3
   4146 3
   4147 3
   4148 3
   4149 3
   4150 3
   4151 3
   4152 3
   4153 3
   4154 3
   4155 3
   4156 3
   4157 3
   4158 3
   4159 3
   4160 3
   4161 3
   4162 3
   4163 3
   4164 3
   4165 3
   4166 3
   4167 3
   4168 3
   4169 3
   4170 3
   4171 3
   4172 3
   4173 3
   4174 3
   4175 3
   4176 3
   4177 3
   4178 3
   4179 3
   4180 3
   4181 3
   4182 3
   4183 3
   4184 3
   4185 3
   4186 3
   4187 3
   4188 3
   4189 3
   4190 3
   4191 3
   4192 3
   4193 3
   4194 3
   4195 3
   4196 3
   4197 3
   4198 3
   4199 3
   4200 3
   4201 3
   4202 3
   4203 3
   4204 3
   4205 3
   4206 3
   4207 3
   4208 3
   4209 3
   4210 3
   4211 3
   4212 3
   4213 3
   4214 3
   4215 3
   4216 3
   4217 3
   4218 3
   4219 3
   4220 3
   4221 3
   4222 3
   4223 3
   4224 3
   4225 3
   4226 3
   4227 3
   4228 3
   4229 3
   4230 3
   4231 3
   4232 3
   4233 3
   4234 3
   4235 3
   4236 3
   4237 3
   4238 3
   4239 3
   4240 3
   4241 3
   4242 3
   4243 3
   4244 3
   4245 3
   4246 3
   4247 3
   4248 3
   4249 3
   4250 3
   4251 3
   4252 3
   4253 3
   4254 3
   4255 3
   4256 3
   4257 3
   4258 3
   4259 3
   4260 3
   4261 3
   4262 3
   4263 3
   4264 3
   4265 3
   4266 3
   4267 3
   4268 3
   4269 3
   4270 3
   4271 3
   4272 3
   4273 3
   4274 3
   4275 3
   4276 3
   4277 3
   4278 3
   4279 3
   4280 3
   4281 3
   4282 3
   4283 3
   4284 3
   4285 3
   4286 3
   4287 3
   4288 3
   4289 3
   4290 3
   4291 3
   4292 3
   4293 3
   4294 3
   4295 3
   4296 3
   4297 3
   4298 3
   4299 3
   4300 3
   4301 3
   4302 3
   4303 3
   4304 3
   4305 3
   4306 3
   4307 3
   4308 3
   4309 3
   4310 3
   4311 3
   4312 3
   4313 3
   4314 3
   4315 3
   4316 3
   4317 3
   4318 3
   4319 3
   4320 3
   4321 3
   4322 3
   4323 3
   4324 3
   4325 3
   4326 3
   4327 3
   4328 3
   4329 3
   4330 3
   4331 3
   4332 3
   4333 3
   4334 3
   4335 3
   4336 3
   4337 3
   4338 3
   4339 3
   4340 3
   4341 3
   4342 3
   4343 3
   4344 3
   4345 3
   4346 3
   4347 3
   4348 3
   4349 3
   4350 3
   4351 3
   4352 3
   4353 3
   4354 3
   4355 3
   4356 3
   4357 3
   4358 3
   4359 3
   4360 3
   4361 3
   4362 3
   4363 3
   4364 3
   4365 3
   4366 3
   4367 3
   4368 3
   4369 3
   4370 3
   4371 3
   4372 3
   4373 3
   4374 3
   4375 3
   4376 3
   4377 3
   4378 3
   4379 3
   4380 3
   4381 3
   4382 3
   4383 3
   4384 3
   4385 3
   4386 3
   4387 3
   4388 3
   4389 3
   4390 3
   4391 3
   4392 3
   4393 3
   4394 3
   4395 3
   4396 3
   4397 3
   4398 3
   4399 3
   4400 3
   4401 3
   4402 3
   4403 3
   4404 3
   4405 3
   4406 3
   4407 3
   4408 3
   4409 3
   4410 3
   4411 3
   4412 3
   4413 3
   4414 3
   4415 3
   4416 3
   4417 3
   4418 3
   4419 3
   4420 3
   4421 3
   4422 3
   4423 3
   4424 3
   4425 3
   4426 3
   4427 3
   4428 3
   4429 3
   4430 3
   4431 3
   4432 3
   4433 3
   4434 3
   4435 3
   4436 3
   4437 3
   4438 3
   4439 3
   4440 3
   4441 3
   4442 3
   4443 3
   4444 3
   4445 3
   4446 3
   4447 3
   4448 3
   4449 3
   4450 3
   4451 3
   4452 3
   4453 3
   4454 3
   4455 3
   4456 3
   4457 3
   4458 3
   4459 3
   4460 3
   4461 3
   4462 3
   4463 3
   4464 3
   4465 3
   4466 3
   4467 3
   4468 3
   4469 3
   4470 3
   4471 3
   4472 3
   4473 3
   4474 3
   4475 3
   4476 3
   4477 3
   4478 3
   4479 3
   4480 3
   4481 3
   4482 3
   4483 3
   4484 3
   4485 3
   4486 3
   4487 3
   4488 3
   4489 3
   4490 3
   4491 3
   4492 3
   4493 3
   4494 3
   4495 3
   4496 3
   4497 3
   4498 3
   4499 3
   4500 3
   4501 3
   4502 3
   4503 3
   4504 3
   4505 3
   4506 3
   4507 3
   4508 3
   4509 3
   4510 3
   4511 3
   4512 3
   4513 3
   4514 3
   4515 3
   4516 3
   4517 3
   4518 3
   4519 3
   4520 3
   4521 3
   4522 3
   4523 3
   4524 3
   4525 3
   4526 3
   4527 3
   4528 3
   4529 3
   4530 3
   4531 3
   4532 3
   4533 3
   4534 3
   4535 3
   4536 3
   4537 3
   4538 3
   4539 3
   4540 3
   4541 3
   4542 3
   4543 3
   4544 3
   4545 3
   4546 3
   4547 3
   4548 3
   4549 3
   4550 3
   4551 3
   4552 3
   4553 3
   4554 3
   4555 3
   4556 3
   4557 3
   4558 3
   4559 3
   4560 3
   4561 3
   4562 3
   4563 3
   4564 3
   4565 3
   4566 3
   4567 3
   4568 3
   4569 3
   4570 3
   4571 3
   4572 3
   4573 3
   4574 3
   4575 3
   4576 3
   4577 3
   4578 3
   4579 3
   4580 3
   4581 3
   4582 3
   4583 3
   4584 3
   4585 3
   4586 3
   4587 3
   4588 3
   4589 3
   4590 3
   4591 3
   4592 3
   4593 3
   4594 3
   4595 3
   4596 3
   4597 3
   4598 3
   4599 3
   4600 3
   4601 3
   4602 3
   4603 3
   4604 3
   4605 3
   4606 3
   4607 3
   4608 3
   4609 3
   4610 3
   4611 3
   4612 3
   4613 3
   4614 3
   4615 3
   4616 3
   4617 3
   4618 3
   4619 3
   4620 3
   4621 3
   4622 3
   4623 3
   4624 3
   4625 3
   4626 3
   4627 3
   4628 3
   4629 3
   4630 3
   4631 3
   4632 3
   4633 3
   4634 3
   4635 3
   4636 3
   4637 3
   4638 3
   4639 3
   4640 3
   4641 3
   4642 3
   4643 3
   4644 3
   4645 3
   4646 3
   4647 3
   4648 3
   4649 3
   4650 3
   4651 3
   4652 3
   4653 3
   4654 3
   4655 3
   4656 3
   4657 3
   4658 3
   4659 3
   4660 3
   4661 3
   4662 3
   4663 3
   4664 3
   4665 3
   4666 3
   4667 3
   4668 3
   4669 3
   4670 3
   4671 3
   4672 3
   4673 3
   4674 3
   4675 3
   4676 3
   4677 3
   4678 3
   4679 3
   4680 3
   4681 3
   4682 3
   4683 3
   4684 3
   4685 3
   4686 3
   4687 3
   4688 3
   4689 3
   4690 3
   4691 3
   4692 3
   4693 3
   4694 3
   4695 3
   4696 3
   4697 3
   4698 3
   4699 3
   4700 3
   4701 3
   4702 3
   4703 3
   4704 3
   4705 3
   4706 3
   4707 3
   4708 3
   4709 3
   4710 3
   4711 3
   4712 3
   4713 3
   4714 3
   4715 3
   4716 3
   4717 3
   4718 3
   4719 3
   4720 3
   4721 3
   4722 3
   4723 3
   4724 3
   4725 3
   4726 3
   4727 3
   4728 3
   4729 3
   4730 3
   4731 3
   4732 3
   4733 3
   4734 3
   4735 3
   4736 3
   4737 3
   4738 3
   4739 3
   4740 3
   4741 3
   4742 3
   4743 3
   4744 3
   4745 3
   4746 3
   4747 3
   4748 3
   4749 3
   4750 3
   4751 3
   4752 3
   4753 3
   4754 3
   4755 3
   4756 3
   4757 3
   4758 3
   4759 3
   4760 3
   4761 3
   4762 3
   4763 3
   4764 3
   4765 3
   4766 3
   4767 3
   4768 3
   4769 3
   4770 3
   4771 3
   4772 3
   4773 3
   4774 3
   4775 3
   4776 3
   4777 3
   4778 3
   4779 3
   4780 3
   4781 3
   4782 3
   4783 3
   4784 3
   4785 3
   4786 3
   4787 3
   4788 3
   4789 3
   4790 3
   4791 3
   4792 3
   4793 3
   4794 3
   4795 3
   4796 3
   4797 3
   4798 3
   4799 3
   4800 3
   4801 3
   4802 3
   4803 3
   4804 3
   4805 3
   4806 3
   4807 3
   4808 3
   4809 3
   4810 3
   4811 3
   4812 3
   4813 3
   4814 3
   4815 3
   4816 3
   4817 3
   4818 3
   4819 3
   4820 3
   4821 3
   4822 3
   4823 3
   4824 3
   4825 3
   4826 3
   4827 3
   4828 3
   4829 3
   4830 3
   4831 3
   4832 3
   4833 3
   4834 3
   4835 3
   4836 3
   4837 3
   4838 3
   4839 3
   4840 3
   4841 3
   4842 3
   4843 3
   4844 3
   4845 3
   4846 3
   4847 3
   4848 3
   4849 3
   4850 3
   4851 3
   4852 3
   4853 3
   4854 3
   4855 3
   4856 3
   4857 3
   4858 3
   4859 3
   4860 3
   4861 3
   4862 3
   4863 3
   4864 3
   4865 3
   4866 3
   4867 3
   4868 3
   4869 3
   4870 3
   4871 3
   4872 3
   4873 3
   4874 3
   4875 3
   4876 3
   4877 3
   4878 3
   4879 3
   4880 3
   4881 3
   4882 3
   4883 3
   4884 3
   4885 3
   4886 3
   4887 3
   4888 3
   4889 3
   4890 3
   4891 3
   4892 3
   4893 3
   4894 3
   4895 3
   4896 3
   4897 3
   4898 3
   4899 3
   4900 3
   4901 3
   4902 3
   4903 3
   4904 3
   4905 3
   4906 3
   4907 3
   4908 3
   4909 3
   4910 3
   4911 3
   4912 3
   4913 3
   4914 3
   4915 3
   4916 3
   4917 3
   4918 3
   4919 3
   4920 3
   4921 3
   4922 3
   4923 3
   4924 3
   4925 3
   4926 3
   4927 3
   4928 3
   4929 3
   4930 3
   4931 3
   4932 3
   4933 3
   4934 3
   4935 3
   4936 3
   4937 3
   4938 3
   4939 3
   4940 3
   4941 3
   4942 3
   4943 3
   4944 3
   4945 3
   4946 3
   4947 3
   4948 3
   4949 3
   4950 3
   4951 3
   4952 3
   4953 3
   4954 3
   4955 3
   4956 3
   4957 3
   4958 3
   4959 3
   4960 3
   4961 3
   4962 3
   4963 3
   4964 3
   4965 3
   4966 3
   4967 3
   4968 3
   4969 3
   4970 3
   4971 3
   4972 3
   4973 3
   4974 3
   4975 3
   4976 3
   4977 3
   4978 3
   4979 3
   4980 3
   4981 3
   4982 3
   4983 3
   4984 3
   4985 3
   4986 3
   4987 3
   4988 3
   4989 3
   4990 3
   4991 3
   4992 3
   4993 3
   4994 3
   4995 3
   4996 3
   4997 3
   4998 3
   4999 3
   5000 3
   5001 3
   5002 3
   5003 3
   5004 3
   5005 3
   5006 3
   5007 3
   5008 3
   5009 3
   5010 3
   5011 3
   5012 3
   5013 3
   5014 3
   5015 3
   5016 3
   5017 3
   5018 3
   5019 3
   5020 3
   5021 3
   5022 3
   5023 3
   5024 3
   5025 3
   5026 3
   5027 3
   5028 3
   5029 3
   5030 3
   5031 3
   5032 3
   5033 3
   5034 3
   5035 3
   5036 3
   5037 3
   5038 3
   5039 3
   5040 3
   5041 3
   5042 3
   5043 3
   5044 3
   5045 3
   5046 3
   5047 3
   5048 3
   5049 3
   5050 3
   5051 3
   5052 3
   5053 3
   5054 3
   5055 3
   5056 3
   5057 3
   5058 3
   5059 3
   5060 3
   5061 3
   5062 3
   5063 3
   5064 3
   5065 3
   5066 3
   5067 3
   5068 3
   5069 3
   5070 3
   5071 3
   5072 3
   5073 3
   5074 3
   5075 3
   5076 3
   5077 3
   5078 3
   5079 3
   5080 3
   5081 3
   5082 3
   5083 3
   5084 3
   5085 3
   5086 3
   5087 3
   5088 3
   5089 3
   5090 3
   5091 3
   5092 3
   5093 3
   5094 3
   5095 3
   5096 3
   5097 3
   5098 3
   5099 3
   5100 3
   5101 3
   5102 3
   5103 3
   5104 3
   5105 3
   5106 3
   5107 3
   5108 3
   5109 3
   5110 3
   5111 3
   5112 3
   5113 3
   5114 3
   5115 3
   5116 3
   5117 3
   5118 3
   5119 3
   5120 3
   5121 3
   5122 3
   5123 3
   5124 3
   5125 3
   5126 3
   5127 3
   5128 3
   5129 3
   5130 3
   5131 3
   5132 3
   5133 3
   5134 3
   5135 3
   5136 3
   5137 3
   5138 3
   5139 3
   5140 3
   5141 3
   5142 3
   5143 3
   5144 3
   5145 3
   5146 3
   5147 3
   5148 3
   5149 3
   5150 3
   5151 3
   5152 3
   5153 3
   5154 3
   5155 3
   5156 3
   5157 3
   5158 3
   5159 3
   5160 3
   5161 3
   5162 3
   5163 3
   5164 3
   5165 3
   5166 3
   5167 3
   5168 3
   5169 3
   5170 3
   5171 3
   5172 3
   5173 3
   5174 3
   5175 3
   5176 3
   5177 3
   5178 3
   5179 3
   5180 3
   5181 3
   5182 3
   5183 3
   5184 3
   5185 3
   5186 3
   5187 3
   5188 3
   5189 3
   5190 3
   5191 3
   5192 3
   5193 3
   5194 3
   5195 3
   5196 3
   5197 3
   5198 3
   5199 3
   5200 3
   5201 3
   5202 3
   5203 3
   5204 3
   5205 3
   5206 3
   5207 3
   5208 3
   5209 3
   5210 3
   5211 3
   5212 3
   5213 3
   5214 3
   5215 3
   5216 3
   5217 3
   5218 3
   5219 3
   5220 3
   5221 3
   5222 3
   5223 3
   5224 3
   5225 3
   5226 3
   5227 3
   5228 3
   5229 3
   5230 3
   5231 3
   5232 3
   5233 3
   5234 3
   5235 3
   5236 3
   5237 3
   5238 3
   5239 3
   5240 3
   5241 3
   5242 3
   5243 3
   5244 3
   5245 3
   5246 3
   5247 3
   5248 3
   5249 3
   5250 3
   5251 3
   5252 3
   5253 3
   5254 3
   5255 3
   5256 3
   5257 3
   5258 3
   5259 3
   5260 3
   5261 3
   5262 3
   5263 3
   5264 3
   5265 3
   5266 3
   5267 3
   5268 3
   5269 3
   5270 3
   5271 3
   5272 3
   5273 3
   5274 3
   5275 3
   5276 3
   5277 3
   5278 3
   5279 3
   5280 3
   5281 3
   5282 3
   5283 3
   5284 3
   5285 3
   5286 3
   5287 3
   5288 3
   5289 3
   5290 3
   5291 3
   5292 3
   5293 3
   5294 3
   5295 3
   5296 3
   5297 3
   5298 3
   5299 3
   5300 3
   5301 3
   5302 3
   5303 3
   5304 3
   5305 3
   5306 3
   5307 3
   5308 3
   5309 3
   5310 3
   5311 3
   5312 3
   5313 3
   5314 3
   5315 3
   5316 3
   5317 3
   5318 3
   5319 3
   5320 3
   5321 3
   5322 3
   5323 3
   5324 3
   5325 3
   5326 3
   5327 3
   5328 3
   5329 3
   5330 3
   5331 3
   5332 3
   5333 3
   5334 3
   5335 3
   5336 3
   5337 3
   5338 3
   5339 3
   5340 3
   5341 3
   5342 3
   5343 3
   5344 3
   5345 3
   5346 3
   5347 3
   5348 3
   5349 3
   5350 3
   5351 3
   5352 3
   5353 3
   5354 3
   5355 3
   5356 3
   5357 3
   5358 3
   5359 3
   5360 3
   5361 3
   5362 3
   5363 3
   5364 3
   5365 3
   5366 3
   5367 3
   5368 3
   5369 3
   5370 3
   5371 3
   5372 3
   5373 3
   5374 3
   5375 3
   5376 3
   5377 3
   5378 3
   5379 3
   5380 3
   5381 3
   5382 3
   5383 3
   5384 3
   5385 3
   5386 3
   5387 3
   5388 3
   5389 3
   5390 3
   5391 3
   5392 3
   5393 3
   5394 3
   5395 3
   5396 3
   5397 3
   5398 3
   5399 3
   5400 3
   5401 3
   5402 3
   5403 3
   5404 3
   5405 3
   5406 3
   5407 3
   5408 3
   5409 3
   5410 3
   5411 3
   5412 3
   5413 3
   5414 3
   5415 3
   5416 3
   5417 3
   5418 3
   5419 3
   5420 3
   5421 3
   5422 3
   5423 3
   5424 3
   5425 3
   5426 3
   5427 3
   5428 3
   5429 3
   5430 3
   5431 3
   5432 3
   5433 3
   5434 3
   5435 3
   5436 3
   5437 3
   5438 3
   5439 3
   5440 3
   5441 3
   5442 3
   5443 3
   5444 3
   5445 3
   5446 3
   5447 3
   5448 3
   5449 3
   5450 3
   5451 3
   5452 3
   5453 3
   5454 3
   5455 3
   5456 3
   5457 3
   5458 3
   5459 3
   5460 3
   5461 3
   5462 3
   5463 3
   5464 3
   5465 3
   5466 3
   5467 3
   5468 3
   5469 3
   5470 3
   5471 3
   5472 3
   5473 3
   5474 3
   5475 3
   5476 3
   5477 3
   5478 3
   5479 3
   5480 3
   5481 3
   5482 3
   5483 3
   5484 3
   5485 3
   5486 3
   5487 3
   5488 3
   5489 3
   5490 3
   5491 3
   5492 3
   5493 3
   5494 3
   5495 3
   5496 3
   5497 3
   5498 3
   5499 3
   5500 3
   5501 3
   5502 3
   5503 3
   5504 3
   5505 3
   5506 3
   5507 3
   5508 3
   5509 3
   5510 3
   5511 3
   5512 3
   5513 3
   5514 3
   5515 3
   5516 3
   5517 3
   5518 3
   5519 3
   5520 3
   5521 3
   5522 3
   5523 3
   5524 3
   5525 3
   5526 3
   5527 3
   5528 3
   5529 3
   5530 3
   5531 3
   5532 3
   5533 3
   5534 3
   5535 3
   5536 3
   5537 3
   5538 3
   5539 3
   5540 3
   5541 3
   5542 3
   5543 3
   5544 3
   5545 3
   5546 3
   5547 3
   5548 3
   5549 3
   5550 3
   5551 3
   5552 3
   5553 3
   5554 3
   5555 3
   5556 3
   5557 3
   5558 3
   5559 3
   5560 3
   5561 3
   5562 3
   5563 3
   5564 3
   5565 3
   5566 3
   5567 3
   5568 3
   5569 3
   5570 3
   5571 3
   5572 3
   5573 3
   5574 3
   5575 3
   5576 3
   5577 3
   5578 3
   5579 3
   5580 3
   5581 3
   5582 3
   5583 3
   5584 3
   5585 3
   5586 3
   5587 3
   5588 3
   5589 3
   5590 3
   5591 3
   5592 3
   5593 3
   5594 3
   5595 3
   5596 3
   5597 3
   5598 3
   5599 3
   5600 3
   5601 3
   5602 3
   5603 3
   5604 3
   5605 3
   5606 3
   5607 3
   5608 3
   5609 3
   5610 3
   5611 3
   5612 3
   5613 3
   5614 3
   5615 3
   5616 3
   5617 3
   5618 3
   5619 3
   5620 3
   5621 3
   5622 3
   5623 3
   5624 3
   5625 3
   5626 3
   5627 3
   5628 3
   5629 3
   5630 3
   5631 3
   5632 3
   5633 3
   5634 3
   5635 3
   5636 3
   5637 3
   5638 3
   5639 3
   5640 3
   5641 3
   5642 3
   5643 3
   5644 3
   5645 3
   5646 3
   5647 3
   5648 3
   5649 3
   5650 3
   5651 3
   5652 3
   5653 3
   5654 3
   5655 3
   5656 3
   5657 3
   5658 3
   5659 3
   5660 3
   5661 3
   5662 3
   5663 3
   5664 3
   5665 3
   5666 3
   5667 3
   5668 3
   5669 3
   5670 3
   5671 3
   5672 3
   5673 3
   5674 3
   5675 3
   5676 3
   5677 3
   5678 3
   5679 3
   5680 3
   5681 3
   5682 3
   5683 3
   5684 3
   5685 3
   5686 3
   5687 3
   5688 3
   5689 3
   5690 3
   5691 3
   5692 3
   5693 3
   5694 3
   5695 3
   5696 3
   5697 3
   5698 3
   5699 3
   5700 3
   5701 3
   5702 3
   5703 3
   5704 3
   5705 3
   5706 3
   5707 3
   5708 3
   5709 3
   5710 3
   5711 3
   5712 3
   5713 3
   5714 3
   5715 3
   5716 3
   5717 3
   5718 3
   5719 3
   5720 3
   5721 3
   5722 3
   5723 3
   5724 3
   5725 3
   5726 3
   5727 3
   5728 3
   5729 3
   5730 3
   5731 3
   5732 3
   5733 3
   5734 3
   5735 3
   5736 3
   5737 3
   5738 3
   5739 3
   5740 3
   5741 3
   5742 3
   5743 3
   5744 3
   5745 3
   5746 3
   5747 3
   5748 3
   5749 3
   5750 3
   5751 3
   5752 3
   5753 3
   5754 3
   5755 3
   5756 3
   5757 3
   5758 3
   5759 3
   5760 3
   5761 3
   5762 3
   5763 3
   5764 3
   5765 3
   5766 3
   5767 3
   5768 3
   5769 3
   5770 3
   5771 3
   5772 3
   5773 3
   5774 3
   5775 3
   5776 3
   5777 3
   5778 3
   5779 3
   5780 3
   5781 3
   5782 3
   5783 3
   5784 3
   5785 3
   5786 3
   5787 3
   5788 3
   5789 3
   5790 3
   5791 3
   5792 3
   5793 3
   5794 3
   5795 3
   5796 3
   5797 3
   5798 3
   5799 3
   5800 3
   5801 3
   5802 3
   5803 3
   5804 3
   5805 3
   5806 3
   5807 3
   5808 3
   5809 3
   5810 3
   5811 3
   5812 3
   5813 3
   5814 3
   5815 3
   5816 3
   5817 3
   5818 3
   5819 3
   5820 3
   5821 3
   5822 3
   5823 3
   5824 3
   5825 3
   5826 3
   5827 3
   5828 3
   5829 3
   5830 3
   5831 3
   5832 3
   5833 3
   5834 3
   5835 3
   5836 3
   5837 3
   5838 3
   5839 3
   5840 3
   5841 3
   5842 3
   5843 3
   5844 3
   5845 3
   5846 3
   5847 3
   5848 3
   5849 3
   5850 3
   5851 3
   5852 3
   5853 3
   5854 3
   5855 3
   5856 3
   5857 3
   5858 3
   5859 3
   5860 3
   5861 3
   5862 3
   5863 3
   5864 3
   5865 3
   5866 3
   5867 3
   5868 3
   5869 3
   5870 3
   5871 3
   5872 3
   5873 3
   5874 3
   5875 3
   5876 3
   5877 3
   5878 3
   5879 3
   5880 3
   5881 3
   5882 3
   5883 3
   5884 3
   5885 3
   5886 3
   5887 3
   5888 3
   5889 3
   5890 3
   5891 3
   5892 3
   5893 3
   5894 3
   5895 3
   5896 3
   5897 3
   5898 3
   5899 3
   5900 3
   5901 3
   5902 3
   5903 3
   5904 3
   5905 3
   5906 3
   5907 3
   5908 3
   5909 3
   5910 3
   5911 3
   5912 3
   5913 3
   5914 3
   5915 3
   5916 3
   5917 3
   5918 3
   5919 3
   5920 3
   5921 3
   5922 3
   5923 3
   5924 3
   5925 3
   5926 3
   5927 3
   5928 3
   5929 3
   5930 3
   5931 3
   5932 3
   5933 3
   5934 3
   5935 3
   5936 3
   5937 3
   5938 3
   5939 3
   5940 3
   5941 3
   5942 3
   5943 3
   5944 3
   5945 3
   5946 3
   5947 3
   5948 3
   5949 3
   5950 3
   5951 3
   5952 3
   5953 3
   5954 3
   5955 3
   5956 3
   5957 3
   5958 3
   5959 3
   5960 3
   5961 3
   5962 3
   5963 3
   5964 3
   5965 3
   5966 3
   5967 3
   5968 3
   5969 3
   5970 3
   5971 3
   5972 3
   5973 3
   5974 3
   5975 3
   5976 3
   5977 3
   5978 3
   5979 3
   5980 3
   5981 3
   5982 3
   5983 3
   5984 3
   5985 3
   5986 3
   5987 3
   5988 3
   5989 3
   5990 3
   5991 3
   5992 3
   5993 3
   5994 3
   5995 3
   5996 3
   5997 3
   5998 3
   5999 3
   6000 3
   6001 3
   6002 3
   6003 3
   6004 3
   6005 3
   6006 3
   6007 3
   6008 3
   6009 3
   6010 3
   6011 3
   6012 3
   6013 3
   6014 3
   6015 3
   6016 3
   6017 3
   6018 3
   6019 3
   6020 3
   6021 3
   6022 3
   6023 3
   6024 3
   6025 3
   6026 3
   6027 3
   6028 3
   6029 3
   6030 3
   6031 3
   6032 3
   6033 3
   6034 3
   6035 3
   6036 3
   6037 3
   6038 3
   6039 3
   6040 3
   6041 3
   6042 3
   6043 3
   6044 3
   6045 3
   6046 3
   6047 3
   6048 3
   6049 3
   6050 3
   6051 3
   6052 3
   6053 3
   6054 3
   6055 3
   6056 3
   6057 3
   6058 3
   6059 3
   6060 3
   6061 3
   6062 3
   6063 3
   6064 3
   6065 3
   6066 3
   6067 3
   6068 3
   6069 3
   6070 3
   6071 3
   6072 3
   6073 3
   6074 3
   6075 3
   6076 3
   6077 3
   6078 3
   6079 3
   6080 3
   6081 3
   6082 3
   6083 3
   6084 3
   6085 3
   6086 3
   6087 3
   6088 3
   6089 3
   6090 3
   6091 3
   6092 3
   6093 3
   6094 3
   6095 3
   6096 3
   6097 3
   6098 3
   6099 3
   6100 3
   6101 3
   6102 3
   6103 3
   6104 3
   6105 3
   6106 3
   6107 3
   6108 3
   6109 3
   6110 3
   6111 3
   6112 3
   6113 3
   6114 3
   6115 3
   6116 3
   6117 3
   6118 3
   6119 3
   6120 3
   6121 3
   6122 3
   6123 3
   6124 3
   6125 3
   6126 3
   6127 3
   6128 3
   6129 3
   6130 3
   6131 3
   6132 3
   6133 3
   6134 3
   6135 3
   6136 3
   6137 3
   6138 3
   6139 3
   6140 3
   6141 3
   6142 3
   6143 3
   6144 3
   6145 3
   6146 3
   6147 3
   6148 3
   6149 3
   6150 3
   6151 3
   6152 3
   6153 3
   6154 3
   6155 3
   6156 3
   6157 3
   6158 3
   6159 3
   6160 3
   6161 3
   6162 3
   6163 3
   6164 3
   6165 3
   6166 3
   6167 3
   6168 3
   6169 3
   6170 3
   6171 3
   6172 3
   6173 3
   6174 3
   6175 3
   6176 3
   6177 3
   6178 3
   6179 3
   6180 3
   6181 3
   6182 3
   6183 3
   6184 3
   6185 3
   6186 3
   6187 3
   6188 3
   6189 3
   6190 3
   6191 3
   6192 3
   6193 3
   6194 3
   6195 3
   6196 3
   6197 3
   6198 3
   6199 3
   6200 3
   6201 3
   6202 3
   6203 3
   6204 3
   6205 3
   6206 3
   6207 3
   6208 3
   6209 3
   6210 3
   6211 3
   6212 3
   6213 3
   6214 3
   6215 3
   6216 3
   6217 3
   6218 3
   6219 3
   6220 3
   6221 3
   6222 3
   6223 3
   6224 3
   6225 3
   6226 3
   6227 3
   6228 3
   6229 3
   6230 3
   6231 3
   6232 3
   6233 3
   6234 3
   6235 3
   6236 3
   6237 3
   6238 3
   6239 3
   6240 3
   6241 3
   6242 3
   6243 3
   6244 3
   6245 3
   6246 3
   6247 3
   6248 3
   6249 3
   6250 3
   6251 3
   6252 3
   6253 3
   6254 3
   6255 3
   6256 3
   6257 3
   6258 3
   6259 3
   6260 3
   6261 3
   6262 3
   6263 3
   6264 3
   6265 3
   6266 3
   6267 3
   6268 3
   6269 3
   6270 3
   6271 3
   6272 3
   6273 3
   6274 3
   6275 3
   6276 3
   6277 3
   6278 3
   6279 3
   6280 3
   6281 3
   6282 3
   6283 3
   6284 3
   6285 3
   6286 3
   6287 3
   6288 3
   6289 3
   6290 3
   6291 3
   6292 3
   6293 3
   6294 3
   6295 3
   6296 3
   6297 3
   6298 3
   6299 3
   6300 3
   6301 3
   6302 3
   6303 3
   6304 3
   6305 3
   6306 3
   6307 3
   6308 3
   6309 3
   6310 3
   6311 3
   6312 3
   6313 3
   6314 3
   6315 3
   6316 3
   6317 3
   6318 3
   6319 3
   6320 3
   6321 3
   6322 3
   6323 3
   6324 3
   6325 3
   6326 3
   6327 3
   6328 3
   6329 3
   6330 3
   6331 3
   6332 3
   6333 3
   6334 3
   6335 3
   6336 3
   6337 3
   6338 3
   6339 3
   6340 3
   6341 3
   6342 3
   6343 3
   6344 3
   6345 3
   6346 3
   6347 3
   6348 3
   6349 3
   6350 3
   6351 3
   6352 3
   6353 3
   6354 3
   6355 3
   6356 3
   6357 3
   6358 3
   6359 3
   6360 3
   6361 3
   6362 3
   6363 3
   6364 3
   6365 3
   6366 3
   6367 3
   6368 3
   6369 3
   6370 3
   6371 3
   6372 3
   6373 3
   6374 3
   6375 3
   6376 3
   6377 3
   6378 3
   6379 3
   6380 3
   6381 3
   6382 3
   6383 3
   6384 3
   6385 3
   6386 3
   6387 3
   6388 3
   6389 3
   6390 3
   6391 3
   6392 3
   6393 3
   6394 3
   6395 3
   6396 3
   6397 3
   6398 3
   6399 3
   6400 3
   6401 3
   6402 3
   6403 3
   6404 3
   6405 3
   6406 3
   6407 3
   6408 3
   6409 3
   6410 3
   6411 3
   6412 3
   6413 3
   6414 3
   6415 3
   6416 3
   6417 3
   6418 3
   6419 3
   6420 3
   6421 3
   6422 3
   6423 3
   6424 3
   6425 3
   6426 3
   6427 3
   6428 3
   6429 3
   6430 3
   6431 3
   6432 3
   6433 3
   6434 3
   6435 3
   6436 3
   6437 3
   6438 3
   6439 3
   6440 3
   6441 3
   6442 3
   6443 3
   6444 3
   6445 3
   6446 3
   6447 3
   6448 3
   6449 3
   6450 3
   6451 3
   6452 3
   6453 3
   6454 3
   6455 3
   6456 3
   6457 3
   6458 3
   6459 3
   6460 3
   6461 3
   6462 3
   6463 3
   6464 3
   6465 3
   6466 3
   6467 3
   6468 3
   6469 3
   6470 3
   6471 3
   6472 3
   6473 3
   6474 3
   6475 3
   6476 3
   6477 3
   6478 3
   6479 3
   6480 3
   6481 3
   6482 3
   6483 3
   6484 3
   6485 3
   6486 3
   6487 3
   6488 3
   6489 3
   6490 3
   6491 3
   6492 3
   6493 3
   6494 3
   6495 3
   6496 3
   6497 3
   6498 3
   6499 3
   6500 3
   6501 3
   6502 3
   6503 3
   6504 3
   6505 3
   6506 3
   6507 3
   6508 3
   6509 3
   6510 3
   6511 3
   6512 3
   6513 3
   6514 3
   6515 3
   6516 3
   6517 3
   6518 3
   6519 3
   6520 3
   6521 3
   6522 3
   6523 3
   6524 3
   6525 3
   6526 3
   6527 3
   6528 3
   6529 3
   6530 3
   6531 3
   6532 3
   6533 3
   6534 3
   6535 3
   6536 3
   6537 3
   6538 3
   6539 3
   6540 3
   6541 3
   6542 3
   6543 3
   6544 3
   6545 3
   6546 3
   6547 3
   6548 3
   6549 3
   6550 3
   6551 3
   6552 3
   6553 3
   6554 3
   6555 3
   6556 3
   6557 3
   6558 3
   6559 3
   6560 3
   6561 3
   6562 3
   6563 3
   6564 3
   6565 3
   6566 3
   6567 3
   6568 3
   6569 3
   6570 3
   6571 3
   6572 3
   6573 3
   6574 3
   6575 3
   6576 3
   6577 3
   6578 3
   6579 3
   6580 3
   6581 3
   6582 3
   6583 3
   6584 3
   6585 3
   6586 3
   6587 3
   6588 3
   6589 3
   6590 3
   6591 3
   6592 3
   6593 3
   6594 3
   6595 3
   6596 3
   6597 3
   6598 3
   6599 3
   6600 3
   6601 3
   6602 3
   6603 3
   6604 3
   6605 3
   6606 3
   6607 3
   6608 3
   6609 3
   6610 3
   6611 3
   6612 3
   6613 3
   6614 3
   6615 3
   6616 3
   6617 3
   6618 3
   6619 3
   6620 3
   6621 3
   6622 3
   6623 3
   6624 3
   6625 3
   6626 3
   6627 3
   6628 3
   6629 3
   6630 3
   6631 3
   6632 3
   6633 3
   6634 3
   6635 3
   6636 3
   6637 3
   6638 3
   6639 3
   6640 3
   6641 3
   6642 3
   6643 3
   6644 3
   6645 3
   6646 3
   6647 3
   6648 3
   6649 3
   6650 3
   6651 3
   6652 3
   6653 3
   6654 3
   6655 3
   6656 3
   6657 3
   6658 3
   6659 3
   6660 3
   6661 3
   6662 3
   6663 3
   6664 3
   6665 3
   6666 3
   6667 3
   6668 3
   6669 3
   6670 3
   6671 3
   6672 3
   6673 3
   6674 3
   6675 3
   6676 3
   6677 3
   6678 3
   6679 3
   6680 3
   6681 3
   6682 3
   6683 3
   6684 3
   6685 3
   6686 3
   6687 3
   6688 3
   6689 3
   6690 3
   6691 3
   6692 3
   6693 3
   6694 3
   6695 3
   6696 3
   6697 3
   6698 3
   6699 3
   6700 3
   6701 3
   6702 3
   6703 3
   6704 3
   6705 3
   6706 3
   6707 3
   6708 3
   6709 3
   6710 3
   6711 3
   6712 3
   6713 3
   6714 3
   6715 3
   6716 3
   6717 3
   6718 3
   6719 3
   6720 3
   6721 3
   6722 3
   6723 3
   6724 3
   6725 3
   6726 3
   6727 3
   6728 3
   6729 3
   6730 3
   6731 3
   6732 3
   6733 3
   6734 3
   6735 3
   6736 3
   6737 3
   6738 3
   6739 3
   6740 3
   6741 3
   6742 3
   6743 3
   6744 3
   6745 3
   6746 3
   6747 3
   6748 3
   6749 3
   6750 3
   6751 3
   6752 3
   6753 3
   6754 3
   6755 3
   6756 3
   6757 3
   6758 3
   6759 3
   6760 3
   6761 3
   6762 3
   6763 3
   6764 3
   6765 3
   6766 3
   6767 3
   6768 3
   6769 3
   6770 3
   6771 3
   6772 3
   6773 3
   6774 3
   6775 3
   6776 3
   6777 3
   6778 3
   6779 3
   6780 3
   6781 3
   6782 3
   6783 3
   6784 3
   6785 3
   6786 3
   6787 3
   6788 3
   6789 3
   6790 3
   6791 3
   6792 3
   6793 3
   6794 3
   6795 3
   6796 3
   6797 3
   6798 3
   6799 3
   6800 3
   6801 3
   6802 3
   6803 3
   6804 3
   6805 3
   6806 3
   6807 3
   6808 3
   6809 3
   6810 3
   6811 3
   6812 3
   6813 3
   6814 3
   6815 3
   6816 3
   6817 3
   6818 3
   6819 3
   6820 3
   6821 3
   6822 3
   6823 3
   6824 3
   6825 3
   6826 3
   6827 3
   6828 3
   6829 3
   6830 3
   6831 3
   6832 3
   6833 3
   6834 3
   6835 3
   6836 3
   6837 3
   6838 3
   6839 3
   6840 3
   6841 3
   6842 3
   6843 3
   6844 3
   6845 3
   6846 3
   6847 3
   6848 3
   6849 3
   6850 3
   6851 3
   6852 3
   6853 3
   6854 3
   6855 3
   6856 3
   6857 3
   6858 3
   6859 3
   6860 3
   6861 3
   6862 3
   6863 3
   6864 3
   6865 3
   6866 3
   6867 3
   6868 3
   6869 3
   6870 3
   6871 3
   6872 3
   6873 3
   6874 3
   6875 3
   6876 3
   6877 3
   6878 3
   6879 3
   6880 3
   6881 3
   6882 3
   6883 3
   6884 3
   6885 3
   6886 3
   6887 3
   6888 3
   6889 3
   6890 3
   6891 3
   6892 3
   6893 3
   6894 3
   6895 3
   6896 3
   6897 3
   6898 3
   6899 3
   6900 3
   6901 3
   6902 3
   6903 3
   6904 3
   6905 3
   6906 3
   6907 3
   6908 3
   6909 3
   6910 3
   6911 3
   6912 3
   6913 3
   6914 3
   6915 3
   6916 3
   6917 3
   6918 3
   6919 3
   6920 3
   6921 3
   6922 3
   6923 3
   6924 3
   6925 3
   6926 3
   6927 3
   6928 3
   6929 3
   6930 3
   6931 3
   6932 3
   6933 3
   6934 3
   6935 3
   6936 3
   6937 3
   6938 3
   6939 3
   6940 3
   6941 3
   6942 3
   6943 3
   6944 3
   6945 3
   6946 3
   6947 3
   6948 3
   6949 3
   6950 3
   6951 3
   6952 3
   6953 3
   6954 3
   6955 3
   6956 3
   6957 3
   6958 3
   6959 3
   6960 3
   6961 3
   6962 3
   6963 3
   6964 3
   6965 3
   6966 3
   6967 3
   6968 3
   6969 3
   6970 3
   6971 3
   6972 3
   6973 3
   6974 3
   6975 3
   6976 3
   6977 3
   6978 3
   6979 3
   6980 3
   6981 3
   6982 3
   6983 3
   6984 3
   6985 3
   6986 3
   6987 3
   6988 3
   6989 3
   6990 3
   6991 3
   6992 3
   6993 3
   6994 3
   6995 3
   6996 3
   6997 3
   6998 3
   6999 3
   7000 3
   7001 3
   7002 3
   7003 3
   7004 3
   7005 3
   7006 3
   7007 3
   7008 3
   7009 3
   7010 3
   7011 3
   7012 3
   7013 3
   7014 3
   7015 3
   7016 3
   7017 3
   7018 3
   7019 3
   7020 3
   7021 3
   7022 3
   7023 3
   7024 3
   7025 3
   7026 3
   7027 3
   7028 3
   7029 3
   7030 3
   7031 3
   7032 3
   7033 3
   7034 3
   7035 3
   7036 3
   7037 3
   7038 3
   7039 3
   7040 3
   7041 3
   7042 3
   7043 3
   7044 3
   7045 3
   7046 3
   7047 3
   7048 3
   7049 3
   7050 3
   7051 3
   7052 3
   7053 3
   7054 3
   7055 3
   7056 3
   7057 3
   7058 3
   7059 3
   7060 3
   7061 3
   7062 3
   7063 3
   7064 3
   7065 3
   7066 3
   7067 3
   7068 3
   7069 3
   7070 3
   7071 3
   7072 3
   7073 3
   7074 3
   7075 3
   7076 3
   7077 3
   7078 3
   7079 3
   7080 3
   7081 3
   7082 3
   7083 3
   7084 3
   7085 3
   7086 3
   7087 3
   7088 3
   7089 3
   7090 3
   7091 3
   7092 3
   7093 3
   7094 3
   7095 3
   7096 3
   7097 3
   7098 3
   7099 3
   7100 3
   7101 3
   7102 3
   7103 3
   7104 3
   7105 3
   7106 3
   7107 3
   7108 3
   7109 3
   7110 3
   7111 3
   7112 3
   7113 3
   7114 3
   7115 3
   7116 3
   7117 3
   7118 3
   7119 3
   7120 3
   7121 3
   7122 3
   7123 3
   7124 3
   7125 3
   7126 3
   7127 3
   7128 3
   7129 3
   7130 3
   7131 3
   7132 3
   7133 3
   7134 3
   7135 3
   7136 3
   7137 3
   7138 3
   7139 3
   7140 3
   7141 3
   7142 3
   7143 3
   7144 3
   7145 3
   7146 3
   7147 3
   7148 3
   7149 3
   7150 3
   7151 3
   7152 3
   7153 3
   7154 3
   7155 3
   7156 3
   7157 3
   7158 3
   7159 3
   7160 3
   7161 3
   7162 3
   7163 3
   7164 3
   7165 3
   7166 3
   7167 3
   7168 3
   7169 3
   7170 3
   7171 3
   7172 3
   7173 3
   7174 3
   7175 3
   7176 3
   7177 3
   7178 3
   7179 3
   7180 3
   7181 3
   7182 3
   7183 3
   7184 3
   7185 3
   7186 3
   7187 3
   7188 3
   7189 3
   7190 3
   7191 3
   7192 3
   7193 3
   7194 3
   7195 3
   7196 3
   7197 3
   7198 3
   7199 3
   7200 3
   7201 3
   7202 3
   7203 3
   7204 3
   7205 3
   7206 3
   7207 3
   7208 3
   7209 3
   7210 3
   7211 3
   7212 3
   7213 3
   7214 3
   7215 3
   7216 3
   7217 3
   7218 3
   7219 3
   7220 3
   7221 3
   7222 3
   7223 3
   7224 3
   7225 3
   7226 3
   7227 3
   7228 3
   7229 3
   7230 3
   7231 3
   7232 3
   7233 3
   7234 3
   7235 3
   7236 3
   7237 3
   7238 3
   7239 3
   7240 3
   7241 3
   7242 3
   7243 3
   7244 3
   7245 3
   7246 3
   7247 3
   7248 3
   7249 3
   7250 3
   7251 3
   7252 3
   7253 3
   7254 3
   7255 3
   7256 3
   7257 3
   7258 3
   7259 3
   7260 3
   7261 3
   7262 3
   7263 3
   7264 3
   7265 3
   7266 3
   7267 3
   7268 3
   7269 3
   7270 3
   7271 3
   7272 3
   7273 3
   7274 3
   7275 3
   7276 3
   7277 3
   7278 3
   7279 3
   7280 3
   7281 3
   7282 3
   7283 3
   7284 3
   7285 3
   7286 3
   7287 3
   7288 3
   7289 3
   7290 3
   7291 3
   7292 3
   7293 3
   7294 3
   7295 3
   7296 3
   7297 3
   7298 3
   7299 3
   7300 3
   7301 3
   7302 3
   7303 3
   7304 3
   7305 3
   7306 3
   7307 3
   7308 3
   7309 3
   7310 3
   7311 3
   7312 3
   7313 3
   7314 3
   7315 3
   7316 3
   7317 3
   7318 3
   7319 3
   7320 3
   7321 3
   7322 3
   7323 3
   7324 3
   7325 3
   7326 3
   7327 3
   7328 3
   7329 3
   7330 3
   7331 3
   7332 3
   7333 3
   7334 3
   7335 3
   7336 3
   7337 3
   7338 3
   7339 3
   7340 3
   7341 3
   7342 3
   7343 3
   7344 3
   7345 3
   7346 3
   7347 3
   7348 3
   7349 3
   7350 3
   7351 3
   7352 3
   7353 3
   7354 3
   7355 3
   7356 3
   7357 3
   7358 3
   7359 3
   7360 3
   7361 3
   7362 3
   7363 3
   7364 3
   7365 3
   7366 3
   7367 3
   7368 3
   7369 3
   7370 3
   7371 3
   7372 3
   7373 3
   7374 3
   7375 3
   7376 3
   7377 3
   7378 3
   7379 3
   7380 3
   7381 3
   7382 3
   7383 3
   7384 3
   7385 3
   7386 3
   7387 3
   7388 3
   7389 3
   7390 3
   7391 3
   7392 3
   7393 3
   7394 3
   7395 3
   7396 3
   7397 3
   7398 3
   7399 3
   7400 3
   7401 3
   7402 3
   7403 3
   7404 3
   7405 3
   7406 3
   7407 3
   7408 3
   7409 3
   7410 3
   7411 3
   7412 3
   7413 3
   7414 3
   7415 3
   7416 3
   7417 3
   7418 3
   7419 3
   7420 3
   7421 3
   7422 3
   7423 3
   7424 3
   7425 3
   7426 3
   7427 3
   7428 3
   7429 3
   7430 3
   7431 3
   7432 3
   7433 3
   7434 3
   7435 3
   7436 3
   7437 3
   7438 3
   7439 3
   7440 3
   7441 3
   7442 3
   7443 3
   7444 3
   7445 3
   7446 3
   7447 3
   7448 3
   7449 3
   7450 3
   7451 3
   7452 3
   7453 3
   7454 3
   7455 3
   7456 3
   7457 3
   7458 3
   7459 3
   7460 3
   7461 3
   7462 3
   7463 3
   7464 3
   7465 3
   7466 3
   7467 3
   7468 3
   7469 3
   7470 3
   7471 3
   7472 3
   7473 3
   7474 3
   7475 3
   7476 3
   7477 3
   7478 3
   7479 3
   7480 3
   7481 3
   7482 3
   7483 3
   7484 3
   7485 3
   7486 3
   7487 3
   7488 3
   7489 3
   7490 3
   7491 3
   7492 3
   7493 3
   7494 3
   7495 3
   7496 3
   7497 3
   7498 3
   7499 3
   7500 3
   7501 3
   7502 3
   7503 3
   7504 3
   7505 3
   7506 3
   7507 3
   7508 3
   7509 3
   7510 3
   7511 3
   7512 3
   7513 3
   7514 3
   7515 3
   7516 3
   7517 3
   7518 3
   7519 3
   7520 3
   7521 3
   7522 3
   7523 3
   7524 3
   7525 3
   7526 3
   7527 3
   7528 3
   7529 3
   7530 3
   7531 3
   7532 3
   7533 3
   7534 3
   7535 3
   7536 3
   7537 3
   7538 3
   7539 3
   7540 3
   7541 3
   7542 3
   7543 3
   7544 3
   7545 3
   7546 3
   7547 3
   7548 3
   7549 3
   7550 3
   7551 3
   7552 3
   7553 3
   7554 3
   7555 3
   7556 3
   7557 3
   7558 3
   7559 3
   7560 3
   7561 3
   7562 3
   7563 3
   7564 3
   7565 3
   7566 3
   7567 3
   7568 3
   7569 3
   7570 3
   7571 3
   7572 3
   7573 3
   7574 3
   7575 3
   7576 3
   7577 3
   7578 3
   7579 3
   7580 3
   7581 3
   7582 3
   7583 3
   7584 3
   7585 3
   7586 3
   7587 3
   7588 3
   7589 3
   7590 3
   7591 3
   7592 3
   7593 3
   7594 3
   7595 3
   7596 3
   7597 3
   7598 3
   7599 3
   7600 3
   7601 3
   7602 3
   7603 3
   7604 3
   7605 3
   7606 3
   7607 3
   7608 3
   7609 3
   7610 3
   7611 3
   7612 3
   7613 3
   7614 3
   7615 3
   7616 3
   7617 3
   7618 3
   7619 3
   7620 3
   7621 3
   7622 3
   7623 3
   7624 3
   7625 3
   7626 3
   7627 3
   7628 3
   7629 3
   7630 3
   7631 3
   7632 3
   7633 3
   7634 3
   7635 3
   7636 3
   7637 3
   7638 3
   7639 3
   7640 3
   7641 3
   7642 3
   7643 3
   7644 3
   7645 3
   7646 3
   7647 3
   7648 3
   7649 3
   7650 3
   7651 3
   7652 3
   7653 3
   7654 3
   7655 3
   7656 3
   7657 3
   7658 3
   7659 3
   7660 3
   7661 3
   7662 3
   7663 3
   7664 3
   7665 3
   7666 3
   7667 3
   7668 3
   7669 3
   7670 3
   7671 3
   7672 3
   7673 3
   7674 3
   7675 3
   7676 3
   7677 3
   7678 3
   7679 3
   7680 3
   7681 3
   7682 3
   7683 3
   7684 3
   7685 3
   7686 3
   7687 3
   7688 3
   7689 3
   7690 3
   7691 3
   7692 3
   7693 3
   7694 3
   7695 3
   7696 3
   7697 3
   7698 3
   7699 3
   7700 3
   7701 3
   7702 3
   7703 3
   7704 3
   7705 3
   7706 3
   7707 3
   7708 3
   7709 3
   7710 3
   7711 3
   7712 3
   7713 3
   7714 3
   7715 3
   7716 3
   7717 3
   7718 3
   7719 3
   7720 3
   7721 3
   7722 3
   7723 3
   7724 3
   7725 3
   7726 3
   7727 3
   7728 3
   7729 3
   7730 3
   7731 3
   7732 3
   7733 3
   7734 3
   7735 3
   7736 3
   7737 3
   7738 3
   7739 3
   7740 3
   7741 3
   7742 3
   7743 3
   7744 3
   7745 3
   7746 3
   7747 3
   7748 3
   7749 3
   7750 3
   7751 3
   7752 3
   7753 3
   7754 3
   7755 3
   7756 3
   7757 3
   7758 3
   7759 3
   7760 3
   7761 3
   7762 3
   7763 3
   7764 3
   7765 3
   7766 3
   7767 3
   7768 3
   7769 3
   7770 3
   7771 3
   7772 3
   7773 3
   7774 3
   7775 3
   7776 3
   7777 3
   7778 3
   7779 3
   7780 3
   7781 3
   7782 3
   7783 3
   7784 3
   7785 3
   7786 3
   7787 3
   7788 3
   7789 3
   7790 3
   7791 3
   7792 3
   7793 3
   7794 3
   7795 3
   7796 3
   7797 3
   7798 3
   7799 3
   7800 3
   7801 3
   7802 3
   7803 3
   7804 3
   7805 3
   7806 3
   7807 3
   7808 3
   7809 3
   7810 3
   7811 3
   7812 3
   7813 3
   7814 3
   7815 3
   7816 3
   7817 3
   7818 3
   7819 3
   7820 3
   7821 3
   7822 3
   7823 3
   7824 3
   7825 3
   7826 3
   7827 3
   7828 3
   7829 3
   7830 3
   7831 3
   7832 3
   7833 3
   7834 3
   7835 3
   7836 3
   7837 3
   7838 3
   7839 3
   7840 3
   7841 3
   7842 3
   7843 3
   7844 3
   7845 3
   7846 3
   7847 3
   7848 3
   7849 3
   7850 3
   7851 3
   7852 3
   7853 3
   7854 3
   7855 3
   7856 3
   7857 3
   7858 3
   7859 3
   7860 3
   7861 3
   7862 3
   7863 3
   7864 3
   7865 3
   7866 3
   7867 3
   7868 3
   7869 3
   7870 3
   7871 3
   7872 3
   7873 3
   7874 3
   7875 3
   7876 3
   7877 3
   7878 3
   7879 3
   7880 3
   7881 3
   7882 3
   7883 3
   7884 3
   7885 3
   7886 3
   7887 3
   7888 3
   7889 3
   7890 3
   7891 3
   7892 3
   7893 3
   7894 3
   7895 3
   7896 3
   7897 3
   7898 3
   7899 3
   7900 3
   7901 3
   7902 3
   7903 3
   7904 3
   7905 3
   7906 3
   7907 3
   7908 3
   7909 3
   7910 3
   7911 3
   7912 3
   7913 3
   7914 3
   7915 3
   7916 3
   7917 3
   7918 3
   7919 3
   7920 3
   7921 3
   7922 3
   7923 3
   7924 3
   7925 3
   7926 3
   7927 3
   7928 3
   7929 3
   7930 3
   7931 3
   7932 3
   7933 3
   7934 3
   7935 3
   7936 3
   7937 3
   7938 3
   7939 3
   7940 3
   7941 3
   7942 3
   7943 3
   7944 3
   7945 3
   7946 3
   7947 3
   7948 3
   7949 3
   7950 3
   7951 3
   7952 3
   7953 3
   7954 3
   7955 3
   7956 3
   7957 3
   7958 3
   7959 3
   7960 3
   7961 3
   7962 3
   7963 3
   7964 3
   7965 3
   7966 3
   7967 3
   7968 3
   7969 3
   7970 3
   7971 3
   7972 3
   7973 3
   7974 3
   7975 3
   7976 3
   7977 3
   7978 3
   7979 3
   7980 3
   7981 3
   7982 3
   7983 3
   7984 3
   7985 3
   7986 3
   7987 3
   7988 3
   7989 3
   7990 3
   7991 3
   7992 3
   7993 3
   7994 3
   7995 3
   7996 3
   7997 3
   7998 3
   7999 3
   8000 3
   8001 3
   8002 3
   8003 3
   8004 3
   8005 3
   8006 3
   8007 3
   8008 3
   8009 3
   8010 3
   8011 3
   8012 3
   8013 3
   8014 3
   8015 3
   8016 3
   8017 3
   8018 3
   8019 3
   8020 3
   8021 3
   8022 3
   8023 3
   8024 3
   8025 3
   8026 3
   8027 3
   8028 3
   8029 3
   8030 3
   8031 3
   8032 3
   8033 3
   8034 3
   8035 3
   8036 3
   8037 3
   8038 3
   8039 3
   8040 3
   8041 3
   8042 3
   8043 3
   8044 3
   8045 3
   8046 3
   8047 3
   8048 3
   8049 3
   8050 3
   8051 3
   8052 3
   8053 3
   8054 3
   8055 3
   8056 3
   8057 3
   8058 3
   8059 3
   8060 3
   8061 3
   8062 3
   8063 3
   8064 3
   8065 3
   8066 3
   8067 3
   8068 3
   8069 3
   8070 3
   8071 3
   8072 3
   8073 3
   8074 3
   8075 3
   8076 3
   8077 3
   8078 3
   8079 3
   8080 3
   8081 3
   8082 3
   8083 3
   8084 3
   8085 3
   8086 3
   8087 3
   8088 3
   8089 3
   8090 3
   8091 3
   8092 3
   8093 3
   8094 3
   8095 3
   8096 3
   8097 3
   8098 3
   8099 3
   8100 3
   8101 3
   8102 3
   8103 3
   8104 3
   8105 3
   8106 3
   8107 3
   8108 3
   8109 3
   8110 3
   8111 3
   8112 3
   8113 3
   8114 3
   8115 3
   8116 3
   8117 3
   8118 3
   8119 3
   8120 3
   8121 3
   8122 3
   8123 3
   8124 3
   8125 3
   8126 3
   8127 3
   8128 3
   8129 3
   8130 3
   8131 3
   8132 3
   8133 3
   8134 3
   8135 3
   8136 3
   8137 3
   8138 3
   8139 3
   8140 3
   8141 3
   8142 3
   8143 3
   8144 3
   8145 3
   8146 3
   8147 3
   8148 3
   8149 3
   8150 3
   8151 3
   8152 3
   8153 3
   8154 3
   8155 3
   8156 3
   8157 3
   8158 3
   8159 3
   8160 3
   8161 3
   8162 3
   8163 3
   8164 3
   8165 3
   8166 3
   8167 3
   8168 3
   8169 3
   8170 3
   8171 3
   8172 3
   8173 3
   8174 3
   8175 3
   8176 3
   8177 3
   8178 3
   8179 3
   8180 3
   8181 3
   8182 3
   8183 3
   8184 3
   8185 3
   8186 3
   8187 3
   8188 3
   8189 3
   8190 3
   8191 3
   8192 3
   8193 3
   8194 3
   8195 3
   8196 3
   8197 3
   8198 3
   8199 3
   8200 3
   8201 3
   8202 3
   8203 3
   8204 3
   8205 3
   8206 3
   8207 3
   8208 3
   8209 3
   8210 3
   8211 3
   8212 3
   8213 3
   8214 3
   8215 3
   8216 3
   8217 3
   8218 3
   8219 3
   8220 3
   8221 3
   8222 3
   8223 3
   8224 3
   8225 3
   8226 3
   8227 3
   8228 3
   8229 3
   8230 3
   8231 3
   8232 3
   8233 3
   8234 3
   8235 3
   8236 3
   8237 3
   8238 3
   8239 3
   8240 3
   8241 3
   8242 3
   8243 3
   8244 3
   8245 3
   8246 3
   8247 3
   8248 3
   8249 3
   8250 3
   8251 3
   8252 3
   8253 3
   8254 3
   8255 3
   8256 3
   8257 3
   8258 3
   8259 3
   8260 3
   8261 3
   8262 3
   8263 3
   8264 3
   8265 3
   8266 3
   8267 3
   8268 3
   8269 3
   8270 3
   8271 3
   8272 3
   8273 3
   8274 3
   8275 3
   8276 3
   8277 3
   8278 3
   8279 3
   8280 3
   8281 3
   8282 3
   8283 3
   8284 3
   8285 3
   8286 3
   8287 3
   8288 3
   8289 3
   8290 3
   8291 3
   8292 3
   8293 3
   8294 3
   8295 3
   8296 3
   8297 3
   8298 3
   8299 3
   8300 3
   8301 3
   8302 3
   8303 3
   8304 3
   8305 3
   8306 3
   8307 3
   8308 3
   8309 3
   8310 3
   8311 3
   8312 3
   8313 3
   8314 3
   8315 3
   8316 3
   8317 3
   8318 3
   8319 3
   8320 3
   8321 3
   8322 3
   8323 3
   8324 3
   8325 3
   8326 3
   8327 3
   8328 3
   8329 3
   8330 3
   8331 3
   8332 3
   8333 3
   8334 3
   8335 3
   8336 3
   8337 3
   8338 3
   8339 3
   8340 3
   8341 3
   8342 3
   8343 3
   8344 3
   8345 3
   8346 3
   8347 3
   8348 3
   8349 3
   8350 3
   8351 3
   8352 3
   8353 3
   8354 3
   8355 3
   8356 3
   8357 3
   8358 3
   8359 3
   8360 3
   8361 3
   8362 3
   8363 3
   8364 3
   8365 3
   8366 3
   8367 3
   8368 3
   8369 3
   8370 3
   8371 3
   8372 3
   8373 3
   8374 3
   8375 3
   8376 3
   8377 3
   8378 3
   8379 3
   8380 3
   8381 3
   8382 3
   8383 3
   8384 3
   8385 3
   8386 3
   8387 3
   8388 3
   8389 3
   8390 3
   8391 3
   8392 3
   8393 3
   8394 3
   8395 3
   8396 3
   8397 3
   8398 3
   8399 3
   8400 3
   8401 3
   8402 3
   8403 3
   8404 3
   8405 3
   8406 3
   8407 3
   8408 3
   8409 3
   8410 3
   8411 3
   8412 3
   8413 3
   8414 3
   8415 3
   8416 3
   8417 3
   8418 3
   8419 3
   8420 3
   8421 3
   8422 3
   8423 3
   8424 3
   8425 3
   8426 3
   8427 3
   8428 3
   8429 3
   8430 3
   8431 3
   8432 3
   8433 3
   8434 3
   8435 3
   8436 3
   8437 3
   8438 3
   8439 3
   8440 3
   8441 3
   8442 3
   8443 3
   8444 3
   8445 3
   8446 3
   8447 3
   8448 3
   8449 3
   8450 3
   8451 3
   8452 3
   8453 3
   8454 3
   8455 3
   8456 3
   8457 3
   8458 3
   8459 3
   8460 3
   8461 3
   8462 3
   8463 3
   8464 3
   8465 3
   8466 3
   8467 3
   8468 3
   8469 3
   8470 3
   8471 3
   8472 3
   8473 3
   8474 3
   8475 3
   8476 3
   8477 3
   8478 3
   8479 3
   8480 3
   8481 3
   8482 3
   8483 3
   8484 3
   8485 3
   8486 3
   8487 3
   8488 3
   8489 3
   8490 3
   8491 3
   8492 3
   8493 3
   8494 3
   8495 3
   8496 3
   8497 3
   8498 3
   8499 3
   8500 3
   8501 3
   8502 3
   8503 3
   8504 3
   8505 3
   8506 3
   8507 3
   8508 3
   8509 3
   8510 3
   8511 3
   8512 3
   8513 3
   8514 3
   8515 3
   8516 3
   8517 3
   8518 3
   8519 3
   8520 3
   8521 3
   8522 3
   8523 3
   8524 3
   8525 3
   8526 3
   8527 3
   8528 3
   8529 3
   8530 3
   8531 3
   8532 3
   8533 3
   8534 3
   8535 3
   8536 3
   8537 3
   8538 3
   8539 3
   8540 3
   8541 3
   8542 3
   8543 3
   8544 3
   8545 3
   8546 3
   8547 3
   8548 3
   8549 3
   8550 3
   8551 3
   8552 3
   8553 3
   8554 3
   8555 3
   8556 3
   8557 3
   8558 3
   8559 3
   8560 3
   8561 3
   8562 3
   8563 3
   8564 3
   8565 3
   8566 3
   8567 3
   8568 3
   8569 3
   8570 3
   8571 3
   8572 3
   8573 3
   8574 3
   8575 3
   8576 3
   8577 3
   8578 3
   8579 3
   8580 3
   8581 3
   8582 3
   8583 3
   8584 3
   8585 3
   8586 3
   8587 3
   8588 3
   8589 3
   8590 3
   8591 3
   8592 3
   8593 3
   8594 3
   8595 3
   8596 3
   8597 3
   8598 3
   8599 3
   8600 3
   8601 3
   8602 3
   8603 3
   8604 3
   8605 3
   8606 3
   8607 3
   8608 3
   8609 3
   8610 3
   8611 3
   8612 3
   8613 3
   8614 3
   8615 3
   8616 3
   8617 3
   8618 3
   8619 3
   8620 3
   8621 3
   8622 3
   8623 3
   8624 3
   8625 3
   8626 3
   8627 3
   8628 3
   8629 3
   8630 3
   8631 3
   8632 3
   8633 3
   8634 3
   8635 3
   8636 3
   8637 3
   8638 3
   8639 3
   8640 3
   8641 3
   8642 3
   8643 3
   8644 3
   8645 3
   8646 3
   8647 3
   8648 3
   8649 3
   8650 3
   8651 3
   8652 3
   8653 3
   8654 3
   8655 3
   8656 3
   8657 3
   8658 3
   8659 3
   8660 3
   8661 3
   8662 3
   8663 3
   8664 3
   8665 3
   8666 3
   8667 3
   8668 3
   8669 3
   8670 3
   8671 3
   8672 3
   8673 3
   8674 3
   8675 3
   8676 3
   8677 3
   8678 3
   8679 3
   8680 3
   8681 3
   8682 3
   8683 3
   8684 3
   8685 3
   8686 3
   8687 3
   8688 3
   8689 3
   8690 3
   8691 3
   8692 3
   8693 3
   8694 3
   8695 3
   8696 3
   8697 3
   8698 3
   8699 3
   8700 3
   8701 3
   8702 3
   8703 3
   8704 3
   8705 3
   8706 3
   8707 3
   8708 3
   8709 3
   8710 3
   8711 3
   8712 3
   8713 3
   8714 3
   8715 3
   8716 3
   8717 3
   8718 3
   8719 3
   8720 3
   8721 3
   8722 3
   8723 3
   8724 3
   8725 3
   8726 3
   8727 3
   8728 3
   8729 3
   8730 3
   8731 3
   8732 3
   8733 3
   8734 3
   8735 3
   8736 3
   8737 3
   8738 3
   8739 3
   8740 3
   8741 3
   8742 3
   8743 3
   8744 3
   8745 3
   8746 3
   8747 3
   8748 3
   8749 3
   8750 3
   8751 3
   8752 3
   8753 3
   8754 3
   8755 3
   8756 3
   8757 3
  END_NODES_PER_ELEMENT
  ELEMENTS
  1 2504 2432 2431  
  2 2431 2432 2359  
  3 2504 2431 2502  
  4 2359 2432 2360  
  5 2359 2360 2288  
  6 2288 2360 2286  
  7 2288 2286 2225  
  8 2359 2288 2295  
  9 2225 2286 2217  
  10 2225 2217 2147  
  11 2288 2225 2192  
  12 2147 2217 2142  
  13 2147 2142 2074  
  14 2074 2142 2070  
  15 2074 2070 1996  
  16 2147 2074 2082  
  17 1996 2070 1990  
  18 1996 1990 1927  
  19 2074 1996 2009  
  20 1927 1990 1912  
  21 1927 1912 1852  
  22 1996 1927 1937  
  23 1852 1912 1834  
  24 1852 1834 1779  
  25 1927 1852 1867  
  26 1779 1834 1761  
  27 1779 1761 1703  
  28 1852 1779 1795  
  29 1703 1761 1687  
  30 1703 1687 1632  
  31 1779 1703 1725  
  32 1632 1687 1616  
  33 1632 1616 1555  
  34 1703 1632 1653  
  35 1555 1616 1538  
  36 1555 1538 1484  
  37 1632 1555 1579  
  38 1484 1538 1463  
  39 1484 1463 1410  
  40 1555 1484 1510  
  41 1410 1463 1389  
  42 1410 1389 1337  
  43 1484 1410 1438  
  44 1337 1389 1319  
  45 1337 1319 1274  
  46 1410 1337 1370  
  47 1274 1319 1247  
  48 1274 1247 1205  
  49 1337 1274 1300  
  50 1205 1247 1177  
  51 1205 1177 1134  
  52 1274 1205 1232  
  53 1134 1177 1106  
  54 1134 1106 1070  
  55 1205 1134 1168  
  56 1070 1106 1037  
  57 1070 1037 1002  
  58 1134 1070 1101  
  59 1002 1037 975  
  60 1002 975 939  
  61 1070 1002 1035  
  62 939 975 909  
  63 939 909 877  
  64 1002 939 977  
  65 877 909 846  
  66 877 846 815  
  67 939 877 914  
  68 815 846 786  
  69 815 786 758  
  70 877 815 856  
  71 758 786 724  
  72 758 724 702  
  73 815 758 795  
  74 702 724 672  
  75 702 672 650  
  76 758 702 739  
  77 650 672 616  
  78 650 616 596  
  79 702 650 690  
  80 596 616 564  
  81 596 564 546  
  82 650 596 635  
  83 546 564 514  
  84 546 514 501  
  85 596 546 588  
  86 501 514 469  
  87 501 469 460  
  88 546 501 536  
  89 460 469 426  
  90 460 426 416  
  91 501 460 494  
  92 416 426 385  
  93 416 385 376  
  94 460 416 457  
  95 376 385 347  
  96 376 347 344  
  97 416 376 419  
  98 344 347 305  
  99 344 305 306  
  100 376 344 381  
  101 306 305 274  
  102 306 274 275  
  103 344 306 349  
  104 275 274 243  
  105 275 243 247  
  106 306 275 313  
  107 247 243 212  
  108 247 212 223  
  109 275 247 283  
  110 223 212 191  
  111 223 191 200  
  112 247 223 260  
  113 200 191 172  
  114 200 172 181  
  115 223 200 235  
  116 181 172 151  
  117 181 151 164  
  118 200 181 211  
  119 164 151 136  
  120 164 136 149  
  121 181 164 197  
  122 149 136 124  
  123 149 124 137  
  124 164 149 180  
  125 137 124 113  
  126 137 113 126  
  127 149 137 168  
  128 126 113 105  
  129 126 105 120  
  130 137 126 154  
  131 120 105 101  
  132 120 101 115  
  133 126 120 147  
  134 115 101 98  
  135 115 98 112  
  136 120 115 142  
  137 112 98 93  
  138 112 93 110  
  139 115 112 135  
  140 110 93 92  
  141 110 92 111  
  142 112 110 131  
  143 111 92 96  
  144 111 96 114  
  145 110 111 130  
  146 114 96 100  
  147 114 100 117  
  148 111 114 134  
  149 117 100 104  
  150 117 104 125  
  151 114 117 141  
  152 125 104 109  
  153 125 109 133  
  154 117 125 144  
  155 133 109 119  
  156 133 119 145  
  157 125 133 153  
  158 145 119 128  
  159 145 128 160  
  160 133 145 166  
  161 160 128 146  
  162 160 146 175  
  163 145 160 176  
  164 175 146 165  
  165 175 165 196  
  166 160 175 189  
  167 196 165 182  
  168 196 182 213  
  169 175 196 207  
  170 213 182 205  
  171 213 205 241  
  172 196 213 230  
  173 241 205 233  
  174 241 233 271  
  175 213 241 252  
  176 271 233 262  
  177 271 262 297  
  178 241 271 279  
  179 297 262 294  
  180 297 294 332  
  181 271 297 304  
  182 332 294 329  
  183 332 329 368  
  184 297 332 339  
  185 368 329 366  
  186 368 366 406  
  187 332 368 372  
  188 406 366 407  
  189 406 407 442  
  190 368 406 409  
  191 442 407 447  
  192 442 447 489  
  193 406 442 440  
  194 489 447 492  
  195 489 492 534  
  196 442 489 485  
  197 534 492 540  
  198 534 540 585  
  199 489 534 529  
  200 585 540 594  
  201 585 594 634  
  202 534 585 577  
  203 634 594 648  
  204 634 648 693  
  205 585 634 622  
  206 693 648 703  
  207 693 703 745  
  208 634 693 676  
  209 745 703 761  
  210 745 761 802  
  211 693 745 729  
  212 802 761 820  
  213 802 820 865  
  214 745 802 783  
  215 865 820 884  
  216 865 884 922  
  217 802 865 841  
  218 922 884 947  
  219 922 947 986  
  220 865 922 897  
  221 986 947 1016  
  222 986 1016 1051  
  223 922 986 961  
  224 1051 1016 1084  
  225 1051 1084 1119  
  226 986 1051 1021  
  227 1119 1084 1151  
  228 1119 1151 1189  
  229 1051 1119 1088  
  230 1189 1151 1221  
  231 1189 1221 1256  
  232 1119 1189 1152  
  233 1256 1221 1292  
  234 1256 1292 1322  
  235 1189 1256 1217  
  236 1322 1292 1361  
  237 1322 1361 1392  
  238 1256 1322 1288  
  239 1392 1361 1436  
  240 1392 1436 1465  
  241 1322 1392 1352  
  242 1465 1436 1512  
  243 1465 1512 1539  
  244 1392 1465 1422  
  245 1539 1512 1587  
  246 1539 1587 1615  
  247 1465 1539 1491  
  248 1615 1587 1660  
  249 1615 1660 1685  
  250 1539 1615 1559  
  251 1685 1660 1739  
  252 1685 1739 1756  
  253 1615 1685 1634  
  254 1756 1739 1812  
  255 1756 1812 1831  
  256 1685 1756 1704  
  257 1831 1812 1889  
  258 1831 1889 1907  
  259 1756 1831 1777  
  260 1907 1889 1961  
  261 1907 1961 1980  
  262 1831 1907 1850  
  263 1980 1961 2036  
  264 1980 2036 2055  
  265 1907 1980 1918  
  266 2055 2036 2110  
  267 2055 2110 2126  
  268 1980 2055 1991  
  269 2126 2110 2186  
  270 2126 2186 2198  
  271 2055 2126 2063  
  272 2198 2186 2257  
  273 2198 2257 2266  
  274 2126 2198 2132  
  275 2266 2257 2326  
  276 2266 2326 2338  
  277 2198 2266 2202  
  278 2338 2326 2400  
  279 2338 2400 2411  
  280 2266 2338 2268  
  281 2411 2400 2469  
  282 2411 2469 2477  
  283 2338 2411 2339  
  284 2477 2469 2539  
  285 2477 2539 2543  
  286 2411 2477 2407  
  287 2543 2539 2609  
  288 2543 2609 2613  
  289 2477 2543 2471  
  290 2613 2609 2677  
  291 2613 2677 2676  
  292 2543 2613 2537  
  293 2676 2677 2745  
  294 2676 2745 2743  
  295 2613 2676 2602  
  296 2743 2745 2807  
  297 2743 2807 2801  
  298 2676 2743 2667  
  299 2801 2807 2876  
  300 2801 2876 2867  
  301 2743 2801 2730  
  302 2867 2876 2930  
  303 2867 2930 2925  
  304 2801 2867 2793  
  305 2925 2930 2997  
  306 2925 2997 2988  
  307 2867 2925 2848  
  308 2988 2997 3055  
  309 2988 3055 3043  
  310 2925 2988 2911  
  311 3043 3055 3112  
  312 3043 3112 3097  
  313 2988 3043 2970  
  314 3097 3112 3165  
  315 3097 3165 3154  
  316 3043 3097 3027  
  317 3154 3165 3220  
  318 3154 3220 3202  
  319 3097 3154 3079  
  320 3202 3220 3267  
  321 3202 3267 3251  
  322 3154 3202 3128  
  323 3251 3267 3320  
  324 3251 3320 3301  
  325 3202 3251 3177  
  326 3301 3320 3365  
  327 3301 3365 3345  
  328 3251 3301 3230  
  329 3345 3365 3412  
  330 3345 3412 3392  
  331 3301 3345 3274  
  332 3392 3412 3459  
  333 3392 3459 3433  
  334 3345 3392 3317  
  335 3433 3459 3497  
  336 3433 3497 3473  
  337 3392 3433 3357  
  338 3473 3497 3536  
  339 3473 3536 3509  
  340 3433 3473 3402  
  341 3509 3536 3575  
  342 3509 3575 3545  
  343 3473 3509 3440  
  344 3545 3575 3610  
  345 3545 3610 3583  
  346 3509 3545 3478  
  347 3583 3610 3642  
  348 3583 3642 3616  
  349 3545 3583 3515  
  350 3616 3642 3676  
  351 3616 3676 3647  
  352 3583 3616 3546  
  353 3647 3676 3707  
  354 3647 3707 3677  
  355 3616 3647 3580  
  356 3677 3707 3736  
  357 3677 3736 3705  
  358 3647 3677 3612  
  359 3705 3736 3766  
  360 3705 3766 3731  
  361 3677 3705 3640  
  362 3731 3766 3792  
  363 3731 3792 3756  
  364 3705 3731 3668  
  365 3756 3792 3812  
  366 3756 3812 3784  
  367 3731 3756 3695  
  368 3784 3812 3838  
  369 3784 3838 3801  
  370 3756 3784 3717  
  371 3801 3838 3855  
  372 3801 3855 3826  
  373 3784 3801 3743  
  374 3826 3855 3876  
  375 3826 3876 3841  
  376 3801 3826 3763  
  377 3841 3876 3893  
  378 3841 3893 3858  
  379 3826 3841 3788  
  380 3858 3893 3906  
  381 3858 3906 3877  
  382 3841 3858 3800  
  383 3877 3906 3926  
  384 3877 3926 3889  
  385 3858 3877 3821  
  386 3889 3926 3939  
  387 3889 3939 3902  
  388 3877 3889 3837  
  389 3902 3939 3946  
  390 3902 3946 3911  
  391 3889 3902 3849  
  392 3911 3946 3956  
  393 3911 3956 3929  
  394 3902 3911 3859  
  395 3929 3956 3970  
  396 3929 3970 3935  
  397 3911 3929 3872  
  398 3935 3970 3977  
  399 3935 3977 3942  
  400 3929 3935 3884  
  401 3942 3977 3982  
  402 3942 3982 3947  
  403 3935 3942 3892  
  404 3947 3982 3987  
  405 3947 3987 3952  
  406 3942 3947 3900  
  407 3952 3987 3990  
  408 3952 3990 3957  
  409 3947 3952 3904  
  410 3957 3990 3994  
  411 3957 3994 3961  
  412 3952 3957 3909  
  413 3961 3994 3997  
  414 3961 3997 3964  
  415 3957 3961 3917  
  416 3964 3997 4002  
  417 3964 4002 3967  
  418 3961 3964 3921  
  419 3967 4002 4004  
  420 3967 4004 3969  
  421 3964 3967 3924  
  422 3969 4004 4005  
  423 3969 4005 3968  
  424 3967 3969 3927  
  425 3968 4005 4003  
  426 3968 4003 3965  
  427 3969 3968 3928  
  428 3965 4003 3999  
  429 3965 3999 3962  
  430 3968 3965 3925  
  431 3962 3999 3996  
  432 3962 3996 3959  
  433 3965 3962 3922  
  434 3959 3996 3992  
  435 3959 3992 3954  
  436 3962 3959 3919  
  437 3954 3992 3988  
  438 3954 3988 3948  
  439 3959 3954 3910  
  440 3948 3988 3986  
  441 3948 3986 3944  
  442 3954 3948 3905  
  443 3944 3986 3979  
  444 3944 3979 3938  
  445 3948 3944 3901  
  446 3938 3979 3973  
  447 3938 3973 3931  
  448 3944 3938 3895  
  449 3931 3973 3960  
  450 3931 3960 3918  
  451 3938 3931 3887  
  452 3918 3960 3949  
  453 3918 3949 3903  
  454 3931 3918 3878  
  455 3903 3949 3941  
  456 3903 3941 3894  
  457 3918 3903 3865  
  458 3894 3941 3933  
  459 3894 3933 3880  
  460 3903 3894 3852  
  461 3880 3933 3912  
  462 3880 3912 3862  
  463 3894 3880 3839  
  464 3862 3912 3898  
  465 3862 3898 3848  
  466 3880 3862 3824  
  467 3848 3898 3883  
  468 3848 3883 3828  
  469 3862 3848 3805  
  470 3828 3883 3863  
  471 3828 3863 3808  
  472 3848 3828 3791  
  473 3808 3863 3844  
  474 3808 3844 3790  
  475 3828 3808 3770  
  476 3790 3844 3823  
  477 3790 3823 3767  
  478 3808 3790 3748  
  479 3767 3823 3798  
  480 3767 3798 3738  
  481 3790 3767 3726  
  482 3738 3798 3777  
  483 3738 3777 3712  
  484 3767 3738 3701  
  485 3712 3777 3745  
  486 3712 3745 3686  
  487 3738 3712 3672  
  488 3686 3745 3716  
  489 3686 3716 3655  
  490 3712 3686 3646  
  491 3655 3716 3688  
  492 3655 3688 3625  
  493 3686 3655 3618  
  494 3625 3688 3656  
  495 3625 3656 3593  
  496 3655 3625 3588  
  497 3593 3656 3623  
  498 3593 3623 3555  
  499 3625 3593 3554  
  500 3555 3623 3586  
  501 3555 3586 3520  
  502 3593 3555 3523  
  503 3520 3586 3549  
  504 3520 3549 3482  
  505 3555 3520 3487  
  506 3482 3549 3510  
  507 3482 3510 3444  
  508 3520 3482 3455  
  509 3444 3510 3472  
  510 3444 3472 3401  
  511 3482 3444 3411  
  512 3401 3472 3429  
  513 3401 3429 3354  
  514 3444 3401 3370  
  515 3354 3429 3389  
  516 3354 3389 3314  
  517 3401 3354 3326  
  518 3314 3389 3335  
  519 3314 3335 3263  
  520 3354 3314 3281  
  521 3263 3335 3285  
  522 3263 3285 3211  
  523 3314 3263 3236  
  524 3211 3285 3237  
  525 3211 3237 3164  
  526 3263 3211 3192  
  527 3164 3237 3189  
  528 3164 3189 3113  
  529 3211 3164 3140  
  530 3113 3189 3132  
  531 3113 3132 3058  
  532 3164 3113 3087  
  533 3058 3132 3080  
  534 3058 3080 3002  
  535 3113 3058 3035  
  536 3002 3080 3020  
  537 3002 3020 2940  
  538 3058 3002 2978  
  539 2940 3020 2956  
  540 2940 2956 2882  
  541 3002 2940 2922  
  542 2882 2956 2893  
  543 2882 2893 2817  
  544 2940 2882 2866  
  545 2817 2893 2837  
  546 2817 2837 2757  
  547 2882 2817 2805  
  548 2757 2837 2766  
  549 2757 2766 2690  
  550 2817 2757 2741  
  551 2690 2766 2700  
  552 2690 2700 2629  
  553 2757 2690 2686  
  554 2629 2700 2635  
  555 2629 2635 2561  
  556 2690 2629 2621  
  557 2561 2635 2568  
  558 2561 2568 2502  
  559 2561 2502 2501  
  560 2629 2561 2553  
  561 2502 2568 2504  
  562 2501 2502 2428  
  563 2561 2501 2553  
  564 2553 2501 2489  
  565 2489 2501 2423  
  566 2553 2489 2562  
  567 2225 2147 2152  
  568 2423 2501 2428  
  569 2423 2428 2353  
  570 2353 2428 2373  
  571 2423 2353 2351  
  572 2489 2423 2419  
  573 2562 2489 2496  
  574 2553 2562 2621  
  575 2621 2562 2630  
  576 2553 2621 2629  
  577 2630 2562 2560  
  578 2621 2630 2686  
  579 2686 2630 2741  
  580 2621 2686 2690  
  581 2686 2741 2757  
  582 2560 2562 2496  
  583 2560 2496 2498  
  584 2498 2496 2426  
  585 2560 2498 2571  
  586 2630 2560 2632  
  587 2428 2502 2431  
  588 2428 2431 2373  
  589 2373 2431 2359  
  590 2373 2359 2295  
  591 2373 2295 2353  
  592 1937 1927 1867  
  593 1937 1867 1882  
  594 1882 1867 1806  
  595 1937 1882 1935  
  596 783 802 841  
  597 783 841 822  
  598 822 841 882  
  599 783 822 772  
  600 3900 3947 3904  
  601 3900 3904 3869  
  602 3869 3904 3864  
  603 3900 3869 3829  
  604 211 181 197  
  605 211 197 226  
  606 226 197 208  
  607 211 226 261  
  608 2911 2988 2970  
  609 2911 2970 2906  
  610 2906 2970 2952  
  611 2911 2906 2818  
  612 3523 3555 3487  
  613 3523 3487 3465  
  614 3465 3487 3416  
  615 3523 3465 3470  
  616 856 815 795  
  617 856 795 828  
  618 828 795 778  
  619 856 828 892  
  620 1850 1907 1918  
  621 1850 1918 1871  
  622 1871 1918 1941  
  623 1850 1871 1785  
  624 3878 3918 3865  
  625 3878 3865 3834  
  626 3834 3865 3810  
  627 3878 3834 3813  
  628 189 175 207  
  629 189 207 222  
  630 222 207 244  
  631 189 222 218  
  632 3612 3677 3640  
  633 3612 3640 3587  
  634 3587 3640 3608  
  635 3612 3587 3529  
  636 1370 1337 1300  
  637 1370 1300 1326  
  638 1326 1300 1257  
  639 1370 1326 1406  
  640 1288 1322 1352  
  641 1288 1352 1311  
  642 1311 1352 1382  
  643 1288 1311 1233  
  644 3925 3965 3922  
  645 3925 3922 3875  
  646 3875 3922 3873  
  647 3925 3875 3860  
  648 131 110 130  
  649 131 130 159  
  650 159 130 158  
  651 131 159 170  
  652 3317 3392 3357  
  653 3317 3357 3284  
  654 3284 3357 3332  
  655 3317 3284 3223  
  656 3192 3211 3140  
  657 3192 3140 3118  
  658 3118 3140 3064  
  659 3192 3118 3160  
  660 457 416 419  
  661 457 419 459  
  662 459 419 417  
  663 457 459 510  
  664 2407 2477 2471  
  665 2407 2471 2405  
  666 2405 2471 2474  
  667 2407 2405 2314  
  668 3748 3790 3726  
  669 3748 3726 3685  
  670 3685 3726 3660  
  671 3748 3685 3697  
  672 409 406 440  
  673 409 440 443  
  674 443 440 488  
  675 409 443 411  
  676 3800 3858 3821  
  677 3800 3821 3758  
  678 3758 3821 3782  
  679 3800 3758 3723  
  680 1653 1632 1579  
  681 1653 1579 1604  
  682 1604 1579 1524  
  683 1653 1604 1677  
  684 1021 1051 1088  
  685 1021 1088 1055  
  686 1055 1088 1124  
  687 1021 1055 989  
  688 3921 3964 3924  
  689 3921 3924 3874  
  690 3874 3924 3879  
  691 3921 3874 3871  
  692 154 126 147  
  693 154 147 177  
  694 177 147 169  
  695 154 177 186  
  696 3128 3202 3177  
  697 3128 3177 3107  
  698 3107 3177 3159  
  699 3128 3107 3051  
  700 3370 3401 3326  
  701 3370 3326 3297  
  702 3297 3326 3252  
  703 3370 3297 3342  
  704 635 596 588  
  705 635 588 624  
  706 624 588 580  
  707 635 624 679  
  708 2132 2198 2202  
  709 2132 2202 2141  
  710 2141 2202 2218  
  711 2132 2141 2071  
  712 3824 3862 3805  
  713 3824 3805 3764  
  714 3764 3805 3744  
  715 3824 3764 3787  
  716 279 271 304  
  717 279 304 316  
  718 316 304 350  
  719 279 316 286  
  720 3717 3784 3743  
  721 3717 3743 3678  
  722 3678 3743 3703  
  723 3717 3678 3654  
  724 1101 1070 1035  
  725 1101 1035 1073  
  726 1073 1035 1004  
  727 1101 1073 1138  
  728 1559 1615 1634  
  729 1559 1634 1585  
  730 1585 1634 1663  
  731 1559 1585 1514  
  732 3905 3948 3901  
  733 3905 3901 3856  
  734 3856 3901 3851  
  735 3905 3856 3866  
  736 144 125 153  
  737 144 153 174  
  738 174 153 183  
  739 144 174 167  
  740 3478 3545 3515  
  741 3478 3515 3446  
  742 3446 3515 3486  
  743 3478 3446 3407  
  744 2978 3002 2922  
  745 2978 2922 2905  
  746 2905 2922 2845  
  747 2978 2905 2969  
  748 313 275 283  
  749 313 283 323  
  750 323 283 292  
  751 313 323 354  
  752 2667 2743 2730  
  753 2667 2730 2660  
  754 2660 2730 2718  
  755 2667 2660 2592  
  756 3646 3686 3618  
  757 3646 3618 3581  
  758 3581 3618 3551  
  759 3646 3581 3614  
  760 577 585 622  
  761 577 622 618  
  762 618 622 671  
  763 577 618 568  
  764 3859 3911 3872  
  765 3859 3872 3819  
  766 3819 3872 3832  
  767 3859 3819 3806  
  768 1795 1779 1725  
  769 1795 1725 1744  
  770 1744 1725 1677  
  771 1744 1677 1688  
  772 1677 1725 1653  
  773 1688 1677 1619  
  774 1744 1688 1764  
  775 1653 1725 1703  
  776 1795 1744 1806  
  777 1806 1744 1764  
  778 1806 1838 1882  
  779 1795 1806 1867  
  780 1795 1867 1852  
  781 1619 1677 1604  
  782 1619 1604 1543  
  783 1543 1604 1524  
  784 1543 1524 1479  
  785 1619 1543 1568  
  786 1479 1524 1467  
  787 1543 1479 1502  
  788 1568 1543 1502  
  789 1568 1502 1522  
  790 1619 1568 1645  
  791 1522 1502 1446  
  792 1568 1522 1600  
  793 1688 1619 1645  
  794 1688 1645 1718  
  795 1718 1645 1667  
  796 1688 1718 1764  
  797 1764 1718 1792  
  798 1792 1718 1742  
  799 1764 1792 1838  
  800 1667 1645 1600  
  801 1667 1600 1618  
  802 1618 1600 1542  
  803 1667 1618 1693  
  804 1600 1645 1568  
  805 1718 1667 1742  
  806 1618 1542 1562  
  807 1667 1693 1742  
  808 1742 1693 1766  
  809 1766 1693 1713  
  810 1742 1766 1818  
  811 1542 1600 1522  
  812 1542 1522 1470  
  813 1470 1522 1446  
  814 1470 1446 1396  
  815 1542 1470 1504  
  816 1396 1446 1374  
  817 1470 1396 1429  
  818 1504 1470 1429  
  819 1504 1429 1457  
  820 1457 1429 1381  
  821 1504 1457 1533  
  822 1542 1504 1562  
  823 1562 1504 1533  
  824 1562 1533 1595  
  825 1595 1533 1569  
  826 1562 1646 1618  
  827 1693 1618 1646  
  828 1467 1524 1510  
  829 1467 1510 1438  
  830 1467 1438 1406  
  831 1467 1406 1479  
  832 1510 1524 1579  
  833 1438 1510 1484  
  834 1406 1438 1370  
  835 1510 1579 1555  
  836 1370 1438 1410  
  837 1502 1479 1426  
  838 1396 1374 1325  
  839 1569 1533 1494  
  840 1374 1446 1426  
  841 1374 1426 1353  
  842 1426 1446 1502  
  843 1353 1426 1406  
  844 1374 1353 1305  
  845 1429 1396 1355  
  846 1595 1569 1668  
  847 1713 1693 1646  
  848 1713 1646 1668  
  849 1766 1713 1789  
  850 1742 1818 1792  
  851 1792 1818 1876  
  852 1876 1818 1901  
  853 1792 1876 1838  
  854 1374 1305 1325  
  855 1325 1305 1258  
  856 1258 1305 1223  
  857 1325 1258 1286  
  858 897 922 961  
  859 897 961 935  
  860 935 961 989  
  861 935 989 974  
  862 989 961 1021  
  863 974 989 1034  
  864 935 974 911  
  865 1021 961 986  
  866 897 935 882  
  867 882 935 911  
  868 882 848 822  
  869 897 882 841  
  870 897 841 865  
  871 1034 989 1055  
  872 1034 1055 1100  
  873 1100 1055 1124  
  874 1100 1124 1160  
  875 1034 1100 1075  
  876 1160 1124 1184  
  877 1100 1160 1136  
  878 1075 1100 1136  
  879 1075 1136 1109  
  880 1034 1075 1006  
  881 1109 1136 1183  
  882 1075 1109 1043  
  883 974 1034 1006  
  884 974 1006 945  
  885 945 1006 988  
  886 974 945 911  
  887 911 945 883  
  888 883 945 923  
  889 911 883 848  
  890 988 1006 1043  
  891 988 1043 1023  
  892 1023 1043 1091  
  893 988 1023 965  
  894 1043 1006 1075  
  895 945 988 923  
  896 1023 1091 1078  
  897 988 965 923  
  898 923 965 903  
  899 903 965 946  
  900 923 903 864  
  901 1091 1043 1109  
  902 1091 1109 1156  
  903 1156 1109 1183  
  904 1156 1183 1225  
  905 1091 1156 1132  
  906 1225 1183 1249  
  907 1156 1225 1198  
  908 1132 1156 1198  
  909 1132 1198 1174  
  910 1174 1198 1243  
  911 1132 1174 1104  
  912 1091 1132 1078  
  913 1078 1132 1104  
  914 1078 1104 1038  
  915 1038 1104 1081  
  916 1078 1003 1023  
  917 965 1023 1003  
  918 1184 1124 1152  
  919 1184 1152 1217  
  920 1184 1217 1233  
  921 1184 1233 1160  
  922 1152 1124 1088  
  923 1217 1152 1189  
  924 1233 1217 1288  
  925 1152 1088 1119  
  926 1288 1217 1256  
  927 1136 1160 1208  
  928 1038 1081 999  
  929 1081 1104 1147  
  930 1249 1183 1208  
  931 1249 1208 1276  
  932 1208 1183 1136  
  933 1276 1208 1233  
  934 1249 1276 1320  
  935 1225 1249 1296  
  936 1198 1225 1266  
  937 946 965 1003  
  938 946 1003 999  
  939 864 903 825  
  940 1249 1320 1296  
  941 1296 1320 1364  
  942 1364 1320 1403  
  943 1296 1364 1333  
  944 903 946 886  
  945 923 864 883  
  946 883 864 821  
  947 821 864 806  
  948 883 821 848  
  949 3909 3957 3917  
  950 3909 3917 3868  
  951 3868 3917 3871  
  952 3868 3871 3822  
  953 3871 3917 3921  
  954 3822 3871 3831  
  955 3868 3822 3816  
  956 3921 3917 3961  
  957 3909 3868 3864  
  958 3864 3868 3816  
  959 3864 3815 3869  
  960 3909 3864 3904  
  961 3909 3904 3952  
  962 3831 3871 3874  
  963 3831 3874 3835  
  964 3835 3874 3879  
  965 3835 3879 3840  
  966 3831 3835 3781  
  967 3840 3879 3888  
  968 3835 3840 3785  
  969 3781 3835 3785  
  970 3781 3785 3728  
  971 3831 3781 3779  
  972 3728 3785 3729  
  973 3781 3728 3725  
  974 3822 3831 3779  
  975 3822 3779 3771  
  976 3771 3779 3718  
  977 3822 3771 3816  
  978 3816 3771 3765  
  979 3765 3771 3710  
  980 3816 3765 3815  
  981 3718 3779 3725  
  982 3718 3725 3664  
  983 3664 3725 3675  
  984 3718 3664 3663  
  985 3725 3779 3781  
  986 3771 3718 3710  
  987 3664 3675 3615  
  988 3718 3663 3710  
  989 3710 3663 3653  
  990 3653 3663 3594  
  991 3710 3653 3709  
  992 3675 3725 3728  
  993 3675 3728 3679  
  994 3679 3728 3729  
  995 3679 3729 3683  
  996 3675 3679 3621  
  997 3683 3729 3742  
  998 3679 3683 3622  
  999 3621 3679 3622  
  1000 3621 3622 3560  
  1001 3560 3622 3566  
  1002 3621 3560 3559  
  1003 3675 3621 3615  
  1004 3615 3621 3559  
  1005 3615 3559 3557  
  1006 3557 3559 3502  
  1007 3615 3606 3664  
  1008 3663 3664 3606  
  1009 3888 3879 3927  
  1010 3888 3927 3928  
  1011 3888 3928 3860  
  1012 3888 3860 3840  
  1013 3927 3879 3924  
  1014 3928 3927 3969  
  1015 3860 3928 3925  
  1016 3927 3924 3967  
  1017 3925 3928 3968  
  1018 3785 3840 3789  
  1019 3557 3502 3521  
  1020 3502 3559 3500  
  1021 3742 3729 3789  
  1022 3742 3789 3796  
  1023 3789 3729 3785  
  1024 3796 3789 3860  
  1025 3742 3796 3749  
  1026 3683 3742 3691  
  1027 3622 3683 3627  
  1028 3594 3663 3606  
  1029 3594 3606 3521  
  1030 3709 3653 3644  
  1031 3749 3796 3802  
  1032 3653 3594 3585  
  1033 3710 3709 3765  
  1034 3765 3709 3762  
  1035 3762 3709 3704  
  1036 3765 3762 3815  
  1037 180 149 168  
  1038 180 168 199  
  1039 199 168 186  
  1040 199 186 220  
  1041 186 168 154  
  1042 220 186 202  
  1043 199 220 234  
  1044 154 168 137  
  1045 180 199 208  
  1046 208 199 234  
  1047 208 246 226  
  1048 180 208 197  
  1049 180 197 164  
  1050 202 186 177  
  1051 202 177 193  
  1052 193 177 169  
  1053 193 169 185  
  1054 202 193 227  
  1055 185 169 156  
  1056 193 185 221  
  1057 227 193 221  
  1058 227 221 257  
  1059 202 227 237  
  1060 257 221 245  
  1061 227 257 264  
  1062 220 202 237  
  1063 220 237 256  
  1064 256 237 276  
  1065 220 256 234  
  1066 234 256 272  
  1067 272 256 293  
  1068 234 272 246  
  1069 276 237 264  
  1070 276 264 300  
  1071 300 264 287  
  1072 276 300 314  
  1073 264 237 227  
  1074 256 276 293  
  1075 300 287 327  
  1076 276 314 293  
  1077 293 314 334  
  1078 334 314 363  
  1079 293 334 309  
  1080 287 264 257  
  1081 287 257 281  
  1082 281 257 245  
  1083 281 245 273  
  1084 287 281 318  
  1085 273 245 236  
  1086 281 273 310  
  1087 318 281 310  
  1088 318 310 351  
  1089 351 310 346  
  1090 318 351 360  
  1091 287 318 327  
  1092 327 318 360  
  1093 327 360 367  
  1094 367 360 400  
  1095 327 348 300  
  1096 314 300 348  
  1097 156 169 142  
  1098 156 142 135  
  1099 156 135 170  
  1100 156 170 185  
  1101 142 169 147  
  1102 135 142 115  
  1103 170 135 131  
  1104 142 147 120  
  1105 131 135 112  
  1106 221 185 209  
  1107 367 400 392  
  1108 400 360 393  
  1109 236 245 209  
  1110 236 209 201  
  1111 209 245 221  
  1112 201 209 170  
  1113 236 201 231  
  1114 273 236 263  
  1115 310 273 301  
  1116 363 314 348  
  1117 363 348 392  
  1118 309 334 358  
  1119 231 201 198  
  1120 334 363 379  
  1121 293 309 272  
  1122 272 309 285  
  1123 285 309 325  
  1124 272 285 246  
  1125 236 231 263  
  1126 263 231 258  
  1127 258 231 215  
  1128 263 258 295  
  1129 3027 3097 3079  
  1130 3027 3079 3004  
  1131 3004 3079 3051  
  1132 3004 3051 2976  
  1133 3051 3079 3128  
  1134 2976 3051 3041  
  1135 3004 2976 2921  
  1136 3128 3079 3154  
  1137 3027 3004 2952  
  1138 2952 3004 2921  
  1139 2952 2871 2906  
  1140 3027 2952 2970  
  1141 3027 2970 3043  
  1142 3041 3051 3107  
  1143 3041 3107 3093  
  1144 3093 3107 3159  
  1145 3093 3159 3147  
  1146 3041 3093 3017  
  1147 3147 3159 3208  
  1148 3093 3147 3073  
  1149 3017 3093 3073  
  1150 3017 3073 2994  
  1151 3041 3017 2964  
  1152 2994 3073 3052  
  1153 3017 2994 2934  
  1154 2976 3041 2964  
  1155 2976 2964 2900  
  1156 2900 2964 2888  
  1157 2976 2900 2921  
  1158 2921 2900 2844  
  1159 2844 2900 2823  
  1160 2921 2844 2871  
  1161 2888 2964 2934  
  1162 2888 2934 2868  
  1163 2868 2934 2926  
  1164 2888 2868 2808  
  1165 2934 2964 3017  
  1166 2900 2888 2823  
  1167 2868 2926 2852  
  1168 2888 2808 2823  
  1169 2823 2808 2748  
  1170 2748 2808 2726  
  1171 2823 2748 2767  
  1172 2926 2934 2994  
  1173 2926 2994 2987  
  1174 2987 2994 3052  
  1175 2987 3052 3039  
  1176 2926 2987 2908  
  1177 3039 3052 3116  
  1178 2987 3039 2963  
  1179 2908 2987 2963  
  1180 2908 2963 2886  
  1181 2886 2963 2947  
  1182 2908 2886 2829  
  1183 2926 2908 2852  
  1184 2852 2908 2829  
  1185 2852 2829 2780  
  1186 2780 2829 2752  
  1187 2852 2787 2868  
  1188 2808 2868 2787  
  1189 3208 3159 3230  
  1190 3208 3230 3274  
  1191 3208 3274 3223  
  1192 3208 3223 3147  
  1193 3230 3159 3177  
  1194 3274 3230 3301  
  1195 3223 3274 3317  
  1196 3230 3177 3251  
  1197 3317 3274 3345  
  1198 3073 3147 3126  
  1199 2780 2752 2709  
  1200 2752 2829 2802  
  1201 3116 3052 3126  
  1202 3116 3126 3188  
  1203 3126 3052 3073  
  1204 3188 3126 3223  
  1205 3116 3188 3171  
  1206 3039 3116 3102  
  1207 2963 3039 3024  
  1208 2726 2808 2787  
  1209 2726 2787 2709  
  1210 2767 2748 2679  
  1211 3171 3188 3242  
  1212 2748 2726 2658  
  1213 2823 2767 2844  
  1214 2844 2767 2791  
  1215 2791 2767 2717  
  1216 2844 2791 2871  
  1217 3116 3171 3102  
  1218 3102 3171 3161  
  1219 3161 3171 3246  
  1220 3102 3161 3086  
  1221 3455 3482 3411  
  1222 3455 3411 3383  
  1223 3383 3411 3342  
  1224 3383 3342 3310  
  1225 3342 3411 3370  
  1226 3310 3342 3268  
  1227 3383 3310 3349  
  1228 3370 3411 3444  
  1229 3455 3383 3416  
  1230 3416 3383 3349  
  1231 3416 3399 3465  
  1232 3455 3416 3487  
  1233 3455 3487 3520  
  1234 3268 3342 3297  
  1235 3268 3297 3229  
  1236 3229 3297 3252  
  1237 3229 3252 3184  
  1238 3268 3229 3198  
  1239 3184 3252 3228  
  1240 3229 3184 3151  
  1241 3198 3229 3151  
  1242 3198 3151 3124  
  1243 3268 3198 3245  
  1244 3124 3151 3075  
  1245 3198 3124 3172  
  1246 3310 3268 3245  
  1247 3310 3245 3280  
  1248 3280 3245 3206  
  1249 3310 3280 3349  
  1250 3349 3280 3325  
  1251 3325 3280 3250  
  1252 3349 3325 3399  
  1253 3206 3245 3172  
  1254 3206 3172 3133  
  1255 3133 3172 3092  
  1256 3206 3133 3183  
  1257 3172 3245 3198  
  1258 3280 3206 3250  
  1259 3133 3092 3057  
  1260 3206 3183 3250  
  1261 3250 3183 3231  
  1262 3231 3183 3152  
  1263 3250 3231 3302  
  1264 3092 3172 3124  
  1265 3092 3124 3044  
  1266 3044 3124 3075  
  1267 3044 3075 2995  
  1268 3092 3044 3016  
  1269 2995 3075 3032  
  1270 3044 2995 2968  
  1271 3016 3044 2968  
  1272 3016 2968 2932  
  1273 2932 2968 2885  
  1274 3016 2932 2992  
  1275 3092 3016 3057  
  1276 3057 3016 2992  
  1277 3057 2992 3033  
  1278 3033 2992 2971  
  1279 3057 3109 3133  
  1280 3183 3133 3109  
  1281 3228 3252 3281  
  1282 3228 3281 3236  
  1283 3228 3236 3160  
  1284 3228 3160 3184  
  1285 3281 3252 3326  
  1286 3236 3281 3314  
  1287 3160 3236 3192  
  1288 3281 3326 3354  
  1289 3192 3236 3263  
  1290 3151 3184 3105  
  1291 3033 2971 3047  
  1292 2971 2992 2914  
  1293 3032 3075 3105  
  1294 3032 3105 3063  
  1295 3105 3075 3151  
  1296 3063 3105 3160  
  1297 3032 3063 2984  
  1298 2995 3032 2950  
  1299 2968 2995 2915  
  1300 3152 3183 3109  
  1301 3152 3109 3047  
  1302 3302 3231 3276  
  1303 2984 3063 3018  
  1304 3231 3152 3199  
  1305 3250 3302 3325  
  1306 3325 3302 3379  
  1307 3379 3302 3346  
  1308 3325 3379 3399  
  1309 3032 2984 2950  
  1310 2950 2984 2901  
  1311 2901 2984 2935  
  1312 2950 2901 2873  
  1313 739 702 690  
  1314 739 690 727  
  1315 727 690 679  
  1316 727 679 720  
  1317 679 690 635  
  1318 720 679 663  
  1319 727 720 773  
  1320 635 690 650  
  1321 739 727 778  
  1322 778 727 773  
  1323 778 827 828  
  1324 739 778 795  
  1325 739 795 758  
  1326 663 679 624  
  1327 663 624 612  
  1328 612 624 580  
  1329 612 580 567  
  1330 663 612 656  
  1331 567 580 533  
  1332 612 567 608  
  1333 656 612 608  
  1334 656 608 654  
  1335 663 656 710  
  1336 654 608 599  
  1337 656 654 701  
  1338 720 663 710  
  1339 720 710 763  
  1340 763 710 750  
  1341 720 763 773  
  1342 773 763 818  
  1343 818 763 805  
  1344 773 818 827  
  1345 750 710 701  
  1346 750 701 743  
  1347 743 701 692  
  1348 750 743 796  
  1349 701 710 656  
  1350 763 750 805  
  1351 743 692 732  
  1352 750 796 805  
  1353 805 796 857  
  1354 857 796 845  
  1355 805 857 866  
  1356 692 701 654  
  1357 692 654 641  
  1358 641 654 599  
  1359 641 599 592  
  1360 692 641 688  
  1361 592 599 549  
  1362 641 592 640  
  1363 688 641 640  
  1364 688 640 689  
  1365 689 640 639  
  1366 688 689 734  
  1367 692 688 732  
  1368 732 688 734  
  1369 732 734 789  
  1370 789 734 792  
  1371 732 793 743  
  1372 796 743 793  
  1373 533 580 536  
  1374 533 536 494  
  1375 533 494 510  
  1376 533 510 567  
  1377 536 580 588  
  1378 494 536 501  
  1379 510 494 457  
  1380 536 588 546  
  1381 457 494 460  
  1382 608 567 557  
  1383 789 792 833  
  1384 792 734 736  
  1385 549 599 557  
  1386 549 557 511  
  1387 557 599 608  
  1388 511 557 510  
  1389 549 511 507  
  1390 592 549 545  
  1391 640 592 590  
  1392 845 796 793  
  1393 845 793 833  
  1394 866 857 929  
  1395 507 511 467  
  1396 857 845 900  
  1397 805 866 818  
  1398 818 866 876  
  1399 876 866 920  
  1400 818 876 827  
  1401 549 507 545  
  1402 545 507 498  
  1403 498 507 446  
  1404 545 498 539  
  1405 1991 2055 2063  
  1406 1991 2063 2001  
  1407 2001 2063 2071  
  1408 2001 2071 2012  
  1409 2071 2063 2132  
  1410 2012 2071 2090  
  1411 2001 2012 1936  
  1412 2132 2063 2126  
  1413 1991 2001 1941  
  1414 1941 2001 1936  
  1415 1941 1863 1871  
  1416 1991 1941 1918  
  1417 1991 1918 1980  
  1418 2090 2071 2141  
  1419 2090 2141 2161  
  1420 2161 2141 2218  
  1421 2161 2218 2232  
  1422 2090 2161 2098  
  1423 2232 2218 2278  
  1424 2161 2232 2168  
  1425 2098 2161 2168  
  1426 2098 2168 2104  
  1427 2090 2098 2023  
  1428 2104 2168 2182  
  1429 2098 2104 2030  
  1430 2012 2090 2023  
  1431 2012 2023 1949  
  1432 1949 2023 1966  
  1433 2012 1949 1936  
  1434 1936 1949 1875  
  1435 1875 1949 1891  
  1436 1936 1875 1863  
  1437 1966 2023 2030  
  1438 1966 2030 1973  
  1439 1973 2030 2056  
  1440 1966 1973 1899  
  1441 2030 2023 2098  
  1442 1949 1966 1891  
  1443 1973 2056 1997  
  1444 1966 1899 1891  
  1445 1891 1899 1825  
  1446 1825 1899 1845  
  1447 1891 1825 1815  
  1448 2056 2030 2104  
  1449 2056 2104 2127  
  1450 2127 2104 2182  
  1451 2127 2182 2200  
  1452 2056 2127 2069  
  1453 2200 2182 2258  
  1454 2127 2200 2138  
  1455 2069 2127 2138  
  1456 2069 2138 2079  
  1457 2079 2138 2155  
  1458 2069 2079 2000  
  1459 2056 2069 1997  
  1460 1997 2069 2000  
  1461 1997 2000 1930  
  1462 1930 2000 1940  
  1463 1997 1913 1973  
  1464 1899 1973 1913  
  1465 2278 2218 2268  
  1466 2278 2268 2339  
  1467 2278 2339 2314  
  1468 2278 2314 2232  
  1469 2268 2218 2202  
  1470 2339 2268 2338  
  1471 2314 2339 2407  
  1472 2268 2202 2266  
  1473 2407 2339 2411  
  1474 2168 2232 2242  
  1475 1930 1940 1868  
  1476 1940 2000 2015  
  1477 2258 2182 2242  
  1478 2258 2242 2316  
  1479 2242 2182 2168  
  1480 2316 2242 2314  
  1481 2258 2316 2332  
  1482 2200 2258 2277  
  1483 2138 2200 2220  
  1484 1845 1899 1913  
  1485 1845 1913 1868  
  1486 1815 1825 1735  
  1487 2332 2316 2393  
  1488 1825 1845 1771  
  1489 1891 1815 1875  
  1490 1875 1815 1802  
  1491 1802 1815 1745  
  1492 1875 1802 1863  
  1493 2258 2332 2277  
  1494 2277 2332 2354  
  1495 2354 2332 2436  
  1496 2277 2354 2298  
  1497 3852 3894 3839  
  1498 3852 3839 3795  
  1499 3795 3839 3787  
  1500 3795 3787 3735  
  1501 3787 3839 3824  
  1502 3735 3787 3727  
  1503 3795 3735 3753  
  1504 3824 3839 3880  
  1505 3852 3795 3810  
  1506 3810 3795 3753  
  1507 3810 3778 3834  
  1508 3852 3810 3865  
  1509 3852 3865 3903  
  1510 3727 3787 3764  
  1511 3727 3764 3706  
  1512 3706 3764 3744  
  1513 3706 3744 3692  
  1514 3727 3706 3662  
  1515 3692 3744 3741  
  1516 3706 3692 3641  
  1517 3662 3706 3641  
  1518 3662 3641 3598  
  1519 3727 3662 3684  
  1520 3598 3641 3578  
  1521 3662 3598 3620  
  1522 3735 3727 3684  
  1523 3735 3684 3698  
  1524 3698 3684 3634  
  1525 3735 3698 3753  
  1526 3753 3698 3714  
  1527 3714 3698 3649  
  1528 3753 3714 3778  
  1529 3634 3684 3620  
  1530 3634 3620 3571  
  1531 3571 3620 3553  
  1532 3634 3571 3591  
  1533 3620 3684 3662  
  1534 3698 3634 3649  
  1535 3571 3553 3503  
  1536 3634 3591 3649  
  1537 3649 3591 3607  
  1538 3607 3591 3540  
  1539 3649 3607 3669  
  1540 3553 3620 3598  
  1541 3553 3598 3535  
  1542 3535 3598 3578  
  1543 3535 3578 3513  
  1544 3553 3535 3490  
  1545 3513 3578 3565  
  1546 3535 3513 3467  
  1547 3490 3535 3467  
  1548 3490 3467 3419  
  1549 3419 3467 3397  
  1550 3490 3419 3445  
  1551 3553 3490 3503  
  1552 3503 3490 3445  
  1553 3503 3445 3461  
  1554 3461 3445 3398  
  1555 3503 3525 3571  
  1556 3591 3571 3525  
  1557 3741 3744 3791  
  1558 3741 3791 3770  
  1559 3741 3770 3697  
  1560 3741 3697 3692  
  1561 3791 3744 3805  
  1562 3770 3791 3828  
  1563 3697 3770 3748  
  1564 3791 3805 3848  
  1565 3748 3770 3808  
  1566 3641 3692 3624  
  1567 3461 3398 3453  
  1568 3398 3445 3372  
  1569 3565 3578 3624  
  1570 3565 3624 3613  
  1571 3624 3578 3641  
  1572 3613 3624 3697  
  1573 3565 3613 3544  
  1574 3513 3565 3499  
  1575 3467 3513 3448  
  1576 3540 3591 3525  
  1577 3540 3525 3453  
  1578 3669 3607 3632  
  1579 3544 3613 3599  
  1580 3607 3540 3562  
  1581 3649 3669 3714  
  1582 3714 3669 3733  
  1583 3733 3669 3696  
  1584 3714 3733 3778  
  1585 3565 3544 3499  
  1586 3499 3544 3483  
  1587 3483 3544 3542  
  1588 3499 3483 3432  
  1589 230 213 252  
  1590 230 252 266  
  1591 266 252 286  
  1592 266 286 303  
  1593 286 252 279  
  1594 303 286 326  
  1595 266 303 280  
  1596 279 252 241  
  1597 230 266 244  
  1598 244 266 280  
  1599 244 253 222  
  1600 230 244 207  
  1601 230 207 196  
  1602 326 286 316  
  1603 326 316 359  
  1604 359 316 350  
  1605 359 350 390  
  1606 326 359 370  
  1607 390 350 371  
  1608 359 390 401  
  1609 370 359 401  
  1610 370 401 414  
  1611 326 370 341  
  1612 414 401 441  
  1613 370 414 383  
  1614 303 326 341  
  1615 303 341 315  
  1616 315 341 361  
  1617 303 315 280  
  1618 280 315 290  
  1619 290 315 333  
  1620 280 290 253  
  1621 361 341 383  
  1622 361 383 402  
  1623 402 383 429  
  1624 361 402 375  
  1625 383 341 370  
  1626 315 361 333  
  1627 402 429 444  
  1628 361 375 333  
  1629 333 375 352  
  1630 352 375 396  
  1631 333 352 307  
  1632 429 383 414  
  1633 429 414 464  
  1634 464 414 441  
  1635 464 441 490  
  1636 429 464 474  
  1637 490 441 477  
  1638 464 490 508  
  1639 474 464 508  
  1640 474 508 518  
  1641 518 508 554  
  1642 474 518 487  
  1643 429 474 444  
  1644 444 474 487  
  1645 444 487 455  
  1646 455 487 504  
  1647 444 420 402  
  1648 375 402 420  
  1649 371 350 339  
  1650 371 339 372  
  1651 371 372 411  
  1652 371 411 390  
  1653 339 350 304  
  1654 372 339 332  
  1655 411 372 409  
  1656 339 304 297  
  1657 409 372 368  
  1658 401 390 434  
  1659 455 504 451  
  1660 504 487 535  
  1661 477 441 434  
  1662 477 434 466  
  1663 434 441 401  
  1664 466 434 411  
  1665 477 466 512  
  1666 490 477 522  
  1667 508 490 537  
  1668 396 375 420  
  1669 396 420 451  
  1670 307 352 319  
  1671 512 466 499  
  1672 352 396 374  
  1673 333 307 290  
  1674 290 307 270  
  1675 270 307 284  
  1676 290 270 253  
  1677 477 512 522  
  1678 522 512 563  
  1679 563 512 550  
  1680 522 563 576  
  1681 3668 3731 3695  
  1682 3668 3695 3630  
  1683 3630 3695 3654  
  1684 3630 3654 3590  
  1685 3654 3695 3717  
  1686 3590 3654 3626  
  1687 3630 3590 3561  
  1688 3717 3695 3756  
  1689 3668 3630 3608  
  1690 3608 3630 3561  
  1691 3608 3539 3587  
  1692 3668 3608 3640  
  1693 3668 3640 3705  
  1694 3626 3654 3678  
  1695 3626 3678 3648  
  1696 3648 3678 3703  
  1697 3648 3703 3674  
  1698 3626 3648 3582  
  1699 3674 3703 3732  
  1700 3648 3674 3609  
  1701 3582 3648 3609  
  1702 3582 3609 3541  
  1703 3626 3582 3556  
  1704 3541 3609 3567  
  1705 3582 3541 3514  
  1706 3590 3626 3556  
  1707 3590 3556 3528  
  1708 3528 3556 3489  
  1709 3590 3528 3561  
  1710 3561 3528 3496  
  1711 3496 3528 3457  
  1712 3561 3496 3539  
  1713 3489 3556 3514  
  1714 3489 3514 3451  
  1715 3451 3514 3481  
  1716 3489 3451 3418  
  1717 3514 3556 3582  
  1718 3528 3489 3457  
  1719 3451 3481 3410  
  1720 3489 3418 3457  
  1721 3457 3418 3388  
  1722 3388 3418 3337  
  1723 3457 3388 3428  
  1724 3481 3514 3541  
  1725 3481 3541 3505  
  1726 3505 3541 3567  
  1727 3505 3567 3533  
  1728 3481 3505 3436  
  1729 3533 3567 3603  
  1730 3505 3533 3466  
  1731 3436 3505 3466  
  1732 3436 3466 3395  
  1733 3395 3466 3424  
  1734 3436 3395 3364  
  1735 3481 3436 3410  
  1736 3410 3436 3364  
  1737 3410 3364 3339  
  1738 3339 3364 3291  
  1739 3410 3377 3451  
  1740 3418 3451 3377  
  1741 3732 3703 3763  
  1742 3732 3763 3788  
  1743 3732 3788 3723  
  1744 3732 3723 3674  
  1745 3763 3703 3743  
  1746 3788 3763 3826  
  1747 3723 3788 3800  
  1748 3763 3743 3801  
  1749 3800 3788 3841  
  1750 3609 3674 3636  
  1751 3339 3291 3286  
  1752 3291 3364 3319  
  1753 3603 3567 3636  
  1754 3603 3636 3667  
  1755 3636 3567 3609  
  1756 3667 3636 3723  
  1757 3603 3667 3633  
  1758 3533 3603 3568  
  1759 3466 3533 3495  
  1760 3337 3418 3377  
  1761 3337 3377 3286  
  1762 3428 3388 3362  
  1763 3633 3667 3699  
  1764 3388 3337 3321  
  1765 3457 3428 3496  
  1766 3496 3428 3469  
  1767 3469 3428 3394  
  1768 3496 3469 3539  
  1769 3603 3633 3568  
  1770 3568 3633 3601  
  1771 3601 3633 3680  
  1772 3568 3601 3531  
  1773 1232 1205 1168  
  1774 1232 1168 1197  
  1775 1197 1168 1138  
  1776 1197 1138 1167  
  1777 1138 1168 1101  
  1778 1167 1138 1098  
  1779 1197 1167 1226  
  1780 1101 1168 1134  
  1781 1232 1197 1257  
  1782 1257 1197 1226  
  1783 1257 1287 1326  
  1784 1232 1257 1300  
  1785 1232 1300 1274  
  1786 1098 1138 1073  
  1787 1098 1073 1031  
  1788 1031 1073 1004  
  1789 1031 1004 973  
  1790 1098 1031 1072  
  1791 973 1004 953  
  1792 1031 973 1009  
  1793 1072 1031 1009  
  1794 1072 1009 1047  
  1795 1098 1072 1137  
  1796 1047 1009 980  
  1797 1072 1047 1112  
  1798 1167 1098 1137  
  1799 1167 1137 1223  
  1800 1226 1167 1223  
  1801 953 1004 977  
  1802 953 977 914  
  1803 953 914 892  
  1804 953 892 973  
  1805 977 1004 1035  
  1806 914 977 939  
  1807 892 914 856  
  1808 977 1035 1002  
  1809 856 914 877  
  1810 1009 973 942  
  1811 1422 1465 1491  
  1812 1422 1491 1445  
  1813 1445 1491 1514  
  1814 1445 1514 1473  
  1815 1514 1491 1559  
  1816 1473 1514 1549  
  1817 1445 1473 1408  
  1818 1559 1491 1539  
  1819 1422 1445 1382  
  1820 1382 1445 1408  
  1821 1382 1344 1311  
  1822 1422 1382 1352  
  1823 1422 1352 1392  
  1824 1549 1514 1585  
  1825 1549 1585 1623  
  1826 1623 1585 1663  
  1827 1623 1663 1691  
  1828 1549 1623 1572  
  1829 1691 1663 1728  
  1830 1623 1691 1641  
  1831 1572 1623 1641  
  1832 1572 1641 1598  
  1833 1549 1572 1499  
  1834 1598 1641 1673  
  1835 1572 1598 1520  
  1836 1473 1549 1499  
  1837 1473 1499 1403  
  1838 1408 1473 1403  
  1839 1728 1663 1704  
  1840 1728 1704 1777  
  1841 1728 1777 1785  
  1842 1728 1785 1691  
  1843 1704 1663 1634  
  1844 1777 1704 1756  
  1845 1785 1777 1850  
  1846 1704 1634 1685  
  1847 1850 1777 1831  
  1848 1641 1691 1722  
  1849 3919 3959 3910  
  1850 3919 3910 3870  
  1851 3870 3910 3866  
  1852 3870 3866 3817  
  1853 3866 3910 3905  
  1854 3817 3866 3818  
  1855 3870 3817 3827  
  1856 3905 3910 3954  
  1857 3919 3870 3873  
  1858 3873 3870 3827  
  1859 3873 3827 3802  
  1860 3802 3827 3774  
  1861 3919 3873 3922  
  1862 3774 3827 3817  
  1863 3802 3774 3749  
  1864 3919 3922 3962  
  1865 3818 3866 3856  
  1866 3818 3856 3809  
  1867 3809 3856 3851  
  1868 3809 3851 3799  
  1869 3818 3809 3759  
  1870 3799 3851 3854  
  1871 3809 3799 3752  
  1872 3759 3809 3752  
  1873 3759 3752 3702  
  1874 3818 3759 3775  
  1875 3702 3752 3694  
  1876 3759 3702 3711  
  1877 3817 3818 3775  
  1878 3817 3775 3774  
  1879 3854 3851 3895  
  1880 3854 3895 3887  
  1881 3854 3887 3813  
  1882 3854 3813 3799  
  1883 3895 3851 3901  
  1884 3887 3895 3938  
  1885 3813 3887 3878  
  1886 3895 3901 3944  
  1887 3878 3887 3931  
  1888 3752 3799 3750  
  1889 134 114 141  
  1890 134 141 162  
  1891 162 141 167  
  1892 162 167 190  
  1893 167 141 144  
  1894 190 167 194  
  1895 162 190 184  
  1896 144 141 117  
  1897 134 162 158  
  1898 158 162 184  
  1899 158 184 198  
  1900 198 184 215  
  1901 134 158 130  
  1902 198 215 231  
  1903 134 130 111  
  1904 194 167 174  
  1905 194 174 203  
  1906 203 174 183  
  1907 203 183 210  
  1908 194 203 228  
  1909 210 183 188  
  1910 203 210 238  
  1911 228 203 238  
  1912 228 238 265  
  1913 194 228 217  
  1914 265 238 277  
  1915 228 265 255  
  1916 190 194 217  
  1917 190 217 215  
  1918 184 190 215  
  1919 188 183 166  
  1920 188 166 176  
  1921 188 176 218  
  1922 188 218 210  
  1923 166 183 153  
  1924 176 166 145  
  1925 218 176 189  
  1926 166 153 133  
  1927 189 176 160  
  1928 238 210 250  
  1929 3402 3473 3440  
  1930 3402 3440 3368  
  1931 3368 3440 3407  
  1932 3368 3407 3334  
  1933 3407 3440 3478  
  1934 3334 3407 3390  
  1935 3368 3334 3309  
  1936 3478 3440 3509  
  1937 3402 3368 3332  
  1938 3332 3368 3309  
  1939 3332 3309 3242  
  1940 3242 3309 3246  
  1941 3402 3332 3357  
  1942 3242 3246 3171  
  1943 3402 3357 3433  
  1944 3390 3407 3446  
  1945 3390 3446 3423  
  1946 3423 3446 3486  
  1947 3423 3486 3464  
  1948 3390 3423 3347  
  1949 3464 3486 3526  
  1950 3423 3464 3391  
  1951 3347 3423 3391  
  1952 3347 3391 3316  
  1953 3390 3347 3313  
  1954 3316 3391 3356  
  1955 3347 3316 3277  
  1956 3334 3390 3313  
  1957 3334 3313 3246  
  1958 3309 3334 3246  
  1959 3526 3486 3546  
  1960 3526 3546 3580  
  1961 3526 3580 3529  
  1962 3526 3529 3464  
  1963 3546 3486 3515  
  1964 3580 3546 3616  
  1965 3529 3580 3612  
  1966 3546 3515 3583  
  1967 3612 3580 3647  
  1968 3391 3464 3431  
  1969 3087 3113 3035  
  1970 3087 3035 3014  
  1971 3014 3035 2969  
  1972 3014 2969 2937  
  1973 2969 3035 2978  
  1974 2937 2969 2887  
  1975 3014 2937 2996  
  1976 2978 3035 3058  
  1977 3087 3014 3064  
  1978 3064 3014 2996  
  1979 3064 2996 3018  
  1980 3018 2996 2935  
  1981 3087 3064 3140  
  1982 3018 2935 2984  
  1983 3087 3140 3164  
  1984 2887 2969 2905  
  1985 2887 2905 2826  
  1986 2826 2905 2845  
  1987 2826 2845 2765  
  1988 2887 2826 2811  
  1989 2765 2845 2794  
  1990 2826 2765 2753  
  1991 2811 2826 2753  
  1992 2811 2753 2738  
  1993 2887 2811 2877  
  1994 2738 2753 2674  
  1995 2811 2738 2798  
  1996 2937 2887 2877  
  1997 2937 2877 2935  
  1998 2996 2937 2935  
  1999 2794 2845 2866  
  2000 2794 2866 2805  
  2001 2794 2805 2731  
  2002 2866 2845 2922  
  2003 2805 2866 2882  
  2004 2731 2805 2741  
  2005 2731 2741 2630  
  2006 2794 2731 2716  
  2007 2866 2922 2940  
  2008 2741 2805 2817  
  2009 2716 2731 2632  
  2010 2794 2716 2765  
  2011 2765 2716 2697  
  2012 2697 2716 2643  
  2013 2765 2697 2753  
  2014 2753 2697 2674  
  2015 2674 2697 2622  
  2016 2622 2697 2643  
  2017 2622 2643 2571  
  2018 2674 2622 2596  
  2019 2643 2716 2632  
  2020 2596 2622 2541  
  2021 2674 2596 2653  
  2022 381 344 349  
  2023 381 349 388  
  2024 388 349 354  
  2025 388 354 394  
  2026 354 349 313  
  2027 394 354 356  
  2028 388 394 425  
  2029 313 349 306  
  2030 381 388 417  
  2031 417 388 425  
  2032 417 425 467  
  2033 467 425 446  
  2034 381 417 419  
  2035 467 446 507  
  2036 381 419 376  
  2037 356 354 323  
  2038 356 323 324  
  2039 324 323 292  
  2040 324 292 296  
  2041 356 324 369  
  2042 296 292 267  
  2043 324 296 343  
  2044 369 324 343  
  2045 369 343 386  
  2046 356 369 399  
  2047 386 343 353  
  2048 369 386 415  
  2049 394 356 399  
  2050 394 399 446  
  2051 425 394 446  
  2052 267 292 260  
  2053 267 260 235  
  2054 267 235 261  
  2055 267 261 296  
  2056 260 292 283  
  2057 235 260 223  
  2058 261 235 211  
  2059 260 283 247  
  2060 211 235 200  
  2061 343 296 312  
  2062 2537 2613 2602  
  2063 2537 2602 2530  
  2064 2530 2602 2592  
  2065 2530 2592 2524  
  2066 2592 2602 2667  
  2067 2524 2592 2599  
  2068 2530 2524 2470  
  2069 2667 2602 2676  
  2070 2537 2530 2474  
  2071 2474 2530 2470  
  2072 2474 2470 2393  
  2073 2393 2470 2436  
  2074 2537 2474 2471  
  2075 2393 2436 2332  
  2076 2537 2471 2543  
  2077 2599 2592 2660  
  2078 2599 2660 2662  
  2079 2662 2660 2718  
  2080 2662 2718 2724  
  2081 2599 2662 2590  
  2082 2724 2718 2782  
  2083 2662 2724 2654  
  2084 2590 2662 2654  
  2085 2590 2654 2584  
  2086 2599 2590 2521  
  2087 2584 2654 2648  
  2088 2590 2584 2516  
  2089 2524 2599 2521  
  2090 2524 2521 2436  
  2091 2470 2524 2436  
  2092 2782 2718 2793  
  2093 2782 2793 2848  
  2094 2782 2848 2818  
  2095 2782 2818 2724  
  2096 2793 2718 2730  
  2097 2848 2793 2867  
  2098 2818 2848 2911  
  2099 2793 2730 2801  
  2100 2911 2848 2925  
  2101 2654 2724 2725  
  2102 3701 3738 3672  
  2103 3701 3672 3637  
  2104 3637 3672 3614  
  2105 3637 3614 3572  
  2106 3614 3672 3646  
  2107 3572 3614 3543  
  2108 3637 3572 3602  
  2109 3646 3672 3712  
  2110 3701 3637 3660  
  2111 3660 3637 3602  
  2112 3660 3602 3599  
  2113 3599 3602 3542  
  2114 3701 3660 3726  
  2115 3599 3542 3544  
  2116 3701 3726 3767  
  2117 3543 3614 3581  
  2118 3543 3581 3516  
  2119 3516 3581 3551  
  2120 3516 3551 3485  
  2121 3543 3516 3477  
  2122 3485 3551 3532  
  2123 3516 3485 3449  
  2124 3477 3516 3449  
  2125 3477 3449 3406  
  2126 3543 3477 3512  
  2127 3406 3449 3374  
  2128 3477 3406 3443  
  2129 3572 3543 3512  
  2130 3572 3512 3542  
  2131 3602 3572 3542  
  2132 3532 3551 3588  
  2133 3532 3588 3554  
  2134 3532 3554 3470  
  2135 3532 3470 3485  
  2136 3588 3551 3618  
  2137 3554 3588 3625  
  2138 3470 3554 3523  
  2139 3588 3618 3655  
  2140 3523 3554 3593  
  2141 3449 3485 3415  
  2142 485 489 529  
  2143 485 529 525  
  2144 525 529 568  
  2145 525 568 570  
  2146 568 529 577  
  2147 570 568 613  
  2148 525 570 524  
  2149 577 529 534  
  2150 485 525 488  
  2151 488 525 524  
  2152 488 524 499  
  2153 499 524 550  
  2154 485 488 440  
  2155 499 550 512  
  2156 485 440 442  
  2157 613 568 618  
  2158 613 618 666  
  2159 666 618 671  
  2160 666 671 717  
  2161 613 666 658  
  2162 717 671 712  
  2163 666 717 707  
  2164 658 666 707  
  2165 658 707 699  
  2166 613 658 607  
  2167 699 707 754  
  2168 658 699 652  
  2169 570 613 607  
  2170 570 607 550  
  2171 524 570 550  
  2172 712 671 676  
  2173 712 676 729  
  2174 712 729 772  
  2175 712 772 717  
  2176 676 671 622  
  2177 729 676 693  
  2178 772 729 783  
  2179 676 622 634  
  2180 783 729 745  
  2181 707 717 764  
  2182 3837 3889 3849  
  2183 3837 3849 3794  
  2184 3794 3849 3806  
  2185 3794 3806 3747  
  2186 3806 3849 3859  
  2187 3747 3806 3772  
  2188 3794 3747 3739  
  2189 3859 3849 3902  
  2190 3837 3794 3782  
  2191 3782 3794 3739  
  2192 3782 3739 3699  
  2193 3699 3739 3680  
  2194 3837 3782 3821  
  2195 3699 3680 3633  
  2196 3837 3821 3877  
  2197 3772 3806 3819  
  2198 3772 3819 3786  
  2199 3786 3819 3832  
  2200 3786 3832 3797  
  2201 3772 3786 3722  
  2202 3797 3832 3850  
  2203 3786 3797 3734  
  2204 3722 3786 3734  
  2205 3722 3734 3671  
  2206 3772 3722 3708  
  2207 3671 3734 3690  
  2208 3722 3671 3659  
  2209 3747 3772 3708  
  2210 3747 3708 3680  
  2211 3739 3747 3680  
  2212 3850 3832 3884  
  2213 3850 3884 3892  
  2214 3850 3892 3829  
  2215 3850 3829 3797  
  2216 3884 3832 3872  
  2217 3892 3884 3935  
  2218 3829 3892 3900  
  2219 3884 3872 3929  
  2220 3900 3892 3942  
  2221 3734 3797 3751  
  2222 1996 1937 2009  
  2223 2009 1937 1935  
  2224 2009 1935 2031  
  2225 2031 1935 1963  
  2226 2009 2031 2082  
  2227 2082 2031 2102  
  2228 2009 2082 2074  
  2229 2102 2031 2047  
  2230 2082 2102 2152  
  2231 2152 2102 2192  
  2232 2082 2152 2147  
  2233 2152 2192 2225  
  2234 2047 2031 1963  
  2235 2047 1963 1988  
  2236 1988 1963 1901  
  2237 2047 1988 2072  
  2238 2102 2047 2119  
  2239 1818 1766 1844  
  2240 1305 1353 1287  
  2241 1320 1276 1344  
  2242 3742 3749 3691  
  2243 3691 3749 3700  
  2244 3700 3749 3774  
  2245 3691 3700 3638  
  2246 1838 1876 1935  
  2247 827 876 892  
  2248 2426 2496 2419  
  2249 3815 3762 3829  
  2250 3539 3469 3529  
  2251 2571 2498 2483  
  2252 3778 3733 3813  
  2253 1963 1935 1876  
  2254 2351 2353 2281  
  2255 2871 2791 2818  
  2256 848 821 772  
  2257 1863 1802 1785  
  2258 2498 2426 2439  
  2259 246 285 261  
  2260 2560 2571 2632  
  2261 2632 2571 2643  
  2262 253 270 218  
  2263 2423 2351 2419  
  2264 2419 2351 2345  
  2265 2345 2351 2280  
  2266 2419 2345 2426  
  2267 3399 3379 3470  
  2268 234 246 208  
  2269 226 246 261  
  2270 545 539 590  
  2271 2047 2072 2119  
  2272 2119 2072 2144  
  2273 2144 2072 2089  
  2274 2119 2144 2206  
  2275 2345 2280 2274  
  2276 1333 1364 1409  
  2277 2873 2901 2820  
  2278 3483 3542 3471  
  2279 1258 1223 1191  
  2280 3161 3246 3221  
  2281 1936 1863 1941  
  2282 1871 1863 1785  
  2283 3568 3531 3495  
  2284 295 258 289  
  2285 576 563 614  
  2286 1223 1305 1287  
  2287 1223 1287 1226  
  2288 1226 1287 1257  
  2289 2298 2354 2375  
  2290 3601 3680 3635  
  2291 911 848 882  
  2292 822 848 772  
  2293 3349 3399 3416  
  2294 3465 3399 3470  
  2295 3499 3432 3448  
  2296 1325 1286 1355  
  2297 3102 3086 3024  
  2298 2072 1988 2010  
  2299 498 446 456  
  2300 280 253 244  
  2301 222 253 218  
  2302 3691 3638 3627  
  2303 263 295 301  
  2304 3531 3601 3563  
  2305 3638 3700 3645  
  2306 1296 1333 1266  
  2307 2901 2935 2857  
  2308 3753 3778 3810  
  2309 3834 3778 3813  
  2310 1286 1258 1215  
  2311 2921 2871 2952  
  2312 2906 2871 2818  
  2313 2277 2298 2220  
  2314 258 215 251  
  2315 539 498 496  
  2316 563 550 598  
  2317 1764 1838 1806  
  2318 1882 1838 1935  
  2319 3086 3161 3146  
  2320 2354 2436 2438  
  2321 3561 3539 3608  
  2322 3587 3539 3529  
  2323 1364 1403 1437  
  2324 2950 2873 2915  
  2325 1403 1320 1344  
  2326 1403 1344 1408  
  2327 1408 1344 1382  
  2328 3432 3483 3413  
  2329 2280 2351 2281  
  2330 2280 2281 2213  
  2331 2213 2281 2206  
  2332 2280 2213 2210  
  2333 3816 3815 3864  
  2334 3869 3815 3829  
  2335 773 827 778  
  2336 828 827 892  
  2337 522 576 537  
  2338 3223 3284 3188  
  2339 2280 2210 2274  
  2340 2274 2210 2208  
  2341 2208 2210 2109  
  2342 2274 2208 2300  
  2343 2109 2210 2159  
  2344 2300 2208 2212  
  2345 2210 2213 2159  
  2346 2159 2213 2144  
  2347 2144 2213 2206  
  2348 2159 2144 2089  
  2349 2159 2089 2109  
  2350 3697 3685 3613  
  2351 1406 1326 1353  
  2352 510 459 511  
  2353 3477 3443 3512  
  2354 3512 3443 3471  
  2355 3723 3758 3667  
  2356 3860 3875 3796  
  2357 3160 3118 3063  
  2358 2274 2300 2361  
  2359 3722 3659 3708  
  2360 3708 3659 3635  
  2361 411 443 466  
  2362 1233 1311 1276  
  2363 2314 2405 2316  
  2364 2208 2109 2136  
  2365 369 415 399  
  2366 399 415 456  
  2367 170 159 201  
  2368 1876 1901 1963  
  2369 2738 2674 2653  
  2370 1598 1673 1630  
  2371 3671 3690 3605  
  2372 2791 2717 2725  
  2373 2725 2717 2648  
  2374 2648 2717 2679  
  2375 2725 2648 2654  
  2376 2679 2717 2767  
  2377 699 754 767  
  2378 3316 3356 3283  
  2379 3702 3694 3639  
  2380 2590 2516 2521  
  2381 2521 2516 2438  
  2382 265 277 302  
  2383 3762 3704 3751  
  2384 3751 3704 3690  
  2385 3690 3704 3644  
  2386 3751 3690 3734  
  2387 3644 3704 3709  
  2388 386 353 397  
  2389 3733 3696 3750  
  2390 3750 3696 3694  
  2391 3694 3696 3632  
  2392 3750 3694 3752  
  2393 3632 3696 3669  
  2394 876 920 942  
  2395 942 920 980  
  2396 980 920 929  
  2397 942 980 1009  
  2398 929 920 866  
  2399 2584 2648 2578  
  2400 1572 1520 1499  
  2401 1499 1520 1437  
  2402 658 652 607  
  2403 607 652 598  
  2404 2811 2798 2877  
  2405 2877 2798 2857  
  2406 3759 3711 3775  
  2407 3775 3711 3721  
  2408 3721 3711 3665  
  2409 3775 3721 3774  
  2410 3774 3721 3700  
  2411 228 255 217  
  2412 217 255 251  
  2413 1112 1047 1089  
  2414 3469 3394 3431  
  2415 3431 3394 3356  
  2416 3356 3394 3303  
  2417 3431 3356 3391  
  2418 3362 3394 3428  
  2419 3406 3374 3312  
  2420 3347 3277 3313  
  2421 3313 3277 3221  
  2422 2288 2192 2295  
  2423 2295 2192 2206  
  2424 353 343 312  
  2425 353 312 325  
  2426 325 312 285  
  2427 353 325 358  
  2428 358 325 309  
  2429 2516 2584 2517  
  2430 3346 3302 3276  
  2431 3346 3276 3374  
  2432 3346 3374 3415  
  2433 3346 3415 3379  
  2434 3415 3374 3449  
  2435 1072 1112 1137  
  2436 1137 1112 1191  
  2437 754 707 764  
  2438 754 764 806  
  2439 806 764 821  
  2440 754 806 825  
  2441 825 806 864  
  2442 1802 1745 1722  
  2443 1722 1745 1673  
  2444 1673 1745 1735  
  2445 1722 1673 1641  
  2446 1735 1745 1815  
  2447 255 265 291  
  2448 277 238 250  
  2449 277 250 284  
  2450 284 250 270  
  2451 277 284 319  
  2452 319 284 307  
  2453 1520 1598 1550  
  2454 2798 2738 2719  
  2455 652 699 697  
  2456 3118 3064 3018  
  2457 1901 1818 1844  
  2458 1901 1844 1922  
  2459 1922 1844 1872  
  2460 1901 1922 1988  
  2461 3659 3671 3617  
  2462 443 488 499  
  2463 3711 3702 3650  
  2464 2405 2474 2393  
  2465 415 386 432  
  2466 159 158 198  
  2467 459 417 467  
  2468 1047 980 1013  
  2469 3443 3406 3369  
  2470 3758 3782 3699  
  2471 3875 3873 3802  
  2472 3685 3660 3599  
  2473 3277 3316 3257  
  2474 3284 3332 3242  
  2475 2752 2802 2722  
  2476 3424 3466 3495  
  2477 3424 3495 3458  
  2478 3458 3495 3531  
  2479 3424 3458 3386  
  2480 2119 2206 2192  
  2481 3560 3566 3504  
  2482 420 444 455  
  2483 420 455 451  
  2484 1429 1355 1381  
  2485 1381 1355 1310  
  2486 1310 1355 1286  
  2487 1381 1310 1340  
  2488 639 640 590  
  2489 639 590 589  
  2490 589 590 539  
  2491 639 589 642  
  2492 1872 1844 1789  
  2493 3109 3057 3033  
  2494 3109 3033 3047  
  2495 3398 3372 3324  
  2496 1457 1381 1415  
  2497 1913 1997 1930  
  2498 1913 1930 1868  
  2499 3291 3319 3244  
  2500 3683 3691 3627  
  2501 3397 3467 3448  
  2502 3397 3448 3380  
  2503 3380 3448 3432  
  2504 3397 3380 3323  
  2505 999 1081 1049  
  2506 792 736 794  
  2507 2947 2963 3024  
  2508 2947 3024 3006  
  2509 3006 3024 3086  
  2510 2947 3006 2924  
  2511 942 973 892  
  2512 2630 2632 2731  
  2513 2885 2968 2915  
  2514 2885 2915 2838  
  2515 2838 2915 2873  
  2516 2885 2838 2804  
  2517 3521 3502 3441  
  2518 1940 2015 1938  
  2519 764 717 772  
  2520 1003 1078 1038  
  2521 1003 1038 999  
  2522 3525 3503 3461  
  2523 3525 3461 3453  
  2524 250 210 218  
  2525 400 393 437  
  2526 554 508 537  
  2527 554 537 591  
  2528 591 537 576  
  2529 554 591 610  
  2530 1174 1243 1220  
  2531 2971 2914 2891  
  2532 346 310 301  
  2533 346 301 337  
  2534 337 301 295  
  2535 346 337 377  
  2536 3377 3410 3339  
  2537 3377 3339 3286  
  2538 1225 1296 1266  
  2539 2155 2138 2220  
  2540 2155 2220 2233  
  2541 2233 2220 2298  
  2542 2155 2233 2170  
  2543 793 732 789  
  2544 793 789 833  
  2545 504 535 561  
  2546 2496 2489 2419  
  2547 3024 3039 3102  
  2548 3364 3395 3319  
  2549 3789 3840 3860  
  2550 1595 1668 1646  
  2551 1595 1646 1562  
  2552 734 689 736  
  2553 367 392 348  
  2554 367 348 327  
  2555 3448 3513 3499  
  2556 1426 1479 1406  
  2557 3495 3533 3568  
  2558 3622 3627 3566  
  2559 3566 3627 3573  
  2560 3573 3627 3638  
  2561 3566 3573 3506  
  2562 3445 3419 3372  
  2563 2102 2119 2192  
  2564 1147 1104 1174  
  2565 590 592 545  
  2566 2829 2886 2802  
  2567 2992 2932 2914  
  2568 3500 3559 3560  
  2569 2220 2200 2277  
  2570 1208 1160 1233  
  2571 301 273 263  
  2572 487 518 535  
  2573 1494 1533 1457  
  2574 2915 2995 2950  
  2575 1722 1691 1785  
  2576 360 351 393  
  2577 1198 1266 1243  
  2578 1243 1266 1312  
  2579 1312 1266 1333  
  2580 1243 1312 1289  
  2581 2000 2079 2015  
  2582 2725 2724 2818  
  2583 2780 2709 2787  
  2584 2780 2787 2852  
  2585 537 490 522  
  2586 3395 3424 3348  
  2587 1868 1940 1873  
  2588 3415 3485 3470  
  2589 689 639 691  
  2590 3750 3799 3813  
  2591 392 400 438  
  2592 1668 1569 1611  
  2593 3047 2971 2931  
  2594 2886 2947 2870  
  2595 3419 3397 3344  
  2596 451 504 516  
  2597 2932 2885 2855  
  2598 3286 3291 3219  
  2599 3557 3521 3606  
  2600 3557 3606 3615  
  2601 833 792 847  
  2602 518 554 571  
  2603 1396 1325 1355  
  2604 1922 1872 1950  
  2605 351 346 387  
  2606 3453 3398 3353  
  2607 2079 2155 2094  
  2608 2709 2752 2672  
  2609 3636 3674 3723  
  2610 2089 2072 2010  
  2611 2089 2010 2029  
  2612 2029 2010 1922  
  2613 2089 2029 2109  
  2614 557 567 510  
  2615 1569 1494 1531  
  2616 3624 3692 3697  
  2617 1081 1147 1122  
  2618 312 296 261  
  2619 3126 3147 3223  
  2620 3105 3184 3160  
  2621 3502 3500 3437  
  2622 3751 3797 3829  
  2623 3431 3464 3529  
  2624 434 390 411  
  2625 209 185 170  
  2626 2242 2232 2314  
  2627 3607 3562 3632  
  2628 2901 2857 2820  
  2629 697 699 767  
  2630 2516 2517 2446  
  2631 3566 3506 3504  
  2632 3504 3506 3447  
  2633 3447 3506 3454  
  2634 3504 3447 3426  
  2635 2596 2541 2494  
  2636 3671 3605 3617  
  2637 1381 1340 1415  
  2638 1415 1340 1372  
  2639 1372 1340 1302  
  2640 1415 1372 1447  
  2641 289 258 251  
  2642 2584 2578 2517  
  2643 397 353 358  
  2644 1047 1013 1089  
  2645 563 598 614  
  2646 3312 3374 3276  
  2647 2748 2658 2679  
  2648 2885 2804 2855  
  2649 2855 2804 2775  
  2650 2775 2804 2720  
  2651 2855 2775 2834  
  2652 1287 1353 1326  
  2653 386 397 432  
  2654 857 900 929  
  2655 1630 1673 1735  
  2656 3711 3650 3665  
  2657 3665 3650 3596  
  2658 3596 3650 3576  
  2659 3665 3596 3645  
  2660 3665 3645 3721  
  2661 1520 1550 1475  
  2662 1344 1276 1311  
  2663 767 754 825  
  2664 3397 3323 3344  
  2665 3344 3323 3275  
  2666 3275 3323 3247  
  2667 3344 3275 3296  
  2668 2298 2375 2311  
  2669 3639 3694 3632  
  2670 3653 3585 3644  
  2671 1191 1223 1137  
  2672 3277 3257 3201  
  2673 3388 3321 3362  
  2674 2354 2438 2375  
  2675 3531 3563 3493  
  2676 2578 2648 2679  
  2677 346 377 387  
  2678 387 377 423  
  2679 423 377 413  
  2680 387 423 430  
  2681 1598 1630 1550  
  2682 1112 1089 1149  
  2683 1766 1789 1844  
  2684 1286 1215 1240  
  2685 3659 3617 3597  
  2686 2439 2426 2361  
  2687 1243 1289 1220  
  2688 1220 1289 1261  
  2689 1261 1289 1342  
  2690 1220 1261 1196  
  2691 334 379 358  
  2692 639 642 691  
  2693 691 642 694  
  2694 694 642 637  
  2695 691 694 735  
  2696 3283 3356 3303  
  2697 2653 2596 2557  
  2698 3086 3146 3074  
  2699 3443 3369 3408  
  2700 3471 3542 3512  
  2701 255 291 282  
  2702 1825 1771 1735  
  2703 498 456 496  
  2704 554 610 571  
  2705 571 610 623  
  2706 623 610 665  
  2707 571 623 601  
  2708 903 886 825  
  2709 1409 1364 1437  
  2710 415 432 453  
  2711 352 374 319  
  2712 539 496 538  
  2713 2541 2622 2571  
  2714 302 277 319  
  2715 2947 2924 2870  
  2716 2870 2924 2832  
  2717 2832 2924 2896  
  2718 2870 2832 2789  
  2719 3601 3635 3563  
  2720 291 265 302  
  2721 3221 3246 3313  
  2722 3424 3386 3348  
  2723 3348 3386 3311  
  2724 3311 3386 3338  
  2725 3348 3311 3278  
  2726 3231 3199 3276  
  2727 3638 3645 3584  
  2728 2155 2170 2094  
  2729 2094 2170 2108  
  2730 2108 2170 2188  
  2731 2094 2108 2026  
  2732 2483 2498 2439  
  2733 2719 2738 2653  
  2734 1789 1713 1753  
  2735 1215 1258 1191  
  2736 652 697 645  
  2737 467 511 459  
  2738 3605 3690 3644  
  2739 1289 1312 1356  
  2740 379 363 408  
  2741 295 289 335  
  2742 642 589 597  
  2743 3802 3796 3875  
  2744 2873 2820 2786  
  2745 3369 3406 3312  
  2746 1771 1845 1778  
  2747 3146 3161 3221  
  2748 456 446 399  
  2749 610 591 647  
  2750 3699 3667 3758  
  2751 886 946 936  
  2752 2345 2274 2361  
  2753 2345 2361 2426  
  2754 3242 3188 3284  
  2755 3635 3680 3708  
  2756 2924 3006 2982  
  2757 374 396 418  
  2758 3702 3639 3650  
  2759 3386 3458 3414  
  2760 3599 3613 3685  
  2761 1437 1403 1499  
  2762 3199 3152 3123  
  2763 3413 3483 3471  
  2764 2170 2233 2247  
  2765 3645 3700 3721  
  2766 900 845 891  
  2767 251 215 217  
  2768 576 614 625  
  2769 3323 3380 3294  
  2770 499 466 443  
  2771 3316 3283 3257  
  2772 3585 3594 3538  
  2773 2438 2436 2521  
  2774 3018 3063 3118  
  2775 377 337 373  
  2776 3321 3337 3266  
  2777 1333 1409 1402  
  2778 1013 980 929  
  2779 2393 2316 2405  
  2780 598 550 607  
  2781 2658 2726 2637  
  2782 2010 1988 1922  
  2783 2804 2838 2754  
  2784 198 201 159  
  2785 1340 1310 1253  
  2786 3562 3540 3501  
  2787 3432 3413 3351  
  2788 2857 2935 2877  
  2789 3506 3573 3507  
  2790 2571 2483 2541  
  2791 2798 2719 2790  
  2792 2212 2208 2136  
  2793 453 432 482  
  2794 2188 2170 2247  
  2795 2188 2247 2270  
  2796 2270 2247 2318  
  2797 2188 2270 2223  
  2798 3501 3540 3453  
  2799 482 432 439  
  2800 453 482 496  
  2801 453 496 456  
  2802 453 456 415  
  2803 2270 2318 2347  
  2804 439 432 397  
  2805 482 439 491  
  2806 2347 2318 2399  
  2807 491 439 465  
  2808 482 491 521  
  2809 2399 2318 2383  
  2810 2347 2399 2422  
  2811 465 439 412  
  2812 521 491 542  
  2813 2383 2318 2311  
  2814 2383 2311 2375  
  2815 2422 2399 2507  
  2816 412 439 397  
  2817 542 491 513  
  2818 2507 2399 2459  
  2819 513 491 465  
  2820 542 513 565  
  2821 2459 2399 2383  
  2822 2507 2459 2578  
  2823 565 513 532  
  2824 542 565 595  
  2825 532 513 483  
  2826 565 532 586  
  2827 595 565 619  
  2828 542 595 579  
  2829 483 513 465  
  2830 586 532 555  
  2831 619 565 586  
  2832 579 595 637  
  2833 555 532 506  
  2834 586 555 611  
  2835 619 586 643  
  2836 506 532 483  
  2837 555 506 527  
  2838 611 555 581  
  2839 643 586 611  
  2840 506 483 458  
  2841 527 506 478  
  2842 581 555 527  
  2843 643 611 680  
  2844 458 483 436  
  2845 478 506 458  
  2846 581 527 553  
  2847 680 611 633  
  2848 436 483 465  
  2849 478 458 435  
  2850 553 527 503  
  2851 633 611 581  
  2852 436 465 412  
  2853 435 458 408  
  2854 435 408 392  
  2855 435 392 438  
  2856 503 527 478  
  2857 436 412 379  
  2858 3338 3386 3414  
  2859 3338 3414 3378  
  2860 3378 3414 3452  
  2861 3338 3378 3300  
  2862 3452 3414 3493  
  2863 3378 3452 3409  
  2864 3338 3300 3264  
  2865 3409 3452 3479  
  2866 3378 3409 3331  
  2867 3264 3300 3225  
  2868 3479 3452 3518  
  2869 3331 3409 3367  
  2870 3225 3300 3259  
  2871 3264 3225 3191  
  2872 3518 3452 3493  
  2873 3518 3493 3563  
  2874 3367 3409 3442  
  2875 3259 3300 3331  
  2876 3191 3225 3148  
  2877 3442 3409 3479  
  2878 3367 3442 3405  
  2879 3148 3225 3181  
  2880 3191 3148 3114  
  2881 3405 3442 3476  
  2882 3367 3405 3329  
  2883 3181 3225 3259  
  2884 3114 3148 3068  
  2885 3476 3442 3519  
  2886 3329 3405 3366  
  2887 3181 3259 3218  
  2888 3068 3148 3108  
  2889 3519 3442 3479  
  2890 3366 3405 3439  
  2891 3218 3259 3293  
  2892 3108 3148 3181  
  2893 3519 3479 3548  
  2894 3439 3405 3476  
  2895 3293 3259 3331  
  2896 3108 3181 3141  
  2897 3548 3479 3518  
  2898 3141 3181 3218  
  2899 3108 3141 3062  
  2900 3141 3218 3176  
  2901 3062 3141 3099  
  2902 3108 3062 3029  
  2903 3176 3218 3256  
  2904 3099 3141 3176  
  2905 3029 3062 2980  
  2906 3108 3029 3068  
  2907 3256 3218 3293  
  2908 2980 3062 3023  
  2909 3029 2980 2946  
  2910 3068 3029 2990  
  2911 3256 3293 3329  
  2912 3023 3062 3099  
  2913 2946 2980 2899  
  2914 2990 3029 2946  
  2915 3023 3099 3059  
  2916 2899 2980 2936  
  2917 2990 2946 2907  
  2918 3059 3099 3134  
  2919 2936 2980 3023  
  2920 2899 2936 2856  
  2921 2907 2946 2861  
  2922 3134 3099 3176  
  2923 2856 2936 2894  
  2924 2899 2856 2814  
  2925 2861 2946 2899  
  2926 2894 2936 2975  
  2927 2856 2894 2812  
  2928 2814 2856 2774  
  2929 2975 2936 3023  
  2930 2894 2975 2933  
  2931 2812 2894 2854  
  2932 2774 2856 2812  
  2933 2975 3023 3059  
  2934 2933 2975 3021  
  2935 2854 2894 2933  
  2936 2774 2812 2735  
  2937 3021 2975 3059  
  2938 2933 3021 2977  
  2939 2854 2933 2895  
  2940 2735 2812 2773  
  2941 2977 3021 3061  
  2942 2933 2977 2895  
  2943 2773 2812 2854  
  2944 3061 3021 3098  
  2945 2895 2977 2941  
  2946 2773 2854 2813  
  2947 3098 3021 3059  
  2948 3061 3098 3136  
  2949 2941 2977 3026  
  2950 2813 2854 2895  
  2951 3136 3098 3174  
  2952 3061 3136 3104  
  2953 3026 2977 3061  
  2954 2813 2895 2858  
  2955 3174 3098 3134  
  2956 3104 3136 3180  
  2957 2858 2895 2941  
  2958 2813 2858 2776  
  2959 3134 3098 3059  
  2960 3180 3136 3214  
  2961 2776 2858 2821  
  2962 2813 2776 2736  
  2963 3214 3136 3174  
  2964 2821 2858 2902  
  2965 2736 2776 2695  
  2966 2813 2736 2773  
  2967 2902 2858 2941  
  2968 2821 2902 2869  
  2969 2695 2776 2742  
  2970 2773 2736 2692  
  2971 2902 2941 2986  
  2972 2869 2902 2948  
  2973 2742 2776 2821  
  2974 2692 2736 2656  
  2975 2986 2941 3026  
  2976 2948 2902 2986  
  2977 2656 2736 2695  
  2978 2692 2656 2612  
  2979 2948 2986 3030  
  2980 2612 2656 2573  
  2981 2692 2612 2652  
  2982 3030 2986 3066  
  2983 2573 2656 2617  
  2984 2612 2573 2527  
  2985 2652 2612 2572  
  2986 3066 2986 3026  
  2987 2617 2656 2695  
  2988 2527 2573 2490  
  2989 2572 2612 2527  
  2990 3066 3026 3104  
  2991 2490 2573 2531  
  2992 2527 2490 2449  
  2993 2572 2527 2488  
  2994 3104 3026 3061  
  2995 2531 2573 2617  
  2996 2449 2490 2409  
  2997 2488 2527 2449  
  2998 2531 2617 2579  
  2999 2409 2490 2454  
  3000 2449 2409 2366  
  3001 2579 2617 2661  
  3002 2531 2579 2499  
  3003 2454 2490 2531  
  3004 2661 2617 2695  
  3005 2531 2499 2454  
  3006 2661 2695 2742  
  3007 2454 2499 2416  
  3008 2416 2499 2458  
  3009 2458 2499 2538  
  3010 2416 2458 2380  
  3011 2538 2499 2579  
  3012 2380 2458 2425  
  3013 2416 2380 2329  
  3014 2425 2458 2509  
  3015 2380 2425 2340  
  3016 2329 2380 2301  
  3017 2509 2458 2538  
  3018 2340 2425 2388  
  3019 2301 2380 2340  
  3020 2388 2425 2468  
  3021 2340 2388 2307  
  3022 2468 2425 2509  
  3023 2388 2468 2443  
  3024 2307 2388 2356  
  3025 2443 2468 2520  
  3026 2388 2443 2356  
  3027 2520 2468 2547  
  3028 2356 2443 2404  
  3029 2547 2468 2509  
  3030 2520 2547 2600  
  3031 2404 2443 2485  
  3032 2600 2547 2633  
  3033 2520 2600 2564  
  3034 2485 2443 2520  
  3035 2633 2547 2586  
  3036 2564 2600 2647  
  3037 2485 2520 2564  
  3038 2586 2547 2509  
  3039 2647 2600 2682  
  3040 2586 2509 2538  
  3041 2682 2600 2633  
  3042 2586 2538 2623  
  3043 2682 2633 2711  
  3044 2623 2538 2579  
  3045 2711 2633 2669  
  3046 2623 2579 2661  
  3047 2669 2633 2586  
  3048 2623 2661 2701  
  3049 2701 2661 2742  
  3050 2623 2701 2669  
  3051 2669 2701 2751  
  3052 2623 2669 2586  
  3053 2751 2701 2783  
  3054 2783 2701 2742  
  3055 2751 2783 2833  
  3056 2783 2742 2821  
  3057 2833 2783 2869  
  3058 2783 2821 2869  
  3059 2366 2409 2322  
  3060 2322 2409 2371  
  3061 2366 2322 2284  
  3062 2371 2409 2454  
  3063 2284 2322 2245  
  3064 2371 2454 2416  
  3065 2245 2322 2289  
  3066 2371 2416 2329  
  3067 2289 2322 2371  
  3068 2371 2329 2289  
  3069 2289 2329 2251  
  3070 2251 2329 2301  
  3071 2289 2251 2207  
  3072 2251 2301 2221  
  3073 2207 2251 2171  
  3074 2221 2301 2261  
  3075 2251 2221 2171  
  3076 2261 2301 2340  
  3077 2171 2221 2133  
  3078 2261 2340 2307  
  3079 2133 2221 2180  
  3080 2261 2307 2231  
  3081 2180 2221 2261  
  3082 2231 2307 2271  
  3083 2261 2231 2180  
  3084 2271 2307 2356  
  3085 2180 2231 2150  
  3086 2271 2356 2319  
  3087 2150 2231 2190  
  3088 2180 2150 2100  
  3089 2319 2356 2404  
  3090 2190 2231 2271  
  3091 2100 2150 2068  
  3092 2319 2404 2378  
  3093 2190 2271 2243  
  3094 2068 2150 2111  
  3095 2378 2404 2457  
  3096 2243 2271 2319  
  3097 2111 2150 2190  
  3098 2457 2404 2485  
  3099 2243 2319 2297  
  3100 2111 2190 2164  
  3101 2457 2485 2534  
  3102 2297 2319 2378  
  3103 2164 2190 2243  
  3104 2534 2485 2564  
  3105 2297 2378 2343  
  3106 2164 2243 2216  
  3107 2534 2564 2619  
  3108 2343 2378 2427  
  3109 2216 2243 2297  
  3110 2619 2564 2647  
  3111 2427 2378 2457  
  3112 2619 2647 2696  
  3113 2427 2457 2511  
  3114 2696 2647 2729  
  3115 2511 2457 2534  
  3116 2729 2647 2682  
  3117 2696 2729 2777  
  3118 2729 2682 2762  
  3119 2777 2729 2810  
  3120 2762 2682 2711  
  3121 2729 2762 2810  
  3122 2762 2711 2795  
  3123 2810 2762 2843  
  3124 2795 2711 2751  
  3125 2762 2795 2843  
  3126 2751 2711 2669  
  3127 2843 2795 2878  
  3128 2878 2795 2833  
  3129 2843 2878 2923  
  3130 2833 2795 2751  
  3131 2923 2878 2957  
  3132 2957 2878 2913  
  3133 2923 2957 3008  
  3134 2913 2878 2833  
  3135 2957 2913 2993  
  3136 3008 2957 3038  
  3137 2993 2913 2948  
  3138 2957 2993 3038  
  3139 2948 2913 2869  
  3140 3038 2993 3076  
  3141 2869 2913 2833  
  3142 3076 2993 3030  
  3143 3030 2993 2948  
  3144 3076 3030 3110  
  3145 3110 3030 3066  
  3146 3076 3110 3153  
  3147 3110 3066 3144  
  3148 3153 3110 3187  
  3149 3144 3066 3104  
  3150 3187 3110 3144  
  3151 3153 3187 3233  
  3152 3187 3144 3222  
  3153 3233 3187 3261  
  3154 3222 3144 3180  
  3155 3187 3222 3261  
  3156 3180 3144 3104  
  3157 3261 3222 3295  
  3158 3295 3222 3258  
  3159 3258 3222 3180  
  3160 3295 3258 3330  
  3161 3258 3180 3214  
  3162 3330 3258 3290  
  3163 3258 3214 3290  
  3164 3290 3214 3254  
  3165 3254 3214 3174  
  3166 3290 3254 3328  
  3167 3254 3174 3212  
  3168 3328 3254 3288  
  3169 3290 3328 3375  
  3170 3212 3174 3134  
  3171 3288 3254 3212  
  3172 3375 3328 3404  
  3173 3212 3134 3176  
  3174 3404 3328 3366  
  3175 3404 3366 3439  
  3176 3375 3404 3438  
  3177 3212 3176 3256  
  3178 3438 3404 3475  
  3179 3212 3256 3288  
  3180 3475 3404 3439  
  3181 3475 3439 3511  
  3182 3511 3439 3476  
  3183 3475 3511 3538  
  3184 3475 3538 3521  
  3185 3438 3475 3521  
  3186 3288 3256 3329  
  3187 2289 2207 2245  
  3188 2245 2207 2166  
  3189 2166 2207 2125  
  3190 2245 2166 2203  
  3191 2125 2207 2171  
  3192 2203 2166 2120  
  3193 2125 2171 2091  
  3194 2120 2166 2087  
  3195 2091 2171 2133  
  3196 2087 2166 2125  
  3197 2091 2133 2054  
  3198 2087 2125 2045  
  3199 2054 2133 2100  
  3200 2045 2125 2091  
  3201 2100 2133 2180  
  3202 2054 2100 2017  
  3203 2017 2100 2068  
  3204 2054 2017 1970  
  3205 2017 2068 1986  
  3206 1970 2017 1939  
  3207 1986 2068 2033  
  3208 1939 2017 1986  
  3209 2033 2068 2111  
  3210 1986 2033 1951  
  3211 2033 2111 2085  
  3212 1951 2033 2003  
  3213 2085 2111 2164  
  3214 2033 2085 2003  
  3215 2003 2085 2053  
  3216 2053 2085 2131  
  3217 2003 2053 1971  
  3218 2131 2085 2164  
  3219 2053 2131 2101  
  3220 1971 2053 2024  
  3221 2131 2164 2216  
  3222 2101 2131 2184  
  3223 2024 2053 2101  
  3224 2184 2131 2216  
  3225 2101 2184 2158  
  3226 2024 2101 2078  
  3227 2158 2184 2239  
  3228 2101 2158 2078  
  3229 2239 2184 2264  
  3230 2078 2158 2129  
  3231 2264 2184 2216  
  3232 2239 2264 2313  
  3233 2129 2158 2209  
  3234 2313 2264 2343  
  3235 2239 2313 2291  
  3236 2209 2158 2239  
  3237 2343 2264 2297  
  3238 2291 2313 2370  
  3239 2297 2264 2216  
  3240 2370 2313 2395  
  3241 2395 2313 2343  
  3242 2370 2395 2453  
  3243 2395 2343 2427  
  3244 2453 2395 2475  
  3245 2395 2427 2475  
  3246 2453 2475 2528  
  3247 2475 2427 2511  
  3248 2528 2475 2555  
  3249 2453 2528 2508  
  3250 2475 2511 2555  
  3251 2508 2528 2585  
  3252 2555 2511 2588  
  3253 2585 2528 2610  
  3254 2508 2585 2556  
  3255 2588 2511 2534  
  3256 2610 2528 2555  
  3257 2556 2585 2636  
  3258 2588 2534 2619  
  3259 2636 2585 2664  
  3260 2556 2636 2615  
  3261 2664 2585 2610  
  3262 2636 2664 2712  
  3263 2615 2636 2691  
  3264 2664 2610 2688  
  3265 2712 2664 2746  
  3266 2691 2636 2712  
  3267 2688 2610 2638  
  3268 2746 2664 2688  
  3269 2691 2712 2771  
  3270 2638 2610 2555  
  3271 2771 2712 2796  
  3272 2691 2771 2750  
  3273 2796 2712 2746  
  3274 2771 2796 2850  
  3275 2750 2771 2827  
  3276 2796 2746 2822  
  3277 2850 2796 2879  
  3278 2827 2771 2850  
  3279 2822 2746 2770  
  3280 2879 2796 2822  
  3281 2770 2746 2688  
  3282 2822 2770 2849  
  3283 2770 2688 2713  
  3284 2849 2770 2797  
  3285 2713 2688 2638  
  3286 2770 2713 2797  
  3287 2797 2713 2749  
  3288 2749 2713 2668  
  3289 2797 2749 2830  
  3290 2668 2713 2638  
  3291 2749 2668 2696  
  3292 2830 2749 2777  
  3293 2696 2668 2619  
  3294 2749 2696 2777  
  3295 2619 2668 2588  
  3296 2588 2668 2638  
  3297 2588 2638 2555  
  3298 3076 3153 3119  
  3299 3119 3153 3196  
  3300 3076 3119 3038  
  3301 3196 3153 3233  
  3302 3038 3119 3085  
  3303 3085 3119 3162  
  3304 3038 3085 3008  
  3305 3162 3119 3196  
  3306 3008 3085 3054  
  3307 3162 3196 3238  
  3308 3054 3085 3130  
  3309 3238 3196 3271  
  3310 3130 3085 3162  
  3311 3271 3196 3233  
  3312 3130 3162 3205  
  3313 3205 3162 3238  
  3314 3130 3205 3175  
  3315 3205 3238 3282  
  3316 3175 3205 3253  
  3317 3282 3238 3315  
  3318 3253 3205 3282  
  3319 3315 3238 3271  
  3320 3282 3315 3355  
  3321 3315 3271 3361  
  3322 3355 3315 3384  
  3323 3361 3271 3306  
  3324 3315 3361 3384  
  3325 3306 3271 3233  
  3326 3384 3361 3454  
  3327 3306 3233 3261  
  3328 3306 3261 3336  
  3329 3336 3261 3295  
  3330 3306 3336 3382  
  3331 3336 3295 3373  
  3332 3382 3336 3426  
  3333 3373 3295 3330  
  3334 3373 3330 3441  
  3335 2091 2054 2008  
  3336 2008 2054 1970  
  3337 2091 2008 2045  
  3338 2008 1970 1929  
  3339 2045 2008 1964  
  3340 1929 1970 1892  
  3341 1964 2008 1929  
  3342 1892 1970 1939  
  3343 1964 1929 1886  
  3344 1892 1939 1858  
  3345 1886 1929 1847  
  3346 1858 1939 1903  
  3347 1847 1929 1892  
  3348 1886 1847 1805  
  3349 1903 1939 1986  
  3350 1805 1847 1768  
  3351 1886 1805 1837  
  3352 1768 1847 1814  
  3353 1805 1768 1730  
  3354 1837 1805 1760  
  3355 1814 1847 1892  
  3356 1730 1768 1689  
  3357 1760 1805 1730  
  3358 1814 1892 1858  
  3359 1689 1768 1737  
  3360 1760 1730 1680  
  3361 1814 1858 1780  
  3362 1737 1768 1814  
  3363 1680 1730 1649  
  3364 1780 1858 1822  
  3365 1649 1730 1689  
  3366 1680 1649 1607  
  3367 1822 1858 1903  
  3368 1649 1689 1614  
  3369 1607 1649 1570  
  3370 1822 1903 1874  
  3371 1614 1689 1657  
  3372 1570 1649 1614  
  3373 1874 1903 1951  
  3374 1657 1689 1737  
  3375 1951 1903 1986  
  3376 1874 1951 1920  
  3377 1920 1951 2003  
  3378 1874 1920 1840  
  3379 1920 2003 1971  
  3380 1840 1920 1894  
  3381 1920 1971 1894  
  3382 1894 1971 1947  
  3383 1947 1971 2024  
  3384 1894 1947 1866  
  3385 1947 2024 1993  
  3386 1866 1947 1915  
  3387 1993 2024 2078  
  3388 1947 1993 1915  
  3389 1915 1993 1969  
  3390 1969 1993 2050  
  3391 1915 1969 1893  
  3392 2050 1993 2078  
  3393 1969 2050 2027  
  3394 1893 1969 1948  
  3395 2050 2078 2129  
  3396 2027 2050 2103  
  3397 1948 1969 2027  
  3398 2050 2129 2103  
  3399 1948 2027 2004  
  3400 2103 2129 2185  
  3401 2004 2027 2083  
  3402 1948 2004 1925  
  3403 2185 2129 2209  
  3404 2083 2027 2103  
  3405 1925 2004 1978  
  3406 2083 2103 2163  
  3407 1978 2004 2060  
  3408 1925 1978 1900  
  3409 2163 2103 2185  
  3410 2060 2004 2083  
  3411 1900 1978 1956  
  3412 2163 2185 2240  
  3413 2060 2083 2135  
  3414 1956 1978 2037  
  3415 2240 2185 2262  
  3416 2135 2083 2163  
  3417 2037 1978 2060  
  3418 2262 2185 2209  
  3419 2037 2060 2114  
  3420 2262 2209 2291  
  3421 2114 2060 2135  
  3422 2291 2209 2239  
  3423 2262 2291 2341  
  3424 2114 2135 2191  
  3425 2341 2291 2370  
  3426 2262 2341 2315  
  3427 2191 2135 2226  
  3428 2341 2370 2424  
  3429 2315 2341 2396  
  3430 2226 2135 2163  
  3431 2424 2370 2453  
  3432 2396 2341 2424  
  3433 2424 2453 2508  
  3434 2424 2508 2478  
  3435 2478 2508 2556  
  3436 2424 2478 2396  
  3437 2478 2556 2532  
  3438 2396 2478 2455  
  3439 2478 2532 2455  
  3440 2455 2532 2513  
  3441 2513 2532 2591  
  3442 2455 2513 2435  
  3443 2591 2532 2615  
  3444 2513 2591 2565  
  3445 2435 2513 2486  
  3446 2615 2532 2556  
  3447 2565 2591 2645  
  3448 2486 2513 2565  
  3449 2565 2645 2626  
  3450 2626 2645 2702  
  3451 2565 2626 2545  
  3452 2702 2645 2723  
  3453 2545 2626 2604  
  3454 2565 2545 2486  
  3455 2723 2645 2671  
  3456 2604 2626 2683  
  3457 2486 2545 2465  
  3458 2723 2671 2750  
  3459 2683 2626 2702  
  3460 2465 2545 2526  
  3461 2750 2671 2691  
  3462 2683 2702 2763  
  3463 2526 2545 2604  
  3464 2691 2671 2615  
  3465 2763 2702 2781  
  3466 2615 2671 2591  
  3467 2781 2702 2723  
  3468 2591 2671 2645  
  3469 2781 2723 2803  
  3470 2803 2723 2750  
  3471 2781 2803 2860  
  3472 2860 2803 2884  
  3473 2781 2860 2841  
  3474 2884 2803 2827  
  3475 2841 2860 2920  
  3476 2781 2841 2763  
  3477 2827 2803 2750  
  3478 2920 2860 2939  
  3479 2763 2841 2819  
  3480 2920 2939 2999  
  3481 2819 2841 2897  
  3482 2999 2939 3022  
  3483 2897 2841 2920  
  3484 2819 2897 2881  
  3485 3022 2939 2965  
  3486 2897 2920 2974  
  3487 2881 2897 2958  
  3488 2965 2939 2884  
  3489 2974 2920 2999  
  3490 2958 2897 2974  
  3491 2884 2939 2860  
  3492 2974 2999 3056  
  3493 3056 2999 3078  
  3494 2974 3056 3036  
  3495 3078 2999 3022  
  3496 3036 3056 3115  
  3497 3078 3022 3096  
  3498 3115 3056 3131  
  3499 3096 3022 3042  
  3500 3078 3096 3157  
  3501 3131 3056 3078  
  3502 3042 3022 2965  
  3503 3157 3096 3173  
  3504 3131 3078 3157  
  3505 3173 3096 3121  
  3506 3157 3173 3247  
  3507 3131 3157 3204  
  3508 3121 3096 3042  
  3509 3204 3157 3247  
  3510 3131 3204 3190  
  3511 3121 3042 3067  
  3512 3190 3204 3272  
  3513 3131 3190 3115  
  3514 3067 3042 2989  
  3515 3272 3204 3294  
  3516 3115 3190 3168  
  3517 2989 3042 2965  
  3518 3168 3190 3241  
  3519 3115 3168 3094  
  3520 2989 2965 2909  
  3521 3241 3190 3272  
  3522 3094 3168 3155  
  3523 2909 2965 2884  
  3524 3241 3272 3333  
  3525 3155 3168 3234  
  3526 2909 2884 2827  
  3527 3333 3272 3351  
  3528 3234 3168 3241  
  3529 3234 3241 3298  
  3530 3298 3241 3333  
  3531 3234 3298 3312  
  3532 3312 3298 3369  
  3533 3369 3298 3333  
  3534 3008 3054 2973  
  3535 2973 3054 3025  
  3536 3008 2973 2923  
  3537 3025 3054 3100  
  3538 2973 3025 2938  
  3539 2923 2973 2890  
  3540 3100 3054 3130  
  3541 2938 3025 2991  
  3542 2890 2973 2938  
  3543 3100 3130 3175  
  3544 2991 3025 3070  
  3545 2890 2938 2859  
  3546 3100 3175 3149  
  3547 3070 3025 3100  
  3548 2859 2938 2912  
  3549 3149 3175 3227  
  3550 2912 2938 2991  
  3551 2859 2912 2830  
  3552 3227 3175 3253  
  3553 2912 2991 2961  
  3554 2830 2912 2880  
  3555 3227 3253 3299  
  3556 2961 2991 3040  
  3557 2880 2912 2961  
  3558 3299 3253 3327  
  3559 3040 2991 3070  
  3560 3327 3253 3282  
  3561 3299 3327 3376  
  3562 3327 3282 3355  
  3563 3376 3327 3403  
  3564 3299 3376 3343  
  3565 3327 3355 3403  
  3566 3343 3376 3420  
  3567 3403 3355 3430  
  3568 3420 3376 3450  
  3569 3343 3420 3393  
  3570 3430 3355 3384  
  3571 3450 3376 3403  
  3572 3393 3420 3462  
  3573 3430 3384 3454  
  3574 3454 3361 3447  
  3575 3462 3420 3491  
  3576 3393 3462 3435  
  3577 3491 3420 3450  
  3578 3435 3462 3501  
  3579 3435 3501 3453  
  3580 3393 3435 3363  
  3581 3491 3450 3517  
  3582 3363 3435 3453  
  3583 3393 3363 3318  
  3584 3517 3450 3474  
  3585 3318 3363 3289  
  3586 3393 3318 3343  
  3587 3474 3450 3403  
  3588 3289 3363 3353  
  3589 3343 3318 3269  
  3590 3269 3318 3243  
  3591 3343 3269 3299  
  3592 3243 3318 3289  
  3593 3299 3269 3227  
  3594 3243 3289 3215  
  3595 3227 3269 3197  
  3596 3215 3289 3265  
  3597 3197 3269 3243  
  3598 3227 3197 3149  
  3599 3265 3289 3353  
  3600 3197 3243 3167  
  3601 3149 3197 3120  
  3602 3167 3243 3215  
  3603 3120 3197 3167  
  3604 3149 3120 3070  
  3605 3120 3167 3089  
  3606 3070 3120 3040  
  3607 3089 3167 3142  
  3608 3120 3089 3040  
  3609 3142 3167 3215  
  3610 3040 3089 3012  
  3611 3142 3215 3193  
  3612 3012 3089 3065  
  3613 3193 3215 3265  
  3614 3142 3193 3117  
  3615 3065 3089 3142  
  3616 3193 3265 3240  
  3617 3117 3193 3166  
  3618 3065 3142 3117  
  3619 3240 3265 3324  
  3620 3166 3193 3240  
  3621 3166 3240 3216  
  3622 3216 3240 3296  
  3623 3166 3216 3143  
  3624 3143 3216 3195  
  3625 3166 3143 3088  
  3626 3195 3216 3275  
  3627 3143 3195 3121  
  3628 3088 3143 3067  
  3629 3121 3195 3173  
  3630 3143 3121 3067  
  3631 3173 3195 3247  
  3632 2045 1964 2002  
  3633 2002 1964 1919  
  3634 2045 2002 2087  
  3635 1919 1964 1886  
  3636 2002 1919 1957  
  3637 2087 2002 2041  
  3638 1919 1886 1837  
  3639 1957 1919 1879  
  3640 2041 2002 1957  
  3641 1919 1837 1879  
  3642 2041 1957 1999  
  3643 1879 1837 1801  
  3644 1999 1957 1916  
  3645 2041 1999 2084  
  3646 1801 1837 1760  
  3647 1916 1957 1879  
  3648 2084 1999 2043  
  3649 1916 1879 1836  
  3650 2043 1999 1959  
  3651 2084 2043 2122  
  3652 1836 1879 1801  
  3653 1959 1999 1916  
  3654 2122 2043 2088  
  3655 1836 1801 1757  
  3656 1959 1916 1883  
  3657 2088 2043 2005  
  3658 1757 1801 1723  
  3659 1883 1916 1836  
  3660 2005 2043 1959  
  3661 1723 1801 1760  
  3662 1883 1836 1803  
  3663 2005 1959 1923  
  3664 1723 1760 1680  
  3665 1803 1836 1757  
  3666 1923 1959 1883  
  3667 1803 1757 1726  
  3668 1923 1883 1842  
  3669 1726 1757 1679  
  3670 1803 1726 1762  
  3671 1842 1883 1803  
  3672 1679 1757 1723  
  3673 1762 1726 1684  
  3674 1842 1803 1762  
  3675 1684 1726 1644  
  3676 1762 1684 1731  
  3677 1644 1726 1679  
  3678 1684 1644 1609  
  3679 1731 1684 1652  
  3680 1644 1679 1606  
  3681 1609 1644 1567  
  3682 1652 1684 1609  
  3683 1606 1679 1642  
  3684 1567 1644 1606  
  3685 1642 1679 1723  
  3686 1606 1642 1565  
  3687 1642 1723 1680  
  3688 1565 1642 1607  
  3689 1642 1680 1607  
  3690 3115 3094 3036  
  3691 3036 3094 3019  
  3692 3019 3094 3081  
  3693 3036 3019 2958  
  3694 3081 3094 3155  
  3695 3019 3081 3005  
  3696 2958 3019 2944  
  3697 3005 3123 3047  
  3698 3019 3005 2944  
  3699 2944 3005 2931  
  3700 2890 2859 2810  
  3701 2810 2859 2777  
  3702 2890 2810 2843  
  3703 2777 2859 2830  
  3704 2890 2843 2923  
  3705 2122 2088 2167  
  3706 2122 2167 2205  
  3707 2205 2167 2248  
  3708 2248 2167 2211  
  3709 2205 2248 2285  
  3710 2211 2167 2128  
  3711 2285 2248 2325  
  3712 2205 2285 2244  
  3713 2128 2167 2088  
  3714 2325 2248 2293  
  3715 2285 2325 2367  
  3716 2244 2285 2320  
  3717 2293 2248 2211  
  3718 2285 2367 2320  
  3719 2293 2211 2256  
  3720 2320 2367 2406  
  3721 2256 2211 2176  
  3722 2293 2256 2335  
  3723 2406 2367 2452  
  3724 2176 2211 2128  
  3725 2335 2256 2304  
  3726 2452 2367 2413  
  3727 2304 2256 2227  
  3728 2335 2304 2381  
  3729 2413 2367 2325  
  3730 2227 2256 2176  
  3731 2381 2304 2344  
  3732 2413 2325 2376  
  3733 2344 2304 2265  
  3734 2381 2344 2433  
  3735 2376 2325 2293  
  3736 2265 2304 2227  
  3737 2433 2344 2392  
  3738 2376 2293 2335  
  3739 2392 2344 2312  
  3740 2433 2392 2476  
  3741 2312 2344 2265  
  3742 2392 2312 2365  
  3743 2476 2392 2447  
  3744 2312 2265 2238  
  3745 2365 2312 2282  
  3746 2447 2392 2365  
  3747 2238 2265 2187  
  3748 2282 2312 2238  
  3749 2447 2365 2417  
  3750 2187 2265 2227  
  3751 2417 2365 2330  
  3752 2447 2417 2497  
  3753 2330 2365 2282  
  3754 2417 2330 2384  
  3755 2497 2417 2464  
  3756 2330 2282 2253  
  3757 2384 2330 2306  
  3758 2464 2417 2384  
  3759 2253 2282 2201  
  3760 2306 2330 2253  
  3761 2201 2282 2238  
  3762 2253 2201 2174  
  3763 2201 2238 2154  
  3764 2174 2201 2118  
  3765 2154 2238 2187  
  3766 2201 2154 2118  
  3767 2118 2154 2076  
  3768 2076 2154 2105  
  3769 2118 2076 2042  
  3770 2105 2154 2187  
  3771 2076 2105 2025  
  3772 2042 2076 1992  
  3773 2025 2105 2059  
  3774 2076 2025 1992  
  3775 2059 2105 2140  
  3776 1992 2025 1946  
  3777 2140 2105 2187  
  3778 2059 2140 2095  
  3779 1946 2025 1974  
  3780 2095 2140 2176  
  3781 2059 2095 2014  
  3782 1974 2025 2059  
  3783 2176 2140 2227  
  3784 2014 2095 2049  
  3785 2227 2140 2187  
  3786 2049 2095 2128  
  3787 2014 2049 1967  
  3788 2128 2095 2176  
  3789 2049 2128 2088  
  3790 1967 2049 2005  
  3791 2049 2088 2005  
  3792 1967 2005 1923  
  3793 1967 1923 1890  
  3794 1890 1923 1842  
  3795 1967 1890 1932  
  3796 1890 1842 1810  
  3797 1932 1890 1854  
  3798 1810 1842 1762  
  3799 1890 1810 1854  
  3800 1854 1810 1772  
  3801 1772 1810 1731  
  3802 1854 1772 1819  
  3803 1731 1810 1762  
  3804 1772 1731 1695  
  3805 1819 1772 1743  
  3806 1695 1731 1652  
  3807 1743 1772 1695  
  3808 1819 1743 1783  
  3809 1695 1652 1620  
  3810 1743 1695 1666  
  3811 1783 1743 1707  
  3812 1620 1652 1575  
  3813 1666 1695 1620  
  3814 1707 1743 1666  
  3815 1575 1652 1609  
  3816 1707 1666 1631  
  3817 1575 1609 1532  
  3818 1631 1666 1588  
  3819 1707 1631 1678  
  3820 1532 1609 1567  
  3821 1588 1666 1620  
  3822 1678 1631 1602  
  3823 1532 1567 1492  
  3824 1602 1631 1553  
  3825 1678 1602 1651  
  3826 1492 1567 1527  
  3827 1553 1631 1588  
  3828 1651 1602 1574  
  3829 1527 1567 1606  
  3830 1553 1588 1511  
  3831 1574 1602 1523  
  3832 1527 1606 1565  
  3833 1511 1588 1540  
  3834 1523 1602 1553  
  3835 1540 1588 1620  
  3836 1511 1540 1464  
  3837 1540 1620 1575  
  3838 1464 1540 1503  
  3839 1540 1575 1503  
  3840 1503 1575 1532  
  3841 1503 1532 1456  
  3842 1456 1532 1492  
  3843 1503 1456 1424  
  3844 1456 1492 1418  
  3845 1424 1456 1380  
  3846 1418 1492 1449  
  3847 1456 1418 1380  
  3848 1449 1492 1527  
  3849 1380 1418 1341  
  3850 1449 1527 1489  
  3851 1341 1418 1376  
  3852 1380 1341 1308  
  3853 1489 1527 1565  
  3854 1376 1418 1449  
  3855 1308 1341 1273  
  3856 1489 1565 1530  
  3857 1273 1341 1304  
  3858 1308 1273 1239  
  3859 1530 1565 1607  
  3860 1304 1341 1376  
  3861 1239 1273 1203  
  3862 1530 1607 1570  
  3863 1304 1376 1339  
  3864 1203 1273 1235  
  3865 1530 1570 1495  
  3866 1339 1376 1416  
  3867 1235 1273 1304  
  3868 1495 1570 1537  
  3869 1416 1376 1449  
  3870 1537 1570 1614  
  3871 1495 1537 1461  
  3872 1416 1449 1489  
  3873 1461 1537 1506  
  3874 1495 1461 1421  
  3875 1506 1537 1577  
  3876 1461 1506 1430  
  3877 1421 1461 1383  
  3878 1577 1537 1614  
  3879 1430 1506 1471  
  3880 1383 1461 1430  
  3881 1471 1506 1548  
  3882 1430 1471 1395  
  3883 1548 1506 1577  
  3884 1471 1548 1518  
  3885 1395 1471 1443  
  3886 1518 1548 1596  
  3887 1471 1518 1443  
  3888 1596 1548 1627  
  3889 1443 1518 1487  
  3890 1627 1548 1577  
  3891 1596 1627 1669  
  3892 1487 1518 1561  
  3893 1669 1627 1701  
  3894 1596 1669 1638  
  3895 1561 1518 1596  
  3896 1701 1627 1657  
  3897 1638 1669 1717  
  3898 1561 1596 1638  
  3899 1657 1627 1577  
  3900 1717 1669 1747  
  3901 1657 1577 1614  
  3902 1747 1669 1701  
  3903 1747 1701 1780  
  3904 1780 1701 1737  
  3905 1737 1701 1657  
  3906 1780 1737 1814  
  3907 2413 2376 2456  
  3908 2456 2376 2420  
  3909 2413 2456 2492  
  3910 2420 2376 2335  
  3911 2456 2420 2503  
  3912 2492 2456 2533  
  3913 2503 2420 2462  
  3914 2456 2503 2533  
  3915 2462 2420 2381  
  3916 2533 2503 2583  
  3917 2381 2420 2335  
  3918 2462 2381 2433  
  3919 2583 2503 2542  
  3920 2542 2503 2462  
  3921 2583 2542 2628  
  3922 2542 2462 2514  
  3923 2628 2542 2593  
  3924 2583 2628 2663  
  3925 2514 2462 2433  
  3926 2593 2542 2514  
  3927 2663 2628 2707  
  3928 2514 2433 2476  
  3929 2707 2628 2673  
  3930 2663 2707 2747  
  3931 2673 2628 2593  
  3932 2707 2673 2756  
  3933 2747 2707 2792  
  3934 2673 2593 2641  
  3935 2756 2673 2715  
  3936 2792 2707 2756  
  3937 2641 2593 2558  
  3938 2715 2673 2641  
  3939 2792 2756 2839  
  3940 2558 2593 2514  
  3941 2839 2756 2799  
  3942 2792 2839 2875  
  3943 2799 2756 2715  
  3944 2839 2799 2883  
  3945 2875 2839 2917  
  3946 2799 2715 2769  
  3947 2883 2799 2847  
  3948 2917 2839 2883  
  3949 2769 2715 2685  
  3950 2847 2799 2769  
  3951 2883 2847 2927  
  3952 2685 2715 2641  
  3953 2769 2685 2740  
  3954 2927 2847 2898  
  3955 2883 2927 2966  
  3956 2740 2685 2659  
  3957 2769 2740 2815  
  3958 2898 2847 2815  
  3959 2966 2927 3013  
  3960 2659 2685 2608  
  3961 2815 2740 2788  
  3962 2815 2847 2769  
  3963 3013 2927 2979  
  3964 2608 2685 2641  
  3965 2788 2740 2705  
  3966 2979 2927 2898  
  3967 2705 2740 2659  
  3968 2788 2705 2760  
  3969 2705 2659 2627  
  3970 2760 2705 2678  
  3971 2627 2659 2576  
  3972 2705 2627 2678  
  3973 2576 2659 2608  
  3974 2627 2576 2544  
  3975 2678 2627 2598  
  3976 2576 2608 2523  
  3977 2544 2576 2497  
  3978 2598 2627 2544  
  3979 2678 2598 2649  
  3980 2523 2608 2558  
  3981 2497 2576 2523  
  3982 2649 2598 2569  
  3983 2678 2649 2732  
  3984 2558 2608 2641  
  3985 2497 2523 2447  
  3986 2569 2598 2518  
  3987 2732 2649 2699  
  3988 2447 2523 2476  
  3989 2518 2598 2544  
  3990 2699 2649 2625  
  3991 2476 2523 2558  
  3992 2518 2544 2464  
  3993 2625 2649 2569  
  3994 2476 2558 2514  
  3995 2464 2544 2497  
  3996 2625 2569 2540  
  3997 2540 2569 2487  
  3998 2487 2569 2518  
  3999 2540 2487 2461  
  4000 2461 2487 2410  
  4001 2540 2461 2519  
  4002 2410 2487 2440  
  4003 2519 2461 2442  
  4004 2440 2487 2518  
  4005 2442 2461 2382  
  4006 2519 2442 2493  
  4007 2382 2461 2410  
  4008 2442 2382 2358  
  4009 2493 2442 2415  
  4010 2382 2410 2324  
  4011 2358 2382 2305  
  4012 2415 2442 2358  
  4013 2324 2410 2355  
  4014 2305 2382 2324  
  4015 2358 2305 2276  
  4016 2355 2410 2440  
  4017 2324 2355 2272  
  4018 2276 2305 2229  
  4019 2358 2276 2331  
  4020 2272 2355 2306  
  4021 2324 2272 2249  
  4022 2229 2305 2249  
  4023 2331 2276 2255  
  4024 2306 2355 2384  
  4025 2249 2272 2193  
  4026 2249 2305 2324  
  4027 2255 2276 2196  
  4028 2384 2355 2440  
  4029 2249 2193 2169  
  4030 2196 2276 2229  
  4031 2255 2196 2178  
  4032 2169 2193 2113  
  4033 2249 2169 2229  
  4034 2178 2196 2116  
  4035 2255 2178 2235  
  4036 2113 2193 2143  
  4037 2229 2169 2145  
  4038 2116 2196 2145  
  4039 2235 2178 2156  
  4040 2143 2193 2230  
  4041 2145 2169 2092  
  4042 2145 2196 2229  
  4043 2156 2178 2099  
  4044 2230 2193 2272  
  4045 2092 2169 2113  
  4046 2099 2178 2116  
  4047 2230 2272 2306  
  4048 2092 2113 2035  
  4049 2230 2306 2253  
  4050 2035 2113 2064  
  4051 2230 2253 2174  
  4052 2064 2113 2143  
  4053 2230 2174 2143  
  4054 2143 2174 2093  
  4055 2093 2174 2118  
  4056 2093 2118 2042  
  4057 2093 2042 2013  
  4058 2013 2042 1960  
  4059 2093 2013 2064  
  4060 1960 2042 1992  
  4061 2064 2013 1982  
  4062 2093 2064 2143  
  4063 1982 2013 1933  
  4064 2064 1982 2035  
  4065 1982 1933 1902  
  4066 2035 1982 1954  
  4067 1982 1902 1954  
  4068 1954 1902 1877  
  4069 1877 1902 1823  
  4070 1954 1877 1931  
  4071 1823 1902 1856  
  4072 1877 1823 1800  
  4073 1931 1877 1855  
  4074 1856 1902 1933  
  4075 1800 1823 1748  
  4076 1855 1877 1800  
  4077 1748 1823 1775  
  4078 1800 1748 1724  
  4079 1775 1823 1856  
  4080 1748 1775 1697  
  4081 1724 1748 1670  
  4082 1775 1856 1804  
  4083 1697 1775 1729  
  4084 1670 1748 1697  
  4085 1724 1670 1647  
  4086 1804 1856 1884  
  4087 1729 1775 1804  
  4088 1647 1670 1597  
  4089 1724 1647 1698  
  4090 1884 1856 1933  
  4091 1729 1804 1754  
  4092 1597 1670 1625  
  4093 1698 1647 1626  
  4094 1754 1804 1830  
  4095 1729 1754 1678  
  4096 1625 1670 1697  
  4097 1626 1647 1571  
  4098 1830 1804 1884  
  4099 1678 1754 1707  
  4100 1625 1697 1651  
  4101 1571 1647 1597  
  4102 1707 1754 1783  
  4103 1651 1697 1729  
  4104 1571 1597 1519  
  4105 1783 1754 1830  
  4106 1651 1729 1678  
  4107 1519 1597 1546  
  4108 1783 1830 1864  
  4109 1546 1597 1625  
  4110 1519 1546 1469  
  4111 1864 1830 1911  
  4112 1783 1864 1819  
  4113 1546 1625 1574  
  4114 1469 1546 1500  
  4115 1911 1830 1884  
  4116 1819 1864 1896  
  4117 1546 1574 1500  
  4118 1911 1884 1960  
  4119 1896 1864 1946  
  4120 1500 1574 1523  
  4121 1960 1884 1933  
  4122 1911 1960 1992  
  4123 1946 1864 1911  
  4124 1500 1523 1448  
  4125 1960 1933 2013  
  4126 1946 1911 1992  
  4127 1448 1523 1481  
  4128 1500 1448 1423  
  4129 1448 1481 1404  
  4130 1423 1448 1373  
  4131 1404 1481 1433  
  4132 1448 1404 1373  
  4133 1433 1481 1511  
  4134 1404 1433 1357  
  4135 1373 1404 1329  
  4136 1511 1481 1553  
  4137 1433 1511 1464  
  4138 1357 1433 1390  
  4139 1329 1404 1357  
  4140 1553 1481 1523  
  4141 1433 1464 1390  
  4142 1329 1357 1290  
  4143 1290 1357 1318  
  4144 1329 1290 1259  
  4145 1318 1357 1390  
  4146 1290 1318 1246  
  4147 1259 1290 1218  
  4148 1318 1390 1348  
  4149 1246 1318 1278  
  4150 1218 1290 1246  
  4151 1259 1218 1193  
  4152 1348 1390 1424  
  4153 1278 1318 1348  
  4154 1193 1218 1150  
  4155 1259 1193 1234  
  4156 1424 1390 1464  
  4157 1278 1348 1308  
  4158 1150 1218 1178  
  4159 1234 1193 1164  
  4160 1308 1348 1380  
  4161 1278 1308 1239  
  4162 1178 1218 1246  
  4163 1164 1193 1121  
  4164 1380 1348 1424  
  4165 1121 1193 1150  
  4166 1164 1121 1095  
  4167 1121 1150 1082  
  4168 1095 1121 1052  
  4169 1082 1150 1107  
  4170 1121 1082 1052  
  4171 1107 1150 1178  
  4172 1052 1082 1015  
  4173 1107 1178 1135  
  4174 1015 1082 1039  
  4175 1135 1178 1207  
  4176 1107 1135 1071  
  4177 1039 1082 1107  
  4178 1207 1178 1246  
  4179 1135 1207 1170  
  4180 1071 1135 1099  
  4181 1207 1246 1278  
  4182 1170 1207 1239  
  4183 1135 1170 1099  
  4184 1239 1207 1278  
  4185 1170 1239 1203  
  4186 1099 1170 1128  
  4187 1170 1203 1128  
  4188 1099 1128 1063  
  4189 1128 1203 1163  
  4190 1063 1128 1094  
  4191 1099 1063 1030  
  4192 1163 1203 1235  
  4193 1094 1128 1163  
  4194 1030 1063 994  
  4195 1099 1030 1071  
  4196 1094 1163 1126  
  4197 994 1063 1024  
  4198 1071 1030 1000  
  4199 1126 1163 1200  
  4200 1024 1063 1094  
  4201 994 1024 964  
  4202 1000 1030 969  
  4203 1200 1163 1235  
  4204 964 1024 991  
  4205 994 964 927  
  4206 969 1030 994  
  4207 1200 1235 1271  
  4208 991 1024 1060  
  4209 927 964 895  
  4210 1271 1235 1304  
  4211 1200 1271 1236  
  4212 1060 1024 1094  
  4213 895 964 926  
  4214 1271 1304 1339  
  4215 1236 1271 1306  
  4216 1060 1094 1126  
  4217 926 964 991  
  4218 1306 1271 1339  
  4219 1236 1306 1275  
  4220 926 991 966  
  4221 1306 1339 1377  
  4222 1275 1306 1343  
  4223 966 991 1027  
  4224 1377 1339 1416  
  4225 1306 1377 1343  
  4226 1027 991 1060  
  4227 1343 1377 1421  
  4228 1027 1060 1097  
  4229 1421 1377 1454  
  4230 1343 1421 1383  
  4231 1097 1060 1126  
  4232 1454 1377 1416  
  4233 1421 1454 1495  
  4234 1097 1126 1166  
  4235 1495 1454 1530  
  4236 1166 1126 1200  
  4237 1530 1454 1489  
  4238 1166 1200 1236  
  4239 1489 1454 1416  
  4240 1166 1236 1206  
  4241 1206 1236 1275  
  4242 1166 1206 1133  
  4243 1206 1275 1241  
  4244 1133 1206 1173  
  4245 1166 1133 1097  
  4246 1241 1275 1313  
  4247 1173 1206 1241  
  4248 1097 1133 1068  
  4249 1313 1275 1343  
  4250 1173 1241 1214  
  4251 1068 1133 1102  
  4252 1313 1343 1383  
  4253 1214 1241 1285  
  4254 1102 1133 1173  
  4255 1313 1383 1354  
  4256 1285 1241 1313  
  4257 1214 1285 1254  
  4258 1354 1383 1430  
  4259 1313 1354 1285  
  4260 1254 1285 1323  
  4261 1214 1254 1186  
  4262 1285 1354 1323  
  4263 1186 1254 1227  
  4264 1214 1186 1141  
  4265 1323 1354 1395  
  4266 1227 1254 1298  
  4267 1186 1227 1155  
  4268 1141 1186 1115  
  4269 1395 1354 1430  
  4270 1298 1254 1323  
  4271 1155 1227 1201  
  4272 1115 1186 1155  
  4273 1201 1227 1268  
  4274 1155 1201 1127  
  4275 1115 1155 1090  
  4276 1268 1227 1298  
  4277 1201 1268 1244  
  4278 1127 1201 1176  
  4279 1090 1155 1127  
  4280 1244 1268 1314  
  4281 1201 1244 1176  
  4282 1090 1127 1064  
  4283 1314 1268 1335  
  4284 1176 1244 1222  
  4285 1064 1127 1105  
  4286 1090 1064 1020  
  4287 1335 1268 1298  
  4288 1222 1244 1293  
  4289 1105 1127 1176  
  4290 1020 1064 995  
  4291 1335 1298 1369  
  4292 1293 1244 1314  
  4293 1105 1176 1153  
  4294 995 1064 1040  
  4295 1369 1298 1323  
  4296 1153 1176 1222  
  4297 1105 1153 1086  
  4298 1040 1064 1105  
  4299 1369 1323 1395  
  4300 1086 1153 1129  
  4301 1105 1086 1040  
  4302 1369 1395 1443  
  4303 1129 1153 1199  
  4304 1086 1129 1066  
  4305 1040 1086 1019  
  4306 1199 1153 1222  
  4307 1129 1199 1181  
  4308 1066 1129 1110  
  4309 1019 1086 1066  
  4310 1181 1199 1248  
  4311 1129 1181 1110  
  4312 1248 1199 1265  
  4313 1181 1248 1229  
  4314 1110 1181 1159  
  4315 1265 1199 1222  
  4316 1248 1265 1317  
  4317 1229 1248 1299  
  4318 1159 1181 1229  
  4319 1265 1222 1293  
  4320 1317 1265 1332  
  4321 1299 1248 1317  
  4322 1265 1293 1332  
  4323 1299 1317 1367  
  4324 1332 1293 1360  
  4325 1367 1317 1387  
  4326 1299 1367 1346  
  4327 1360 1293 1314  
  4328 1387 1317 1332  
  4329 1367 1387 1439  
  4330 1346 1367 1420  
  4331 1360 1314 1384  
  4332 1439 1387 1460  
  4333 1367 1439 1420  
  4334 1384 1314 1335  
  4335 1460 1387 1407  
  4336 1420 1439 1490  
  4337 1384 1335 1412  
  4338 1407 1387 1332  
  4339 1490 1439 1515  
  4340 1420 1490 1472  
  4341 1412 1335 1369  
  4342 1515 1439 1460  
  4343 1490 1515 1563  
  4344 1472 1490 1545  
  4345 1412 1369 1443  
  4346 1515 1460 1534  
  4347 1563 1515 1591  
  4348 1545 1490 1563  
  4349 1534 1460 1483  
  4350 1515 1534 1591  
  4351 1545 1563 1622  
  4352 1483 1460 1407  
  4353 1591 1534 1610  
  4354 1622 1563 1639  
  4355 1545 1622 1601  
  4356 1610 1534 1556  
  4357 1591 1610 1665  
  4358 1639 1563 1591  
  4359 1601 1622 1674  
  4360 1556 1534 1483  
  4361 1665 1610 1682  
  4362 1639 1591 1665  
  4363 1674 1622 1694  
  4364 1682 1610 1633  
  4365 1665 1682 1741  
  4366 1639 1665 1714  
  4367 1694 1622 1639  
  4368 1633 1610 1556  
  4369 1741 1682 1759  
  4370 1714 1665 1741  
  4371 1694 1639 1714  
  4372 1759 1682 1709  
  4373 1741 1759 1817  
  4374 1714 1741 1791  
  4375 1694 1714 1770  
  4376 1709 1682 1633  
  4377 1817 1759 1833  
  4378 1791 1741 1817  
  4379 1770 1714 1791  
  4380 1833 1759 1787  
  4381 1817 1833 1893  
  4382 1791 1817 1869  
  4383 1770 1791 1846  
  4384 1787 1759 1709  
  4385 1893 1833 1915  
  4386 1869 1817 1893  
  4387 1846 1791 1869  
  4388 1915 1833 1866  
  4389 1869 1893 1948  
  4390 1846 1869 1925  
  4391 1866 1833 1787  
  4392 1869 1948 1925  
  4393 1866 1787 1816  
  4394 1816 1787 1740  
  4395 1866 1816 1894  
  4396 1740 1787 1709  
  4397 1894 1816 1840  
  4398 1840 1816 1763  
  4399 1763 1816 1740  
  4400 1840 1763 1796  
  4401 1763 1740 1686  
  4402 1796 1763 1717  
  4403 1686 1740 1661  
  4404 1763 1686 1717  
  4405 1661 1740 1709  
  4406 1717 1686 1638  
  4407 1661 1709 1633  
  4408 1638 1686 1612  
  4409 1661 1633 1584  
  4410 1612 1686 1661  
  4411 1584 1633 1556  
  4412 1612 1661 1584  
  4413 1584 1556 1509  
  4414 1612 1584 1535  
  4415 1509 1556 1483  
  4416 1535 1584 1509  
  4417 1509 1483 1434  
  4418 1434 1483 1407  
  4419 1509 1434 1459  
  4420 1434 1407 1360  
  4421 1459 1434 1384  
  4422 1509 1459 1535  
  4423 1360 1407 1332  
  4424 1384 1434 1360  
  4425 1535 1459 1487  
  4426 1487 1459 1412  
  4427 1412 1459 1384  
  4428 1487 1412 1443  
  4429 2014 1967 1932  
  4430 2014 1932 1974  
  4431 1974 1932 1896  
  4432 2014 1974 2059  
  4433 1896 1932 1854  
  4434 1974 1896 1946  
  4435 1896 1854 1819  
  4436 2732 2699 2779  
  4437 2779 2699 2758  
  4438 2732 2779 2809  
  4439 2758 2699 2675  
  4440 2779 2758 2842  
  4441 2809 2779 2864  
  4442 2675 2699 2625  
  4443 2842 2758 2832  
  4444 2864 2779 2842  
  4445 2675 2625 2597  
  4446 2864 2842 2916  
  4447 2597 2625 2540  
  4448 2916 2842 2896  
  4449 2864 2916 2945  
  4450 2945 2916 2998  
  4451 2864 2945 2889  
  4452 2998 2916 2982  
  4453 2945 2998 3028  
  4454 2889 2945 2972  
  4455 3028 2998 3077  
  4456 2945 3028 2972  
  4457 3077 2998 3049  
  4458 2972 3028 3050  
  4459 3049 2998 2982  
  4460 3077 3049 3127  
  4461 3050 3028 3103  
  4462 3127 3049 3074  
  4463 3077 3127 3156  
  4464 3103 3028 3077  
  4465 3156 3127 3207  
  4466 3077 3156 3103  
  4467 3207 3127 3201  
  4468 3103 3156 3178  
  4469 3178 3156 3232  
  4470 3103 3178 3129  
  4471 3232 3156 3207  
  4472 3178 3232 3255  
  4473 3129 3178 3203  
  4474 3232 3207 3283  
  4475 3255 3232 3303  
  4476 3203 3178 3255  
  4477 3129 3203 3163  
  4478 3303 3232 3283  
  4479 3303 3394 3362  
  4480 3303 3362 3321  
  4481 3255 3303 3321  
  4482 3255 3321 3266  
  4483 3163 3203 3266  
  4484 3129 3163 3083  
  4485 3083 3163 3111  
  4486 3129 3083 3050  
  4487 3111 3163 3185  
  4488 3083 3111 3031  
  4489 3050 3083 3003  
  4490 3185 3163 3266  
  4491 3111 3185 3135  
  4492 3031 3111 3060  
  4493 3003 3083 3031  
  4494 3135 3185 3219  
  4495 3219 3185 3286  
  4496 3111 3135 3060  
  4497 3003 3031 2949  
  4498 3060 3135 3091  
  4499 2949 3031 2979  
  4500 3003 2949 2919  
  4501 3091 3135 3170  
  4502 2979 3031 3060  
  4503 2949 2979 2898  
  4504 2919 2949 2872  
  4505 3170 3135 3219  
  4506 2949 2898 2872  
  4507 2872 2898 2815  
  4508 2872 2815 2788  
  4509 2872 2788 2840  
  4510 2840 2788 2760  
  4511 2872 2840 2919  
  4512 2840 2760 2809  
  4513 2919 2840 2889  
  4514 2809 2760 2732  
  4515 2889 2840 2809  
  4516 2919 2889 2972  
  4517 2732 2760 2678  
  4518 2919 2972 3003  
  4519 3003 2972 3050  
  4520 1571 1519 1497  
  4521 1497 1519 1444  
  4522 1571 1497 1551  
  4523 1444 1519 1469  
  4524 1497 1444 1425  
  4525 1551 1497 1478  
  4526 1444 1469 1394  
  4527 1425 1444 1371  
  4528 1478 1497 1425  
  4529 1394 1469 1423  
  4530 1371 1444 1394  
  4531 1423 1469 1500  
  4532 1394 1423 1349  
  4533 1349 1423 1373  
  4534 1349 1373 1303  
  4535 1303 1373 1329  
  4536 1303 1329 1259  
  4537 1303 1259 1234  
  4538 1303 1234 1282  
  4539 1282 1234 1210  
  4540 1303 1282 1349  
  4541 1210 1234 1164  
  4542 1282 1210 1255  
  4543 1349 1282 1324  
  4544 1210 1164 1140  
  4545 1255 1210 1188  
  4546 1324 1282 1255  
  4547 1349 1324 1394  
  4548 1140 1164 1095  
  4549 1188 1210 1140  
  4550 1394 1324 1371  
  4551 1188 1140 1117  
  4552 1371 1324 1301  
  4553 1188 1117 1161  
  4554 1301 1324 1255  
  4555 1161 1117 1096  
  4556 1188 1161 1231  
  4557 1096 1117 1050  
  4558 1161 1096 1144  
  4559 1231 1161 1213  
  4560 1050 1117 1074  
  4561 1096 1050 1029  
  4562 1144 1096 1080  
  4563 1213 1161 1144  
  4564 1074 1117 1140  
  4565 1029 1050 985  
  4566 1080 1096 1029  
  4567 1213 1144 1194  
  4568 985 1050 1007  
  4569 1029 985 970  
  4570 1080 1029 1012  
  4571 1194 1144 1125  
  4572 1007 1050 1074  
  4573 970 985 919  
  4574 1012 1029 970  
  4575 1125 1144 1080  
  4576 919 985 943  
  4577 970 919 905  
  4578 1012 970 950  
  4579 1125 1080 1058  
  4580 943 985 1007  
  4581 905 919 862  
  4582 950 970 905  
  4583 1058 1080 1012  
  4584 862 919 881  
  4585 905 862 843  
  4586 950 905 887  
  4587 1058 1012 992  
  4588 881 919 943  
  4589 843 862 800  
  4590 887 905 843  
  4591 992 1012 950  
  4592 800 862 819  
  4593 843 800 785  
  4594 887 843 824  
  4595 992 950 931  
  4596 819 862 881  
  4597 785 800 740  
  4598 824 843 785  
  4599 931 950 887  
  4600 740 800 760  
  4601 785 740 725  
  4602 824 785 769  
  4603 931 887 872  
  4604 760 800 819  
  4605 725 740 684  
  4606 769 785 725  
  4607 872 887 824  
  4608 684 740 700  
  4609 725 684 665  
  4610 665 684 623  
  4611 769 725 714  
  4612 872 824 813  
  4613 700 740 760  
  4614 714 725 665  
  4615 769 714 755  
  4616 813 824 769  
  4617 700 760 722  
  4618 755 714 698  
  4619 769 755 813  
  4620 722 760 781  
  4621 700 722 669  
  4622 698 714 647  
  4623 813 755 798  
  4624 781 760 819  
  4625 669 722 682  
  4626 798 755 742  
  4627 813 798 861  
  4628 682 722 738  
  4629 669 682 621  
  4630 742 755 698  
  4631 861 798 849  
  4632 738 722 781  
  4633 621 682 649  
  4634 849 798 788  
  4635 861 849 907  
  4636 649 682 704  
  4637 621 649 587  
  4638 788 798 742  
  4639 907 849 893  
  4640 704 682 738  
  4641 587 649 615  
  4642 893 849 836  
  4643 907 893 957  
  4644 615 649 673  
  4645 587 615 560  
  4646 836 849 788  
  4647 957 893 936  
  4648 936 893 886  
  4649 957 936 999  
  4650 673 649 704  
  4651 560 615 582  
  4652 673 704 726  
  4653 582 615 636  
  4654 560 582 528  
  4655 726 704 766  
  4656 673 726 695  
  4657 636 615 673  
  4658 528 582 551  
  4659 766 704 738  
  4660 695 726 751  
  4661 551 582 606  
  4662 528 551 500  
  4663 751 726 790  
  4664 695 751 721  
  4665 606 582 636  
  4666 500 551 520  
  4667 790 726 766  
  4668 721 751 780  
  4669 520 551 578  
  4670 500 520 475  
  4671 780 751 812  
  4672 721 780 746  
  4673 578 551 606  
  4674 475 520 495  
  4675 812 751 790  
  4676 746 780 804  
  4677 495 520 547  
  4678 475 495 445  
  4679 804 780 837  
  4680 746 804 774  
  4681 547 520 578  
  4682 445 495 473  
  4683 837 780 812  
  4684 774 804 834  
  4685 473 495 519  
  4686 445 473 422  
  4687 834 804 869  
  4688 774 834 803  
  4689 519 495 547  
  4690 422 473 448  
  4691 869 804 837  
  4692 803 834 867  
  4693 448 473 497  
  4694 422 448 413  
  4695 413 448 449  
  4696 449 448 497  
  4697 413 449 423  
  4698 423 449 461  
  4699 461 449 493  
  4700 423 461 430  
  4701 430 461 470  
  4702 470 461 505  
  4703 430 470 437  
  4704 437 470 481  
  4705 493 449 497  
  4706 461 493 505  
  4707 505 493 541  
  4708 541 493 531  
  4709 505 541 552  
  4710 481 470 515  
  4711 437 481 438  
  4712 470 505 515  
  4713 515 505 552  
  4714 515 552 566  
  4715 566 552 603  
  4716 515 566 530  
  4717 531 493 497  
  4718 552 541 593  
  4719 566 603 617  
  4720 515 530 481  
  4721 481 530 503  
  4722 541 531 584  
  4723 603 552 593  
  4724 603 593 646  
  4725 530 566 574  
  4726 646 593 631  
  4727 603 646 659  
  4728 531 497 548  
  4729 541 584 593  
  4730 631 593 584  
  4731 566 617 574  
  4732 659 646 711  
  4733 584 531 548  
  4734 646 631 705  
  4735 617 603 659  
  4736 617 659 678  
  4737 678 659 713  
  4738 617 678 627  
  4739 530 574 553  
  4740 553 574 609  
  4741 867 834 895  
  4742 803 867 835  
  4743 497 473 519  
  4744 711 646 705  
  4745 895 834 869  
  4746 835 867 896  
  4747 895 869 927  
  4748 896 867 926  
  4749 835 896 870  
  4750 927 869 899  
  4751 896 926 966  
  4752 870 896 933  
  4753 899 869 837  
  4754 896 966 933  
  4755 899 837 873  
  4756 933 966 996  
  4757 873 837 812  
  4758 899 873 937  
  4759 996 966 1027  
  4760 873 812 850  
  4761 937 873 912  
  4762 996 1027 1068  
  4763 850 812 790  
  4764 912 873 850  
  4765 937 912 976  
  4766 1068 1027 1097  
  4767 850 790 823  
  4768 976 912 949  
  4769 937 976 1000  
  4770 823 790 766  
  4771 949 912 885  
  4772 1000 976 1039  
  4773 937 1000 969  
  4774 885 912 850  
  4775 949 885 921  
  4776 1039 976 1015  
  4777 937 969 899  
  4778 921 885 863  
  4779 949 921 987  
  4780 1015 976 949  
  4781 863 885 823  
  4782 987 921 967  
  4783 949 987 1015  
  4784 823 885 850  
  4785 863 823 799  
  4786 967 921 898  
  4787 1015 987 1052  
  4788 799 823 766  
  4789 898 921 863  
  4790 1052 987 1028  
  4791 898 863 838  
  4792 1028 987 967  
  4793 838 863 799  
  4794 898 838 881  
  4795 838 799 781  
  4796 881 838 819  
  4797 898 881 943  
  4798 781 799 738  
  4799 819 838 781  
  4800 738 799 766  
  4801 1770 1846 1824  
  4802 1770 1824 1749  
  4803 1749 1824 1807  
  4804 1807 1824 1885  
  4805 1749 1807 1734  
  4806 1885 1824 1900  
  4807 1734 1807 1788  
  4808 1749 1734 1674  
  4809 1900 1824 1846  
  4810 1788 1807 1865  
  4811 1734 1788 1712  
  4812 1674 1734 1658  
  4813 1900 1846 1925  
  4814 1865 1807 1885  
  4815 1712 1788 1773  
  4816 1658 1734 1712  
  4817 1773 1788 1848  
  4818 1712 1773 1699  
  4819 1658 1712 1640  
  4820 1848 1788 1865  
  4821 1773 1848 1829  
  4822 1699 1773 1755  
  4823 1640 1712 1699  
  4824 1829 1848 1908  
  4825 1773 1829 1755  
  4826 1640 1699 1628  
  4827 1908 1848 1924  
  4828 1755 1829 1820  
  4829 1628 1699 1681  
  4830 1640 1628 1566  
  4831 1924 1848 1865  
  4832 1820 1829 1895  
  4833 1681 1699 1755  
  4834 1566 1628 1552  
  4835 1924 1865 1943  
  4836 1895 1829 1908  
  4837 1681 1755 1746  
  4838 1552 1628 1613  
  4839 1943 1865 1885  
  4840 1746 1755 1820  
  4841 1681 1746 1671  
  4842 1613 1628 1681  
  4843 1943 1885 1956  
  4844 1671 1746 1736  
  4845 1681 1671 1613  
  4846 1956 1885 1900  
  4847 1943 1956 2020  
  4848 1736 1746 1808  
  4849 1613 1671 1582  
  4850 2020 1956 2037  
  4851 1943 2020 1998  
  4852 1808 1746 1820  
  4853 1582 1671 1664  
  4854 1998 2020 2080  
  4855 1943 1998 1924  
  4856 1664 1671 1736  
  4857 1582 1664 1594  
  4858 2080 2020 2097  
  4859 1924 1998 1985  
  4860 1664 1736 1727  
  4861 1594 1664 1655  
  4862 2097 2020 2037  
  4863 1985 1998 2061  
  4864 1727 1736 1797  
  4865 1655 1664 1727  
  4866 2061 1998 2080  
  4867 1985 2061 2048  
  4868 1797 1736 1808  
  4869 1655 1727 1715  
  4870 2048 2061 2117  
  4871 1985 2048 1968  
  4872 1715 1727 1786  
  4873 1655 1715 1643  
  4874 2117 2061 2139  
  4875 1968 2048 2032  
  4876 1786 1727 1797  
  4877 1643 1715 1708  
  4878 2139 2061 2080  
  4879 2032 2048 2106  
  4880 1708 1715 1781  
  4881 1643 1708 1624  
  4882 2106 2048 2117  
  4883 2032 2106 2096  
  4884 1781 1715 1786  
  4885 1624 1708 1702  
  4886 2096 2106 2172  
  4887 2032 2096 2021  
  4888 1702 1708 1774  
  4889 1624 1702 1635  
  4890 2172 2106 2183  
  4891 2021 2096 2086  
  4892 1774 1708 1781  
  4893 1635 1702 1690  
  4894 2183 2106 2117  
  4895 2086 2096 2160  
  4896 1690 1702 1769  
  4897 1635 1690 1611  
  4898 1635 1611 1557  
  4899 1557 1611 1531  
  4900 1557 1531 1486  
  4901 1486 1531 1447  
  4902 1557 1486 1528  
  4903 1486 1447 1414  
  4904 1635 1557 1624  
  4905 1528 1486 1451  
  4906 1557 1528 1624  
  4907 1414 1447 1372  
  4908 1486 1414 1451  
  4909 1451 1414 1378  
  4910 1378 1414 1336  
  4911 1451 1378 1428  
  4912 1528 1451 1498  
  4913 1378 1336 1307  
  4914 1451 1428 1498  
  4915 1498 1428 1466  
  4916 1466 1428 1391  
  4917 1498 1466 1541  
  4918 1336 1414 1372  
  4919 1428 1378 1351  
  4920 1391 1428 1351  
  4921 1391 1351 1321  
  4922 1321 1351 1283  
  4923 1391 1321 1368  
  4924 1466 1391 1440  
  4925 1541 1466 1516  
  4926 1498 1541 1573  
  4927 1528 1498 1573  
  4928 1528 1573 1624  
  4929 1378 1307 1351  
  4930 1283 1351 1307  
  4931 1368 1321 1297  
  4932 1307 1336 1264  
  4933 1321 1283 1251  
  4934 1391 1368 1440  
  4935 1440 1368 1411  
  4936 1411 1368 1334  
  4937 1440 1411 1485  
  4938 1334 1368 1297  
  4939 1334 1297 1270  
  4940 1270 1297 1224  
  4941 1334 1270 1316  
  4942 1411 1334 1385  
  4943 1440 1485 1516  
  4944 1270 1224 1202  
  4945 1334 1316 1385  
  4946 1385 1316 1363  
  4947 1363 1316 1291  
  4948 1385 1363 1427  
  4949 1516 1485 1582  
  4950 1291 1316 1245  
  4951 1363 1291 1338  
  4952 1427 1363 1413  
  4953 1485 1411 1462  
  4954 1224 1297 1251  
  4955 1224 1251 1185  
  4956 1316 1270 1245  
  4957 1245 1270 1202  
  4958 1245 1202 1180  
  4959 1180 1202 1131  
  4960 1245 1180 1204  
  4961 1385 1427 1462  
  4962 1462 1496 1552  
  4963 2160 2096 2172  
  4964 1769 1702 1774  
  4965 1202 1224 1154  
  4966 1769 1774 1835  
  4967 1154 1224 1185  
  4968 1154 1185 1111  
  4969 1111 1185 1139  
  4970 1154 1111 1083  
  4971 1139 1185 1209  
  4972 1111 1139 1053  
  4973 1083 1111 1025  
  4974 1154 1083 1131  
  4975 1131 1083 1067  
  4976 1835 1774 1843  
  4977 1769 1835 1832  
  4978 1139 1209 1171  
  4979 1843 1774 1781  
  4980 1832 1835 1906  
  4981 1171 1209 1238  
  4982 1843 1781 1853  
  4983 1906 1835 1910  
  4984 1238 1209 1283  
  4985 1238 1283 1307  
  4986 1238 1307 1264  
  4987 1853 1781 1786  
  4988 1910 1835 1843  
  4989 1910 1843 1914  
  4990 1914 1843 1853  
  4991 1914 1853 1926  
  4992 1926 1853 1860  
  4993 1860 1853 1786  
  4994 1926 1860 1934  
  4995 1934 1860 1870  
  4996 1926 1934 1995  
  4997 1870 1860 1797  
  4998 1995 1934 2007  
  4999 1926 1995 1989  
  5000 1797 1860 1786  
  5001 2007 1934 1945  
  5002 1989 1995 2065  
  5003 1945 1934 1870  
  5004 2065 1995 2075  
  5005 1989 2065 2058  
  5006 2075 1995 2007  
  5007 2065 2075 2137  
  5008 2058 2065 2130  
  5009 2075 2007 2086  
  5010 2137 2075 2151  
  5011 2130 2065 2137  
  5012 2086 2007 2021  
  5013 2151 2075 2086  
  5014 2130 2137 2204  
  5015 2021 2007 1945  
  5016 2204 2137 2215  
  5017 2130 2204 2194  
  5018 2215 2137 2151  
  5019 2204 2215 2275  
  5020 2194 2204 2267  
  5021 2275 2215 2287  
  5022 2204 2275 2267  
  5023 2287 2215 2228  
  5024 2267 2275 2342  
  5025 2228 2215 2151  
  5026 2287 2228 2302  
  5027 2342 2275 2350  
  5028 2302 2228 2237  
  5029 2287 2302 2363  
  5030 2350 2275 2287  
  5031 2237 2228 2160  
  5032 2363 2302 2377  
  5033 2350 2287 2363  
  5034 2160 2228 2151  
  5035 2377 2302 2308  
  5036 2160 2151 2086  
  5037 2308 2302 2237  
  5038 2308 2237 2246  
  5039 2246 2237 2172  
  5040 2308 2246 2317  
  5041 2172 2237 2160  
  5042 2317 2246 2260  
  5043 2260 2246 2183  
  5044 2317 2260 2336  
  5045 2183 2246 2172  
  5046 2336 2260 2273  
  5047 2273 2260 2197  
  5048 2336 2273 2352  
  5049 2197 2260 2183  
  5050 2352 2273 2296  
  5051 2296 2273 2222  
  5052 2352 2296 2372  
  5053 2222 2273 2197  
  5054 2372 2296 2309  
  5055 2352 2372 2434  
  5056 2309 2296 2236  
  5057 2372 2309 2389  
  5058 2434 2372 2450  
  5059 2236 2296 2222  
  5060 2389 2309 2327  
  5061 2450 2372 2389  
  5062 2327 2309 2252  
  5063 2389 2327 2412  
  5064 2252 2309 2236  
  5065 2327 2252 2269  
  5066 2412 2327 2349  
  5067 2269 2252 2191  
  5068 2327 2269 2349  
  5069 2191 2252 2177  
  5070 2349 2269 2299  
  5071 2177 2252 2236  
  5072 2191 2177 2114  
  5073 2299 2269 2226  
  5074 2114 2177 2097  
  5075 2226 2269 2191  
  5076 2299 2226 2240  
  5077 2097 2177 2157  
  5078 2240 2226 2163  
  5079 2157 2177 2236  
  5080 2157 2236 2222  
  5081 2157 2222 2139  
  5082 2139 2222 2197  
  5083 2139 2197 2117  
  5084 2117 2197 2183  
  5085 1466 1440 1516  
  5086 2308 2317 2385  
  5087 2385 2317 2397  
  5088 2397 2317 2336  
  5089 2385 2397 2460  
  5090 2397 2336 2418  
  5091 2460 2397 2473  
  5092 2385 2460 2451  
  5093 2418 2336 2352  
  5094 2473 2397 2418  
  5095 2460 2473 2536  
  5096 2451 2460 2522  
  5097 2473 2418 2491  
  5098 2536 2473 2549  
  5099 2460 2536 2522  
  5100 2491 2418 2434  
  5101 2549 2473 2491  
  5102 2522 2536 2601  
  5103 2434 2418 2352  
  5104 2491 2434 2512  
  5105 2549 2491 2570  
  5106 2601 2536 2618  
  5107 2512 2434 2450  
  5108 2491 2512 2570  
  5109 2618 2536 2549  
  5110 2512 2450 2526  
  5111 2570 2512 2587  
  5112 2618 2549 2631  
  5113 2512 2526 2587  
  5114 2570 2587 2646  
  5115 2631 2549 2570  
  5116 2587 2526 2604  
  5117 2570 2646 2631  
  5118 2631 2646 2706  
  5119 2706 2646 2721  
  5120 2631 2706 2689  
  5121 2721 2646 2665  
  5122 2706 2721 2784  
  5123 2689 2706 2768  
  5124 2665 2646 2587  
  5125 2784 2721 2800  
  5126 2768 2706 2784  
  5127 2800 2721 2744  
  5128 2784 2800 2863  
  5129 2744 2721 2665  
  5130 2800 2744 2819  
  5131 2863 2800 2881  
  5132 2744 2665 2683  
  5133 2819 2744 2763  
  5134 2881 2800 2819  
  5135 2683 2665 2604  
  5136 2763 2744 2683  
  5137 2604 2665 2587  
  5138 2526 2450 2465  
  5139 2465 2450 2389  
  5140 2465 2389 2412  
  5141 2465 2412 2486  
  5142 2486 2412 2435  
  5143 2435 2412 2349  
  5144 2435 2349 2379  
  5145 2379 2349 2299  
  5146 2435 2379 2455  
  5147 2379 2299 2315  
  5148 2455 2379 2396  
  5149 2315 2299 2240  
  5150 2379 2315 2396  
  5151 2315 2240 2262  
  5152 2758 2675 2733  
  5153 2733 2675 2651  
  5154 2758 2733 2832  
  5155 2651 2675 2597  
  5156 2733 2651 2703  
  5157 2651 2597 2574  
  5158 2703 2651 2640  
  5159 2733 2703 2789  
  5160 2789 2703 2722  
  5161 2722 2703 2640  
  5162 2574 2597 2519  
  5163 2651 2574 2640  
  5164 2519 2597 2540  
  5165 2574 2519 2493  
  5166 2640 2574 2546  
  5167 2574 2493 2546  
  5168 2640 2546 2606  
  5169 2546 2493 2467  
  5170 2606 2546 2525  
  5171 2640 2672 2722  
  5172 2467 2493 2415  
  5173 2546 2467 2525  
  5174 2467 2415 2390  
  5175 2525 2467 2448  
  5176 2390 2415 2331  
  5177 2467 2390 2448  
  5178 2331 2415 2358  
  5179 2390 2331 2310  
  5180 2448 2390 2369  
  5181 2310 2331 2255  
  5182 2390 2310 2369  
  5183 2310 2255 2235  
  5184 2369 2310 2292  
  5185 2310 2235 2292  
  5186 2369 2292 2346  
  5187 2292 2235 2214  
  5188 2346 2292 2279  
  5189 2369 2346 2430  
  5190 2214 2235 2156  
  5191 2292 2214 2279  
  5192 2430 2346 2401  
  5193 2279 2214 2223  
  5194 2401 2346 2321  
  5195 2430 2401 2480  
  5196 2321 2346 2279  
  5197 2401 2321 2422  
  5198 2401 2422 2480  
  5199 2430 2480 2510  
  5200 2510 2480 2563  
  5201 2430 2510 2448  
  5202 2563 2480 2550  
  5203 2510 2563 2603  
  5204 2448 2510 2525  
  5205 2430 2448 2369  
  5206 2550 2480 2422  
  5207 2603 2563 2637  
  5208 2525 2510 2603  
  5209 2525 2603 2606  
  5210 2606 2603 2672  
  5211 2606 2672 2640  
  5212 1551 1478 1526  
  5213 1526 1478 1452  
  5214 1551 1526 1603  
  5215 1452 1478 1398  
  5216 1526 1452 1508  
  5217 1603 1526 1581  
  5218 1398 1478 1425  
  5219 1508 1452 1435  
  5220 1526 1508 1581  
  5221 1398 1425 1350  
  5222 1435 1452 1379  
  5223 1581 1508 1558  
  5224 1350 1425 1371  
  5225 1398 1350 1328  
  5226 1379 1452 1398  
  5227 1558 1508 1488  
  5228 1350 1371 1301  
  5229 1328 1350 1284  
  5230 1488 1508 1435  
  5231 1558 1488 1544  
  5232 1350 1301 1284  
  5233 1544 1488 1474  
  5234 1558 1544 1621  
  5235 1284 1301 1231  
  5236 1474 1488 1419  
  5237 1544 1474 1529  
  5238 1621 1544 1605  
  5239 1231 1301 1255  
  5240 1419 1488 1435  
  5241 1529 1474 1458  
  5242 1605 1544 1529  
  5243 1231 1255 1188  
  5244 1419 1435 1362  
  5245 1458 1474 1399  
  5246 1605 1529 1592  
  5247 1362 1435 1379  
  5248 1399 1474 1419  
  5249 1458 1399 1393  
  5250 1592 1529 1517  
  5251 1362 1379 1309  
  5252 1399 1419 1345  
  5253 1393 1399 1330  
  5254 1517 1529 1458  
  5255 1309 1379 1328  
  5256 1345 1419 1362  
  5257 1330 1399 1345  
  5258 1517 1458 1441  
  5259 1328 1379 1398  
  5260 1345 1362 1295  
  5261 1330 1345 1281  
  5262 1441 1458 1393  
  5263 1295 1362 1309  
  5264 1345 1295 1281  
  5265 1441 1393 1342  
  5266 1295 1309 1242  
  5267 1281 1295 1228  
  5268 1242 1309 1260  
  5269 1295 1242 1228  
  5270 1281 1228 1212  
  5271 1260 1309 1328  
  5272 1228 1242 1175  
  5273 1212 1228 1158  
  5274 1281 1212 1272  
  5275 1175 1242 1194  
  5276 1228 1175 1158  
  5277 1272 1212 1196  
  5278 1194 1242 1260  
  5279 1158 1175 1108  
  5280 1194 1260 1213  
  5281 1108 1175 1125  
  5282 1158 1108 1093  
  5283 1213 1260 1284  
  5284 1125 1175 1194  
  5285 1108 1125 1058  
  5286 1093 1108 1044  
  5287 1284 1260 1328  
  5288 1108 1058 1044  
  5289 1044 1058 992  
  5290 1044 992 981  
  5291 981 992 931  
  5292 1044 981 1022  
  5293 981 931 917  
  5294 1022 981 972  
  5295 1044 1022 1093  
  5296 917 931 872  
  5297 972 981 917  
  5298 1022 972 1049  
  5299 1093 1022 1049  
  5300 917 872 861  
  5301 861 872 813  
  5302 917 861 907  
  5303 917 907 972  
  5304 972 907 957  
  5305 972 957 1049  
  5306 1908 1924 1985  
  5307 1908 1985 1968  
  5308 1908 1968 1895  
  5309 1895 1968 1953  
  5310 1953 1968 2032  
  5311 1895 1953 1881  
  5312 1953 2032 2021  
  5313 1881 1953 1945  
  5314 1895 1881 1820  
  5315 1953 2021 1945  
  5316 1820 1881 1808  
  5317 1808 1881 1870  
  5318 1870 1881 1945  
  5319 1808 1870 1797  
  5320 1551 1603 1626  
  5321 1626 1603 1676  
  5322 1551 1626 1571  
  5323 1676 1603 1656  
  5324 1656 1603 1581  
  5325 1676 1656 1733  
  5326 1656 1581 1637  
  5327 1733 1656 1711  
  5328 1676 1733 1752  
  5329 1637 1581 1558  
  5330 1711 1656 1637  
  5331 1752 1733 1809  
  5332 1637 1558 1621  
  5333 1711 1637 1692  
  5334 1809 1733 1784  
  5335 1637 1621 1692  
  5336 1711 1692 1767  
  5337 1784 1733 1711  
  5338 1692 1621 1675  
  5339 1767 1692 1750  
  5340 1711 1767 1784  
  5341 1675 1621 1605  
  5342 1692 1675 1750  
  5343 1784 1767 1841  
  5344 1675 1605 1662  
  5345 1750 1675 1738  
  5346 1841 1767 1821  
  5347 1784 1841 1861  
  5348 1662 1605 1592  
  5349 1738 1675 1662  
  5350 1821 1767 1750  
  5351 1861 1841 1917  
  5352 1662 1592 1648  
  5353 1738 1662 1721  
  5354 1917 1841 1898  
  5355 1648 1592 1576  
  5356 1738 1721 1793  
  5357 1898 1841 1821  
  5358 1576 1592 1517  
  5359 1793 1721 1782  
  5360 1576 1517 1507  
  5361 1782 1721 1706  
  5362 1793 1782 1873  
  5363 1507 1517 1441  
  5364 1706 1721 1648  
  5365 1507 1441 1432  
  5366 1648 1721 1662  
  5367 1432 1441 1342  
  5368 1507 1432 1493  
  5369 1493 1432 1402  
  5370 1507 1493 1560  
  5371 1560 1493 1554  
  5372 1507 1560 1576  
  5373 1554 1493 1482  
  5374 1576 1560 1636  
  5375 1482 1493 1402  
  5376 1636 1560 1629  
  5377 1629 1560 1554  
  5378 1636 1629 1696  
  5379 1629 1554 1630  
  5380 1696 1629 1683  
  5381 1683 1629 1630  
  5382 1696 1683 1771  
  5383 1861 1917 1942  
  5384 1942 1917 1994  
  5385 1861 1942 1887  
  5386 1994 1917 1975  
  5387 1887 1942 1962  
  5388 1861 1887 1809  
  5389 1975 1917 1898  
  5390 1962 1942 2018  
  5391 1809 1887 1827  
  5392 1975 1898 1958  
  5393 2018 1942 1994  
  5394 1827 1887 1905  
  5395 1958 1898 1888  
  5396 1905 1887 1962  
  5397 1827 1905 1855  
  5398 1888 1898 1821  
  5399 1905 1962 1987  
  5400 1855 1905 1931  
  5401 1987 1962 2040  
  5402 1905 1987 1931  
  5403 2040 1962 2018  
  5404 1931 1987 2011  
  5405 2040 2018 2099  
  5406 2011 1987 2067  
  5407 1931 2011 1954  
  5408 2099 2018 2077  
  5409 2067 1987 2040  
  5410 1954 2011 2035  
  5411 2077 2018 1994  
  5412 2067 2040 2116  
  5413 2035 2011 2092  
  5414 2116 2040 2099  
  5415 2067 2116 2145  
  5416 2092 2011 2067  
  5417 2067 2145 2092  
  5418 1636 1696 1706  
  5419 1706 1696 1778  
  5420 1636 1706 1648  
  5421 1636 1648 1576  
  5422 2077 1994 2057  
  5423 2057 1994 1975  
  5424 2077 2057 2134  
  5425 2057 1975 2044  
  5426 2134 2057 2121  
  5427 2044 1975 1958  
  5428 2057 2044 2121  
  5429 2044 1958 2026  
  5430 2121 2044 2108  
  5431 1626 1676 1698  
  5432 1698 1676 1752  
  5433 1698 1752 1776  
  5434 1776 1752 1827  
  5435 1698 1776 1724  
  5436 1827 1752 1809  
  5437 1776 1827 1855  
  5438 1724 1776 1800  
  5439 1776 1855 1800  
  5440 1821 1750 1811  
  5441 1811 1750 1738  
  5442 1821 1811 1888  
  5443 1811 1738 1793  
  5444 1888 1811 1859  
  5445 1811 1793 1859  
  5446 1859 1793 1873  
  5447 1859 1873 1938  
  5448 1554 1482 1550  
  5449 1888 1859 1938  
  5450 610 647 665  
  5451 665 647 714  
  5452 2850 2879 2929  
  5453 2929 2879 2955  
  5454 2850 2929 2909  
  5455 2955 2879 2904  
  5456 2929 2955 3011  
  5457 2850 2909 2827  
  5458 2955 2904 2985  
  5459 3011 2955 3037  
  5460 2985 2904 2928  
  5461 2955 2985 3037  
  5462 3011 3037 3088  
  5463 2928 2904 2849  
  5464 3037 2985 3065  
  5465 3088 3037 3117  
  5466 3011 3088 3067  
  5467 2849 2904 2822  
  5468 3065 2985 3012  
  5469 3117 3037 3065  
  5470 3011 3067 2989  
  5471 2822 2904 2879  
  5472 3012 2985 2928  
  5473 3011 2989 2929  
  5474 3012 2928 2961  
  5475 2929 2989 2909  
  5476 2961 2928 2880  
  5477 3012 2961 3040  
  5478 2880 2928 2849  
  5479 2880 2849 2797  
  5480 2880 2797 2830  
  5481 2267 2342 2337  
  5482 2337 2342 2414  
  5483 2267 2337 2263  
  5484 2414 2342 2421  
  5485 2337 2414 2402  
  5486 2267 2263 2194  
  5487 2414 2421 2484  
  5488 2402 2414 2479  
  5489 2194 2263 2189  
  5490 2484 2421 2495  
  5491 2479 2414 2484  
  5492 2402 2479 2494  
  5493 2189 2263 2250  
  5494 2495 2421 2429  
  5495 2479 2484 2557  
  5496 2250 2263 2328  
  5497 2189 2250 2179  
  5498 2429 2421 2350  
  5499 2328 2263 2337  
  5500 2250 2328 2323  
  5501 2179 2250 2212  
  5502 2179 2212 2112  
  5503 2350 2421 2342  
  5504 2328 2337 2402  
  5505 2323 2328 2398  
  5506 2328 2402 2398  
  5507 2323 2398 2391  
  5508 2398 2402 2494  
  5509 2391 2398 2466  
  5510 2323 2391 2300  
  5511 2466 2398 2494  
  5512 2391 2466 2483  
  5513 2483 2466 2541  
  5514 2541 2466 2494  
  5515 2189 2179 2115  
  5516 2115 2179 2112  
  5517 2189 2115 2123  
  5518 2112 2212 2136  
  5519 2112 2136 2066  
  5520 2066 2136 2109  
  5521 2112 2066 2038  
  5522 2038 2066 1981  
  5523 2112 2038 2115  
  5524 1981 2066 2006  
  5525 2038 1981 1976  
  5526 2123 2115 2051  
  5527 2189 2123 2194  
  5528 1981 2006 1928  
  5529 2051 2115 2038  
  5530 2194 2123 2130  
  5531 1928 2006 1950  
  5532 1950 2006 2029  
  5533 1928 1950 1872  
  5534 2029 2006 2109  
  5535 1981 1928 1897  
  5536 2130 2123 2058  
  5537 1897 1928 1828  
  5538 1981 1897 1906  
  5539 1906 1897 1832  
  5540 1832 1897 1828  
  5541 2058 2123 2051  
  5542 1828 1928 1872  
  5543 2058 2051 1983  
  5544 1983 2051 1976  
  5545 2058 1983 1989  
  5546 1976 2051 2038  
  5547 1983 1976 1910  
  5548 1989 1983 1914  
  5549 1910 1976 1906  
  5550 1983 1910 1914  
  5551 1906 1976 1981  
  5552 2250 2323 2212  
  5553 2006 2066 2109  
  5554 1989 1914 1926  
  5555 2495 2429 2506  
  5556 2506 2429 2444  
  5557 2495 2506 2567  
  5558 2444 2429 2363  
  5559 2506 2444 2515  
  5560 2495 2567 2559  
  5561 2444 2363 2377  
  5562 2515 2444 2451  
  5563 2559 2567 2634  
  5564 2444 2377 2451  
  5565 2634 2567 2644  
  5566 2559 2634 2642  
  5567 2451 2377 2385  
  5568 2644 2567 2581  
  5569 2634 2644 2708  
  5570 2642 2634 2727  
  5571 2385 2377 2308  
  5572 2581 2567 2506  
  5573 2708 2644 2754  
  5574 2727 2634 2708  
  5575 2581 2506 2515  
  5576 2727 2786 2820  
  5577 2581 2515 2589  
  5578 2589 2515 2522  
  5579 2581 2589 2655  
  5580 2522 2515 2451  
  5581 2655 2589 2666  
  5582 2581 2655 2644  
  5583 2666 2589 2601  
  5584 2655 2666 2720  
  5585 2720 2666 2775  
  5586 2655 2720 2754  
  5587 2754 2720 2804  
  5588 2644 2655 2754  
  5589 2601 2589 2522  
  5590 2363 2429 2350  
  5591 2666 2601 2680  
  5592 2680 2601 2618  
  5593 2666 2680 2775  
  5594 2680 2618 2689  
  5595 2689 2618 2631  
  5596 2680 2689 2755  
  5597 2755 2689 2768  
  5598 2680 2755 2775  
  5599 2755 2768 2836  
  5600 2836 2768 2846  
  5601 2755 2836 2834  
  5602 2834 2836 2891  
  5603 2891 2836 2846  
  5604 2846 2768 2784  
  5605 2846 2784 2863  
  5606 2846 2863 2931  
  5607 3476 3519 3558  
  5608 3558 3519 3605  
  5609 3476 3558 3511  
  5610 700 669 655  
  5611 655 669 601  
  5612 700 655 684  
  5613 684 655 623  
  5614 623 655 601  
  5615 2422 2507 2550  
  5616 3375 3438 3441  
  5617 3441 3438 3521  
  5618 803 835 777  
  5619 777 835 808  
  5620 803 777 744  
  5621 808 835 870  
  5622 777 808 749  
  5623 744 777 718  
  5624 808 870 842  
  5625 777 749 718  
  5626 842 870 906  
  5627 808 842 782  
  5628 718 749 681  
  5629 906 870 933  
  5630 782 842 816  
  5631 718 681 661  
  5632 906 933 971  
  5633 816 842 880  
  5634 661 681 629  
  5635 971 933 996  
  5636 880 842 906  
  5637 629 681 631  
  5638 880 906 941  
  5639 941 906 971  
  5640 880 941 916  
  5641 941 971 1010  
  5642 916 941 982  
  5643 1010 971 1032  
  5644 941 1010 982  
  5645 1032 971 996  
  5646 982 1010 1048  
  5647 1032 996 1068  
  5648 1048 1010 1076  
  5649 982 1048 1020  
  5650 1076 1010 1032  
  5651 1048 1076 1115  
  5652 1020 1048 1090  
  5653 1076 1032 1102  
  5654 1115 1076 1141  
  5655 1090 1048 1115  
  5656 1102 1032 1068  
  5657 1141 1076 1102  
  5658 1141 1102 1173  
  5659 1141 1173 1214  
  5660 681 749 705  
  5661 880 916 855  
  5662 855 916 890  
  5663 890 916 959  
  5664 855 890 830  
  5665 959 916 982  
  5666 830 890 871  
  5667 959 982 1020  
  5668 871 890 932  
  5669 932 890 959  
  5670 871 932 913  
  5671 913 932 978  
  5672 871 913 852  
  5673 978 932 995  
  5674 852 913 889  
  5675 871 852 810  
  5676 995 932 959  
  5677 889 913 956  
  5678 810 852 791  
  5679 995 959 1020  
  5680 956 913 978  
  5681 791 852 831  
  5682 831 852 889  
  5683 831 889 874  
  5684 874 889 934  
  5685 831 874 814  
  5686 934 889 956  
  5687 814 874 858  
  5688 934 956 998  
  5689 858 874 918  
  5690 998 956 1019  
  5691 934 998 983  
  5692 918 874 934  
  5693 1019 956 978  
  5694 983 998 1046  
  5695 918 934 983  
  5696 1019 978 1040  
  5697 1046 998 1066  
  5698 1040 978 995  
  5699 1066 998 1019  
  5700 1046 1066 1110  
  5701 1046 1110 1092  
  5702 1092 1110 1159  
  5703 1046 1092 1026  
  5704 1092 1159 1142  
  5705 1026 1092 1079  
  5706 1142 1159 1211  
  5707 1092 1142 1079  
  5708 1211 1159 1229  
  5709 1079 1142 1130  
  5710 1211 1229 1280  
  5711 1130 1142 1195  
  5712 1079 1130 1062  
  5713 1280 1229 1299  
  5714 1195 1142 1211  
  5715 1062 1130 1113  
  5716 1280 1299 1346  
  5717 1195 1211 1263  
  5718 1113 1130 1204  
  5719 1280 1346 1327  
  5720 1263 1211 1280  
  5721 1327 1346 1397  
  5722 1280 1327 1263  
  5723 1397 1346 1420  
  5724 1263 1327 1338  
  5725 1397 1420 1472  
  5726 1397 1472 1455  
  5727 1455 1472 1525  
  5728 1397 1455 1386  
  5729 1525 1472 1545  
  5730 1386 1455 1413  
  5731 1386 1413 1338  
  5732 1386 1338 1327  
  5733 1397 1386 1327  
  5734 855 830 779  
  5735 779 830 776  
  5736 855 779 816  
  5737 776 830 810  
  5738 779 713 711  
  5739 816 779 756  
  5740 810 830 871  
  5741 756 779 711  
  5742 816 756 782  
  5743 782 756 705  
  5744 810 791 748  
  5745 748 791 731  
  5746 810 748 776  
  5747 731 791 770  
  5748 776 748 713  
  5749 770 791 831  
  5750 731 770 715  
  5751 770 831 814  
  5752 715 770 757  
  5753 731 715 670  
  5754 770 814 757  
  5755 670 715 633  
  5756 757 814 797  
  5757 797 814 858  
  5758 757 797 737  
  5759 797 858 844  
  5760 737 797 787  
  5761 844 858 904  
  5762 797 844 787  
  5763 904 858 918  
  5764 787 844 829  
  5765 904 918 968  
  5766 829 844 888  
  5767 968 918 983  
  5768 904 968 951  
  5769 888 844 904  
  5770 968 983 1026  
  5771 951 968 1014  
  5772 888 904 951  
  5773 1026 983 1046  
  5774 1014 968 1026  
  5775 1014 1026 1079  
  5776 1014 1079 1062  
  5777 1014 1062 997  
  5778 997 1062 1045  
  5779 1014 997 951  
  5780 1045 1062 1113  
  5781 951 997 938  
  5782 1045 1113 1067  
  5783 938 997 990  
  5784 990 997 1045  
  5785 938 990 924  
  5786 990 1045 1067  
  5787 1067 1113 1131  
  5788 924 990 993  
  5789 993 990 1067  
  5790 924 993 915  
  5791 915 993 963  
  5792 924 915 868  
  5793 963 993 1025  
  5794 868 915 859  
  5795 924 868 878  
  5796 859 915 910  
  5797 868 859 809  
  5798 878 868 817  
  5799 910 915 963  
  5800 809 859 801  
  5801 817 868 809  
  5802 801 859 853  
  5803 809 801 753  
  5804 817 809 762  
  5805 853 859 910  
  5806 753 801 735  
  5807 753 735 694  
  5808 762 809 753  
  5809 853 910 901  
  5810 762 753 706  
  5811 901 910 962  
  5812 853 901 847  
  5813 853 847 794  
  5814 847 901 894  
  5815 853 794 801  
  5816 801 794 735  
  5817 894 901 955  
  5818 847 894 833  
  5819 833 894 891  
  5820 955 901 962  
  5821 894 955 948  
  5822 706 753 694  
  5823 962 910 963  
  5824 948 955 1008  
  5825 962 963 1025  
  5826 1008 955 1011  
  5827 1011 955 962  
  5828 1008 1011 1085  
  5829 1085 1011 1053  
  5830 1008 1085 1061  
  5831 1061 1085 1123  
  5832 1008 1061 1001  
  5833 1123 1085 1171  
  5834 1061 1123 1120  
  5835 1001 1061 1057  
  5836 1120 1123 1190  
  5837 1061 1120 1057  
  5838 1190 1123 1171  
  5839 1057 1120 1116  
  5840 1116 1120 1179  
  5841 1057 1116 1059  
  5842 1179 1120 1190  
  5843 1116 1179 1182  
  5844 1059 1116 1114  
  5845 1057 1059 984  
  5846 1182 1179 1253  
  5847 1116 1182 1114  
  5848 984 1059 1013  
  5849 1114 1182 1149  
  5850 855 816 880  
  5851 748 731 678  
  5852 731 670 678  
  5853 803 744 774  
  5854 774 744 716  
  5855 716 744 686  
  5856 774 716 746  
  5857 686 744 718  
  5858 716 686 660  
  5859 746 716 687  
  5860 686 718 661  
  5861 716 660 687  
  5862 746 687 721  
  5863 686 661 626  
  5864 687 660 628  
  5865 626 661 602  
  5866 686 626 660  
  5867 628 660 600  
  5868 602 661 629  
  5869 660 626 600  
  5870 602 629 584  
  5871 584 629 631  
  5872 631 681 705  
  5873 600 626 575  
  5874 575 626 602  
  5875 600 575 547  
  5876 575 602 548  
  5877 575 548 519  
  5878 519 548 497  
  5879 547 575 519  
  5880 600 547 578  
  5881 600 578 628  
  5882 628 578 606  
  5883 628 606 662  
  5884 662 606 636  
  5885 628 662 687  
  5886 662 636 695  
  5887 687 662 721  
  5888 695 636 673  
  5889 721 662 695  
  5890 938 924 878  
  5891 938 878 888  
  5892 888 878 829  
  5893 938 888 951  
  5894 829 878 817  
  5895 829 817 771  
  5896 771 817 762  
  5897 829 771 787  
  5898 771 762 719  
  5899 787 771 728  
  5900 719 762 706  
  5901 771 719 728  
  5902 787 728 737  
  5903 719 706 664  
  5904 728 719 674  
  5905 737 728 683  
  5906 664 706 637  
  5907 719 664 674  
  5908 683 728 674  
  5909 674 664 619  
  5910 674 619 643  
  5911 683 674 643  
  5912 683 643 680  
  5913 737 683 680  
  5914 749 808 782  
  5915 749 782 705  
  5916 894 948 891  
  5917 1049 1081 1122  
  5918 1083 1025 993  
  5919 1789 1753 1828  
  5920 1212 1158 1145  
  5921 1145 1158 1093  
  5922 1212 1145 1196  
  5923 1145 1093 1049  
  5924 3504 3426 3500  
  5925 581 553 609  
  5926 609 574 627  
  5927 609 627 670  
  5928 581 609 633  
  5929 633 609 670  
  5930 969 994 927  
  5931 969 927 899  
  5932 516 504 561  
  5933 3294 3380 3351  
  5934 3088 3117 3166  
  5935 1196 1261 1272  
  5936 2366 2284 2320  
  5937 2320 2284 2244  
  5938 2366 2320 2406  
  5939 2244 2284 2203  
  5940 2366 2406 2449  
  5941 2203 2284 2245  
  5942 2244 2203 2165  
  5943 2449 2406 2488  
  5944 2165 2203 2120  
  5945 2244 2165 2205  
  5946 2488 2406 2452  
  5947 2165 2120 2084  
  5948 2205 2165 2122  
  5949 2488 2452 2529  
  5950 2084 2120 2041  
  5951 2122 2165 2084  
  5952 2529 2452 2492  
  5953 2488 2529 2572  
  5954 2041 2120 2087  
  5955 2492 2452 2413  
  5956 2572 2529 2614  
  5957 2614 2529 2575  
  5958 2572 2614 2652  
  5959 2575 2529 2492  
  5960 2614 2575 2657  
  5961 2652 2614 2694  
  5962 2575 2492 2533  
  5963 2657 2575 2620  
  5964 2694 2614 2657  
  5965 2652 2694 2735  
  5966 2575 2533 2620  
  5967 2694 2657 2739  
  5968 2735 2694 2774  
  5969 2620 2533 2583  
  5970 2739 2657 2698  
  5971 2694 2739 2774  
  5972 2620 2583 2663  
  5973 2739 2698 2778  
  5974 2774 2739 2814  
  5975 2778 2698 2747  
  5976 2739 2778 2814  
  5977 2747 2698 2663  
  5978 2814 2778 2861  
  5979 2663 2698 2620  
  5980 2861 2778 2824  
  5981 2814 2861 2899  
  5982 2620 2698 2657  
  5983 2861 2824 2907  
  5984 2907 2824 2875  
  5985 2875 2824 2792  
  5986 2907 2875 2951  
  5987 2792 2824 2747  
  5988 2951 2875 2917  
  5989 2747 2824 2778  
  5990 2951 2917 3000  
  5991 3000 2917 2966  
  5992 2951 3000 3034  
  5993 2966 2917 2883  
  5994 3034 3000 3082  
  5995 3082 3000 3046  
  5996 3034 3082 3114  
  5997 3046 3000 2966  
  5998 3082 3046 3125  
  5999 3114 3082 3158  
  6000 3125 3046 3091  
  6001 3082 3125 3158  
  6002 3091 3046 3013  
  6003 3158 3125 3200  
  6004 3013 3046 2966  
  6005 3091 3013 3060  
  6006 3200 3125 3170  
  6007 3158 3200 3235  
  6008 3060 3013 2979  
  6009 3170 3125 3091  
  6010 3235 3200 3278  
  6011 3278 3200 3244  
  6012 3235 3278 3311  
  6013 3235 3311 3264  
  6014 3264 3311 3338  
  6015 3158 3235 3191  
  6016 3235 3264 3191  
  6017 3158 3191 3114  
  6018 2907 2951 2990  
  6019 2990 2951 3034  
  6020 2990 3034 3068  
  6021 3068 3034 3114  
  6022 3200 3170 3244  
  6023 3244 3170 3219  
  6024 2652 2735 2692  
  6025 2692 2735 2773  
  6026 1658 1640 1583  
  6027 1583 1640 1566  
  6028 1658 1583 1601  
  6029 1583 1566 1513  
  6030 1601 1583 1525  
  6031 1513 1566 1496  
  6032 1583 1513 1525  
  6033 1496 1566 1552  
  6034 1513 1496 1413  
  6035 1525 1513 1455  
  6036 1496 1462 1427  
  6037 1496 1427 1413  
  6038 1455 1513 1413  
  6039 1658 1601 1674  
  6040 1601 1525 1545  
  6041 1643 1624 1573  
  6042 1611 1569 1531  
  6043 3306 3382 3361  
  6044 3361 3382 3447  
  6045 3447 3382 3426  
  6046 1485 1462 1536  
  6047 1536 1462 1552  
  6048 1536 1552 1613  
  6049 1485 1536 1582  
  6050 2889 2809 2864  
  6051 3454 3506 3507  
  6052 3454 3507 3430  
  6053 2188 2223 2121  
  6054 3491 3517 3576  
  6055 3437 3500 3426  
  6056 1330 1281 1272  
  6057 1330 1272 1342  
  6058 3123 3152 3047  
  6059 967 898 943  
  6060 967 943 1007  
  6061 967 1007 1028  
  6062 1028 1007 1074  
  6063 1028 1074 1095  
  6064 1095 1074 1140  
  6065 1028 1095 1052  
  6066 387 430 393  
  6067 3330 3290 3375  
  6068 3330 3375 3441  
  6069 1594 1655 1541  
  6070 1782 1706 1778  
  6071 437 393 430  
  6072 2114 2097 2037  
  6073 295 335 337  
  6074 3086 3074 3006  
  6075 553 503 530  
  6076 2855 2834 2914  
  6077 1402 1409 1482  
  6078 1541 1516 1594  
  6079 1594 1516 1582  
  6080 1503 1424 1464  
  6081 1363 1338 1413  
  6082 3507 3573 3584  
  6083 2832 2896 2842  
  6084 3519 3548 3605  
  6085 1531 1494 1447  
  6086 418 396 451  
  6087 637 642 597  
  6088 637 597 579  
  6089 579 597 538  
  6090 3441 3502 3437  
  6091 1769 1832 1765  
  6092 1765 1832 1828  
  6093 1769 1765 1690  
  6094 1690 1765 1668  
  6095 1289 1356 1342  
  6096 1342 1356 1432  
  6097 2156 2099 2077  
  6098 2156 2077 2134  
  6099 2156 2134 2214  
  6100 2214 2134 2223  
  6101 1180 1131 1113  
  6102 3219 3291 3244  
  6103 373 337 335  
  6104 691 735 736  
  6105 3336 3373 3426  
  6106 2863 2881 2944  
  6107 2944 2881 2958  
  6108 2863 2944 2931  
  6109 2446 2517 2459  
  6110 2459 2517 2578  
  6111 3474 3403 3430  
  6112 3474 3430 3507  
  6113 1245 1204 1291  
  6114 1291 1204 1263  
  6115 2108 2188 2121  
  6116 1231 1213 1284  
  6117 1286 1240 1310  
  6118 2347 2422 2321  
  6119 2347 2321 2270  
  6120 1302 1340 1253  
  6121 1302 1253 1230  
  6122 1230 1253 1179  
  6123 1230 1179 1190  
  6124 1230 1190 1264  
  6125 1302 1230 1264  
  6126 891 845 833  
  6127 1613 1582 1536  
  6128 2896 2924 2982  
  6129 2896 2982 2916  
  6130 895 926 867  
  6131 1655 1643 1541  
  6132 2891 2914 2834  
  6133 2873 2786 2838  
  6134 413 377 373  
  6135 413 373 422  
  6136 2464 2384 2440  
  6137 2464 2440 2518  
  6138 678 713 748  
  6139 1520 1475 1437  
  6140 1437 1475 1409  
  6141 1409 1475 1482  
  6142 2754 2838 2786  
  6143 255 282 251  
  6144 251 282 289  
  6145 289 282 322  
  6146 322 282 291  
  6147 289 322 335  
  6148 3036 2958 2974  
  6149 1535 1487 1561  
  6150 1535 1561 1612  
  6151 1612 1561 1638  
  6152 1264 1336 1302  
  6153 2361 2300 2391  
  6154 538 496 482  
  6155 2672 2752 2722  
  6156 3351 3413 3333  
  6157 3155 3234 3209  
  6158 3209 3234 3312  
  6159 3155 3209 3123  
  6160 621 587 561  
  6161 1873 1940 1938  
  6162 948 1008 1001  
  6163 948 1001 944  
  6164 944 1001 984  
  6165 948 944 891  
  6166 891 944 900  
  6167 984 1001 1057  
  6168 560 528 509  
  6169 509 528 479  
  6170 560 509 516  
  6171 479 528 500  
  6172 509 479 468  
  6173 479 500 452  
  6174 468 479 433  
  6175 509 468 516  
  6176 479 452 433  
  6177 468 433 418  
  6178 433 452 404  
  6179 404 452 428  
  6180 433 404 389  
  6181 428 452 475  
  6182 389 404 362  
  6183 433 389 418  
  6184 475 452 500  
  6185 362 404 382  
  6186 389 362 345  
  6187 382 404 428  
  6188 362 382 336  
  6189 345 362 302  
  6190 345 302 319  
  6191 382 428 403  
  6192 336 382 357  
  6193 403 428 445  
  6194 382 403 357  
  6195 336 357 322  
  6196 322 357 335  
  6197 445 428 475  
  6198 357 403 380  
  6199 380 403 422  
  6200 357 380 335  
  6201 422 403 445  
  6202 380 422 373  
  6203 380 373 335  
  6204 389 345 374  
  6205 362 336 302  
  6206 3201 3257 3207  
  6207 3207 3257 3283  
  6208 2484 2495 2559  
  6209 2484 2559 2557  
  6210 794 736 735  
  6211 652 645 598  
  6212 598 645 614  
  6213 614 645 677  
  6214 677 645 697  
  6215 614 677 625  
  6216 542 579 521  
  6217 521 579 538  
  6218 1039 1107 1071  
  6219 1039 1071 1000  
  6220 2596 2494 2557  
  6221 3538 3594 3521  
  6222 2321 2279 2223  
  6223 1809 1784 1861  
  6224 694 637 706  
  6225 1717 1747 1796  
  6226 1796 1747 1822  
  6227 1822 1747 1780  
  6228 1796 1822 1874  
  6229 1796 1874 1840  
  6230 3324 3372 3296  
  6231 1209 1185 1251  
  6232 1209 1251 1283  
  6233 3584 3645 3596  
  6234 2353 2295 2281  
  6235 482 521 538  
  6236 2931 2971 2891  
  6237 2247 2233 2311  
  6238 1112 1149 1191  
  6239 1191 1149 1215  
  6240 1215 1149 1182  
  6241 3100 3149 3070  
  6242 3203 3255 3266  
  6243 3331 3367 3293  
  6244 1393 1330 1342  
  6245 3596 3576 3517  
  6246 2637 2726 2709  
  6247 1674 1694 1749  
  6248 1749 1694 1770  
  6249 3443 3408 3471  
  6250 3471 3408 3413  
  6251 3413 3408 3333  
  6252 3328 3288 3366  
  6253 1297 1321 1251  
  6254 2722 2802 2789  
  6255 2157 2139 2080  
  6256 2157 2080 2097  
  6257 2870 2789 2802  
  6258 1122 1147 1196  
  6259 2790 2719 2727  
  6260 587 560 516  
  6261 438 400 437  
  6262 3414 3458 3493  
  6263 1938 2015 2026  
  6264 1171 1238 1190  
  6265 379 408 436  
  6266 458 436 408  
  6267 1625 1651 1574  
  6268 847 792 794  
  6269 3266 3337 3286  
  6270 2653 2557 2642  
  6271 3244 3319 3278  
  6272 1111 1053 1025  
  6273 2094 2026 2015  
  6274 3247 3323 3294  
  6275 3247 3294 3204  
  6276 3050 3103 3129  
  6277 3462 3491 3550  
  6278 3550 3491 3576  
  6279 3462 3550 3501  
  6280 3659 3597 3635  
  6281 3635 3597 3563  
  6282 3563 3597 3518  
  6283 1958 1888 1938  
  6284 561 535 601  
  6285 1771 1778 1696  
  6286 3296 3275 3216  
  6287 669 621 601  
  6288 617 627 574  
  6289 2563 2550 2637  
  6290 3353 3398 3324  
  6291 1253 1310 1240  
  6292 2300 2212 2323  
  6293 1131 1202 1154  
  6294 3562 3501 3550  
  6295 2079 2094 2015  
  6296 3395 3348 3319  
  6297 1059 1089 1013  
  6298 936 946 999  
  6299 2298 2311 2233  
  6300 3329 3366 3288  
  6301 999 1049 957  
  6302 1067 1083 993  
  6303 595 619 664  
  6304 451 516 468  
  6305 1195 1263 1204  
  6306 1220 1196 1147  
  6307 3560 3504 3500  
  6308 3348 3278 3319  
  6309 478 435 438  
  6310 1668 1611 1690  
  6311 3199 3123 3209  
  6312 3199 3209 3276  
  6313 1149 1089 1114  
  6314 1114 1089 1059  
  6315 597 589 538  
  6316 742 698 677  
  6317 3576 3650 3639  
  6318 659 711 713  
  6319 713 779 776  
  6320 518 571 535  
  6321 1333 1402 1312  
  6322 3408 3369 3333  
  6323 1573 1541 1643  
  6324 2789 2832 2733  
  6325 2318 2247 2311  
  6326 689 691 736  
  6327 374 418 389  
  6328 3531 3493 3458  
  6329 1139 1171 1085  
  6330 408 363 392  
  6331 1415 1447 1494  
  6332 757 737 680  
  6333 1457 1415 1494  
  6334 1053 1139 1085  
  6335 2026 2108 2044  
  6336 2516 2446 2438  
  6337 2438 2446 2375  
  6338 2375 2446 2383  
  6339 503 478 438  
  6340 2886 2870 2802  
  6341 3597 3617 3548  
  6342 3548 3617 3605  
  6343 1778 1845 1868  
  6344 3275 3247 3195  
  6345 627 678 670  
  6346 2134 2121 2223  
  6347 351 387 393  
  6348 2559 2642 2557  
  6349 2709 2672 2603  
  6350 1338 1291 1263  
  6351 2982 3006 3074  
  6352 539 538 589  
  6353 3432 3351 3380  
  6354 893 836 886  
  6355 1868 1873 1782  
  6356 3277 3201 3221  
  6357 3221 3201 3146  
  6358 3201 3127 3146  
  6359 3146 3127 3074  
  6360 1356 1312 1402  
  6361 1372 1302 1336  
  6362 2932 2855 2914  
  6363 3585 3538 3511  
  6364 715 757 680  
  6365 1204 1180 1113  
  6366 3638 3584 3573  
  6367 2281 2295 2206  
  6368 2459 2383 2446  
  6369 3047 2931 3005  
  6370 2223 2270 2321  
  6371 1240 1215 1182  
  6372 1240 1182 1253  
  6373 1174 1220 1147  
  6374 2786 2727 2708  
  6375 2786 2708 2754  
  6376 1475 1550 1482  
  6377 1922 1950 2029  
  6378 2658 2637 2550  
  6379 788 742 733  
  6380 733 742 677  
  6381 788 733 767  
  6382 1411 1385 1462  
  6383 2798 2790 2857  
  6384 2857 2790 2820  
  6385 2820 2790 2727  
  6386 3378 3331 3300  
  6387 3517 3474 3537  
  6388 3537 3474 3507  
  6389 3517 3537 3596  
  6390 3596 3537 3584  
  6391 1130 1195 1204  
  6392 2834 2775 2755  
  6393 680 633 715  
  6394 1753 1713 1668  
  6395 2642 2727 2719  
  6396 3419 3344 3372  
  6397 576 625 591  
  6398 1261 1342 1272  
  6399 647 591 625  
  6400 3344 3296 3372  
  6401 3367 3329 3293  
  6402 3453 3353 3363  
  6403 3081 3155 3123  
  6404 836 788 767  
  6405 571 601 535  
  6406 3548 3518 3597  
  6407 944 984 900  
  6408 412 397 358  
  6409 711 705 756  
  6410 1025 1053 962  
  6411 2557 2494 2479  
  6412 625 677 698  
  6413 516 561 587  
  6414 3441 3437 3373  
  6415 3373 3437 3426  
  6416 3353 3324 3265  
  6417 1049 1122 1145  
  6418 2931 2891 2846  
  6419 3576 3639 3550  
  6420 697 767 733  
  6421 697 733 677  
  6422 291 302 336  
  6423 1550 1630 1554  
  6424 3511 3558 3585  
  6425 1872 1789 1828  
  6426 1011 962 1053  
  6427 548 602 584  
  6428 1238 1264 1190  
  6429 2483 2439 2391  
  6430 2391 2439 2361  
  6431 2791 2725 2818  
  6432 3469 3431 3529  
  6433 1802 1722 1785  
  6434 3733 3750 3813  
  6435 3379 3415 3470  
  6436 3762 3751 3829  
  6437 285 312 261  
  6438 270 250 218  
  6439 876 942 892  
  6440 821 764 772  
  6441 929 984 1013  
  6442 900 984 929  
  6443 825 886 836  
  6444 3632 3550 3639  
  6445 3562 3550 3632  
  6446 1145 1122 1196  
  6447 2679 2658 2595  
  6448 2595 2658 2550  
  6449 2679 2595 2578  
  6450 358 379 412  
  6451 319 374 345  
  6452 3644 3585 3558  
  6453 1735 1771 1683  
  6454 1432 1356 1402  
  6455 336 322 291  
  6456 664 637 595  
  6457 3324 3296 3240  
  6458 561 601 621  
  6459 438 481 503  
  6460 1938 2026 1958  
  6461 3286 3185 3266  
  6462 2719 2653 2642  
  6463 468 418 451  
  6464 3049 2982 3074  
  6465 3507 3584 3537  
  6466 647 625 698  
  6467 3294 3351 3272  
  6468 1765 1828 1753  
  6469 1765 1753 1668  
  6470 1868 1782 1778  
  6471 3081 3123 3005  
  6472 1735 1683 1630  
  6473 2637 2709 2603  
  6474 2578 2595 2507  
  6475 3276 3209 3312  
  6476 2595 2550 2507  
  6477 3558 3605 3644  
  6478 825 836 767  
  6479 4506 4481 4489  
  6480 4437 4400 4409  
  6481 4370 4339 4354  
  6482 4481 4437 4455  
  6483 4400 4370 4380  
  6484 4370 4354 4380  
  6485 4380 4354 4361  
  6486 4380 4361 4363  
  6487 4465 4421 4456  
  6488 4385 4360 4369  
  6489 4320 4273 4292  
  6490 4231 4193 4201  
  6491 4421 4385 4405  
  6492 4360 4320 4328  
  6493 4273 4231 4239  
  6494 4486 4475 4445  
  6495 3510 3549 3592  
  6496 3165 3112 3182  
  6497 124 136 106  
  6498 4431 4428 4474  
  6499 3994 3990 4031  
  6500 947 884 908  
  6501 1761 1834 1826  
  6502 4430 4434 4478  
  6503 3933 3941 3985  
  6504 2110 2036 2107  
  6505 672 724 685  
  6506 2635 2700 2714  
  6507 3792 3766 3836  
  6508 205 182 171  
  6509 4386 4392 4425  
  6510 3777 3798 3843  
  6511 2677 2609 2681  
  6512 305 347 299  
  6513 4387 4383 4420  
  6514 3939 3926 3976  
  6515 492 447 454  
  6516 2360 2432 2441  
  6517 4457 4454 4504  
  6518 3992 3996 4024  
  6519 1512 1436 1480  
  6520 1177 1247 1219  
  6521 3132 3189 3217  
  6522 3536 3497 3577  
  6523 100 96 76  
  6524 3656 3688 3730  
  6525 2930 2876 2954  
  6526 191 212 179  
  6527 4411 4407 4459  
  6528 3977 3970 4015  
  6529 703 648 667  
  6530 2070 2142 2124  
  6531 4446 4449 4490  
  6532 3973 3979 4016  
  6533 1812 1739 1798  
  6534 909 975 928  
  6535 2893 2956 2983  
  6536 3676 3642 3719  
  6537 128 119 103  
  6538 4410 4417 4464  
  6539 3863 3883 3930  
  6540 2400 2326 2408  
  6541 469 514 471  
  6542 4362 4355 4395  
  6543 3876 3855 3907  
  6544 329 294 288  
  6545 4447 4443 4488  
  6546 4005 4004 4040  
  6547 1221 1151 1192  
  6548 1463 1538 1521  
  6549 3335 3389 3421  
  6550 3365 3320 3400  
  6551 98 101 80  
  6552 3586 3623 3657  
  6553 3055 2997 3084  
  6554 151 172 138  
  6555 4423 4418 4467  
  6556 3987 3982 4020  
  6557 820 761 784  
  6558 1912 1990 1984  
  6559 4439 4442 4484  
  6560 3949 3960 3995  
  6561 1961 1889 1952  
  6562 786 846 807  
  6563 2766 2837 2851  
  6564 3736 3707 3773  
  6565 165 146 127  
  6566 4397 4406 4444  
  6567 3823 3844 3885  
  6568 2539 2469 2548  
  6569 385 426 384  
  6570 4375 4364 4396  
  6571 3906 3893 3950  
  6572 407 366 364  
  6573 4452 4450 4492  
  6574 3999 4003 4034  
  6575 1361 1292 1331  
  6576 1319 1389 1365  
  6577 3237 3285 3322  
  6578 3459 3412 3492  
  6579 92 93 77  
  6580 4374 4382 4416  
  6581 3716 3745 3783  
  6582 2807 2745 2828  
  6583 243 274 240  
  6584 4398 4393 4433  
  6585 3956 3946 3998  
  6586 594 540 559  
  6587 2217 2286 2294  
  6588 4451 4453 4494  
  6589 3986 3988 4021  
  6590 1660 1587 1650  
  6591 1037 1106 1077  
  6592 3020 3080 3101  
  6593 3610 3575 3651  
  6594 109 104 90  
  6595 4422 4426 4470  
  6596 3898 3912 3955  
  6597 2257 2186 2259  
  6598 564 616 573  
  6599 2504 2568 2582  
  6600 3838 3812 3881  
  6601 262 233 224  
  6602 4440 4435 4477  
  6603 4002 3997 4036  
  6604 1084 1016 1041  
  6605 1616 1687 1672  
  6606 3429 3472 3498  
  6607 3267 3220 3305  
  6608 105 113 89  
  6609 3549 3586 3629  
  6610 3112 3055 3137  
  6611 136 151 121  
  6612 4428 4423 4493  
  6613 3990 3987 4025  
  6614 884 820 854  
  6615 1834 1912 1904  
  6616 4434 4439 4476  
  6617 3941 3949 3991  
  6618 2036 1961 2022  
  6619 724 786 752  
  6620 2700 2766 2785  
  6621 3766 3736 3807  
  6622 182 165 150  
  6623 4392 4397 4432  
  6624 3798 3823 3867  
  6625 2609 2539 2624  
  6626 347 385 342  
  6627 4383 4375 4414  
  6628 3926 3906 3966  
  6629 447 407 410  
  6630 2432 2504 2500  
  6631 4454 4452 4495  
  6632 3996 3999 4035  
  6633 1436 1361 1417  
  6634 1247 1319 1294  
  6635 3189 3237 3270  
  6636 3497 3459 3527  
  6637 96 92 75  
  6638 4363 4374 4401  
  6639 3688 3716 3757  
  6640 2876 2807 2892  
  6641 212 243 204  
  6642 4407 4398 4438  
  6643 3970 3956 4011  
  6644 648 594 604  
  6645 2142 2217 2219  
  6646 4449 4451 4485  
  6647 3979 3986 4017  
  6648 1739 1660 1710  
  6649 975 1037 1005  
  6650 2956 3020 3045  
  6651 3642 3610 3687  
  6652 119 109 97  
  6653 4417 4422 4466  
  6654 3883 3898 3937  
  6655 2326 2257 2333  
  6656 514 564 517  
  6657 4355 4341 4376  
  6658 3855 3838 3896  
  6659 294 262 254  
  6660 4443 4440 4480  
  6661 4004 4002 4037  
  6662 1151 1084 1118  
  6663 1538 1616 1586  
  6664 3389 3429 3463  
  6665 3320 3267 3350  
  6666 101 105 87  
  6667 3623 3656 3689  
  6668 2997 2930 3009  
  6669 172 191 155  
  6670 4418 4411 4461  
  6671 3982 3977 4018  
  6672 761 703 723  
  6673 1990 2070 2062  
  6674 4442 4446 4487  
  6675 3960 3973 4007  
  6676 1889 1812 1862  
  6677 846 909 879  
  6678 2837 2893 2918  
  6679 3707 3676 3746  
  6680 146 128 116  
  6681 4406 4410 4448  
  6682 3844 3863 3897  
  6683 2469 2400 2481  
  6684 426 469 427  
  6685 4364 4362 4394  
  6686 3893 3876 3940  
  6687 366 329 331  
  6688 4450 4447 4482  
  6689 4003 4005 4038  
  6690 1292 1221 1269  
  6691 1389 1463 1442  
  6692 3285 3335 3371  
  6693 3412 3365 3434  
  6694 93 98 79  
  6695 4382 4386 4419  
  6696 3745 3777 3820  
  6697 2745 2677 2761  
  6698 274 305 268  
  6699 4393 4387 4429  
  6700 3946 3939 3984  
  6701 540 492 502  
  6702 2286 2360 2348  
  6703 4453 4457 4497  
  6704 3988 3992 4026  
  6705 1587 1512 1564  
  6706 1106 1177 1146  
  6707 3080 3132 3150  
  6708 3575 3536 3604  
  6709 104 100 82  
  6710 4426 4430 4473  
  6711 3912 3933 3963  
  6712 2186 2110 2175  
  6713 616 672 632  
  6714 2568 2635 2650  
  6715 3812 3792 3853  
  6716 233 205 195  
  6717 4435 4431 4479  
  6718 3997 3994 4028  
  6719 1016 947 979  
  6720 1687 1761 1751  
  6721 3472 3510 3552  
  6722 3220 3165 3248  
  6723 113 124 99  
  6724 4193 4206 4172  
  6725 4330 4333 4279  
  6726 4325 4319 4270  
  6727 4183 4175 4154  
  6728 4274 4287 4233  
  6729 4350 4348 4307  
  6730 4263 4257 4217  
  6731 4235 4249 4199  
  6732 4342 4346 4304  
  6733 4302 4294 4255  
  6734 4312 4317 4268  
  6735 4336 4334 4291  
  6736 4223 4214 4182  
  6737 4216 4226 4185  
  6738 4335 4337 4293  
  6739 4316 4311 4266  
  6740 4297 4305 4252  
  6741 4345 4340 4303  
  6742 4248 4234 4196  
  6743 4258 4264 4218  
  6744 4349 4351 4301  
  6745 4281 4272 4232  
  6746 4321 4327 4265  
  6747 4332 4329 4278  
  6748 4204 4192 4173  
  6749 4206 4216 4180  
  6750 4333 4335 4277  
  6751 4319 4316 4267  
  6752 4287 4297 4250  
  6753 4348 4345 4299  
  6754 4257 4248 4213  
  6755 4249 4258 4212  
  6756 4346 4349 4300  
  6757 4294 4281 4242  
  6758 4317 4321 4269  
  6759 4334 4332 4289  
  6760 4214 4204 4177  
  6761 4226 4235 4195  
  6762 4337 4342 4296  
  6763 4311 4302 4256  
  6764 4305 4312 4253  
  6765 4340 4336 4295  
  6766 4234 4223 4191  
  6767 4264 4274 4229  
  6768 4351 4350 4306  
  6769 4272 4263 4224  
  6770 4327 4330 4286  
  6771 4329 4325 4283  
  6772 4192 4183 4162  
  6773 4498 4500 4458  
  6774 4475 4468 4403  
  6775 4436 4456 4405  
  6776 4445 4475 4403  
  6777 4468 4460 4415  
  6778 4424 4436 4391  
  6779 4510 4506 4489  
  6780 4510 4489 4512  
  6781 4460 4441 4404  
  6782 4412 4424 4388  
  6783 4399 4412 4373  
  6784 4298 4338 4331  
  6785 4210 4251 4240  
  6786 4371 4403 4415  
  6787 4175 4210 4198  
  6788 4251 4298 4288  
  6789 4338 4371 4378  
  6790 4441 4427 4384  
  6791 4427 4413 4372  
  6792 4389 4399 4366  
  6793 4500 4503 4463  
  6794 4413 4402 4377  
  6795 4365 4379 4352  
  6796 4379 4389 4356  
  6797 4402 4390 4368  
  6798 4358 4365 4322  
  6799 4390 4381 4357  
  6800 4376 4408 4395  
  6801 4408 4458 4463  
  6802 4343 4358 4308  
  6803 4381 4367 4353  
  6804 4367 4359 4323  
  6805 4324 4343 4284  
  6806 4359 4347 4313  
  6807 4309 4324 4271  
  6808 4347 4326 4285  
  6809 4280 4309 4247  
  6810 4503 4507 4471  
  6811 4261 4280 4225  
  6812 4437 4409 4455  
  6813 4455 4409 4401  
  6814 4400 4380 4409  
  6815 4409 4380 4363  
  6816 4481 4455 4489  
  6817 4489 4455 4462  
  6818 4326 4310 4262  
  6819 4310 4282 4246  
  6820 4243 4261 4208  
  6821 4517 4512 4496  
  6822 4220 4243 4194  
  6823 4282 4260 4230  
  6824 4320 4292 4328  
  6825 4328 4292 4290  
  6826 4421 4405 4456  
  6827 4273 4239 4292  
  6828 4292 4239 4290  
  6829 4385 4369 4405  
  6830 4405 4369 4391  
  6831 4231 4201 4239  
  6832 4239 4201 4205  
  6833 4360 4328 4369  
  6834 4369 4328 4344  
  6835 4201 4193 4167  
  6836 3592 3549 3629  
  6837 3592 3629 3673  
  6838 4484 4442 4487  
  6839 4484 4487 4519  
  6840 4432 4397 4444  
  6841 4432 4444 4491  
  6842 4482 4447 4488  
  6843 4482 4488 4520  
  6844 4459 4407 4438  
  6845 4459 4438 4502  
  6846 1077 1106 1146  
  6847 1077 1146 1087  
  6848 2333 2257 2259  
  6849 2333 2259 2387  
  6850 1751 1761 1826  
  6851 1751 1826 1790  
  6852 2681 2609 2624  
  6853 2681 2624 2728  
  6854 1331 1292 1269  
  6855 1331 1269 1315  
  6856 3757 3716 3783  
  6857 3757 3783 3857  
  6858 4026 3992 4024  
  6859 4026 4024 4062  
  6860 3907 3855 3896  
  6861 3907 3896 3980  
  6862 3305 3220 3248  
  6863 3305 3248 3385  
  6864 723 703 667  
  6865 723 667 709  
  6866 3985 3941 3991  
  6867 3985 3991 4043  
  6868 3885 3844 3897  
  6869 3885 3897 3972  
  6870 4495 4452 4492  
  6871 4495 4492 4522  
  6872 3820 3777 3843  
  6873 3820 3843 3916  
  6874 2983 2956 3045  
  6875 2983 3045 3095  
  6876 2582 2568 2650  
  6877 2582 2650 2684  
  6878 3463 3429 3498  
  6879 3463 3498 3574  
  6880 1480 1436 1417  
  6881 1480 1417 1477  
  6882 240 274 268  
  6883 240 268 219  
  6884 4017 3986 4021  
  6885 4017 4021 4056  
  6886 2175 2110 2107  
  6887 2175 2107 2199  
  6888 80 101 87  
  6889 80 87 68  
  6890 1904 1912 1984  
  6891 1904 1984 1965  
  6892 116 128 103  
  6893 116 103 84  
  6894 4031 3990 4025  
  6895 4031 4025 4060  
  6896 2851 2837 2918  
  6897 2851 2918 2967  
  6898 4414 4375 4396  
  6899 4414 4396 4469  
  6900 3371 3335 3421  
  6901 3371 3421 3480  
  6902 4490 4449 4485  
  6903 4490 4485 4514  
  6904 4470 4426 4473  
  6905 4470 4473 4509  
  6906 4480 4440 4477  
  6907 4480 4477 4516  
  6908 454 447 410  
  6909 454 410 431  
  6910 77 93 79  
  6911 77 79 65  
  6912 4011 3956 3998  
  6913 4011 3998 4047  
  6914 3604 3536 3577  
  6915 3604 3577 3681  
  6916 1192 1151 1118  
  6917 1192 1118 1162  
  6918 121 151 138  
  6919 121 138 102  
  6920 1862 1812 1798  
  6921 1862 1798 1878  
  6922 3836 3766 3807  
  6923 3836 3807 3899  
  6924 3950 3893 3940  
  6925 3950 3940 4012  
  6926 3270 3237 3322  
  6927 3270 3322 3352  
  6928 3984 3939 3976  
  6929 3984 3976 4039  
  6930 3930 3883 3937  
  6931 3930 3937 4000  
  6932 4036 3997 4028  
  6933 4036 4028 4058  
  6934 3009 2930 2954  
  6935 3009 2954 3071  
  6936 76 96 75  
  6937 76 75 67  
  6938 2294 2286 2348  
  6939 2294 2348 2386  
  6940 3687 3610 3651  
  6941 3687 3651 3768  
  6942 195 205 171  
  6943 195 171 163  
  6944 4467 4418 4461  
  6945 4467 4461 4505  
  6946 752 786 807  
  6947 752 807 768  
  6948 427 469 471  
  6949 427 471 421  
  6950 106 136 121  
  6951 106 121 102  
  6952 1952 1889 1862  
  6953 1952 1862 1878  
  6954 2624 2539 2548  
  6955 2624 2548 2728  
  6956 1269 1221 1192  
  6957 1269 1192 1315  
  6958 667 648 604  
  6959 667 562 709  
  6960 3651 3575 3604  
  6961 3651 3604 3681  
  6962 3896 3838 3881  
  6963 3896 3881 3980  
  6964 3248 3165 3182  
  6965 3248 3249 3385  
  6966 4420 4383 4414  
  6967 4420 4414 4472  
  6968 3322 3285 3371  
  6969 3322 3371 3480  
  6970 204 243 240  
  6971 204 240 219  
  6972 1146 1177 1219  
  6973 1146 1250 1087  
  6974 4488 4443 4480  
  6975 4488 4480 4516  
  6976 3629 3586 3657  
  6977 3629 3769 3673  
  6978 4487 4446 4490  
  6979 4487 4490 4514  
  6980 685 724 752  
  6981 685 752 768  
  6982 384 426 427  
  6983 384 427 421  
  6984 1417 1361 1331  
  6985 1417 1331 1477  
  6986 268 305 299  
  6987 268 299 219  
  6988 103 119 97  
  6989 103 72 84  
  6990 224 233 195  
  6991 224 195 163  
  6992 87 105 89  
  6993 87 89 68  
  6994 3217 3189 3270  
  6995 3217 3270 3352  
  6996 3998 3946 3984  
  6997 3998 3984 4039  
  6998 1005 1037 1077  
  6999 1005 1077 1087  
  7000 2650 2635 2714  
  7001 2650 2825 2684  
  7002 3084 2997 3009  
  7003 3084 3009 3071  
  7004 3991 3949 3995  
  7005 3991 4048 4043  
  7006 3897 3863 3930  
  7007 3897 3930 3972  
  7008 1826 1834 1904  
  7009 1826 1904 1965  
  7010 127 146 116  
  7011 127 116 84  
  7012 410 407 364  
  7013 410 317 431  
  7014 79 98 80  
  7015 79 80 65  
  7016 1798 1739 1710  
  7017 1798 1716 1878  
  7018 2259 2186 2175  
  7019 2259 2199 2387  
  7020 1118 1084 1041  
  7021 1118 1018 1162  
  7022 4504 4454 4495  
  7023 4504 4495 4522  
  7024 3783 3745 3820  
  7025 3783 3820 3857  
  7026 2219 2217 2294  
  7027 2219 2294 2386  
  7028 4473 4430 4478  
  7029 4473 4508 4509  
  7030 3421 3389 3463  
  7031 3421 3574 3480  
  7032 4025 3987 4020  
  7033 4025 4052 4060  
  7034 2918 2893 2983  
  7035 2918 2983 3095  
  7036 4425 4392 4432  
  7037 4425 4432 4491  
  7038 4492 4450 4482  
  7039 4492 4482 4520  
  7040 75 92 77  
  7041 75 77 65  
  7042 2348 2360 2441  
  7043 2348 2441 2386  
  7044 471 514 517  
  7045 471 517 421  
  7046 1672 1687 1751  
  7047 1672 1751 1790  
  7048 4461 4411 4459  
  7049 4461 4459 4505  
  7050 2954 2876 2892  
  7051 2954 2892 3071  
  7052 4021 3988 4026  
  7053 4021 4026 4056  
  7054 4466 4422 4470  
  7055 4466 4470 4509  
  7056 4028 3994 4031  
  7057 4028 4031 4058  
  7058 784 761 723  
  7059 784 723 709  
  7060 3807 3736 3773  
  7061 3807 3847 3899  
  7062 3940 3876 3907  
  7063 3940 3907 3980  
  7064 3182 3112 3137  
  7065 3182 3137 3249  
  7066 3995 3960 4007  
  7067 3995 4007 4048  
  7068 3867 3823 3885  
  7069 3867 3885 3972  
  7070 4038 4005 4040  
  7071 4038 4040 4065  
  7072 4015 3970 4011  
  7073 4015 4011 4047  
  7074 3101 3080 3150  
  7075 3101 3150 3213  
  7076 517 564 573  
  7077 517 573 526  
  7078 3552 3510 3592  
  7079 3552 3592 3673  
  7080 299 347 342  
  7081 299 342 308  
  7082 1365 1389 1442  
  7083 1365 1442 1405  
  7084 2892 2807 2828  
  7085 2892 2828 2910  
  7086 1564 1512 1480  
  7087 1564 1480 1477  
  7088 288 294 254  
  7089 288 254 229  
  7090 89 113 99  
  7091 89 99 74  
  7092 2062 2070 2124  
  7093 2062 2124 2153  
  7094 2107 2036 2022  
  7095 2107 2039 2199  
  7096 2548 2469 2481  
  7097 2548 2481 2551  
  7098 4035 3999 4034  
  7099 4035 4034 4066  
  7100 2761 2677 2681  
  7101 2761 2681 2728  
  7102 3719 3642 3687  
  7103 3719 3687 3768  
  7104 3881 3812 3853  
  7105 3881 3853 3945  
  7106 3350 3267 3305  
  7107 3350 3305 3385  
  7108 1219 1247 1294  
  7109 1219 1294 1250  
  7110 4433 4393 4429  
  7111 4433 4429 4499  
  7112 1710 1660 1650  
  7113 1710 1650 1716  
  7114 632 672 685  
  7115 632 685 644  
  7116 3657 3623 3689  
  7117 3657 3689 3769  
  7118 4476 4439 4484  
  7119 4476 4484 4508  
  7120 4448 4410 4464  
  7121 4448 4464 4501  
  7122 908 884 854  
  7123 908 854 875  
  7124 3773 3707 3746  
  7125 3773 3746 3847  
  7126 3966 3906 3950  
  7127 3966 3950 4012  
  7128 3434 3365 3400  
  7129 3434 3400 3508  
  7130 4016 3979 4017  
  7131 4016 4017 4056  
  7132 3955 3912 3963  
  7133 3955 3963 4023  
  7134 4037 4002 4036  
  7135 4037 4036 4058  
  7136 2441 2432 2500  
  7137 2441 2500 2535  
  7138 4416 4382 4419  
  7139 4416 4419 4496  
  7140 604 594 559  
  7141 604 559 562  
  7142 82 100 76  
  7143 82 76 67  
  7144 1521 1538 1586  
  7145 1521 1586 1589  
  7146 4493 4423 4467  
  7147 4493 4467 4505  
  7148 879 909 928  
  7149 879 928 902  
  7150 171 182 150  
  7151 171 108 163  
  7152 364 366 331  
  7153 364 331 317  
  7154 3527 3459 3492  
  7155 3527 3492 3600  
  7156 502 492 454  
  7157 502 454 431  
  7158 2408 2326 2333  
  7159 2408 2333 2387  
  7160 1041 1016 979  
  7161 1041 979 1018  
  7162 155 191 179  
  7163 155 179 148  
  7164 3730 3688 3757  
  7165 3730 3757 3857  
  7166 4494 4453 4497  
  7167 4494 4497 4518  
  7168 97 109 90  
  7169 97 90 72  
  7170 4479 4431 4474  
  7171 4479 4474 4513  
  7172 4020 3982 4018  
  7173 4020 4018 4052  
  7174 2785 2766 2851  
  7175 2785 2851 2967  
  7176 4394 4362 4395  
  7177 4394 4395 4471  
  7178 4474 4428 4493  
  7179 4474 4493 4513  
  7180 807 846 879  
  7181 807 879 902  
  7182 342 385 384  
  7183 342 384 308  
  7184 1442 1463 1521  
  7185 1442 1521 1589  
  7186 2124 2142 2219  
  7187 2124 2219 2153  
  7188 90 104 82  
  7189 90 82 72  
  7190 254 262 224  
  7191 254 224 229  
  7192 99 124 106  
  7193 99 106 74  
  7194 3976 3926 3966  
  7195 3976 3966 4039  
  7196 3492 3412 3434  
  7197 3492 3434 3508  
  7198 4438 4398 4433  
  7199 4438 4433 4502  
  7200 3150 3132 3217  
  7201 3150 3217 3213  
  7202 4040 4004 4037  
  7203 4040 4037 4065  
  7204 3137 3055 3084  
  7205 3137 3084 3249  
  7206 4007 3973 4016  
  7207 4007 4016 4048  
  7208 2714 2700 2785  
  7209 2714 2785 2825  
  7210 4396 4364 4394  
  7211 4396 4394 4469  
  7212 1294 1319 1365  
  7213 1294 1365 1405  
  7214 4429 4387 4420  
  7215 4429 4472 4499  
  7216 4464 4417 4466  
  7217 4464 4466 4501  
  7218 4477 4435 4479  
  7219 4477 4479 4516  
  7220 3689 3656 3730  
  7221 3689 3730 3769  
  7222 3577 3497 3527  
  7223 3577 3527 3600  
  7224 559 540 502  
  7225 559 502 562  
  7226 3045 3020 3101  
  7227 3045 3101 3213  
  7228 3853 3792 3836  
  7229 3853 3836 3945  
  7230 138 172 155  
  7231 138 155 102  
  7232 2022 1961 1952  
  7233 2022 1952 2039  
  7234 2481 2400 2408  
  7235 2481 2408 2551  
  7236 4478 4434 4476  
  7237 4478 4476 4508  
  7238 4444 4406 4448  
  7239 4444 4501 4491  
  7240 2500 2504 2582  
  7241 2500 2582 2535  
  7242 4419 4386 4425  
  7243 4419 4425 4483  
  7244 928 975 1005  
  7245 928 1005 902  
  7246 573 616 632  
  7247 573 632 644  
  7248 1586 1616 1672  
  7249 1586 1672 1589  
  7250 4024 3996 4035  
  7251 4024 4035 4062  
  7252 2828 2745 2761  
  7253 2828 2761 2910  
  7254 4485 4451 4494  
  7255 4485 4494 4514  
  7256 3963 3933 3985  
  7257 3963 3985 4023  
  7258 3400 3320 3350  
  7259 3400 3350 3508  
  7260 854 820 784  
  7261 854 784 875  
  7262 3746 3676 3719  
  7263 3746 3719 3847  
  7264 3843 3798 3867  
  7265 3843 3867 3916  
  7266 4034 4003 4038  
  7267 4034 4038 4066  
  7268 4401 4374 4416  
  7269 4401 4416 4462  
  7270 4497 4457 4504  
  7271 4497 4504 4518  
  7272 4395 4355 4376  
  7273 3498 3472 3552  
  7274 3498 3552 3574  
  7275 4018 3977 4015  
  7276 4018 4015 4052  
  7277 179 212 204  
  7278 179 204 148  
  7279 1650 1587 1564  
  7280 1650 1564 1716  
  7281 3937 3898 3955  
  7282 3937 3955 4000  
  7283 979 947 908  
  7284 979 908 875  
  7285 1984 1990 2062  
  7286 1984 2062 2153  
  7287 150 165 127  
  7288 150 127 108  
  7289 331 329 288  
  7290 331 288 317  
  7291 4363 4401 4409  
  7292 4200 4220 4176  
  7293 4316 4266 4267  
  7294 4267 4266 4202  
  7295 4249 4212 4199  
  7296 4199 4212 4165  
  7297 4329 4283 4278  
  7298 4278 4283 4237  
  7299 4235 4199 4195  
  7300 4195 4199 4150  
  7301 4332 4278 4289  
  7302 4289 4278 4237  
  7303 4311 4256 4266  
  7304 4266 4256 4202  
  7305 4183 4154 4162  
  7306 4162 4154 4130  
  7307 4258 4218 4212  
  7308 4212 4187 4165  
  7309 4334 4289 4291  
  7310 4291 4289 4236  
  7311 4336 4291 4295  
  7312 4295 4291 4236  
  7313 4319 4267 4270  
  7314 4270 4267 4202  
  7315 4264 4229 4218  
  7316 4218 4229 4187  
  7317 4330 4279 4286  
  7318 4286 4279 4215  
  7319 4345 4303 4299  
  7320 4299 4303 4227  
  7321 4294 4242 4255  
  7322 4255 4242 4209  
  7323 4302 4255 4256  
  7324 4256 4255 4209  
  7325 4206 4180 4172  
  7326 4172 4180 4139  
  7327 4340 4295 4303  
  7328 4303 4295 4227  
  7329 4350 4307 4306  
  7330 4306 4307 4228  
  7331 4281 4232 4242  
  7332 4242 4232 4209  
  7333 4226 4195 4185  
  7334 4185 4195 4150  
  7335 4216 4185 4180  
  7336 4180 4185 4139  
  7337 4348 4299 4307  
  7338 4307 4299 4228  
  7339 4272 4224 4232  
  7340 4232 4224 4186  
  7341 4193 4172 4167  
  7342 4297 4252 4250  
  7343 4250 4252 4188  
  7344 4346 4300 4304  
  7345 4304 4300 4254  
  7346 4192 4162 4173  
  7347 4173 4162 4151  
  7348 4342 4304 4296  
  7349 4296 4304 4254  
  7350 4204 4173 4177  
  7351 4177 4173 4151  
  7352 4305 4253 4252  
  7353 4252 4253 4188  
  7354 4274 4233 4229  
  7355 4229 4233 4187  
  7356 4349 4301 4300  
  7357 4300 4301 4254  
  7358 4214 4177 4182  
  7359 4182 4177 4151  
  7360 4223 4182 4191  
  7361 4191 4182 4161  
  7362 4287 4250 4233  
  7363 4233 4250 4188  
  7364 4351 4306 4301  
  7365 4301 4306 4228  
  7366 4325 4270 4283  
  7367 4283 4270 4237  
  7368 4248 4196 4213  
  7369 4213 4196 4160  
  7370 4317 4269 4268  
  7371 4268 4269 4203  
  7372 4312 4268 4253  
  7373 4253 4268 4203  
  7374 4333 4277 4279  
  7375 4279 4277 4215  
  7376 4234 4191 4196  
  7377 4196 4191 4161  
  7378 4263 4217 4224  
  7379 4224 4217 4186  
  7380 4321 4265 4269  
  7381 4269 4265 4203  
  7382 4337 4296 4293  
  7383 4293 4296 4244  
  7384 4335 4293 4277  
  7385 4277 4293 4244  
  7386 4257 4213 4217  
  7387 4217 4213 4160  
  7388 4327 4286 4265  
  7389 4265 4286 4215  
  7390 4154 4175 4146  
  7391 4260 4241 4207  
  7392 4241 4219 4189  
  7393 4184 4200 4166  
  7394 4507 4511 4469  
  7395 4391 4436 4405  
  7396 4424 4391 4388  
  7397 4388 4391 4344  
  7398 4171 4184 4149  
  7399 4415 4460 4404  
  7400 4415 4404 4378  
  7401 4468 4415 4403  
  7402 4219 4197 4174  
  7403 4412 4388 4373  
  7404 4373 4388 4344  
  7405 4156 4171 4143  
  7406 4404 4441 4384  
  7407 4404 4384 4378  
  7408 4197 4181 4168  
  7409 4331 4338 4378  
  7410 4331 4378 4384  
  7411 4198 4210 4240  
  7412 4198 4240 4238  
  7413 4378 4371 4415  
  7414 4240 4251 4288  
  7415 4240 4318 4238  
  7416 4288 4298 4331  
  7417 4288 4331 4318  
  7418 4175 4198 4163  
  7419 4145 4156 4129  
  7420 4523 4517 4483  
  7421 4399 4373 4366  
  7422 4366 4373 4314  
  7423 4384 4427 4372  
  7424 4384 4372 4318  
  7425 4181 4170 4147  
  7426 4132 4145 4119  
  7427 4389 4366 4356  
  7428 4356 4366 4314  
  7429 4372 4413 4377  
  7430 4372 4315 4318  
  7431 4170 4153 4137  
  7432 4463 4503 4471  
  7433 4463 4471 4395  
  7434 4500 4463 4458  
  7435 4124 4132 4114  
  7436 4379 4356 4352  
  7437 4352 4356 4276  
  7438 4377 4402 4368  
  7439 4377 4368 4315  
  7440 4153 4142 4126  
  7441 4116 4124 4105  
  7442 4365 4352 4322  
  7443 4322 4352 4276  
  7444 4368 4390 4357  
  7445 4368 4357 4315  
  7446 4142 4131 4120  
  7447 4511 4515 4469  
  7448 4104 4116 4094  
  7449 4358 4322 4308  
  7450 4308 4322 4259  
  7451 4131 4121 4112  
  7452 4357 4381 4353  
  7453 4357 4353 4275  
  7454 4096 4104 4082  
  7455 4343 4308 4284  
  7456 4284 4308 4259  
  7457 4121 4115 4101  
  7458 4353 4367 4323  
  7459 4353 4323 4275  
  7460 4085 4096 4075  
  7461 4525 4523 4483  
  7462 4324 4284 4271  
  7463 4271 4284 4211  
  7464 4115 4103 4089  
  7465 4323 4359 4313  
  7466 4323 4313 4245  
  7467 4076 4085 4067  
  7468 4309 4271 4247  
  7469 4247 4271 4211  
  7470 4103 4092 4083  
  7471 4313 4347 4285  
  7472 4313 4285 4245  
  7473 4061 4076 4050  
  7474 4471 4507 4469  
  7475 4092 4080 4071  
  7476 4280 4247 4225  
  7477 4225 4247 4190  
  7478 4285 4326 4262  
  7479 4285 4262 4222  
  7480 4049 4061 4032  
  7481 4080 4072 4055  
  7482 4261 4225 4208  
  7483 4208 4225 4190  
  7484 4515 4521 4472  
  7485 4262 4310 4246  
  7486 4262 4246 4222  
  7487 4029 4049 4010  
  7488 4072 4057 4046  
  7489 4243 4208 4194  
  7490 4194 4208 4155  
  7491 4517 4496 4483  
  7492 4496 4512 4489  
  7493 4006 4029 3981  
  7494 4246 4282 4230  
  7495 4246 4230 4178  
  7496 4057 4045 4027  
  7497 4220 4194 4176  
  7498 4176 4194 4155  
  7499 3971 4006 3936  
  7500 4527 4525 4491  
  7501 4230 4260 4207  
  7502 4230 4207 4178  
  7503 4045 4022 3993  
  7504 4200 4176 4166  
  7505 4166 4176 4140  
  7506 3932 3971 3890  
  7507 4401 4462 4455  
  7508 4207 4241 4189  
  7509 4207 4189 4164  
  7510 4022 3989 3958  
  7511 4189 4219 4174  
  7512 4189 4174 4164  
  7513 4184 4166 4149  
  7514 4149 4166 4140  
  7515 3989 3951 3920  
  7516 3882 3932 3846  
  7517 4171 4149 4143  
  7518 4143 4149 4118  
  7519 4174 4197 4168  
  7520 4174 4168 4133  
  7521 3951 3908 3886  
  7522 3833 3882 3803  
  7523 4521 4524 4499  
  7524 4201 4167 4205  
  7525 4156 4143 4129  
  7526 4129 4143 4118  
  7527 3780 3833 3737  
  7528 4168 4181 4147  
  7529 4168 4147 4133  
  7530 3908 3861 3825  
  7531 4146 4175 4163  
  7532 4146 4163 4128  
  7533 4154 4146 4130  
  7534 4145 4129 4119  
  7535 4119 4129 4108  
  7536 3720 3780 3682  
  7537 4147 4170 4137  
  7538 4147 4137 4122  
  7539 3861 3811 3776  
  7540 4528 4527 4501  
  7541 4132 4119 4114  
  7542 4114 4119 4108  
  7543 3658 3720 3619  
  7544 4137 4153 4126  
  7545 4137 4126 4122  
  7546 3811 3754 3713  
  7547 3595 3658 3569  
  7548 4124 4114 4105  
  7549 4105 4114 4084  
  7550 3754 3693 3666  
  7551 4126 4142 4120  
  7552 4126 4120 4100  
  7553 3530 3595 3488  
  7554 4462 4416 4496  
  7555 4462 4496 4489  
  7556 4116 4105 4094  
  7557 4094 4105 4084  
  7558 4120 4131 4112  
  7559 4120 4112 4100  
  7560 3693 3631 3589  
  7561 4163 4198 4238  
  7562 4104 4094 4082  
  7563 4082 4094 4070  
  7564 3460 3530 3417  
  7565 3631 3564 3524  
  7566 4524 4526 4499  
  7567 4112 4121 4101  
  7568 4112 4101 4086  
  7569 3387 3460 3340  
  7570 4096 4082 4075  
  7571 4075 4082 4070  
  7572 3564 3494 3456  
  7573 4101 4115 4089  
  7574 4101 4089 4086  
  7575 3307 3387 3279  
  7576 4085 4075 4067  
  7577 4067 4075 4041  
  7578 3494 3422 3396  
  7579 4089 4103 4083  
  7580 4089 4083 4059  
  7581 3226 3307 3186  
  7582 4530 4528 4501  
  7583 4076 4067 4050  
  7584 4050 4067 4041  
  7585 3422 3341 3304  
  7586 4083 4092 4071  
  7587 4083 4071 4059  
  7588 3341 3262 3224  
  7589 3138 3226 3106  
  7590 4061 4050 4032  
  7591 4032 4050 4001  
  7592 4071 4080 4055  
  7593 4071 4055 4044  
  7594 3262 3179 3139  
  7595 3053 3138 3015  
  7596 4049 4032 4010  
  7597 4010 4032 4001  
  7598 4055 4072 4046  
  7599 4055 4046 4044  
  7600 4472 4521 4499  
  7601 4515 4472 4469  
  7602 3179 3090 3072  
  7603 2960 3053 2942  
  7604 4526 4529 4502  
  7605 4029 4010 3981  
  7606 3981 4010 3913  
  7607 4046 4057 4027  
  7608 4046 4027 3978  
  7609 2865 2960 2835  
  7610 3090 3001 2962  
  7611 4006 3981 3936  
  7612 3936 3981 3913  
  7613 2764 2865 2737  
  7614 4027 4045 3993  
  7615 4027 3993 3978  
  7616 3001 2903 2874  
  7617 3971 3936 3890  
  7618 3890 3936 3842  
  7619 2670 2764 2639  
  7620 4532 4530 4509  
  7621 3993 4022 3958  
  7622 3993 3958 3915  
  7623 2903 2806 2772  
  7624 4483 4496 4419  
  7625 3932 3890 3846  
  7626 3846 3890 3842  
  7627 2806 2704 2693  
  7628 2566 2670 2554  
  7629 3958 3989 3920  
  7630 3958 3920 3915  
  7631 4167 4172 4135  
  7632 3882 3846 3803  
  7633 3803 3846 3724  
  7634 2704 2605 2577  
  7635 2463 2566 2445  
  7636 3920 3951 3886  
  7637 3920 3886 3804  
  7638 4239 4205 4290  
  7639 3833 3803 3737  
  7640 3737 3803 3724  
  7641 2362 2463 2334  
  7642 3886 3908 3825  
  7643 3886 3825 3804  
  7644 2605 2505 2472  
  7645 4161 4182 4151  
  7646 4244 4296 4254  
  7647 4299 4227 4228  
  7648 4218 4187 4212  
  7649 4172 4139 4135  
  7650 4135 4139 4106  
  7651 4160 4196 4161  
  7652 4236 4289 4237  
  7653 4232 4186 4209  
  7654 4150 4199 4165  
  7655 4151 4162 4130  
  7656 4185 4150 4139  
  7657 4529 4531 4505  
  7658 4532 4509 4534  
  7659 4519 4487 4514  
  7660 4522 4492 4520  
  7661 4520 4488 4516  
  7662 4514 4494 4518  
  7663 4469 4394 4471  
  7664 4483 4425 4491  
  7665 4479 4513 4516  
  7666 4433 4499 4502  
  7667 4508 4484 4519  
  7668 4478 4508 4473  
  7669 4448 4501 4444  
  7670 4459 4502 4505  
  7671 2582 2684 2535  
  7672 1192 1162 1315  
  7673 4026 4062 4056  
  7674 3955 4023 4000  
  7675 3985 4043 4023  
  7676 3600 3492 3508  
  7677 1041 1018 1118  
  7678 1250 1294 1405  
  7679 1219 1250 1146  
  7680 108 127 84  
  7681 1331 1315 1477  
  7682 80 68 65  
  7683 3820 3916 3857  
  7684 97 72 103  
  7685 3463 3574 3421  
  7686 4031 4060 4058  
  7687 2175 2199 2259  
  7688 3881 3945 3980  
  7689 3657 3769 3629  
  7690 517 526 421  
  7691 288 229 317  
  7692 3836 3899 3945  
  7693 1710 1716 1798  
  7694 1018 979 875  
  7695 2714 2825 2650  
  7696 1405 1442 1589  
  7697 3773 3847 3807  
  7698 89 74 68  
  7699 4020 4052 4025  
  7700 2548 2551 2728  
  7701 2022 2039 2107  
  7702 2441 2535 2386  
  7703 2039 1952 1878  
  7704 3352 3322 3480  
  7705 3780 3737 3682  
  7706 3682 3737 3628  
  7707 3972 3930 4000  
  7708 526 573 644  
  7709 150 108 171  
  7710 2825 2785 2967  
  7711 1965 1984 2153  
  7712 3095 3045 3213  
  7713 3681 3577 3600  
  7714 4038 4065 4066  
  7715 2892 2910 3071  
  7716 4035 4066 4062  
  7717 2967 2918 3095  
  7718 67 75 65  
  7719 604 562 667  
  7720 155 148 102  
  7721 4047 3998 4039  
  7722 768 807 902  
  7723 1790 1826 1965  
  7724 4012 3940 3980  
  7725 644 685 768  
  7726 3768 3651 3681  
  7727 299 308 219  
  7728 364 317 410  
  7729 3995 4048 3991  
  7730 3182 3249 3248  
  7731 2505 2394 2374  
  7732 2254 2362 2234  
  7733 3825 3861 3776  
  7734 3825 3776 3715  
  7735 2148 2254 2146  
  7736 3720 3682 3619  
  7737 3619 3682 3628  
  7738 3776 3811 3713  
  7739 3776 3713 3715  
  7740 2394 2290 2283  
  7741 4344 4391 4369  
  7742 2034 2148 2016  
  7743 3658 3619 3569  
  7744 3569 3619 3484  
  7745 2290 2181 2162  
  7746 3713 3754 3666  
  7747 3713 3666 3579  
  7748 4505 4533 4493  
  7749 4526 4502 4499  
  7750 1921 2034 1909  
  7751 4469 4472 4414  
  7752 3595 3569 3488  
  7753 3488 3569 3484  
  7754 4472 4429 4420  
  7755 2181 2073 2052  
  7756 3666 3693 3589  
  7757 3666 3589 3579  
  7758 4314 4373 4344  
  7759 1813 1921 1799  
  7760 4318 4331 4384  
  7761 4288 4318 4240  
  7762 2073 1955 1944  
  7763 3530 3488 3417  
  7764 3417 3488 3360  
  7765 3589 3631 3524  
  7766 3589 3524 3468  
  7767 1700 1813 1705  
  7768 1955 1839 1849  
  7769 4531 4533 4505  
  7770 3460 3417 3340  
  7771 3340 3417 3360  
  7772 3524 3564 3456  
  7773 3524 3456 3468  
  7774 1590 1700 1578  
  7775 1839 1732 1720  
  7776 4276 4356 4314  
  7777 3387 3340 3279  
  7778 3279 3340 3194  
  7779 4377 4315 4372  
  7780 3456 3494 3396  
  7781 3456 3396 3308  
  7782 1732 1617 1608  
  7783 1476 1590 1468  
  7784 3307 3279 3186  
  7785 3186 3279 3194  
  7786 4536 4534 4508  
  7787 4536 4508 4519  
  7788 3396 3422 3304  
  7789 3396 3304 3308  
  7790 1359 1476 1358  
  7791 1617 1505 1501  
  7792 4167 4135 4127  
  7793 3226 3186 3106  
  7794 3106 3186 3048  
  7795 4259 4322 4276  
  7796 3304 3341 3224  
  7797 3304 3224 3169  
  7798 1252 1359 1267  
  7799 4357 4275 4315  
  7800 1505 1388 1401  
  7801 3224 3262 3139  
  7802 3224 3139 3169  
  7803 3138 3106 3015  
  7804 3015 3106 3048  
  7805 1388 1277 1279  
  7806 1143 1252 1148  
  7807 3053 3015 2942  
  7808 2942 3015 2853  
  7809 1033 1143 1042  
  7810 4408 4463 4395  
  7811 3139 3179 3072  
  7812 3139 3072 2981  
  7813 4211 4284 4259  
  7814 1277 1169 1172  
  7815 4533 4535 4513  
  7816 4513 4535 4516  
  7817 4323 4245 4275  
  7818 4527 4491 4501  
  7819 930 1033 940  
  7820 2960 2942 2835  
  7821 2835 2942 2853  
  7822 1169 1056 1065  
  7823 4491 4525 4483  
  7824 3072 3090 2962  
  7825 3072 2962 2981  
  7826 2865 2835 2737  
  7827 2737 2835 2687  
  7828 1056 954 960  
  7829 826 930 839  
  7830 2962 3001 2874  
  7831 2962 2874 2816  
  7832 4538 4536 4519  
  7833 4538 4519 4514  
  7834 4190 4247 4211  
  7835 730 826 741  
  7836 4285 4222 4245  
  7837 2764 2737 2639  
  7838 2639 2737 2687  
  7839 954 851 860  
  7840 2874 2903 2772  
  7841 2874 2772 2816  
  7842 630 730 651  
  7843 2670 2639 2554  
  7844 2554 2639 2482  
  7845 851 747 759  
  7846 2772 2806 2693  
  7847 2772 2693 2616  
  7848 543 630 558  
  7849 747 653 668  
  7850 4155 4208 4190  
  7851 2566 2554 2445  
  7852 2445 2554 2482  
  7853 4246 4178 4222  
  7854 2693 2704 2577  
  7855 2693 2577 2616  
  7856 462 543 476  
  7857 653 556 572  
  7858 4508 4534 4509  
  7859 4535 4537 4516  
  7860 4516 4537 4520  
  7861 2463 2445 2334  
  7862 2334 2445 2303  
  7863 2577 2605 2472  
  7864 2577 2472 2437  
  7865 556 472 484  
  7866 378 462 395  
  7867 2362 2334 2234  
  7868 2234 2334 2303  
  7869 4140 4176 4155  
  7870 2472 2505 2374  
  7871 2472 2374 2437  
  7872 472 391 405  
  7873 298 378 321  
  7874 4207 4164 4178  
  7875 4540 4538 4514  
  7876 4540 4514 4542  
  7877 2254 2234 2146  
  7878 2146 2234 2081  
  7879 232 298 249  
  7880 2374 2394 2283  
  7881 2374 2283 2224  
  7882 4344 4328 4290  
  7883 4344 4290 4314  
  7884 391 311 328  
  7885 2148 2146 2016  
  7886 2016 2146 2081  
  7887 173 232 187  
  7888 2283 2290 2162  
  7889 2283 2162 2224  
  7890 311 239 259  
  7891 4118 4149 4140  
  7892 4174 4133 4164  
  7893 2034 2016 1909  
  7894 1909 2016 1880  
  7895 118 173 132  
  7896 2162 2181 2052  
  7897 2162 2052 2019  
  7898 239 178 192  
  7899 4529 4505 4502  
  7900 81 118 91  
  7901 1921 1909 1799  
  7902 1799 1909 1880  
  7903 178 123 139  
  7904 4537 4539 4520  
  7905 4520 4539 4541  
  7906 2052 2073 1944  
  7907 2052 1944 2019  
  7908 4128 4163 4169  
  7909 4146 4128 4109  
  7910 64 81 69  
  7911 4108 4129 4118  
  7912 1813 1799 1705  
  7913 1705 1799 1659  
  7914 123 85 95  
  7915 4228 4227 4159  
  7916 4209 4186 4134  
  7917 1944 1955 1849  
  7918 1944 1849 1794  
  7919 4161 4151 4113  
  7920 4160 4161 4113  
  7921 4151 4130 4113  
  7922 4147 4122 4133  
  7923 4165 4187 4125  
  7924 4150 4165 4125  
  7925 4244 4254 4158  
  7926 4236 4237 4152  
  7927 4139 4150 4106  
  7928 85 66 70  
  7929 50 64 56  
  7930 1700 1705 1578  
  7931 1578 1705 1659  
  7932 1849 1839 1720  
  7933 1849 1720 1794  
  7934 42 50 46  
  7935 66 52 58  
  7936 1590 1578 1468  
  7937 1468 1578 1450  
  7938 4084 4114 4108  
  7939 1720 1732 1608  
  7940 1720 1608 1593  
  7941 33 42 38  
  7942 4126 4100 4122  
  7943 52 44 47  
  7944 4318 4315 4238  
  7945 1476 1468 1358  
  7946 1358 1468 1450  
  7947 1608 1617 1501  
  7948 1608 1501 1593  
  7949 44 34 39  
  7950 26 33 30  
  7951 1359 1358 1267  
  7952 1267 1358 1237  
  7953 19 26 22  
  7954 1501 1505 1401  
  7955 1501 1401 1366  
  7956 34 27 31  
  7957 4070 4094 4084  
  7958 4112 4086 4100  
  7959 1252 1267 1148  
  7960 1148 1267 1237  
  7961 13 19 16  
  7962 27 20 23  
  7963 1401 1388 1279  
  7964 1401 1279 1366  
  7965 1143 1148 1042  
  7966 1042 1148 1036  
  7967 20 14 17  
  7968 8 13 10  
  7969 1279 1277 1172  
  7970 1279 1172 1157  
  7971 4543 4542 4518  
  7972 4518 4542 4514  
  7973 2 8 6  
  7974 4041 4075 4070  
  7975 1033 1042 940  
  7976 940 1042 1036  
  7977 14 9 11  
  7978 4167 4127 4205  
  7979 4127 4135 4106  
  7980 1172 1169 1065  
  7981 1172 1065 1157  
  7982 4089 4059 4086  
  7983 1 2 4  
  7984 4290 4205 4221  
  7985 4276 4314 4221  
  7986 9 3 7  
  7987 930 940 839  
  7988 839 940 840  
  7989 4238 4315 4275  
  7990 1065 1056 960  
  7991 1065 960 958  
  7992 3 1 5  
  7993 826 839 741  
  7994 741 839 840  
  7995 960 954 860  
  7996 960 860 958  
  7997 4001 4050 4041  
  7998 4071 4044 4059  
  7999 4541 4543 4522  
  8000 4541 4522 4520  
  8001 4259 4276 4179  
  8002 730 741 651  
  8003 651 741 657  
  8004 4530 4501 4509  
  8005 860 851 759  
  8006 860 759 765  
  8007 630 651 558  
  8008 558 651 657  
  8009 759 747 668  
  8010 759 668 765  
  8011 3913 4010 4001  
  8012 543 558 476  
  8013 476 558 486  
  8014 4046 3978 4044  
  8015 668 653 572  
  8016 668 572 583  
  8017 4211 4259 4179  
  8018 4275 4245 4169  
  8019 462 476 395  
  8020 395 476 486  
  8021 572 556 484  
  8022 572 484 583  
  8023 4203 4265 4215  
  8024 378 395 321  
  8025 321 395 338  
  8026 4295 4236 4227  
  8027 4253 4203 4188  
  8028 4202 4256 4209  
  8029 4301 4228 4254  
  8030 4217 4160 4186  
  8031 4187 4233 4188  
  8032 4277 4244 4215  
  8033 4270 4202 4237  
  8034 3842 3936 3913  
  8035 484 472 405  
  8036 484 405 424  
  8037 3993 3915 3978  
  8038 4190 4211 4138  
  8039 298 321 249  
  8040 249 321 338  
  8041 4245 4222 4157  
  8042 405 391 328  
  8043 405 328 424  
  8044 232 249 187  
  8045 187 249 206  
  8046 4221 4314 4290  
  8047 328 311 259  
  8048 328 259 278  
  8049 3724 3846 3842  
  8050 3920 3804 3915  
  8051 173 187 132  
  8052 132 187 206  
  8053 4155 4190 4138  
  8054 259 239 192  
  8055 259 192 278  
  8056 4543 4518 4504  
  8057 4222 4178 4157  
  8058 118 132 91  
  8059 91 132 107  
  8060 192 178 139  
  8061 192 139 157  
  8062 81 91 69  
  8063 69 91 107  
  8064 3628 3737 3724  
  8065 139 123 95  
  8066 139 95 157  
  8067 4466 4509 4501  
  8068 4493 4533 4513  
  8069 3825 3715 3804  
  8070 4504 4522 4543  
  8071 4140 4155 4111  
  8072 64 69 56  
  8073 56 69 62  
  8074 2535 2684 2710  
  8075 2387 2199 2364  
  8076 2039 1878 2028  
  8077 4047 4039 4078  
  8078 1087 1250 1216  
  8079 2684 2825 2862  
  8080 3681 3600 3755  
  8081 4043 4048 4079  
  8082 4023 4043 4074  
  8083 317 229 242  
  8084 163 108 94  
  8085 644 768 696  
  8086 3857 3916 3983  
  8087 4060 4052 4093  
  8088 2967 3095 3145  
  8089 4056 4062 4095  
  8090 3673 3769 3845  
  8091 3972 4000 4051  
  8092 1790 1965 1972  
  8093 1477 1315 1431  
  8094 3899 3847 3975  
  8095 3071 2910 3122  
  8096 4178 4164 4123  
  8097 1162 1018 1103  
  8098 1878 1716 1857  
  8099 1965 2153 2149  
  8100 219 308 216  
  8101 3480 3574 3643  
  8102 2199 2039 2195  
  8103 709 562 605  
  8104 1315 1162 1262  
  8105 3980 3945 4042  
  8106 3352 3480 3547  
  8107 768 902 832  
  8108 108 84 71  
  8109 1405 1589 1547  
  8110 4066 4065 4099  
  8111 3385 3249 3425  
  8112 3600 3508 3670  
  8113 3945 3899 4013  
  8114 2825 2967 3010  
  8115 3768 3681 3830  
  8116 84 72 60  
  8117 2728 2551 2759  
  8118 67 65 48  
  8119 4000 4023 4063  
  8120 421 526 450  
  8121 526 644 569  
  8122 4012 3980 4053  
  8123 65 68 49  
  8124 68 74 55  
  8125 4062 4066 4098  
  8126 95 85 70  
  8127 95 70 78  
  8128 1250 1405 1375  
  8129 1018 875 952  
  8130 3095 3213 3273  
  8131 431 317 330  
  8132 4058 4060 4097  
  8133 2386 2535 2552  
  8134 102 148 86  
  8135 106 102 74  
  8136 3916 3867 3972  
  8137 4039 3966 4012  
  8138 2153 2219 2386  
  8139 148 204 219  
  8140 3249 3084 3071  
  8141 308 384 421  
  8142 3574 3552 3673  
  8143 3213 3217 3352  
  8144 4037 4058 4065  
  8145 229 224 163  
  8146 3719 3768 3847  
  8147 2408 2387 2551  
  8148 875 784 709  
  8149 4015 4047 4052  
  8150 562 502 431  
  8151 1672 1790 1589  
  8152 4016 4056 4048  
  8153 72 82 67  
  8154 1716 1564 1477  
  8155 1005 1087 902  
  8156 2761 2728 2910  
  8157 3508 3350 3385  
  8158 3769 3730 3857  
  8159 50 56 46  
  8160 46 56 62  
  8161 3484 3619 3628  
  8162 70 66 58  
  8163 70 58 78  
  8164 3713 3579 3715  
  8165 42 46 38  
  8166 38 46 45  
  8167 58 52 47  
  8168 58 47 53  
  8169 4118 4140 4111  
  8170 4164 4133 4123  
  8171 33 38 30  
  8172 30 38 45  
  8173 47 44 39  
  8174 47 39 53  
  8175 3360 3488 3484  
  8176 26 30 22  
  8177 22 30 29  
  8178 3589 3468 3579  
  8179 39 34 31  
  8180 39 31 35  
  8181 4108 4118 4077  
  8182 19 22 16  
  8183 16 22 29  
  8184 4133 4122 4091  
  8185 31 27 23  
  8186 31 23 35  
  8187 13 16 10  
  8188 10 16 18  
  8189 23 20 17  
  8190 23 17 24  
  8191 3194 3340 3360  
  8192 3456 3308 3468  
  8193 8 10 6  
  8194 6 10 18  
  8195 4084 4108 4077  
  8196 17 14 11  
  8197 17 11 24  
  8198 4122 4100 4091  
  8199 2 6 4  
  8200 4 6 12  
  8201 11 9 7  
  8202 11 7 15  
  8203 3048 3186 3194  
  8204 1 4 5  
  8205 5 4 12  
  8206 7 3 5  
  8207 7 5 15  
  8208 3304 3169 3308  
  8209 4070 4084 4033  
  8210 4100 4086 4054  
  8211 2853 3015 3048  
  8212 3139 2981 3169  
  8213 4169 4163 4238  
  8214 4128 4169 4117  
  8215 4109 4128 4087  
  8216 4146 4109 4130  
  8217 4159 4227 4152  
  8218 4125 4187 4188  
  8219 4236 4152 4227  
  8220 4134 4186 4160  
  8221 4244 4158 4215  
  8222 4228 4159 4158  
  8223 4209 4134 4202  
  8224 4158 4254 4228  
  8225 4152 4237 4202  
  8226 4041 4070 4033  
  8227 4086 4059 4054  
  8228 4221 4205 4144  
  8229 2687 2835 2853  
  8230 2962 2816 2981  
  8231 4001 4041 3914  
  8232 4059 4044 3974  
  8233 2710 2684 2862  
  8234 2710 2862 2943  
  8235 3845 3769 3934  
  8236 832 902 1017  
  8237 49 68 55  
  8238 49 55 40  
  8239 4074 4043 4079  
  8240 4074 4079 4134  
  8241 2149 2153 2357  
  8242 3830 3681 3755  
  8243 3830 3755 3943  
  8244 2552 2535 2710  
  8245 2552 2710 2943  
  8246 1216 1250 1375  
  8247 1216 1375 1347  
  8248 3975 3847 3923  
  8249 3425 3249 3292  
  8250 952 875 775  
  8251 3983 3916 4030  
  8252 605 562 463  
  8253 4063 4023 4074  
  8254 4063 4074 4113  
  8255 2028 1878 1857  
  8256 2028 1857 2046  
  8257 1972 1965 2149  
  8258 1972 2149 2173  
  8259 1547 1589 1758  
  8260 4098 4066 4099  
  8261 4098 4099 4159  
  8262 94 108 71  
  8263 94 71 61  
  8264 3643 3574 3760  
  8265 2759 2551 2580  
  8266 3755 3600 3670  
  8267 3755 3670 3943  
  8268 1103 1018 952  
  8269 1103 952 1054  
  8270 4013 3899 3975  
  8271 4013 3975 4069  
  8272 330 317 242  
  8273 330 242 248  
  8274 3145 3095 3273  
  8275 3145 3273 3381  
  8276 4042 3945 4013  
  8277 4042 4013 4069  
  8278 569 644 696  
  8279 569 696 620  
  8280 2364 2199 2195  
  8281 2364 2195 2403  
  8282 4051 4000 4063  
  8283 4051 4063 4113  
  8284 71 84 60  
  8285 71 60 61  
  8286 55 74 63  
  8287 242 229 152  
  8288 216 308 320  
  8289 60 72 51  
  8290 86 148 129  
  8291 2862 2825 3010  
  8292 2862 3010 2943  
  8293 3122 2910 2959  
  8294 3670 3508 3570  
  8295 3273 3213 3427  
  8296 4093 4052 4088  
  8297 1262 1162 1103  
  8298 1262 1103 1054  
  8299 450 526 569  
  8300 450 569 620  
  8301 4078 4039 4073  
  8302 1431 1315 1262  
  8303 1431 1262 1400  
  8304 4099 4065 4102  
  8305 1375 1405 1547  
  8306 1375 1547 1347  
  8307 696 768 832  
  8308 696 832 620  
  8309 2195 2039 2028  
  8310 2195 2028 2046  
  8311 48 65 49  
  8312 48 49 40  
  8313 4079 4048 4090  
  8314 1857 1716 1654  
  8315 3010 2967 3145  
  8316 3010 3145 3381  
  8317 4097 4060 4093  
  8318 4097 4093 4141  
  8319 4095 4062 4098  
  8320 4095 4098 4152  
  8321 3547 3480 3643  
  8322 3547 3643 3761  
  8323 4053 3980 4042  
  8324 4053 4042 4106  
  8325 3673 3845 3760  
  8326 3768 3830 3923  
  8327 2386 2552 2357  
  8328 1087 1216 1017  
  8329 3385 3425 3570  
  8330 3857 3983 3934  
  8331 709 605 775  
  8332 1790 1972 1758  
  8333 163 94 152  
  8334 2728 2759 2959  
  8335 431 330 463  
  8336 2387 2364 2580  
  8337 3972 4051 4030  
  8338 219 216 129  
  8339 102 86 63  
  8340 3071 3122 3292  
  8341 421 450 320  
  8342 4047 4078 4088  
  8343 1477 1431 1654  
  8344 67 48 51  
  8345 4058 4097 4102  
  8346 4056 4095 4090  
  8347 3352 3547 3427  
  8348 4012 4053 4073  
  8349 2482 2639 2687  
  8350 2772 2616 2816  
  8351 3913 4001 3914  
  8352 4130 4109 4081  
  8353 2303 2445 2482  
  8354 4044 3978 3974  
  8355 2577 2437 2616  
  8356 3842 3913 3740  
  8357 3978 3915 3814  
  8358 2081 2234 2303  
  8359 2374 2224 2437  
  8360 3724 3842 3740  
  8361 3915 3804 3814  
  8362 1880 2016 2081  
  8363 4179 4276 4221  
  8364 2162 2019 2224  
  8365 3628 3724 3522  
  8366 3804 3715 3611  
  8367 1659 1799 1880  
  8368 1944 1794 2019  
  8369 1450 1578 1659  
  8370 3484 3628 3522  
  8371 3715 3579 3611  
  8372 1720 1593 1794  
  8373 4138 4211 4179  
  8374 4245 4157 4169  
  8375 3360 3484 3260  
  8376 1237 1358 1450  
  8377 3579 3468 3359  
  8378 1501 1366 1593  
  8379 3194 3360 3260  
  8380 4169 4238 4275  
  8381 3468 3308 3359  
  8382 1036 1148 1237  
  8383 1279 1157 1366  
  8384 4111 4155 4138  
  8385 3048 3194 2953  
  8386 3308 3169 3069  
  8387 840 940 1036  
  8388 4178 4123 4157  
  8389 1065 958 1157  
  8390 2853 3048 2953  
  8391 3169 2981 3069  
  8392 4179 4221 4144  
  8393 657 741 840  
  8394 860 765 958  
  8395 2687 2853 2611  
  8396 2981 2816 2734  
  8397 486 558 657  
  8398 668 583 765  
  8399 4077 4118 4111  
  8400 4133 4091 4123  
  8401 4144 4205 4127  
  8402 4144 4127 4069  
  8403 2482 2687 2611  
  8404 2816 2616 2734  
  8405 4203 4215 4148  
  8406 4148 4215 4141  
  8407 4203 4148 4136  
  8408 4148 4141 4093  
  8409 4141 4215 4158  
  8410 4188 4203 4136  
  8411 4188 4136 4125  
  8412 338 395 486  
  8413 4128 4117 4087  
  8414 4109 4087 4030  
  8415 4117 4169 4157  
  8416 484 424 583  
  8417 3934 3769 3857  
  8418 1758 1589 1790  
  8419 2959 2910 2728  
  8420 3292 3249 3071  
  8421 152 229 163  
  8422 4073 4039 4012  
  8423 2357 2153 2386  
  8424 2580 2551 2387  
  8425 3427 3213 3352  
  8426 4030 3916 3972  
  8427 51 72 67  
  8428 4090 4048 4056  
  8429 1017 902 1087  
  8430 3760 3574 3673  
  8431 3570 3508 3385  
  8432 775 875 709  
  8433 320 308 421  
  8434 4102 4065 4058  
  8435 3923 3847 3768  
  8436 63 74 102  
  8437 4088 4052 4047  
  8438 463 562 431  
  8439 129 148 219  
  8440 1654 1716 1477  
  8441 3845 3934 4014  
  8442 1547 1758 1719  
  8443 3122 2959 3210  
  8444 3425 3292 3534  
  8445 242 152 248  
  8446 4078 4073 4125  
  8447 2149 2357 2173  
  8448 2759 2580 2831  
  8449 3273 3427 3381  
  8450 3983 4030 4087  
  8451 60 51 41  
  8452 4079 4090 4134  
  8453 832 1017 925  
  8454 3643 3760 3761  
  8455 3670 3570 3793  
  8456 952 775 1054  
  8457 216 320 225  
  8458 4099 4102 4159  
  8459 3975 3923 4069  
  8460 55 63 40  
  8461 4093 4088 4148  
  8462 605 463 523  
  8463 86 129 73  
  8464 1857 1654 2046  
  8465 206 249 338  
  8466 2303 2482 2241  
  8467 2616 2437 2368  
  8468 328 278 424  
  8469 4136 4148 4088  
  8470 4117 4157 4123  
  8471 4033 4084 4077  
  8472 4100 4054 4091  
  8473 2081 2303 2241  
  8474 2437 2224 2368  
  8475 107 132 206  
  8476 192 157 278  
  8477 4087 4117 4014  
  8478 62 69 107  
  8479 1880 2081 1851  
  8480 2224 2019 1977  
  8481 95 78 157  
  8482 3760 3845 3953  
  8483 152 94 83  
  8484 320 450 365  
  8485 3570 3425 3652  
  8486 4030 4051 4081  
  8487 4081 4051 4113  
  8488 4081 4113 4130  
  8489 4102 4097 4158  
  8490 2357 2552 2607  
  8491 463 330 355  
  8492 1654 1431 1599  
  8493 775 605 675  
  8494 63 86 57  
  8495 3427 3547 3661  
  8496 3923 3830 4009  
  8497 2959 2759 3007  
  8498 4088 4078 4136  
  8499 3934 3983 4087  
  8500 129 216 140  
  8501 4090 4095 4152  
  8502 1017 1216 1165  
  8503 2580 2364 2594  
  8504 51 48 36  
  8505 1758 1972 1979  
  8506 3292 3122 3358  
  8507 4073 4053 4106  
  8508 4141 4158 4097  
  8509 1659 1880 1851  
  8510 45 46 62  
  8511 2019 1794 1977  
  8512 58 53 78  
  8513 3914 4041 4033  
  8514 4059 3974 4054  
  8515 1450 1659 1453  
  8516 4030 4081 4109  
  8517 29 30 45  
  8518 1794 1593 1580  
  8519 39 35 53  
  8520 18 16 29  
  8521 1237 1450 1453  
  8522 23 24 35  
  8523 1593 1366 1580  
  8524 3740 3913 3914  
  8525 1036 1237 1069  
  8526 12 6 18  
  8527 3978 3814 3974  
  8528 1366 1157 1187  
  8529 11 15 24  
  8530 840 1036 1069  
  8531 1157 958 1187  
  8532 657 840 708  
  8533 958 765 811  
  8534 3522 3724 3740  
  8535 3804 3611 3814  
  8536 486 657 544  
  8537 765 583 638  
  8538 338 486 398  
  8539 583 424 480  
  8540 94 61 83  
  8541 83 61 59  
  8542 1431 1400 1599  
  8543 1599 1400 1453  
  8544 1972 2173 1979  
  8545 1979 2173 2368  
  8546 1216 1347 1165  
  8547 1165 1347 1187  
  8548 2364 2403 2594  
  8549 2594 2403 2611  
  8550 330 248 355  
  8551 355 248 398  
  8552 2403 2195 2046  
  8553 3830 3943 4009  
  8554 4009 3943 4064  
  8555 1400 1262 1054  
  8556 3547 3761 3661  
  8557 3661 3761 3974  
  8558 3260 3484 3522  
  8559 206 338 269  
  8560 3579 3359 3611  
  8561 424 278 340  
  8562 107 206 161  
  8563 278 157 214  
  8564 62 107 88  
  8565 157 78 122  
  8566 4150 4125 4073  
  8567 4150 4073 4106  
  8568 3425 3534 3652  
  8569 3652 3534 3914  
  8570 3670 3793 3943  
  8571 1547 1719 1347  
  8572 60 41 61  
  8573 605 523 675  
  8574 675 523 544  
  8575 3845 4014 3953  
  8576 3953 4014 4068  
  8577 2759 2831 3007  
  8578 3007 2831 3260  
  8579 216 225 140  
  8580 140 225 122  
  8581 3122 3210 3358  
  8582 3358 3210 3522  
  8583 832 925 620  
  8584 86 73 57  
  8585 57 73 54  
  8586 4014 3934 4087  
  8587 2831 2580 2594  
  8588 225 320 365  
  8589 3210 2959 3007  
  8590 925 1017 1165  
  8591 73 129 140  
  8592 1719 1758 1979  
  8593 41 51 36  
  8594 523 463 355  
  8595 3534 3292 3358  
  8596 3793 3570 3652  
  8597 2953 3194 3260  
  8598 2607 2552 2943  
  8599 365 450 620  
  8600 36 48 40  
  8601 3760 3953 3761  
  8602 63 57 40  
  8603 2357 2607 2173  
  8604 1654 1599 2046  
  8605 3923 4009 4069  
  8606 152 143 248  
  8607 3427 3661 3381  
  8608 775 675 1054  
  8609 3308 3069 3359  
  8610 4179 4144 4107  
  8611 45 62 59  
  8612 4127 4106 4069  
  8613 4069 4106 4042  
  8614 78 53 54  
  8615 29 45 43  
  8616 53 35 54  
  8617 4160 4113 4110  
  8618 4110 4113 4074  
  8619 4160 4110 4134  
  8620 4110 4074 4134  
  8621 18 29 32  
  8622 2611 2853 2953  
  8623 35 24 37  
  8624 2981 2734 3069  
  8625 12 18 25  
  8626 24 15 28  
  8627 2831 2594 2953  
  8628 73 140 122  
  8629 3534 3358 3740  
  8630 3210 3007 3287  
  8631 41 36 25  
  8632 225 365 214  
  8633 1719 1979 1977  
  8634 3793 3652 3891  
  8635 925 1165 1187  
  8636 523 355 398  
  8637 2241 2482 2611  
  8638 2616 2368 2734  
  8639 59 61 43  
  8640 59 43 45  
  8641 83 59 88  
  8642 88 59 62  
  8643 4064 3943 4008  
  8644 4009 4064 4107  
  8645 4068 4014 4117  
  8646 3953 4068 4019  
  8647 54 73 122  
  8648 57 54 37  
  8649 37 54 35  
  8650 4102 4158 4159  
  8651 1851 2081 2241  
  8652 2224 1977 2368  
  8653 1453 1659 1851  
  8654 1794 1580 1977  
  8655 1069 1237 1453  
  8656 1366 1187 1580  
  8657 708 840 1069  
  8658 657 708 544  
  8659 544 708 675  
  8660 811 765 638  
  8661 811 638 620  
  8662 958 811 1187  
  8663 486 544 398  
  8664 398 544 523  
  8665 638 583 480  
  8666 638 480 620  
  8667 338 398 269  
  8668 269 398 248  
  8669 480 424 340  
  8670 480 340 365  
  8671 206 269 161  
  8672 161 269 248  
  8673 340 278 214  
  8674 340 214 365  
  8675 107 161 88  
  8676 88 161 143  
  8677 143 161 248  
  8678 143 152 83  
  8679 143 83 88  
  8680 214 157 122  
  8681 214 122 225  
  8682 122 78 54  
  8683 4107 4144 4069  
  8684 4179 4107 4138  
  8685 29 43 32  
  8686 32 43 41  
  8687 32 41 25  
  8688 32 25 18  
  8689 37 24 28  
  8690 37 28 40  
  8691 12 25 21  
  8692 28 15 21  
  8693 25 36 21  
  8694 3287 3007 3260  
  8695 3287 3260 3522  
  8696 3287 3522 3210  
  8697 3891 3652 3914  
  8698 3793 3891 4008  
  8699 4008 3943 3793  
  8700 4064 4008 4077  
  8701 4077 4008 4033  
  8702 4152 4098 4159  
  8703 4019 4068 4091  
  8704 4019 4091 4054  
  8705 3953 4019 3761  
  8706 40 28 21  
  8707 4091 4068 4123  
  8708 4123 4068 4117  
  8709 12 21 15  
  8710 4138 4107 4064  
  8711 4111 4138 4064  
  8712 4111 4064 4077  
  8713 4078 4125 4136  
  8714 4019 4054 3761  
  8715 5 12 15  
  8716 3891 3914 4033  
  8717 3891 4033 4008  
  8718 43 61 41  
  8719 675 708 1054  
  8720 708 1069 1054  
  8721 57 37 40  
  8722 4107 4069 4009  
  8723 4202 4134 4090  
  8724 4152 4202 4090  
  8725 4054 3974 3761  
  8726 3740 3914 3534  
  8727 3974 3814 3661  
  8728 1054 1069 1453  
  8729 1453 1400 1054  
  8730 21 36 40  
  8731 3522 3740 3358  
  8732 3814 3611 3381  
  8733 2943 3010 3239  
  8734 3239 3010 3381  
  8735 3239 3381 3611  
  8736 2943 3239 3359  
  8737 3611 3359 3239  
  8738 1719 1977 1580  
  8739 480 365 620  
  8740 2368 2173 2734  
  8741 2953 3260 2831  
  8742 3359 3069 2943  
  8743 2046 2241 2611  
  8744 2046 2611 2403  
  8745 2241 2046 1851  
  8746 2611 2953 2594  
  8747 1347 1719 1580  
  8748 1347 1580 1187  
  8749 620 925 811  
  8750 811 925 1187  
  8751 3069 2734 2607  
  8752 1977 1979 2368  
  8753 2607 2943 3069  
  8754 2607 2734 2173  
  8755 1453 1851 1599  
  8756 1599 1851 2046  
  8757 3381 3661 3814  
  END_ELEMENTS  
  COORDINATES  
   1  -4.998660e-01 -1.157451e-02   
   2  -4.990051e-01 -3.152590e-02   
   3  -4.999274e-01  8.520086e-03   
   4  -4.787153e-01 -2.065614e-02   
   5  -4.790277e-01 -1.463454e-03   
   6  -4.776441e-01 -3.970690e-02   
   7  -4.787921e-01  1.774750e-02   
   8  -4.973611e-01 -5.130275e-02   
   9  -4.991863e-01  2.851429e-02   
   10  -4.758297e-01 -5.858618e-02   
   11  -4.778338e-01  3.683915e-02   
   12  -4.485878e-01 -2.851760e-02   
   13  -4.949512e-01 -7.087498e-02   
   14  -4.976579e-01  4.833856e-02   
   15  -4.486549e-01  2.580470e-02   
   16  -4.732886e-01 -7.726562e-02   
   17  -4.761285e-01  5.576363e-02   
   18  -4.455613e-01 -6.398112e-02   
   19  -4.917941e-01 -9.021383e-02   
   20  -4.953596e-01  6.796252e-02   
   21  -4.174213e-01 -3.863446e-03   
   22  -4.700384e-01 -9.571810e-02   
   23  -4.736925e-01  7.449232e-02   
   24  -4.458336e-01  6.134605e-02   
   25  -4.125590e-01 -4.330370e-02   
   26  -4.879091e-01 -1.092919e-01   
   27  -4.923096e-01  8.735714e-02   
   28  -4.127118e-01  4.083416e-02   
   29  -4.398317e-01 -9.870375e-02   
   30  -4.660975e-01 -1.139177e-01   
   31  -4.705434e-01  9.299782e-02   
   32  -4.085176e-01 -7.570261e-02   
   33  -4.833164e-01 -1.280830e-01   
   34  -4.885273e-01  1.064947e-01   
   35  -4.402949e-01  9.616145e-02   
   36  -3.773117e-01 -2.667972e-02   
   37  -4.088534e-01  7.331123e-02   
   38  -4.614851e-01 -1.318399e-01   
   39  -4.666993e-01  1.112540e-01   
   40  -3.765827e-01  2.520925e-02   
   41  -3.731133e-01 -6.226832e-02   
   42  -4.780371e-01 -1.465624e-01   
   43  -4.020406e-01 -1.073305e-01   
   44  -4.840327e-01  1.253487e-01   
   45  -4.315304e-01 -1.324888e-01   
   46  -4.562213e-01 -1.494613e-01   
   47  -4.621796e-01  1.292359e-01   
   48  -3.464588e-01 -1.158338e-02   
   49  -3.464588e-01  1.158338e-02   
   50  -4.720928e-01 -1.647068e-01   
   51  -3.462329e-01 -4.130522e-02   
   52  -4.788470e-01  1.438943e-01   
   53  -4.321692e-01  1.300522e-01   
   54  -3.981110e-01  1.085986e-01   
   55  -3.449115e-01  3.469842e-02   
   56  -4.503266e-01 -1.667599e-01   
   57  -3.682759e-01  8.630637e-02   
   58  -4.570040e-01  1.469200e-01   
   59  -3.895150e-01 -1.349504e-01   
   60  -3.397061e-01 -6.904830e-02   
   61  -3.604801e-01 -1.118220e-01   
   62  -4.208006e-01 -1.651580e-01   
   63  -3.429256e-01  6.312963e-02   
   64  -4.655060e-01 -1.824942e-01   
   65  -3.253007e-01  5.696059e-10   
   66  -4.729916e-01  1.621077e-01   
   67  -3.237542e-01 -2.638191e-02   
   68  -3.245743e-01  2.172769e-02   
   69  -4.438223e-01 -1.837148e-01   
   70  -4.511931e-01  1.642840e-01   
   71  -3.343356e-01 -9.158398e-02   
   72  -3.207694e-01 -5.410706e-02   
   73  -3.610943e-01  1.127022e-01   
   74  -3.213012e-01  4.777465e-02   
   75  -3.099805e-01 -1.555291e-02   
   76  -3.092876e-01 -2.590221e-02   
   77  -3.088404e-01 -4.299833e-03   
   78  -4.215993e-01  1.628382e-01   
   79  -3.090881e-01  4.078234e-03   
   80  -3.099805e-01  1.555291e-02   
   81  -4.582996e-01 -1.999038e-01   
   82  -3.082494e-01 -3.622259e-02   
   83  -3.524668e-01 -1.372701e-01   
   84  -3.164391e-01 -7.541126e-02   
   85  -4.664890e-01  1.799667e-01   
   86  -3.343356e-01  9.158398e-02   
   87  -3.081255e-01  2.471394e-02   
   88  -3.822945e-01 -1.675970e-01   
   89  -3.082494e-01  3.622259e-02   
   90  -3.054610e-01 -4.738901e-02   
   91  -4.367299e-01 -2.003065e-01   
   92  -2.998325e-01 -1.002449e-02   
   93  -3.000000e-01  5.253124e-10   
   94  -3.274718e-01 -1.137106e-01   
   95  -4.447681e-01  1.813068e-01   
   96  -2.993301e-01 -2.003779e-02   
   97  -3.038231e-01 -5.560915e-02   
   98  -2.998325e-01  1.002449e-02   
   99  -3.068669e-01  4.650251e-02   
   100  -2.984933e-01 -3.002871e-02   
   101  -2.993301e-01  2.003779e-02   
   102  -3.141640e-01  7.365922e-02   
   103  -3.030756e-01 -6.689511e-02   
   104  -2.973232e-01 -3.998609e-02   
   105  -2.984933e-01  3.002871e-02   
   106  -3.051416e-01  5.673049e-02   
   107  -4.077956e-01 -1.965515e-01   
   108  -3.106955e-01 -9.637866e-02   
   109  -2.958211e-01 -4.989881e-02   
   110  -2.919982e-01 -5.588771e-03   
   111  -2.916484e-01 -1.534276e-02   
   112  -2.920219e-01  4.171464e-03   
   113  -2.973232e-01  3.998609e-02   
   114  -2.909729e-01 -2.507962e-02   
   115  -2.917194e-01  1.392704e-02   
   116  -2.997227e-01 -7.562000e-02   
   117  -2.899723e-01 -3.478847e-02   
   118  -4.504967e-01 -2.169164e-01   
   119  -2.939885e-01 -5.975579e-02   
   120  -2.910912e-01  2.366706e-02   
   121  -3.030756e-01  6.689511e-02   
   122  -3.830950e-01  1.655103e-01   
   123  -4.593619e-01  1.974502e-01   
   124  -2.958211e-01  4.989881e-02   
   125  -2.886480e-01 -4.445846e-02   
   126  -2.901378e-01  3.338065e-02   
   127  -2.979307e-01 -8.698894e-02   
   128  -2.918276e-01 -6.954604e-02   
   129  -3.276484e-01  1.192888e-01   
   130  -2.831686e-01 -1.015538e-02   
   131  -2.833498e-01 -6.876365e-04   
   132  -4.290718e-01 -2.165170e-01   
   133  -2.870012e-01 -5.407880e-02   
   134  -2.826712e-01 -1.961178e-02   
   135  -2.832146e-01  8.780876e-03   
   136  -2.939885e-01  5.975580e-02   
   137  -2.888603e-01  4.305696e-02   
   138  -2.997227e-01  7.562000e-02   
   139  -4.377507e-01  1.979686e-01   
   140  -3.487906e-01  1.463592e-01   
   141  -2.818580e-01 -2.904628e-02   
   142  -2.827630e-01  1.823958e-02   
   143  -3.443085e-01 -1.673373e-01   
   144  -2.807300e-01 -3.844834e-02   
   145  -2.850339e-01 -6.363874e-02   
   146  -2.893408e-01 -7.925862e-02   
   147  -2.819956e-01  2.767792e-02   
   148  -3.088792e-01  1.005510e-01   
   149  -2.872603e-01  5.268517e-02   
   150  -2.940026e-01 -9.547040e-02   
   151  -2.918276e-01  6.954605e-02   
   152  -3.184502e-01 -1.420311e-01   
   153  -2.792885e-01 -4.780745e-02   
   154  -2.809133e-01  3.708534e-02   
   155  -2.979307e-01  8.698894e-02   
   156  -2.764394e-01  1.363374e-02   
   157  -4.087379e-01  1.943575e-01   
   158  -2.745856e-01 -1.522344e-02   
   159  -2.746006e-01 -5.255784e-03   
   160  -2.827482e-01 -7.312760e-02   
   161  -3.693063e-01 -1.959400e-01   
   162  -2.736363e-01 -2.358534e-02   
   163  -3.014021e-01 -1.211179e-01   
   164  -2.853394e-01  6.225455e-02   
   165  -2.865307e-01 -8.888267e-02   
   166  -2.775350e-01 -5.711317e-02   
   167  -2.731407e-01 -3.198635e-02   
   168  -2.795172e-01  4.645134e-02   
   169  -2.741646e-01  2.151106e-02   
   170  -2.721447e-01  5.692333e-03   
   171  -2.914552e-01 -1.066943e-01   
   172  -2.893408e-01  7.925862e-02   
   173  -4.421213e-01 -2.335140e-01   
   174  -2.714499e-01 -4.180956e-02   
   175  -2.801468e-01 -8.253479e-02   
   176  -2.754716e-01 -6.635511e-02   
   177  -2.728510e-01  3.139178e-02   
   178  -4.516338e-01  2.145388e-01   
   179  -2.948576e-01  9.689571e-02   
   180  -2.778090e-01  5.576546e-02   
   181  -2.830998e-01  7.175439e-02   
   182  -2.834007e-01 -9.840746e-02   
   183  -2.701065e-01 -5.168628e-02   
   184  -2.664983e-01 -1.897516e-02   
   185  -2.676629e-01  1.554430e-02   
   186  -2.718865e-01  4.131268e-02   
   187  -4.208703e-01 -2.323291e-01   
   188  -2.702193e-01 -5.988471e-02   
   189  -2.731005e-01 -7.552293e-02   
   190  -2.647433e-01 -2.727586e-02   
   191  -2.865307e-01  8.888267e-02   
   192  -4.301630e-01  2.142510e-01   
   193  -2.661505e-01  2.454893e-02   
   194  -2.647051e-01 -3.718418e-02   
   195  -2.877272e-01 -1.163736e-01   
   196  -2.772324e-01 -9.184979e-02   
   197  -2.757904e-01  6.501730e-02   
   198  -2.627100e-01 -1.041294e-02   
   199  -2.701449e-01  4.954612e-02   
   200  -2.805441e-01  8.117410e-02   
   201  -2.612420e-01 -5.363451e-04   
   202  -2.651238e-01  3.407089e-02   
   203  -2.631796e-01 -4.663904e-02   
   204  -2.914552e-01  1.066943e-01   
   205  -2.799542e-01 -1.078223e-01   
   206  -3.926762e-01 -2.265284e-01   
   207  -2.704244e-01 -8.460640e-02   
   208  -2.688513e-01  5.786170e-02   
   209  -2.590784e-01  8.979469e-03   
   210  -2.620913e-01 -5.599744e-02   
   211  -2.734639e-01  7.419652e-02   
   212  -2.834007e-01  9.840746e-02   
   213  -2.740084e-01 -1.010622e-01   
   214  -3.702321e-01  1.939724e-01   
   215  -2.568162e-01 -1.837825e-02   
   216  -3.144453e-01  1.459181e-01   
   217  -2.571190e-01 -3.070857e-02   
   218  -2.629707e-01 -6.805407e-02   
   219  -2.994881e-01  1.269939e-01   
   220  -2.625429e-01  4.363724e-02   
   221  -2.579998e-01  1.890025e-02   
   222  -2.653386e-01 -7.868939e-02   
   223  -2.776750e-01  9.050314e-02   
   224  -2.836779e-01 -1.259231e-01   
   225  -3.373186e-01  1.711929e-01   
   226  -2.683992e-01  6.751650e-02   
   227  -2.570268e-01  2.838159e-02   
   228  -2.553927e-01 -4.053213e-02   
   229  -2.916231e-01 -1.430524e-01   
   230  -2.674463e-01 -9.359538e-02   
   231  -2.534418e-01 -6.697835e-03   
   232  -4.331973e-01 -2.496799e-01   
   233  -2.761950e-01 -1.171168e-01   
   234  -2.610292e-01  5.342933e-02   
   235  -2.708319e-01  8.329288e-02   
   236  -2.522130e-01  3.166146e-03   
   237  -2.560965e-01  3.831220e-02   
   238  -2.538262e-01 -4.993365e-02   
   239  -4.433283e-01  2.312142e-01   
   240  -2.861541e-01  1.169101e-01   
   241  -2.704784e-01 -1.101618e-01   
   242  -3.039968e-01 -1.665948e-01   
   243  -2.799542e-01  1.078223e-01   
   244  -2.608073e-01 -8.722678e-02   
   245  -2.500702e-01  1.285460e-02   
   246  -2.599362e-01  6.332399e-02   
   247  -2.744957e-01  9.973110e-02   
   248  -3.247375e-01 -1.923423e-01   
   249  -4.121484e-01 -2.477272e-01   
   250  -2.522455e-01 -5.978690e-02   
   251  -2.478213e-01 -2.297251e-02   
   252  -2.641694e-01 -1.024798e-01   
   253  -2.559205e-01 -7.798378e-02   
   254  -2.793118e-01 -1.353318e-01   
   255  -2.478585e-01 -3.400044e-02   
   256  -2.538043e-01  4.765159e-02   
   257  -2.488983e-01  2.275683e-02   
   258  -2.460079e-01 -1.314825e-02   
   259  -4.220275e-01  2.301367e-01   
   260  -2.678974e-01  9.229620e-02   
   261  -2.609419e-01  7.546041e-02   
   262  -2.721273e-01 -1.262804e-01   
   263  -2.446915e-01 -3.394433e-03   
   264  -2.480346e-01  3.269070e-02   
   265  -2.460670e-01 -4.380952e-02   
   266  -2.576826e-01 -9.504079e-02   
   267  -2.630153e-01  8.618334e-02   
   268  -2.826552e-01  1.245266e-01   
   269  -3.544403e-01 -2.229211e-01   
   270  -2.499265e-01 -7.004780e-02   
   271  -2.666463e-01 -1.191383e-01   
   272  -2.520079e-01  5.730396e-02   
   273  -2.428365e-01  6.412362e-03   
   274  -2.761950e-01  1.171168e-01   
   275  -2.710099e-01  1.088477e-01   
   276  -2.465397e-01  4.091767e-02   
   277  -2.446597e-01 -5.403816e-02   
   278  -3.937458e-01  2.244675e-01   
   279  -2.605976e-01 -1.112498e-01   
   280  -2.518184e-01 -8.705413e-02   
   281  -2.420065e-01  1.606333e-02   
   282  -2.402489e-01 -2.751519e-02   
   283  -2.646637e-01  1.011964e-01   
   284  -2.436522e-01 -6.230073e-02   
   285  -2.507346e-01  6.709744e-02   
   286  -2.549852e-01 -1.030124e-01   
   287  -2.410904e-01  2.562684e-02   
   288  -2.746337e-01 -1.445895e-01   
   289  -2.381546e-01 -1.932312e-02   
   290  -2.460311e-01 -7.912302e-02   
   291  -2.384434e-01 -3.734903e-02   
   292  -2.587402e-01  9.317980e-02   
   293  -2.443920e-01  5.089326e-02   
   294  -2.677557e-01 -1.353030e-01   
   295  -2.367673e-01 -9.429693e-03   
   296  -2.540410e-01  8.538580e-02   
   297  -2.625164e-01 -1.279817e-01   
   298  -4.237492e-01 -2.653991e-01   
   299  -2.793118e-01  1.353318e-01   
   300  -2.387664e-01  3.525591e-02   
   301  -2.347508e-01  5.611675e-04   
   302  -2.367605e-01 -4.744909e-02   
   303  -2.481306e-01 -9.625068e-02   
   304  -2.567346e-01 -1.198955e-01   
   305  -2.721273e-01  1.262804e-01   
   306  -2.672214e-01  1.178427e-01   
   307  -2.401807e-01 -7.164589e-02   
   308  -2.877266e-01  1.500552e-01   
   309  -2.431638e-01  6.075584e-02   
   310  -2.337931e-01  1.049581e-02   
   311  -4.344695e-01  2.474596e-01   
   312  -2.475008e-01  7.710774e-02   
   313  -2.611344e-01  1.099837e-01   
   314  -2.375544e-01  4.508702e-02   
   315  -2.426577e-01 -8.834339e-02   
   316  -2.507592e-01 -1.120399e-01   
   317  -2.798893e-01 -1.657787e-01   
   318  -2.329277e-01  2.001934e-02   
   319  -2.354067e-01 -6.094907e-02   
   320  -3.032431e-01  1.721247e-01   
   321  -4.029290e-01 -2.626969e-01   
   322  -2.308113e-01 -2.556419e-02   
   323  -2.548628e-01  1.023624e-01   
   324  -2.502082e-01  9.399242e-02   
   325  -2.413882e-01  7.056557e-02   
   326  -2.454761e-01 -1.057969e-01   
   327  -2.315099e-01  2.840956e-02   
   328  -4.133671e-01  2.456099e-01   
   329  -2.630850e-01 -1.441745e-01   
   330  -2.921907e-01 -1.865276e-01   
   331  -2.680183e-01 -1.540075e-01   
   332  -2.580933e-01 -1.366822e-01   
   333  -2.362114e-01 -8.075761e-02   
   334  -2.353677e-01  5.459148e-02   
   335  -2.272589e-01 -1.673070e-02   
   336  -2.278995e-01 -3.579233e-02   
   337  -2.267430e-01 -5.352732e-03   
   338  -3.756090e-01 -2.549662e-01   
   339  -2.525849e-01 -1.284074e-01   
   340  -3.554764e-01  2.210786e-01   
   341  -2.398703e-01 -9.754714e-02   
   342  -2.746337e-01  1.445895e-01   
   343  -2.438395e-01  8.639106e-02   
   344  -2.631345e-01  1.267061e-01   
   345  -2.286320e-01 -5.309735e-02   
   346  -2.257818e-01  4.555634e-03   
   347  -2.677557e-01  1.353030e-01   
   348  -2.295652e-01  3.911178e-02   
   349  -2.573135e-01  1.186480e-01   
   350  -2.468541e-01 -1.212107e-01   
   351  -2.247356e-01  1.447384e-02   
   352  -2.303314e-01 -7.297667e-02   
   353  -2.377889e-01  7.846527e-02   
   354  -2.513115e-01  1.116760e-01   
   355  -3.110431e-01 -2.152396e-01   
   356  -2.467024e-01  1.029048e-01   
   357  -2.222668e-01 -2.683113e-02   
   358  -2.333288e-01  6.753978e-02   
   359  -2.415068e-01 -1.145128e-01   
   360  -2.239769e-01  2.441818e-02   
   361  -2.329755e-01 -9.043511e-02   
   362  -2.232702e-01 -4.465628e-02   
   363  -2.275516e-01  4.815291e-02   
   364  -2.635355e-01 -1.610898e-01   
   365  -3.195882e-01  2.023346e-01   
   366  -2.581205e-01 -1.528850e-01   
   367  -2.230443e-01  3.197676e-02   
   368  -2.533820e-01 -1.452301e-01   
   369  -2.403961e-01  9.527846e-02   
   370  -2.356100e-01 -1.065656e-01   
   371  -2.447969e-01 -1.291476e-01   
   372  -2.481531e-01 -1.367758e-01   
   373  -2.186224e-01 -1.118374e-02   
   374  -2.237089e-01 -6.550424e-02   
   375  -2.273693e-01 -8.226872e-02   
   376  -2.587537e-01  1.354279e-01   
   377  -2.176426e-01 -1.234686e-03   
   378  -4.138013e-01 -2.806573e-01   
   379  -2.258616e-01  5.764585e-02   
   380  -2.171760e-01 -1.891019e-02   
   381  -2.532052e-01  1.271799e-01   
   382  -2.179085e-01 -3.621521e-02   
   383  -2.300691e-01 -9.827544e-02   
   384  -2.696489e-01  1.536856e-01   
   385  -2.630850e-01  1.441745e-01   
   386  -2.340425e-01  8.770604e-02   
   387  -2.166463e-01  8.606275e-03   
   388  -2.474566e-01  1.191567e-01   
   389  -2.186409e-01 -5.352022e-02   
   390  -2.382192e-01 -1.230311e-01   
   391  -4.250818e-01  2.632593e-01   
   392  -2.189487e-01  4.003340e-02   
   393  -2.155886e-01  1.901356e-02   
   394  -2.416858e-01  1.114494e-01   
   395  -3.932354e-01 -2.772250e-01   
   396  -2.202395e-01 -7.465888e-02   
   397  -2.278899e-01  7.983182e-02   
   398  -3.378517e-01 -2.484354e-01   
   399  -2.368752e-01  1.046104e-01   
   400  -2.151764e-01  2.898368e-02   
   401  -2.316153e-01 -1.152192e-01   
   402  -2.234020e-01 -9.134511e-02   
   403  -2.125467e-01 -2.777414e-02   
   404  -2.132792e-01 -4.507915e-02   
   405  -4.042047e-01  2.606559e-01   
   406  -2.483876e-01 -1.536157e-01   
   407  -2.528677e-01 -1.614247e-01   
   408  -2.180122e-01  5.244793e-02   
   409  -2.434442e-01 -1.449914e-01   
   410  -2.587816e-01 -1.713529e-01   
   411  -2.370546e-01 -1.337918e-01   
   412  -2.218415e-01  7.092261e-02   
   413  -2.095701e-01 -7.125325e-03   
   414  -2.257497e-01 -1.072627e-01   
   415  -2.305850e-01  9.705878e-02   
   416  -2.540839e-01  1.439986e-01   
   417  -2.440120e-01  1.268351e-01   
   418  -2.138181e-01 -6.472416e-02   
   419  -2.488141e-01  1.355697e-01   
   420  -2.174503e-01 -8.333842e-02   
   421  -2.733152e-01  1.717425e-01   
   422  -2.084983e-01 -1.769119e-02   
   423  -2.085282e-01  2.813453e-03   
   424  -3.767896e-01  2.530439e-01   
   425  -2.389656e-01  1.194857e-01   
   426  -2.581205e-01  1.528850e-01   
   427  -2.643629e-01  1.626101e-01   
   428  -2.079174e-01 -3.663808e-02   
   429  -2.204944e-01 -1.008143e-01   
   430  -2.075569e-01  1.275937e-02   
   431  -2.651140e-01 -1.876896e-01   
   432  -2.241908e-01  8.937956e-02   
   433  -2.084503e-01 -5.459932e-02   
   434  -2.274875e-01 -1.243047e-01   
   435  -2.108724e-01  4.711663e-02   
   436  -2.148583e-01  6.462253e-02   
   437  -2.067297e-01  2.364088e-02   
   438  -2.068727e-01  3.691790e-02   
   439  -2.177951e-01  8.169232e-02   
   440  -2.384634e-01 -1.530452e-01   
   441  -2.217117e-01 -1.163798e-01   
   442  -2.431158e-01 -1.618298e-01   
   443  -2.335883e-01 -1.444631e-01   
   444  -2.136695e-01 -9.353767e-02   
   445  -2.025557e-01 -2.819701e-02   
   446  -2.303310e-01  1.150652e-01   
   447  -2.473325e-01 -1.697841e-01   
   448  -2.018232e-01 -1.089200e-02   
   449  -2.019098e-01 -1.220233e-03   
   450  -2.857947e-01  1.961869e-01   
   451  -2.086524e-01 -7.631415e-02   
   452  -2.032881e-01 -4.550203e-02   
   453  -2.217601e-01  9.775667e-02   
   454  -2.529114e-01 -1.799044e-01   
   455  -2.098229e-01 -8.468481e-02   
   456  -2.249330e-01  1.065283e-01   
   457  -2.441451e-01  1.438082e-01   
   458  -2.082365e-01  5.639745e-02   
   459  -2.389452e-01  1.354189e-01   
   460  -2.491303e-01  1.524084e-01   
   461  -2.007120e-01  8.191667e-03   
   462  -4.033783e-01 -2.954419e-01   
   463  -2.768495e-01 -2.119851e-01   
   464  -2.164089e-01 -1.095096e-01   
   465  -2.113992e-01  7.400521e-02   
   466  -2.244997e-01 -1.335948e-01   
   467  -2.313427e-01  1.249221e-01   
   468  -2.030169e-01 -6.440438e-02   
   469  -2.528677e-01  1.614247e-01   
   470  -1.993274e-01  1.767913e-02   
   471  -2.583336e-01  1.697524e-01   
   472  -4.151897e-01  2.785992e-01   
   473  -1.971939e-01 -1.975594e-02   
   474  -2.106135e-01 -1.014791e-01   
   475  -1.979263e-01 -3.706096e-02   
   476  -3.830910e-01 -2.912994e-01   
   477  -2.186180e-01 -1.258078e-01   
   478  -2.020662e-01  4.924843e-02   
   479  -1.986588e-01 -5.436597e-02   
   480  -3.389832e-01  2.467221e-01   
   481  -1.975964e-01  2.740475e-02   
   482  -2.136849e-01  9.328113e-02   
   483  -2.050031e-01  6.631813e-02   
   484  -3.945638e-01  2.752612e-01   
   485  -2.332162e-01 -1.609279e-01   
   486  -3.567645e-01 -2.817606e-01   
   487  -2.051540e-01 -9.313293e-02   
   488  -2.284957e-01 -1.530316e-01   
   489  -2.375725e-01 -1.698632e-01   
   490  -2.122047e-01 -1.182363e-01   
   491  -2.079399e-01  8.338784e-02   
   492  -2.415210e-01 -1.779539e-01   
   493  -1.927199e-01  2.392401e-03   
   494  -2.392034e-01  1.518859e-01   
   495  -1.925646e-01 -2.861989e-02   
   496  -2.147559e-01  1.047419e-01   
   497  -1.918322e-01 -1.131487e-02   
   498  -2.183662e-01  1.140570e-01   
   499  -2.207295e-01 -1.428407e-01   
   500  -1.932970e-01 -4.592490e-02   
   501  -2.438984e-01  1.606479e-01   
   502  -2.467586e-01 -1.882550e-01   
   503  -1.955057e-01  4.002397e-02   
   504  -1.999087e-01 -8.471989e-02   
   505  -1.914502e-01  1.168474e-02   
   506  -1.986070e-01  5.863108e-02   
   507  -2.214750e-01  1.233953e-01   
   508  -2.065048e-01 -1.101142e-01   
   509  -1.939336e-01 -6.164444e-02   
   510  -2.312528e-01  1.435872e-01   
   511  -2.250464e-01  1.326718e-01   
   512  -2.146484e-01 -1.349210e-01   
   513  -2.015439e-01  7.570078e-02   
   514  -2.473325e-01  1.697841e-01   
   515  -1.899356e-01  2.102441e-02   
   516  -1.939894e-01 -7.239379e-02   
   517  -2.529114e-01  1.799044e-01   
   518  -2.007390e-01 -1.020757e-01   
   519  -1.872029e-01 -2.017882e-02   
   520  -1.879353e-01 -3.748383e-02   
   521  -2.044808e-01  9.277048e-02   
   522  -2.088031e-01 -1.276194e-01   
   523  -2.892943e-01 -2.437205e-01   
   524  -2.196255e-01 -1.521382e-01   
   525  -2.234176e-01 -1.597425e-01   
   526  -2.618899e-01  1.929618e-01   
   527  -1.922110e-01  5.094403e-02   
   528  -1.886677e-01 -5.478885e-02   
   529  -2.277086e-01 -1.686310e-01   
   530  -1.884731e-01  3.237172e-02   
   531  -1.850576e-01 -3.974394e-03   
   532  -1.951479e-01  6.801373e-02   
   533  -2.309009e-01  1.526086e-01   
   534  -2.317639e-01 -1.777068e-01   
   535  -1.951824e-01 -9.350826e-02   
   536  -2.339946e-01  1.597941e-01   
   537  -2.022659e-01 -1.191501e-01   
   538  -2.048720e-01  1.032392e-01   
   539  -2.085205e-01  1.125472e-01   
   540  -2.354398e-01 -1.859250e-01   
   541  -1.835046e-01  5.866111e-03   
   542  -1.980847e-01  8.508344e-02   
   543  -3.925050e-01 -3.097415e-01   
   544  -3.196987e-01 -2.723944e-01   
   545  -2.122628e-01  1.217783e-01   
   546  -2.383942e-01  1.687081e-01   
   547  -1.825735e-01 -2.904276e-02   
   548  -1.820807e-01 -1.351812e-02   
   549  -2.153909e-01  1.312561e-01   
   550  -2.115992e-01 -1.466905e-01   
   551  -1.833060e-01 -4.634778e-02   
   552  -1.823607e-01  1.576253e-02   
   553  -1.858150e-01  4.325698e-02   
   554  -1.965847e-01 -1.111425e-01   
   555  -1.887518e-01  6.032668e-02   
   556  -4.048179e-01  2.934663e-01   
   557  -2.183354e-01  1.397566e-01   
   558  -3.725192e-01 -3.049093e-01   
   559  -2.386689e-01 -1.964416e-01   
   560  -1.840384e-01 -6.365279e-02   
   561  -1.876696e-01 -8.306699e-02   
   562  -2.484166e-01 -2.100232e-01   
   563  -2.049650e-01 -1.366825e-01   
   564  -2.415210e-01  1.779539e-01   
   565  -1.916887e-01  7.739638e-02   
   566  -1.812074e-01  2.550607e-02   
   567  -2.223759e-01  1.497798e-01   
   568  -2.187099e-01 -1.667182e-01   
   569  -2.720526e-01  2.148378e-01   
   570  -2.138853e-01 -1.583858e-01   
   571  -1.907887e-01 -1.030017e-01   
   572  -3.844677e-01  2.894136e-01   
   573  -2.467586e-01  1.882550e-01   
   574  -1.806139e-01  3.547674e-02   
   575  -1.772118e-01 -2.060169e-02   
   576  -1.989094e-01 -1.287739e-01   
   577  -2.219466e-01 -1.761457e-01   
   578  -1.779442e-01 -3.790671e-02   
   579  -1.946256e-01  9.446609e-02   
   580  -2.249293e-01  1.582270e-01   
   581  -1.823558e-01  5.263963e-02   
   582  -1.786767e-01 -5.521172e-02   
   583  -3.580399e-01  2.799806e-01   
   584  -1.757267e-01 -4.042064e-04   
   585  -2.256964e-01 -1.853519e-01   
   586  -1.852927e-01  6.970933e-02   
   587  -1.807059e-01 -7.295388e-02   
   588  -2.285244e-01  1.675238e-01   
   589  -1.978178e-01  1.109465e-01   
   590  -2.016940e-01  1.201157e-01   
   591  -1.923622e-01 -1.201575e-01   
   592  -2.056690e-01  1.292707e-01   
   593  -1.743296e-01  9.819974e-03   
   594  -2.290957e-01 -1.936884e-01   
   595  -1.882295e-01  8.677904e-02   
   596  -2.326237e-01  1.765798e-01   
   597  -1.938301e-01  1.038347e-01   
   598  -2.015187e-01 -1.460595e-01   
   599  -2.086099e-01  1.385001e-01   
   600  -1.725825e-01 -2.946563e-02   
   601  -1.824548e-01 -9.366885e-02   
   602  -1.718501e-01 -1.216062e-02   
   603  -1.731838e-01  1.961634e-02   
   604  -2.330705e-01 -2.026795e-01   
   605  -2.570955e-01 -2.325292e-01   
   606  -1.733149e-01 -4.677065e-02   
   607  -2.055760e-01 -1.574538e-01   
   608  -2.123515e-01  1.477428e-01   
   609  -1.759598e-01  4.495258e-02   
   610  -1.866308e-01 -1.119766e-01   
   611  -1.788966e-01  6.202228e-02   
   612  -2.164857e-01  1.567566e-01   
   613  -2.088030e-01 -1.668915e-01   
   614  -1.950612e-01 -1.379932e-01   
   615  -1.740474e-01 -6.407566e-02   
   616  -2.354398e-01  1.859250e-01   
   617  -1.720710e-01  2.954247e-02   
   618  -2.122491e-01 -1.743084e-01   
   619  -1.818335e-01  7.909199e-02   
   620  -2.882219e-01  2.436764e-01   
   621  -1.758646e-01 -8.244625e-02   
   622  -2.159368e-01 -1.834637e-01   
   623  -1.808518e-01 -1.038488e-01   
   624  -2.187636e-01  1.660589e-01   
   625  -1.889933e-01 -1.300476e-01   
   626  -1.672207e-01 -2.102456e-02   
   627  -1.709906e-01  3.948188e-02   
   628  -1.679532e-01 -3.832958e-02   
   629  -1.664586e-01 -5.099444e-03   
   630  -3.812060e-01 -3.235459e-01   
   631  -1.663602e-01  3.793526e-03   
   632  -2.386689e-01  1.964416e-01   
   633  -1.725006e-01  5.433523e-02   
   634  -2.193768e-01 -1.927901e-01   
   635  -2.227989e-01  1.750664e-01   
   636  -1.686856e-01 -5.563459e-02   
   637  -1.845843e-01  9.946396e-02   
   638  -3.209108e-01  2.708131e-01   
   639  -1.919414e-01  1.189819e-01   
   640  -1.958071e-01  1.281754e-01   
   641  -2.000366e-01  1.371514e-01   
   642  -1.878893e-01  1.098520e-01   
   643  -1.754375e-01  7.140493e-02   
   644  -2.484166e-01  2.100232e-01   
   645  -1.926883e-01 -1.461089e-01   
   646  -1.651551e-01  1.371209e-02   
   647  -1.824037e-01 -1.210361e-01   
   648  -2.224956e-01 -2.012354e-01   
   649  -1.694181e-01 -7.293961e-02   
   650  -2.265934e-01  1.842543e-01   
   651  -3.615434e-01 -3.180451e-01   
   652  -1.959306e-01 -1.555668e-01   
   653  -3.939912e-01  3.078489e-01   
   654  -2.025552e-01  1.464227e-01   
   655  -1.739723e-01 -9.888409e-02   
   656  -2.066825e-01  1.554047e-01   
   657  -3.363153e-01 -3.068254e-01   
   658  -1.990844e-01 -1.650263e-01   
   659  -1.640388e-01  2.364103e-02   
   660  -1.625914e-01 -2.988851e-02   
   661  -1.618590e-01 -1.258349e-02   
   662  -1.633239e-01 -4.719352e-02   
   663  -2.107499e-01  1.644262e-01   
   664  -1.774465e-01  9.209234e-02   
   665  -1.766833e-01 -1.129311e-01   
   666  -2.026721e-01 -1.742490e-01   
   667  -2.266759e-01 -2.120090e-01   
   668  -3.739398e-01  3.031020e-01   
   669  -1.701505e-01 -9.024462e-02   
   670  -1.656905e-01  4.660564e-02   
   671  -2.060598e-01 -1.821217e-01   
   672  -2.290957e-01  1.936884e-01   
   673  -1.640563e-01 -6.449854e-02   
   674  -1.728172e-01  8.322840e-02   
   675  -2.709097e-01 -2.639770e-01   
   676  -2.096857e-01 -1.905767e-01   
   677  -1.842715e-01 -1.419794e-01   
   678  -1.614626e-01  3.645495e-02   
   679  -2.128779e-01  1.741034e-01   
   680  -1.665309e-01  6.539752e-02   
   681  -1.578284e-01 -4.216791e-03   
   682  -1.647888e-01 -8.180355e-02   
   683  -1.681879e-01  7.436445e-02   
   684  -1.708829e-01 -1.075496e-01   
   685  -2.336336e-01  2.043163e-01   
   686  -1.572297e-01 -2.144744e-02   
   687  -1.579621e-01 -3.875245e-02   
   688  -1.902091e-01  1.359285e-01   
   689  -1.859868e-01  1.269823e-01   
   690  -2.168247e-01  1.824134e-01   
   691  -1.820169e-01  1.178114e-01   
   692  -1.943747e-01  1.449131e-01   
   693  -2.128122e-01 -2.000129e-01   
   694  -1.779842e-01  1.086902e-01   
   695  -1.586946e-01 -5.605747e-02   
   696  -2.570955e-01  2.325292e-01   
   697  -1.861234e-01 -1.536499e-01   
   698  -1.769771e-01 -1.332957e-01   
   699  -1.893903e-01 -1.630936e-01   
   700  -1.655212e-01 -9.910857e-02   
   701  -1.967497e-01  1.545297e-01   
   702  -2.203100e-01  1.917230e-01   
   703  -2.156471e-01 -2.085577e-01   
   704  -1.594270e-01 -7.336248e-02   
   705  -1.539183e-01  6.160335e-03   
   706  -1.720847e-01  1.005334e-01   
   707  -1.929454e-01 -1.723170e-01   
   708  -3.001404e-01 -2.947257e-01   
   709  -2.302027e-01 -2.291713e-01   
   710  -2.008213e-01  1.634749e-01   
   711  -1.545480e-01  1.750422e-02   
   712  -2.019788e-01 -1.892331e-01   
   713  -1.548765e-01  2.764248e-02   
   714  -1.716154e-01 -1.248547e-01   
   715  -1.589292e-01  5.663656e-02   
   716  -1.526004e-01 -3.031138e-02   
   717  -1.964110e-01 -1.816085e-01   
   718  -1.518679e-01 -1.300637e-02   
   719  -1.674554e-01  9.166947e-02   
   720  -2.036541e-01  1.713418e-01   
   721  -1.533328e-01 -4.761640e-02   
   722  -1.601594e-01 -9.066750e-02   
   723  -2.194650e-01 -2.194650e-01   
   724  -2.224956e-01  2.012354e-01   
   725  -1.662536e-01 -1.164136e-01   
   726  -1.540653e-01 -6.492141e-02   
   727  -2.071836e-01  1.802999e-01   
   728  -1.628261e-01  8.280552e-02   
   729  -2.032005e-01 -1.974770e-01   
   730  -3.695061e-01 -3.368460e-01   
   731  -1.542999e-01  4.777262e-02   
   732  -1.847135e-01  1.424249e-01   
   733  -1.777096e-01 -1.506007e-01   
   734  -1.802662e-01  1.351518e-01   
   735  -1.720799e-01  1.167526e-01   
   736  -1.758032e-01  1.262269e-01   
   737  -1.581968e-01  7.394158e-02   
   738  -1.547977e-01 -8.222643e-02   
   739  -2.106083e-01  1.895568e-01   
   740  -1.608919e-01 -1.079725e-01   
   741  -3.501870e-01 -3.306983e-01   
   742  -1.723478e-01 -1.421597e-01   
   743  -1.874680e-01  1.520136e-01   
   744  -1.472386e-01 -2.187031e-02   
   745  -2.060100e-01 -2.070123e-01   
   746  -1.479711e-01 -3.917533e-02   
   747  -3.827343e-01  3.217366e-01   
   748  -1.499448e-01  3.795839e-02   
   749  -1.465062e-01 -4.565298e-03   
   750  -1.912708e-01  1.608464e-01   
   751  -1.487035e-01 -5.648034e-02   
   752  -2.250150e-01  2.119442e-01   
   753  -1.667230e-01  1.089745e-01   
   754  -1.830871e-01 -1.708200e-01   
   755  -1.669861e-01 -1.337186e-01   
   756  -1.460226e-01  1.232188e-02   
   757  -1.535675e-01  6.507763e-02   
   758  -2.137805e-01  1.989776e-01   
   759  -3.630037e-01  3.163167e-01   
   760  -1.555301e-01 -9.953144e-02   
   761  -2.085577e-01 -2.156471e-01   
   762  -1.620937e-01  1.001105e-01   
   763  -1.940896e-01  1.703424e-01   
   764  -1.868293e-01 -1.807123e-01   
   765  -3.376696e-01  3.051898e-01   
   766  -1.494360e-01 -7.378536e-02   
   767  -1.765797e-01 -1.604582e-01   
   768  -2.338339e-01  2.261466e-01   
   769  -1.616243e-01 -1.252775e-01   
   770  -1.489382e-01  5.621369e-02   
   771  -1.574644e-01  9.124659e-02   
   772  -1.916121e-01 -1.926584e-01   
   773  -1.973614e-01  1.789955e-01   
   774  -1.426093e-01 -3.073426e-02   
   775  -2.377337e-01 -2.550804e-01   
   776  -1.445656e-01  3.105121e-02   
   777  -1.418769e-01 -1.342924e-02   
   778  -2.018328e-01  1.867954e-01   
   779  -1.432766e-01  2.154750e-02   
   780  -1.433418e-01 -4.803927e-02   
   781  -1.501684e-01 -9.109037e-02   
   782  -1.411444e-01  3.875772e-03   
   783  -1.964884e-01 -2.041566e-01   
   784  -2.120090e-01 -2.266759e-01   
   785  -1.562626e-01 -1.168365e-01   
   786  -2.156471e-01  2.085577e-01   
   787  -1.528351e-01  8.238265e-02   
   788  -1.683017e-01 -1.511892e-01   
   789  -1.751014e-01  1.433062e-01   
   790  -1.440742e-01 -6.534429e-02   
   791  -1.443089e-01  4.734975e-02   
   792  -1.703676e-01  1.345951e-01   
   793  -1.775863e-01  1.506421e-01   
   794  -1.658228e-01  1.256935e-01   
   795  -2.041566e-01  1.964884e-01   
   796  -1.814151e-01  1.598546e-01   
   797  -1.482057e-01  7.351870e-02   
   798  -1.623568e-01 -1.425825e-01   
   799  -1.448066e-01 -8.264930e-02   
   800  -1.509008e-01 -1.083954e-01   
   801  -1.613612e-01  1.174156e-01   
   802  -1.989776e-01 -2.137805e-01   
   803  -1.372476e-01 -2.229319e-02   
   804  -1.379800e-01 -3.959820e-02   
   805  -1.843393e-01  1.683349e-01   
   806  -1.776140e-01 -1.793243e-01   
   807  -2.194650e-01  2.194650e-01   
   808  -1.365151e-01 -4.988172e-03   
   809  -1.567319e-01  1.085516e-01   
   810  -1.396796e-01  3.848580e-02   
   811  -3.014188e-01  2.932777e-01   
   812  -1.387125e-01 -5.690322e-02   
   813  -1.569950e-01 -1.341415e-01   
   814  -1.435764e-01  6.465476e-02   
   815  -2.070123e-01  2.060100e-01   
   816  -1.357827e-01  1.231684e-02   
   817  -1.521026e-01  9.968766e-02   
   818  -1.876250e-01  1.777319e-01   
   819  -1.455391e-01 -9.995432e-02   
   820  -2.012354e-01 -2.224956e-01   
   821  -1.793396e-01 -1.876359e-01   
   822  -1.881963e-01 -2.029254e-01   
   823  -1.394449e-01 -7.420823e-02   
   824  -1.516333e-01 -1.257004e-01   
   825  -1.700850e-01 -1.721529e-01   
   826  -3.574297e-01 -3.496341e-01   
   827  -1.913786e-01  1.869519e-01   
   828  -1.965235e-01  1.948720e-01   
   829  -1.474733e-01  9.082372e-02   
   830  -1.350503e-01  2.962186e-02   
   831  -1.389471e-01  5.579082e-02   
   832  -2.409901e-01  2.491820e-01   
   833  -1.675392e-01  1.454772e-01   
   834  -1.326183e-01 -3.115713e-02   
   835  -1.318858e-01 -1.385212e-02   
   836  -1.630892e-01 -1.598876e-01   
   837  -1.333507e-01 -4.846215e-02   
   838  -1.401773e-01 -9.151325e-02   
   839  -3.384733e-01 -3.428614e-01   
   840  -3.144341e-01 -3.300911e-01   
   841  -1.895567e-01 -2.106083e-01   
   842  -1.311534e-01  3.452898e-03   
   843  -1.462715e-01 -1.172593e-01   
   844  -1.428440e-01  8.195978e-02   
   845  -1.713720e-01  1.571217e-01   
   846  -2.085577e-01  2.156471e-01   
   847  -1.603776e-01  1.342906e-01   
   848  -1.804526e-01 -1.975187e-01   
   849  -1.577275e-01 -1.514465e-01   
   850  -1.340832e-01 -6.576716e-02   
   851  -3.710720e-01  3.351203e-01   
   852  -1.343178e-01  4.692687e-02   
   853  -1.559995e-01  1.258566e-01   
   854  -2.026703e-01 -2.334028e-01   
   855  -1.304210e-01  2.075791e-02   
   856  -1.974770e-01  2.032005e-01   
   857  -1.746900e-01  1.669179e-01   
   858  -1.382147e-01  7.309583e-02   
   859  -1.513702e-01  1.169927e-01   
   860  -3.516829e-01  3.290488e-01   
   861  -1.523657e-01 -1.430054e-01   
   862  -1.409098e-01 -1.088183e-01   
   863  -1.348156e-01 -8.307218e-02   
   864  -1.701399e-01 -1.840443e-01   
   865  -1.917230e-01 -2.203100e-01   
   866  -1.782563e-01  1.761947e-01   
   867  -1.272565e-01 -2.271606e-02   
   868  -1.467409e-01  1.081287e-01   
   869  -1.279890e-01 -4.002108e-02   
   870  -1.265241e-01 -5.411046e-03   
   871  -1.296885e-01  3.806293e-02   
   872  -1.470040e-01 -1.345643e-01   
   873  -1.287214e-01 -5.732609e-02   
   874  -1.335854e-01  6.423189e-02   
   875  -2.100232e-01 -2.484166e-01   
   876  -1.815385e-01  1.855093e-01   
   877  -2.000129e-01  2.128122e-01   
   878  -1.421116e-01  9.926479e-02   
   879  -2.103544e-01  2.261678e-01   
   880  -1.257916e-01  1.189397e-02   
   881  -1.355480e-01 -1.003772e-01   
   882  -1.799468e-01 -2.079618e-01   
   883  -1.713631e-01 -1.934591e-01   
   884  -1.936884e-01 -2.290957e-01   
   885  -1.294538e-01 -7.463111e-02   
   886  -1.590975e-01 -1.703658e-01   
   887  -1.416422e-01 -1.261233e-01   
   888  -1.374823e-01  9.040085e-02   
   889  -1.289561e-01  5.536794e-02   
   890  -1.250592e-01  2.919898e-02   
   891  -1.608691e-01  1.536847e-01   
   892  -1.860589e-01  1.979066e-01   
   893  -1.530982e-01 -1.603104e-01   
   894  -1.555139e-01  1.429544e-01   
   895  -1.226272e-01 -3.158001e-02   
   896  -1.218948e-01 -1.427499e-02   
   897  -1.824134e-01 -2.168247e-01   
   898  -1.301863e-01 -9.193612e-02   
   899  -1.233597e-01 -4.888502e-02   
   900  -1.649544e-01  1.647014e-01   
   901  -1.506377e-01  1.342977e-01   
   902  -2.182068e-01  2.412600e-01   
   903  -1.609874e-01 -1.801700e-01   
   904  -1.328529e-01  8.153690e-02   
   905  -1.362805e-01 -1.176822e-01   
   906  -1.211623e-01  3.030024e-03   
   907  -1.477364e-01 -1.518694e-01   
   908  -1.961124e-01 -2.386227e-01   
   909  -2.012354e-01  2.224956e-01   
   910  -1.460084e-01  1.254337e-01   
   911  -1.723007e-01 -2.032323e-01   
   912  -1.240921e-01 -6.619003e-02   
   913  -1.243268e-01  4.650400e-02   
   914  -1.905767e-01  2.096858e-01   
   915  -1.413791e-01  1.165698e-01   
   916  -1.204299e-01  2.033504e-02   
   917  -1.423747e-01 -1.434283e-01   
   918  -1.282236e-01  7.267296e-02   
   919  -1.309187e-01 -1.092411e-01   
   920  -1.717294e-01  1.837302e-01   
   921  -1.248245e-01 -8.349505e-02   
   922  -1.842543e-01 -2.265934e-01   
   923  -1.620812e-01 -1.898612e-01   
   924  -1.367498e-01  1.077059e-01   
   925  -2.532512e-01  2.809888e-01   
   926  -1.172655e-01 -2.313894e-02   
   927  -1.179979e-01 -4.044395e-02   
   928  -2.043070e-01  2.319715e-01   
   929  -1.661724e-01  1.764575e-01   
   930  -3.450013e-01 -3.619035e-01   
   931  -1.370129e-01 -1.349872e-01   
   932  -1.196975e-01  3.764005e-02   
   933  -1.165330e-01 -5.833921e-03   
   934  -1.235943e-01  6.380901e-02   
   935  -1.732762e-01 -2.130926e-01   
   936  -1.494626e-01 -1.680662e-01   
   937  -1.187303e-01 -5.774896e-02   
   938  -1.321205e-01  9.884192e-02   
   939  -1.927901e-01  2.193768e-01   
   940  -3.264255e-01 -3.545282e-01   
   941  -1.158006e-01  1.147109e-02   
   942  -1.736547e-01  1.924741e-01   
   943  -1.255570e-01 -1.008001e-01   
   944  -1.553809e-01  1.602782e-01   
   945  -1.637618e-01 -1.996732e-01   
   946  -1.514369e-01 -1.765392e-01   
   947  -1.859250e-01 -2.354398e-01   
   948  -1.504544e-01  1.515754e-01   
   949  -1.194628e-01 -7.505398e-02   
   950  -1.316512e-01 -1.265461e-01   
   951  -1.274912e-01  8.997797e-02   
   952  -2.148378e-01 -2.720526e-01   
   953  -1.823783e-01  2.081893e-01   
   954  -3.590289e-01  3.479918e-01   
   955  -1.455303e-01  1.428763e-01   
   956  -1.189650e-01  5.494507e-02   
   957  -1.431071e-01 -1.607333e-01   
   958  -3.158521e-01  3.286005e-01   
   959  -1.150682e-01  2.877611e-02   
   960  -3.400006e-01  3.412908e-01   
   961  -1.750664e-01 -2.227989e-01   
   962  -1.406467e-01  1.338748e-01   
   963  -1.368982e-01  1.244773e-01   
   964  -1.126362e-01 -3.200288e-02   
   965  -1.537034e-01 -1.866553e-01   
   966  -1.119037e-01 -1.469786e-02   
   967  -1.201952e-01 -9.235899e-02   
   968  -1.228619e-01  8.111403e-02   
   969  -1.133686e-01 -4.930789e-02   
   970  -1.262894e-01 -1.181051e-01   
   971  -1.111713e-01  2.607150e-03   
   972  -1.370011e-01 -1.522146e-01   
   973  -1.750632e-01  2.029296e-01   
   974  -1.644410e-01 -2.092657e-01   
   975  -1.936884e-01  2.290957e-01   
   976  -1.141010e-01 -6.661291e-02   
   977  -1.834637e-01  2.159368e-01   
   978  -1.143357e-01  4.608112e-02   
   979  -1.882550e-01 -2.467586e-01   
   980  -1.646067e-01  1.886928e-01   
   981  -1.323836e-01 -1.438512e-01   
   982  -1.104388e-01  1.991216e-02   
   983  -1.182326e-01  7.225008e-02   
   984  -1.535766e-01  1.701413e-01   
   985  -1.209277e-01 -1.096640e-01   
   986  -1.765798e-01 -2.326237e-01   
   987  -1.148335e-01 -8.391792e-02   
   988  -1.543652e-01 -1.965387e-01   
   989  -1.668928e-01 -2.185767e-01   
   990  -1.255879e-01  1.069611e-01   
   991  -1.072744e-01 -2.356181e-02   
   992  -1.270219e-01 -1.354101e-01   
   993  -1.288303e-01  1.176919e-01   
   994  -1.080069e-01 -4.086682e-02   
   995  -1.097064e-01  3.721718e-02   
   996  -1.065420e-01 -6.256795e-03   
   997  -1.221294e-01  9.841904e-02   
   998  -1.136033e-01  6.338614e-02   
   999  -1.405732e-01 -1.723824e-01   
   1000  -1.087393e-01 -5.817184e-02   
   1001  -1.453808e-01  1.601950e-01   
   1002  -1.853519e-01  2.256964e-01   
   1003  -1.446240e-01 -1.825208e-01   
   1004  -1.751345e-01  2.120304e-01   
   1005  -1.963953e-01  2.403303e-01   
   1006  -1.566732e-01 -2.061716e-01   
   1007  -1.155659e-01 -1.012229e-01   
   1008  -1.404557e-01  1.514919e-01   
   1009  -1.657735e-01  1.985957e-01   
   1010  -1.058095e-01  1.104822e-02   
   1011  -1.363916e-01  1.438148e-01   
   1012  -1.216601e-01 -1.269690e-01   
   1013  -1.556009e-01  1.831158e-01   
   1014  -1.175001e-01  8.955510e-02   
   1015  -1.094717e-01 -7.547685e-02   
   1016  -1.779539e-01 -2.415210e-01   
   1017  -2.211177e-01  2.696114e-01   
   1018  -1.929618e-01 -2.618899e-01   
   1019  -1.089740e-01  5.452219e-02   
   1020  -1.050771e-01  2.835323e-02   
   1021  -1.675238e-01 -2.285244e-01   
   1022  -1.277816e-01 -1.511602e-01   
   1023  -1.456645e-01 -1.924429e-01   
   1024  -1.026451e-01 -3.242575e-02   
   1025  -1.276264e-01  1.288160e-01   
   1026  -1.128708e-01  8.069115e-02   
   1027  -1.019127e-01 -1.512074e-02   
   1028  -1.102042e-01 -9.278187e-02   
   1029  -1.162984e-01 -1.185280e-01   
   1030  -1.033775e-01 -4.973077e-02   
   1031  -1.673794e-01  2.083815e-01   
   1032  -1.011802e-01  2.184276e-03   
   1033  -3.322451e-01 -3.736485e-01   
   1034  -1.572922e-01 -2.161265e-01   
   1035  -1.761457e-01  2.219466e-01   
   1036  -2.968082e-01 -3.553311e-01   
   1037  -1.859250e-01  2.354398e-01   
   1038  -1.373752e-01 -1.797922e-01   
   1039  -1.041100e-01 -6.703578e-02   
   1040  -1.043447e-01  4.565825e-02   
   1041  -1.800616e-01 -2.512567e-01   
   1042  -3.140666e-01 -3.656933e-01   
   1043  -1.478690e-01 -2.018034e-01   
   1044  -1.223925e-01 -1.442740e-01   
   1045  -1.169168e-01  1.048739e-01   
   1046  -1.082415e-01  7.182721e-02   
   1047  -1.566740e-01  1.947344e-01   
   1048  -1.004478e-01  1.948929e-02   
   1049  -1.286233e-01 -1.622454e-01   
   1050  -1.109366e-01 -1.100869e-01   
   1051  -1.687081e-01 -2.383942e-01   
   1052  -1.048424e-01 -8.434080e-02   
   1053  -1.274761e-01  1.392316e-01   
   1054  -2.238812e-01 -3.038540e-01   
   1055  -1.586562e-01 -2.241903e-01   
   1056  -3.466295e-01  3.603443e-01   
   1057  -1.403062e-01  1.688118e-01   
   1058  -1.170308e-01 -1.358330e-01   
   1059  -1.453694e-01  1.794638e-01   
   1060  -9.728336e-02 -2.398468e-02   
   1061  -1.353811e-01  1.601087e-01   
   1062  -1.121384e-01  9.799617e-02   
   1063  -9.801580e-02 -4.128970e-02   
   1064  -9.971535e-02  3.679430e-02   
   1065  -3.279803e-01  3.530362e-01   
   1066  -1.036122e-01  6.296326e-02   
   1067  -1.167805e-01  1.142342e-01   
   1068  -9.655092e-02 -6.679669e-03   
   1069  -2.574428e-01 -3.342924e-01   
   1070  -1.777068e-01  2.317639e-01   
   1071  -9.874824e-02 -5.859471e-02   
   1072  -1.582817e-01  2.044876e-01   
   1073  -1.671188e-01  2.179551e-01   
   1074  -1.055749e-01 -1.016458e-01   
   1075  -1.484116e-01 -2.117600e-01   
   1076  -9.581848e-02  1.062535e-02   
   1077  -1.882550e-01  2.467586e-01   
   1078  -1.361732e-01 -1.893695e-01   
   1079  -1.075091e-01  8.913222e-02   
   1080  -1.116691e-01 -1.273919e-01   
   1081  -1.288272e-01 -1.747700e-01   
   1082  -9.948068e-02 -7.589973e-02   
   1083  -1.175590e-01  1.238441e-01   
   1084  -1.697841e-01 -2.473325e-01   
   1085  -1.277684e-01  1.504664e-01   
   1086  -9.898291e-02  5.409932e-02   
   1087  -1.964435e-01  2.586943e-01   
   1088  -1.597941e-01 -2.339945e-01   
   1089  -1.473448e-01  1.911537e-01   
   1090  -9.508604e-02  2.793036e-02   
   1091  -1.383371e-01 -1.991085e-01   
   1092  -1.028798e-01  8.026828e-02   
   1093  -1.177632e-01 -1.531380e-01   
   1094  -9.265405e-02 -3.284863e-02   
   1095  -1.002131e-01 -9.320474e-02   
   1096  -1.063073e-01 -1.189508e-01   
   1097  -9.192161e-02 -1.554361e-02   
   1098  -1.598211e-01  2.142631e-01   
   1099  -9.338649e-02 -5.015364e-02   
   1100  -1.494352e-01 -2.216029e-01   
   1101  -1.686310e-01  2.277086e-01   
   1102  -9.118917e-02  1.761402e-03   
   1103  -1.961869e-01 -2.857947e-01   
   1104  -1.290528e-01 -1.846816e-01   
   1105  -9.435360e-02  4.523538e-02   
   1106  -1.779539e-01  2.415210e-01   
   1107  -9.411893e-02 -6.745866e-02   
   1108  -1.124015e-01 -1.446969e-01   
   1109  -1.395726e-01 -2.073348e-01   
   1110  -9.825047e-02  7.140433e-02   
   1111  -1.163368e-01  1.342143e-01   
   1112  -1.489329e-01  2.010195e-01   
   1113  -1.067766e-01  1.064372e-01   
   1114  -1.401565e-01  1.861317e-01   
   1115  -9.045673e-02  1.906642e-02   
   1116  -1.352315e-01  1.774285e-01   
   1117  -1.009456e-01 -1.105098e-01   
   1118  -1.713529e-01 -2.587816e-01   
   1119  -1.606479e-01 -2.438984e-01   
   1120  -1.303065e-01  1.687254e-01   
   1121  -9.485137e-02 -8.476367e-02   
   1122  -1.203608e-01 -1.709650e-01   
   1123  -1.253815e-01  1.600223e-01   
   1124  -1.506227e-01 -2.300908e-01   
   1125  -1.070397e-01 -1.362558e-01   
   1126  -8.729231e-02 -2.440756e-02   
   1127  -8.972429e-02  3.637143e-02   
   1128  -8.802474e-02 -4.171257e-02   
   1129  -9.362116e-02  6.254039e-02   
   1130  -1.016278e-01  9.769795e-02   
   1131  -1.079994e-01  1.190055e-01   
   1132  -1.294968e-01 -1.946450e-01   
   1133  -8.655987e-02 -7.102543e-03   
   1134  -1.698632e-01  2.375725e-01   
   1135  -8.875718e-02 -5.901759e-02   
   1136  -1.405646e-01 -2.171698e-01   
   1137  -1.504966e-01  2.107226e-01   
   1138  -1.593169e-01  2.241587e-01   
   1139  -1.160869e-01  1.442030e-01   
   1140  -9.558381e-02 -1.020687e-01   
   1141  -8.582743e-02  1.020247e-02   
   1142  -9.751803e-02  8.870935e-02   
   1143  -3.191851e-01 -3.848648e-01   
   1144  -1.016780e-01 -1.278148e-01   
   1145  -1.131339e-01 -1.620019e-01   
   1146  -1.799044e-01  2.529114e-01   
   1147  -1.202820e-01 -1.799229e-01   
   1148  -3.014192e-01 -3.763526e-01   
   1149  -1.395416e-01  1.950360e-01   
   1150  -8.948962e-02 -7.632260e-02   
   1151  -1.614247e-01 -2.528677e-01   
   1152  -1.518859e-01 -2.392034e-01   
   1153  -8.899186e-02  5.367645e-02   
   1154  -1.077804e-01  1.291025e-01   
   1155  -8.509499e-02  2.750749e-02   
   1156  -1.303907e-01 -2.045078e-01   
   1157  -2.927598e-01  3.501584e-01   
   1158  -1.077722e-01 -1.535609e-01   
   1159  -9.288872e-02  7.984540e-02   
   1160  -1.422655e-01 -2.272567e-01   
   1161  -9.631625e-02 -1.193737e-01   
   1162  -1.750386e-01 -2.741935e-01   
   1163  -8.266300e-02 -3.327150e-02   
   1164  -9.022206e-02 -9.362762e-02   
   1165  -2.255129e-01  3.036772e-01   
   1166  -8.193056e-02 -1.596649e-02   
   1167  -1.511503e-01  2.190583e-01   
   1168  -1.609279e-01  2.332162e-01   
   1169  -3.338982e-01  3.721720e-01   
   1170  -8.339544e-02 -5.057652e-02   
   1171  -1.158127e-01  1.541987e-01   
   1172  -3.156448e-01  3.642795e-01   
   1173  -8.119812e-02  1.338527e-03   
   1174  -1.206967e-01 -1.901260e-01   
   1175  -1.024104e-01 -1.451198e-01   
   1176  -8.436255e-02  4.481250e-02   
   1177  -1.697841e-01  2.473325e-01   
   1178  -8.412788e-02 -6.788153e-02   
   1179  -1.252319e-01  1.773422e-01   
   1180  -9.968143e-02  1.149657e-01   
   1181  -8.825942e-02  7.098146e-02   
   1182  -1.303713e-01  1.877800e-01   
   1183  -1.314520e-01 -2.131214e-01   
   1184  -1.448079e-01 -2.358714e-01   
   1185  -1.075763e-01  1.389679e-01   
   1186  -8.046568e-02  1.864354e-02   
   1187  -2.588126e-01  3.331098e-01   
   1188  -9.095450e-02 -1.109326e-01   
   1189  -1.524084e-01 -2.491303e-01   
   1190  -1.181112e-01  1.664335e-01   
   1191  -1.392521e-01  2.062957e-01   
   1192  -1.626101e-01 -2.643629e-01   
   1193  -8.486032e-02 -8.518655e-02   
   1194  -9.704869e-02 -1.366787e-01   
   1195  -9.215628e-02  9.715042e-02   
   1196  -1.099539e-01 -1.737049e-01   
   1197  -1.521878e-01  2.286307e-01   
   1198  -1.215610e-01 -1.999807e-01   
   1199  -8.363011e-02  6.211752e-02   
   1200  -7.730125e-02 -2.483043e-02   
   1201  -7.973324e-02  3.594856e-02   
   1202  -9.926210e-02  1.238657e-01   
   1203  -7.803369e-02 -4.213545e-02   
   1204  -9.366862e-02  1.067623e-01   
   1205  -1.618298e-01  2.431158e-01   
   1206  -7.656881e-02 -7.525417e-03   
   1207  -7.876613e-02 -5.944046e-02   
   1208  -1.323829e-01 -2.228834e-01   
   1209  -1.072942e-01  1.489619e-01   
   1210  -8.559276e-02 -1.024916e-01   
   1211  -8.752698e-02  8.828647e-02   
   1212  -1.033675e-01 -1.632250e-01   
   1213  -9.168694e-02 -1.282376e-01   
   1214  -7.583637e-02  9.779598e-03   
   1215  -1.314065e-01  1.995703e-01   
   1216  -1.961869e-01  2.857947e-01   
   1217  -1.438081e-01 -2.441451e-01   
   1218  -7.949857e-02 -7.674548e-02   
   1219  -1.713529e-01  2.587816e-01   
   1220  -1.116636e-01 -1.858519e-01   
   1221  -1.528850e-01 -2.581205e-01   
   1222  -7.900080e-02  5.325357e-02   
   1223  -1.395414e-01  2.163868e-01   
   1224  -9.898490e-02  1.338591e-01   
   1225  -1.223261e-01 -2.098737e-01   
   1226  -1.447159e-01  2.245887e-01   
   1227  -7.510393e-02  2.708461e-02   
   1228  -9.778113e-02 -1.539837e-01   
   1229  -8.289767e-02  7.942253e-02   
   1230  -1.161521e-01  1.764511e-01   
   1231  -8.632520e-02 -1.197966e-01   
   1232  -1.530452e-01  2.384634e-01   
   1233  -1.357797e-01 -2.359216e-01   
   1234  -8.023101e-02 -9.405049e-02   
   1235  -7.267194e-02 -3.369438e-02   
   1236  -7.193950e-02 -1.638936e-02   
   1237  -2.670611e-01 -3.710291e-01   
   1238  -1.070180e-01  1.589579e-01   
   1239  -7.340438e-02 -5.099939e-02   
   1240  -1.236689e-01  1.932394e-01   
   1241  -7.120706e-02  9.156533e-04   
   1242  -9.241938e-02 -1.455427e-01   
   1243  -1.125017e-01 -1.958100e-01   
   1244  -7.437149e-02  4.438963e-02   
   1245  -9.070035e-02  1.187576e-01   
   1246  -7.413682e-02 -6.830441e-02   
   1247  -1.614247e-01  2.528677e-01   
   1248  -7.826836e-02  7.055859e-02   
   1249  -1.239855e-01 -2.196566e-01   
   1250  -1.770702e-01  2.720111e-01   
   1251  -9.884888e-02  1.438407e-01   
   1252  -3.058449e-01 -3.955488e-01   
   1253  -1.173619e-01  1.857122e-01   
   1254  -7.047462e-02  1.822067e-02   
   1255  -8.096345e-02 -1.113555e-01   
   1256  -1.439986e-01 -2.540839e-01   
   1257  -1.453110e-01  2.334817e-01   
   1258  -1.297645e-01  2.094246e-01   
   1259  -7.486926e-02 -8.560942e-02   
   1260  -8.705763e-02 -1.371016e-01   
   1261  -1.026822e-01 -1.815167e-01   
   1262  -1.766598e-01 -2.982603e-01   
   1263  -8.229517e-02  1.000257e-01   
   1264  -1.074506e-01  1.700014e-01   
   1265  -7.363905e-02  6.169464e-02   
   1266  -1.133091e-01 -2.055950e-01   
   1267  -2.883844e-01 -3.889540e-01   
   1268  -6.974219e-02  3.552568e-02   
   1269  -1.521185e-01 -2.690949e-01   
   1270  -9.047362e-02  1.286309e-01   
   1271  -6.731020e-02 -2.525331e-02   
   1272  -9.841180e-02 -1.732511e-01   
   1273  -6.804264e-02 -4.255832e-02   
   1274  -1.536158e-01  2.483876e-01   
   1275  -6.657776e-02 -7.948291e-03   
   1276  -1.250778e-01 -2.293539e-01   
   1277  -3.208590e-01  3.834704e-01   
   1278  -6.877507e-02 -5.986334e-02   
   1279  -3.030171e-01  3.750163e-01   
   1280  -7.753592e-02  8.786360e-02   
   1281  -9.315182e-02 -1.628477e-01   
   1282  -7.560170e-02 -1.029144e-01   
   1283  -9.853447e-02  1.538316e-01   
   1284  -8.169589e-02 -1.286605e-01   
   1285  -6.584532e-02  9.356724e-03   
   1286  -1.220634e-01  2.031072e-01   
   1287  -1.353892e-01  2.253860e-01   
   1288  -1.355697e-01 -2.488141e-01   
   1289  -1.035123e-01 -1.914550e-01   
   1290  -6.950751e-02 -7.716835e-02   
   1291  -8.260582e-02  1.126064e-01   
   1292  -1.441745e-01 -2.630850e-01   
   1293  -6.900975e-02  5.283070e-02   
   1294  -1.626101e-01  2.643629e-01   
   1295  -8.779007e-02 -1.544066e-01   
   1296  -1.146175e-01 -2.162135e-01   
   1297  -9.018304e-02  1.385817e-01   
   1298  -6.511288e-02  2.666174e-02   
   1299  -7.290661e-02  7.899966e-02   
   1300  -1.449915e-01  2.434443e-01   
   1301  -7.633414e-02 -1.202194e-01   
   1302  -1.069702e-01  1.803620e-01   
   1303  -7.023995e-02 -9.447336e-02   
   1304  -6.268089e-02 -3.411725e-02   
   1305  -1.276779e-01  2.190427e-01   
   1306  -6.194845e-02 -1.681224e-02   
   1307  -9.847712e-02  1.639127e-01   
   1308  -6.341333e-02 -5.142226e-02   
   1309  -8.242833e-02 -1.459655e-01   
   1310  -1.136690e-01  1.962733e-01   
   1311  -1.273590e-01 -2.433368e-01   
   1312  -1.042745e-01 -2.014146e-01   
   1313  -6.121601e-02  4.927792e-04   
   1314  -6.438044e-02  4.396675e-02   
   1315  -1.563336e-01 -2.852725e-01   
   1316  -8.190105e-02  1.235038e-01   
   1317  -6.827731e-02  7.013571e-02   
   1318  -6.414577e-02 -6.872728e-02   
   1319  -1.528850e-01  2.581205e-01   
   1320  -1.159258e-01 -2.254746e-01   
   1321  -9.004615e-02  1.485766e-01   
   1322  -1.354279e-01 -2.587537e-01   
   1323  -6.048357e-02  1.779779e-02   
   1324  -7.097239e-02 -1.117784e-01   
   1325  -1.205783e-01  2.129566e-01   
   1326  -1.365771e-01  2.382852e-01   
   1327  -7.217417e-02  9.630467e-02   
   1328  -7.706658e-02 -1.375245e-01   
   1329  -6.487821e-02 -8.603229e-02   
   1330  -8.852251e-02 -1.717116e-01   
   1331  -1.445895e-01 -2.746337e-01   
   1332  -6.364800e-02  6.127177e-02   
   1333  -1.055167e-01 -2.121648e-01   
   1334  -8.178603e-02  1.334919e-01   
   1335  -5.975113e-02  3.510281e-02   
   1336  -9.797521e-02  1.738912e-01   
   1337  -1.452301e-01  2.533820e-01   
   1338  -7.365938e-02  1.082973e-01   
   1339  -5.731914e-02 -2.567618e-02   
   1340  -1.056840e-01  1.902721e-01   
   1341  -5.805158e-02 -4.298119e-02   
   1342  -9.203397e-02 -1.851204e-01   
   1343  -5.658670e-02 -8.371165e-03   
   1344  -1.171220e-01 -2.353878e-01   
   1345  -8.316077e-02 -1.632705e-01   
   1346  -6.754487e-02  8.744073e-02   
   1347  -2.030860e-01  3.181291e-01   
   1348  -5.878402e-02 -6.028621e-02   
   1349  -6.561065e-02 -1.033373e-01   
   1350  -7.170483e-02 -1.290834e-01   
   1351  -8.971208e-02  1.585041e-01   
   1352  -1.271799e-01 -2.532052e-01   
   1353  -1.260220e-01  2.288438e-01   
   1354  -5.585426e-02  8.933849e-03   
   1355  -1.123312e-01  2.061378e-01   
   1356  -9.525840e-02 -1.970956e-01   
   1357  -5.951646e-02 -7.759122e-02   
   1358  -2.753489e-01 -3.961413e-01   
   1359  -2.922480e-01 -4.056983e-01   
   1360  -5.901869e-02  5.240782e-02   
   1361  -1.353030e-01 -2.677557e-01   
   1362  -7.779902e-02 -1.548295e-01   
   1363  -7.341032e-02  1.182919e-01   
   1364  -1.066966e-01 -2.220554e-01   
   1365  -1.536856e-01  2.696489e-01   
   1366  -2.685628e-01  3.698250e-01   
   1367  -6.291556e-02  7.857678e-02   
   1368  -8.146582e-02  1.434732e-01   
   1369  -5.512182e-02  2.623886e-02   
   1370  -1.367758e-01  2.481532e-01   
   1371  -6.634309e-02 -1.206423e-01   
   1372  -9.775377e-02  1.842249e-01   
   1373  -6.024890e-02 -9.489624e-02   
   1374  -1.184371e-01  2.227049e-01   
   1375  -1.766598e-01  2.982603e-01   
   1376  -5.268983e-02 -3.454012e-02   
   1377  -5.195739e-02 -1.723511e-02   
   1378  -8.959856e-02  1.684946e-01   
   1379  -7.243727e-02 -1.463884e-01   
   1380  -5.342227e-02 -5.184514e-02   
   1381  -1.045182e-01  2.001925e-01   
   1382  -1.186106e-01 -2.481139e-01   
   1383  -5.122495e-02  6.990507e-05   
   1384  -5.438938e-02  4.354388e-02   
   1385  -7.327174e-02  1.282537e-01   
   1386  -6.593417e-02  1.035925e-01   
   1387  -5.828625e-02  6.971284e-02   
   1388  -3.075357e-01  3.942357e-01   
   1389  -1.441745e-01  2.630850e-01   
   1390  -5.415471e-02 -6.915015e-02   
   1391  -8.139423e-02  1.534563e-01   
   1392  -1.267061e-01 -2.631345e-01   
   1393  -8.245080e-02 -1.798809e-01   
   1394  -6.098134e-02 -1.122013e-01   
   1395  -5.049251e-02  1.737492e-02   
   1396  -1.110860e-01  2.160404e-01   
   1397  -6.218312e-02  9.588180e-02   
   1398  -6.707552e-02 -1.379473e-01   
   1399  -7.853146e-02 -1.721345e-01   
   1400  -1.813838e-01 -3.309833e-01   
   1401  -2.900086e-01  3.877000e-01   
   1402  -9.321957e-02 -2.069460e-01   
   1403  -1.073044e-01 -2.340472e-01   
   1404  -5.488715e-02 -8.645517e-02   
   1405  -1.582699e-01  2.833411e-01   
   1406  -1.257974e-01  2.413942e-01   
   1407  -5.365694e-02  6.084889e-02   
   1408  -1.114339e-01 -2.428248e-01   
   1409  -9.750735e-02 -2.181360e-01   
   1410  -1.366823e-01  2.580934e-01   
   1411  -7.300416e-02  1.382467e-01   
   1412  -4.976008e-02  3.467993e-02   
   1413  -6.483278e-02  1.131558e-01   
   1414  -8.905746e-02  1.783370e-01   
   1415  -9.657553e-02  1.941279e-01   
   1416  -4.732809e-02 -2.609905e-02   
   1417  -1.339020e-01 -2.783363e-01   
   1418  -4.806053e-02 -4.340407e-02   
   1419  -7.316971e-02 -1.636934e-01   
   1420  -5.755381e-02  8.701785e-02   
   1421  -4.659565e-02 -8.794039e-03   
   1422  -1.186480e-01 -2.573135e-01   
   1423  -5.561959e-02 -1.037602e-01   
   1424  -4.879296e-02 -6.070908e-02   
   1425  -6.171378e-02 -1.295063e-01   
   1426  -1.166370e-01  2.315157e-01   
   1427  -6.640385e-02  1.228921e-01   
   1428  -8.101840e-02  1.634278e-01   
   1429  -1.031589e-01  2.100726e-01   
   1430  -4.586321e-02  8.510975e-03   
   1431  -1.563438e-01 -3.093938e-01   
   1432  -8.462565e-02 -1.978806e-01   
   1433  -4.952540e-02 -7.801410e-02   
   1434  -4.902764e-02  5.198495e-02   
   1435  -6.780796e-02 -1.552524e-01   
   1436  -1.262804e-01 -2.721273e-01   
   1437  -9.895270e-02 -2.283671e-01   
   1438  -1.284075e-01  2.525850e-01   
   1439  -5.292450e-02  7.815391e-02   
   1440  -7.289844e-02  1.481918e-01   
   1441  -7.948667e-02 -1.886744e-01   
   1442  -1.445895e-01  2.746337e-01   
   1443  -4.513077e-02  2.581599e-02   
   1444  -5.635203e-02 -1.210652e-01   
   1445  -1.108215e-01 -2.513000e-01   
   1446  -1.089103e-01  2.254786e-01   
   1447  -8.856505e-02  1.881532e-01   
   1448  -5.025784e-02 -9.531911e-02   
   1449  -4.269878e-02 -3.496300e-02   
   1450  -2.466267e-01 -3.929170e-01   
   1451  -8.104410e-02  1.733923e-01   
   1452  -6.244622e-02 -1.468113e-01   
   1453  -2.110052e-01 -3.668526e-01   
   1454  -4.196634e-02 -1.765798e-02   
   1455  -5.682137e-02  1.043229e-01   
   1456  -4.343122e-02 -5.226801e-02   
   1457  -9.531776e-02  2.040417e-01   
   1458  -7.390215e-02 -1.809984e-01   
   1459  -4.439833e-02  4.312100e-02   
   1460  -4.829520e-02  6.928996e-02   
   1461  -4.123390e-02 -3.529690e-04   
   1462  -6.441548e-02  1.331313e-01   
   1463  -1.353030e-01  2.677557e-01   
   1464  -4.416366e-02 -6.957303e-02   
   1465  -1.178427e-01 -2.672214e-01   
   1466  -7.260566e-02  1.581822e-01   
   1467  -1.208965e-01  2.489760e-01   
   1468  -2.619701e-01 -4.052671e-01   
   1469  -5.099028e-02 -1.126241e-01   
   1470  -1.022248e-01  2.199509e-01   
   1471  -4.050146e-02  1.695205e-02   
   1472  -5.219206e-02  9.545892e-02   
   1473  -1.033112e-01 -2.452749e-01   
   1474  -6.854040e-02 -1.725574e-01   
   1475  -9.132979e-02 -2.239095e-01   
   1476  -2.784174e-01 -4.153116e-01   
   1477  -1.369304e-01 -2.950773e-01   
   1478  -5.708447e-02 -1.383702e-01   
   1479  -1.150046e-01  2.421983e-01   
   1480  -1.264066e-01 -2.820877e-01   
   1481  -4.489610e-02 -8.687804e-02   
   1482  -8.656512e-02 -2.165819e-01   
   1483  -4.366589e-02  6.042602e-02   
   1484  -1.279819e-01  2.625165e-01   
   1485  -6.429154e-02  1.431272e-01   
   1486  -8.060532e-02  1.833531e-01   
   1487  -3.976902e-02  3.425706e-02   
   1488  -6.317866e-02 -1.641163e-01   
   1489  -3.733703e-02 -2.652193e-02   
   1490  -4.756276e-02  8.659498e-02   
   1491  -1.099837e-01 -2.611344e-01   
   1492  -3.806947e-02 -4.382694e-02   
   1493  -7.999634e-02 -2.067445e-01   
   1494  -8.693821e-02  1.982026e-01   
   1495  -3.660459e-02 -9.216913e-03   
   1496  -5.608893e-02  1.216279e-01   
   1497  -5.172272e-02 -1.299291e-01   
   1498  -7.257033e-02  1.680963e-01   
   1499  -9.663684e-02 -2.402385e-01   
   1500  -4.562854e-02 -1.041831e-01   
   1501  -2.769752e-01  3.949578e-01   
   1502  -1.074187e-01  2.353377e-01   
   1503  -3.880191e-02 -6.113196e-02   
   1504  -9.439268e-02  2.138906e-01   
   1505  -2.939519e-01  4.044654e-01   
   1506  -3.587215e-02  8.088101e-03   
   1507  -7.463459e-02 -1.983035e-01   
   1508  -5.781691e-02 -1.556752e-01   
   1509  -3.903658e-02  5.156207e-02   
   1510  -1.198957e-01  2.567347e-01   
   1511  -3.953435e-02 -7.843697e-02   
   1512  -1.171168e-01 -2.761950e-01   
   1513  -5.145963e-02  1.127639e-01   
   1514  -1.032160e-01 -2.549028e-01   
   1515  -4.293345e-02  7.773103e-02   
   1516  -6.399137e-02  1.531139e-01   
   1517  -6.927284e-02 -1.898624e-01   
   1518  -3.513971e-02  2.539312e-02   
   1519  -4.636098e-02 -1.214881e-01   
   1520  -8.929958e-02 -2.336995e-01   
   1521  -1.339020e-01  2.783363e-01   
   1522  -9.966328e-02  2.292093e-01   
   1523  -4.026679e-02 -9.574199e-02   
   1524  -1.128952e-01  2.507665e-01   
   1525  -4.683032e-02  1.039000e-01   
   1526  -5.245516e-02 -1.472342e-01   
   1527  -3.270772e-02 -3.538587e-02   
   1528  -7.224631e-02  1.780837e-01   
   1529  -6.391110e-02 -1.814213e-01   
   1530  -3.197528e-02 -1.808086e-02   
   1531  -7.862107e-02  1.926602e-01   
   1532  -3.344016e-02 -5.269089e-02   
   1533  -8.623291e-02  2.081563e-01   
   1534  -3.830414e-02  6.886709e-02   
   1535  -3.440727e-02  4.269813e-02   
   1536  -5.569392e-02  1.380219e-01   
   1537  -3.124284e-02 -7.758432e-04   
   1538  -1.262804e-01  2.721273e-01   
   1539  -1.088477e-01 -2.710099e-01   
   1540  -3.417260e-02 -6.999590e-02   
   1541  -6.392780e-02  1.631084e-01   
   1542  -9.339898e-02  2.237436e-01   
   1543  -1.063830e-01  2.452000e-01   
   1544  -5.854935e-02 -1.729802e-01   
   1545  -4.220101e-02  9.503605e-02   
   1546  -4.099923e-02 -1.130470e-01   
   1547  -1.563438e-01  3.093938e-01   
   1548  -3.051041e-02  1.652917e-02   
   1549  -9.460380e-02 -2.500032e-01   
   1550  -8.183831e-02 -2.270522e-01   
   1551  -4.709341e-02 -1.387931e-01   
   1552  -5.072719e-02  1.300690e-01   
   1553  -3.490504e-02 -8.730092e-02   
   1554  -7.549939e-02 -2.167035e-01   
   1555  -1.191385e-01  2.666464e-01   
   1556  -3.367483e-02  6.000315e-02   
   1557  -7.228116e-02  1.879649e-01   
   1558  -5.318760e-02 -1.645392e-01   
   1559  -1.011964e-01 -2.646637e-01   
   1560  -7.000528e-02 -2.071674e-01   
   1561  -2.977797e-02  3.383419e-02   
   1562  -8.635743e-02  2.166764e-01   
   1563  -3.757170e-02  8.617210e-02   
   1564  -1.163736e-01 -2.877272e-01   
   1565  -2.734598e-02 -2.694480e-02   
   1566  -4.609788e-02  1.212050e-01   
   1567  -2.807842e-02 -4.424982e-02   
   1568  -9.863783e-02  2.390405e-01   
   1569  -7.799830e-02  2.026355e-01   
   1570  -2.661354e-02 -9.639788e-03   
   1571  -4.173167e-02 -1.303520e-01   
   1572  -8.719242e-02 -2.434456e-01   
   1573  -6.392014e-02  1.731030e-01   
   1574  -3.563748e-02 -1.046059e-01   
   1575  -2.881086e-02 -6.155483e-02   
   1576  -6.464354e-02 -1.987263e-01   
   1577  -2.588110e-02  7.665227e-03   
   1578  -2.483908e-01 -4.138796e-01   
   1579  -1.112501e-01  2.605975e-01   
   1580  -2.124160e-01  3.659260e-01   
   1581  -4.782585e-02 -1.560981e-01   
   1582  -5.265757e-02  1.473967e-01   
   1583  -4.146857e-02  1.123411e-01   
   1584  -2.904553e-02  5.113920e-02   
   1585  -9.378898e-02 -2.581409e-01   
   1586  -1.264066e-01  2.820877e-01   
   1587  -1.078223e-01 -2.799542e-01   
   1588  -2.954329e-02 -7.885985e-02   
   1589  -1.369304e-01  2.950773e-01   
   1590  -2.643757e-01 -4.243883e-01   
   1591  -3.294239e-02  7.730816e-02   
   1592  -5.928179e-02 -1.902853e-01   
   1593  -2.481846e-01  3.918523e-01   
   1594  -5.462405e-02  1.562379e-01   
   1595  -7.915713e-02  2.109706e-01   
   1596  -2.514866e-02  2.497024e-02   
   1597  -3.636992e-02 -1.219109e-01   
   1598  -7.983654e-02 -2.368425e-01   
   1599  -1.579323e-01 -3.437052e-01   
   1600  -9.053703e-02  2.332265e-01   
   1601  -3.683926e-02  1.034771e-01   
   1602  -3.027573e-02 -9.616486e-02   
   1603  -4.246411e-02 -1.476570e-01   
   1604  -1.035988e-01  2.543626e-01   
   1605  -5.392004e-02 -1.818442e-01   
   1606  -2.271667e-02 -3.580875e-02   
   1607  -2.198423e-02 -1.850373e-02   
   1608  -2.636053e-01  4.041585e-01   
   1609  -2.344911e-02 -5.311376e-02   
   1610  -2.831309e-02  6.844422e-02   
   1611  -6.955600e-02  1.972857e-01   
   1612  -2.441622e-02  4.227526e-02   
   1613  -4.536544e-02  1.385100e-01   
   1614  -2.125179e-02 -1.198717e-03   
   1615  -9.973110e-02 -2.744957e-01   
   1616  -1.171168e-01  2.761950e-01   
   1617  -2.801307e-01  4.141580e-01   
   1618  -8.383707e-02  2.263292e-01   
   1619  -9.754000e-02  2.488752e-01   
   1620  -2.418155e-02 -7.041878e-02   
   1621  -4.855829e-02 -1.734031e-01   
   1622  -3.220995e-02  9.461317e-02   
   1623  -8.557922e-02 -2.532092e-01   
   1624  -6.102550e-02  1.823996e-01   
   1625  -3.100817e-02 -1.134699e-01   
   1626  -3.710236e-02 -1.392160e-01   
   1627  -2.051935e-02  1.610630e-02   
   1628  -4.073613e-02  1.296461e-01   
   1629  -6.534548e-02 -2.168084e-01   
   1630  -7.042237e-02 -2.280398e-01   
   1631  -2.491399e-02 -8.772379e-02   
   1632  -1.101619e-01  2.704784e-01   
   1633  -2.368378e-02  5.958027e-02   
   1634  -9.229620e-02 -2.678974e-01   
   1635  -6.315023e-02  1.912708e-01   
   1636  -6.001423e-02 -2.075903e-01   
   1637  -4.319655e-02 -1.649620e-01   
   1638  -1.978691e-02  3.341131e-02   
   1639  -2.758065e-02  8.574923e-02   
   1640  -3.610682e-02  1.207821e-01   
   1641  -7.819493e-02 -2.465901e-01   
   1642  -1.735492e-02 -2.736768e-02   
   1643  -5.389161e-02  1.735429e-01   
   1644  -1.808736e-02 -4.467269e-02   
   1645  -8.948212e-02  2.429971e-01   
   1646  -7.603439e-02  2.201125e-01   
   1647  -3.174061e-02 -1.307749e-01   
   1648  -5.465248e-02 -1.991492e-01   
   1649  -1.662248e-02 -1.006266e-02   
   1650  -1.052412e-01 -2.906483e-01   
   1651  -2.564643e-02 -1.050288e-01   
   1652  -1.881980e-02 -6.197771e-02   
   1653  -1.024803e-01  2.641690e-01   
   1654  -1.301706e-01 -3.234794e-01   
   1655  -4.926231e-02  1.646790e-01   
   1656  -3.783480e-02 -1.565210e-01   
   1657  -1.589004e-02  7.242353e-03   
   1658  -3.147752e-02  1.119182e-01   
   1659  -2.159843e-01 -4.043323e-01   
   1660  -9.840746e-02 -2.834007e-01   
   1661  -1.905447e-02  5.071633e-02   
   1662  -4.929073e-02 -1.907081e-01   
   1663  -8.448196e-02 -2.617093e-01   
   1664  -4.463300e-02  1.558150e-01   
   1665  -2.295134e-02  7.688529e-02   
   1666  -1.955224e-02 -7.928272e-02   
   1667  -8.260734e-02  2.358659e-01   
   1668  -6.761603e-02  2.097380e-01   
   1669  -1.515760e-02  2.454737e-02   
   1670  -2.637887e-02 -1.223338e-01   
   1671  -4.000369e-02  1.469511e-01   
   1672  -1.163736e-01  2.877272e-01   
   1673  -7.047574e-02 -2.402780e-01   
   1674  -2.684821e-02  1.030542e-01   
   1675  -4.392899e-02 -1.822671e-01   
   1676  -3.247305e-02 -1.480799e-01   
   1677  -9.443507e-02  2.582843e-01   
   1678  -2.028468e-02 -9.658773e-02   
   1679  -1.272561e-02 -3.623162e-02   
   1680  -1.199317e-02 -1.892661e-02   
   1681  -3.537438e-02  1.380871e-01   
   1682  -1.832203e-02  6.802134e-02   
   1683  -6.074667e-02 -2.248953e-01   
   1684  -1.345805e-02 -5.353664e-02   
   1685  -9.050314e-02 -2.776750e-01   
   1686  -1.442516e-02  4.185238e-02   
   1687  -1.078223e-01  2.799542e-01   
   1688  -8.790968e-02  2.512054e-01   
   1689  -1.126073e-02 -1.621591e-03   
   1690  -5.895093e-02  1.994307e-01   
   1691  -7.684934e-02 -2.567523e-01   
   1692  -3.856724e-02 -1.738260e-01   
   1693  -7.463306e-02  2.299900e-01   
   1694  -2.221890e-02  9.419030e-02   
   1695  -1.419049e-02 -7.084165e-02   
   1696  -5.538492e-02 -2.164542e-01   
   1697  -2.101712e-02 -1.138927e-01   
   1698  -2.711131e-02 -1.396388e-01   
   1699  -3.074508e-02  1.292232e-01   
   1700  -2.501452e-01 -4.329289e-01   
   1701  -1.052830e-02  1.568342e-02   
   1702  -5.315918e-02  1.908479e-01   
   1703  -1.010621e-01  2.740079e-01   
   1704  -8.329287e-02 -2.708319e-01   
   1705  -2.341966e-01 -4.243284e-01   
   1706  -5.002317e-02 -2.080131e-01   
   1707  -1.492293e-02 -8.814666e-02   
   1708  -4.852987e-02  1.819840e-01   
   1709  -1.369272e-02  5.915740e-02   
   1710  -9.724539e-02 -2.931624e-01   
   1711  -3.320549e-02 -1.653849e-01   
   1712  -2.611577e-02  1.203593e-01   
   1713  -6.758956e-02  2.229782e-01   
   1714  -1.758959e-02  8.532636e-02   
   1715  -4.390056e-02  1.731201e-01   
   1716  -1.067067e-01 -3.073015e-01   
   1717  -9.795856e-03  3.298844e-02   
   1718  -8.019031e-02  2.454719e-01   
   1719  -1.586307e-01  3.434052e-01   
   1720  -2.500316e-01  4.128446e-01   
   1721  -4.466143e-02 -1.995721e-01   
   1722  -6.879445e-02 -2.499391e-01   
   1723  -7.363867e-03 -2.779055e-02   
   1724  -2.174956e-02 -1.311978e-01   
   1725  -9.359604e-02  2.674447e-01   
   1726  -8.096306e-03 -4.509557e-02   
   1727  -3.927125e-02  1.642561e-01   
   1728  -7.734657e-02 -2.657483e-01   
   1729  -1.565537e-02 -1.054517e-01   
   1730  -6.631427e-03 -1.048554e-02   
   1731  -8.828745e-03 -6.240058e-02   
   1732  -2.660948e-01  4.233126e-01   
   1733  -2.784374e-02 -1.569438e-01   
   1734  -2.148646e-02  1.114953e-01   
   1735  -5.931631e-02 -2.355707e-01   
   1736  -3.464194e-02  1.553922e-01   
   1737  -5.898988e-03  6.819479e-03   
   1738  -3.929968e-02 -1.911310e-01   
   1739  -8.888267e-02 -2.865307e-01   
   1740  -9.063416e-03  5.029345e-02   
   1741  -1.296028e-02  7.646241e-02   
   1742  -7.282587e-02  2.387740e-01   
   1743  -9.561185e-03 -7.970559e-02   
   1744  -8.638024e-02  2.607108e-01   
   1745  -6.246018e-02 -2.436114e-01   
   1746  -3.001264e-02  1.465282e-01   
   1747  -5.166548e-03  2.412449e-02   
   1748  -1.638781e-02 -1.227567e-01   
   1749  -1.685715e-02  1.026314e-01   
   1750  -3.393793e-02 -1.826899e-01   
   1751  -1.066943e-01  2.914552e-01   
   1752  -2.248200e-02 -1.485028e-01   
   1753  -5.875410e-02  2.169373e-01   
   1754  -1.029362e-02 -9.701061e-02   
   1755  -2.538333e-02  1.376643e-01   
   1756  -8.117409e-02 -2.805441e-01   
   1757  -2.734559e-03 -3.665449e-02   
   1758  -1.313108e-01  3.230183e-01   
   1759  -8.330977e-03  6.759847e-02   
   1760  -2.002119e-03 -1.934948e-02   
   1761  -9.840746e-02  2.834007e-01   
   1762  -3.466998e-03 -5.395951e-02   
   1763  -4.434109e-03  4.142951e-02   
   1764  -7.859468e-02  2.545824e-01   
   1765  -5.242674e-02  2.081530e-01   
   1766  -6.524688e-02  2.326368e-01   
   1767  -2.857618e-02 -1.742489e-01   
   1768  -1.269680e-03 -2.044465e-03   
   1769  -4.779743e-02  1.992890e-01   
   1770  -1.222785e-02  9.376743e-02   
   1771  -5.006649e-02 -2.276617e-01   
   1772  -4.199438e-03 -7.126452e-02   
   1773  -2.075402e-02  1.288003e-01   
   1774  -4.316812e-02  1.904251e-01   
   1775  -1.102606e-02 -1.143156e-01   
   1776  -1.712025e-02 -1.400617e-01   
   1777  -7.419652e-02 -2.734639e-01   
   1778  -4.478981e-02 -2.181877e-01   
   1779  -9.184872e-02  2.772306e-01   
   1780  -5.372404e-04  1.526055e-02   
   1781  -3.853881e-02  1.815611e-01   
   1782  -4.003212e-02 -2.084360e-01   
   1783  -4.931877e-03 -8.856954e-02   
   1784  -2.321444e-02 -1.658078e-01   
   1785  -6.669890e-02 -2.633177e-01   
   1786  -3.390950e-02  1.726972e-01   
   1787  -3.701669e-03  5.873452e-02   
   1788  -1.612471e-02  1.199364e-01   
   1789  -5.800199e-02  2.257662e-01   
   1790  -1.109789e-01  3.052810e-01   
   1791  -7.598538e-03  8.490348e-02   
   1792  -7.086209e-02  2.485331e-01   
   1793  -3.467037e-02 -1.999949e-01   
   1794  -2.175167e-01  4.034019e-01   
   1795  -8.460728e-02  2.704201e-01   
   1796   1.951990e-04  3.256556e-02   
   1797  -2.928020e-02  1.638332e-01   
   1798  -8.698894e-02 -2.979307e-01   
   1799  -2.207152e-01 -4.295667e-01   
   1800  -1.175850e-02 -1.316206e-01   
   1801   2.627188e-03 -2.821342e-02   
   1802  -5.868168e-02 -2.528367e-01   
   1803   1.894749e-03 -4.551844e-02   
   1804  -5.664317e-03 -1.058746e-01   
   1805   3.359628e-03 -1.090841e-02   
   1806  -7.847820e-02  2.635703e-01   
   1807  -1.149541e-02  1.110724e-01   
   1808  -2.465089e-02  1.549693e-01   
   1809  -1.785269e-02 -1.573667e-01   
   1810   1.162309e-03 -6.282345e-02   
   1811  -2.930862e-02 -1.915539e-01   
   1812  -7.925862e-02 -2.893408e-01   
   1813  -2.357475e-01 -4.409344e-01   
   1814   4.092067e-03  6.396605e-03   
   1815  -5.259660e-02 -2.450582e-01   
   1816   9.276385e-04  4.987058e-02   
   1817  -2.969230e-03  7.603954e-02   
   1818  -6.358639e-02  2.424357e-01   
   1819   4.298700e-04 -8.012847e-02   
   1820  -2.002158e-02  1.461053e-01   
   1821  -2.394688e-02 -1.831128e-01   
   1822   4.824507e-03  2.370162e-02   
   1823  -6.396756e-03 -1.231796e-01   
   1824  -6.866098e-03  1.022085e-01   
   1825  -4.669619e-02 -2.370604e-01   
   1826  -9.689571e-02  2.948576e-01   
   1827  -1.249094e-02 -1.489257e-01   
   1828  -4.813616e-02  2.180512e-01   
   1829  -1.539227e-02  1.372414e-01   
   1830  -3.025694e-04 -9.743348e-02   
   1831  -7.175439e-02 -2.830998e-01   
   1832  -4.243568e-02  2.077301e-01   
   1833   1.660078e-03  6.717559e-02   
   1834  -8.888267e-02  2.865307e-01   
   1835  -3.780637e-02  1.988661e-01   
   1836   7.256496e-03 -3.707737e-02   
   1837   7.988936e-03 -1.977235e-02   
   1838  -6.939227e-02  2.583787e-01   
   1839  -2.518666e-01  4.319297e-01   
   1840   5.556946e-03  4.100663e-02   
   1841  -1.858513e-02 -1.746717e-01   
   1842   6.524057e-03 -5.438238e-02   
   1843  -3.317707e-02  1.900022e-01   
   1844  -5.587811e-02  2.360894e-01   
   1845  -4.030102e-02 -2.290029e-01   
   1846  -2.236790e-03  9.334455e-02   
   1847   8.721375e-03 -2.467340e-03   
   1848  -1.076297e-02  1.283775e-01   
   1849  -2.358480e-01  4.233723e-01   
   1850  -6.501730e-02 -2.757904e-01   
   1851  -1.620343e-01 -3.923761e-01   
   1852  -8.253128e-02  2.801418e-01   
   1853  -2.854776e-02  1.811382e-01   
   1854   5.791617e-03 -7.168740e-02   
   1855  -7.129195e-03 -1.404846e-01   
   1856  -1.035009e-03 -1.147385e-01   
   1857  -1.027046e-01 -3.310886e-01   
   1858   9.453814e-03  1.483768e-02   
   1859  -2.545606e-02 -1.991141e-01   
   1860  -2.391845e-02  1.722743e-01   
   1861  -1.322338e-02 -1.662307e-01   
   1862  -7.772633e-02 -2.991834e-01   
   1863  -5.460286e-02 -2.619071e-01   
   1864   5.059178e-03 -8.899241e-02   
   1865  -6.133659e-03  1.195135e-01   
   1866   6.289386e-03  5.831165e-02   
   1867  -7.552384e-02  2.730900e-01   
   1868  -3.293116e-02 -2.195581e-01   
   1869   2.392517e-03  8.448061e-02   
   1870  -1.928914e-02  1.634104e-01   
   1871  -5.851024e-02 -2.705054e-01   
   1872  -4.840201e-02  2.294794e-01   
   1873  -2.689621e-02 -2.074404e-01   
   1874   1.018625e-02  3.214269e-02   
   1875  -4.885112e-02 -2.537820e-01   
   1876  -6.184377e-02  2.537699e-01   
   1877  -1.767448e-03 -1.320435e-01   
   1878  -8.594296e-02 -3.137425e-01   
   1879   1.261824e-02 -2.863630e-02   
   1880  -1.933914e-01 -4.226851e-01   
   1881  -1.465983e-02  1.545464e-01   
   1882  -6.978484e-02  2.678045e-01   
   1883   1.188580e-02 -4.594131e-02   
   1884   4.326738e-03 -1.062974e-01   
   1885  -1.504351e-03  1.106496e-01   
   1886   1.335068e-02 -1.133128e-02   
   1887  -7.861635e-03 -1.577896e-01   
   1888  -1.931757e-02 -1.919768e-01   
   1889  -6.954605e-02 -2.918276e-01   
   1890   1.115336e-02 -6.324633e-02   
   1891  -4.269848e-02 -2.459562e-01   
   1892   1.408312e-02  5.973731e-03   
   1893   7.021825e-03  7.561666e-02   
   1894   1.091869e-02  4.944770e-02   
   1895  -1.003053e-02  1.456825e-01   
   1896   1.042092e-02 -8.055134e-02   
   1897  -3.737892e-02  2.153397e-01   
   1898  -1.395582e-02 -1.835357e-01   
   1899  -3.712397e-02 -2.389283e-01   
   1900   3.124957e-03  1.017856e-01   
   1901  -5.426819e-02  2.478554e-01   
   1902   3.594299e-03 -1.236024e-01   
   1903   1.481556e-02  2.327875e-02   
   1904  -8.698894e-02  2.979307e-01   
   1905  -2.499888e-03 -1.493485e-01   
   1906  -3.244463e-02  2.073072e-01   
   1907  -6.225455e-02 -2.853394e-01   
   1908  -5.401219e-03  1.368185e-01   
   1909  -2.066597e-01 -4.366444e-01   
   1910  -2.781532e-02  1.984433e-01   
   1911   9.688485e-03 -9.785636e-02   
   1912  -7.925862e-02  2.893408e-01   
   1913  -3.141902e-02 -2.307440e-01   
   1914  -2.318601e-02  1.895793e-01   
   1915   1.165113e-02  6.675272e-02   
   1916   1.724755e-02 -3.750024e-02   
   1917  -8.594074e-03 -1.750946e-01   
   1918  -5.576546e-02 -2.778090e-01   
   1919   1.797999e-02 -2.019523e-02   
   1920   1.554800e-02  4.058376e-02   
   1921  -2.212040e-01 -4.484069e-01   
   1922  -4.648670e-02  2.392730e-01   
   1923   1.651511e-02 -5.480526e-02   
   1924  -7.719115e-04  1.279546e-01   
   1925   7.754265e-03  9.292168e-02   
   1926  -1.855670e-02  1.807154e-01   
   1927  -7.311849e-02  2.827361e-01   
   1928  -3.793014e-02  2.238337e-01   
   1929   1.871243e-02 -2.890214e-03   
   1930  -2.657271e-02 -2.247022e-01   
   1931   2.861859e-03 -1.409075e-01   
   1932   1.578267e-02 -7.211027e-02   
   1933   8.956046e-03 -1.151614e-01   
   1934  -1.392740e-02  1.718514e-01   
   1935  -6.088755e-02  2.662481e-01   
   1936  -4.467720e-02 -2.626687e-01   
   1937  -6.635532e-02  2.754481e-01   
   1938  -1.708754e-02 -2.046043e-01   
   1939   1.944487e-02  1.441480e-02   
   1940  -2.177737e-02 -2.160248e-01   
   1941  -4.884573e-02 -2.706346e-01   
   1942  -3.232327e-03 -1.666535e-01   
   1943   3.857396e-03  1.190906e-01   
   1944  -2.223574e-01  4.286749e-01   
   1945  -9.298087e-03  1.629875e-01   
   1946   1.505023e-02 -8.941529e-02   
   1947   1.628044e-02  5.788877e-02   
   1948   1.238357e-02  8.405773e-02   
   1949  -3.914411e-02 -2.552548e-01   
   1950  -3.894510e-02  2.327141e-01   
   1951   2.017731e-02  3.171982e-02   
   1952  -6.689511e-02 -3.030756e-01   
   1953  -4.668780e-03  1.541235e-01   
   1954   8.223607e-03 -1.324664e-01   
   1955  -2.374680e-01  4.400102e-01   
   1956   8.486704e-03  1.102267e-01   
   1957   2.260930e-02 -2.905917e-02   
   1958  -9.985038e-03 -1.942129e-01   
   1959   2.187686e-02 -4.636419e-02   
   1960   1.431779e-02 -1.067203e-01   
   1961  -5.975580e-02 -2.939885e-01   
   1962   2.129420e-03 -1.582125e-01   
   1963  -5.257428e-02  2.594538e-01   
   1964   2.334174e-02 -1.175416e-02   
   1965  -8.852994e-02  3.122600e-01   
   1966  -3.265670e-02 -2.477693e-01   
   1967   2.114442e-02 -6.366920e-02   
   1968  -3.947201e-05  1.452596e-01   
   1969   1.701288e-02  7.519379e-02   
   1970   2.407418e-02  5.550857e-03   
   1971   2.090975e-02  4.902483e-02   
   1972  -1.027046e-01  3.310886e-01   
   1973  -2.725784e-02 -2.398112e-01   
   1974   2.041198e-02 -8.097422e-02   
   1975  -3.964767e-03 -1.839586e-01   
   1976  -2.245357e-02  2.068843e-01   
   1977  -1.634223e-01  3.916443e-01   
   1978   1.311601e-02  1.013627e-01   
   1979  -1.254158e-01  3.568568e-01   
   1980  -5.268517e-02 -2.872603e-01   
   1981  -2.852014e-02  2.204532e-01   
   1982   1.358535e-02 -1.240253e-01   
   1983  -1.782426e-02  1.980204e-01   
   1984  -7.698502e-02  3.006711e-01   
   1985   4.589836e-03  1.363957e-01   
   1986   2.480662e-02  2.285587e-02   
   1987   7.491167e-03 -1.497714e-01   
   1988  -4.560968e-02  2.541312e-01   
   1989  -1.319496e-02  1.891564e-01   
   1990  -6.954605e-02  2.918276e-01   
   1991  -4.645133e-02 -2.795172e-01   
   1992   1.967954e-02 -9.827923e-02   
   1993   2.164219e-02  6.632984e-02   
   1994   1.396980e-03 -1.755175e-01   
   1995  -8.565648e-03  1.802925e-01   
   1996  -6.361773e-02  2.850064e-01   
   1997  -2.065778e-02 -2.323299e-01   
   1998   9.219143e-03  1.275317e-01   
   1999   2.723861e-02 -3.792312e-02   
   2000  -1.692035e-02 -2.246678e-01   
   2001  -4.049156e-02 -2.716496e-01   
   2002   2.797105e-02 -2.061810e-02   
   2003   2.553906e-02  4.016089e-02   
   2004   1.774532e-02  9.249880e-02   
   2005   2.650617e-02 -5.522813e-02   
   2006  -3.029484e-02  2.302895e-01   
   2007  -3.936340e-03  1.714286e-01   
   2008   2.870348e-02 -3.313088e-03   
   2009  -5.711057e-02  2.774860e-01   
   2010  -3.855570e-02  2.470572e-01   
   2011   1.285291e-02 -1.413303e-01   
   2012  -3.484000e-02 -2.638544e-01   
   2013   1.894710e-02 -1.155842e-01   
   2014   2.577373e-02 -7.253315e-02   
   2015  -1.179905e-02 -2.161036e-01   
   2016  -1.924857e-01 -4.432148e-01   
   2017   2.943592e-02  1.399193e-02   
   2018   6.758728e-03 -1.670764e-01   
   2019  -1.949496e-01  4.218838e-01   
   2020   1.384845e-02  1.186678e-01   
   2021   6.929674e-04  1.625646e-01   
   2022  -5.756951e-02 -3.037069e-01   
   2023  -2.973334e-02 -2.572336e-01   
   2024   2.627150e-02  5.746590e-02   
   2025   2.504129e-02 -8.983816e-02   
   2026  -5.857684e-03 -2.056611e-01   
   2027   2.237463e-02  8.363486e-02   
   2028  -8.036102e-02 -3.372092e-01   
   2029  -3.173621e-02  2.398507e-01   
   2030  -2.438437e-02 -2.489885e-01   
   2031  -4.970375e-02  2.710647e-01   
   2032   5.322275e-03  1.537007e-01   
   2033   3.016836e-02  3.129694e-02   
   2034  -2.065355e-01 -4.553494e-01   
   2035   1.821466e-02 -1.328893e-01   
   2036  -4.989881e-02 -2.958211e-01   
   2037   1.847776e-02  1.098038e-01   
   2038  -1.910815e-02  2.171329e-01   
   2039  -6.479535e-02 -3.187823e-01   
   2040   1.212047e-02 -1.586353e-01   
   2041   3.260035e-02 -2.948205e-02   
   2042   2.430885e-02 -1.071432e-01   
   2043   3.186791e-02 -4.678706e-02   
   2044   2.731546e-04 -1.955406e-01   
   2045   3.333279e-02 -1.217703e-02   
   2046  -9.971410e-02 -3.640153e-01   
   2047  -4.313272e-02  2.636534e-01   
   2048   9.951583e-03  1.448367e-01   
   2049   3.113547e-02 -6.409208e-02   
   2050   2.700393e-02  7.477092e-02   
   2051  -1.246252e-02  2.064615e-01   
   2052  -2.082981e-01  4.358220e-01   
   2053   3.090080e-02  4.860196e-02   
   2054   3.406523e-02  5.127982e-03   
   2055  -4.305696e-02 -2.888603e-01   
   2056  -1.755650e-02 -2.418121e-01   
   2057   6.026288e-03 -1.843814e-01   
   2058  -7.833209e-03  1.975975e-01   
   2059   3.040303e-02 -8.139709e-02   
   2060   2.310707e-02  1.009399e-01   
   2061   1.458089e-02  1.359728e-01   
   2062  -6.573034e-02  3.017953e-01   
   2063  -3.708533e-02 -2.809133e-01   
   2064   2.357641e-02 -1.244482e-01   
   2065  -3.203901e-03  1.887336e-01   
   2066  -2.051679e-02  2.273447e-01   
   2067   1.748222e-02 -1.501943e-01   
   2068   3.479767e-02  2.243300e-02   
   2069  -1.222488e-02 -2.334665e-01   
   2070  -5.975580e-02  2.939885e-01   
   2071  -3.220453e-02 -2.731151e-01   
   2072  -3.598987e-02  2.567121e-01   
   2073  -2.229203e-01  4.475562e-01   
   2074  -5.403426e-02  2.869430e-01   
   2075   1.425407e-03  1.798696e-01   
   2076   2.967060e-02 -9.870211e-02   
   2077   1.138804e-02 -1.759404e-01   
   2078   3.163324e-02  6.590697e-02   
   2079  -6.956222e-03 -2.250938e-01   
   2080   1.921020e-02  1.271088e-01   
   2081  -1.624691e-01 -4.299763e-01   
   2082  -4.779658e-02  2.791924e-01   
   2083   2.773637e-02  9.207593e-02   
   2084   3.722966e-02 -3.834599e-02   
   2085   3.553011e-02  3.973801e-02   
   2086   6.054715e-03  1.710057e-01   
   2087   3.796210e-02 -2.104098e-02   
   2088   3.649722e-02 -5.565101e-02   
   2089  -2.916914e-02  2.494345e-01   
   2090  -2.519275e-02 -2.661143e-01   
   2091   3.869454e-02 -3.735962e-03   
   2092   2.284397e-02 -1.417532e-01   
   2093   2.893816e-02 -1.160071e-01   
   2094  -1.362236e-03 -2.168129e-01   
   2095   3.576478e-02 -7.295602e-02   
   2096   1.068402e-02  1.621417e-01   
   2097   2.383951e-02  1.182449e-01   
   2098  -1.977719e-02 -2.578316e-01   
   2099   1.674978e-02 -1.674993e-01   
   2100   3.942698e-02  1.356905e-02   
   2101   3.626255e-02  5.704303e-02   
   2102  -4.031892e-02  2.731502e-01   
   2103   3.236568e-02  8.321199e-02   
   2104  -1.442719e-02 -2.495197e-01   
   2105   3.503234e-02 -9.026104e-02   
   2106   1.531333e-02  1.532778e-01   
   2107  -4.650251e-02 -3.068669e-01   
   2108   4.156087e-03 -2.085058e-01   
   2109  -2.055093e-02  2.400752e-01   
   2110  -3.998609e-02 -2.973232e-01   
   2111   4.015942e-02  3.087407e-02   
   2112  -1.173008e-02  2.237665e-01   
   2113   2.820572e-02 -1.333121e-01   
   2114   2.846881e-02  1.093809e-01   
   2115  -7.100769e-03  2.149025e-01   
   2116   2.211153e-02 -1.590582e-01   
   2117   1.994264e-02  1.444138e-01   
   2118   3.429990e-02 -1.075660e-01   
   2119  -3.342237e-02  2.659416e-01   
   2120   4.259141e-02 -2.990492e-02   
   2121   1.049934e-02 -1.965841e-01   
   2122   4.185897e-02 -4.720994e-02   
   2123  -2.471461e-03  2.060386e-01   
   2124  -5.756951e-02  3.037069e-01   
   2125   4.332385e-02 -1.259991e-02   
   2126  -3.338065e-02 -2.901378e-01   
   2127  -7.967716e-03 -2.424081e-01   
   2128   4.112653e-02 -6.451495e-02   
   2129   3.699499e-02  7.434804e-02   
   2130   2.157846e-03  1.971746e-01   
   2131   4.089186e-02  4.817908e-02   
   2132  -2.767791e-02 -2.819956e-01   
   2133   4.405629e-02  4.705108e-03   
   2134   1.601734e-02 -1.848043e-01   
   2135   3.309812e-02  1.005170e-01   
   2136  -1.289662e-02  2.323507e-01   
   2137   6.787154e-03  1.883107e-01   
   2138  -2.677756e-03 -2.340132e-01   
   2139   2.457195e-02  1.355499e-01   
   2140   4.039409e-02 -8.181996e-02   
   2141  -2.225694e-02 -2.737476e-01   
   2142  -4.989881e-02  2.958211e-01   
   2143   3.356746e-02 -1.248711e-01   
   2144  -2.636269e-02  2.590058e-01   
   2145   2.747328e-02 -1.506171e-01   
   2146  -1.774959e-01 -4.514927e-01   
   2147  -4.437016e-02  2.885327e-01   
   2148  -1.917622e-01 -4.617654e-01   
   2149  -8.036102e-02  3.372092e-01   
   2150   4.478873e-02  2.201012e-02   
   2151   1.141646e-02  1.794468e-01   
   2152  -3.841616e-02  2.805531e-01   
   2153  -6.479535e-02  3.187823e-01   
   2154   3.966165e-02 -9.912498e-02   
   2155   2.991407e-03 -2.258080e-01   
   2156   2.137909e-02 -1.763632e-01   
   2157   2.920125e-02  1.266860e-01   
   2158   4.162430e-02  6.548410e-02   
   2159  -2.023536e-02  2.515255e-01   
   2160   1.604577e-02  1.705828e-01   
   2161  -1.564181e-02 -2.668221e-01   
   2162  -1.941173e-01  4.424602e-01   
   2163   3.772743e-02  9.165306e-02   
   2164   4.552117e-02  3.931514e-02   
   2165   4.722072e-02 -3.876887e-02   
   2166   4.795316e-02 -2.146385e-02   
   2167   4.648828e-02 -5.607388e-02   
   2168  -1.026864e-02 -2.584873e-01   
   2169   3.283502e-02 -1.421761e-01   
   2170   8.506522e-03 -2.174798e-01   
   2171   4.868559e-02 -4.158836e-03   
   2172   2.067508e-02  1.617189e-01   
   2173  -9.971410e-02  3.640153e-01   
   2174   3.892921e-02 -1.164300e-01   
   2175  -3.715557e-02 -3.068739e-01   
   2176   4.575584e-02 -7.337889e-02   
   2177   3.383056e-02  1.178220e-01   
   2178   2.674084e-02 -1.679222e-01   
   2179  -2.071792e-03  2.215928e-01   
   2180   4.941803e-02  1.314618e-02   
   2181  -2.082447e-01  4.545703e-01   
   2182  -4.491326e-03 -2.503601e-01   
   2183   2.530438e-02  1.528549e-01   
   2184   4.625361e-02  5.662015e-02   
   2185   4.235674e-02  8.278911e-02   
   2186  -3.002871e-02 -2.984933e-01   
   2187   4.502340e-02 -9.068391e-02   
   2188   1.468780e-02 -2.079367e-01   
   2189   2.890286e-03  2.144797e-01   
   2190   5.015047e-02  3.045119e-02   
   2191   3.845987e-02  1.089581e-01   
   2192  -3.038110e-02  2.782695e-01   
   2193   3.819677e-02 -1.337350e-01   
   2194   7.519594e-03  2.056157e-01   
   2195  -5.765847e-02 -3.418236e-01   
   2196   3.210258e-02 -1.594811e-01   
   2197   2.993369e-02  1.439910e-01   
   2198  -2.366706e-02 -2.910912e-01   
   2199  -4.335834e-02 -3.223982e-01   
   2200   1.705596e-03 -2.429151e-01   
   2201   4.429096e-02 -1.079889e-01   
   2202  -1.823958e-02 -2.827630e-01   
   2203   5.258246e-02 -3.032780e-02   
   2204   1.214890e-02  1.967518e-01   
   2205   5.185002e-02 -4.763281e-02   
   2206  -2.248776e-02  2.678786e-01   
   2207   5.331490e-02 -1.302278e-02   
   2208  -7.401284e-03  2.406969e-01   
   2209   4.698604e-02  7.392517e-02   
   2210  -1.177927e-02  2.495610e-01   
   2211   5.111758e-02 -6.493782e-02   
   2212  -2.670434e-03  2.318948e-01   
   2213  -1.651065e-02  2.583323e-01   
   2214   2.600840e-02 -1.852272e-01   
   2215   1.677821e-02  1.878878e-01   
   2216   5.088291e-02  4.775621e-02   
   2217  -3.998609e-02  2.973232e-01   
   2218  -1.233784e-02 -2.747303e-01   
   2219  -4.650251e-02  3.068669e-01   
   2220   7.283341e-03 -2.346385e-01   
   2221   5.404734e-02  4.282234e-03   
   2222   3.456300e-02  1.351270e-01   
   2223   2.239903e-02 -1.970577e-01   
   2224  -1.639857e-01  4.292993e-01   
   2225  -3.462380e-02  2.897586e-01   
   2226   4.308918e-02  1.000941e-01   
   2227   5.038514e-02 -8.224284e-02   
   2228   2.140752e-02  1.790239e-01   
   2229   3.746433e-02 -1.510400e-01   
   2230   4.355852e-02 -1.252939e-01   
   2231   5.477978e-02  2.158725e-02   
   2232  -6.591665e-03 -2.680328e-01   
   2233   1.292636e-02 -2.264375e-01   
   2234  -1.638584e-01 -4.548480e-01   
   2235   3.137015e-02 -1.767861e-01   
   2236   3.919231e-02  1.262631e-01   
   2237   2.603682e-02  1.701599e-01   
   2238   4.965270e-02 -9.954785e-02   
   2239   5.161535e-02  6.506122e-02   
   2240   4.771848e-02  9.123018e-02   
   2241  -1.118829e-01 -4.118807e-01   
   2242  -3.173547e-04 -2.592338e-01   
   2243   5.551222e-02  3.889226e-02   
   2244   5.721177e-02 -3.919174e-02   
   2245   5.794421e-02 -2.188672e-02   
   2246   3.066613e-02  1.612960e-01   
   2247   1.848276e-02 -2.181266e-01   
   2248   5.647933e-02 -5.649675e-02   
   2249   4.282608e-02 -1.425990e-01   
   2250   7.147711e-03  2.226473e-01   
   2251   5.867665e-02 -4.581710e-03   
   2252   4.382162e-02  1.173991e-01   
   2253   4.892027e-02 -1.168529e-01   
   2254  -1.769040e-01 -4.676590e-01   
   2255   3.673189e-02 -1.683450e-01   
   2256   5.574689e-02 -7.380177e-02   
   2257  -2.003779e-02 -2.993301e-01   
   2258   5.263315e-03 -2.521780e-01   
   2259  -2.590221e-02 -3.092876e-01   
   2260   3.529544e-02  1.524320e-01   
   2261   5.940909e-02  1.272330e-02   
   2262   5.234779e-02  8.236624e-02   
   2263   1.288134e-02  2.140568e-01   
   2264   5.624466e-02  5.619728e-02   
   2265   5.501445e-02 -9.110678e-02   
   2266  -1.392704e-02 -2.917194e-01   
   2267   1.751065e-02  2.051928e-01   
   2268  -8.780876e-03 -2.832146e-01   
   2269   4.845092e-02  1.085352e-01   
   2270   2.555654e-02 -2.095733e-01   
   2271   6.014153e-02  3.002832e-02   
   2272   4.818783e-02 -1.341579e-01   
   2273   3.992475e-02  1.435681e-01   
   2274  -2.251910e-03  2.491362e-01   
   2275   2.213996e-02  1.963289e-01   
   2276   4.209364e-02 -1.599040e-01   
   2277   1.156890e-02 -2.444414e-01   
   2278  -4.388905e-03 -2.767406e-01   
   2279   3.206053e-02 -1.930808e-01   
   2280  -6.649864e-03  2.581056e-01   
   2281  -1.097720e-02  2.664973e-01   
   2282   5.428201e-02 -1.084118e-01   
   2283  -1.791247e-01  4.508114e-01   
   2284   6.257352e-02 -3.075067e-02   
   2285   6.184108e-02 -4.805568e-02   
   2286  -3.002871e-02  2.984933e-01   
   2287   2.676926e-02  1.874649e-01   
   2288  -2.479061e-02  2.906064e-01   
   2289   6.330596e-02 -1.344565e-02   
   2290  -1.934614e-01  4.610561e-01   
   2291   5.697710e-02  7.350229e-02   
   2292   3.599945e-02 -1.856501e-01   
   2293   6.110864e-02 -6.536070e-02   
   2294  -3.499614e-02  3.071276e-01   
   2295  -1.683634e-02  2.790380e-01   
   2296   4.455406e-02  1.347042e-01   
   2297   6.087397e-02  4.733333e-02   
   2298   1.733600e-02 -2.363200e-01   
   2299   5.308023e-02  9.967125e-02   
   2300   4.735969e-03  2.406003e-01   
   2301   6.403840e-02  3.859360e-03   
   2302   3.139857e-02  1.786010e-01   
   2303  -1.383857e-01 -4.448746e-01   
   2304   6.037620e-02 -8.266571e-02   
   2305   4.745539e-02 -1.514629e-01   
   2306   5.354957e-02 -1.257168e-01   
   2307   6.477084e-02  2.116437e-02   
   2308   3.602788e-02  1.697371e-01   
   2309   4.918336e-02  1.258402e-01   
   2310   4.136120e-02 -1.772090e-01   
   2311   2.321848e-02 -2.282362e-01   
   2312   5.964376e-02 -9.997073e-02   
   2313   6.160641e-02  6.463835e-02   
   2314   3.404555e-03 -2.721829e-01   
   2315   5.770954e-02  9.080731e-02   
   2316   9.265443e-03 -2.610782e-01   
   2317   4.065719e-02  1.608731e-01   
   2318   2.845117e-02 -2.188559e-01   
   2319   6.550328e-02  3.846939e-02   
   2320   6.720283e-02 -3.961461e-02   
   2321   3.484092e-02 -2.027890e-01   
   2322   6.793526e-02 -2.230960e-02   
   2323   1.361378e-02  2.313618e-01   
   2324   5.281713e-02 -1.430218e-01   
   2325   6.647039e-02 -5.691963e-02   
   2326  -1.002449e-02 -2.998325e-01   
   2327   5.381267e-02  1.169763e-01   
   2328   1.824309e-02  2.224979e-01   
   2329   6.866770e-02 -5.004584e-03   
   2330   5.891132e-02 -1.172757e-01   
   2331   4.672295e-02 -1.687679e-01   
   2332   1.516285e-02 -2.530764e-01   
   2333  -1.555291e-02 -3.099805e-01   
   2334  -1.494422e-01 -4.599195e-01   
   2335   6.573795e-02 -7.422464e-02   
   2336   4.528649e-02  1.520092e-01   
   2337   2.287240e-02  2.136339e-01   
   2338  -4.171464e-03 -2.920219e-01   
   2339   6.876367e-04 -2.833498e-01   
   2340   6.940014e-02  1.230043e-02   
   2341   6.233885e-02  8.194336e-02   
   2342   2.750170e-02  2.047700e-01   
   2343   6.623571e-02  5.577440e-02   
   2344   6.500551e-02 -9.152966e-02   
   2345   3.286761e-03  2.574498e-01   
   2346   4.062876e-02 -1.945140e-01   
   2347   3.426097e-02 -2.124158e-01   
   2348  -2.663535e-02  3.077197e-01   
   2349   5.844198e-02  1.081123e-01   
   2350   3.213101e-02  1.959060e-01   
   2351  -9.931727e-04  2.663012e-01   
   2352   4.991580e-02  1.431452e-01   
   2353  -5.773724e-03  2.750204e-01   
   2354   2.136126e-02 -2.454312e-01   
   2355   5.817888e-02 -1.345808e-01   
   2356   7.013258e-02  2.960545e-02   
   2357  -5.285152e-02  3.446593e-01   
   2358   5.208469e-02 -1.603268e-01   
   2359  -1.486762e-02  2.910817e-01   
   2360  -2.003779e-02  2.993301e-01   
   2361   9.179207e-03  2.490733e-01   
   2362  -1.619799e-01 -4.730354e-01   
   2363   3.676032e-02  1.870421e-01   
   2364  -3.469841e-02 -3.449115e-01   
   2365   6.427307e-02 -1.088347e-01   
   2366   7.256457e-02 -3.117354e-02   
   2367   7.183213e-02 -4.847856e-02   
   2368  -1.132301e-01  4.113326e-01   
   2369   4.599051e-02 -1.860729e-01   
   2370   6.696815e-02  7.307942e-02   
   2371   7.329701e-02 -1.386853e-02   
   2372   5.454511e-02  1.342813e-01   
   2373  -8.576360e-03  2.839124e-01   
   2374  -1.654685e-01  4.542236e-01   
   2375   2.727026e-02 -2.373759e-01   
   2376   7.109969e-02 -6.578357e-02   
   2377   4.138963e-02  1.781781e-01   
   2378   7.086502e-02  4.691046e-02   
   2379   6.307129e-02  9.924838e-02   
   2380   7.402945e-02  3.436486e-03   
   2381   7.036725e-02 -8.308859e-02   
   2382   5.744644e-02 -1.518858e-01   
   2383   3.281888e-02 -2.278515e-01   
   2384   6.354063e-02 -1.261397e-01   
   2385   4.601893e-02  1.693142e-01   
   2386  -3.256120e-02  3.236670e-01   
   2387  -1.700569e-02 -3.243819e-01   
   2388   7.476189e-02  2.074150e-02   
   2389   5.917442e-02  1.254173e-01   
   2390   5.135225e-02 -1.776319e-01   
   2391   1.794645e-02  2.414387e-01   
   2392   6.963481e-02 -1.003936e-01   
   2393   1.918557e-02 -2.622154e-01   
   2394  -1.785903e-01  4.670177e-01   
   2395   7.159746e-02  6.421547e-02   
   2396   6.770059e-02  9.038443e-02   
   2397   5.064824e-02  1.604502e-01   
   2398   2.360483e-02  2.309389e-01   
   2399   3.842526e-02 -2.195710e-01   
   2400  -3.476578e-10 -3.000000e-01   
   2401   4.515914e-02 -2.014994e-01   
   2402   2.823414e-02  2.220750e-01   
   2403  -5.030590e-02 -3.740580e-01   
   2404   7.549433e-02  3.804652e-02   
   2405   1.442862e-02 -2.742716e-01   
   2406   7.719388e-02 -4.003749e-02   
   2407   1.015538e-02 -2.831686e-01   
   2408  -5.186234e-03 -3.103270e-01   
   2409   7.792632e-02 -2.273247e-02   
   2410   6.280819e-02 -1.434447e-01   
   2411   5.588771e-03 -2.919982e-01   
   2412   6.380373e-02  1.165534e-01   
   2413   7.646144e-02 -5.734250e-02   
   2414   3.286345e-02  2.132110e-01   
   2415   5.671400e-02 -1.691908e-01   
   2416   7.865876e-02 -5.427458e-03   
   2417   6.890238e-02 -1.176986e-01   
   2418   5.527755e-02  1.515863e-01   
   2419   8.307772e-03  2.659029e-01   
   2420   7.572900e-02 -7.464752e-02   
   2421   3.749276e-02  2.043471e-01   
   2422   4.403096e-02 -2.112900e-01   
   2423   3.998298e-03  2.749014e-01   
   2424   7.232990e-02  8.152049e-02   
   2425   7.939120e-02  1.187756e-02   
   2426   1.382939e-02  2.573046e-01   
   2427   7.622677e-02  5.535153e-02   
   2428  -1.003424e-04  2.829777e-01   
   2429   4.212207e-02  1.954831e-01   
   2430   5.061982e-02 -1.949369e-01   
   2431  -4.867535e-03  2.912572e-01   
   2432  -1.002449e-02  2.998325e-01   
   2433   7.499656e-02 -9.195253e-02   
   2434   5.990686e-02  1.427224e-01   
   2435   6.843303e-02  1.076894e-01   
   2436   2.694949e-02 -2.560587e-01   
   2437  -1.399041e-01  4.443141e-01   
   2438   3.124062e-02 -2.469153e-01   
   2439   1.866932e-02  2.503404e-01   
   2440   6.816994e-02 -1.350036e-01   
   2441  -1.555291e-02  3.099805e-01   
   2442   6.207575e-02 -1.607497e-01   
   2443   8.012364e-02  2.918257e-02   
   2444   4.675137e-02  1.866192e-01   
   2445  -1.349815e-01 -4.645011e-01   
   2446   3.552773e-02 -2.391953e-01   
   2447   7.426412e-02 -1.092575e-01   
   2448   5.598156e-02 -1.864958e-01   
   2449   8.255563e-02 -3.159642e-02   
   2450   6.453616e-02  1.338584e-01   
   2451   5.138068e-02  1.777553e-01   
   2452   8.182319e-02 -4.890143e-02   
   2453   7.695921e-02  7.265654e-02   
   2454   8.328807e-02 -1.429140e-02   
   2455   7.306234e-02  9.882550e-02   
   2456   8.109075e-02 -6.620645e-02   
   2457   8.085608e-02  4.648759e-02   
   2458   8.402051e-02  3.013612e-03   
   2459   4.279393e-02 -2.285663e-01   
   2460   5.600999e-02  1.688913e-01   
   2461   6.743750e-02 -1.523086e-01   
   2462   8.035831e-02 -8.351146e-02   
   2463  -1.470087e-01 -4.779000e-01   
   2464   7.353168e-02 -1.265626e-01   
   2465   6.916547e-02  1.249945e-01   
   2466   2.896658e-02  2.393800e-01   
   2467   6.134331e-02 -1.780547e-01   
   2468   8.475295e-02  2.031863e-02   
   2469   1.002449e-02 -2.998325e-01   
   2470   2.786960e-02 -2.657154e-01   
   2471   1.961178e-02 -2.826712e-01   
   2472  -1.510378e-01  4.593574e-01   
   2473   6.063930e-02  1.600274e-01   
   2474   2.439021e-02 -2.739235e-01   
   2475   8.158852e-02  6.379260e-02   
   2476   7.962587e-02 -1.008165e-01   
   2477   1.534276e-02 -2.916484e-01   
   2478   7.769165e-02  8.996156e-02   
   2479   3.822520e-02  2.216521e-01   
   2480   5.433805e-02 -2.035384e-01   
   2481   5.186233e-03 -3.103270e-01   
   2482  -1.076801e-01 -4.481219e-01   
   2483   2.695792e-02  2.477606e-01   
   2484   4.275021e-02  2.133566e-01   
   2485   8.548539e-02  3.762364e-02   
   2486   7.379478e-02  1.161305e-01   
   2487   7.279924e-02 -1.438676e-01   
   2488   8.718494e-02 -4.046036e-02   
   2489   1.388015e-02  2.741789e-01   
   2490   8.791737e-02 -2.315535e-02   
   2491   6.526860e-02  1.511634e-01   
   2492   8.645250e-02 -5.776538e-02   
   2493   6.670506e-02 -1.696137e-01   
   2494   3.577128e-02  2.314878e-01   
   2495   4.748381e-02  2.039242e-01   
   2496   1.915476e-02  2.657100e-01   
   2497   7.889343e-02 -1.181215e-01   
   2498   2.377700e-02  2.570684e-01   
   2499   8.864981e-02 -5.850333e-03   
   2500  -6.252217e-03  3.090518e-01   
   2501   9.828663e-03  2.829126e-01   
   2502   5.132825e-03  2.914159e-01   
   2503   8.572006e-02 -7.507039e-02   
   2504   0.000000e+00  3.000000e-01   
   2505  -1.636508e-01  4.724600e-01   
   2506   5.211312e-02  1.950603e-01   
   2507   5.068522e-02 -2.220963e-01   
   2508   8.232096e-02  8.109761e-02   
   2509   8.938225e-02  1.145468e-02   
   2510   6.061087e-02 -1.953597e-01   
   2511   8.621782e-02  5.492866e-02   
   2512   6.989791e-02  1.422995e-01   
   2513   7.842409e-02  1.072666e-01   
   2514   8.498762e-02 -9.237541e-02   
   2515   5.674243e-02  1.861963e-01   
   2516   4.226363e-02 -2.465839e-01   
   2517   4.558532e-02 -2.387708e-01   
   2518   7.816099e-02 -1.354265e-01   
   2519   7.206680e-02 -1.611726e-01   
   2520   9.011469e-02  2.875970e-02   
   2521   3.928305e-02 -2.559493e-01   
   2522   6.137174e-02  1.773324e-01   
   2523   8.425518e-02 -1.096804e-01   
   2524   3.610702e-02 -2.636840e-01   
   2525   6.597262e-02 -1.869187e-01   
   2526   7.452722e-02  1.334355e-01   
   2527   9.254668e-02 -3.201929e-02   
   2528   8.695026e-02  7.223367e-02   
   2529   9.181424e-02 -4.932431e-02   
   2530   3.271572e-02 -2.726954e-01   
   2531   9.327912e-02 -1.471428e-02   
   2532   8.305340e-02  9.840263e-02   
   2533   9.108180e-02 -6.662932e-02   
   2534   9.084713e-02  4.606471e-02   
   2535  -1.086992e-02  3.251191e-01   
   2536   6.600104e-02  1.684684e-01   
   2537   2.904628e-02 -2.818580e-01   
   2538   9.401156e-02  2.590738e-03   
   2539   2.003779e-02 -2.993301e-01   
   2540   7.742855e-02 -1.527315e-01   
   2541   3.724910e-02  2.435188e-01   
   2542   9.034936e-02 -8.393434e-02   
   2543   2.507962e-02 -2.909729e-01   
   2544   8.352274e-02 -1.269854e-01   
   2545   7.915653e-02  1.245716e-01   
   2546   7.133436e-02 -1.784776e-01   
   2547   9.474400e-02  1.989575e-02   
   2548   1.555291e-02 -3.099805e-01   
   2549   7.063035e-02  1.596045e-01   
   2550   6.036736e-02 -2.139205e-01   
   2551   7.007228e-03 -3.247444e-01   
   2552  -2.315383e-02  3.458783e-01   
   2553   1.823958e-02  2.827630e-01   
   2554  -1.195321e-01 -4.706439e-01   
   2555   9.157957e-02  6.336973e-02   
   2556   8.768270e-02  8.953869e-02   
   2557   4.759046e-02  2.246401e-01   
   2558   8.961692e-02 -1.012394e-01   
   2559   5.284556e-02  2.123653e-01   
   2560   2.832917e-02  2.657472e-01   
   2561   1.392704e-02  2.917194e-01   
   2562   2.378143e-02  2.745496e-01   
   2563   6.524018e-02 -2.042237e-01   
   2564   9.547644e-02  3.720077e-02   
   2565   8.378584e-02  1.157076e-01   
   2566  -1.320083e-01 -4.822591e-01   
   2567   5.747487e-02  2.035013e-01   
   2568   1.002449e-02  2.998325e-01   
   2569   8.279030e-02 -1.442904e-01   
   2570   7.525966e-02  1.507405e-01   
   2571   3.513904e-02  2.548174e-01   
   2572   9.717599e-02 -4.088324e-02   
   2573   9.790843e-02 -2.357822e-02   
   2574   7.669611e-02 -1.700365e-01   
   2575   9.644355e-02 -5.818825e-02   
   2576   8.888448e-02 -1.185444e-01   
   2577  -1.365603e-01  4.639993e-01   
   2578   5.533393e-02 -2.350428e-01   
   2579   9.864087e-02 -6.273207e-03   
   2580  -5.211650e-03 -3.486491e-01   
   2581   6.210418e-02  1.946374e-01   
   2582   5.186234e-03  3.103270e-01   
   2583   9.571111e-02 -7.549327e-02   
   2584   5.200737e-02 -2.444657e-01   
   2585   9.231201e-02  8.067474e-02   
   2586   9.937331e-02  1.103181e-02   
   2587   7.988897e-02  1.418766e-01   
   2588   9.620888e-02  5.450578e-02   
   2589   6.673348e-02  1.857735e-01   
   2590   4.904344e-02 -2.538957e-01   
   2591   8.841514e-02  1.068437e-01   
   2592   4.109547e-02 -2.719194e-01   
   2593   9.497867e-02 -9.279828e-02   
   2594  -2.384905e-02 -3.775012e-01   
   2595   6.165101e-02 -2.248652e-01   
   2596   4.652863e-02  2.382099e-01   
   2597   8.205786e-02 -1.615955e-01   
   2598   8.815205e-02 -1.358494e-01   
   2599   4.600854e-02 -2.633148e-01   
   2600   1.001057e-01  2.833682e-02   
   2601   7.136279e-02  1.769095e-01   
   2602   3.844834e-02 -2.807300e-01   
   2603   7.265899e-02 -1.974953e-01   
   2604   8.451827e-02  1.330127e-01   
   2605  -1.486617e-01  4.773884e-01   
   2606   7.596367e-02 -1.873415e-01   
   2607  -3.927269e-02  3.762095e-01   
   2608   9.424623e-02 -1.101033e-01   
   2609   3.002871e-02 -2.984933e-01   
   2610   9.694132e-02  7.181080e-02   
   2611  -6.102460e-02 -4.247065e-01   
   2612   1.025377e-01 -3.244217e-02   
   2613   3.478847e-02 -2.899723e-01   
   2614   1.018053e-01 -4.974718e-02   
   2615   9.304445e-02  9.797976e-02   
   2616  -1.091423e-01  4.476722e-01   
   2617   1.032702e-01 -1.513715e-02   
   2618   7.599210e-02  1.680456e-01   
   2619   1.008382e-01  4.564184e-02   
   2620   1.010729e-01 -6.705220e-02   
   2621   2.767792e-02  2.819956e-01   
   2622   4.519660e-02  2.480624e-01   
   2623   1.040026e-01  2.167864e-03   
   2624   2.663535e-02 -3.077197e-01   
   2625   8.741961e-02 -1.531544e-01   
   2626   8.914758e-02  1.241487e-01   
   2627   9.351379e-02 -1.274083e-01   
   2628   1.003404e-01 -8.435721e-02   
   2629   2.366706e-02  2.910912e-01   
   2630   3.340283e-02  2.742573e-01   
   2631   8.062141e-02  1.591816e-01   
   2632   3.830458e-02  2.655674e-01   
   2633   1.047351e-01  1.947288e-02   
   2634   6.283662e-02  2.119424e-01   
   2635   2.003779e-02  2.993301e-01   
   2636   9.767376e-02  8.911581e-02   
   2637   7.277211e-02 -2.097727e-01   
   2638   1.015706e-01  6.294685e-02   
   2639  -1.059945e-01 -4.722182e-01   
   2640   8.227881e-02 -1.804687e-01   
   2641   9.960798e-02 -1.016622e-01   
   2642   5.953904e-02  2.226892e-01   
   2643   4.406015e-02  2.567296e-01   
   2644   6.746592e-02  2.030785e-01   
   2645   9.377689e-02  1.152848e-01   
   2646   8.525071e-02  1.503177e-01   
   2647   1.054675e-01  3.677789e-02   
   2648   6.181224e-02 -2.426512e-01   
   2649   9.278135e-02 -1.447133e-01   
   2650   1.555291e-02  3.099805e-01   
   2651   8.668717e-02 -1.704594e-01   
   2652   1.071670e-01 -4.130611e-02   
   2653   5.583353e-02  2.345864e-01   
   2654   5.838736e-02 -2.520159e-01   
   2655   7.209523e-02  1.942145e-01   
   2656   1.078995e-01 -2.400110e-02   
   2657   1.064346e-01 -5.861112e-02   
   2658   7.109281e-02 -2.210987e-01   
   2659   9.887554e-02 -1.189672e-01   
   2660   5.085670e-02 -2.699013e-01   
   2661   1.086319e-01 -6.696081e-03   
   2662   5.540713e-02 -2.614742e-01   
   2663   1.057022e-01 -7.591614e-02   
   2664   1.023031e-01  8.025187e-02   
   2665   8.988002e-02  1.414537e-01   
   2666   7.672454e-02  1.853506e-01   
   2667   4.780745e-02 -2.792885e-01   
   2668   1.061999e-01  5.408291e-02   
   2669   1.093644e-01  1.060893e-02   
   2670  -1.169962e-01 -4.861192e-01   
   2671   9.840620e-02  1.064208e-01   
   2672   8.257356e-02 -1.921888e-01   
   2673   1.049697e-01 -9.322115e-02   
   2674   5.426956e-02  2.444487e-01   
   2675   9.204891e-02 -1.620183e-01   
   2676   4.445846e-02 -2.886480e-01   
   2677   3.998609e-02 -2.973232e-01   
   2678   9.814310e-02 -1.362723e-01   
   2679   6.941460e-02 -2.331268e-01   
   2680   8.135385e-02  1.764866e-01   
   2681   3.499614e-02 -3.071276e-01   
   2682   1.100968e-01  2.791395e-02   
   2683   9.450933e-02  1.325898e-01   
   2684   1.086992e-02  3.251191e-01   
   2685   1.042373e-01 -1.105262e-01   
   2686   3.679394e-02  2.829537e-01   
   2687  -8.264857e-02 -4.595912e-01   
   2688   1.069324e-01  7.138792e-02   
   2689   8.598315e-02  1.676227e-01   
   2690   3.338065e-02  2.901378e-01   
   2691   1.030355e-01  9.755688e-02   
   2692   1.125288e-01 -3.286504e-02   
   2693  -1.210966e-01  4.702081e-01   
   2694   1.117964e-01 -5.017005e-02   
   2695   1.132612e-01 -1.556003e-02   
   2696   1.108292e-01  4.521896e-02   
   2697   5.335506e-02  2.534305e-01   
   2698   1.110639e-01 -6.747507e-02   
   2699   9.741066e-02 -1.535773e-01   
   2700   3.002871e-02  2.984933e-01   
   2701   1.139937e-01  1.744990e-03   
   2702   9.913864e-02  1.237258e-01   
   2703   9.138592e-02 -1.778055e-01   
   2704  -1.336410e-01  4.818092e-01   
   2705   1.035048e-01 -1.278312e-01   
   2706   9.061246e-02  1.587587e-01   
   2707   1.103315e-01 -8.478008e-02   
   2708   7.282767e-02  2.115195e-01   
   2709   8.359037e-02 -2.048869e-01   
   2710  -2.035033e-10  3.466524e-01   
   2711   1.147261e-01  1.905000e-02   
   2712   1.076648e-01  8.869294e-02   
   2713   1.115617e-01  6.252398e-02   
   2714   2.688064e-02  3.079441e-01   
   2715   1.095990e-01 -1.020851e-01   
   2716   5.187014e-02  2.627531e-01   
   2717   7.190035e-02 -2.419386e-01   
   2718   6.068302e-02 -2.682285e-01   
   2719   6.649015e-02  2.320113e-01   
   2720   8.175203e-02  1.930984e-01   
   2721   9.524177e-02  1.498948e-01   
   2722   9.131089e-02 -1.869716e-01   
   2723   1.037679e-01  1.148619e-01   
   2724   6.487002e-02 -2.595203e-01   
   2725   6.868886e-02 -2.506870e-01   
   2726   8.171935e-02 -2.171427e-01   
   2727   7.182820e-02  2.208587e-01   
   2728   3.256120e-02 -3.236670e-01   
   2729   1.154585e-01  3.635502e-02   
   2730   5.711317e-02 -2.775350e-01   
   2731   4.838176e-02  2.719716e-01   
   2732   1.027724e-01 -1.451362e-01   
   2733   9.667822e-02 -1.708823e-01   
   2734  -6.231276e-02  4.243465e-01   
   2735   1.171581e-01 -4.172898e-02   
   2736   1.178905e-01 -2.442397e-02   
   2737  -9.150099e-02 -4.753670e-01   
   2738   6.383892e-02  2.416461e-01   
   2739   1.164257e-01 -5.903400e-02   
   2740   1.088666e-01 -1.193901e-01   
   2741   4.501435e-02  2.805187e-01   
   2742   1.186230e-01 -7.118955e-03   
   2743   5.407880e-02 -2.870012e-01   
   2744   9.987108e-02  1.410309e-01   
   2745   4.989881e-02 -2.958211e-01   
   2746   1.122941e-01  7.982899e-02   
   2747   1.156932e-01 -7.633901e-02   
   2748   8.063244e-02 -2.277643e-01   
   2749   1.161910e-01  5.366003e-02   
   2750   1.083973e-01  1.059980e-01   
   2751   1.193554e-01  1.018606e-02   
   2752   9.135253e-02 -1.969661e-01   
   2753   6.154991e-02  2.512623e-01   
   2754   8.188111e-02  2.030180e-01   
   2755   9.134490e-02  1.760638e-01   
   2756   1.149608e-01 -9.364403e-02   
   2757   4.305696e-02  2.888603e-01   
   2758   1.020400e-01 -1.624412e-01   
   2759   2.315383e-02 -3.458783e-01   
   2760   1.081342e-01 -1.366951e-01   
   2761   4.650251e-02 -3.068669e-01   
   2762   1.200879e-01  2.749107e-02   
   2763   1.045004e-01  1.321669e-01   
   2764  -1.019893e-01 -4.894877e-01   
   2765   5.914857e-02  2.608838e-01   
   2766   3.998609e-02  2.973232e-01   
   2767   7.963151e-02 -2.376525e-01   
   2768   9.597421e-02  1.671998e-01   
   2769   1.142283e-01 -1.109490e-01   
   2770   1.169234e-01  7.096505e-02   
   2771   1.130266e-01  9.713401e-02   
   2772  -1.075331e-01  4.718310e-01   
   2773   1.225198e-01 -3.328791e-02   
   2774   1.217874e-01 -5.059293e-02   
   2775   9.032884e-02  1.879698e-01   
   2776   1.232523e-01 -1.598290e-02   
   2777   1.208203e-01  4.479609e-02   
   2778   1.210550e-01 -6.789794e-02   
   2779   1.074017e-01 -1.540001e-01   
   2780   9.306322e-02 -2.052084e-01   
   2781   1.091297e-01  1.233030e-01   
   2782   6.888064e-02 -2.680673e-01   
   2783   1.239847e-01  1.322115e-03   
   2784   1.006035e-01  1.583359e-01   
   2785   3.622259e-02  3.082494e-01   
   2786   8.221389e-02  2.141769e-01   
   2787   9.055798e-02 -2.145441e-01   
   2788   1.134959e-01 -1.282541e-01   
   2789   1.009279e-01 -1.818137e-01   
   2790   7.617033e-02  2.295097e-01   
   2791   7.835997e-02 -2.474462e-01   
   2792   1.203225e-01 -8.520296e-02   
   2793   6.635511e-02 -2.754716e-01   
   2794   5.770725e-02  2.706952e-01   
   2795   1.247172e-01  1.862713e-02   
   2796   1.176559e-01  8.827006e-02   
   2797   1.215527e-01  6.210110e-02   
   2798   7.349076e-02  2.391421e-01   
   2799   1.195901e-01 -1.025080e-01   
   2800   1.052328e-01  1.494719e-01   
   2801   6.363873e-02 -2.850339e-01   
   2802   9.997806e-02 -1.919489e-01   
   2803   1.137590e-01  1.144390e-01   
   2804   9.049337e-02  1.979414e-01   
   2805   5.576546e-02  2.778090e-01   
   2806  -1.186065e-01  4.857288e-01   
   2807   5.975580e-02 -2.939885e-01   
   2808   8.982031e-02 -2.244933e-01   
   2809   1.127635e-01 -1.455591e-01   
   2810   1.254496e-01  3.593214e-02   
   2811   7.073734e-02  2.487258e-01   
   2812   1.271492e-01 -4.215186e-02   
   2813   1.278816e-01 -2.484684e-02   
   2814   1.264167e-01 -5.945687e-02   
   2815   1.188576e-01 -1.198130e-01   
   2816  -8.409384e-02  4.592473e-01   
   2817   5.268517e-02  2.872603e-01   
   2818   7.686654e-02 -2.606223e-01   
   2819   1.098621e-01  1.406080e-01   
   2820   8.271971e-02  2.241616e-01   
   2821   1.286140e-01 -7.541829e-03   
   2822   1.222852e-01  7.940612e-02   
   2823   8.860551e-02 -2.333809e-01   
   2824   1.256842e-01 -7.676190e-02   
   2825   3.256120e-02  3.236670e-01   
   2826   6.847561e-02  2.583598e-01   
   2827   1.183883e-01  1.055751e-01   
   2828   5.673049e-02 -3.051416e-01   
   2829   9.993614e-02 -2.019274e-01   
   2830   1.261820e-01  5.323716e-02   
   2831   1.198160e-02 -3.780837e-01   
   2832   1.082741e-01 -1.744054e-01   
   2833   1.293465e-01  9.763186e-03   
   2834   9.894182e-02  1.829021e-01   
   2835  -7.702829e-02 -4.780520e-01   
   2836   1.013360e-01  1.756409e-01   
   2837   4.989881e-02  2.958211e-01   
   2838   9.058858e-02  2.079296e-01   
   2839   1.249518e-01 -9.406690e-02   
   2840   1.181252e-01 -1.371180e-01   
   2841   1.144914e-01  1.317440e-01   
   2842   1.126504e-01 -1.635613e-01   
   2843   1.300789e-01  2.706820e-02   
   2844   8.729996e-02 -2.432498e-01   
   2845   6.681305e-02  2.667677e-01   
   2846   1.055903e-01  1.677655e-01   
   2847   1.242194e-01 -1.113719e-01   
   2848   7.552293e-02 -2.731005e-01   
   2849   1.269145e-01  7.054217e-02   
   2850   1.230176e-01  9.671113e-02   
   2851   4.738901e-02  3.054610e-01   
   2852   1.006252e-01 -2.104246e-01   
   2853  -5.266294e-02 -4.590819e-01   
   2854   1.325109e-01 -3.371079e-02   
   2855   9.900062e-02  1.928952e-01   
   2856   1.317785e-01 -5.101580e-02   
   2857   8.347846e-02  2.344664e-01   
   2858   1.332433e-01 -1.640577e-02   
   2859   1.308114e-01  4.437322e-02   
   2860   1.191207e-01  1.228801e-01   
   2861   1.310460e-01 -6.832085e-02   
   2862   2.315383e-02  3.458783e-01   
   2863   1.105946e-01  1.579130e-01   
   2864   1.173928e-01 -1.544230e-01   
   2865  -8.700390e-02 -4.923721e-01   
   2866   6.501730e-02  2.757904e-01   
   2867   7.312760e-02 -2.827482e-01   
   2868   9.875907e-02 -2.202250e-01   
   2869   1.339758e-01  8.992413e-04   
   2870   1.093194e-01 -1.872403e-01   
   2871   8.649180e-02 -2.531718e-01   
   2872   1.234870e-01 -1.286769e-01   
   2873   9.110999e-02  2.187387e-01   
   2874  -9.301649e-02  4.750339e-01   
   2875   1.303136e-01 -8.562583e-02   
   2876   6.954604e-02 -2.918276e-01   
   2877   8.037488e-02  2.461566e-01   
   2878   1.347082e-01  1.820426e-02   
   2879   1.276469e-01  8.784719e-02   
   2880   1.315438e-01  6.167823e-02   
   2881   1.152239e-01  1.490491e-01   
   2882   6.225455e-02  2.853394e-01   
   2883   1.295811e-01 -1.029308e-01   
   2884   1.237501e-01  1.140161e-01   
   2885   9.917180e-02  2.028870e-01   
   2886   1.087264e-01 -1.972160e-01   
   2887   7.769417e-02  2.557637e-01   
   2888   9.816948e-02 -2.298235e-01   
   2889   1.227545e-01 -1.459819e-01   
   2890   1.354407e-01  3.550927e-02   
   2891   1.084641e-01  1.775713e-01   
   2892   6.689511e-02 -3.030756e-01   
   2893   5.975580e-02  2.939885e-01   
   2894   1.371402e-01 -4.257473e-02   
   2895   1.378726e-01 -2.526972e-02   
   2896   1.176596e-01 -1.718919e-01   
   2897   1.198532e-01  1.401851e-01   
   2898   1.288487e-01 -1.202359e-01   
   2899   1.364078e-01 -5.987975e-02   
   2900   9.640246e-02 -2.395702e-01   
   2901   9.162663e-02  2.286861e-01   
   2902   1.386051e-01 -7.964703e-03   
   2903  -1.035752e-01  4.891546e-01   
   2904   1.322762e-01  7.898324e-02   
   2905   7.633763e-02  2.638288e-01   
   2906   8.751173e-02 -2.625610e-01   
   2907   1.356754e-01 -7.718479e-02   
   2908   1.084601e-01 -2.071050e-01   
   2909   1.283794e-01  1.051522e-01   
   2910   6.026354e-02 -3.191946e-01   
   2911   8.460640e-02 -2.704244e-01   
   2912   1.361731e-01  5.281429e-02   
   2913   1.393375e-01  9.340312e-03   
   2914   1.079958e-01  1.875550e-01   
   2915   9.932380e-02  2.127041e-01   
   2916   1.220221e-01 -1.632870e-01   
   2917   1.349429e-01 -9.448978e-02   
   2918   5.673049e-02  3.051416e-01   
   2919   1.281163e-01 -1.375409e-01   
   2920   1.244825e-01  1.313212e-01   
   2921   9.542002e-02 -2.487688e-01   
   2922   7.419652e-02  2.734639e-01   
   2923   1.400700e-01  2.664533e-02   
   2924   1.181504e-01 -1.827849e-01   
   2925   8.253479e-02 -2.801468e-01   
   2926   1.081258e-01 -2.170026e-01   
   2927   1.342105e-01 -1.117948e-01   
   2928   1.369055e-01  7.011930e-02   
   2929   1.330087e-01  9.628826e-02   
   2930   7.925862e-02 -2.893408e-01   
   2931   1.165696e-01  1.699320e-01   
   2932   1.077281e-01  1.977631e-01   
   2933   1.425020e-01 -3.413366e-02   
   2934   1.059083e-01 -2.266567e-01   
   2935   9.143215e-02  2.406917e-01   
   2936   1.417695e-01 -5.143868e-02   
   2937   8.669797e-02  2.516276e-01   
   2938   1.408024e-01  4.395034e-02   
   2939   1.291118e-01  1.224572e-01   
   2940   7.175439e-02  2.830998e-01   
   2941   1.432344e-01 -1.682865e-02   
   2942  -6.142212e-02 -4.821398e-01   
   2943   1.261167e-02  3.772148e-01   
   2944   1.206878e-01  1.580864e-01   
   2945   1.273838e-01 -1.548459e-01   
   2946   1.410371e-01 -6.874369e-02   
   2947   1.176493e-01 -1.927611e-01   
   2948   1.439668e-01  4.763672e-04   
   2949   1.334780e-01 -1.290998e-01   
   2950   9.992009e-02  2.233863e-01   
   2951   1.403046e-01 -8.604874e-02   
   2952   9.589294e-02 -2.577470e-01   
   2953  -1.034571e-02 -4.311757e-01   
   2954   7.744715e-02 -2.990030e-01   
   2955   1.376380e-01  8.742431e-02   
   2956   6.954605e-02  2.918276e-01   
   2957   1.446993e-01  1.778138e-02   
   2958   1.252149e-01  1.486262e-01   
   2959   5.285152e-02 -3.446593e-01   
   2960  -7.205555e-02 -4.947808e-01   
   2961   1.415348e-01  6.125536e-02   
   2962  -7.851888e-02  4.777710e-01   
   2963   1.169531e-01 -2.027100e-01   
   2964   1.055079e-01 -2.364768e-01   
   2965   1.337411e-01  1.135933e-01   
   2966   1.395722e-01 -1.033537e-01   
   2967   5.410706e-02  3.207694e-01   
   2968   1.079323e-01  2.076535e-01   
   2969   8.595990e-02  2.612276e-01   
   2970   9.359538e-02 -2.674463e-01   
   2971   1.168661e-01  1.829844e-01   
   2972   1.327456e-01 -1.464048e-01   
   2973   1.454317e-01  3.508640e-02   
   2974   1.298442e-01  1.397622e-01   
   2975   1.471313e-01 -4.299761e-02   
   2976   1.044882e-01 -2.447758e-01   
   2977   1.478637e-01 -2.569259e-02   
   2978   8.329288e-02  2.708319e-01   
   2979   1.388398e-01 -1.206587e-01   
   2980   1.463988e-01 -6.030262e-02   
   2981  -5.403956e-02  4.588293e-01   
   2982   1.272012e-01 -1.754212e-01   
   2983   6.768572e-02  3.016136e-01   
   2984   1.006069e-01  2.327141e-01   
   2985   1.422673e-01  7.856037e-02   
   2986   1.485961e-01 -8.387577e-03   
   2987   1.166798e-01 -2.126288e-01   
   2988   9.184979e-02 -2.772324e-01   
   2989   1.383704e-01  1.047293e-01   
   2990   1.456664e-01 -7.760767e-02   
   2991   1.461642e-01  5.239141e-02   
   2992   1.164292e-01  1.928890e-01   
   2993   1.493286e-01  8.917437e-03   
   2994   1.147462e-01 -2.220395e-01   
   2995   1.080349e-01  2.175756e-01   
   2996   9.496619e-02  2.497255e-01   
   2997   8.888267e-02 -2.865307e-01   
   2998   1.320131e-01 -1.637098e-01   
   2999   1.344735e-01  1.308983e-01   
   3000   1.449339e-01 -9.491268e-02   
   3001  -8.856331e-02  4.920940e-01   
   3002   8.117410e-02  2.805441e-01   
   3003   1.381073e-01 -1.379638e-01   
   3004   1.035982e-01 -2.543630e-01   
   3005   1.259474e-01  1.659312e-01   
   3006   1.265182e-01 -1.882397e-01   
   3007   3.927268e-02 -3.762095e-01   
   3008   1.500610e-01  2.622245e-02   
   3009   8.559300e-02 -2.970285e-01   
   3010   4.620425e-02  3.435594e-01   
   3011   1.429997e-01  9.586538e-02   
   3012   1.468966e-01  6.969643e-02   
   3013   1.442015e-01 -1.122177e-01   
   3014   9.378898e-02  2.581409e-01   
   3015  -4.820446e-02 -4.820624e-01   
   3016   1.162067e-01  2.028597e-01   
   3017   1.143790e-01 -2.319175e-01   
   3018   1.011383e-01  2.426850e-01   
   3019   1.305767e-01  1.570672e-01   
   3020   7.925862e-02  2.893408e-01   
   3021   1.524930e-01 -3.455654e-02   
   3022   1.391029e-01  1.220343e-01   
   3023   1.517606e-01 -5.186155e-02   
   3024   1.258423e-01 -1.981716e-01   
   3025   1.507935e-01  4.352747e-02   
   3026   1.532255e-01 -1.725152e-02   
   3027   1.024798e-01 -2.641694e-01   
   3028   1.373749e-01 -1.552688e-01   
   3029   1.510281e-01 -6.916657e-02   
   3030   1.539579e-01  5.349308e-05   
   3031   1.434691e-01 -1.295227e-01   
   3032   1.090372e-01  2.274474e-01   
   3033   1.228929e-01  1.888613e-01   
   3034   1.502957e-01 -8.647161e-02   
   3035   9.229620e-02  2.678974e-01   
   3036   1.352060e-01  1.482033e-01   
   3037   1.476290e-01  8.700144e-02   
   3038   1.546903e-01  1.735851e-02   
   3039   1.252611e-01 -2.081353e-01   
   3040   1.515259e-01  6.083248e-02   
   3041   1.139404e-01 -2.418038e-01   
   3042   1.437322e-01  1.131704e-01   
   3043   1.010622e-01 -2.740084e-01   
   3044   1.164398e-01  2.127603e-01   
   3045   7.698502e-02  3.006711e-01   
   3046   1.495632e-01 -1.037766e-01   
   3047   1.275638e-01  1.808572e-01   
   3048  -2.717723e-02 -4.672211e-01   
   3049   1.366424e-01 -1.725738e-01   
   3050   1.427366e-01 -1.468277e-01   
   3051   1.114752e-01 -2.514006e-01   
   3052   1.237233e-01 -2.176991e-01   
   3053  -5.715934e-02 -4.967221e-01   
   3054   1.554228e-01  3.466352e-02   
   3055   9.840746e-02 -2.834007e-01   
   3056   1.398353e-01  1.393394e-01   
   3057   1.232206e-01  1.980420e-01   
   3058   9.050314e-02  2.776750e-01   
   3059   1.571223e-01 -4.342048e-02   
   3060   1.488308e-01 -1.210816e-01   
   3061   1.578548e-01 -2.611547e-02   
   3062   1.563899e-01 -6.072549e-02   
   3063   1.094793e-01  2.371960e-01   
   3064   1.017736e-01  2.554821e-01   
   3065   1.522583e-01  7.813750e-02   
   3066   1.585872e-01 -8.810451e-03   
   3067   1.483615e-01  1.043065e-01   
   3068   1.556575e-01 -7.803054e-02   
   3069  -1.155028e-02  4.309763e-01   
   3070   1.561552e-01  5.196854e-02   
   3071   8.594296e-02 -3.137425e-01   
   3072  -6.288924e-02  4.819163e-01   
   3073   1.228943e-01 -2.276359e-01   
   3074   1.362902e-01 -1.845422e-01   
   3075   1.169235e-01  2.214255e-01   
   3076   1.593196e-01  8.494563e-03   
   3077   1.420042e-01 -1.641327e-01   
   3078   1.444646e-01  1.304754e-01   
   3079   1.112498e-01 -2.605976e-01   
   3080   8.888267e-02  2.865307e-01   
   3081   1.362318e-01  1.642980e-01   
   3082   1.549250e-01 -9.533556e-02   
   3083   1.480984e-01 -1.383866e-01   
   3084   9.689571e-02 -2.948576e-01   
   3085   1.600521e-01  2.579958e-02   
   3086   1.353485e-01 -1.944953e-01   
   3087   1.011964e-01  2.646637e-01   
   3088   1.529908e-01  9.544251e-02   
   3089   1.568876e-01  6.927355e-02   
   3090  -7.358677e-02  4.945553e-01   
   3091   1.541926e-01 -1.126405e-01   
   3092   1.247292e-01  2.079037e-01   
   3093   1.225188e-01 -2.375455e-01   
   3094   1.405677e-01  1.566444e-01   
   3095   7.541126e-02  3.164391e-01   
   3096   1.490939e-01  1.216115e-01   
   3097   1.101618e-01 -2.704784e-01   
   3098   1.624841e-01 -3.497941e-02   
   3099   1.617516e-01 -5.228442e-02   
   3100   1.607845e-01  4.310459e-02   
   3101   8.739508e-02  2.962481e-01   
   3102   1.345253e-01 -2.044221e-01   
   3103   1.473659e-01 -1.556916e-01   
   3104   1.632165e-01 -1.767440e-02   
   3105   1.172003e-01  2.312279e-01   
   3106  -3.388145e-02 -4.834042e-01   
   3107   1.203564e-01 -2.468753e-01   
   3108   1.610192e-01 -6.958944e-02   
   3109   1.321099e-01  1.917730e-01   
   3110   1.639489e-01 -3.693810e-04   
   3111   1.534601e-01 -1.299456e-01   
   3112   1.078223e-01 -2.799542e-01   
   3113   9.973110e-02  2.744957e-01   
   3114   1.602868e-01 -8.689446e-02   
   3115   1.451970e-01  1.477804e-01   
   3116   1.330426e-01 -2.142920e-01   
   3117   1.576201e-01  8.657857e-02   
   3118   1.108215e-01  2.513000e-01   
   3119   1.646814e-01  1.693563e-02   
   3120   1.615170e-01  6.040961e-02   
   3121   1.537232e-01  1.127475e-01   
   3122   8.036102e-02 -3.372092e-01   
   3123   1.390798e-01  1.742655e-01   
   3124   1.254125e-01  2.161942e-01   
   3125   1.595543e-01 -1.041995e-01   
   3126   1.318368e-01 -2.232069e-01   
   3127   1.459561e-01 -1.762424e-01   
   3128   1.198955e-01 -2.567346e-01   
   3129   1.527277e-01 -1.472506e-01   
   3130   1.654138e-01  3.424065e-02   
   3131   1.498264e-01  1.389165e-01   
   3132   9.840746e-02  2.834007e-01   
   3133   1.324854e-01  2.017424e-01   
   3134   1.671134e-01 -4.384335e-02   
   3135   1.588219e-01 -1.215045e-01   
   3136   1.678458e-01 -2.653834e-02   
   3137   1.072830e-01 -2.899008e-01   
   3138  -4.232969e-02 -4.982050e-01   
   3139  -4.964031e-02  4.818787e-01   
   3140   1.099837e-01  2.611344e-01   
   3141   1.663809e-01 -6.114836e-02   
   3142   1.622494e-01  7.771462e-02   
   3143   1.583525e-01  1.038836e-01   
   3144   1.685783e-01 -9.233325e-03   
   3145   6.904831e-02  3.397061e-01   
   3146   1.444341e-01 -1.903412e-01   
   3147   1.309225e-01 -2.339751e-01   
   3148   1.656485e-01 -7.845336e-02   
   3149   1.661463e-01  5.154566e-02   
   3150   9.547040e-02  2.940026e-01   
   3151   1.257453e-01  2.260735e-01   
   3152   1.394294e-01  1.866743e-01   
   3153   1.693107e-01  8.071689e-03   
   3154   1.191383e-01 -2.666463e-01   
   3155   1.459295e-01  1.650854e-01   
   3156   1.519952e-01 -1.645556e-01   
   3157   1.551722e-01  1.291943e-01   
   3158   1.649161e-01 -9.575847e-02   
   3159   1.293917e-01 -2.426660e-01   
   3160   1.197186e-01  2.444639e-01   
   3161   1.434551e-01 -2.002833e-01   
   3162   1.700431e-01  2.537670e-02   
   3163   1.587506e-01 -1.395987e-01   
   3164   1.088477e-01  2.710099e-01   
   3165   1.171168e-01 -2.761950e-01   
   3166   1.629818e-01  9.501964e-02   
   3167   1.668787e-01  6.885068e-02   
   3168   1.505588e-01  1.562215e-01   
   3169  -2.852159e-02  4.670617e-01   
   3170   1.641836e-01 -1.130634e-01   
   3171   1.420181e-01 -2.100201e-01   
   3172   1.340598e-01  2.112293e-01   
   3173   1.590850e-01  1.211886e-01   
   3174   1.724751e-01 -3.540228e-02   
   3175   1.707756e-01  4.268172e-02   
   3176   1.717432e-01 -5.270743e-02   
   3177   1.284074e-01 -2.525849e-01   
   3178   1.573570e-01 -1.561145e-01   
   3179  -5.866071e-02  4.965470e-01   
   3180   1.732076e-01 -1.809727e-02   
   3181   1.710103e-01 -7.001230e-02   
   3182   1.150121e-01 -2.866584e-01   
   3183   1.408929e-01  1.965047e-01   
   3184   1.267687e-01  2.362514e-01   
   3185   1.634512e-01 -1.303684e-01   
   3186  -1.963550e-02 -4.843154e-01   
   3187   1.739400e-01 -7.922551e-04   
   3188   1.410218e-01 -2.199103e-01   
   3189   1.078223e-01  2.799542e-01   
   3190   1.551881e-01  1.473576e-01   
   3191   1.702779e-01 -8.731726e-02   
   3192   1.186480e-01  2.573135e-01   
   3193   1.676111e-01  8.615569e-02   
   3194   1.666686e-03 -4.632874e-01   
   3195   1.637143e-01  1.123247e-01   
   3196   1.746724e-01  1.651276e-02   
   3197   1.715080e-01  5.998673e-02   
   3198   1.339362e-01  2.211999e-01   
   3199   1.468768e-01  1.825020e-01   
   3200   1.695453e-01 -1.046224e-01   
   3201   1.537024e-01 -1.841319e-01   
   3202   1.279817e-01 -2.625164e-01   
   3203   1.627187e-01 -1.476734e-01   
   3204   1.598174e-01  1.384936e-01   
   3205   1.754049e-01  3.381777e-02   
   3206   1.408932e-01  2.064103e-01   
   3207   1.571411e-01 -1.741914e-01   
   3208   1.372554e-01 -2.403447e-01   
   3209   1.515796e-01  1.745100e-01   
   3210   7.470112e-02 -3.708242e-01   
   3211   1.178427e-01  2.672214e-01   
   3212   1.771044e-01 -4.426623e-02   
   3213   9.637866e-02  3.106955e-01   
   3214   1.778369e-01 -2.696121e-02   
   3215   1.722405e-01  7.729175e-02   
   3216   1.683436e-01  1.034607e-01   
   3217   1.066943e-01  2.914552e-01   
   3218   1.763727e-01 -6.157149e-02   
   3219   1.689890e-01 -1.232787e-01   
   3220   1.262804e-01 -2.721273e-01   
   3221   1.527116e-01 -1.965256e-01   
   3222   1.785693e-01 -9.656200e-03   
   3223   1.416382e-01 -2.324516e-01   
   3224  -3.528772e-02  4.832659e-01   
   3225   1.756396e-01 -7.887625e-02   
   3226  -2.758042e-02 -4.992387e-01   
   3227   1.761373e-01  5.112279e-02   
   3228   1.287300e-01  2.450168e-01   
   3229   1.343001e-01  2.310892e-01   
   3230   1.367758e-01 -2.481532e-01   
   3231   1.485939e-01  1.905204e-01   
   3232   1.619863e-01 -1.649785e-01   
   3233   1.793017e-01  7.648815e-03   
   3234   1.565364e-01  1.646510e-01   
   3235   1.749071e-01 -9.618137e-02   
   3236   1.271799e-01  2.532052e-01   
   3237   1.171168e-01  2.761950e-01   
   3238   1.800342e-01  2.495383e-02   
   3239   5.392571e-02  3.848591e-01   
   3240   1.729729e-01  9.459676e-02   
   3241   1.605498e-01  1.557986e-01   
   3242   1.501366e-01 -2.158332e-01   
   3243   1.768698e-01  6.842780e-02   
   3244   1.738479e-01 -1.143371e-01   
   3245   1.425525e-01  2.161758e-01   
   3246   1.536792e-01 -2.065794e-01   
   3247   1.687457e-01  1.244800e-01   
   3248   1.259231e-01 -2.836779e-01   
   3249   1.169156e-01 -3.035643e-01   
   3250   1.490379e-01  2.002631e-01   
   3251   1.366822e-01 -2.580933e-01   
   3252   1.349179e-01  2.396375e-01   
   3253   1.807666e-01  4.225884e-02   
   3254   1.824662e-01 -3.582516e-02   
   3255   1.673480e-01 -1.565374e-01   
   3256   1.817343e-01 -5.313028e-02   
   3257   1.618152e-01 -1.812082e-01   
   3258   1.831986e-01 -1.852014e-02   
   3259   1.810019e-01 -7.043566e-02   
   3260   3.938328e-02 -4.317051e-01   
   3261   1.839311e-01 -1.215129e-03   
   3262  -4.379969e-02  4.980779e-01   
   3263   1.267061e-01  2.631345e-01   
   3264   1.802689e-01 -8.773984e-02   
   3265   1.776022e-01  8.573282e-02   
   3266   1.720473e-01 -1.439673e-01   
   3267   1.353030e-01 -2.677557e-01   
   3268   1.425052e-01  2.261498e-01   
   3269   1.814991e-01  5.956386e-02   
   3270   1.163736e-01  2.877272e-01   
   3271   1.846635e-01  1.608989e-02   
   3272   1.669510e-01  1.456371e-01   
   3273   9.158398e-02  3.343356e-01   
   3274   1.449914e-01 -2.434442e-01   
   3275   1.735116e-01  1.156964e-01   
   3276   1.569316e-01  1.850271e-01   
   3277   1.620270e-01 -1.906230e-01   
   3278   1.794938e-01 -1.049982e-01   
   3279  -4.138701e-03 -4.864631e-01   
   3280   1.500594e-01  2.101654e-01   
   3281   1.355697e-01  2.488141e-01   
   3282   1.853959e-01  3.339490e-02   
   3283   1.673911e-01 -1.740321e-01   
   3284   1.521878e-01 -2.286307e-01   
   3285   1.262804e-01  2.721273e-01   
   3286   1.767538e-01 -1.333855e-01   
   3287   6.219268e-02 -4.077645e-01   
   3288   1.870955e-01 -4.468910e-02   
   3289   1.822315e-01  7.686887e-02   
   3290   1.878279e-01 -2.738409e-02   
   3291   1.789771e-01 -1.229152e-01   
   3292   1.094423e-01 -3.310675e-01   
   3293   1.863638e-01 -6.199462e-02   
   3294   1.727115e-01  1.348697e-01   
   3295   1.885604e-01 -1.007907e-02   
   3296   1.783397e-01  1.069469e-01   
   3297   1.433277e-01  2.342867e-01   
   3298   1.659116e-01  1.642397e-01   
   3299   1.861284e-01  5.069991e-02   
   3300   1.856303e-01 -7.930002e-02   
   3301   1.452301e-01 -2.533820e-01   
   3302   1.574672e-01  1.949974e-01   
   3303   1.719774e-01 -1.654013e-01   
   3304  -2.101087e-02  4.842202e-01   
   3305   1.353318e-01 -2.793118e-01   
   3306   1.892928e-01  7.225941e-03   
   3307  -1.292475e-02 -4.998329e-01   
   3308   3.991996e-04  4.631997e-01   
   3309   1.593920e-01 -2.144191e-01   
   3310   1.500964e-01  2.197818e-01   
   3311   1.848465e-01 -9.655940e-02   
   3312   1.650655e-01  1.730328e-01   
   3313   1.642352e-01 -2.001999e-01   
   3314   1.354279e-01  2.587537e-01   
   3315   1.900252e-01  2.453096e-02   
   3316   1.693310e-01 -1.838348e-01   
   3317   1.530452e-01 -2.384634e-01   
   3318   1.868608e-01  6.800493e-02   
   3319   1.838416e-01 -1.142026e-01   
   3320   1.441745e-01 -2.630850e-01   
   3321   1.765892e-01 -1.546466e-01   
   3322   1.259231e-01  2.836779e-01   
   3323   1.787348e-01  1.241921e-01   
   3324   1.838160e-01  9.750754e-02   
   3325   1.580588e-01  2.044729e-01   
   3326   1.438082e-01  2.441451e-01   
   3327   1.907577e-01  4.183597e-02   
   3328   1.924572e-01 -3.624803e-02   
   3329   1.918899e-01 -5.354481e-02   
   3330   1.931897e-01 -1.894302e-02   
   3331   1.910439e-01 -7.084469e-02   
   3332   1.605814e-01 -2.232546e-01   
   3333   1.736426e-01  1.548889e-01   
   3334   1.654443e-01 -2.084734e-01   
   3335   1.353030e-01  2.677557e-01   
   3336   1.942454e-01 -1.358429e-03   
   3337   1.814625e-01 -1.452284e-01   
   3338   1.902589e-01 -8.815875e-02   
   3339   1.846494e-01 -1.291351e-01   
   3340   8.575324e-03 -4.848823e-01   
   3341  -2.901767e-02  4.991573e-01   
   3342   1.519208e-01  2.292358e-01   
   3343   1.914901e-01  5.914099e-02   
   3344   1.834829e-01  1.155150e-01   
   3345   1.536157e-01 -2.483876e-01   
   3346   1.652399e-01  1.907871e-01   
   3347   1.715865e-01 -1.934589e-01   
   3348   1.894794e-01 -1.053909e-01   
   3349   1.583415e-01  2.142869e-01   
   3350   1.445894e-01 -2.746337e-01   
   3351   1.787327e-01  1.434421e-01   
   3352   1.224701e-01  3.008552e-01   
   3353   1.893223e-01  8.894943e-02   
   3354   1.439986e-01  2.540839e-01   
   3355   1.953870e-01  3.297203e-02   
   3356   1.768425e-01 -1.772769e-01   
   3357   1.609279e-01 -2.332162e-01   
   3358   1.013003e-01 -3.644368e-01   
   3359   3.828037e-02  4.316376e-01   
   3360   2.716730e-02 -4.682548e-01   
   3361   1.969938e-01  1.603475e-02   
   3362   1.812515e-01 -1.618678e-01   
   3363   1.922226e-01  7.644600e-02   
   3364   1.888908e-01 -1.228095e-01   
   3365   1.528850e-01 -2.581205e-01   
   3366   1.973070e-01 -4.513918e-02   
   3367   1.964608e-01 -6.243900e-02   
   3368   1.671188e-01 -2.179551e-01   
   3369   1.754451e-01  1.657384e-01   
   3370   1.518859e-01  2.392034e-01   
   3371   1.357620e-01  2.777063e-01   
   3372   1.885009e-01  1.063362e-01   
   3373   1.985514e-01 -1.050195e-02   
   3374   1.712688e-01  1.826674e-01   
   3375   1.986594e-01 -2.790424e-02   
   3376   1.961194e-01  5.027704e-02   
   3377   1.872515e-01 -1.384442e-01   
   3378   1.956157e-01 -7.973807e-02   
   3379   1.664064e-01  1.991955e-01   
   3380   1.839070e-01  1.327375e-01   
   3381   8.749485e-02  3.671440e-01   
   3382   1.992839e-01  6.803067e-03   
   3383   1.586562e-01  2.241903e-01   
   3384   1.988142e-01  2.536526e-02   
   3385   1.409789e-01 -2.926393e-01   
   3386   1.948070e-01 -9.705704e-02   
   3387   1.624736e-03 -4.999974e-01   
   3388   1.854488e-01 -1.548771e-01   
   3389   1.441745e-01  2.630850e-01   
   3390   1.737754e-01 -2.031098e-01   
   3391   1.786681e-01 -1.870797e-01   
   3392   1.618298e-01 -2.431158e-01   
   3393   1.968519e-01  6.758206e-02   
   3394   1.832241e-01 -1.703094e-01   
   3395   1.940529e-01 -1.142762e-01   
   3396  -5.483557e-03  4.864162e-01   
   3397   1.887222e-01  1.240247e-01   
   3398   1.938036e-01  9.788313e-02   
   3399   1.668568e-01  2.091305e-01   
   3400   1.540075e-01 -2.680183e-01   
   3401   1.524084e-01  2.491303e-01   
   3402   1.686310e-01 -2.277086e-01   
   3403   2.007487e-01  4.141310e-02   
   3404   2.024483e-01 -3.667091e-02   
   3405   2.018779e-01 -5.403337e-02   
   3406   1.780740e-01  1.753793e-01   
   3407   1.739332e-01 -2.130169e-01   
   3408   1.824990e-01  1.586528e-01   
   3409   2.010317e-01 -7.133314e-02   
   3410   1.938139e-01 -1.297694e-01   
   3411   1.597941e-01  2.339946e-01   
   3412   1.614247e-01 -2.528677e-01   
   3413   1.854087e-01  1.507137e-01   
   3414   2.001686e-01 -8.861923e-02   
   3415   1.743419e-01  1.927876e-01   
   3416   1.656547e-01  2.195165e-01   
   3417   2.251669e-02 -4.845570e-01   
   3418   1.916871e-01 -1.473804e-01   
   3419   1.934728e-01  1.152556e-01   
   3420   2.014812e-01  5.871811e-02   
   3421   1.445895e-01  2.746337e-01   
   3422  -1.432799e-02  4.997947e-01   
   3423   1.809240e-01 -1.967364e-01   
   3424   1.994599e-01 -1.058959e-01   
   3425   1.353294e-01 -3.191455e-01   
   3426   2.058528e-01 -3.834315e-04   
   3427   1.192888e-01  3.276484e-01   
   3428   1.896268e-01 -1.638951e-01   
   3429   1.528850e-01  2.581205e-01   
   3430   2.051422e-01  3.179130e-02   
   3431   1.861228e-01 -1.804455e-01   
   3432   1.898641e-01  1.417720e-01   
   3433   1.698632e-01 -2.375725e-01   
   3434   1.610898e-01 -2.635355e-01   
   3435   2.022136e-01  7.602313e-02   
   3436   1.988634e-01 -1.229204e-01   
   3437   2.078471e-01 -9.780063e-03   
   3438   2.078100e-01 -2.822984e-02   
   3439   2.072950e-01 -4.562773e-02   
   3440   1.761457e-01 -2.219466e-01   
   3441   2.082233e-01 -1.994957e-02   
   3442   2.064488e-01 -6.292756e-02   
   3443   1.851024e-01  1.683062e-01   
   3444   1.606479e-01  2.438984e-01   
   3445   1.984753e-01  1.066277e-01   
   3446   1.813034e-01 -2.063060e-01   
   3447   2.082505e-01  1.112098e-02   
   3448   1.938559e-01  1.323939e-01   
   3449   1.810051e-01  1.848196e-01   
   3450   2.061105e-01  4.985417e-02   
   3451   1.972028e-01 -1.391526e-01   
   3452   2.055988e-01 -8.022790e-02   
   3453   2.018721e-01  8.851181e-02   
   3454   2.086262e-01  2.110715e-02   
   3455   1.675238e-01  2.285244e-01   
   3456   7.265230e-03  4.848666e-01   
   3457   1.951711e-01 -1.556465e-01   
   3458   2.047865e-01 -9.748596e-02   
   3459   1.697841e-01 -2.473325e-01   
   3460   1.605603e-02 -4.997421e-01   
   3461   2.019841e-01  9.986828e-02   
   3462   2.062980e-01  6.817394e-02   
   3463   1.536906e-01  2.679180e-01   
   3464   1.882265e-01 -1.907835e-01   
   3465   1.742221e-01  2.150424e-01   
   3466   2.039310e-01 -1.148107e-01   
   3467   1.986888e-01  1.236613e-01   
   3468   2.594407e-02  4.682461e-01   
   3469   1.935238e-01 -1.729696e-01   
   3470   1.783160e-01  2.050265e-01   
   3471   1.913130e-01  1.591933e-01   
   3472   1.614247e-01  2.528677e-01   
   3473   1.777068e-01 -2.317639e-01   
   3474   2.107398e-01  4.099022e-02   
   3475   2.124393e-01 -3.709378e-02   
   3476   2.118660e-01 -5.452193e-02   
   3477   1.876173e-01  1.779551e-01   
   3478   1.834637e-01 -2.159368e-01   
   3479   2.110192e-01 -7.182480e-02   
   3480   1.467139e-01  2.903370e-01   
   3481   2.036198e-01 -1.316067e-01   
   3482   1.687081e-01  2.383942e-01   
   3483   1.953779e-01  1.500674e-01   
   3484   5.452785e-02 -4.612581e-01   
   3485   1.838423e-01  1.943218e-01   
   3486   1.889055e-01 -1.998592e-01   
   3487   1.750664e-01  2.227989e-01   
   3488   3.633395e-02 -4.838388e-01   
   3489   2.015871e-01 -1.477117e-01   
   3490   2.033651e-01  1.153200e-01   
   3491   2.114722e-01  5.829524e-02   
   3492   1.713529e-01 -2.587817e-01   
   3493   2.113101e-01 -8.932470e-02   
   3494   2.566386e-04  4.999999e-01   
   3495   2.092664e-01 -1.063758e-01   
   3496   1.990772e-01 -1.648030e-01   
   3497   1.779539e-01 -2.415210e-01   
   3498   1.610254e-01  2.638616e-01   
   3499   1.998128e-01  1.412809e-01   
   3500   2.163772e-01 -4.571370e-03   
   3501   2.106778e-01  7.890973e-02   
   3502   2.166318e-01 -1.454675e-02   
   3503   2.069447e-01  1.076003e-01   
   3504   2.167373e-01  5.883318e-03   
   3505   2.087506e-01 -1.234842e-01   
   3506   2.170741e-01  1.576885e-02   
   3507   2.165373e-01  2.890004e-02   
   3508   1.657787e-01 -2.798893e-01   
   3509   1.853519e-01 -2.256964e-01   
   3510   1.697841e-01  2.473325e-01   
   3511   2.172841e-01 -4.583170e-02   
   3512   1.946002e-01  1.708332e-01   
   3513   2.038335e-01  1.321460e-01   
   3514   2.066317e-01 -1.410432e-01   
   3515   1.905767e-01 -2.096858e-01   
   3516   1.905810e-01  1.873969e-01   
   3517   2.161015e-01  4.943129e-02   
   3518   2.155865e-01 -8.072077e-02   
   3519   2.172531e-01 -6.328561e-02   
   3520   1.765798e-01  2.326237e-01   
   3521   2.191951e-01 -2.615883e-02   
   3522   8.751001e-02 -4.267805e-01   
   3523   1.824134e-01  2.168247e-01   
   3524   2.124073e-02  4.845776e-01   
   3525   2.113983e-01  9.767640e-02   
   3526   1.958766e-01 -1.955428e-01   
   3527   1.782898e-01 -2.525170e-01   
   3528   2.050338e-01 -1.569982e-01   
   3529   1.988621e-01 -1.850373e-01   
   3530   3.035773e-02 -4.990776e-01   
   3531   2.155721e-01 -9.836826e-02   
   3532   1.888884e-01  2.023013e-01   
   3533   2.138441e-01 -1.152449e-01   
   3534   1.353395e-01 -3.532337e-01   
   3535   2.086112e-01  1.237196e-01   
   3536   1.859250e-01 -2.354398e-01   
   3537   2.197849e-01  3.928816e-02   
   3538   2.213979e-01 -3.619153e-02   
   3539   2.034382e-01 -1.737517e-01   
   3540   2.149562e-01  8.870181e-02   
   3541   2.118828e-01 -1.325665e-01   
   3542   2.013289e-01  1.604962e-01   
   3543   1.971896e-01  1.804653e-01   
   3544   2.051573e-01  1.489566e-01   
   3545   1.927901e-01 -2.193768e-01   
   3546   1.974769e-01 -2.032005e-01   
   3547   1.459181e-01  3.144453e-01   
   3548   2.210081e-01 -7.231095e-02   
   3549   1.779539e-01  2.415210e-01   
   3550   2.191058e-01  6.954702e-02   
   3551   1.934353e-01  1.954783e-01   
   3552   1.713529e-01  2.587816e-01   
   3553   2.132684e-01  1.153166e-01   
   3554   1.895568e-01  2.106083e-01   
   3555   1.842543e-01  2.265934e-01   
   3556   2.112917e-01 -1.496964e-01   
   3557   2.246820e-01 -1.700764e-02   
   3558   2.235266e-01 -5.371428e-02   
   3559   2.251077e-01 -9.403640e-03   
   3560   2.252005e-01  5.691627e-04   
   3561   2.088763e-01 -1.654135e-01   
   3562   2.194796e-01  8.164318e-02   
   3563   2.212723e-01 -9.016387e-02   
   3564   1.472409e-02  4.997832e-01   
   3565   2.097267e-01  1.401289e-01   
   3566   2.255819e-01  1.053510e-02   
   3567   2.173948e-01 -1.242572e-01   
   3568   2.199227e-01 -1.073287e-01   
   3569   5.149318e-02 -4.841874e-01   
   3570   1.629840e-01 -3.082524e-01   
   3571   2.168020e-01  1.060627e-01   
   3572   2.028287e-01  1.723180e-01   
   3573   2.258791e-01  2.048554e-02   
   3574   1.657787e-01  2.798893e-01   
   3575   1.936884e-01 -2.290957e-01   
   3576   2.238952e-01  5.665161e-02   
   3577   1.882550e-01 -2.467586e-01   
   3578   2.134433e-01  1.309287e-01   
   3579   5.338594e-02  4.613019e-01   
   3580   2.041566e-01 -1.964884e-01   
   3581   2.001326e-01  1.880958e-01   
   3582   2.166009e-01 -1.412528e-01   
   3583   2.000129e-01 -2.128122e-01   
   3584   2.273329e-01  3.083202e-02   
   3585   2.280205e-01 -4.311953e-02   
   3586   1.859250e-01  2.354398e-01   
   3587   2.091007e-01 -1.813105e-01   
   3588   1.964884e-01  2.041566e-01   
   3589   3.509297e-02  4.838934e-01   
   3590   2.146436e-01 -1.573566e-01   
   3591   2.213666e-01  9.727160e-02   
   3592   1.799044e-01  2.529114e-01   
   3593   1.917230e-01  2.203100e-01   
   3594   2.298004e-01 -3.283821e-02   
   3595   4.451903e-02 -4.980141e-01   
   3596   2.281921e-01  4.425332e-02   
   3597   2.268363e-01 -8.379686e-02   
   3598   2.180812e-01  1.221016e-01   
   3599   2.106959e-01  1.572648e-01   
   3600   1.841030e-01 -2.681914e-01   
   3601   2.254967e-01 -9.921700e-02   
   3602   2.089733e-01  1.664678e-01   
   3603   2.236769e-01 -1.165765e-01   
   3604   1.947579e-01 -2.400447e-01   
   3605   2.296501e-01 -6.441417e-02   
   3606   2.316650e-01 -2.369118e-02   
   3607   2.249428e-01  8.819815e-02   
   3608   2.138586e-01 -1.728973e-01   
   3609   2.217455e-01 -1.332293e-01   
   3610   2.012354e-01 -2.224956e-01   
   3611   8.652082e-02  4.268156e-01   
   3612   2.106083e-01 -1.895568e-01   
   3613   2.150753e-01  1.482914e-01   
   3614   2.070860e-01  1.809541e-01   
   3615   2.328905e-01 -1.288296e-02   
   3616   2.070123e-01 -2.060100e-01   
   3617   2.306851e-01 -7.476810e-02   
   3618   2.032005e-01  1.974770e-01   
   3619   6.355536e-02 -4.812637e-01   
   3620   2.229913e-01  1.134229e-01   
   3621   2.337446e-01 -4.416779e-03   
   3622   2.339720e-01  5.143282e-03   
   3623   1.936884e-01  2.290957e-01   
   3624   2.186769e-01  1.392216e-01   
   3625   1.989776e-01  2.137805e-01   
   3626   2.212617e-01 -1.499824e-01   
   3627   2.342640e-01  1.511971e-02   
   3628   7.966176e-02 -4.632569e-01   
   3629   1.882550e-01  2.467586e-01   
   3630   2.187636e-01 -1.660589e-01   
   3631   2.906284e-02  4.991546e-01   
   3632   2.301858e-01  7.712915e-02   
   3633   2.292224e-01 -1.083269e-01   
   3634   2.264148e-01  1.057942e-01   
   3635   2.315460e-01 -9.126654e-02   
   3636   2.271825e-01 -1.248613e-01   
   3637   2.122491e-01  1.743084e-01   
   3638   2.356087e-01  2.522294e-02   
   3639   2.330625e-01  6.315698e-02   
   3640   2.168247e-01 -1.824134e-01   
   3641   2.234023e-01  1.304321e-01   
   3642   2.085577e-01 -2.156471e-01   
   3643   1.665948e-01  3.039968e-01   
   3644   2.367147e-01 -5.167054e-02   
   3645   2.363321e-01  3.518693e-02   
   3646   2.096857e-01  1.905767e-01   
   3647   2.137805e-01 -1.989776e-01   
   3648   2.264725e-01 -1.419469e-01   
   3649   2.302899e-01  9.635445e-02   
   3650   2.354163e-01  5.319189e-02   
   3651   2.043163e-01 -2.336336e-01   
   3652   1.605057e-01 -3.425110e-01   
   3653   2.384884e-01 -3.874875e-02   
   3654   2.240313e-01 -1.594959e-01   
   3655   2.060100e-01  2.070123e-01   
   3656   2.012354e-01  2.224956e-01   
   3657   1.961124e-01  2.386227e-01   
   3658   5.852971e-02 -4.965625e-01   
   3659   2.365529e-01 -8.144065e-02   
   3660   2.177641e-01  1.679517e-01   
   3661   1.463592e-01  3.487906e-01   
   3662   2.279660e-01  1.220646e-01   
   3663   2.400354e-01 -2.911946e-02   
   3664   2.405881e-01 -1.922934e-02   
   3665   2.384820e-01  4.519136e-02   
   3666   5.028770e-02  4.842809e-01   
   3667   2.334053e-01 -1.173441e-01   
   3668   2.227989e-01 -1.750664e-01   
   3669   2.348589e-01  8.752820e-02   
   3670   1.865276e-01 -2.921907e-01   
   3671   2.393779e-01 -7.187787e-02   
   3672   2.159368e-01  1.834637e-01   
   3673   1.888781e-01  2.642685e-01   
   3674   2.318835e-01 -1.345923e-01   
   3675   2.422637e-01 -9.466551e-03   
   3676   2.156471e-01 -2.085577e-01   
   3677   2.203100e-01 -1.917230e-01   
   3678   2.293666e-01 -1.510763e-01   
   3679   2.425390e-01  1.367897e-04   
   3680   2.375021e-01 -9.942379e-02   
   3681   2.016051e-01 -2.552958e-01   
   3682   7.694045e-02 -4.794273e-01   
   3683   2.427225e-01  9.821643e-03   
   3684   2.328192e-01  1.133509e-01   
   3685   2.234176e-01  1.597425e-01   
   3686   2.128122e-01  2.000129e-01   
   3687   2.120090e-01 -2.266759e-01   
   3688   2.085577e-01  2.156471e-01   
   3689   2.026703e-01  2.334028e-01   
   3690   2.424988e-01 -6.240750e-02   
   3691   2.439183e-01  1.973044e-02   
   3692   2.294697e-01  1.386677e-01   
   3693   4.326198e-02  4.981249e-01   
   3694   2.404756e-01  7.060921e-02   
   3695   2.285244e-01 -1.675238e-01   
   3696   2.394010e-01  7.994458e-02   
   3697   2.275889e-01  1.493265e-01   
   3698   2.362151e-01  1.043539e-01   
   3699   2.391700e-01 -1.091911e-01   
   3700   2.445804e-01  2.955041e-02   
   3701   2.219466e-01  1.761457e-01   
   3702   2.425913e-01  6.014715e-02   
   3703   2.349954e-01 -1.428501e-01   
   3704   2.455624e-01 -5.428504e-02   
   3705   2.265934e-01 -1.842543e-01   
   3706   2.333189e-01  1.303879e-01   
   3707   2.224956e-01 -2.012354e-01   
   3708   2.433335e-01 -8.855531e-02   
   3709   2.466788e-01 -4.437862e-02   
   3710   2.472456e-01 -3.445602e-02   
   3711   2.450340e-01  5.047963e-02   
   3712   2.193768e-01  1.927901e-01   
   3713   6.238646e-02  4.813798e-01   
   3714   2.401968e-01  9.537939e-02   
   3715   7.857290e-02  4.633652e-01   
   3716   2.156471e-01  2.085577e-01   
   3717   2.339946e-01 -1.597941e-01   
   3718   2.487222e-01 -2.435926e-02   
   3719   2.194650e-01 -2.194650e-01   
   3720   7.238013e-02 -4.947334e-01   
   3721   2.474147e-01  4.081109e-02   
   3722   2.462232e-01 -7.900900e-02   
   3723   2.403270e-01 -1.278205e-01   
   3724   1.052735e-01 -4.535730e-01   
   3725   2.496642e-01 -1.605081e-02   
   3726   2.277086e-01  1.686310e-01   
   3727   2.378614e-01  1.219566e-01   
   3728   2.498625e-01 -6.081438e-03   
   3729   2.503704e-01  3.876958e-03   
   3730   2.120090e-01  2.266759e-01   
   3731   2.326237e-01 -1.765798e-01   
   3732   2.405784e-01 -1.368453e-01   
   3733   2.446897e-01  8.658462e-02   
   3734   2.490653e-01 -6.991146e-02   
   3735   2.411476e-01  1.126090e-01   
   3736   2.290957e-01 -1.936884e-01   
   3737   9.016336e-02 -4.772386e-01   
   3738   2.256964e-01  1.853519e-01   
   3739   2.464127e-01 -1.032577e-01   
   3740   1.334985e-01 -4.169328e-01   
   3741   2.356241e-01  1.452099e-01   
   3742   2.518612e-01  1.368689e-02   
   3743   2.392034e-01 -1.518859e-01   
   3744   2.382069e-01  1.374281e-01   
   3745   2.224956e-01  2.012354e-01   
   3746   2.265003e-01 -2.103562e-01   
   3747   2.485901e-01 -9.505768e-02   
   3748   2.332162e-01  1.609279e-01   
   3749   2.524284e-01  2.361092e-02   
   3750   2.482560e-01  7.714775e-02   
   3751   2.520983e-01 -6.040432e-02   
   3752   2.499242e-01  6.677586e-02   
   3753   2.454415e-01  1.036793e-01   
   3754   5.731116e-02  4.967046e-01   
   3755   2.056272e-01 -2.790795e-01   
   3756   2.383942e-01 -1.687081e-01   
   3757   2.193447e-01  2.178073e-01   
   3758   2.474566e-01 -1.191567e-01   
   3759   2.521151e-01  5.749997e-02   
   3760   1.919948e-01  2.910693e-01   
   3761   1.702227e-01  3.368594e-01   
   3762   2.546563e-01 -5.020038e-02   
   3763   2.441451e-01 -1.438082e-01   
   3764   2.427158e-01  1.285385e-01   
   3765   2.552727e-01 -4.034372e-02   
   3766   2.354398e-01 -1.859250e-01   
   3767   2.317639e-01  1.777068e-01   
   3768   2.213511e-01 -2.377319e-01   
   3769   2.100232e-01  2.484166e-01   
   3770   2.384634e-01  1.530452e-01   
   3771   2.564203e-01 -3.059292e-02   
   3772   2.530248e-01 -8.619712e-02   
   3773   2.319364e-01 -2.039764e-01   
   3774   2.553198e-01  3.588119e-02   
   3775   2.544938e-01  4.781365e-02   
   3776   7.580844e-02  4.795707e-01   
   3777   2.290957e-01  1.936884e-01   
   3778   2.501403e-01  9.490323e-02   
   3779   2.580835e-01 -2.112128e-02   
   3780   8.606119e-02 -4.925378e-01   
   3781   2.583485e-01 -1.115071e-02   
   3782   2.519387e-01 -1.102536e-01   
   3783   2.249910e-01  2.116127e-01   
   3784   2.438984e-01 -1.606479e-01   
   3785   2.586860e-01 -1.625557e-03   
   3786   2.559275e-01 -7.707045e-02   
   3787   2.475353e-01  1.198135e-01   
   3788   2.488141e-01 -1.355697e-01   
   3789   2.590996e-01  8.345111e-03   
   3790   2.375725e-01  1.698632e-01   
   3791   2.434442e-01  1.449914e-01   
   3792   2.415210e-01 -1.779539e-01   
   3793   1.922074e-01 -3.258023e-01   
   3794   2.548628e-01 -1.023624e-01   
   3795   2.507592e-01  1.120399e-01   
   3796   2.606228e-01  1.798419e-02   
   3797   2.591768e-01 -6.822705e-02   
   3798   2.354398e-01  1.859250e-01   
   3799   2.572078e-01  7.350567e-02   
   3800   2.532052e-01 -1.271799e-01   
   3801   2.491303e-01 -1.524084e-01   
   3802   2.614278e-01  2.793678e-02   
   3803   1.047947e-01 -4.759472e-01   
   3804   1.042671e-01  4.537156e-01   
   3805   2.481532e-01  1.367758e-01   
   3806   2.582094e-01 -9.464081e-02   
   3807   2.403303e-01 -1.963953e-01   
   3808   2.431158e-01  1.618298e-01   
   3809   2.594768e-01  6.411335e-02   
   3810   2.543988e-01  1.044520e-01   
   3811   7.120063e-02  4.949045e-01   
   3812   2.473325e-01 -1.697841e-01   
   3813   2.579088e-01  8.554738e-02   
   3814   1.326296e-01  4.170418e-01   
   3815   2.635854e-01 -4.582075e-02   
   3816   2.640149e-01 -3.587519e-02   
   3817   2.623303e-01  4.489785e-02   
   3818   2.616304e-01  5.478150e-02   
   3819   2.611307e-01 -8.511083e-02   
   3820   2.336336e-01  2.043163e-01   
   3821   2.573135e-01 -1.186480e-01   
   3822   2.648713e-01 -2.600386e-02   
   3823   2.415210e-01  1.779539e-01   
   3824   2.525849e-01  1.284074e-01   
   3825   8.906866e-02  4.774073e-01   
   3826   2.540839e-01 -1.439986e-01   
   3827   2.645634e-01  3.654761e-02   
   3828   2.483876e-01  1.536157e-01   
   3829   2.653994e-01 -5.786290e-02   
   3830   2.238085e-01 -2.647219e-01   
   3831   2.668075e-01 -1.628648e-02   
   3832   2.643862e-01 -7.568977e-02   
   3833   9.956439e-02 -4.899867e-01   
   3834   2.594902e-01  9.623633e-02   
   3835   2.671958e-01 -6.717223e-03   
   3836   2.467586e-01 -1.882550e-01   
   3837   2.611344e-01 -1.099837e-01   
   3838   2.528677e-01 -1.614247e-01   
   3839   2.567346e-01  1.198955e-01   
   3840   2.681034e-01  2.368325e-03   
   3841   2.587537e-01 -1.354279e-01   
   3842   1.297175e-01 -4.528393e-01   
   3843   2.403303e-01  1.963953e-01   
   3844   2.473325e-01  1.697841e-01   
   3845   2.148378e-01  2.720526e-01   
   3846   1.160904e-01 -4.718467e-01   
   3847   2.412600e-01 -2.182068e-01   
   3848   2.533820e-01  1.452301e-01   
   3849   2.646637e-01 -1.011964e-01   
   3850   2.681844e-01 -6.842340e-02   
   3851   2.660510e-01  6.961198e-02   
   3852   2.605976e-01  1.112498e-01   
   3853   2.525170e-01 -1.782898e-01   
   3854   2.656160e-01  7.779964e-02   
   3855   2.581205e-01 -1.528850e-01   
   3856   2.680512e-01  5.984705e-02   
   3857   2.338339e-01  2.261466e-01   
   3858   2.631345e-01 -1.267061e-01   
   3859   2.678974e-01 -9.229620e-02   
   3860   2.719172e-01  1.249764e-02   
   3861   8.492120e-02  4.927356e-01   
   3862   2.580933e-01  1.366822e-01   
   3863   2.528677e-01  1.614247e-01   
   3864   2.721156e-01 -3.977520e-02   
   3865   2.641694e-01  1.024798e-01   
   3866   2.703943e-01  5.015870e-02   
   3867   2.467586e-01  1.882550e-01   
   3868   2.728510e-01 -3.139178e-02   
   3869   2.723094e-01 -4.943864e-02   
   3870   2.714499e-01  4.180956e-02   
   3871   2.740387e-01 -2.306041e-02   
   3872   2.708319e-01 -8.329287e-02   
   3873   2.729556e-01  3.352974e-02   
   3874   2.743384e-01 -1.309725e-02   
   3875   2.736363e-01  2.358534e-02   
   3876   2.630850e-01 -1.441745e-01   
   3877   2.672214e-01 -1.178427e-01   
   3878   2.674463e-01  9.359538e-02   
   3879   2.749892e-01 -3.150846e-03   
   3880   2.625164e-01  1.279817e-01   
   3881   2.587816e-01 -1.713529e-01   
   3882   1.128818e-01 -4.870911e-01   
   3883   2.581205e-01  1.528850e-01   
   3884   2.734639e-01 -7.419652e-02   
   3885   2.525170e-01  1.782898e-01   
   3886   1.037386e-01  4.761453e-01   
   3887   2.704244e-01  8.460640e-02   
   3888   2.767327e-01  4.860828e-03   
   3889   2.710099e-01 -1.088477e-01   
   3890   1.287797e-01 -4.686645e-01   
   3891   1.925084e-01 -3.648017e-01   
   3892   2.757904e-01 -6.501730e-02   
   3893   2.677557e-01 -1.353030e-01   
   3894   2.666463e-01  1.191383e-01   
   3895   2.731005e-01  7.552293e-02   
   3896   2.638616e-01 -1.610254e-01   
   3897   2.570543e-01  1.712423e-01   
   3898   2.630850e-01  1.441745e-01   
   3899   2.552958e-01 -2.016051e-01   
   3900   2.778090e-01 -5.576546e-02   
   3901   2.754716e-01  6.635511e-02   
   3902   2.744957e-01 -9.973110e-02   
   3903   2.704784e-01  1.101618e-01   
   3904   2.795172e-01 -4.645134e-02   
   3905   2.775350e-01  5.711317e-02   
   3906   2.721273e-01 -1.262804e-01   
   3907   2.679180e-01 -1.536906e-01   
   3908   9.846426e-02  4.902089e-01   
   3909   2.809133e-01 -3.708534e-02   
   3910   2.792885e-01  4.780745e-02   
   3911   2.776750e-01 -9.050314e-02   
   3912   2.677557e-01  1.353030e-01   
   3913   1.533856e-01 -4.408467e-01   
   3914   1.769241e-01 -4.027179e-01   
   3915   1.287699e-01  4.530316e-01   
   3916   2.509561e-01  2.062472e-01   
   3917   2.819956e-01 -2.767792e-02   
   3918   2.740084e-01  1.010622e-01   
   3919   2.807300e-01  3.844834e-02   
   3920   1.150712e-01  4.720593e-01   
   3921   2.827630e-01 -1.823958e-02   
   3922   2.818580e-01  2.904628e-02   
   3923   2.469941e-01 -2.461244e-01   
   3924   2.832146e-01 -8.780876e-03   
   3925   2.826712e-01  1.961178e-02   
   3926   2.761950e-01 -1.171168e-01   
   3927   2.833498e-01  6.876368e-04   
   3928   2.831686e-01  1.015538e-02   
   3929   2.805441e-01 -8.117409e-02   
   3930   2.643629e-01  1.626101e-01   
   3931   2.772324e-01  9.184979e-02   
   3932   1.260058e-01 -4.838621e-01   
   3933   2.721273e-01  1.262804e-01   
   3934   2.377337e-01  2.550804e-01   
   3935   2.830998e-01 -7.175439e-02   
   3936   1.412772e-01 -4.651723e-01   
   3937   2.680183e-01  1.540075e-01   
   3938   2.801468e-01  8.253479e-02   
   3939   2.799542e-01 -1.078223e-01   
   3940   2.746337e-01 -1.445895e-01   
   3941   2.761950e-01  1.171168e-01   
   3942   2.853394e-01 -6.225455e-02   
   3943   2.339094e-01 -2.962033e-01   
   3944   2.827482e-01  7.312760e-02   
   3945   2.681914e-01 -1.841030e-01   
   3946   2.834007e-01 -9.840746e-02   
   3947   2.872603e-01 -5.268517e-02   
   3948   2.850339e-01  6.363874e-02   
   3949   2.799542e-01  1.078223e-01   
   3950   2.793118e-01 -1.353318e-01   
   3951   1.118217e-01  4.873355e-01   
   3952   2.888603e-01 -4.305696e-02   
   3953   2.232289e-01  3.053601e-01   
   3954   2.870012e-01  5.407880e-02   
   3955   2.746337e-01  1.445894e-01   
   3956   2.865307e-01 -8.888267e-02   
   3957   2.901378e-01 -3.338065e-02   
   3958   1.277986e-01  4.688960e-01   
   3959   2.886480e-01  4.445846e-02   
   3960   2.834007e-01  9.840746e-02   
   3961   2.910912e-01 -2.366706e-02   
   3962   2.899723e-01  3.478847e-02   
   3963   2.777063e-01  1.357620e-01   
   3964   2.917194e-01 -1.392704e-02   
   3965   2.909729e-01  2.507962e-02   
   3966   2.836779e-01 -1.259231e-01   
   3967   2.920219e-01 -4.171464e-03   
   3968   2.916484e-01  1.534276e-02   
   3969   2.919982e-01  5.588771e-03   
   3970   2.893408e-01 -7.925862e-02   
   3971   1.389297e-01 -4.803109e-01   
   3972   2.681914e-01  1.841030e-01   
   3973   2.865307e-01  8.888267e-02   
   3974   1.761772e-01  4.028737e-01   
   3975   2.647219e-01 -2.238085e-01   
   3976   2.869693e-01 -1.148944e-01   
   3977   2.918276e-01 -6.954605e-02   
   3978   1.525187e-01  4.410564e-01   
   3979   2.893408e-01  7.925862e-02   
   3980   2.798893e-01 -1.657787e-01   
   3981   1.552268e-01 -4.624107e-01   
   3982   2.939885e-01 -5.975580e-02   
   3983   2.570955e-01  2.325292e-01   
   3984   2.897492e-01 -1.069871e-01   
   3985   2.836779e-01  1.259231e-01   
   3986   2.918276e-01  6.954604e-02   
   3987   2.958211e-01 -4.989881e-02   
   3988   2.939885e-01  5.975580e-02   
   3989   1.249861e-01  4.841265e-01   
   3990   2.973232e-01 -3.998609e-02   
   3991   2.877272e-01  1.163736e-01   
   3992   2.958211e-01  4.989881e-02   
   3993   1.403342e-01  4.654205e-01   
   3994   2.984933e-01 -3.002871e-02   
   3995   2.903415e-01  1.053692e-01   
   3996   2.973232e-01  3.998609e-02   
   3997   2.993301e-01 -2.003779e-02   
   3998   2.948576e-01 -9.689571e-02   
   3999   2.984933e-01  3.002871e-02   
   4000   2.798893e-01  1.657787e-01   
   4001   1.768735e-01 -4.376379e-01   
   4002   2.998325e-01 -1.002449e-02   
   4003   2.993301e-01  2.003779e-02   
   4004   3.000000e-01 -1.738283e-10   
   4005   2.998325e-01  1.002449e-02   
   4006   1.516470e-01 -4.764485e-01   
   4007   2.933238e-01  9.753601e-02   
   4008   2.323911e-01 -3.354740e-01   
   4009   2.547771e-01 -2.795792e-01   
   4010   1.656724e-01 -4.573000e-01   
   4011   2.979307e-01 -8.698894e-02   
   4012   2.920033e-01 -1.422915e-01   
   4013   2.790795e-01 -2.056272e-01   
   4014   2.447266e-01  2.884437e-01   
   4015   3.006711e-01 -7.698502e-02   
   4016   2.979307e-01  8.698894e-02   
   4017   2.997227e-01  7.562000e-02   
   4018   3.030756e-01 -6.689511e-02   
   4019   2.218604e-01  3.446652e-01   
   4020   3.037069e-01 -5.756951e-02   
   4021   3.014239e-01  6.741272e-02   
   4022   1.379503e-01  4.805931e-01   
   4023   2.903370e-01  1.467139e-01   
   4024   3.054610e-01  4.738901e-02   
   4025   3.068669e-01 -4.650251e-02   
   4026   3.051416e-01  5.673049e-02   
   4027   1.543239e-01  4.626793e-01   
   4028   3.081255e-01 -2.471394e-02   
   4029   1.641518e-01 -4.722861e-01   
   4030   2.768495e-01  2.119851e-01   
   4031   3.082494e-01 -3.622259e-02   
   4032   1.775593e-01 -4.529411e-01   
   4033   2.174661e-01 -3.846988e-01   
   4034   3.079441e-01  2.688064e-02   
   4035   3.082494e-01  3.622259e-02   
   4036   3.099805e-01 -1.555291e-02   
   4037   3.103270e-01 -5.186234e-03   
   4038   3.099805e-01  1.555291e-02   
   4039   3.035643e-01 -1.169156e-01   
   4040   3.103270e-01  5.186233e-03   
   4041   1.984670e-01 -4.237073e-01   
   4042   2.921907e-01 -1.865276e-01   
   4043   2.994881e-01  1.269939e-01   
   4044   1.760685e-01  4.378830e-01   
   4045   1.507079e-01  4.767464e-01   
   4046   1.648055e-01  4.575757e-01   
   4047   3.116030e-01 -9.174069e-02   
   4048   3.073015e-01  1.067067e-01   
   4049   1.764388e-01 -4.678348e-01   
   4050   1.892324e-01 -4.483144e-01   
   4051   2.921907e-01  1.865276e-01   
   4052   3.160111e-01 -6.582540e-02   
   4053   3.039968e-01 -1.665948e-01   
   4054   2.168387e-01  3.848761e-01   
   4055   1.767302e-01  4.532276e-01   
   4056   3.164391e-01  7.541126e-02   
   4057   1.632529e-01  4.725976e-01   
   4058   3.222200e-01 -1.925927e-02   
   4059   1.977387e-01  4.239547e-01   
   4060   3.223982e-01 -4.335834e-02   
   4061   1.885028e-01 -4.631055e-01   
   4062   3.207694e-01  5.410706e-02   
   4063   3.039968e-01  1.665948e-01   
   4064   2.659279e-01 -3.149856e-01   
   4065   3.244356e-01  6.685288e-03   
   4066   3.236670e-01  3.256120e-02   
   4067   2.023810e-01 -4.442574e-01   
   4068   2.553996e-01  3.241251e-01   
   4069   2.962033e-01 -2.339094e-01   
   4070   2.207869e-01 -4.182923e-01   
   4071   1.884409e-01  4.486098e-01   
   4072   1.755799e-01  4.681578e-01   
   4073   3.189491e-01 -1.409070e-01   
   4074   3.144453e-01  1.459181e-01   
   4075   2.119207e-01 -4.382993e-01   
   4076   2.003396e-01 -4.581092e-01   
   4077   2.548980e-01 -3.634316e-01   
   4078   3.274718e-01 -1.137106e-01   
   4079   3.234893e-01  1.245896e-01   
   4080   1.876838e-01  4.634380e-01   
   4081   3.068464e-01  2.091224e-01   
   4082   2.229285e-01 -4.329315e-01   
   4083   2.016295e-01  4.445647e-01   
   4084   2.402312e-01 -4.027794e-01   
   4085   2.119451e-01 -4.528568e-01   
   4086   2.201213e-01  4.185614e-01   
   4087   2.940895e-01  2.609038e-01   
   4088   3.379432e-01 -8.589356e-02   
   4089   2.112034e-01  4.386070e-01   
   4090   3.345397e-01  9.831854e-02   
   4091   2.543843e-01  3.636076e-01   
   4092   1.995600e-01  4.584494e-01   
   4093   3.418236e-01 -5.765847e-02   
   4094   2.337077e-01 -4.273372e-01   
   4095   3.397061e-01  6.904831e-02   
   4096   2.233156e-01 -4.473591e-01   
   4097   3.449115e-01 -3.469841e-02   
   4098   3.435594e-01  4.620425e-02   
   4099   3.458783e-01  2.315383e-02   
   4100   2.396364e-01  4.030376e-01   
   4101   2.222476e-01  4.332428e-01   
   4102   3.486491e-01 -5.211650e-03   
   4103   2.112045e-01  4.532027e-01   
   4104   2.344479e-01 -4.416267e-01   
   4105   2.459672e-01 -4.221593e-01   
   4106   3.325671e-01 -1.911282e-01   
   4107   3.104866e-01 -2.740890e-01   
   4108   2.612216e-01 -3.954301e-01   
   4109   3.148073e-01  2.414656e-01   
   4110   3.367029e-01  1.618435e-01   
   4111   2.890782e-01 -3.394534e-01   
   4112   2.330628e-01  4.276503e-01   
   4113   3.310252e-01  1.925659e-01   
   4114   2.545700e-01 -4.155094e-01   
   4115   2.226135e-01  4.477088e-01   
   4116   2.453394e-01 -4.356702e-01   
   4117   3.066434e-01  2.874129e-01   
   4118   2.784911e-01 -3.786695e-01   
   4119   2.646487e-01 -4.092956e-01   
   4120   2.453611e-01  4.224765e-01   
   4121   2.337840e-01  4.419786e-01   
   4122   2.606882e-01  3.956975e-01   
   4123   2.886695e-01  3.396078e-01   
   4124   2.559877e-01 -4.295001e-01   
   4125   3.551382e-01 -1.433042e-01   
   4126   2.539954e-01  4.158212e-01   
   4127   3.403795e-01 -2.246513e-01   
   4128   3.223561e-01  2.637448e-01   
   4129   2.744903e-01 -4.028949e-01   
   4130   3.346658e-01  2.274402e-01   
   4131   2.447130e-01  4.360224e-01   
   4132   2.663907e-01 -4.231265e-01   
   4133   2.780212e-01  3.789146e-01   
   4134   3.579423e-01  1.361494e-01   
   4135   3.490041e-01 -2.067526e-01   
   4136   3.676437e-01 -9.803868e-02   
   4137   2.641083e-01  4.096045e-01   
   4138   3.199384e-01 -3.132737e-01   
   4139   3.550520e-01 -1.940826e-01   
   4140   2.980361e-01 -3.696541e-01   
   4141   3.740580e-01 -5.030590e-02   
   4142   2.553981e-01  4.298509e-01   
   4143   2.858013e-01 -3.967660e-01   
   4144   3.418465e-01 -2.514656e-01   
   4145   2.765467e-01 -4.165596e-01   
   4146   3.362659e-01  2.511027e-01   
   4147   2.739834e-01  4.031993e-01   
   4148   3.762832e-01 -7.046113e-02   
   4149   2.934570e-01 -3.895705e-01   
   4150   3.637231e-01 -1.773007e-01   
   4151   3.502792e-01  2.132089e-01   
   4152   3.769971e-01  6.732415e-02   
   4153   2.658372e-01  4.234744e-01   
   4154   3.443149e-01  2.399199e-01   
   4155   3.131463e-01 -3.519553e-01   
   4156   2.864546e-01 -4.098094e-01   
   4157   3.196240e-01  3.133893e-01   
   4158   3.823454e-01 -2.171028e-02   
   4159   3.822722e-01  2.296318e-02   
   4160   3.631404e-01  1.784917e-01   
   4161   3.589965e-01  1.964551e-01   
   4162   3.498212e-01  2.318176e-01   
   4163   3.409502e-01  2.609941e-01   
   4164   2.976246e-01  3.698971e-01   
   4165   3.716015e-01 -1.601323e-01   
   4166   3.025804e-01 -3.826655e-01   
   4167   3.596625e-01 -2.198646e-01   
   4168   2.853309e-01  3.970677e-01   
   4169   3.348089e-01  2.837016e-01   
   4170   2.760287e-01  4.169031e-01   
   4171   2.961133e-01 -4.028858e-01   
   4172   3.658603e-01 -2.055730e-01   
   4173   3.565836e-01  2.233837e-01   
   4174   2.930148e-01  3.898618e-01   
   4175   3.500000e-01  2.500000e-01   
   4176   3.114634e-01 -3.756107e-01   
   4177   3.602591e-01  2.152386e-01   
   4178   3.127900e-01  3.521666e-01   
   4179   3.474737e-01 -2.853682e-01   
   4180   3.711002e-01 -1.983346e-01   
   4181   2.859712e-01  4.101469e-01   
   4182   3.651850e-01  2.067710e-01   
   4183   3.557400e-01  2.417623e-01   
   4184   3.055222e-01 -3.957982e-01   
   4185   3.750559e-01 -1.882741e-01   
   4186   3.771111e-01  1.563418e-01   
   4187   3.836530e-01 -1.445589e-01   
   4188   3.877213e-01 -1.157682e-01   
   4189   3.021694e-01  3.829482e-01   
   4190   3.311706e-01 -3.415331e-01   
   4191   3.699119e-01  1.981906e-01   
   4192   3.612863e-01  2.333929e-01   
   4193   3.724917e-01 -2.150575e-01   
   4194   3.217909e-01 -3.686936e-01   
   4195   3.799522e-01 -1.807989e-01   
   4196   3.744372e-01  1.895022e-01   
   4197   2.956638e-01  4.032158e-01   
   4198   3.551882e-01  2.607765e-01   
   4199   3.834342e-01 -1.705648e-01   
   4200   3.146809e-01 -3.885562e-01   
   4201   3.716305e-01 -2.265325e-01   
   4202   3.899664e-01  1.079651e-01   
   4203   3.948718e-01 -8.835392e-02   
   4204   3.666356e-01  2.248963e-01   
   4205   3.684984e-01 -2.419410e-01   
   4206   3.774100e-01 -2.063043e-01   
   4207   3.110827e-01  3.758836e-01   
   4208   3.285074e-01 -3.610873e-01   
   4209   3.868153e-01  1.373600e-01   
   4210   3.603765e-01  2.500001e-01   
   4211   3.441709e-01 -3.231775e-01   
   4212   3.873110e-01 -1.615683e-01   
   4213   3.793580e-01  1.820432e-01   
   4214   3.717852e-01  2.162771e-01   
   4215   4.000864e-01 -6.050651e-02   
   4216   3.821227e-01 -1.974387e-01   
   4217   3.828734e-01  1.718205e-01   
   4218   3.909767e-01 -1.524838e-01   
   4219   3.051056e-01  3.961194e-01   
   4220   3.235895e-01 -3.811691e-01   
   4221   3.664232e-01 -2.655022e-01   
   4222   3.308686e-01  3.417322e-01   
   4223   3.767322e-01  2.075401e-01   
   4224   3.867796e-01  1.628368e-01   
   4225   3.366692e-01 -3.536358e-01   
   4226   3.866271e-01 -1.884655e-01   
   4227   4.032315e-01  3.368411e-02   
   4228   4.043641e-01  1.482834e-02   
   4229   3.951548e-01 -1.445847e-01   
   4230   3.214438e-01  3.689577e-01   
   4231   3.811376e-01 -2.200492e-01   
   4232   3.904752e-01  1.537643e-01   
   4233   3.976673e-01 -1.340705e-01   
   4234   3.814739e-01  1.986900e-01   
   4235   3.909209e-01 -1.793897e-01   
   4236   4.038214e-01  5.986527e-02   
   4237   4.023815e-01  8.113517e-02   
   4238   3.603764e-01  2.762739e-01   
   4239   3.802765e-01 -2.315242e-01   
   4240   3.655647e-01  2.607765e-01   
   4241   3.142965e-01  3.888672e-01   
   4242   3.939579e-01  1.446081e-01   
   4243   3.322481e-01 -3.736458e-01   
   4244   4.073350e-01 -3.513621e-02   
   4245   3.439151e-01  3.233374e-01   
   4246   3.281848e-01  3.613369e-01   
   4247   3.445916e-01 -3.460689e-01   
   4248   3.860077e-01  1.897316e-01   
   4249   3.950017e-01 -1.702160e-01   
   4250   4.020336e-01 -1.241813e-01   
   4251   3.707531e-01  2.500001e-01   
   4252   4.034911e-01 -1.153650e-01   
   4253   4.046916e-01 -1.053877e-01   
   4254   4.097626e-01 -1.347854e-02   
   4255   3.979766e-01  1.366267e-01   
   4256   4.002776e-01  1.260642e-01   
   4257   3.903312e-01  1.806698e-01   
   4258   3.988672e-01 -1.609496e-01   
   4259   3.606349e-01 -3.115944e-01   
   4260   3.232363e-01  3.814686e-01   
   4261   3.406573e-01 -3.659953e-01   
   4262   3.363742e-01  3.538721e-01   
   4263   3.944420e-01  1.715096e-01   
   4264   4.025154e-01 -1.515956e-01   
   4265   4.110740e-01 -7.681143e-02   
   4266   4.044446e-01  1.160894e-01   
   4267   4.057249e-01  1.072456e-01   
   4268   4.097377e-01 -9.574497e-02   
   4269   4.105747e-01 -8.684829e-02   
   4270   4.076943e-01  9.736662e-02   
   4271   3.539225e-01 -3.385163e-01   
   4272   3.983379e-01  1.622559e-01   
   4273   3.897835e-01 -2.250409e-01   
   4274   4.059442e-01 -1.421589e-01   
   4275   3.581202e-01  3.083009e-01   
   4276   3.716017e-01 -2.928346e-01   
   4277   4.152418e-01 -4.799832e-02   
   4278   4.122348e-01  7.859249e-02   
   4279   4.156455e-01 -5.790577e-02   
   4280   3.488179e-01 -3.582263e-01   
   4281   4.020167e-01  1.529139e-01   
   4282   3.319252e-01  3.739327e-01   
   4283   4.115765e-01  8.750417e-02   
   4284   3.597221e-01 -3.306216e-01   
   4285   3.443233e-01  3.462909e-01   
   4286   4.154331e-01 -6.683921e-02   
   4287   4.091519e-01 -1.326447e-01   
   4288   3.759413e-01  2.607766e-01   
   4289   4.139570e-01  6.894882e-02   
   4290   3.857902e-01 -2.519244e-01   
   4291   4.154536e-01  5.926758e-02   
   4292   3.903696e-01 -2.360059e-01   
   4293   4.178951e-01 -3.844422e-02   
   4294   4.054764e-01  1.434884e-01   
   4295   4.167238e-01  4.955404e-02   
   4296   4.186786e-01 -2.867937e-02   
   4297   4.121366e-01 -1.230583e-01   
   4298   3.811296e-01  2.500002e-01   
   4299   4.185824e-01  3.005127e-02   
   4300   4.195609e-01 -9.108111e-03   
   4301   4.196592e-01  6.876359e-04   
   4302   4.087152e-01  1.339848e-01   
   4303   4.189664e-01  3.897898e-02   
   4304   4.203902e-01 -1.800550e-02   
   4305   4.148967e-01 -1.134048e-01   
   4306   4.206197e-01  1.145511e-02   
   4307   4.205472e-01  1.957749e-02   
   4308   3.669326e-01 -3.227567e-01   
   4309   3.567308e-01 -3.503472e-01   
   4310   3.403637e-01  3.662684e-01   
   4311   4.117313e-01  1.244082e-01   
   4312   4.174307e-01 -1.036895e-01   
   4313   3.536841e-01  3.387242e-01   
   4314   3.839953e-01 -2.772195e-01   
   4315   3.714320e-01  2.929287e-01   
   4316   4.145230e-01  1.147638e-01   
   4317   4.197373e-01 -9.391770e-02   
   4318   3.785720e-01  2.741825e-01   
   4319   4.170888e-01  1.050569e-01   
   4320   3.984294e-01 -2.300326e-01   
   4321   4.218152e-01 -8.409473e-02   
   4322   3.739087e-01 -3.148079e-01   
   4323   3.595043e-01  3.308118e-01   
   4324   3.643972e-01 -3.423663e-01   
   4325   4.194274e-01  9.529272e-02   
   4326   3.485525e-01  3.584845e-01   
   4327   4.236632e-01 -7.422594e-02   
   4328   3.975683e-01 -2.415076e-01   
   4329   4.215374e-01  8.547661e-02   
   4330   4.252803e-01 -6.431670e-02   
   4331   3.863178e-01  2.607767e-01   
   4332   4.234177e-01  7.561392e-02   
   4333   4.266657e-01 -5.437242e-02   
   4334   4.250673e-01  6.571004e-02   
   4335   4.278186e-01 -4.439850e-02   
   4336   4.264853e-01  5.577034e-02   
   4337   4.287384e-01 -3.440040e-02   
   4338   3.915062e-01  2.500003e-01   
   4339   4.000234e-01  2.200000e-01   
   4340   4.276709e-01  4.580026e-02   
   4341   4.097550e-01 -2.019305e-01   
   4342   4.294245e-01 -2.438354e-02   
   4343   3.718186e-01 -3.342917e-01   
   4344   3.955269e-01 -2.613792e-01   
   4345   4.286234e-01  3.580522e-02   
   4346   4.298767e-01 -1.435340e-02   
   4347   3.564927e-01  3.505895e-01   
   4348   4.293424e-01  2.579067e-02   
   4349   4.300946e-01 -4.315443e-03   
   4350   4.298274e-01  1.576206e-02   
   4351   4.300782e-01  5.724870e-03   
   4352   3.822476e-01 -3.067610e-01   
   4353   3.683656e-01  3.229789e-01   
   4354   4.050250e-01  2.113150e-01   
   4355   4.143509e-01 -1.930241e-01   
   4356   3.871642e-01 -2.986874e-01   
   4357   3.737374e-01  3.149628e-01   
   4358   3.789967e-01 -3.261311e-01   
   4359   3.641853e-01  3.425916e-01   
   4360   4.070753e-01 -2.350243e-01   
   4361   4.098236e-01  2.025161e-01   
   4362   4.187387e-01 -1.840134e-01   
   4363   4.144165e-01  1.936082e-01   
   4364   4.229160e-01 -1.749031e-01   
   4365   3.859332e-01 -3.178923e-01   
   4366   3.950138e-01 -2.904425e-01   
   4367   3.716320e-01  3.344991e-01   
   4368   3.821023e-01  3.068977e-01   
   4369   4.074668e-01 -2.495880e-01   
   4370   4.097950e-01  2.200479e-01   
   4371   4.018827e-01  2.500004e-01   
   4372   3.897174e-01  2.895428e-01   
   4373   3.995045e-01 -2.823166e-01   
   4374   4.188012e-01  1.845959e-01   
   4375   4.268805e-01 -1.656983e-01   
   4376   4.191245e-01 -2.073399e-01   
   4377   3.870354e-01  2.988039e-01   
   4378   3.988159e-01  2.629640e-01   
   4379   3.926303e-01 -3.095827e-01   
   4380   4.147306e-01  2.099237e-01   
   4381   3.788342e-01  3.263199e-01   
   4382   4.229754e-01  1.754843e-01   
   4383   4.306302e-01 -1.564039e-01   
   4384   3.970331e-01  2.771187e-01   
   4385   4.157212e-01 -2.400160e-01   
   4386   4.269368e-01  1.662782e-01   
   4387   4.341630e-01 -1.470249e-01   
   4388   4.068711e-01 -2.739043e-01   
   4389   3.990900e-01 -3.012095e-01   
   4390   3.857938e-01  3.180615e-01   
   4391   4.109476e-01 -2.657485e-01   
   4392   4.306833e-01  1.569825e-01   
   4393   4.374770e-01 -1.375664e-01   
   4394   4.302887e-01 -1.837965e-01   
   4395   4.289463e-01 -1.973228e-01   
   4396   4.337482e-01 -1.729572e-01   
   4397   4.342129e-01  1.476023e-01   
   4398   4.405703e-01 -1.280335e-01   
   4399   4.053148e-01 -2.927796e-01   
   4400   4.195666e-01  2.200958e-01   
   4401   4.259683e-01  1.936557e-01   
   4402   3.925129e-01  3.097315e-01   
   4403   4.122593e-01  2.500004e-01   
   4404   4.052642e-01  2.741078e-01   
   4405   4.179618e-01 -2.538526e-01   
   4406   4.375237e-01  1.381427e-01   
   4407   4.434414e-01 -1.184313e-01   
   4408   4.284940e-01 -2.127494e-01   
   4409   4.245022e-01  2.099716e-01   
   4410   4.406138e-01  1.286087e-01   
   4411   4.460887e-01 -1.087649e-01   
   4412   4.113071e-01 -2.843000e-01   
   4413   3.989936e-01  3.013372e-01   
   4414   4.396779e-01 -1.643033e-01   
   4415   4.108914e-01  2.657803e-01   
   4416   4.317641e-01  1.859269e-01   
   4417   4.434817e-01  1.190055e-01   
   4418   4.485108e-01 -9.903974e-02   
   4419   4.345170e-01  1.749953e-01   
   4420   4.421370e-01 -1.553834e-01   
   4421   4.243671e-01 -2.450077e-01   
   4422   4.461257e-01  1.093383e-01   
   4423   4.507063e-01 -8.926090e-02   
   4424   4.170695e-01 -2.757771e-01   
   4425   4.384640e-01  1.655212e-01   
   4426   4.485444e-01  9.961224e-02   
   4427   4.052382e-01  2.928856e-01   
   4428   4.526741e-01 -7.943370e-02   
   4429   4.456430e-01 -1.457374e-01   
   4430   4.507366e-01  8.983266e-02   
   4431   4.544130e-01 -6.956345e-02   
   4432   4.421898e-01  1.559580e-01   
   4433   4.489240e-01 -1.360125e-01   
   4434   4.527011e-01  8.000480e-02   
   4435   4.559223e-01 -5.965547e-02   
   4436   4.226049e-01 -2.672173e-01   
   4437   4.293382e-01  2.201437e-01   
   4438   4.511041e-01 -1.248453e-01   
   4439   4.544367e-01  7.013395e-02   
   4440   4.572010e-01 -4.971510e-02   
   4441   4.112493e-01  2.843836e-01   
   4442   4.559426e-01  6.022546e-02   
   4443   4.582484e-01 -3.974772e-02   
   4444   4.456925e-01  1.463108e-01   
   4445   4.226358e-01  2.500005e-01   
   4446   4.572179e-01  5.028466e-02   
   4447   4.590641e-01 -2.975869e-02   
   4448   4.481277e-01  1.351964e-01   
   4449   4.582620e-01  4.031692e-02   
   4450   4.596475e-01 -1.975342e-02   
   4451   4.590743e-01  3.032762e-02   
   4452   4.599983e-01 -9.737289e-03   
   4453   4.596543e-01  2.032215e-02   
   4454   4.601164e-01  2.842868e-04   
   4455   4.342738e-01  2.100195e-01   
   4456   4.279161e-01 -2.586269e-01   
   4457   4.600017e-01  1.030590e-02   
   4458   4.378634e-01 -2.181588e-01   
   4459   4.548039e-01 -1.163474e-01   
   4460   4.170294e-01  2.758378e-01   
   4461   4.564631e-01 -1.050910e-01   
   4462   4.392311e-01  1.954496e-01   
   4463   4.417887e-01 -2.071462e-01   
   4464   4.520210e-01  1.267855e-01   
   4465   4.330130e-01 -2.499994e-01   
   4466   4.548435e-01  1.169178e-01   
   4467   4.597642e-01 -9.643043e-02   
   4468   4.225814e-01  2.672546e-01   
   4469   4.502481e-01 -1.754427e-01   
   4470   4.574359e-01  1.069872e-01   
   4471   4.477042e-01 -1.952125e-01   
   4472   4.544231e-01 -1.599340e-01   
   4473   4.597970e-01  9.699912e-02   
   4474   4.637942e-01 -7.630457e-02   
   4475   4.279080e-01  2.586402e-01   
   4476   4.624254e-01  7.770397e-02   
   4477   4.658009e-01 -5.480402e-02   
   4478   4.619255e-01  8.695887e-02   
   4479   4.654575e-01 -6.617686e-02   
   4480   4.665257e-01 -4.650411e-02   
   4481   4.391098e-01  2.201916e-01   
   4482   4.684574e-01 -2.634961e-02   
   4483   4.503077e-01  1.760146e-01   
   4484   4.654800e-01  6.674363e-02   
   4485   4.677309e-01  3.712374e-02   
   4486   4.330124e-01  2.500006e-01   
   4487   4.669042e-01  5.657953e-02   
   4488   4.690302e-01 -3.560029e-02   
   4489   4.440454e-01  2.100674e-01   
   4490   4.680918e-01  4.638511e-02   
   4491   4.551787e-01  1.573686e-01   
   4492   4.702250e-01 -1.510973e-02   
   4493   4.674066e-01 -8.671725e-02   
   4494   4.697553e-01  2.592725e-02   
   4495   4.704652e-01 -4.849154e-03   
   4496   4.490914e-01  1.913806e-01   
   4497   4.702303e-01  1.567487e-02   
   4498   4.472329e-01 -2.235682e-01   
   4499   4.614663e-01 -1.456600e-01   
   4500   4.516511e-01 -2.145019e-01   
   4501   4.633280e-01  1.346670e-01   
   4502   4.677808e-01 -1.254019e-01   
   4503   4.560734e-01 -2.049315e-01   
   4504   4.758611e-01  5.561595e-03   
   4505   4.716896e-01 -1.048712e-01   
   4506   4.488814e-01  2.202395e-01   
   4507   4.605210e-01 -1.947316e-01   
   4508   4.734642e-01  8.444791e-02   
   4509   4.712196e-01  1.097674e-01   
   4510   4.532790e-01  2.110407e-01   
   4511   4.649639e-01 -1.838712e-01   
   4512   4.577182e-01  2.012313e-01   
   4513   4.793962e-01 -7.366649e-02   
   4514   4.810929e-01  4.275984e-02   
   4515   4.693674e-01 -1.723202e-01   
   4516   4.823478e-01 -5.265342e-02   
   4517   4.621719e-01  1.907804e-01   
   4518   4.830988e-01  2.038925e-02   
   4519   4.810155e-01  6.373859e-02   
   4520   4.843202e-01 -3.152594e-02   
   4521   4.736918e-01 -1.600495e-01   
   4522   4.853093e-01 -1.032966e-02   
   4523   4.666083e-01  1.796573e-01   
   4524   4.778927e-01 -1.470321e-01   
   4525   4.709908e-01  1.678322e-01   
   4526   4.819194e-01 -1.332432e-01   
   4527   4.752780e-01  1.552767e-01   
   4528   4.794227e-01  1.419645e-01   
   4529   4.857155e-01 -1.186612e-01   
   4530   4.833723e-01  1.278719e-01   
   4531   4.892192e-01 -1.032683e-01   
   4532   4.870686e-01  1.129788e-01   
   4533   4.923635e-01 -8.705218e-02   
   4534   4.904474e-01  9.726935e-02   
   4535   4.950750e-01 -7.000598e-02   
   4536   4.934391e-01  8.073309e-02   
   4537   4.972751e-01 -5.212982e-02   
   4538   4.959685e-01  6.336579e-02   
   4539   4.988810e-01 -3.343183e-02   
   4540   4.979554e-01  4.517053e-02   
   4541   4.998060e-01 -1.392914e-02   
   4542   4.993153e-01  2.615873e-02   
   4543   4.999597e-01  6.351214e-03   
  END_COORDINATES
  BOUNDARIES, ELEMENT
    1		1	2	7983	
    2		2	8	7973	
    3		3	1	7992	
    4		8	13	7968	
    5		9	3	7986	
    6		13	19	7961	
    7		14	9	7977	
    8		19	26	7953	
    9		20	14	7967	
    10		26	33	7950	
    11		27	20	7962	
    12		33	42	7941	
    13		34	27	7956	
    14		42	50	7934	
    15		44	34	7949	
    16		50	64	7929	
    17		52	44	7943	
    18		64	81	7910	
    19		66	52	7935	
    20		81	118	7900	
    21		85	66	7928	
    22		92	96	143	
    23		93	92	140	
    24		96	100	146	
    25		98	93	137	
    26		100	104	149	
    27		101	98	134	
    28		104	109	152	
    29		105	101	131	
    30		109	119	155	
    31		113	105	128	
    32		118	173	7895	
    33		119	128	158	
    34		123	85	7914	
    35		124	113	125	
    36		128	146	161	
    37		136	124	122	
    38		146	165	164	
    39		151	136	119	
    40		165	182	167	
    41		172	151	116	
    42		173	232	7887	
    43		178	123	7903	
    44		182	205	170	
    45		191	172	113	
    46		205	233	173	
    47		212	191	110	
    48		232	298	7879	
    49		233	262	176	
    50		239	178	7898	
    51		243	212	107	
    52		262	294	179	
    53		274	243	104	
    54		294	329	182	
    55		298	378	7873	
    56		305	274	101	
    57		311	239	7890	
    58		329	366	185	
    59		347	305	98	
    60		366	407	188	
    61		378	462	7866	
    62		385	347	95	
    63		391	311	7884	
    64		407	447	191	
    65		426	385	92	
    66		447	492	194	
    67		462	543	7856	
    68		469	426	89	
    69		472	391	7872	
    70		492	540	197	
    71		514	469	86	
    72		540	594	200	
    73		543	630	7848	
    74		556	472	7865	
    75		564	514	83	
    76		594	648	203	
    77		616	564	80	
    78		630	730	7842	
    79		648	703	206	
    80		653	556	7857	
    81		672	616	77	
    82		703	761	209	
    83		724	672	74	
    84		730	826	7835	
    85		747	653	7849	
    86		761	820	212	
    87		786	724	71	
    88		820	884	215	
    89		826	930	7829	
    90		846	786	68	
    91		851	747	7845	
    92		884	947	218	
    93		909	846	65	
    94		930	1033	7819	
    95		947	1016	221	
    96		954	851	7839	
    97		975	909	62	
    98		1016	1084	224	
    99		1033	1143	7809	
    100		1037	975	59	
    101		1056	954	7828	
    102		1084	1151	227	
    103		1106	1037	56	
    104		1143	1252	7806	
    105		1151	1221	230	
    106		1169	1056	7822	
    107		1177	1106	53	
    108		1221	1292	233	
    109		1247	1177	50	
    110		1252	1359	7798	
    111		1277	1169	7814	
    112		1292	1361	236	
    113		1319	1247	47	
    114		1359	1476	7790	
    115		1361	1436	239	
    116		1388	1277	7805	
    117		1389	1319	44	
    118		1436	1512	242	
    119		1463	1389	41	
    120		1476	1590	7783	
    121		1505	1388	7800	
    122		1512	1587	245	
    123		1538	1463	38	
    124		1587	1660	248	
    125		1590	1700	7774	
    126		1616	1538	35	
    127		1617	1505	7791	
    128		1660	1739	251	
    129		1687	1616	32	
    130		1700	1813	7767	
    131		1732	1617	7782	
    132		1739	1812	254	
    133		1761	1687	29	
    134		1812	1889	257	
    135		1813	1921	7759	
    136		1834	1761	26	
    137		1839	1732	7775	
    138		1889	1961	260	
    139		1912	1834	23	
    140		1921	2034	7750	
    141		1955	1839	7768	
    142		1961	2036	263	
    143		1990	1912	20	
    144		2034	2148	7742	
    145		2036	2110	266	
    146		2070	1990	17	
    147		2073	1955	7762	
    148		2110	2186	269	
    149		2142	2070	14	
    150		2148	2254	7735	
    151		2181	2073	7755	
    152		2186	2257	272	
    153		2217	2142	12	
    154		2254	2362	7732	
    155		2257	2326	275	
    156		2286	2217	9	
    157		2290	2181	7745	
    158		2326	2400	278	
    159		2360	2286	6	
    160		2362	2463	7641	
    161		2394	2290	7740	
    162		2400	2469	281	
    163		2432	2360	4	
    164		2463	2566	7635	
    165		2469	2539	284	
    166		2504	2432	1	
    167		2505	2394	7731	
    168		2539	2609	287	
    169		2566	2670	7628	
    170		2568	2504	561	
    171		2605	2505	7644	
    172		2609	2677	290	
    173		2635	2568	557	
    174		2670	2764	7619	
    175		2677	2745	293	
    176		2700	2635	554	
    177		2704	2605	7634	
    178		2745	2807	296	
    179		2764	2865	7613	
    180		2766	2700	551	
    181		2806	2704	7627	
    182		2807	2876	299	
    183		2837	2766	548	
    184		2865	2960	7609	
    185		2876	2930	302	
    186		2893	2837	545	
    187		2903	2806	7623	
    188		2930	2997	305	
    189		2956	2893	542	
    190		2960	3053	7603	
    191		2997	3055	308	
    192		3001	2903	7616	
    193		3020	2956	539	
    194		3053	3138	7595	
    195		3055	3112	311	
    196		3080	3020	536	
    197		3090	3001	7610	
    198		3112	3165	314	
    199		3132	3080	533	
    200		3138	3226	7589	
    201		3165	3220	317	
    202		3179	3090	7602	
    203		3189	3132	530	
    204		3220	3267	320	
    205		3226	3307	7581	
    206		3237	3189	527	
    207		3262	3179	7594	
    208		3267	3320	323	
    209		3285	3237	524	
    210		3307	3387	7575	
    211		3320	3365	326	
    212		3335	3285	521	
    213		3341	3262	7588	
    214		3365	3412	329	
    215		3387	3460	7569	
    216		3389	3335	518	
    217		3412	3459	332	
    218		3422	3341	7585	
    219		3429	3389	515	
    220		3459	3497	335	
    221		3460	3530	7564	
    222		3472	3429	512	
    223		3494	3422	7578	
    224		3497	3536	338	
    225		3510	3472	509	
    226		3530	3595	7553	
    227		3536	3575	341	
    228		3549	3510	506	
    229		3564	3494	7572	
    230		3575	3610	344	
    231		3586	3549	503	
    232		3595	3658	7547	
    233		3610	3642	347	
    234		3623	3586	500	
    235		3631	3564	7565	
    236		3642	3676	350	
    237		3656	3623	497	
    238		3658	3720	7543	
    239		3676	3707	353	
    240		3688	3656	494	
    241		3693	3631	7560	
    242		3707	3736	356	
    243		3716	3688	491	
    244		3720	3780	7536	
    245		3736	3766	359	
    246		3745	3716	488	
    247		3754	3693	7550	
    248		3766	3792	362	
    249		3777	3745	485	
    250		3780	3833	7527	
    251		3792	3812	365	
    252		3798	3777	482	
    253		3811	3754	7546	
    254		3812	3838	368	
    255		3823	3798	479	
    256		3833	3882	7522	
    257		3838	3855	371	
    258		3844	3823	476	
    259		3855	3876	374	
    260		3861	3811	7539	
    261		3863	3844	473	
    262		3876	3893	377	
    263		3882	3932	7516	
    264		3883	3863	470	
    265		3893	3906	380	
    266		3898	3883	467	
    267		3906	3926	383	
    268		3908	3861	7530	
    269		3912	3898	464	
    270		3926	3939	386	
    271		3932	3971	7506	
    272		3933	3912	461	
    273		3939	3946	389	
    274		3941	3933	458	
    275		3946	3956	392	
    276		3949	3941	455	
    277		3951	3908	7521	
    278		3956	3970	395	
    279		3960	3949	452	
    280		3970	3977	398	
    281		3971	4006	7499	
    282		3973	3960	449	
    283		3977	3982	401	
    284		3979	3973	446	
    285		3982	3987	404	
    286		3986	3979	443	
    287		3987	3990	407	
    288		3988	3986	440	
    289		3989	3951	7515	
    290		3990	3994	410	
    291		3992	3988	437	
    292		3994	3997	413	
    293		3996	3992	434	
    294		3997	4002	416	
    295		3999	3996	431	
    296		4002	4004	419	
    297		4003	3999	428	
    298		4004	4005	422	
    299		4005	4003	425	
    300		4006	4029	7493	
    301		4022	3989	7510	
    302		4029	4049	7487	
    303		4045	4022	7503	
    304		4049	4061	7480	
    305		4057	4045	7496	
    306		4061	4076	7473	
    307		4072	4057	7488	
    308		4076	4085	7467	
    309		4080	4072	7481	
    310		4085	4096	7460	
    311		4092	4080	7475	
    312		4096	4104	7454	
    313		4103	4092	7470	
    314		4104	4116	7448	
    315		4115	4103	7464	
    316		4116	4124	7441	
    317		4121	4115	7457	
    318		4124	4132	7435	
    319		4131	4121	7451	
    320		4132	4145	7426	
    321		4142	4131	7446	
    322		4145	4156	7419	
    323		4153	4142	7440	
    324		4156	4171	7405	
    325		4170	4153	7431	
    326		4171	4184	7398	
    327		4175	4210	6787	
    328		4181	4170	7425	
    329		4183	4175	6727	
    330		4184	4200	7393	
    331		4192	4183	6772	
    332		4193	4206	6724	
    333		4197	4181	7408	
    334		4200	4220	7292	
    335		4204	4192	6748	
    336		4206	4216	6749	
    337		4210	4251	6785	
    338		4214	4204	6760	
    339		4216	4226	6737	
    340		4219	4197	7402	
    341		4220	4243	6822	
    342		4223	4214	6736	
    343		4226	4235	6761	
    344		4231	4193	6490	
    345		4234	4223	6766	
    346		4235	4249	6731	
    347		4241	4219	7392	
    348		4243	4261	6820	
    349		4248	4234	6742	
    350		4249	4258	6755	
    351		4251	4298	6788	
    352		4257	4248	6754	
    353		4258	4264	6743	
    354		4260	4241	7391	
    355		4261	4280	6811	
    356		4263	4257	6730	
    357		4264	4274	6767	
    358		4272	4263	6769	
    359		4273	4231	6493	
    360		4274	4287	6728	
    361		4280	4309	6809	
    362		4281	4272	6745	
    363		4282	4260	6823	
    364		4287	4297	6752	
    365		4294	4281	6757	
    366		4297	4305	6740	
    367		4298	4338	6784	
    368		4302	4294	6733	
    369		4305	4312	6764	
    370		4309	4324	6807	
    371		4310	4282	6819	
    372		4311	4302	6763	
    373		4312	4317	6734	
    374		4316	4311	6739	
    375		4317	4321	6758	
    376		4319	4316	6751	
    377		4320	4273	6489	
    378		4321	4327	6746	
    379		4324	4343	6805	
    380		4325	4319	6726	
    381		4326	4310	6818	
    382		4327	4330	6770	
    383		4329	4325	6771	
    384		4330	4333	6725	
    385		4332	4329	6747	
    386		4333	4335	6750	
    387		4334	4332	6759	
    388		4335	4337	6738	
    389		4336	4334	6735	
    390		4337	4342	6762	
    391		4338	4371	6789	
    392		4339	4354	6481	
    393		4340	4336	6765	
    394		4341	4376	6657	
    395		4342	4346	6732	
    396		4343	4358	6802	
    397		4345	4340	6741	
    398		4346	4349	6756	
    399		4347	4326	6808	
    400		4348	4345	6753	
    401		4349	4351	6744	
    402		4350	4348	6729	
    403		4351	4350	6768	
    404		4354	4361	6485	
    405		4355	4341	6657	
    406		4358	4365	6798	
    407		4359	4347	6806	
    408		4360	4320	6492	
    409		4361	4363	6486	
    410		4362	4355	6542	
    411		4363	4374	6638	
    412		4364	4362	6685	
    413		4365	4379	6795	
    414		4367	4359	6804	
    415		4370	4339	6481	
    416		4371	4403	6786	
    417		4374	4382	6580	
    418		4375	4364	6570	
    419		4376	4408	6800	
    420		4379	4389	6796	
    421		4381	4367	6803	
    422		4382	4386	6695	
    423		4383	4375	6627	
    424		4385	4360	6488	
    425		4386	4392	6509	
    426		4387	4383	6513	
    427		4389	4399	6792	
    428		4390	4381	6799	
    429		4392	4397	6623	
    430		4393	4387	6699	
    431		4397	4406	6566	
    432		4398	4393	6584	
    433		4399	4412	6783	
    434		4400	4370	6483	
    435		4402	4390	6797	
    436		4403	4445	6776	
    437		4406	4410	6681	
    438		4407	4398	6642	
    439		4408	4458	6801	
    440		4410	4417	6538	
    441		4411	4407	6527	
    442		4412	4424	6782	
    443		4413	4402	6794	
    444		4417	4422	6653	
    445		4418	4411	6670	
    446		4421	4385	6491	
    447		4422	4426	6595	
    448		4423	4418	6555	
    449		4424	4436	6778	
    450		4426	4430	6710	
    451		4427	4413	6791	
    452		4428	4423	6612	
    453		4430	4434	6502	
    454		4431	4428	6498	
    455		4434	4439	6616	
    456		4435	4431	6717	
    457		4436	4456	6775	
    458		4437	4400	6480	
    459		4439	4442	6559	
    460		4440	4435	6602	
    461		4441	4427	6790	
    462		4442	4446	6674	
    463		4443	4440	6660	
    464		4445	4486	6494	
    465		4446	4449	6531	
    466		4447	4443	6545	
    467		4449	4451	6646	
    468		4450	4447	6688	
    469		4451	4453	6588	
    470		4452	4450	6573	
    471		4453	4457	6703	
    472		4454	4452	6631	
    473		4456	4465	6487	
    474		4457	4454	6517	
    475		4458	4498	6773	
    476		4460	4441	6781	
    477		4465	4421	6487	
    478		4468	4460	6777	
    479		4475	4468	6774	
    480		4481	4437	6482	
    481		4486	4475	6494	
    482		4498	4500	6773	
    483		4500	4503	6793	
    484		4503	4507	6810	
    485		4506	4481	6479	
    486		4507	4511	7394	
    487		4510	4506	6779	
    488		4511	4515	7447	
    489		4512	4510	6780	
    490		4515	4521	7484	
    491		4517	4512	6821	
    492		4521	4524	7523	
    493		4523	4517	7420	
    494		4524	4526	7566	
    495		4525	4523	7461	
    496		4526	4529	7604	
    497		4527	4525	7500	
    498		4528	4527	7540	
    499		4529	4531	7657	
    500		4530	4528	7582	
    501		4531	4533	7769	
    502		4532	4530	7620	
    503		4533	4535	7815	
    504		4534	4532	7658	
    505		4535	4537	7859	
    506		4536	4534	7786	
    507		4537	4539	7904	
    508		4538	4536	7832	
    509		4539	4541	7905	
    510		4540	4538	7875	
    511		4541	4543	7999	
    512		4542	4540	7876	
    513		4543	4542	7971	
  END_BOUNDARIES
  MATERIALS
     1     1
     2     1
     3     1
     4     1
     5     1
     6     1
     7     1
     8     1
     9     1
     10     1
     11     1
     12     1
     13     1
     14     1
     15     1
     16     1
     17     1
     18     1
     19     1
     20     1
     21     1
     22     1
     23     1
     24     1
     25     1
     26     1
     27     1
     28     1
     29     1
     30     1
     31     1
     32     1
     33     1
     34     1
     35     1
     36     1
     37     1
     38     1
     39     1
     40     1
     41     1
     42     1
     43     1
     44     1
     45     1
     46     1
     47     1
     48     1
     49     1
     50     1
     51     1
     52     1
     53     1
     54     1
     55     1
     56     1
     57     1
     58     1
     59     1
     60     1
     61     1
     62     1
     63     1
     64     1
     65     1
     66     1
     67     1
     68     1
     69     1
     70     1
     71     1
     72     1
     73     1
     74     1
     75     1
     76     1
     77     1
     78     1
     79     1
     80     1
     81     1
     82     1
     83     1
     84     1
     85     1
     86     1
     87     1
     88     1
     89     1
     90     1
     91     1
     92     1
     93     1
     94     1
     95     1
     96     1
     97     1
     98     1
     99     1
     100     1
     101     1
     102     1
     103     1
     104     1
     105     1
     106     1
     107     1
     108     1
     109     1
     110     1
     111     1
     112     1
     113     1
     114     1
     115     1
     116     1
     117     1
     118     1
     119     1
     120     1
     121     1
     122     1
     123     1
     124     1
     125     1
     126     1
     127     1
     128     1
     129     1
     130     1
     131     1
     132     1
     133     1
     134     1
     135     1
     136     1
     137     1
     138     1
     139     1
     140     1
     141     1
     142     1
     143     1
     144     1
     145     1
     146     1
     147     1
     148     1
     149     1
     150     1
     151     1
     152     1
     153     1
     154     1
     155     1
     156     1
     157     1
     158     1
     159     1
     160     1
     161     1
     162     1
     163     1
     164     1
     165     1
     166     1
     167     1
     168     1
     169     1
     170     1
     171     1
     172     1
     173     1
     174     1
     175     1
     176     1
     177     1
     178     1
     179     1
     180     1
     181     1
     182     1
     183     1
     184     1
     185     1
     186     1
     187     1
     188     1
     189     1
     190     1
     191     1
     192     1
     193     1
     194     1
     195     1
     196     1
     197     1
     198     1
     199     1
     200     1
     201     1
     202     1
     203     1
     204     1
     205     1
     206     1
     207     1
     208     1
     209     1
     210     1
     211     1
     212     1
     213     1
     214     1
     215     1
     216     1
     217     1
     218     1
     219     1
     220     1
     221     1
     222     1
     223     1
     224     1
     225     1
     226     1
     227     1
     228     1
     229     1
     230     1
     231     1
     232     1
     233     1
     234     1
     235     1
     236     1
     237     1
     238     1
     239     1
     240     1
     241     1
     242     1
     243     1
     244     1
     245     1
     246     1
     247     1
     248     1
     249     1
     250     1
     251     1
     252     1
     253     1
     254     1
     255     1
     256     1
     257     1
     258     1
     259     1
     260     1
     261     1
     262     1
     263     1
     264     1
     265     1
     266     1
     267     1
     268     1
     269     1
     270     1
     271     1
     272     1
     273     1
     274     1
     275     1
     276     1
     277     1
     278     1
     279     1
     280     1
     281     1
     282     1
     283     1
     284     1
     285     1
     286     1
     287     1
     288     1
     289     1
     290     1
     291     1
     292     1
     293     1
     294     1
     295     1
     296     1
     297     1
     298     1
     299     1
     300     1
     301     1
     302     1
     303     1
     304     1
     305     1
     306     1
     307     1
     308     1
     309     1
     310     1
     311     1
     312     1
     313     1
     314     1
     315     1
     316     1
     317     1
     318     1
     319     1
     320     1
     321     1
     322     1
     323     1
     324     1
     325     1
     326     1
     327     1
     328     1
     329     1
     330     1
     331     1
     332     1
     333     1
     334     1
     335     1
     336     1
     337     1
     338     1
     339     1
     340     1
     341     1
     342     1
     343     1
     344     1
     345     1
     346     1
     347     1
     348     1
     349     1
     350     1
     351     1
     352     1
     353     1
     354     1
     355     1
     356     1
     357     1
     358     1
     359     1
     360     1
     361     1
     362     1
     363     1
     364     1
     365     1
     366     1
     367     1
     368     1
     369     1
     370     1
     371     1
     372     1
     373     1
     374     1
     375     1
     376     1
     377     1
     378     1
     379     1
     380     1
     381     1
     382     1
     383     1
     384     1
     385     1
     386     1
     387     1
     388     1
     389     1
     390     1
     391     1
     392     1
     393     1
     394     1
     395     1
     396     1
     397     1
     398     1
     399     1
     400     1
     401     1
     402     1
     403     1
     404     1
     405     1
     406     1
     407     1
     408     1
     409     1
     410     1
     411     1
     412     1
     413     1
     414     1
     415     1
     416     1
     417     1
     418     1
     419     1
     420     1
     421     1
     422     1
     423     1
     424     1
     425     1
     426     1
     427     1
     428     1
     429     1
     430     1
     431     1
     432     1
     433     1
     434     1
     435     1
     436     1
     437     1
     438     1
     439     1
     440     1
     441     1
     442     1
     443     1
     444     1
     445     1
     446     1
     447     1
     448     1
     449     1
     450     1
     451     1
     452     1
     453     1
     454     1
     455     1
     456     1
     457     1
     458     1
     459     1
     460     1
     461     1
     462     1
     463     1
     464     1
     465     1
     466     1
     467     1
     468     1
     469     1
     470     1
     471     1
     472     1
     473     1
     474     1
     475     1
     476     1
     477     1
     478     1
     479     1
     480     1
     481     1
     482     1
     483     1
     484     1
     485     1
     486     1
     487     1
     488     1
     489     1
     490     1
     491     1
     492     1
     493     1
     494     1
     495     1
     496     1
     497     1
     498     1
     499     1
     500     1
     501     1
     502     1
     503     1
     504     1
     505     1
     506     1
     507     1
     508     1
     509     1
     510     1
     511     1
     512     1
     513     1
     514     1
     515     1
     516     1
     517     1
     518     1
     519     1
     520     1
     521     1
     522     1
     523     1
     524     1
     525     1
     526     1
     527     1
     528     1
     529     1
     530     1
     531     1
     532     1
     533     1
     534     1
     535     1
     536     1
     537     1
     538     1
     539     1
     540     1
     541     1
     542     1
     543     1
     544     1
     545     1
     546     1
     547     1
     548     1
     549     1
     550     1
     551     1
     552     1
     553     1
     554     1
     555     1
     556     1
     557     1
     558     1
     559     1
     560     1
     561     1
     562     1
     563     1
     564     1
     565     1
     566     1
     567     1
     568     1
     569     1
     570     1
     571     1
     572     1
     573     1
     574     1
     575     1
     576     1
     577     1
     578     1
     579     1
     580     1
     581     1
     582     1
     583     1
     584     1
     585     1
     586     1
     587     1
     588     1
     589     1
     590     1
     591     1
     592     1
     593     1
     594     1
     595     1
     596     1
     597     1
     598     1
     599     1
     600     1
     601     1
     602     1
     603     1
     604     1
     605     1
     606     1
     607     1
     608     1
     609     1
     610     1
     611     1
     612     1
     613     1
     614     1
     615     1
     616     1
     617     1
     618     1
     619     1
     620     1
     621     1
     622     1
     623     1
     624     1
     625     1
     626     1
     627     1
     628     1
     629     1
     630     1
     631     1
     632     1
     633     1
     634     1
     635     1
     636     1
     637     1
     638     1
     639     1
     640     1
     641     1
     642     1
     643     1
     644     1
     645     1
     646     1
     647     1
     648     1
     649     1
     650     1
     651     1
     652     1
     653     1
     654     1
     655     1
     656     1
     657     1
     658     1
     659     1
     660     1
     661     1
     662     1
     663     1
     664     1
     665     1
     666     1
     667     1
     668     1
     669     1
     670     1
     671     1
     672     1
     673     1
     674     1
     675     1
     676     1
     677     1
     678     1
     679     1
     680     1
     681     1
     682     1
     683     1
     684     1
     685     1
     686     1
     687     1
     688     1
     689     1
     690     1
     691     1
     692     1
     693     1
     694     1
     695     1
     696     1
     697     1
     698     1
     699     1
     700     1
     701     1
     702     1
     703     1
     704     1
     705     1
     706     1
     707     1
     708     1
     709     1
     710     1
     711     1
     712     1
     713     1
     714     1
     715     1
     716     1
     717     1
     718     1
     719     1
     720     1
     721     1
     722     1
     723     1
     724     1
     725     1
     726     1
     727     1
     728     1
     729     1
     730     1
     731     1
     732     1
     733     1
     734     1
     735     1
     736     1
     737     1
     738     1
     739     1
     740     1
     741     1
     742     1
     743     1
     744     1
     745     1
     746     1
     747     1
     748     1
     749     1
     750     1
     751     1
     752     1
     753     1
     754     1
     755     1
     756     1
     757     1
     758     1
     759     1
     760     1
     761     1
     762     1
     763     1
     764     1
     765     1
     766     1
     767     1
     768     1
     769     1
     770     1
     771     1
     772     1
     773     1
     774     1
     775     1
     776     1
     777     1
     778     1
     779     1
     780     1
     781     1
     782     1
     783     1
     784     1
     785     1
     786     1
     787     1
     788     1
     789     1
     790     1
     791     1
     792     1
     793     1
     794     1
     795     1
     796     1
     797     1
     798     1
     799     1
     800     1
     801     1
     802     1
     803     1
     804     1
     805     1
     806     1
     807     1
     808     1
     809     1
     810     1
     811     1
     812     1
     813     1
     814     1
     815     1
     816     1
     817     1
     818     1
     819     1
     820     1
     821     1
     822     1
     823     1
     824     1
     825     1
     826     1
     827     1
     828     1
     829     1
     830     1
     831     1
     832     1
     833     1
     834     1
     835     1
     836     1
     837     1
     838     1
     839     1
     840     1
     841     1
     842     1
     843     1
     844     1
     845     1
     846     1
     847     1
     848     1
     849     1
     850     1
     851     1
     852     1
     853     1
     854     1
     855     1
     856     1
     857     1
     858     1
     859     1
     860     1
     861     1
     862     1
     863     1
     864     1
     865     1
     866     1
     867     1
     868     1
     869     1
     870     1
     871     1
     872     1
     873     1
     874     1
     875     1
     876     1
     877     1
     878     1
     879     1
     880     1
     881     1
     882     1
     883     1
     884     1
     885     1
     886     1
     887     1
     888     1
     889     1
     890     1
     891     1
     892     1
     893     1
     894     1
     895     1
     896     1
     897     1
     898     1
     899     1
     900     1
     901     1
     902     1
     903     1
     904     1
     905     1
     906     1
     907     1
     908     1
     909     1
     910     1
     911     1
     912     1
     913     1
     914     1
     915     1
     916     1
     917     1
     918     1
     919     1
     920     1
     921     1
     922     1
     923     1
     924     1
     925     1
     926     1
     927     1
     928     1
     929     1
     930     1
     931     1
     932     1
     933     1
     934     1
     935     1
     936     1
     937     1
     938     1
     939     1
     940     1
     941     1
     942     1
     943     1
     944     1
     945     1
     946     1
     947     1
     948     1
     949     1
     950     1
     951     1
     952     1
     953     1
     954     1
     955     1
     956     1
     957     1
     958     1
     959     1
     960     1
     961     1
     962     1
     963     1
     964     1
     965     1
     966     1
     967     1
     968     1
     969     1
     970     1
     971     1
     972     1
     973     1
     974     1
     975     1
     976     1
     977     1
     978     1
     979     1
     980     1
     981     1
     982     1
     983     1
     984     1
     985     1
     986     1
     987     1
     988     1
     989     1
     990     1
     991     1
     992     1
     993     1
     994     1
     995     1
     996     1
     997     1
     998     1
     999     1
     1000     1
     1001     1
     1002     1
     1003     1
     1004     1
     1005     1
     1006     1
     1007     1
     1008     1
     1009     1
     1010     1
     1011     1
     1012     1
     1013     1
     1014     1
     1015     1
     1016     1
     1017     1
     1018     1
     1019     1
     1020     1
     1021     1
     1022     1
     1023     1
     1024     1
     1025     1
     1026     1
     1027     1
     1028     1
     1029     1
     1030     1
     1031     1
     1032     1
     1033     1
     1034     1
     1035     1
     1036     1
     1037     1
     1038     1
     1039     1
     1040     1
     1041     1
     1042     1
     1043     1
     1044     1
     1045     1
     1046     1
     1047     1
     1048     1
     1049     1
     1050     1
     1051     1
     1052     1
     1053     1
     1054     1
     1055     1
     1056     1
     1057     1
     1058     1
     1059     1
     1060     1
     1061     1
     1062     1
     1063     1
     1064     1
     1065     1
     1066     1
     1067     1
     1068     1
     1069     1
     1070     1
     1071     1
     1072     1
     1073     1
     1074     1
     1075     1
     1076     1
     1077     1
     1078     1
     1079     1
     1080     1
     1081     1
     1082     1
     1083     1
     1084     1
     1085     1
     1086     1
     1087     1
     1088     1
     1089     1
     1090     1
     1091     1
     1092     1
     1093     1
     1094     1
     1095     1
     1096     1
     1097     1
     1098     1
     1099     1
     1100     1
     1101     1
     1102     1
     1103     1
     1104     1
     1105     1
     1106     1
     1107     1
     1108     1
     1109     1
     1110     1
     1111     1
     1112     1
     1113     1
     1114     1
     1115     1
     1116     1
     1117     1
     1118     1
     1119     1
     1120     1
     1121     1
     1122     1
     1123     1
     1124     1
     1125     1
     1126     1
     1127     1
     1128     1
     1129     1
     1130     1
     1131     1
     1132     1
     1133     1
     1134     1
     1135     1
     1136     1
     1137     1
     1138     1
     1139     1
     1140     1
     1141     1
     1142     1
     1143     1
     1144     1
     1145     1
     1146     1
     1147     1
     1148     1
     1149     1
     1150     1
     1151     1
     1152     1
     1153     1
     1154     1
     1155     1
     1156     1
     1157     1
     1158     1
     1159     1
     1160     1
     1161     1
     1162     1
     1163     1
     1164     1
     1165     1
     1166     1
     1167     1
     1168     1
     1169     1
     1170     1
     1171     1
     1172     1
     1173     1
     1174     1
     1175     1
     1176     1
     1177     1
     1178     1
     1179     1
     1180     1
     1181     1
     1182     1
     1183     1
     1184     1
     1185     1
     1186     1
     1187     1
     1188     1
     1189     1
     1190     1
     1191     1
     1192     1
     1193     1
     1194     1
     1195     1
     1196     1
     1197     1
     1198     1
     1199     1
     1200     1
     1201     1
     1202     1
     1203     1
     1204     1
     1205     1
     1206     1
     1207     1
     1208     1
     1209     1
     1210     1
     1211     1
     1212     1
     1213     1
     1214     1
     1215     1
     1216     1
     1217     1
     1218     1
     1219     1
     1220     1
     1221     1
     1222     1
     1223     1
     1224     1
     1225     1
     1226     1
     1227     1
     1228     1
     1229     1
     1230     1
     1231     1
     1232     1
     1233     1
     1234     1
     1235     1
     1236     1
     1237     1
     1238     1
     1239     1
     1240     1
     1241     1
     1242     1
     1243     1
     1244     1
     1245     1
     1246     1
     1247     1
     1248     1
     1249     1
     1250     1
     1251     1
     1252     1
     1253     1
     1254     1
     1255     1
     1256     1
     1257     1
     1258     1
     1259     1
     1260     1
     1261     1
     1262     1
     1263     1
     1264     1
     1265     1
     1266     1
     1267     1
     1268     1
     1269     1
     1270     1
     1271     1
     1272     1
     1273     1
     1274     1
     1275     1
     1276     1
     1277     1
     1278     1
     1279     1
     1280     1
     1281     1
     1282     1
     1283     1
     1284     1
     1285     1
     1286     1
     1287     1
     1288     1
     1289     1
     1290     1
     1291     1
     1292     1
     1293     1
     1294     1
     1295     1
     1296     1
     1297     1
     1298     1
     1299     1
     1300     1
     1301     1
     1302     1
     1303     1
     1304     1
     1305     1
     1306     1
     1307     1
     1308     1
     1309     1
     1310     1
     1311     1
     1312     1
     1313     1
     1314     1
     1315     1
     1316     1
     1317     1
     1318     1
     1319     1
     1320     1
     1321     1
     1322     1
     1323     1
     1324     1
     1325     1
     1326     1
     1327     1
     1328     1
     1329     1
     1330     1
     1331     1
     1332     1
     1333     1
     1334     1
     1335     1
     1336     1
     1337     1
     1338     1
     1339     1
     1340     1
     1341     1
     1342     1
     1343     1
     1344     1
     1345     1
     1346     1
     1347     1
     1348     1
     1349     1
     1350     1
     1351     1
     1352     1
     1353     1
     1354     1
     1355     1
     1356     1
     1357     1
     1358     1
     1359     1
     1360     1
     1361     1
     1362     1
     1363     1
     1364     1
     1365     1
     1366     1
     1367     1
     1368     1
     1369     1
     1370     1
     1371     1
     1372     1
     1373     1
     1374     1
     1375     1
     1376     1
     1377     1
     1378     1
     1379     1
     1380     1
     1381     1
     1382     1
     1383     1
     1384     1
     1385     1
     1386     1
     1387     1
     1388     1
     1389     1
     1390     1
     1391     1
     1392     1
     1393     1
     1394     1
     1395     1
     1396     1
     1397     1
     1398     1
     1399     1
     1400     1
     1401     1
     1402     1
     1403     1
     1404     1
     1405     1
     1406     1
     1407     1
     1408     1
     1409     1
     1410     1
     1411     1
     1412     1
     1413     1
     1414     1
     1415     1
     1416     1
     1417     1
     1418     1
     1419     1
     1420     1
     1421     1
     1422     1
     1423     1
     1424     1
     1425     1
     1426     1
     1427     1
     1428     1
     1429     1
     1430     1
     1431     1
     1432     1
     1433     1
     1434     1
     1435     1
     1436     1
     1437     1
     1438     1
     1439     1
     1440     1
     1441     1
     1442     1
     1443     1
     1444     1
     1445     1
     1446     1
     1447     1
     1448     1
     1449     1
     1450     1
     1451     1
     1452     1
     1453     1
     1454     1
     1455     1
     1456     1
     1457     1
     1458     1
     1459     1
     1460     1
     1461     1
     1462     1
     1463     1
     1464     1
     1465     1
     1466     1
     1467     1
     1468     1
     1469     1
     1470     1
     1471     1
     1472     1
     1473     1
     1474     1
     1475     1
     1476     1
     1477     1
     1478     1
     1479     1
     1480     1
     1481     1
     1482     1
     1483     1
     1484     1
     1485     1
     1486     1
     1487     1
     1488     1
     1489     1
     1490     1
     1491     1
     1492     1
     1493     1
     1494     1
     1495     1
     1496     1
     1497     1
     1498     1
     1499     1
     1500     1
     1501     1
     1502     1
     1503     1
     1504     1
     1505     1
     1506     1
     1507     1
     1508     1
     1509     1
     1510     1
     1511     1
     1512     1
     1513     1
     1514     1
     1515     1
     1516     1
     1517     1
     1518     1
     1519     1
     1520     1
     1521     1
     1522     1
     1523     1
     1524     1
     1525     1
     1526     1
     1527     1
     1528     1
     1529     1
     1530     1
     1531     1
     1532     1
     1533     1
     1534     1
     1535     1
     1536     1
     1537     1
     1538     1
     1539     1
     1540     1
     1541     1
     1542     1
     1543     1
     1544     1
     1545     1
     1546     1
     1547     1
     1548     1
     1549     1
     1550     1
     1551     1
     1552     1
     1553     1
     1554     1
     1555     1
     1556     1
     1557     1
     1558     1
     1559     1
     1560     1
     1561     1
     1562     1
     1563     1
     1564     1
     1565     1
     1566     1
     1567     1
     1568     1
     1569     1
     1570     1
     1571     1
     1572     1
     1573     1
     1574     1
     1575     1
     1576     1
     1577     1
     1578     1
     1579     1
     1580     1
     1581     1
     1582     1
     1583     1
     1584     1
     1585     1
     1586     1
     1587     1
     1588     1
     1589     1
     1590     1
     1591     1
     1592     1
     1593     1
     1594     1
     1595     1
     1596     1
     1597     1
     1598     1
     1599     1
     1600     1
     1601     1
     1602     1
     1603     1
     1604     1
     1605     1
     1606     1
     1607     1
     1608     1
     1609     1
     1610     1
     1611     1
     1612     1
     1613     1
     1614     1
     1615     1
     1616     1
     1617     1
     1618     1
     1619     1
     1620     1
     1621     1
     1622     1
     1623     1
     1624     1
     1625     1
     1626     1
     1627     1
     1628     1
     1629     1
     1630     1
     1631     1
     1632     1
     1633     1
     1634     1
     1635     1
     1636     1
     1637     1
     1638     1
     1639     1
     1640     1
     1641     1
     1642     1
     1643     1
     1644     1
     1645     1
     1646     1
     1647     1
     1648     1
     1649     1
     1650     1
     1651     1
     1652     1
     1653     1
     1654     1
     1655     1
     1656     1
     1657     1
     1658     1
     1659     1
     1660     1
     1661     1
     1662     1
     1663     1
     1664     1
     1665     1
     1666     1
     1667     1
     1668     1
     1669     1
     1670     1
     1671     1
     1672     1
     1673     1
     1674     1
     1675     1
     1676     1
     1677     1
     1678     1
     1679     1
     1680     1
     1681     1
     1682     1
     1683     1
     1684     1
     1685     1
     1686     1
     1687     1
     1688     1
     1689     1
     1690     1
     1691     1
     1692     1
     1693     1
     1694     1
     1695     1
     1696     1
     1697     1
     1698     1
     1699     1
     1700     1
     1701     1
     1702     1
     1703     1
     1704     1
     1705     1
     1706     1
     1707     1
     1708     1
     1709     1
     1710     1
     1711     1
     1712     1
     1713     1
     1714     1
     1715     1
     1716     1
     1717     1
     1718     1
     1719     1
     1720     1
     1721     1
     1722     1
     1723     1
     1724     1
     1725     1
     1726     1
     1727     1
     1728     1
     1729     1
     1730     1
     1731     1
     1732     1
     1733     1
     1734     1
     1735     1
     1736     1
     1737     1
     1738     1
     1739     1
     1740     1
     1741     1
     1742     1
     1743     1
     1744     1
     1745     1
     1746     1
     1747     1
     1748     1
     1749     1
     1750     1
     1751     1
     1752     1
     1753     1
     1754     1
     1755     1
     1756     1
     1757     1
     1758     1
     1759     1
     1760     1
     1761     1
     1762     1
     1763     1
     1764     1
     1765     1
     1766     1
     1767     1
     1768     1
     1769     1
     1770     1
     1771     1
     1772     1
     1773     1
     1774     1
     1775     1
     1776     1
     1777     1
     1778     1
     1779     1
     1780     1
     1781     1
     1782     1
     1783     1
     1784     1
     1785     1
     1786     1
     1787     1
     1788     1
     1789     1
     1790     1
     1791     1
     1792     1
     1793     1
     1794     1
     1795     1
     1796     1
     1797     1
     1798     1
     1799     1
     1800     1
     1801     1
     1802     1
     1803     1
     1804     1
     1805     1
     1806     1
     1807     1
     1808     1
     1809     1
     1810     1
     1811     1
     1812     1
     1813     1
     1814     1
     1815     1
     1816     1
     1817     1
     1818     1
     1819     1
     1820     1
     1821     1
     1822     1
     1823     1
     1824     1
     1825     1
     1826     1
     1827     1
     1828     1
     1829     1
     1830     1
     1831     1
     1832     1
     1833     1
     1834     1
     1835     1
     1836     1
     1837     1
     1838     1
     1839     1
     1840     1
     1841     1
     1842     1
     1843     1
     1844     1
     1845     1
     1846     1
     1847     1
     1848     1
     1849     1
     1850     1
     1851     1
     1852     1
     1853     1
     1854     1
     1855     1
     1856     1
     1857     1
     1858     1
     1859     1
     1860     1
     1861     1
     1862     1
     1863     1
     1864     1
     1865     1
     1866     1
     1867     1
     1868     1
     1869     1
     1870     1
     1871     1
     1872     1
     1873     1
     1874     1
     1875     1
     1876     1
     1877     1
     1878     1
     1879     1
     1880     1
     1881     1
     1882     1
     1883     1
     1884     1
     1885     1
     1886     1
     1887     1
     1888     1
     1889     1
     1890     1
     1891     1
     1892     1
     1893     1
     1894     1
     1895     1
     1896     1
     1897     1
     1898     1
     1899     1
     1900     1
     1901     1
     1902     1
     1903     1
     1904     1
     1905     1
     1906     1
     1907     1
     1908     1
     1909     1
     1910     1
     1911     1
     1912     1
     1913     1
     1914     1
     1915     1
     1916     1
     1917     1
     1918     1
     1919     1
     1920     1
     1921     1
     1922     1
     1923     1
     1924     1
     1925     1
     1926     1
     1927     1
     1928     1
     1929     1
     1930     1
     1931     1
     1932     1
     1933     1
     1934     1
     1935     1
     1936     1
     1937     1
     1938     1
     1939     1
     1940     1
     1941     1
     1942     1
     1943     1
     1944     1
     1945     1
     1946     1
     1947     1
     1948     1
     1949     1
     1950     1
     1951     1
     1952     1
     1953     1
     1954     1
     1955     1
     1956     1
     1957     1
     1958     1
     1959     1
     1960     1
     1961     1
     1962     1
     1963     1
     1964     1
     1965     1
     1966     1
     1967     1
     1968     1
     1969     1
     1970     1
     1971     1
     1972     1
     1973     1
     1974     1
     1975     1
     1976     1
     1977     1
     1978     1
     1979     1
     1980     1
     1981     1
     1982     1
     1983     1
     1984     1
     1985     1
     1986     1
     1987     1
     1988     1
     1989     1
     1990     1
     1991     1
     1992     1
     1993     1
     1994     1
     1995     1
     1996     1
     1997     1
     1998     1
     1999     1
     2000     1
     2001     1
     2002     1
     2003     1
     2004     1
     2005     1
     2006     1
     2007     1
     2008     1
     2009     1
     2010     1
     2011     1
     2012     1
     2013     1
     2014     1
     2015     1
     2016     1
     2017     1
     2018     1
     2019     1
     2020     1
     2021     1
     2022     1
     2023     1
     2024     1
     2025     1
     2026     1
     2027     1
     2028     1
     2029     1
     2030     1
     2031     1
     2032     1
     2033     1
     2034     1
     2035     1
     2036     1
     2037     1
     2038     1
     2039     1
     2040     1
     2041     1
     2042     1
     2043     1
     2044     1
     2045     1
     2046     1
     2047     1
     2048     1
     2049     1
     2050     1
     2051     1
     2052     1
     2053     1
     2054     1
     2055     1
     2056     1
     2057     1
     2058     1
     2059     1
     2060     1
     2061     1
     2062     1
     2063     1
     2064     1
     2065     1
     2066     1
     2067     1
     2068     1
     2069     1
     2070     1
     2071     1
     2072     1
     2073     1
     2074     1
     2075     1
     2076     1
     2077     1
     2078     1
     2079     1
     2080     1
     2081     1
     2082     1
     2083     1
     2084     1
     2085     1
     2086     1
     2087     1
     2088     1
     2089     1
     2090     1
     2091     1
     2092     1
     2093     1
     2094     1
     2095     1
     2096     1
     2097     1
     2098     1
     2099     1
     2100     1
     2101     1
     2102     1
     2103     1
     2104     1
     2105     1
     2106     1
     2107     1
     2108     1
     2109     1
     2110     1
     2111     1
     2112     1
     2113     1
     2114     1
     2115     1
     2116     1
     2117     1
     2118     1
     2119     1
     2120     1
     2121     1
     2122     1
     2123     1
     2124     1
     2125     1
     2126     1
     2127     1
     2128     1
     2129     1
     2130     1
     2131     1
     2132     1
     2133     1
     2134     1
     2135     1
     2136     1
     2137     1
     2138     1
     2139     1
     2140     1
     2141     1
     2142     1
     2143     1
     2144     1
     2145     1
     2146     1
     2147     1
     2148     1
     2149     1
     2150     1
     2151     1
     2152     1
     2153     1
     2154     1
     2155     1
     2156     1
     2157     1
     2158     1
     2159     1
     2160     1
     2161     1
     2162     1
     2163     1
     2164     1
     2165     1
     2166     1
     2167     1
     2168     1
     2169     1
     2170     1
     2171     1
     2172     1
     2173     1
     2174     1
     2175     1
     2176     1
     2177     1
     2178     1
     2179     1
     2180     1
     2181     1
     2182     1
     2183     1
     2184     1
     2185     1
     2186     1
     2187     1
     2188     1
     2189     1
     2190     1
     2191     1
     2192     1
     2193     1
     2194     1
     2195     1
     2196     1
     2197     1
     2198     1
     2199     1
     2200     1
     2201     1
     2202     1
     2203     1
     2204     1
     2205     1
     2206     1
     2207     1
     2208     1
     2209     1
     2210     1
     2211     1
     2212     1
     2213     1
     2214     1
     2215     1
     2216     1
     2217     1
     2218     1
     2219     1
     2220     1
     2221     1
     2222     1
     2223     1
     2224     1
     2225     1
     2226     1
     2227     1
     2228     1
     2229     1
     2230     1
     2231     1
     2232     1
     2233     1
     2234     1
     2235     1
     2236     1
     2237     1
     2238     1
     2239     1
     2240     1
     2241     1
     2242     1
     2243     1
     2244     1
     2245     1
     2246     1
     2247     1
     2248     1
     2249     1
     2250     1
     2251     1
     2252     1
     2253     1
     2254     1
     2255     1
     2256     1
     2257     1
     2258     1
     2259     1
     2260     1
     2261     1
     2262     1
     2263     1
     2264     1
     2265     1
     2266     1
     2267     1
     2268     1
     2269     1
     2270     1
     2271     1
     2272     1
     2273     1
     2274     1
     2275     1
     2276     1
     2277     1
     2278     1
     2279     1
     2280     1
     2281     1
     2282     1
     2283     1
     2284     1
     2285     1
     2286     1
     2287     1
     2288     1
     2289     1
     2290     1
     2291     1
     2292     1
     2293     1
     2294     1
     2295     1
     2296     1
     2297     1
     2298     1
     2299     1
     2300     1
     2301     1
     2302     1
     2303     1
     2304     1
     2305     1
     2306     1
     2307     1
     2308     1
     2309     1
     2310     1
     2311     1
     2312     1
     2313     1
     2314     1
     2315     1
     2316     1
     2317     1
     2318     1
     2319     1
     2320     1
     2321     1
     2322     1
     2323     1
     2324     1
     2325     1
     2326     1
     2327     1
     2328     1
     2329     1
     2330     1
     2331     1
     2332     1
     2333     1
     2334     1
     2335     1
     2336     1
     2337     1
     2338     1
     2339     1
     2340     1
     2341     1
     2342     1
     2343     1
     2344     1
     2345     1
     2346     1
     2347     1
     2348     1
     2349     1
     2350     1
     2351     1
     2352     1
     2353     1
     2354     1
     2355     1
     2356     1
     2357     1
     2358     1
     2359     1
     2360     1
     2361     1
     2362     1
     2363     1
     2364     1
     2365     1
     2366     1
     2367     1
     2368     1
     2369     1
     2370     1
     2371     1
     2372     1
     2373     1
     2374     1
     2375     1
     2376     1
     2377     1
     2378     1
     2379     1
     2380     1
     2381     1
     2382     1
     2383     1
     2384     1
     2385     1
     2386     1
     2387     1
     2388     1
     2389     1
     2390     1
     2391     1
     2392     1
     2393     1
     2394     1
     2395     1
     2396     1
     2397     1
     2398     1
     2399     1
     2400     1
     2401     1
     2402     1
     2403     1
     2404     1
     2405     1
     2406     1
     2407     1
     2408     1
     2409     1
     2410     1
     2411     1
     2412     1
     2413     1
     2414     1
     2415     1
     2416     1
     2417     1
     2418     1
     2419     1
     2420     1
     2421     1
     2422     1
     2423     1
     2424     1
     2425     1
     2426     1
     2427     1
     2428     1
     2429     1
     2430     1
     2431     1
     2432     1
     2433     1
     2434     1
     2435     1
     2436     1
     2437     1
     2438     1
     2439     1
     2440     1
     2441     1
     2442     1
     2443     1
     2444     1
     2445     1
     2446     1
     2447     1
     2448     1
     2449     1
     2450     1
     2451     1
     2452     1
     2453     1
     2454     1
     2455     1
     2456     1
     2457     1
     2458     1
     2459     1
     2460     1
     2461     1
     2462     1
     2463     1
     2464     1
     2465     1
     2466     1
     2467     1
     2468     1
     2469     1
     2470     1
     2471     1
     2472     1
     2473     1
     2474     1
     2475     1
     2476     1
     2477     1
     2478     1
     2479     1
     2480     1
     2481     1
     2482     1
     2483     1
     2484     1
     2485     1
     2486     1
     2487     1
     2488     1
     2489     1
     2490     1
     2491     1
     2492     1
     2493     1
     2494     1
     2495     1
     2496     1
     2497     1
     2498     1
     2499     1
     2500     1
     2501     1
     2502     1
     2503     1
     2504     1
     2505     1
     2506     1
     2507     1
     2508     1
     2509     1
     2510     1
     2511     1
     2512     1
     2513     1
     2514     1
     2515     1
     2516     1
     2517     1
     2518     1
     2519     1
     2520     1
     2521     1
     2522     1
     2523     1
     2524     1
     2525     1
     2526     1
     2527     1
     2528     1
     2529     1
     2530     1
     2531     1
     2532     1
     2533     1
     2534     1
     2535     1
     2536     1
     2537     1
     2538     1
     2539     1
     2540     1
     2541     1
     2542     1
     2543     1
     2544     1
     2545     1
     2546     1
     2547     1
     2548     1
     2549     1
     2550     1
     2551     1
     2552     1
     2553     1
     2554     1
     2555     1
     2556     1
     2557     1
     2558     1
     2559     1
     2560     1
     2561     1
     2562     1
     2563     1
     2564     1
     2565     1
     2566     1
     2567     1
     2568     1
     2569     1
     2570     1
     2571     1
     2572     1
     2573     1
     2574     1
     2575     1
     2576     1
     2577     1
     2578     1
     2579     1
     2580     1
     2581     1
     2582     1
     2583     1
     2584     1
     2585     1
     2586     1
     2587     1
     2588     1
     2589     1
     2590     1
     2591     1
     2592     1
     2593     1
     2594     1
     2595     1
     2596     1
     2597     1
     2598     1
     2599     1
     2600     1
     2601     1
     2602     1
     2603     1
     2604     1
     2605     1
     2606     1
     2607     1
     2608     1
     2609     1
     2610     1
     2611     1
     2612     1
     2613     1
     2614     1
     2615     1
     2616     1
     2617     1
     2618     1
     2619     1
     2620     1
     2621     1
     2622     1
     2623     1
     2624     1
     2625     1
     2626     1
     2627     1
     2628     1
     2629     1
     2630     1
     2631     1
     2632     1
     2633     1
     2634     1
     2635     1
     2636     1
     2637     1
     2638     1
     2639     1
     2640     1
     2641     1
     2642     1
     2643     1
     2644     1
     2645     1
     2646     1
     2647     1
     2648     1
     2649     1
     2650     1
     2651     1
     2652     1
     2653     1
     2654     1
     2655     1
     2656     1
     2657     1
     2658     1
     2659     1
     2660     1
     2661     1
     2662     1
     2663     1
     2664     1
     2665     1
     2666     1
     2667     1
     2668     1
     2669     1
     2670     1
     2671     1
     2672     1
     2673     1
     2674     1
     2675     1
     2676     1
     2677     1
     2678     1
     2679     1
     2680     1
     2681     1
     2682     1
     2683     1
     2684     1
     2685     1
     2686     1
     2687     1
     2688     1
     2689     1
     2690     1
     2691     1
     2692     1
     2693     1
     2694     1
     2695     1
     2696     1
     2697     1
     2698     1
     2699     1
     2700     1
     2701     1
     2702     1
     2703     1
     2704     1
     2705     1
     2706     1
     2707     1
     2708     1
     2709     1
     2710     1
     2711     1
     2712     1
     2713     1
     2714     1
     2715     1
     2716     1
     2717     1
     2718     1
     2719     1
     2720     1
     2721     1
     2722     1
     2723     1
     2724     1
     2725     1
     2726     1
     2727     1
     2728     1
     2729     1
     2730     1
     2731     1
     2732     1
     2733     1
     2734     1
     2735     1
     2736     1
     2737     1
     2738     1
     2739     1
     2740     1
     2741     1
     2742     1
     2743     1
     2744     1
     2745     1
     2746     1
     2747     1
     2748     1
     2749     1
     2750     1
     2751     1
     2752     1
     2753     1
     2754     1
     2755     1
     2756     1
     2757     1
     2758     1
     2759     1
     2760     1
     2761     1
     2762     1
     2763     1
     2764     1
     2765     1
     2766     1
     2767     1
     2768     1
     2769     1
     2770     1
     2771     1
     2772     1
     2773     1
     2774     1
     2775     1
     2776     1
     2777     1
     2778     1
     2779     1
     2780     1
     2781     1
     2782     1
     2783     1
     2784     1
     2785     1
     2786     1
     2787     1
     2788     1
     2789     1
     2790     1
     2791     1
     2792     1
     2793     1
     2794     1
     2795     1
     2796     1
     2797     1
     2798     1
     2799     1
     2800     1
     2801     1
     2802     1
     2803     1
     2804     1
     2805     1
     2806     1
     2807     1
     2808     1
     2809     1
     2810     1
     2811     1
     2812     1
     2813     1
     2814     1
     2815     1
     2816     1
     2817     1
     2818     1
     2819     1
     2820     1
     2821     1
     2822     1
     2823     1
     2824     1
     2825     1
     2826     1
     2827     1
     2828     1
     2829     1
     2830     1
     2831     1
     2832     1
     2833     1
     2834     1
     2835     1
     2836     1
     2837     1
     2838     1
     2839     1
     2840     1
     2841     1
     2842     1
     2843     1
     2844     1
     2845     1
     2846     1
     2847     1
     2848     1
     2849     1
     2850     1
     2851     1
     2852     1
     2853     1
     2854     1
     2855     1
     2856     1
     2857     1
     2858     1
     2859     1
     2860     1
     2861     1
     2862     1
     2863     1
     2864     1
     2865     1
     2866     1
     2867     1
     2868     1
     2869     1
     2870     1
     2871     1
     2872     1
     2873     1
     2874     1
     2875     1
     2876     1
     2877     1
     2878     1
     2879     1
     2880     1
     2881     1
     2882     1
     2883     1
     2884     1
     2885     1
     2886     1
     2887     1
     2888     1
     2889     1
     2890     1
     2891     1
     2892     1
     2893     1
     2894     1
     2895     1
     2896     1
     2897     1
     2898     1
     2899     1
     2900     1
     2901     1
     2902     1
     2903     1
     2904     1
     2905     1
     2906     1
     2907     1
     2908     1
     2909     1
     2910     1
     2911     1
     2912     1
     2913     1
     2914     1
     2915     1
     2916     1
     2917     1
     2918     1
     2919     1
     2920     1
     2921     1
     2922     1
     2923     1
     2924     1
     2925     1
     2926     1
     2927     1
     2928     1
     2929     1
     2930     1
     2931     1
     2932     1
     2933     1
     2934     1
     2935     1
     2936     1
     2937     1
     2938     1
     2939     1
     2940     1
     2941     1
     2942     1
     2943     1
     2944     1
     2945     1
     2946     1
     2947     1
     2948     1
     2949     1
     2950     1
     2951     1
     2952     1
     2953     1
     2954     1
     2955     1
     2956     1
     2957     1
     2958     1
     2959     1
     2960     1
     2961     1
     2962     1
     2963     1
     2964     1
     2965     1
     2966     1
     2967     1
     2968     1
     2969     1
     2970     1
     2971     1
     2972     1
     2973     1
     2974     1
     2975     1
     2976     1
     2977     1
     2978     1
     2979     1
     2980     1
     2981     1
     2982     1
     2983     1
     2984     1
     2985     1
     2986     1
     2987     1
     2988     1
     2989     1
     2990     1
     2991     1
     2992     1
     2993     1
     2994     1
     2995     1
     2996     1
     2997     1
     2998     1
     2999     1
     3000     1
     3001     1
     3002     1
     3003     1
     3004     1
     3005     1
     3006     1
     3007     1
     3008     1
     3009     1
     3010     1
     3011     1
     3012     1
     3013     1
     3014     1
     3015     1
     3016     1
     3017     1
     3018     1
     3019     1
     3020     1
     3021     1
     3022     1
     3023     1
     3024     1
     3025     1
     3026     1
     3027     1
     3028     1
     3029     1
     3030     1
     3031     1
     3032     1
     3033     1
     3034     1
     3035     1
     3036     1
     3037     1
     3038     1
     3039     1
     3040     1
     3041     1
     3042     1
     3043     1
     3044     1
     3045     1
     3046     1
     3047     1
     3048     1
     3049     1
     3050     1
     3051     1
     3052     1
     3053     1
     3054     1
     3055     1
     3056     1
     3057     1
     3058     1
     3059     1
     3060     1
     3061     1
     3062     1
     3063     1
     3064     1
     3065     1
     3066     1
     3067     1
     3068     1
     3069     1
     3070     1
     3071     1
     3072     1
     3073     1
     3074     1
     3075     1
     3076     1
     3077     1
     3078     1
     3079     1
     3080     1
     3081     1
     3082     1
     3083     1
     3084     1
     3085     1
     3086     1
     3087     1
     3088     1
     3089     1
     3090     1
     3091     1
     3092     1
     3093     1
     3094     1
     3095     1
     3096     1
     3097     1
     3098     1
     3099     1
     3100     1
     3101     1
     3102     1
     3103     1
     3104     1
     3105     1
     3106     1
     3107     1
     3108     1
     3109     1
     3110     1
     3111     1
     3112     1
     3113     1
     3114     1
     3115     1
     3116     1
     3117     1
     3118     1
     3119     1
     3120     1
     3121     1
     3122     1
     3123     1
     3124     1
     3125     1
     3126     1
     3127     1
     3128     1
     3129     1
     3130     1
     3131     1
     3132     1
     3133     1
     3134     1
     3135     1
     3136     1
     3137     1
     3138     1
     3139     1
     3140     1
     3141     1
     3142     1
     3143     1
     3144     1
     3145     1
     3146     1
     3147     1
     3148     1
     3149     1
     3150     1
     3151     1
     3152     1
     3153     1
     3154     1
     3155     1
     3156     1
     3157     1
     3158     1
     3159     1
     3160     1
     3161     1
     3162     1
     3163     1
     3164     1
     3165     1
     3166     1
     3167     1
     3168     1
     3169     1
     3170     1
     3171     1
     3172     1
     3173     1
     3174     1
     3175     1
     3176     1
     3177     1
     3178     1
     3179     1
     3180     1
     3181     1
     3182     1
     3183     1
     3184     1
     3185     1
     3186     1
     3187     1
     3188     1
     3189     1
     3190     1
     3191     1
     3192     1
     3193     1
     3194     1
     3195     1
     3196     1
     3197     1
     3198     1
     3199     1
     3200     1
     3201     1
     3202     1
     3203     1
     3204     1
     3205     1
     3206     1
     3207     1
     3208     1
     3209     1
     3210     1
     3211     1
     3212     1
     3213     1
     3214     1
     3215     1
     3216     1
     3217     1
     3218     1
     3219     1
     3220     1
     3221     1
     3222     1
     3223     1
     3224     1
     3225     1
     3226     1
     3227     1
     3228     1
     3229     1
     3230     1
     3231     1
     3232     1
     3233     1
     3234     1
     3235     1
     3236     1
     3237     1
     3238     1
     3239     1
     3240     1
     3241     1
     3242     1
     3243     1
     3244     1
     3245     1
     3246     1
     3247     1
     3248     1
     3249     1
     3250     1
     3251     1
     3252     1
     3253     1
     3254     1
     3255     1
     3256     1
     3257     1
     3258     1
     3259     1
     3260     1
     3261     1
     3262     1
     3263     1
     3264     1
     3265     1
     3266     1
     3267     1
     3268     1
     3269     1
     3270     1
     3271     1
     3272     1
     3273     1
     3274     1
     3275     1
     3276     1
     3277     1
     3278     1
     3279     1
     3280     1
     3281     1
     3282     1
     3283     1
     3284     1
     3285     1
     3286     1
     3287     1
     3288     1
     3289     1
     3290     1
     3291     1
     3292     1
     3293     1
     3294     1
     3295     1
     3296     1
     3297     1
     3298     1
     3299     1
     3300     1
     3301     1
     3302     1
     3303     1
     3304     1
     3305     1
     3306     1
     3307     1
     3308     1
     3309     1
     3310     1
     3311     1
     3312     1
     3313     1
     3314     1
     3315     1
     3316     1
     3317     1
     3318     1
     3319     1
     3320     1
     3321     1
     3322     1
     3323     1
     3324     1
     3325     1
     3326     1
     3327     1
     3328     1
     3329     1
     3330     1
     3331     1
     3332     1
     3333     1
     3334     1
     3335     1
     3336     1
     3337     1
     3338     1
     3339     1
     3340     1
     3341     1
     3342     1
     3343     1
     3344     1
     3345     1
     3346     1
     3347     1
     3348     1
     3349     1
     3350     1
     3351     1
     3352     1
     3353     1
     3354     1
     3355     1
     3356     1
     3357     1
     3358     1
     3359     1
     3360     1
     3361     1
     3362     1
     3363     1
     3364     1
     3365     1
     3366     1
     3367     1
     3368     1
     3369     1
     3370     1
     3371     1
     3372     1
     3373     1
     3374     1
     3375     1
     3376     1
     3377     1
     3378     1
     3379     1
     3380     1
     3381     1
     3382     1
     3383     1
     3384     1
     3385     1
     3386     1
     3387     1
     3388     1
     3389     1
     3390     1
     3391     1
     3392     1
     3393     1
     3394     1
     3395     1
     3396     1
     3397     1
     3398     1
     3399     1
     3400     1
     3401     1
     3402     1
     3403     1
     3404     1
     3405     1
     3406     1
     3407     1
     3408     1
     3409     1
     3410     1
     3411     1
     3412     1
     3413     1
     3414     1
     3415     1
     3416     1
     3417     1
     3418     1
     3419     1
     3420     1
     3421     1
     3422     1
     3423     1
     3424     1
     3425     1
     3426     1
     3427     1
     3428     1
     3429     1
     3430     1
     3431     1
     3432     1
     3433     1
     3434     1
     3435     1
     3436     1
     3437     1
     3438     1
     3439     1
     3440     1
     3441     1
     3442     1
     3443     1
     3444     1
     3445     1
     3446     1
     3447     1
     3448     1
     3449     1
     3450     1
     3451     1
     3452     1
     3453     1
     3454     1
     3455     1
     3456     1
     3457     1
     3458     1
     3459     1
     3460     1
     3461     1
     3462     1
     3463     1
     3464     1
     3465     1
     3466     1
     3467     1
     3468     1
     3469     1
     3470     1
     3471     1
     3472     1
     3473     1
     3474     1
     3475     1
     3476     1
     3477     1
     3478     1
     3479     1
     3480     1
     3481     1
     3482     1
     3483     1
     3484     1
     3485     1
     3486     1
     3487     1
     3488     1
     3489     1
     3490     1
     3491     1
     3492     1
     3493     1
     3494     1
     3495     1
     3496     1
     3497     1
     3498     1
     3499     1
     3500     1
     3501     1
     3502     1
     3503     1
     3504     1
     3505     1
     3506     1
     3507     1
     3508     1
     3509     1
     3510     1
     3511     1
     3512     1
     3513     1
     3514     1
     3515     1
     3516     1
     3517     1
     3518     1
     3519     1
     3520     1
     3521     1
     3522     1
     3523     1
     3524     1
     3525     1
     3526     1
     3527     1
     3528     1
     3529     1
     3530     1
     3531     1
     3532     1
     3533     1
     3534     1
     3535     1
     3536     1
     3537     1
     3538     1
     3539     1
     3540     1
     3541     1
     3542     1
     3543     1
     3544     1
     3545     1
     3546     1
     3547     1
     3548     1
     3549     1
     3550     1
     3551     1
     3552     1
     3553     1
     3554     1
     3555     1
     3556     1
     3557     1
     3558     1
     3559     1
     3560     1
     3561     1
     3562     1
     3563     1
     3564     1
     3565     1
     3566     1
     3567     1
     3568     1
     3569     1
     3570     1
     3571     1
     3572     1
     3573     1
     3574     1
     3575     1
     3576     1
     3577     1
     3578     1
     3579     1
     3580     1
     3581     1
     3582     1
     3583     1
     3584     1
     3585     1
     3586     1
     3587     1
     3588     1
     3589     1
     3590     1
     3591     1
     3592     1
     3593     1
     3594     1
     3595     1
     3596     1
     3597     1
     3598     1
     3599     1
     3600     1
     3601     1
     3602     1
     3603     1
     3604     1
     3605     1
     3606     1
     3607     1
     3608     1
     3609     1
     3610     1
     3611     1
     3612     1
     3613     1
     3614     1
     3615     1
     3616     1
     3617     1
     3618     1
     3619     1
     3620     1
     3621     1
     3622     1
     3623     1
     3624     1
     3625     1
     3626     1
     3627     1
     3628     1
     3629     1
     3630     1
     3631     1
     3632     1
     3633     1
     3634     1
     3635     1
     3636     1
     3637     1
     3638     1
     3639     1
     3640     1
     3641     1
     3642     1
     3643     1
     3644     1
     3645     1
     3646     1
     3647     1
     3648     1
     3649     1
     3650     1
     3651     1
     3652     1
     3653     1
     3654     1
     3655     1
     3656     1
     3657     1
     3658     1
     3659     1
     3660     1
     3661     1
     3662     1
     3663     1
     3664     1
     3665     1
     3666     1
     3667     1
     3668     1
     3669     1
     3670     1
     3671     1
     3672     1
     3673     1
     3674     1
     3675     1
     3676     1
     3677     1
     3678     1
     3679     1
     3680     1
     3681     1
     3682     1
     3683     1
     3684     1
     3685     1
     3686     1
     3687     1
     3688     1
     3689     1
     3690     1
     3691     1
     3692     1
     3693     1
     3694     1
     3695     1
     3696     1
     3697     1
     3698     1
     3699     1
     3700     1
     3701     1
     3702     1
     3703     1
     3704     1
     3705     1
     3706     1
     3707     1
     3708     1
     3709     1
     3710     1
     3711     1
     3712     1
     3713     1
     3714     1
     3715     1
     3716     1
     3717     1
     3718     1
     3719     1
     3720     1
     3721     1
     3722     1
     3723     1
     3724     1
     3725     1
     3726     1
     3727     1
     3728     1
     3729     1
     3730     1
     3731     1
     3732     1
     3733     1
     3734     1
     3735     1
     3736     1
     3737     1
     3738     1
     3739     1
     3740     1
     3741     1
     3742     1
     3743     1
     3744     1
     3745     1
     3746     1
     3747     1
     3748     1
     3749     1
     3750     1
     3751     1
     3752     1
     3753     1
     3754     1
     3755     1
     3756     1
     3757     1
     3758     1
     3759     1
     3760     1
     3761     1
     3762     1
     3763     1
     3764     1
     3765     1
     3766     1
     3767     1
     3768     1
     3769     1
     3770     1
     3771     1
     3772     1
     3773     1
     3774     1
     3775     1
     3776     1
     3777     1
     3778     1
     3779     1
     3780     1
     3781     1
     3782     1
     3783     1
     3784     1
     3785     1
     3786     1
     3787     1
     3788     1
     3789     1
     3790     1
     3791     1
     3792     1
     3793     1
     3794     1
     3795     1
     3796     1
     3797     1
     3798     1
     3799     1
     3800     1
     3801     1
     3802     1
     3803     1
     3804     1
     3805     1
     3806     1
     3807     1
     3808     1
     3809     1
     3810     1
     3811     1
     3812     1
     3813     1
     3814     1
     3815     1
     3816     1
     3817     1
     3818     1
     3819     1
     3820     1
     3821     1
     3822     1
     3823     1
     3824     1
     3825     1
     3826     1
     3827     1
     3828     1
     3829     1
     3830     1
     3831     1
     3832     1
     3833     1
     3834     1
     3835     1
     3836     1
     3837     1
     3838     1
     3839     1
     3840     1
     3841     1
     3842     1
     3843     1
     3844     1
     3845     1
     3846     1
     3847     1
     3848     1
     3849     1
     3850     1
     3851     1
     3852     1
     3853     1
     3854     1
     3855     1
     3856     1
     3857     1
     3858     1
     3859     1
     3860     1
     3861     1
     3862     1
     3863     1
     3864     1
     3865     1
     3866     1
     3867     1
     3868     1
     3869     1
     3870     1
     3871     1
     3872     1
     3873     1
     3874     1
     3875     1
     3876     1
     3877     1
     3878     1
     3879     1
     3880     1
     3881     1
     3882     1
     3883     1
     3884     1
     3885     1
     3886     1
     3887     1
     3888     1
     3889     1
     3890     1
     3891     1
     3892     1
     3893     1
     3894     1
     3895     1
     3896     1
     3897     1
     3898     1
     3899     1
     3900     1
     3901     1
     3902     1
     3903     1
     3904     1
     3905     1
     3906     1
     3907     1
     3908     1
     3909     1
     3910     1
     3911     1
     3912     1
     3913     1
     3914     1
     3915     1
     3916     1
     3917     1
     3918     1
     3919     1
     3920     1
     3921     1
     3922     1
     3923     1
     3924     1
     3925     1
     3926     1
     3927     1
     3928     1
     3929     1
     3930     1
     3931     1
     3932     1
     3933     1
     3934     1
     3935     1
     3936     1
     3937     1
     3938     1
     3939     1
     3940     1
     3941     1
     3942     1
     3943     1
     3944     1
     3945     1
     3946     1
     3947     1
     3948     1
     3949     1
     3950     1
     3951     1
     3952     1
     3953     1
     3954     1
     3955     1
     3956     1
     3957     1
     3958     1
     3959     1
     3960     1
     3961     1
     3962     1
     3963     1
     3964     1
     3965     1
     3966     1
     3967     1
     3968     1
     3969     1
     3970     1
     3971     1
     3972     1
     3973     1
     3974     1
     3975     1
     3976     1
     3977     1
     3978     1
     3979     1
     3980     1
     3981     1
     3982     1
     3983     1
     3984     1
     3985     1
     3986     1
     3987     1
     3988     1
     3989     1
     3990     1
     3991     1
     3992     1
     3993     1
     3994     1
     3995     1
     3996     1
     3997     1
     3998     1
     3999     1
     4000     1
     4001     1
     4002     1
     4003     1
     4004     1
     4005     1
     4006     1
     4007     1
     4008     1
     4009     1
     4010     1
     4011     1
     4012     1
     4013     1
     4014     1
     4015     1
     4016     1
     4017     1
     4018     1
     4019     1
     4020     1
     4021     1
     4022     1
     4023     1
     4024     1
     4025     1
     4026     1
     4027     1
     4028     1
     4029     1
     4030     1
     4031     1
     4032     1
     4033     1
     4034     1
     4035     1
     4036     1
     4037     1
     4038     1
     4039     1
     4040     1
     4041     1
     4042     1
     4043     1
     4044     1
     4045     1
     4046     1
     4047     1
     4048     1
     4049     1
     4050     1
     4051     1
     4052     1
     4053     1
     4054     1
     4055     1
     4056     1
     4057     1
     4058     1
     4059     1
     4060     1
     4061     1
     4062     1
     4063     1
     4064     1
     4065     1
     4066     1
     4067     1
     4068     1
     4069     1
     4070     1
     4071     1
     4072     1
     4073     1
     4074     1
     4075     1
     4076     1
     4077     1
     4078     1
     4079     1
     4080     1
     4081     1
     4082     1
     4083     1
     4084     1
     4085     1
     4086     1
     4087     1
     4088     1
     4089     1
     4090     1
     4091     1
     4092     1
     4093     1
     4094     1
     4095     1
     4096     1
     4097     1
     4098     1
     4099     1
     4100     1
     4101     1
     4102     1
     4103     1
     4104     1
     4105     1
     4106     1
     4107     1
     4108     1
     4109     1
     4110     1
     4111     1
     4112     1
     4113     1
     4114     1
     4115     1
     4116     1
     4117     1
     4118     1
     4119     1
     4120     1
     4121     1
     4122     1
     4123     1
     4124     1
     4125     1
     4126     1
     4127     1
     4128     1
     4129     1
     4130     1
     4131     1
     4132     1
     4133     1
     4134     1
     4135     1
     4136     1
     4137     1
     4138     1
     4139     1
     4140     1
     4141     1
     4142     1
     4143     1
     4144     1
     4145     1
     4146     1
     4147     1
     4148     1
     4149     1
     4150     1
     4151     1
     4152     1
     4153     1
     4154     1
     4155     1
     4156     1
     4157     1
     4158     1
     4159     1
     4160     1
     4161     1
     4162     1
     4163     1
     4164     1
     4165     1
     4166     1
     4167     1
     4168     1
     4169     1
     4170     1
     4171     1
     4172     1
     4173     1
     4174     1
     4175     1
     4176     1
     4177     1
     4178     1
     4179     1
     4180     1
     4181     1
     4182     1
     4183     1
     4184     1
     4185     1
     4186     1
     4187     1
     4188     1
     4189     1
     4190     1
     4191     1
     4192     1
     4193     1
     4194     1
     4195     1
     4196     1
     4197     1
     4198     1
     4199     1
     4200     1
     4201     1
     4202     1
     4203     1
     4204     1
     4205     1
     4206     1
     4207     1
     4208     1
     4209     1
     4210     1
     4211     1
     4212     1
     4213     1
     4214     1
     4215     1
     4216     1
     4217     1
     4218     1
     4219     1
     4220     1
     4221     1
     4222     1
     4223     1
     4224     1
     4225     1
     4226     1
     4227     1
     4228     1
     4229     1
     4230     1
     4231     1
     4232     1
     4233     1
     4234     1
     4235     1
     4236     1
     4237     1
     4238     1
     4239     1
     4240     1
     4241     1
     4242     1
     4243     1
     4244     1
     4245     1
     4246     1
     4247     1
     4248     1
     4249     1
     4250     1
     4251     1
     4252     1
     4253     1
     4254     1
     4255     1
     4256     1
     4257     1
     4258     1
     4259     1
     4260     1
     4261     1
     4262     1
     4263     1
     4264     1
     4265     1
     4266     1
     4267     1
     4268     1
     4269     1
     4270     1
     4271     1
     4272     1
     4273     1
     4274     1
     4275     1
     4276     1
     4277     1
     4278     1
     4279     1
     4280     1
     4281     1
     4282     1
     4283     1
     4284     1
     4285     1
     4286     1
     4287     1
     4288     1
     4289     1
     4290     1
     4291     1
     4292     1
     4293     1
     4294     1
     4295     1
     4296     1
     4297     1
     4298     1
     4299     1
     4300     1
     4301     1
     4302     1
     4303     1
     4304     1
     4305     1
     4306     1
     4307     1
     4308     1
     4309     1
     4310     1
     4311     1
     4312     1
     4313     1
     4314     1
     4315     1
     4316     1
     4317     1
     4318     1
     4319     1
     4320     1
     4321     1
     4322     1
     4323     1
     4324     1
     4325     1
     4326     1
     4327     1
     4328     1
     4329     1
     4330     1
     4331     1
     4332     1
     4333     1
     4334     1
     4335     1
     4336     1
     4337     1
     4338     1
     4339     1
     4340     1
     4341     1
     4342     1
     4343     1
     4344     1
     4345     1
     4346     1
     4347     1
     4348     1
     4349     1
     4350     1
     4351     1
     4352     1
     4353     1
     4354     1
     4355     1
     4356     1
     4357     1
     4358     1
     4359     1
     4360     1
     4361     1
     4362     1
     4363     1
     4364     1
     4365     1
     4366     1
     4367     1
     4368     1
     4369     1
     4370     1
     4371     1
     4372     1
     4373     1
     4374     1
     4375     1
     4376     1
     4377     1
     4378     1
     4379     1
     4380     1
     4381     1
     4382     1
     4383     1
     4384     1
     4385     1
     4386     1
     4387     1
     4388     1
     4389     1
     4390     1
     4391     1
     4392     1
     4393     1
     4394     1
     4395     1
     4396     1
     4397     1
     4398     1
     4399     1
     4400     1
     4401     1
     4402     1
     4403     1
     4404     1
     4405     1
     4406     1
     4407     1
     4408     1
     4409     1
     4410     1
     4411     1
     4412     1
     4413     1
     4414     1
     4415     1
     4416     1
     4417     1
     4418     1
     4419     1
     4420     1
     4421     1
     4422     1
     4423     1
     4424     1
     4425     1
     4426     1
     4427     1
     4428     1
     4429     1
     4430     1
     4431     1
     4432     1
     4433     1
     4434     1
     4435     1
     4436     1
     4437     1
     4438     1
     4439     1
     4440     1
     4441     1
     4442     1
     4443     1
     4444     1
     4445     1
     4446     1
     4447     1
     4448     1
     4449     1
     4450     1
     4451     1
     4452     1
     4453     1
     4454     1
     4455     1
     4456     1
     4457     1
     4458     1
     4459     1
     4460     1
     4461     1
     4462     1
     4463     1
     4464     1
     4465     1
     4466     1
     4467     1
     4468     1
     4469     1
     4470     1
     4471     1
     4472     1
     4473     1
     4474     1
     4475     1
     4476     1
     4477     1
     4478     1
     4479     1
     4480     1
     4481     1
     4482     1
     4483     1
     4484     1
     4485     1
     4486     1
     4487     1
     4488     1
     4489     1
     4490     1
     4491     1
     4492     1
     4493     1
     4494     1
     4495     1
     4496     1
     4497     1
     4498     1
     4499     1
     4500     1
     4501     1
     4502     1
     4503     1
     4504     1
     4505     1
     4506     1
     4507     1
     4508     1
     4509     1
     4510     1
     4511     1
     4512     1
     4513     1
     4514     1
     4515     1
     4516     1
     4517     1
     4518     1
     4519     1
     4520     1
     4521     1
     4522     1
     4523     1
     4524     1
     4525     1
     4526     1
     4527     1
     4528     1
     4529     1
     4530     1
     4531     1
     4532     1
     4533     1
     4534     1
     4535     1
     4536     1
     4537     1
     4538     1
     4539     1
     4540     1
     4541     1
     4542     1
     4543     1
     4544     1
     4545     1
     4546     1
     4547     1
     4548     1
     4549     1
     4550     1
     4551     1
     4552     1
     4553     1
     4554     1
     4555     1
     4556     1
     4557     1
     4558     1
     4559     1
     4560     1
     4561     1
     4562     1
     4563     1
     4564     1
     4565     1
     4566     1
     4567     1
     4568     1
     4569     1
     4570     1
     4571     1
     4572     1
     4573     1
     4574     1
     4575     1
     4576     1
     4577     1
     4578     1
     4579     1
     4580     1
     4581     1
     4582     1
     4583     1
     4584     1
     4585     1
     4586     1
     4587     1
     4588     1
     4589     1
     4590     1
     4591     1
     4592     1
     4593     1
     4594     1
     4595     1
     4596     1
     4597     1
     4598     1
     4599     1
     4600     1
     4601     1
     4602     1
     4603     1
     4604     1
     4605     1
     4606     1
     4607     1
     4608     1
     4609     1
     4610     1
     4611     1
     4612     1
     4613     1
     4614     1
     4615     1
     4616     1
     4617     1
     4618     1
     4619     1
     4620     1
     4621     1
     4622     1
     4623     1
     4624     1
     4625     1
     4626     1
     4627     1
     4628     1
     4629     1
     4630     1
     4631     1
     4632     1
     4633     1
     4634     1
     4635     1
     4636     1
     4637     1
     4638     1
     4639     1
     4640     1
     4641     1
     4642     1
     4643     1
     4644     1
     4645     1
     4646     1
     4647     1
     4648     1
     4649     1
     4650     1
     4651     1
     4652     1
     4653     1
     4654     1
     4655     1
     4656     1
     4657     1
     4658     1
     4659     1
     4660     1
     4661     1
     4662     1
     4663     1
     4664     1
     4665     1
     4666     1
     4667     1
     4668     1
     4669     1
     4670     1
     4671     1
     4672     1
     4673     1
     4674     1
     4675     1
     4676     1
     4677     1
     4678     1
     4679     1
     4680     1
     4681     1
     4682     1
     4683     1
     4684     1
     4685     1
     4686     1
     4687     1
     4688     1
     4689     1
     4690     1
     4691     1
     4692     1
     4693     1
     4694     1
     4695     1
     4696     1
     4697     1
     4698     1
     4699     1
     4700     1
     4701     1
     4702     1
     4703     1
     4704     1
     4705     1
     4706     1
     4707     1
     4708     1
     4709     1
     4710     1
     4711     1
     4712     1
     4713     1
     4714     1
     4715     1
     4716     1
     4717     1
     4718     1
     4719     1
     4720     1
     4721     1
     4722     1
     4723     1
     4724     1
     4725     1
     4726     1
     4727     1
     4728     1
     4729     1
     4730     1
     4731     1
     4732     1
     4733     1
     4734     1
     4735     1
     4736     1
     4737     1
     4738     1
     4739     1
     4740     1
     4741     1
     4742     1
     4743     1
     4744     1
     4745     1
     4746     1
     4747     1
     4748     1
     4749     1
     4750     1
     4751     1
     4752     1
     4753     1
     4754     1
     4755     1
     4756     1
     4757     1
     4758     1
     4759     1
     4760     1
     4761     1
     4762     1
     4763     1
     4764     1
     4765     1
     4766     1
     4767     1
     4768     1
     4769     1
     4770     1
     4771     1
     4772     1
     4773     1
     4774     1
     4775     1
     4776     1
     4777     1
     4778     1
     4779     1
     4780     1
     4781     1
     4782     1
     4783     1
     4784     1
     4785     1
     4786     1
     4787     1
     4788     1
     4789     1
     4790     1
     4791     1
     4792     1
     4793     1
     4794     1
     4795     1
     4796     1
     4797     1
     4798     1
     4799     1
     4800     1
     4801     1
     4802     1
     4803     1
     4804     1
     4805     1
     4806     1
     4807     1
     4808     1
     4809     1
     4810     1
     4811     1
     4812     1
     4813     1
     4814     1
     4815     1
     4816     1
     4817     1
     4818     1
     4819     1
     4820     1
     4821     1
     4822     1
     4823     1
     4824     1
     4825     1
     4826     1
     4827     1
     4828     1
     4829     1
     4830     1
     4831     1
     4832     1
     4833     1
     4834     1
     4835     1
     4836     1
     4837     1
     4838     1
     4839     1
     4840     1
     4841     1
     4842     1
     4843     1
     4844     1
     4845     1
     4846     1
     4847     1
     4848     1
     4849     1
     4850     1
     4851     1
     4852     1
     4853     1
     4854     1
     4855     1
     4856     1
     4857     1
     4858     1
     4859     1
     4860     1
     4861     1
     4862     1
     4863     1
     4864     1
     4865     1
     4866     1
     4867     1
     4868     1
     4869     1
     4870     1
     4871     1
     4872     1
     4873     1
     4874     1
     4875     1
     4876     1
     4877     1
     4878     1
     4879     1
     4880     1
     4881     1
     4882     1
     4883     1
     4884     1
     4885     1
     4886     1
     4887     1
     4888     1
     4889     1
     4890     1
     4891     1
     4892     1
     4893     1
     4894     1
     4895     1
     4896     1
     4897     1
     4898     1
     4899     1
     4900     1
     4901     1
     4902     1
     4903     1
     4904     1
     4905     1
     4906     1
     4907     1
     4908     1
     4909     1
     4910     1
     4911     1
     4912     1
     4913     1
     4914     1
     4915     1
     4916     1
     4917     1
     4918     1
     4919     1
     4920     1
     4921     1
     4922     1
     4923     1
     4924     1
     4925     1
     4926     1
     4927     1
     4928     1
     4929     1
     4930     1
     4931     1
     4932     1
     4933     1
     4934     1
     4935     1
     4936     1
     4937     1
     4938     1
     4939     1
     4940     1
     4941     1
     4942     1
     4943     1
     4944     1
     4945     1
     4946     1
     4947     1
     4948     1
     4949     1
     4950     1
     4951     1
     4952     1
     4953     1
     4954     1
     4955     1
     4956     1
     4957     1
     4958     1
     4959     1
     4960     1
     4961     1
     4962     1
     4963     1
     4964     1
     4965     1
     4966     1
     4967     1
     4968     1
     4969     1
     4970     1
     4971     1
     4972     1
     4973     1
     4974     1
     4975     1
     4976     1
     4977     1
     4978     1
     4979     1
     4980     1
     4981     1
     4982     1
     4983     1
     4984     1
     4985     1
     4986     1
     4987     1
     4988     1
     4989     1
     4990     1
     4991     1
     4992     1
     4993     1
     4994     1
     4995     1
     4996     1
     4997     1
     4998     1
     4999     1
     5000     1
     5001     1
     5002     1
     5003     1
     5004     1
     5005     1
     5006     1
     5007     1
     5008     1
     5009     1
     5010     1
     5011     1
     5012     1
     5013     1
     5014     1
     5015     1
     5016     1
     5017     1
     5018     1
     5019     1
     5020     1
     5021     1
     5022     1
     5023     1
     5024     1
     5025     1
     5026     1
     5027     1
     5028     1
     5029     1
     5030     1
     5031     1
     5032     1
     5033     1
     5034     1
     5035     1
     5036     1
     5037     1
     5038     1
     5039     1
     5040     1
     5041     1
     5042     1
     5043     1
     5044     1
     5045     1
     5046     1
     5047     1
     5048     1
     5049     1
     5050     1
     5051     1
     5052     1
     5053     1
     5054     1
     5055     1
     5056     1
     5057     1
     5058     1
     5059     1
     5060     1
     5061     1
     5062     1
     5063     1
     5064     1
     5065     1
     5066     1
     5067     1
     5068     1
     5069     1
     5070     1
     5071     1
     5072     1
     5073     1
     5074     1
     5075     1
     5076     1
     5077     1
     5078     1
     5079     1
     5080     1
     5081     1
     5082     1
     5083     1
     5084     1
     5085     1
     5086     1
     5087     1
     5088     1
     5089     1
     5090     1
     5091     1
     5092     1
     5093     1
     5094     1
     5095     1
     5096     1
     5097     1
     5098     1
     5099     1
     5100     1
     5101     1
     5102     1
     5103     1
     5104     1
     5105     1
     5106     1
     5107     1
     5108     1
     5109     1
     5110     1
     5111     1
     5112     1
     5113     1
     5114     1
     5115     1
     5116     1
     5117     1
     5118     1
     5119     1
     5120     1
     5121     1
     5122     1
     5123     1
     5124     1
     5125     1
     5126     1
     5127     1
     5128     1
     5129     1
     5130     1
     5131     1
     5132     1
     5133     1
     5134     1
     5135     1
     5136     1
     5137     1
     5138     1
     5139     1
     5140     1
     5141     1
     5142     1
     5143     1
     5144     1
     5145     1
     5146     1
     5147     1
     5148     1
     5149     1
     5150     1
     5151     1
     5152     1
     5153     1
     5154     1
     5155     1
     5156     1
     5157     1
     5158     1
     5159     1
     5160     1
     5161     1
     5162     1
     5163     1
     5164     1
     5165     1
     5166     1
     5167     1
     5168     1
     5169     1
     5170     1
     5171     1
     5172     1
     5173     1
     5174     1
     5175     1
     5176     1
     5177     1
     5178     1
     5179     1
     5180     1
     5181     1
     5182     1
     5183     1
     5184     1
     5185     1
     5186     1
     5187     1
     5188     1
     5189     1
     5190     1
     5191     1
     5192     1
     5193     1
     5194     1
     5195     1
     5196     1
     5197     1
     5198     1
     5199     1
     5200     1
     5201     1
     5202     1
     5203     1
     5204     1
     5205     1
     5206     1
     5207     1
     5208     1
     5209     1
     5210     1
     5211     1
     5212     1
     5213     1
     5214     1
     5215     1
     5216     1
     5217     1
     5218     1
     5219     1
     5220     1
     5221     1
     5222     1
     5223     1
     5224     1
     5225     1
     5226     1
     5227     1
     5228     1
     5229     1
     5230     1
     5231     1
     5232     1
     5233     1
     5234     1
     5235     1
     5236     1
     5237     1
     5238     1
     5239     1
     5240     1
     5241     1
     5242     1
     5243     1
     5244     1
     5245     1
     5246     1
     5247     1
     5248     1
     5249     1
     5250     1
     5251     1
     5252     1
     5253     1
     5254     1
     5255     1
     5256     1
     5257     1
     5258     1
     5259     1
     5260     1
     5261     1
     5262     1
     5263     1
     5264     1
     5265     1
     5266     1
     5267     1
     5268     1
     5269     1
     5270     1
     5271     1
     5272     1
     5273     1
     5274     1
     5275     1
     5276     1
     5277     1
     5278     1
     5279     1
     5280     1
     5281     1
     5282     1
     5283     1
     5284     1
     5285     1
     5286     1
     5287     1
     5288     1
     5289     1
     5290     1
     5291     1
     5292     1
     5293     1
     5294     1
     5295     1
     5296     1
     5297     1
     5298     1
     5299     1
     5300     1
     5301     1
     5302     1
     5303     1
     5304     1
     5305     1
     5306     1
     5307     1
     5308     1
     5309     1
     5310     1
     5311     1
     5312     1
     5313     1
     5314     1
     5315     1
     5316     1
     5317     1
     5318     1
     5319     1
     5320     1
     5321     1
     5322     1
     5323     1
     5324     1
     5325     1
     5326     1
     5327     1
     5328     1
     5329     1
     5330     1
     5331     1
     5332     1
     5333     1
     5334     1
     5335     1
     5336     1
     5337     1
     5338     1
     5339     1
     5340     1
     5341     1
     5342     1
     5343     1
     5344     1
     5345     1
     5346     1
     5347     1
     5348     1
     5349     1
     5350     1
     5351     1
     5352     1
     5353     1
     5354     1
     5355     1
     5356     1
     5357     1
     5358     1
     5359     1
     5360     1
     5361     1
     5362     1
     5363     1
     5364     1
     5365     1
     5366     1
     5367     1
     5368     1
     5369     1
     5370     1
     5371     1
     5372     1
     5373     1
     5374     1
     5375     1
     5376     1
     5377     1
     5378     1
     5379     1
     5380     1
     5381     1
     5382     1
     5383     1
     5384     1
     5385     1
     5386     1
     5387     1
     5388     1
     5389     1
     5390     1
     5391     1
     5392     1
     5393     1
     5394     1
     5395     1
     5396     1
     5397     1
     5398     1
     5399     1
     5400     1
     5401     1
     5402     1
     5403     1
     5404     1
     5405     1
     5406     1
     5407     1
     5408     1
     5409     1
     5410     1
     5411     1
     5412     1
     5413     1
     5414     1
     5415     1
     5416     1
     5417     1
     5418     1
     5419     1
     5420     1
     5421     1
     5422     1
     5423     1
     5424     1
     5425     1
     5426     1
     5427     1
     5428     1
     5429     1
     5430     1
     5431     1
     5432     1
     5433     1
     5434     1
     5435     1
     5436     1
     5437     1
     5438     1
     5439     1
     5440     1
     5441     1
     5442     1
     5443     1
     5444     1
     5445     1
     5446     1
     5447     1
     5448     1
     5449     1
     5450     1
     5451     1
     5452     1
     5453     1
     5454     1
     5455     1
     5456     1
     5457     1
     5458     1
     5459     1
     5460     1
     5461     1
     5462     1
     5463     1
     5464     1
     5465     1
     5466     1
     5467     1
     5468     1
     5469     1
     5470     1
     5471     1
     5472     1
     5473     1
     5474     1
     5475     1
     5476     1
     5477     1
     5478     1
     5479     1
     5480     1
     5481     1
     5482     1
     5483     1
     5484     1
     5485     1
     5486     1
     5487     1
     5488     1
     5489     1
     5490     1
     5491     1
     5492     1
     5493     1
     5494     1
     5495     1
     5496     1
     5497     1
     5498     1
     5499     1
     5500     1
     5501     1
     5502     1
     5503     1
     5504     1
     5505     1
     5506     1
     5507     1
     5508     1
     5509     1
     5510     1
     5511     1
     5512     1
     5513     1
     5514     1
     5515     1
     5516     1
     5517     1
     5518     1
     5519     1
     5520     1
     5521     1
     5522     1
     5523     1
     5524     1
     5525     1
     5526     1
     5527     1
     5528     1
     5529     1
     5530     1
     5531     1
     5532     1
     5533     1
     5534     1
     5535     1
     5536     1
     5537     1
     5538     1
     5539     1
     5540     1
     5541     1
     5542     1
     5543     1
     5544     1
     5545     1
     5546     1
     5547     1
     5548     1
     5549     1
     5550     1
     5551     1
     5552     1
     5553     1
     5554     1
     5555     1
     5556     1
     5557     1
     5558     1
     5559     1
     5560     1
     5561     1
     5562     1
     5563     1
     5564     1
     5565     1
     5566     1
     5567     1
     5568     1
     5569     1
     5570     1
     5571     1
     5572     1
     5573     1
     5574     1
     5575     1
     5576     1
     5577     1
     5578     1
     5579     1
     5580     1
     5581     1
     5582     1
     5583     1
     5584     1
     5585     1
     5586     1
     5587     1
     5588     1
     5589     1
     5590     1
     5591     1
     5592     1
     5593     1
     5594     1
     5595     1
     5596     1
     5597     1
     5598     1
     5599     1
     5600     1
     5601     1
     5602     1
     5603     1
     5604     1
     5605     1
     5606     1
     5607     1
     5608     1
     5609     1
     5610     1
     5611     1
     5612     1
     5613     1
     5614     1
     5615     1
     5616     1
     5617     1
     5618     1
     5619     1
     5620     1
     5621     1
     5622     1
     5623     1
     5624     1
     5625     1
     5626     1
     5627     1
     5628     1
     5629     1
     5630     1
     5631     1
     5632     1
     5633     1
     5634     1
     5635     1
     5636     1
     5637     1
     5638     1
     5639     1
     5640     1
     5641     1
     5642     1
     5643     1
     5644     1
     5645     1
     5646     1
     5647     1
     5648     1
     5649     1
     5650     1
     5651     1
     5652     1
     5653     1
     5654     1
     5655     1
     5656     1
     5657     1
     5658     1
     5659     1
     5660     1
     5661     1
     5662     1
     5663     1
     5664     1
     5665     1
     5666     1
     5667     1
     5668     1
     5669     1
     5670     1
     5671     1
     5672     1
     5673     1
     5674     1
     5675     1
     5676     1
     5677     1
     5678     1
     5679     1
     5680     1
     5681     1
     5682     1
     5683     1
     5684     1
     5685     1
     5686     1
     5687     1
     5688     1
     5689     1
     5690     1
     5691     1
     5692     1
     5693     1
     5694     1
     5695     1
     5696     1
     5697     1
     5698     1
     5699     1
     5700     1
     5701     1
     5702     1
     5703     1
     5704     1
     5705     1
     5706     1
     5707     1
     5708     1
     5709     1
     5710     1
     5711     1
     5712     1
     5713     1
     5714     1
     5715     1
     5716     1
     5717     1
     5718     1
     5719     1
     5720     1
     5721     1
     5722     1
     5723     1
     5724     1
     5725     1
     5726     1
     5727     1
     5728     1
     5729     1
     5730     1
     5731     1
     5732     1
     5733     1
     5734     1
     5735     1
     5736     1
     5737     1
     5738     1
     5739     1
     5740     1
     5741     1
     5742     1
     5743     1
     5744     1
     5745     1
     5746     1
     5747     1
     5748     1
     5749     1
     5750     1
     5751     1
     5752     1
     5753     1
     5754     1
     5755     1
     5756     1
     5757     1
     5758     1
     5759     1
     5760     1
     5761     1
     5762     1
     5763     1
     5764     1
     5765     1
     5766     1
     5767     1
     5768     1
     5769     1
     5770     1
     5771     1
     5772     1
     5773     1
     5774     1
     5775     1
     5776     1
     5777     1
     5778     1
     5779     1
     5780     1
     5781     1
     5782     1
     5783     1
     5784     1
     5785     1
     5786     1
     5787     1
     5788     1
     5789     1
     5790     1
     5791     1
     5792     1
     5793     1
     5794     1
     5795     1
     5796     1
     5797     1
     5798     1
     5799     1
     5800     1
     5801     1
     5802     1
     5803     1
     5804     1
     5805     1
     5806     1
     5807     1
     5808     1
     5809     1
     5810     1
     5811     1
     5812     1
     5813     1
     5814     1
     5815     1
     5816     1
     5817     1
     5818     1
     5819     1
     5820     1
     5821     1
     5822     1
     5823     1
     5824     1
     5825     1
     5826     1
     5827     1
     5828     1
     5829     1
     5830     1
     5831     1
     5832     1
     5833     1
     5834     1
     5835     1
     5836     1
     5837     1
     5838     1
     5839     1
     5840     1
     5841     1
     5842     1
     5843     1
     5844     1
     5845     1
     5846     1
     5847     1
     5848     1
     5849     1
     5850     1
     5851     1
     5852     1
     5853     1
     5854     1
     5855     1
     5856     1
     5857     1
     5858     1
     5859     1
     5860     1
     5861     1
     5862     1
     5863     1
     5864     1
     5865     1
     5866     1
     5867     1
     5868     1
     5869     1
     5870     1
     5871     1
     5872     1
     5873     1
     5874     1
     5875     1
     5876     1
     5877     1
     5878     1
     5879     1
     5880     1
     5881     1
     5882     1
     5883     1
     5884     1
     5885     1
     5886     1
     5887     1
     5888     1
     5889     1
     5890     1
     5891     1
     5892     1
     5893     1
     5894     1
     5895     1
     5896     1
     5897     1
     5898     1
     5899     1
     5900     1
     5901     1
     5902     1
     5903     1
     5904     1
     5905     1
     5906     1
     5907     1
     5908     1
     5909     1
     5910     1
     5911     1
     5912     1
     5913     1
     5914     1
     5915     1
     5916     1
     5917     1
     5918     1
     5919     1
     5920     1
     5921     1
     5922     1
     5923     1
     5924     1
     5925     1
     5926     1
     5927     1
     5928     1
     5929     1
     5930     1
     5931     1
     5932     1
     5933     1
     5934     1
     5935     1
     5936     1
     5937     1
     5938     1
     5939     1
     5940     1
     5941     1
     5942     1
     5943     1
     5944     1
     5945     1
     5946     1
     5947     1
     5948     1
     5949     1
     5950     1
     5951     1
     5952     1
     5953     1
     5954     1
     5955     1
     5956     1
     5957     1
     5958     1
     5959     1
     5960     1
     5961     1
     5962     1
     5963     1
     5964     1
     5965     1
     5966     1
     5967     1
     5968     1
     5969     1
     5970     1
     5971     1
     5972     1
     5973     1
     5974     1
     5975     1
     5976     1
     5977     1
     5978     1
     5979     1
     5980     1
     5981     1
     5982     1
     5983     1
     5984     1
     5985     1
     5986     1
     5987     1
     5988     1
     5989     1
     5990     1
     5991     1
     5992     1
     5993     1
     5994     1
     5995     1
     5996     1
     5997     1
     5998     1
     5999     1
     6000     1
     6001     1
     6002     1
     6003     1
     6004     1
     6005     1
     6006     1
     6007     1
     6008     1
     6009     1
     6010     1
     6011     1
     6012     1
     6013     1
     6014     1
     6015     1
     6016     1
     6017     1
     6018     1
     6019     1
     6020     1
     6021     1
     6022     1
     6023     1
     6024     1
     6025     1
     6026     1
     6027     1
     6028     1
     6029     1
     6030     1
     6031     1
     6032     1
     6033     1
     6034     1
     6035     1
     6036     1
     6037     1
     6038     1
     6039     1
     6040     1
     6041     1
     6042     1
     6043     1
     6044     1
     6045     1
     6046     1
     6047     1
     6048     1
     6049     1
     6050     1
     6051     1
     6052     1
     6053     1
     6054     1
     6055     1
     6056     1
     6057     1
     6058     1
     6059     1
     6060     1
     6061     1
     6062     1
     6063     1
     6064     1
     6065     1
     6066     1
     6067     1
     6068     1
     6069     1
     6070     1
     6071     1
     6072     1
     6073     1
     6074     1
     6075     1
     6076     1
     6077     1
     6078     1
     6079     1
     6080     1
     6081     1
     6082     1
     6083     1
     6084     1
     6085     1
     6086     1
     6087     1
     6088     1
     6089     1
     6090     1
     6091     1
     6092     1
     6093     1
     6094     1
     6095     1
     6096     1
     6097     1
     6098     1
     6099     1
     6100     1
     6101     1
     6102     1
     6103     1
     6104     1
     6105     1
     6106     1
     6107     1
     6108     1
     6109     1
     6110     1
     6111     1
     6112     1
     6113     1
     6114     1
     6115     1
     6116     1
     6117     1
     6118     1
     6119     1
     6120     1
     6121     1
     6122     1
     6123     1
     6124     1
     6125     1
     6126     1
     6127     1
     6128     1
     6129     1
     6130     1
     6131     1
     6132     1
     6133     1
     6134     1
     6135     1
     6136     1
     6137     1
     6138     1
     6139     1
     6140     1
     6141     1
     6142     1
     6143     1
     6144     1
     6145     1
     6146     1
     6147     1
     6148     1
     6149     1
     6150     1
     6151     1
     6152     1
     6153     1
     6154     1
     6155     1
     6156     1
     6157     1
     6158     1
     6159     1
     6160     1
     6161     1
     6162     1
     6163     1
     6164     1
     6165     1
     6166     1
     6167     1
     6168     1
     6169     1
     6170     1
     6171     1
     6172     1
     6173     1
     6174     1
     6175     1
     6176     1
     6177     1
     6178     1
     6179     1
     6180     1
     6181     1
     6182     1
     6183     1
     6184     1
     6185     1
     6186     1
     6187     1
     6188     1
     6189     1
     6190     1
     6191     1
     6192     1
     6193     1
     6194     1
     6195     1
     6196     1
     6197     1
     6198     1
     6199     1
     6200     1
     6201     1
     6202     1
     6203     1
     6204     1
     6205     1
     6206     1
     6207     1
     6208     1
     6209     1
     6210     1
     6211     1
     6212     1
     6213     1
     6214     1
     6215     1
     6216     1
     6217     1
     6218     1
     6219     1
     6220     1
     6221     1
     6222     1
     6223     1
     6224     1
     6225     1
     6226     1
     6227     1
     6228     1
     6229     1
     6230     1
     6231     1
     6232     1
     6233     1
     6234     1
     6235     1
     6236     1
     6237     1
     6238     1
     6239     1
     6240     1
     6241     1
     6242     1
     6243     1
     6244     1
     6245     1
     6246     1
     6247     1
     6248     1
     6249     1
     6250     1
     6251     1
     6252     1
     6253     1
     6254     1
     6255     1
     6256     1
     6257     1
     6258     1
     6259     1
     6260     1
     6261     1
     6262     1
     6263     1
     6264     1
     6265     1
     6266     1
     6267     1
     6268     1
     6269     1
     6270     1
     6271     1
     6272     1
     6273     1
     6274     1
     6275     1
     6276     1
     6277     1
     6278     1
     6279     1
     6280     1
     6281     1
     6282     1
     6283     1
     6284     1
     6285     1
     6286     1
     6287     1
     6288     1
     6289     1
     6290     1
     6291     1
     6292     1
     6293     1
     6294     1
     6295     1
     6296     1
     6297     1
     6298     1
     6299     1
     6300     1
     6301     1
     6302     1
     6303     1
     6304     1
     6305     1
     6306     1
     6307     1
     6308     1
     6309     1
     6310     1
     6311     1
     6312     1
     6313     1
     6314     1
     6315     1
     6316     1
     6317     1
     6318     1
     6319     1
     6320     1
     6321     1
     6322     1
     6323     1
     6324     1
     6325     1
     6326     1
     6327     1
     6328     1
     6329     1
     6330     1
     6331     1
     6332     1
     6333     1
     6334     1
     6335     1
     6336     1
     6337     1
     6338     1
     6339     1
     6340     1
     6341     1
     6342     1
     6343     1
     6344     1
     6345     1
     6346     1
     6347     1
     6348     1
     6349     1
     6350     1
     6351     1
     6352     1
     6353     1
     6354     1
     6355     1
     6356     1
     6357     1
     6358     1
     6359     1
     6360     1
     6361     1
     6362     1
     6363     1
     6364     1
     6365     1
     6366     1
     6367     1
     6368     1
     6369     1
     6370     1
     6371     1
     6372     1
     6373     1
     6374     1
     6375     1
     6376     1
     6377     1
     6378     1
     6379     1
     6380     1
     6381     1
     6382     1
     6383     1
     6384     1
     6385     1
     6386     1
     6387     1
     6388     1
     6389     1
     6390     1
     6391     1
     6392     1
     6393     1
     6394     1
     6395     1
     6396     1
     6397     1
     6398     1
     6399     1
     6400     1
     6401     1
     6402     1
     6403     1
     6404     1
     6405     1
     6406     1
     6407     1
     6408     1
     6409     1
     6410     1
     6411     1
     6412     1
     6413     1
     6414     1
     6415     1
     6416     1
     6417     1
     6418     1
     6419     1
     6420     1
     6421     1
     6422     1
     6423     1
     6424     1
     6425     1
     6426     1
     6427     1
     6428     1
     6429     1
     6430     1
     6431     1
     6432     1
     6433     1
     6434     1
     6435     1
     6436     1
     6437     1
     6438     1
     6439     1
     6440     1
     6441     1
     6442     1
     6443     1
     6444     1
     6445     1
     6446     1
     6447     1
     6448     1
     6449     1
     6450     1
     6451     1
     6452     1
     6453     1
     6454     1
     6455     1
     6456     1
     6457     1
     6458     1
     6459     1
     6460     1
     6461     1
     6462     1
     6463     1
     6464     1
     6465     1
     6466     1
     6467     1
     6468     1
     6469     1
     6470     1
     6471     1
     6472     1
     6473     1
     6474     1
     6475     1
     6476     1
     6477     1
     6478     1
     6479     2
     6480     2
     6481     2
     6482     2
     6483     2
     6484     2
     6485     2
     6486     2
     6487     2
     6488     2
     6489     2
     6490     2
     6491     2
     6492     2
     6493     2
     6494     2
     6495     2
     6496     2
     6497     2
     6498     2
     6499     2
     6500     2
     6501     2
     6502     2
     6503     2
     6504     2
     6505     2
     6506     2
     6507     2
     6508     2
     6509     2
     6510     2
     6511     2
     6512     2
     6513     2
     6514     2
     6515     2
     6516     2
     6517     2
     6518     2
     6519     2
     6520     2
     6521     2
     6522     2
     6523     2
     6524     2
     6525     2
     6526     2
     6527     2
     6528     2
     6529     2
     6530     2
     6531     2
     6532     2
     6533     2
     6534     2
     6535     2
     6536     2
     6537     2
     6538     2
     6539     2
     6540     2
     6541     2
     6542     2
     6543     2
     6544     2
     6545     2
     6546     2
     6547     2
     6548     2
     6549     2
     6550     2
     6551     2
     6552     2
     6553     2
     6554     2
     6555     2
     6556     2
     6557     2
     6558     2
     6559     2
     6560     2
     6561     2
     6562     2
     6563     2
     6564     2
     6565     2
     6566     2
     6567     2
     6568     2
     6569     2
     6570     2
     6571     2
     6572     2
     6573     2
     6574     2
     6575     2
     6576     2
     6577     2
     6578     2
     6579     2
     6580     2
     6581     2
     6582     2
     6583     2
     6584     2
     6585     2
     6586     2
     6587     2
     6588     2
     6589     2
     6590     2
     6591     2
     6592     2
     6593     2
     6594     2
     6595     2
     6596     2
     6597     2
     6598     2
     6599     2
     6600     2
     6601     2
     6602     2
     6603     2
     6604     2
     6605     2
     6606     2
     6607     2
     6608     2
     6609     2
     6610     2
     6611     2
     6612     2
     6613     2
     6614     2
     6615     2
     6616     2
     6617     2
     6618     2
     6619     2
     6620     2
     6621     2
     6622     2
     6623     2
     6624     2
     6625     2
     6626     2
     6627     2
     6628     2
     6629     2
     6630     2
     6631     2
     6632     2
     6633     2
     6634     2
     6635     2
     6636     2
     6637     2
     6638     2
     6639     2
     6640     2
     6641     2
     6642     2
     6643     2
     6644     2
     6645     2
     6646     2
     6647     2
     6648     2
     6649     2
     6650     2
     6651     2
     6652     2
     6653     2
     6654     2
     6655     2
     6656     2
     6657     2
     6658     2
     6659     2
     6660     2
     6661     2
     6662     2
     6663     2
     6664     2
     6665     2
     6666     2
     6667     2
     6668     2
     6669     2
     6670     2
     6671     2
     6672     2
     6673     2
     6674     2
     6675     2
     6676     2
     6677     2
     6678     2
     6679     2
     6680     2
     6681     2
     6682     2
     6683     2
     6684     2
     6685     2
     6686     2
     6687     2
     6688     2
     6689     2
     6690     2
     6691     2
     6692     2
     6693     2
     6694     2
     6695     2
     6696     2
     6697     2
     6698     2
     6699     2
     6700     2
     6701     2
     6702     2
     6703     2
     6704     2
     6705     2
     6706     2
     6707     2
     6708     2
     6709     2
     6710     2
     6711     2
     6712     2
     6713     2
     6714     2
     6715     2
     6716     2
     6717     2
     6718     2
     6719     2
     6720     2
     6721     2
     6722     2
     6723     2
     6724     2
     6725     2
     6726     2
     6727     2
     6728     2
     6729     2
     6730     2
     6731     2
     6732     2
     6733     2
     6734     2
     6735     2
     6736     2
     6737     2
     6738     2
     6739     2
     6740     2
     6741     2
     6742     2
     6743     2
     6744     2
     6745     2
     6746     2
     6747     2
     6748     2
     6749     2
     6750     2
     6751     2
     6752     2
     6753     2
     6754     2
     6755     2
     6756     2
     6757     2
     6758     2
     6759     2
     6760     2
     6761     2
     6762     2
     6763     2
     6764     2
     6765     2
     6766     2
     6767     2
     6768     2
     6769     2
     6770     2
     6771     2
     6772     2
     6773     2
     6774     2
     6775     2
     6776     2
     6777     2
     6778     2
     6779     2
     6780     2
     6781     2
     6782     2
     6783     2
     6784     2
     6785     2
     6786     2
     6787     2
     6788     2
     6789     2
     6790     2
     6791     2
     6792     2
     6793     2
     6794     2
     6795     2
     6796     2
     6797     2
     6798     2
     6799     2
     6800     2
     6801     2
     6802     2
     6803     2
     6804     2
     6805     2
     6806     2
     6807     2
     6808     2
     6809     2
     6810     2
     6811     2
     6812     2
     6813     2
     6814     2
     6815     2
     6816     2
     6817     2
     6818     2
     6819     2
     6820     2
     6821     2
     6822     2
     6823     2
     6824     2
     6825     2
     6826     2
     6827     2
     6828     2
     6829     2
     6830     2
     6831     2
     6832     2
     6833     2
     6834     2
     6835     2
     6836     2
     6837     2
     6838     2
     6839     2
     6840     2
     6841     2
     6842     2
     6843     2
     6844     2
     6845     2
     6846     2
     6847     2
     6848     2
     6849     2
     6850     2
     6851     2
     6852     2
     6853     2
     6854     2
     6855     2
     6856     2
     6857     2
     6858     2
     6859     2
     6860     2
     6861     2
     6862     2
     6863     2
     6864     2
     6865     2
     6866     2
     6867     2
     6868     2
     6869     2
     6870     2
     6871     2
     6872     2
     6873     2
     6874     2
     6875     2
     6876     2
     6877     2
     6878     2
     6879     2
     6880     2
     6881     2
     6882     2
     6883     2
     6884     2
     6885     2
     6886     2
     6887     2
     6888     2
     6889     2
     6890     2
     6891     2
     6892     2
     6893     2
     6894     2
     6895     2
     6896     2
     6897     2
     6898     2
     6899     2
     6900     2
     6901     2
     6902     2
     6903     2
     6904     2
     6905     2
     6906     2
     6907     2
     6908     2
     6909     2
     6910     2
     6911     2
     6912     2
     6913     2
     6914     2
     6915     2
     6916     2
     6917     2
     6918     2
     6919     2
     6920     2
     6921     2
     6922     2
     6923     2
     6924     2
     6925     2
     6926     2
     6927     2
     6928     2
     6929     2
     6930     2
     6931     2
     6932     2
     6933     2
     6934     2
     6935     2
     6936     2
     6937     2
     6938     2
     6939     2
     6940     2
     6941     2
     6942     2
     6943     2
     6944     2
     6945     2
     6946     2
     6947     2
     6948     2
     6949     2
     6950     2
     6951     2
     6952     2
     6953     2
     6954     2
     6955     2
     6956     2
     6957     2
     6958     2
     6959     2
     6960     2
     6961     2
     6962     2
     6963     2
     6964     2
     6965     2
     6966     2
     6967     2
     6968     2
     6969     2
     6970     2
     6971     2
     6972     2
     6973     2
     6974     2
     6975     2
     6976     2
     6977     2
     6978     2
     6979     2
     6980     2
     6981     2
     6982     2
     6983     2
     6984     2
     6985     2
     6986     2
     6987     2
     6988     2
     6989     2
     6990     2
     6991     2
     6992     2
     6993     2
     6994     2
     6995     2
     6996     2
     6997     2
     6998     2
     6999     2
     7000     2
     7001     2
     7002     2
     7003     2
     7004     2
     7005     2
     7006     2
     7007     2
     7008     2
     7009     2
     7010     2
     7011     2
     7012     2
     7013     2
     7014     2
     7015     2
     7016     2
     7017     2
     7018     2
     7019     2
     7020     2
     7021     2
     7022     2
     7023     2
     7024     2
     7025     2
     7026     2
     7027     2
     7028     2
     7029     2
     7030     2
     7031     2
     7032     2
     7033     2
     7034     2
     7035     2
     7036     2
     7037     2
     7038     2
     7039     2
     7040     2
     7041     2
     7042     2
     7043     2
     7044     2
     7045     2
     7046     2
     7047     2
     7048     2
     7049     2
     7050     2
     7051     2
     7052     2
     7053     2
     7054     2
     7055     2
     7056     2
     7057     2
     7058     2
     7059     2
     7060     2
     7061     2
     7062     2
     7063     2
     7064     2
     7065     2
     7066     2
     7067     2
     7068     2
     7069     2
     7070     2
     7071     2
     7072     2
     7073     2
     7074     2
     7075     2
     7076     2
     7077     2
     7078     2
     7079     2
     7080     2
     7081     2
     7082     2
     7083     2
     7084     2
     7085     2
     7086     2
     7087     2
     7088     2
     7089     2
     7090     2
     7091     2
     7092     2
     7093     2
     7094     2
     7095     2
     7096     2
     7097     2
     7098     2
     7099     2
     7100     2
     7101     2
     7102     2
     7103     2
     7104     2
     7105     2
     7106     2
     7107     2
     7108     2
     7109     2
     7110     2
     7111     2
     7112     2
     7113     2
     7114     2
     7115     2
     7116     2
     7117     2
     7118     2
     7119     2
     7120     2
     7121     2
     7122     2
     7123     2
     7124     2
     7125     2
     7126     2
     7127     2
     7128     2
     7129     2
     7130     2
     7131     2
     7132     2
     7133     2
     7134     2
     7135     2
     7136     2
     7137     2
     7138     2
     7139     2
     7140     2
     7141     2
     7142     2
     7143     2
     7144     2
     7145     2
     7146     2
     7147     2
     7148     2
     7149     2
     7150     2
     7151     2
     7152     2
     7153     2
     7154     2
     7155     2
     7156     2
     7157     2
     7158     2
     7159     2
     7160     2
     7161     2
     7162     2
     7163     2
     7164     2
     7165     2
     7166     2
     7167     2
     7168     2
     7169     2
     7170     2
     7171     2
     7172     2
     7173     2
     7174     2
     7175     2
     7176     2
     7177     2
     7178     2
     7179     2
     7180     2
     7181     2
     7182     2
     7183     2
     7184     2
     7185     2
     7186     2
     7187     2
     7188     2
     7189     2
     7190     2
     7191     2
     7192     2
     7193     2
     7194     2
     7195     2
     7196     2
     7197     2
     7198     2
     7199     2
     7200     2
     7201     2
     7202     2
     7203     2
     7204     2
     7205     2
     7206     2
     7207     2
     7208     2
     7209     2
     7210     2
     7211     2
     7212     2
     7213     2
     7214     2
     7215     2
     7216     2
     7217     2
     7218     2
     7219     2
     7220     2
     7221     2
     7222     2
     7223     2
     7224     2
     7225     2
     7226     2
     7227     2
     7228     2
     7229     2
     7230     2
     7231     2
     7232     2
     7233     2
     7234     2
     7235     2
     7236     2
     7237     2
     7238     2
     7239     2
     7240     2
     7241     2
     7242     2
     7243     2
     7244     2
     7245     2
     7246     2
     7247     2
     7248     2
     7249     2
     7250     2
     7251     2
     7252     2
     7253     2
     7254     2
     7255     2
     7256     2
     7257     2
     7258     2
     7259     2
     7260     2
     7261     2
     7262     2
     7263     2
     7264     2
     7265     2
     7266     2
     7267     2
     7268     2
     7269     2
     7270     2
     7271     2
     7272     2
     7273     2
     7274     2
     7275     2
     7276     2
     7277     2
     7278     2
     7279     2
     7280     2
     7281     2
     7282     2
     7283     2
     7284     2
     7285     2
     7286     2
     7287     2
     7288     2
     7289     2
     7290     2
     7291     2
     7292     2
     7293     2
     7294     2
     7295     2
     7296     2
     7297     2
     7298     2
     7299     2
     7300     2
     7301     2
     7302     2
     7303     2
     7304     2
     7305     2
     7306     2
     7307     2
     7308     2
     7309     2
     7310     2
     7311     2
     7312     2
     7313     2
     7314     2
     7315     2
     7316     2
     7317     2
     7318     2
     7319     2
     7320     2
     7321     2
     7322     2
     7323     2
     7324     2
     7325     2
     7326     2
     7327     2
     7328     2
     7329     2
     7330     2
     7331     2
     7332     2
     7333     2
     7334     2
     7335     2
     7336     2
     7337     2
     7338     2
     7339     2
     7340     2
     7341     2
     7342     2
     7343     2
     7344     2
     7345     2
     7346     2
     7347     2
     7348     2
     7349     2
     7350     2
     7351     2
     7352     2
     7353     2
     7354     2
     7355     2
     7356     2
     7357     2
     7358     2
     7359     2
     7360     2
     7361     2
     7362     2
     7363     2
     7364     2
     7365     2
     7366     2
     7367     2
     7368     2
     7369     2
     7370     2
     7371     2
     7372     2
     7373     2
     7374     2
     7375     2
     7376     2
     7377     2
     7378     2
     7379     2
     7380     2
     7381     2
     7382     2
     7383     2
     7384     2
     7385     2
     7386     2
     7387     2
     7388     2
     7389     2
     7390     2
     7391     2
     7392     2
     7393     2
     7394     2
     7395     2
     7396     2
     7397     2
     7398     2
     7399     2
     7400     2
     7401     2
     7402     2
     7403     2
     7404     2
     7405     2
     7406     2
     7407     2
     7408     2
     7409     2
     7410     2
     7411     2
     7412     2
     7413     2
     7414     2
     7415     2
     7416     2
     7417     2
     7418     2
     7419     2
     7420     2
     7421     2
     7422     2
     7423     2
     7424     2
     7425     2
     7426     2
     7427     2
     7428     2
     7429     2
     7430     2
     7431     2
     7432     2
     7433     2
     7434     2
     7435     2
     7436     2
     7437     2
     7438     2
     7439     2
     7440     2
     7441     2
     7442     2
     7443     2
     7444     2
     7445     2
     7446     2
     7447     2
     7448     2
     7449     2
     7450     2
     7451     2
     7452     2
     7453     2
     7454     2
     7455     2
     7456     2
     7457     2
     7458     2
     7459     2
     7460     2
     7461     2
     7462     2
     7463     2
     7464     2
     7465     2
     7466     2
     7467     2
     7468     2
     7469     2
     7470     2
     7471     2
     7472     2
     7473     2
     7474     2
     7475     2
     7476     2
     7477     2
     7478     2
     7479     2
     7480     2
     7481     2
     7482     2
     7483     2
     7484     2
     7485     2
     7486     2
     7487     2
     7488     2
     7489     2
     7490     2
     7491     2
     7492     2
     7493     2
     7494     2
     7495     2
     7496     2
     7497     2
     7498     2
     7499     2
     7500     2
     7501     2
     7502     2
     7503     2
     7504     2
     7505     2
     7506     2
     7507     2
     7508     2
     7509     2
     7510     2
     7511     2
     7512     2
     7513     2
     7514     2
     7515     2
     7516     2
     7517     2
     7518     2
     7519     2
     7520     2
     7521     2
     7522     2
     7523     2
     7524     2
     7525     2
     7526     2
     7527     2
     7528     2
     7529     2
     7530     2
     7531     2
     7532     2
     7533     2
     7534     2
     7535     2
     7536     2
     7537     2
     7538     2
     7539     2
     7540     2
     7541     2
     7542     2
     7543     2
     7544     2
     7545     2
     7546     2
     7547     2
     7548     2
     7549     2
     7550     2
     7551     2
     7552     2
     7553     2
     7554     2
     7555     2
     7556     2
     7557     2
     7558     2
     7559     2
     7560     2
     7561     2
     7562     2
     7563     2
     7564     2
     7565     2
     7566     2
     7567     2
     7568     2
     7569     2
     7570     2
     7571     2
     7572     2
     7573     2
     7574     2
     7575     2
     7576     2
     7577     2
     7578     2
     7579     2
     7580     2
     7581     2
     7582     2
     7583     2
     7584     2
     7585     2
     7586     2
     7587     2
     7588     2
     7589     2
     7590     2
     7591     2
     7592     2
     7593     2
     7594     2
     7595     2
     7596     2
     7597     2
     7598     2
     7599     2
     7600     2
     7601     2
     7602     2
     7603     2
     7604     2
     7605     2
     7606     2
     7607     2
     7608     2
     7609     2
     7610     2
     7611     2
     7612     2
     7613     2
     7614     2
     7615     2
     7616     2
     7617     2
     7618     2
     7619     2
     7620     2
     7621     2
     7622     2
     7623     2
     7624     2
     7625     2
     7626     2
     7627     2
     7628     2
     7629     2
     7630     2
     7631     2
     7632     2
     7633     2
     7634     2
     7635     2
     7636     2
     7637     2
     7638     2
     7639     2
     7640     2
     7641     2
     7642     2
     7643     2
     7644     2
     7645     2
     7646     2
     7647     2
     7648     2
     7649     2
     7650     2
     7651     2
     7652     2
     7653     2
     7654     2
     7655     2
     7656     2
     7657     2
     7658     2
     7659     2
     7660     2
     7661     2
     7662     2
     7663     2
     7664     2
     7665     2
     7666     2
     7667     2
     7668     2
     7669     2
     7670     2
     7671     2
     7672     2
     7673     2
     7674     2
     7675     2
     7676     2
     7677     2
     7678     2
     7679     2
     7680     2
     7681     2
     7682     2
     7683     2
     7684     2
     7685     2
     7686     2
     7687     2
     7688     2
     7689     2
     7690     2
     7691     2
     7692     2
     7693     2
     7694     2
     7695     2
     7696     2
     7697     2
     7698     2
     7699     2
     7700     2
     7701     2
     7702     2
     7703     2
     7704     2
     7705     2
     7706     2
     7707     2
     7708     2
     7709     2
     7710     2
     7711     2
     7712     2
     7713     2
     7714     2
     7715     2
     7716     2
     7717     2
     7718     2
     7719     2
     7720     2
     7721     2
     7722     2
     7723     2
     7724     2
     7725     2
     7726     2
     7727     2
     7728     2
     7729     2
     7730     2
     7731     2
     7732     2
     7733     2
     7734     2
     7735     2
     7736     2
     7737     2
     7738     2
     7739     2
     7740     2
     7741     2
     7742     2
     7743     2
     7744     2
     7745     2
     7746     2
     7747     2
     7748     2
     7749     2
     7750     2
     7751     2
     7752     2
     7753     2
     7754     2
     7755     2
     7756     2
     7757     2
     7758     2
     7759     2
     7760     2
     7761     2
     7762     2
     7763     2
     7764     2
     7765     2
     7766     2
     7767     2
     7768     2
     7769     2
     7770     2
     7771     2
     7772     2
     7773     2
     7774     2
     7775     2
     7776     2
     7777     2
     7778     2
     7779     2
     7780     2
     7781     2
     7782     2
     7783     2
     7784     2
     7785     2
     7786     2
     7787     2
     7788     2
     7789     2
     7790     2
     7791     2
     7792     2
     7793     2
     7794     2
     7795     2
     7796     2
     7797     2
     7798     2
     7799     2
     7800     2
     7801     2
     7802     2
     7803     2
     7804     2
     7805     2
     7806     2
     7807     2
     7808     2
     7809     2
     7810     2
     7811     2
     7812     2
     7813     2
     7814     2
     7815     2
     7816     2
     7817     2
     7818     2
     7819     2
     7820     2
     7821     2
     7822     2
     7823     2
     7824     2
     7825     2
     7826     2
     7827     2
     7828     2
     7829     2
     7830     2
     7831     2
     7832     2
     7833     2
     7834     2
     7835     2
     7836     2
     7837     2
     7838     2
     7839     2
     7840     2
     7841     2
     7842     2
     7843     2
     7844     2
     7845     2
     7846     2
     7847     2
     7848     2
     7849     2
     7850     2
     7851     2
     7852     2
     7853     2
     7854     2
     7855     2
     7856     2
     7857     2
     7858     2
     7859     2
     7860     2
     7861     2
     7862     2
     7863     2
     7864     2
     7865     2
     7866     2
     7867     2
     7868     2
     7869     2
     7870     2
     7871     2
     7872     2
     7873     2
     7874     2
     7875     2
     7876     2
     7877     2
     7878     2
     7879     2
     7880     2
     7881     2
     7882     2
     7883     2
     7884     2
     7885     2
     7886     2
     7887     2
     7888     2
     7889     2
     7890     2
     7891     2
     7892     2
     7893     2
     7894     2
     7895     2
     7896     2
     7897     2
     7898     2
     7899     2
     7900     2
     7901     2
     7902     2
     7903     2
     7904     2
     7905     2
     7906     2
     7907     2
     7908     2
     7909     2
     7910     2
     7911     2
     7912     2
     7913     2
     7914     2
     7915     2
     7916     2
     7917     2
     7918     2
     7919     2
     7920     2
     7921     2
     7922     2
     7923     2
     7924     2
     7925     2
     7926     2
     7927     2
     7928     2
     7929     2
     7930     2
     7931     2
     7932     2
     7933     2
     7934     2
     7935     2
     7936     2
     7937     2
     7938     2
     7939     2
     7940     2
     7941     2
     7942     2
     7943     2
     7944     2
     7945     2
     7946     2
     7947     2
     7948     2
     7949     2
     7950     2
     7951     2
     7952     2
     7953     2
     7954     2
     7955     2
     7956     2
     7957     2
     7958     2
     7959     2
     7960     2
     7961     2
     7962     2
     7963     2
     7964     2
     7965     2
     7966     2
     7967     2
     7968     2
     7969     2
     7970     2
     7971     2
     7972     2
     7973     2
     7974     2
     7975     2
     7976     2
     7977     2
     7978     2
     7979     2
     7980     2
     7981     2
     7982     2
     7983     2
     7984     2
     7985     2
     7986     2
     7987     2
     7988     2
     7989     2
     7990     2
     7991     2
     7992     2
     7993     2
     7994     2
     7995     2
     7996     2
     7997     2
     7998     2
     7999     2
     8000     2
     8001     2
     8002     2
     8003     2
     8004     2
     8005     2
     8006     2
     8007     2
     8008     2
     8009     2
     8010     2
     8011     2
     8012     2
     8013     2
     8014     2
     8015     2
     8016     2
     8017     2
     8018     2
     8019     2
     8020     2
     8021     2
     8022     2
     8023     2
     8024     2
     8025     2
     8026     2
     8027     2
     8028     2
     8029     2
     8030     2
     8031     2
     8032     2
     8033     2
     8034     2
     8035     2
     8036     2
     8037     2
     8038     2
     8039     2
     8040     2
     8041     2
     8042     2
     8043     2
     8044     2
     8045     2
     8046     2
     8047     2
     8048     2
     8049     2
     8050     2
     8051     2
     8052     2
     8053     2
     8054     2
     8055     2
     8056     2
     8057     2
     8058     2
     8059     2
     8060     2
     8061     2
     8062     2
     8063     2
     8064     2
     8065     2
     8066     2
     8067     2
     8068     2
     8069     2
     8070     2
     8071     2
     8072     2
     8073     2
     8074     2
     8075     2
     8076     2
     8077     2
     8078     2
     8079     2
     8080     2
     8081     2
     8082     2
     8083     2
     8084     2
     8085     2
     8086     2
     8087     2
     8088     2
     8089     2
     8090     2
     8091     2
     8092     2
     8093     2
     8094     2
     8095     2
     8096     2
     8097     2
     8098     2
     8099     2
     8100     2
     8101     2
     8102     2
     8103     2
     8104     2
     8105     2
     8106     2
     8107     2
     8108     2
     8109     2
     8110     2
     8111     2
     8112     2
     8113     2
     8114     2
     8115     2
     8116     2
     8117     2
     8118     2
     8119     2
     8120     2
     8121     2
     8122     2
     8123     2
     8124     2
     8125     2
     8126     2
     8127     2
     8128     2
     8129     2
     8130     2
     8131     2
     8132     2
     8133     2
     8134     2
     8135     2
     8136     2
     8137     2
     8138     2
     8139     2
     8140     2
     8141     2
     8142     2
     8143     2
     8144     2
     8145     2
     8146     2
     8147     2
     8148     2
     8149     2
     8150     2
     8151     2
     8152     2
     8153     2
     8154     2
     8155     2
     8156     2
     8157     2
     8158     2
     8159     2
     8160     2
     8161     2
     8162     2
     8163     2
     8164     2
     8165     2
     8166     2
     8167     2
     8168     2
     8169     2
     8170     2
     8171     2
     8172     2
     8173     2
     8174     2
     8175     2
     8176     2
     8177     2
     8178     2
     8179     2
     8180     2
     8181     2
     8182     2
     8183     2
     8184     2
     8185     2
     8186     2
     8187     2
     8188     2
     8189     2
     8190     2
     8191     2
     8192     2
     8193     2
     8194     2
     8195     2
     8196     2
     8197     2
     8198     2
     8199     2
     8200     2
     8201     2
     8202     2
     8203     2
     8204     2
     8205     2
     8206     2
     8207     2
     8208     2
     8209     2
     8210     2
     8211     2
     8212     2
     8213     2
     8214     2
     8215     2
     8216     2
     8217     2
     8218     2
     8219     2
     8220     2
     8221     2
     8222     2
     8223     2
     8224     2
     8225     2
     8226     2
     8227     2
     8228     2
     8229     2
     8230     2
     8231     2
     8232     2
     8233     2
     8234     2
     8235     2
     8236     2
     8237     2
     8238     2
     8239     2
     8240     2
     8241     2
     8242     2
     8243     2
     8244     2
     8245     2
     8246     2
     8247     2
     8248     2
     8249     2
     8250     2
     8251     2
     8252     2
     8253     2
     8254     2
     8255     2
     8256     2
     8257     2
     8258     2
     8259     2
     8260     2
     8261     2
     8262     2
     8263     2
     8264     2
     8265     2
     8266     2
     8267     2
     8268     2
     8269     2
     8270     2
     8271     2
     8272     2
     8273     2
     8274     2
     8275     2
     8276     2
     8277     2
     8278     2
     8279     2
     8280     2
     8281     2
     8282     2
     8283     2
     8284     2
     8285     2
     8286     2
     8287     2
     8288     2
     8289     2
     8290     2
     8291     2
     8292     2
     8293     2
     8294     2
     8295     2
     8296     2
     8297     2
     8298     2
     8299     2
     8300     2
     8301     2
     8302     2
     8303     2
     8304     2
     8305     2
     8306     2
     8307     2
     8308     2
     8309     2
     8310     2
     8311     2
     8312     2
     8313     2
     8314     2
     8315     2
     8316     2
     8317     2
     8318     2
     8319     2
     8320     2
     8321     2
     8322     2
     8323     2
     8324     2
     8325     2
     8326     2
     8327     2
     8328     2
     8329     2
     8330     2
     8331     2
     8332     2
     8333     2
     8334     2
     8335     2
     8336     2
     8337     2
     8338     2
     8339     2
     8340     2
     8341     2
     8342     2
     8343     2
     8344     2
     8345     2
     8346     2
     8347     2
     8348     2
     8349     2
     8350     2
     8351     2
     8352     2
     8353     2
     8354     2
     8355     2
     8356     2
     8357     2
     8358     2
     8359     2
     8360     2
     8361     2
     8362     2
     8363     2
     8364     2
     8365     2
     8366     2
     8367     2
     8368     2
     8369     2
     8370     2
     8371     2
     8372     2
     8373     2
     8374     2
     8375     2
     8376     2
     8377     2
     8378     2
     8379     2
     8380     2
     8381     2
     8382     2
     8383     2
     8384     2
     8385     2
     8386     2
     8387     2
     8388     2
     8389     2
     8390     2
     8391     2
     8392     2
     8393     2
     8394     2
     8395     2
     8396     2
     8397     2
     8398     2
     8399     2
     8400     2
     8401     2
     8402     2
     8403     2
     8404     2
     8405     2
     8406     2
     8407     2
     8408     2
     8409     2
     8410     2
     8411     2
     8412     2
     8413     2
     8414     2
     8415     2
     8416     2
     8417     2
     8418     2
     8419     2
     8420     2
     8421     2
     8422     2
     8423     2
     8424     2
     8425     2
     8426     2
     8427     2
     8428     2
     8429     2
     8430     2
     8431     2
     8432     2
     8433     2
     8434     2
     8435     2
     8436     2
     8437     2
     8438     2
     8439     2
     8440     2
     8441     2
     8442     2
     8443     2
     8444     2
     8445     2
     8446     2
     8447     2
     8448     2
     8449     2
     8450     2
     8451     2
     8452     2
     8453     2
     8454     2
     8455     2
     8456     2
     8457     2
     8458     2
     8459     2
     8460     2
     8461     2
     8462     2
     8463     2
     8464     2
     8465     2
     8466     2
     8467     2
     8468     2
     8469     2
     8470     2
     8471     2
     8472     2
     8473     2
     8474     2
     8475     2
     8476     2
     8477     2
     8478     2
     8479     2
     8480     2
     8481     2
     8482     2
     8483     2
     8484     2
     8485     2
     8486     2
     8487     2
     8488     2
     8489     2
     8490     2
     8491     2
     8492     2
     8493     2
     8494     2
     8495     2
     8496     2
     8497     2
     8498     2
     8499     2
     8500     2
     8501     2
     8502     2
     8503     2
     8504     2
     8505     2
     8506     2
     8507     2
     8508     2
     8509     2
     8510     2
     8511     2
     8512     2
     8513     2
     8514     2
     8515     2
     8516     2
     8517     2
     8518     2
     8519     2
     8520     2
     8521     2
     8522     2
     8523     2
     8524     2
     8525     2
     8526     2
     8527     2
     8528     2
     8529     2
     8530     2
     8531     2
     8532     2
     8533     2
     8534     2
     8535     2
     8536     2
     8537     2
     8538     2
     8539     2
     8540     2
     8541     2
     8542     2
     8543     2
     8544     2
     8545     2
     8546     2
     8547     2
     8548     2
     8549     2
     8550     2
     8551     2
     8552     2
     8553     2
     8554     2
     8555     2
     8556     2
     8557     2
     8558     2
     8559     2
     8560     2
     8561     2
     8562     2
     8563     2
     8564     2
     8565     2
     8566     2
     8567     2
     8568     2
     8569     2
     8570     2
     8571     2
     8572     2
     8573     2
     8574     2
     8575     2
     8576     2
     8577     2
     8578     2
     8579     2
     8580     2
     8581     2
     8582     2
     8583     2
     8584     2
     8585     2
     8586     2
     8587     2
     8588     2
     8589     2
     8590     2
     8591     2
     8592     2
     8593     2
     8594     2
     8595     2
     8596     2
     8597     2
     8598     2
     8599     2
     8600     2
     8601     2
     8602     2
     8603     2
     8604     2
     8605     2
     8606     2
     8607     2
     8608     2
     8609     2
     8610     2
     8611     2
     8612     2
     8613     2
     8614     2
     8615     2
     8616     2
     8617     2
     8618     2
     8619     2
     8620     2
     8621     2
     8622     2
     8623     2
     8624     2
     8625     2
     8626     2
     8627     2
     8628     2
     8629     2
     8630     2
     8631     2
     8632     2
     8633     2
     8634     2
     8635     2
     8636     2
     8637     2
     8638     2
     8639     2
     8640     2
     8641     2
     8642     2
     8643     2
     8644     2
     8645     2
     8646     2
     8647     2
     8648     2
     8649     2
     8650     2
     8651     2
     8652     2
     8653     2
     8654     2
     8655     2
     8656     2
     8657     2
     8658     2
     8659     2
     8660     2
     8661     2
     8662     2
     8663     2
     8664     2
     8665     2
     8666     2
     8667     2
     8668     2
     8669     2
     8670     2
     8671     2
     8672     2
     8673     2
     8674     2
     8675     2
     8676     2
     8677     2
     8678     2
     8679     2
     8680     2
     8681     2
     8682     2
     8683     2
     8684     2
     8685     2
     8686     2
     8687     2
     8688     2
     8689     2
     8690     2
     8691     2
     8692     2
     8693     2
     8694     2
     8695     2
     8696     2
     8697     2
     8698     2
     8699     2
     8700     2
     8701     2
     8702     2
     8703     2
     8704     2
     8705     2
     8706     2
     8707     2
     8708     2
     8709     2
     8710     2
     8711     2
     8712     2
     8713     2
     8714     2
     8715     2
     8716     2
     8717     2
     8718     2
     8719     2
     8720     2
     8721     2
     8722     2
     8723     2
     8724     2
     8725     2
     8726     2
     8727     2
     8728     2
     8729     2
     8730     2
     8731     2
     8732     2
     8733     2
     8734     2
     8735     2
     8736     2
     8737     2
     8738     2
     8739     2
     8740     2
     8741     2
     8742     2
     8743     2
     8744     2
     8745     2
     8746     2
     8747     2
     8748     2
     8749     2
     8750     2
     8751     2
     8752     2
     8753     2
     8754     2
     8755     2
     8756     2
     8757     2
  END_MATERIALS 
  SUBDOMAINS
  END_SUBDOMAINS
  CHARACTERISTICS
  END_CHARACTERISTICS
