  NODES_PER_ELEMENT
   1 3
   2 3
   3 3
   4 3
   5 3
   6 3
   7 3
   8 3
   9 3
   10 3
   11 3
   12 3
   13 3
   14 3
   15 3
   16 3
   17 3
   18 3
   19 3
   20 3
   21 3
   22 3
   23 3
   24 3
   25 3
   26 3
   27 3
   28 3
   29 3
   30 3
   31 3
   32 3
   33 3
   34 3
   35 3
   36 3
   37 3
   38 3
   39 3
   40 3
   41 3
   42 3
   43 3
   44 3
   45 3
   46 3
   47 3
   48 3
   49 3
   50 3
   51 3
   52 3
   53 3
   54 3
   55 3
   56 3
   57 3
   58 3
   59 3
   60 3
   61 3
   62 3
   63 3
   64 3
   65 3
   66 3
   67 3
   68 3
   69 3
   70 3
   71 3
   72 3
   73 3
   74 3
   75 3
   76 3
   77 3
   78 3
   79 3
   80 3
   81 3
   82 3
   83 3
   84 3
   85 3
   86 3
   87 3
   88 3
   89 3
   90 3
   91 3
   92 3
   93 3
   94 3
   95 3
   96 3
   97 3
   98 3
   99 3
   100 3
   101 3
   102 3
   103 3
   104 3
   105 3
   106 3
   107 3
   108 3
   109 3
   110 3
   111 3
   112 3
   113 3
   114 3
   115 3
   116 3
   117 3
   118 3
   119 3
   120 3
   121 3
   122 3
   123 3
   124 3
   125 3
   126 3
   127 3
   128 3
   129 3
   130 3
   131 3
   132 3
   133 3
   134 3
   135 3
   136 3
   137 3
   138 3
   139 3
   140 3
   141 3
   142 3
   143 3
   144 3
   145 3
   146 3
   147 3
   148 3
   149 3
   150 3
   151 3
   152 3
   153 3
   154 3
   155 3
   156 3
   157 3
   158 3
   159 3
   160 3
   161 3
   162 3
   163 3
   164 3
   165 3
   166 3
   167 3
   168 3
   169 3
   170 3
   171 3
   172 3
   173 3
   174 3
   175 3
   176 3
   177 3
   178 3
   179 3
   180 3
   181 3
   182 3
   183 3
   184 3
   185 3
   186 3
   187 3
   188 3
   189 3
   190 3
   191 3
   192 3
   193 3
   194 3
   195 3
   196 3
   197 3
   198 3
   199 3
   200 3
   201 3
   202 3
   203 3
   204 3
   205 3
   206 3
   207 3
   208 3
   209 3
   210 3
   211 3
   212 3
   213 3
   214 3
   215 3
   216 3
   217 3
   218 3
   219 3
   220 3
   221 3
   222 3
   223 3
   224 3
   225 3
   226 3
   227 3
   228 3
   229 3
   230 3
   231 3
   232 3
   233 3
   234 3
   235 3
   236 3
   237 3
   238 3
   239 3
   240 3
   241 3
   242 3
   243 3
   244 3
   245 3
   246 3
   247 3
   248 3
   249 3
   250 3
   251 3
   252 3
   253 3
   254 3
   255 3
   256 3
   257 3
   258 3
   259 3
   260 3
   261 3
   262 3
   263 3
   264 3
   265 3
   266 3
   267 3
   268 3
   269 3
   270 3
   271 3
   272 3
   273 3
   274 3
   275 3
   276 3
   277 3
   278 3
   279 3
   280 3
   281 3
   282 3
   283 3
   284 3
   285 3
   286 3
   287 3
   288 3
   289 3
   290 3
   291 3
   292 3
   293 3
   294 3
   295 3
   296 3
   297 3
   298 3
   299 3
   300 3
   301 3
   302 3
   303 3
   304 3
   305 3
   306 3
   307 3
   308 3
   309 3
   310 3
   311 3
   312 3
   313 3
   314 3
   315 3
   316 3
   317 3
   318 3
   319 3
   320 3
   321 3
   322 3
   323 3
   324 3
   325 3
   326 3
   327 3
   328 3
   329 3
   330 3
   331 3
   332 3
   333 3
   334 3
   335 3
   336 3
   337 3
   338 3
   339 3
   340 3
   341 3
   342 3
   343 3
   344 3
   345 3
   346 3
   347 3
   348 3
   349 3
   350 3
   351 3
   352 3
   353 3
   354 3
   355 3
   356 3
   357 3
   358 3
   359 3
   360 3
   361 3
   362 3
   363 3
   364 3
   365 3
   366 3
   367 3
   368 3
   369 3
   370 3
   371 3
   372 3
   373 3
   374 3
   375 3
   376 3
   377 3
   378 3
   379 3
   380 3
   381 3
   382 3
   383 3
   384 3
   385 3
   386 3
   387 3
   388 3
   389 3
   390 3
   391 3
   392 3
   393 3
   394 3
   395 3
   396 3
   397 3
   398 3
   399 3
   400 3
   401 3
   402 3
   403 3
   404 3
   405 3
   406 3
   407 3
   408 3
   409 3
   410 3
   411 3
   412 3
   413 3
   414 3
   415 3
   416 3
   417 3
   418 3
   419 3
   420 3
   421 3
   422 3
   423 3
   424 3
   425 3
   426 3
   427 3
   428 3
   429 3
   430 3
   431 3
   432 3
   433 3
   434 3
   435 3
   436 3
   437 3
   438 3
   439 3
   440 3
   441 3
   442 3
   443 3
   444 3
   445 3
   446 3
   447 3
   448 3
   449 3
   450 3
   451 3
   452 3
   453 3
   454 3
   455 3
   456 3
   457 3
   458 3
   459 3
   460 3
   461 3
   462 3
   463 3
   464 3
   465 3
   466 3
   467 3
   468 3
   469 3
   470 3
   471 3
   472 3
   473 3
   474 3
   475 3
   476 3
   477 3
   478 3
   479 3
   480 3
   481 3
   482 3
   483 3
   484 3
   485 3
   486 3
   487 3
   488 3
   489 3
   490 3
   491 3
   492 3
   493 3
   494 3
   495 3
   496 3
   497 3
   498 3
   499 3
   500 3
   501 3
   502 3
   503 3
   504 3
   505 3
   506 3
   507 3
   508 3
   509 3
   510 3
   511 3
   512 3
   513 3
   514 3
   515 3
   516 3
   517 3
   518 3
   519 3
   520 3
   521 3
   522 3
   523 3
   524 3
   525 3
   526 3
   527 3
   528 3
   529 3
   530 3
   531 3
   532 3
   533 3
   534 3
   535 3
   536 3
   537 3
   538 3
   539 3
   540 3
   541 3
   542 3
   543 3
   544 3
   545 3
   546 3
   547 3
   548 3
   549 3
   550 3
   551 3
   552 3
   553 3
   554 3
   555 3
   556 3
   557 3
   558 3
   559 3
   560 3
   561 3
   562 3
   563 3
   564 3
   565 3
   566 3
   567 3
   568 3
   569 3
   570 3
   571 3
   572 3
   573 3
   574 3
   575 3
   576 3
   577 3
   578 3
   579 3
   580 3
   581 3
   582 3
   583 3
   584 3
   585 3
   586 3
   587 3
   588 3
   589 3
   590 3
   591 3
   592 3
   593 3
   594 3
   595 3
   596 3
   597 3
   598 3
   599 3
   600 3
   601 3
   602 3
   603 3
   604 3
   605 3
   606 3
   607 3
   608 3
   609 3
   610 3
   611 3
   612 3
   613 3
   614 3
   615 3
   616 3
   617 3
   618 3
   619 3
   620 3
   621 3
   622 3
   623 3
   624 3
   625 3
   626 3
   627 3
   628 3
   629 3
   630 3
   631 3
   632 3
   633 3
   634 3
   635 3
   636 3
   637 3
   638 3
   639 3
   640 3
   641 3
   642 3
   643 3
   644 3
   645 3
   646 3
   647 3
   648 3
   649 3
   650 3
   651 3
   652 3
   653 3
   654 3
   655 3
   656 3
   657 3
   658 3
   659 3
   660 3
   661 3
   662 3
   663 3
   664 3
   665 3
   666 3
   667 3
   668 3
   669 3
   670 3
   671 3
   672 3
   673 3
   674 3
   675 3
   676 3
   677 3
   678 3
   679 3
   680 3
   681 3
   682 3
   683 3
   684 3
   685 3
   686 3
   687 3
   688 3
   689 3
   690 3
   691 3
   692 3
   693 3
   694 3
   695 3
   696 3
   697 3
   698 3
   699 3
   700 3
   701 3
   702 3
   703 3
   704 3
   705 3
   706 3
   707 3
   708 3
   709 3
   710 3
   711 3
   712 3
   713 3
   714 3
   715 3
   716 3
   717 3
   718 3
   719 3
   720 3
   721 3
   722 3
   723 3
   724 3
   725 3
   726 3
   727 3
   728 3
   729 3
   730 3
   731 3
   732 3
   733 3
   734 3
   735 3
   736 3
   737 3
   738 3
   739 3
   740 3
   741 3
   742 3
   743 3
   744 3
   745 3
   746 3
   747 3
   748 3
   749 3
   750 3
   751 3
   752 3
   753 3
   754 3
   755 3
   756 3
   757 3
   758 3
   759 3
   760 3
   761 3
   762 3
   763 3
   764 3
   765 3
   766 3
   767 3
   768 3
   769 3
   770 3
   771 3
   772 3
   773 3
   774 3
   775 3
   776 3
   777 3
   778 3
   779 3
   780 3
   781 3
   782 3
   783 3
   784 3
   785 3
   786 3
   787 3
   788 3
   789 3
   790 3
   791 3
   792 3
   793 3
   794 3
   795 3
   796 3
   797 3
   798 3
   799 3
   800 3
   801 3
   802 3
   803 3
   804 3
   805 3
   806 3
   807 3
   808 3
   809 3
   810 3
   811 3
   812 3
   813 3
   814 3
   815 3
   816 3
   817 3
   818 3
   819 3
   820 3
   821 3
   822 3
   823 3
   824 3
   825 3
   826 3
   827 3
   828 3
   829 3
   830 3
   831 3
   832 3
   833 3
   834 3
   835 3
   836 3
   837 3
   838 3
   839 3
   840 3
   841 3
   842 3
   843 3
   844 3
   845 3
   846 3
   847 3
   848 3
   849 3
   850 3
   851 3
   852 3
   853 3
   854 3
   855 3
   856 3
   857 3
   858 3
   859 3
   860 3
   861 3
   862 3
   863 3
   864 3
   865 3
   866 3
   867 3
   868 3
   869 3
   870 3
   871 3
   872 3
   873 3
   874 3
   875 3
   876 3
   877 3
   878 3
   879 3
   880 3
   881 3
   882 3
   883 3
   884 3
   885 3
   886 3
   887 3
   888 3
   889 3
   890 3
   891 3
   892 3
   893 3
   894 3
   895 3
   896 3
   897 3
   898 3
   899 3
   900 3
   901 3
   902 3
   903 3
   904 3
   905 3
   906 3
   907 3
   908 3
   909 3
   910 3
   911 3
   912 3
   913 3
   914 3
   915 3
   916 3
   917 3
   918 3
   919 3
   920 3
   921 3
   922 3
   923 3
   924 3
   925 3
   926 3
   927 3
   928 3
   929 3
   930 3
   931 3
   932 3
   933 3
   934 3
   935 3
   936 3
   937 3
   938 3
   939 3
   940 3
   941 3
   942 3
   943 3
   944 3
   945 3
   946 3
   947 3
   948 3
   949 3
   950 3
   951 3
   952 3
   953 3
   954 3
   955 3
   956 3
   957 3
   958 3
   959 3
   960 3
   961 3
   962 3
   963 3
   964 3
   965 3
   966 3
   967 3
   968 3
   969 3
   970 3
   971 3
   972 3
   973 3
   974 3
   975 3
   976 3
   977 3
   978 3
   979 3
   980 3
   981 3
   982 3
   983 3
   984 3
   985 3
   986 3
   987 3
   988 3
   989 3
   990 3
   991 3
   992 3
   993 3
   994 3
   995 3
   996 3
   997 3
   998 3
   999 3
   1000 3
   1001 3
   1002 3
   1003 3
   1004 3
   1005 3
   1006 3
   1007 3
   1008 3
   1009 3
   1010 3
   1011 3
   1012 3
   1013 3
   1014 3
   1015 3
   1016 3
   1017 3
   1018 3
   1019 3
   1020 3
   1021 3
   1022 3
   1023 3
   1024 3
   1025 3
   1026 3
   1027 3
   1028 3
   1029 3
   1030 3
   1031 3
   1032 3
   1033 3
   1034 3
   1035 3
   1036 3
   1037 3
   1038 3
   1039 3
   1040 3
   1041 3
   1042 3
   1043 3
   1044 3
   1045 3
   1046 3
   1047 3
   1048 3
   1049 3
   1050 3
   1051 3
   1052 3
   1053 3
   1054 3
   1055 3
   1056 3
   1057 3
   1058 3
   1059 3
   1060 3
   1061 3
   1062 3
   1063 3
   1064 3
   1065 3
   1066 3
   1067 3
   1068 3
   1069 3
   1070 3
   1071 3
   1072 3
   1073 3
   1074 3
   1075 3
   1076 3
   1077 3
   1078 3
   1079 3
   1080 3
   1081 3
   1082 3
   1083 3
   1084 3
   1085 3
   1086 3
   1087 3
   1088 3
   1089 3
   1090 3
   1091 3
   1092 3
   1093 3
   1094 3
   1095 3
   1096 3
   1097 3
   1098 3
   1099 3
   1100 3
   1101 3
   1102 3
   1103 3
   1104 3
   1105 3
   1106 3
   1107 3
   1108 3
   1109 3
   1110 3
   1111 3
   1112 3
   1113 3
   1114 3
   1115 3
   1116 3
   1117 3
   1118 3
   1119 3
   1120 3
   1121 3
   1122 3
   1123 3
   1124 3
   1125 3
   1126 3
   1127 3
   1128 3
   1129 3
   1130 3
   1131 3
   1132 3
   1133 3
   1134 3
   1135 3
   1136 3
   1137 3
   1138 3
   1139 3
   1140 3
   1141 3
   1142 3
   1143 3
   1144 3
   1145 3
   1146 3
   1147 3
   1148 3
   1149 3
   1150 3
   1151 3
   1152 3
   1153 3
   1154 3
   1155 3
   1156 3
   1157 3
   1158 3
   1159 3
   1160 3
   1161 3
   1162 3
   1163 3
   1164 3
   1165 3
   1166 3
   1167 3
   1168 3
   1169 3
   1170 3
   1171 3
   1172 3
   1173 3
   1174 3
   1175 3
   1176 3
   1177 3
   1178 3
   1179 3
   1180 3
   1181 3
   1182 3
   1183 3
   1184 3
   1185 3
   1186 3
   1187 3
   1188 3
   1189 3
   1190 3
   1191 3
   1192 3
   1193 3
   1194 3
   1195 3
   1196 3
   1197 3
   1198 3
   1199 3
   1200 3
   1201 3
   1202 3
   1203 3
   1204 3
   1205 3
   1206 3
   1207 3
   1208 3
   1209 3
   1210 3
   1211 3
   1212 3
   1213 3
   1214 3
   1215 3
   1216 3
   1217 3
   1218 3
   1219 3
   1220 3
   1221 3
   1222 3
   1223 3
   1224 3
   1225 3
   1226 3
   1227 3
   1228 3
   1229 3
   1230 3
   1231 3
   1232 3
   1233 3
   1234 3
   1235 3
   1236 3
   1237 3
   1238 3
   1239 3
   1240 3
   1241 3
   1242 3
   1243 3
   1244 3
   1245 3
   1246 3
   1247 3
   1248 3
   1249 3
   1250 3
   1251 3
   1252 3
   1253 3
   1254 3
   1255 3
   1256 3
   1257 3
   1258 3
   1259 3
   1260 3
   1261 3
   1262 3
   1263 3
   1264 3
   1265 3
   1266 3
   1267 3
   1268 3
   1269 3
   1270 3
   1271 3
   1272 3
   1273 3
   1274 3
   1275 3
   1276 3
   1277 3
   1278 3
   1279 3
   1280 3
   1281 3
   1282 3
   1283 3
   1284 3
   1285 3
   1286 3
   1287 3
   1288 3
   1289 3
   1290 3
   1291 3
   1292 3
   1293 3
   1294 3
   1295 3
   1296 3
   1297 3
   1298 3
   1299 3
   1300 3
   1301 3
   1302 3
   1303 3
   1304 3
   1305 3
   1306 3
   1307 3
   1308 3
   1309 3
   1310 3
   1311 3
   1312 3
   1313 3
   1314 3
   1315 3
   1316 3
   1317 3
   1318 3
   1319 3
   1320 3
   1321 3
   1322 3
   1323 3
   1324 3
   1325 3
   1326 3
   1327 3
   1328 3
   1329 3
   1330 3
   1331 3
   1332 3
   1333 3
   1334 3
   1335 3
   1336 3
   1337 3
   1338 3
   1339 3
   1340 3
   1341 3
   1342 3
   1343 3
   1344 3
   1345 3
   1346 3
   1347 3
   1348 3
   1349 3
   1350 3
   1351 3
   1352 3
   1353 3
   1354 3
   1355 3
   1356 3
   1357 3
   1358 3
   1359 3
   1360 3
   1361 3
   1362 3
   1363 3
   1364 3
   1365 3
   1366 3
   1367 3
   1368 3
   1369 3
   1370 3
   1371 3
   1372 3
   1373 3
   1374 3
   1375 3
   1376 3
   1377 3
   1378 3
   1379 3
   1380 3
   1381 3
   1382 3
   1383 3
   1384 3
   1385 3
   1386 3
   1387 3
   1388 3
   1389 3
   1390 3
   1391 3
   1392 3
   1393 3
   1394 3
   1395 3
   1396 3
   1397 3
   1398 3
   1399 3
   1400 3
   1401 3
   1402 3
   1403 3
   1404 3
   1405 3
   1406 3
   1407 3
   1408 3
   1409 3
   1410 3
   1411 3
   1412 3
   1413 3
   1414 3
   1415 3
   1416 3
   1417 3
   1418 3
   1419 3
   1420 3
   1421 3
   1422 3
   1423 3
   1424 3
   1425 3
   1426 3
   1427 3
   1428 3
   1429 3
   1430 3
   1431 3
   1432 3
   1433 3
   1434 3
   1435 3
   1436 3
   1437 3
   1438 3
   1439 3
   1440 3
   1441 3
   1442 3
   1443 3
   1444 3
   1445 3
   1446 3
   1447 3
   1448 3
   1449 3
   1450 3
   1451 3
   1452 3
   1453 3
   1454 3
   1455 3
   1456 3
   1457 3
   1458 3
   1459 3
   1460 3
   1461 3
   1462 3
   1463 3
   1464 3
   1465 3
   1466 3
   1467 3
   1468 3
   1469 3
   1470 3
   1471 3
   1472 3
   1473 3
   1474 3
   1475 3
   1476 3
   1477 3
   1478 3
   1479 3
   1480 3
   1481 3
   1482 3
   1483 3
   1484 3
   1485 3
   1486 3
   1487 3
   1488 3
   1489 3
   1490 3
   1491 3
   1492 3
   1493 3
   1494 3
   1495 3
   1496 3
   1497 3
   1498 3
   1499 3
   1500 3
   1501 3
   1502 3
   1503 3
   1504 3
   1505 3
   1506 3
   1507 3
   1508 3
   1509 3
   1510 3
   1511 3
   1512 3
   1513 3
   1514 3
   1515 3
   1516 3
   1517 3
   1518 3
   1519 3
   1520 3
   1521 3
   1522 3
   1523 3
   1524 3
   1525 3
   1526 3
   1527 3
   1528 3
   1529 3
   1530 3
   1531 3
   1532 3
   1533 3
   1534 3
   1535 3
   1536 3
   1537 3
   1538 3
   1539 3
   1540 3
   1541 3
   1542 3
   1543 3
   1544 3
   1545 3
   1546 3
   1547 3
   1548 3
   1549 3
   1550 3
   1551 3
   1552 3
   1553 3
   1554 3
   1555 3
   1556 3
   1557 3
   1558 3
   1559 3
   1560 3
   1561 3
   1562 3
   1563 3
   1564 3
   1565 3
   1566 3
   1567 3
   1568 3
   1569 3
   1570 3
   1571 3
   1572 3
   1573 3
   1574 3
   1575 3
   1576 3
   1577 3
   1578 3
   1579 3
   1580 3
   1581 3
   1582 3
   1583 3
   1584 3
   1585 3
   1586 3
   1587 3
   1588 3
   1589 3
   1590 3
   1591 3
   1592 3
   1593 3
   1594 3
   1595 3
   1596 3
   1597 3
   1598 3
   1599 3
   1600 3
   1601 3
   1602 3
   1603 3
   1604 3
   1605 3
   1606 3
   1607 3
   1608 3
   1609 3
   1610 3
   1611 3
   1612 3
   1613 3
   1614 3
   1615 3
   1616 3
   1617 3
   1618 3
  END_NODES_PER_ELEMENT
  ELEMENTS
  1 189 221 206  
  2 647 663 630  
  3 628 607 590  
  4 158 134 154  
  5 449 478 444  
  6 712 708 675  
  7 416 383 390  
  8 54 60 74  
  9 321 356 326  
  10 697 704 668  
  11 535 507 500  
  12 75 59 80  
  13 565 589 557  
  14 690 674 658  
  15 283 250 264  
  16 112 137 129  
  17 252 287 265  
  18 677 691 652  
  19 585 561 555  
  20 110 87 111  
  21 510 538 503  
  22 703 696 667  
  23 352 317 323  
  24 77 93 98  
  25 387 421 388  
  26 709 713 676  
  27 475 445 442  
  28 53 51 65  
  29 610 629 592  
  30 662 646 622  
  31 216 186 203  
  32 161 189 182  
  33 221 252 236  
  34 663 677 639  
  35 607 585 569  
  36 134 110 128  
  37 478 510 476  
  38 708 703 683  
  39 383 352 357  
  40 60 77 78  
  41 356 387 361  
  42 704 709 684  
  43 507 475 473  
  44 59 53 67  
  45 589 610 571  
  46 674 662 638  
  47 250 216 233  
  48 137 161 155  
  49 287 321 297  
  50 691 697 660  
  51 561 535 525  
  52 87 75 95  
  53 538 565 526  
  54 696 690 659  
  55 317 283 294  
  56 93 112 113  
  57 421 449 417  
  58 713 712 678  
  59 445 416 414  
  60 51 54 66  
  61 629 647 608  
  62 646 628 615  
  63 186 158 179  
  64 206 221 236  
  65 206 236 222  
  66 222 236 262  
  67 206 222 190  
  68 262 236 265  
  69 262 265 297  
  70 265 236 252  
  71 297 265 287  
  72 222 262 242  
  73 190 222 211  
  74 206 190 182  
  75 182 190 155  
  76 206 182 189  
  77 182 155 161  
  78 242 262 274  
  79 222 242 211  
  80 190 211 169  
  81 297 321 326  
  82 297 326 305  
  83 305 326 347  
  84 297 305 262  
  85 347 326 361  
  86 347 361 388  
  87 361 326 356  
  88 388 361 387  
  89 305 347 318  
  90 318 347 355  
  91 305 318 274  
  92 388 421 417  
  93 388 417 389  
  94 389 417 423  
  95 388 389 347  
  96 423 417 444  
  97 423 444 462  
  98 444 417 449  
  99 476 444 478  
  100 389 423 391  
  101 391 423 429  
  102 389 391 355  
  103 503 538 526  
  104 503 526 490  
  105 490 526 527  
  106 503 490 462  
  107 527 526 557  
  108 527 557 571  
  109 557 526 565  
  110 571 557 589  
  111 490 527 482  
  112 462 490 455  
  113 503 462 476  
  114 476 462 444  
  115 503 476 510  
  116 482 527 515  
  117 490 482 455  
  118 462 455 429  
  119 429 455 418  
  120 462 429 423  
  121 418 455 443  
  122 429 418 391  
  123 443 455 482  
  124 418 443 408  
  125 592 629 608  
  126 592 608 570  
  127 570 608 597  
  128 592 570 554  
  129 597 608 630  
  130 597 630 639  
  131 630 608 647  
  132 639 630 663  
  133 570 597 556  
  134 554 570 534  
  135 592 554 571  
  136 571 554 527  
  137 592 571 610  
  138 556 597 578  
  139 570 556 534  
  140 554 534 515  
  141 515 534 485  
  142 554 515 527  
  143 485 534 514  
  144 515 485 482  
  145 514 534 556  
  146 485 514 471  
  147 590 607 569  
  148 590 569 552  
  149 552 569 528  
  150 590 552 583  
  151 528 569 555  
  152 528 555 525  
  153 555 569 585  
  154 525 555 561  
  155 552 528 512  
  156 583 552 537  
  157 590 583 615  
  158 615 583 622  
  159 590 615 628  
  160 615 622 646  
  161 512 528 493  
  162 552 512 537  
  163 583 537 564  
  164 525 535 500  
  165 525 500 489  
  166 489 500 457  
  167 525 489 528  
  168 457 500 473  
  169 457 473 442  
  170 473 500 507  
  171 442 473 475  
  172 489 457 451  
  173 451 457 426  
  174 489 451 493  
  175 442 445 414  
  176 442 414 410  
  177 410 414 375  
  178 442 410 457  
  179 375 414 390  
  180 375 390 357  
  181 390 414 416  
  182 357 390 383  
  183 410 375 378  
  184 378 375 351  
  185 410 378 426  
  186 323 317 294  
  187 323 294 302  
  188 302 294 269  
  189 323 302 336  
  190 269 294 264  
  191 269 264 231  
  192 264 294 283  
  193 233 264 250  
  194 302 269 281  
  195 336 302 315  
  196 323 336 357  
  197 357 336 375  
  198 323 357 352  
  199 281 269 244  
  200 302 281 315  
  201 336 315 351  
  202 351 315 331  
  203 336 351 375  
  204 331 315 295  
  205 351 331 378  
  206 295 315 281  
  207 331 295 314  
  208 203 186 179  
  209 203 179 195  
  210 195 179 165  
  211 203 195 231  
  212 165 179 154  
  213 165 154 140  
  214 154 179 158  
  215 128 154 134  
  216 195 165 184  
  217 231 195 214  
  218 203 231 233  
  219 233 231 264  
  220 203 233 216  
  221 184 165 156  
  222 195 184 214  
  223 231 214 244  
  224 244 214 249  
  225 231 244 269  
  226 249 214 213  
  227 244 249 281  
  228 213 214 184  
  229 249 213 237  
  230 652 691 660  
  231 652 660 620  
  232 620 660 637  
  233 652 620 616  
  234 637 660 668  
  235 637 668 643  
  236 668 660 697  
  237 684 668 704  
  238 620 637 596  
  239 616 620 584  
  240 652 616 639  
  241 639 616 597  
  242 652 639 677  
  243 596 637 614  
  244 620 596 584  
  245 616 584 578  
  246 578 584 544  
  247 616 578 597  
  248 544 584 560  
  249 578 544 556  
  250 560 584 596  
  251 544 560 521  
  252 676 713 678  
  253 676 678 642  
  254 642 678 645  
  255 676 642 643  
  256 645 678 675  
  257 645 675 644  
  258 675 678 712  
  259 683 675 708  
  260 642 645 613  
  261 643 642 609  
  262 676 643 684  
  263 684 643 668  
  264 676 684 709  
  265 613 645 617  
  266 642 613 609  
  267 643 609 614  
  268 614 609 574  
  269 643 614 637  
  270 574 609 576  
  271 614 574 596  
  272 576 609 613  
  273 574 576 542  
  274 667 696 659  
  275 667 659 633  
  276 633 659 621  
  277 667 633 644  
  278 621 659 658  
  279 621 658 638  
  280 658 659 690  
  281 638 658 674  
  282 633 621 594  
  283 644 633 603  
  284 667 644 683  
  285 683 644 675  
  286 667 683 703  
  287 594 621 588  
  288 633 594 603  
  289 644 603 617  
  290 617 603 581  
  291 644 617 645  
  292 581 603 567  
  293 617 581 613  
  294 567 603 594  
  295 581 567 539  
  296 638 662 622  
  297 638 622 598  
  298 598 622 583  
  299 638 598 621  
  300 111 87 95  
  301 111 95 117  
  302 117 95 100  
  303 111 117 140  
  304 100 95 80  
  305 100 80 85  
  306 80 95 75  
  307 67 80 59  
  308 117 100 123  
  309 140 117 141  
  310 111 140 128  
  311 128 140 154  
  312 111 128 110  
  313 123 100 106  
  314 117 123 141  
  315 140 141 156  
  316 156 141 175  
  317 140 156 165  
  318 175 141 151  
  319 156 175 184  
  320 151 141 123  
  321 175 151 180  
  322 65 51 66  
  323 65 66 84  
  324 84 66 86  
  325 65 84 85  
  326 86 66 74  
  327 86 74 99  
  328 74 66 54  
  329 78 74 60  
  330 84 86 105  
  331 85 84 104  
  332 65 85 67  
  333 67 85 80  
  334 65 67 53  
  335 105 86 108  
  336 84 105 104  
  337 85 104 106  
  338 106 104 130  
  339 85 106 100  
  340 130 104 127  
  341 106 130 123  
  342 127 104 105  
  343 130 127 150  
  344 98 93 113  
  345 98 113 118  
  346 118 113 136  
  347 98 118 99  
  348 136 113 129  
  349 136 129 155  
  350 129 113 112  
  351 155 129 137  
  352 118 136 143  
  353 99 118 124  
  354 98 99 78  
  355 78 99 74  
  356 98 78 77  
  357 143 136 169  
  358 118 143 124  
  359 99 124 108  
  360 108 124 131  
  361 99 108 86  
  362 131 124 149  
  363 108 131 105  
  364 149 124 143  
  365 131 149 157  
  366 408 443 439  
  367 521 560 533  
  368 150 127 152  
  369 314 295 277  
  370 539 567 531  
  371 471 514 499  
  372 542 576 543  
  373 157 149 178  
  374 237 213 210  
  375 180 151 160  
  376 418 408 382  
  377 544 521 499  
  378 130 150 160  
  379 331 314 350  
  380 581 539 543  
  381 485 471 439  
  382 574 542 533  
  383 131 157 152  
  384 249 237 277  
  385 175 180 210  
  386 274 262 305  
  387 588 621 598  
  388 160 151 130  
  389 493 528 489  
  390 499 514 544  
  391 355 347 389  
  392 277 295 249  
  393 350 314 333  
  394 333 314 301  
  395 350 333 368  
  396 426 457 410  
  397 178 149 168  
  398 168 149 143  
  399 178 168 197  
  400 169 211 200  
  401 200 211 229  
  402 169 200 168  
  403 152 127 131  
  404 382 408 376  
  405 376 408 405  
  406 382 376 348  
  407 439 443 485  
  408 543 576 581  
  409 564 537 520  
  410 520 537 501  
  411 564 520 553  
  412 533 560 574  
  413 531 567 558  
  414 558 567 594  
  415 531 558 519  
  416 210 213 175  
  417 242 274 266  
  418 266 274 298  
  419 242 266 229  
  420 594 588 558  
  421 180 160 196  
  422 196 160 177  
  423 180 196 209  
  424 512 493 470  
  425 470 493 441  
  426 512 470 501  
  427 471 499 460  
  428 460 499 479  
  429 471 460 438  
  430 318 355 343  
  431 343 355 391  
  432 318 343 298  
  433 314 277 301  
  434 331 350 378  
  435 451 426 402  
  436 402 426 378  
  437 451 402 441  
  438 157 178 193  
  439 193 178 205  
  440 157 193 172  
  441 190 169 155  
  442 150 152 174  
  443 174 152 172  
  444 172 152 157  
  445 174 172 198  
  446 198 172 193  
  447 174 198 201  
  448 201 198 226  
  449 174 201 177  
  450 174 177 150  
  451 177 201 196  
  452 226 198 224  
  453 201 226 228  
  454 224 198 193  
  455 226 224 253  
  456 228 226 255  
  457 201 228 196  
  458 418 382 391  
  459 408 439 405  
  460 542 543 502  
  461 502 543 509  
  462 542 502 508  
  463 583 564 598  
  464 521 533 497  
  465 497 533 508  
  466 508 533 542  
  467 497 508 469  
  468 469 508 502  
  469 497 469 454  
  470 454 469 436  
  471 497 454 479  
  472 497 479 521  
  473 479 454 460  
  474 436 469 456  
  475 454 436 419  
  476 456 469 502  
  477 436 456 411  
  478 419 436 397  
  479 454 424 460  
  480 539 531 504  
  481 504 531 491  
  482 539 504 509  
  483 509 504 472  
  484 472 504 468  
  485 509 472 502  
  486 468 504 491  
  487 468 491 458  
  488 458 491 488  
  489 468 458 430  
  490 488 491 519  
  491 488 519 520  
  492 458 488 452  
  493 430 458 422  
  494 468 430 431  
  495 472 468 431  
  496 472 431 456  
  497 452 488 481  
  498 422 458 452  
  499 431 430 403  
  500 430 422 385  
  501 481 488 520  
  502 403 430 385  
  503 385 422 386  
  504 452 481 447  
  505 431 395 411  
  506 386 422 412  
  507 385 386 360  
  508 452 447 412  
  509 447 481 501  
  510 501 481 520  
  511 237 210 235  
  512 235 210 209  
  513 209 210 180  
  514 235 209 234  
  515 234 209 196  
  516 235 234 263  
  517 263 234 267  
  518 235 263 261  
  519 267 234 259  
  520 263 267 289  
  521 261 263 301  
  522 261 301 277  
  523 261 277 237  
  524 235 261 237  
  525 289 267 290  
  526 263 289 301  
  527 200 229 219  
  528 226 253 255  
  529 411 456 431  
  530 219 229 251  
  531 251 229 266  
  532 219 251 243  
  533 243 251 275  
  534 219 243 205  
  535 275 251 285  
  536 285 251 266  
  537 275 285 312  
  538 312 298 343  
  539 275 312 303  
  540 303 312 335  
  541 275 303 272  
  542 335 312 348  
  543 335 348 376  
  544 303 335 330  
  545 272 303 299  
  546 330 335 364  
  547 303 330 299  
  548 364 335 376  
  549 364 376 405  
  550 299 330 327  
  551 327 330 362  
  552 299 327 296  
  553 362 330 364  
  554 296 327 325  
  555 299 296 268  
  556 362 364 394  
  557 325 327 358  
  558 268 296 260  
  559 394 364 405  
  560 394 405 438  
  561 438 405 439  
  562 438 439 471  
  563 358 327 362  
  564 260 296 293  
  565 268 260 230  
  566 293 296 325  
  567 260 293 253  
  568 260 253 224  
  569 230 260 224  
  570 230 224 193  
  571 293 325 328  
  572 328 325 359  
  573 293 328 300  
  574 359 325 358  
  575 300 328 332  
  576 293 300 253  
  577 359 358 397  
  578 332 328 370  
  579 370 328 359  
  580 332 370 365  
  581 370 359 397  
  582 365 370 395  
  583 332 365 337  
  584 395 370 411  
  585 365 395 403  
  586 403 395 431  
  587 411 370 397  
  588 337 365 385  
  589 564 553 598  
  590 441 407 447  
  591 386 412 380  
  592 380 412 407  
  593 386 380 354  
  594 407 412 447  
  595 380 407 368  
  596 354 380 346  
  597 386 354 360  
  598 346 380 368  
  599 354 346 320  
  600 360 354 322  
  601 320 346 301  
  602 354 320 322  
  603 360 322 337  
  604 360 337 385  
  605 322 320 289  
  606 289 320 301  
  607 168 143 169  
  608 318 298 274  
  609 266 298 285  
  610 285 298 312  
  611 436 411 397  
  612 382 343 391  
  613 348 312 343  
  614 348 343 382  
  615 300 332 306  
  616 306 332 337  
  617 300 306 255  
  618 306 337 322  
  619 368 333 346  
  620 346 333 301  
  621 519 558 553  
  622 228 255 259  
  623 259 255 306  
  624 228 259 234  
  625 267 259 290  
  626 290 259 306  
  627 290 306 322  
  628 358 362 392  
  629 392 362 394  
  630 358 392 397  
  631 392 394 424  
  632 424 394 438  
  633 392 424 419  
  634 392 419 397  
  635 268 230 240  
  636 240 230 205  
  637 268 240 272  
  638 272 240 243  
  639 268 272 299  
  640 243 240 205  
  641 272 243 275  
  642 178 197 205  
  643 200 219 197  
  644 197 219 205  
  645 177 160 150  
  646 438 460 424  
  647 424 454 419  
  648 509 543 539  
  649 197 168 200  
  650 289 290 322  
  651 501 537 512  
  652 451 441 493  
  653 470 441 447  
  654 368 402 350  
  655 350 402 378  
  656 531 519 491  
  657 412 422 452  
  658 229 211 242  
  659 479 499 521  
  660 553 520 519  
  661 193 205 230  
  662 255 253 300  
  663 588 598 553  
  664 588 553 558  
  665 403 385 365  
  666 443 482 485  
  667 560 596 574  
  668 127 105 131  
  669 295 281 249  
  670 514 556 544  
  671 576 613 581  
  672 213 184 175  
  673 151 123 130  
  674 501 470 447  
  675 402 368 407  
  676 402 407 441  
  677 136 155 169  
  678 234 196 228  
  679 472 456 502  
  680 189 161 176  
  681 186 216 204  
  682 646 662 686  
  683 629 610 649  
  684 51 53 37  
  685 445 475 480  
  686 713 709 739  
  687 421 387 420  
  688 93 77 72  
  689 317 352 342  
  690 696 703 730  
  691 538 510 546  
  692 87 110 88  
  693 561 585 600  
  694 691 677 716  
  695 287 252 276  
  696 137 112 120  
  697 250 283 273  
  698 674 690 715  
  699 589 565 602  
  700 59 75 55  
  701 507 535 545  
  702 704 697 731  
  703 356 321 349  
  704 60 54 43  
  705 383 416 415  
  706 708 712 738  
  707 478 449 487  
  708 134 158 144  
  709 607 628 651  
  710 663 647 688  
  711 221 189 208  
  712 161 137 145  
  713 216 250 238  
  714 662 674 699  
  715 610 589 627  
  716 53 59 41  
  717 475 507 516  
  718 709 704 735  
  719 387 356 384  
  720 77 60 56  
  721 352 383 381  
  722 703 708 734  
  723 510 478 518  
  724 110 134 116  
  725 585 607 625  
  726 677 663 702  
  727 252 221 239  
  728 112 93 94  
  729 283 317 308  
  730 690 696 723  
  731 565 538 577  
  732 75 87 71  
  733 535 561 573  
  734 697 691 724  
  735 321 287 313  
  736 54 51 38  
  737 416 445 448  
  738 712 713 743  
  739 449 421 453  
  740 158 186 171  
  741 628 646 666  
  742 647 629 671  
  743 176 161 145  
  744 120 112 94  
  745 145 137 120  
  746 94 93 72  
  747 72 77 56  
  748 43 54 38  
  749 56 60 43  
  750 38 51 37  
  751 37 53 41  
  752 55 75 71  
  753 41 59 55  
  754 71 87 88  
  755 88 110 116  
  756 144 158 171  
  757 116 134 144  
  758 171 186 204  
  759 686 662 699  
  760 715 690 723  
  761 699 674 715  
  762 723 696 730  
  763 730 703 734  
  764 738 712 743  
  765 734 708 738  
  766 743 713 739  
  767 739 709 735  
  768 731 697 724  
  769 735 704 731  
  770 724 691 716  
  771 716 677 702  
  772 688 647 671  
  773 702 663 688  
  774 671 629 649  
  775 204 216 238  
  776 273 283 308  
  777 238 250 273  
  778 308 317 342  
  779 342 352 381  
  780 415 416 448  
  781 381 383 415  
  782 448 445 480  
  783 480 475 516  
  784 545 535 573  
  785 516 507 545  
  786 573 561 600  
  787 600 585 625  
  788 651 628 666  
  789 625 607 651  
  790 666 646 686  
  791 649 610 627  
  792 602 565 577  
  793 627 589 602  
  794 577 538 546  
  795 546 510 518  
  796 487 449 453  
  797 518 478 487  
  798 453 421 420  
  799 420 387 384  
  800 349 321 313  
  801 384 356 349  
  802 313 287 276  
  803 276 252 239  
  804 208 189 176  
  805 239 221 208  
  806 218 247 223  
  807 223 247 254  
  808 218 223 194  
  809 254 247 279  
  810 254 279 286  
  811 286 279 310  
  812 286 310 316  
  813 254 286 258  
  814 316 310 341  
  815 316 341 345  
  816 345 341 372  
  817 345 372 377  
  818 316 345 319  
  819 377 372 401  
  820 377 401 406  
  821 345 377 353  
  822 406 401 434  
  823 406 434 437  
  824 377 406 374  
  825 437 434 465  
  826 437 465 467  
  827 406 437 404  
  828 467 465 495  
  829 467 495 496  
  830 437 467 435  
  831 496 495 524  
  832 496 524 522  
  833 467 496 461  
  834 522 524 550  
  835 522 550 547  
  836 496 522 486  
  837 547 550 580  
  838 547 580 575  
  839 522 547 511  
  840 575 580 606  
  841 575 606 599  
  842 547 575 541  
  843 599 606 632  
  844 599 632 624  
  845 575 599 563  
  846 624 632 656  
  847 624 656 648  
  848 599 624 587  
  849 648 656 681  
  850 648 681 672  
  851 624 648 612  
  852 672 681 701  
  853 672 701 693  
  854 648 672 634  
  855 693 701 720  
  856 693 720 714  
  857 672 693 661  
  858 714 720 736  
  859 714 736 729  
  860 693 714 673  
  861 729 736 754  
  862 729 754 747  
  863 714 729 695  
  864 747 754 772  
  865 747 772 758  
  866 729 747 711  
  867 758 772 784  
  868 758 784 775  
  869 747 758 732  
  870 775 784 798  
  871 775 798 782  
  872 758 775 740  
  873 782 798 806  
  874 782 806 795  
  875 775 782 750  
  876 795 806 819  
  877 795 819 804  
  878 782 795 768  
  879 804 819 828  
  880 804 828 811  
  881 795 804 777  
  882 811 828 833  
  883 811 833 821  
  884 804 811 780  
  885 821 833 839  
  886 821 839 826  
  887 811 821 790  
  888 826 839 846  
  889 826 846 830  
  890 821 826 800  
  891 830 846 848  
  892 830 848 834  
  893 826 830 808  
  894 834 848 850  
  895 834 850 836  
  896 830 834 807  
  897 836 850 852  
  898 836 852 840  
  899 834 836 813  
  900 840 852 854  
  901 840 854 842  
  902 836 840 815  
  903 842 854 856  
  904 842 856 844  
  905 840 842 823  
  906 844 856 857  
  907 844 857 843  
  908 842 844 820  
  909 843 857 855  
  910 843 855 841  
  911 844 843 822  
  912 841 855 853  
  913 841 853 837  
  914 843 841 824  
  915 837 853 851  
  916 837 851 835  
  917 841 837 817  
  918 835 851 849  
  919 835 849 831  
  920 837 835 814  
  921 831 849 847  
  922 831 847 829  
  923 835 831 810  
  924 829 847 845  
  925 829 845 825  
  926 831 829 812  
  927 825 845 838  
  928 825 838 816  
  929 829 825 803  
  930 816 838 832  
  931 816 832 809  
  932 825 816 796  
  933 809 832 827  
  934 809 827 802  
  935 816 809 789  
  936 802 827 818  
  937 802 818 791  
  938 809 802 786  
  939 791 818 805  
  940 791 805 779  
  941 802 791 774  
  942 779 805 797  
  943 779 797 769  
  944 791 779 761  
  945 769 797 783  
  946 769 783 753  
  947 779 769 749  
  948 753 783 771  
  949 753 771 742  
  950 769 753 745  
  951 742 771 755  
  952 742 755 725  
  953 753 742 722  
  954 725 755 737  
  955 725 737 707  
  956 742 725 706  
  957 707 737 721  
  958 707 721 687  
  959 725 707 689  
  960 687 721 700  
  961 687 700 664  
  962 707 687 669  
  963 664 700 680  
  964 664 680 641  
  965 687 664 653  
  966 641 680 655  
  967 641 655 619  
  968 664 641 626  
  969 619 655 631  
  970 619 631 593  
  971 641 619 604  
  972 593 631 605  
  973 593 605 568  
  974 619 593 586  
  975 568 605 579  
  976 568 579 540  
  977 593 568 559  
  978 540 579 549  
  979 540 549 513  
  980 568 540 532  
  981 513 549 523  
  982 513 523 484  
  983 540 513 505  
  984 484 523 494  
  985 484 494 459  
  986 513 484 483  
  987 459 494 464  
  988 459 464 428  
  989 484 459 450  
  990 428 464 433  
  991 428 433 399  
  992 459 428 425  
  993 399 433 400  
  994 399 400 369  
  995 428 399 396  
  996 369 400 371  
  997 369 371 338  
  998 399 369 366  
  999 338 371 340  
  1000 338 340 307  
  1001 369 338 339  
  1002 307 340 309  
  1003 307 309 280  
  1004 338 307 311  
  1005 280 309 278  
  1006 280 278 248  
  1007 307 280 282  
  1008 248 278 246  
  1009 248 246 220  
  1010 280 248 256  
  1011 220 246 217  
  1012 220 217 191  
  1013 248 220 225  
  1014 191 217 187  
  1015 191 187 166  
  1016 220 191 199  
  1017 166 187 163  
  1018 166 163 142  
  1019 191 166 173  
  1020 142 163 138  
  1021 142 138 119  
  1022 166 142 153  
  1023 119 138 114  
  1024 119 114 97  
  1025 142 119 126  
  1026 97 114 90  
  1027 97 90 76  
  1028 119 97 102  
  1029 76 90 68  
  1030 76 68 57  
  1031 97 76 82  
  1032 57 68 49  
  1033 57 49 40  
  1034 76 57 62  
  1035 40 49 33  
  1036 40 33 25  
  1037 57 40 44  
  1038 25 33 21  
  1039 25 21 14  
  1040 40 25 32  
  1041 14 21 11  
  1042 14 11 6  
  1043 25 14 23  
  1044 6 11 5  
  1045 6 5 2  
  1046 14 6 13  
  1047 2 5 1  
  1048 2 1 3  
  1049 6 2 9  
  1050 3 1 4  
  1051 3 4 8  
  1052 2 3 7  
  1053 8 4 12  
  1054 8 12 18  
  1055 3 8 10  
  1056 18 12 22  
  1057 18 22 29  
  1058 8 18 15  
  1059 29 22 34  
  1060 29 34 42  
  1061 18 29 26  
  1062 42 34 50  
  1063 42 50 58  
  1064 29 42 39  
  1065 58 50 69  
  1066 58 69 79  
  1067 42 58 52  
  1068 79 69 91  
  1069 79 91 101  
  1070 58 79 70  
  1071 101 91 115  
  1072 101 115 125  
  1073 79 101 89  
  1074 125 115 139  
  1075 125 139 147  
  1076 101 125 109  
  1077 147 139 164  
  1078 147 164 170  
  1079 125 147 133  
  1080 170 164 188  
  1081 170 188 194  
  1082 170 194 167  
  1083 147 170 167  
  1084 194 188 218  
  1085 167 194 202  
  1086 286 316 288  
  1087 202 194 223  
  1088 202 223 232  
  1089 232 223 254  
  1090 232 254 258  
  1091 232 258 241  
  1092 241 258 270  
  1093 232 241 207  
  1094 202 232 207  
  1095 202 207 181  
  1096 181 207 185  
  1097 202 181 167  
  1098 167 181 148  
  1099 148 181 159  
  1100 167 148 133  
  1101 374 406 404  
  1102 374 404 373  
  1103 373 404 413  
  1104 374 373 334  
  1105 814 835 810  
  1106 814 810 788  
  1107 788 810 787  
  1108 814 788 793  
  1109 199 191 173  
  1110 199 173 183  
  1111 183 173 146  
  1112 199 183 212  
  1113 740 775 750  
  1114 740 750 719  
  1115 719 750 744  
  1116 740 719 705  
  1117 626 641 604  
  1118 626 604 591  
  1119 591 604 562  
  1120 626 591 623  
  1121 39 42 52  
  1122 39 52 47  
  1123 47 52 64  
  1124 39 47 31  
  1125 587 624 612  
  1126 587 612 572  
  1127 572 612 601  
  1128 587 572 548  
  1129 761 779 749  
  1130 761 749 728  
  1131 728 749 717  
  1132 761 728 746  
  1133 32 25 23  
  1134 32 23 30  
  1135 30 23 19  
  1136 32 30 48  
  1137 807 834 813  
  1138 807 813 785  
  1139 785 813 792  
  1140 807 785 781  
  1141 425 428 396  
  1142 425 396 393  
  1143 393 396 363  
  1144 425 393 427  
  1145 486 522 511  
  1146 486 511 474  
  1147 474 511 517  
  1148 486 474 446  
  1149 796 816 789  
  1150 796 789 765  
  1151 765 789 760  
  1152 796 765 778  
  1153 102 97 82  
  1154 102 82 96  
  1155 96 82 73  
  1156 102 96 121  
  1157 780 811 790  
  1158 780 790 762  
  1159 762 790 776  
  1160 780 762 752  
  1161 532 540 505  
  1162 532 505 498  
  1163 498 505 466  
  1164 532 498 530  
  1165 109 125 133  
  1166 109 133 122  
  1167 122 133 148  
  1168 109 122 92  
  1169 673 714 695  
  1170 673 695 657  
  1171 657 695 682  
  1172 673 657 635  
  1173 706 725 689  
  1174 706 689 670  
  1175 670 689 650  
  1176 706 670 692  
  1177 7 3 10  
  1178 7 10 17  
  1179 17 10 20  
  1180 7 17 16  
  1181 820 844 822  
  1182 820 822 794  
  1183 794 822 801  
  1184 820 794 799  
  1185 311 307 282  
  1186 311 282 284  
  1187 284 282 245  
  1188 311 284 324  
  1189 435 467 461  
  1190 435 461 413  
  1191 435 413 404  
  1192 435 404 437  
  1193 812 829 803  
  1194 812 803 787  
  1195 812 787 810  
  1196 812 810 831  
  1197 153 142 126  
  1198 153 126 146  
  1199 121 126 102  
  1200 102 126 119  
  1201 768 795 777  
  1202 768 777 744  
  1203 768 744 750  
  1204 768 750 782  
  1205 586 593 559  
  1206 586 559 562  
  1207 586 562 604  
  1208 586 604 619  
  1209 70 79 89  
  1210 70 89 92  
  1211 92 89 109  
  1212 109 89 101  
  1213 634 672 661  
  1214 634 661 635  
  1215 635 661 673  
  1216 673 661 693  
  1217 745 753 722  
  1218 745 722 717  
  1219 692 722 706  
  1220 706 722 742  
  1221 13 6 9  
  1222 13 9 19  
  1223 13 19 23  
  1224 13 23 14  
  1225 815 840 823  
  1226 815 823 799  
  1227 799 823 820  
  1228 820 823 842  
  1229 366 369 339  
  1230 366 339 324  
  1231 324 339 311  
  1232 311 339 338  
  1233 541 575 563  
  1234 541 563 517  
  1235 541 517 511  
  1236 541 511 547  
  1237 786 802 774  
  1238 786 774 760  
  1239 786 760 789  
  1240 786 789 809  
  1241 62 57 44  
  1242 62 44 48  
  1243 48 44 32  
  1244 32 44 40  
  1245 800 826 808  
  1246 800 808 781  
  1247 781 808 807  
  1248 807 808 830  
  1249 483 484 450  
  1250 483 450 466  
  1251 483 466 505  
  1252 483 505 513  
  1253 711 747 732  
  1254 711 732 705  
  1255 705 732 740  
  1256 740 732 758  
  1257 669 687 653  
  1258 669 623 650  
  1259 669 650 689  
  1260 669 689 707  
  1261 15 18 26  
  1262 15 26 20  
  1263 15 20 10  
  1264 15 10 8  
  1265 824 841 817  
  1266 824 817 801  
  1267 824 801 822  
  1268 824 822 843  
  1269 256 248 225  
  1270 256 225 245  
  1271 256 245 282  
  1272 256 282 280  
  1273 173 166 153  
  1274 173 153 146  
  1275 146 126 121  
  1276 52 58 70  
  1277 52 70 64  
  1278 64 70 92  
  1279 612 648 634  
  1280 612 634 601  
  1281 601 634 635  
  1282 749 769 745  
  1283 749 745 717  
  1284 717 722 692  
  1285 813 836 815  
  1286 813 815 792  
  1287 792 815 799  
  1288 396 399 366  
  1289 396 366 363  
  1290 363 366 324  
  1291 82 76 62  
  1292 82 62 73  
  1293 73 62 48  
  1294 790 821 800  
  1295 790 800 776  
  1296 776 800 781  
  1297 133 147 167  
  1298 695 729 711  
  1299 695 711 682  
  1300 682 711 705  
  1301 461 496 486  
  1302 461 486 446  
  1303 461 446 413  
  1304 803 825 796  
  1305 803 796 778  
  1306 803 778 787  
  1307 777 804 780  
  1308 777 780 752  
  1309 777 752 744  
  1310 559 568 532  
  1311 559 532 530  
  1312 559 530 562  
  1313 9 2 7  
  1314 9 7 16  
  1315 9 16 19  
  1316 563 599 587  
  1317 563 587 548  
  1318 563 548 517  
  1319 774 791 761  
  1320 774 761 746  
  1321 774 746 760  
  1322 450 459 425  
  1323 450 425 427  
  1324 450 427 466  
  1325 653 664 626  
  1326 653 626 623  
  1327 653 623 669  
  1328 26 29 39  
  1329 26 39 31  
  1330 26 31 20  
  1331 817 837 814  
  1332 817 814 793  
  1333 817 793 801  
  1334 225 220 199  
  1335 225 199 212  
  1336 225 212 245  
  1337 377 374 353  
  1338 353 374 334  
  1339 353 334 319  
  1340 353 319 345  
  1341 316 319 288  
  1342 288 319 292  
  1343 292 319 334  
  1344 288 292 270  
  1345 270 292 271  
  1346 288 270 258  
  1347 271 292 304  
  1348 270 271 241  
  1349 288 258 286  
  1350 304 292 334  
  1351 271 304 276  
  1352 271 276 239  
  1353 159 181 185  
  1354 159 185 176  
  1355 176 185 208  
  1356 148 159 135  
  1357 185 207 215  
  1358 334 373 344  
  1359 373 413 379  
  1360 635 657 618  
  1361 324 284 291  
  1362 16 17 24  
  1363 692 670 654  
  1364 799 794 766  
  1365 92 122 107  
  1366 793 788 764  
  1367 781 785 756  
  1368 31 47 45  
  1369 121 96 103  
  1370 705 719 685  
  1371 446 474 440  
  1372 746 728 710  
  1373 530 498 492  
  1374 212 183 192  
  1375 427 393 398  
  1376 548 572 536  
  1377 752 762 726  
  1378 623 591 582  
  1379 778 765 748  
  1380 48 30 46  
  1381 788 787 759  
  1382 785 792 763  
  1383 47 64 61  
  1384 96 73 83  
  1385 719 744 698  
  1386 474 517 477  
  1387 728 717 694  
  1388 498 466 463  
  1389 183 146 162  
  1390 393 363 367  
  1391 572 601 566  
  1392 762 776 741  
  1393 591 562 551  
  1394 765 760 733  
  1395 30 19 35  
  1396 670 650 636  
  1397 794 801 767  
  1398 17 20 28  
  1399 284 245 257  
  1400 657 682 640  
  1401 207 241 215  
  1402 215 241 239  
  1403 135 159 145  
  1404 148 135 122  
  1405 122 135 107  
  1406 185 215 208  
  1407 208 215 239  
  1408 344 373 379  
  1409 192 183 162  
  1410 367 363 329  
  1411 764 788 759  
  1412 763 792 770  
  1413 28 20 36  
  1414 24 17 28  
  1415 582 591 551  
  1416 733 760 727  
  1417 685 719 698  
  1418 477 517 506  
  1419 618 657 640  
  1420 536 572 566  
  1421 741 776 751  
  1422 45 47 61  
  1423 83 73 63  
  1424 640 682 665  
  1425 766 794 767  
  1426 46 30 35  
  1427 636 650 611  
  1428 710 728 694  
  1429 463 466 432  
  1430 379 413 409  
  1431 398 393 367  
  1432 566 601 595  
  1433 756 785 763  
  1434 61 64 81  
  1435 257 245 227  
  1436 654 670 636  
  1437 748 765 733  
  1438 35 19 27  
  1439 440 474 477  
  1440 694 717 679  
  1441 291 284 257  
  1442 726 762 741  
  1443 551 562 529  
  1444 103 96 83  
  1445 698 744 718  
  1446 759 787 757  
  1447 767 801 773  
  1448 492 498 463  
  1449 162 146 132  
  1450 334 344 304  
  1451 212 192 227  
  1452 793 764 773  
  1453 16 24 27  
  1454 623 582 611  
  1455 705 685 665  
  1456 635 618 595  
  1457 548 536 506  
  1458 31 45 36  
  1459 799 766 770  
  1460 48 46 63  
  1461 746 710 727  
  1462 427 398 432  
  1463 781 756 751  
  1464 692 654 679  
  1465 778 748 757  
  1466 446 440 409  
  1467 324 291 329  
  1468 752 726 718  
  1469 121 103 132  
  1470 92 107 81  
  1471 530 492 529  
  1472 329 363 324  
  1473 611 650 623  
  1474 529 562 530  
  1475 506 517 548  
  1476 81 64 92  
  1477 132 146 121  
  1478 36 20 31  
  1479 409 413 446  
  1480 757 787 778  
  1481 63 73 48  
  1482 27 19 16  
  1483 770 792 799  
  1484 432 466 427  
  1485 718 744 752  
  1486 751 776 781  
  1487 227 245 212  
  1488 727 760 746  
  1489 595 601 635  
  1490 773 801 793  
  1491 665 682 705  
  1492 679 717 692  
  1493 367 329 342  
  1494 367 342 381  
  1495 636 611 600  
  1496 636 600 625  
  1497 551 529 516  
  1498 551 516 545  
  1499 477 506 487  
  1500 487 506 536  
  1501 61 81 72  
  1502 94 81 107  
  1503 162 132 144  
  1504 144 132 116  
  1505 28 36 43  
  1506 43 36 56  
  1507 379 409 384  
  1508 759 757 730  
  1509 759 730 734  
  1510 83 63 88  
  1511 71 63 46  
  1512 35 27 41  
  1513 35 41 55  
  1514 763 770 735  
  1515 463 432 415  
  1516 415 432 381  
  1517 698 718 688  
  1518 688 718 726  
  1519 741 751 716  
  1520 741 716 702  
  1521 257 227 238  
  1522 257 238 273  
  1523 733 727 699  
  1524 733 699 715  
  1525 566 595 546  
  1526 566 546 518  
  1527 767 773 738  
  1528 738 773 764  
  1529 640 665 627  
  1530 694 679 651  
  1531 651 679 654  
  1532 159 176 145  
  1533 384 409 420  
  1534 763 735 731  
  1535 763 731 756  
  1536 756 731 724  
  1537 627 665 649  
  1538 276 304 313  
  1539 735 770 739  
  1540 733 715 748  
  1541 748 715 723  
  1542 640 627 602  
  1543 640 602 618  
  1544 618 602 577  
  1545 618 577 595  
  1546 313 304 344  
  1547 313 344 349  
  1548 349 344 379  
  1549 349 379 384  
  1550 192 162 171  
  1551 171 162 144  
  1552 766 767 743  
  1553 743 767 738  
  1554 291 257 273  
  1555 291 273 308  
  1556 685 698 671  
  1557 671 698 688  
  1558 24 28 38  
  1559 38 28 43  
  1560 710 694 666  
  1561 666 694 651  
  1562 103 83 88  
  1563 88 63 71  
  1564 536 566 518  
  1565 536 518 487  
  1566 764 759 734  
  1567 764 734 738  
  1568 46 35 55  
  1569 46 55 71  
  1570 726 741 702  
  1571 726 702 688  
  1572 654 636 625  
  1573 654 625 651  
  1574 582 551 545  
  1575 582 545 573  
  1576 398 367 381  
  1577 398 381 432  
  1578 492 463 448  
  1579 448 463 415  
  1580 45 61 72  
  1581 72 81 94  
  1582 440 477 453  
  1583 453 477 487  
  1584 699 727 686  
  1585 595 577 546  
  1586 24 38 37  
  1587 24 37 27  
  1588 271 239 241  
  1589 756 724 751  
  1590 751 724 716  
  1591 516 529 480  
  1592 204 238 227  
  1593 37 41 27  
  1594 72 56 45  
  1595 45 56 36  
  1596 88 116 103  
  1597 103 116 132  
  1598 145 120 135  
  1599 120 94 107  
  1600 120 107 135  
  1601 723 730 757  
  1602 723 757 748  
  1603 308 342 329  
  1604 308 329 291  
  1605 573 600 611  
  1606 573 611 582  
  1607 743 739 766  
  1608 766 739 770  
  1609 448 480 492  
  1610 492 480 529  
  1611 453 420 440  
  1612 440 420 409  
  1613 171 204 192  
  1614 192 204 227  
  1615 671 649 685  
  1616 685 649 665  
  1617 666 686 710  
  1618 710 686 727  
  END_ELEMENTS  
  COORDINATES  
   1   1.078236e+00  1.042789e+00   
   2   1.050050e+00  9.677282e-01   
   3   9.830677e-01  1.035703e+00   
   4   1.006177e+00  1.112478e+00   
   5   1.145478e+00  9.684418e-01   
   6   1.112342e+00  8.954316e-01   
   7   9.548728e-01  9.409303e-01   
   8   9.116951e-01  1.099052e+00   
   9   1.015588e+00  8.750506e-01   
   10   8.898932e-01  1.002608e+00   
   11   1.207605e+00  8.897696e-01   
   12   9.296248e-01  1.177199e+00   
   13   1.088920e+00  8.114029e-01   
   14   1.169666e+00  8.191357e-01   
   15   8.358606e-01  1.070261e+00   
   16   9.372174e-01  8.431298e-01   
   17   8.627626e-01  9.089564e-01   
   18   8.362506e-01  1.157492e+00   
   19   1.019064e+00  7.567803e-01   
   20   7.829175e-01  9.991232e-01   
   21   1.264338e+00  8.071235e-01   
   22   8.489206e-01  1.236662e+00   
   23   1.123159e+00  7.318784e-01   
   24   8.426276e-01  8.111620e-01   
   25   1.221766e+00  7.391814e-01   
   26   7.483186e-01  1.112273e+00   
   27   9.238993e-01  7.373392e-01   
   28   7.661503e-01  8.837526e-01   
   29   7.570712e-01  1.210762e+00   
   30   1.072250e+00  6.487225e-01   
   31   6.811663e-01  1.060781e+00   
   32   1.169535e+00  6.552253e-01   
   33   1.315425e+00  7.208726e-01   
   34   7.644250e-01  1.290602e+00   
   35   9.724118e-01  6.499388e-01   
   36   6.749844e-01  9.566531e-01   
   37   8.137821e-01  7.181670e-01   
   38   7.382319e-01  7.956248e-01   
   39   6.723559e-01  1.159771e+00   
   40   1.268410e+00  6.559258e-01   
   41   8.812446e-01  6.335717e-01   
   42   6.745106e-01  1.258625e+00   
   43   6.553448e-01  8.651753e-01   
   44   1.224087e+00  5.879902e-01   
   45   5.983831e-01  1.004959e+00   
   46   1.026994e+00  5.597224e-01   
   47   5.919659e-01  1.104598e+00   
   48   1.143851e+00  5.501566e-01   
   49   1.360636e+00  6.314021e-01   
   50   6.765152e-01  1.338778e+00   
   51   7.158669e-01  6.982368e-01   
   52   5.933903e-01  1.202090e+00   
   53   7.818315e-01  6.234898e-01   
   54   6.427876e-01  7.660444e-01   
   55   9.399489e-01  5.426797e-01   
   56   5.659446e-01  9.261273e-01   
   57   1.309388e+00  5.697406e-01   
   58   5.889374e-01  1.300867e+00   
   59   8.400259e-01  5.425463e-01   
   60   5.633201e-01  8.262388e-01   
   61   5.173035e-01  1.069457e+00   
   62   1.246433e+00  4.934953e-01   
   63   1.085874e+00  4.670510e-01   
   64   5.060848e-01  1.154609e+00   
   65   6.839162e-01  6.035596e-01   
   66   6.204225e-01  6.686565e-01   
   67   7.545759e-01  5.438323e-01   
   68   1.399771e+00  5.391117e-01   
   69   5.855839e-01  1.380975e+00   
   70   5.117744e-01  1.239039e+00   
   71   9.893115e-01  4.463943e-01   
   72   4.709198e-01  9.778751e-01   
   73   1.181787e+00  4.388899e-01   
   74   5.507628e-01  7.271079e-01   
   75   8.898718e-01  4.562107e-01   
   76   1.344519e+00  4.810108e-01   
   77   4.782540e-01  8.782216e-01   
   78   4.802252e-01  7.954527e-01   
   79   5.007339e-01  1.337299e+00   
   80   7.899489e-01  4.560772e-01   
   81   4.191641e-01  1.105242e+00   
   82   1.276611e+00  4.091407e-01   
   83   1.128085e+00  3.725021e-01   
   84   5.901735e-01  5.756390e-01   
   85   6.771572e-01  4.934884e-01   
   86   5.229408e-01  6.489301e-01   
   87   9.308737e-01  3.653410e-01   
   88   1.041496e+00  3.503125e-01   
   89   4.283146e-01  1.288669e+00   
   90   1.432654e+00  4.444134e-01   
   91   4.920373e-01  1.417004e+00   
   92   3.997311e-01  1.204692e+00   
   93   3.884348e-01  9.214762e-01   
   94   3.712148e-01  1.019904e+00   
   95   8.314341e-01  3.751573e-01   
   96   1.205542e+00  3.423893e-01   
   97   1.373644e+00  3.901326e-01   
   98   3.957690e-01  8.218227e-01   
   99   4.329527e-01  7.202149e-01   
   100   7.339446e-01  3.948452e-01   
   101   4.102940e-01  1.367758e+00   
   102   1.301088e+00  3.229588e-01   
   103   1.135553e+00  2.885436e-01   
   104   5.658540e-01  4.787807e-01   
   105   4.927391e-01  5.537418e-01   
   106   6.356505e-01  4.130526e-01   
   107   3.116165e-01  1.127342e+00   
   108   4.252928e-01  6.275269e-01   
   109   3.420603e-01  1.296197e+00   
   110   9.626242e-01  2.708405e-01   
   111   8.646561e-01  2.905090e-01   
   112   2.947552e-01  9.555728e-01   
   113   3.119752e-01  8.571447e-01   
   114   1.459138e+00  3.477302e-01   
   115   3.962931e-01  1.446704e+00   
   116   1.058147e+00  2.415152e-01   
   117   7.674290e-01  3.011937e-01   
   118   3.202326e-01  7.596815e-01   
   119   1.396635e+00  2.975121e-01   
   120   2.678205e-01  1.051797e+00   
   121   1.236056e+00  2.478086e-01   
   122   2.791030e-01  1.221746e+00   
   123   6.691399e-01  3.188629e-01   
   124   3.354459e-01  6.609825e-01   
   125   3.180216e-01  1.392108e+00   
   126   1.319754e+00  2.353346e-01   
   127   4.697033e-01  4.522377e-01   
   128   9.047492e-01  2.116371e-01   
   129   2.341273e-01  8.991917e-01   
   130   5.576277e-01  3.569989e-01   
   131   3.751699e-01  5.455680e-01   
   132   1.156646e+00  1.813740e-01   
   133   2.547200e-01  1.316149e+00   
   134   9.848078e-01  1.736482e-01   
   135   2.100918e-01  1.170959e+00   
   136   2.298105e-01  8.011020e-01   
   137   1.981461e-01  9.801725e-01   
   138   1.479105e+00  2.494940e-01   
   139   2.987790e-01  1.469943e+00   
   140   8.178815e-01  1.929440e-01   
   141   7.073961e-01  2.213877e-01   
   142   1.413388e+00  2.035628e-01   
   143   2.389547e-01  7.016569e-01   
   144   1.076936e+00  1.349576e-01   
   145   1.617644e-01  1.073237e+00   
   146   1.262472e+00  1.318032e-01   
   147   2.243289e-01  1.410241e+00   
   148   1.692210e-01  1.244493e+00   
   149   2.571556e-01  5.991754e-01   
   150   4.453148e-01  3.553224e-01   
   151   6.084853e-01  2.342772e-01   
   152   3.735249e-01  4.249145e-01   
   153   1.350413e+00  1.432007e-01   
   154   9.050753e-01  1.134207e-01   
   155   1.334614e-01  8.843882e-01   
   156   7.461808e-01  1.337094e-01   
   157   2.723274e-01  5.003969e-01   
   158   9.972038e-01  7.473009e-02   
   159   1.103216e-01  1.169630e+00   
   160   5.092459e-01  2.464586e-01   
   161   9.956785e-02  9.950308e-01   
   162   1.167884e+00  6.365112e-02   
   163   1.492467e+00  1.501435e-01   
   164   1.999304e-01  1.486616e+00   
   165   8.296841e-01  7.875086e-02   
   166   1.423828e+00  1.087043e-01   
   167   1.275758e-01  1.342215e+00   
   168   1.639823e-01  6.354789e-01   
   169   1.147340e-01  7.537178e-01   
   170   1.409571e-01  1.430151e+00   
   171   1.085022e+00  2.705876e-02   
   172   2.875441e-01  4.015624e-01   
   173   1.339345e+00  5.732885e-02   
   174   3.491418e-01  3.279369e-01   
   175   6.525114e-01  1.123640e-01   
   176   5.410070e-02  1.084010e+00   
   177   4.099862e-01  2.585960e-01   
   178   1.791427e-01  5.366387e-01   
   179   9.118709e-01  2.274064e-02   
   180   5.483666e-01  1.544454e-01   
   181   6.199197e-02  1.256161e+00   
   182   4.131571e-02  9.282534e-01   
   183   1.253165e+00  1.172538e-02   
   184   7.404540e-01  3.390735e-02   
   185   1.856502e-02  1.166849e+00   
   186   9.996892e-01 -2.493069e-02   
   187   1.499162e+00  5.012246e-02   
   188   1.001890e-01  1.496650e+00   
   189   0.000000e+00  1.000000e+00   
   190   1.652829e-02  8.332492e-01   
   191   1.427909e+00  1.336039e-02   
   192   1.168871e+00 -4.178702e-02   
   193   1.900074e-01  4.096863e-01   
   194   5.276144e-02  1.415034e+00   
   195   8.241617e-01 -2.055331e-02   
   196   4.219977e-01  1.631760e-01   
   197   8.596106e-02  5.729289e-01   
   198   2.519210e-01  3.091787e-01   
   199   1.340183e+00 -3.225755e-02   
   200   3.943440e-02  6.616541e-01   
   201   3.169382e-01  2.335236e-01   
   202   3.730105e-04  1.331350e+00   
   203   9.096038e-01 -6.816538e-02   
   204   1.082325e+00 -8.110901e-02   
   205   1.011472e-01  4.740568e-01   
   206  -4.546714e-02  9.110205e-01   
   207  -3.505215e-02  1.250442e+00   
   208  -5.410070e-02  1.084010e+00   
   209   4.882391e-01  7.454243e-02   
   210   5.649911e-01  2.929687e-02   
   211  -2.152165e-02  7.409174e-01   
   212   1.257608e+00 -8.755662e-02   
   213   6.517062e-01 -2.047604e-02   
   214   7.378434e-01 -7.077379e-02   
   215  -8.113976e-02  1.161889e+00   
   216   9.922392e-01 -1.243437e-01   
   217   1.499162e+00 -5.012247e-02   
   218   0.000000e+00  1.500000e+00   
   219   1.269603e-03  5.692239e-01   
   220   1.425613e+00 -8.204325e-02   
   221  -9.956785e-02  9.950308e-01   
   222  -8.208552e-02  8.203212e-01   
   223  -4.720065e-02  1.411771e+00   
   224   1.536423e-01  2.907878e-01   
   225   1.335036e+00 -1.216999e-01   
   226   2.187490e-01  2.149060e-01   
   227   1.172305e+00 -1.515281e-01   
   228   2.839768e-01  1.391282e-01   
   229  -5.969345e-02  6.484918e-01   
   230   8.432731e-02  3.551830e-01   
   231   8.260881e-01 -1.401826e-01   
   232  -9.795099e-02  1.327467e+00   
   233   9.161842e-01 -1.604522e-01   
   234   3.972313e-01  3.553809e-02   
   235   4.785428e-01 -2.096146e-02   
   236  -1.359496e-01  9.019664e-01   
   237   5.652987e-01 -7.068687e-02   
   238   1.068870e+00 -1.884707e-01   
   239  -1.546016e-01  1.092152e+00   
   240   2.406671e-02  3.975256e-01   
   241  -1.482027e-01  1.216253e+00   
   242  -1.257150e-01  7.304913e-01   
   243  -3.689681e-02  4.767938e-01   
   244   7.395252e-01 -1.666326e-01   
   245   1.252437e+00 -2.064191e-01   
   246   1.492467e+00 -1.501435e-01   
   247  -1.001890e-01  1.496650e+00   
   248   1.416949e+00 -1.770805e-01   
   249   6.449198e-01 -1.499174e-01   
   250   9.749279e-01 -2.225209e-01   
   251  -9.786030e-02  5.560620e-01   
   252  -1.981461e-01  9.801725e-01   
   253   1.204700e-01  1.964542e-01   
   254  -1.471574e-01  1.408350e+00   
   255   1.857274e-01  1.205195e-01   
   256   1.340264e+00 -2.186601e-01   
   257   1.143205e+00 -2.471601e-01   
   258  -1.881024e-01  1.317490e+00   
   259   2.509683e-01  4.473412e-02   
   260   5.057029e-02  2.509583e-01   
   261   4.718980e-01 -1.082966e-01   
   262  -2.036913e-01  8.135758e-01   
   263   3.884697e-01 -6.383078e-02   
   264   8.780619e-01 -2.470483e-01   
   265  -2.244263e-01  9.016619e-01   
   266  -1.697567e-01  6.407214e-01   
   267   3.101015e-01 -2.770172e-02   
   268  -1.409983e-02  3.050955e-01   
   269   7.951237e-01 -2.497111e-01   
   270  -2.326362e-01  1.228575e+00   
   271  -2.421317e-01  1.153655e+00   
   272  -7.506334e-02  3.843637e-01   
   273   1.044793e+00 -2.939593e-01   
   274  -2.254546e-01  7.237639e-01   
   275  -1.360268e-01  4.636320e-01   
   276  -2.678205e-01  1.051797e+00   
   277   5.320058e-01 -1.924658e-01   
   278   1.479105e+00 -2.494940e-01   
   279  -1.999304e-01  1.486616e+00   
   280   1.401957e+00 -2.713268e-01   
   281   6.954815e-01 -2.563733e-01   
   282   1.306903e+00 -2.985569e-01   
   283   9.479273e-01 -3.184867e-01   
   284   1.211737e+00 -3.197718e-01   
   285  -1.969903e-01  5.429002e-01   
   286  -2.453486e-01  1.399067e+00   
   287  -2.947552e-01  9.555728e-01   
   288  -2.784256e-01  1.305401e+00   
   289   2.978804e-01 -1.061451e-01   
   290   2.159576e-01 -4.880491e-02   
   291   1.116300e+00 -3.491126e-01   
   292  -3.040254e-01  1.211276e+00   
   293   1.134839e-02  1.455636e-01   
   294   8.491006e-01 -3.332474e-01   
   295   5.925781e-01 -2.720135e-01   
   296  -5.226637e-02  2.126655e-01   
   297  -3.119752e-01  8.571447e-01   
   298  -2.577197e-01  5.980681e-01   
   299  -1.132299e-01  2.919337e-01   
   300   6.966064e-02  5.412902e-02   
   301   3.951729e-01 -1.935381e-01   
   302   7.514618e-01 -3.390725e-01   
   303  -1.741934e-01  3.712019e-01   
   304  -3.455041e-01  1.121880e+00   
   305  -3.202326e-01  7.596815e-01   
   306   1.306242e-01 -2.513920e-02   
   307   1.380704e+00 -3.643613e-01   
   308   1.010333e+00 -3.965263e-01   
   309   1.459138e+00 -3.477302e-01   
   310  -2.987790e-01  1.469943e+00   
   311   1.284043e+00 -3.851817e-01   
   312  -2.482449e-01  4.665542e-01   
   313  -3.712148e-01  1.019904e+00   
   314   4.934521e-01 -2.847180e-01   
   315   6.524141e-01 -3.518204e-01   
   316  -3.412174e-01  1.382372e+00   
   317   9.115059e-01 -4.112871e-01   
   318  -3.354459e-01  6.609825e-01   
   319  -3.661787e-01  1.286455e+00   
   320   2.880078e-01 -1.916517e-01   
   321  -3.884348e-01  9.214762e-01   
   322   1.974252e-01 -1.492318e-01   
   323   8.117005e-01 -4.161345e-01   
   324   1.190662e+00 -4.397626e-01   
   325  -9.043291e-02  1.202354e-01   
   326  -3.957690e-01  8.218227e-01   
   327  -1.513964e-01  1.995036e-01   
   328  -2.946940e-02  4.096719e-02   
   329   1.090619e+00 -4.558617e-01   
   330  -2.123599e-01  2.787719e-01   
   331   5.541915e-01 -3.640785e-01   
   332   3.149411e-02 -3.830103e-02   
   333   3.942910e-01 -2.976134e-01   
   334  -4.294797e-01  1.190277e+00   
   335  -2.733234e-01  3.580401e-01   
   336   7.133508e-01 -4.309385e-01   
   337   9.245761e-02 -1.175693e-01   
   338   1.353284e+00 -4.557685e-01   
   339   1.273637e+00 -4.711362e-01   
   340   1.432654e+00 -4.444134e-01   
   341  -3.962931e-01  1.446704e+00   
   342   9.703090e-01 -4.852324e-01   
   343  -3.634521e-01  5.248378e-01   
   344  -4.547574e-01  1.077032e+00   
   345  -4.345418e-01  1.358216e+00   
   346   2.965528e-01 -2.912860e-01   
   347  -4.344475e-01  7.173919e-01   
   348  -3.360086e-01  4.071992e-01   
   349  -4.709198e-01  9.778751e-01   
   350   4.550502e-01 -3.770334e-01   
   351   6.167290e-01 -4.408053e-01   
   352   8.660254e-01 -5.000000e-01   
   353  -4.622486e-01  1.275426e+00   
   354   2.059945e-01 -2.488691e-01   
   355  -4.287714e-01  6.251552e-01   
   356  -4.782540e-01  8.782216e-01   
   357   7.662333e-01 -4.948860e-01   
   358  -1.895630e-01  1.070736e-01   
   359  -1.285994e-01  2.780535e-02   
   360   1.154114e-01 -2.064571e-01   
   361  -4.802252e-01  7.954527e-01   
   362  -2.505265e-01  1.863418e-01   
   363   1.137054e+00 -5.443834e-01   
   364  -3.114900e-01  2.656100e-01   
   365  -6.672434e-03 -1.307311e-01   
   366   1.221247e+00 -5.528911e-01   
   367   1.031642e+00 -5.588616e-01   
   368   3.558881e-01 -3.899444e-01   
   369   1.319820e+00 -5.451401e-01   
   370  -9.157368e-02 -5.824412e-02   
   371   1.399771e+00 -5.391117e-01   
   372  -4.920373e-01  1.417004e+00   
   373  -5.386012e-01  1.131242e+00   
   374  -5.350424e-01  1.228630e+00   
   375   6.520682e-01 -5.261401e-01   
   376  -3.789661e-01  3.168972e-01   
   377  -5.252032e-01  1.327057e+00   
   378   5.275919e-01 -4.897382e-01   
   379  -5.502681e-01  1.032084e+00   
   380   2.145394e-01 -3.485031e-01   
   381   9.117301e-01 -5.888577e-01   
   382  -4.356909e-01  3.992471e-01   
   383   8.119380e-01 -5.837437e-01   
   384  -5.659446e-01  9.261273e-01   
   385   3.713218e-02 -2.381073e-01   
   386   1.239816e-01 -3.060867e-01   
   387  -5.633201e-01  8.262388e-01   
   388  -5.507628e-01  7.271079e-01   
   389  -5.299256e-01  6.315408e-01   
   390   7.266004e-01 -5.806711e-01   
   391  -4.993173e-01  5.161433e-01   
   392  -2.886930e-01  9.391174e-02   
   393   1.084201e+00 -6.285454e-01   
   394  -3.496565e-01  1.731800e-01   
   395  -9.436456e-02 -1.547199e-01   
   396   1.181590e+00 -6.332267e-01   
   397  -2.196260e-01 -2.800024e-02   
   398   1.000415e+00 -6.403687e-01   
   399   1.280461e+00 -6.320770e-01   
   400   1.360636e+00 -6.314021e-01   
   401  -5.855839e-01  1.380975e+00   
   402   3.949581e-01 -5.127635e-01   
   403  -5.875454e-02 -2.215922e-01   
   404  -6.159128e-01  1.190572e+00   
   405  -4.219328e-01  2.265996e-01   
   406  -6.130762e-01  1.289419e+00   
   407   2.230827e-01 -4.481374e-01   
   408  -4.786467e-01  3.089606e-01   
   409  -6.422720e-01  9.930015e-01   
   410   5.607466e-01 -6.043411e-01   
   411  -1.937780e-01 -1.247291e-01   
   412   1.325255e-01 -4.057184e-01   
   413  -6.513901e-01  1.089505e+00   
   414   6.529811e-01 -6.368998e-01   
   415   8.485682e-01 -6.767106e-01   
   416   7.497812e-01 -6.616858e-01   
   417  -6.204225e-01  6.686565e-01   
   418  -5.353548e-01  3.912501e-01   
   419  -3.162197e-01 -2.137305e-03   
   420  -6.553448e-01  8.651753e-01   
   421  -6.427876e-01  7.660444e-01   
   422   4.197365e-02 -3.632938e-01   
   423  -6.080361e-01  5.699732e-01   
   424  -3.878230e-01  8.074990e-02   
   425   1.136657e+00 -7.107342e-01   
   426   4.593998e-01 -6.030056e-01   
   427   1.037428e+00 -7.162319e-01   
   428   1.235384e+00 -7.161908e-01   
   429  -5.939900e-01  4.709987e-01   
   430  -4.847198e-02 -3.210211e-01   
   431  -1.449819e-01 -2.450842e-01   
   432   9.314316e-01 -7.278010e-01   
   433   1.315425e+00 -7.208726e-01   
   434  -6.765152e-01  1.338778e+00   
   435  -6.985153e-01  1.164602e+00   
   436  -2.903302e-01 -9.871198e-02   
   437  -6.979763e-01  1.245748e+00   
   438  -4.722310e-01  1.446786e-01   
   439  -5.217508e-01  2.187449e-01   
   440  -7.227517e-01  9.196348e-01   
   441   2.872106e-01 -5.844784e-01   
   442   5.863215e-01 -6.987508e-01   
   443  -5.782827e-01  3.012130e-01   
   444  -6.839162e-01  6.035596e-01   
   445   6.801727e-01 -7.330519e-01   
   446  -7.451083e-01  1.016945e+00   
   447   1.337390e-01 -5.184177e-01   
   448   7.769729e-01 -7.578379e-01   
   449  -7.158668e-01  6.982368e-01   
   450   1.086647e+00 -7.850673e-01   
   451   3.679762e-01 -6.434402e-01   
   452   4.682997e-02 -4.689729e-01   
   453  -7.382319e-01  7.956248e-01   
   454  -3.958335e-01 -4.909158e-02   
   455  -6.340663e-01  3.839032e-01   
   456  -2.616669e-01 -2.128946e-01   
   457   4.696665e-01 -6.948447e-01   
   458  -4.018166e-02 -4.200202e-01   
   459   1.184789e+00 -7.971060e-01   
   460  -4.769031e-01  4.478879e-02   
   461  -7.690528e-01  1.098091e+00   
   462  -6.858464e-01  4.855638e-01   
   463   8.576582e-01 -7.952531e-01   
   464   1.264338e+00 -8.071235e-01   
   465  -7.644250e-01  1.290602e+00   
   466   9.724041e-01 -8.158660e-01   
   467  -7.796535e-01  1.196396e+00   
   468  -1.287346e-01 -3.795656e-01   
   469  -3.611206e-01 -1.692560e-01   
   470   2.014830e-01 -6.314632e-01   
   471  -5.610726e-01  9.877682e-02   
   472  -2.324101e-01 -3.240171e-01   
   473   5.192783e-01 -7.705267e-01   
   474  -8.180446e-01  9.494408e-01   
   475   6.038044e-01 -7.971325e-01   
   476  -7.573412e-01  5.383267e-01   
   477  -8.148808e-01  8.417145e-01   
   478  -7.818315e-01  6.234898e-01   
   479  -4.815854e-01 -5.510054e-02   
   480   6.976556e-01 -8.314336e-01   
   481   4.744617e-02 -5.689302e-01   
   482  -6.818378e-01  2.907215e-01   
   483   1.041733e+00 -8.711566e-01   
   484   1.128902e+00 -8.744612e-01   
   485  -6.366454e-01  1.818777e-01   
   486  -8.406552e-01  1.044283e+00   
   487  -8.137821e-01  7.181670e-01   
   488  -3.935752e-02 -5.193624e-01   
   489   3.577015e-01 -7.427749e-01   
   490  -7.336263e-01  3.761083e-01   
   491  -1.246512e-01 -4.684258e-01   
   492   7.825526e-01 -8.692620e-01   
   493   2.612510e-01 -7.116262e-01   
   494   1.207605e+00 -8.897696e-01   
   495  -8.489206e-01  1.236662e+00   
   496  -8.578114e-01  1.141658e+00   
   497  -4.568524e-01 -1.439739e-01   
   498   8.796196e-01 -8.926536e-01   
   499  -5.657491e-01 -1.097968e-03   
   500   4.362415e-01 -8.010737e-01   
   501   9.194390e-02 -6.447102e-01   
   502  -3.463362e-01 -2.957602e-01   
   503  -7.899489e-01  4.560772e-01   
   504  -2.159249e-01 -4.275734e-01   
   505   9.723119e-01 -9.228984e-01   
   506  -8.807316e-01  7.884094e-01   
   507   5.214352e-01 -8.532909e-01   
   508  -4.332997e-01 -2.370346e-01   
   509  -2.968160e-01 -3.832243e-01   
   510  -8.400259e-01  5.425463e-01   
   511  -9.085125e-01  9.857979e-01   
   512   1.619707e-01 -7.233168e-01   
   513   1.067974e+00 -9.479107e-01   
   514  -6.498754e-01  5.293545e-02   
   515  -7.303000e-01  2.032877e-01   
   516   6.114048e-01 -8.967661e-01   
   517  -9.157431e-01  8.790101e-01   
   518  -8.812446e-01  6.335717e-01   
   519  -1.144123e-01 -5.679320e-01   
   520  -1.437017e-02 -6.396829e-01   
   521  -5.553834e-01 -1.269196e-01   
   522  -9.321313e-01  1.081811e+00   
   523   1.145478e+00 -9.684418e-01   
   524  -9.296248e-01  1.177199e+00   
   525   3.543125e-01 -8.405286e-01   
   526  -8.314341e-01  3.751573e-01   
   527  -7.926942e-01  2.713895e-01   
   528   2.439915e-01 -8.024113e-01   
   529   7.060554e-01 -9.480216e-01   
   530   8.113418e-01 -9.648672e-01   
   531  -2.056692e-01 -5.270422e-01   
   532   9.084978e-01 -9.857807e-01   
   533  -5.208978e-01 -2.207684e-01   
   534  -7.333984e-01  1.074643e-01   
   535   4.338837e-01 -9.009689e-01   
   536  -9.400159e-01  6.959742e-01   
   537   5.842658e-02 -7.389236e-01   
   538  -8.898718e-01  4.562107e-01   
   539  -2.969315e-01 -4.862005e-01   
   540   1.002275e+00 -1.017127e+00   
   541  -9.812287e-01  9.388014e-01   
   542  -4.624726e-01 -3.326837e-01   
   543  -3.942409e-01 -4.057677e-01   
   544  -6.573012e-01 -7.969929e-02   
   545   5.190775e-01 -9.531861e-01   
   546  -9.399489e-01  5.426797e-01   
   547  -1.002292e+00  1.017133e+00   
   548  -9.872726e-01  7.839285e-01   
   549   1.078236e+00 -1.042789e+00   
   550  -1.006177e+00  1.112478e+00   
   551   6.170827e-01 -9.935864e-01   
   552   1.228731e-01 -8.152099e-01   
   553  -1.047492e-01 -6.809059e-01   
   554  -8.177201e-01  1.609694e-01   
   555   2.690915e-01 -8.893543e-01   
   556  -7.412237e-01  3.043380e-03   
   557  -8.813822e-01  2.971404e-01   
   558  -1.954544e-01 -6.265151e-01   
   559   8.406261e-01 -1.044260e+00   
   560  -6.194067e-01 -2.036554e-01   
   561   3.420201e-01 -9.396926e-01   
   562   7.223057e-01 -1.043782e+00   
   563  -1.031786e+00  8.558995e-01   
   564  -3.988880e-02 -7.570157e-01   
   565  -9.308737e-01  3.653410e-01   
   566  -9.988734e-01  6.084877e-01   
   567  -2.867023e-01 -5.856125e-01   
   568   9.321004e-01 -1.081800e+00   
   569   1.807399e-01 -8.940686e-01   
   570  -8.221127e-01  6.160883e-02   
   571  -8.892848e-01  2.029734e-01   
   572  -1.039797e+00  6.995613e-01   
   573   4.215914e-01 -1.000133e+00   
   574  -5.747294e-01 -3.287596e-01   
   575  -1.067981e+00  9.479136e-01   
   576  -4.916617e-01 -4.282628e-01   
   577  -9.893115e-01  4.463944e-01   
   578  -7.519181e-01 -9.634911e-02   
   579   1.006177e+00 -1.112478e+00   
   580  -1.078236e+00  1.042789e+00   
   581  -4.018978e-01 -5.261891e-01   
   582   5.250929e-01 -1.045123e+00   
   583   3.363291e-03 -8.386802e-01   
   584  -7.175520e-01 -1.858517e-01   
   585   2.467574e-01 -9.690773e-01   
   586   7.745636e-01 -1.115425e+00   
   587  -1.086647e+00  7.850698e-01   
   588  -1.850177e-01 -7.351411e-01   
   589  -9.626242e-01  2.708405e-01   
   590   9.082125e-02 -9.076217e-01   
   591   6.125310e-01 -1.093328e+00   
   592  -9.050753e-01  1.134207e-01   
   593   8.577627e-01 -1.141642e+00   
   594  -2.736324e-01 -6.888738e-01   
   595  -1.057731e+00  5.276915e-01   
   596  -6.842021e-01 -2.851127e-01   
   597  -8.383418e-01 -5.729951e-02   
   598  -1.228731e-01 -8.152099e-01   
   599  -1.128905e+00  8.744624e-01   
   600   3.199153e-01 -1.037140e+00   
   601  -1.098152e+00  6.191162e-01   
   602  -1.028842e+00  3.456725e-01   
   603  -3.679762e-01 -6.434402e-01   
   604   6.939393e-01 -1.146987e+00   
   605   9.296248e-01 -1.177199e+00   
   606  -1.145478e+00  9.684418e-01   
   607   1.490423e-01 -9.888308e-01   
   608  -9.118709e-01  2.274064e-02   
   609  -5.890159e-01 -4.499801e-01   
   610  -9.848078e-01  1.736482e-01   
   611   4.305057e-01 -1.100874e+00   
   612  -1.136657e+00  7.107351e-01   
   613  -5.197283e-01 -5.284924e-01   
   614  -6.554493e-01 -3.808546e-01   
   615   5.005258e-03 -9.291589e-01   
   616  -8.160358e-01 -1.693015e-01   
   617  -4.560437e-01 -6.055477e-01   
   618  -1.090489e+00  4.228934e-01   
   619   7.795939e-01 -1.196384e+00   
   620  -7.814883e-01 -2.625661e-01   
   621  -2.504192e-01 -8.004286e-01   
   622  -9.082125e-02 -9.076217e-01   
   623   5.116276e-01 -1.161596e+00   
   624  -1.184790e+00  7.971065e-01   
   625   2.150598e-01 -1.063839e+00   
   626   6.157794e-01 -1.190776e+00   
   627  -1.058147e+00  2.415152e-01   
   628   4.984588e-02 -9.987569e-01   
   629  -9.972038e-01  7.473010e-02   
   630  -9.269348e-01 -6.444487e-02   
   631   8.489206e-01 -1.236662e+00   
   632  -1.207605e+00  8.897696e-01   
   633  -3.577015e-01 -7.427749e-01   
   634  -1.181590e+00  6.332270e-01   
   635  -1.158630e+00  5.183087e-01   
   636   3.161450e-01 -1.126779e+00   
   637  -7.527136e-01 -3.577703e-01   
   638  -1.807399e-01 -8.940686e-01   
   639  -8.982967e-01 -1.583939e-01   
   640  -1.124143e+00  3.229657e-01   
   641   6.979434e-01 -1.245784e+00   
   642  -6.181331e-01 -5.455057e-01   
   643  -7.009138e-01 -4.591214e-01   
   644  -4.683143e-01 -6.977387e-01   
   645  -5.546373e-01 -6.220569e-01   
   646  -4.984589e-02 -9.987569e-01   
   647  -9.996892e-01 -2.493069e-02   
   648  -1.235384e+00  7.161910e-01   
   649  -1.076936e+00  1.349576e-01   
   650   3.991554e-01 -1.195792e+00   
   651   1.133173e-01 -1.089766e+00   
   652  -8.780619e-01 -2.470483e-01   
   653   5.467590e-01 -1.243051e+00   
   654   2.303191e-01 -1.146716e+00   
   655   7.644250e-01 -1.290602e+00   
   656  -1.264338e+00  8.071235e-01   
   657  -1.187673e+00  3.999927e-01   
   658  -2.786573e-01 -8.864036e-01   
   659  -3.543125e-01 -8.405286e-01   
   660  -8.491006e-01 -3.332474e-01   
   661  -1.239324e+00  5.551538e-01   
   662  -1.490423e-01 -9.888308e-01   
   663  -9.922392e-01 -1.243437e-01   
   664   6.131756e-01 -1.289619e+00   
   665  -1.159566e+00  2.294910e-01   
   666  -1.257796e-09 -1.085359e+00   
   667  -4.362415e-01 -8.010737e-01   
   668  -8.117005e-01 -4.161345e-01   
   669   4.515702e-01 -1.262227e+00   
   670   3.019149e-01 -1.216309e+00   
   671  -1.085022e+00  2.705876e-02   
   672  -1.280461e+00  6.320771e-01   
   673  -1.255448e+00  4.700861e-01   
   674  -2.467574e-01 -9.690773e-01   
   675  -5.863215e-01 -6.987508e-01   
   676  -7.131510e-01 -5.687189e-01   
   677  -9.749279e-01 -2.225209e-01   
   678  -6.529811e-01 -6.368998e-01   
   679   1.243636e-01 -1.175497e+00   
   680   6.765152e-01 -1.338778e+00   
   681  -1.315425e+00  7.208726e-01   
   682  -1.222702e+00  3.069897e-01   
   683  -5.192783e-01 -7.705267e-01   
   684  -7.807458e-01 -5.055437e-01   
   685  -1.163469e+00  1.197656e-01   
   686  -1.080669e-01 -1.079966e+00   
   687   5.256692e-01 -1.327695e+00   
   688  -1.082325e+00 -8.110901e-02   
   689   3.662543e-01 -1.289570e+00   
   690  -3.420201e-01 -9.396926e-01   
   691  -9.479273e-01 -3.184866e-01   
   692   2.063674e-01 -1.243647e+00   
   693  -1.319820e+00  5.451401e-01   
   694   2.459076e-02 -1.169359e+00   
   695  -1.284043e+00  3.851816e-01   
   696  -4.338837e-01 -9.009689e-01   
   697  -9.115059e-01 -4.112871e-01   
   698  -1.169528e+00  1.449707e-02   
   699  -2.150598e-01 -1.063839e+00   
   700   5.855839e-01 -1.380975e+00   
   701  -1.360636e+00  6.314021e-01   
   702  -1.068870e+00 -1.884707e-01   
   703  -5.214352e-01 -8.532909e-01   
   704  -8.660254e-01 -5.000000e-01   
   705  -1.254398e+00  1.937873e-01   
   706   2.793026e-01 -1.311153e+00   
   707   4.358151e-01 -1.359841e+00   
   708  -6.038044e-01 -7.971325e-01   
   709  -8.119380e-01 -5.837437e-01   
   710  -8.082146e-02 -1.166822e+00   
   711  -1.306903e+00  2.985569e-01   
   712  -6.801727e-01 -7.330519e-01   
   713  -7.497812e-01 -6.616858e-01   
   714  -1.353284e+00  4.557685e-01   
   715  -3.199153e-01 -1.037140e+00   
   716  -1.044793e+00 -2.939593e-01   
   717   8.954416e-02 -1.266171e+00   
   718  -1.178996e+00 -8.501495e-02   
   719  -1.251150e+00  7.200301e-02   
   720  -1.399771e+00  5.391117e-01   
   721   4.920373e-01 -1.417004e+00   
   722   1.911036e-01 -1.326880e+00   
   723  -4.215914e-01 -1.000133e+00   
   724  -1.010333e+00 -3.965263e-01   
   725   3.440145e-01 -1.385914e+00   
   726  -1.156260e+00 -1.792326e-01   
   727  -1.906160e-01 -1.166587e+00   
   728  -3.015565e-02 -1.252857e+00   
   729  -1.380704e+00  3.643613e-01   
   730  -5.190775e-01 -9.531861e-01   
   731  -9.658308e-01 -4.951526e-01   
   732  -1.341959e+00  2.080048e-01   
   733  -2.852222e-01 -1.134307e+00   
   734  -6.114048e-01 -8.967661e-01   
   735  -9.117301e-01 -5.888577e-01   
   736  -1.432654e+00  4.444134e-01   
   737   3.962931e-01 -1.446704e+00   
   738  -6.976556e-01 -8.314336e-01   
   739  -8.485682e-01 -6.767106e-01   
   740  -1.335036e+00  1.216999e-01   
   741  -1.131803e+00 -2.950018e-01   
   742   2.506774e-01 -1.405796e+00   
   743  -7.769729e-01 -7.578379e-01   
   744  -1.268456e+00 -4.718509e-02   
   745   9.799676e-02 -1.354444e+00   
   746  -1.295307e-01 -1.253980e+00   
   747  -1.401957e+00  2.713268e-01   
   748  -3.862187e-01 -1.104011e+00   
   749   1.254266e-02 -1.340513e+00   
   750  -1.340183e+00  3.225755e-02   
   751  -1.114645e+00 -3.934796e-01   
   752  -1.249848e+00 -1.646958e-01   
   753   1.562208e-01 -1.419400e+00   
   754  -1.459138e+00  3.477302e-01   
   755   2.987790e-01 -1.469943e+00   
   756  -1.062086e+00 -4.898768e-01   
   757  -4.920501e-01 -1.074777e+00   
   758  -1.416949e+00  1.770805e-01   
   759  -5.747669e-01 -1.018650e+00   
   760  -2.481539e-01 -1.244840e+00   
   761  -7.702173e-02 -1.338357e+00   
   762  -1.225719e+00 -2.611034e-01   
   763  -1.013651e+00 -5.835374e-01   
   764  -6.762110e-01 -9.548250e-01   
   765  -3.600834e-01 -1.200375e+00   
   766  -8.949256e-01 -7.530692e-01   
   767  -8.234676e-01 -8.306059e-01   
   768  -1.356962e+00 -5.268333e-02   
   769   6.106647e-02 -1.426665e+00   
   770  -9.710850e-01 -6.739830e-01   
   771   1.999304e-01 -1.486616e+00   
   772  -1.479105e+00  2.494940e-01   
   773  -7.585183e-01 -9.065920e-01   
   774  -1.662421e-01 -1.330224e+00   
   775  -1.425613e+00  8.204325e-02   
   776  -1.208462e+00 -3.589751e-01   
   777  -1.332525e+00 -1.466592e-01   
   778  -4.562241e-01 -1.175204e+00   
   779  -3.436062e-02 -1.427558e+00   
   780  -1.319754e+00 -2.353346e-01   
   781  -1.178043e+00 -4.725272e-01   
   782  -1.427909e+00 -1.336038e-02   
   783   1.001889e-01 -1.496650e+00   
   784  -1.492467e+00  1.501435e-01   
   785  -1.113185e+00 -5.756554e-01   
   786  -2.633229e-01 -1.332209e+00   
   787  -5.682178e-01 -1.135049e+00   
   788  -6.644230e-01 -1.062593e+00   
   789  -3.420603e-01 -1.296197e+00   
   790  -1.301088e+00 -3.229588e-01   
   791  -1.296342e-01 -1.422075e+00   
   792  -1.070685e+00 -6.654906e-01   
   793  -7.504975e-01 -1.012915e+00   
   794  -9.215476e-01 -8.493004e-01   
   795  -1.423828e+00 -1.087043e-01   
   796  -4.278728e-01 -1.270455e+00   
   797  -1.738314e-09 -1.500000e+00   
   798  -1.499162e+00  5.012247e-02   
   799  -1.011347e+00 -7.669716e-01   
   800  -1.276611e+00 -4.091407e-01   
   801  -8.479032e-01 -9.445989e-01   
   802  -2.243289e-01 -1.410241e+00   
   803  -5.117744e-01 -1.239039e+00   
   804  -1.413388e+00 -2.035628e-01   
   805  -1.001890e-01 -1.496650e+00   
   806  -1.499162e+00 -5.012246e-02   
   807  -1.210687e+00 -5.756457e-01   
   808  -1.260627e+00 -5.049172e-01   
   809  -3.180216e-01 -1.392108e+00   
   810  -6.723559e-01 -1.159771e+00   
   811  -1.396635e+00 -2.975121e-01   
   812  -6.059305e-01 -1.215306e+00   
   813  -1.169535e+00 -6.552252e-01   
   814  -7.483186e-01 -1.112273e+00   
   815  -1.123159e+00 -7.318784e-01   
   816  -4.102940e-01 -1.367758e+00   
   817  -8.209392e-01 -1.059807e+00   
   818  -1.999304e-01 -1.486616e+00   
   819  -1.492467e+00 -1.501435e-01   
   820  -1.015588e+00 -8.750506e-01   
   821  -1.373644e+00 -3.901326e-01   
   822  -9.548728e-01 -9.409303e-01   
   823  -1.082439e+00 -8.200288e-01   
   824  -9.054796e-01 -1.012041e+00   
   825  -5.007339e-01 -1.337299e+00   
   826  -1.344519e+00 -4.810108e-01   
   827  -2.987790e-01 -1.469943e+00   
   828  -1.479105e+00 -2.494940e-01   
   829  -5.889374e-01 -1.300867e+00   
   830  -1.309388e+00 -5.697406e-01   
   831  -6.745106e-01 -1.258625e+00   
   832  -3.962931e-01 -1.446704e+00   
   833  -1.459138e+00 -3.477302e-01   
   834  -1.268410e+00 -6.559258e-01   
   835  -7.570712e-01 -1.210762e+00   
   836  -1.221766e+00 -7.391814e-01   
   837  -8.362506e-01 -1.157492e+00   
   838  -4.920373e-01 -1.417004e+00   
   839  -1.432654e+00 -4.444134e-01   
   840  -1.169666e+00 -8.191357e-01   
   841  -9.116951e-01 -1.099052e+00   
   842  -1.112342e+00 -8.954316e-01   
   843  -9.830677e-01 -1.035703e+00   
   844  -1.050050e+00 -9.677282e-01   
   845  -5.855839e-01 -1.380975e+00   
   846  -1.399771e+00 -5.391117e-01   
   847  -6.765152e-01 -1.338778e+00   
   848  -1.360636e+00 -6.314021e-01   
   849  -7.644250e-01 -1.290602e+00   
   850  -1.315425e+00 -7.208726e-01   
   851  -8.489206e-01 -1.236662e+00   
   852  -1.264338e+00 -8.071235e-01   
   853  -9.296248e-01 -1.177199e+00   
   854  -1.207605e+00 -8.897696e-01   
   855  -1.006177e+00 -1.112478e+00   
   856  -1.145478e+00 -9.684418e-01   
   857  -1.078236e+00 -1.042789e+00   
  END_COORDINATES
  BOUNDARIES, ELEMENT
    1		1	4	1050	
    2		4	12	1053	
    3		5	1	1047	
    4		11	5	1044	
    5		12	22	1056	
    6		21	11	1041	
    7		22	34	1059	
    8		33	21	1038	
    9		34	50	1062	
    10		49	33	1035	
    11		50	69	1065	
    12		51	54	60	
    13		53	51	28	
    14		54	60	8	
    15		59	53	44	
    16		60	77	40	
    17		68	49	1032	
    18		69	91	1068	
    19		75	59	12	
    20		77	93	24	
    21		87	75	52	
    22		90	68	1029	
    23		91	115	1071	
    24		93	112	56	
    25		110	87	20	
    26		112	137	16	
    27		114	90	1026	
    28		115	139	1074	
    29		134	110	36	
    30		137	161	48	
    31		138	114	1023	
    32		139	164	1077	
    33		158	134	4	
    34		161	189	32	
    35		163	138	1020	
    36		164	188	1080	
    37		186	158	63	
    38		187	163	1017	
    39		188	218	1084	
    40		189	221	1	
    41		216	186	31	
    42		217	187	1014	
    43		218	247	806	
    44		221	252	33	
    45		246	217	1011	
    46		247	279	809	
    47		250	216	47	
    48		252	287	17	
    49		278	246	1008	
    50		279	310	811	
    51		283	250	15	
    52		287	321	49	
    53		309	278	1005	
    54		310	341	814	
    55		317	283	55	
    56		321	356	9	
    57		340	309	1002	
    58		341	372	816	
    59		352	317	23	
    60		356	387	41	
    61		371	340	999	
    62		372	401	819	
    63		383	352	39	
    64		387	421	25	
    65		400	371	996	
    66		401	434	822	
    67		416	383	7	
    68		421	449	57	
    69		433	400	993	
    70		434	465	825	
    71		445	416	59	
    72		449	478	5	
    73		464	433	990	
    74		465	495	828	
    75		475	445	27	
    76		478	510	37	
    77		494	464	987	
    78		495	524	831	
    79		507	475	43	
    80		510	538	21	
    81		523	494	984	
    82		524	550	834	
    83		535	507	11	
    84		538	565	53	
    85		549	523	981	
    86		550	580	837	
    87		561	535	51	
    88		565	589	13	
    89		579	549	978	
    90		580	606	840	
    91		585	561	19	
    92		589	610	45	
    93		605	579	975	
    94		606	632	843	
    95		607	585	35	
    96		610	629	29	
    97		628	607	3	
    98		629	647	61	
    99		631	605	972	
    100		632	656	846	
    101		646	628	62	
    102		647	663	2	
    103		655	631	969	
    104		656	681	849	
    105		662	646	30	
    106		663	677	34	
    107		674	662	46	
    108		677	691	18	
    109		680	655	966	
    110		681	701	852	
    111		690	674	14	
    112		691	697	50	
    113		696	690	54	
    114		697	704	10	
    115		700	680	963	
    116		701	720	855	
    117		703	696	22	
    118		704	709	42	
    119		708	703	38	
    120		709	713	26	
    121		712	708	6	
    122		713	712	58	
    123		720	736	858	
    124		721	700	960	
    125		736	754	861	
    126		737	721	957	
    127		754	772	864	
    128		755	737	954	
    129		771	755	951	
    130		772	784	867	
    131		783	771	948	
    132		784	798	870	
    133		797	783	945	
    134		798	806	873	
    135		805	797	942	
    136		806	819	876	
    137		818	805	939	
    138		819	828	879	
    139		827	818	936	
    140		828	833	882	
    141		832	827	933	
    142		833	839	885	
    143		838	832	930	
    144		839	846	888	
    145		845	838	927	
    146		846	848	891	
    147		847	845	924	
    148		848	850	894	
    149		849	847	921	
    150		850	852	897	
    151		851	849	918	
    152		852	854	900	
    153		853	851	915	
    154		854	856	903	
    155		855	853	912	
    156		856	857	906	
    157		857	855	909	
  END_BOUNDARIES
  MATERIALS
     1     1
     2     1
     3     1
     4     1
     5     1
     6     1
     7     1
     8     1
     9     1
     10     1
     11     1
     12     1
     13     1
     14     1
     15     1
     16     1
     17     1
     18     1
     19     1
     20     1
     21     1
     22     1
     23     1
     24     1
     25     1
     26     1
     27     1
     28     1
     29     1
     30     1
     31     1
     32     1
     33     1
     34     1
     35     1
     36     1
     37     1
     38     1
     39     1
     40     1
     41     1
     42     1
     43     1
     44     1
     45     1
     46     1
     47     1
     48     1
     49     1
     50     1
     51     1
     52     1
     53     1
     54     1
     55     1
     56     1
     57     1
     58     1
     59     1
     60     1
     61     1
     62     1
     63     1
     64     1
     65     1
     66     1
     67     1
     68     1
     69     1
     70     1
     71     1
     72     1
     73     1
     74     1
     75     1
     76     1
     77     1
     78     1
     79     1
     80     1
     81     1
     82     1
     83     1
     84     1
     85     1
     86     1
     87     1
     88     1
     89     1
     90     1
     91     1
     92     1
     93     1
     94     1
     95     1
     96     1
     97     1
     98     1
     99     1
     100     1
     101     1
     102     1
     103     1
     104     1
     105     1
     106     1
     107     1
     108     1
     109     1
     110     1
     111     1
     112     1
     113     1
     114     1
     115     1
     116     1
     117     1
     118     1
     119     1
     120     1
     121     1
     122     1
     123     1
     124     1
     125     1
     126     1
     127     1
     128     1
     129     1
     130     1
     131     1
     132     1
     133     1
     134     1
     135     1
     136     1
     137     1
     138     1
     139     1
     140     1
     141     1
     142     1
     143     1
     144     1
     145     1
     146     1
     147     1
     148     1
     149     1
     150     1
     151     1
     152     1
     153     1
     154     1
     155     1
     156     1
     157     1
     158     1
     159     1
     160     1
     161     1
     162     1
     163     1
     164     1
     165     1
     166     1
     167     1
     168     1
     169     1
     170     1
     171     1
     172     1
     173     1
     174     1
     175     1
     176     1
     177     1
     178     1
     179     1
     180     1
     181     1
     182     1
     183     1
     184     1
     185     1
     186     1
     187     1
     188     1
     189     1
     190     1
     191     1
     192     1
     193     1
     194     1
     195     1
     196     1
     197     1
     198     1
     199     1
     200     1
     201     1
     202     1
     203     1
     204     1
     205     1
     206     1
     207     1
     208     1
     209     1
     210     1
     211     1
     212     1
     213     1
     214     1
     215     1
     216     1
     217     1
     218     1
     219     1
     220     1
     221     1
     222     1
     223     1
     224     1
     225     1
     226     1
     227     1
     228     1
     229     1
     230     1
     231     1
     232     1
     233     1
     234     1
     235     1
     236     1
     237     1
     238     1
     239     1
     240     1
     241     1
     242     1
     243     1
     244     1
     245     1
     246     1
     247     1
     248     1
     249     1
     250     1
     251     1
     252     1
     253     1
     254     1
     255     1
     256     1
     257     1
     258     1
     259     1
     260     1
     261     1
     262     1
     263     1
     264     1
     265     1
     266     1
     267     1
     268     1
     269     1
     270     1
     271     1
     272     1
     273     1
     274     1
     275     1
     276     1
     277     1
     278     1
     279     1
     280     1
     281     1
     282     1
     283     1
     284     1
     285     1
     286     1
     287     1
     288     1
     289     1
     290     1
     291     1
     292     1
     293     1
     294     1
     295     1
     296     1
     297     1
     298     1
     299     1
     300     1
     301     1
     302     1
     303     1
     304     1
     305     1
     306     1
     307     1
     308     1
     309     1
     310     1
     311     1
     312     1
     313     1
     314     1
     315     1
     316     1
     317     1
     318     1
     319     1
     320     1
     321     1
     322     1
     323     1
     324     1
     325     1
     326     1
     327     1
     328     1
     329     1
     330     1
     331     1
     332     1
     333     1
     334     1
     335     1
     336     1
     337     1
     338     1
     339     1
     340     1
     341     1
     342     1
     343     1
     344     1
     345     1
     346     1
     347     1
     348     1
     349     1
     350     1
     351     1
     352     1
     353     1
     354     1
     355     1
     356     1
     357     1
     358     1
     359     1
     360     1
     361     1
     362     1
     363     1
     364     1
     365     1
     366     1
     367     1
     368     1
     369     1
     370     1
     371     1
     372     1
     373     1
     374     1
     375     1
     376     1
     377     1
     378     1
     379     1
     380     1
     381     1
     382     1
     383     1
     384     1
     385     1
     386     1
     387     1
     388     1
     389     1
     390     1
     391     1
     392     1
     393     1
     394     1
     395     1
     396     1
     397     1
     398     1
     399     1
     400     1
     401     1
     402     1
     403     1
     404     1
     405     1
     406     1
     407     1
     408     1
     409     1
     410     1
     411     1
     412     1
     413     1
     414     1
     415     1
     416     1
     417     1
     418     1
     419     1
     420     1
     421     1
     422     1
     423     1
     424     1
     425     1
     426     1
     427     1
     428     1
     429     1
     430     1
     431     1
     432     1
     433     1
     434     1
     435     1
     436     1
     437     1
     438     1
     439     1
     440     1
     441     1
     442     1
     443     1
     444     1
     445     1
     446     1
     447     1
     448     1
     449     1
     450     1
     451     1
     452     1
     453     1
     454     1
     455     1
     456     1
     457     1
     458     1
     459     1
     460     1
     461     1
     462     1
     463     1
     464     1
     465     1
     466     1
     467     1
     468     1
     469     1
     470     1
     471     1
     472     1
     473     1
     474     1
     475     1
     476     1
     477     1
     478     1
     479     1
     480     1
     481     1
     482     1
     483     1
     484     1
     485     1
     486     1
     487     1
     488     1
     489     1
     490     1
     491     1
     492     1
     493     1
     494     1
     495     1
     496     1
     497     1
     498     1
     499     1
     500     1
     501     1
     502     1
     503     1
     504     1
     505     1
     506     1
     507     1
     508     1
     509     1
     510     1
     511     1
     512     1
     513     1
     514     1
     515     1
     516     1
     517     1
     518     1
     519     1
     520     1
     521     1
     522     1
     523     1
     524     1
     525     1
     526     1
     527     1
     528     1
     529     1
     530     1
     531     1
     532     1
     533     1
     534     1
     535     1
     536     1
     537     1
     538     1
     539     1
     540     1
     541     1
     542     1
     543     1
     544     1
     545     1
     546     1
     547     1
     548     1
     549     1
     550     1
     551     1
     552     1
     553     1
     554     1
     555     1
     556     1
     557     1
     558     1
     559     1
     560     1
     561     1
     562     1
     563     1
     564     1
     565     1
     566     1
     567     1
     568     1
     569     1
     570     1
     571     1
     572     1
     573     1
     574     1
     575     1
     576     1
     577     1
     578     1
     579     1
     580     1
     581     1
     582     1
     583     1
     584     1
     585     1
     586     1
     587     1
     588     1
     589     1
     590     1
     591     1
     592     1
     593     1
     594     1
     595     1
     596     1
     597     1
     598     1
     599     1
     600     1
     601     1
     602     1
     603     1
     604     1
     605     1
     606     1
     607     1
     608     1
     609     1
     610     1
     611     1
     612     1
     613     1
     614     1
     615     1
     616     1
     617     1
     618     1
     619     1
     620     1
     621     1
     622     1
     623     1
     624     1
     625     1
     626     1
     627     1
     628     1
     629     1
     630     1
     631     1
     632     1
     633     1
     634     1
     635     1
     636     1
     637     1
     638     1
     639     1
     640     1
     641     1
     642     1
     643     1
     644     1
     645     1
     646     1
     647     1
     648     1
     649     1
     650     1
     651     1
     652     1
     653     1
     654     1
     655     1
     656     1
     657     1
     658     1
     659     1
     660     1
     661     1
     662     1
     663     1
     664     1
     665     1
     666     1
     667     1
     668     1
     669     1
     670     1
     671     1
     672     1
     673     1
     674     1
     675     1
     676     1
     677     1
     678     1
     679     1
     680     2
     681     2
     682     2
     683     2
     684     2
     685     2
     686     2
     687     2
     688     2
     689     2
     690     2
     691     2
     692     2
     693     2
     694     2
     695     2
     696     2
     697     2
     698     2
     699     2
     700     2
     701     2
     702     2
     703     2
     704     2
     705     2
     706     2
     707     2
     708     2
     709     2
     710     2
     711     2
     712     2
     713     2
     714     2
     715     2
     716     2
     717     2
     718     2
     719     2
     720     2
     721     2
     722     2
     723     2
     724     2
     725     2
     726     2
     727     2
     728     2
     729     2
     730     2
     731     2
     732     2
     733     2
     734     2
     735     2
     736     2
     737     2
     738     2
     739     2
     740     2
     741     2
     742     2
     743     2
     744     2
     745     2
     746     2
     747     2
     748     2
     749     2
     750     2
     751     2
     752     2
     753     2
     754     2
     755     2
     756     2
     757     2
     758     2
     759     2
     760     2
     761     2
     762     2
     763     2
     764     2
     765     2
     766     2
     767     2
     768     2
     769     2
     770     2
     771     2
     772     2
     773     2
     774     2
     775     2
     776     2
     777     2
     778     2
     779     2
     780     2
     781     2
     782     2
     783     2
     784     2
     785     2
     786     2
     787     2
     788     2
     789     2
     790     2
     791     2
     792     2
     793     2
     794     2
     795     2
     796     2
     797     2
     798     2
     799     2
     800     2
     801     2
     802     2
     803     2
     804     2
     805     2
     806     2
     807     2
     808     2
     809     2
     810     2
     811     2
     812     2
     813     2
     814     2
     815     2
     816     2
     817     2
     818     2
     819     2
     820     2
     821     2
     822     2
     823     2
     824     2
     825     2
     826     2
     827     2
     828     2
     829     2
     830     2
     831     2
     832     2
     833     2
     834     2
     835     2
     836     2
     837     2
     838     2
     839     2
     840     2
     841     2
     842     2
     843     2
     844     2
     845     2
     846     2
     847     2
     848     2
     849     2
     850     2
     851     2
     852     2
     853     2
     854     2
     855     2
     856     2
     857     2
     858     2
     859     2
     860     2
     861     2
     862     2
     863     2
     864     2
     865     2
     866     2
     867     2
     868     2
     869     2
     870     2
     871     2
     872     2
     873     2
     874     2
     875     2
     876     2
     877     2
     878     2
     879     2
     880     2
     881     2
     882     2
     883     2
     884     2
     885     2
     886     2
     887     2
     888     2
     889     2
     890     2
     891     2
     892     2
     893     2
     894     2
     895     2
     896     2
     897     2
     898     2
     899     2
     900     2
     901     2
     902     2
     903     2
     904     2
     905     2
     906     2
     907     2
     908     2
     909     2
     910     2
     911     2
     912     2
     913     2
     914     2
     915     2
     916     2
     917     2
     918     2
     919     2
     920     2
     921     2
     922     2
     923     2
     924     2
     925     2
     926     2
     927     2
     928     2
     929     2
     930     2
     931     2
     932     2
     933     2
     934     2
     935     2
     936     2
     937     2
     938     2
     939     2
     940     2
     941     2
     942     2
     943     2
     944     2
     945     2
     946     2
     947     2
     948     2
     949     2
     950     2
     951     2
     952     2
     953     2
     954     2
     955     2
     956     2
     957     2
     958     2
     959     2
     960     2
     961     2
     962     2
     963     2
     964     2
     965     2
     966     2
     967     2
     968     2
     969     2
     970     2
     971     2
     972     2
     973     2
     974     2
     975     2
     976     2
     977     2
     978     2
     979     2
     980     2
     981     2
     982     2
     983     2
     984     2
     985     2
     986     2
     987     2
     988     2
     989     2
     990     2
     991     2
     992     2
     993     2
     994     2
     995     2
     996     2
     997     2
     998     2
     999     2
     1000     2
     1001     2
     1002     2
     1003     2
     1004     2
     1005     2
     1006     2
     1007     2
     1008     2
     1009     2
     1010     2
     1011     2
     1012     2
     1013     2
     1014     2
     1015     2
     1016     2
     1017     2
     1018     2
     1019     2
     1020     2
     1021     2
     1022     2
     1023     2
     1024     2
     1025     2
     1026     2
     1027     2
     1028     2
     1029     2
     1030     2
     1031     2
     1032     2
     1033     2
     1034     2
     1035     2
     1036     2
     1037     2
     1038     2
     1039     2
     1040     2
     1041     2
     1042     2
     1043     2
     1044     2
     1045     2
     1046     2
     1047     2
     1048     2
     1049     2
     1050     2
     1051     2
     1052     2
     1053     2
     1054     2
     1055     2
     1056     2
     1057     2
     1058     2
     1059     2
     1060     2
     1061     2
     1062     2
     1063     2
     1064     2
     1065     2
     1066     2
     1067     2
     1068     2
     1069     2
     1070     2
     1071     2
     1072     2
     1073     2
     1074     2
     1075     2
     1076     2
     1077     2
     1078     2
     1079     2
     1080     2
     1081     2
     1082     2
     1083     2
     1084     2
     1085     2
     1086     2
     1087     2
     1088     2
     1089     2
     1090     2
     1091     2
     1092     2
     1093     2
     1094     2
     1095     2
     1096     2
     1097     2
     1098     2
     1099     2
     1100     2
     1101     2
     1102     2
     1103     2
     1104     2
     1105     2
     1106     2
     1107     2
     1108     2
     1109     2
     1110     2
     1111     2
     1112     2
     1113     2
     1114     2
     1115     2
     1116     2
     1117     2
     1118     2
     1119     2
     1120     2
     1121     2
     1122     2
     1123     2
     1124     2
     1125     2
     1126     2
     1127     2
     1128     2
     1129     2
     1130     2
     1131     2
     1132     2
     1133     2
     1134     2
     1135     2
     1136     2
     1137     2
     1138     2
     1139     2
     1140     2
     1141     2
     1142     2
     1143     2
     1144     2
     1145     2
     1146     2
     1147     2
     1148     2
     1149     2
     1150     2
     1151     2
     1152     2
     1153     2
     1154     2
     1155     2
     1156     2
     1157     2
     1158     2
     1159     2
     1160     2
     1161     2
     1162     2
     1163     2
     1164     2
     1165     2
     1166     2
     1167     2
     1168     2
     1169     2
     1170     2
     1171     2
     1172     2
     1173     2
     1174     2
     1175     2
     1176     2
     1177     2
     1178     2
     1179     2
     1180     2
     1181     2
     1182     2
     1183     2
     1184     2
     1185     2
     1186     2
     1187     2
     1188     2
     1189     2
     1190     2
     1191     2
     1192     2
     1193     2
     1194     2
     1195     2
     1196     2
     1197     2
     1198     2
     1199     2
     1200     2
     1201     2
     1202     2
     1203     2
     1204     2
     1205     2
     1206     2
     1207     2
     1208     2
     1209     2
     1210     2
     1211     2
     1212     2
     1213     2
     1214     2
     1215     2
     1216     2
     1217     2
     1218     2
     1219     2
     1220     2
     1221     2
     1222     2
     1223     2
     1224     2
     1225     2
     1226     2
     1227     2
     1228     2
     1229     2
     1230     2
     1231     2
     1232     2
     1233     2
     1234     2
     1235     2
     1236     2
     1237     2
     1238     2
     1239     2
     1240     2
     1241     2
     1242     2
     1243     2
     1244     2
     1245     2
     1246     2
     1247     2
     1248     2
     1249     2
     1250     2
     1251     2
     1252     2
     1253     2
     1254     2
     1255     2
     1256     2
     1257     2
     1258     2
     1259     2
     1260     2
     1261     2
     1262     2
     1263     2
     1264     2
     1265     2
     1266     2
     1267     2
     1268     2
     1269     2
     1270     2
     1271     2
     1272     2
     1273     2
     1274     2
     1275     2
     1276     2
     1277     2
     1278     2
     1279     2
     1280     2
     1281     2
     1282     2
     1283     2
     1284     2
     1285     2
     1286     2
     1287     2
     1288     2
     1289     2
     1290     2
     1291     2
     1292     2
     1293     2
     1294     2
     1295     2
     1296     2
     1297     2
     1298     2
     1299     2
     1300     2
     1301     2
     1302     2
     1303     2
     1304     2
     1305     2
     1306     2
     1307     2
     1308     2
     1309     2
     1310     2
     1311     2
     1312     2
     1313     2
     1314     2
     1315     2
     1316     2
     1317     2
     1318     2
     1319     2
     1320     2
     1321     2
     1322     2
     1323     2
     1324     2
     1325     2
     1326     2
     1327     2
     1328     2
     1329     2
     1330     2
     1331     2
     1332     2
     1333     2
     1334     2
     1335     2
     1336     2
     1337     2
     1338     2
     1339     2
     1340     2
     1341     2
     1342     2
     1343     2
     1344     2
     1345     2
     1346     2
     1347     2
     1348     2
     1349     2
     1350     2
     1351     2
     1352     2
     1353     2
     1354     2
     1355     2
     1356     2
     1357     2
     1358     2
     1359     2
     1360     2
     1361     2
     1362     2
     1363     2
     1364     2
     1365     2
     1366     2
     1367     2
     1368     2
     1369     2
     1370     2
     1371     2
     1372     2
     1373     2
     1374     2
     1375     2
     1376     2
     1377     2
     1378     2
     1379     2
     1380     2
     1381     2
     1382     2
     1383     2
     1384     2
     1385     2
     1386     2
     1387     2
     1388     2
     1389     2
     1390     2
     1391     2
     1392     2
     1393     2
     1394     2
     1395     2
     1396     2
     1397     2
     1398     2
     1399     2
     1400     2
     1401     2
     1402     2
     1403     2
     1404     2
     1405     2
     1406     2
     1407     2
     1408     2
     1409     2
     1410     2
     1411     2
     1412     2
     1413     2
     1414     2
     1415     2
     1416     2
     1417     2
     1418     2
     1419     2
     1420     2
     1421     2
     1422     2
     1423     2
     1424     2
     1425     2
     1426     2
     1427     2
     1428     2
     1429     2
     1430     2
     1431     2
     1432     2
     1433     2
     1434     2
     1435     2
     1436     2
     1437     2
     1438     2
     1439     2
     1440     2
     1441     2
     1442     2
     1443     2
     1444     2
     1445     2
     1446     2
     1447     2
     1448     2
     1449     2
     1450     2
     1451     2
     1452     2
     1453     2
     1454     2
     1455     2
     1456     2
     1457     2
     1458     2
     1459     2
     1460     2
     1461     2
     1462     2
     1463     2
     1464     2
     1465     2
     1466     2
     1467     2
     1468     2
     1469     2
     1470     2
     1471     2
     1472     2
     1473     2
     1474     2
     1475     2
     1476     2
     1477     2
     1478     2
     1479     2
     1480     2
     1481     2
     1482     2
     1483     2
     1484     2
     1485     2
     1486     2
     1487     2
     1488     2
     1489     2
     1490     2
     1491     2
     1492     2
     1493     2
     1494     2
     1495     2
     1496     2
     1497     2
     1498     2
     1499     2
     1500     2
     1501     2
     1502     2
     1503     2
     1504     2
     1505     2
     1506     2
     1507     2
     1508     2
     1509     2
     1510     2
     1511     2
     1512     2
     1513     2
     1514     2
     1515     2
     1516     2
     1517     2
     1518     2
     1519     2
     1520     2
     1521     2
     1522     2
     1523     2
     1524     2
     1525     2
     1526     2
     1527     2
     1528     2
     1529     2
     1530     2
     1531     2
     1532     2
     1533     2
     1534     2
     1535     2
     1536     2
     1537     2
     1538     2
     1539     2
     1540     2
     1541     2
     1542     2
     1543     2
     1544     2
     1545     2
     1546     2
     1547     2
     1548     2
     1549     2
     1550     2
     1551     2
     1552     2
     1553     2
     1554     2
     1555     2
     1556     2
     1557     2
     1558     2
     1559     2
     1560     2
     1561     2
     1562     2
     1563     2
     1564     2
     1565     2
     1566     2
     1567     2
     1568     2
     1569     2
     1570     2
     1571     2
     1572     2
     1573     2
     1574     2
     1575     2
     1576     2
     1577     2
     1578     2
     1579     2
     1580     2
     1581     2
     1582     2
     1583     2
     1584     2
     1585     2
     1586     2
     1587     2
     1588     2
     1589     2
     1590     2
     1591     2
     1592     2
     1593     2
     1594     2
     1595     2
     1596     2
     1597     2
     1598     2
     1599     2
     1600     2
     1601     2
     1602     2
     1603     2
     1604     2
     1605     2
     1606     2
     1607     2
     1608     2
     1609     2
     1610     2
     1611     2
     1612     2
     1613     2
     1614     2
     1615     2
     1616     2
     1617     2
     1618     2
  END_MATERIALS 
  SUBDOMAINS
  END_SUBDOMAINS
  CHARACTERISTICS
  END_CHARACTERISTICS
