  NODES_PER_ELEMENT
   1 3
   2 3
   3 3
   4 3
   5 3
   6 3
   7 3
   8 3
   9 3
   10 3
   11 3
   12 3
   13 3
   14 3
   15 3
   16 3
   17 3
   18 3
   19 3
   20 3
   21 3
   22 3
   23 3
   24 3
   25 3
   26 3
   27 3
   28 3
   29 3
   30 3
   31 3
   32 3
   33 3
   34 3
   35 3
   36 3
   37 3
   38 3
   39 3
   40 3
   41 3
   42 3
   43 3
   44 3
   45 3
   46 3
   47 3
   48 3
   49 3
   50 3
   51 3
   52 3
   53 3
   54 3
   55 3
   56 3
   57 3
   58 3
   59 3
   60 3
   61 3
   62 3
   63 3
   64 3
   65 3
   66 3
   67 3
   68 3
   69 3
   70 3
   71 3
   72 3
   73 3
   74 3
   75 3
   76 3
   77 3
   78 3
   79 3
   80 3
   81 3
   82 3
   83 3
   84 3
   85 3
   86 3
   87 3
   88 3
   89 3
   90 3
   91 3
   92 3
   93 3
   94 3
   95 3
   96 3
   97 3
   98 3
   99 3
   100 3
   101 3
   102 3
   103 3
   104 3
   105 3
   106 3
   107 3
   108 3
   109 3
   110 3
   111 3
   112 3
   113 3
   114 3
   115 3
   116 3
   117 3
   118 3
   119 3
   120 3
   121 3
   122 3
   123 3
   124 3
   125 3
   126 3
   127 3
   128 3
   129 3
   130 3
   131 3
   132 3
   133 3
   134 3
   135 3
   136 3
   137 3
   138 3
   139 3
   140 3
   141 3
   142 3
   143 3
   144 3
   145 3
   146 3
   147 3
   148 3
   149 3
   150 3
   151 3
   152 3
   153 3
   154 3
   155 3
   156 3
   157 3
   158 3
   159 3
   160 3
   161 3
   162 3
   163 3
   164 3
   165 3
   166 3
   167 3
   168 3
   169 3
   170 3
   171 3
   172 3
   173 3
   174 3
   175 3
   176 3
   177 3
   178 3
   179 3
   180 3
   181 3
   182 3
   183 3
   184 3
   185 3
   186 3
   187 3
   188 3
   189 3
   190 3
   191 3
   192 3
   193 3
   194 3
   195 3
   196 3
   197 3
   198 3
   199 3
   200 3
   201 3
   202 3
   203 3
   204 3
   205 3
   206 3
   207 3
   208 3
   209 3
   210 3
   211 3
   212 3
   213 3
   214 3
   215 3
   216 3
   217 3
   218 3
   219 3
   220 3
   221 3
   222 3
   223 3
   224 3
   225 3
   226 3
   227 3
   228 3
   229 3
   230 3
   231 3
   232 3
   233 3
   234 3
   235 3
   236 3
   237 3
   238 3
   239 3
   240 3
   241 3
   242 3
   243 3
   244 3
   245 3
   246 3
   247 3
   248 3
   249 3
   250 3
   251 3
   252 3
   253 3
   254 3
   255 3
   256 3
   257 3
   258 3
   259 3
   260 3
   261 3
   262 3
   263 3
   264 3
   265 3
   266 3
   267 3
   268 3
   269 3
   270 3
   271 3
   272 3
   273 3
   274 3
   275 3
   276 3
   277 3
   278 3
   279 3
   280 3
   281 3
   282 3
   283 3
   284 3
   285 3
   286 3
   287 3
   288 3
   289 3
   290 3
   291 3
   292 3
   293 3
   294 3
   295 3
   296 3
   297 3
   298 3
   299 3
   300 3
   301 3
   302 3
   303 3
   304 3
   305 3
   306 3
   307 3
   308 3
   309 3
   310 3
   311 3
   312 3
   313 3
   314 3
   315 3
   316 3
   317 3
   318 3
   319 3
   320 3
   321 3
   322 3
   323 3
   324 3
   325 3
   326 3
   327 3
   328 3
   329 3
   330 3
   331 3
   332 3
   333 3
   334 3
   335 3
   336 3
   337 3
   338 3
   339 3
   340 3
   341 3
   342 3
   343 3
   344 3
   345 3
   346 3
   347 3
   348 3
   349 3
   350 3
   351 3
   352 3
   353 3
   354 3
   355 3
   356 3
   357 3
   358 3
   359 3
   360 3
   361 3
   362 3
   363 3
   364 3
   365 3
   366 3
   367 3
   368 3
   369 3
   370 3
   371 3
   372 3
   373 3
   374 3
   375 3
   376 3
   377 3
   378 3
   379 3
   380 3
   381 3
   382 3
   383 3
   384 3
   385 3
   386 3
   387 3
   388 3
   389 3
   390 3
   391 3
   392 3
   393 3
   394 3
   395 3
   396 3
   397 3
   398 3
   399 3
   400 3
   401 3
   402 3
   403 3
   404 3
   405 3
   406 3
   407 3
   408 3
   409 3
   410 3
   411 3
   412 3
   413 3
   414 3
   415 3
   416 3
   417 3
   418 3
   419 3
   420 3
   421 3
   422 3
   423 3
   424 3
   425 3
   426 3
   427 3
   428 3
   429 3
   430 3
   431 3
   432 3
   433 3
   434 3
   435 3
   436 3
   437 3
   438 3
   439 3
   440 3
   441 3
   442 3
   443 3
   444 3
   445 3
   446 3
   447 3
   448 3
   449 3
   450 3
   451 3
   452 3
   453 3
   454 3
   455 3
   456 3
   457 3
   458 3
   459 3
   460 3
   461 3
   462 3
   463 3
   464 3
   465 3
   466 3
   467 3
   468 3
   469 3
   470 3
   471 3
   472 3
   473 3
   474 3
   475 3
   476 3
   477 3
   478 3
   479 3
   480 3
   481 3
   482 3
   483 3
   484 3
   485 3
   486 3
   487 3
   488 3
   489 3
   490 3
   491 3
   492 3
   493 3
   494 3
   495 3
   496 3
   497 3
   498 3
   499 3
   500 3
   501 3
   502 3
   503 3
   504 3
   505 3
   506 3
   507 3
   508 3
   509 3
   510 3
   511 3
   512 3
   513 3
   514 3
   515 3
   516 3
   517 3
   518 3
   519 3
   520 3
   521 3
   522 3
   523 3
   524 3
   525 3
   526 3
   527 3
   528 3
   529 3
   530 3
   531 3
   532 3
   533 3
   534 3
   535 3
   536 3
   537 3
   538 3
   539 3
   540 3
   541 3
   542 3
   543 3
   544 3
   545 3
   546 3
   547 3
   548 3
   549 3
   550 3
   551 3
   552 3
   553 3
   554 3
   555 3
   556 3
   557 3
   558 3
   559 3
   560 3
   561 3
   562 3
   563 3
   564 3
   565 3
   566 3
   567 3
   568 3
   569 3
   570 3
   571 3
   572 3
   573 3
   574 3
   575 3
   576 3
   577 3
   578 3
   579 3
   580 3
   581 3
   582 3
   583 3
   584 3
   585 3
   586 3
   587 3
   588 3
   589 3
   590 3
   591 3
   592 3
   593 3
   594 3
   595 3
   596 3
   597 3
   598 3
   599 3
   600 3
   601 3
   602 3
   603 3
   604 3
   605 3
   606 3
   607 3
   608 3
   609 3
   610 3
   611 3
   612 3
   613 3
   614 3
   615 3
   616 3
   617 3
   618 3
   619 3
   620 3
   621 3
   622 3
   623 3
   624 3
   625 3
   626 3
   627 3
   628 3
   629 3
   630 3
   631 3
   632 3
   633 3
   634 3
   635 3
   636 3
   637 3
   638 3
   639 3
   640 3
   641 3
   642 3
   643 3
   644 3
   645 3
   646 3
   647 3
   648 3
   649 3
   650 3
   651 3
   652 3
   653 3
   654 3
   655 3
   656 3
   657 3
   658 3
   659 3
   660 3
   661 3
   662 3
   663 3
   664 3
   665 3
   666 3
   667 3
   668 3
   669 3
   670 3
   671 3
   672 3
   673 3
   674 3
   675 3
   676 3
   677 3
   678 3
   679 3
   680 3
   681 3
   682 3
   683 3
   684 3
   685 3
   686 3
   687 3
   688 3
   689 3
   690 3
   691 3
   692 3
   693 3
   694 3
   695 3
   696 3
   697 3
   698 3
   699 3
   700 3
   701 3
   702 3
   703 3
   704 3
   705 3
   706 3
   707 3
   708 3
   709 3
   710 3
   711 3
   712 3
   713 3
   714 3
   715 3
   716 3
   717 3
   718 3
   719 3
   720 3
   721 3
   722 3
   723 3
   724 3
   725 3
   726 3
   727 3
   728 3
   729 3
   730 3
   731 3
   732 3
   733 3
   734 3
   735 3
   736 3
   737 3
   738 3
   739 3
   740 3
   741 3
   742 3
   743 3
   744 3
   745 3
   746 3
   747 3
   748 3
   749 3
   750 3
   751 3
   752 3
   753 3
   754 3
   755 3
   756 3
   757 3
   758 3
   759 3
   760 3
   761 3
   762 3
   763 3
   764 3
   765 3
   766 3
   767 3
   768 3
   769 3
   770 3
   771 3
   772 3
   773 3
   774 3
   775 3
   776 3
   777 3
   778 3
   779 3
   780 3
   781 3
   782 3
   783 3
   784 3
   785 3
   786 3
   787 3
   788 3
   789 3
   790 3
   791 3
   792 3
   793 3
   794 3
   795 3
   796 3
   797 3
   798 3
   799 3
   800 3
   801 3
   802 3
   803 3
   804 3
   805 3
   806 3
   807 3
   808 3
   809 3
   810 3
   811 3
   812 3
   813 3
   814 3
   815 3
   816 3
   817 3
   818 3
   819 3
   820 3
   821 3
   822 3
   823 3
   824 3
   825 3
   826 3
   827 3
   828 3
   829 3
   830 3
   831 3
   832 3
   833 3
   834 3
   835 3
   836 3
   837 3
   838 3
   839 3
   840 3
   841 3
   842 3
   843 3
   844 3
   845 3
   846 3
   847 3
   848 3
   849 3
   850 3
   851 3
   852 3
   853 3
   854 3
   855 3
   856 3
   857 3
   858 3
   859 3
   860 3
   861 3
   862 3
   863 3
   864 3
   865 3
   866 3
   867 3
   868 3
   869 3
   870 3
   871 3
   872 3
   873 3
   874 3
   875 3
   876 3
   877 3
   878 3
   879 3
   880 3
   881 3
   882 3
   883 3
   884 3
   885 3
   886 3
   887 3
   888 3
   889 3
   890 3
   891 3
   892 3
   893 3
   894 3
   895 3
   896 3
   897 3
   898 3
   899 3
   900 3
   901 3
   902 3
   903 3
   904 3
   905 3
   906 3
   907 3
   908 3
   909 3
   910 3
   911 3
   912 3
   913 3
   914 3
   915 3
   916 3
   917 3
   918 3
   919 3
   920 3
   921 3
   922 3
   923 3
   924 3
   925 3
   926 3
   927 3
   928 3
   929 3
   930 3
   931 3
   932 3
   933 3
   934 3
   935 3
   936 3
   937 3
   938 3
   939 3
   940 3
   941 3
   942 3
   943 3
   944 3
   945 3
   946 3
   947 3
   948 3
   949 3
   950 3
   951 3
   952 3
   953 3
   954 3
   955 3
   956 3
   957 3
   958 3
   959 3
   960 3
   961 3
   962 3
   963 3
   964 3
   965 3
   966 3
   967 3
   968 3
   969 3
   970 3
   971 3
   972 3
   973 3
   974 3
   975 3
   976 3
   977 3
   978 3
   979 3
   980 3
   981 3
   982 3
   983 3
   984 3
   985 3
   986 3
   987 3
   988 3
   989 3
   990 3
   991 3
   992 3
   993 3
   994 3
   995 3
   996 3
   997 3
   998 3
   999 3
   1000 3
   1001 3
   1002 3
   1003 3
   1004 3
   1005 3
   1006 3
   1007 3
   1008 3
   1009 3
   1010 3
   1011 3
   1012 3
   1013 3
   1014 3
   1015 3
   1016 3
   1017 3
   1018 3
   1019 3
   1020 3
   1021 3
   1022 3
   1023 3
   1024 3
   1025 3
   1026 3
   1027 3
   1028 3
   1029 3
   1030 3
   1031 3
   1032 3
   1033 3
   1034 3
   1035 3
   1036 3
   1037 3
   1038 3
   1039 3
   1040 3
   1041 3
   1042 3
   1043 3
   1044 3
   1045 3
   1046 3
   1047 3
   1048 3
   1049 3
   1050 3
   1051 3
   1052 3
   1053 3
   1054 3
   1055 3
   1056 3
   1057 3
   1058 3
   1059 3
   1060 3
   1061 3
   1062 3
   1063 3
   1064 3
   1065 3
   1066 3
   1067 3
   1068 3
   1069 3
   1070 3
   1071 3
   1072 3
   1073 3
   1074 3
   1075 3
   1076 3
   1077 3
   1078 3
   1079 3
   1080 3
   1081 3
   1082 3
   1083 3
   1084 3
   1085 3
   1086 3
   1087 3
   1088 3
   1089 3
   1090 3
   1091 3
   1092 3
   1093 3
   1094 3
   1095 3
   1096 3
   1097 3
   1098 3
   1099 3
   1100 3
   1101 3
   1102 3
   1103 3
   1104 3
   1105 3
   1106 3
   1107 3
   1108 3
   1109 3
   1110 3
   1111 3
   1112 3
   1113 3
   1114 3
   1115 3
   1116 3
   1117 3
   1118 3
   1119 3
   1120 3
   1121 3
   1122 3
   1123 3
   1124 3
   1125 3
   1126 3
   1127 3
   1128 3
   1129 3
   1130 3
   1131 3
   1132 3
   1133 3
   1134 3
   1135 3
   1136 3
   1137 3
   1138 3
   1139 3
   1140 3
   1141 3
   1142 3
   1143 3
   1144 3
   1145 3
   1146 3
   1147 3
   1148 3
   1149 3
   1150 3
   1151 3
   1152 3
   1153 3
   1154 3
   1155 3
   1156 3
   1157 3
   1158 3
   1159 3
   1160 3
   1161 3
   1162 3
   1163 3
   1164 3
   1165 3
   1166 3
   1167 3
   1168 3
   1169 3
   1170 3
   1171 3
   1172 3
   1173 3
   1174 3
   1175 3
   1176 3
   1177 3
   1178 3
   1179 3
   1180 3
   1181 3
   1182 3
   1183 3
   1184 3
   1185 3
   1186 3
   1187 3
   1188 3
   1189 3
   1190 3
   1191 3
   1192 3
   1193 3
   1194 3
   1195 3
   1196 3
   1197 3
   1198 3
   1199 3
   1200 3
   1201 3
   1202 3
   1203 3
   1204 3
   1205 3
   1206 3
   1207 3
   1208 3
   1209 3
   1210 3
   1211 3
   1212 3
   1213 3
   1214 3
   1215 3
   1216 3
   1217 3
   1218 3
   1219 3
   1220 3
   1221 3
   1222 3
   1223 3
   1224 3
   1225 3
   1226 3
   1227 3
   1228 3
   1229 3
   1230 3
   1231 3
   1232 3
   1233 3
   1234 3
   1235 3
   1236 3
   1237 3
   1238 3
   1239 3
   1240 3
   1241 3
   1242 3
   1243 3
   1244 3
   1245 3
   1246 3
   1247 3
   1248 3
   1249 3
   1250 3
   1251 3
   1252 3
   1253 3
   1254 3
   1255 3
   1256 3
   1257 3
   1258 3
   1259 3
   1260 3
   1261 3
   1262 3
   1263 3
   1264 3
   1265 3
   1266 3
   1267 3
   1268 3
   1269 3
   1270 3
   1271 3
   1272 3
   1273 3
   1274 3
   1275 3
   1276 3
   1277 3
   1278 3
   1279 3
   1280 3
   1281 3
   1282 3
   1283 3
   1284 3
   1285 3
   1286 3
   1287 3
   1288 3
   1289 3
   1290 3
   1291 3
   1292 3
   1293 3
   1294 3
   1295 3
   1296 3
   1297 3
   1298 3
   1299 3
   1300 3
   1301 3
   1302 3
   1303 3
   1304 3
   1305 3
   1306 3
   1307 3
   1308 3
   1309 3
   1310 3
   1311 3
   1312 3
   1313 3
   1314 3
   1315 3
   1316 3
   1317 3
   1318 3
   1319 3
   1320 3
   1321 3
   1322 3
   1323 3
   1324 3
   1325 3
   1326 3
   1327 3
   1328 3
   1329 3
   1330 3
   1331 3
   1332 3
   1333 3
   1334 3
   1335 3
   1336 3
   1337 3
   1338 3
   1339 3
   1340 3
   1341 3
   1342 3
   1343 3
   1344 3
   1345 3
   1346 3
   1347 3
   1348 3
   1349 3
   1350 3
   1351 3
   1352 3
   1353 3
   1354 3
   1355 3
   1356 3
   1357 3
   1358 3
   1359 3
   1360 3
   1361 3
   1362 3
   1363 3
   1364 3
   1365 3
   1366 3
   1367 3
   1368 3
   1369 3
   1370 3
   1371 3
   1372 3
   1373 3
   1374 3
   1375 3
   1376 3
   1377 3
   1378 3
   1379 3
   1380 3
   1381 3
   1382 3
   1383 3
   1384 3
   1385 3
   1386 3
   1387 3
   1388 3
   1389 3
   1390 3
   1391 3
   1392 3
   1393 3
   1394 3
   1395 3
   1396 3
   1397 3
   1398 3
   1399 3
   1400 3
   1401 3
   1402 3
   1403 3
   1404 3
   1405 3
   1406 3
   1407 3
   1408 3
   1409 3
   1410 3
   1411 3
   1412 3
   1413 3
   1414 3
   1415 3
   1416 3
   1417 3
   1418 3
   1419 3
   1420 3
   1421 3
   1422 3
   1423 3
   1424 3
   1425 3
   1426 3
   1427 3
   1428 3
   1429 3
   1430 3
   1431 3
   1432 3
   1433 3
   1434 3
   1435 3
   1436 3
   1437 3
   1438 3
   1439 3
   1440 3
   1441 3
   1442 3
   1443 3
   1444 3
   1445 3
   1446 3
   1447 3
   1448 3
   1449 3
   1450 3
   1451 3
   1452 3
   1453 3
   1454 3
   1455 3
   1456 3
   1457 3
   1458 3
   1459 3
   1460 3
   1461 3
   1462 3
   1463 3
   1464 3
   1465 3
   1466 3
   1467 3
   1468 3
   1469 3
   1470 3
   1471 3
   1472 3
   1473 3
   1474 3
   1475 3
   1476 3
   1477 3
   1478 3
   1479 3
   1480 3
   1481 3
   1482 3
   1483 3
   1484 3
   1485 3
   1486 3
   1487 3
   1488 3
   1489 3
   1490 3
   1491 3
   1492 3
   1493 3
   1494 3
   1495 3
   1496 3
   1497 3
   1498 3
   1499 3
   1500 3
   1501 3
   1502 3
   1503 3
   1504 3
   1505 3
   1506 3
   1507 3
   1508 3
   1509 3
   1510 3
   1511 3
   1512 3
   1513 3
   1514 3
   1515 3
   1516 3
   1517 3
   1518 3
   1519 3
   1520 3
   1521 3
   1522 3
   1523 3
   1524 3
   1525 3
   1526 3
   1527 3
   1528 3
   1529 3
   1530 3
   1531 3
   1532 3
   1533 3
   1534 3
   1535 3
   1536 3
   1537 3
   1538 3
   1539 3
   1540 3
   1541 3
   1542 3
   1543 3
   1544 3
   1545 3
   1546 3
   1547 3
   1548 3
   1549 3
   1550 3
   1551 3
   1552 3
   1553 3
   1554 3
   1555 3
   1556 3
   1557 3
   1558 3
   1559 3
   1560 3
   1561 3
   1562 3
   1563 3
   1564 3
   1565 3
   1566 3
   1567 3
   1568 3
   1569 3
   1570 3
   1571 3
   1572 3
   1573 3
   1574 3
   1575 3
   1576 3
   1577 3
   1578 3
   1579 3
   1580 3
   1581 3
   1582 3
   1583 3
   1584 3
   1585 3
   1586 3
   1587 3
   1588 3
   1589 3
   1590 3
   1591 3
   1592 3
   1593 3
   1594 3
   1595 3
   1596 3
   1597 3
   1598 3
   1599 3
   1600 3
   1601 3
   1602 3
   1603 3
   1604 3
   1605 3
   1606 3
   1607 3
   1608 3
   1609 3
   1610 3
   1611 3
   1612 3
   1613 3
   1614 3
   1615 3
   1616 3
   1617 3
   1618 3
   1619 3
   1620 3
   1621 3
   1622 3
   1623 3
   1624 3
   1625 3
   1626 3
   1627 3
   1628 3
   1629 3
   1630 3
   1631 3
   1632 3
   1633 3
   1634 3
   1635 3
   1636 3
   1637 3
   1638 3
   1639 3
   1640 3
   1641 3
   1642 3
   1643 3
   1644 3
   1645 3
   1646 3
   1647 3
   1648 3
   1649 3
   1650 3
   1651 3
   1652 3
   1653 3
   1654 3
   1655 3
   1656 3
   1657 3
   1658 3
   1659 3
   1660 3
   1661 3
   1662 3
   1663 3
   1664 3
   1665 3
   1666 3
   1667 3
   1668 3
   1669 3
   1670 3
   1671 3
   1672 3
   1673 3
   1674 3
   1675 3
   1676 3
   1677 3
   1678 3
   1679 3
   1680 3
   1681 3
   1682 3
   1683 3
   1684 3
   1685 3
   1686 3
   1687 3
   1688 3
   1689 3
   1690 3
   1691 3
   1692 3
   1693 3
   1694 3
   1695 3
   1696 3
   1697 3
   1698 3
   1699 3
   1700 3
   1701 3
   1702 3
   1703 3
   1704 3
   1705 3
   1706 3
   1707 3
   1708 3
   1709 3
   1710 3
   1711 3
   1712 3
   1713 3
   1714 3
   1715 3
   1716 3
   1717 3
   1718 3
   1719 3
   1720 3
   1721 3
   1722 3
   1723 3
   1724 3
   1725 3
   1726 3
   1727 3
   1728 3
   1729 3
   1730 3
   1731 3
   1732 3
   1733 3
   1734 3
   1735 3
   1736 3
   1737 3
   1738 3
   1739 3
   1740 3
   1741 3
   1742 3
   1743 3
   1744 3
   1745 3
   1746 3
   1747 3
   1748 3
   1749 3
   1750 3
   1751 3
   1752 3
   1753 3
   1754 3
   1755 3
   1756 3
   1757 3
   1758 3
   1759 3
   1760 3
   1761 3
   1762 3
   1763 3
   1764 3
   1765 3
   1766 3
   1767 3
   1768 3
   1769 3
   1770 3
   1771 3
   1772 3
   1773 3
   1774 3
   1775 3
   1776 3
   1777 3
   1778 3
   1779 3
   1780 3
   1781 3
   1782 3
   1783 3
   1784 3
   1785 3
   1786 3
   1787 3
   1788 3
   1789 3
   1790 3
   1791 3
   1792 3
   1793 3
   1794 3
   1795 3
   1796 3
   1797 3
   1798 3
   1799 3
   1800 3
   1801 3
   1802 3
   1803 3
   1804 3
   1805 3
   1806 3
   1807 3
   1808 3
   1809 3
   1810 3
   1811 3
   1812 3
   1813 3
   1814 3
   1815 3
   1816 3
   1817 3
   1818 3
   1819 3
   1820 3
   1821 3
   1822 3
   1823 3
   1824 3
   1825 3
   1826 3
   1827 3
   1828 3
   1829 3
   1830 3
   1831 3
   1832 3
   1833 3
   1834 3
   1835 3
   1836 3
   1837 3
   1838 3
   1839 3
   1840 3
   1841 3
   1842 3
   1843 3
   1844 3
   1845 3
   1846 3
   1847 3
   1848 3
   1849 3
   1850 3
   1851 3
   1852 3
   1853 3
   1854 3
   1855 3
   1856 3
   1857 3
   1858 3
   1859 3
   1860 3
   1861 3
   1862 3
   1863 3
   1864 3
   1865 3
   1866 3
   1867 3
   1868 3
   1869 3
   1870 3
   1871 3
   1872 3
   1873 3
   1874 3
   1875 3
   1876 3
   1877 3
   1878 3
   1879 3
   1880 3
   1881 3
   1882 3
   1883 3
   1884 3
   1885 3
   1886 3
   1887 3
   1888 3
   1889 3
   1890 3
   1891 3
   1892 3
   1893 3
   1894 3
   1895 3
   1896 3
   1897 3
   1898 3
   1899 3
   1900 3
   1901 3
   1902 3
   1903 3
   1904 3
   1905 3
   1906 3
   1907 3
   1908 3
   1909 3
   1910 3
   1911 3
   1912 3
   1913 3
   1914 3
   1915 3
   1916 3
   1917 3
   1918 3
   1919 3
   1920 3
   1921 3
   1922 3
   1923 3
   1924 3
   1925 3
   1926 3
   1927 3
   1928 3
   1929 3
   1930 3
   1931 3
   1932 3
   1933 3
   1934 3
   1935 3
   1936 3
   1937 3
   1938 3
   1939 3
   1940 3
   1941 3
   1942 3
   1943 3
   1944 3
   1945 3
   1946 3
   1947 3
   1948 3
   1949 3
   1950 3
   1951 3
   1952 3
   1953 3
   1954 3
   1955 3
   1956 3
   1957 3
   1958 3
   1959 3
   1960 3
   1961 3
   1962 3
   1963 3
   1964 3
   1965 3
   1966 3
   1967 3
   1968 3
   1969 3
   1970 3
   1971 3
   1972 3
   1973 3
   1974 3
   1975 3
   1976 3
   1977 3
   1978 3
   1979 3
   1980 3
   1981 3
   1982 3
   1983 3
   1984 3
   1985 3
   1986 3
   1987 3
   1988 3
   1989 3
   1990 3
   1991 3
   1992 3
   1993 3
   1994 3
   1995 3
   1996 3
   1997 3
   1998 3
   1999 3
   2000 3
   2001 3
   2002 3
   2003 3
   2004 3
   2005 3
   2006 3
   2007 3
   2008 3
   2009 3
   2010 3
   2011 3
   2012 3
   2013 3
   2014 3
   2015 3
   2016 3
   2017 3
   2018 3
   2019 3
   2020 3
   2021 3
   2022 3
   2023 3
   2024 3
   2025 3
   2026 3
   2027 3
   2028 3
   2029 3
   2030 3
   2031 3
   2032 3
   2033 3
   2034 3
   2035 3
   2036 3
   2037 3
   2038 3
   2039 3
   2040 3
   2041 3
   2042 3
   2043 3
   2044 3
   2045 3
   2046 3
   2047 3
   2048 3
   2049 3
   2050 3
   2051 3
   2052 3
   2053 3
   2054 3
   2055 3
   2056 3
   2057 3
   2058 3
   2059 3
   2060 3
   2061 3
   2062 3
   2063 3
   2064 3
   2065 3
   2066 3
   2067 3
   2068 3
   2069 3
   2070 3
   2071 3
   2072 3
   2073 3
   2074 3
   2075 3
   2076 3
   2077 3
   2078 3
   2079 3
   2080 3
   2081 3
   2082 3
   2083 3
   2084 3
   2085 3
   2086 3
   2087 3
   2088 3
   2089 3
   2090 3
   2091 3
   2092 3
   2093 3
   2094 3
   2095 3
   2096 3
   2097 3
   2098 3
   2099 3
   2100 3
   2101 3
   2102 3
   2103 3
   2104 3
   2105 3
   2106 3
   2107 3
   2108 3
   2109 3
   2110 3
   2111 3
   2112 3
   2113 3
   2114 3
   2115 3
   2116 3
   2117 3
   2118 3
   2119 3
   2120 3
   2121 3
   2122 3
   2123 3
   2124 3
   2125 3
   2126 3
   2127 3
   2128 3
   2129 3
   2130 3
   2131 3
   2132 3
   2133 3
   2134 3
   2135 3
   2136 3
   2137 3
   2138 3
   2139 3
   2140 3
   2141 3
   2142 3
   2143 3
   2144 3
   2145 3
   2146 3
   2147 3
   2148 3
   2149 3
   2150 3
   2151 3
   2152 3
   2153 3
   2154 3
   2155 3
   2156 3
   2157 3
   2158 3
   2159 3
   2160 3
   2161 3
   2162 3
   2163 3
   2164 3
   2165 3
   2166 3
   2167 3
   2168 3
   2169 3
   2170 3
   2171 3
   2172 3
   2173 3
   2174 3
   2175 3
   2176 3
   2177 3
   2178 3
   2179 3
   2180 3
   2181 3
   2182 3
   2183 3
   2184 3
   2185 3
   2186 3
   2187 3
   2188 3
   2189 3
   2190 3
   2191 3
   2192 3
   2193 3
   2194 3
   2195 3
   2196 3
   2197 3
   2198 3
   2199 3
   2200 3
   2201 3
   2202 3
   2203 3
   2204 3
   2205 3
   2206 3
   2207 3
   2208 3
   2209 3
   2210 3
   2211 3
   2212 3
   2213 3
   2214 3
   2215 3
   2216 3
   2217 3
   2218 3
   2219 3
   2220 3
   2221 3
   2222 3
   2223 3
   2224 3
   2225 3
   2226 3
   2227 3
   2228 3
   2229 3
   2230 3
   2231 3
   2232 3
   2233 3
   2234 3
   2235 3
   2236 3
   2237 3
   2238 3
   2239 3
   2240 3
   2241 3
   2242 3
   2243 3
   2244 3
   2245 3
   2246 3
   2247 3
   2248 3
   2249 3
   2250 3
   2251 3
   2252 3
   2253 3
   2254 3
   2255 3
   2256 3
   2257 3
   2258 3
   2259 3
   2260 3
   2261 3
   2262 3
   2263 3
   2264 3
   2265 3
   2266 3
   2267 3
   2268 3
   2269 3
   2270 3
   2271 3
   2272 3
   2273 3
   2274 3
   2275 3
   2276 3
   2277 3
   2278 3
   2279 3
   2280 3
   2281 3
   2282 3
   2283 3
   2284 3
   2285 3
   2286 3
   2287 3
   2288 3
   2289 3
   2290 3
   2291 3
   2292 3
   2293 3
   2294 3
   2295 3
   2296 3
   2297 3
   2298 3
   2299 3
   2300 3
   2301 3
   2302 3
   2303 3
   2304 3
   2305 3
   2306 3
   2307 3
   2308 3
   2309 3
   2310 3
   2311 3
   2312 3
   2313 3
   2314 3
   2315 3
   2316 3
   2317 3
   2318 3
   2319 3
   2320 3
   2321 3
   2322 3
   2323 3
   2324 3
   2325 3
   2326 3
   2327 3
   2328 3
   2329 3
   2330 3
   2331 3
   2332 3
   2333 3
   2334 3
   2335 3
   2336 3
   2337 3
   2338 3
   2339 3
   2340 3
   2341 3
   2342 3
   2343 3
   2344 3
   2345 3
   2346 3
   2347 3
   2348 3
   2349 3
   2350 3
   2351 3
   2352 3
   2353 3
   2354 3
   2355 3
   2356 3
   2357 3
   2358 3
   2359 3
   2360 3
   2361 3
   2362 3
   2363 3
   2364 3
   2365 3
   2366 3
   2367 3
   2368 3
   2369 3
   2370 3
   2371 3
   2372 3
   2373 3
   2374 3
   2375 3
   2376 3
   2377 3
   2378 3
   2379 3
   2380 3
   2381 3
   2382 3
   2383 3
   2384 3
   2385 3
   2386 3
   2387 3
   2388 3
   2389 3
   2390 3
   2391 3
   2392 3
   2393 3
   2394 3
   2395 3
   2396 3
   2397 3
   2398 3
   2399 3
   2400 3
   2401 3
   2402 3
   2403 3
   2404 3
   2405 3
   2406 3
   2407 3
   2408 3
   2409 3
   2410 3
   2411 3
   2412 3
   2413 3
   2414 3
   2415 3
   2416 3
   2417 3
   2418 3
   2419 3
   2420 3
   2421 3
   2422 3
   2423 3
   2424 3
   2425 3
   2426 3
   2427 3
   2428 3
   2429 3
   2430 3
   2431 3
   2432 3
   2433 3
   2434 3
   2435 3
   2436 3
   2437 3
   2438 3
   2439 3
   2440 3
   2441 3
   2442 3
   2443 3
   2444 3
   2445 3
   2446 3
   2447 3
   2448 3
   2449 3
   2450 3
   2451 3
   2452 3
   2453 3
   2454 3
   2455 3
   2456 3
   2457 3
   2458 3
   2459 3
   2460 3
   2461 3
   2462 3
   2463 3
   2464 3
   2465 3
   2466 3
   2467 3
   2468 3
   2469 3
   2470 3
   2471 3
   2472 3
   2473 3
   2474 3
   2475 3
   2476 3
   2477 3
   2478 3
   2479 3
   2480 3
   2481 3
   2482 3
   2483 3
   2484 3
   2485 3
   2486 3
   2487 3
   2488 3
   2489 3
   2490 3
   2491 3
   2492 3
   2493 3
   2494 3
   2495 3
   2496 3
   2497 3
   2498 3
   2499 3
   2500 3
   2501 3
   2502 3
   2503 3
   2504 3
   2505 3
   2506 3
   2507 3
   2508 3
   2509 3
   2510 3
   2511 3
   2512 3
   2513 3
   2514 3
   2515 3
   2516 3
   2517 3
   2518 3
   2519 3
   2520 3
   2521 3
   2522 3
   2523 3
   2524 3
   2525 3
   2526 3
   2527 3
   2528 3
   2529 3
   2530 3
   2531 3
   2532 3
   2533 3
   2534 3
   2535 3
   2536 3
   2537 3
   2538 3
   2539 3
   2540 3
   2541 3
   2542 3
   2543 3
   2544 3
   2545 3
   2546 3
   2547 3
   2548 3
   2549 3
   2550 3
   2551 3
   2552 3
   2553 3
   2554 3
   2555 3
   2556 3
   2557 3
   2558 3
   2559 3
   2560 3
   2561 3
   2562 3
   2563 3
   2564 3
   2565 3
   2566 3
   2567 3
   2568 3
   2569 3
   2570 3
   2571 3
   2572 3
   2573 3
   2574 3
   2575 3
   2576 3
   2577 3
   2578 3
   2579 3
   2580 3
   2581 3
   2582 3
   2583 3
   2584 3
   2585 3
   2586 3
   2587 3
   2588 3
   2589 3
   2590 3
   2591 3
   2592 3
   2593 3
   2594 3
   2595 3
   2596 3
   2597 3
   2598 3
   2599 3
   2600 3
   2601 3
   2602 3
   2603 3
   2604 3
   2605 3
   2606 3
   2607 3
   2608 3
   2609 3
   2610 3
   2611 3
   2612 3
   2613 3
   2614 3
   2615 3
   2616 3
   2617 3
   2618 3
   2619 3
   2620 3
   2621 3
   2622 3
   2623 3
   2624 3
   2625 3
   2626 3
   2627 3
   2628 3
   2629 3
   2630 3
   2631 3
   2632 3
   2633 3
   2634 3
   2635 3
   2636 3
   2637 3
   2638 3
   2639 3
   2640 3
   2641 3
   2642 3
   2643 3
   2644 3
   2645 3
   2646 3
   2647 3
   2648 3
   2649 3
   2650 3
   2651 3
   2652 3
   2653 3
   2654 3
   2655 3
   2656 3
   2657 3
   2658 3
   2659 3
   2660 3
   2661 3
   2662 3
   2663 3
   2664 3
   2665 3
   2666 3
   2667 3
   2668 3
   2669 3
   2670 3
   2671 3
   2672 3
   2673 3
   2674 3
   2675 3
   2676 3
   2677 3
   2678 3
   2679 3
   2680 3
   2681 3
   2682 3
   2683 3
   2684 3
   2685 3
   2686 3
   2687 3
   2688 3
   2689 3
   2690 3
   2691 3
   2692 3
   2693 3
   2694 3
   2695 3
   2696 3
   2697 3
   2698 3
   2699 3
   2700 3
   2701 3
   2702 3
   2703 3
   2704 3
   2705 3
   2706 3
   2707 3
   2708 3
   2709 3
   2710 3
   2711 3
   2712 3
   2713 3
   2714 3
   2715 3
   2716 3
   2717 3
   2718 3
   2719 3
   2720 3
   2721 3
   2722 3
   2723 3
   2724 3
   2725 3
   2726 3
   2727 3
   2728 3
   2729 3
   2730 3
   2731 3
   2732 3
   2733 3
   2734 3
   2735 3
   2736 3
   2737 3
   2738 3
   2739 3
   2740 3
   2741 3
   2742 3
   2743 3
   2744 3
   2745 3
   2746 3
   2747 3
   2748 3
   2749 3
   2750 3
   2751 3
   2752 3
   2753 3
   2754 3
   2755 3
   2756 3
   2757 3
   2758 3
   2759 3
   2760 3
   2761 3
   2762 3
   2763 3
   2764 3
   2765 3
   2766 3
   2767 3
   2768 3
   2769 3
   2770 3
   2771 3
   2772 3
   2773 3
   2774 3
   2775 3
   2776 3
   2777 3
   2778 3
   2779 3
   2780 3
   2781 3
   2782 3
   2783 3
   2784 3
   2785 3
   2786 3
   2787 3
   2788 3
   2789 3
   2790 3
   2791 3
   2792 3
   2793 3
   2794 3
   2795 3
   2796 3
   2797 3
   2798 3
   2799 3
   2800 3
   2801 3
   2802 3
   2803 3
   2804 3
   2805 3
   2806 3
   2807 3
   2808 3
   2809 3
   2810 3
   2811 3
   2812 3
   2813 3
   2814 3
   2815 3
   2816 3
   2817 3
   2818 3
   2819 3
   2820 3
   2821 3
   2822 3
   2823 3
   2824 3
   2825 3
   2826 3
   2827 3
   2828 3
   2829 3
   2830 3
   2831 3
   2832 3
   2833 3
   2834 3
   2835 3
   2836 3
   2837 3
   2838 3
   2839 3
   2840 3
   2841 3
   2842 3
   2843 3
   2844 3
   2845 3
   2846 3
   2847 3
   2848 3
   2849 3
   2850 3
   2851 3
   2852 3
   2853 3
   2854 3
   2855 3
   2856 3
   2857 3
   2858 3
   2859 3
   2860 3
   2861 3
   2862 3
   2863 3
   2864 3
   2865 3
   2866 3
   2867 3
   2868 3
   2869 3
   2870 3
   2871 3
   2872 3
   2873 3
   2874 3
   2875 3
   2876 3
   2877 3
   2878 3
   2879 3
   2880 3
   2881 3
   2882 3
   2883 3
   2884 3
   2885 3
   2886 3
   2887 3
   2888 3
   2889 3
   2890 3
   2891 3
   2892 3
   2893 3
   2894 3
   2895 3
   2896 3
   2897 3
   2898 3
   2899 3
   2900 3
   2901 3
   2902 3
   2903 3
   2904 3
   2905 3
   2906 3
   2907 3
   2908 3
   2909 3
   2910 3
   2911 3
   2912 3
   2913 3
   2914 3
   2915 3
   2916 3
   2917 3
   2918 3
   2919 3
   2920 3
   2921 3
   2922 3
   2923 3
   2924 3
   2925 3
   2926 3
   2927 3
   2928 3
   2929 3
   2930 3
   2931 3
   2932 3
   2933 3
   2934 3
   2935 3
   2936 3
   2937 3
   2938 3
   2939 3
   2940 3
   2941 3
   2942 3
   2943 3
   2944 3
   2945 3
   2946 3
   2947 3
   2948 3
   2949 3
   2950 3
   2951 3
   2952 3
   2953 3
   2954 3
   2955 3
   2956 3
   2957 3
   2958 3
   2959 3
   2960 3
   2961 3
   2962 3
   2963 3
   2964 3
   2965 3
   2966 3
   2967 3
   2968 3
   2969 3
   2970 3
   2971 3
   2972 3
   2973 3
   2974 3
   2975 3
   2976 3
   2977 3
   2978 3
   2979 3
   2980 3
   2981 3
   2982 3
   2983 3
   2984 3
   2985 3
   2986 3
   2987 3
   2988 3
   2989 3
   2990 3
   2991 3
   2992 3
   2993 3
   2994 3
   2995 3
   2996 3
   2997 3
   2998 3
   2999 3
   3000 3
   3001 3
   3002 3
   3003 3
   3004 3
   3005 3
   3006 3
   3007 3
   3008 3
   3009 3
   3010 3
   3011 3
   3012 3
   3013 3
   3014 3
   3015 3
   3016 3
   3017 3
   3018 3
   3019 3
   3020 3
   3021 3
   3022 3
   3023 3
   3024 3
   3025 3
   3026 3
   3027 3
   3028 3
   3029 3
   3030 3
   3031 3
   3032 3
   3033 3
   3034 3
   3035 3
   3036 3
   3037 3
   3038 3
   3039 3
   3040 3
   3041 3
   3042 3
   3043 3
   3044 3
   3045 3
   3046 3
   3047 3
   3048 3
   3049 3
   3050 3
   3051 3
   3052 3
   3053 3
   3054 3
   3055 3
   3056 3
   3057 3
   3058 3
   3059 3
   3060 3
   3061 3
   3062 3
   3063 3
   3064 3
   3065 3
   3066 3
   3067 3
   3068 3
   3069 3
   3070 3
   3071 3
   3072 3
   3073 3
   3074 3
   3075 3
   3076 3
   3077 3
   3078 3
   3079 3
   3080 3
   3081 3
   3082 3
   3083 3
   3084 3
   3085 3
   3086 3
   3087 3
   3088 3
   3089 3
   3090 3
   3091 3
   3092 3
   3093 3
   3094 3
   3095 3
   3096 3
   3097 3
   3098 3
   3099 3
   3100 3
   3101 3
   3102 3
   3103 3
   3104 3
   3105 3
   3106 3
   3107 3
   3108 3
   3109 3
   3110 3
   3111 3
   3112 3
   3113 3
   3114 3
   3115 3
   3116 3
   3117 3
   3118 3
   3119 3
   3120 3
   3121 3
   3122 3
   3123 3
   3124 3
   3125 3
   3126 3
   3127 3
   3128 3
   3129 3
   3130 3
   3131 3
   3132 3
   3133 3
   3134 3
   3135 3
   3136 3
   3137 3
   3138 3
   3139 3
   3140 3
   3141 3
   3142 3
   3143 3
   3144 3
   3145 3
   3146 3
   3147 3
   3148 3
   3149 3
   3150 3
   3151 3
   3152 3
   3153 3
   3154 3
   3155 3
   3156 3
   3157 3
   3158 3
   3159 3
   3160 3
   3161 3
   3162 3
   3163 3
   3164 3
   3165 3
   3166 3
   3167 3
   3168 3
   3169 3
   3170 3
   3171 3
   3172 3
   3173 3
   3174 3
   3175 3
   3176 3
   3177 3
   3178 3
   3179 3
   3180 3
   3181 3
   3182 3
   3183 3
   3184 3
   3185 3
   3186 3
   3187 3
   3188 3
   3189 3
   3190 3
   3191 3
   3192 3
   3193 3
   3194 3
   3195 3
   3196 3
   3197 3
   3198 3
   3199 3
   3200 3
   3201 3
   3202 3
   3203 3
   3204 3
   3205 3
   3206 3
   3207 3
   3208 3
   3209 3
   3210 3
   3211 3
   3212 3
   3213 3
   3214 3
   3215 3
   3216 3
   3217 3
   3218 3
   3219 3
   3220 3
   3221 3
   3222 3
   3223 3
   3224 3
   3225 3
   3226 3
   3227 3
   3228 3
   3229 3
   3230 3
   3231 3
   3232 3
   3233 3
   3234 3
   3235 3
   3236 3
   3237 3
   3238 3
   3239 3
   3240 3
   3241 3
   3242 3
   3243 3
   3244 3
   3245 3
   3246 3
   3247 3
   3248 3
   3249 3
   3250 3
   3251 3
   3252 3
   3253 3
   3254 3
   3255 3
   3256 3
   3257 3
   3258 3
   3259 3
   3260 3
   3261 3
   3262 3
   3263 3
   3264 3
   3265 3
   3266 3
   3267 3
   3268 3
   3269 3
   3270 3
   3271 3
   3272 3
   3273 3
   3274 3
   3275 3
   3276 3
   3277 3
   3278 3
   3279 3
   3280 3
   3281 3
   3282 3
   3283 3
   3284 3
   3285 3
   3286 3
   3287 3
   3288 3
   3289 3
   3290 3
   3291 3
   3292 3
   3293 3
   3294 3
   3295 3
   3296 3
   3297 3
   3298 3
   3299 3
   3300 3
   3301 3
   3302 3
   3303 3
   3304 3
   3305 3
   3306 3
   3307 3
   3308 3
   3309 3
   3310 3
   3311 3
   3312 3
   3313 3
   3314 3
   3315 3
   3316 3
   3317 3
   3318 3
   3319 3
   3320 3
   3321 3
   3322 3
   3323 3
   3324 3
   3325 3
   3326 3
   3327 3
   3328 3
   3329 3
   3330 3
   3331 3
   3332 3
   3333 3
   3334 3
   3335 3
   3336 3
   3337 3
   3338 3
   3339 3
   3340 3
   3341 3
   3342 3
   3343 3
   3344 3
   3345 3
   3346 3
   3347 3
   3348 3
   3349 3
   3350 3
   3351 3
   3352 3
   3353 3
   3354 3
   3355 3
   3356 3
   3357 3
   3358 3
   3359 3
   3360 3
   3361 3
   3362 3
   3363 3
   3364 3
   3365 3
   3366 3
   3367 3
   3368 3
   3369 3
   3370 3
   3371 3
   3372 3
   3373 3
   3374 3
   3375 3
   3376 3
   3377 3
   3378 3
   3379 3
   3380 3
   3381 3
   3382 3
   3383 3
   3384 3
   3385 3
   3386 3
   3387 3
   3388 3
   3389 3
   3390 3
   3391 3
   3392 3
   3393 3
   3394 3
   3395 3
   3396 3
   3397 3
   3398 3
   3399 3
   3400 3
   3401 3
   3402 3
   3403 3
   3404 3
   3405 3
   3406 3
   3407 3
   3408 3
   3409 3
   3410 3
   3411 3
   3412 3
   3413 3
   3414 3
   3415 3
   3416 3
   3417 3
   3418 3
   3419 3
   3420 3
   3421 3
   3422 3
   3423 3
   3424 3
   3425 3
   3426 3
   3427 3
   3428 3
   3429 3
   3430 3
   3431 3
   3432 3
   3433 3
   3434 3
   3435 3
   3436 3
   3437 3
   3438 3
   3439 3
   3440 3
   3441 3
   3442 3
   3443 3
   3444 3
   3445 3
   3446 3
   3447 3
   3448 3
   3449 3
   3450 3
   3451 3
   3452 3
   3453 3
   3454 3
   3455 3
   3456 3
   3457 3
   3458 3
   3459 3
   3460 3
   3461 3
   3462 3
   3463 3
   3464 3
   3465 3
   3466 3
   3467 3
   3468 3
   3469 3
   3470 3
   3471 3
   3472 3
   3473 3
   3474 3
   3475 3
   3476 3
   3477 3
   3478 3
   3479 3
   3480 3
   3481 3
   3482 3
   3483 3
   3484 3
   3485 3
   3486 3
   3487 3
   3488 3
   3489 3
   3490 3
   3491 3
   3492 3
   3493 3
   3494 3
   3495 3
   3496 3
   3497 3
   3498 3
   3499 3
   3500 3
   3501 3
   3502 3
   3503 3
   3504 3
   3505 3
   3506 3
   3507 3
   3508 3
   3509 3
   3510 3
   3511 3
   3512 3
   3513 3
   3514 3
   3515 3
   3516 3
   3517 3
   3518 3
   3519 3
   3520 3
   3521 3
   3522 3
   3523 3
   3524 3
   3525 3
   3526 3
   3527 3
   3528 3
   3529 3
   3530 3
   3531 3
   3532 3
   3533 3
   3534 3
   3535 3
   3536 3
   3537 3
   3538 3
   3539 3
   3540 3
   3541 3
   3542 3
   3543 3
   3544 3
   3545 3
   3546 3
   3547 3
   3548 3
   3549 3
   3550 3
   3551 3
   3552 3
   3553 3
   3554 3
   3555 3
   3556 3
   3557 3
   3558 3
   3559 3
   3560 3
   3561 3
   3562 3
   3563 3
   3564 3
   3565 3
   3566 3
   3567 3
   3568 3
   3569 3
   3570 3
   3571 3
   3572 3
   3573 3
   3574 3
   3575 3
   3576 3
   3577 3
   3578 3
   3579 3
   3580 3
   3581 3
   3582 3
   3583 3
   3584 3
   3585 3
   3586 3
   3587 3
   3588 3
   3589 3
   3590 3
   3591 3
   3592 3
   3593 3
   3594 3
   3595 3
   3596 3
   3597 3
   3598 3
   3599 3
   3600 3
   3601 3
   3602 3
   3603 3
   3604 3
   3605 3
   3606 3
   3607 3
   3608 3
   3609 3
   3610 3
   3611 3
   3612 3
   3613 3
   3614 3
   3615 3
   3616 3
   3617 3
   3618 3
   3619 3
   3620 3
   3621 3
   3622 3
   3623 3
   3624 3
   3625 3
   3626 3
   3627 3
   3628 3
   3629 3
   3630 3
   3631 3
   3632 3
   3633 3
   3634 3
   3635 3
   3636 3
   3637 3
   3638 3
   3639 3
   3640 3
   3641 3
   3642 3
   3643 3
   3644 3
   3645 3
   3646 3
   3647 3
   3648 3
   3649 3
   3650 3
   3651 3
   3652 3
   3653 3
   3654 3
   3655 3
   3656 3
   3657 3
   3658 3
   3659 3
   3660 3
   3661 3
   3662 3
   3663 3
   3664 3
   3665 3
   3666 3
   3667 3
   3668 3
   3669 3
   3670 3
   3671 3
   3672 3
   3673 3
   3674 3
   3675 3
   3676 3
   3677 3
   3678 3
   3679 3
   3680 3
   3681 3
   3682 3
   3683 3
   3684 3
   3685 3
   3686 3
   3687 3
   3688 3
   3689 3
   3690 3
   3691 3
   3692 3
   3693 3
   3694 3
   3695 3
   3696 3
   3697 3
   3698 3
   3699 3
   3700 3
   3701 3
   3702 3
   3703 3
   3704 3
   3705 3
   3706 3
   3707 3
   3708 3
   3709 3
   3710 3
   3711 3
   3712 3
   3713 3
   3714 3
   3715 3
   3716 3
   3717 3
   3718 3
   3719 3
   3720 3
   3721 3
   3722 3
   3723 3
   3724 3
   3725 3
   3726 3
   3727 3
   3728 3
   3729 3
   3730 3
   3731 3
   3732 3
   3733 3
   3734 3
   3735 3
   3736 3
   3737 3
   3738 3
   3739 3
   3740 3
   3741 3
   3742 3
   3743 3
   3744 3
   3745 3
   3746 3
   3747 3
   3748 3
   3749 3
   3750 3
   3751 3
   3752 3
   3753 3
   3754 3
   3755 3
   3756 3
   3757 3
   3758 3
   3759 3
   3760 3
   3761 3
   3762 3
   3763 3
   3764 3
   3765 3
   3766 3
   3767 3
   3768 3
   3769 3
   3770 3
   3771 3
   3772 3
   3773 3
   3774 3
   3775 3
   3776 3
   3777 3
   3778 3
   3779 3
   3780 3
   3781 3
   3782 3
   3783 3
   3784 3
   3785 3
   3786 3
   3787 3
   3788 3
   3789 3
   3790 3
   3791 3
   3792 3
   3793 3
   3794 3
   3795 3
   3796 3
   3797 3
   3798 3
   3799 3
   3800 3
   3801 3
   3802 3
   3803 3
   3804 3
   3805 3
   3806 3
   3807 3
   3808 3
   3809 3
   3810 3
   3811 3
   3812 3
   3813 3
   3814 3
   3815 3
   3816 3
   3817 3
   3818 3
   3819 3
   3820 3
   3821 3
   3822 3
   3823 3
   3824 3
   3825 3
   3826 3
   3827 3
   3828 3
   3829 3
   3830 3
   3831 3
   3832 3
   3833 3
   3834 3
   3835 3
   3836 3
   3837 3
   3838 3
   3839 3
   3840 3
   3841 3
   3842 3
   3843 3
   3844 3
   3845 3
   3846 3
   3847 3
   3848 3
   3849 3
   3850 3
   3851 3
   3852 3
   3853 3
   3854 3
   3855 3
   3856 3
   3857 3
   3858 3
   3859 3
   3860 3
   3861 3
   3862 3
   3863 3
   3864 3
   3865 3
   3866 3
   3867 3
   3868 3
   3869 3
   3870 3
   3871 3
   3872 3
   3873 3
   3874 3
   3875 3
   3876 3
   3877 3
   3878 3
   3879 3
   3880 3
   3881 3
   3882 3
   3883 3
   3884 3
   3885 3
   3886 3
   3887 3
   3888 3
   3889 3
   3890 3
   3891 3
   3892 3
   3893 3
   3894 3
   3895 3
   3896 3
   3897 3
   3898 3
   3899 3
   3900 3
   3901 3
   3902 3
   3903 3
   3904 3
   3905 3
   3906 3
   3907 3
   3908 3
   3909 3
   3910 3
   3911 3
   3912 3
   3913 3
   3914 3
   3915 3
   3916 3
   3917 3
   3918 3
   3919 3
   3920 3
   3921 3
   3922 3
   3923 3
   3924 3
   3925 3
   3926 3
   3927 3
   3928 3
   3929 3
   3930 3
   3931 3
   3932 3
   3933 3
   3934 3
   3935 3
   3936 3
   3937 3
   3938 3
   3939 3
   3940 3
   3941 3
   3942 3
   3943 3
   3944 3
   3945 3
   3946 3
   3947 3
   3948 3
   3949 3
   3950 3
   3951 3
   3952 3
   3953 3
   3954 3
   3955 3
   3956 3
   3957 3
   3958 3
   3959 3
   3960 3
   3961 3
   3962 3
   3963 3
   3964 3
   3965 3
   3966 3
   3967 3
   3968 3
   3969 3
   3970 3
   3971 3
   3972 3
   3973 3
   3974 3
   3975 3
   3976 3
   3977 3
   3978 3
   3979 3
   3980 3
   3981 3
   3982 3
   3983 3
   3984 3
   3985 3
   3986 3
   3987 3
   3988 3
   3989 3
   3990 3
   3991 3
   3992 3
   3993 3
   3994 3
   3995 3
   3996 3
   3997 3
   3998 3
   3999 3
   4000 3
   4001 3
   4002 3
   4003 3
   4004 3
   4005 3
   4006 3
   4007 3
   4008 3
   4009 3
   4010 3
   4011 3
   4012 3
   4013 3
   4014 3
   4015 3
   4016 3
   4017 3
   4018 3
   4019 3
   4020 3
   4021 3
   4022 3
   4023 3
   4024 3
   4025 3
   4026 3
   4027 3
   4028 3
   4029 3
   4030 3
   4031 3
   4032 3
   4033 3
   4034 3
   4035 3
   4036 3
   4037 3
   4038 3
   4039 3
   4040 3
   4041 3
   4042 3
   4043 3
   4044 3
   4045 3
   4046 3
   4047 3
   4048 3
   4049 3
   4050 3
   4051 3
   4052 3
   4053 3
   4054 3
   4055 3
   4056 3
   4057 3
   4058 3
   4059 3
   4060 3
   4061 3
   4062 3
   4063 3
   4064 3
   4065 3
   4066 3
   4067 3
   4068 3
   4069 3
   4070 3
   4071 3
   4072 3
   4073 3
   4074 3
   4075 3
   4076 3
   4077 3
   4078 3
   4079 3
   4080 3
   4081 3
   4082 3
   4083 3
   4084 3
   4085 3
   4086 3
   4087 3
   4088 3
   4089 3
   4090 3
   4091 3
   4092 3
   4093 3
   4094 3
   4095 3
   4096 3
   4097 3
   4098 3
   4099 3
   4100 3
   4101 3
   4102 3
   4103 3
   4104 3
   4105 3
   4106 3
   4107 3
   4108 3
   4109 3
   4110 3
   4111 3
   4112 3
   4113 3
   4114 3
   4115 3
   4116 3
   4117 3
   4118 3
   4119 3
   4120 3
   4121 3
   4122 3
   4123 3
   4124 3
   4125 3
   4126 3
   4127 3
   4128 3
   4129 3
   4130 3
   4131 3
   4132 3
   4133 3
   4134 3
   4135 3
   4136 3
   4137 3
   4138 3
   4139 3
   4140 3
   4141 3
   4142 3
   4143 3
   4144 3
   4145 3
   4146 3
   4147 3
   4148 3
   4149 3
   4150 3
   4151 3
   4152 3
   4153 3
   4154 3
   4155 3
   4156 3
   4157 3
   4158 3
   4159 3
   4160 3
   4161 3
   4162 3
   4163 3
   4164 3
   4165 3
   4166 3
   4167 3
   4168 3
   4169 3
   4170 3
   4171 3
   4172 3
   4173 3
   4174 3
   4175 3
   4176 3
   4177 3
   4178 3
   4179 3
   4180 3
   4181 3
   4182 3
   4183 3
   4184 3
   4185 3
   4186 3
   4187 3
   4188 3
   4189 3
   4190 3
   4191 3
   4192 3
   4193 3
   4194 3
   4195 3
   4196 3
   4197 3
   4198 3
   4199 3
   4200 3
   4201 3
   4202 3
   4203 3
   4204 3
   4205 3
   4206 3
   4207 3
   4208 3
   4209 3
   4210 3
   4211 3
   4212 3
   4213 3
   4214 3
   4215 3
   4216 3
   4217 3
   4218 3
   4219 3
   4220 3
   4221 3
   4222 3
   4223 3
   4224 3
   4225 3
   4226 3
   4227 3
   4228 3
   4229 3
   4230 3
   4231 3
   4232 3
   4233 3
   4234 3
   4235 3
   4236 3
   4237 3
   4238 3
   4239 3
   4240 3
   4241 3
   4242 3
   4243 3
   4244 3
   4245 3
   4246 3
   4247 3
   4248 3
   4249 3
   4250 3
   4251 3
   4252 3
   4253 3
   4254 3
   4255 3
   4256 3
   4257 3
   4258 3
   4259 3
   4260 3
   4261 3
   4262 3
   4263 3
   4264 3
   4265 3
   4266 3
   4267 3
   4268 3
   4269 3
   4270 3
   4271 3
   4272 3
   4273 3
   4274 3
   4275 3
   4276 3
   4277 3
   4278 3
   4279 3
   4280 3
   4281 3
   4282 3
   4283 3
   4284 3
   4285 3
   4286 3
   4287 3
   4288 3
   4289 3
   4290 3
   4291 3
   4292 3
   4293 3
   4294 3
   4295 3
   4296 3
   4297 3
   4298 3
   4299 3
   4300 3
   4301 3
   4302 3
   4303 3
   4304 3
   4305 3
   4306 3
   4307 3
   4308 3
   4309 3
   4310 3
   4311 3
   4312 3
   4313 3
   4314 3
   4315 3
   4316 3
   4317 3
   4318 3
   4319 3
   4320 3
   4321 3
   4322 3
   4323 3
   4324 3
   4325 3
   4326 3
   4327 3
   4328 3
   4329 3
   4330 3
   4331 3
   4332 3
   4333 3
   4334 3
   4335 3
   4336 3
   4337 3
   4338 3
   4339 3
   4340 3
   4341 3
   4342 3
   4343 3
   4344 3
   4345 3
   4346 3
   4347 3
   4348 3
   4349 3
   4350 3
   4351 3
   4352 3
   4353 3
   4354 3
   4355 3
   4356 3
   4357 3
   4358 3
   4359 3
   4360 3
   4361 3
   4362 3
   4363 3
   4364 3
   4365 3
   4366 3
   4367 3
   4368 3
   4369 3
   4370 3
   4371 3
   4372 3
   4373 3
   4374 3
   4375 3
   4376 3
   4377 3
   4378 3
   4379 3
   4380 3
   4381 3
   4382 3
   4383 3
   4384 3
   4385 3
   4386 3
   4387 3
   4388 3
   4389 3
   4390 3
   4391 3
   4392 3
   4393 3
   4394 3
   4395 3
   4396 3
   4397 3
   4398 3
   4399 3
   4400 3
   4401 3
   4402 3
   4403 3
   4404 3
   4405 3
   4406 3
   4407 3
   4408 3
   4409 3
   4410 3
   4411 3
   4412 3
   4413 3
   4414 3
   4415 3
   4416 3
   4417 3
   4418 3
   4419 3
   4420 3
   4421 3
   4422 3
   4423 3
   4424 3
   4425 3
   4426 3
   4427 3
   4428 3
   4429 3
   4430 3
   4431 3
   4432 3
   4433 3
   4434 3
   4435 3
   4436 3
   4437 3
   4438 3
   4439 3
   4440 3
   4441 3
   4442 3
   4443 3
   4444 3
   4445 3
   4446 3
   4447 3
   4448 3
   4449 3
   4450 3
   4451 3
   4452 3
   4453 3
   4454 3
   4455 3
   4456 3
   4457 3
   4458 3
   4459 3
   4460 3
   4461 3
   4462 3
   4463 3
   4464 3
   4465 3
   4466 3
   4467 3
   4468 3
   4469 3
   4470 3
   4471 3
   4472 3
   4473 3
   4474 3
   4475 3
   4476 3
   4477 3
   4478 3
   4479 3
   4480 3
   4481 3
   4482 3
   4483 3
   4484 3
   4485 3
   4486 3
   4487 3
   4488 3
   4489 3
   4490 3
   4491 3
   4492 3
   4493 3
   4494 3
   4495 3
   4496 3
   4497 3
   4498 3
   4499 3
   4500 3
   4501 3
   4502 3
   4503 3
   4504 3
   4505 3
   4506 3
   4507 3
   4508 3
   4509 3
   4510 3
   4511 3
   4512 3
   4513 3
   4514 3
   4515 3
   4516 3
   4517 3
   4518 3
   4519 3
   4520 3
   4521 3
   4522 3
   4523 3
   4524 3
   4525 3
   4526 3
   4527 3
   4528 3
   4529 3
   4530 3
   4531 3
   4532 3
   4533 3
   4534 3
   4535 3
   4536 3
   4537 3
   4538 3
   4539 3
   4540 3
   4541 3
   4542 3
   4543 3
   4544 3
   4545 3
   4546 3
   4547 3
   4548 3
   4549 3
   4550 3
   4551 3
   4552 3
   4553 3
   4554 3
   4555 3
   4556 3
   4557 3
   4558 3
   4559 3
   4560 3
   4561 3
   4562 3
   4563 3
   4564 3
   4565 3
   4566 3
   4567 3
   4568 3
   4569 3
   4570 3
   4571 3
   4572 3
   4573 3
   4574 3
   4575 3
   4576 3
   4577 3
   4578 3
   4579 3
   4580 3
   4581 3
   4582 3
   4583 3
   4584 3
   4585 3
   4586 3
   4587 3
   4588 3
   4589 3
   4590 3
   4591 3
   4592 3
   4593 3
   4594 3
   4595 3
   4596 3
   4597 3
   4598 3
   4599 3
   4600 3
   4601 3
   4602 3
   4603 3
   4604 3
   4605 3
   4606 3
   4607 3
   4608 3
   4609 3
   4610 3
   4611 3
   4612 3
   4613 3
   4614 3
   4615 3
   4616 3
   4617 3
   4618 3
   4619 3
   4620 3
   4621 3
   4622 3
   4623 3
   4624 3
   4625 3
   4626 3
   4627 3
   4628 3
   4629 3
   4630 3
   4631 3
   4632 3
   4633 3
   4634 3
   4635 3
   4636 3
   4637 3
   4638 3
   4639 3
   4640 3
   4641 3
   4642 3
   4643 3
   4644 3
   4645 3
   4646 3
   4647 3
   4648 3
   4649 3
   4650 3
   4651 3
   4652 3
   4653 3
   4654 3
   4655 3
   4656 3
   4657 3
   4658 3
   4659 3
   4660 3
   4661 3
   4662 3
   4663 3
   4664 3
   4665 3
   4666 3
   4667 3
   4668 3
   4669 3
   4670 3
   4671 3
   4672 3
   4673 3
   4674 3
   4675 3
   4676 3
   4677 3
   4678 3
   4679 3
   4680 3
   4681 3
   4682 3
   4683 3
   4684 3
   4685 3
   4686 3
   4687 3
   4688 3
   4689 3
   4690 3
   4691 3
   4692 3
   4693 3
   4694 3
   4695 3
   4696 3
   4697 3
   4698 3
   4699 3
   4700 3
   4701 3
   4702 3
   4703 3
   4704 3
   4705 3
   4706 3
   4707 3
   4708 3
   4709 3
   4710 3
   4711 3
   4712 3
   4713 3
   4714 3
   4715 3
   4716 3
   4717 3
   4718 3
   4719 3
   4720 3
   4721 3
   4722 3
   4723 3
   4724 3
   4725 3
   4726 3
   4727 3
   4728 3
   4729 3
   4730 3
   4731 3
   4732 3
   4733 3
   4734 3
   4735 3
   4736 3
   4737 3
   4738 3
   4739 3
   4740 3
   4741 3
   4742 3
   4743 3
   4744 3
   4745 3
   4746 3
   4747 3
   4748 3
   4749 3
   4750 3
   4751 3
   4752 3
   4753 3
   4754 3
   4755 3
   4756 3
   4757 3
   4758 3
   4759 3
   4760 3
   4761 3
   4762 3
   4763 3
   4764 3
   4765 3
   4766 3
   4767 3
   4768 3
   4769 3
   4770 3
   4771 3
   4772 3
   4773 3
   4774 3
   4775 3
   4776 3
   4777 3
   4778 3
   4779 3
   4780 3
   4781 3
   4782 3
   4783 3
   4784 3
   4785 3
   4786 3
   4787 3
   4788 3
   4789 3
   4790 3
   4791 3
   4792 3
   4793 3
   4794 3
   4795 3
   4796 3
   4797 3
   4798 3
   4799 3
   4800 3
   4801 3
   4802 3
   4803 3
   4804 3
   4805 3
   4806 3
   4807 3
   4808 3
   4809 3
   4810 3
   4811 3
   4812 3
   4813 3
   4814 3
   4815 3
   4816 3
   4817 3
   4818 3
   4819 3
   4820 3
   4821 3
   4822 3
   4823 3
   4824 3
   4825 3
   4826 3
   4827 3
   4828 3
   4829 3
   4830 3
   4831 3
   4832 3
   4833 3
   4834 3
   4835 3
   4836 3
   4837 3
   4838 3
   4839 3
   4840 3
   4841 3
   4842 3
   4843 3
   4844 3
   4845 3
   4846 3
   4847 3
   4848 3
   4849 3
   4850 3
   4851 3
   4852 3
   4853 3
   4854 3
   4855 3
   4856 3
   4857 3
   4858 3
   4859 3
   4860 3
   4861 3
   4862 3
   4863 3
   4864 3
   4865 3
   4866 3
   4867 3
   4868 3
   4869 3
   4870 3
   4871 3
   4872 3
   4873 3
   4874 3
   4875 3
   4876 3
   4877 3
   4878 3
   4879 3
   4880 3
   4881 3
   4882 3
   4883 3
   4884 3
   4885 3
   4886 3
   4887 3
   4888 3
   4889 3
   4890 3
   4891 3
   4892 3
   4893 3
   4894 3
   4895 3
   4896 3
   4897 3
   4898 3
   4899 3
   4900 3
   4901 3
   4902 3
   4903 3
   4904 3
   4905 3
   4906 3
   4907 3
   4908 3
   4909 3
   4910 3
   4911 3
   4912 3
   4913 3
   4914 3
   4915 3
   4916 3
   4917 3
   4918 3
   4919 3
   4920 3
   4921 3
   4922 3
   4923 3
   4924 3
   4925 3
   4926 3
   4927 3
   4928 3
   4929 3
   4930 3
   4931 3
   4932 3
   4933 3
   4934 3
   4935 3
   4936 3
   4937 3
   4938 3
   4939 3
   4940 3
   4941 3
   4942 3
   4943 3
   4944 3
   4945 3
   4946 3
   4947 3
   4948 3
   4949 3
   4950 3
   4951 3
   4952 3
   4953 3
   4954 3
   4955 3
   4956 3
   4957 3
   4958 3
   4959 3
   4960 3
   4961 3
   4962 3
   4963 3
   4964 3
   4965 3
   4966 3
   4967 3
   4968 3
   4969 3
   4970 3
   4971 3
   4972 3
   4973 3
   4974 3
   4975 3
   4976 3
   4977 3
   4978 3
   4979 3
   4980 3
   4981 3
   4982 3
   4983 3
   4984 3
   4985 3
   4986 3
   4987 3
   4988 3
   4989 3
   4990 3
   4991 3
   4992 3
   4993 3
   4994 3
   4995 3
   4996 3
   4997 3
   4998 3
   4999 3
   5000 3
   5001 3
   5002 3
   5003 3
   5004 3
   5005 3
   5006 3
   5007 3
   5008 3
   5009 3
   5010 3
   5011 3
   5012 3
   5013 3
   5014 3
   5015 3
   5016 3
   5017 3
   5018 3
   5019 3
   5020 3
   5021 3
   5022 3
   5023 3
   5024 3
   5025 3
   5026 3
   5027 3
   5028 3
   5029 3
   5030 3
   5031 3
   5032 3
   5033 3
   5034 3
   5035 3
   5036 3
   5037 3
   5038 3
   5039 3
   5040 3
   5041 3
   5042 3
   5043 3
   5044 3
   5045 3
   5046 3
   5047 3
   5048 3
   5049 3
   5050 3
   5051 3
   5052 3
   5053 3
   5054 3
   5055 3
   5056 3
   5057 3
   5058 3
   5059 3
   5060 3
   5061 3
   5062 3
   5063 3
   5064 3
   5065 3
   5066 3
   5067 3
   5068 3
   5069 3
   5070 3
   5071 3
   5072 3
   5073 3
   5074 3
   5075 3
   5076 3
   5077 3
   5078 3
   5079 3
   5080 3
   5081 3
   5082 3
   5083 3
   5084 3
   5085 3
   5086 3
   5087 3
   5088 3
   5089 3
   5090 3
   5091 3
   5092 3
   5093 3
   5094 3
   5095 3
   5096 3
   5097 3
   5098 3
   5099 3
   5100 3
   5101 3
   5102 3
   5103 3
   5104 3
   5105 3
   5106 3
   5107 3
   5108 3
   5109 3
   5110 3
   5111 3
   5112 3
   5113 3
   5114 3
   5115 3
   5116 3
   5117 3
   5118 3
   5119 3
   5120 3
   5121 3
   5122 3
   5123 3
   5124 3
   5125 3
   5126 3
   5127 3
   5128 3
   5129 3
   5130 3
   5131 3
   5132 3
   5133 3
   5134 3
   5135 3
   5136 3
   5137 3
   5138 3
   5139 3
   5140 3
   5141 3
   5142 3
   5143 3
   5144 3
   5145 3
   5146 3
   5147 3
   5148 3
   5149 3
   5150 3
   5151 3
   5152 3
   5153 3
   5154 3
   5155 3
   5156 3
   5157 3
   5158 3
   5159 3
   5160 3
   5161 3
   5162 3
   5163 3
   5164 3
   5165 3
   5166 3
   5167 3
   5168 3
   5169 3
   5170 3
   5171 3
   5172 3
   5173 3
   5174 3
   5175 3
   5176 3
   5177 3
   5178 3
   5179 3
   5180 3
   5181 3
   5182 3
   5183 3
   5184 3
   5185 3
   5186 3
   5187 3
   5188 3
   5189 3
   5190 3
   5191 3
   5192 3
   5193 3
   5194 3
   5195 3
   5196 3
   5197 3
   5198 3
   5199 3
   5200 3
   5201 3
   5202 3
   5203 3
   5204 3
   5205 3
   5206 3
   5207 3
   5208 3
   5209 3
   5210 3
   5211 3
   5212 3
   5213 3
   5214 3
   5215 3
   5216 3
   5217 3
   5218 3
   5219 3
   5220 3
   5221 3
   5222 3
   5223 3
   5224 3
   5225 3
   5226 3
   5227 3
   5228 3
   5229 3
   5230 3
   5231 3
   5232 3
   5233 3
   5234 3
   5235 3
   5236 3
   5237 3
   5238 3
   5239 3
   5240 3
   5241 3
   5242 3
   5243 3
   5244 3
   5245 3
   5246 3
   5247 3
   5248 3
   5249 3
   5250 3
   5251 3
   5252 3
   5253 3
   5254 3
   5255 3
   5256 3
   5257 3
   5258 3
   5259 3
   5260 3
   5261 3
   5262 3
   5263 3
   5264 3
   5265 3
   5266 3
   5267 3
   5268 3
   5269 3
   5270 3
   5271 3
   5272 3
   5273 3
   5274 3
   5275 3
   5276 3
   5277 3
   5278 3
   5279 3
   5280 3
   5281 3
   5282 3
   5283 3
   5284 3
   5285 3
   5286 3
   5287 3
   5288 3
   5289 3
   5290 3
   5291 3
   5292 3
   5293 3
   5294 3
   5295 3
   5296 3
   5297 3
   5298 3
   5299 3
   5300 3
   5301 3
   5302 3
   5303 3
   5304 3
   5305 3
   5306 3
   5307 3
   5308 3
   5309 3
   5310 3
   5311 3
   5312 3
   5313 3
   5314 3
   5315 3
   5316 3
   5317 3
   5318 3
   5319 3
   5320 3
   5321 3
   5322 3
   5323 3
   5324 3
   5325 3
   5326 3
   5327 3
   5328 3
   5329 3
   5330 3
   5331 3
   5332 3
   5333 3
   5334 3
   5335 3
   5336 3
   5337 3
   5338 3
   5339 3
   5340 3
   5341 3
   5342 3
   5343 3
   5344 3
   5345 3
   5346 3
   5347 3
   5348 3
   5349 3
   5350 3
   5351 3
   5352 3
   5353 3
   5354 3
   5355 3
   5356 3
   5357 3
   5358 3
   5359 3
   5360 3
   5361 3
   5362 3
   5363 3
   5364 3
   5365 3
   5366 3
   5367 3
   5368 3
   5369 3
   5370 3
   5371 3
   5372 3
   5373 3
   5374 3
   5375 3
   5376 3
   5377 3
   5378 3
   5379 3
   5380 3
   5381 3
   5382 3
   5383 3
   5384 3
   5385 3
   5386 3
   5387 3
   5388 3
   5389 3
   5390 3
   5391 3
   5392 3
   5393 3
   5394 3
   5395 3
   5396 3
   5397 3
   5398 3
   5399 3
   5400 3
   5401 3
   5402 3
   5403 3
   5404 3
   5405 3
   5406 3
   5407 3
   5408 3
   5409 3
   5410 3
   5411 3
   5412 3
   5413 3
   5414 3
   5415 3
   5416 3
   5417 3
   5418 3
   5419 3
   5420 3
   5421 3
   5422 3
   5423 3
   5424 3
   5425 3
   5426 3
   5427 3
   5428 3
   5429 3
   5430 3
   5431 3
   5432 3
   5433 3
   5434 3
   5435 3
   5436 3
   5437 3
   5438 3
   5439 3
   5440 3
   5441 3
   5442 3
   5443 3
   5444 3
   5445 3
   5446 3
   5447 3
   5448 3
   5449 3
   5450 3
   5451 3
   5452 3
   5453 3
   5454 3
   5455 3
   5456 3
   5457 3
   5458 3
   5459 3
   5460 3
   5461 3
   5462 3
   5463 3
   5464 3
   5465 3
   5466 3
   5467 3
   5468 3
   5469 3
   5470 3
   5471 3
   5472 3
   5473 3
   5474 3
   5475 3
   5476 3
   5477 3
   5478 3
   5479 3
   5480 3
   5481 3
   5482 3
   5483 3
   5484 3
   5485 3
   5486 3
   5487 3
   5488 3
   5489 3
   5490 3
   5491 3
   5492 3
   5493 3
   5494 3
   5495 3
   5496 3
   5497 3
   5498 3
   5499 3
   5500 3
   5501 3
   5502 3
   5503 3
   5504 3
   5505 3
   5506 3
   5507 3
   5508 3
   5509 3
   5510 3
   5511 3
   5512 3
   5513 3
   5514 3
   5515 3
   5516 3
   5517 3
   5518 3
   5519 3
   5520 3
   5521 3
   5522 3
   5523 3
   5524 3
   5525 3
   5526 3
   5527 3
   5528 3
   5529 3
   5530 3
   5531 3
   5532 3
   5533 3
   5534 3
   5535 3
   5536 3
   5537 3
   5538 3
   5539 3
   5540 3
   5541 3
   5542 3
   5543 3
   5544 3
   5545 3
   5546 3
   5547 3
   5548 3
   5549 3
   5550 3
   5551 3
   5552 3
   5553 3
   5554 3
   5555 3
   5556 3
   5557 3
   5558 3
   5559 3
   5560 3
   5561 3
   5562 3
   5563 3
   5564 3
   5565 3
   5566 3
   5567 3
   5568 3
   5569 3
   5570 3
   5571 3
   5572 3
   5573 3
   5574 3
   5575 3
   5576 3
   5577 3
   5578 3
   5579 3
   5580 3
   5581 3
   5582 3
   5583 3
   5584 3
   5585 3
   5586 3
   5587 3
   5588 3
   5589 3
   5590 3
   5591 3
   5592 3
   5593 3
   5594 3
   5595 3
   5596 3
   5597 3
   5598 3
   5599 3
   5600 3
   5601 3
   5602 3
   5603 3
   5604 3
   5605 3
   5606 3
   5607 3
   5608 3
   5609 3
   5610 3
   5611 3
   5612 3
   5613 3
   5614 3
   5615 3
   5616 3
   5617 3
   5618 3
   5619 3
   5620 3
   5621 3
   5622 3
   5623 3
   5624 3
   5625 3
   5626 3
   5627 3
   5628 3
   5629 3
   5630 3
   5631 3
   5632 3
   5633 3
   5634 3
   5635 3
   5636 3
   5637 3
   5638 3
   5639 3
   5640 3
   5641 3
   5642 3
   5643 3
   5644 3
   5645 3
   5646 3
   5647 3
   5648 3
   5649 3
   5650 3
   5651 3
   5652 3
   5653 3
   5654 3
   5655 3
   5656 3
   5657 3
   5658 3
   5659 3
   5660 3
   5661 3
   5662 3
   5663 3
   5664 3
   5665 3
   5666 3
   5667 3
   5668 3
   5669 3
   5670 3
   5671 3
   5672 3
   5673 3
   5674 3
   5675 3
   5676 3
   5677 3
   5678 3
   5679 3
   5680 3
   5681 3
   5682 3
   5683 3
   5684 3
   5685 3
   5686 3
   5687 3
   5688 3
   5689 3
   5690 3
   5691 3
   5692 3
   5693 3
   5694 3
   5695 3
   5696 3
   5697 3
   5698 3
   5699 3
   5700 3
   5701 3
   5702 3
   5703 3
   5704 3
   5705 3
   5706 3
   5707 3
   5708 3
   5709 3
   5710 3
   5711 3
   5712 3
   5713 3
   5714 3
   5715 3
   5716 3
   5717 3
   5718 3
   5719 3
   5720 3
   5721 3
   5722 3
   5723 3
   5724 3
   5725 3
   5726 3
   5727 3
   5728 3
   5729 3
   5730 3
   5731 3
   5732 3
   5733 3
   5734 3
   5735 3
   5736 3
   5737 3
   5738 3
   5739 3
   5740 3
   5741 3
   5742 3
   5743 3
   5744 3
   5745 3
   5746 3
   5747 3
   5748 3
   5749 3
   5750 3
   5751 3
   5752 3
   5753 3
   5754 3
   5755 3
   5756 3
   5757 3
   5758 3
   5759 3
   5760 3
   5761 3
   5762 3
   5763 3
   5764 3
   5765 3
   5766 3
   5767 3
   5768 3
   5769 3
   5770 3
   5771 3
   5772 3
   5773 3
   5774 3
   5775 3
   5776 3
   5777 3
   5778 3
   5779 3
   5780 3
   5781 3
   5782 3
   5783 3
   5784 3
   5785 3
   5786 3
   5787 3
   5788 3
   5789 3
   5790 3
   5791 3
   5792 3
   5793 3
   5794 3
   5795 3
   5796 3
   5797 3
   5798 3
   5799 3
   5800 3
   5801 3
   5802 3
   5803 3
   5804 3
   5805 3
   5806 3
   5807 3
   5808 3
   5809 3
   5810 3
   5811 3
   5812 3
   5813 3
   5814 3
   5815 3
   5816 3
   5817 3
   5818 3
   5819 3
   5820 3
   5821 3
   5822 3
   5823 3
   5824 3
   5825 3
   5826 3
   5827 3
   5828 3
   5829 3
   5830 3
   5831 3
   5832 3
   5833 3
   5834 3
   5835 3
   5836 3
   5837 3
   5838 3
   5839 3
   5840 3
   5841 3
   5842 3
   5843 3
   5844 3
   5845 3
   5846 3
   5847 3
   5848 3
   5849 3
   5850 3
   5851 3
   5852 3
   5853 3
   5854 3
   5855 3
   5856 3
   5857 3
   5858 3
   5859 3
   5860 3
   5861 3
   5862 3
   5863 3
   5864 3
   5865 3
   5866 3
   5867 3
   5868 3
   5869 3
   5870 3
   5871 3
   5872 3
   5873 3
   5874 3
   5875 3
   5876 3
   5877 3
   5878 3
   5879 3
   5880 3
   5881 3
   5882 3
   5883 3
   5884 3
   5885 3
   5886 3
   5887 3
   5888 3
   5889 3
   5890 3
   5891 3
   5892 3
   5893 3
   5894 3
   5895 3
   5896 3
   5897 3
   5898 3
   5899 3
   5900 3
   5901 3
   5902 3
   5903 3
   5904 3
   5905 3
   5906 3
   5907 3
   5908 3
   5909 3
   5910 3
   5911 3
   5912 3
   5913 3
   5914 3
   5915 3
   5916 3
   5917 3
   5918 3
   5919 3
   5920 3
   5921 3
   5922 3
   5923 3
   5924 3
   5925 3
   5926 3
   5927 3
   5928 3
   5929 3
   5930 3
   5931 3
   5932 3
   5933 3
   5934 3
   5935 3
   5936 3
   5937 3
   5938 3
   5939 3
   5940 3
   5941 3
   5942 3
   5943 3
   5944 3
   5945 3
   5946 3
   5947 3
   5948 3
   5949 3
   5950 3
   5951 3
   5952 3
   5953 3
   5954 3
   5955 3
   5956 3
   5957 3
   5958 3
   5959 3
   5960 3
   5961 3
   5962 3
   5963 3
   5964 3
   5965 3
   5966 3
   5967 3
   5968 3
   5969 3
   5970 3
   5971 3
   5972 3
   5973 3
   5974 3
   5975 3
   5976 3
   5977 3
   5978 3
   5979 3
   5980 3
   5981 3
   5982 3
   5983 3
   5984 3
   5985 3
   5986 3
   5987 3
   5988 3
   5989 3
   5990 3
   5991 3
   5992 3
   5993 3
   5994 3
   5995 3
   5996 3
   5997 3
   5998 3
   5999 3
   6000 3
   6001 3
   6002 3
   6003 3
   6004 3
   6005 3
   6006 3
   6007 3
   6008 3
   6009 3
   6010 3
   6011 3
   6012 3
   6013 3
   6014 3
   6015 3
   6016 3
   6017 3
   6018 3
   6019 3
   6020 3
   6021 3
   6022 3
   6023 3
   6024 3
   6025 3
   6026 3
   6027 3
   6028 3
   6029 3
   6030 3
   6031 3
   6032 3
   6033 3
   6034 3
   6035 3
   6036 3
   6037 3
   6038 3
   6039 3
   6040 3
   6041 3
   6042 3
   6043 3
   6044 3
   6045 3
   6046 3
   6047 3
   6048 3
   6049 3
   6050 3
   6051 3
   6052 3
   6053 3
   6054 3
   6055 3
   6056 3
   6057 3
   6058 3
   6059 3
   6060 3
   6061 3
   6062 3
   6063 3
   6064 3
   6065 3
   6066 3
   6067 3
   6068 3
   6069 3
   6070 3
   6071 3
   6072 3
   6073 3
   6074 3
   6075 3
   6076 3
   6077 3
   6078 3
   6079 3
   6080 3
   6081 3
   6082 3
   6083 3
   6084 3
   6085 3
   6086 3
   6087 3
   6088 3
   6089 3
   6090 3
   6091 3
   6092 3
   6093 3
   6094 3
   6095 3
   6096 3
   6097 3
   6098 3
   6099 3
   6100 3
   6101 3
   6102 3
   6103 3
   6104 3
   6105 3
   6106 3
   6107 3
   6108 3
   6109 3
   6110 3
   6111 3
   6112 3
   6113 3
   6114 3
   6115 3
   6116 3
   6117 3
   6118 3
   6119 3
   6120 3
   6121 3
   6122 3
   6123 3
   6124 3
   6125 3
   6126 3
   6127 3
   6128 3
   6129 3
   6130 3
   6131 3
   6132 3
   6133 3
   6134 3
   6135 3
   6136 3
   6137 3
   6138 3
   6139 3
   6140 3
   6141 3
   6142 3
   6143 3
   6144 3
   6145 3
   6146 3
   6147 3
   6148 3
   6149 3
   6150 3
   6151 3
   6152 3
   6153 3
   6154 3
   6155 3
   6156 3
   6157 3
   6158 3
   6159 3
   6160 3
   6161 3
   6162 3
   6163 3
   6164 3
   6165 3
   6166 3
   6167 3
   6168 3
   6169 3
   6170 3
   6171 3
   6172 3
   6173 3
   6174 3
   6175 3
   6176 3
   6177 3
   6178 3
   6179 3
   6180 3
   6181 3
   6182 3
   6183 3
   6184 3
   6185 3
   6186 3
   6187 3
   6188 3
   6189 3
   6190 3
   6191 3
   6192 3
   6193 3
   6194 3
   6195 3
   6196 3
   6197 3
   6198 3
   6199 3
   6200 3
   6201 3
   6202 3
   6203 3
   6204 3
   6205 3
   6206 3
   6207 3
   6208 3
   6209 3
   6210 3
   6211 3
   6212 3
   6213 3
   6214 3
   6215 3
   6216 3
   6217 3
   6218 3
   6219 3
   6220 3
   6221 3
   6222 3
   6223 3
   6224 3
   6225 3
   6226 3
   6227 3
   6228 3
   6229 3
   6230 3
   6231 3
   6232 3
   6233 3
   6234 3
   6235 3
   6236 3
   6237 3
   6238 3
   6239 3
   6240 3
   6241 3
   6242 3
   6243 3
   6244 3
   6245 3
   6246 3
   6247 3
   6248 3
   6249 3
   6250 3
   6251 3
   6252 3
   6253 3
   6254 3
   6255 3
   6256 3
   6257 3
   6258 3
   6259 3
   6260 3
   6261 3
   6262 3
   6263 3
   6264 3
   6265 3
   6266 3
   6267 3
   6268 3
   6269 3
   6270 3
   6271 3
   6272 3
   6273 3
   6274 3
   6275 3
   6276 3
   6277 3
   6278 3
   6279 3
   6280 3
   6281 3
   6282 3
   6283 3
   6284 3
   6285 3
   6286 3
   6287 3
   6288 3
   6289 3
   6290 3
   6291 3
   6292 3
   6293 3
   6294 3
   6295 3
   6296 3
   6297 3
   6298 3
   6299 3
   6300 3
   6301 3
   6302 3
   6303 3
   6304 3
   6305 3
   6306 3
   6307 3
   6308 3
   6309 3
   6310 3
   6311 3
   6312 3
   6313 3
   6314 3
   6315 3
   6316 3
   6317 3
   6318 3
   6319 3
   6320 3
   6321 3
   6322 3
   6323 3
   6324 3
   6325 3
   6326 3
   6327 3
   6328 3
   6329 3
   6330 3
   6331 3
   6332 3
   6333 3
   6334 3
   6335 3
   6336 3
   6337 3
   6338 3
   6339 3
   6340 3
   6341 3
   6342 3
   6343 3
   6344 3
   6345 3
   6346 3
   6347 3
   6348 3
   6349 3
   6350 3
   6351 3
   6352 3
   6353 3
   6354 3
   6355 3
   6356 3
   6357 3
   6358 3
   6359 3
   6360 3
   6361 3
   6362 3
   6363 3
   6364 3
   6365 3
   6366 3
   6367 3
   6368 3
   6369 3
   6370 3
   6371 3
   6372 3
   6373 3
   6374 3
   6375 3
   6376 3
   6377 3
   6378 3
   6379 3
   6380 3
   6381 3
   6382 3
   6383 3
   6384 3
   6385 3
   6386 3
   6387 3
   6388 3
   6389 3
   6390 3
   6391 3
   6392 3
   6393 3
   6394 3
   6395 3
   6396 3
   6397 3
   6398 3
   6399 3
   6400 3
   6401 3
   6402 3
   6403 3
   6404 3
   6405 3
   6406 3
   6407 3
   6408 3
   6409 3
   6410 3
   6411 3
   6412 3
   6413 3
   6414 3
   6415 3
   6416 3
   6417 3
   6418 3
   6419 3
   6420 3
   6421 3
   6422 3
   6423 3
   6424 3
   6425 3
   6426 3
   6427 3
   6428 3
   6429 3
   6430 3
   6431 3
   6432 3
   6433 3
   6434 3
   6435 3
   6436 3
   6437 3
   6438 3
   6439 3
   6440 3
   6441 3
   6442 3
   6443 3
   6444 3
   6445 3
   6446 3
   6447 3
   6448 3
   6449 3
   6450 3
   6451 3
   6452 3
   6453 3
   6454 3
   6455 3
   6456 3
   6457 3
   6458 3
   6459 3
   6460 3
   6461 3
   6462 3
   6463 3
   6464 3
   6465 3
   6466 3
   6467 3
   6468 3
   6469 3
   6470 3
   6471 3
   6472 3
   6473 3
   6474 3
   6475 3
   6476 3
   6477 3
   6478 3
   6479 3
   6480 3
   6481 3
   6482 3
   6483 3
   6484 3
   6485 3
   6486 3
   6487 3
   6488 3
   6489 3
   6490 3
   6491 3
   6492 3
   6493 3
   6494 3
   6495 3
   6496 3
   6497 3
   6498 3
   6499 3
   6500 3
   6501 3
   6502 3
   6503 3
   6504 3
   6505 3
   6506 3
   6507 3
   6508 3
   6509 3
   6510 3
   6511 3
   6512 3
   6513 3
   6514 3
   6515 3
   6516 3
   6517 3
   6518 3
   6519 3
   6520 3
   6521 3
   6522 3
   6523 3
   6524 3
   6525 3
   6526 3
   6527 3
   6528 3
   6529 3
   6530 3
   6531 3
   6532 3
   6533 3
   6534 3
   6535 3
   6536 3
   6537 3
   6538 3
   6539 3
   6540 3
   6541 3
   6542 3
   6543 3
   6544 3
   6545 3
   6546 3
   6547 3
   6548 3
   6549 3
   6550 3
   6551 3
   6552 3
   6553 3
   6554 3
   6555 3
   6556 3
   6557 3
   6558 3
   6559 3
   6560 3
   6561 3
   6562 3
   6563 3
   6564 3
   6565 3
   6566 3
   6567 3
   6568 3
   6569 3
   6570 3
   6571 3
   6572 3
   6573 3
   6574 3
   6575 3
   6576 3
   6577 3
   6578 3
   6579 3
   6580 3
   6581 3
   6582 3
   6583 3
   6584 3
   6585 3
   6586 3
   6587 3
   6588 3
   6589 3
   6590 3
   6591 3
   6592 3
   6593 3
   6594 3
   6595 3
   6596 3
   6597 3
   6598 3
   6599 3
   6600 3
   6601 3
   6602 3
   6603 3
   6604 3
   6605 3
   6606 3
   6607 3
   6608 3
   6609 3
   6610 3
   6611 3
   6612 3
   6613 3
   6614 3
   6615 3
   6616 3
   6617 3
   6618 3
   6619 3
   6620 3
   6621 3
   6622 3
   6623 3
   6624 3
   6625 3
   6626 3
   6627 3
   6628 3
   6629 3
   6630 3
   6631 3
   6632 3
   6633 3
   6634 3
   6635 3
   6636 3
   6637 3
   6638 3
   6639 3
   6640 3
   6641 3
   6642 3
   6643 3
   6644 3
   6645 3
   6646 3
   6647 3
   6648 3
   6649 3
   6650 3
   6651 3
   6652 3
   6653 3
   6654 3
   6655 3
   6656 3
   6657 3
   6658 3
   6659 3
   6660 3
   6661 3
   6662 3
   6663 3
   6664 3
   6665 3
   6666 3
   6667 3
   6668 3
   6669 3
   6670 3
   6671 3
   6672 3
   6673 3
   6674 3
   6675 3
   6676 3
   6677 3
   6678 3
   6679 3
   6680 3
   6681 3
   6682 3
   6683 3
   6684 3
   6685 3
   6686 3
   6687 3
   6688 3
   6689 3
   6690 3
   6691 3
   6692 3
   6693 3
   6694 3
   6695 3
   6696 3
   6697 3
   6698 3
   6699 3
   6700 3
   6701 3
   6702 3
   6703 3
   6704 3
   6705 3
   6706 3
   6707 3
   6708 3
   6709 3
   6710 3
   6711 3
   6712 3
   6713 3
   6714 3
   6715 3
   6716 3
   6717 3
   6718 3
   6719 3
   6720 3
   6721 3
   6722 3
   6723 3
   6724 3
   6725 3
   6726 3
   6727 3
   6728 3
   6729 3
   6730 3
   6731 3
   6732 3
   6733 3
   6734 3
   6735 3
   6736 3
   6737 3
   6738 3
   6739 3
   6740 3
   6741 3
   6742 3
   6743 3
   6744 3
   6745 3
   6746 3
   6747 3
   6748 3
   6749 3
   6750 3
   6751 3
   6752 3
   6753 3
   6754 3
   6755 3
   6756 3
   6757 3
   6758 3
   6759 3
   6760 3
   6761 3
   6762 3
   6763 3
   6764 3
   6765 3
   6766 3
   6767 3
   6768 3
   6769 3
   6770 3
   6771 3
   6772 3
   6773 3
   6774 3
   6775 3
   6776 3
   6777 3
   6778 3
   6779 3
   6780 3
   6781 3
   6782 3
   6783 3
   6784 3
   6785 3
   6786 3
   6787 3
   6788 3
   6789 3
   6790 3
   6791 3
   6792 3
   6793 3
   6794 3
   6795 3
   6796 3
   6797 3
   6798 3
   6799 3
   6800 3
   6801 3
   6802 3
   6803 3
   6804 3
   6805 3
   6806 3
   6807 3
   6808 3
   6809 3
   6810 3
   6811 3
   6812 3
   6813 3
   6814 3
   6815 3
   6816 3
   6817 3
   6818 3
   6819 3
   6820 3
   6821 3
   6822 3
   6823 3
   6824 3
   6825 3
   6826 3
   6827 3
   6828 3
   6829 3
   6830 3
   6831 3
   6832 3
   6833 3
   6834 3
   6835 3
   6836 3
   6837 3
   6838 3
   6839 3
   6840 3
   6841 3
   6842 3
   6843 3
   6844 3
   6845 3
   6846 3
   6847 3
   6848 3
   6849 3
   6850 3
   6851 3
   6852 3
   6853 3
   6854 3
   6855 3
   6856 3
   6857 3
   6858 3
   6859 3
   6860 3
   6861 3
   6862 3
   6863 3
   6864 3
   6865 3
   6866 3
   6867 3
   6868 3
   6869 3
   6870 3
   6871 3
   6872 3
   6873 3
   6874 3
   6875 3
   6876 3
   6877 3
   6878 3
   6879 3
   6880 3
   6881 3
   6882 3
   6883 3
   6884 3
   6885 3
   6886 3
   6887 3
   6888 3
   6889 3
   6890 3
   6891 3
   6892 3
   6893 3
   6894 3
   6895 3
   6896 3
   6897 3
   6898 3
   6899 3
   6900 3
   6901 3
   6902 3
   6903 3
   6904 3
   6905 3
   6906 3
   6907 3
   6908 3
   6909 3
   6910 3
   6911 3
   6912 3
   6913 3
   6914 3
   6915 3
   6916 3
   6917 3
   6918 3
   6919 3
   6920 3
   6921 3
   6922 3
   6923 3
   6924 3
   6925 3
   6926 3
   6927 3
   6928 3
   6929 3
   6930 3
   6931 3
   6932 3
   6933 3
   6934 3
   6935 3
   6936 3
   6937 3
   6938 3
   6939 3
   6940 3
   6941 3
   6942 3
   6943 3
   6944 3
   6945 3
   6946 3
   6947 3
   6948 3
   6949 3
   6950 3
   6951 3
   6952 3
   6953 3
   6954 3
   6955 3
   6956 3
   6957 3
   6958 3
   6959 3
   6960 3
   6961 3
   6962 3
   6963 3
   6964 3
   6965 3
   6966 3
   6967 3
   6968 3
   6969 3
   6970 3
   6971 3
   6972 3
   6973 3
   6974 3
   6975 3
   6976 3
   6977 3
   6978 3
   6979 3
   6980 3
   6981 3
   6982 3
   6983 3
   6984 3
   6985 3
   6986 3
   6987 3
   6988 3
   6989 3
   6990 3
   6991 3
   6992 3
   6993 3
   6994 3
   6995 3
   6996 3
   6997 3
   6998 3
   6999 3
   7000 3
   7001 3
   7002 3
   7003 3
   7004 3
   7005 3
   7006 3
   7007 3
   7008 3
   7009 3
   7010 3
   7011 3
   7012 3
   7013 3
   7014 3
   7015 3
   7016 3
   7017 3
   7018 3
   7019 3
   7020 3
   7021 3
   7022 3
   7023 3
   7024 3
   7025 3
   7026 3
   7027 3
   7028 3
   7029 3
   7030 3
   7031 3
   7032 3
   7033 3
   7034 3
   7035 3
   7036 3
   7037 3
   7038 3
   7039 3
   7040 3
   7041 3
   7042 3
   7043 3
   7044 3
   7045 3
   7046 3
   7047 3
   7048 3
   7049 3
   7050 3
   7051 3
   7052 3
   7053 3
   7054 3
   7055 3
   7056 3
   7057 3
   7058 3
   7059 3
   7060 3
   7061 3
   7062 3
   7063 3
   7064 3
   7065 3
   7066 3
   7067 3
   7068 3
   7069 3
   7070 3
   7071 3
   7072 3
   7073 3
   7074 3
   7075 3
   7076 3
   7077 3
   7078 3
   7079 3
   7080 3
   7081 3
   7082 3
   7083 3
   7084 3
   7085 3
   7086 3
   7087 3
   7088 3
   7089 3
   7090 3
   7091 3
   7092 3
   7093 3
   7094 3
   7095 3
   7096 3
   7097 3
   7098 3
   7099 3
   7100 3
   7101 3
   7102 3
   7103 3
   7104 3
   7105 3
   7106 3
   7107 3
   7108 3
   7109 3
   7110 3
   7111 3
   7112 3
   7113 3
   7114 3
   7115 3
   7116 3
   7117 3
   7118 3
   7119 3
   7120 3
   7121 3
   7122 3
   7123 3
   7124 3
   7125 3
   7126 3
   7127 3
   7128 3
   7129 3
   7130 3
   7131 3
   7132 3
   7133 3
   7134 3
   7135 3
   7136 3
   7137 3
   7138 3
   7139 3
   7140 3
   7141 3
   7142 3
   7143 3
   7144 3
   7145 3
   7146 3
   7147 3
   7148 3
   7149 3
   7150 3
   7151 3
   7152 3
   7153 3
   7154 3
   7155 3
   7156 3
   7157 3
   7158 3
   7159 3
   7160 3
   7161 3
   7162 3
   7163 3
   7164 3
   7165 3
   7166 3
   7167 3
   7168 3
   7169 3
   7170 3
   7171 3
   7172 3
   7173 3
   7174 3
   7175 3
   7176 3
   7177 3
   7178 3
   7179 3
   7180 3
   7181 3
   7182 3
   7183 3
   7184 3
   7185 3
   7186 3
   7187 3
   7188 3
   7189 3
   7190 3
   7191 3
   7192 3
   7193 3
   7194 3
   7195 3
   7196 3
   7197 3
   7198 3
   7199 3
   7200 3
   7201 3
   7202 3
   7203 3
   7204 3
   7205 3
   7206 3
   7207 3
   7208 3
   7209 3
   7210 3
   7211 3
   7212 3
   7213 3
   7214 3
   7215 3
   7216 3
   7217 3
   7218 3
   7219 3
   7220 3
   7221 3
   7222 3
   7223 3
   7224 3
   7225 3
   7226 3
   7227 3
   7228 3
   7229 3
   7230 3
   7231 3
   7232 3
   7233 3
   7234 3
   7235 3
   7236 3
   7237 3
   7238 3
   7239 3
   7240 3
   7241 3
   7242 3
   7243 3
   7244 3
   7245 3
   7246 3
   7247 3
   7248 3
   7249 3
   7250 3
   7251 3
   7252 3
   7253 3
   7254 3
   7255 3
   7256 3
   7257 3
   7258 3
   7259 3
   7260 3
   7261 3
   7262 3
   7263 3
   7264 3
   7265 3
   7266 3
   7267 3
   7268 3
   7269 3
   7270 3
   7271 3
   7272 3
   7273 3
   7274 3
   7275 3
   7276 3
   7277 3
   7278 3
   7279 3
   7280 3
   7281 3
   7282 3
   7283 3
   7284 3
   7285 3
   7286 3
   7287 3
   7288 3
   7289 3
   7290 3
   7291 3
   7292 3
   7293 3
   7294 3
   7295 3
   7296 3
   7297 3
   7298 3
   7299 3
   7300 3
   7301 3
   7302 3
   7303 3
   7304 3
   7305 3
   7306 3
   7307 3
   7308 3
   7309 3
   7310 3
   7311 3
   7312 3
   7313 3
   7314 3
   7315 3
   7316 3
   7317 3
   7318 3
   7319 3
   7320 3
   7321 3
   7322 3
   7323 3
   7324 3
   7325 3
   7326 3
   7327 3
   7328 3
   7329 3
   7330 3
   7331 3
   7332 3
   7333 3
   7334 3
   7335 3
   7336 3
   7337 3
   7338 3
   7339 3
   7340 3
   7341 3
   7342 3
   7343 3
   7344 3
   7345 3
   7346 3
   7347 3
   7348 3
   7349 3
   7350 3
   7351 3
   7352 3
   7353 3
   7354 3
   7355 3
   7356 3
   7357 3
   7358 3
   7359 3
   7360 3
   7361 3
   7362 3
   7363 3
   7364 3
   7365 3
   7366 3
   7367 3
   7368 3
   7369 3
   7370 3
   7371 3
   7372 3
   7373 3
   7374 3
   7375 3
   7376 3
   7377 3
   7378 3
   7379 3
   7380 3
   7381 3
   7382 3
   7383 3
   7384 3
   7385 3
   7386 3
   7387 3
   7388 3
   7389 3
   7390 3
   7391 3
   7392 3
   7393 3
   7394 3
   7395 3
   7396 3
   7397 3
   7398 3
   7399 3
   7400 3
   7401 3
   7402 3
   7403 3
   7404 3
   7405 3
   7406 3
   7407 3
   7408 3
   7409 3
   7410 3
   7411 3
   7412 3
   7413 3
   7414 3
   7415 3
   7416 3
   7417 3
   7418 3
   7419 3
   7420 3
   7421 3
   7422 3
   7423 3
   7424 3
   7425 3
   7426 3
   7427 3
   7428 3
   7429 3
   7430 3
   7431 3
   7432 3
   7433 3
   7434 3
   7435 3
   7436 3
   7437 3
   7438 3
   7439 3
   7440 3
   7441 3
   7442 3
   7443 3
   7444 3
   7445 3
   7446 3
   7447 3
   7448 3
   7449 3
   7450 3
   7451 3
   7452 3
   7453 3
   7454 3
   7455 3
   7456 3
   7457 3
   7458 3
   7459 3
   7460 3
   7461 3
   7462 3
   7463 3
   7464 3
   7465 3
   7466 3
   7467 3
   7468 3
   7469 3
   7470 3
   7471 3
   7472 3
   7473 3
   7474 3
   7475 3
   7476 3
   7477 3
   7478 3
   7479 3
   7480 3
   7481 3
   7482 3
   7483 3
   7484 3
   7485 3
   7486 3
   7487 3
   7488 3
   7489 3
   7490 3
   7491 3
   7492 3
   7493 3
   7494 3
   7495 3
   7496 3
   7497 3
   7498 3
   7499 3
   7500 3
   7501 3
   7502 3
   7503 3
   7504 3
   7505 3
   7506 3
   7507 3
   7508 3
   7509 3
   7510 3
   7511 3
   7512 3
   7513 3
   7514 3
   7515 3
   7516 3
   7517 3
   7518 3
   7519 3
   7520 3
   7521 3
   7522 3
   7523 3
   7524 3
   7525 3
   7526 3
   7527 3
   7528 3
   7529 3
   7530 3
   7531 3
   7532 3
   7533 3
   7534 3
   7535 3
   7536 3
   7537 3
   7538 3
   7539 3
   7540 3
   7541 3
   7542 3
   7543 3
   7544 3
   7545 3
   7546 3
   7547 3
   7548 3
   7549 3
   7550 3
   7551 3
   7552 3
   7553 3
   7554 3
   7555 3
   7556 3
   7557 3
   7558 3
   7559 3
   7560 3
   7561 3
   7562 3
   7563 3
   7564 3
   7565 3
   7566 3
   7567 3
   7568 3
   7569 3
   7570 3
   7571 3
   7572 3
   7573 3
   7574 3
   7575 3
   7576 3
   7577 3
   7578 3
   7579 3
   7580 3
   7581 3
   7582 3
   7583 3
   7584 3
   7585 3
   7586 3
   7587 3
   7588 3
   7589 3
   7590 3
   7591 3
   7592 3
   7593 3
   7594 3
   7595 3
   7596 3
   7597 3
   7598 3
   7599 3
   7600 3
   7601 3
   7602 3
   7603 3
   7604 3
   7605 3
   7606 3
   7607 3
   7608 3
   7609 3
   7610 3
   7611 3
   7612 3
   7613 3
   7614 3
   7615 3
   7616 3
   7617 3
   7618 3
   7619 3
   7620 3
   7621 3
   7622 3
   7623 3
   7624 3
   7625 3
   7626 3
   7627 3
   7628 3
   7629 3
   7630 3
   7631 3
   7632 3
   7633 3
   7634 3
   7635 3
   7636 3
   7637 3
   7638 3
   7639 3
   7640 3
   7641 3
   7642 3
   7643 3
   7644 3
   7645 3
   7646 3
   7647 3
   7648 3
   7649 3
   7650 3
   7651 3
   7652 3
   7653 3
   7654 3
   7655 3
   7656 3
   7657 3
   7658 3
   7659 3
   7660 3
   7661 3
   7662 3
   7663 3
   7664 3
   7665 3
   7666 3
   7667 3
   7668 3
   7669 3
   7670 3
   7671 3
   7672 3
   7673 3
   7674 3
   7675 3
   7676 3
   7677 3
   7678 3
   7679 3
   7680 3
   7681 3
   7682 3
   7683 3
   7684 3
   7685 3
   7686 3
   7687 3
   7688 3
   7689 3
   7690 3
   7691 3
   7692 3
   7693 3
   7694 3
   7695 3
   7696 3
   7697 3
   7698 3
   7699 3
   7700 3
   7701 3
   7702 3
   7703 3
   7704 3
   7705 3
   7706 3
   7707 3
   7708 3
   7709 3
   7710 3
   7711 3
   7712 3
   7713 3
   7714 3
   7715 3
   7716 3
   7717 3
   7718 3
   7719 3
   7720 3
   7721 3
   7722 3
   7723 3
   7724 3
   7725 3
   7726 3
   7727 3
   7728 3
   7729 3
   7730 3
   7731 3
   7732 3
   7733 3
   7734 3
   7735 3
   7736 3
   7737 3
   7738 3
   7739 3
   7740 3
   7741 3
   7742 3
   7743 3
   7744 3
   7745 3
   7746 3
   7747 3
   7748 3
   7749 3
   7750 3
   7751 3
   7752 3
   7753 3
   7754 3
   7755 3
   7756 3
   7757 3
   7758 3
   7759 3
   7760 3
   7761 3
   7762 3
   7763 3
   7764 3
   7765 3
   7766 3
   7767 3
   7768 3
   7769 3
   7770 3
   7771 3
   7772 3
   7773 3
   7774 3
   7775 3
   7776 3
   7777 3
   7778 3
   7779 3
   7780 3
   7781 3
   7782 3
   7783 3
   7784 3
   7785 3
   7786 3
   7787 3
   7788 3
   7789 3
   7790 3
   7791 3
   7792 3
   7793 3
   7794 3
   7795 3
   7796 3
   7797 3
   7798 3
   7799 3
   7800 3
   7801 3
   7802 3
   7803 3
   7804 3
   7805 3
   7806 3
   7807 3
   7808 3
   7809 3
   7810 3
   7811 3
   7812 3
   7813 3
   7814 3
   7815 3
   7816 3
   7817 3
   7818 3
   7819 3
   7820 3
   7821 3
   7822 3
   7823 3
   7824 3
   7825 3
   7826 3
   7827 3
   7828 3
   7829 3
   7830 3
   7831 3
   7832 3
   7833 3
   7834 3
   7835 3
   7836 3
   7837 3
   7838 3
   7839 3
   7840 3
   7841 3
   7842 3
   7843 3
   7844 3
   7845 3
   7846 3
   7847 3
   7848 3
   7849 3
   7850 3
   7851 3
   7852 3
   7853 3
   7854 3
   7855 3
   7856 3
   7857 3
   7858 3
   7859 3
   7860 3
   7861 3
   7862 3
   7863 3
   7864 3
   7865 3
   7866 3
   7867 3
   7868 3
   7869 3
   7870 3
   7871 3
   7872 3
   7873 3
   7874 3
   7875 3
   7876 3
   7877 3
   7878 3
   7879 3
   7880 3
   7881 3
   7882 3
   7883 3
   7884 3
   7885 3
   7886 3
   7887 3
   7888 3
   7889 3
   7890 3
   7891 3
   7892 3
   7893 3
   7894 3
   7895 3
   7896 3
   7897 3
   7898 3
   7899 3
   7900 3
   7901 3
   7902 3
   7903 3
   7904 3
   7905 3
   7906 3
   7907 3
   7908 3
   7909 3
   7910 3
   7911 3
   7912 3
   7913 3
   7914 3
   7915 3
   7916 3
   7917 3
   7918 3
   7919 3
   7920 3
   7921 3
   7922 3
   7923 3
   7924 3
   7925 3
   7926 3
   7927 3
   7928 3
   7929 3
   7930 3
   7931 3
   7932 3
   7933 3
   7934 3
   7935 3
   7936 3
   7937 3
   7938 3
   7939 3
   7940 3
   7941 3
   7942 3
   7943 3
   7944 3
   7945 3
   7946 3
   7947 3
   7948 3
   7949 3
   7950 3
   7951 3
   7952 3
   7953 3
   7954 3
   7955 3
   7956 3
   7957 3
   7958 3
   7959 3
   7960 3
   7961 3
   7962 3
   7963 3
   7964 3
   7965 3
   7966 3
   7967 3
   7968 3
   7969 3
   7970 3
   7971 3
   7972 3
   7973 3
   7974 3
   7975 3
   7976 3
   7977 3
   7978 3
   7979 3
   7980 3
   7981 3
   7982 3
   7983 3
   7984 3
   7985 3
   7986 3
   7987 3
   7988 3
   7989 3
   7990 3
   7991 3
   7992 3
   7993 3
   7994 3
   7995 3
   7996 3
   7997 3
   7998 3
   7999 3
   8000 3
   8001 3
   8002 3
   8003 3
   8004 3
   8005 3
   8006 3
   8007 3
   8008 3
   8009 3
   8010 3
   8011 3
   8012 3
   8013 3
   8014 3
   8015 3
   8016 3
   8017 3
   8018 3
   8019 3
   8020 3
   8021 3
   8022 3
   8023 3
   8024 3
   8025 3
   8026 3
   8027 3
   8028 3
   8029 3
   8030 3
   8031 3
   8032 3
   8033 3
   8034 3
   8035 3
   8036 3
   8037 3
   8038 3
   8039 3
   8040 3
   8041 3
   8042 3
   8043 3
   8044 3
   8045 3
   8046 3
   8047 3
   8048 3
   8049 3
   8050 3
   8051 3
   8052 3
   8053 3
   8054 3
   8055 3
   8056 3
   8057 3
   8058 3
   8059 3
   8060 3
   8061 3
   8062 3
   8063 3
   8064 3
   8065 3
   8066 3
   8067 3
   8068 3
   8069 3
   8070 3
   8071 3
   8072 3
   8073 3
   8074 3
   8075 3
   8076 3
   8077 3
   8078 3
   8079 3
   8080 3
   8081 3
   8082 3
   8083 3
   8084 3
   8085 3
   8086 3
   8087 3
   8088 3
   8089 3
   8090 3
   8091 3
   8092 3
   8093 3
   8094 3
   8095 3
   8096 3
   8097 3
   8098 3
   8099 3
   8100 3
   8101 3
   8102 3
   8103 3
   8104 3
   8105 3
   8106 3
   8107 3
   8108 3
   8109 3
   8110 3
   8111 3
   8112 3
   8113 3
   8114 3
   8115 3
   8116 3
   8117 3
   8118 3
   8119 3
   8120 3
   8121 3
   8122 3
   8123 3
   8124 3
   8125 3
   8126 3
   8127 3
   8128 3
   8129 3
   8130 3
   8131 3
   8132 3
   8133 3
   8134 3
   8135 3
   8136 3
   8137 3
   8138 3
   8139 3
   8140 3
   8141 3
   8142 3
   8143 3
   8144 3
   8145 3
   8146 3
   8147 3
   8148 3
   8149 3
   8150 3
   8151 3
   8152 3
   8153 3
   8154 3
   8155 3
   8156 3
   8157 3
   8158 3
   8159 3
   8160 3
   8161 3
   8162 3
   8163 3
   8164 3
   8165 3
   8166 3
   8167 3
   8168 3
   8169 3
   8170 3
   8171 3
   8172 3
   8173 3
   8174 3
   8175 3
   8176 3
   8177 3
   8178 3
   8179 3
   8180 3
   8181 3
   8182 3
   8183 3
   8184 3
   8185 3
   8186 3
   8187 3
   8188 3
   8189 3
   8190 3
   8191 3
   8192 3
   8193 3
   8194 3
   8195 3
   8196 3
   8197 3
   8198 3
   8199 3
   8200 3
   8201 3
   8202 3
   8203 3
   8204 3
   8205 3
   8206 3
   8207 3
   8208 3
   8209 3
   8210 3
   8211 3
   8212 3
   8213 3
   8214 3
   8215 3
   8216 3
   8217 3
   8218 3
   8219 3
   8220 3
   8221 3
   8222 3
   8223 3
   8224 3
   8225 3
   8226 3
   8227 3
   8228 3
   8229 3
   8230 3
   8231 3
   8232 3
   8233 3
   8234 3
   8235 3
   8236 3
   8237 3
   8238 3
   8239 3
   8240 3
   8241 3
   8242 3
   8243 3
   8244 3
   8245 3
   8246 3
   8247 3
   8248 3
   8249 3
   8250 3
   8251 3
   8252 3
   8253 3
   8254 3
   8255 3
   8256 3
   8257 3
   8258 3
   8259 3
   8260 3
   8261 3
   8262 3
   8263 3
   8264 3
   8265 3
   8266 3
   8267 3
   8268 3
   8269 3
   8270 3
   8271 3
   8272 3
   8273 3
   8274 3
   8275 3
   8276 3
   8277 3
   8278 3
   8279 3
   8280 3
   8281 3
   8282 3
   8283 3
   8284 3
   8285 3
   8286 3
   8287 3
   8288 3
   8289 3
   8290 3
   8291 3
   8292 3
   8293 3
   8294 3
   8295 3
   8296 3
   8297 3
   8298 3
   8299 3
   8300 3
   8301 3
   8302 3
   8303 3
   8304 3
   8305 3
   8306 3
   8307 3
   8308 3
   8309 3
   8310 3
   8311 3
   8312 3
   8313 3
   8314 3
   8315 3
   8316 3
   8317 3
   8318 3
   8319 3
   8320 3
   8321 3
   8322 3
   8323 3
   8324 3
   8325 3
   8326 3
   8327 3
   8328 3
   8329 3
   8330 3
   8331 3
   8332 3
   8333 3
   8334 3
   8335 3
   8336 3
   8337 3
   8338 3
   8339 3
   8340 3
   8341 3
   8342 3
   8343 3
   8344 3
   8345 3
   8346 3
   8347 3
   8348 3
   8349 3
   8350 3
   8351 3
   8352 3
   8353 3
   8354 3
   8355 3
   8356 3
   8357 3
   8358 3
   8359 3
   8360 3
   8361 3
   8362 3
   8363 3
   8364 3
   8365 3
   8366 3
   8367 3
   8368 3
   8369 3
   8370 3
   8371 3
   8372 3
   8373 3
   8374 3
   8375 3
   8376 3
   8377 3
   8378 3
   8379 3
   8380 3
   8381 3
   8382 3
   8383 3
   8384 3
   8385 3
   8386 3
   8387 3
   8388 3
   8389 3
   8390 3
   8391 3
   8392 3
   8393 3
   8394 3
   8395 3
   8396 3
   8397 3
   8398 3
   8399 3
   8400 3
   8401 3
   8402 3
   8403 3
   8404 3
   8405 3
   8406 3
   8407 3
   8408 3
   8409 3
   8410 3
   8411 3
   8412 3
   8413 3
   8414 3
   8415 3
   8416 3
   8417 3
   8418 3
   8419 3
   8420 3
   8421 3
   8422 3
   8423 3
   8424 3
   8425 3
   8426 3
   8427 3
   8428 3
   8429 3
   8430 3
   8431 3
   8432 3
   8433 3
   8434 3
   8435 3
   8436 3
   8437 3
   8438 3
   8439 3
   8440 3
   8441 3
   8442 3
   8443 3
   8444 3
   8445 3
   8446 3
   8447 3
   8448 3
   8449 3
   8450 3
   8451 3
   8452 3
   8453 3
   8454 3
   8455 3
   8456 3
   8457 3
   8458 3
   8459 3
   8460 3
   8461 3
   8462 3
   8463 3
   8464 3
   8465 3
   8466 3
   8467 3
   8468 3
   8469 3
   8470 3
   8471 3
   8472 3
   8473 3
   8474 3
   8475 3
   8476 3
   8477 3
   8478 3
   8479 3
   8480 3
   8481 3
   8482 3
   8483 3
   8484 3
   8485 3
   8486 3
   8487 3
   8488 3
   8489 3
   8490 3
   8491 3
   8492 3
   8493 3
   8494 3
   8495 3
   8496 3
   8497 3
   8498 3
   8499 3
   8500 3
   8501 3
   8502 3
   8503 3
   8504 3
   8505 3
   8506 3
   8507 3
   8508 3
   8509 3
   8510 3
   8511 3
   8512 3
   8513 3
   8514 3
   8515 3
   8516 3
   8517 3
   8518 3
   8519 3
   8520 3
   8521 3
   8522 3
   8523 3
   8524 3
   8525 3
   8526 3
   8527 3
   8528 3
   8529 3
   8530 3
   8531 3
   8532 3
   8533 3
   8534 3
   8535 3
   8536 3
   8537 3
   8538 3
   8539 3
   8540 3
   8541 3
   8542 3
   8543 3
   8544 3
   8545 3
   8546 3
   8547 3
   8548 3
   8549 3
   8550 3
   8551 3
   8552 3
   8553 3
   8554 3
   8555 3
   8556 3
   8557 3
   8558 3
   8559 3
   8560 3
   8561 3
   8562 3
   8563 3
   8564 3
   8565 3
   8566 3
   8567 3
   8568 3
   8569 3
   8570 3
   8571 3
   8572 3
   8573 3
   8574 3
   8575 3
   8576 3
   8577 3
   8578 3
   8579 3
   8580 3
   8581 3
   8582 3
   8583 3
   8584 3
   8585 3
   8586 3
   8587 3
   8588 3
   8589 3
   8590 3
   8591 3
   8592 3
   8593 3
   8594 3
   8595 3
   8596 3
   8597 3
   8598 3
   8599 3
   8600 3
   8601 3
   8602 3
   8603 3
   8604 3
   8605 3
   8606 3
   8607 3
   8608 3
   8609 3
   8610 3
   8611 3
   8612 3
   8613 3
   8614 3
   8615 3
   8616 3
   8617 3
   8618 3
   8619 3
   8620 3
   8621 3
   8622 3
   8623 3
   8624 3
   8625 3
   8626 3
   8627 3
   8628 3
   8629 3
   8630 3
   8631 3
   8632 3
   8633 3
   8634 3
   8635 3
   8636 3
   8637 3
   8638 3
   8639 3
   8640 3
   8641 3
   8642 3
   8643 3
   8644 3
   8645 3
   8646 3
   8647 3
   8648 3
   8649 3
   8650 3
   8651 3
   8652 3
   8653 3
   8654 3
   8655 3
   8656 3
   8657 3
   8658 3
   8659 3
   8660 3
   8661 3
   8662 3
   8663 3
   8664 3
   8665 3
   8666 3
   8667 3
   8668 3
   8669 3
   8670 3
   8671 3
   8672 3
   8673 3
   8674 3
   8675 3
   8676 3
   8677 3
   8678 3
   8679 3
   8680 3
   8681 3
   8682 3
   8683 3
   8684 3
   8685 3
   8686 3
   8687 3
   8688 3
   8689 3
   8690 3
   8691 3
   8692 3
   8693 3
   8694 3
   8695 3
   8696 3
   8697 3
   8698 3
   8699 3
   8700 3
   8701 3
   8702 3
   8703 3
   8704 3
   8705 3
   8706 3
   8707 3
   8708 3
   8709 3
   8710 3
   8711 3
   8712 3
   8713 3
   8714 3
   8715 3
   8716 3
   8717 3
   8718 3
   8719 3
   8720 3
   8721 3
   8722 3
   8723 3
   8724 3
   8725 3
   8726 3
   8727 3
   8728 3
   8729 3
   8730 3
   8731 3
   8732 3
   8733 3
   8734 3
   8735 3
   8736 3
   8737 3
   8738 3
   8739 3
   8740 3
   8741 3
   8742 3
   8743 3
   8744 3
   8745 3
   8746 3
   8747 3
   8748 3
   8749 3
   8750 3
   8751 3
   8752 3
   8753 3
   8754 3
   8755 3
   8756 3
   8757 3
   8758 3
   8759 3
   8760 3
   8761 3
   8762 3
   8763 3
   8764 3
   8765 3
   8766 3
   8767 3
   8768 3
   8769 3
   8770 3
   8771 3
   8772 3
   8773 3
   8774 3
   8775 3
   8776 3
   8777 3
   8778 3
   8779 3
   8780 3
   8781 3
   8782 3
   8783 3
   8784 3
   8785 3
   8786 3
   8787 3
   8788 3
   8789 3
   8790 3
   8791 3
   8792 3
   8793 3
   8794 3
   8795 3
   8796 3
   8797 3
   8798 3
   8799 3
   8800 3
   8801 3
   8802 3
   8803 3
   8804 3
   8805 3
   8806 3
   8807 3
   8808 3
   8809 3
   8810 3
   8811 3
   8812 3
   8813 3
   8814 3
   8815 3
   8816 3
   8817 3
   8818 3
   8819 3
   8820 3
   8821 3
   8822 3
   8823 3
   8824 3
   8825 3
   8826 3
   8827 3
   8828 3
   8829 3
   8830 3
   8831 3
   8832 3
   8833 3
   8834 3
   8835 3
   8836 3
   8837 3
   8838 3
   8839 3
   8840 3
   8841 3
   8842 3
   8843 3
   8844 3
   8845 3
   8846 3
   8847 3
   8848 3
   8849 3
   8850 3
   8851 3
   8852 3
   8853 3
   8854 3
   8855 3
   8856 3
   8857 3
   8858 3
   8859 3
   8860 3
   8861 3
   8862 3
   8863 3
   8864 3
   8865 3
   8866 3
   8867 3
   8868 3
   8869 3
   8870 3
   8871 3
   8872 3
   8873 3
   8874 3
   8875 3
   8876 3
   8877 3
   8878 3
   8879 3
   8880 3
   8881 3
   8882 3
   8883 3
   8884 3
   8885 3
   8886 3
   8887 3
   8888 3
   8889 3
   8890 3
   8891 3
   8892 3
   8893 3
   8894 3
   8895 3
   8896 3
   8897 3
   8898 3
   8899 3
   8900 3
   8901 3
   8902 3
   8903 3
   8904 3
   8905 3
   8906 3
   8907 3
   8908 3
   8909 3
   8910 3
   8911 3
   8912 3
   8913 3
   8914 3
   8915 3
   8916 3
   8917 3
   8918 3
   8919 3
   8920 3
   8921 3
   8922 3
   8923 3
   8924 3
   8925 3
   8926 3
   8927 3
   8928 3
   8929 3
   8930 3
   8931 3
   8932 3
   8933 3
   8934 3
   8935 3
   8936 3
   8937 3
   8938 3
   8939 3
   8940 3
   8941 3
   8942 3
   8943 3
   8944 3
   8945 3
   8946 3
   8947 3
   8948 3
   8949 3
   8950 3
   8951 3
   8952 3
   8953 3
   8954 3
   8955 3
   8956 3
   8957 3
   8958 3
   8959 3
   8960 3
   8961 3
   8962 3
   8963 3
   8964 3
   8965 3
   8966 3
   8967 3
   8968 3
   8969 3
   8970 3
   8971 3
   8972 3
   8973 3
   8974 3
   8975 3
   8976 3
   8977 3
   8978 3
   8979 3
   8980 3
   8981 3
   8982 3
   8983 3
   8984 3
   8985 3
   8986 3
   8987 3
   8988 3
   8989 3
   8990 3
   8991 3
   8992 3
   8993 3
   8994 3
   8995 3
   8996 3
   8997 3
   8998 3
   8999 3
   9000 3
   9001 3
   9002 3
   9003 3
   9004 3
   9005 3
   9006 3
   9007 3
   9008 3
   9009 3
   9010 3
   9011 3
   9012 3
   9013 3
   9014 3
   9015 3
   9016 3
   9017 3
   9018 3
   9019 3
   9020 3
   9021 3
   9022 3
   9023 3
   9024 3
   9025 3
   9026 3
   9027 3
   9028 3
   9029 3
   9030 3
   9031 3
   9032 3
   9033 3
   9034 3
   9035 3
   9036 3
   9037 3
   9038 3
   9039 3
   9040 3
   9041 3
   9042 3
   9043 3
   9044 3
   9045 3
   9046 3
   9047 3
   9048 3
   9049 3
   9050 3
   9051 3
   9052 3
   9053 3
   9054 3
   9055 3
   9056 3
   9057 3
   9058 3
   9059 3
   9060 3
   9061 3
   9062 3
   9063 3
   9064 3
   9065 3
   9066 3
   9067 3
   9068 3
   9069 3
   9070 3
   9071 3
   9072 3
   9073 3
   9074 3
   9075 3
   9076 3
   9077 3
   9078 3
   9079 3
   9080 3
   9081 3
   9082 3
   9083 3
   9084 3
   9085 3
   9086 3
   9087 3
   9088 3
   9089 3
   9090 3
   9091 3
   9092 3
   9093 3
   9094 3
   9095 3
   9096 3
   9097 3
   9098 3
   9099 3
   9100 3
   9101 3
   9102 3
   9103 3
   9104 3
   9105 3
   9106 3
   9107 3
   9108 3
   9109 3
   9110 3
   9111 3
   9112 3
   9113 3
   9114 3
   9115 3
   9116 3
   9117 3
   9118 3
   9119 3
   9120 3
   9121 3
   9122 3
   9123 3
   9124 3
   9125 3
   9126 3
   9127 3
   9128 3
   9129 3
   9130 3
   9131 3
   9132 3
   9133 3
   9134 3
   9135 3
   9136 3
   9137 3
   9138 3
   9139 3
   9140 3
   9141 3
   9142 3
   9143 3
   9144 3
   9145 3
   9146 3
   9147 3
   9148 3
   9149 3
   9150 3
   9151 3
   9152 3
   9153 3
   9154 3
   9155 3
   9156 3
   9157 3
   9158 3
   9159 3
   9160 3
   9161 3
   9162 3
   9163 3
   9164 3
   9165 3
   9166 3
   9167 3
   9168 3
   9169 3
   9170 3
   9171 3
   9172 3
   9173 3
   9174 3
   9175 3
   9176 3
   9177 3
   9178 3
   9179 3
   9180 3
   9181 3
   9182 3
   9183 3
   9184 3
   9185 3
   9186 3
   9187 3
   9188 3
   9189 3
   9190 3
   9191 3
   9192 3
   9193 3
   9194 3
   9195 3
   9196 3
   9197 3
   9198 3
   9199 3
   9200 3
   9201 3
   9202 3
   9203 3
   9204 3
   9205 3
   9206 3
   9207 3
   9208 3
   9209 3
   9210 3
   9211 3
   9212 3
   9213 3
   9214 3
   9215 3
   9216 3
   9217 3
   9218 3
   9219 3
   9220 3
   9221 3
   9222 3
   9223 3
   9224 3
   9225 3
   9226 3
   9227 3
   9228 3
   9229 3
   9230 3
   9231 3
   9232 3
   9233 3
   9234 3
   9235 3
   9236 3
   9237 3
   9238 3
   9239 3
   9240 3
   9241 3
   9242 3
   9243 3
   9244 3
   9245 3
   9246 3
   9247 3
   9248 3
   9249 3
   9250 3
   9251 3
   9252 3
   9253 3
   9254 3
   9255 3
   9256 3
   9257 3
   9258 3
   9259 3
   9260 3
   9261 3
   9262 3
   9263 3
   9264 3
   9265 3
   9266 3
   9267 3
   9268 3
   9269 3
   9270 3
   9271 3
   9272 3
   9273 3
   9274 3
   9275 3
   9276 3
   9277 3
   9278 3
   9279 3
   9280 3
   9281 3
   9282 3
   9283 3
   9284 3
   9285 3
   9286 3
   9287 3
   9288 3
   9289 3
   9290 3
   9291 3
   9292 3
   9293 3
   9294 3
   9295 3
   9296 3
   9297 3
   9298 3
   9299 3
   9300 3
   9301 3
   9302 3
   9303 3
   9304 3
   9305 3
   9306 3
   9307 3
   9308 3
   9309 3
   9310 3
   9311 3
   9312 3
   9313 3
   9314 3
   9315 3
   9316 3
   9317 3
   9318 3
   9319 3
   9320 3
   9321 3
   9322 3
   9323 3
   9324 3
   9325 3
   9326 3
   9327 3
   9328 3
   9329 3
   9330 3
   9331 3
   9332 3
   9333 3
   9334 3
   9335 3
   9336 3
   9337 3
   9338 3
   9339 3
   9340 3
   9341 3
   9342 3
   9343 3
   9344 3
   9345 3
   9346 3
   9347 3
   9348 3
   9349 3
   9350 3
   9351 3
   9352 3
   9353 3
   9354 3
   9355 3
   9356 3
   9357 3
   9358 3
   9359 3
   9360 3
   9361 3
   9362 3
   9363 3
   9364 3
   9365 3
   9366 3
   9367 3
   9368 3
   9369 3
   9370 3
   9371 3
   9372 3
   9373 3
   9374 3
   9375 3
   9376 3
   9377 3
   9378 3
   9379 3
   9380 3
   9381 3
   9382 3
   9383 3
   9384 3
   9385 3
   9386 3
   9387 3
   9388 3
   9389 3
   9390 3
   9391 3
   9392 3
   9393 3
   9394 3
   9395 3
   9396 3
   9397 3
   9398 3
   9399 3
   9400 3
   9401 3
   9402 3
   9403 3
   9404 3
   9405 3
   9406 3
   9407 3
   9408 3
   9409 3
   9410 3
   9411 3
   9412 3
   9413 3
   9414 3
   9415 3
   9416 3
   9417 3
   9418 3
   9419 3
   9420 3
   9421 3
   9422 3
   9423 3
   9424 3
   9425 3
   9426 3
   9427 3
   9428 3
   9429 3
   9430 3
   9431 3
   9432 3
   9433 3
   9434 3
   9435 3
   9436 3
   9437 3
   9438 3
   9439 3
   9440 3
   9441 3
   9442 3
   9443 3
   9444 3
   9445 3
   9446 3
   9447 3
   9448 3
   9449 3
   9450 3
   9451 3
   9452 3
   9453 3
   9454 3
   9455 3
   9456 3
   9457 3
   9458 3
   9459 3
   9460 3
   9461 3
   9462 3
   9463 3
   9464 3
   9465 3
   9466 3
   9467 3
   9468 3
   9469 3
   9470 3
   9471 3
   9472 3
   9473 3
   9474 3
   9475 3
   9476 3
   9477 3
   9478 3
   9479 3
   9480 3
   9481 3
   9482 3
   9483 3
   9484 3
   9485 3
   9486 3
   9487 3
   9488 3
   9489 3
   9490 3
   9491 3
   9492 3
   9493 3
   9494 3
   9495 3
   9496 3
   9497 3
   9498 3
   9499 3
   9500 3
   9501 3
   9502 3
   9503 3
   9504 3
   9505 3
   9506 3
   9507 3
   9508 3
   9509 3
   9510 3
   9511 3
   9512 3
   9513 3
   9514 3
   9515 3
   9516 3
   9517 3
   9518 3
   9519 3
   9520 3
   9521 3
   9522 3
   9523 3
   9524 3
   9525 3
   9526 3
   9527 3
   9528 3
   9529 3
   9530 3
   9531 3
   9532 3
   9533 3
   9534 3
   9535 3
   9536 3
   9537 3
   9538 3
   9539 3
   9540 3
   9541 3
   9542 3
   9543 3
   9544 3
   9545 3
   9546 3
   9547 3
   9548 3
   9549 3
   9550 3
   9551 3
   9552 3
   9553 3
   9554 3
   9555 3
   9556 3
   9557 3
   9558 3
   9559 3
   9560 3
   9561 3
   9562 3
   9563 3
   9564 3
   9565 3
   9566 3
   9567 3
   9568 3
   9569 3
   9570 3
   9571 3
   9572 3
   9573 3
   9574 3
   9575 3
   9576 3
   9577 3
   9578 3
   9579 3
   9580 3
   9581 3
   9582 3
   9583 3
   9584 3
   9585 3
   9586 3
   9587 3
   9588 3
   9589 3
   9590 3
   9591 3
   9592 3
   9593 3
   9594 3
   9595 3
   9596 3
   9597 3
   9598 3
   9599 3
   9600 3
   9601 3
   9602 3
   9603 3
   9604 3
   9605 3
   9606 3
   9607 3
   9608 3
   9609 3
   9610 3
   9611 3
   9612 3
   9613 3
   9614 3
   9615 3
   9616 3
   9617 3
   9618 3
   9619 3
   9620 3
   9621 3
   9622 3
   9623 3
   9624 3
   9625 3
   9626 3
   9627 3
   9628 3
   9629 3
   9630 3
   9631 3
   9632 3
   9633 3
   9634 3
   9635 3
   9636 3
   9637 3
   9638 3
   9639 3
   9640 3
   9641 3
   9642 3
   9643 3
   9644 3
   9645 3
   9646 3
   9647 3
   9648 3
   9649 3
   9650 3
   9651 3
   9652 3
   9653 3
   9654 3
   9655 3
   9656 3
   9657 3
   9658 3
   9659 3
   9660 3
   9661 3
   9662 3
   9663 3
   9664 3
   9665 3
   9666 3
   9667 3
   9668 3
   9669 3
   9670 3
   9671 3
   9672 3
   9673 3
   9674 3
   9675 3
   9676 3
   9677 3
   9678 3
   9679 3
   9680 3
   9681 3
   9682 3
   9683 3
   9684 3
   9685 3
   9686 3
   9687 3
   9688 3
   9689 3
   9690 3
   9691 3
   9692 3
   9693 3
   9694 3
   9695 3
   9696 3
   9697 3
   9698 3
   9699 3
   9700 3
   9701 3
   9702 3
   9703 3
   9704 3
   9705 3
   9706 3
   9707 3
   9708 3
   9709 3
   9710 3
   9711 3
   9712 3
   9713 3
   9714 3
   9715 3
   9716 3
   9717 3
   9718 3
   9719 3
   9720 3
   9721 3
   9722 3
   9723 3
   9724 3
   9725 3
   9726 3
   9727 3
   9728 3
   9729 3
   9730 3
   9731 3
   9732 3
   9733 3
   9734 3
   9735 3
   9736 3
   9737 3
   9738 3
   9739 3
   9740 3
   9741 3
   9742 3
   9743 3
   9744 3
   9745 3
   9746 3
   9747 3
   9748 3
   9749 3
   9750 3
   9751 3
   9752 3
   9753 3
   9754 3
   9755 3
   9756 3
   9757 3
   9758 3
   9759 3
   9760 3
   9761 3
   9762 3
   9763 3
   9764 3
   9765 3
   9766 3
   9767 3
   9768 3
   9769 3
   9770 3
   9771 3
   9772 3
   9773 3
   9774 3
   9775 3
   9776 3
   9777 3
   9778 3
   9779 3
   9780 3
   9781 3
   9782 3
   9783 3
   9784 3
   9785 3
   9786 3
   9787 3
   9788 3
   9789 3
   9790 3
   9791 3
   9792 3
   9793 3
   9794 3
   9795 3
   9796 3
   9797 3
   9798 3
   9799 3
   9800 3
   9801 3
   9802 3
   9803 3
   9804 3
   9805 3
   9806 3
   9807 3
   9808 3
   9809 3
   9810 3
   9811 3
   9812 3
   9813 3
   9814 3
   9815 3
   9816 3
   9817 3
   9818 3
   9819 3
   9820 3
   9821 3
   9822 3
   9823 3
   9824 3
   9825 3
   9826 3
   9827 3
   9828 3
   9829 3
   9830 3
   9831 3
   9832 3
   9833 3
   9834 3
   9835 3
   9836 3
   9837 3
   9838 3
   9839 3
   9840 3
   9841 3
   9842 3
   9843 3
   9844 3
   9845 3
   9846 3
   9847 3
   9848 3
   9849 3
   9850 3
   9851 3
   9852 3
   9853 3
   9854 3
   9855 3
   9856 3
   9857 3
   9858 3
   9859 3
   9860 3
   9861 3
   9862 3
   9863 3
   9864 3
   9865 3
   9866 3
   9867 3
   9868 3
   9869 3
   9870 3
   9871 3
   9872 3
   9873 3
   9874 3
   9875 3
   9876 3
   9877 3
   9878 3
   9879 3
   9880 3
   9881 3
   9882 3
   9883 3
   9884 3
   9885 3
   9886 3
   9887 3
   9888 3
   9889 3
   9890 3
   9891 3
   9892 3
   9893 3
   9894 3
   9895 3
   9896 3
   9897 3
   9898 3
   9899 3
   9900 3
   9901 3
   9902 3
   9903 3
   9904 3
   9905 3
   9906 3
   9907 3
   9908 3
   9909 3
   9910 3
   9911 3
   9912 3
   9913 3
   9914 3
   9915 3
   9916 3
   9917 3
   9918 3
   9919 3
   9920 3
   9921 3
   9922 3
   9923 3
   9924 3
   9925 3
   9926 3
   9927 3
   9928 3
   9929 3
   9930 3
   9931 3
   9932 3
   9933 3
   9934 3
   9935 3
   9936 3
   9937 3
   9938 3
   9939 3
   9940 3
   9941 3
   9942 3
   9943 3
   9944 3
   9945 3
   9946 3
   9947 3
   9948 3
   9949 3
   9950 3
   9951 3
   9952 3
   9953 3
   9954 3
   9955 3
   9956 3
   9957 3
   9958 3
   9959 3
   9960 3
   9961 3
   9962 3
   9963 3
   9964 3
   9965 3
   9966 3
   9967 3
   9968 3
   9969 3
   9970 3
   9971 3
   9972 3
   9973 3
   9974 3
   9975 3
   9976 3
   9977 3
   9978 3
   9979 3
   9980 3
   9981 3
   9982 3
   9983 3
   9984 3
   9985 3
   9986 3
   9987 3
   9988 3
   9989 3
   9990 3
   9991 3
   9992 3
   9993 3
   9994 3
   9995 3
   9996 3
   9997 3
   9998 3
   9999 3
   10000 3
   10001 3
   10002 3
   10003 3
   10004 3
   10005 3
   10006 3
   10007 3
   10008 3
   10009 3
   10010 3
   10011 3
   10012 3
   10013 3
   10014 3
   10015 3
   10016 3
   10017 3
   10018 3
   10019 3
   10020 3
   10021 3
   10022 3
   10023 3
   10024 3
   10025 3
   10026 3
   10027 3
   10028 3
   10029 3
   10030 3
   10031 3
   10032 3
   10033 3
   10034 3
   10035 3
   10036 3
   10037 3
   10038 3
   10039 3
   10040 3
   10041 3
   10042 3
   10043 3
   10044 3
   10045 3
   10046 3
   10047 3
   10048 3
   10049 3
   10050 3
   10051 3
   10052 3
   10053 3
   10054 3
   10055 3
   10056 3
   10057 3
   10058 3
   10059 3
   10060 3
   10061 3
   10062 3
   10063 3
   10064 3
   10065 3
   10066 3
   10067 3
   10068 3
   10069 3
   10070 3
   10071 3
   10072 3
   10073 3
   10074 3
   10075 3
   10076 3
   10077 3
   10078 3
   10079 3
   10080 3
   10081 3
   10082 3
   10083 3
   10084 3
   10085 3
   10086 3
   10087 3
   10088 3
   10089 3
   10090 3
   10091 3
   10092 3
   10093 3
   10094 3
   10095 3
   10096 3
   10097 3
   10098 3
   10099 3
   10100 3
   10101 3
   10102 3
   10103 3
   10104 3
   10105 3
   10106 3
   10107 3
   10108 3
   10109 3
   10110 3
   10111 3
   10112 3
   10113 3
   10114 3
   10115 3
   10116 3
   10117 3
   10118 3
   10119 3
  END_NODES_PER_ELEMENT
  ELEMENTS
  1 2734 2649 2650  
  2 2650 2649 2582  
  3 2734 2650 2735  
  4 2582 2649 2579  
  5 2582 2579 2501  
  6 2501 2579 2495  
  7 2501 2495 2421  
  8 2582 2501 2506  
  9 2421 2495 2420  
  10 2421 2420 2346  
  11 2501 2421 2407  
  12 2346 2420 2337  
  13 2346 2337 2275  
  14 2275 2337 2261  
  15 2275 2261 2190  
  16 2346 2275 2282  
  17 2190 2261 2181  
  18 2190 2181 2115  
  19 2275 2190 2201  
  20 2115 2181 2100  
  21 2115 2100 2035  
  22 2190 2115 2132  
  23 2035 2100 2022  
  24 2035 2022 1955  
  25 2115 2035 2050  
  26 1955 2022 1940  
  27 1955 1940 1885  
  28 2035 1955 1973  
  29 1885 1940 1864  
  30 1885 1864 1803  
  31 1955 1885 1902  
  32 1803 1864 1784  
  33 1803 1784 1724  
  34 1885 1803 1821  
  35 1724 1784 1696  
  36 1724 1696 1644  
  37 1803 1724 1751  
  38 1644 1696 1624  
  39 1644 1624 1565  
  40 1724 1644 1669  
  41 1565 1624 1541  
  42 1565 1541 1488  
  43 1644 1565 1597  
  44 1488 1541 1464  
  45 1488 1464 1420  
  46 1565 1488 1523  
  47 1420 1464 1388  
  48 1420 1388 1342  
  49 1488 1420 1449  
  50 1342 1388 1313  
  51 1342 1313 1274  
  52 1420 1342 1381  
  53 1274 1313 1242  
  54 1274 1242 1198  
  55 1342 1274 1305  
  56 1198 1242 1170  
  57 1198 1170 1128  
  58 1274 1198 1237  
  59 1128 1170 1099  
  60 1128 1099 1062  
  61 1198 1128 1173  
  62 1062 1099 1027  
  63 1062 1027 995  
  64 1128 1062 1104  
  65 995 1027 965  
  66 995 965 936  
  67 1062 995 1036  
  68 936 965 898  
  69 936 898 874  
  70 995 936 977  
  71 874 898 837  
  72 874 837 815  
  73 936 874 913  
  74 815 837 777  
  75 815 777 757  
  76 874 815 854  
  77 757 777 717  
  78 757 717 701  
  79 815 757 799  
  80 701 717 662  
  81 701 662 648  
  82 757 701 747  
  83 648 662 611  
  84 648 611 596  
  85 701 648 691  
  86 596 611 567  
  87 596 567 554  
  88 648 596 643  
  89 554 567 517  
  90 554 517 509  
  91 596 554 593  
  92 509 517 475  
  93 509 475 470  
  94 554 509 553  
  95 470 475 434  
  96 470 434 433  
  97 509 470 513  
  98 433 434 396  
  99 433 396 400  
  100 470 433 478  
  101 400 396 361  
  102 400 361 365  
  103 433 400 440  
  104 365 361 331  
  105 365 331 335  
  106 400 365 407  
  107 335 331 300  
  108 335 300 311  
  109 365 335 380  
  110 311 300 277  
  111 311 277 283  
  112 335 311 346  
  113 283 277 253  
  114 283 253 265  
  115 311 283 326  
  116 265 253 233  
  117 265 233 249  
  118 283 265 305  
  119 249 233 216  
  120 249 216 231  
  121 265 249 282  
  122 231 216 204  
  123 231 204 220  
  124 249 231 266  
  125 220 204 194  
  126 220 194 212  
  127 231 220 254  
  128 212 194 187  
  129 212 187 205  
  130 220 212 243  
  131 205 187 181  
  132 205 181 202  
  133 212 205 235  
  134 202 181 175  
  135 202 175 196  
  136 205 202 227  
  137 196 175 174  
  138 196 174 197  
  139 202 196 224  
  140 197 174 177  
  141 197 177 203  
  142 196 197 223  
  143 203 177 184  
  144 203 184 207  
  145 197 203 225  
  146 207 184 190  
  147 207 190 214  
  148 203 207 229  
  149 214 190 195  
  150 214 195 221  
  151 207 214 240  
  152 221 195 206  
  153 221 206 237  
  154 214 221 245  
  155 237 206 218  
  156 237 218 252  
  157 221 237 257  
  158 252 218 236  
  159 252 236 270  
  160 237 252 271  
  161 270 236 255  
  162 270 255 292  
  163 252 270 285  
  164 292 255 278  
  165 292 278 316  
  166 270 292 310  
  167 316 278 306  
  168 316 306 341  
  169 292 316 333  
  170 341 306 334  
  171 341 334 376  
  172 316 341 357  
  173 376 334 364  
  174 376 364 405  
  175 341 376 386  
  176 405 364 401  
  177 405 401 444  
  178 376 405 415  
  179 444 401 438  
  180 444 438 481  
  181 405 444 447  
  182 481 438 479  
  183 481 479 525  
  184 444 481 485  
  185 525 479 523  
  186 525 523 569  
  187 481 525 529  
  188 569 523 574  
  189 569 574 609  
  190 525 569 568  
  191 609 574 616  
  192 609 616 659  
  193 569 609 601  
  194 659 616 669  
  195 659 669 713  
  196 609 659 651  
  197 713 669 725  
  198 713 725 770  
  199 659 713 705  
  200 770 725 780  
  201 770 780 830  
  202 713 770 759  
  203 830 780 843  
  204 830 843 887  
  205 770 830 813  
  206 887 843 901  
  207 887 901 950  
  208 830 887 868  
  209 950 901 968  
  210 950 968 1012  
  211 887 950 931  
  212 1012 968 1033  
  213 1012 1033 1080  
  214 950 1012 990  
  215 1080 1033 1105  
  216 1080 1105 1148  
  217 1012 1080 1053  
  218 1148 1105 1176  
  219 1148 1176 1218  
  220 1080 1148 1118  
  221 1218 1176 1244  
  222 1218 1244 1288  
  223 1148 1218 1188  
  224 1288 1244 1315  
  225 1288 1315 1354  
  226 1218 1288 1251  
  227 1354 1315 1398  
  228 1354 1398 1432  
  229 1288 1354 1317  
  230 1432 1398 1468  
  231 1432 1468 1507  
  232 1354 1432 1395  
  233 1507 1468 1547  
  234 1507 1547 1582  
  235 1432 1507 1465  
  236 1582 1547 1627  
  237 1582 1627 1655  
  238 1507 1582 1540  
  239 1655 1627 1699  
  240 1655 1699 1739  
  241 1582 1655 1616  
  242 1739 1699 1789  
  243 1739 1789 1813  
  244 1655 1739 1685  
  245 1813 1789 1872  
  246 1813 1872 1896  
  247 1739 1813 1768  
  248 1896 1872 1948  
  249 1896 1948 1971  
  250 1813 1896 1835  
  251 1971 1948 2030  
  252 1971 2030 2051  
  253 1896 1971 1917  
  254 2051 2030 2110  
  255 2051 2110 2135  
  256 1971 2051 1995  
  257 2135 2110 2187  
  258 2135 2187 2210  
  259 2051 2135 2072  
  260 2210 2187 2272  
  261 2210 2272 2286  
  262 2135 2210 2146  
  263 2286 2272 2347  
  264 2286 2347 2367  
  265 2210 2286 2222  
  266 2367 2347 2425  
  267 2367 2425 2446  
  268 2286 2367 2297  
  269 2446 2425 2503  
  270 2446 2503 2516  
  271 2367 2446 2377  
  272 2516 2503 2587  
  273 2516 2587 2596  
  274 2446 2516 2448  
  275 2596 2587 2659  
  276 2596 2659 2674  
  277 2516 2596 2525  
  278 2674 2659 2742  
  279 2674 2742 2751  
  280 2596 2674 2598  
  281 2751 2742 2811  
  282 2751 2811 2817  
  283 2674 2751 2673  
  284 2817 2811 2888  
  285 2817 2888 2891  
  286 2751 2817 2745  
  287 2891 2888 2958  
  288 2891 2958 2959  
  289 2817 2891 2809  
  290 2959 2958 3031  
  291 2959 3031 3028  
  292 2891 2959 2882  
  293 3028 3031 3105  
  294 3028 3105 3102  
  295 2959 3028 2947  
  296 3102 3105 3170  
  297 3102 3170 3165  
  298 3028 3102 3019  
  299 3165 3170 3239  
  300 3165 3239 3231  
  301 3102 3165 3085  
  302 3231 3239 3306  
  303 3231 3306 3293  
  304 3165 3231 3143  
  305 3293 3306 3375  
  306 3293 3375 3365  
  307 3231 3293 3213  
  308 3365 3375 3430  
  309 3365 3430 3422  
  310 3293 3365 3275  
  311 3422 3430 3494  
  312 3422 3494 3477  
  313 3365 3422 3340  
  314 3477 3494 3554  
  315 3477 3554 3537  
  316 3422 3477 3395  
  317 3537 3554 3605  
  318 3537 3605 3588  
  319 3477 3537 3453  
  320 3588 3605 3662  
  321 3588 3662 3642  
  322 3537 3588 3511  
  323 3642 3662 3712  
  324 3642 3712 3687  
  325 3588 3642 3557  
  326 3687 3712 3763  
  327 3687 3763 3736  
  328 3642 3687 3611  
  329 3736 3763 3811  
  330 3736 3811 3783  
  331 3687 3736 3661  
  332 3783 3811 3858  
  333 3783 3858 3836  
  334 3736 3783 3707  
  335 3836 3858 3898  
  336 3836 3898 3873  
  337 3783 3836 3753  
  338 3873 3898 3946  
  339 3873 3946 3912  
  340 3836 3873 3796  
  341 3912 3946 3984  
  342 3912 3984 3955  
  343 3873 3912 3841  
  344 3955 3984 4023  
  345 3955 4023 3991  
  346 3912 3955 3876  
  347 3991 4023 4056  
  348 3991 4056 4028  
  349 3955 3991 3913  
  350 4028 4056 4096  
  351 4028 4096 4061  
  352 3991 4028 3954  
  353 4061 4096 4127  
  354 4061 4127 4095  
  355 4028 4061 3988  
  356 4095 4127 4159  
  357 4095 4159 4123  
  358 4061 4095 4019  
  359 4123 4159 4187  
  360 4123 4187 4155  
  361 4095 4123 4047  
  362 4155 4187 4219  
  363 4155 4219 4180  
  364 4123 4155 4081  
  365 4180 4219 4247  
  366 4180 4247 4204  
  367 4155 4180 4111  
  368 4204 4247 4265  
  369 4204 4265 4229  
  370 4180 4204 4137  
  371 4229 4265 4290  
  372 4229 4290 4255  
  373 4204 4229 4162  
  374 4255 4290 4309  
  375 4255 4309 4271  
  376 4229 4255 4182  
  377 4271 4309 4324  
  378 4271 4324 4292  
  379 4255 4271 4203  
  380 4292 4324 4343  
  381 4292 4343 4306  
  382 4271 4292 4225  
  383 4306 4343 4363  
  384 4306 4363 4321  
  385 4292 4306 4248  
  386 4321 4363 4375  
  387 4321 4375 4335  
  388 4306 4321 4259  
  389 4335 4375 4387  
  390 4335 4387 4348  
  391 4321 4335 4274  
  392 4348 4387 4398  
  393 4348 4398 4359  
  394 4335 4348 4287  
  395 4359 4398 4411  
  396 4359 4411 4373  
  397 4348 4359 4303  
  398 4373 4411 4418  
  399 4373 4418 4377  
  400 4359 4373 4312  
  401 4377 4418 4423  
  402 4377 4423 4381  
  403 4373 4377 4320  
  404 4381 4423 4428  
  405 4381 4428 4389  
  406 4377 4381 4326  
  407 4389 4428 4431  
  408 4389 4431 4393  
  409 4381 4389 4334  
  410 4393 4431 4435  
  411 4393 4435 4396  
  412 4389 4393 4339  
  413 4396 4435 4439  
  414 4396 4439 4401  
  415 4393 4396 4344  
  416 4401 4439 4443  
  417 4401 4443 4403  
  418 4396 4401 4347  
  419 4403 4443 4444  
  420 4403 4444 4402  
  421 4401 4403 4350  
  422 4402 4444 4442  
  423 4402 4442 4400  
  424 4403 4402 4352  
  425 4400 4442 4438  
  426 4400 4438 4394  
  427 4402 4400 4349  
  428 4394 4438 4434  
  429 4394 4434 4391  
  430 4400 4394 4346  
  431 4391 4434 4430  
  432 4391 4430 4388  
  433 4394 4391 4342  
  434 4388 4430 4427  
  435 4388 4427 4380  
  436 4391 4388 4338  
  437 4380 4427 4422  
  438 4380 4422 4376  
  439 4388 4380 4331  
  440 4376 4422 4416  
  441 4376 4416 4371  
  442 4380 4376 4323  
  443 4371 4416 4410  
  444 4371 4410 4356  
  445 4376 4371 4318  
  446 4356 4410 4395  
  447 4356 4395 4345  
  448 4371 4356 4310  
  449 4345 4395 4385  
  450 4345 4385 4330  
  451 4356 4345 4301  
  452 4330 4385 4374  
  453 4330 4374 4317  
  454 4345 4330 4283  
  455 4317 4374 4360  
  456 4317 4360 4304  
  457 4330 4317 4272  
  458 4304 4360 4341  
  459 4304 4341 4284  
  460 4317 4304 4258  
  461 4284 4341 4322  
  462 4284 4322 4267  
  463 4304 4284 4241  
  464 4267 4322 4307  
  465 4267 4307 4250  
  466 4284 4267 4221  
  467 4250 4307 4286  
  468 4250 4286 4224  
  469 4267 4250 4198  
  470 4224 4286 4262  
  471 4224 4262 4197  
  472 4250 4224 4178  
  473 4197 4262 4245  
  474 4197 4245 4173  
  475 4224 4197 4156  
  476 4173 4245 4215  
  477 4173 4215 4151  
  478 4197 4173 4130  
  479 4151 4215 4184  
  480 4151 4184 4117  
  481 4173 4151 4104  
  482 4117 4184 4157  
  483 4117 4157 4086  
  484 4151 4117 4076  
  485 4086 4157 4124  
  486 4086 4124 4049  
  487 4117 4086 4042  
  488 4049 4124 4092  
  489 4049 4092 4018  
  490 4086 4049 4012  
  491 4018 4092 4051  
  492 4018 4051 3983  
  493 4049 4018 3979  
  494 3983 4051 4017  
  495 3983 4017 3951  
  496 4018 3983 3948  
  497 3951 4017 3980  
  498 3951 3980 3907  
  499 3983 3951 3909  
  500 3907 3980 3939  
  501 3907 3939 3866  
  502 3951 3907 3868  
  503 3866 3939 3894  
  504 3866 3894 3830  
  505 3907 3866 3834  
  506 3830 3894 3853  
  507 3830 3853 3776  
  508 3866 3830 3785  
  509 3776 3853 3806  
  510 3776 3806 3725  
  511 3830 3776 3738  
  512 3725 3806 3758  
  513 3725 3758 3679  
  514 3776 3725 3696  
  515 3679 3758 3710  
  516 3679 3710 3628  
  517 3725 3679 3648  
  518 3628 3710 3657  
  519 3628 3657 3576  
  520 3679 3628 3595  
  521 3576 3657 3599  
  522 3576 3599 3520  
  523 3628 3576 3550  
  524 3520 3599 3548  
  525 3520 3548 3464  
  526 3576 3520 3501  
  527 3464 3548 3487  
  528 3464 3487 3406  
  529 3520 3464 3436  
  530 3406 3487 3426  
  531 3406 3426 3347  
  532 3464 3406 3384  
  533 3347 3426 3371  
  534 3347 3371 3281  
  535 3406 3347 3326  
  536 3281 3371 3297  
  537 3281 3297 3215  
  538 3347 3281 3258  
  539 3215 3297 3233  
  540 3215 3233 3147  
  541 3281 3215 3199  
  542 3147 3233 3166  
  543 3147 3166 3083  
  544 3215 3147 3129  
  545 3083 3166 3097  
  546 3083 3097 3012  
  547 3147 3083 3071  
  548 3012 3097 3023  
  549 3012 3023 2942  
  550 3083 3012 2990  
  551 2942 3023 2951  
  552 2942 2951 2876  
  553 3012 2942 2940  
  554 2876 2951 2881  
  555 2876 2881 2794  
  556 2942 2876 2865  
  557 2794 2881 2804  
  558 2794 2804 2735  
  559 2794 2735 2733  
  560 2876 2794 2791  
  561 2735 2804 2734  
  562 2733 2735 2651  
  563 2794 2733 2791  
  564 2791 2733 2726  
  565 2726 2733 2646  
  566 2791 2726 2799  
  567 2421 2346 2359  
  568 2646 2733 2651  
  569 2646 2651 2578  
  570 2578 2651 2595  
  571 2646 2578 2580  
  572 2726 2646 2640  
  573 2799 2726 2737  
  574 2791 2799 2865  
  575 2865 2799 2880  
  576 2791 2865 2876  
  577 2880 2799 2800  
  578 2865 2880 2940  
  579 2940 2880 2990  
  580 2865 2940 2942  
  581 2940 2990 3012  
  582 2800 2799 2737  
  583 2800 2737 2739  
  584 2739 2737 2654  
  585 2800 2739 2816  
  586 2880 2800 2885  
  587 2651 2735 2650  
  588 2651 2650 2595  
  589 2595 2650 2582  
  590 2595 2582 2506  
  591 2595 2506 2578  
  592 2132 2115 2050  
  593 2132 2050 2071  
  594 2071 2050 1990  
  595 2132 2071 2129  
  596 990 1012 1053  
  597 990 1053 1029  
  598 1029 1053 1097  
  599 990 1029 976  
  600 4326 4381 4334  
  601 4326 4334 4293  
  602 4293 4334 4285  
  603 4326 4293 4254  
  604 305 265 282  
  605 305 282 314  
  606 314 282 304  
  607 305 314 351  
  608 3275 3365 3340  
  609 3275 3340 3269  
  610 3269 3340 3321  
  611 3275 3269 3177  
  612 3868 3907 3834  
  613 3868 3834 3802  
  614 3802 3834 3750  
  615 3868 3802 3813  
  616 977 936 913  
  617 977 913 953  
  618 953 913 891  
  619 977 953 1018  
  620 2146 2210 2222  
  621 2146 2222 2167  
  622 2167 2222 2244  
  623 2146 2167 2078  
  624 4283 4330 4272  
  625 4283 4272 4236  
  626 4236 4272 4207  
  627 4283 4236 4218  
  628 310 292 333  
  629 310 333 339  
  630 339 333 375  
  631 310 339 338  
  632 4019 4095 4047  
  633 4019 4047 3996  
  634 3996 4047 4013  
  635 4019 3996 3926  
  636 1523 1488 1449  
  637 1523 1449 1478  
  638 1478 1449 1410  
  639 1523 1478 1562  
  640 1540 1582 1616  
  641 1540 1616 1568  
  642 1568 1616 1647  
  643 1540 1568 1481  
  644 4346 4394 4342  
  645 4346 4342 4294  
  646 4294 4342 4291  
  647 4346 4294 4277  
  648 223 197 225  
  649 223 225 256  
  650 256 225 258  
  651 223 256 263  
  652 3707 3783 3753  
  653 3707 3753 3675  
  654 3675 3753 3720  
  655 3707 3675 3600  
  656 3501 3520 3436  
  657 3501 3436 3414  
  658 3414 3436 3359  
  659 3501 3414 3460  
  660 553 509 513  
  661 553 513 559  
  662 559 513 516  
  663 553 559 614  
  664 2745 2817 2809  
  665 2745 2809 2740  
  666 2740 2809 2810  
  667 2745 2740 2636  
  668 4130 4173 4104  
  669 4130 4104 4054  
  670 4054 4104 4031  
  671 4130 4054 4072  
  672 568 569 601  
  673 568 601 602  
  674 602 601 652  
  675 568 602 571  
  676 4225 4292 4248  
  677 4225 4248 4175  
  678 4175 4248 4195  
  679 4225 4175 4138  
  680 1821 1803 1751  
  681 1821 1751 1776  
  682 1776 1751 1688  
  683 1821 1776 1850  
  684 1251 1288 1317  
  685 1251 1317 1290  
  686 1290 1317 1357  
  687 1251 1290 1219  
  688 4347 4401 4350  
  689 4347 4350 4297  
  690 4297 4350 4302  
  691 4347 4297 4295  
  692 243 212 235  
  693 243 235 269  
  694 269 235 260  
  695 243 269 279  
  696 3511 3588 3557  
  697 3511 3557 3479  
  698 3479 3557 3540  
  699 3511 3479 3423  
  700 3696 3725 3648  
  701 3696 3648 3618  
  702 3618 3648 3562  
  703 3696 3618 3672  
  704 747 701 691  
  705 747 691 740  
  706 740 691 684  
  707 747 740 794  
  708 2448 2516 2525  
  709 2448 2525 2451  
  710 2451 2525 2533  
  711 2448 2451 2380  
  712 4221 4267 4198  
  713 4221 4198 4154  
  714 4154 4198 4131  
  715 4221 4154 4174  
  716 415 405 447  
  717 415 447 462  
  718 462 447 494  
  719 415 462 421  
  720 4137 4204 4162  
  721 4137 4162 4089  
  722 4089 4162 4118  
  723 4137 4089 4065  
  724 1237 1198 1173  
  725 1237 1173 1207  
  726 1207 1173 1132  
  727 1237 1207 1280  
  728 1835 1896 1917  
  729 1835 1917 1868  
  730 1868 1917 1946  
  731 1835 1868 1787  
  732 4323 4376 4318  
  733 4323 4318 4270  
  734 4270 4318 4260  
  735 4323 4270 4275  
  736 245 221 257  
  737 245 257 280  
  738 280 257 294  
  739 245 280 268  
  740 3876 3955 3913  
  741 3876 3913 3843  
  742 3843 3913 3884  
  743 3876 3843 3799  
  744 3258 3281 3199  
  745 3258 3199 3183  
  746 3183 3199 3111  
  747 3258 3183 3249  
  748 407 365 380  
  749 407 380 418  
  750 418 380 389  
  751 407 418 452  
  752 3019 3102 3085  
  753 3019 3085 3002  
  754 3002 3085 3077  
  755 3019 3002 2935  
  756 4012 4049 3979  
  757 4012 3979 3936  
  758 3936 3979 3903  
  759 4012 3936 3975  
  760 759 770 813  
  761 759 813 802  
  762 802 813 860  
  763 759 802 744  
  764 4287 4348 4303  
  765 4287 4303 4238  
  766 4238 4303 4257  
  767 4287 4238 4227  
  768 1973 1955 1902  
  769 1973 1902 1920  
  770 1920 1902 1850  
  771 1920 1850 1873  
  772 1850 1902 1821  
  773 1873 1850 1791  
  774 1920 1873 1949  
  775 1821 1902 1885  
  776 1973 1920 1990  
  777 1990 1920 1949  
  778 1990 2032 2071  
  779 1973 1990 2050  
  780 1973 2050 2035  
  781 1791 1850 1776  
  782 1791 1776 1707  
  783 1707 1776 1688  
  784 1707 1688 1641  
  785 1791 1707 1741  
  786 1641 1688 1630  
  787 1707 1641 1658  
  788 1741 1707 1658  
  789 1741 1658 1689  
  790 1791 1741 1819  
  791 1689 1658 1617  
  792 1741 1689 1779  
  793 1873 1791 1819  
  794 1873 1819 1898  
  795 1898 1819 1836  
  796 1873 1898 1949  
  797 1949 1898 1978  
  798 1978 1898 1926  
  799 1949 1978 2032  
  800 1836 1819 1779  
  801 1836 1779 1797  
  802 1797 1779 1716  
  803 1836 1797 1879  
  804 1779 1819 1741  
  805 1898 1836 1926  
  806 1797 1716 1736  
  807 1836 1879 1926  
  808 1926 1879 1953  
  809 1953 1879 1903  
  810 1926 1953 2008  
  811 1716 1779 1689  
  812 1716 1689 1640  
  813 1640 1689 1617  
  814 1640 1617 1561  
  815 1716 1640 1668  
  816 1561 1617 1538  
  817 1640 1561 1595  
  818 1668 1640 1595  
  819 1668 1595 1628  
  820 1628 1595 1548  
  821 1668 1628 1700  
  822 1716 1668 1736  
  823 1736 1668 1700  
  824 1736 1700 1775  
  825 1775 1700 1752  
  826 1736 1826 1797  
  827 1879 1797 1826  
  828 1630 1688 1669  
  829 1630 1669 1597  
  830 1630 1597 1562  
  831 1630 1562 1641  
  832 1669 1688 1751  
  833 1597 1669 1644  
  834 1562 1597 1523  
  835 1669 1751 1724  
  836 1523 1597 1565  
  837 1658 1641 1583  
  838 1561 1538 1484  
  839 1752 1700 1665  
  840 1538 1617 1583  
  841 1538 1583 1509  
  842 1583 1617 1658  
  843 1509 1583 1562  
  844 1538 1509 1459  
  845 1595 1561 1519  
  846 1775 1752 1848  
  847 1903 1879 1826  
  848 1903 1826 1848  
  849 1953 1903 1982  
  850 1926 2008 1978  
  851 1978 2008 2066  
  852 2066 2008 2097  
  853 1978 2066 2032  
  854 1538 1459 1484  
  855 1484 1459 1415  
  856 1415 1459 1376  
  857 1484 1415 1439  
  858 1118 1148 1188  
  859 1118 1188 1158  
  860 1158 1188 1219  
  861 1158 1219 1196  
  862 1219 1188 1251  
  863 1196 1219 1267  
  864 1158 1196 1127  
  865 1251 1188 1218  
  866 1118 1158 1097  
  867 1097 1158 1127  
  868 1097 1057 1029  
  869 1118 1097 1053  
  870 1118 1053 1080  
  871 1267 1219 1290  
  872 1267 1290 1335  
  873 1335 1290 1357  
  874 1335 1357 1408  
  875 1267 1335 1303  
  876 1408 1357 1425  
  877 1335 1408 1377  
  878 1303 1335 1377  
  879 1303 1377 1344  
  880 1267 1303 1230  
  881 1344 1377 1423  
  882 1303 1344 1272  
  883 1196 1267 1230  
  884 1196 1230 1164  
  885 1164 1230 1211  
  886 1196 1164 1127  
  887 1127 1164 1093  
  888 1093 1164 1133  
  889 1127 1093 1057  
  890 1211 1230 1272  
  891 1211 1272 1249  
  892 1249 1272 1316  
  893 1211 1249 1179  
  894 1272 1230 1303  
  895 1164 1211 1133  
  896 1249 1316 1300  
  897 1211 1179 1133  
  898 1133 1179 1113  
  899 1113 1179 1162  
  900 1133 1113 1068  
  901 1316 1272 1344  
  902 1316 1344 1394  
  903 1394 1344 1423  
  904 1394 1423 1467  
  905 1316 1394 1361  
  906 1467 1423 1494  
  907 1394 1467 1436  
  908 1361 1394 1436  
  909 1361 1436 1414  
  910 1414 1436 1482  
  911 1361 1414 1331  
  912 1316 1361 1300  
  913 1300 1361 1331  
  914 1300 1331 1265  
  915 1265 1331 1301  
  916 1300 1225 1249  
  917 1179 1249 1225  
  918 1425 1357 1395  
  919 1425 1395 1465  
  920 1425 1465 1481  
  921 1425 1481 1408  
  922 1395 1357 1317  
  923 1465 1395 1432  
  924 1481 1465 1540  
  925 1395 1317 1354  
  926 1540 1465 1507  
  927 1377 1408 1450  
  928 1265 1301 1221  
  929 1301 1331 1379  
  930 1494 1423 1450  
  931 1494 1450 1529  
  932 1450 1423 1377  
  933 1529 1450 1481  
  934 1494 1529 1572  
  935 1467 1494 1544  
  936 1436 1467 1510  
  937 1162 1179 1225  
  938 1162 1225 1221  
  939 1068 1113 1030  
  940 1494 1572 1544  
  941 1544 1572 1623  
  942 1623 1572 1661  
  943 1544 1623 1590  
  944 1113 1162 1091  
  945 1133 1068 1093  
  946 1093 1068 1023  
  947 1023 1068 1009  
  948 1093 1023 1057  
  949 4339 4393 4344  
  950 4339 4344 4289  
  951 4289 4344 4295  
  952 4289 4295 4233  
  953 4295 4344 4347  
  954 4233 4295 4249  
  955 4289 4233 4230  
  956 4347 4344 4396  
  957 4339 4289 4285  
  958 4285 4289 4230  
  959 4285 4232 4293  
  960 4339 4285 4334  
  961 4339 4334 4389  
  962 4249 4295 4297  
  963 4249 4297 4252  
  964 4252 4297 4302  
  965 4252 4302 4256  
  966 4249 4252 4185  
  967 4256 4302 4311  
  968 4252 4256 4186  
  969 4185 4252 4186  
  970 4185 4186 4126  
  971 4249 4185 4183  
  972 4126 4186 4128  
  973 4185 4126 4125  
  974 4233 4249 4183  
  975 4233 4183 4176  
  976 4176 4183 4119  
  977 4233 4176 4230  
  978 4230 4176 4172  
  979 4172 4176 4114  
  980 4230 4172 4232  
  981 4119 4183 4125  
  982 4119 4125 4057  
  983 4057 4125 4069  
  984 4119 4057 4053  
  985 4125 4183 4185  
  986 4176 4119 4114  
  987 4057 4069 4002  
  988 4119 4053 4114  
  989 4114 4053 4045  
  990 4045 4053 3982  
  991 4114 4045 4113  
  992 4069 4125 4126  
  993 4069 4126 4071  
  994 4071 4126 4128  
  995 4071 4128 4073  
  996 4069 4071 4005  
  997 4073 4128 4141  
  998 4071 4073 4007  
  999 4005 4071 4007  
  1000 4005 4007 3942  
  1001 3942 4007 3949  
  1002 4005 3942 3941  
  1003 4069 4005 4002  
  1004 4002 4005 3941  
  1005 4002 3941 3938  
  1006 3938 3941 3875  
  1007 4002 3994 4057  
  1008 4053 4057 3994  
  1009 4311 4302 4352  
  1010 4311 4352 4349  
  1011 4311 4349 4277  
  1012 4311 4277 4256  
  1013 4352 4302 4350  
  1014 4349 4352 4402  
  1015 4277 4349 4346  
  1016 4352 4350 4403  
  1017 4346 4349 4400  
  1018 4186 4256 4191  
  1019 3938 3875 3897  
  1020 3875 3941 3872  
  1021 4141 4128 4191  
  1022 4141 4191 4202  
  1023 4191 4128 4186  
  1024 4202 4191 4277  
  1025 4141 4202 4149  
  1026 4073 4141 4083  
  1027 4007 4073 4010  
  1028 3982 4053 3994  
  1029 3982 3994 3897  
  1030 4113 4045 4040  
  1031 4149 4202 4211  
  1032 4045 3982 3973  
  1033 4114 4113 4172  
  1034 4172 4113 4171  
  1035 4171 4113 4110  
  1036 4172 4171 4232  
  1037 266 231 254  
  1038 266 254 290  
  1039 290 254 279  
  1040 290 279 317  
  1041 279 254 243  
  1042 317 279 298  
  1043 290 317 330  
  1044 243 254 220  
  1045 266 290 304  
  1046 304 290 330  
  1047 304 343 314  
  1048 266 304 282  
  1049 266 282 249  
  1050 298 279 269  
  1051 298 269 291  
  1052 291 269 260  
  1053 291 260 281  
  1054 298 291 328  
  1055 281 260 251  
  1056 291 281 324  
  1057 328 291 324  
  1058 328 324 360  
  1059 298 328 337  
  1060 360 324 350  
  1061 328 360 371  
  1062 317 298 337  
  1063 317 337 352  
  1064 352 337 383  
  1065 317 352 330  
  1066 330 352 373  
  1067 373 352 398  
  1068 330 373 343  
  1069 383 337 371  
  1070 383 371 411  
  1071 411 371 394  
  1072 383 411 422  
  1073 371 337 328  
  1074 352 383 398  
  1075 411 394 442  
  1076 383 422 398  
  1077 398 422 443  
  1078 443 422 472  
  1079 398 443 412  
  1080 394 371 360  
  1081 394 360 390  
  1082 390 360 350  
  1083 390 350 384  
  1084 394 390 430  
  1085 384 350 340  
  1086 390 384 424  
  1087 430 390 424  
  1088 430 424 466  
  1089 466 424 463  
  1090 430 466 476  
  1091 394 430 442  
  1092 442 430 476  
  1093 442 476 483  
  1094 483 476 520  
  1095 442 455 411  
  1096 422 411 455  
  1097 251 260 227  
  1098 251 227 224  
  1099 251 224 263  
  1100 251 263 281  
  1101 227 260 235  
  1102 224 227 202  
  1103 263 224 223  
  1104 227 235 205  
  1105 223 224 196  
  1106 324 281 315  
  1107 483 520 505  
  1108 520 476 512  
  1109 340 350 315  
  1110 340 315 309  
  1111 315 350 324  
  1112 309 315 263  
  1113 340 309 336  
  1114 384 340 378  
  1115 424 384 417  
  1116 472 422 455  
  1117 472 455 505  
  1118 412 443 465  
  1119 336 309 299  
  1120 443 472 490  
  1121 398 412 373  
  1122 373 412 388  
  1123 388 412 431  
  1124 373 388 343  
  1125 340 336 378  
  1126 378 336 372  
  1127 372 336 327  
  1128 378 372 410  
  1129 3395 3477 3453  
  1130 3395 3453 3377  
  1131 3377 3453 3423  
  1132 3377 3423 3348  
  1133 3423 3453 3511  
  1134 3348 3423 3411  
  1135 3377 3348 3283  
  1136 3511 3453 3537  
  1137 3395 3377 3321  
  1138 3321 3377 3283  
  1139 3321 3228 3269  
  1140 3395 3321 3340  
  1141 3395 3340 3422  
  1142 3411 3423 3479  
  1143 3411 3479 3470  
  1144 3470 3479 3540  
  1145 3470 3540 3525  
  1146 3411 3470 3388  
  1147 3525 3540 3591  
  1148 3470 3525 3437  
  1149 3388 3470 3437  
  1150 3388 3437 3364  
  1151 3411 3388 3331  
  1152 3364 3437 3421  
  1153 3388 3364 3296  
  1154 3348 3411 3331  
  1155 3348 3331 3260  
  1156 3260 3331 3247  
  1157 3348 3260 3283  
  1158 3283 3260 3203  
  1159 3203 3260 3179  
  1160 3283 3203 3228  
  1161 3247 3331 3296  
  1162 3247 3296 3221  
  1163 3221 3296 3287  
  1164 3247 3221 3160  
  1165 3296 3331 3388  
  1166 3260 3247 3179  
  1167 3221 3287 3209  
  1168 3247 3160 3179  
  1169 3179 3160 3094  
  1170 3094 3160 3073  
  1171 3179 3094 3116  
  1172 3287 3296 3364  
  1173 3287 3364 3349  
  1174 3349 3364 3421  
  1175 3349 3421 3403  
  1176 3287 3349 3259  
  1177 3403 3421 3483  
  1178 3349 3403 3322  
  1179 3259 3349 3322  
  1180 3259 3322 3237  
  1181 3237 3322 3300  
  1182 3259 3237 3176  
  1183 3287 3259 3209  
  1184 3209 3259 3176  
  1185 3209 3176 3122  
  1186 3122 3176 3090  
  1187 3209 3130 3221  
  1188 3160 3221 3130  
  1189 3591 3540 3611  
  1190 3591 3611 3661  
  1191 3591 3661 3600  
  1192 3591 3600 3525  
  1193 3611 3540 3557  
  1194 3661 3611 3687  
  1195 3600 3661 3707  
  1196 3611 3557 3642  
  1197 3707 3661 3736  
  1198 3437 3525 3506  
  1199 3122 3090 3048  
  1200 3090 3176 3144  
  1201 3483 3421 3506  
  1202 3483 3506 3560  
  1203 3506 3421 3437  
  1204 3560 3506 3600  
  1205 3483 3560 3545  
  1206 3403 3483 3472  
  1207 3322 3403 3385  
  1208 3073 3160 3130  
  1209 3073 3130 3048  
  1210 3116 3094 3020  
  1211 3545 3560 3621  
  1212 3094 3073 2989  
  1213 3179 3116 3203  
  1214 3203 3116 3139  
  1215 3139 3116 3074  
  1216 3203 3139 3228  
  1217 3483 3545 3472  
  1218 3472 3545 3534  
  1219 3534 3545 3626  
  1220 3472 3534 3451  
  1221 3785 3830 3738  
  1222 3785 3738 3709  
  1223 3709 3738 3672  
  1224 3709 3672 3633  
  1225 3672 3738 3696  
  1226 3633 3672 3589  
  1227 3709 3633 3680  
  1228 3696 3738 3776  
  1229 3785 3709 3750  
  1230 3750 3709 3680  
  1231 3750 3729 3802  
  1232 3785 3750 3834  
  1233 3785 3834 3866  
  1234 3589 3672 3618  
  1235 3589 3618 3541  
  1236 3541 3618 3562  
  1237 3541 3562 3496  
  1238 3589 3541 3510  
  1239 3496 3562 3538  
  1240 3541 3496 3456  
  1241 3510 3541 3456  
  1242 3510 3456 3424  
  1243 3589 3510 3558  
  1244 3424 3456 3376  
  1245 3510 3424 3481  
  1246 3633 3589 3558  
  1247 3633 3558 3603  
  1248 3603 3558 3524  
  1249 3633 3603 3680  
  1250 3680 3603 3655  
  1251 3655 3603 3569  
  1252 3680 3655 3729  
  1253 3524 3558 3481  
  1254 3524 3481 3440  
  1255 3440 3481 3397  
  1256 3524 3440 3505  
  1257 3481 3558 3510  
  1258 3603 3524 3569  
  1259 3440 3397 3361  
  1260 3524 3505 3569  
  1261 3569 3505 3547  
  1262 3547 3505 3458  
  1263 3569 3547 3622  
  1264 3397 3481 3424  
  1265 3397 3424 3343  
  1266 3343 3424 3376  
  1267 3343 3376 3284  
  1268 3397 3343 3315  
  1269 3284 3376 3327  
  1270 3343 3284 3255  
  1271 3315 3343 3255  
  1272 3315 3255 3227  
  1273 3227 3255 3169  
  1274 3315 3227 3285  
  1275 3397 3315 3361  
  1276 3361 3315 3285  
  1277 3361 3285 3337  
  1278 3337 3285 3263  
  1279 3361 3416 3440  
  1280 3505 3440 3416  
  1281 3538 3562 3595  
  1282 3538 3595 3550  
  1283 3538 3550 3460  
  1284 3538 3460 3496  
  1285 3595 3562 3648  
  1286 3550 3595 3628  
  1287 3460 3550 3501  
  1288 3595 3648 3679  
  1289 3501 3550 3576  
  1290 3456 3496 3402  
  1291 3337 3263 3351  
  1292 3263 3285 3204  
  1293 3327 3376 3402  
  1294 3327 3402 3362  
  1295 3402 3376 3456  
  1296 3362 3402 3460  
  1297 3327 3362 3270  
  1298 3284 3327 3236  
  1299 3255 3284 3200  
  1300 3458 3505 3416  
  1301 3458 3416 3351  
  1302 3622 3547 3596  
  1303 3270 3362 3310  
  1304 3547 3458 3514  
  1305 3569 3622 3655  
  1306 3655 3622 3706  
  1307 3706 3622 3677  
  1308 3655 3706 3729  
  1309 3327 3270 3236  
  1310 3236 3270 3189  
  1311 3189 3270 3222  
  1312 3236 3189 3142  
  1313 854 815 799  
  1314 854 799 845  
  1315 845 799 794  
  1316 845 794 833  
  1317 794 799 747  
  1318 833 794 775  
  1319 845 833 890  
  1320 747 799 757  
  1321 854 845 891  
  1322 891 845 890  
  1323 891 955 953  
  1324 854 891 913  
  1325 854 913 874  
  1326 775 794 740  
  1327 775 740 724  
  1328 724 740 684  
  1329 724 684 675  
  1330 775 724 771  
  1331 675 684 638  
  1332 724 675 718  
  1333 771 724 718  
  1334 771 718 767  
  1335 775 771 829  
  1336 767 718 715  
  1337 771 767 823  
  1338 833 775 829  
  1339 833 829 885  
  1340 885 829 872  
  1341 833 885 890  
  1342 890 885 944  
  1343 944 885 934  
  1344 890 944 955  
  1345 872 829 823  
  1346 872 823 866  
  1347 866 823 808  
  1348 872 866 923  
  1349 823 829 771  
  1350 885 872 934  
  1351 866 808 856  
  1352 872 923 934  
  1353 934 923 984  
  1354 984 923 975  
  1355 934 984 992  
  1356 808 823 767  
  1357 808 767 760  
  1358 760 767 715  
  1359 760 715 707  
  1360 808 760 809  
  1361 707 715 660  
  1362 760 707 761  
  1363 809 760 761  
  1364 809 761 812  
  1365 812 761 762  
  1366 809 812 864  
  1367 808 809 856  
  1368 856 809 864  
  1369 856 864 914  
  1370 914 864 918  
  1371 856 917 866  
  1372 923 866 917  
  1373 638 684 643  
  1374 638 643 593  
  1375 638 593 614  
  1376 638 614 675  
  1377 643 684 691  
  1378 593 643 596  
  1379 614 593 553  
  1380 643 691 648  
  1381 553 593 554  
  1382 718 675 668  
  1383 914 918 967  
  1384 918 864 869  
  1385 660 715 668  
  1386 660 668 617  
  1387 668 715 718  
  1388 617 668 614  
  1389 660 617 613  
  1390 707 660 654  
  1391 761 707 709  
  1392 975 923 917  
  1393 975 917 967  
  1394 992 984 1065  
  1395 613 617 575  
  1396 984 975 1034  
  1397 934 992 944  
  1398 944 992 999  
  1399 999 992 1055  
  1400 944 999 955  
  1401 660 613 654  
  1402 654 613 607  
  1403 607 613 552  
  1404 654 607 656  
  1405 2297 2367 2377  
  1406 2297 2377 2305  
  1407 2305 2377 2380  
  1408 2305 2380 2312  
  1409 2380 2377 2448  
  1410 2312 2380 2395  
  1411 2305 2312 2240  
  1412 2448 2377 2446  
  1413 2297 2305 2244  
  1414 2244 2305 2240  
  1415 2244 2160 2167  
  1416 2297 2244 2222  
  1417 2297 2222 2286  
  1418 2395 2380 2451  
  1419 2395 2451 2467  
  1420 2467 2451 2533  
  1421 2467 2533 2545  
  1422 2395 2467 2405  
  1423 2545 2533 2602  
  1424 2467 2545 2476  
  1425 2405 2467 2476  
  1426 2405 2476 2410  
  1427 2395 2405 2323  
  1428 2410 2476 2489  
  1429 2405 2410 2330  
  1430 2312 2395 2323  
  1431 2312 2323 2249  
  1432 2249 2323 2264  
  1433 2312 2249 2240  
  1434 2240 2249 2166  
  1435 2166 2249 2178  
  1436 2240 2166 2160  
  1437 2264 2323 2330  
  1438 2264 2330 2279  
  1439 2279 2330 2360  
  1440 2264 2279 2195  
  1441 2330 2323 2405  
  1442 2249 2264 2178  
  1443 2279 2360 2294  
  1444 2264 2195 2178  
  1445 2178 2195 2116  
  1446 2116 2195 2136  
  1447 2178 2116 2104  
  1448 2360 2330 2410  
  1449 2360 2410 2435  
  1450 2435 2410 2489  
  1451 2435 2489 2507  
  1452 2360 2435 2370  
  1453 2507 2489 2573  
  1454 2435 2507 2447  
  1455 2370 2435 2447  
  1456 2370 2447 2381  
  1457 2381 2447 2457  
  1458 2370 2381 2295  
  1459 2360 2370 2294  
  1460 2294 2370 2295  
  1461 2294 2295 2223  
  1462 2223 2295 2229  
  1463 2294 2206 2279  
  1464 2195 2279 2206  
  1465 2602 2533 2598  
  1466 2602 2598 2673  
  1467 2602 2673 2636  
  1468 2602 2636 2545  
  1469 2598 2533 2525  
  1470 2673 2598 2674  
  1471 2636 2673 2745  
  1472 2598 2525 2596  
  1473 2745 2673 2751  
  1474 2476 2545 2557  
  1475 2223 2229 2153  
  1476 2229 2295 2306  
  1477 2573 2489 2557  
  1478 2573 2557 2635  
  1479 2557 2489 2476  
  1480 2635 2557 2636  
  1481 2573 2635 2652  
  1482 2507 2573 2597  
  1483 2447 2507 2527  
  1484 2136 2195 2206  
  1485 2136 2206 2153  
  1486 2104 2116 2018  
  1487 2652 2635 2723  
  1488 2116 2136 2052  
  1489 2178 2104 2166  
  1490 2166 2104 2089  
  1491 2089 2104 2026  
  1492 2166 2089 2160  
  1493 2573 2652 2597  
  1494 2597 2652 2677  
  1495 2677 2652 2764  
  1496 2597 2677 2614  
  1497 4258 4304 4241  
  1498 4258 4241 4190  
  1499 4190 4241 4174  
  1500 4190 4174 4120  
  1501 4174 4241 4221  
  1502 4120 4174 4112  
  1503 4190 4120 4148  
  1504 4221 4241 4284  
  1505 4258 4190 4207  
  1506 4207 4190 4148  
  1507 4207 4169 4236  
  1508 4258 4207 4272  
  1509 4258 4272 4317  
  1510 4112 4174 4154  
  1511 4112 4154 4087  
  1512 4087 4154 4131  
  1513 4087 4131 4070  
  1514 4112 4087 4038  
  1515 4070 4131 4122  
  1516 4087 4070 4014  
  1517 4038 4087 4014  
  1518 4038 4014 3968  
  1519 4112 4038 4064  
  1520 3968 4014 3944  
  1521 4038 3968 3990  
  1522 4120 4112 4064  
  1523 4120 4064 4077  
  1524 4077 4064 4006  
  1525 4120 4077 4148  
  1526 4148 4077 4100  
  1527 4100 4077 4026  
  1528 4148 4100 4169  
  1529 4006 4064 3990  
  1530 4006 3990 3933  
  1531 3933 3990 3921  
  1532 4006 3933 3961  
  1533 3990 4064 4038  
  1534 4077 4006 4026  
  1535 3933 3921 3864  
  1536 4006 3961 4026  
  1537 4026 3961 3978  
  1538 3978 3961 3905  
  1539 4026 3978 4048  
  1540 3921 3990 3968  
  1541 3921 3968 3891  
  1542 3891 3968 3944  
  1543 3891 3944 3871  
  1544 3921 3891 3845  
  1545 3871 3944 3928  
  1546 3891 3871 3825  
  1547 3845 3891 3825  
  1548 3845 3825 3766  
  1549 3766 3825 3737  
  1550 3845 3766 3795  
  1551 3921 3845 3864  
  1552 3864 3845 3795  
  1553 3864 3795 3819  
  1554 3819 3795 3749  
  1555 3864 3887 3933  
  1556 3961 3933 3887  
  1557 4122 4131 4178  
  1558 4122 4178 4156  
  1559 4122 4156 4072  
  1560 4122 4072 4070  
  1561 4178 4131 4198  
  1562 4156 4178 4224  
  1563 4072 4156 4130  
  1564 4178 4198 4250  
  1565 4130 4156 4197  
  1566 4014 4070 3993  
  1567 3819 3749 3800  
  1568 3749 3795 3716  
  1569 3928 3944 3993  
  1570 3928 3993 3977  
  1571 3993 3944 4014  
  1572 3977 3993 4072  
  1573 3928 3977 3906  
  1574 3871 3928 3854  
  1575 3825 3871 3793  
  1576 3905 3961 3887  
  1577 3905 3887 3800  
  1578 4048 3978 4009  
  1579 3906 3977 3960  
  1580 3978 3905 3931  
  1581 4026 4048 4100  
  1582 4100 4048 4121  
  1583 4121 4048 4078  
  1584 4100 4121 4169  
  1585 3928 3906 3854  
  1586 3854 3906 3838  
  1587 3838 3906 3893  
  1588 3854 3838 3778  
  1589 357 341 386  
  1590 357 386 399  
  1591 399 386 421  
  1592 399 421 441  
  1593 421 386 415  
  1594 441 421 467  
  1595 399 441 409  
  1596 415 386 376  
  1597 357 399 375  
  1598 375 399 409  
  1599 375 381 339  
  1600 357 375 333  
  1601 357 333 316  
  1602 467 421 462  
  1603 467 462 501  
  1604 501 462 494  
  1605 501 494 536  
  1606 467 501 515  
  1607 536 494 521  
  1608 501 536 549  
  1609 515 501 549  
  1610 515 549 563  
  1611 467 515 480  
  1612 563 549 595  
  1613 515 563 530  
  1614 441 467 480  
  1615 441 480 451  
  1616 451 480 497  
  1617 441 451 409  
  1618 409 451 423  
  1619 423 451 468  
  1620 409 423 381  
  1621 497 480 530  
  1622 497 530 545  
  1623 545 530 580  
  1624 497 545 511  
  1625 530 480 515  
  1626 451 497 468  
  1627 545 580 592  
  1628 497 511 468  
  1629 468 511 487  
  1630 487 511 538  
  1631 468 487 439  
  1632 580 530 563  
  1633 580 563 612  
  1634 612 563 595  
  1635 612 595 649  
  1636 580 612 625  
  1637 649 595 635  
  1638 612 649 665  
  1639 625 612 665  
  1640 625 665 681  
  1641 681 665 721  
  1642 625 681 641  
  1643 580 625 592  
  1644 592 625 641  
  1645 592 641 600  
  1646 600 641 653  
  1647 592 565 545  
  1648 511 545 565  
  1649 521 494 485  
  1650 521 485 529  
  1651 521 529 571  
  1652 521 571 536  
  1653 485 494 447  
  1654 529 485 481  
  1655 571 529 568  
  1656 485 447 444  
  1657 568 529 525  
  1658 549 536 587  
  1659 600 653 591  
  1660 653 641 693  
  1661 635 595 587  
  1662 635 587 623  
  1663 587 595 549  
  1664 623 587 571  
  1665 635 623 678  
  1666 649 635 688  
  1667 665 649 706  
  1668 538 511 565  
  1669 538 565 591  
  1670 439 487 448  
  1671 678 623 667  
  1672 487 538 506  
  1673 468 439 423  
  1674 423 439 393  
  1675 393 439 414  
  1676 423 393 381  
  1677 635 678 688  
  1678 688 678 734  
  1679 734 678 727  
  1680 688 734 750  
  1681 4081 4155 4111  
  1682 4081 4111 4036  
  1683 4036 4111 4065  
  1684 4036 4065 3992  
  1685 4065 4111 4137  
  1686 3992 4065 4029  
  1687 4036 3992 3964  
  1688 4137 4111 4180  
  1689 4081 4036 4013  
  1690 4013 4036 3964  
  1691 4013 3935 3996  
  1692 4081 4013 4047  
  1693 4081 4047 4123  
  1694 4029 4065 4089  
  1695 4029 4089 4050  
  1696 4050 4089 4118  
  1697 4050 4118 4085  
  1698 4029 4050 3981  
  1699 4085 4118 4152  
  1700 4050 4085 4008  
  1701 3981 4050 4008  
  1702 3981 4008 3932  
  1703 4029 3981 3957  
  1704 3932 4008 3966  
  1705 3981 3932 3908  
  1706 3992 4029 3957  
  1707 3992 3957 3922  
  1708 3922 3957 3879  
  1709 3992 3922 3964  
  1710 3964 3922 3889  
  1711 3889 3922 3844  
  1712 3964 3889 3935  
  1713 3879 3957 3908  
  1714 3879 3908 3837  
  1715 3837 3908 3870  
  1716 3879 3837 3801  
  1717 3908 3957 3981  
  1718 3922 3879 3844  
  1719 3837 3870 3791  
  1720 3879 3801 3844  
  1721 3844 3801 3767  
  1722 3767 3801 3718  
  1723 3844 3767 3822  
  1724 3870 3908 3932  
  1725 3870 3932 3896  
  1726 3896 3932 3966  
  1727 3896 3966 3927  
  1728 3870 3896 3831  
  1729 3927 3966 4004  
  1730 3896 3927 3848  
  1731 3831 3896 3848  
  1732 3831 3848 3770  
  1733 3770 3848 3803  
  1734 3831 3770 3740  
  1735 3870 3831 3791  
  1736 3791 3831 3740  
  1737 3791 3740 3717  
  1738 3717 3740 3666  
  1739 3791 3755 3837  
  1740 3801 3837 3755  
  1741 4152 4118 4182  
  1742 4152 4182 4203  
  1743 4152 4203 4138  
  1744 4152 4138 4085  
  1745 4182 4118 4162  
  1746 4203 4182 4255  
  1747 4138 4203 4225  
  1748 4182 4162 4229  
  1749 4225 4203 4271  
  1750 4008 4085 4037  
  1751 3717 3666 3665  
  1752 3666 3740 3685  
  1753 4004 3966 4037  
  1754 4004 4037 4074  
  1755 4037 3966 4008  
  1756 4074 4037 4138  
  1757 4004 4074 4035  
  1758 3927 4004 3963  
  1759 3848 3927 3882  
  1760 3718 3801 3755  
  1761 3718 3755 3665  
  1762 3822 3767 3744  
  1763 4035 4074 4107  
  1764 3767 3718 3697  
  1765 3844 3822 3889  
  1766 3889 3822 3862  
  1767 3862 3822 3781  
  1768 3889 3862 3935  
  1769 4004 4035 3963  
  1770 3963 4035 3998  
  1771 3998 4035 4084  
  1772 3963 3998 3919  
  1773 1381 1342 1305  
  1774 1381 1305 1339  
  1775 1339 1305 1280  
  1776 1339 1280 1309  
  1777 1280 1305 1237  
  1778 1309 1280 1236  
  1779 1339 1309 1374  
  1780 1237 1305 1274  
  1781 1381 1339 1410  
  1782 1410 1339 1374  
  1783 1410 1435 1478  
  1784 1381 1410 1449  
  1785 1381 1449 1420  
  1786 1236 1280 1207  
  1787 1236 1207 1172  
  1788 1172 1207 1132  
  1789 1172 1132 1103  
  1790 1236 1172 1209  
  1791 1103 1132 1082  
  1792 1172 1103 1139  
  1793 1209 1172 1139  
  1794 1209 1139 1189  
  1795 1236 1209 1283  
  1796 1189 1139 1115  
  1797 1209 1189 1254  
  1798 1309 1236 1283  
  1799 1309 1283 1376  
  1800 1374 1309 1376  
  1801 1082 1132 1104  
  1802 1082 1104 1036  
  1803 1082 1036 1018  
  1804 1082 1018 1103  
  1805 1104 1132 1173  
  1806 1036 1104 1062  
  1807 1018 1036 977  
  1808 1104 1173 1128  
  1809 977 1036 995  
  1810 1139 1103 1073  
  1811 1685 1739 1768  
  1812 1685 1768 1714  
  1813 1714 1768 1787  
  1814 1714 1787 1740  
  1815 1787 1768 1835  
  1816 1740 1787 1818  
  1817 1714 1740 1672  
  1818 1835 1768 1813  
  1819 1685 1714 1647  
  1820 1647 1714 1672  
  1821 1647 1603 1568  
  1822 1685 1647 1616  
  1823 1685 1616 1655  
  1824 1818 1787 1868  
  1825 1818 1868 1900  
  1826 1900 1868 1946  
  1827 1900 1946 1974  
  1828 1818 1900 1841  
  1829 1974 1946 2014  
  1830 1900 1974 1925  
  1831 1841 1900 1925  
  1832 1841 1925 1875  
  1833 1818 1841 1771  
  1834 1875 1925 1951  
  1835 1841 1875 1792  
  1836 1740 1818 1771  
  1837 1740 1771 1661  
  1838 1672 1740 1661  
  1839 2014 1946 1995  
  1840 2014 1995 2072  
  1841 2014 2072 2078  
  1842 2014 2078 1974  
  1843 1995 1946 1917  
  1844 2072 1995 2051  
  1845 2078 2072 2146  
  1846 1995 1917 1971  
  1847 2146 2072 2135  
  1848 1925 1974 2007  
  1849 4338 4388 4331  
  1850 4338 4331 4280  
  1851 4280 4331 4275  
  1852 4280 4275 4223  
  1853 4275 4331 4323  
  1854 4223 4275 4222  
  1855 4280 4223 4234  
  1856 4323 4331 4380  
  1857 4338 4280 4291  
  1858 4291 4280 4234  
  1859 4291 4234 4211  
  1860 4211 4234 4170  
  1861 4338 4291 4342  
  1862 4170 4234 4223  
  1863 4211 4170 4149  
  1864 4338 4342 4391  
  1865 4222 4275 4270  
  1866 4222 4270 4212  
  1867 4212 4270 4260  
  1868 4212 4260 4201  
  1869 4222 4212 4158  
  1870 4201 4260 4261  
  1871 4212 4201 4150  
  1872 4158 4212 4150  
  1873 4158 4150 4088  
  1874 4222 4158 4168  
  1875 4088 4150 4080  
  1876 4158 4088 4103  
  1877 4223 4222 4168  
  1878 4223 4168 4170  
  1879 4261 4260 4310  
  1880 4261 4310 4301  
  1881 4261 4301 4218  
  1882 4261 4218 4201  
  1883 4310 4260 4318  
  1884 4301 4310 4356  
  1885 4218 4301 4283  
  1886 4310 4318 4371  
  1887 4283 4301 4345  
  1888 4150 4201 4143  
  1889 229 207 240  
  1890 229 240 262  
  1891 262 240 268  
  1892 262 268 297  
  1893 268 240 245  
  1894 297 268 308  
  1895 262 297 286  
  1896 245 240 214  
  1897 229 262 258  
  1898 258 262 286  
  1899 258 286 299  
  1900 299 286 327  
  1901 229 258 225  
  1902 299 327 336  
  1903 229 225 203  
  1904 308 268 280  
  1905 308 280 318  
  1906 318 280 294  
  1907 318 294 329  
  1908 308 318 342  
  1909 329 294 301  
  1910 318 329 358  
  1911 342 318 358  
  1912 342 358 387  
  1913 308 342 332  
  1914 387 358 402  
  1915 342 387 374  
  1916 297 308 332  
  1917 297 332 327  
  1918 286 297 327  
  1919 301 294 271  
  1920 301 271 285  
  1921 301 285 338  
  1922 301 338 329  
  1923 271 294 257  
  1924 285 271 252  
  1925 338 285 310  
  1926 271 257 237  
  1927 310 285 270  
  1928 358 329 377  
  1929 3796 3873 3841  
  1930 3796 3841 3761  
  1931 3761 3841 3799  
  1932 3761 3799 3721  
  1933 3799 3841 3876  
  1934 3721 3799 3774  
  1935 3761 3721 3690  
  1936 3876 3841 3912  
  1937 3796 3761 3720  
  1938 3720 3761 3690  
  1939 3720 3690 3621  
  1940 3621 3690 3626  
  1941 3796 3720 3753  
  1942 3621 3626 3545  
  1943 3796 3753 3836  
  1944 3774 3799 3843  
  1945 3774 3843 3821  
  1946 3821 3843 3884  
  1947 3821 3884 3859  
  1948 3774 3821 3731  
  1949 3859 3884 3925  
  1950 3821 3859 3780  
  1951 3731 3821 3780  
  1952 3731 3780 3700  
  1953 3774 3731 3693  
  1954 3700 3780 3739  
  1955 3731 3700 3656  
  1956 3721 3774 3693  
  1957 3721 3693 3626  
  1958 3690 3721 3626  
  1959 3925 3884 3954  
  1960 3925 3954 3988  
  1961 3925 3988 3926  
  1962 3925 3926 3859  
  1963 3954 3884 3913  
  1964 3988 3954 4028  
  1965 3926 3988 4019  
  1966 3954 3913 3991  
  1967 4019 3988 4061  
  1968 3780 3859 3828  
  1969 3384 3406 3326  
  1970 3384 3326 3298  
  1971 3298 3326 3249  
  1972 3298 3249 3220  
  1973 3249 3326 3258  
  1974 3220 3249 3162  
  1975 3298 3220 3279  
  1976 3258 3326 3347  
  1977 3384 3298 3359  
  1978 3359 3298 3279  
  1979 3359 3279 3310  
  1980 3310 3279 3222  
  1981 3384 3359 3436  
  1982 3310 3222 3270  
  1983 3384 3436 3464  
  1984 3162 3249 3183  
  1985 3162 3183 3099  
  1986 3099 3183 3111  
  1987 3099 3111 3030  
  1988 3162 3099 3080  
  1989 3030 3111 3057  
  1990 3099 3030 3016  
  1991 3080 3099 3016  
  1992 3080 3016 2994  
  1993 3162 3080 3145  
  1994 2994 3016 2932  
  1995 3080 2994 3072  
  1996 3220 3162 3145  
  1997 3220 3145 3222  
  1998 3279 3220 3222  
  1999 3057 3111 3129  
  2000 3057 3129 3071  
  2001 3057 3071 2981  
  2002 3129 3111 3199  
  2003 3071 3129 3147  
  2004 2981 3071 2990  
  2005 2981 2990 2880  
  2006 3057 2981 2975  
  2007 3129 3199 3215  
  2008 2990 3071 3083  
  2009 2975 2981 2885  
  2010 3057 2975 3030  
  2011 3030 2975 2954  
  2012 2954 2975 2901  
  2013 3030 2954 3016  
  2014 3016 2954 2932  
  2015 2932 2954 2872  
  2016 2872 2954 2901  
  2017 2872 2901 2816  
  2018 2932 2872 2845  
  2019 2901 2975 2885  
  2020 2845 2872 2789  
  2021 2932 2845 2910  
  2022 478 433 440  
  2023 478 440 484  
  2024 484 440 452  
  2025 484 452 495  
  2026 452 440 407  
  2027 495 452 454  
  2028 484 495 527  
  2029 407 440 400  
  2030 478 484 516  
  2031 516 484 527  
  2032 516 527 575  
  2033 575 527 552  
  2034 478 516 513  
  2035 575 552 613  
  2036 478 513 470  
  2037 454 452 418  
  2038 454 418 425  
  2039 425 418 389  
  2040 425 389 395  
  2041 454 425 469  
  2042 395 389 359  
  2043 425 395 445  
  2044 469 425 445  
  2045 469 445 489  
  2046 454 469 500  
  2047 489 445 461  
  2048 469 489 519  
  2049 495 454 500  
  2050 495 500 552  
  2051 527 495 552  
  2052 359 389 346  
  2053 359 346 326  
  2054 359 326 351  
  2055 359 351 395  
  2056 346 389 380  
  2057 326 346 311  
  2058 351 326 305  
  2059 346 380 335  
  2060 305 326 283  
  2061 445 395 413  
  2062 2882 2959 2947  
  2063 2882 2947 2874  
  2064 2874 2947 2935  
  2065 2874 2935 2862  
  2066 2935 2947 3019  
  2067 2862 2935 2939  
  2068 2874 2862 2803  
  2069 3019 2947 3028  
  2070 2882 2874 2810  
  2071 2810 2874 2803  
  2072 2810 2803 2723  
  2073 2723 2803 2764  
  2074 2882 2810 2809  
  2075 2723 2764 2652  
  2076 2882 2809 2891  
  2077 2939 2935 3002  
  2078 2939 3002 3008  
  2079 3008 3002 3077  
  2080 3008 3077 3078  
  2081 2939 3008 2930  
  2082 3078 3077 3137  
  2083 3008 3078 2993  
  2084 2930 3008 2993  
  2085 2930 2993 2918  
  2086 2939 2930 2857  
  2087 2918 2993 2986  
  2088 2930 2918 2846  
  2089 2862 2939 2857  
  2090 2862 2857 2764  
  2091 2803 2862 2764  
  2092 3137 3077 3143  
  2093 3137 3143 3213  
  2094 3137 3213 3177  
  2095 3137 3177 3078  
  2096 3143 3077 3085  
  2097 3213 3143 3231  
  2098 3177 3213 3275  
  2099 3143 3085 3165  
  2100 3275 3213 3293  
  2101 2993 3078 3076  
  2102 4076 4117 4042  
  2103 4076 4042 4003  
  2104 4003 4042 3975  
  2105 4003 3975 3929  
  2106 3975 4042 4012  
  2107 3929 3975 3899  
  2108 4003 3929 3965  
  2109 4012 4042 4086  
  2110 4076 4003 4031  
  2111 4031 4003 3965  
  2112 4031 3965 3960  
  2113 3960 3965 3893  
  2114 4076 4031 4104  
  2115 3960 3893 3906  
  2116 4076 4104 4151  
  2117 3899 3975 3936  
  2118 3899 3936 3867  
  2119 3867 3936 3903  
  2120 3867 3903 3835  
  2121 3899 3867 3832  
  2122 3835 3903 3886  
  2123 3867 3835 3786  
  2124 3832 3867 3786  
  2125 3832 3786 3742  
  2126 3899 3832 3865  
  2127 3742 3786 3708  
  2128 3832 3742 3784  
  2129 3929 3899 3865  
  2130 3929 3865 3893  
  2131 3965 3929 3893  
  2132 3886 3903 3948  
  2133 3886 3948 3909  
  2134 3886 3909 3813  
  2135 3886 3813 3835  
  2136 3948 3903 3979  
  2137 3909 3948 3983  
  2138 3813 3909 3868  
  2139 3948 3979 4018  
  2140 3868 3909 3951  
  2141 3786 3835 3754  
  2142 651 659 705  
  2143 651 705 698  
  2144 698 705 744  
  2145 698 744 745  
  2146 744 705 759  
  2147 745 744 796  
  2148 698 745 694  
  2149 759 705 713  
  2150 651 698 652  
  2151 652 698 694  
  2152 652 694 667  
  2153 667 694 727  
  2154 651 652 601  
  2155 667 727 678  
  2156 651 601 609  
  2157 796 744 802  
  2158 796 802 851  
  2159 851 802 860  
  2160 851 860 909  
  2161 796 851 846  
  2162 909 860 902  
  2163 851 909 900  
  2164 846 851 900  
  2165 846 900 889  
  2166 796 846 786  
  2167 889 900 954  
  2168 846 889 832  
  2169 745 796 786  
  2170 745 786 727  
  2171 694 745 727  
  2172 902 860 868  
  2173 902 868 931  
  2174 902 931 976  
  2175 902 976 909  
  2176 868 860 813  
  2177 931 868 887  
  2178 976 931 990  
  2179 868 813 830  
  2180 990 931 950  
  2181 900 909 962  
  2182 4259 4321 4274  
  2183 4259 4274 4209  
  2184 4209 4274 4227  
  2185 4209 4227 4161  
  2186 4227 4274 4287  
  2187 4161 4227 4181  
  2188 4209 4161 4153  
  2189 4287 4274 4335  
  2190 4259 4209 4195  
  2191 4195 4209 4153  
  2192 4195 4153 4107  
  2193 4107 4153 4084  
  2194 4259 4195 4248  
  2195 4107 4084 4035  
  2196 4259 4248 4306  
  2197 4181 4227 4238  
  2198 4181 4238 4194  
  2199 4194 4238 4257  
  2200 4194 4257 4213  
  2201 4181 4194 4129  
  2202 4213 4257 4273  
  2203 4194 4213 4144  
  2204 4129 4194 4144  
  2205 4129 4144 4075  
  2206 4181 4129 4116  
  2207 4075 4144 4091  
  2208 4129 4075 4060  
  2209 4161 4181 4116  
  2210 4161 4116 4084  
  2211 4153 4161 4084  
  2212 4273 4257 4312  
  2213 4273 4312 4320  
  2214 4273 4320 4254  
  2215 4273 4254 4213  
  2216 4312 4257 4303  
  2217 4320 4312 4373  
  2218 4254 4320 4326  
  2219 4312 4303 4359  
  2220 4326 4320 4377  
  2221 4144 4213 4160  
  2222 2190 2132 2201  
  2223 2201 2132 2129  
  2224 2201 2129 2231  
  2225 2231 2129 2158  
  2226 2201 2231 2282  
  2227 2282 2231 2308  
  2228 2201 2282 2275  
  2229 2308 2231 2248  
  2230 2282 2308 2359  
  2231 2359 2308 2407  
  2232 2282 2359 2346  
  2233 2359 2407 2421  
  2234 2248 2231 2158  
  2235 2248 2158 2186  
  2236 2186 2158 2097  
  2237 2248 2186 2276  
  2238 2308 2248 2324  
  2239 2008 1953 2036  
  2240 1459 1509 1435  
  2241 1572 1529 1603  
  2242 4141 4149 4083  
  2243 4083 4149 4090  
  2244 4090 4149 4170  
  2245 4083 4090 4024  
  2246 2032 2066 2129  
  2247 955 999 1018  
  2248 2654 2737 2640  
  2249 4232 4171 4254  
  2250 3935 3862 3926  
  2251 2816 2739 2724  
  2252 4169 4121 4218  
  2253 2158 2129 2066  
  2254 2580 2578 2500  
  2255 3228 3139 3177  
  2256 1057 1023 976  
  2257 2160 2089 2078  
  2258 2739 2654 2672  
  2259 343 388 351  
  2260 2800 2816 2885  
  2261 2885 2816 2901  
  2262 381 393 338  
  2263 2646 2580 2640  
  2264 2640 2580 2574  
  2265 2574 2580 2498  
  2266 2640 2574 2654  
  2267 3729 3706 3813  
  2268 330 343 304  
  2269 314 343 351  
  2270 654 656 709  
  2271 2248 2276 2324  
  2272 2324 2276 2356  
  2273 2356 2276 2291  
  2274 2324 2356 2416  
  2275 2574 2498 2494  
  2276 1590 1623 1667  
  2277 3142 3189 3098  
  2278 3838 3893 3823  
  2279 1415 1376 1336  
  2280 3534 3626 3593  
  2281 2240 2160 2244  
  2282 2167 2160 2078  
  2283 3963 3919 3882  
  2284 410 372 406  
  2285 750 734 790  
  2286 1376 1459 1435  
  2287 1376 1435 1374  
  2288 1374 1435 1410  
  2289 2614 2677 2693  
  2290 3998 4084 4034  
  2291 1127 1057 1097  
  2292 1029 1057 976  
  2293 3680 3729 3750  
  2294 3802 3729 3813  
  2295 3854 3778 3793  
  2296 1484 1439 1519  
  2297 3472 3451 3385  
  2298 2276 2186 2212  
  2299 607 552 564  
  2300 409 381 375  
  2301 339 381 338  
  2302 4083 4024 4010  
  2303 378 410 417  
  2304 3919 3998 3956  
  2305 4024 4090 4032  
  2306 1544 1590 1510  
  2307 3189 3222 3131  
  2308 4148 4169 4207  
  2309 4236 4169 4218  
  2310 1439 1415 1360  
  2311 3283 3228 3321  
  2312 3269 3228 3177  
  2313 2597 2614 2527  
  2314 372 327 367  
  2315 656 607 608  
  2316 734 727 776  
  2317 1949 2032 1990  
  2318 2071 2032 2129  
  2319 3451 3534 3517  
  2320 2677 2764 2763  
  2321 3964 3935 4013  
  2322 3996 3935 3926  
  2323 1623 1661 1694  
  2324 3236 3142 3200  
  2325 1661 1572 1603  
  2326 1661 1603 1672  
  2327 1672 1603 1647  
  2328 3778 3838 3756  
  2329 2498 2580 2500  
  2330 2498 2500 2422  
  2331 2422 2500 2416  
  2332 2498 2422 2424  
  2333 4230 4232 4285  
  2334 4293 4232 4254  
  2335 890 955 891  
  2336 953 955 1018  
  2337 688 750 706  
  2338 3600 3675 3560  
  2339 2498 2424 2494  
  2340 2494 2424 2423  
  2341 2423 2424 2320  
  2342 2494 2423 2522  
  2343 2320 2424 2371  
  2344 2522 2423 2430  
  2345 2424 2422 2371  
  2346 2371 2422 2356  
  2347 2356 2422 2416  
  2348 2371 2356 2291  
  2349 2371 2291 2320  
  2350 4072 4054 3977  
  2351 1562 1478 1509  
  2352 614 559 617  
  2353 3832 3784 3865  
  2354 3865 3784 3823  
  2355 4138 4175 4074  
  2356 4277 4294 4202  
  2357 3460 3414 3362  
  2358 2494 2522 2591  
  2359 4129 4060 4116  
  2360 4116 4060 4034  
  2361 571 602 623  
  2362 1481 1568 1529  
  2363 2636 2740 2635  
  2364 2423 2320 2352  
  2365 469 519 500  
  2366 500 519 564  
  2367 263 256 309  
  2368 2066 2097 2158  
  2369 2994 2932 2910  
  2370 1875 1951 1908  
  2371 4075 4091 3999  
  2372 3139 3074 3076  
  2373 3076 3074 2986  
  2374 2986 3074 3020  
  2375 3076 2986 2993  
  2376 3020 3074 3116  
  2377 889 954 959  
  2378 3700 3739 3663  
  2379 4088 4080 4021  
  2380 2930 2846 2857  
  2381 2857 2846 2763  
  2382 387 402 429  
  2383 4171 4110 4160  
  2384 4160 4110 4091  
  2385 4091 4110 4040  
  2386 4160 4091 4144  
  2387 4040 4110 4113  
  2388 489 461 502  
  2389 4121 4078 4143  
  2390 4143 4078 4080  
  2391 4080 4078 4009  
  2392 4143 4080 4150  
  2393 4009 4078 4048  
  2394 999 1055 1073  
  2395 1073 1055 1115  
  2396 1115 1055 1065  
  2397 1073 1115 1139  
  2398 1065 1055 992  
  2399 2918 2986 2911  
  2400 1841 1792 1771  
  2401 1771 1792 1694  
  2402 846 832 786  
  2403 786 832 776  
  2404 3080 3072 3145  
  2405 3145 3072 3131  
  2406 4158 4103 4168  
  2407 4168 4103 4115  
  2408 4115 4103 4046  
  2409 4168 4115 4170  
  2410 4170 4115 4090  
  2411 342 374 332  
  2412 332 374 367  
  2413 1254 1189 1229  
  2414 3862 3781 3828  
  2415 3828 3781 3739  
  2416 3739 3781 3681  
  2417 3828 3739 3780  
  2418 3744 3781 3822  
  2419 3742 3708 3639  
  2420 3731 3656 3693  
  2421 3693 3656 3593  
  2422 2501 2407 2506  
  2423 2506 2407 2416  
  2424 461 445 413  
  2425 461 413 431  
  2426 431 413 388  
  2427 461 431 465  
  2428 465 431 412  
  2429 2846 2918 2843  
  2430 3677 3622 3596  
  2431 3677 3596 3708  
  2432 3677 3708 3754  
  2433 3677 3754 3706  
  2434 3754 3708 3786  
  2435 1209 1254 1283  
  2436 1283 1254 1336  
  2437 954 900 962  
  2438 954 962 1009  
  2439 1009 962 1023  
  2440 954 1009 1030  
  2441 1030 1009 1068  
  2442 2089 2026 2007  
  2443 2007 2026 1951  
  2444 1951 2026 2018  
  2445 2007 1951 1925  
  2446 2018 2026 2104  
  2447 374 387 416  
  2448 402 358 377  
  2449 402 377 414  
  2450 414 377 393  
  2451 402 414 448  
  2452 448 414 439  
  2453 1792 1875 1812  
  2454 3072 2994 2982  
  2455 832 889 883  
  2456 3414 3359 3310  
  2457 2097 2008 2036  
  2458 2097 2036 2121  
  2459 2121 2036 2069  
  2460 2097 2121 2186  
  2461 4060 4075 4011  
  2462 602 652 667  
  2463 4103 4088 4033  
  2464 2740 2810 2723  
  2465 519 489 537  
  2466 256 258 299  
  2467 559 516 575  
  2468 1189 1115 1153  
  2469 3784 3742 3705  
  2470 4175 4195 4107  
  2471 4294 4291 4211  
  2472 4054 4031 3960  
  2473 3656 3700 3635  
  2474 3675 3720 3621  
  2475 3090 3144 3061  
  2476 3803 3848 3882  
  2477 3803 3882 3840  
  2478 3840 3882 3919  
  2479 3803 3840 3757  
  2480 2324 2416 2407  
  2481 3942 3949 3874  
  2482 565 592 600  
  2483 565 600 591  
  2484 1595 1519 1548  
  2485 1548 1519 1470  
  2486 1470 1519 1439  
  2487 1548 1470 1503  
  2488 762 761 709  
  2489 762 709 710  
  2490 710 709 656  
  2491 762 710 766  
  2492 2069 2036 1982  
  2493 3416 3361 3337  
  2494 3416 3337 3351  
  2495 3749 3716 3670  
  2496 1628 1548 1580  
  2497 2206 2294 2223  
  2498 2206 2223 2153  
  2499 3666 3685 3610  
  2500 4073 4083 4010  
  2501 3737 3825 3793  
  2502 3737 3793 3715  
  2503 3715 3793 3778  
  2504 3737 3715 3664  
  2505 1221 1301 1268  
  2506 918 869 930  
  2507 3300 3322 3385  
  2508 3300 3385 3370  
  2509 3370 3385 3451  
  2510 3300 3370 3277  
  2511 1073 1103 1018  
  2512 2880 2885 2981  
  2513 3169 3255 3200  
  2514 3169 3200 3109  
  2515 3109 3200 3142  
  2516 3169 3109 3084  
  2517 3897 3875 3814  
  2518 2229 2306 2226  
  2519 962 909 976  
  2520 1225 1300 1265  
  2521 1225 1265 1221  
  2522 3887 3864 3819  
  2523 3887 3819 3800  
  2524 377 329 338  
  2525 520 512 560  
  2526 721 665 706  
  2527 721 706 764  
  2528 764 706 750  
  2529 721 764 779  
  2530 1414 1482 1454  
  2531 3263 3204 3184  
  2532 463 424 417  
  2533 463 417 458  
  2534 458 417 410  
  2535 463 458 498  
  2536 3755 3791 3717  
  2537 3755 3717 3665  
  2538 1467 1544 1510  
  2539 2457 2447 2527  
  2540 2457 2527 2540  
  2541 2540 2527 2614  
  2542 2457 2540 2468  
  2543 917 856 914  
  2544 917 914 967  
  2545 653 693 720  
  2546 2737 2726 2640  
  2547 3385 3403 3472  
  2548 3740 3770 3685  
  2549 4191 4256 4277  
  2550 1775 1848 1826  
  2551 1775 1826 1736  
  2552 864 812 869  
  2553 483 505 455  
  2554 483 455 442  
  2555 3793 3871 3854  
  2556 1583 1641 1562  
  2557 3882 3927 3963  
  2558 4007 4010 3949  
  2559 3949 4010 3953  
  2560 3953 4010 4024  
  2561 3949 3953 3880  
  2562 3795 3766 3716  
  2563 2308 2324 2407  
  2564 1379 1331 1414  
  2565 709 707 654  
  2566 3176 3237 3144  
  2567 3285 3227 3204  
  2568 3872 3941 3942  
  2569 2527 2507 2597  
  2570 1450 1408 1481  
  2571 417 384 378  
  2572 641 681 693  
  2573 1665 1700 1628  
  2574 3200 3284 3236  
  2575 2007 1974 2078  
  2576 476 466 512  
  2577 1436 1510 1482  
  2578 1482 1510 1559  
  2579 1559 1510 1590  
  2580 1482 1559 1534  
  2581 2295 2381 2306  
  2582 3076 3078 3177  
  2583 3122 3048 3130  
  2584 3122 3130 3209  
  2585 706 649 688  
  2586 3770 3803 3722  
  2587 2153 2229 2157  
  2588 3754 3835 3813  
  2589 812 762 817  
  2590 4143 4201 4218  
  2591 505 520 572  
  2592 1848 1752 1794  
  2593 3351 3263 3230  
  2594 3237 3300 3214  
  2595 3766 3737 3684  
  2596 591 653 672  
  2597 3227 3169 3136  
  2598 3665 3666 3584  
  2599 3938 3897 3994  
  2600 3938 3994 4002  
  2601 967 918 982  
  2602 681 721 736  
  2603 1561 1484 1519  
  2604 2121 2069 2152  
  2605 466 463 503  
  2606 3800 3749 3703  
  2607 2381 2457 2393  
  2608 3048 3090 3001  
  2609 4037 4085 4138  
  2610 2291 2276 2212  
  2611 2291 2212 2237  
  2612 2237 2212 2121  
  2613 2291 2237 2320  
  2614 668 675 614  
  2615 1752 1665 1701  
  2616 3993 4070 4072  
  2617 1301 1379 1348  
  2618 413 395 351  
  2619 3506 3525 3600  
  2620 3402 3496 3460  
  2621 3875 3872 3808  
  2622 4160 4213 4254  
  2623 3828 3859 3926  
  2624 587 536 571  
  2625 315 281 263  
  2626 2557 2545 2636  
  2627 3978 3931 4009  
  2628 3189 3131 3098  
  2629 883 889 959  
  2630 2846 2843 2768  
  2631 3949 3880 3874  
  2632 3874 3880 3810  
  2633 3810 3880 3818  
  2634 3874 3810 3790  
  2635 2845 2789 2741  
  2636 4075 3999 4011  
  2637 1548 1503 1580  
  2638 1580 1503 1542  
  2639 1542 1503 1463  
  2640 1580 1542 1625  
  2641 406 372 367  
  2642 2918 2911 2843  
  2643 502 461 465  
  2644 1189 1153 1229  
  2645 734 776 790  
  2646 3639 3708 3596  
  2647 3094 2989 3020  
  2648 3169 3084 3136  
  2649 3136 3084 3053  
  2650 3053 3084 2991  
  2651 3136 3053 3110  
  2652 1435 1509 1478  
  2653 489 502 537  
  2654 984 1034 1065  
  2655 1908 1951 2018  
  2656 4103 4033 4046  
  2657 4046 4033 3974  
  2658 3974 4033 3952  
  2659 4046 3974 4032  
  2660 4046 4032 4115  
  2661 1792 1812 1734  
  2662 1603 1529 1568  
  2663 959 954 1030  
  2664 3737 3664 3684  
  2665 3684 3664 3606  
  2666 3606 3664 3581  
  2667 3684 3606 3637  
  2668 2614 2693 2623  
  2669 4021 4080 4009  
  2670 4045 3973 4040  
  2671 1336 1376 1283  
  2672 3656 3635 3573  
  2673 3767 3697 3744  
  2674 2677 2763 2693  
  2675 3919 3956 3877  
  2676 2911 2986 3020  
  2677 463 498 503  
  2678 503 498 544  
  2679 544 498 542  
  2680 503 544 550  
  2681 1875 1908 1812  
  2682 1254 1229 1295  
  2683 1953 1982 2036  
  2684 1439 1360 1393  
  2685 4060 4011 3989  
  2686 2672 2654 2591  
  2687 1482 1534 1454  
  2688 1454 1534 1500  
  2689 1500 1534 1591  
  2690 1454 1500 1427  
  2691 443 490 465  
  2692 762 766 817  
  2693 817 766 819  
  2694 819 766 765  
  2695 817 819 873  
  2696 3663 3739 3681  
  2697 2910 2845 2807  
  2698 3451 3517 3431  
  2699 3784 3705 3748  
  2700 3823 3893 3865  
  2701 374 416 404  
  2702 2116 2052 2018  
  2703 607 564 608  
  2704 721 779 736  
  2705 736 779 795  
  2706 795 779 839  
  2707 736 795 768  
  2708 1113 1091 1030  
  2709 1667 1623 1694  
  2710 519 537 562  
  2711 487 506 448  
  2712 656 608 658  
  2713 2789 2872 2816  
  2714 429 402 448  
  2715 3300 3277 3214  
  2716 3214 3277 3173  
  2717 3173 3277 3251  
  2718 3214 3173 3123  
  2719 3998 4034 3956  
  2720 416 387 429  
  2721 3593 3626 3693  
  2722 3803 3757 3722  
  2723 3722 3757 3676  
  2724 3676 3757 3711  
  2725 3722 3676 3644  
  2726 3547 3514 3596  
  2727 4024 4032 3962  
  2728 2457 2468 2393  
  2729 2393 2468 2408  
  2730 2408 2468 2487  
  2731 2393 2408 2316  
  2732 2724 2739 2672  
  2733 2982 2994 2910  
  2734 1982 1903 1944  
  2735 1360 1415 1336  
  2736 832 883 828  
  2737 575 617 559  
  2738 3999 4091 4040  
  2739 1534 1559 1611  
  2740 490 472 526  
  2741 410 406 457  
  2742 766 710 719  
  2743 4211 4202 4294  
  2744 3142 3098 3059  
  2745 3705 3742 3639  
  2746 2052 2136 2055  
  2747 3517 3534 3593  
  2748 564 552 500  
  2749 779 764 825  
  2750 4107 4074 4175  
  2751 1091 1162 1149  
  2752 2574 2494 2591  
  2753 2574 2591 2654  
  2754 3621 3560 3675  
  2755 4034 4084 4116  
  2756 3277 3370 3342  
  2757 506 538 556  
  2758 4088 4021 4033  
  2759 3757 3840 3789  
  2760 3960 3977 4054  
  2761 1694 1661 1771  
  2762 3514 3458 3429  
  2763 3756 3838 3823  
  2764 2468 2540 2554  
  2765 4032 4090 4115  
  2766 1034 975 1026  
  2767 367 327 332  
  2768 750 790 804  
  2769 3664 3715 3631  
  2770 667 623 602  
  2771 3700 3663 3635  
  2772 3973 3982 3918  
  2773 2763 2764 2857  
  2774 3310 3362 3414  
  2775 498 458 496  
  2776 3697 3718 3643  
  2777 1590 1667 1653  
  2778 1153 1115 1065  
  2779 2723 2635 2740  
  2780 776 727 786  
  2781 2989 3073 2967  
  2782 2212 2186 2121  
  2783 3084 3109 3021  
  2784 299 309 256  
  2785 1503 1470 1416  
  2786 3931 3905 3863  
  2787 3778 3756 3689  
  2788 3131 3222 3145  
  2789 3880 3953 3878  
  2790 2816 2724 2789  
  2791 3072 2982 3058  
  2792 2430 2423 2352  
  2793 562 537 589  
  2794 2487 2468 2554  
  2795 2487 2554 2588  
  2796 2588 2554 2632  
  2797 2487 2588 2515  
  2798 3863 3905 3800  
  2799 589 537 558  
  2800 562 589 608  
  2801 562 608 564  
  2802 562 564 519  
  2803 2588 2632 2667  
  2804 558 537 502  
  2805 589 558 605  
  2806 2667 2632 2721  
  2807 605 558 581  
  2808 589 605 642  
  2809 2721 2632 2704  
  2810 2667 2721 2746  
  2811 581 558 528  
  2812 642 605 664  
  2813 2704 2632 2623  
  2814 2704 2623 2693  
  2815 2746 2721 2830  
  2816 528 558 502  
  2817 664 605 632  
  2818 2830 2721 2786  
  2819 632 605 581  
  2820 664 632 686  
  2821 2786 2721 2704  
  2822 2830 2786 2911  
  2823 686 632 655  
  2824 664 686 722  
  2825 655 632 598  
  2826 686 655 714  
  2827 722 686 749  
  2828 664 722 695  
  2829 598 632 581  
  2830 714 655 683  
  2831 749 686 714  
  2832 695 722 765  
  2833 683 655 627  
  2834 714 683 741  
  2835 749 714 773  
  2836 627 655 598  
  2837 683 627 650  
  2838 741 683 712  
  2839 773 714 741  
  2840 627 598 579  
  2841 650 627 594  
  2842 712 683 650  
  2843 773 741 820  
  2844 579 598 548  
  2845 594 627 579  
  2846 712 650 685  
  2847 820 741 772  
  2848 548 598 581  
  2849 594 579 551  
  2850 685 650 628  
  2851 772 741 712  
  2852 548 581 528  
  2853 551 579 526  
  2854 551 526 505  
  2855 551 505 572  
  2856 628 650 594  
  2857 548 528 490  
  2858 3711 3757 3789  
  2859 3711 3789 3743  
  2860 3743 3789 3833  
  2861 3711 3743 3668  
  2862 3833 3789 3877  
  2863 3743 3833 3782  
  2864 3711 3668 3632  
  2865 3782 3833 3861  
  2866 3743 3782 3702  
  2867 3632 3668 3583  
  2868 3861 3833 3902  
  2869 3702 3782 3735  
  2870 3583 3668 3619  
  2871 3632 3583 3549  
  2872 3902 3833 3877  
  2873 3902 3877 3956  
  2874 3735 3782 3824  
  2875 3619 3668 3702  
  2876 3549 3583 3507  
  2877 3824 3782 3861  
  2878 3735 3824 3777  
  2879 3507 3583 3539  
  2880 3549 3507 3463  
  2881 3777 3824 3856  
  2882 3735 3777 3695  
  2883 3539 3583 3619  
  2884 3463 3507 3417  
  2885 3856 3824 3901  
  2886 3695 3777 3730  
  2887 3539 3619 3572  
  2888 3417 3507 3452  
  2889 3901 3824 3861  
  2890 3730 3777 3817  
  2891 3572 3619 3658  
  2892 3452 3507 3539  
  2893 3901 3861 3934  
  2894 3817 3777 3856  
  2895 3658 3619 3702  
  2896 3452 3539 3489  
  2897 3934 3861 3902  
  2898 3489 3539 3572  
  2899 3452 3489 3404  
  2900 3489 3572 3531  
  2901 3404 3489 3441  
  2902 3452 3404 3373  
  2903 3531 3572 3613  
  2904 3441 3489 3531  
  2905 3373 3404 3318  
  2906 3452 3373 3417  
  2907 3613 3572 3658  
  2908 3318 3404 3366  
  2909 3373 3318 3276  
  2910 3417 3373 3333  
  2911 3613 3658 3695  
  2912 3366 3404 3441  
  2913 3276 3318 3229  
  2914 3333 3373 3276  
  2915 3366 3441 3400  
  2916 3229 3318 3271  
  2917 3333 3276 3242  
  2918 3400 3441 3484  
  2919 3271 3318 3366  
  2920 3229 3271 3186  
  2921 3242 3276 3193  
  2922 3484 3441 3531  
  2923 3186 3271 3225  
  2924 3229 3186 3138  
  2925 3193 3276 3229  
  2926 3225 3271 3316  
  2927 3186 3225 3132  
  2928 3138 3186 3093  
  2929 3316 3271 3366  
  2930 3225 3316 3265  
  2931 3132 3225 3180  
  2932 3093 3186 3132  
  2933 3316 3366 3400  
  2934 3265 3316 3356  
  2935 3180 3225 3265  
  2936 3093 3132 3045  
  2937 3356 3316 3400  
  2938 3265 3356 3313  
  2939 3180 3265 3224  
  2940 3045 3132 3087  
  2941 3313 3356 3398  
  2942 3265 3313 3224  
  2943 3087 3132 3180  
  2944 3398 3356 3438  
  2945 3224 3313 3266  
  2946 3087 3180 3128  
  2947 3438 3356 3400  
  2948 3398 3438 3482  
  2949 3266 3313 3357  
  2950 3128 3180 3224  
  2951 3482 3438 3527  
  2952 3398 3482 3439  
  2953 3357 3313 3398  
  2954 3128 3224 3182  
  2955 3527 3438 3484  
  2956 3439 3482 3528  
  2957 3182 3224 3266  
  2958 3128 3182 3089  
  2959 3484 3438 3400  
  2960 3528 3482 3563  
  2961 3089 3182 3133  
  2962 3128 3089 3043  
  2963 3563 3482 3527  
  2964 3133 3182 3226  
  2965 3043 3089 2997  
  2966 3128 3043 3087  
  2967 3226 3182 3266  
  2968 3133 3226 3188  
  2969 2997 3089 3047  
  2970 3087 3043 2996  
  2971 3226 3266 3317  
  2972 3188 3226 3272  
  2973 3047 3089 3133  
  2974 2996 3043 2955  
  2975 3317 3266 3357  
  2976 3272 3226 3317  
  2977 2955 3043 2997  
  2978 2996 2955 2912  
  2979 3272 3317 3367  
  2980 2912 2955 2867  
  2981 2996 2912 2957  
  2982 3367 3317 3401  
  2983 2867 2955 2913  
  2984 2912 2867 2823  
  2985 2957 2912 2869  
  2986 3401 3317 3357  
  2987 2913 2955 2997  
  2988 2823 2867 2778  
  2989 2869 2912 2823  
  2990 3401 3357 3439  
  2991 2778 2867 2824  
  2992 2823 2778 2743  
  2993 2869 2823 2781  
  2994 3439 3357 3398  
  2995 2824 2867 2913  
  2996 2743 2778 2690  
  2997 2781 2823 2743  
  2998 2824 2913 2871  
  2999 2690 2778 2744  
  3000 2743 2690 2642  
  3001 2871 2913 2960  
  3002 2824 2871 2782  
  3003 2744 2778 2824  
  3004 2960 2913 2997  
  3005 2824 2782 2744  
  3006 2960 2997 3047  
  3007 2744 2782 2697  
  3008 2697 2782 2749  
  3009 2749 2782 2829  
  3010 2697 2749 2648  
  3011 2829 2782 2871  
  3012 2648 2749 2703  
  3013 2697 2648 2612  
  3014 2703 2749 2788  
  3015 2648 2703 2616  
  3016 2612 2648 2565  
  3017 2788 2749 2829  
  3018 2616 2703 2665  
  3019 2565 2648 2616  
  3020 2665 2703 2760  
  3021 2616 2665 2575  
  3022 2760 2703 2788  
  3023 2665 2760 2710  
  3024 2575 2665 2622  
  3025 2710 2760 2797  
  3026 2665 2710 2622  
  3027 2797 2760 2841  
  3028 2622 2710 2678  
  3029 2841 2760 2788  
  3030 2797 2841 2893  
  3031 2678 2710 2767  
  3032 2893 2841 2928  
  3033 2797 2893 2853  
  3034 2767 2710 2797  
  3035 2928 2841 2879  
  3036 2853 2893 2941  
  3037 2767 2797 2853  
  3038 2879 2841 2788  
  3039 2941 2893 2972  
  3040 2879 2788 2829  
  3041 2972 2893 2928  
  3042 2879 2829 2919  
  3043 2972 2928 3017  
  3044 2919 2829 2871  
  3045 3017 2928 2965  
  3046 2919 2871 2960  
  3047 2965 2928 2879  
  3048 2919 2960 3005  
  3049 3005 2960 3047  
  3050 2919 3005 2965  
  3051 2965 3005 3054  
  3052 2919 2965 2879  
  3053 3054 3005 3095  
  3054 3095 3005 3047  
  3055 3054 3095 3140  
  3056 3095 3047 3133  
  3057 3140 3095 3188  
  3058 3095 3133 3188  
  3059 2642 2690 2608  
  3060 2608 2690 2643  
  3061 2642 2608 2559  
  3062 2643 2690 2744  
  3063 2559 2608 2512  
  3064 2643 2744 2697  
  3065 2512 2608 2560  
  3066 2643 2697 2612  
  3067 2560 2608 2643  
  3068 2643 2612 2560  
  3069 2560 2612 2519  
  3070 2519 2612 2565  
  3071 2560 2519 2470  
  3072 2519 2565 2475  
  3073 2470 2519 2433  
  3074 2475 2565 2530  
  3075 2519 2475 2433  
  3076 2530 2565 2616  
  3077 2433 2475 2394  
  3078 2530 2616 2575  
  3079 2394 2475 2444  
  3080 2530 2575 2486  
  3081 2444 2475 2530  
  3082 2486 2575 2539  
  3083 2530 2486 2444  
  3084 2539 2575 2622  
  3085 2444 2486 2403  
  3086 2539 2622 2593  
  3087 2403 2486 2452  
  3088 2444 2403 2358  
  3089 2593 2622 2678  
  3090 2452 2486 2539  
  3091 2358 2403 2314  
  3092 2593 2678 2637  
  3093 2452 2539 2502  
  3094 2314 2403 2368  
  3095 2637 2678 2732  
  3096 2502 2539 2593  
  3097 2368 2403 2452  
  3098 2732 2678 2767  
  3099 2502 2593 2555  
  3100 2368 2452 2414  
  3101 2732 2767 2819  
  3102 2555 2593 2637  
  3103 2414 2452 2502  
  3104 2819 2767 2853  
  3105 2555 2637 2613  
  3106 2414 2502 2465  
  3107 2819 2853 2909  
  3108 2613 2637 2698  
  3109 2465 2502 2555  
  3110 2909 2853 2941  
  3111 2698 2637 2732  
  3112 2909 2941 2987  
  3113 2698 2732 2783  
  3114 2987 2941 3026  
  3115 2783 2732 2819  
  3116 3026 2941 2972  
  3117 2987 3026 3081  
  3118 3026 2972 3066  
  3119 3081 3026 3114  
  3120 3066 2972 3017  
  3121 3026 3066 3114  
  3122 3066 3017 3107  
  3123 3114 3066 3154  
  3124 3107 3017 3054  
  3125 3066 3107 3154  
  3126 3054 3017 2965  
  3127 3154 3107 3194  
  3128 3194 3107 3140  
  3129 3154 3194 3243  
  3130 3140 3107 3054  
  3131 3243 3194 3278  
  3132 3278 3194 3232  
  3133 3243 3278 3335  
  3134 3232 3194 3140  
  3135 3278 3232 3320  
  3136 3335 3278 3374  
  3137 3320 3232 3272  
  3138 3278 3320 3374  
  3139 3272 3232 3188  
  3140 3374 3320 3407  
  3141 3188 3232 3140  
  3142 3407 3320 3367  
  3143 3367 3320 3272  
  3144 3407 3367 3443  
  3145 3443 3367 3401  
  3146 3407 3443 3492  
  3147 3443 3401 3485  
  3148 3492 3443 3532  
  3149 3485 3401 3439  
  3150 3532 3443 3485  
  3151 3492 3532 3575  
  3152 3532 3485 3567  
  3153 3575 3532 3615  
  3154 3567 3485 3528  
  3155 3532 3567 3615  
  3156 3528 3485 3439  
  3157 3615 3567 3653  
  3158 3653 3567 3608  
  3159 3608 3567 3528  
  3160 3653 3608 3688  
  3161 3608 3528 3563  
  3162 3688 3608 3649  
  3163 3608 3563 3649  
  3164 3649 3563 3607  
  3165 3607 3563 3527  
  3166 3649 3607 3686  
  3167 3607 3527 3566  
  3168 3686 3607 3652  
  3169 3649 3686 3732  
  3170 3566 3527 3484  
  3171 3652 3607 3566  
  3172 3732 3686 3769  
  3173 3566 3484 3531  
  3174 3769 3686 3730  
  3175 3769 3730 3817  
  3176 3732 3769 3812  
  3177 3566 3531 3613  
  3178 3812 3769 3850  
  3179 3566 3613 3652  
  3180 3850 3769 3817  
  3181 3850 3817 3890  
  3182 3890 3817 3856  
  3183 3850 3890 3918  
  3184 3850 3918 3897  
  3185 3812 3850 3897  
  3186 3652 3613 3695  
  3187 2560 2470 2512  
  3188 2512 2470 2429  
  3189 2429 2470 2389  
  3190 2512 2429 2469  
  3191 2389 2470 2433  
  3192 2469 2429 2388  
  3193 2389 2433 2342  
  3194 2388 2429 2340  
  3195 2342 2433 2394  
  3196 2340 2429 2389  
  3197 2342 2394 2304  
  3198 2340 2389 2299  
  3199 2304 2394 2358  
  3200 2299 2389 2342  
  3201 2358 2394 2444  
  3202 2304 2358 2270  
  3203 2270 2358 2314  
  3204 2304 2270 2219  
  3205 2270 2314 2232  
  3206 2219 2270 2179  
  3207 2232 2314 2281  
  3208 2179 2270 2232  
  3209 2281 2314 2368  
  3210 2232 2281 2194  
  3211 2281 2368 2328  
  3212 2194 2281 2247  
  3213 2328 2368 2414  
  3214 2281 2328 2247  
  3215 2247 2328 2296  
  3216 2296 2328 2384  
  3217 2247 2296 2213  
  3218 2384 2328 2414  
  3219 2296 2384 2350  
  3220 2213 2296 2268  
  3221 2384 2414 2465  
  3222 2350 2384 2439  
  3223 2268 2296 2350  
  3224 2439 2384 2465  
  3225 2350 2439 2406  
  3226 2268 2350 2319  
  3227 2406 2439 2488  
  3228 2350 2406 2319  
  3229 2488 2439 2526  
  3230 2319 2406 2379  
  3231 2526 2439 2465  
  3232 2488 2526 2577  
  3233 2379 2406 2461  
  3234 2577 2526 2613  
  3235 2488 2577 2544  
  3236 2461 2406 2488  
  3237 2613 2526 2555  
  3238 2544 2577 2628  
  3239 2555 2526 2465  
  3240 2628 2577 2666  
  3241 2666 2577 2613  
  3242 2628 2666 2718  
  3243 2666 2613 2698  
  3244 2718 2666 2759  
  3245 2666 2698 2759  
  3246 2718 2759 2805  
  3247 2759 2698 2783  
  3248 2805 2759 2837  
  3249 2718 2805 2775  
  3250 2759 2783 2837  
  3251 2775 2805 2861  
  3252 2837 2783 2870  
  3253 2861 2805 2897  
  3254 2775 2861 2831  
  3255 2870 2783 2819  
  3256 2897 2805 2837  
  3257 2831 2861 2921  
  3258 2870 2819 2909  
  3259 2921 2861 2946  
  3260 2831 2921 2896  
  3261 2946 2861 2897  
  3262 2921 2946 3007  
  3263 2896 2921 2974  
  3264 2946 2897 2976  
  3265 3007 2946 3038  
  3266 2974 2921 3007  
  3267 2976 2897 2926  
  3268 3038 2946 2976  
  3269 2974 3007 3064  
  3270 2926 2897 2837  
  3271 3064 3007 3092  
  3272 2974 3064 3039  
  3273 3092 3007 3038  
  3274 3064 3092 3148  
  3275 3039 3064 3120  
  3276 3092 3038 3121  
  3277 3148 3092 3185  
  3278 3120 3064 3148  
  3279 3121 3038 3069  
  3280 3185 3092 3121  
  3281 3069 3038 2976  
  3282 3121 3069 3157  
  3283 3069 2976 3011  
  3284 3157 3069 3104  
  3285 3011 2976 2926  
  3286 3069 3011 3104  
  3287 3104 3011 3044  
  3288 3044 3011 2956  
  3289 3104 3044 3127  
  3290 2956 3011 2926  
  3291 3044 2956 2987  
  3292 3127 3044 3081  
  3293 2987 2956 2909  
  3294 3044 2987 3081  
  3295 2909 2956 2870  
  3296 2870 2956 2926  
  3297 2870 2926 2837  
  3298 3407 3492 3454  
  3299 3454 3492 3542  
  3300 3407 3454 3374  
  3301 3542 3492 3575  
  3302 3374 3454 3420  
  3303 3420 3454 3509  
  3304 3374 3420 3335  
  3305 3509 3454 3542  
  3306 3335 3420 3380  
  3307 3509 3542 3586  
  3308 3380 3420 3466  
  3309 3586 3542 3620  
  3310 3466 3420 3509  
  3311 3620 3542 3575  
  3312 3466 3509 3552  
  3313 3552 3509 3586  
  3314 3466 3552 3515  
  3315 3552 3586 3634  
  3316 3515 3552 3594  
  3317 3634 3586 3669  
  3318 3594 3552 3634  
  3319 3669 3586 3620  
  3320 3634 3669 3713  
  3321 3669 3620 3719  
  3322 3713 3669 3733  
  3323 3719 3620 3660  
  3324 3669 3719 3733  
  3325 3660 3620 3575  
  3326 3733 3719 3818  
  3327 3660 3575 3615  
  3328 3660 3615 3699  
  3329 3699 3615 3653  
  3330 3660 3699 3734  
  3331 3699 3653 3728  
  3332 3734 3699 3790  
  3333 3728 3653 3688  
  3334 3728 3688 3814  
  3335 2342 2304 2258  
  3336 2258 2304 2219  
  3337 2342 2258 2299  
  3338 2258 2219 2172  
  3339 2299 2258 2216  
  3340 2172 2219 2139  
  3341 2216 2258 2172  
  3342 2139 2219 2179  
  3343 2216 2172 2134  
  3344 2139 2179 2096  
  3345 2134 2172 2086  
  3346 2096 2179 2144  
  3347 2086 2172 2139  
  3348 2134 2086 2046  
  3349 2144 2179 2232  
  3350 2046 2086 2006  
  3351 2134 2046 2083  
  3352 2006 2086 2049  
  3353 2046 2006 1962  
  3354 2083 2046 2001  
  3355 2049 2086 2139  
  3356 1962 2006 1922  
  3357 2001 2046 1962  
  3358 2049 2139 2096  
  3359 1922 2006 1968  
  3360 2001 1962 1918  
  3361 2049 2096 2015  
  3362 1968 2006 2049  
  3363 1918 1962 1882  
  3364 2015 2096 2058  
  3365 1882 1962 1922  
  3366 1918 1882 1829  
  3367 2058 2096 2144  
  3368 1882 1922 1833  
  3369 1829 1882 1799  
  3370 2058 2144 2111  
  3371 1833 1922 1890  
  3372 1799 1882 1833  
  3373 2111 2144 2194  
  3374 1890 1922 1968  
  3375 2194 2144 2232  
  3376 2111 2194 2161  
  3377 2161 2194 2247  
  3378 2111 2161 2076  
  3379 2161 2247 2213  
  3380 2076 2161 2131  
  3381 2161 2213 2131  
  3382 2131 2213 2176  
  3383 2176 2213 2268  
  3384 2131 2176 2095  
  3385 2176 2268 2235  
  3386 2095 2176 2150  
  3387 2235 2268 2319  
  3388 2176 2235 2150  
  3389 2150 2235 2202  
  3390 2202 2235 2289  
  3391 2150 2202 2122  
  3392 2289 2235 2319  
  3393 2202 2289 2259  
  3394 2122 2202 2173  
  3395 2289 2319 2379  
  3396 2259 2289 2343  
  3397 2173 2202 2259  
  3398 2289 2379 2343  
  3399 2173 2259 2238  
  3400 2343 2379 2431  
  3401 2238 2259 2317  
  3402 2173 2238 2151  
  3403 2431 2379 2461  
  3404 2317 2259 2343  
  3405 2151 2238 2209  
  3406 2317 2343 2404  
  3407 2209 2238 2292  
  3408 2151 2209 2130  
  3409 2404 2343 2431  
  3410 2292 2238 2317  
  3411 2130 2209 2183  
  3412 2404 2431 2485  
  3413 2292 2317 2382  
  3414 2183 2209 2273  
  3415 2485 2431 2511  
  3416 2382 2317 2404  
  3417 2273 2209 2292  
  3418 2511 2431 2461  
  3419 2273 2292 2357  
  3420 2511 2461 2544  
  3421 2357 2292 2382  
  3422 2544 2461 2488  
  3423 2511 2544 2604  
  3424 2357 2382 2441  
  3425 2604 2544 2628  
  3426 2511 2604 2571  
  3427 2441 2382 2462  
  3428 2604 2628 2686  
  3429 2571 2604 2655  
  3430 2462 2382 2404  
  3431 2686 2628 2718  
  3432 2655 2604 2686  
  3433 2686 2718 2775  
  3434 2686 2775 2753  
  3435 2753 2775 2831  
  3436 2686 2753 2655  
  3437 2753 2831 2802  
  3438 2655 2753 2717  
  3439 2753 2802 2717  
  3440 2717 2802 2777  
  3441 2777 2802 2863  
  3442 2717 2777 2691  
  3443 2863 2802 2896  
  3444 2777 2863 2839  
  3445 2691 2777 2761  
  3446 2896 2802 2831  
  3447 2839 2863 2925  
  3448 2761 2777 2839  
  3449 2839 2925 2904  
  3450 2904 2925 2979  
  3451 2839 2904 2813  
  3452 2979 2925 3010  
  3453 2813 2904 2877  
  3454 2839 2813 2761  
  3455 3010 2925 2949  
  3456 2877 2904 2961  
  3457 2761 2813 2731  
  3458 3010 2949 3039  
  3459 2961 2904 2979  
  3460 2731 2813 2790  
  3461 3039 2949 2974  
  3462 2961 2979 3046  
  3463 2790 2813 2877  
  3464 2974 2949 2896  
  3465 3046 2979 3075  
  3466 2896 2949 2863  
  3467 3075 2979 3010  
  3468 2863 2949 2925  
  3469 3075 3010 3100  
  3470 3100 3010 3039  
  3471 3075 3100 3158  
  3472 3158 3100 3187  
  3473 3075 3158 3126  
  3474 3187 3100 3120  
  3475 3126 3158 3217  
  3476 3075 3126 3046  
  3477 3120 3100 3039  
  3478 3217 3158 3246  
  3479 3046 3126 3108  
  3480 3217 3246 3305  
  3481 3108 3126 3198  
  3482 3305 3246 3334  
  3483 3198 3126 3217  
  3484 3108 3198 3171  
  3485 3334 3246 3268  
  3486 3198 3217 3280  
  3487 3171 3198 3257  
  3488 3268 3246 3187  
  3489 3280 3217 3305  
  3490 3257 3198 3280  
  3491 3187 3246 3158  
  3492 3280 3305 3372  
  3493 3372 3305 3390  
  3494 3280 3372 3345  
  3495 3390 3305 3334  
  3496 3345 3372 3425  
  3497 3390 3334 3415  
  3498 3425 3372 3446  
  3499 3415 3334 3358  
  3500 3390 3415 3475  
  3501 3446 3372 3390  
  3502 3358 3334 3268  
  3503 3475 3415 3503  
  3504 3446 3390 3475  
  3505 3503 3415 3435  
  3506 3475 3503 3581  
  3507 3446 3475 3533  
  3508 3435 3415 3358  
  3509 3533 3475 3581  
  3510 3446 3533 3512  
  3511 3435 3358 3383  
  3512 3512 3533 3598  
  3513 3446 3512 3425  
  3514 3383 3358 3294  
  3515 3598 3533 3631  
  3516 3425 3512 3486  
  3517 3294 3358 3268  
  3518 3486 3512 3564  
  3519 3425 3486 3405  
  3520 3294 3268 3211  
  3521 3564 3512 3598  
  3522 3405 3486 3469  
  3523 3211 3268 3187  
  3524 3564 3598 3674  
  3525 3469 3486 3556  
  3526 3211 3187 3120  
  3527 3674 3598 3689  
  3528 3556 3486 3564  
  3529 3556 3564 3625  
  3530 3625 3564 3674  
  3531 3556 3625 3639  
  3532 3639 3625 3705  
  3533 3705 3625 3674  
  3534 3335 3380 3289  
  3535 3289 3380 3346  
  3536 3335 3289 3243  
  3537 3346 3380 3428  
  3538 3289 3346 3256  
  3539 3243 3289 3207  
  3540 3428 3380 3466  
  3541 3256 3346 3312  
  3542 3207 3289 3256  
  3543 3428 3466 3515  
  3544 3312 3346 3396  
  3545 3207 3256 3168  
  3546 3428 3515 3480  
  3547 3396 3346 3428  
  3548 3168 3256 3223  
  3549 3480 3515 3561  
  3550 3223 3256 3312  
  3551 3168 3223 3127  
  3552 3561 3515 3594  
  3553 3223 3312 3274  
  3554 3127 3223 3192  
  3555 3561 3594 3646  
  3556 3274 3312 3369  
  3557 3192 3223 3274  
  3558 3646 3594 3678  
  3559 3369 3312 3396  
  3560 3678 3594 3634  
  3561 3646 3678 3724  
  3562 3678 3634 3713  
  3563 3724 3678 3760  
  3564 3646 3724 3694  
  3565 3678 3713 3760  
  3566 3694 3724 3772  
  3567 3760 3713 3788  
  3568 3772 3724 3805  
  3569 3694 3772 3741  
  3570 3788 3713 3733  
  3571 3805 3724 3760  
  3572 3741 3772 3827  
  3573 3788 3733 3818  
  3574 3818 3719 3810  
  3575 3827 3772 3855  
  3576 3741 3827 3792  
  3577 3855 3772 3805  
  3578 3792 3827 3863  
  3579 3792 3863 3800  
  3580 3741 3792 3714  
  3581 3855 3805 3885  
  3582 3714 3792 3800  
  3583 3741 3714 3667  
  3584 3885 3805 3842  
  3585 3667 3714 3636  
  3586 3741 3667 3694  
  3587 3842 3805 3760  
  3588 3636 3714 3703  
  3589 3694 3667 3616  
  3590 3616 3667 3582  
  3591 3694 3616 3646  
  3592 3582 3667 3636  
  3593 3646 3616 3561  
  3594 3582 3636 3555  
  3595 3561 3616 3535  
  3596 3555 3636 3602  
  3597 3535 3616 3582  
  3598 3561 3535 3480  
  3599 3602 3636 3703  
  3600 3535 3582 3508  
  3601 3480 3535 3445  
  3602 3508 3582 3555  
  3603 3445 3535 3508  
  3604 3480 3445 3396  
  3605 3445 3508 3419  
  3606 3396 3445 3369  
  3607 3419 3508 3471  
  3608 3445 3419 3369  
  3609 3471 3508 3555  
  3610 3369 3419 3336  
  3611 3471 3555 3523  
  3612 3336 3419 3387  
  3613 3523 3555 3602  
  3614 3471 3523 3434  
  3615 3387 3419 3471  
  3616 3523 3602 3577  
  3617 3434 3523 3497  
  3618 3387 3471 3434  
  3619 3577 3602 3670  
  3620 3497 3523 3577  
  3621 3497 3577 3551  
  3622 3551 3577 3637  
  3623 3497 3551 3468  
  3624 3468 3551 3522  
  3625 3497 3468 3410  
  3626 3522 3551 3606  
  3627 3468 3522 3435  
  3628 3410 3468 3383  
  3629 3435 3522 3503  
  3630 3468 3435 3383  
  3631 3503 3522 3581  
  3632 2299 2216 2255  
  3633 2255 2216 2168  
  3634 2299 2255 2340  
  3635 2168 2216 2134  
  3636 2255 2168 2215  
  3637 2340 2255 2298  
  3638 2168 2134 2083  
  3639 2215 2168 2133  
  3640 2298 2255 2215  
  3641 2168 2083 2133  
  3642 2298 2215 2257  
  3643 2133 2083 2043  
  3644 2257 2215 2170  
  3645 2298 2257 2341  
  3646 2043 2083 2001  
  3647 2170 2215 2133  
  3648 2341 2257 2303  
  3649 2170 2133 2085  
  3650 2303 2257 2218  
  3651 2341 2303 2391  
  3652 2085 2133 2043  
  3653 2218 2257 2170  
  3654 2391 2303 2354  
  3655 2085 2043 2004  
  3656 2218 2170 2137  
  3657 2354 2303 2269  
  3658 2004 2043 1961  
  3659 2137 2170 2085  
  3660 2269 2303 2218  
  3661 1961 2043 2001  
  3662 2137 2085 2048  
  3663 2269 2218 2177  
  3664 1961 2001 1918  
  3665 2048 2085 2004  
  3666 2177 2218 2137  
  3667 2048 2004 1967  
  3668 2177 2137 2094  
  3669 1967 2004 1921  
  3670 2048 1967 2012  
  3671 2094 2137 2048  
  3672 1921 2004 1961  
  3673 2012 1967 1930  
  3674 2094 2048 2012  
  3675 1930 1967 1888  
  3676 2012 1930 1972  
  3677 1888 1967 1921  
  3678 1930 1888 1840  
  3679 1972 1930 1893  
  3680 1888 1921 1832  
  3681 1840 1888 1802  
  3682 1893 1930 1840  
  3683 1832 1921 1881  
  3684 1802 1888 1832  
  3685 1881 1921 1961  
  3686 1832 1881 1798  
  3687 1881 1961 1918  
  3688 1798 1881 1829  
  3689 1881 1918 1829  
  3690 3425 3405 3345  
  3691 3345 3405 3325  
  3692 3325 3405 3389  
  3693 3345 3325 3257  
  3694 3389 3405 3469  
  3695 3325 3389 3301  
  3696 3257 3325 3240  
  3697 3301 3429 3351  
  3698 3325 3301 3240  
  3699 3240 3301 3230  
  3700 3207 3168 3114  
  3701 3114 3168 3081  
  3702 3207 3114 3154  
  3703 3081 3168 3127  
  3704 3207 3154 3243  
  3705 2391 2354 2443  
  3706 2391 2443 2473  
  3707 2473 2443 2529  
  3708 2529 2443 2483  
  3709 2473 2529 2563  
  3710 2483 2443 2400  
  3711 2563 2529 2615  
  3712 2473 2563 2518  
  3713 2400 2443 2354  
  3714 2615 2529 2572  
  3715 2563 2615 2647  
  3716 2518 2563 2610  
  3717 2572 2529 2483  
  3718 2563 2647 2610  
  3719 2572 2483 2537  
  3720 2610 2647 2696  
  3721 2537 2483 2450  
  3722 2572 2537 2621  
  3723 2696 2647 2747  
  3724 2450 2483 2400  
  3725 2621 2537 2592  
  3726 2747 2647 2701  
  3727 2592 2537 2499  
  3728 2621 2592 2676  
  3729 2701 2647 2615  
  3730 2499 2537 2450  
  3731 2676 2592 2634  
  3732 2701 2615 2662  
  3733 2634 2592 2552  
  3734 2676 2634 2729  
  3735 2662 2615 2572  
  3736 2552 2592 2499  
  3737 2729 2634 2694  
  3738 2662 2572 2621  
  3739 2694 2634 2609  
  3740 2729 2694 2779  
  3741 2609 2634 2552  
  3742 2694 2609 2660  
  3743 2779 2694 2754  
  3744 2609 2552 2520  
  3745 2660 2609 2570  
  3746 2754 2694 2660  
  3747 2520 2552 2463  
  3748 2570 2609 2520  
  3749 2754 2660 2714  
  3750 2463 2552 2499  
  3751 2714 2660 2626  
  3752 2754 2714 2798  
  3753 2626 2660 2570  
  3754 2714 2626 2682  
  3755 2798 2714 2772  
  3756 2626 2570 2541  
  3757 2682 2626 2600  
  3758 2772 2714 2682  
  3759 2541 2570 2484  
  3760 2600 2626 2541  
  3761 2484 2570 2520  
  3762 2541 2484 2456  
  3763 2484 2520 2436  
  3764 2456 2484 2402  
  3765 2436 2520 2463  
  3766 2484 2436 2402  
  3767 2402 2436 2345  
  3768 2345 2436 2383  
  3769 2402 2345 2315  
  3770 2383 2436 2463  
  3771 2345 2383 2293  
  3772 2315 2345 2262  
  3773 2293 2383 2325  
  3774 2345 2293 2262  
  3775 2325 2383 2413  
  3776 2262 2293 2208  
  3777 2413 2383 2463  
  3778 2325 2413 2366  
  3779 2208 2293 2246  
  3780 2366 2413 2450  
  3781 2325 2366 2280  
  3782 2246 2293 2325  
  3783 2450 2413 2499  
  3784 2280 2366 2311  
  3785 2499 2413 2463  
  3786 2311 2366 2400  
  3787 2280 2311 2230  
  3788 2400 2366 2450  
  3789 2311 2400 2354  
  3790 2230 2311 2269  
  3791 2311 2354 2269  
  3792 2230 2269 2177  
  3793 2230 2177 2142  
  3794 2142 2177 2094  
  3795 2230 2142 2191  
  3796 2142 2094 2056  
  3797 2191 2142 2108  
  3798 2056 2094 2012  
  3799 2142 2056 2108  
  3800 2108 2056 2025  
  3801 2025 2056 1972  
  3802 2108 2025 2075  
  3803 1972 2056 2012  
  3804 2025 1972 1939  
  3805 2075 2025 1993  
  3806 1939 1972 1893  
  3807 1993 2025 1939  
  3808 2075 1993 2041  
  3809 1939 1893 1857  
  3810 1993 1939 1911  
  3811 2041 1993 1956  
  3812 1857 1893 1809  
  3813 1911 1939 1857  
  3814 1956 1993 1911  
  3815 1809 1893 1840  
  3816 1956 1911 1880  
  3817 1809 1840 1764  
  3818 1880 1911 1825  
  3819 1956 1880 1929  
  3820 1764 1840 1802  
  3821 1825 1911 1857  
  3822 1929 1880 1842  
  3823 1764 1802 1718  
  3824 1842 1880 1796  
  3825 1929 1842 1899  
  3826 1718 1802 1757  
  3827 1796 1880 1825  
  3828 1899 1842 1811  
  3829 1757 1802 1832  
  3830 1796 1825 1747  
  3831 1811 1842 1767  
  3832 1757 1832 1798  
  3833 1747 1825 1781  
  3834 1767 1842 1796  
  3835 1781 1825 1857  
  3836 1747 1781 1691  
  3837 1781 1857 1809  
  3838 1691 1781 1728  
  3839 1781 1809 1728  
  3840 1728 1809 1764  
  3841 1728 1764 1678  
  3842 1678 1764 1718  
  3843 1728 1678 1648  
  3844 1678 1718 1638  
  3845 1648 1678 1601  
  3846 1638 1718 1673  
  3847 1678 1638 1601  
  3848 1673 1718 1757  
  3849 1601 1638 1557  
  3850 1673 1757 1711  
  3851 1557 1638 1594  
  3852 1601 1557 1525  
  3853 1711 1757 1798  
  3854 1594 1638 1673  
  3855 1525 1557 1476  
  3856 1711 1798 1754  
  3857 1476 1557 1518  
  3858 1525 1476 1447  
  3859 1754 1798 1829  
  3860 1518 1557 1594  
  3861 1447 1476 1407  
  3862 1754 1829 1799  
  3863 1518 1594 1551  
  3864 1407 1476 1438  
  3865 1754 1799 1712  
  3866 1551 1594 1632  
  3867 1438 1476 1518  
  3868 1712 1799 1759  
  3869 1632 1594 1673  
  3870 1759 1799 1833  
  3871 1712 1759 1674  
  3872 1632 1673 1711  
  3873 1674 1759 1719  
  3874 1712 1674 1633  
  3875 1719 1759 1804  
  3876 1674 1719 1639  
  3877 1633 1674 1596  
  3878 1804 1759 1833  
  3879 1639 1719 1679  
  3880 1596 1674 1639  
  3881 1679 1719 1769  
  3882 1639 1679 1604  
  3883 1769 1719 1804  
  3884 1679 1769 1730  
  3885 1604 1679 1651  
  3886 1730 1769 1810  
  3887 1679 1730 1651  
  3888 1810 1769 1844  
  3889 1651 1730 1692  
  3890 1844 1769 1804  
  3891 1810 1844 1894  
  3892 1692 1730 1783  
  3893 1894 1844 1933  
  3894 1810 1894 1862  
  3895 1783 1730 1810  
  3896 1933 1844 1890  
  3897 1862 1894 1942  
  3898 1783 1810 1862  
  3899 1890 1844 1804  
  3900 1942 1894 1975  
  3901 1890 1804 1833  
  3902 1975 1894 1933  
  3903 1975 1933 2015  
  3904 2015 1933 1968  
  3905 1968 1933 1890  
  3906 2015 1968 2049  
  3907 2701 2662 2757  
  3908 2757 2662 2709  
  3909 2701 2757 2787  
  3910 2709 2662 2621  
  3911 2757 2709 2793  
  3912 2787 2757 2838  
  3913 2793 2709 2765  
  3914 2757 2793 2838  
  3915 2765 2709 2676  
  3916 2838 2793 2890  
  3917 2676 2709 2621  
  3918 2765 2676 2729  
  3919 2890 2793 2852  
  3920 2852 2793 2765  
  3921 2890 2852 2937  
  3922 2852 2765 2814  
  3923 2937 2852 2907  
  3924 2890 2937 2971  
  3925 2814 2765 2729  
  3926 2907 2852 2814  
  3927 2971 2937 3024  
  3928 2814 2729 2779  
  3929 3024 2937 2985  
  3930 2971 3024 3062  
  3931 2985 2937 2907  
  3932 3024 2985 3079  
  3933 3062 3024 3112  
  3934 2985 2907 2953  
  3935 3079 2985 3042  
  3936 3112 3024 3079  
  3937 2953 2907 2866  
  3938 3042 2985 2953  
  3939 3112 3079 3167  
  3940 2866 2907 2814  
  3941 3167 3079 3124  
  3942 3112 3167 3206  
  3943 3124 3079 3042  
  3944 3167 3124 3218  
  3945 3206 3167 3254  
  3946 3124 3042 3101  
  3947 3218 3124 3190  
  3948 3254 3167 3218  
  3949 3101 3042 3009  
  3950 3190 3124 3101  
  3951 3218 3190 3273  
  3952 3009 3042 2953  
  3953 3101 3009 3065  
  3954 3273 3190 3241  
  3955 3218 3273 3309  
  3956 3065 3009 2973  
  3957 3101 3065 3151  
  3958 3241 3190 3151  
  3959 3309 3273 3368  
  3960 2973 3009 2924  
  3961 3151 3065 3118  
  3962 3151 3190 3101  
  3963 3368 3273 3330  
  3964 2924 3009 2953  
  3965 3118 3065 3037  
  3966 3330 3273 3241  
  3967 3037 3065 2973  
  3968 3118 3037 3088  
  3969 3037 2973 2943  
  3970 3088 3037 2999  
  3971 2943 2973 2894  
  3972 3037 2943 2999  
  3973 2894 2973 2924  
  3974 2943 2894 2859  
  3975 2999 2943 2914  
  3976 2894 2924 2834  
  3977 2859 2894 2798  
  3978 2914 2943 2859  
  3979 2999 2914 2968  
  3980 2834 2924 2866  
  3981 2798 2894 2834  
  3982 2968 2914 2889  
  3983 2999 2968 3060  
  3984 2866 2924 2953  
  3985 2798 2834 2754  
  3986 2889 2914 2828  
  3987 3060 2968 3036  
  3988 2754 2834 2779  
  3989 2828 2914 2859  
  3990 3036 2968 2944  
  3991 2779 2834 2866  
  3992 2828 2859 2772  
  3993 2944 2968 2889  
  3994 2779 2866 2814  
  3995 2772 2859 2798  
  3996 2944 2889 2860  
  3997 2860 2889 2795  
  3998 2795 2889 2828  
  3999 2860 2795 2774  
  4000 2774 2795 2712  
  4001 2860 2774 2833  
  4002 2712 2795 2750  
  4003 2833 2774 2756  
  4004 2750 2795 2828  
  4005 2756 2774 2685  
  4006 2833 2756 2808  
  4007 2685 2774 2712  
  4008 2756 2685 2664  
  4009 2808 2756 2725  
  4010 2685 2712 2625  
  4011 2664 2685 2607  
  4012 2725 2756 2664  
  4013 2625 2712 2653  
  4014 2607 2685 2625  
  4015 2664 2607 2581  
  4016 2653 2712 2750  
  4017 2625 2653 2567  
  4018 2581 2607 2513  
  4019 2664 2581 2633  
  4020 2567 2653 2600  
  4021 2625 2567 2542  
  4022 2513 2607 2542  
  4023 2633 2581 2553  
  4024 2600 2653 2682  
  4025 2542 2567 2481  
  4026 2542 2607 2625  
  4027 2553 2581 2492  
  4028 2682 2653 2750  
  4029 2542 2481 2458  
  4030 2492 2581 2513  
  4031 2553 2492 2466  
  4032 2458 2481 2398  
  4033 2542 2458 2513  
  4034 2466 2492 2409  
  4035 2553 2466 2535  
  4036 2398 2481 2426  
  4037 2513 2458 2434  
  4038 2409 2492 2434  
  4039 2535 2466 2449  
  4040 2426 2481 2510  
  4041 2434 2458 2378  
  4042 2434 2492 2513  
  4043 2449 2466 2386  
  4044 2510 2481 2567  
  4045 2378 2458 2398  
  4046 2386 2466 2409  
  4047 2510 2567 2600  
  4048 2378 2398 2313  
  4049 2510 2600 2541  
  4050 2313 2398 2339  
  4051 2510 2541 2456  
  4052 2339 2398 2426  
  4053 2510 2456 2426  
  4054 2426 2456 2374  
  4055 2374 2456 2402  
  4056 2374 2402 2315  
  4057 2374 2315 2285  
  4058 2285 2315 2234  
  4059 2374 2285 2339  
  4060 2234 2315 2262  
  4061 2339 2285 2256  
  4062 2374 2339 2426  
  4063 2256 2285 2198  
  4064 2339 2256 2313  
  4065 2256 2198 2171  
  4066 2313 2256 2233  
  4067 2256 2171 2233  
  4068 2233 2171 2149  
  4069 2149 2171 2088  
  4070 2233 2149 2204  
  4071 2088 2171 2118  
  4072 2149 2088 2064  
  4073 2204 2149 2124  
  4074 2118 2171 2198  
  4075 2064 2088 2010  
  4076 2124 2149 2064  
  4077 2010 2088 2034  
  4078 2064 2010 1985  
  4079 2034 2088 2118  
  4080 2010 2034 1952  
  4081 1985 2010 1928  
  4082 2034 2118 2063  
  4083 1952 2034 1981  
  4084 1928 2010 1952  
  4085 1985 1928 1904  
  4086 2063 2118 2148  
  4087 1981 2034 2063  
  4088 1904 1928 1839  
  4089 1985 1904 1957  
  4090 2148 2118 2198  
  4091 1981 2063 2011  
  4092 1839 1928 1876  
  4093 1957 1904 1884  
  4094 2011 2063 2091  
  4095 1981 2011 1929  
  4096 1876 1928 1952  
  4097 1884 1904 1817  
  4098 2091 2063 2148  
  4099 1929 2011 1956  
  4100 1876 1952 1899  
  4101 1817 1904 1839  
  4102 1956 2011 2041  
  4103 1899 1952 1981  
  4104 1817 1839 1770  
  4105 2041 2011 2091  
  4106 1899 1981 1929  
  4107 1770 1839 1793  
  4108 2041 2091 2126  
  4109 1793 1839 1876  
  4110 1770 1793 1703  
  4111 2126 2091 2174  
  4112 2041 2126 2075  
  4113 1793 1876 1811  
  4114 1703 1793 1733  
  4115 2174 2091 2148  
  4116 2075 2126 2155  
  4117 1793 1811 1733  
  4118 2174 2148 2234  
  4119 2155 2126 2208  
  4120 1733 1811 1767  
  4121 2234 2148 2198  
  4122 2174 2234 2262  
  4123 2208 2126 2174  
  4124 1733 1767 1680  
  4125 2234 2198 2285  
  4126 2208 2174 2262  
  4127 1680 1767 1710  
  4128 1733 1680 1652  
  4129 1680 1710 1635  
  4130 1652 1680 1606  
  4131 1635 1710 1657  
  4132 1680 1635 1606  
  4133 1657 1710 1747  
  4134 1635 1657 1579  
  4135 1606 1635 1554  
  4136 1747 1710 1796  
  4137 1657 1747 1691  
  4138 1579 1657 1620  
  4139 1554 1635 1579  
  4140 1796 1710 1767  
  4141 1657 1691 1620  
  4142 1554 1579 1502  
  4143 1502 1579 1536  
  4144 1554 1502 1475  
  4145 1536 1579 1620  
  4146 1502 1536 1458  
  4147 1475 1502 1430  
  4148 1536 1620 1567  
  4149 1458 1536 1487  
  4150 1430 1502 1458  
  4151 1475 1430 1404  
  4152 1567 1620 1648  
  4153 1487 1536 1567  
  4154 1404 1430 1350  
  4155 1475 1404 1451  
  4156 1648 1620 1691  
  4157 1487 1567 1525  
  4158 1350 1430 1385  
  4159 1451 1404 1380  
  4160 1525 1567 1601  
  4161 1487 1525 1447  
  4162 1385 1430 1458  
  4163 1380 1404 1323  
  4164 1601 1567 1648  
  4165 1323 1404 1350  
  4166 1380 1323 1302  
  4167 1323 1350 1284  
  4168 1302 1323 1253  
  4169 1284 1350 1308  
  4170 1323 1284 1253  
  4171 1308 1350 1385  
  4172 1253 1284 1210  
  4173 1308 1385 1337  
  4174 1210 1284 1235  
  4175 1337 1385 1417  
  4176 1308 1337 1269  
  4177 1235 1284 1308  
  4178 1417 1385 1458  
  4179 1337 1417 1369  
  4180 1269 1337 1296  
  4181 1417 1458 1487  
  4182 1369 1417 1447  
  4183 1337 1369 1296  
  4184 1447 1417 1487  
  4185 1369 1447 1407  
  4186 1296 1369 1324  
  4187 1369 1407 1324  
  4188 1296 1324 1252  
  4189 1324 1407 1358  
  4190 1252 1324 1289  
  4191 1296 1252 1224  
  4192 1358 1407 1438  
  4193 1289 1324 1358  
  4194 1224 1252 1185  
  4195 1296 1224 1269  
  4196 1289 1358 1319  
  4197 1185 1252 1217  
  4198 1269 1224 1195  
  4199 1319 1358 1399  
  4200 1217 1252 1289  
  4201 1185 1217 1143  
  4202 1195 1224 1154  
  4203 1399 1358 1438  
  4204 1143 1217 1177  
  4205 1185 1143 1112  
  4206 1154 1224 1185  
  4207 1399 1438 1472  
  4208 1177 1217 1247  
  4209 1112 1143 1076  
  4210 1472 1438 1518  
  4211 1399 1472 1437  
  4212 1247 1217 1289  
  4213 1076 1143 1108  
  4214 1472 1518 1551  
  4215 1437 1472 1513  
  4216 1247 1289 1319  
  4217 1108 1143 1177  
  4218 1513 1472 1551  
  4219 1437 1513 1473  
  4220 1108 1177 1137  
  4221 1513 1551 1592  
  4222 1473 1513 1552  
  4223 1137 1177 1216  
  4224 1592 1551 1632  
  4225 1513 1592 1552  
  4226 1216 1177 1247  
  4227 1552 1592 1633  
  4228 1216 1247 1287  
  4229 1633 1592 1670  
  4230 1552 1633 1596  
  4231 1287 1247 1319  
  4232 1670 1592 1632  
  4233 1633 1670 1712  
  4234 1287 1319 1355  
  4235 1712 1670 1754  
  4236 1355 1319 1399  
  4237 1754 1670 1711  
  4238 1355 1399 1437  
  4239 1711 1670 1632  
  4240 1355 1437 1401  
  4241 1401 1437 1473  
  4242 1355 1401 1320  
  4243 1401 1473 1440  
  4244 1320 1401 1359  
  4245 1355 1320 1287  
  4246 1440 1473 1520  
  4247 1359 1401 1440  
  4248 1287 1320 1248  
  4249 1520 1473 1552  
  4250 1359 1440 1409  
  4251 1248 1320 1291  
  4252 1520 1552 1596  
  4253 1409 1440 1480  
  4254 1291 1320 1359  
  4255 1520 1596 1558  
  4256 1480 1440 1520  
  4257 1409 1480 1448  
  4258 1558 1596 1639  
  4259 1520 1558 1480  
  4260 1448 1480 1528  
  4261 1409 1448 1372  
  4262 1480 1558 1528  
  4263 1372 1448 1418  
  4264 1409 1372 1326  
  4265 1528 1558 1604  
  4266 1418 1448 1490  
  4267 1372 1418 1338  
  4268 1326 1372 1298  
  4269 1604 1558 1639  
  4270 1490 1448 1528  
  4271 1338 1418 1387  
  4272 1298 1372 1338  
  4273 1387 1418 1460  
  4274 1338 1387 1310  
  4275 1298 1338 1270  
  4276 1460 1418 1490  
  4277 1387 1460 1431  
  4278 1310 1387 1353  
  4279 1270 1338 1310  
  4280 1431 1460 1506  
  4281 1387 1431 1353  
  4282 1270 1310 1240  
  4283 1506 1460 1539  
  4284 1353 1431 1411  
  4285 1240 1310 1286  
  4286 1270 1240 1197  
  4287 1539 1460 1490  
  4288 1411 1431 1477  
  4289 1286 1310 1353  
  4290 1197 1240 1168  
  4291 1539 1490 1569  
  4292 1477 1431 1506  
  4293 1286 1353 1329  
  4294 1168 1240 1215  
  4295 1569 1490 1528  
  4296 1329 1353 1411  
  4297 1286 1329 1260  
  4298 1215 1240 1286  
  4299 1569 1528 1604  
  4300 1260 1329 1304  
  4301 1286 1260 1215  
  4302 1569 1604 1651  
  4303 1304 1329 1382  
  4304 1260 1304 1234  
  4305 1215 1260 1190  
  4306 1382 1329 1411  
  4307 1304 1382 1351  
  4308 1234 1304 1285  
  4309 1190 1260 1234  
  4310 1351 1382 1428  
  4311 1304 1351 1285  
  4312 1428 1382 1453  
  4313 1351 1428 1413  
  4314 1285 1351 1332  
  4315 1453 1382 1411  
  4316 1428 1453 1501  
  4317 1413 1428 1479  
  4318 1332 1351 1413  
  4319 1453 1411 1477  
  4320 1501 1453 1532  
  4321 1479 1428 1501  
  4322 1453 1477 1532  
  4323 1479 1501 1555  
  4324 1532 1477 1556  
  4325 1555 1501 1578  
  4326 1479 1555 1535  
  4327 1556 1477 1506  
  4328 1578 1501 1532  
  4329 1555 1578 1636  
  4330 1535 1555 1613  
  4331 1556 1506 1585  
  4332 1636 1578 1654  
  4333 1555 1636 1613  
  4334 1585 1506 1539  
  4335 1654 1578 1609  
  4336 1613 1636 1686  
  4337 1585 1539 1621  
  4338 1609 1578 1532  
  4339 1686 1636 1713  
  4340 1613 1686 1664  
  4341 1621 1539 1569  
  4342 1713 1636 1654  
  4343 1686 1713 1774  
  4344 1664 1686 1748  
  4345 1621 1569 1651  
  4346 1713 1654 1738  
  4347 1774 1713 1795  
  4348 1748 1686 1774  
  4349 1738 1654 1683  
  4350 1713 1738 1795  
  4351 1748 1774 1824  
  4352 1683 1654 1609  
  4353 1795 1738 1815  
  4354 1824 1774 1846  
  4355 1748 1824 1806  
  4356 1815 1738 1773  
  4357 1795 1815 1878  
  4358 1846 1774 1795  
  4359 1806 1824 1889  
  4360 1773 1738 1683  
  4361 1878 1815 1905  
  4362 1846 1795 1878  
  4363 1889 1824 1910  
  4364 1905 1815 1845  
  4365 1878 1905 1954  
  4366 1846 1878 1934  
  4367 1910 1824 1846  
  4368 1845 1815 1773  
  4369 1954 1905 1987  
  4370 1934 1878 1954  
  4371 1910 1846 1934  
  4372 1987 1905 1935  
  4373 1954 1987 2037  
  4374 1934 1954 2013  
  4375 1910 1934 1989  
  4376 1935 1905 1845  
  4377 2037 1987 2067  
  4378 2013 1954 2037  
  4379 1989 1934 2013  
  4380 2067 1987 2016  
  4381 2037 2067 2122  
  4382 2013 2037 2093  
  4383 1989 2013 2070  
  4384 2016 1987 1935  
  4385 2122 2067 2150  
  4386 2093 2037 2122  
  4387 2070 2013 2093  
  4388 2150 2067 2095  
  4389 2093 2122 2173  
  4390 2070 2093 2151  
  4391 2095 2067 2016  
  4392 2093 2173 2151  
  4393 2095 2016 2042  
  4394 2042 2016 1960  
  4395 2095 2042 2131  
  4396 1960 2016 1935  
  4397 2131 2042 2076  
  4398 2076 2042 1994  
  4399 1994 2042 1960  
  4400 2076 1994 2027  
  4401 1994 1960 1912  
  4402 2027 1994 1942  
  4403 1912 1960 1883  
  4404 1994 1912 1942  
  4405 1883 1960 1935  
  4406 1942 1912 1862  
  4407 1883 1935 1845  
  4408 1862 1912 1827  
  4409 1883 1845 1800  
  4410 1827 1912 1883  
  4411 1800 1845 1773  
  4412 1827 1883 1800  
  4413 1800 1773 1715  
  4414 1827 1800 1749  
  4415 1715 1773 1683  
  4416 1749 1800 1715  
  4417 1715 1683 1637  
  4418 1637 1683 1609  
  4419 1715 1637 1662  
  4420 1637 1609 1556  
  4421 1662 1637 1585  
  4422 1715 1662 1749  
  4423 1556 1609 1532  
  4424 1585 1637 1556  
  4425 1749 1662 1692  
  4426 1692 1662 1621  
  4427 1621 1662 1585  
  4428 1692 1621 1651  
  4429 2280 2230 2191  
  4430 2280 2191 2246  
  4431 2246 2191 2155  
  4432 2280 2246 2325  
  4433 2155 2191 2108  
  4434 2246 2155 2208  
  4435 2155 2108 2075  
  4436 3060 3036 3117  
  4437 3117 3036 3091  
  4438 3060 3117 3141  
  4439 3091 3036 3006  
  4440 3117 3091 3191  
  4441 3141 3117 3208  
  4442 3006 3036 2944  
  4443 3191 3091 3173  
  4444 3208 3117 3191  
  4445 3006 2944 2923  
  4446 3208 3191 3264  
  4447 2923 2944 2860  
  4448 3264 3191 3251  
  4449 3208 3264 3290  
  4450 3290 3264 3354  
  4451 3208 3290 3234  
  4452 3354 3264 3342  
  4453 3290 3354 3379  
  4454 3234 3290 3323  
  4455 3379 3354 3432  
  4456 3290 3379 3323  
  4457 3432 3354 3409  
  4458 3323 3379 3408  
  4459 3409 3354 3342  
  4460 3432 3409 3500  
  4461 3408 3379 3462  
  4462 3500 3409 3431  
  4463 3432 3500 3519  
  4464 3462 3379 3432  
  4465 3519 3500 3580  
  4466 3432 3519 3462  
  4467 3580 3500 3573  
  4468 3462 3519 3546  
  4469 3546 3519 3597  
  4470 3462 3546 3490  
  4471 3597 3519 3580  
  4472 3546 3597 3624  
  4473 3490 3546 3570  
  4474 3597 3580 3663  
  4475 3624 3597 3681  
  4476 3570 3546 3624  
  4477 3490 3570 3529  
  4478 3681 3597 3663  
  4479 3681 3781 3744  
  4480 3681 3744 3697  
  4481 3624 3681 3697  
  4482 3624 3697 3643  
  4483 3529 3570 3643  
  4484 3490 3529 3433  
  4485 3433 3529 3467  
  4486 3490 3433 3408  
  4487 3467 3529 3553  
  4488 3433 3467 3381  
  4489 3408 3433 3353  
  4490 3553 3529 3643  
  4491 3467 3553 3504  
  4492 3381 3467 3412  
  4493 3353 3433 3381  
  4494 3504 3553 3584  
  4495 3584 3553 3665  
  4496 3467 3504 3412  
  4497 3353 3381 3292  
  4498 3412 3504 3442  
  4499 3292 3381 3330  
  4500 3353 3292 3261  
  4501 3442 3504 3530  
  4502 3330 3381 3412  
  4503 3292 3330 3241  
  4504 3261 3292 3210  
  4505 3530 3504 3584  
  4506 3292 3241 3210  
  4507 3210 3241 3151  
  4508 3210 3151 3118  
  4509 3210 3118 3178  
  4510 3178 3118 3088  
  4511 3210 3178 3261  
  4512 3178 3088 3141  
  4513 3261 3178 3234  
  4514 3141 3088 3060  
  4515 3234 3178 3141  
  4516 3261 3234 3323  
  4517 3060 3088 2999  
  4518 3261 3323 3353  
  4519 3353 3323 3408  
  4520 1817 1770 1744  
  4521 1744 1770 1681  
  4522 1817 1744 1801  
  4523 1681 1770 1703  
  4524 1744 1681 1656  
  4525 1801 1744 1721  
  4526 1681 1703 1631  
  4527 1656 1681 1608  
  4528 1721 1744 1656  
  4529 1631 1703 1652  
  4530 1608 1681 1631  
  4531 1652 1703 1733  
  4532 1631 1652 1576  
  4533 1576 1652 1606  
  4534 1576 1606 1530  
  4535 1530 1606 1554  
  4536 1530 1554 1475  
  4537 1530 1475 1451  
  4538 1530 1451 1499  
  4539 1499 1451 1426  
  4540 1530 1499 1576  
  4541 1426 1451 1380  
  4542 1499 1426 1474  
  4543 1576 1499 1553  
  4544 1426 1380 1349  
  4545 1474 1426 1405  
  4546 1553 1499 1474  
  4547 1576 1553 1631  
  4548 1349 1380 1302  
  4549 1405 1426 1349  
  4550 1631 1553 1608  
  4551 1405 1349 1325  
  4552 1608 1553 1533  
  4553 1405 1325 1383  
  4554 1533 1553 1474  
  4555 1383 1325 1307  
  4556 1405 1383 1455  
  4557 1307 1325 1258  
  4558 1383 1307 1356  
  4559 1455 1383 1433  
  4560 1258 1325 1281  
  4561 1307 1258 1239  
  4562 1356 1307 1292  
  4563 1433 1383 1356  
  4564 1281 1325 1349  
  4565 1239 1258 1191  
  4566 1292 1307 1239  
  4567 1433 1356 1419  
  4568 1191 1258 1208  
  4569 1239 1191 1171  
  4570 1292 1239 1222  
  4571 1419 1356 1343  
  4572 1208 1258 1281  
  4573 1171 1191 1119  
  4574 1222 1239 1171  
  4575 1343 1356 1292  
  4576 1119 1191 1134  
  4577 1171 1119 1102  
  4578 1222 1171 1152  
  4579 1343 1292 1275  
  4580 1134 1191 1208  
  4581 1102 1119 1052  
  4582 1152 1171 1102  
  4583 1275 1292 1222  
  4584 1052 1119 1070  
  4585 1102 1052 1032  
  4586 1152 1102 1086  
  4587 1275 1222 1201  
  4588 1070 1119 1134  
  4589 1032 1052 986  
  4590 1086 1102 1032  
  4591 1201 1222 1152  
  4592 986 1052 1002  
  4593 1032 986 971  
  4594 1086 1032 1016  
  4595 1201 1152 1131  
  4596 1002 1052 1070  
  4597 971 986 921  
  4598 1016 1032 971  
  4599 1131 1152 1086  
  4600 921 986 941  
  4601 971 921 907  
  4602 1016 971 958  
  4603 1131 1086 1067  
  4604 941 986 1002  
  4605 907 921 862  
  4606 958 971 907  
  4607 1067 1086 1016  
  4608 862 921 879  
  4609 907 862 839  
  4610 839 862 795  
  4611 958 907 892  
  4612 1067 1016 1003  
  4613 879 921 941  
  4614 892 907 839  
  4615 958 892 946  
  4616 1003 1016 958  
  4617 879 941 893  
  4618 946 892 881  
  4619 958 946 1003  
  4620 893 941 960  
  4621 879 893 834  
  4622 881 892 825  
  4623 1003 946 994  
  4624 960 941 1002  
  4625 834 893 852  
  4626 994 946 935  
  4627 1003 994 1059  
  4628 852 893 915  
  4629 834 852 788  
  4630 935 946 881  
  4631 1059 994 1043  
  4632 915 893 960  
  4633 788 852 814  
  4634 1043 994 980  
  4635 1059 1043 1111  
  4636 814 852 876  
  4637 788 814 748  
  4638 980 994 935  
  4639 1111 1043 1101  
  4640 876 852 915  
  4641 748 814 774  
  4642 1101 1043 1035  
  4643 1111 1101 1166  
  4644 774 814 836  
  4645 748 774 716  
  4646 1035 1043 980  
  4647 1166 1101 1149  
  4648 1149 1101 1091  
  4649 1166 1149 1221  
  4650 836 814 876  
  4651 716 774 738  
  4652 836 876 896  
  4653 738 774 797  
  4654 716 738 680  
  4655 896 876 938  
  4656 836 896 858  
  4657 797 774 836  
  4658 680 738 702  
  4659 938 876 915  
  4660 858 896 919  
  4661 702 738 763  
  4662 680 702 645  
  4663 919 896 963  
  4664 858 919 886  
  4665 763 738 797  
  4666 645 702 670  
  4667 963 896 938  
  4668 886 919 951  
  4669 670 702 729  
  4670 645 670 615  
  4671 951 919 987  
  4672 886 951 911  
  4673 729 702 763  
  4674 615 670 637  
  4675 987 919 963  
  4676 911 951 978  
  4677 637 670 692  
  4678 615 637 584  
  4679 978 951 1013  
  4680 911 978 942  
  4681 692 670 729  
  4682 584 637 604  
  4683 1013 951 987  
  4684 942 978 1005  
  4685 604 637 663  
  4686 584 604 547  
  4687 1005 978 1041  
  4688 942 1005 972  
  4689 663 637 692  
  4690 547 604 583  
  4691 1041 978 1013  
  4692 972 1005 1038  
  4693 583 604 634  
  4694 547 583 542  
  4695 542 583 582  
  4696 582 583 634  
  4697 542 582 544  
  4698 544 582 586  
  4699 586 582 630  
  4700 544 586 550  
  4701 550 586 590  
  4702 590 586 636  
  4703 550 590 560  
  4704 560 590 606  
  4705 630 582 634  
  4706 586 630 636  
  4707 636 630 682  
  4708 682 630 674  
  4709 636 682 687  
  4710 606 590 647  
  4711 560 606 572  
  4712 590 636 647  
  4713 647 636 687  
  4714 647 687 699  
  4715 699 687 746  
  4716 647 699 661  
  4717 674 630 634  
  4718 687 682 735  
  4719 699 746 756  
  4720 647 661 606  
  4721 606 661 628  
  4722 682 674 728  
  4723 746 687 735  
  4724 746 735 791  
  4725 661 699 708  
  4726 791 735 784  
  4727 746 791 801  
  4728 674 634 689  
  4729 682 728 735  
  4730 784 735 728  
  4731 699 756 708  
  4732 801 791 857  
  4733 728 674 689  
  4734 791 784 859  
  4735 756 746 801  
  4736 756 801 827  
  4737 827 801 861  
  4738 756 827 769  
  4739 661 708 685  
  4740 685 708 743  
  4741 1038 1005 1076  
  4742 972 1038 1001  
  4743 634 604 663  
  4744 857 791 859  
  4745 1076 1005 1041  
  4746 1001 1038 1071  
  4747 1076 1041 1112  
  4748 1071 1038 1108  
  4749 1001 1071 1039  
  4750 1112 1041 1084  
  4751 1071 1108 1137  
  4752 1039 1071 1109  
  4753 1084 1041 1013  
  4754 1071 1137 1109  
  4755 1084 1013 1054  
  4756 1109 1137 1178  
  4757 1054 1013 987  
  4758 1084 1054 1124  
  4759 1178 1137 1216  
  4760 1054 987 1025  
  4761 1124 1054 1095  
  4762 1178 1216 1248  
  4763 1025 987 963  
  4764 1095 1054 1025  
  4765 1124 1095 1167  
  4766 1248 1216 1287  
  4767 1025 963 1000  
  4768 1167 1095 1135  
  4769 1124 1167 1195  
  4770 1000 963 938  
  4771 1135 1095 1069  
  4772 1195 1167 1235  
  4773 1124 1195 1154  
  4774 1069 1095 1025  
  4775 1135 1069 1116  
  4776 1235 1167 1210  
  4777 1124 1154 1084  
  4778 1116 1069 1045  
  4779 1135 1116 1187  
  4780 1210 1167 1135  
  4781 1045 1069 1000  
  4782 1187 1116 1163  
  4783 1135 1187 1210  
  4784 1000 1069 1025  
  4785 1045 1000 981  
  4786 1163 1116 1089  
  4787 1210 1187 1253  
  4788 981 1000 938  
  4789 1089 1116 1045  
  4790 1253 1187 1231  
  4791 1089 1045 1021  
  4792 1231 1187 1163  
  4793 1021 1045 981  
  4794 1089 1021 1070  
  4795 1021 981 960  
  4796 1070 1021 1002  
  4797 1089 1070 1134  
  4798 960 981 915  
  4799 1002 1021 960  
  4800 915 981 938  
  4801 1989 2070 2044  
  4802 1989 2044 1963  
  4803 1963 2044 2023  
  4804 2023 2044 2105  
  4805 1963 2023 1941  
  4806 2105 2044 2130  
  4807 1941 2023 2000  
  4808 1963 1941 1889  
  4809 2130 2044 2070  
  4810 2000 2023 2081  
  4811 1941 2000 1923  
  4812 1889 1941 1865  
  4813 2130 2070 2151  
  4814 2081 2023 2105  
  4815 1923 2000 1984  
  4816 1865 1941 1923  
  4817 1984 2000 2060  
  4818 1923 1984 1907  
  4819 1865 1923 1838  
  4820 2060 2000 2081  
  4821 1984 2060 2045  
  4822 1907 1984 1966  
  4823 1838 1923 1907  
  4824 2045 2060 2127  
  4825 1984 2045 1966  
  4826 1838 1907 1823  
  4827 2127 2060 2143  
  4828 1966 2045 2031  
  4829 1823 1907 1891  
  4830 1838 1823 1766  
  4831 2143 2060 2081  
  4832 2031 2045 2109  
  4833 1891 1907 1966  
  4834 1766 1823 1750  
  4835 2143 2081 2163  
  4836 2109 2045 2127  
  4837 1891 1966 1950  
  4838 1750 1823 1807  
  4839 2163 2081 2105  
  4840 1950 1966 2031  
  4841 1891 1950 1877  
  4842 1807 1823 1891  
  4843 2163 2105 2183  
  4844 1877 1950 1937  
  4845 1891 1877 1807  
  4846 2183 2105 2130  
  4847 2163 2183 2250  
  4848 1937 1950 2017  
  4849 1807 1877 1778  
  4850 2250 2183 2273  
  4851 2163 2250 2227  
  4852 2017 1950 2031  
  4853 1778 1877 1856  
  4854 2227 2250 2309  
  4855 2163 2227 2143  
  4856 1856 1877 1937  
  4857 1778 1856 1785  
  4858 2309 2250 2327  
  4859 2143 2227 2205  
  4860 1856 1937 1924  
  4861 1785 1856 1843  
  4862 2327 2250 2273  
  4863 2205 2227 2287  
  4864 1924 1937 1999  
  4865 1843 1856 1924  
  4866 2287 2227 2309  
  4867 2205 2287 2274  
  4868 1999 1937 2017  
  4869 1843 1924 1913  
  4870 2274 2287 2353  
  4871 2205 2274 2188  
  4872 1913 1924 1991  
  4873 1843 1913 1830  
  4874 2353 2287 2373  
  4875 2188 2274 2253  
  4876 1991 1924 1999  
  4877 1830 1913 1906  
  4878 2373 2287 2309  
  4879 2253 2274 2333  
  4880 1906 1913 1979  
  4881 1830 1906 1808  
  4882 2333 2274 2353  
  4883 2253 2333 2318  
  4884 1979 1913 1991  
  4885 1808 1906 1895  
  4886 2318 2333 2399  
  4887 2253 2318 2242  
  4888 1895 1906 1969  
  4889 1808 1895 1816  
  4890 2399 2333 2415  
  4891 2242 2318 2302  
  4892 1969 1906 1979  
  4893 1816 1895 1886  
  4894 2415 2333 2353  
  4895 2302 2318 2385  
  4896 1886 1895 1965  
  4897 1816 1886 1794  
  4898 1816 1794 1745  
  4899 1745 1794 1701  
  4900 1745 1701 1660  
  4901 1660 1701 1625  
  4902 1745 1660 1702  
  4903 1660 1625 1586  
  4904 1816 1745 1808  
  4905 1702 1660 1629  
  4906 1745 1702 1808  
  4907 1586 1625 1542  
  4908 1660 1586 1629  
  4909 1629 1586 1550  
  4910 1550 1586 1505  
  4911 1629 1550 1599  
  4912 1702 1629 1676  
  4913 1550 1505 1471  
  4914 1629 1599 1676  
  4915 1676 1599 1649  
  4916 1649 1599 1570  
  4917 1676 1649 1729  
  4918 1505 1586 1542  
  4919 1599 1550 1524  
  4920 1570 1599 1524  
  4921 1570 1524 1495  
  4922 1495 1524 1446  
  4923 1570 1495 1543  
  4924 1649 1570 1622  
  4925 1729 1649 1695  
  4926 1676 1729 1761  
  4927 1702 1676 1761  
  4928 1702 1761 1808  
  4929 1550 1471 1524  
  4930 1446 1524 1471  
  4931 1543 1495 1466  
  4932 1471 1505 1429  
  4933 1495 1446 1421  
  4934 1570 1543 1622  
  4935 1622 1543 1593  
  4936 1593 1543 1521  
  4937 1622 1593 1671  
  4938 1521 1543 1466  
  4939 1521 1466 1442  
  4940 1442 1466 1392  
  4941 1521 1442 1493  
  4942 1593 1521 1566  
  4943 1622 1671 1695  
  4944 1442 1392 1364  
  4945 1521 1493 1566  
  4946 1566 1493 1545  
  4947 1545 1493 1462  
  4948 1566 1545 1612  
  4949 1695 1671 1778  
  4950 1462 1493 1422  
  4951 1545 1462 1527  
  4952 1612 1545 1598  
  4953 1671 1593 1646  
  4954 1392 1466 1421  
  4955 1392 1421 1341  
  4956 1493 1442 1422  
  4957 1422 1442 1364  
  4958 1422 1364 1347  
  4959 1347 1364 1294  
  4960 1422 1347 1373  
  4961 1566 1612 1646  
  4962 1646 1682 1750  
  4963 2385 2318 2399  
  4964 1965 1895 1969  
  4965 1364 1392 1314  
  4966 1965 1969 2039  
  4967 1314 1392 1341  
  4968 1314 1341 1273  
  4969 1273 1341 1297  
  4970 1314 1273 1238  
  4971 1297 1341 1370  
  4972 1273 1297 1206  
  4973 1238 1273 1180  
  4974 1314 1238 1294  
  4975 1294 1238 1223  
  4976 2039 1969 2047  
  4977 1965 2039 2033  
  4978 1297 1370 1321  
  4979 2047 1969 1979  
  4980 2033 2039 2112  
  4981 1321 1370 1403  
  4982 2047 1979 2053  
  4983 2112 2039 2117  
  4984 1403 1370 1446  
  4985 1403 1446 1471  
  4986 1403 1471 1429  
  4987 2053 1979 1991  
  4988 2117 2039 2047  
  4989 2117 2047 2125  
  4990 2125 2047 2053  
  4991 2125 2053 2138  
  4992 2138 2053 2068  
  4993 2068 2053 1991  
  4994 2138 2068 2145  
  4995 2145 2068 2080  
  4996 2138 2145 2214  
  4997 2080 2068 1999  
  4998 2214 2145 2225  
  4999 2138 2214 2199  
  5000 1999 2068 1991  
  5001 2225 2145 2156  
  5002 2199 2214 2283  
  5003 2156 2145 2080  
  5004 2283 2214 2290  
  5005 2199 2283 2277  
  5006 2290 2214 2225  
  5007 2283 2290 2364  
  5008 2277 2283 2351  
  5009 2290 2225 2302  
  5010 2364 2290 2376  
  5011 2351 2283 2364  
  5012 2302 2225 2242  
  5013 2376 2290 2302  
  5014 2351 2364 2428  
  5015 2242 2225 2156  
  5016 2428 2364 2445  
  5017 2351 2428 2419  
  5018 2445 2364 2376  
  5019 2428 2445 2505  
  5020 2419 2428 2497  
  5021 2505 2445 2523  
  5022 2428 2505 2497  
  5023 2523 2445 2453  
  5024 2497 2505 2583  
  5025 2453 2445 2376  
  5026 2523 2453 2536  
  5027 2583 2505 2594  
  5028 2536 2453 2464  
  5029 2523 2536 2606  
  5030 2594 2505 2523  
  5031 2464 2453 2385  
  5032 2606 2536 2617  
  5033 2594 2523 2606  
  5034 2385 2453 2376  
  5035 2617 2536 2548  
  5036 2385 2376 2302  
  5037 2548 2536 2464  
  5038 2548 2464 2479  
  5039 2479 2464 2399  
  5040 2548 2479 2562  
  5041 2399 2464 2385  
  5042 2562 2479 2496  
  5043 2496 2479 2415  
  5044 2562 2496 2586  
  5045 2415 2479 2399  
  5046 2586 2496 2514  
  5047 2514 2496 2438  
  5048 2586 2514 2603  
  5049 2438 2496 2415  
  5050 2603 2514 2538  
  5051 2538 2514 2454  
  5052 2603 2538 2620  
  5053 2454 2514 2438  
  5054 2620 2538 2558  
  5055 2603 2620 2683  
  5056 2558 2538 2472  
  5057 2620 2558 2639  
  5058 2683 2620 2705  
  5059 2472 2538 2454  
  5060 2639 2558 2585  
  5061 2705 2620 2639  
  5062 2585 2558 2493  
  5063 2639 2585 2671  
  5064 2493 2558 2472  
  5065 2585 2493 2524  
  5066 2671 2585 2611  
  5067 2524 2493 2441  
  5068 2585 2524 2611  
  5069 2441 2493 2412  
  5070 2611 2524 2546  
  5071 2412 2493 2472  
  5072 2441 2412 2357  
  5073 2546 2524 2462  
  5074 2357 2412 2327  
  5075 2462 2524 2441  
  5076 2546 2462 2485  
  5077 2327 2412 2392  
  5078 2485 2462 2404  
  5079 2392 2412 2472  
  5080 2392 2472 2454  
  5081 2392 2454 2373  
  5082 2373 2454 2438  
  5083 2373 2438 2353  
  5084 2353 2438 2415  
  5085 1649 1622 1695  
  5086 2548 2562 2627  
  5087 2627 2562 2641  
  5088 2641 2562 2586  
  5089 2627 2641 2711  
  5090 2641 2586 2669  
  5091 2711 2641 2736  
  5092 2627 2711 2699  
  5093 2669 2586 2603  
  5094 2736 2641 2669  
  5095 2711 2736 2792  
  5096 2699 2711 2780  
  5097 2736 2669 2758  
  5098 2792 2736 2815  
  5099 2711 2792 2780  
  5100 2758 2669 2683  
  5101 2815 2736 2758  
  5102 2780 2792 2864  
  5103 2683 2669 2603  
  5104 2758 2683 2771  
  5105 2815 2758 2832  
  5106 2864 2792 2883  
  5107 2771 2683 2705  
  5108 2758 2771 2832  
  5109 2883 2792 2815  
  5110 2771 2705 2790  
  5111 2832 2771 2855  
  5112 2883 2815 2903  
  5113 2771 2790 2855  
  5114 2832 2855 2920  
  5115 2903 2815 2832  
  5116 2855 2790 2877  
  5117 2832 2920 2903  
  5118 2903 2920 2978  
  5119 2978 2920 3000  
  5120 2903 2978 2963  
  5121 3000 2920 2938  
  5122 2978 3000 3070  
  5123 2963 2978 3049  
  5124 2938 2920 2855  
  5125 3070 3000 3086  
  5126 3049 2978 3070  
  5127 3086 3000 3022  
  5128 3070 3086 3152  
  5129 3022 3000 2938  
  5130 3086 3022 3108  
  5131 3152 3086 3171  
  5132 3022 2938 2961  
  5133 3108 3022 3046  
  5134 3171 3086 3108  
  5135 2961 2938 2877  
  5136 3046 3022 2961  
  5137 2877 2938 2855  
  5138 2790 2705 2731  
  5139 2731 2705 2639  
  5140 2731 2639 2671  
  5141 2731 2671 2761  
  5142 2761 2671 2691  
  5143 2691 2671 2611  
  5144 2691 2611 2629  
  5145 2629 2611 2546  
  5146 2691 2629 2717  
  5147 2629 2546 2571  
  5148 2717 2629 2655  
  5149 2571 2546 2485  
  5150 2629 2571 2655  
  5151 2571 2485 2511  
  5152 3091 3006 3067  
  5153 3067 3006 2977  
  5154 3091 3067 3173  
  5155 2977 3006 2923  
  5156 3067 2977 3040  
  5157 2977 2923 2902  
  5158 3040 2977 2966  
  5159 3067 3040 3123  
  5160 3123 3040 3061  
  5161 3061 3040 2966  
  5162 2902 2923 2833  
  5163 2977 2902 2966  
  5164 2833 2923 2860  
  5165 2902 2833 2808  
  5166 2966 2902 2875  
  5167 2902 2808 2875  
  5168 2966 2875 2934  
  5169 2875 2808 2785  
  5170 2934 2875 2850  
  5171 2966 3001 3061  
  5172 2785 2808 2725  
  5173 2875 2785 2850  
  5174 2785 2725 2702  
  5175 2850 2785 2766  
  5176 2702 2725 2633  
  5177 2785 2702 2766  
  5178 2633 2725 2664  
  5179 2702 2633 2618  
  5180 2766 2702 2679  
  5181 2618 2633 2553  
  5182 2702 2618 2679  
  5183 2618 2553 2535  
  5184 2679 2618 2599  
  5185 2618 2535 2599  
  5186 2679 2599 2656  
  5187 2599 2535 2508  
  5188 2656 2599 2589  
  5189 2679 2656 2752  
  5190 2508 2535 2449  
  5191 2599 2508 2589  
  5192 2752 2656 2719  
  5193 2589 2508 2515  
  5194 2719 2656 2631  
  5195 2752 2719 2796  
  5196 2631 2656 2589  
  5197 2719 2631 2746  
  5198 2719 2746 2796  
  5199 2752 2796 2826  
  5200 2826 2796 2900  
  5201 2752 2826 2766  
  5202 2900 2796 2886  
  5203 2826 2900 2936  
  5204 2766 2826 2850  
  5205 2752 2766 2679  
  5206 2886 2796 2746  
  5207 2936 2900 2967  
  5208 2850 2826 2936  
  5209 2850 2936 2934  
  5210 2934 2936 3001  
  5211 2934 3001 2966  
  5212 1801 1721 1782  
  5213 1782 1721 1693  
  5214 1801 1782 1855  
  5215 1693 1721 1642  
  5216 1782 1693 1762  
  5217 1855 1782 1831  
  5218 1642 1721 1656  
  5219 1762 1693 1677  
  5220 1782 1762 1831  
  5221 1642 1656 1584  
  5222 1677 1693 1626  
  5223 1831 1762 1814  
  5224 1584 1656 1608  
  5225 1642 1584 1563  
  5226 1626 1693 1642  
  5227 1814 1762 1742  
  5228 1584 1608 1533  
  5229 1563 1584 1508  
  5230 1742 1762 1677  
  5231 1814 1742 1805  
  5232 1584 1533 1508  
  5233 1805 1742 1726  
  5234 1814 1805 1887  
  5235 1508 1533 1455  
  5236 1726 1742 1659  
  5237 1805 1726 1790  
  5238 1887 1805 1870  
  5239 1455 1533 1474  
  5240 1659 1742 1677  
  5241 1790 1726 1706  
  5242 1870 1805 1790  
  5243 1455 1474 1405  
  5244 1659 1677 1605  
  5245 1706 1726 1650  
  5246 1870 1790 1849  
  5247 1605 1677 1626  
  5248 1650 1726 1659  
  5249 1706 1650 1643  
  5250 1849 1790 1780  
  5251 1605 1626 1546  
  5252 1650 1659 1588  
  5253 1643 1650 1574  
  5254 1780 1790 1706  
  5255 1546 1626 1563  
  5256 1588 1659 1605  
  5257 1574 1650 1588  
  5258 1780 1706 1690  
  5259 1563 1626 1642  
  5260 1588 1605 1531  
  5261 1574 1588 1515  
  5262 1690 1706 1643  
  5263 1531 1605 1546  
  5264 1588 1531 1515  
  5265 1690 1643 1591  
  5266 1531 1546 1469  
  5267 1515 1531 1456  
  5268 1469 1546 1486  
  5269 1531 1469 1456  
  5270 1515 1456 1443  
  5271 1486 1546 1563  
  5272 1456 1469 1400  
  5273 1443 1456 1384  
  5274 1515 1443 1504  
  5275 1400 1469 1419  
  5276 1456 1400 1384  
  5277 1504 1443 1427  
  5278 1419 1469 1486  
  5279 1384 1400 1322  
  5280 1419 1486 1433  
  5281 1322 1400 1343  
  5282 1384 1322 1312  
  5283 1433 1486 1508  
  5284 1343 1400 1419  
  5285 1322 1343 1275  
  5286 1312 1322 1257  
  5287 1508 1486 1563  
  5288 1322 1275 1257  
  5289 1257 1275 1201  
  5290 1257 1201 1192  
  5291 1192 1201 1131  
  5292 1257 1192 1241  
  5293 1192 1131 1120  
  5294 1241 1192 1181  
  5295 1257 1241 1312  
  5296 1120 1131 1067  
  5297 1181 1192 1120  
  5298 1241 1181 1268  
  5299 1312 1241 1268  
  5300 1120 1067 1059  
  5301 1059 1067 1003  
  5302 1120 1059 1111  
  5303 1120 1111 1181  
  5304 1181 1111 1166  
  5305 1181 1166 1268  
  5306 2127 2143 2205  
  5307 2127 2205 2188  
  5308 2127 2188 2109  
  5309 2109 2188 2169  
  5310 2169 2188 2253  
  5311 2109 2169 2090  
  5312 2169 2253 2242  
  5313 2090 2169 2156  
  5314 2109 2090 2031  
  5315 2169 2242 2156  
  5316 2031 2090 2017  
  5317 2017 2090 2080  
  5318 2080 2090 2156  
  5319 2017 2080 1999  
  5320 1801 1855 1884  
  5321 1884 1855 1938  
  5322 1801 1884 1817  
  5323 1938 1855 1916  
  5324 1916 1855 1831  
  5325 1938 1916 1998  
  5326 1916 1831 1897  
  5327 1998 1916 1977  
  5328 1938 1998 2020  
  5329 1897 1831 1814  
  5330 1977 1916 1897  
  5331 2020 1998 2079  
  5332 1897 1814 1887  
  5333 1977 1897 1959  
  5334 2079 1998 2054  
  5335 1897 1887 1959  
  5336 1977 1959 2038  
  5337 2054 1998 1977  
  5338 1959 1887 1945  
  5339 2038 1959 2024  
  5340 1977 2038 2054  
  5341 1945 1887 1870  
  5342 1959 1945 2024  
  5343 2054 2038 2120  
  5344 1945 1870 1932  
  5345 2024 1945 2009  
  5346 2120 2038 2101  
  5347 2054 2120 2140  
  5348 1932 1870 1849  
  5349 2009 1945 1932  
  5350 2101 2038 2024  
  5351 2140 2120 2197  
  5352 1932 1849 1915  
  5353 2009 1932 1996  
  5354 2197 2120 2182  
  5355 1915 1849 1834  
  5356 2009 1996 2074  
  5357 2182 2120 2101  
  5358 1834 1849 1780  
  5359 2074 1996 2057  
  5360 1834 1780 1765  
  5361 2057 1996 1983  
  5362 2074 2057 2157  
  5363 1765 1780 1690  
  5364 1983 1996 1915  
  5365 1765 1690 1684  
  5366 1915 1996 1932  
  5367 1684 1690 1591  
  5368 1765 1684 1756  
  5369 1756 1684 1653  
  5370 1765 1756 1828  
  5371 1828 1756 1822  
  5372 1765 1828 1834  
  5373 1822 1756 1746  
  5374 1834 1828 1909  
  5375 1746 1756 1653  
  5376 1909 1828 1901  
  5377 1901 1828 1822  
  5378 1909 1901 1970  
  5379 1901 1822 1908  
  5380 1970 1901 1964  
  5381 1964 1901 1908  
  5382 1970 1964 2052  
  5383 2140 2197 2220  
  5384 2220 2197 2284  
  5385 2140 2220 2159  
  5386 2284 2197 2266  
  5387 2159 2220 2245  
  5388 2140 2159 2079  
  5389 2266 2197 2182  
  5390 2245 2220 2300  
  5391 2079 2159 2098  
  5392 2266 2182 2251  
  5393 2300 2220 2284  
  5394 2098 2159 2180  
  5395 2251 2182 2164  
  5396 2180 2159 2245  
  5397 2098 2180 2124  
  5398 2164 2182 2101  
  5399 2180 2245 2267  
  5400 2124 2180 2204  
  5401 2267 2245 2322  
  5402 2180 2267 2204  
  5403 2322 2245 2300  
  5404 2204 2267 2288  
  5405 2322 2300 2386  
  5406 2288 2267 2348  
  5407 2204 2288 2233  
  5408 2386 2300 2369  
  5409 2348 2267 2322  
  5410 2233 2288 2313  
  5411 2369 2300 2284  
  5412 2348 2322 2409  
  5413 2313 2288 2378  
  5414 2409 2322 2386  
  5415 2348 2409 2434  
  5416 2378 2288 2348  
  5417 2348 2434 2378  
  5418 1909 1970 1983  
  5419 1983 1970 2055  
  5420 1909 1983 1915  
  5421 1909 1915 1834  
  5422 2369 2284 2344  
  5423 2344 2284 2266  
  5424 2369 2344 2427  
  5425 2344 2266 2332  
  5426 2427 2344 2417  
  5427 2332 2266 2251  
  5428 2344 2332 2417  
  5429 2332 2251 2316  
  5430 2417 2332 2408  
  5431 1884 1938 1957  
  5432 1957 1938 2020  
  5433 1957 2020 2040  
  5434 2040 2020 2098  
  5435 1957 2040 1985  
  5436 2098 2020 2079  
  5437 2040 2098 2124  
  5438 1985 2040 2064  
  5439 2040 2124 2064  
  5440 2101 2024 2084  
  5441 2084 2024 2009  
  5442 2101 2084 2164  
  5443 2084 2009 2074  
  5444 2164 2084 2141  
  5445 2084 2074 2141  
  5446 2141 2074 2157  
  5447 2141 2157 2226  
  5448 1822 1746 1812  
  5449 2164 2141 2226  
  5450 779 825 839  
  5451 839 825 892  
  5452 3148 3185 3238  
  5453 3238 3185 3267  
  5454 3148 3238 3211  
  5455 3267 3185 3212  
  5456 3238 3267 3328  
  5457 3148 3211 3120  
  5458 3267 3212 3295  
  5459 3328 3267 3355  
  5460 3295 3212 3244  
  5461 3267 3295 3355  
  5462 3328 3355 3410  
  5463 3244 3212 3157  
  5464 3355 3295 3387  
  5465 3410 3355 3434  
  5466 3328 3410 3383  
  5467 3157 3212 3121  
  5468 3387 3295 3336  
  5469 3434 3355 3387  
  5470 3328 3383 3294  
  5471 3121 3212 3185  
  5472 3336 3295 3244  
  5473 3328 3294 3238  
  5474 3336 3244 3274  
  5475 3238 3294 3211  
  5476 3274 3244 3192  
  5477 3336 3274 3369  
  5478 3192 3244 3157  
  5479 3192 3157 3104  
  5480 3192 3104 3127  
  5481 2497 2583 2568  
  5482 2568 2583 2645  
  5483 2497 2568 2490  
  5484 2645 2583 2657  
  5485 2568 2645 2638  
  5486 2497 2490 2419  
  5487 2645 2657 2738  
  5488 2638 2645 2722  
  5489 2419 2490 2411  
  5490 2738 2657 2748  
  5491 2722 2645 2738  
  5492 2638 2722 2741  
  5493 2411 2490 2471  
  5494 2748 2657 2675  
  5495 2722 2738 2807  
  5496 2471 2490 2561  
  5497 2411 2471 2397  
  5498 2675 2657 2594  
  5499 2561 2490 2568  
  5500 2471 2561 2556  
  5501 2397 2471 2430  
  5502 2397 2430 2326  
  5503 2594 2657 2583  
  5504 2561 2568 2638  
  5505 2556 2561 2630  
  5506 2561 2638 2630  
  5507 2556 2630 2624  
  5508 2630 2638 2741  
  5509 2624 2630 2707  
  5510 2556 2624 2522  
  5511 2707 2630 2741  
  5512 2624 2707 2724  
  5513 2724 2707 2789  
  5514 2789 2707 2741  
  5515 2411 2397 2334  
  5516 2334 2397 2326  
  5517 2411 2334 2338  
  5518 2326 2430 2352  
  5519 2326 2352 2278  
  5520 2278 2352 2320  
  5521 2326 2278 2252  
  5522 2252 2278 2185  
  5523 2326 2252 2334  
  5524 2185 2278 2207  
  5525 2252 2185 2184  
  5526 2338 2334 2263  
  5527 2411 2338 2419  
  5528 2185 2207 2128  
  5529 2263 2334 2252  
  5530 2419 2338 2351  
  5531 2128 2207 2152  
  5532 2152 2207 2237  
  5533 2128 2152 2069  
  5534 2237 2207 2320  
  5535 2185 2128 2099  
  5536 2351 2338 2277  
  5537 2099 2128 2028  
  5538 2185 2099 2112  
  5539 2112 2099 2033  
  5540 2033 2099 2028  
  5541 2277 2338 2263  
  5542 2028 2128 2069  
  5543 2277 2263 2193  
  5544 2193 2263 2184  
  5545 2277 2193 2199  
  5546 2184 2263 2252  
  5547 2193 2184 2117  
  5548 2199 2193 2125  
  5549 2117 2184 2112  
  5550 2193 2117 2125  
  5551 2112 2184 2185  
  5552 2471 2556 2430  
  5553 2207 2278 2320  
  5554 2199 2125 2138  
  5555 2748 2675 2762  
  5556 2762 2675 2681  
  5557 2748 2762 2821  
  5558 2681 2675 2606  
  5559 2762 2681 2769  
  5560 2748 2821 2812  
  5561 2681 2606 2617  
  5562 2769 2681 2699  
  5563 2812 2821 2898  
  5564 2681 2617 2699  
  5565 2898 2821 2908  
  5566 2812 2898 2905  
  5567 2699 2617 2627  
  5568 2908 2821 2835  
  5569 2898 2908 2969  
  5570 2905 2898 2992  
  5571 2627 2617 2548  
  5572 2835 2821 2762  
  5573 2969 2908 3021  
  5574 2992 2898 2969  
  5575 2835 2762 2769  
  5576 2992 3059 3098  
  5577 2835 2769 2849  
  5578 2849 2769 2780  
  5579 2835 2849 2917  
  5580 2780 2769 2699  
  5581 2917 2849 2933  
  5582 2835 2917 2908  
  5583 2933 2849 2864  
  5584 2917 2933 2991  
  5585 2991 2933 3053  
  5586 2917 2991 3021  
  5587 3021 2991 3084  
  5588 2908 2917 3021  
  5589 2864 2849 2780  
  5590 2606 2675 2594  
  5591 2933 2864 2945  
  5592 2945 2864 2883  
  5593 2933 2945 3053  
  5594 2945 2883 2963  
  5595 2963 2883 2903  
  5596 2945 2963 3033  
  5597 3033 2963 3049  
  5598 2945 3033 3053  
  5599 3033 3049 3113  
  5600 3113 3049 3125  
  5601 3033 3113 3110  
  5602 3110 3113 3184  
  5603 3184 3113 3125  
  5604 3125 3049 3070  
  5605 3125 3070 3152  
  5606 3125 3152 3230  
  5607 3856 3901 3947  
  5608 3947 3901 3999  
  5609 3856 3947 3890  
  5610 879 834 831  
  5611 831 834 768  
  5612 879 831 862  
  5613 862 831 795  
  5614 795 831 768  
  5615 2746 2830 2886  
  5616 3732 3812 3814  
  5617 3814 3812 3897  
  5618 972 1001 939  
  5619 939 1001 973  
  5620 972 939 903  
  5621 973 1001 1039  
  5622 939 973 904  
  5623 903 939 875  
  5624 973 1039 1006  
  5625 939 904 875  
  5626 1006 1039 1077  
  5627 973 1006 943  
  5628 875 904 835  
  5629 1077 1039 1109  
  5630 943 1006 979  
  5631 875 835 811  
  5632 1077 1109 1145  
  5633 979 1006 1042  
  5634 811 835 783  
  5635 1145 1109 1178  
  5636 1042 1006 1077  
  5637 783 835 784  
  5638 1042 1077 1114  
  5639 1114 1077 1145  
  5640 1042 1114 1085  
  5641 1114 1145 1186  
  5642 1085 1114 1156  
  5643 1186 1145 1220  
  5644 1114 1186 1156  
  5645 1220 1145 1178  
  5646 1156 1186 1227  
  5647 1220 1178 1248  
  5648 1227 1186 1256  
  5649 1156 1227 1197  
  5650 1256 1186 1220  
  5651 1227 1256 1298  
  5652 1197 1227 1270  
  5653 1256 1220 1291  
  5654 1298 1256 1326  
  5655 1270 1227 1298  
  5656 1291 1220 1248  
  5657 1326 1256 1291  
  5658 1326 1291 1359  
  5659 1326 1359 1409  
  5660 835 904 859  
  5661 1042 1085 1014  
  5662 1014 1085 1058  
  5663 1058 1085 1126  
  5664 1014 1058 989  
  5665 1126 1085 1156  
  5666 989 1058 1028  
  5667 1126 1156 1197  
  5668 1028 1058 1098  
  5669 1098 1058 1126  
  5670 1028 1098 1072  
  5671 1072 1098 1136  
  5672 1028 1072 1004  
  5673 1136 1098 1168  
  5674 1004 1072 1048  
  5675 1028 1004 966  
  5676 1168 1098 1126  
  5677 1048 1072 1117  
  5678 966 1004 940  
  5679 1168 1126 1197  
  5680 1117 1072 1136  
  5681 940 1004 983  
  5682 983 1004 1048  
  5683 983 1048 1024  
  5684 1024 1048 1092  
  5685 983 1024 964  
  5686 1092 1048 1117  
  5687 964 1024 1007  
  5688 1092 1117 1165  
  5689 1007 1024 1074  
  5690 1165 1117 1190  
  5691 1092 1165 1138  
  5692 1074 1024 1092  
  5693 1190 1117 1136  
  5694 1138 1165 1214  
  5695 1074 1092 1138  
  5696 1190 1136 1215  
  5697 1214 1165 1234  
  5698 1215 1136 1168  
  5699 1234 1165 1190  
  5700 1214 1234 1285  
  5701 1214 1285 1264  
  5702 1264 1285 1332  
  5703 1214 1264 1194  
  5704 1264 1332 1311  
  5705 1194 1264 1243  
  5706 1311 1332 1386  
  5707 1264 1311 1243  
  5708 1386 1332 1413  
  5709 1243 1311 1299  
  5710 1386 1413 1457  
  5711 1299 1311 1363  
  5712 1243 1299 1226  
  5713 1457 1413 1479  
  5714 1363 1311 1386  
  5715 1226 1299 1278  
  5716 1457 1479 1535  
  5717 1363 1386 1444  
  5718 1278 1299 1373  
  5719 1457 1535 1512  
  5720 1444 1386 1457  
  5721 1512 1535 1589  
  5722 1457 1512 1444  
  5723 1589 1535 1613  
  5724 1444 1512 1527  
  5725 1589 1613 1664  
  5726 1589 1664 1645  
  5727 1645 1664 1725  
  5728 1589 1645 1573  
  5729 1725 1664 1748  
  5730 1573 1645 1598  
  5731 1573 1598 1527  
  5732 1573 1527 1512  
  5733 1589 1573 1512  
  5734 1014 989 933  
  5735 933 989 929  
  5736 1014 933 979  
  5737 929 989 966  
  5738 933 861 857  
  5739 979 933 910  
  5740 966 989 1028  
  5741 910 933 857  
  5742 979 910 943  
  5743 943 910 859  
  5744 966 940 895  
  5745 895 940 878  
  5746 966 895 929  
  5747 878 940 916  
  5748 929 895 861  
  5749 916 940 983  
  5750 878 916 855  
  5751 916 983 964  
  5752 855 916 899  
  5753 878 855 806  
  5754 916 964 899  
  5755 806 855 772  
  5756 899 964 947  
  5757 947 964 1007  
  5758 899 947 880  
  5759 947 1007 991  
  5760 880 947 928  
  5761 991 1007 1056  
  5762 947 991 928  
  5763 1056 1007 1074  
  5764 928 991 974  
  5765 1056 1074 1121  
  5766 974 991 1037  
  5767 1121 1074 1138  
  5768 1056 1121 1106  
  5769 1037 991 1056  
  5770 1121 1138 1194  
  5771 1106 1121 1175  
  5772 1037 1056 1106  
  5773 1194 1138 1214  
  5774 1175 1121 1194  
  5775 1175 1194 1243  
  5776 1175 1243 1226  
  5777 1175 1226 1157  
  5778 1157 1226 1200  
  5779 1175 1157 1106  
  5780 1200 1226 1278  
  5781 1106 1157 1088  
  5782 1200 1278 1223  
  5783 1088 1157 1151  
  5784 1151 1157 1200  
  5785 1088 1151 1075  
  5786 1151 1200 1223  
  5787 1223 1278 1294  
  5788 1075 1151 1150  
  5789 1150 1151 1223  
  5790 1075 1150 1061  
  5791 1061 1150 1110  
  5792 1075 1061 1010  
  5793 1110 1150 1180  
  5794 1010 1061 996  
  5795 1075 1010 1020  
  5796 996 1061 1051  
  5797 1010 996 949  
  5798 1020 1010 961  
  5799 1051 1061 1110  
  5800 949 996 937  
  5801 961 1010 949  
  5802 937 996 988  
  5803 949 937 888  
  5804 961 949 897  
  5805 988 996 1051  
  5806 888 937 873  
  5807 888 873 819  
  5808 897 949 888  
  5809 988 1051 1040  
  5810 897 888 840  
  5811 1040 1051 1107  
  5812 988 1040 982  
  5813 988 982 930  
  5814 982 1040 1031  
  5815 988 930 937  
  5816 937 930 873  
  5817 1031 1040 1096  
  5818 982 1031 967  
  5819 967 1031 1026  
  5820 1096 1040 1107  
  5821 1031 1096 1087  
  5822 840 888 819  
  5823 1107 1051 1110  
  5824 1087 1096 1155  
  5825 1107 1110 1180  
  5826 1155 1096 1160  
  5827 1160 1096 1107  
  5828 1155 1160 1233  
  5829 1233 1160 1206  
  5830 1155 1233 1212  
  5831 1212 1233 1277  
  5832 1155 1212 1147  
  5833 1277 1233 1321  
  5834 1212 1277 1271  
  5835 1147 1212 1202  
  5836 1271 1277 1346  
  5837 1212 1271 1202  
  5838 1346 1277 1321  
  5839 1202 1271 1266  
  5840 1266 1271 1328  
  5841 1202 1266 1203  
  5842 1328 1271 1346  
  5843 1266 1328 1327  
  5844 1203 1266 1263  
  5845 1202 1203 1122  
  5846 1327 1328 1416  
  5847 1266 1327 1263  
  5848 1122 1203 1153  
  5849 1263 1327 1295  
  5850 1014 979 1042  
  5851 895 878 827  
  5852 878 806 827  
  5853 972 903 942  
  5854 942 903 877  
  5855 877 903 844  
  5856 942 877 911  
  5857 844 903 875  
  5858 877 844 816  
  5859 911 877 848  
  5860 844 875 811  
  5861 877 816 848  
  5862 911 848 886  
  5863 844 811 781  
  5864 848 816 787  
  5865 781 811 751  
  5866 844 781 816  
  5867 787 816 754  
  5868 751 811 783  
  5869 816 781 754  
  5870 751 783 728  
  5871 728 783 784  
  5872 784 835 859  
  5873 754 781 723  
  5874 723 781 751  
  5875 754 723 692  
  5876 723 751 689  
  5877 723 689 663  
  5878 663 689 634  
  5879 692 723 663  
  5880 754 692 729  
  5881 754 729 787  
  5882 787 729 763  
  5883 787 763 824  
  5884 824 763 797  
  5885 787 824 848  
  5886 824 797 858  
  5887 848 824 886  
  5888 858 797 836  
  5889 886 824 858  
  5890 1088 1075 1020  
  5891 1088 1020 1037  
  5892 1037 1020 974  
  5893 1088 1037 1106  
  5894 974 1020 961  
  5895 974 961 912  
  5896 912 961 897  
  5897 974 912 928  
  5898 912 897 850  
  5899 928 912 865  
  5900 850 897 840  
  5901 912 850 865  
  5902 928 865 880  
  5903 850 840 792  
  5904 865 850 805  
  5905 880 865 822  
  5906 792 840 765  
  5907 850 792 805  
  5908 822 865 805  
  5909 805 792 749  
  5910 805 749 773  
  5911 822 805 773  
  5912 822 773 820  
  5913 880 822 820  
  5914 904 973 943  
  5915 904 943 859  
  5916 1031 1087 1026  
  5917 1268 1301 1348  
  5918 1238 1180 1150  
  5919 1982 1944 2028  
  5920 1443 1384 1368  
  5921 1368 1384 1312  
  5922 1443 1368 1427  
  5923 1368 1312 1268  
  5924 3874 3790 3872  
  5925 712 685 743  
  5926 743 708 769  
  5927 743 769 806  
  5928 712 743 772  
  5929 772 743 806  
  5930 1154 1185 1112  
  5931 1154 1112 1084  
  5932 672 653 720  
  5933 3631 3715 3689  
  5934 3410 3434 3497  
  5935 1427 1500 1504  
  5936 2642 2559 2610  
  5937 2610 2559 2518  
  5938 2642 2610 2696  
  5939 2518 2559 2469  
  5940 2642 2696 2743  
  5941 2469 2559 2512  
  5942 2518 2469 2432  
  5943 2743 2696 2781  
  5944 2432 2469 2388  
  5945 2518 2432 2473  
  5946 2781 2696 2747  
  5947 2432 2388 2341  
  5948 2473 2432 2391  
  5949 2781 2747 2827  
  5950 2341 2388 2298  
  5951 2391 2432 2341  
  5952 2827 2747 2787  
  5953 2781 2827 2869  
  5954 2298 2388 2340  
  5955 2787 2747 2701  
  5956 2869 2827 2916  
  5957 2916 2827 2878  
  5958 2869 2916 2957  
  5959 2878 2827 2787  
  5960 2916 2878 2964  
  5961 2957 2916 3004  
  5962 2878 2787 2838  
  5963 2964 2878 2927  
  5964 3004 2916 2964  
  5965 2957 3004 3045  
  5966 2878 2838 2927  
  5967 3004 2964 3052  
  5968 3045 3004 3093  
  5969 2927 2838 2890  
  5970 3052 2964 3015  
  5971 3004 3052 3093  
  5972 2927 2890 2971  
  5973 3052 3015 3106  
  5974 3093 3052 3138  
  5975 3106 3015 3062  
  5976 3052 3106 3138  
  5977 3062 3015 2971  
  5978 3138 3106 3193  
  5979 2971 3015 2927  
  5980 3193 3106 3150  
  5981 3138 3193 3229  
  5982 2927 3015 2964  
  5983 3193 3150 3242  
  5984 3242 3150 3206  
  5985 3206 3150 3112  
  5986 3242 3206 3288  
  5987 3112 3150 3062  
  5988 3288 3206 3254  
  5989 3062 3150 3106  
  5990 3288 3254 3344  
  5991 3344 3254 3309  
  5992 3288 3344 3378  
  5993 3309 3254 3218  
  5994 3378 3344 3427  
  5995 3427 3344 3393  
  5996 3378 3427 3463  
  5997 3393 3344 3309  
  5998 3427 3393 3478  
  5999 3463 3427 3513  
  6000 3478 3393 3442  
  6001 3427 3478 3513  
  6002 3442 3393 3368  
  6003 3513 3478 3559  
  6004 3368 3393 3309  
  6005 3442 3368 3412  
  6006 3559 3478 3530  
  6007 3513 3559 3592  
  6008 3412 3368 3330  
  6009 3530 3478 3442  
  6010 3592 3559 3644  
  6011 3644 3559 3610  
  6012 3592 3644 3676  
  6013 3592 3676 3632  
  6014 3632 3676 3711  
  6015 3513 3592 3549  
  6016 3592 3632 3549  
  6017 3513 3549 3463  
  6018 3242 3288 3333  
  6019 3333 3288 3378  
  6020 3333 3378 3417  
  6021 3417 3378 3463  
  6022 3559 3530 3610  
  6023 3610 3530 3584  
  6024 2957 3045 2996  
  6025 2996 3045 3087  
  6026 1865 1838 1786  
  6027 1786 1838 1766  
  6028 1865 1786 1806  
  6029 1786 1766 1697  
  6030 1806 1786 1725  
  6031 1697 1766 1682  
  6032 1786 1697 1725  
  6033 1682 1766 1750  
  6034 1697 1682 1598  
  6035 1725 1697 1645  
  6036 1682 1646 1612  
  6037 1682 1612 1598  
  6038 1645 1697 1598  
  6039 1865 1806 1889  
  6040 1806 1725 1748  
  6041 1830 1808 1761  
  6042 1794 1752 1701  
  6043 3660 3734 3719  
  6044 3719 3734 3810  
  6045 3810 3734 3790  
  6046 1671 1646 1727  
  6047 1727 1646 1750  
  6048 1727 1750 1807  
  6049 1671 1727 1778  
  6050 3234 3141 3208  
  6051 3818 3880 3878  
  6052 3818 3878 3788  
  6053 2487 2515 2417  
  6054 3855 3885 3952  
  6055 3808 3872 3790  
  6056 1574 1515 1504  
  6057 1574 1504 1591  
  6058 3429 3458 3351  
  6059 1163 1089 1134  
  6060 1163 1134 1208  
  6061 1163 1208 1231  
  6062 1231 1208 1281  
  6063 1231 1281 1302  
  6064 1302 1281 1349  
  6065 1231 1302 1253  
  6066 503 550 512  
  6067 3688 3649 3732  
  6068 3688 3732 3814  
  6069 1785 1843 1729  
  6070 2057 1983 2055  
  6071 560 512 550  
  6072 2357 2327 2273  
  6073 410 457 458  
  6074 3451 3431 3370  
  6075 685 628 661  
  6076 3136 3110 3204  
  6077 1653 1667 1746  
  6078 1729 1695 1785  
  6079 1785 1695 1778  
  6080 1728 1648 1691  
  6081 1545 1527 1598  
  6082 3878 3953 3962  
  6083 3173 3251 3191  
  6084 3901 3934 3999  
  6085 1701 1665 1625  
  6086 556 538 591  
  6087 765 766 719  
  6088 765 719 695  
  6089 695 719 658  
  6090 3814 3875 3808  
  6091 1965 2033 1958  
  6092 1958 2033 2028  
  6093 1965 1958 1886  
  6094 1886 1958 1848  
  6095 1534 1611 1591  
  6096 1591 1611 1684  
  6097 2449 2386 2369  
  6098 2449 2369 2427  
  6099 2449 2427 2508  
  6100 2508 2427 2515  
  6101 1347 1294 1278  
  6102 3584 3666 3610  
  6103 496 458 457  
  6104 817 873 869  
  6105 3699 3728 3790  
  6106 3152 3171 3240  
  6107 3240 3171 3257  
  6108 3152 3240 3230  
  6109 2768 2843 2786  
  6110 2786 2843 2911  
  6111 3842 3760 3788  
  6112 3842 3788 3878  
  6113 1422 1373 1462  
  6114 1462 1373 1444  
  6115 2408 2487 2417  
  6116 1455 1433 1508  
  6117 1439 1393 1470  
  6118 2667 2746 2631  
  6119 2667 2631 2588  
  6120 1463 1503 1416  
  6121 1463 1416 1389  
  6122 1389 1416 1328  
  6123 1389 1328 1346  
  6124 1389 1346 1429  
  6125 1463 1389 1429  
  6126 1026 975 967  
  6127 1807 1778 1727  
  6128 3251 3277 3342  
  6129 3251 3342 3264  
  6130 1076 1108 1038  
  6131 1843 1830 1729  
  6132 3184 3204 3110  
  6133 3142 3059 3109  
  6134 542 498 496  
  6135 542 496 547  
  6136 2772 2682 2750  
  6137 2772 2750 2828  
  6138 827 861 895  
  6139 1792 1734 1694  
  6140 1694 1734 1667  
  6141 1667 1734 1746  
  6142 3021 3109 3059  
  6143 374 404 367  
  6144 367 404 406  
  6145 406 404 446  
  6146 446 404 416  
  6147 406 446 457  
  6148 3345 3257 3280  
  6149 1749 1692 1783  
  6150 1749 1783 1827  
  6151 1827 1783 1862  
  6152 1429 1505 1463  
  6153 2591 2522 2624  
  6154 658 608 589  
  6155 3001 3090 3061  
  6156 3689 3756 3674  
  6157 3469 3556 3536  
  6158 3536 3556 3639  
  6159 3469 3536 3429  
  6160 788 748 720  
  6161 2157 2229 2226  
  6162 1087 1155 1147  
  6163 1087 1147 1083  
  6164 1083 1147 1122  
  6165 1087 1083 1026  
  6166 1026 1083 1034  
  6167 1122 1147 1202  
  6168 716 680 657  
  6169 657 680 622  
  6170 716 657 672  
  6171 622 680 645  
  6172 657 622 610  
  6173 622 645 588  
  6174 610 622 578  
  6175 657 610 672  
  6176 622 588 578  
  6177 610 578 556  
  6178 578 588 541  
  6179 541 588 561  
  6180 578 541 524  
  6181 561 588 615  
  6182 524 541 493  
  6183 578 524 556  
  6184 615 588 645  
  6185 493 541 508  
  6186 524 493 474  
  6187 508 541 561  
  6188 493 508 464  
  6189 474 493 429  
  6190 474 429 448  
  6191 508 561 535  
  6192 464 508 486  
  6193 535 561 584  
  6194 508 535 486  
  6195 464 486 446  
  6196 446 486 457  
  6197 584 561 615  
  6198 486 535 504  
  6199 504 535 547  
  6200 486 504 457  
  6201 547 535 584  
  6202 504 547 496  
  6203 504 496 457  
  6204 524 474 506  
  6205 493 464 429  
  6206 3573 3635 3580  
  6207 3580 3635 3663  
  6208 2738 2748 2812  
  6209 2738 2812 2807  
  6210 930 869 873  
  6211 832 828 776  
  6212 776 828 790  
  6213 790 828 863  
  6214 863 828 883  
  6215 790 863 804  
  6216 664 695 642  
  6217 642 695 658  
  6218 1235 1308 1269  
  6219 1235 1269 1195  
  6220 2845 2741 2807  
  6221 3918 3982 3897  
  6222 2631 2589 2515  
  6223 2079 2054 2140  
  6224 819 765 840  
  6225 1942 1975 2027  
  6226 2027 1975 2058  
  6227 2058 1975 2015  
  6228 2027 2058 2111  
  6229 2027 2111 2076  
  6230 3670 3716 3637  
  6231 1370 1341 1421  
  6232 1370 1421 1446  
  6233 3962 4032 3974  
  6234 2578 2506 2500  
  6235 589 642 658  
  6236 3230 3263 3184  
  6237 2554 2540 2623  
  6238 1254 1295 1336  
  6239 1336 1295 1360  
  6240 1360 1295 1327  
  6241 3428 3480 3396  
  6242 3570 3624 3643  
  6243 3702 3735 3658  
  6244 1643 1574 1591  
  6245 3974 3952 3885  
  6246 2967 3073 3048  
  6247 1889 1910 1963  
  6248 1963 1910 1989  
  6249 3784 3748 3823  
  6250 3823 3748 3756  
  6251 3756 3748 3674  
  6252 3686 3652 3730  
  6253 1466 1495 1421  
  6254 3061 3144 3123  
  6255 2392 2373 2309  
  6256 2392 2309 2327  
  6257 3214 3123 3144  
  6258 1348 1379 1427  
  6259 3058 2982 2992  
  6260 748 716 672  
  6261 572 520 560  
  6262 3789 3840 3877  
  6263 2226 2306 2316  
  6264 1321 1403 1346  
  6265 490 526 548  
  6266 579 548 526  
  6267 1876 1899 1811  
  6268 982 918 930  
  6269 3643 3718 3665  
  6270 2910 2807 2905  
  6271 3610 3685 3644  
  6272 1273 1206 1180  
  6273 2393 2316 2306  
  6274 3581 3664 3631  
  6275 3581 3631 3533  
  6276 3408 3462 3490  
  6277 3827 3855 3920  
  6278 3920 3855 3952  
  6279 3827 3920 3863  
  6280 4060 3989 4034  
  6281 4034 3989 3956  
  6282 3956 3989 3902  
  6283 2251 2164 2226  
  6284 720 693 768  
  6285 2052 2055 1970  
  6286 3637 3606 3551  
  6287 834 788 768  
  6288 756 769 708  
  6289 2900 2886 2967  
  6290 3703 3749 3670  
  6291 1416 1470 1393  
  6292 2522 2430 2556  
  6293 1294 1364 1314  
  6294 3931 3863 3920  
  6295 2381 2393 2306  
  6296 3770 3722 3685  
  6297 1203 1229 1153  
  6298 1149 1162 1221  
  6299 2614 2623 2540  
  6300 3695 3730 3652  
  6301 1221 1268 1166  
  6302 1223 1238 1150  
  6303 722 749 792  
  6304 591 672 610  
  6305 1363 1444 1373  
  6306 1454 1427 1379  
  6307 3942 3874 3872  
  6308 3722 3644 3685  
  6309 594 551 572  
  6310 1848 1794 1886  
  6311 3514 3429 3536  
  6312 3514 3536 3596  
  6313 1295 1229 1263  
  6314 1263 1229 1203  
  6315 719 710 658  
  6316 935 881 863  
  6317 3952 4033 4021  
  6318 801 857 861  
  6319 861 933 929  
  6320 681 736 693  
  6321 1590 1653 1559  
  6322 3748 3705 3674  
  6323 1761 1729 1830  
  6324 3123 3173 3067  
  6325 2632 2554 2623  
  6326 812 817 869  
  6327 506 556 524  
  6328 3919 3877 3840  
  6329 1297 1321 1233  
  6330 526 472 505  
  6331 1580 1625 1665  
  6332 899 880 820  
  6333 1628 1580 1665  
  6334 1206 1297 1233  
  6335 2316 2408 2332  
  6336 2846 2768 2763  
  6337 2763 2768 2693  
  6338 2693 2768 2704  
  6339 628 594 572  
  6340 3237 3214 3144  
  6341 3989 4011 3934  
  6342 3934 4011 3999  
  6343 2055 2136 2153  
  6344 3606 3581 3522  
  6345 769 827 806  
  6346 2427 2417 2515  
  6347 466 503 512  
  6348 2812 2905 2807  
  6349 3048 3001 2936  
  6350 1527 1462 1444  
  6351 3342 3370 3431  
  6352 656 658 710  
  6353 3778 3689 3715  
  6354 1101 1035 1091  
  6355 2153 2157 2057  
  6356 3656 3573 3593  
  6357 3593 3573 3517  
  6358 3573 3500 3517  
  6359 3517 3500 3431  
  6360 1611 1559 1653  
  6361 1542 1463 1505  
  6362 3227 3136 3204  
  6363 3973 3918 3890  
  6364 855 899 820  
  6365 1373 1347 1278  
  6366 4024 3962 3953  
  6367 2500 2506 2416  
  6368 2786 2704 2768  
  6369 3351 3230 3301  
  6370 2515 2588 2631  
  6371 1393 1360 1327  
  6372 1393 1327 1416  
  6373 1414 1454 1379  
  6374 3059 2992 2969  
  6375 3059 2969 3021  
  6376 1734 1812 1746  
  6377 2121 2152 2237  
  6378 2989 2967 2886  
  6379 980 935 920  
  6380 920 935 863  
  6381 980 920 959  
  6382 1593 1566 1646  
  6383 3072 3058 3131  
  6384 3131 3058 3098  
  6385 3098 3058 2992  
  6386 3743 3702 3668  
  6387 3885 3842 3910  
  6388 3910 3842 3878  
  6389 3885 3910 3974  
  6390 3974 3910 3962  
  6391 1299 1363 1373  
  6392 3110 3053 3033  
  6393 820 772 855  
  6394 1944 1903 1848  
  6395 2905 2992 2982  
  6396 3766 3684 3716  
  6397 750 804 764  
  6398 1500 1591 1504  
  6399 825 764 804  
  6400 3684 3637 3716  
  6401 3735 3695 3658  
  6402 3800 3703 3714  
  6403 3389 3469 3429  
  6404 1035 980 959  
  6405 736 768 693  
  6406 3934 3902 3989  
  6407 1083 1122 1034  
  6408 528 502 465  
  6409 857 859 910  
  6410 1180 1206 1107  
  6411 2807 2741 2722  
  6412 804 863 881  
  6413 672 720 748  
  6414 3814 3808 3728  
  6415 3728 3808 3790  
  6416 3703 3670 3602  
  6417 1268 1348 1368  
  6418 3230 3184 3125  
  6419 3952 4021 3920  
  6420 883 959 920  
  6421 883 920 863  
  6422 416 429 464  
  6423 1812 1908 1822  
  6424 3890 3947 3973  
  6425 2069 1982 2028  
  6426 1160 1107 1206  
  6427 689 751 728  
  6428 1403 1429 1346  
  6429 2724 2672 2624  
  6430 2624 2672 2591  
  6431 3139 3076 3177  
  6432 3862 3828 3926  
  6433 2089 2007 2078  
  6434 4121 4143 4218  
  6435 3706 3754 3813  
  6436 4171 4160 4254  
  6437 388 413 351  
  6438 393 377 338  
  6439 999 1073 1018  
  6440 1023 962 976  
  6441 1065 1122 1153  
  6442 1034 1122 1065  
  6443 1030 1091 1035  
  6444 4009 3920 4021  
  6445 3931 3920 4009  
  6446 1368 1348 1427  
  6447 3020 2989 2931  
  6448 2931 2989 2886  
  6449 3020 2931 2911  
  6450 465 490 528  
  6451 448 506 474  
  6452 4040 3973 3947  
  6453 2018 2052 1964  
  6454 1684 1611 1653  
  6455 464 446 416  
  6456 792 765 722  
  6457 3670 3637 3577  
  6458 720 768 788  
  6459 572 606 628  
  6460 2226 2316 2251  
  6461 3665 3553 3643  
  6462 2982 2910 2905  
  6463 610 556 591  
  6464 3409 3342 3431  
  6465 3878 3962 3910  
  6466 825 804 881  
  6467 3631 3689 3598  
  6468 1958 2028 1944  
  6469 1958 1944 1848  
  6470 2153 2057 2055  
  6471 3389 3429 3301  
  6472 2018 1964 1908  
  6473 2967 3048 2936  
  6474 2911 2931 2830  
  6475 3596 3536 3639  
  6476 2931 2886 2830  
  6477 3947 3999 4040  
  6478 1030 1035 959  
  6479 5054 4996 5015  
  6480 4938 4888 4905  
  6481 4844 4807 4819  
  6482 4996 4938 4954  
  6483 4888 4844 4853  
  6484 5015 4996 4954  
  6485 5015 4954 4980  
  6486 4905 4888 4853  
  6487 4905 4853 4866  
  6488 4954 4938 4905  
  6489 4954 4905 4923  
  6490 4853 4844 4819  
  6491 4853 4819 4828  
  6492 4980 4954 4923  
  6493 4980 4923 4937  
  6494 4866 4853 4828  
  6495 4866 4828 4839  
  6496 4923 4905 4866  
  6497 4923 4866 4884  
  6498 4937 4923 4884  
  6499 4937 4884 4901  
  6500 4980 4937 4994  
  6501 4884 4866 4839  
  6502 4901 4884 4849  
  6503 5054 5015 5066  
  6504 5066 5015 5026  
  6505 5026 5015 4980  
  6506 5026 4980 4994  
  6507 5026 4994 5052  
  6508 5066 5026 5074  
  6509 5074 5026 5052  
  6510 5074 5052 5083  
  6511 5083 5052 5030  
  6512 5030 5052 4994  
  6513 5083 5030 5095  
  6514 5095 5030 5059  
  6515 5059 5030 5000  
  6516 5095 5059 5111  
  6517 4937 4901 4962  
  6518 5000 5030 4962  
  6519 5059 5000 5011  
  6520 4994 4937 4962  
  6521 4994 4962 5030  
  6522 4962 4901 4922  
  6523 5011 5000 4951  
  6524 5059 5011 5064  
  6525 5050 5062 4987  
  6526 5156 5158 5128  
  6527 5153 5151 5119  
  6528 5125 5132 5086  
  6529 5169 5167 5141  
  6530 5116 5111 5064  
  6531 5091 5109 5057  
  6532 5164 5166 5138  
  6533 5145 5135 5098  
  6534 5148 5150 5115  
  6535 5161 5159 5131  
  6536 5072 5082 5028  
  6537 5160 5162 5133  
  6538 5149 5147 5113  
  6539 5144 5146 5104  
  6540 5165 5163 5137  
  6541 4962 4922 5000  
  6542 5114 5120 5070  
  6543 5168 5170 5142  
  6544 5127 5121 5080  
  6545 5152 5154 5122  
  6546 5157 5155 5126  
  6547 5062 5072 5019  
  6548 5158 5160 5130  
  6549 5151 5149 5117  
  6550 5132 5144 5094  
  6551 5167 5165 5139  
  6552 4922 4901 4855  
  6553 5109 5114 5063  
  6554 5166 5168 5140  
  6555 5135 5127 5087  
  6556 5150 5152 5118  
  6557 5159 5157 5129  
  6558 5082 5091 5044  
  6559 5162 5164 5136  
  6560 5147 5145 5110  
  6561 5146 5148 5112  
  6562 5163 5161 5134  
  6563 5120 5125 5078  
  6564 5170 5169 5143  
  6565 5121 5116 5073  
  6566 5154 5156 5124  
  6567 5155 5153 5123  
  6568 4951 5000 4922  
  6569 4951 4922 4919  
  6570 5070 5120 5078  
  6571 5070 5078 5027  
  6572 5027 5078 5037  
  6573 5070 5027 5021  
  6574 5037 5078 5086  
  6575 5037 5086 5049  
  6576 5086 5078 5125  
  6577 5049 5086 5094  
  6578 5049 5094 5060  
  6579 5037 5049 4993  
  6580 5094 5086 5132  
  6581 5060 5094 5104  
  6582 5060 5104 5067  
  6583 5049 5060 5004  
  6584 5104 5094 5144  
  6585 5067 5104 5112  
  6586 5067 5112 5069  
  6587 5060 5067 5014  
  6588 5112 5104 5146  
  6589 5069 5112 5115  
  6590 5069 5115 5076  
  6591 5076 5115 5118  
  6592 5076 5118 5079  
  6593 5069 5076 5024  
  6594 5079 5118 5122  
  6595 5079 5122 5084  
  6596 5076 5079 5029  
  6597 5084 5122 5124  
  6598 5084 5124 5089  
  6599 5079 5084 5036  
  6600 5089 5124 5128  
  6601 5089 5128 5092  
  6602 5084 5089 5043  
  6603 5092 5128 5130  
  6604 5092 5130 5096  
  6605 5089 5092 5047  
  6606 5096 5130 5133  
  6607 5096 5133 5099  
  6608 5092 5096 5045  
  6609 5099 5133 5136  
  6610 5099 5136 5101  
  6611 5096 5099 5032  
  6612 5101 5136 5138  
  6613 5101 5138 5103  
  6614 5099 5101 5034  
  6615 5103 5138 5140  
  6616 5103 5140 5106  
  6617 5101 5103 5041  
  6618 5106 5140 5142  
  6619 5106 5142 5108  
  6620 5103 5106 5039  
  6621 5108 5142 5143  
  6622 5108 5143 5107  
  6623 5106 5108 5038  
  6624 5107 5143 5141  
  6625 5107 5141 5105  
  6626 5108 5107 5040  
  6627 5105 5141 5139  
  6628 5105 5139 5102  
  6629 5107 5105 5042  
  6630 5102 5139 5137  
  6631 5102 5137 5100  
  6632 5105 5102 5053  
  6633 5100 5137 5134  
  6634 5100 5134 5097  
  6635 5102 5100 5058  
  6636 5097 5134 5131  
  6637 5097 5131 5093  
  6638 5100 5097 5055  
  6639 5093 5131 5129  
  6640 5093 5129 5090  
  6641 5097 5093 5051  
  6642 5090 5129 5126  
  6643 5090 5126 5085  
  6644 5093 5090 5048  
  6645 5085 5126 5123  
  6646 5085 5123 5081  
  6647 5090 5085 5035  
  6648 5081 5123 5119  
  6649 5081 5119 5077  
  6650 5085 5081 5022  
  6651 5077 5119 5117  
  6652 5077 5117 5071  
  6653 5081 5077 5017  
  6654 5071 5117 5113  
  6655 5071 5113 5068  
  6656 5077 5071 5008  
  6657 5068 5113 5110  
  6658 5068 5110 5061  
  6659 5071 5068 5005  
  6660 5061 5110 5098  
  6661 5061 5098 5056  
  6662 5068 5061 5016  
  6663 5056 5098 5087  
  6664 5056 5087 5046  
  6665 5061 5056 5009  
  6666 5046 5087 5080  
  6667 5046 5080 5031  
  6668 5056 5046 5010  
  6669 5031 5080 5073  
  6670 5031 5073 5025  
  6671 5046 5031 4988  
  6672 5025 5073 5064  
  6673 5025 5064 5011  
  6674 5031 5025 4983  
  6675 5025 5011 4972  
  6676 5067 5069 5020  
  6677 4972 5011 4951  
  6678 5025 4972 4983  
  6679 4983 4972 4929  
  6680 4929 4972 4919  
  6681 4983 4929 4942  
  6682 5115 5112 5148  
  6683 5138 5136 5164  
  6684 5131 5134 5161  
  6685 5098 5110 5145  
  6686 5128 5124 5156  
  6687 5141 5143 5169  
  6688 5119 5123 5153  
  6689 5122 5118 5152  
  6690 5142 5140 5168  
  6691 5126 5129 5157  
  6692 5080 5087 5127  
  6693 5133 5130 5160  
  6694 5137 5139 5165  
  6695 5113 5117 5149  
  6696 5118 5115 5150  
  6697 5140 5138 5166  
  6698 5129 5131 5159  
  6699 5087 5098 5135  
  6700 5130 5128 5158  
  6701 5139 5141 5167  
  6702 5117 5119 5151  
  6703 5124 5122 5154  
  6704 5143 5142 5170  
  6705 5123 5126 5155  
  6706 5073 5080 5121  
  6707 5136 5133 5162  
  6708 5134 5137 5163  
  6709 5110 5113 5147  
  6710 5064 5073 5116  
  6711 4919 4972 4951  
  6712 4919 4922 4867  
  6713 4929 4919 4877  
  6714 4877 4919 4867  
  6715 4942 4929 4889  
  6716 4889 4929 4877  
  6717 4983 4942 4988  
  6718 4988 4942 4957  
  6719 4983 4988 5031  
  6720 4957 4942 4899  
  6721 4988 4957 5010  
  6722 5010 4957 5009  
  6723 4899 4942 4889  
  6724 4988 5010 5046  
  6725 5010 5009 5056  
  6726 5032 5099 5034  
  6727 5032 5034 4964  
  6728 5058 5100 5055  
  6729 5058 5055 5003  
  6730 5003 5055 5002  
  6731 5058 5003 5012  
  6732 5005 5068 5016  
  6733 5005 5016 4927  
  6734 5038 5108 5040  
  6735 5038 5040 4977  
  6736 5035 5085 5022  
  6737 5035 5022 4949  
  6738 5041 5103 5039  
  6739 5041 5039 4974  
  6740 5051 5093 5048  
  6741 5051 5048 4997  
  6742 4997 5048 4998  
  6743 5051 4997 5002  
  6744 5002 4997 4959  
  6745 4959 4997 4955  
  6746 5002 4959 4963  
  6747 4955 4997 4998  
  6748 5002 4963 5003  
  6749 4955 4998 4949  
  6750 5003 4963 4969  
  6751 5003 4969 5012  
  6752 5012 4969 4973  
  6753 5012 4973 5053  
  6754 5051 5002 5055  
  6755 4949 4998 5035  
  6756 5051 5055 5097  
  6757 5035 4998 5048  
  6758 5035 5048 5090  
  6759 5042 5105 5053  
  6760 5042 5053 4973  
  6761 5012 5053 5058  
  6762 5058 5053 5102  
  6763 5017 5077 5008  
  6764 5017 5008 4940  
  6765 5034 5101 5041  
  6766 5034 5041 4970  
  6767 5016 5061 5009  
  6768 5016 5009 4958  
  6769 4958 5009 4957  
  6770 5016 4958 4927  
  6771 5040 5107 5042  
  6772 5040 5042 4975  
  6773 5022 5081 5017  
  6774 5022 5017 4945  
  6775 5039 5106 5038  
  6776 5039 5038 4976  
  6777 5008 5071 5005  
  6778 5008 5005 4934  
  6779 5096 5032 5045  
  6780 5045 5032 4960  
  6781 5043 5089 5047  
  6782 5043 5047 4992  
  6783 4992 5047 5001  
  6784 5043 4992 4989  
  6785 5047 5092 5045  
  6786 5047 5045 5001  
  6787 5001 5045 4960  
  6788 5001 4960 4956  
  6789 5001 4956 4992  
  6790 4992 4956 4950  
  6791 4992 4950 4989  
  6792 4989 4950 4946  
  6793 4989 4946 4995  
  6794 4995 4946 4941  
  6795 4989 4995 5036  
  6796 5036 4995 5029  
  6797 5029 4995 4984  
  6798 4989 5036 5043  
  6799 5036 5029 5079  
  6800 4984 4995 4941  
  6801 4984 4941 4935  
  6802 5029 4984 5024  
  6803 5024 4984 4981  
  6804 5043 5036 5084  
  6805 5029 5024 5076  
  6806 4981 4984 4935  
  6807 4981 4935 4930  
  6808 5024 4981 5020  
  6809 5020 4981 4979  
  6810 5024 5020 5069  
  6811 4979 4981 4930  
  6812 4979 4930 4921  
  6813 5020 4979 5014  
  6814 5014 4979 4966  
  6815 5020 5014 5067  
  6816 4966 4979 4921  
  6817 4966 4921 4914  
  6818 5014 4966 5004  
  6819 5004 4966 4953  
  6820 5014 5004 5060  
  6821 4953 4966 4914  
  6822 4953 4914 4900  
  6823 5004 4953 4993  
  6824 4993 4953 4947  
  6825 5004 4993 5049  
  6826 4947 4953 4900  
  6827 4947 4900 4891  
  6828 4993 4947 4991  
  6829 4991 4947 4965  
  6830 4993 4991 5037  
  6831 5037 4991 5027  
  6832 5027 4991 4965  
  6833 4965 4947 4891  
  6834 5021 5027 4965  
  6835 5070 5021 5063  
  6836 5063 5021 5013  
  6837 5070 5063 5114  
  6838 5013 5021 4961  
  6839 5063 5013 5057  
  6840 5057 5013 4999  
  6841 5063 5057 5109  
  6842 4999 5013 4952  
  6843 5057 4999 5044  
  6844 5044 4999 4990  
  6845 5057 5044 5091  
  6846 4990 4999 4943  
  6847 5044 4990 5028  
  6848 5028 4990 4982  
  6849 5044 5028 5082  
  6850 4982 4990 4936  
  6851 5028 4982 5019  
  6852 5019 4982 4968  
  6853 4968 4982 4928  
  6854 5019 4968 4987  
  6855 5028 5019 5072  
  6856 4987 4968 4931  
  6857 4931 4968 4928  
  6858 4936 4990 4943  
  6859 4936 4943 4895  
  6860 4982 4936 4928  
  6861 4928 4936 4883  
  6862 4895 4943 4909  
  6863 4936 4895 4883  
  6864 4883 4895 4850  
  6865 4850 4895 4856  
  6866 4928 4883 4873  
  6867 4952 5013 4961  
  6868 4952 4961 4918  
  6869 4918 4961 4924  
  6870 4952 4918 4909  
  6871 4909 4918 4869  
  6872 4869 4918 4878  
  6873 4952 4909 4943  
  6874 4952 4943 4999  
  6875 4895 4909 4856  
  6876 4856 4909 4869  
  6877 4961 5021 4965  
  6878 4924 4961 4965  
  6879 4924 4965 4891  
  6880 4918 4924 4878  
  6881 4878 4924 4891  
  6882 5059 5064 5111  
  6883 5062 5019 4987  
  6884 4976 4974 5039  
  6885 4849 4855 4901  
  6886 4927 4934 5005  
  6887 4913 4920 4958  
  6888 4958 4920 4927  
  6889 4970 4964 5034  
  6890 4850 4842 4883  
  6891 4975 4977 5040  
  6892 4940 4945 5017  
  6893 4899 4913 4957  
  6894 4974 4970 5041  
  6895 4855 4867 4922  
  6896 4973 4975 5042  
  6897 4934 4940 5008  
  6898 4839 4849 4884  
  6899 4964 4960 5032  
  6900 4842 4829 4873  
  6901 4977 4976 5038  
  6902 4945 4949 5022  
  6903 4883 4842 4873  
  6904 4957 4913 4958  
  6905 4873 4931 4928  
  6906 2734 2804 2818  
  6907 4265 4247 4315  
  6908 401 364 354  
  6909 4307 4322 4372  
  6910 2587 2503 2590  
  6911 662 717 676  
  6912 3758 3806 3839  
  6913 3662 3605 3704  
  6914 187 194 167  
  6915 4443 4439 4478  
  6916 1315 1244 1293  
  6917 1784 1864 1837  
  6918 3297 3371 3394  
  6919 4023 3984 4052  
  6920 206 195 170  
  6921 4416 4422 4459  
  6922 1948 1872 1936  
  6923 1170 1242 1204  
  6924 4092 4124 4165  
  6925 3170 3105 3196  
  6926 331 361 319  
  6927 4398 4387 4449  
  6928 780 725 742  
  6929 2420 2495 2482  
  6930 3023 3097 3115  
  6931 4159 4127 4196  
  6932 278 255 242  
  6933 4374 4385 4432  
  6934 2272 2187 2260  
  6935 898 965 932  
  6936 3939 3980 4015  
  6937 3430 3375 3461  
  6938 233 253 215  
  6939 4428 4423 4471  
  6940 1033 968 998  
  6941 2100 2181 2162  
  6942 3548 3599 3630  
  6943 3858 3811 3888  
  6944 177 174 154  
  6945 4434 4438 4474  
  6946 1627 1547 1600  
  6947 1464 1541 1522  
  6948 4215 4245 4279  
  6949 2888 2811 2906  
  6950 475 517 471  
  6951 4343 4324 4386  
  6952 574 523 532  
  6953 2881 2951 2962  
  6954 4219 4187 4268  
  6955 334 306 287  
  6956 4341 4360 4412  
  6957 2425 2347 2440  
  6958 777 837 793  
  6959 3853 3894 3930  
  6960 3554 3494 3579  
  6961 204 216 185  
  6962 4435 4431 4472  
  6963 1176 1105 1144  
  6964 1940 2022 1997  
  6965 3426 3487 3521  
  6966 3946 3898 3976  
  6967 190 184 162  
  6968 4427 4430 4467  
  6969 1789 1699 1772  
  6970 1313 1388 1362  
  6971 4157 4184 4228  
  6972 3031 2958 3050  
  6973 396 434 391  
  6974 4375 4363 4417  
  6975 669 616 631  
  6976 2579 2649 2658  
  6977 3166 3233 3253  
  6978 4096 4056 4132  
  6979 236 218 198  
  6980 4395 4410 4457  
  6981 2110 2030 2082  
  6982 1027 1099 1060  
  6983 4017 4051 4094  
  6984 3306 3239 3338  
  6985 277 300 259  
  6986 4418 4411 4460  
  6987 901 843 867  
  6988 2261 2337 2336  
  6989 3657 3710 3775  
  6990 3763 3712 3787  
  6991 175 181 155  
  6992 4442 4444 4481  
  6993 1468 1398 1441  
  6994 1624 1696 1675  
  6995 4262 4286 4325  
  6996 2742 2659 2755  
  6997 567 611 573  
  6998 4309 4290 4351  
  6999 479 438 432  
  7000 2804 2881 2899  
  7001 4247 4219 4288  
  7002 364 334 321  
  7003 4322 4341 4392  
  7004 2503 2425 2504  
  7005 717 777 726  
  7006 3806 3853 3892  
  7007 3605 3554 3627  
  7008 194 204 171  
  7009 4439 4435 4485  
  7010 1244 1176 1213  
  7011 1864 1940 1931  
  7012 3371 3426 3473  
  7013 3984 3946 4030  
  7014 195 190 166  
  7015 4422 4427 4470  
  7016 1872 1789 1852  
  7017 1242 1313 1282  
  7018 4124 4157 4206  
  7019 3105 3031 3119  
  7020 361 396 347  
  7021 4387 4375 4433  
  7022 725 669 679  
  7023 2495 2579 2584  
  7024 3097 3166 3202  
  7025 4127 4096 4177  
  7026 255 236 217  
  7027 4385 4395 4440  
  7028 2187 2110 2175  
  7029 965 1027 985  
  7030 3980 4017 4067  
  7031 3375 3306 3399  
  7032 253 277 238  
  7033 4423 4418 4462  
  7034 968 901 926  
  7035 2181 2261 2254  
  7036 3599 3657 3691  
  7037 3811 3763 3852  
  7038 174 175 158  
  7039 4438 4442 4488  
  7040 1547 1468 1526  
  7041 1541 1624 1581  
  7042 4245 4262 4314  
  7043 2811 2742 2822  
  7044 517 567 522  
  7045 4324 4309 4378  
  7046 523 479 477  
  7047 2951 3023 3041  
  7048 4187 4159 4242  
  7049 306 278 261  
  7050 4360 4374 4419  
  7051 2347 2272 2375  
  7052 837 898 853  
  7053 3894 3939 3986  
  7054 3494 3430 3526  
  7055 216 233 199  
  7056 4431 4428 4469  
  7057 1105 1033 1064  
  7058 2022 2100 2087  
  7059 3487 3548 3578  
  7060 3898 3858 3950  
  7061 184 177 159  
  7062 4430 4434 4482  
  7063 1699 1627 1687  
  7064 1388 1464 1434  
  7065 4184 4215 4263  
  7066 2958 2888 2970  
  7067 434 475 428  
  7068 4363 4343 4413  
  7069 616 574 577  
  7070 2649 2734 2727  
  7071 3233 3297 3332  
  7072 4056 4023 4109  
  7073 218 206 189  
  7074 4410 4416 4458  
  7075 2030 1948 2019  
  7076 1099 1170 1125  
  7077 4051 4092 4142  
  7078 3239 3170 3262  
  7079 300 331 284  
  7080 4411 4398 4452  
  7081 843 780 798  
  7082 2337 2420 2418  
  7083 3710 3758 3798  
  7084 3712 3662 3745  
  7085 181 187 161  
  7086 4444 4443 4489  
  7087 1398 1315 1352  
  7088 1696 1784 1753  
  7089 4286 4307 4358  
  7090 2659 2587 2670  
  7091 611 662 624  
  7092 4290 4265 4332  
  7093 438 401 392  
  7094 2818 2804 2899  
  7095 2818 2899 2929  
  7096 1362 1388 1434  
  7097 1362 1434 1412  
  7098 926 901 867  
  7099 926 867 882  
  7100 215 253 238  
  7101 215 238 193  
  7102 321 334 287  
  7103 321 287 267  
  7104 2970 2888 2906  
  7105 2970 2906 3014  
  7106 1936 1872 1852  
  7107 1936 1852 1919  
  7108 4460 4411 4452  
  7109 4460 4452 4515  
  7110 4419 4374 4432  
  7111 4419 4432 4487  
  7112 4268 4187 4242  
  7113 4268 4242 4340  
  7114 4206 4157 4228  
  7115 4206 4228 4316  
  7116 2418 2420 2482  
  7117 2418 2482 2517  
  7118 167 194 171  
  7119 167 171 141  
  7120 4132 4056 4109  
  7121 4132 4109 4226  
  7122 4314 4262 4325  
  7123 4314 4325 4407  
  7124 1600 1547 1526  
  7125 1600 1526 1560  
  7126 1213 1176 1144  
  7127 1213 1144 1169  
  7128 4458 4416 4459  
  7129 4458 4459 4507  
  7130 3115 3097 3202  
  7131 3115 3202 3235  
  7132 1675 1696 1753  
  7133 1675 1753 1777  
  7134 2087 2100 2162  
  7135 2087 2162 2196  
  7136 4472 4431 4469  
  7137 4472 4469 4526  
  7138 217 236 198  
  7139 217 198 168  
  7140 2670 2587 2590  
  7141 2670 2590 2689  
  7142 2590 2503 2504  
  7143 2590 2532 2689  
  7144 4417 4363 4413  
  7145 4417 4413 4480  
  7146 158 175 155  
  7147 158 155 137  
  7148 3630 3599 3691  
  7149 3630 3691 3723  
  7150 3892 3853 3930  
  7151 3892 3930 4022  
  7152 2727 2734 2818  
  7153 2727 2818 2770  
  7154 319 361 347  
  7155 319 347 303  
  7156 3787 3712 3745  
  7157 3787 3745 3869  
  7158 3526 3430 3461  
  7159 3526 3461 3585  
  7160 793 837 853  
  7161 793 853 810  
  7162 679 669 631  
  7163 679 631 626  
  7164 4489 4443 4478  
  7165 4489 4478 4525  
  7166 3394 3371 3473  
  7167 3394 3473 3488  
  7168 1060 1099 1125  
  7169 1060 1125 1090  
  7170 477 479 432  
  7171 477 432 420  
  7172 471 517 522  
  7173 471 522 488  
  7174 166 190 162  
  7175 166 162 139  
  7176 3262 3170 3196  
  7177 3262 3196 3291  
  7178 2260 2187 2175  
  7179 2260 2175 2243  
  7180 4351 4290 4332  
  7181 4351 4332 4408  
  7182 4482 4434 4474  
  7183 4482 4474 4522  
  7184 3976 3898 3950  
  7185 3976 3950 4059  
  7186 4067 4017 4094  
  7187 4067 4094 4179  
  7188 354 364 321  
  7189 354 321 267  
  7190 3050 2958 2970  
  7191 3050 2970 3163  
  7192 3691 3657 3775  
  7193 3691 3775 3723  
  7194 998 968 926  
  7195 998 926 1022  
  7196 2504 2425 2440  
  7197 2504 2440 2532  
  7198 4413 4343 4386  
  7199 4413 4456 4480  
  7200 4165 4124 4206  
  7201 4165 4206 4264  
  7202 2336 2337 2418  
  7203 2336 2418 2517  
  7204 853 898 932  
  7205 853 957 810  
  7206 4412 4360 4419  
  7207 4412 4419 4487  
  7208 347 396 391  
  7209 347 391 303  
  7210 3745 3662 3704  
  7211 3745 3704 3869  
  7212 1293 1244 1213  
  7213 1293 1213 1334  
  7214 4457 4410 4458  
  7215 4457 4458 4507  
  7216 522 567 573  
  7217 522 573 488  
  7218 4279 4245 4314  
  7219 4279 4314 4368  
  7220 3473 3426 3521  
  7221 3473 3641 3488  
  7222 1125 1170 1204  
  7223 1125 1204 1090  
  7224 242 255 217  
  7225 242 217 168  
  7226 2755 2659 2670  
  7227 2755 2670 2842  
  7228 3950 3858 3888  
  7229 3950 3969 4059  
  7230 1997 2022 2087  
  7231 1997 2087 2005  
  7232 2175 2110 2082  
  7233 2175 2092 2243  
  7234 4332 4265 4315  
  7235 4332 4315 4408  
  7236 3839 3806 3892  
  7237 3839 3892 3924  
  7238 2658 2649 2727  
  7239 2658 2727 2770  
  7240 1526 1468 1441  
  7241 1526 1441 1560  
  7242 154 174 158  
  7243 154 158 137  
  7244 171 204 185  
  7245 171 185 141  
  7246 4109 4023 4052  
  7247 4109 4146 4226  
  7248 742 725 679  
  7249 742 679 737  
  7250 4481 4444 4489  
  7251 4481 4489 4523  
  7252 4469 4428 4471  
  7253 4469 4471 4526  
  7254 3579 3494 3526  
  7255 3579 3526 3692  
  7256 3202 3166 3253  
  7257 3202 3329 3235  
  7258 1753 1784 1837  
  7259 1753 1837 1777  
  7260 170 195 166  
  7261 170 166 139  
  7262 3338 3239 3262  
  7263 3338 3262 3448  
  7264 4242 4159 4196  
  7265 4242 4282 4340  
  7266 532 523 477  
  7267 532 477 518  
  7268 1852 1789 1772  
  7269 1852 1772 1919  
  7270 4452 4398 4449  
  7271 4452 4449 4515  
  7272 4015 3980 4067  
  7273 4015 4067 4105  
  7274 2899 2881 2962  
  7275 2899 3056 2929  
  7276 1434 1464 1522  
  7277 1434 1577 1412  
  7278 4467 4430 4482  
  7279 4467 4482 4521  
  7280 238 277 259  
  7281 238 259 193  
  7282 4315 4247 4288  
  7283 4315 4288 4382  
  7284 4228 4184 4263  
  7285 4228 4263 4316  
  7286 2254 2261 2336  
  7287 2254 2336 2349  
  7288 4471 4423 4462  
  7289 4471 4462 4519  
  7290 4392 4341 4412  
  7291 4392 4412 4468  
  7292 428 475 471  
  7293 428 471 379  
  7294 1204 1242 1282  
  7295 1204 1282 1245  
  7296 867 843 798  
  7297 867 798 882  
  7298 2375 2272 2260  
  7299 2375 2260 2401  
  7300 287 306 261  
  7301 287 213 267  
  7302 3119 3031 3050  
  7303 3119 3050 3163  
  7304 3798 3758 3839  
  7305 3798 3839 3924  
  7306 4478 4439 4485  
  7307 4478 4485 4525  
  7308 198 218 189  
  7309 198 151 168  
  7310 2822 2742 2755  
  7311 2822 2755 2842  
  7312 1522 1541 1581  
  7313 1522 1581 1577  
  7314 1931 1940 1997  
  7315 1931 1997 2005  
  7316 2019 1948 1936  
  7317 2019 1936 2092  
  7318 4196 4127 4177  
  7319 4196 4177 4282  
  7320 4325 4286 4358  
  7321 4325 4358 4407  
  7322 3578 3548 3630  
  7323 3578 3630 3723  
  7324 1144 1105 1064  
  7325 1144 1064 1169  
  7326 4440 4395 4457  
  7327 4440 4457 4499  
  7328 624 662 676  
  7329 624 676 620  
  7330 676 717 726  
  7331 676 726 620  
  7332 631 616 577  
  7333 631 577 626  
  7334 4488 4442 4481  
  7335 4488 4481 4523  
  7336 3888 3811 3852  
  7337 3888 3852 3969  
  7338 3627 3554 3579  
  7339 3627 3579 3692  
  7340 3332 3297 3394  
  7341 3332 3394 3488  
  7342 4449 4387 4433  
  7343 4449 4433 4500  
  7344 155 181 161  
  7345 155 161 137  
  7346 199 233 215  
  7347 199 215 160  
  7348 3930 3894 3986  
  7349 3930 3986 4022  
  7350 2584 2579 2658  
  7351 2584 2658 2770  
  7352 1352 1315 1293  
  7353 1352 1293 1334  
  7354 4052 3984 4030  
  7355 4052 4030 4146  
  7356 4094 4051 4142  
  7357 4094 4142 4179  
  7358 3041 3023 3115  
  7359 3041 3115 3235  
  7360 4386 4324 4378  
  7361 4386 4378 4456  
  7362 4470 4427 4467  
  7363 4470 4467 4521  
  7364 284 331 319  
  7365 284 319 244  
  7366 932 965 985  
  7367 932 985 957  
  7368 432 438 392  
  7369 432 348 420  
  7370 1687 1627 1600  
  7371 1687 1600 1743  
  7372 162 184 159  
  7373 162 136 139  
  7374 3399 3306 3338  
  7375 3399 3338 3448  
  7376 4372 4322 4392  
  7377 4372 4392 4448  
  7378 391 434 428  
  7379 391 428 379  
  7380 3852 3763 3787  
  7381 3852 3869 3969  
  7382 2162 2181 2254  
  7383 2162 2254 2196  
  7384 726 777 793  
  7385 726 793 810  
  7386 577 574 532  
  7387 577 532 518  
  7388 3196 3105 3119  
  7389 3196 3119 3291  
  7390 3775 3710 3798  
  7391 3775 3798 3924  
  7392 3986 3939 4015  
  7393 3986 4015 4105  
  7394 2440 2347 2375  
  7395 2440 2375 2532  
  7396 4433 4375 4417  
  7397 4433 4417 4480  
  7398 161 187 167  
  7399 161 167 141  
  7400 1837 1864 1931  
  7401 1837 1931 2005  
  7402 2082 2030 2019  
  7403 2082 2019 2092  
  7404 4378 4309 4351  
  7405 4378 4351 4408  
  7406 2906 2811 2822  
  7407 2906 2822 3014  
  7408 4030 3946 3976  
  7409 4030 3976 4059  
  7410 4142 4092 4165  
  7411 4142 4165 4264  
  7412 4432 4385 4440  
  7413 4432 4440 4499  
  7414 573 611 624  
  7415 573 624 620  
  7416 159 177 154  
  7417 159 154 136  
  7418 3521 3487 3578  
  7419 3521 3578 3641  
  7420 985 1027 1060  
  7421 985 1060 957  
  7422 392 401 354  
  7423 392 354 348  
  7424 3704 3605 3627  
  7425 3704 3627 3692  
  7426 3253 3233 3332  
  7427 3253 3332 3329  
  7428 1581 1624 1675  
  7429 1581 1675 1577  
  7430 4474 4438 4488  
  7431 4474 4488 4522  
  7432 4485 4435 4472  
  7433 4485 4472 4526  
  7434 189 206 170  
  7435 189 170 151  
  7436 2482 2495 2584  
  7437 2482 2584 2517  
  7438 1441 1398 1352  
  7439 1441 1352 1334  
  7440 1064 1033 998  
  7441 1064 998 1022  
  7442 185 216 199  
  7443 185 199 160  
  7444 4177 4096 4132  
  7445 4177 4132 4226  
  7446 4358 4307 4372  
  7447 4358 4372 4448  
  7448 4459 4422 4470  
  7449 4459 4470 4507  
  7450 259 300 284  
  7451 259 284 244  
  7452 261 278 242  
  7453 261 242 213  
  7454 2962 2951 3041  
  7455 2962 3041 3056  
  7456 1282 1313 1362  
  7457 1282 1362 1412  
  7458 798 780 742  
  7459 798 742 737  
  7460 3461 3375 3399  
  7461 3461 3399 3585  
  7462 4288 4219 4268  
  7463 4288 4268 4382  
  7464 4263 4215 4279  
  7465 4263 4279 4368  
  7466 1772 1699 1687  
  7467 1772 1687 1743  
  7468 4462 4418 4460  
  7469 4462 4460 4519  
  7470 5006 4985 4933  
  7471 4985 4967 4912  
  7472 4971 4986 4906  
  7473 4986 5007 4925  
  7474 4967 4944 4868  
  7475 4944 4926 4871  
  7476 4932 4948 4874  
  7477 4948 4971 4903  
  7478 4926 4910 4860  
  7479 4911 4932 4863  
  7480 4910 4885 4841  
  7481 4885 4861 4831  
  7482 4886 4911 4843  
  7483 4861 4845 4806  
  7484 4862 4886 4834  
  7485 4933 4985 4912  
  7486 4933 4912 4854  
  7487 4854 4912 4868  
  7488 4868 4912 4967  
  7489 4845 4827 4799  
  7490 4848 4862 4810  
  7491 4827 4812 4781  
  7492 4813 4830 4782  
  7493 4830 4848 4801  
  7494 4812 4792 4773  
  7495 4795 4813 4775  
  7496 4792 4780 4752  
  7497 4780 4765 4745  
  7498 4769 4783 4747  
  7499 4783 4795 4757  
  7500 4765 4749 4726  
  7501 4750 4769 4729  
  7502 4749 4738 4716  
  7503 4740 4750 4718  
  7504 4738 4723 4698  
  7505 4723 4703 4688  
  7506 4706 4724 4689  
  7507 4724 4740 4699  
  7508 4703 4690 4664  
  7509 4690 4670 4652  
  7510 4673 4692 4657  
  7511 4692 4706 4665  
  7512 4670 4655 4633  
  7513 4658 4673 4635  
  7514 4655 4639 4612  
  7515 4641 4658 4622  
  7516 4906 4986 4925  
  7517 4971 4906 4903  
  7518 4903 4906 4826  
  7519 4639 4616 4597  
  7520 4619 4641 4598  
  7521 4868 4944 4871  
  7522 4868 4803 4794  
  7523 4616 4603 4581  
  7524 4948 4903 4874  
  7525 4874 4903 4826  
  7526 4604 4619 4584  
  7527 4871 4926 4860  
  7528 4871 4860 4803  
  7529 4603 4571 4552  
  7530 4932 4874 4863  
  7531 4863 4874 4805  
  7532 4574 4604 4554  
  7533 4860 4910 4841  
  7534 4860 4841 4803  
  7535 4911 4863 4843  
  7536 4843 4863 4805  
  7537 4571 4556 4540  
  7538 4558 4574 4542  
  7539 4841 4885 4831  
  7540 4841 4831 4779  
  7541 4556 4535 4510  
  7542 4886 4843 4834  
  7543 4834 4843 4785  
  7544 4536 4558 4512  
  7545 4831 4861 4806  
  7546 4831 4806 4779  
  7547 4535 4511 4494  
  7548 4862 4834 4810  
  7549 4810 4834 4785  
  7550 4513 4536 4495  
  7551 4806 4845 4799  
  7552 4806 4799 4760  
  7553 4511 4486 4454  
  7554 4848 4810 4801  
  7555 4801 4810 4763  
  7556 4490 4513 4455  
  7557 4799 4827 4781  
  7558 4799 4781 4760  
  7559 4486 4451 4424  
  7560 4830 4801 4782  
  7561 4782 4801 4763  
  7562 4453 4490 4425  
  7563 4451 4405 4362  
  7564 4781 4812 4773  
  7565 4781 4773 4734  
  7566 4409 4453 4366  
  7567 4813 4782 4775  
  7568 4775 4782 4741  
  7569 4405 4353 4305  
  7570 4355 4409 4308  
  7571 4773 4792 4752  
  7572 4773 4752 4734  
  7573 4795 4775 4757  
  7574 4757 4775 4741  
  7575 4353 4296 4251  
  7576 4299 4355 4253  
  7577 4752 4780 4745  
  7578 4752 4745 4701  
  7579 4783 4757 4747  
  7580 4747 4757 4705  
  7581 4296 4231 4205  
  7582 4235 4299 4208  
  7583 4745 4765 4726  
  7584 4745 4726 4701  
  7585 4231 4163 4133  
  7586 4167 4235 4135  
  7587 4769 4747 4729  
  7588 4729 4747 4705  
  7589 4726 4749 4716  
  7590 4726 4716 4679  
  7591 4750 4729 4718  
  7592 4718 4729 4682  
  7593 4163 4093 4066  
  7594 4097 4167 4068  
  7595 4716 4738 4698  
  7596 4716 4698 4679  
  7597 4740 4718 4699  
  7598 4699 4718 4682  
  7599 4093 4016 3971  
  7600 4020 4097 3972  
  7601 4698 4723 4688  
  7602 4698 4688 4651  
  7603 4724 4699 4689  
  7604 4689 4699 4653  
  7605 4016 3937 3911  
  7606 3945 4020 3914  
  7607 4688 4703 4664  
  7608 4688 4664 4651  
  7609 3937 3857 3809  
  7610 3860 3945 3816  
  7611 4706 4689 4665  
  7612 4665 4689 4653  
  7613 4664 4690 4652  
  7614 4664 4652 4614  
  7615 3857 3768 3746  
  7616 3771 3860 3752  
  7617 4692 4665 4657  
  7618 4657 4665 4615  
  7619 4652 4670 4633  
  7620 4652 4633 4614  
  7621 3768 3682 3638  
  7622 3683 3771 3640  
  7623 4673 4657 4635  
  7624 4635 4657 4615  
  7625 4633 4655 4612  
  7626 4633 4612 4576  
  7627 3682 3587 3565  
  7628 3590 3683 3568  
  7629 4658 4635 4622  
  7630 4622 4635 4582  
  7631 4612 4639 4597  
  7632 4612 4597 4576  
  7633 3587 3491 3444  
  7634 3498 3590 3450  
  7635 4641 4622 4598  
  7636 4598 4622 4582  
  7637 3491 3391 3350  
  7638 3392 3498 3352  
  7639 4597 4616 4581  
  7640 4597 4581 4544  
  7641 2842 2670 2689  
  7642 3692 3526 3585  
  7643 3641 3578 3723  
  7644 4487 4432 4499  
  7645 136 154 137  
  7646 4619 4598 4584  
  7647 4584 4598 4545  
  7648 3163 2970 3014  
  7649 577 518 626  
  7650 259 244 193  
  7651 189 151 198  
  7652 2349 2336 2517  
  7653 3924 3892 4022  
  7654 4470 4521 4507  
  7655 4468 4412 4487  
  7656 4499 4457 4507  
  7657 3986 4105 4022  
  7658 392 348 432  
  7659 2962 3056 2899  
  7660 4196 4282 4242  
  7661 4488 4523 4522  
  7662 4315 4382 4408  
  7663 4449 4500 4515  
  7664 244 319 303  
  7665 4471 4519 4526  
  7666 151 170 139  
  7667 3014 2822 2842  
  7668 3399 3448 3585  
  7669 261 213 287  
  7670 2005 2087 2196  
  7671 4263 4368 4316  
  7672 1204 1245 1090  
  7673 3448 3262 3291  
  7674 185 160 141  
  7675 4386 4456 4413  
  7676 1064 1022 1169  
  7677 2254 2349 2196  
  7678 4368 4314 4407  
  7679 1743 1600 1560  
  7680 4523 4489 4525  
  7681 518 477 420  
  7682 1245 1282 1412  
  7683 4052 4146 4109  
  7684 3329 3332 3488  
  7685 2770 2818 2929  
  7686 4142 4264 4179  
  7687 1522 1577 1434  
  7688 2092 1936 1919  
  7689 213 242 168  
  7690 3787 3869 3852  
  7691 2082 2092 2175  
  7692 1060 1090 957  
  7693 4456 4378 4408  
  7694 932 957 853  
  7695 1334 1213 1169  
  7696 3253 3329 3202  
  7697 4282 4177 4226  
  7698 159 136 162  
  7699 798 737 882  
  7700 4264 4206 4316  
  7701 160 215 193  
  7702 4500 4433 4480  
  7703 4521 4482 4522  
  7704 737 679 626  
  7705 4268 4340 4382  
  7706 391 379 303  
  7707 2504 2532 2590  
  7708 1022 926 882  
  7709 3056 3041 3235  
  7710 3521 3641 3473  
  7711 4448 4392 4468  
  7712 1675 1777 1577  
  7713 4146 4030 4059  
  7714 4358 4448 4407  
  7715 4105 4067 4179  
  7716 348 354 267  
  7717 4460 4515 4519  
  7718 3119 3163 3291  
  7719 1772 1743 1919  
  7720 3888 3969 3950  
  7721 379 471 488  
  7722 3391 3282 3245  
  7723 4581 4603 4552  
  7724 4581 4552 4544  
  7725 3282 3174 3134  
  7726 3286 3392 3248  
  7727 4604 4584 4554  
  7728 4554 4584 4545  
  7729 3181 3286 3135  
  7730 4574 4554 4542  
  7731 4542 4554 4506  
  7732 4552 4571 4540  
  7733 4552 4540 4504  
  7734 3174 3063 3025  
  7735 3068 3181 3032  
  7736 4540 4556 4510  
  7737 4540 4510 4504  
  7738 4558 4542 4512  
  7739 4512 4542 4506  
  7740 3063 2950 2915  
  7741 2952 3068 2922  
  7742 4510 4535 4494  
  7743 4510 4494 4445  
  7744 4925 4847 4906  
  7745 4536 4512 4495  
  7746 4495 4512 4447  
  7747 2950 2836 2801  
  7748 2840 2952 2806  
  7749 4494 4511 4454  
  7750 4494 4454 4445  
  7751 2836 2716 2688  
  7752 4513 4495 4455  
  7753 4455 4495 4447  
  7754 2720 2840 2692  
  7755 4454 4486 4424  
  7756 4454 4424 4354  
  7757 4490 4455 4425  
  7758 4425 4455 4357  
  7759 2716 2601 2569  
  7760 2605 2720 2576  
  7761 4424 4451 4362  
  7762 4424 4362 4354  
  7763 2601 2474 2455  
  7764 4453 4425 4366  
  7765 4366 4425 4357  
  7766 2478 2605 2460  
  7767 4794 4854 4868  
  7768 4409 4366 4308  
  7769 4308 4366 4220  
  7770 4362 4405 4305  
  7771 4362 4305 4216  
  7772 2474 2361 2331  
  7773 2363 2478 2335  
  7774 4305 4353 4251  
  7775 4305 4251 4216  
  7776 2361 2236 2217  
  7777 2241 2363 2221  
  7778 4355 4308 4253  
  7779 4253 4308 4220  
  7780 2236 2113 2119  
  7781 2114 2241 2123  
  7782 4251 4296 4205  
  7783 4251 4205 4139  
  7784 4299 4253 4208  
  7785 4208 4253 4140  
  7786 2113 1988 1976  
  7787 4205 4231 4133  
  7788 4205 4133 4139  
  7789 1992 2114 1980  
  7790 4235 4208 4135  
  7791 4135 4208 4140  
  7792 1988 1867 1853  
  7793 1869 1992 1858  
  7794 4133 4163 4066  
  7795 4133 4066 3985  
  7796 4167 4135 4068  
  7797 4068 4135 3987  
  7798 1867 1735 1755  
  7799 1737 1869 1758  
  7800 4066 4093 3971  
  7801 4066 3971 3985  
  7802 4097 4068 3972  
  7803 3972 4068 3987  
  7804 1735 1614 1615  
  7805 1618 1737 1619  
  7806 4906 4847 4826  
  7807 3971 4016 3911  
  7808 3971 3911 3815  
  7809 4020 3972 3914  
  7810 3914 3972 3820  
  7811 1614 1485 1492  
  7812 1489 1618 1496  
  7813 3911 3937 3809  
  7814 3911 3809 3815  
  7815 3945 3914 3816  
  7816 3816 3914 3820  
  7817 1485 1365 1390  
  7818 1367 1489 1396  
  7819 3809 3857 3746  
  7820 3809 3746 3654  
  7821 3860 3816 3752  
  7822 3752 3816 3659  
  7823 1365 1246 1259  
  7824 1250 1367 1261  
  7825 4823 4821 4776  
  7826 4821 4818 4766  
  7827 3746 3768 3638  
  7828 3746 3638 3654  
  7829 1246 1129 1141  
  7830 1130 1250 1146  
  7831 3771 3752 3640  
  7832 3640 3752 3659  
  7833 1129 1015 1044  
  7834 4822 4823 4770  
  7835 3683 3640 3568  
  7836 3568 3640 3502  
  7837 1017 1130 1047  
  7838 3638 3682 3565  
  7839 3638 3565 3495  
  7840 1015 906 922  
  7841 4818 4815 4764  
  7842 3565 3587 3444  
  7843 3565 3444 3495  
  7844 908 1017 924  
  7845 4847 4786 4826  
  7846 3590 3568 3450  
  7847 3450 3568 3502  
  7848 906 800 818  
  7849 4820 4822 4767  
  7850 803 908 821  
  7851 3444 3491 3350  
  7852 3444 3350 3299  
  7853 3498 3450 3352  
  7854 3352 3450 3304  
  7855 800 696 731  
  7856 4815 4809 4772  
  7857 697 803 733  
  7858 3350 3391 3245  
  7859 3350 3245 3201  
  7860 3392 3352 3248  
  7861 3248 3352 3205  
  7862 696 597 618  
  7863 4805 4874 4826  
  7864 4817 4820 4774  
  7865 4871 4803 4868  
  7866 599 697 619  
  7867 4841 4779 4803  
  7868 4785 4843 4805  
  7869 4806 4760 4779  
  7870 3245 3282 3134  
  7871 3245 3134 3096  
  7872 4746 4794 4803  
  7873 4763 4810 4785  
  7874 3286 3248 3135  
  7875 3135 3248 3103  
  7876 4809 4800 4755  
  7877 4781 4734 4760  
  7878 4741 4782 4763  
  7879 597 507 533  
  7880 4705 4757 4741  
  7881 510 599 534  
  7882 4752 4701 4734  
  7883 4726 4679 4701  
  7884 4682 4729 4705  
  7885 4698 4651 4679  
  7886 4653 4699 4682  
  7887 3134 3174 3025  
  7888 3134 3025 2983  
  7889 4811 4817 4761  
  7890 4664 4614 4651  
  7891 3181 3135 3032  
  7892 3032 3135 2988  
  7893 507 426 456  
  7894 427 510 459  
  7895 4615 4665 4653  
  7896 4633 4576 4614  
  7897 4582 4635 4615  
  7898 4597 4544 4576  
  7899 4545 4598 4582  
  7900 4800 4793 4748  
  7901 4552 4504 4544  
  7902 3068 3032 2922  
  7903 2922 3032 2887  
  7904 4506 4554 4545  
  7905 3025 3063 2915  
  7906 3025 2915 2884  
  7907 426 344 368  
  7908 345 427 370  
  7909 4510 4445 4504  
  7910 4447 4512 4506  
  7911 4454 4354 4445  
  7912 4357 4455 4447  
  7913 4802 4811 4759  
  7914 4362 4216 4354  
  7915 2915 2950 2801  
  7916 2915 2801 2773  
  7917 344 273 295  
  7918 4220 4366 4357  
  7919 274 345 296  
  7920 2952 2922 2806  
  7921 2806 2922 2776  
  7922 4251 4139 4216  
  7923 4140 4253 4220  
  7924 4133 3985 4139  
  7925 3987 4135 4140  
  7926 273 210 228  
  7927 2801 2836 2688  
  7928 2801 2688 2661  
  7929 3820 3972 3987  
  7930 4793 4787 4751  
  7931 3971 3815 3985  
  7932 211 274 230  
  7933 2840 2806 2692  
  7934 2692 2806 2668  
  7935 3809 3654 3815  
  7936 3659 3816 3820  
  7937 4796 4802 4762  
  7938 3502 3640 3659  
  7939 3638 3495 3654  
  7940 210 163 180  
  7941 3444 3299 3495  
  7942 3352 3304 3205  
  7943 3205 3304 3159  
  7944 3159 3304 3307  
  7945 3205 3159 3034  
  7946 3299 3350 3201  
  7947 3299 3201 3155  
  7948 3155 3201 3027  
  7949 3299 3155 3302  
  7950 3304 3450 3502  
  7951 164 211 182  
  7952 3248 3205 3103  
  7953 3103 3205 3034  
  7954 3103 3034 2988  
  7955 3103 2988 3135  
  7956 2688 2716 2569  
  7957 2688 2569 2547  
  7958 3201 3245 3096  
  7959 3201 3096 3027  
  7960 3027 3096 2983  
  7961 2983 3096 3134  
  7962 2983 3025 2884  
  7963 2983 2884 2847  
  7964 2847 2884 2713  
  7965 2983 2847 3027  
  7966 2720 2692 2576  
  7967 2576 2692 2550  
  7968 2887 3032 2988  
  7969 2887 2988 2851  
  7970 2851 2988 3034  
  7971 2887 2851 2715  
  7972 2884 2915 2773  
  7973 2884 2773 2713  
  7974 2713 2773 2661  
  7975 2661 2773 2801  
  7976 2922 2887 2776  
  7977 2776 2887 2715  
  7978 2776 2715 2668  
  7979 2776 2668 2806  
  7980 163 132 146  
  7981 4787 4777 4737  
  7982 134 164 147  
  7983 2692 2668 2550  
  7984 2550 2668 2531  
  7985 2531 2668 2715  
  7986 2550 2531 2390  
  7987 2569 2601 2455  
  7988 2569 2455 2437  
  7989 2661 2688 2547  
  7990 2661 2547 2528  
  7991 2528 2547 2387  
  7992 2661 2528 2713  
  7993 4789 4796 4744  
  7994 2605 2576 2460  
  7995 2460 2576 2442  
  7996 2569 2437 2547  
  7997 2547 2437 2387  
  7998 2387 2437 2301  
  7999 2301 2455 2331  
  8000 2387 2301 2224  
  8001 2576 2550 2442  
  8002 2442 2550 2390  
  8003 2442 2390 2307  
  8004 2307 2390 2228  
  8005 2442 2307 2460  
  8006 2437 2455 2301  
  8007 2331 2455 2474  
  8008 2460 2307 2335  
  8009 2460 2335 2478  
  8010 132 110 119  
  8011 111 134 121  
  8012 110 89 98  
  8013 4777 4768 4727  
  8014 90 111 99  
  8015 2331 2361 2217  
  8016 2331 2217 2200  
  8017 2200 2217 2061  
  8018 2331 2200 2301  
  8019 2301 2200 2103  
  8020 2217 2236 2119  
  8021 2217 2119 2061  
  8022 2061 2119 1976  
  8023 1976 2119 2113  
  8024 4778 4789 4739  
  8025 2363 2335 2221  
  8026 2221 2335 2203  
  8027 2203 2335 2307  
  8028 2203 2307 2107  
  8029 2221 2203 2065  
  8030 2241 2221 2123  
  8031 2123 2221 2065  
  8032 2123 2065 1980  
  8033 2123 1980 2114  
  8034 1976 1988 1853  
  8035 1976 1853 1847  
  8036 1847 1853 1704  
  8037 1976 1847 2061  
  8038 1992 1980 1858  
  8039 1858 1980 1851  
  8040 1851 1980 2065  
  8041 1858 1851 1708  
  8042 89 66 75  
  8043 1869 1858 1758  
  8044 1758 1858 1708  
  8045 1758 1708 1619  
  8046 1758 1619 1737  
  8047 1853 1867 1755  
  8048 1853 1755 1704  
  8049 1704 1755 1615  
  8050 1615 1755 1735  
  8051 67 90 76  
  8052 1615 1614 1492  
  8053 1615 1492 1497  
  8054 1497 1492 1330  
  8055 1615 1497 1704  
  8056 1618 1619 1496  
  8057 1496 1619 1498  
  8058 1498 1619 1708  
  8059 1496 1498 1333  
  8060 1492 1485 1390  
  8061 1492 1390 1330  
  8062 1330 1390 1259  
  8063 1259 1390 1365  
  8064 1489 1496 1396  
  8065 1396 1496 1333  
  8066 1396 1333 1261  
  8067 1396 1261 1367  
  8068 4771 4778 4731  
  8069 4768 4754 4715  
  8070 66 47 57  
  8071 4766 4818 4764  
  8072 4766 4764 4719  
  8073 4719 4764 4725  
  8074 4766 4719 4730  
  8075 1259 1246 1141  
  8076 1259 1141 1159  
  8077 1159 1141 997  
  8078 1259 1159 1330  
  8079 4776 4821 4766  
  8080 4776 4766 4730  
  8081 4776 4730 4770  
  8082 4776 4770 4823  
  8083 49 67 58  
  8084 1250 1261 1146  
  8085 1146 1261 1161  
  8086 1161 1261 1333  
  8087 1146 1161 1008  
  8088 1141 1129 1044  
  8089 1141 1044 997  
  8090 997 1044 922  
  8091 922 1044 1015  
  8092 1130 1146 1047  
  8093 1047 1146 1008  
  8094 1047 1008 924  
  8095 1047 924 1017  
  8096 4764 4815 4772  
  8097 4764 4772 4725  
  8098 4725 4772 4755  
  8099 4755 4772 4809  
  8100 4822 4770 4767  
  8101 4767 4770 4721  
  8102 4721 4770 4730  
  8103 4767 4721 4728  
  8104 922 906 818  
  8105 922 818 841  
  8106 841 818 703  
  8107 922 841 997  
  8108 908 924 821  
  8109 821 924 842  
  8110 842 924 1008  
  8111 821 842 704  
  8112 47 30 40  
  8113 818 800 731  
  8114 818 731 703  
  8115 703 731 618  
  8116 618 731 696  
  8117 2103 2200 2061  
  8118 31 49 41  
  8119 4820 4767 4774  
  8120 4774 4767 4728  
  8121 4774 4728 4761  
  8122 4774 4761 4817  
  8123 803 821 733  
  8124 733 821 704  
  8125 733 704 619  
  8126 733 619 697  
  8127 2301 2103 2224  
  8128 2107 2307 2228  
  8129 2203 2107 2065  
  8130 4758 4771 4717  
  8131 618 597 533  
  8132 618 533 555  
  8133 555 533 435  
  8134 618 555 703  
  8135 4755 4800 4748  
  8136 4755 4748 4707  
  8137 4707 4748 4702  
  8138 4755 4707 4725  
  8139 4754 4742 4714  
  8140 599 619 534  
  8141 534 619 557  
  8142 557 619 704  
  8143 534 557 436  
  8144 533 507 456  
  8145 533 456 435  
  8146 435 456 368  
  8147 368 456 426  
  8148 510 534 459  
  8149 459 534 436  
  8150 459 436 370  
  8151 459 370 427  
  8152 4811 4761 4759  
  8153 4759 4761 4713  
  8154 4713 4761 4728  
  8155 4759 4713 4712  
  8156 30 18 26  
  8157 4748 4793 4751  
  8158 4748 4751 4702  
  8159 4702 4751 4737  
  8160 4737 4751 4787  
  8161 368 344 295  
  8162 368 295 322  
  8163 322 295 246  
  8164 368 322 435  
  8165 19 31 27  
  8166 295 273 228  
  8167 295 228 246  
  8168 246 228 186  
  8169 186 228 180  
  8170 180 228 210  
  8171 186 180 146  
  8172 146 180 163  
  8173 246 186 208  
  8174 345 370 296  
  8175 296 370 323  
  8176 323 370 436  
  8177 296 323 247  
  8178 4802 4759 4762  
  8179 4762 4759 4712  
  8180 4762 4712 4744  
  8181 4762 4744 4796  
  8182 3034 3159 2984  
  8183 3302 3155 3146  
  8184 3307 3304 3502  
  8185 274 296 230  
  8186 230 296 247  
  8187 230 247 188  
  8188 188 247 209  
  8189 230 188 182  
  8190 182 188 147  
  8191 230 182 211  
  8192 182 147 164  
  8193 3299 3302 3495  
  8194 3159 3307 3153  
  8195 3155 3027 2980  
  8196 2715 2851 2684  
  8197 2847 2713 2680  
  8198 18 9 15  
  8199 146 132 119  
  8200 146 119 129  
  8201 129 119 105  
  8202 146 129 186  
  8203 4737 4777 4727  
  8204 4737 4727 4687  
  8205 4687 4727 4680  
  8206 4737 4687 4702  
  8207 2390 2531 2372  
  8208 2387 2224 2355  
  8209 10 19 16  
  8210 134 147 121  
  8211 121 147 130  
  8212 130 147 188  
  8213 121 130 106  
  8214 2528 2387 2355  
  8215 2228 2390 2372  
  8216 4743 4758 4704  
  8217 4789 4744 4739  
  8218 4739 4744 4696  
  8219 4696 4744 4712  
  8220 4739 4696 4691  
  8221 111 121 99  
  8222 99 121 106  
  8223 99 106 82  
  8224 82 106 96  
  8225 99 82 76  
  8226 76 82 58  
  8227 99 76 90  
  8228 76 58 67  
  8229 119 110 98  
  8230 119 98 105  
  8231 105 98 81  
  8232 81 98 75  
  8233 75 98 89  
  8234 81 75 57  
  8235 57 75 66  
  8236 105 81 95  
  8237 4742 4732 4693  
  8238 1847 1704 1705  
  8239 1708 1851 1709  
  8240 4727 4768 4715  
  8241 4727 4715 4680  
  8242 4680 4715 4668  
  8243 4668 4715 4714  
  8244 4714 4715 4754  
  8245 4668 4714 4693  
  8246 4693 4714 4742  
  8247 4680 4668 4630  
  8248 1333 1498 1378  
  8249 4730 4719 4677  
  8250 4728 4721 4676  
  8251 4778 4739 4731  
  8252 4731 4739 4691  
  8253 4731 4691 4685  
  8254 4685 4691 4645  
  8255 4731 4685 4717  
  8256 4717 4685 4704  
  8257 4731 4717 4771  
  8258 4717 4704 4758  
  8259 4719 4725 4672  
  8260 1159 997 1049  
  8261 1497 1330 1375  
  8262 1008 1161 1050  
  8263 9 4 6  
  8264 188 209 157  
  8265 704 842 753  
  8266 57 47 40  
  8267 57 40 52  
  8268 52 40 35  
  8269 57 52 81  
  8270 208 186 156  
  8271 246 208 275  
  8272 5 10 7  
  8273 49 58 41  
  8274 41 58 53  
  8275 53 58 82  
  8276 41 53 36  
  8277 555 435 491  
  8278 841 703 752  
  8279 209 247 276  
  8280 40 30 26  
  8281 40 26 35  
  8282 35 26 21  
  8283 21 26 15  
  8284 15 26 18  
  8285 21 15 12  
  8286 12 15 6  
  8287 21 12 24  
  8288 6 15 9  
  8289 12 6 8  
  8290 8 6 2  
  8291 12 8 17  
  8292 35 21 32  
  8293 2 6 4  
  8294 2 4 1  
  8295 2 1 3  
  8296 3 1 5  
  8297 2 3 8  
  8298 17 8 14  
  8299 12 17 24  
  8300 24 17 29  
  8301 29 17 23  
  8302 24 29 38  
  8303 21 24 32  
  8304 32 24 38  
  8305 32 38 50  
  8306 50 38 55  
  8307 32 50 44  
  8308 55 38 43  
  8309 50 55 65  
  8310 44 50 61  
  8311 32 44 35  
  8312 35 44 52  
  8313 52 44 61  
  8314 96 106 120  
  8315 4685 4645 4638  
  8316 38 29 43  
  8317 43 29 39  
  8318 39 29 23  
  8319 43 39 56  
  8320 247 323 276  
  8321 276 323 356  
  8322 105 95 118  
  8323 436 557 492  
  8324 82 96 73  
  8325 4680 4630 4640  
  8326 23 17 14  
  8327 23 14 20  
  8328 20 14 11  
  8329 23 20 34  
  8330 4707 4702 4662  
  8331 4630 4668 4623  
  8332 322 246 275  
  8333 322 275 353  
  8334 31 41 27  
  8335 27 41 36  
  8336 27 36 22  
  8337 22 36 33  
  8338 27 22 16  
  8339 16 22 13  
  8340 27 16 19  
  8341 13 22 25  
  8342 16 13 7  
  8343 7 13 11  
  8344 16 7 10  
  8345 25 22 33  
  8346 25 33 37  
  8347 37 33 48  
  8348 25 37 28  
  8349 13 25 11  
  8350 4712 4713 4666  
  8351 95 81 72  
  8352 4645 4691 4650  
  8353 106 130 120  
  8354 120 130 157  
  8355 33 36 46  
  8356 25 28 11  
  8357 4691 4696 4650  
  8358 4650 4696 4656  
  8359 4656 4696 4712  
  8360 4650 4656 4607  
  8361 37 48 54  
  8362 129 105 118  
  8363 129 118 156  
  8364 48 33 46  
  8365 48 46 63  
  8366 63 46 73  
  8367 48 63 64  
  8368 4687 4680 4640  
  8369 4687 4640 4648  
  8370 4648 4640 4599  
  8371 4687 4648 4702  
  8372 28 37 42  
  8373 2984 3159 3153  
  8374 2684 2851 2825  
  8375 2355 2224 2189  
  8376 3153 3307 3308  
  8377 36 53 46  
  8378 46 53 73  
  8379 20 11 28  
  8380 20 28 34  
  8381 3146 3155 2980  
  8382 2680 2713 2549  
  8383 2980 3027 2858  
  8384 2372 2531 2509  
  8385 23 34 39  
  8386 39 34 51  
  8387 51 34 45  
  8388 39 51 56  
  8389 3034 2984 2825  
  8390 2715 2684 2509  
  8391 14 8 3  
  8392 48 64 54  
  8393 54 64 70  
  8394 70 64 86  
  8395 54 70 59  
  8396 3302 3146 3303  
  8397 2847 2680 2858  
  8398 2847 2858 3027  
  8399 64 63 80  
  8400 11 14 3  
  8401 4719 4672 4677  
  8402 50 65 61  
  8403 353 275 312  
  8404 1847 1705 1854  
  8405 55 43 60  
  8406 43 56 60  
  8407 60 56 74  
  8408 74 56 68  
  8409 60 74 79  
  8410 68 56 51  
  8411 74 68 91  
  8412 79 74 97  
  8413 60 79 71  
  8414 4743 4704 4695  
  8415 1497 1375 1511  
  8416 841 752 871  
  8417 704 753 640  
  8418 54 59 42  
  8419 4697 4746 4736  
  8420 1159 1049 1183  
  8421 5 7 3  
  8422 1378 1498 1517  
  8423 188 157 130  
  8424 322 353 435  
  8425 1708 1709 1517  
  8426 1008 1050 927  
  8427 209 276 241  
  8428 4676 4721 4675  
  8429 208 156 172  
  8430 1049 997 871  
  8431 65 55 71  
  8432 71 55 60  
  8433 65 71 88  
  8434 88 71 94  
  8435 65 88 84  
  8436 70 86 93  
  8437 1709 1851 1860  
  8438 157 209 173  
  8439 276 356 313  
  8440 4693 4732 4678  
  8441 1050 1161 1184  
  8442 356 323 436  
  8443 4730 4677 4675  
  8444 156 186 129  
  8445 1705 1704 1511  
  8446 1375 1330 1183  
  8447 752 703 639  
  8448 4728 4676 4681  
  8449 753 842 927  
  8450 59 70 77  
  8451 1333 1378 1184  
  8452 275 208 239  
  8453 4672 4725 4674  
  8454 86 64 80  
  8455 86 80 103  
  8456 103 80 100  
  8457 86 103 109  
  8458 100 80 78  
  8459 103 100 125  
  8460 109 103 127  
  8461 86 109 93  
  8462 93 109 116  
  8463 116 109 133  
  8464 93 116 102  
  8465 133 109 127  
  8466 133 127 152  
  8467 152 127 148  
  8468 133 152 165  
  8469 116 133 140  
  8470 102 116 128  
  8471 93 102 77  
  8472 77 102 92  
  8473 4733 4743 4695  
  8474 4733 4695 4684  
  8475 4684 4695 4646  
  8476 4733 4684 4720  
  8477 4646 4695 4659  
  8478 4684 4646 4632  
  8479 4720 4684 4667  
  8480 4733 4720 4786  
  8481 2684 2825 2663  
  8482 704 640 557  
  8483 275 239 312  
  8484 4659 4695 4704  
  8485 4659 4704 4685  
  8486 4662 4702 4648  
  8487 1854 1705 1720  
  8488 70 93 77  
  8489 4632 4646 4593  
  8490 118 95 113  
  8491 2509 2531 2715  
  8492 1008 927 842  
  8493 165 152 200  
  8494 4607 4656 4613  
  8495 88 94 112  
  8496 1050 1184 1081  
  8497 73 96 78  
  8498 73 78 63  
  8499 63 78 80  
  8500 2549 2713 2528  
  8501 2549 2528 2355  
  8502 1159 1183 1330  
  8503 125 100 123  
  8504 3153 3308 3156  
  8505 74 91 97  
  8506 276 313 241  
  8507 4666 4713 4681  
  8508 3302 3303 3495  
  8509 208 172 239  
  8510 128 116 140  
  8511 3303 3146 3149  
  8512 1497 1511 1704  
  8513 4728 4681 4713  
  8514 491 435 353  
  8515 2355 2189 2321  
  8516 4697 4736 4686  
  8517 4672 4674 4629  
  8518 4623 4668 4693  
  8519 91 68 83  
  8520 1709 1860 1723  
  8521 4667 4684 4632  
  8522 492 557 640  
  8523 45 34 28  
  8524 4676 4675 4631  
  8525 140 133 165  
  8526 140 165 213  
  8527 4648 4599 4608  
  8528 752 639 671  
  8529 4646 4659 4606  
  8530 4638 4645 4594  
  8531 1378 1517 1397  
  8532 127 103 125  
  8533 72 81 52  
  8534 79 97 107  
  8535 4693 4678 4644  
  8536 4640 4630 4589  
  8537 65 84 61  
  8538 92 102 115  
  8539 28 42 45  
  8540 841 871 997  
  8541 59 77 69  
  8542 4732 4711 4678  
  8543 4678 4711 4663  
  8544 4663 4711 4697  
  8545 4663 4697 4647  
  8546 4647 4697 4686  
  8547 4663 4647 4611  
  8548 4678 4663 4625  
  8549 4611 4647 4596  
  8550 4663 4611 4625  
  8551 4625 4611 4568  
  8552 4568 4611 4557  
  8553 4625 4568 4595  
  8554 4647 4686 4636  
  8555 4568 4557 4520  
  8556 4625 4595 4644  
  8557 4644 4595 4623  
  8558 4625 4644 4678  
  8559 4557 4611 4596  
  8560 4557 4596 4541  
  8561 4541 4596 4580  
  8562 4557 4541 4501  
  8563 4580 4596 4636  
  8564 4580 4636 4618  
  8565 4541 4580 4527  
  8566 4557 4501 4520  
  8567 4520 4501 4450  
  8568 4450 4501 4420  
  8569 4520 4450 4473  
  8570 4595 4568 4537  
  8571 4501 4541 4483  
  8572 4618 4636 4669  
  8573 4420 4501 4483  
  8574 4420 4483 4390  
  8575 4390 4483 4461  
  8576 4420 4390 4264  
  8577 4473 4450 4368  
  8578 4461 4483 4527  
  8579 4461 4527 4517  
  8580 4390 4461 4369  
  8581 4580 4618 4566  
  8582 4450 4420 4316  
  8583 4520 4473 4537  
  8584 4537 4473 4498  
  8585 4596 4647 4636  
  8586 4483 4541 4527  
  8587 4580 4566 4527  
  8588 4527 4566 4517  
  8589 4517 4566 4555  
  8590 4555 4566 4610  
  8591 4517 4555 4503  
  8592 4610 4566 4618  
  8593 4610 4618 4660  
  8594 4660 4618 4669  
  8595 4660 4669 4708  
  8596 4610 4660 4649  
  8597 4708 4669 4722  
  8598 4660 4708 4734  
  8599 4649 4660 4734  
  8600 4610 4649 4600  
  8601 4722 4669 4686  
  8602 4708 4722 4760  
  8603 4708 4760 4734  
  8604 4503 4555 4546  
  8605 4610 4600 4555  
  8606 4555 4600 4546  
  8607 4546 4600 4592  
  8608 4592 4600 4643  
  8609 4546 4592 4538  
  8610 4643 4600 4649  
  8611 4643 4649 4701  
  8612 4592 4643 4637  
  8613 4538 4592 4585  
  8614 4546 4538 4492  
  8615 4592 4637 4585  
  8616 4538 4585 4532  
  8617 4461 4517 4441  
  8618 4546 4492 4503  
  8619 4636 4686 4669  
  8620 4537 4498 4553  
  8621 4537 4568 4520  
  8622 4390 4369 4179  
  8623 4498 4473 4407  
  8624 4369 4461 4441  
  8625 4369 4441 4333  
  8626 4333 4441 4421  
  8627 4369 4333 4246  
  8628 4421 4441 4503  
  8629 4333 4421 4313  
  8630 4246 4333 4210  
  8631 4369 4246 4179  
  8632 4313 4421 4406  
  8633 4333 4313 4210  
  8634 4246 4210 4105  
  8635 4246 4105 4179  
  8636 4517 4503 4441  
  8637 4595 4537 4553  
  8638 4637 4643 4679  
  8639 4637 4679 4651  
  8640 4492 4538 4484  
  8641 2189 2224 2059  
  8642 4736 4746 4803  
  8643 4674 4725 4707  
  8644 4645 4650 4602  
  8645 1847 1854 2061  
  8646 1860 1851 2065  
  8647 4707 4662 4674  
  8648 2372 2509 2362  
  8649 4675 4721 4730  
  8650 42 37 54  
  8651 639 703 555  
  8652 96 120 123  
  8653 2680 2549 2521  
  8654 1517 1498 1708  
  8655 4712 4666 4656  
  8656 82 73 53  
  8657 84 88 104  
  8658 102 128 115  
  8659 115 128 151  
  8660 871 752 785  
  8661 555 491 639  
  8662 3308 3307 3502  
  8663 1183 1049 1079  
  8664 4630 4623 4572  
  8665 94 71 79  
  8666 94 79 107  
  8667 94 107 117  
  8668 117 107 131  
  8669 94 117 112  
  8670 112 117 135  
  8671 135 117 142  
  8672 112 135 126  
  8673 142 117 131  
  8674 142 131 193  
  8675 135 142 169  
  8676 126 135 153  
  8677 112 126 104  
  8678 104 126 124  
  8679 124 126 149  
  8680 104 124 113  
  8681 149 126 153  
  8682 149 153 192  
  8683 124 149 144  
  8684 192 153 201  
  8685 149 192 179  
  8686 201 153 169  
  8687 192 201 248  
  8688 179 192 234  
  8689 149 179 144  
  8690 144 179 178  
  8691 201 169 219  
  8692 178 179 226  
  8693 144 178 143  
  8694 219 169 244  
  8695 226 179 234  
  8696 226 234 293  
  8697 293 234 302  
  8698 226 293 289  
  8699 143 178 172  
  8700 172 178 239  
  8701 143 172 156  
  8702 302 234 248  
  8703 302 248 320  
  8704 293 302 369  
  8705 289 293 363  
  8706 201 219 264  
  8707 178 226 239  
  8708 144 143 113  
  8709 226 289 239  
  8710 131 107 122  
  8711 234 192 248  
  8712 320 248 264  
  8713 264 248 201  
  8714 320 264 379  
  8715 363 293 369  
  8716 135 169 153  
  8717 369 302 382  
  8718 264 219 303  
  8719 169 142 193  
  8720 124 144 113  
  8721 302 320 382  
  8722 382 320 403  
  8723 403 320 379  
  8724 403 379 488  
  8725 403 488 482  
  8726 482 488 620  
  8727 403 482 382  
  8728 289 363 362  
  8729 313 356 397  
  8730 4720 4667 4709  
  8731 436 492 356  
  8732 51 45 62  
  8733 4650 4607 4602  
  8734 4602 4607 4550  
  8735 4550 4607 4562  
  8736 4602 4550 4547  
  8737 4562 4607 4613  
  8738 4562 4613 4569  
  8739 4569 4613 4624  
  8740 4562 4569 4515  
  8741 4562 4515 4550  
  8742 4602 4547 4594  
  8743 4569 4624 4587  
  8744 4547 4550 4500  
  8745 4500 4550 4515  
  8746 4624 4613 4666  
  8747 4624 4666 4681  
  8748 1511 1375 1391  
  8749 4681 4676 4634  
  8750 4685 4638 4659  
  8751 2980 2858 2820  
  8752 927 1050 952  
  8753 152 148 191  
  8754 4599 4640 4589  
  8755 4599 4589 4543  
  8756 4543 4589 4534  
  8757 4599 4543 4551  
  8758 4534 4589 4572  
  8759 4543 4534 4468  
  8760 4551 4543 4487  
  8761 4487 4543 4468  
  8762 4599 4551 4608  
  8763 4608 4551 4564  
  8764 4564 4551 4499  
  8765 4499 4551 4487  
  8766 4608 4564 4617  
  8767 4617 4564 4573  
  8768 4608 4617 4662  
  8769 4662 4617 4674  
  8770 1184 1161 1333  
  8771 95 72 87  
  8772 353 312 362  
  8773 362 312 289  
  8774 148 127 125  
  8775 148 125 145  
  8776 145 125 123  
  8777 148 145 183  
  8778 77 92 69  
  8779 2825 2851 3034  
  8780 640 753 673  
  8781 1854 1720 1874  
  8782 4672 4629 4626  
  8783 2059 2224 2103  
  8784 2980 2820 2948  
  8785 1874 1720 1732  
  8786 4626 4629 4578  
  8787 2948 2820 2784  
  8788 2980 2948 3146  
  8789 1732 1720 1587  
  8790 4578 4629 4573  
  8791 2784 2820 2644  
  8792 1587 1720 1575  
  8793 1732 1587 1607  
  8794 2644 2820 2687  
  8795 2784 2644 2619  
  8796 1575 1720 1705  
  8797 1607 1587 1461  
  8798 2687 2820 2858  
  8799 2619 2644 2480  
  8800 1575 1705 1511  
  8801 1461 1587 1445  
  8802 2687 2858 2680  
  8803 2687 2680 2521  
  8804 2480 2644 2521  
  8805 1445 1587 1575  
  8806 1461 1445 1318  
  8807 1445 1575 1391  
  8808 1445 1391 1318  
  8809 1461 1318 1340  
  8810 1340 1318 1205  
  8811 1461 1340 1483  
  8812 1205 1318 1193  
  8813 1340 1205 1228  
  8814 1483 1340 1366  
  8815 1193 1318 1391  
  8816 1205 1193 1078  
  8817 1228 1205 1094  
  8818 1366 1340 1228  
  8819 1078 1193 1063  
  8820 1205 1078 1094  
  8821 1366 1228 1262  
  8822 1063 1193 1182  
  8823 1094 1078 970  
  8824 1262 1228 1123  
  8825 1366 1262 1406  
  8826 1182 1193 1391  
  8827 970 1078 956  
  8828 1123 1228 1094  
  8829 1406 1262 1245  
  8830 956 1078 1063  
  8831 970 956 849  
  8832 1123 1094 993  
  8833 956 1063 948  
  8834 849 956 838  
  8835 993 1094 970  
  8836 1123 993 1019  
  8837 948 1063 1079  
  8838 838 956 948  
  8839 1019 993 894  
  8840 1123 1019 1090  
  8841 1090 1019 957  
  8842 957 1019 894  
  8843 957 894 810  
  8844 838 905 785  
  8845 894 993 870  
  8846 870 993 970  
  8847 894 870 778  
  8848 870 970 849  
  8849 778 870 755  
  8850 870 849 755  
  8851 755 849 739  
  8852 739 849 838  
  8853 755 739 646  
  8854 739 838 730  
  8855 646 739 633  
  8856 755 646 666  
  8857 730 838 785  
  8858 739 730 633  
  8859 666 646 566  
  8860 633 730 629  
  8861 566 646 546  
  8862 666 566 585  
  8863 629 730 785  
  8864 633 629 540  
  8865 546 646 633  
  8866 585 566 482  
  8867 540 629 539  
  8868 633 540 546  
  8869 539 629 671  
  8870 671 629 785  
  8871 540 539 453  
  8872 546 540 460  
  8873 453 539 491  
  8874 540 453 460  
  8875 460 453 363  
  8876 3153 3156 2995  
  8877 2995 3156 3003  
  8878 3153 2995 2984  
  8879 3003 3156 3164  
  8880 2995 3003 2848  
  8881 3164 3156 3314  
  8882 3003 3164 3018  
  8883 2848 3003 2856  
  8884 2995 2848 2844  
  8885 3314 3156 3308  
  8886 3018 3164 3175  
  8887 2856 3003 3018  
  8888 2844 2848 2695  
  8889 3314 3308 3457  
  8890 3175 3164 3324  
  8891 2856 3018 2873  
  8892 2695 2848 2700  
  8893 3324 3164 3314  
  8894 2856 2873 2708  
  8895 2700 2848 2856  
  8896 2708 2873 2730  
  8897 2856 2708 2700  
  8898 2730 2873 2895  
  8899 2708 2730 2566  
  8900 2700 2708 2551  
  8901 2730 2895 2689  
  8902 2566 2730 2532  
  8903 2566 2532 2401  
  8904 2401 2532 2375  
  8905 2566 2401 2551  
  8906 2551 2708 2566  
  8907 3457 3308 3502  
  8908 2873 3018 3035  
  8909 3035 3018 3175  
  8910 2873 3035 2895  
  8911 3035 3175 3197  
  8912 2895 3035 3055  
  8913 3197 3175 3341  
  8914 3035 3197 3055  
  8915 2895 3055 2842  
  8916 3341 3175 3324  
  8917 3055 3197 3219  
  8918 3341 3324 3476  
  8919 3219 3197 3363  
  8920 3055 3219 3014  
  8921 3341 3476 3499  
  8922 3219 3363 3386  
  8923 3499 3476 3629  
  8924 3341 3499 3363  
  8925 3386 3363 3518  
  8926 3629 3476 3617  
  8927 3363 3499 3518  
  8928 3617 3476 3465  
  8929 3518 3499 3647  
  8930 3465 3476 3324  
  8931 3617 3465 3604  
  8932 3647 3499 3629  
  8933 3604 3465 3457  
  8934 3617 3604 3751  
  8935 3647 3629 3779  
  8936 3457 3465 3314  
  8937 3751 3604 3820  
  8938 3751 3820 3987  
  8939 3779 3629 3762  
  8940 3314 3465 3324  
  8941 3762 3629 3617  
  8942 3762 3617 3751  
  8943 3762 3751 3987  
  8944 3363 3197 3341  
  8945 1378 1397 1255  
  8946 1255 1397 1279  
  8947 1378 1255 1184  
  8948 1279 1397 1424  
  8949 1255 1279 1140  
  8950 1424 1397 1537  
  8951 1279 1424 1306  
  8952 1140 1279 1174  
  8953 1537 1397 1517  
  8954 1424 1537 1564  
  8955 1306 1424 1452  
  8956 1174 1279 1306  
  8957 1564 1537 1723  
  8958 1424 1564 1452  
  8959 1174 1306 1199  
  8960 1452 1564 1602  
  8961 1199 1306 1345  
  8962 1174 1199 1066  
  8963 1602 1564 1722  
  8964 1452 1602 1491  
  8965 1345 1306 1452  
  8966 1722 1564 1723  
  8967 1722 1723 1866  
  8968 1866 1723 1860  
  8969 1722 1866 1861  
  8970 1861 1866 2003  
  8971 1722 1861 1717  
  8972 2003 1866 2107  
  8973 1861 2003 2002  
  8974 1717 1861 1863  
  8975 1722 1717 1602  
  8976 1602 1717 1610  
  8977 1610 1717 1763  
  8978 1602 1610 1491  
  8979 1491 1610 1514  
  8980 1514 1610 1666  
  8981 1491 1514 1371  
  8982 1763 1717 1863  
  8983 1763 1863 1859  
  8984 1859 1863 2021  
  8985 1763 1859 1666  
  8986 1763 1666 1610  
  8987 2021 1863 2002  
  8988 2021 2002 2154  
  8989 2154 2002 2228  
  8990 2021 2154 2165  
  8991 1859 2021 2062  
  8992 1514 1666 1571  
  8993 1491 1371 1345  
  8994 1345 1371 1232  
  8995 1232 1371 1276  
  8996 1345 1232 1199  
  8997 1199 1232 1100  
  8998 1100 1232 1142  
  8999 1199 1100 1066  
  9000 1066 1100 969  
  9001 969 1100 1011  
  9002 1066 969 945  
  9003 2021 2165 2062  
  9004 2062 2165 2211  
  9005 2211 2165 2329  
  9006 2062 2211 2077  
  9007 1371 1514 1402  
  9008 2165 2154 2362  
  9009 2329 2165 2362  
  9010 2329 2362 2491  
  9011 2491 2362 2509  
  9012 2329 2491 2459  
  9013 2211 2329 2459  
  9014 2077 2211 2239  
  9015 2062 2077 1927  
  9016 1276 1371 1402  
  9017 1276 1402 1334  
  9018 1232 1276 1142  
  9019 1142 1276 1169  
  9020 1100 1142 1011  
  9021 1011 1142 1022  
  9022 2459 2491 2663  
  9023 969 1011 884  
  9024 945 969 847  
  9025 1066 945 1046  
  9026 1859 2062 1927  
  9027 1859 1731 1666  
  9028 1514 1571 1402  
  9029 1571 1666 1731  
  9030 2239 2211 2459  
  9031 2077 2239 2102  
  9032 1927 2077 1943  
  9033 884 1011 882  
  9034 1046 945 925  
  9035 2102 2239 2265  
  9036 847 969 884  
  9037 1731 1859 1927  
  9038 1943 2077 2102  
  9039 1066 1046 1174  
  9040 1174 1046 1140  
  9041 1140 1046 1081  
  9042 1140 1081 1255  
  9043 945 847 826  
  9044 1571 1731 1560  
  9045 1571 1560 1334  
  9046 1927 1943 1731  
  9047 1452 1491 1345  
  9048 2002 2003 2228  
  9049 1863 1861 2002  
  9050 925 945 826  
  9051 2102 2265 2092  
  9052 2102 2092 1919  
  9053 4630 4572 4589  
  9054 2644 2687 2521  
  9055 826 847 732  
  9056 732 847 758  
  9057 826 732 711  
  9058 758 847 884  
  9059 732 758 644  
  9060 711 732 621  
  9061 826 711 807  
  9062 732 644 621  
  9063 711 621 603  
  9064 807 711 700  
  9065 621 644 543  
  9066 603 621 531  
  9067 700 711 603  
  9068 543 644 576  
  9069 621 543 531  
  9070 576 644 677  
  9071 543 576 473  
  9072 531 543 449  
  9073 677 644 758  
  9074 576 677 626  
  9075 473 576 499  
  9076 449 543 473  
  9077 677 758 789  
  9078 499 576 626  
  9079 473 499 408  
  9080 789 758 884  
  9081 677 789 737  
  9082 737 789 882  
  9083 882 789 884  
  9084 408 499 420  
  9085 473 408 385  
  9086 385 408 325  
  9087 473 385 449  
  9088 325 408 349  
  9089 385 325 307  
  9090 449 385 366  
  9091 349 408 420  
  9092 349 420 348  
  9093 307 325 250  
  9094 385 307 366  
  9095 250 325 272  
  9096 307 250 232  
  9097 366 307 288  
  9098 272 325 349  
  9099 250 272 191  
  9100 232 250 183  
  9101 288 307 232  
  9102 272 349 348  
  9103 288 232 222  
  9104 222 232 176  
  9105 288 222 313  
  9106 176 232 183  
  9107 176 183 145  
  9108 176 145 150  
  9109 150 145 123  
  9110 176 150 173  
  9111 222 176 173  
  9112 826 807 925  
  9113 700 603 673  
  9114 700 673 782  
  9115 782 673 753  
  9116 700 782 807  
  9117 782 753 927  
  9118 449 366 437  
  9119 437 366 355  
  9120 449 437 531  
  9121 355 366 288  
  9122 437 355 397  
  9123 531 437 514  
  9124 355 288 313  
  9125 514 437 397  
  9126 531 514 603  
  9127 603 514 673  
  9128 4648 4608 4662  
  9129 4587 4624 4634  
  9130 3647 3779 3797  
  9131 3797 3779 3923  
  9132 3647 3797 3673  
  9133 3923 3779 3904  
  9134 3797 3923 3943  
  9135 3647 3673 3518  
  9136 3923 3904 4041  
  9137 3943 3923 4058  
  9138 3518 3673 3544  
  9139 4041 3904 3987  
  9140 3923 4041 4058  
  9141 3544 3673 3701  
  9142 4058 4041 4220  
  9143 3701 3673 3829  
  9144 3544 3701 3574  
  9145 3829 3673 3797  
  9146 3701 3829 3847  
  9147 3574 3701 3727  
  9148 3544 3574 3418  
  9149 3829 3797 3943  
  9150 3847 3829 3970  
  9151 3727 3701 3847  
  9152 3418 3574 3449  
  9153 3829 3943 3970  
  9154 3727 3847 3883  
  9155 3449 3574 3612  
  9156 3970 3943 4082  
  9157 3727 3883 3765  
  9158 3449 3612 3448  
  9159 4082 3943 4058  
  9160 3765 3883 3916  
  9161 4082 4058 4193  
  9162 3916 3883 4027  
  9163 4193 4058 4220  
  9164 4193 4220 4357  
  9165 4082 4193 4217  
  9166 4027 3883 3997  
  9167 4217 4193 4357  
  9168 4082 4217 4108  
  9169 3997 3883 3847  
  9170 4108 4217 4244  
  9171 4082 4108 3970  
  9172 4244 4217 4337  
  9173 4108 4244 4136  
  9174 3970 4108 3997  
  9175 4244 4337 4364  
  9176 4136 4244 4269  
  9177 3997 4108 4136  
  9178 4364 4337 4447  
  9179 4447 4337 4357  
  9180 4269 4244 4364  
  9181 4269 4364 4384  
  9182 4384 4364 4506  
  9183 4269 4384 4300  
  9184 4300 4384 4415  
  9185 4269 4300 4166  
  9186 4415 4384 4479  
  9187 4166 4300 4200  
  9188 4269 4166 4136  
  9189 4479 4384 4506  
  9190 4200 4300 4328  
  9191 4136 4166 4027  
  9192 4328 4300 4415  
  9193 4200 4328 4243  
  9194 4027 4166 4063  
  9195 4243 4328 4370  
  9196 4200 4243 4102  
  9197 4063 4166 4200  
  9198 4370 4328 4437  
  9199 4102 4243 4147  
  9200 4437 4328 4415  
  9201 4370 4437 4465  
  9202 4147 4243 4278  
  9203 4465 4437 4516  
  9204 4370 4465 4399  
  9205 4278 4243 4370  
  9206 4516 4437 4497  
  9207 4399 4465 4491  
  9208 4497 4437 4415  
  9209 4516 4497 4582  
  9210 4491 4465 4528  
  9211 4528 4465 4516  
  9212 4491 4528 4548  
  9213 4528 4516 4567  
  9214 4548 4528 4586  
  9215 4491 4548 4509  
  9216 4567 4516 4582  
  9217 4586 4528 4567  
  9218 4509 4548 4565  
  9219 4586 4567 4615  
  9220 4615 4567 4582  
  9221 4565 4548 4605  
  9222 4509 4565 4529  
  9223 4605 4548 4586  
  9224 4565 4605 4621  
  9225 4529 4565 4588  
  9226 4621 4605 4682  
  9227 4565 4621 4588  
  9228 4588 4621 4642  
  9229 4642 4621 4705  
  9230 4588 4642 4609  
  9231 4609 4642 4661  
  9232 4588 4609 4549  
  9233 4661 4642 4694  
  9234 4609 4661 4628  
  9235 4549 4609 4570  
  9236 4694 4642 4705  
  9237 4628 4661 4683  
  9238 4570 4609 4628  
  9239 4683 4661 4710  
  9240 4628 4683 4654  
  9241 4570 4628 4601  
  9242 4710 4661 4694  
  9243 4654 4683 4700  
  9244 4601 4628 4654  
  9245 4710 4694 4741  
  9246 4741 4694 4705  
  9247 4700 4683 4735  
  9248 4601 4654 4620  
  9249 4735 4683 4710  
  9250 4700 4735 4753  
  9251 4620 4654 4671  
  9252 4735 4710 4763  
  9253 4763 4710 4741  
  9254 4735 4763 4785  
  9255 4735 4785 4753  
  9256 4753 4785 4805  
  9257 4753 4805 4756  
  9258 4756 4805 4826  
  9259 4753 4756 4709  
  9260 4709 4756 4720  
  9261 4671 4654 4700  
  9262 4671 4700 4709  
  9263 4671 4709 4667  
  9264 4671 4667 4620  
  9265 3612 3574 3727  
  9266 3612 3727 3765  
  9267 3612 3765 3651  
  9268 3651 3765 3807  
  9269 3612 3651 3448  
  9270 3807 3765 3916  
  9271 3807 3916 3959  
  9272 3959 3916 4063  
  9273 3807 3959 3851  
  9274 4063 3916 4027  
  9275 3851 3959 4001  
  9276 3807 3851 3692  
  9277 3692 3851 3869  
  9278 4001 3959 4102  
  9279 3851 4001 3869  
  9280 4102 3959 4063  
  9281 4001 4102 4147  
  9282 4102 4063 4200  
  9283 4001 4147 4044  
  9284 4044 4147 4189  
  9285 4001 4044 3869  
  9286 4189 4147 4278  
  9287 4189 4278 4319  
  9288 4319 4278 4399  
  9289 4189 4319 4237  
  9290 4399 4278 4370  
  9291 4237 4319 4365  
  9292 4365 4319 4429  
  9293 4237 4365 4281  
  9294 4429 4319 4399  
  9295 4365 4429 4464  
  9296 4281 4365 4404  
  9297 4464 4429 4509  
  9298 4365 4464 4404  
  9299 4509 4429 4491  
  9300 4404 4464 4493  
  9301 4491 4429 4399  
  9302 4493 4464 4529  
  9303 4529 4464 4509  
  9304 4493 4529 4549  
  9305 4549 4529 4588  
  9306 4493 4549 4518  
  9307 4518 4549 4570  
  9308 4493 4518 4446  
  9309 4518 4570 4539  
  9310 4446 4518 4476  
  9311 4493 4446 4404  
  9312 4539 4570 4601  
  9313 4476 4518 4539  
  9314 4404 4446 4329  
  9315 4539 4601 4563  
  9316 4476 4539 4508  
  9317 4329 4446 4379  
  9318 4563 4601 4620  
  9319 4508 4539 4563  
  9320 4379 4446 4476  
  9321 4563 4620 4591  
  9322 4508 4563 4533  
  9323 4591 4620 4667  
  9324 4563 4591 4533  
  9325 4533 4591 4560  
  9326 4560 4591 4632  
  9327 4533 4560 4505  
  9328 4505 4560 4530  
  9329 4533 4505 4466  
  9330 4530 4560 4593  
  9331 4593 4560 4632  
  9332 4505 4530 4477  
  9333 4466 4505 4340  
  9334 4477 4530 4502  
  9335 4505 4382 4340  
  9336 4502 4530 4559  
  9337 4477 4502 4408  
  9338 4408 4502 4456  
  9339 4559 4530 4593  
  9340 4502 4559 4531  
  9341 4531 4559 4590  
  9342 4502 4531 4456  
  9343 4590 4559 4606  
  9344 4606 4559 4593  
  9345 4531 4590 4594  
  9346 4594 4590 4638  
  9347 4638 4590 4606  
  9348 3997 3847 3970  
  9349 3651 3807 3585  
  9350 3904 3779 3762  
  9351 3904 3762 3987  
  9352 3518 3544 3386  
  9353 3386 3544 3418  
  9354 3386 3418 3252  
  9355 3252 3418 3163  
  9356 3386 3252 3219  
  9357 3219 3252 3014  
  9358 3418 3291 3163  
  9359 4136 4027 3997  
  9360 4404 4329 4281  
  9361 4281 4329 4146  
  9362 104 88 112  
  9363 640 673 570  
  9364 570 673 514  
  9365 640 570 492  
  9366 3149 3146 2948  
  9367 62 45 69  
  9368 4700 4753 4709  
  9369 92 115 108  
  9370 108 115 139  
  9371 92 108 85  
  9372 85 108 101  
  9373 92 85 69  
  9374 101 108 136  
  9375 85 101 83  
  9376 83 101 91  
  9377 85 83 62  
  9378 755 666 778  
  9379 778 666 690  
  9380 690 666 585  
  9381 778 690 810  
  9382 690 585 620  
  9383 690 620 726  
  9384 2663 2825 2844  
  9385 1046 925 1081  
  9386 1709 1723 1537  
  9387 152 191 200  
  9388 1050 1081 952  
  9389 397 356 492  
  9390 4693 4644 4623  
  9391 1063 1182 1079  
  9392 1079 1182 1183  
  9393 118 113 143  
  9394 4476 4508 4426  
  9395 4426 4508 4466  
  9396 4476 4426 4379  
  9397 4466 4508 4533  
  9398 4426 4466 4340  
  9399 4379 4426 4282  
  9400 4646 4606 4593  
  9401 4626 4578 4577  
  9402 4577 4578 4522  
  9403 4626 4577 4627  
  9404 4627 4577 4579  
  9405 4626 4627 4677  
  9406 4579 4577 4523  
  9407 4579 4523 4525  
  9408 4627 4579 4631  
  9409 2355 2321 2549  
  9410 1511 1391 1575  
  9411 4484 4538 4532  
  9412 173 209 241  
  9413 4594 4547 4531  
  9414 3604 3457 3659  
  9415 927 952 782  
  9416 369 382 450  
  9417 450 382 482  
  9418 369 450 460  
  9419 131 122 160  
  9420 1483 1366 1516  
  9421 1516 1366 1406  
  9422 1483 1516 1634  
  9423 1516 1406 1549  
  9424 1634 1516 1663  
  9425 1483 1634 1607  
  9426 1516 1549 1663  
  9427 1634 1663 1788  
  9428 1607 1634 1760  
  9429 1663 1549 1698  
  9430 1788 1663 1820  
  9431 1760 1634 1788  
  9432 1698 1549 1577  
  9433 1577 1549 1412  
  9434 1788 1820 1947  
  9435 1947 1820 1986  
  9436 1788 1947 1914  
  9437 1986 1820 1871  
  9438 1947 1986 2106  
  9439 1914 1947 2073  
  9440 1871 1820 1698  
  9441 2106 1986 2147  
  9442 2073 1947 2106  
  9443 1914 2073 2059  
  9444 1698 1820 1663  
  9445 2147 1986 2029  
  9446 2029 1986 1871  
  9447 2147 2029 2192  
  9448 2029 1871 2005  
  9449 2192 2029 2005  
  9450 2147 2192 2310  
  9451 2310 2192 2365  
  9452 2147 2310 2271  
  9453 2365 2192 2196  
  9454 2310 2365 2477  
  9455 2271 2310 2480  
  9456 2477 2365 2534  
  9457 2310 2477 2480  
  9458 2480 2477 2619  
  9459 2619 2477 2534  
  9460 2534 2365 2349  
  9461 1607 1760 1732  
  9462 1732 1760 1892  
  9463 1892 1760 1914  
  9464 1732 1892 1874  
  9465 1914 1760 1788  
  9466 1892 1914 2059  
  9467 1874 1892 2059  
  9468 2106 2147 2271  
  9469 2106 2271 2321  
  9470 1549 1406 1412  
  9471 1871 1698 1777  
  9472 1483 1607 1461  
  9473 2073 2106 2321  
  9474 871 785 905  
  9475 905 838 948  
  9476 905 948 1079  
  9477 871 905 1049  
  9478 752 671 785  
  9479 4672 4626 4677  
  9480 3303 3149 3311  
  9481 3311 3149 3161  
  9482 3303 3311 3455  
  9483 3161 3149 2998  
  9484 3311 3161 3319  
  9485 3303 3455 3495  
  9486 3161 2998 3013  
  9487 3319 3161 3172  
  9488 3013 2998 2854  
  9489 3161 3013 3172  
  9490 3319 3172 3339  
  9491 2854 2998 2784  
  9492 3172 3013 3029  
  9493 3339 3172 3195  
  9494 3319 3339 3474  
  9495 3172 3029 3195  
  9496 3339 3195 3360  
  9497 3474 3339 3493  
  9498 3195 3029 3051  
  9499 3339 3360 3493  
  9500 3051 3029 2892  
  9501 3493 3360 3516  
  9502 2892 3029 2868  
  9503 3051 2892 2929  
  9504 3516 3360 3382  
  9505 3493 3516 3645  
  9506 2868 3029 3013  
  9507 3382 3360 3216  
  9508 3516 3382 3543  
  9509 3645 3516 3671  
  9510 2868 3013 2854  
  9511 3216 3360 3195  
  9512 3543 3382 3413  
  9513 3671 3516 3543  
  9514 2868 2854 2706  
  9515 3216 3195 3051  
  9516 3413 3382 3250  
  9517 3671 3543 3698  
  9518 2706 2854 2619  
  9519 3250 3382 3216  
  9520 3413 3250 3235  
  9521 3698 3543 3571  
  9522 3250 3216 3082  
  9523 3571 3543 3413  
  9524 3698 3571 3726  
  9525 3082 3216 3051  
  9526 3250 3082 3056  
  9527 3056 3082 2929  
  9528 2929 3082 3051  
  9529 3726 3571 3609  
  9530 3698 3726 3846  
  9531 3609 3571 3447  
  9532 3726 3609 3764  
  9533 3846 3726 3881  
  9534 3698 3846 3826  
  9535 3447 3571 3413  
  9536 3881 3726 3764  
  9537 3698 3826 3671  
  9538 3881 3764 3915  
  9539 3671 3826 3794  
  9540 3881 3915 4025  
  9541 3794 3826 3940  
  9542 4025 3915 4062  
  9543 3881 4025 3995  
  9544 3940 3826 3967  
  9545 4062 3915 3958  
  9546 3995 4025 4134  
  9547 3967 3826 3846  
  9548 3958 3915 3804  
  9549 4134 4025 4164  
  9550 3804 3915 3764  
  9551 3958 3804 3849  
  9552 4164 4025 4062  
  9553 3804 3764 3650  
  9554 3849 3804 3641  
  9555 4164 4062 4199  
  9556 3650 3764 3609  
  9557 4199 4062 4101  
  9558 4164 4199 4298  
  9559 4101 4062 3958  
  9560 4199 4101 4240  
  9561 4298 4199 4327  
  9562 4240 4101 4145  
  9563 4199 4240 4327  
  9564 4145 4101 4000  
  9565 4327 4240 4367  
  9566 4000 4101 3958  
  9567 4145 4000 4043  
  9568 4367 4240 4276  
  9569 4000 3958 3849  
  9570 4043 4000 3895  
  9571 4276 4240 4145  
  9572 3895 4000 3849  
  9573 4043 3895 3924  
  9574 3895 3849 3723  
  9575 3723 3849 3641  
  9576 3895 3723 3775  
  9577 3967 3846 3995  
  9578 3995 3846 3881  
  9579 3967 3995 4106  
  9580 4106 3995 4134  
  9581 3967 4106 4079  
  9582 4106 4134 4239  
  9583 4079 4106 4214  
  9584 4239 4134 4266  
  9585 4106 4239 4214  
  9586 4266 4134 4164  
  9587 4214 4239 4336  
  9588 4266 4164 4298  
  9589 4336 4239 4361  
  9590 4266 4298 4383  
  9591 4361 4239 4266  
  9592 4383 4298 4414  
  9593 4266 4383 4361  
  9594 4414 4298 4327  
  9595 4361 4383 4504  
  9596 4414 4327 4436  
  9597 4436 4327 4367  
  9598 4414 4436 4496  
  9599 4496 4436 4514  
  9600 4414 4496 4475  
  9601 4514 4436 4463  
  9602 4475 4496 4544  
  9603 4414 4475 4383  
  9604 4463 4436 4367  
  9605 4383 4475 4504  
  9606 4463 4367 4397  
  9607 4397 4367 4276  
  9608 4463 4397 4484  
  9609 4484 4397 4406  
  9610 4406 4397 4276  
  9611 3650 3609 3488  
  9612 3650 3488 3641  
  9613 4336 4361 4445  
  9614 4336 4445 4354  
  9615 3474 3493 3623  
  9616 3623 3493 3645  
  9617 3474 3623 3614  
  9618 3623 3645 3773  
  9619 3614 3623 3759  
  9620 3474 3614 3459  
  9621 3773 3645 3794  
  9622 3759 3623 3773  
  9623 3474 3459 3319  
  9624 3794 3645 3671  
  9625 3319 3459 3311  
  9626 3311 3459 3455  
  9627 3459 3614 3601  
  9628 3601 3614 3747  
  9629 3747 3614 3759  
  9630 3601 3747 3815  
  9631 3815 3747 3985  
  9632 3747 3759 3985  
  9633 3759 3773 3900  
  9634 3900 3773 3917  
  9635 3759 3900 3985  
  9636 3917 3773 3794  
  9637 3900 3917 4039  
  9638 3917 3794 3940  
  9639 4039 3917 4055  
  9640 3900 4039 3985  
  9641 3917 3940 4055  
  9642 4039 4055 4216  
  9643 4055 3940 4079  
  9644 4079 3940 3967  
  9645 4055 4079 4192  
  9646 4192 4079 4214  
  9647 4055 4192 4216  
  9648 4216 4192 4354  
  9649 4192 4214 4354  
  9650 3609 3447 3488  
  9651 3447 3413 3235  
  9652 3804 3650 3641  
  9653 3459 3601 3455  
  9654 3455 3601 3654  
  9655 2892 2868 2728  
  9656 2728 2868 2706  
  9657 2892 2728 2770  
  9658 2728 2706 2564  
  9659 2564 2706 2534  
  9660 2564 2534 2349  
  9661 2728 2564 2517  
  9662 2517 2564 2349  
  9663 4276 4145 4188  
  9664 4188 4145 4043  
  9665 4276 4188 4406  
  9666 4188 4043 4098  
  9667 4098 4043 3924  
  9668 4188 4098 4313  
  9669 2998 3149 2948  
  9670 4496 4561 4576  
  9671 4214 4336 4354  
  9672 4514 4463 4532  
  9673 4569 4587 4519  
  9674 4569 4519 4515  
  9675 59 69 45  
  9676 312 239 289  
  9677 2521 2549 2321  
  9678 4676 4631 4634  
  9679 87 72 61  
  9680 1262 1123 1090  
  9681 4534 4572 4524  
  9682 4524 4572 4553  
  9683 4524 4553 4498  
  9684 4524 4498 4448  
  9685 4534 4524 4448  
  9686 4044 4189 4099  
  9687 4099 4189 4237  
  9688 4044 4099 3969  
  9689 3969 4099 4059  
  9690 4099 4237 4059  
  9691 165 200 213  
  9692 100 96 123  
  9693 4492 4484 4406  
  9694 4681 4634 4624  
  9695 2189 2059 2073  
  9696 2695 2700 2543  
  9697 2543 2700 2551  
  9698 2695 2543 2459  
  9699 2543 2551 2396  
  9700 2396 2551 2401  
  9701 2543 2396 2459  
  9702 2459 2396 2239  
  9703 83 68 62  
  9704 107 97 122  
  9705 362 363 453  
  9706 2784 2619 2854  
  9707 84 104 87  
  9708 4415 4479 4497  
  9709 4497 4479 4545  
  9710 671 639 539  
  9711 1854 1874 2103  
  9712 241 313 222  
  9713 241 222 173  
  9714 566 546 450  
  9715 51 62 68  
  9716 4337 4217 4357  
  9717 2684 2663 2491  
  9718 2372 2362 2154  
  9719 4631 4675 4627  
  9720 4617 4573 4629  
  9721 894 778 810  
  9722 313 397 355  
  9723 78 96 100  
  9724 4594 4645 4602  
  9725 2948 2784 2998  
  9726 4686 4736 4722  
  9727 4406 4421 4492  
  9728 2995 2844 2984  
  9729 157 173 138  
  9730 138 173 150  
  9731 138 150 123  
  9732 157 138 120  
  9733 120 138 123  
  9734 191 148 183  
  9735 191 183 250  
  9736 1081 1184 1255  
  9737 4605 4586 4653  
  9738 4532 4585 4575  
  9739 4575 4585 4651  
  9740 4532 4575 4514  
  9741 113 95 87  
  9742 1079 1049 905  
  9743 4329 4379 4226  
  9744 4606 4659 4638  
  9745 2321 2189 2073  
  9746 1391 1375 1182  
  9747 2844 2695 2663  
  9748 4573 4564 4507  
  9749 546 460 450  
  9750 4613 4656 4666  
  9751 4237 4281 4059  
  9752 4572 4623 4553  
  9753 1537 1517 1709  
  9754 4629 4674 4617  
  9755 4313 4406 4188  
  9756 2265 2239 2396  
  9757 2265 2396 2401  
  9758 42 59 45  
  9759 4477 4408 4382  
  9760 4477 4382 4505  
  9761 952 1081 925  
  9762 4634 4631 4583  
  9763 4583 4631 4579  
  9764 4634 4583 4587  
  9765 4484 4532 4463  
  9766 122 97 114  
  9767 114 97 91  
  9768 122 114 141  
  9769 4421 4503 4492  
  9770 1334 1402 1571  
  9771 2003 2107 2228  
  9772 200 191 272  
  9773 1412 1406 1245  
  9774 113 87 104  
  9775 84 87 61  
  9776 4468 4534 4448  
  9777 925 807 952  
  9778 4210 4313 4098  
  9779 128 140 168  
  9780 4677 4627 4675  
  9781 4498 4407 4448  
  9782 363 369 460  
  9783 1777 1698 1577  
  9784 362 453 419  
  9785 419 453 491  
  9786 419 491 353  
  9787 362 419 353  
  9788 4585 4637 4651  
  9789 151 128 168  
  9790 4522 4578 4521  
  9791 114 91 101  
  9792 4667 4632 4591  
  9793 1943 2102 1919  
  9794 1943 1919 1743  
  9795 69 85 62  
  9796 2401 2260 2243  
  9797 2401 2243 2265  
  9798 4595 4553 4623  
  9799 3252 3163 3014  
  9800 4523 4577 4522  
  9801 3 7 11  
  9802 168 140 213  
  9803 2984 2844 2825  
  9804 620 585 482  
  9805 3924 3895 3775  
  9806 1866 1860 2107  
  9807 4507 4564 4499  
  9808 2491 2509 2684  
  9809 1871 1777 2005  
  9810 2228 2372 2154  
  9811 264 303 379  
  9812 4722 4736 4779  
  9813 4722 4779 4760  
  9814 2730 2689 2532  
  9815 139 115 151  
  9816 570 514 397  
  9817 570 397 492  
  9818 3250 3056 3235  
  9819 2842 2689 2895  
  9820 4480 4456 4531  
  9821 2243 2092 2265  
  9822 4226 4146 4329  
  9823 3014 2842 3055  
  9824 810 690 726  
  9825 136 137 101  
  9826 1743 1560 1731  
  9827 1334 1169 1276  
  9828 2534 2706 2619  
  9829 4316 4368 4450  
  9830 2196 2349 2365  
  9831 3924 4022 4098  
  9832 4098 4022 4210  
  9833 2770 2929 2892  
  9834 267 213 200  
  9835 160 193 131  
  9836 626 518 499  
  9837 499 518 420  
  9838 4146 4059 4281  
  9839 4526 4519 4587  
  9840 4282 4226 4379  
  9841 4022 4105 4210  
  9842 3448 3291 3449  
  9843 3449 3291 3418  
  9844 3692 3585 3807  
  9845 3651 3585 3448  
  9846 1169 1022 1142  
  9847 1022 882 1011  
  9848 4340 4282 4426  
  9849 3329 3488 3447  
  9850 3329 3447 3235  
  9851 348 267 272  
  9852 4264 4316 4420  
  9853 244 303 219  
  9854 244 169 193  
  9855 1090 1245 1262  
  9856 737 626 677  
  9857 4368 4407 4473  
  9858 4507 4521 4573  
  9859 4179 4264 4390  
  9860 2005 2196 2192  
  9861 4500 4480 4547  
  9862 4547 4480 4531  
  9863 139 136 108  
  9864 141 160 122  
  9865 3969 3869 4044  
  9866 2584 2770 2517  
  9867 1837 2005 1777  
  9868 4525 4485 4526  
  9869 3869 3704 3692  
  9870 1441 1334 1560  
  9871 573 620 488  
  9872 137 161 141  
  9873 4475 4544 4504  
  9874 61 72 52  
  9875 4526 4587 4583  
  9876 4545 4479 4506  
  9877 4579 4525 4583  
  9878 807 782 952  
  9879 566 450 482  
  9880 4803 4779 4736  
  9881 1743 1731 1943  
  9882 4583 4525 4526  
  9883 4521 4578 4573  
  9884 143 156 118  
  9885 3654 3601 3815  
  9886 3604 3659 3820  
  9887 4734 4701 4649  
  9888 2321 2271 2480  
  9889 2521 2321 2480  
  9890 4701 4679 4643  
  9891 4682 4705 4621  
  9892 4653 4682 4605  
  9893 4653 4586 4615  
  9894 4826 4786 4720  
  9895 4826 4720 4756  
  9896 1183 1182 1375  
  9897 4651 4614 4575  
  9898 4575 4614 4561  
  9899 4561 4614 4576  
  9900 4561 4496 4514  
  9901 4561 4514 4575  
  9902 2059 2103 1874  
  9903 491 539 639  
  9904 2663 2695 2459  
  9905 4576 4544 4496  
  9906 4545 4582 4497  
  9907 2728 2517 2770  
  9908 4504 4445 4361  
  9909 4447 4506 4364  
  9910 267 200 272  
  9911 2061 1854 2103  
  9912 1860 2065 2107  
  9913 141 114 137  
  9914 4216 4139 4039  
  9915 4039 4139 3985  
  9916 4140 4220 4041  
  9917 4140 4041 3987  
  9918 101 137 114  
  9919 3455 3654 3495  
  9920 3659 3457 3502  
  9921 5033 5050 4987  
  9922 5054 5065 4996  
  9923 5023 5033 4978  
  9924 5065 5075 5018  
  9925 4807 4844 4835  
  9926 4888 4938 4939  
  9927 4844 4888 4876  
  9928 4938 4996 5018  
  9929 4829 4842 4798  
  9930 4960 4964 4887  
  9931 4927 4920 4865  
  9932 4914 4921 4858  
  9933 4969 4963 4892  
  9934 4849 4839 4804  
  9935 4869 4878 4833  
  9936 4976 4977 4897  
  9937 4889 4877 4838  
  9938 4941 4946 4872  
  9939 4949 4945 4890  
  9940 4850 4856 4816  
  9941 4970 4974 4893  
  9942 4913 4899 4852  
  9943 4930 4935 4859  
  9944 4959 4955 4904  
  9945 4828 4819 4791  
  9946 4891 4900 4836  
  9947 4975 4973 4896  
  9948 4867 4855 4825  
  9949 4950 4956 4881  
  9950 4940 4934 4879  
  9951 4842 4850 4808  
  9952 4964 4970 4908  
  9953 4920 4913 4857  
  9954 4921 4930 4864  
  9955 4963 4959 4907  
  9956 4839 4828 4797  
  9957 4878 4891 4840  
  9958 4977 4975 4917  
  9959 4877 4867 4832  
  9960 4946 4950 4894  
  9961 4945 4940 4870  
  9962 4856 4869 4824  
  9963 4974 4976 4916  
  9964 4899 4889 4846  
  9965 4935 4941 4880  
  9966 4955 4949 4898  
  9967 4819 4807 4784  
  9968 4900 4914 4851  
  9969 4973 4969 4915  
  9970 4855 4849 4814  
  9971 4956 4960 4902  
  9972 4934 4927 4875  
  9973 5007 5023 4925  
  9974 5075 5088 5006  
  9975 4987 4931 4978  
  9976 4931 4873 4882  
  9977 4873 4829 4837  
  9978 4978 5033 4987  
  9979 5023 4978 4925  
  9980 5018 5075 5006  
  9981 5065 5018 4996  
  9982 4835 4844 4876  
  9983 4835 4876 4854  
  9984 4939 4938 5018  
  9985 4876 4888 4939  
  9986 4876 4939 4933  
  9987 4807 4835 4790  
  9988 4798 4842 4808  
  9989 4798 4808 4758  
  9990 4791 4819 4784  
  9991 4791 4784 4742  
  9992 4870 4940 4879  
  9993 4870 4879 4800  
  9994 4838 4877 4832  
  9995 4838 4832 4777  
  9996 4857 4913 4852  
  9997 4857 4852 4787  
  9998 4915 4969 4892  
  9999 4915 4892 4821  
  10000 4892 4963 4907  
  10001 4892 4907 4818  
  10002 4881 4956 4902  
  10003 4881 4902 4817  
  10004 4880 4941 4872  
  10005 4880 4872 4802  
  10006 4893 4974 4916  
  10007 4893 4916 4822  
  10008 4840 4891 4836  
  10009 4840 4836 4778  
  10010 4865 4920 4857  
  10011 4865 4857 4793  
  10012 4896 4973 4915  
  10013 4896 4915 4821  
  10014 4916 4976 4897  
  10015 4916 4897 4822  
  10016 4890 4945 4870  
  10017 4890 4870 4809  
  10018 4907 4959 4904  
  10019 4907 4904 4815  
  10020 4902 4960 4887  
  10021 4902 4887 4817  
  10022 4833 4878 4840  
  10023 4833 4840 4778  
  10024 4808 4850 4816  
  10025 4808 4816 4758  
  10026 4784 4807 4790  
  10027 4859 4935 4880  
  10028 4859 4880 4802  
  10029 4832 4867 4825  
  10030 4832 4825 4768  
  10031 4887 4964 4908  
  10032 4887 4908 4820  
  10033 4836 4900 4851  
  10034 4836 4851 4789  
  10035 4824 4869 4833  
  10036 4824 4833 4771  
  10037 4872 4946 4894  
  10038 4872 4894 4811  
  10039 4864 4930 4859  
  10040 4864 4859 4796  
  10041 4814 4849 4804  
  10042 4814 4804 4754  
  10043 4804 4839 4797  
  10044 4804 4797 4754  
  10045 4879 4934 4875  
  10046 4879 4875 4800  
  10047 4898 4949 4890  
  10048 4898 4890 4809  
  10049 4852 4899 4846  
  10050 4852 4846 4787  
  10051 4917 4975 4896  
  10052 4917 4896 4823  
  10053 4858 4921 4864  
  10054 4858 4864 4796  
  10055 4825 4855 4814  
  10056 4825 4814 4768  
  10057 4846 4889 4838  
  10058 4846 4838 4777  
  10059 4816 4856 4824  
  10060 4816 4824 4771  
  10061 4797 4828 4791  
  10062 4797 4791 4754  
  10063 4875 4927 4865  
  10064 4875 4865 4793  
  10065 4897 4977 4917  
  10066 4897 4917 4823  
  10067 4908 4970 4893  
  10068 4908 4893 4820  
  10069 4851 4914 4858  
  10070 4851 4858 4789  
  10071 4904 4955 4898  
  10072 4904 4898 4815  
  10073 4894 4950 4881  
  10074 4894 4881 4811  
  10075 4829 4798 4788  
  10076 4882 4873 4837  
  10077 4882 4837 4847  
  10078 4931 4882 4978  
  10079 4837 4829 4788  
  10080 5006 4933 4939  
  10081 4790 4835 4854  
  10082 4788 4798 4743  
  10083 4933 4854 4876  
  10084 4939 5018 5006  
  10085 4925 4978 4882  
  10086 4837 4788 4786  
  10087 4788 4743 4733  
  10088 4847 4925 4882  
  10089 4854 4794 4790  
  10090 4742 4784 4732  
  10091 4791 4742 4754  
  10092 4818 4821 4892  
  10093 4821 4823 4896  
  10094 4798 4758 4743  
  10095 4815 4818 4907  
  10096 4823 4822 4897  
  10097 4786 4847 4837  
  10098 4822 4820 4893  
  10099 4809 4815 4898  
  10100 4768 4814 4754  
  10101 4794 4746 4790  
  10102 4800 4809 4870  
  10103 4820 4817 4887  
  10104 4793 4800 4875  
  10105 4817 4811 4881  
  10106 4816 4771 4758  
  10107 4811 4802 4872  
  10108 4787 4793 4857  
  10109 4777 4832 4768  
  10110 4802 4796 4859  
  10111 4777 4787 4846  
  10112 4796 4789 4858  
  10113 4789 4778 4836  
  10114 4833 4778 4771  
  10115 4746 4697 4711  
  10116 4746 4711 4790  
  10117 4784 4790 4732  
  10118 4711 4732 4790  
  10119 4733 4786 4788  
  END_ELEMENTS  
  COORDINATES  
   1  -4.999995e-01  6.778927e-04   
   2  -4.881783e-01  1.083465e-02   
   3  -4.828013e-01 -7.381118e-03   
   4  -4.995746e-01  2.062105e-02   
   5  -4.996283e-01 -1.927638e-02   
   6  -4.816805e-01  2.946794e-02   
   7  -4.817576e-01 -2.817633e-02   
   8  -4.689906e-01  1.544471e-02   
   9  -4.983627e-01  4.043012e-02   
   10  -4.984689e-01 -3.909886e-02   
   11  -4.565652e-01 -1.613522e-02   
   12  -4.672724e-01  3.427906e-02   
   13  -4.673400e-01 -3.305000e-02   
   14  -4.530521e-01  3.473025e-03   
   15  -4.801376e-01  4.851112e-02   
   16  -4.802648e-01 -4.723353e-02   
   17  -4.508826e-01  2.328839e-02   
   18  -4.963779e-01  6.007438e-02   
   19  -4.965354e-01 -5.875875e-02   
   20  -4.379233e-01 -9.113404e-03   
   21  -4.643287e-01  5.323685e-02   
   22  -4.644541e-01 -5.202092e-02   
   23  -4.357135e-01  1.044204e-02   
   24  -4.486852e-01  4.110030e-02   
   25  -4.487735e-01 -3.993065e-02   
   26  -4.778558e-01  6.738091e-02   
   27  -4.780319e-01 -6.611942e-02   
   28  -4.340995e-01 -2.647620e-02   
   29  -4.325937e-01  3.007359e-02   
   30  -4.936354e-01  7.952420e-02   
   31  -4.938427e-01 -7.822631e-02   
   32  -4.453756e-01  5.928172e-02   
   33  -4.455194e-01 -5.812474e-02   
   34  -4.196074e-01 -1.280577e-03   
   35  -4.603345e-01  7.239629e-02   
   36  -4.605180e-01 -7.119461e-02   
   37  -4.300965e-01 -4.597819e-02   
   38  -4.308487e-01  4.987475e-02   
   39  -4.168612e-01  1.804181e-02   
   40  -4.748504e-01  8.604920e-02   
   41  -4.750739e-01 -8.480582e-02   
   42  -4.151312e-01 -3.274464e-02   
   43  -4.149857e-01  3.775876e-02   
   44  -4.458348e-01  7.911879e-02   
   45  -4.040530e-01 -1.380513e-02   
   46  -4.416397e-01 -7.771793e-02   
   47  -4.901512e-01  9.875102e-02   
   48  -4.270914e-01 -6.565864e-02   
   49  -4.904070e-01 -9.747290e-02   
   50  -4.286977e-01  6.911673e-02   
   51  -4.010861e-01  5.943393e-03   
   52  -4.560141e-01  9.185003e-02   
   53  -4.562518e-01 -9.066093e-02   
   54  -4.114719e-01 -5.320395e-02   
   55  -4.125599e-01  5.757152e-02   
   56  -3.986808e-01  2.626019e-02   
   57  -4.711373e-01  1.044890e-01   
   58  -4.714068e-01 -1.032656e-01   
   59  -3.964786e-01 -4.005082e-02   
   60  -3.965807e-01  4.556016e-02   
   61  -4.285354e-01  8.907678e-02   
   62  -3.854412e-01 -6.504052e-03   
   63  -4.233121e-01 -8.502321e-02   
   64  -4.082020e-01 -7.202311e-02   
   65  -4.105509e-01  7.743088e-02   
   66  -4.859426e-01  1.177274e-01   
   67  -4.862453e-01 -1.164710e-01   
   68  -3.827627e-01  1.421155e-02   
   69  -3.813402e-01 -2.698592e-02   
   70  -3.927721e-01 -5.964840e-02   
   71  -3.947505e-01  6.546718e-02   
   72  -4.388706e-01  1.084044e-01   
   73  -4.391207e-01 -1.072990e-01   
   74  -3.804119e-01  3.403654e-02   
   75  -4.701630e-01  1.246905e-01   
   76  -4.704782e-01 -1.234838e-01   
   77  -3.776066e-01 -4.663083e-02   
   78  -4.201028e-01 -1.040975e-01   
   79  -3.784437e-01  5.390315e-02   
   80  -4.044607e-01 -9.165298e-02   
   81  -4.510502e-01  1.242285e-01   
   82  -4.513492e-01 -1.230855e-01   
   83  -3.667537e-01  2.227281e-03   
   84  -4.081666e-01  9.727688e-02   
   85  -3.652518e-01 -1.425696e-02   
   86  -3.896506e-01 -7.934762e-02   
   87  -4.190663e-01  1.111381e-01   
   88  -3.921951e-01  8.525773e-02   
   89  -4.810277e-01  1.364271e-01   
   90  -4.813757e-01 -1.351942e-01   
   91  -3.643873e-01  2.208451e-02   
   92  -3.621153e-01 -3.400920e-02   
   93  -3.741043e-01 -6.678719e-02   
   94  -3.762949e-01  7.314439e-02   
   95  -4.313574e-01  1.269056e-01   
   96  -4.316642e-01 -1.258233e-01   
   97  -3.621917e-01  4.226227e-02   
   98  -4.616572e-01  1.405805e-01   
   99  -4.620141e-01 -1.394025e-01   
   100  -4.014900e-01 -1.113849e-01   
   101  -3.497134e-01 -1.665083e-03   
   102  -3.589917e-01 -5.374563e-02   
   103  -3.859866e-01 -9.882237e-02   
   104  -3.897661e-01  1.051068e-01   
   105  -4.438679e-01  1.423478e-01   
   106  -4.442209e-01 -1.412286e-01   
   107  -3.602318e-01  6.216375e-02   
   108  -3.465780e-01 -2.141771e-02   
   109  -3.707967e-01 -8.588253e-02   
   110  -4.754253e-01  1.548250e-01   
   111  -4.758169e-01 -1.536173e-01   
   112  -3.737486e-01  9.297880e-02   
   113  -4.116015e-01  1.299700e-01   
   114  -3.458427e-01  3.069440e-02   
   115  -3.434459e-01 -4.116981e-02   
   116  -3.553841e-01 -7.337873e-02   
   117  -3.584888e-01  8.195291e-02   
   118  -4.241545e-01  1.455298e-01   
   119  -4.559266e-01  1.581837e-01   
   120  -4.245169e-01 -1.444691e-01   
   121  -4.563249e-01 -1.570309e-01   
   122  -3.439042e-01  5.062794e-02   
   123  -3.983800e-01 -1.311387e-01   
   124  -3.881037e-01  1.248061e-01   
   125  -3.828339e-01 -1.185607e-01   
   126  -3.723531e-01  1.128586e-01   
   127  -3.671597e-01 -1.055374e-01   
   128  -3.401526e-01 -6.043196e-02   
   129  -4.364913e-01  1.608350e-01   
   130  -4.368943e-01 -1.597364e-01   
   131  -3.421066e-01  7.053859e-02   
   132  -4.691552e-01  1.728972e-01   
   133  -3.521782e-01 -9.308140e-02   
   134  -4.695886e-01 -1.717164e-01   
   135  -3.559748e-01  1.015051e-01   
   136  -3.242838e-01 -1.273285e-02   
   137  -3.227150e-01  1.300486e-02   
   138  -4.092719e-01 -1.546940e-01   
   139  -3.225863e-01 -3.355942e-02   
   140  -3.366855e-01 -8.044833e-02   
   141  -3.223982e-01  4.335834e-02   
   142  -3.400527e-01  8.952015e-02   
   143  -4.021396e-01  1.559998e-01   
   144  -3.857291e-01  1.446502e-01   
   145  -3.792687e-01 -1.382243e-01   
   146  -4.495433e-01  1.780570e-01   
   147  -4.499822e-01 -1.769348e-01   
   148  -3.640577e-01 -1.252631e-01   
   149  -3.697608e-01  1.326319e-01   
   150  -3.933479e-01 -1.516837e-01   
   151  -3.196788e-01 -5.405767e-02   
   152  -3.485957e-01 -1.126279e-01   
   153  -3.542964e-01  1.214167e-01   
   154  -3.103270e-01 -5.186233e-03   
   155  -3.099805e-01  1.555291e-02   
   156  -4.183324e-01  1.733322e-01   
   157  -4.187270e-01 -1.723154e-01   
   158  -3.085710e-01  6.679205e-03   
   159  -3.087793e-01 -1.440413e-02   
   160  -3.187823e-01  6.479535e-02   
   161  -3.092876e-01  2.590221e-02   
   162  -3.092876e-01 -2.590221e-02   
   163  -4.622377e-01  1.906209e-01   
   164  -4.627113e-01 -1.894684e-01   
   165  -3.333502e-01 -9.973212e-02   
   166  -3.071276e-01 -3.499614e-02   
   167  -3.066028e-01  3.694024e-02   
   168  -3.164391e-01 -7.541126e-02   
   169  -3.323921e-01  1.074173e-01   
   170  -3.068669e-01 -4.650251e-02   
   171  -3.055116e-01  4.542586e-02   
   172  -3.983530e-01  1.726532e-01   
   173  -3.987455e-01 -1.716971e-01   
   174  -3.000000e-01  5.253124e-10   
   175  -2.998325e-01  1.002449e-02   
   176  -3.742109e-01 -1.553104e-01   
   177  -2.998325e-01 -1.002449e-02   
   178  -3.840358e-01  1.643886e-01   
   179  -3.681781e-01  1.525142e-01   
   180  -4.458248e-01  1.948032e-01   
   181  -2.993301e-01  2.003779e-02   
   182  -4.463015e-01 -1.937001e-01   
   183  -3.604296e-01 -1.449273e-01   
   184  -2.993301e-01 -2.003779e-02   
   185  -3.051416e-01  5.673049e-02   
   186  -4.276241e-01  1.910019e-01   
   187  -2.984933e-01  3.002871e-02   
   188  -4.280728e-01 -1.899567e-01   
   189  -3.041043e-01 -5.543186e-02   
   190  -2.984933e-01 -3.002871e-02   
   191  -3.453668e-01 -1.323575e-01   
   192  -3.518599e-01  1.410457e-01   
   193  -3.137425e-01  8.594296e-02   
   194  -2.973232e-01  3.998609e-02   
   195  -2.973232e-01 -3.998609e-02   
   196  -2.920219e-01  4.171464e-03   
   197  -2.919982e-01 -5.588771e-03   
   198  -3.030756e-01 -6.689511e-02   
   199  -3.020822e-01  6.556254e-02   
   200  -3.297870e-01 -1.194041e-01   
   201  -3.358896e-01  1.290976e-01   
   202  -2.917194e-01  1.392704e-02   
   203  -2.916484e-01 -1.534276e-02   
   204  -2.958211e-01  4.989881e-02   
   205  -2.910912e-01  2.366706e-02   
   206  -2.958211e-01 -4.989881e-02   
   207  -2.909729e-01 -2.507962e-02   
   208  -4.077822e-01  1.902807e-01   
   209  -4.082282e-01 -1.892959e-01   
   210  -4.546939e-01  2.079747e-01   
   211  -4.552057e-01 -2.068520e-01   
   212  -2.901378e-01  3.338065e-02   
   213  -3.106955e-01 -9.637866e-02   
   214  -2.899723e-01 -3.478847e-02   
   215  -3.006711e-01  7.698502e-02   
   216  -2.939885e-01  5.975580e-02   
   217  -2.997227e-01 -7.562000e-02   
   218  -2.939885e-01 -5.975579e-02   
   219  -3.194873e-01  1.177319e-01   
   220  -2.888603e-01  4.305696e-02   
   221  -2.886480e-01 -4.445846e-02   
   222  -3.743209e-01 -1.753100e-01   
   223  -2.833498e-01 -6.876365e-04   
   224  -2.832146e-01  8.780876e-03   
   225  -2.831686e-01 -1.015538e-02   
   226  -3.657252e-01  1.723157e-01   
   227  -2.827630e-01  1.823958e-02   
   228  -4.350070e-01  2.089568e-01   
   229  -2.826712e-01 -1.961178e-02   
   230  -4.355186e-01 -2.078880e-01   
   231  -2.872603e-01  5.268517e-02   
   232  -3.569459e-01 -1.654058e-01   
   233  -2.918276e-01  6.954605e-02   
   234  -3.500596e-01  1.609507e-01   
   235  -2.819956e-01  2.767792e-02   
   236  -2.918276e-01 -6.954604e-02   
   237  -2.870012e-01 -5.407880e-02   
   238  -2.970285e-01  8.559300e-02   
   239  -3.877934e-01  1.899872e-01   
   240  -2.818580e-01 -2.904628e-02   
   241  -3.882386e-01 -1.890616e-01   
   242  -2.979307e-01 -8.698894e-02   
   243  -2.809133e-01  3.708534e-02   
   244  -3.052437e-01  1.080030e-01   
   245  -2.807300e-01 -3.844834e-02   
   246  -4.175243e-01  2.075814e-01   
   247  -4.180215e-01 -2.065683e-01   
   248  -3.334990e-01  1.489404e-01   
   249  -2.853394e-01  6.225455e-02   
   250  -3.395711e-01 -1.555003e-01   
   251  -2.764394e-01  1.363374e-02   
   252  -2.850339e-01 -6.363874e-02   
   253  -2.893408e-01  7.925862e-02   
   254  -2.795172e-01  4.645134e-02   
   255  -2.893408e-01 -7.925862e-02   
   256  -2.746006e-01 -5.255784e-03   
   257  -2.792885e-01 -4.780745e-02   
   258  -2.745856e-01 -1.522344e-02   
   259  -2.948576e-01  9.689571e-02   
   260  -2.741646e-01  2.151106e-02   
   261  -2.940026e-01 -9.547040e-02   
   262  -2.736363e-01 -2.358534e-02   
   263  -2.721447e-01  5.692333e-03   
   264  -3.178234e-01  1.376514e-01   
   265  -2.830998e-01  7.175439e-02   
   266  -2.778090e-01  5.576546e-02   
   267  -3.035643e-01 -1.169156e-01   
   268  -2.731407e-01 -3.198635e-02   
   269  -2.728510e-01  3.139178e-02   
   270  -2.827482e-01 -7.312760e-02   
   271  -2.775350e-01 -5.711317e-02   
   272  -3.221963e-01 -1.455949e-01   
   273  -4.465454e-01  2.249382e-01   
   274  -4.470936e-01 -2.238465e-01   
   275  -3.975610e-01  2.074295e-01   
   276  -3.980577e-01 -2.064750e-01   
   277  -2.865307e-01  8.888267e-02   
   278  -2.865307e-01 -8.888267e-02   
   279  -2.718865e-01  4.131268e-02   
   280  -2.714499e-01 -4.180956e-02   
   281  -2.676629e-01  1.554430e-02   
   282  -2.757904e-01  6.501730e-02   
   283  -2.805441e-01  8.117410e-02   
   284  -2.906482e-01  1.052412e-01   
   285  -2.754716e-01 -6.635511e-02   
   286  -2.664983e-01 -1.897516e-02   
   287  -2.914552e-01 -1.066943e-01   
   288  -3.570554e-01 -1.854040e-01   
   289  -3.640016e-01  1.922014e-01   
   290  -2.701449e-01  4.954612e-02   
   291  -2.661505e-01  2.454893e-02   
   292  -2.801468e-01 -8.253479e-02   
   293  -3.477215e-01  1.806529e-01   
   294  -2.701065e-01 -5.168628e-02   
   295  -4.268597e-01  2.251351e-01   
   296  -4.274055e-01 -2.240968e-01   
   297  -2.647433e-01 -2.727586e-02   
   298  -2.651238e-01  3.407089e-02   
   299  -2.627100e-01 -1.041294e-02   
   300  -2.834007e-01  9.840746e-02   
   301  -2.702193e-01 -5.988471e-02   
   302  -3.316908e-01  1.687606e-01   
   303  -2.978512e-01  1.264184e-01   
   304  -2.688513e-01  5.786170e-02   
   305  -2.734639e-01  7.419652e-02   
   306  -2.834007e-01 -9.840746e-02   
   307  -3.396801e-01 -1.755000e-01   
   308  -2.647051e-01 -3.718418e-02   
   309  -2.612420e-01 -5.363451e-04   
   310  -2.731005e-01 -7.552293e-02   
   311  -2.776750e-01  9.050314e-02   
   312  -3.775742e-01  2.071835e-01   
   313  -3.780707e-01 -2.062816e-01   
   314  -2.683992e-01  6.751650e-02   
   315  -2.590784e-01  8.979469e-03   
   316  -2.772324e-01 -9.184979e-02   
   317  -2.625429e-01  4.363724e-02   
   318  -2.631796e-01 -4.663904e-02   
   319  -2.877272e-01  1.163736e-01   
   320  -3.153460e-01  1.572769e-01   
   321  -2.869693e-01 -1.148944e-01   
   322  -4.073430e-01  2.246583e-01   
   323  -4.078849e-01 -2.236726e-01   
   324  -2.579998e-01  1.890025e-02   
   325  -3.223054e-01 -1.655946e-01   
   326  -2.708319e-01  8.329288e-02   
   327  -2.568162e-01 -1.837825e-02   
   328  -2.570268e-01  2.838159e-02   
   329  -2.620913e-01 -5.599744e-02   
   330  -2.610292e-01  5.342933e-02   
   331  -2.799542e-01  1.078223e-01   
   332  -2.571190e-01 -3.070857e-02   
   333  -2.704244e-01 -8.460640e-02   
   334  -2.799542e-01 -1.078223e-01   
   335  -2.744957e-01  9.973110e-02   
   336  -2.534418e-01 -6.697835e-03   
   337  -2.560965e-01  3.831220e-02   
   338  -2.629707e-01 -6.805407e-02   
   339  -2.653386e-01 -7.868939e-02   
   340  -2.522130e-01  3.166146e-03   
   341  -2.740084e-01 -1.010622e-01   
   342  -2.553927e-01 -4.053213e-02   
   343  -2.599362e-01  6.332399e-02   
   344  -4.378144e-01  2.414924e-01   
   345  -4.383971e-01 -2.404330e-01   
   346  -2.678974e-01  9.229620e-02   
   347  -2.829699e-01  1.244193e-01   
   348  -2.933696e-01 -1.400539e-01   
   349  -3.049306e-01 -1.556891e-01   
   350  -2.500702e-01  1.285460e-02   
   351  -2.609419e-01  7.546041e-02   
   352  -2.538043e-01  4.765159e-02   
   353  -3.873899e-01  2.245957e-01   
   354  -2.836779e-01 -1.259231e-01   
   355  -3.571661e-01 -2.054019e-01   
   356  -3.879329e-01 -2.236671e-01   
   357  -2.674463e-01 -9.359538e-02   
   358  -2.538262e-01 -4.993365e-02   
   359  -2.630153e-01  8.618334e-02   
   360  -2.488983e-01  2.275683e-02   
   361  -2.761950e-01  1.171168e-01   
   362  -3.621584e-01  2.121138e-01   
   363  -3.458403e-01  2.005542e-01   
   364  -2.761950e-01 -1.171168e-01   
   365  -2.710099e-01  1.088477e-01   
   366  -3.397902e-01 -1.954985e-01   
   367  -2.478213e-01 -2.297251e-02   
   368  -4.181608e-01  2.409095e-01   
   369  -3.293866e-01  1.886174e-01   
   370  -4.187390e-01 -2.399029e-01   
   371  -2.480346e-01  3.269070e-02   
   372  -2.460079e-01 -1.314825e-02   
   373  -2.520079e-01  5.730396e-02   
   374  -2.478585e-01 -3.400044e-02   
   375  -2.608073e-01 -8.722678e-02   
   376  -2.704784e-01 -1.101618e-01   
   377  -2.522455e-01 -5.978690e-02   
   378  -2.446915e-01 -3.394433e-03   
   379  -2.903370e-01  1.467139e-01   
   380  -2.646637e-01  1.011964e-01   
   381  -2.559205e-01 -7.798378e-02   
   382  -3.133336e-01  1.766925e-01   
   383  -2.465397e-01  4.091767e-02   
   384  -2.428365e-01  6.412362e-03   
   385  -3.224144e-01 -1.855943e-01   
   386  -2.641694e-01 -1.024798e-01   
   387  -2.460670e-01 -4.380952e-02   
   388  -2.507346e-01  6.709744e-02   
   389  -2.587402e-01  9.317980e-02   
   390  -2.420065e-01  1.606333e-02   
   391  -2.793118e-01  1.353318e-01   
   392  -2.783128e-01 -1.344300e-01   
   393  -2.499265e-01 -7.004780e-02   
   394  -2.410904e-01  2.562684e-02   
   395  -2.540410e-01  8.538580e-02   
   396  -2.721273e-01  1.262804e-01   
   397  -3.679364e-01 -2.235204e-01   
   398  -2.443920e-01  5.089326e-02   
   399  -2.576826e-01 -9.504079e-02   
   400  -2.672214e-01  1.178427e-01   
   401  -2.721273e-01 -1.262804e-01   
   402  -2.446597e-01 -5.403816e-02   
   403  -2.971116e-01  1.651990e-01   
   404  -2.402489e-01 -2.751519e-02   
   405  -2.666463e-01 -1.191383e-01   
   406  -2.381546e-01 -1.932312e-02   
   407  -2.611344e-01  1.099837e-01   
   408  -3.050396e-01 -1.756888e-01   
   409  -2.518184e-01 -8.705413e-02   
   410  -2.367673e-01 -9.429693e-03   
   411  -2.387664e-01  3.525591e-02   
   412  -2.431638e-01  6.075584e-02   
   413  -2.475008e-01  7.710774e-02   
   414  -2.436522e-01 -6.230073e-02   
   415  -2.605976e-01 -1.112498e-01   
   416  -2.384434e-01 -3.734903e-02   
   417  -2.347508e-01  5.611675e-04   
   418  -2.548628e-01  1.023624e-01   
   419  -3.677893e-01  2.313908e-01   
   420  -2.852725e-01 -1.563336e-01   
   421  -2.549852e-01 -1.030124e-01   
   422  -2.375544e-01  4.508702e-02   
   423  -2.460311e-01 -7.912302e-02   
   424  -2.337931e-01  1.049581e-02   
   425  -2.502082e-01  9.399242e-02   
   426  -4.285233e-01  2.576194e-01   
   427  -4.291386e-01 -2.565933e-01   
   428  -2.740277e-01  1.430418e-01   
   429  -2.367605e-01 -4.744909e-02   
   430  -2.329277e-01  2.001934e-02   
   431  -2.413882e-01  7.056557e-02   
   432  -2.746337e-01 -1.445895e-01   
   433  -2.631345e-01  1.267061e-01   
   434  -2.677557e-01  1.353030e-01   
   435  -3.965125e-01  2.484148e-01   
   436  -3.971011e-01 -2.474719e-01   
   437  -3.399016e-01 -2.154983e-01   
   438  -2.677557e-01 -1.353030e-01   
   439  -2.401807e-01 -7.164589e-02   
   440  -2.573135e-01  1.186480e-01   
   441  -2.481306e-01 -9.625068e-02   
   442  -2.315099e-01  2.840956e-02   
   443  -2.353677e-01  5.459148e-02   
   444  -2.625164e-01 -1.279817e-01   
   445  -2.438395e-01  8.639106e-02   
   446  -2.308113e-01 -2.556419e-02   
   447  -2.567346e-01 -1.198955e-01   
   448  -2.354067e-01 -6.094907e-02   
   449  -3.225255e-01 -2.055951e-01   
   450  -3.110315e-01  1.965590e-01   
   451  -2.426577e-01 -8.834339e-02   
   452  -2.513115e-01  1.116760e-01   
   453  -3.482140e-01  2.269056e-01   
   454  -2.467024e-01  1.029048e-01   
   455  -2.295652e-01  3.911178e-02   
   456  -4.113204e-01  2.591339e-01   
   457  -2.272589e-01 -1.673070e-02   
   458  -2.267430e-01 -5.352732e-03   
   459  -4.119330e-01 -2.581565e-01   
   460  -3.314251e-01  2.160366e-01   
   461  -2.377889e-01  7.846527e-02   
   462  -2.507592e-01 -1.120399e-01   
   463  -2.257818e-01  4.555634e-03   
   464  -2.278995e-01 -3.579233e-02   
   465  -2.333288e-01  6.753978e-02   
   466  -2.247356e-01  1.447384e-02   
   467  -2.454761e-01 -1.057969e-01   
   468  -2.362114e-01 -8.075761e-02   
   469  -2.403961e-01  9.527846e-02   
   470  -2.587537e-01  1.354279e-01   
   471  -2.696489e-01  1.536856e-01   
   472  -2.275516e-01  4.815291e-02   
   473  -3.051486e-01 -1.956886e-01   
   474  -2.286320e-01 -5.309735e-02   
   475  -2.630850e-01  1.441745e-01   
   476  -2.239769e-01  2.441818e-02   
   477  -2.696489e-01 -1.536856e-01   
   478  -2.532052e-01  1.271799e-01   
   479  -2.630850e-01 -1.441745e-01   
   480  -2.398703e-01 -9.754714e-02   
   481  -2.580933e-01 -1.366822e-01   
   482  -2.890830e-01  1.827996e-01   
   483  -2.230443e-01  3.197676e-02   
   484  -2.474566e-01  1.191567e-01   
   485  -2.525849e-01 -1.284074e-01   
   486  -2.222668e-01 -2.683113e-02   
   487  -2.303314e-01 -7.297667e-02   
   488  -2.758878e-01  1.679033e-01   
   489  -2.340425e-01  8.770604e-02   
   490  -2.258616e-01  5.764585e-02   
   491  -3.722363e-01  2.500020e-01   
   492  -3.728164e-01 -2.491313e-01   
   493  -2.232702e-01 -4.465628e-02   
   494  -2.468541e-01 -1.212107e-01   
   495  -2.416858e-01  1.114494e-01   
   496  -2.186224e-01 -1.118374e-02   
   497  -2.329755e-01 -9.043511e-02   
   498  -2.176426e-01 -1.234686e-03   
   499  -2.877739e-01 -1.857831e-01   
   500  -2.368752e-01  1.046104e-01   
   501  -2.415068e-01 -1.145128e-01   
   502  -2.278899e-01  7.983182e-02   
   503  -2.166463e-01  8.606275e-03   
   504  -2.171760e-01 -1.891019e-02   
   505  -2.189487e-01  4.003340e-02   
   506  -2.237089e-01 -6.550424e-02   
   507  -4.186953e-01  2.733025e-01   
   508  -2.179085e-01 -3.621521e-02   
   509  -2.540839e-01  1.439986e-01   
   510  -4.193410e-01 -2.723107e-01   
   511  -2.273693e-01 -8.226872e-02   
   512  -2.155886e-01  1.901356e-02   
   513  -2.488141e-01  1.355697e-01   
   514  -3.400132e-01 -2.354983e-01   
   515  -2.356100e-01 -1.065656e-01   
   516  -2.440120e-01  1.268351e-01   
   517  -2.581205e-01  1.528850e-01   
   518  -2.741935e-01 -1.750386e-01   
   519  -2.305850e-01  9.705878e-02   
   520  -2.151764e-01  2.898368e-02   
   521  -2.447969e-01 -1.291476e-01   
   522  -2.630613e-01  1.614503e-01   
   523  -2.581205e-01 -1.528850e-01   
   524  -2.186409e-01 -5.352022e-02   
   525  -2.533820e-01 -1.452301e-01   
   526  -2.180122e-01  5.244793e-02   
   527  -2.389656e-01  1.194857e-01   
   528  -2.218415e-01  7.092261e-02   
   529  -2.481531e-01 -1.367758e-01   
   530  -2.300691e-01 -9.827544e-02   
   531  -3.226364e-01 -2.255959e-01   
   532  -2.627224e-01 -1.628774e-01   
   533  -3.991970e-01  2.711817e-01   
   534  -3.998342e-01 -2.702411e-01   
   535  -2.125467e-01 -2.777414e-02   
   536  -2.382192e-01 -1.230311e-01   
   537  -2.241908e-01  8.937956e-02   
   538  -2.202395e-01 -7.465888e-02   
   539  -3.471956e-01  2.468796e-01   
   540  -3.304068e-01  2.360106e-01   
   541  -2.132792e-01 -4.507915e-02   
   542  -2.095701e-01 -7.125325e-03   
   543  -3.052578e-01 -2.156883e-01   
   544  -2.085282e-01  2.813453e-03   
   545  -2.234020e-01 -9.134511e-02   
   546  -3.136179e-01  2.251417e-01   
   547  -2.084983e-01 -1.769119e-02   
   548  -2.148583e-01  6.462253e-02   
   549  -2.316153e-01 -1.152192e-01   
   550  -2.075569e-01  1.275937e-02   
   551  -2.108724e-01  4.711663e-02   
   552  -2.303310e-01  1.150652e-01   
   553  -2.441451e-01  1.438082e-01   
   554  -2.491303e-01  1.524084e-01   
   555  -3.799401e-01  2.684223e-01   
   556  -2.138181e-01 -6.472416e-02   
   557  -3.805672e-01 -2.675320e-01   
   558  -2.177951e-01  8.169232e-02   
   559  -2.389452e-01  1.354189e-01   
   560  -2.067297e-01  2.364088e-02   
   561  -2.079174e-01 -3.663808e-02   
   562  -2.217601e-01  9.775667e-02   
   563  -2.257497e-01 -1.072627e-01   
   564  -2.249330e-01  1.065283e-01   
   565  -2.174503e-01 -8.333842e-02   
   566  -2.968291e-01  2.142727e-01   
   567  -2.528677e-01  1.614247e-01   
   568  -2.434442e-01 -1.449914e-01   
   569  -2.483876e-01 -1.536157e-01   
   570  -3.519279e-01 -2.546790e-01   
   571  -2.370546e-01 -1.337918e-01   
   572  -2.068727e-01  3.691790e-02   
   573  -2.587816e-01  1.713529e-01   
   574  -2.528677e-01 -1.614247e-01   
   575  -2.313427e-01  1.249221e-01   
   576  -2.878828e-01 -2.057828e-01   
   577  -2.587816e-01 -1.713529e-01   
   578  -2.084503e-01 -5.459932e-02   
   579  -2.082365e-01  5.639745e-02   
   580  -2.204944e-01 -1.008143e-01   
   581  -2.113992e-01  7.400521e-02   
   582  -2.019098e-01 -1.220233e-03   
   583  -2.018232e-01 -1.089200e-02   
   584  -2.025557e-01 -2.819701e-02   
   585  -2.800402e-01  2.034038e-01   
   586  -2.007120e-01  8.191667e-03   
   587  -2.274875e-01 -1.243047e-01   
   588  -2.032881e-01 -4.550203e-02   
   589  -2.136849e-01  9.328113e-02   
   590  -1.993274e-01  1.767913e-02   
   591  -2.086524e-01 -7.631415e-02   
   592  -2.136695e-01 -9.353767e-02   
   593  -2.392034e-01  1.518859e-01   
   594  -2.020662e-01  4.924843e-02   
   595  -2.217117e-01 -1.163798e-01   
   596  -2.438984e-01  1.606479e-01   
   597  -4.083534e-01  2.885264e-01   
   598  -2.050031e-01  6.631813e-02   
   599  -4.090277e-01 -2.875697e-01   
   600  -2.098229e-01 -8.468481e-02   
   601  -2.384634e-01 -1.530452e-01   
   602  -2.335883e-01 -1.444631e-01   
   603  -3.227440e-01 -2.455956e-01   
   604  -1.971939e-01 -1.975594e-02   
   605  -2.079399e-01  8.338784e-02   
   606  -1.975964e-01  2.740475e-02   
   607  -2.183662e-01  1.140570e-01   
   608  -2.147559e-01  1.047419e-01   
   609  -2.431158e-01 -1.618298e-01   
   610  -2.030169e-01 -6.440438e-02   
   611  -2.473325e-01  1.697841e-01   
   612  -2.164089e-01 -1.095096e-01   
   613  -2.214750e-01  1.233953e-01   
   614  -2.312528e-01  1.435872e-01   
   615  -1.979263e-01 -3.706096e-02   
   616  -2.473325e-01 -1.697841e-01   
   617  -2.250464e-01  1.326718e-01   
   618  -3.889769e-01  2.856496e-01   
   619  -3.896406e-01 -2.847433e-01   
   620  -2.618899e-01  1.929618e-01   
   621  -3.053699e-01 -2.356890e-01   
   622  -1.986588e-01 -5.436597e-02   
   623  -2.244997e-01 -1.335948e-01   
   624  -2.512567e-01  1.800616e-01   
   625  -2.106135e-01 -1.014791e-01   
   626  -2.618899e-01 -1.929618e-01   
   627  -1.986070e-01  5.863108e-02   
   628  -1.955057e-01  4.002397e-02   
   629  -3.293884e-01  2.559847e-01   
   630  -1.927199e-01  2.392401e-03   
   631  -2.512567e-01 -1.800616e-01   
   632  -2.015439e-01  7.570078e-02   
   633  -3.125995e-01  2.451157e-01   
   634  -1.918322e-01 -1.131487e-02   
   635  -2.186180e-01 -1.258078e-01   
   636  -1.914502e-01  1.168474e-02   
   637  -1.925646e-01 -2.861989e-02   
   638  -2.309009e-01  1.526086e-01   
   639  -3.568114e-01  2.747184e-01   
   640  -3.574234e-01 -2.739085e-01   
   641  -2.051540e-01 -9.313293e-02   
   642  -2.044808e-01  9.277048e-02   
   643  -2.339946e-01  1.597941e-01   
   644  -2.879911e-01 -2.257828e-01   
   645  -1.932970e-01 -4.592490e-02   
   646  -2.958107e-01  2.342468e-01   
   647  -1.899356e-01  2.102441e-02   
   648  -2.383942e-01  1.687081e-01   
   649  -2.122047e-01 -1.182363e-01   
   650  -1.922110e-01  5.094403e-02   
   651  -2.332162e-01 -1.609279e-01   
   652  -2.284957e-01 -1.530316e-01   
   653  -1.999087e-01 -8.471989e-02   
   654  -2.122628e-01  1.217783e-01   
   655  -1.951479e-01  6.801373e-02   
   656  -2.085205e-01  1.125472e-01   
   657  -1.939336e-01 -6.164444e-02   
   658  -2.048720e-01  1.032392e-01   
   659  -2.375725e-01 -1.698632e-01   
   660  -2.153909e-01  1.312561e-01   
   661  -1.884731e-01  3.237172e-02   
   662  -2.415210e-01  1.779539e-01   
   663  -1.872029e-01 -2.017882e-02   
   664  -1.980847e-01  8.508344e-02   
   665  -2.065048e-01 -1.101142e-01   
   666  -2.790218e-01  2.233778e-01   
   667  -2.207295e-01 -1.428407e-01   
   668  -2.183354e-01  1.397566e-01   
   669  -2.415210e-01 -1.779539e-01   
   670  -1.879353e-01 -3.748383e-02   
   671  -3.374241e-01  2.698156e-01   
   672  -1.939894e-01 -7.239379e-02   
   673  -3.380238e-01 -2.690544e-01   
   674  -1.850576e-01 -3.974394e-03   
   675  -2.223759e-01  1.497798e-01   
   676  -2.467586e-01  1.882550e-01   
   677  -2.706167e-01 -2.158765e-01   
   678  -2.146484e-01 -1.349210e-01   
   679  -2.467586e-01 -1.882550e-01   
   680  -1.886677e-01 -5.478885e-02   
   681  -2.007390e-01 -1.020757e-01   
   682  -1.835046e-01  5.866111e-03   
   683  -1.887518e-01  6.032668e-02   
   684  -2.249293e-01  1.582270e-01   
   685  -1.858150e-01  4.325698e-02   
   686  -1.916887e-01  7.739638e-02   
   687  -1.823607e-01  1.576253e-02   
   688  -2.088031e-01 -1.276194e-01   
   689  -1.820807e-01 -1.351812e-02   
   690  -2.622330e-01  2.125089e-01   
   691  -2.285244e-01  1.675238e-01   
   692  -1.825735e-01 -2.904276e-02   
   693  -1.951824e-01 -9.350826e-02   
   694  -2.196255e-01 -1.521382e-01   
   695  -1.946256e-01  9.446609e-02   
   696  -3.975213e-01  3.032768e-01   
   697  -3.982222e-01 -3.023559e-01   
   698  -2.234176e-01 -1.597425e-01   
   699  -1.812074e-01  2.550607e-02   
   700  -3.228510e-01 -2.655963e-01   
   701  -2.326237e-01  1.765798e-01   
   702  -1.833060e-01 -4.634778e-02   
   703  -3.663771e-01  2.917113e-01   
   704  -3.670414e-01 -2.908713e-01   
   705  -2.277086e-01 -1.686310e-01   
   706  -2.022659e-01 -1.191501e-01   
   707  -2.056690e-01  1.292707e-01   
   708  -1.806139e-01  3.547674e-02   
   709  -2.016940e-01  1.201157e-01   
   710  -1.978178e-01  1.109465e-01   
   711  -3.054775e-01 -2.556886e-01   
   712  -1.823558e-01  5.263963e-02   
   713  -2.317639e-01 -1.777068e-01   
   714  -1.852927e-01  6.970933e-02   
   715  -2.086099e-01  1.385001e-01   
   716  -1.840384e-01 -6.365279e-02   
   717  -2.354398e-01  1.859250e-01   
   718  -2.123515e-01  1.477428e-01   
   719  -1.938301e-01  1.038347e-01   
   720  -1.876696e-01 -8.306699e-02   
   721  -1.965847e-01 -1.111425e-01   
   722  -1.882295e-01  8.677904e-02   
   723  -1.772118e-01 -2.060169e-02   
   724  -2.164857e-01  1.567566e-01   
   725  -2.354398e-01 -1.859250e-01   
   726  -2.443301e-01  1.994089e-01   
   727  -2.115992e-01 -1.466905e-01   
   728  -1.757267e-01 -4.042064e-04   
   729  -1.779442e-01 -3.790671e-02   
   730  -3.115812e-01  2.650898e-01   
   731  -3.804249e-01  3.027221e-01   
   732  -2.881038e-01 -2.457823e-01   
   733  -3.811173e-01 -3.018479e-01   
   734  -2.049650e-01 -1.366825e-01   
   735  -1.743296e-01  9.819974e-03   
   736  -1.907887e-01 -1.030017e-01   
   737  -2.486307e-01 -2.071323e-01   
   738  -1.786767e-01 -5.521172e-02   
   739  -2.947923e-01  2.542208e-01   
   740  -2.187636e-01  1.660589e-01   
   741  -1.788966e-01  6.202228e-02   
   742  -2.387117e-01 -1.958634e-01   
   743  -1.759598e-01  4.495258e-02   
   744  -2.187099e-01 -1.667182e-01   
   745  -2.138853e-01 -1.583858e-01   
   746  -1.731838e-01  1.961634e-02   
   747  -2.227989e-01  1.750664e-01   
   748  -1.807059e-01 -7.295388e-02   
   749  -1.818335e-01  7.909199e-02   
   750  -1.989094e-01 -1.287739e-01   
   751  -1.718501e-01 -1.216062e-02   
   752  -3.428797e-01  2.890546e-01   
   753  -3.435277e-01 -2.882797e-01   
   754  -1.725825e-01 -2.946563e-02   
   755  -2.780035e-01  2.433519e-01   
   756  -1.720710e-01  2.954247e-02   
   757  -2.265934e-01  1.842543e-01   
   758  -2.707275e-01 -2.358806e-01   
   759  -2.219466e-01 -1.761457e-01   
   760  -2.000366e-01  1.371514e-01   
   761  -1.958071e-01  1.281754e-01   
   762  -1.919414e-01  1.189819e-01   
   763  -1.733149e-01 -4.677065e-02   
   764  -1.923622e-01 -1.201575e-01   
   765  -1.845843e-01  9.946396e-02   
   766  -1.878893e-01  1.098520e-01   
   767  -2.025552e-01  1.464227e-01   
   768  -1.824548e-01 -9.366885e-02   
   769  -1.709906e-01  3.948188e-02   
   770  -2.256964e-01 -1.853519e-01   
   771  -2.066825e-01  1.554047e-01   
   772  -1.725006e-01  5.433523e-02   
   773  -1.754375e-01  7.140493e-02   
   774  -1.740474e-01 -6.407566e-02   
   775  -2.107499e-01  1.644262e-01   
   776  -2.015187e-01 -1.460595e-01   
   777  -2.290957e-01  1.936884e-01   
   778  -2.612146e-01  2.324829e-01   
   779  -1.866308e-01 -1.119766e-01   
   780  -2.290957e-01 -1.936884e-01   
   781  -1.672207e-01 -2.102456e-02   
   782  -3.265885e-01 -2.842128e-01   
   783  -1.664586e-01 -5.099444e-03   
   784  -1.663602e-01  3.793526e-03   
   785  -3.234683e-01  2.842478e-01   
   786  -2.055760e-01 -1.574538e-01   
   787  -1.679532e-01 -3.832958e-02   
   788  -1.758646e-01 -8.244625e-02   
   789  -2.533519e-01 -2.259745e-01   
   790  -1.950612e-01 -1.379932e-01   
   791  -1.651551e-01  1.371209e-02   
   792  -1.774465e-01  9.209234e-02   
   793  -2.336336e-01  2.043163e-01   
   794  -2.128779e-01  1.741034e-01   
   795  -1.808518e-01 -1.038488e-01   
   796  -2.088030e-01 -1.668915e-01   
   797  -1.686856e-01 -5.563459e-02   
   798  -2.336336e-01 -2.043163e-01   
   799  -2.168247e-01  1.824134e-01   
   800  -3.862227e-01  3.175406e-01   
   801  -1.640388e-01  2.364103e-02   
   802  -2.122491e-01 -1.743084e-01   
   803  -3.869481e-01 -3.166562e-01   
   804  -1.889933e-01 -1.300476e-01   
   805  -1.728172e-01  8.322840e-02   
   806  -1.656905e-01  4.660564e-02   
   807  -3.055838e-01 -2.756882e-01   
   808  -1.943747e-01  1.449131e-01   
   809  -1.902091e-01  1.359285e-01   
   810  -2.412600e-01  2.182068e-01   
   811  -1.618590e-01 -1.258349e-02   
   812  -1.859868e-01  1.269823e-01   
   813  -2.159368e-01 -1.834637e-01   
   814  -1.694181e-01 -7.293961e-02   
   815  -2.203100e-01  1.917230e-01   
   816  -1.625914e-01 -2.988851e-02   
   817  -1.820169e-01  1.178114e-01   
   818  -3.671742e-01  3.131831e-01   
   819  -1.779842e-01  1.086902e-01   
   820  -1.665309e-01  6.539752e-02   
   821  -3.678853e-01 -3.123472e-01   
   822  -1.681879e-01  7.436445e-02   
   823  -1.967497e-01  1.545297e-01   
   824  -1.633239e-01 -4.719352e-02   
   825  -1.824037e-01 -1.210361e-01   
   826  -2.882107e-01 -2.657801e-01   
   827  -1.614626e-01  3.645495e-02   
   828  -1.926883e-01 -1.461089e-01   
   829  -2.008213e-01  1.634749e-01   
   830  -2.193768e-01 -1.927901e-01   
   831  -1.739723e-01 -9.888409e-02   
   832  -1.959306e-01 -1.555668e-01   
   833  -2.036541e-01  1.713418e-01   
   834  -1.701505e-01 -9.024462e-02   
   835  -1.578284e-01 -4.216791e-03   
   836  -1.640563e-01 -6.449854e-02   
   837  -2.224956e-01  2.012354e-01   
   838  -2.937740e-01  2.741949e-01   
   839  -1.766833e-01 -1.129311e-01   
   840  -1.720847e-01  1.005334e-01   
   841  -3.484323e-01  3.082290e-01   
   842  -3.491280e-01 -3.074404e-01   
   843  -2.224956e-01 -2.012354e-01   
   844  -1.572297e-01 -2.144744e-02   
   845  -2.071836e-01  1.802999e-01   
   846  -1.990844e-01 -1.650263e-01   
   847  -2.708422e-01 -2.558797e-01   
   848  -1.579621e-01 -3.875245e-02   
   849  -2.769851e-01  2.633259e-01   
   850  -1.674554e-01  9.166947e-02   
   851  -2.026721e-01 -1.742490e-01   
   852  -1.647888e-01 -8.180355e-02   
   853  -2.266759e-01  2.120090e-01   
   854  -2.106083e-01  1.895568e-01   
   855  -1.589292e-01  5.663656e-02   
   856  -1.847135e-01  1.424249e-01   
   857  -1.545480e-01  1.750422e-02   
   858  -1.586946e-01 -5.605747e-02   
   859  -1.539183e-01  6.160335e-03   
   860  -2.060598e-01 -1.821217e-01   
   861  -1.548765e-01  2.764248e-02   
   862  -1.708829e-01 -1.075496e-01   
   863  -1.842715e-01 -1.419794e-01   
   864  -1.802662e-01  1.351518e-01   
   865  -1.628261e-01  8.280552e-02   
   866  -1.874680e-01  1.520136e-01   
   867  -2.250150e-01 -2.119442e-01   
   868  -2.096857e-01 -1.905767e-01   
   869  -1.758032e-01  1.262269e-01   
   870  -2.601962e-01  2.524570e-01   
   871  -3.290190e-01  3.034596e-01   
   872  -1.912708e-01  1.608464e-01   
   873  -1.720799e-01  1.167526e-01   
   874  -2.137805e-01  1.989776e-01   
   875  -1.518679e-01 -1.300637e-02   
   876  -1.594270e-01 -7.336248e-02   
   877  -1.526004e-01 -3.031138e-02   
   878  -1.542999e-01  4.777262e-02   
   879  -1.655212e-01 -9.910857e-02   
   880  -1.581968e-01  7.394158e-02   
   881  -1.769771e-01 -1.332957e-01   
   882  -2.338339e-01 -2.261466e-01   
   883  -1.861234e-01 -1.536499e-01   
   884  -2.521075e-01 -2.461336e-01   
   885  -1.940896e-01  1.703424e-01   
   886  -1.533328e-01 -4.761640e-02   
   887  -2.128122e-01 -2.000129e-01   
   888  -1.667230e-01  1.089745e-01   
   889  -1.893903e-01 -1.630936e-01   
   890  -1.973614e-01  1.789955e-01   
   891  -2.018328e-01  1.867954e-01   
   892  -1.716154e-01 -1.248547e-01   
   893  -1.601594e-01 -9.066750e-02   
   894  -2.434074e-01  2.415880e-01   
   895  -1.499448e-01  3.795839e-02   
   896  -1.540653e-01 -6.492141e-02   
   897  -1.620937e-01  1.001105e-01   
   898  -2.156471e-01  2.085577e-01   
   899  -1.535675e-01  6.507763e-02   
   900  -1.929454e-01 -1.723170e-01   
   901  -2.156471e-01 -2.085577e-01   
   902  -2.019788e-01 -1.892331e-01   
   903  -1.472386e-01 -2.187031e-02   
   904  -1.465062e-01 -4.565298e-03   
   905  -3.096038e-01  2.986613e-01   
   906  -3.744815e-01  3.313059e-01   
   907  -1.662536e-01 -1.164136e-01   
   908  -3.752295e-01 -3.304585e-01   
   909  -1.964110e-01 -1.816085e-01   
   910  -1.460226e-01  1.232188e-02   
   911  -1.479711e-01 -3.917533e-02   
   912  -1.574644e-01  9.124659e-02   
   913  -2.041566e-01  1.964884e-01   
   914  -1.751014e-01  1.433062e-01   
   915  -1.547977e-01 -8.222643e-02   
   916  -1.489382e-01  5.621369e-02   
   917  -1.775863e-01  1.506421e-01   
   918  -1.703676e-01  1.345951e-01   
   919  -1.487035e-01 -5.648034e-02   
   920  -1.777096e-01 -1.506007e-01   
   921  -1.608919e-01 -1.079725e-01   
   922  -3.556377e-01  3.262257e-01   
   923  -1.814151e-01  1.598546e-01   
   924  -3.563697e-01 -3.254258e-01   
   925  -2.881383e-01 -2.860389e-01   
   926  -2.194650e-01 -2.194650e-01   
   927  -3.261815e-01 -3.107219e-01   
   928  -1.528351e-01  8.238265e-02   
   929  -1.445656e-01  3.105121e-02   
   930  -1.658228e-01  1.256935e-01   
   931  -2.032005e-01 -1.974770e-01   
   932  -2.178073e-01  2.193447e-01   
   933  -1.432766e-01  2.154750e-02   
   934  -1.843393e-01  1.683349e-01   
   935  -1.723478e-01 -1.421597e-01   
   936  -2.070123e-01  2.060100e-01   
   937  -1.613612e-01  1.174156e-01   
   938  -1.494360e-01 -7.378536e-02   
   939  -1.418769e-01 -1.342924e-02   
   940  -1.443089e-01  4.734975e-02   
   941  -1.555301e-01 -9.953144e-02   
   942  -1.426093e-01 -3.073426e-02   
   943  -1.411444e-01  3.875772e-03   
   944  -1.876250e-01  1.777319e-01   
   945  -2.709387e-01 -2.758479e-01   
   946  -1.669861e-01 -1.337186e-01   
   947  -1.482057e-01  7.351870e-02   
   948  -2.927556e-01  2.941690e-01   
   949  -1.567319e-01  1.085516e-01   
   950  -2.060100e-01 -2.070123e-01   
   951  -1.433418e-01 -4.803927e-02   
   952  -3.074543e-01 -3.037083e-01   
   953  -1.965235e-01  1.948720e-01   
   954  -1.830871e-01 -1.708200e-01   
   955  -1.913786e-01  1.869519e-01   
   956  -2.759667e-01  2.833000e-01   
   957  -2.226374e-01  2.313210e-01   
   958  -1.616243e-01 -1.252775e-01   
   959  -1.765797e-01 -1.604582e-01   
   960  -1.501684e-01 -9.109037e-02   
   961  -1.521026e-01  9.968766e-02   
   962  -1.868293e-01 -1.807123e-01   
   963  -1.440742e-01 -6.534429e-02   
   964  -1.435764e-01  6.465476e-02   
   965  -2.085577e-01  2.156471e-01   
   966  -1.396796e-01  3.848580e-02   
   967  -1.675392e-01  1.454772e-01   
   968  -2.085577e-01 -2.156471e-01   
   969  -2.536531e-01 -2.660421e-01   
   970  -2.591779e-01  2.724310e-01   
   971  -1.562626e-01 -1.168365e-01   
   972  -1.372476e-01 -2.229319e-02   
   973  -1.365151e-01 -4.988172e-03   
   974  -1.474733e-01  9.082372e-02   
   975  -1.713720e-01  1.571217e-01   
   976  -1.916121e-01 -1.926584e-01   
   977  -1.974770e-01  2.032005e-01   
   978  -1.379800e-01 -3.959820e-02   
   979  -1.357827e-01  1.231684e-02   
   980  -1.683017e-01 -1.511892e-01   
   981  -1.448066e-01 -8.264930e-02   
   982  -1.603776e-01  1.342906e-01   
   983  -1.389471e-01  5.579082e-02   
   984  -1.746900e-01  1.669179e-01   
   985  -2.109108e-01  2.244884e-01   
   986  -1.509008e-01 -1.083954e-01   
   987  -1.387125e-01 -5.690322e-02   
   988  -1.559995e-01  1.258566e-01   
   989  -1.350503e-01  2.962186e-02   
   990  -1.964884e-01 -2.041566e-01   
   991  -1.428440e-01  8.195978e-02   
   992  -1.782563e-01  1.761947e-01   
   993  -2.423890e-01  2.615621e-01   
   994  -1.623568e-01 -1.425825e-01   
   995  -2.000129e-01  2.128122e-01   
   996  -1.513702e-01  1.169927e-01   
   997  -3.333632e-01  3.283754e-01   
   998  -2.103562e-01 -2.265003e-01   
   999  -1.815385e-01  1.855093e-01   
   1000  -1.394449e-01 -7.420823e-02   
   1001  -1.318858e-01 -1.385212e-02   
   1002  -1.455391e-01 -9.995432e-02   
   1003  -1.569950e-01 -1.341415e-01   
   1004  -1.343178e-01  4.692687e-02   
   1005  -1.326183e-01 -3.115713e-02   
   1006  -1.311534e-01  3.452898e-03   
   1007  -1.382147e-01  7.309583e-02   
   1008  -3.335860e-01 -3.287786e-01   
   1009  -1.776140e-01 -1.793243e-01   
   1010  -1.467409e-01  1.081287e-01   
   1011  -2.357014e-01 -2.575168e-01   
   1012  -1.989776e-01 -2.137805e-01   
   1013  -1.333507e-01 -4.846215e-02   
   1014  -1.304210e-01  2.075791e-02   
   1015  -3.623217e-01  3.445621e-01   
   1016  -1.516333e-01 -1.257004e-01   
   1017  -3.630902e-01 -3.437521e-01   
   1018  -1.860589e-01  1.979066e-01   
   1019  -2.256002e-01  2.506931e-01   
   1020  -1.421116e-01  9.926479e-02   
   1021  -1.401773e-01 -9.151325e-02   
   1022  -2.178755e-01 -2.410422e-01   
   1023  -1.793396e-01 -1.876359e-01   
   1024  -1.335854e-01  6.423189e-02   
   1025  -1.340832e-01 -6.576716e-02   
   1026  -1.608691e-01  1.536847e-01   
   1027  -2.012354e-01  2.224956e-01   
   1028  -1.296885e-01  3.806293e-02   
   1029  -1.881963e-01 -2.029254e-01   
   1030  -1.700850e-01 -1.721529e-01   
   1031  -1.555139e-01  1.429544e-01   
   1032  -1.462715e-01 -1.172593e-01   
   1033  -2.012354e-01 -2.224956e-01   
   1034  -1.649544e-01  1.647014e-01   
   1035  -1.630892e-01 -1.598876e-01   
   1036  -1.905767e-01  2.096858e-01   
   1037  -1.374823e-01  9.040085e-02   
   1038  -1.272565e-01 -2.271606e-02   
   1039  -1.265241e-01 -5.411046e-03   
   1040  -1.506377e-01  1.342977e-01   
   1041  -1.279890e-01 -4.002108e-02   
   1042  -1.257916e-01  1.189397e-02   
   1043  -1.577275e-01 -1.514465e-01   
   1044  -3.455717e-01  3.420132e-01   
   1045  -1.348156e-01 -8.307218e-02   
   1046  -2.706994e-01 -2.958148e-01   
   1047  -3.463262e-01 -3.412472e-01   
   1048  -1.289561e-01  5.536794e-02   
   1049  -3.100529e-01  3.241071e-01   
   1050  -3.107529e-01 -3.234318e-01   
   1051  -1.460084e-01  1.254337e-01   
   1052  -1.409098e-01 -1.088183e-01   
   1053  -1.895567e-01 -2.106083e-01   
   1054  -1.287214e-01 -5.732609e-02   
   1055  -1.717294e-01  1.837302e-01   
   1056  -1.328529e-01  8.153690e-02   
   1057  -1.804526e-01 -1.975187e-01   
   1058  -1.250592e-01  2.919898e-02   
   1059  -1.523657e-01 -1.430054e-01   
   1060  -2.043163e-01  2.336336e-01   
   1061  -1.413791e-01  1.165698e-01   
   1062  -1.927901e-01  2.193768e-01   
   1063  -2.749484e-01  3.032741e-01   
   1064  -2.043163e-01 -2.336336e-01   
   1065  -1.661724e-01  1.764575e-01   
   1066  -2.535835e-01 -2.855299e-01   
   1067  -1.470040e-01 -1.345643e-01   
   1068  -1.701399e-01 -1.840443e-01   
   1069  -1.294538e-01 -7.463111e-02   
   1070  -1.355480e-01 -1.003772e-01   
   1071  -1.218948e-01 -1.427499e-02   
   1072  -1.243268e-01  4.650400e-02   
   1073  -1.736547e-01  1.924741e-01   
   1074  -1.282236e-01  7.267296e-02   
   1075  -1.367498e-01  1.077059e-01   
   1076  -1.226272e-01 -3.158001e-02   
   1077  -1.211623e-01  3.030024e-03   
   1078  -2.581595e-01  2.924051e-01   
   1079  -2.913045e-01  3.171505e-01   
   1080  -1.917230e-01 -2.203100e-01   
   1081  -2.919877e-01 -3.165206e-01   
   1082  -1.823783e-01  2.081893e-01   
   1083  -1.553809e-01  1.602782e-01   
   1084  -1.233597e-01 -4.888502e-02   
   1085  -1.204299e-01  2.033504e-02   
   1086  -1.416422e-01 -1.261233e-01   
   1087  -1.504544e-01  1.515754e-01   
   1088  -1.321205e-01  9.884192e-02   
   1089  -1.301863e-01 -9.193612e-02   
   1090  -2.100232e-01  2.484166e-01   
   1091  -1.590975e-01 -1.703658e-01   
   1092  -1.235943e-01  6.380901e-02   
   1093  -1.713631e-01 -1.934591e-01   
   1094  -2.413707e-01  2.815361e-01   
   1095  -1.240921e-01 -6.619003e-02   
   1096  -1.455303e-01  1.428763e-01   
   1097  -1.799468e-01 -2.079618e-01   
   1098  -1.196975e-01  3.764005e-02   
   1099  -1.936884e-01  2.290957e-01   
   1100  -2.377358e-01 -2.772856e-01   
   1101  -1.530982e-01 -1.603104e-01   
   1102  -1.362805e-01 -1.176822e-01   
   1103  -1.750632e-01  2.029296e-01   
   1104  -1.834637e-01  2.159368e-01   
   1105  -1.936884e-01 -2.290957e-01   
   1106  -1.274912e-01  8.997797e-02   
   1107  -1.406467e-01  1.338748e-01   
   1108  -1.172655e-01 -2.313894e-02   
   1109  -1.165330e-01 -5.833921e-03   
   1110  -1.368982e-01  1.244773e-01   
   1111  -1.477364e-01 -1.518694e-01   
   1112  -1.179979e-01 -4.044395e-02   
   1113  -1.609874e-01 -1.801700e-01   
   1114  -1.158006e-01  1.147109e-02   
   1115  -1.646067e-01  1.886928e-01   
   1116  -1.248245e-01 -8.349505e-02   
   1117  -1.189650e-01  5.494507e-02   
   1118  -1.824134e-01 -2.168247e-01   
   1119  -1.309187e-01 -1.092411e-01   
   1120  -1.423747e-01 -1.434283e-01   
   1121  -1.228619e-01  8.111403e-02   
   1122  -1.535766e-01  1.701413e-01   
   1123  -2.245818e-01  2.706672e-01   
   1124  -1.187303e-01 -5.774896e-02   
   1125  -1.964416e-01  2.386689e-01   
   1126  -1.150682e-01  2.877611e-02   
   1127  -1.723007e-01 -2.032323e-01   
   1128  -1.853519e-01  2.256964e-01   
   1129  -3.497672e-01  3.572994e-01   
   1130  -3.505543e-01 -3.565273e-01   
   1131  -1.370129e-01 -1.349872e-01   
   1132  -1.751345e-01  2.120304e-01   
   1133  -1.620812e-01 -1.898612e-01   
   1134  -1.255570e-01 -1.008001e-01   
   1135  -1.194628e-01 -7.505398e-02   
   1136  -1.143357e-01  4.608112e-02   
   1137  -1.119037e-01 -1.469786e-02   
   1138  -1.182326e-01  7.225008e-02   
   1139  -1.657735e-01  1.985957e-01   
   1140  -2.726704e-01 -3.144385e-01   
   1141  -3.314104e-01  3.508138e-01   
   1142  -2.198505e-01 -2.687375e-01   
   1143  -1.126362e-01 -3.200288e-02   
   1144  -1.947579e-01 -2.400447e-01   
   1145  -1.111713e-01  2.607150e-03   
   1146  -3.321782e-01 -3.500867e-01   
   1147  -1.453808e-01  1.601950e-01   
   1148  -1.842543e-01 -2.265934e-01   
   1149  -1.494626e-01 -1.680662e-01   
   1150  -1.288303e-01  1.176919e-01   
   1151  -1.255879e-01  1.069611e-01   
   1152  -1.316512e-01 -1.265461e-01   
   1153  -1.556009e-01  1.831158e-01   
   1154  -1.133686e-01 -4.930789e-02   
   1155  -1.404557e-01  1.514919e-01   
   1156  -1.104388e-01  1.991216e-02   
   1157  -1.221294e-01  9.841904e-02   
   1158  -1.732762e-01 -2.130926e-01   
   1159  -3.134183e-01  3.437794e-01   
   1160  -1.363916e-01  1.438148e-01   
   1161  -3.141657e-01 -3.430961e-01   
   1162  -1.514369e-01 -1.765392e-01   
   1163  -1.201952e-01 -9.235899e-02   
   1164  -1.637618e-01 -1.996732e-01   
   1165  -1.136033e-01  6.338614e-02   
   1166  -1.431071e-01 -1.607333e-01   
   1167  -1.141010e-01 -6.661291e-02   
   1168  -1.097064e-01  3.721718e-02   
   1169  -2.019462e-01 -2.539512e-01   
   1170  -1.859250e-01  2.354398e-01   
   1171  -1.262894e-01 -1.181051e-01   
   1172  -1.673794e-01  2.083815e-01   
   1173  -1.761457e-01  2.219466e-01   
   1174  -2.547819e-01 -3.054940e-01   
   1175  -1.175001e-01  8.955510e-02   
   1176  -1.859250e-01 -2.354398e-01   
   1177  -1.072744e-01 -2.356181e-02   
   1178  -1.065420e-01 -6.256795e-03   
   1179  -1.537034e-01 -1.866553e-01   
   1180  -1.276264e-01  1.288160e-01   
   1181  -1.370011e-01 -1.522146e-01   
   1182  -2.739300e-01  3.232481e-01   
   1183  -2.946631e-01  3.368638e-01   
   1184  -2.953939e-01 -3.362258e-01   
   1185  -1.080069e-01 -4.086682e-02   
   1186  -1.058095e-01  1.104822e-02   
   1187  -1.148335e-01 -8.391792e-02   
   1188  -1.750664e-01 -2.227989e-01   
   1189  -1.566740e-01  1.947344e-01   
   1190  -1.089740e-01  5.452219e-02   
   1191  -1.209277e-01 -1.096640e-01   
   1192  -1.323836e-01 -1.438512e-01   
   1193  -2.571411e-01  3.123792e-01   
   1194  -1.128708e-01  8.069115e-02   
   1195  -1.087393e-01 -5.817184e-02   
   1196  -1.644410e-01 -2.092657e-01   
   1197  -1.050771e-01  2.835323e-02   
   1198  -1.777068e-01  2.317639e-01   
   1199  -2.368933e-01 -2.965497e-01   
   1200  -1.169168e-01  1.048739e-01   
   1201  -1.270219e-01 -1.354101e-01   
   1202  -1.403062e-01  1.688118e-01   
   1203  -1.453694e-01  1.794638e-01   
   1204  -1.882550e-01  2.467586e-01   
   1205  -2.403523e-01  3.015102e-01   
   1206  -1.274761e-01  1.392316e-01   
   1207  -1.671188e-01  2.179551e-01   
   1208  -1.155659e-01 -1.012229e-01   
   1209  -1.582817e-01  2.044876e-01   
   1210  -1.094717e-01 -7.547685e-02   
   1211  -1.543652e-01 -1.965387e-01   
   1212  -1.353811e-01  1.601087e-01   
   1213  -1.882550e-01 -2.467586e-01   
   1214  -1.082415e-01  7.182721e-02   
   1215  -1.043447e-01  4.565825e-02   
   1216  -1.019127e-01 -1.512074e-02   
   1217  -1.026451e-01 -3.242575e-02   
   1218  -1.765798e-01 -2.326237e-01   
   1219  -1.668928e-01 -2.185767e-01   
   1220  -1.011802e-01  2.184276e-03   
   1221  -1.405732e-01 -1.723824e-01   
   1222  -1.216601e-01 -1.269690e-01   
   1223  -1.167805e-01  1.142342e-01   
   1224  -1.033775e-01 -4.973077e-02   
   1225  -1.446240e-01 -1.825208e-01   
   1226  -1.121384e-01  9.799617e-02   
   1227  -1.004478e-01  1.948929e-02   
   1228  -2.235634e-01  2.906412e-01   
   1229  -1.473448e-01  1.911537e-01   
   1230  -1.566732e-01 -2.061716e-01   
   1231  -1.102042e-01 -9.278187e-02   
   1232  -2.220089e-01 -2.884427e-01   
   1233  -1.277684e-01  1.504664e-01   
   1234  -1.036122e-01  6.296326e-02   
   1235  -1.041100e-01 -6.703578e-02   
   1236  -1.598211e-01  2.142631e-01   
   1237  -1.686310e-01  2.277086e-01   
   1238  -1.175590e-01  1.238441e-01   
   1239  -1.162984e-01 -1.185280e-01   
   1240  -9.971535e-02  3.679430e-02   
   1241  -1.277816e-01 -1.511602e-01   
   1242  -1.779539e-01  2.415210e-01   
   1243  -1.075091e-01  8.913222e-02   
   1244  -1.779539e-01 -2.415210e-01   
   1245  -1.929618e-01  2.618899e-01   
   1246  -3.368422e-01  3.695095e-01   
   1247  -9.728336e-02 -2.398468e-02   
   1248  -9.655092e-02 -6.679669e-03   
   1249  -1.456645e-01 -1.924429e-01   
   1250  -3.376458e-01 -3.687754e-01   
   1251  -1.675238e-01 -2.285244e-01   
   1252  -9.801580e-02 -4.128970e-02   
   1253  -1.048424e-01 -8.434080e-02   
   1254  -1.489329e-01  2.010195e-01   
   1255  -2.738682e-01 -3.344025e-01   
   1256  -9.581848e-02  1.062535e-02   
   1257  -1.223925e-01 -1.442740e-01   
   1258  -1.109366e-01 -1.100869e-01   
   1259  -3.187660e-01  3.623428e-01   
   1260  -9.898291e-02  5.409932e-02   
   1261  -3.195487e-01 -3.616525e-01   
   1262  -2.067746e-01  2.797723e-01   
   1263  -1.401565e-01  1.861317e-01   
   1264  -1.028798e-01  8.026828e-02   
   1265  -1.373752e-01 -1.797922e-01   
   1266  -1.352315e-01  1.774285e-01   
   1267  -1.572922e-01 -2.161265e-01   
   1268  -1.286233e-01 -1.622454e-01   
   1269  -9.874824e-02 -5.859471e-02   
   1270  -9.508604e-02  2.793036e-02   
   1271  -1.303065e-01  1.687254e-01   
   1272  -1.478690e-01 -2.018034e-01   
   1273  -1.163368e-01  1.342143e-01   
   1274  -1.698632e-01  2.375725e-01   
   1275  -1.170308e-01 -1.358330e-01   
   1276  -2.044655e-01 -2.792501e-01   
   1277  -1.253815e-01  1.600223e-01   
   1278  -1.067766e-01  1.064372e-01   
   1279  -2.559800e-01 -3.254580e-01   
   1280  -1.593169e-01  2.241587e-01   
   1281  -1.055749e-01 -1.016458e-01   
   1282  -1.799044e-01  2.529114e-01   
   1283  -1.504966e-01  2.107226e-01   
   1284  -9.948068e-02 -7.589973e-02   
   1285  -9.825047e-02  7.140433e-02   
   1286  -9.435360e-02  4.523538e-02   
   1287  -9.192161e-02 -1.554361e-02   
   1288  -1.687081e-01 -2.383942e-01   
   1289  -9.265405e-02 -3.284863e-02   
   1290  -1.586562e-01 -2.241903e-01   
   1291  -9.118917e-02  1.761402e-03   
   1292  -1.116691e-01 -1.273919e-01   
   1293  -1.782677e-01 -2.521716e-01   
   1294  -1.079994e-01  1.190055e-01   
   1295  -1.395416e-01  1.950360e-01   
   1296  -9.338649e-02 -5.015364e-02   
   1297  -1.160869e-01  1.442030e-01   
   1298  -9.045673e-02  1.906642e-02   
   1299  -1.016278e-01  9.769795e-02   
   1300  -1.361732e-01 -1.893695e-01   
   1301  -1.288272e-01 -1.747700e-01   
   1302  -1.002131e-01 -9.320474e-02   
   1303  -1.484116e-01 -2.117600e-01   
   1304  -9.362116e-02  6.254039e-02   
   1305  -1.609279e-01  2.332162e-01   
   1306  -2.380914e-01 -3.165139e-01   
   1307  -1.063073e-01 -1.189508e-01   
   1308  -9.411893e-02 -6.745866e-02   
   1309  -1.511503e-01  2.190583e-01   
   1310  -8.972429e-02  3.637143e-02   
   1311  -9.751803e-02  8.870935e-02   
   1312  -1.177632e-01 -1.531380e-01   
   1313  -1.697841e-01  2.473325e-01   
   1314  -1.077804e-01  1.291025e-01   
   1315  -1.697841e-01 -2.473325e-01   
   1316  -1.383371e-01 -1.991085e-01   
   1317  -1.597941e-01 -2.339945e-01   
   1318  -2.393339e-01  3.214843e-01   
   1319  -8.729231e-02 -2.440756e-02   
   1320  -8.655987e-02 -7.102543e-03   
   1321  -1.158127e-01  1.541987e-01   
   1322  -1.124015e-01 -1.446969e-01   
   1323  -9.485137e-02 -8.476367e-02   
   1324  -8.802474e-02 -4.171257e-02   
   1325  -1.009456e-01 -1.105098e-01   
   1326  -8.582743e-02  1.020247e-02   
   1327  -1.303713e-01  1.877800e-01   
   1328  -1.252319e-01  1.773422e-01   
   1329  -8.899186e-02  5.367645e-02   
   1330  -2.966562e-01  3.619095e-01   
   1331  -1.290528e-01 -1.846816e-01   
   1332  -9.288872e-02  7.984540e-02   
   1333  -2.974257e-01 -3.612760e-01   
   1334  -1.841030e-01 -2.681914e-01   
   1335  -1.494352e-01 -2.216029e-01   
   1336  -1.392521e-01  2.062957e-01   
   1337  -8.875718e-02 -5.901759e-02   
   1338  -8.509499e-02  2.750749e-02   
   1339  -1.521878e-01  2.286307e-01   
   1340  -2.225451e-01  3.106153e-01   
   1341  -1.075763e-01  1.389679e-01   
   1342  -1.618298e-01  2.431158e-01   
   1343  -1.070397e-01 -1.362558e-01   
   1344  -1.395726e-01 -2.073348e-01   
   1345  -2.202029e-01 -3.075694e-01   
   1346  -1.181112e-01  1.664335e-01   
   1347  -9.968143e-02  1.149657e-01   
   1348  -1.203608e-01 -1.709650e-01   
   1349  -9.558381e-02 -1.020687e-01   
   1350  -8.948962e-02 -7.632260e-02   
   1351  -8.825942e-02  7.098146e-02   
   1352  -1.712423e-01 -2.570543e-01   
   1353  -8.436255e-02  4.481250e-02   
   1354  -1.606479e-01 -2.438984e-01   
   1355  -8.193056e-02 -1.596649e-02   
   1356  -1.016780e-01 -1.278148e-01   
   1357  -1.506227e-01 -2.300908e-01   
   1358  -8.266300e-02 -3.327150e-02   
   1359  -8.119812e-02  1.338527e-03   
   1360  -1.314065e-01  1.995703e-01   
   1361  -1.294968e-01 -1.946450e-01   
   1362  -1.697524e-01  2.583336e-01   
   1363  -9.215628e-02  9.715042e-02   
   1364  -9.926210e-02  1.238657e-01   
   1365  -3.235706e-01  3.811850e-01   
   1366  -2.057562e-01  2.997463e-01   
   1367  -3.243888e-01 -3.804890e-01   
   1368  -1.131339e-01 -1.620019e-01   
   1369  -8.339544e-02 -5.057652e-02   
   1370  -1.072942e-01  1.489619e-01   
   1371  -2.059576e-01 -2.989997e-01   
   1372  -8.046568e-02  1.864354e-02   
   1373  -9.366862e-02  1.067623e-01   
   1374  -1.447159e-01  2.245887e-01   
   1375  -2.743278e-01  3.549403e-01   
   1376  -1.395414e-01  2.163868e-01   
   1377  -1.405646e-01 -2.171698e-01   
   1378  -2.750640e-01 -3.543660e-01   
   1379  -1.202820e-01 -1.799229e-01   
   1380  -9.022206e-02 -9.362762e-02   
   1381  -1.530452e-01  2.384634e-01   
   1382  -8.363011e-02  6.211752e-02   
   1383  -9.631625e-02 -1.193737e-01   
   1384  -1.077722e-01 -1.535609e-01   
   1385  -8.412788e-02 -6.788153e-02   
   1386  -8.752698e-02  8.828647e-02   
   1387  -7.973324e-02  3.594856e-02   
   1388  -1.614247e-01  2.528677e-01   
   1389  -1.161521e-01  1.764511e-01   
   1390  -3.073873e-01  3.767425e-01   
   1391  -2.564634e-01  3.459543e-01   
   1392  -9.898490e-02  1.338591e-01   
   1393  -1.236689e-01  1.932394e-01   
   1394  -1.303907e-01 -2.045078e-01   
   1395  -1.518859e-01 -2.392034e-01   
   1396  -3.081866e-01 -3.760871e-01   
   1397  -2.571786e-01 -3.454219e-01   
   1398  -1.614247e-01 -2.528677e-01   
   1399  -7.730125e-02 -2.483043e-02   
   1400  -1.024104e-01 -1.451198e-01   
   1401  -7.656881e-02 -7.525417e-03   
   1402  -1.895854e-01 -2.876249e-01   
   1403  -1.070180e-01  1.589579e-01   
   1404  -8.486032e-02 -8.518655e-02   
   1405  -9.095450e-02 -1.109326e-01   
   1406  -1.889674e-01  2.888774e-01   
   1407  -7.803369e-02 -4.213545e-02   
   1408  -1.422655e-01 -2.272567e-01   
   1409  -7.583637e-02  9.779598e-03   
   1410  -1.453110e-01  2.334817e-01   
   1411  -7.900080e-02  5.325357e-02   
   1412  -1.741125e-01  2.724073e-01   
   1413  -8.289767e-02  7.942253e-02   
   1414  -1.206967e-01 -1.901260e-01   
   1415  -1.297645e-01  2.094246e-01   
   1416  -1.173619e-01  1.857122e-01   
   1417  -7.876613e-02 -5.944046e-02   
   1418  -7.510393e-02  2.708461e-02   
   1419  -9.704869e-02 -1.366787e-01   
   1420  -1.536158e-01  2.483876e-01   
   1421  -9.884888e-02  1.438407e-01   
   1422  -9.070035e-02  1.187576e-01   
   1423  -1.314520e-01 -2.131214e-01   
   1424  -2.392899e-01 -3.364780e-01   
   1425  -1.448079e-01 -2.358714e-01   
   1426  -8.559276e-02 -1.024916e-01   
   1427  -1.099539e-01 -1.737049e-01   
   1428  -7.826836e-02  7.055859e-02   
   1429  -1.074506e-01  1.700014e-01   
   1430  -7.949857e-02 -7.674548e-02   
   1431  -7.437149e-02  4.438963e-02   
   1432  -1.524084e-01 -2.491303e-01   
   1433  -9.168694e-02 -1.282376e-01   
   1434  -1.626101e-01  2.643629e-01   
   1435  -1.353892e-01  2.253860e-01   
   1436  -1.215610e-01 -1.999807e-01   
   1437  -7.193950e-02 -1.638936e-02   
   1438  -7.267194e-02 -3.369438e-02   
   1439  -1.220634e-01  2.031072e-01   
   1440  -7.120706e-02  9.156533e-04   
   1441  -1.626101e-01 -2.643629e-01   
   1442  -9.047362e-02  1.286309e-01   
   1443  -1.033675e-01 -1.632250e-01   
   1444  -8.229517e-02  1.000257e-01   
   1445  -2.383156e-01  3.414583e-01   
   1446  -9.853447e-02  1.538316e-01   
   1447  -7.340438e-02 -5.099939e-02   
   1448  -7.047462e-02  1.822067e-02   
   1449  -1.449915e-01  2.434443e-01   
   1450  -1.323829e-01 -2.228834e-01   
   1451  -8.023101e-02 -9.405049e-02   
   1452  -2.214013e-01 -3.275339e-01   
   1453  -7.363905e-02  6.169464e-02   
   1454  -1.116636e-01 -1.858519e-01   
   1455  -8.632520e-02 -1.197966e-01   
   1456  -9.778113e-02 -1.539837e-01   
   1457  -7.753592e-02  8.786360e-02   
   1458  -7.413682e-02 -6.830441e-02   
   1459  -1.276779e-01  2.190427e-01   
   1460  -6.974219e-02  3.552568e-02   
   1461  -2.215267e-01  3.305894e-01   
   1462  -8.260582e-02  1.126064e-01   
   1463  -1.069702e-01  1.803620e-01   
   1464  -1.528850e-01  2.581205e-01   
   1465  -1.438081e-01 -2.441451e-01   
   1466  -9.018304e-02  1.385817e-01   
   1467  -1.223261e-01 -2.098737e-01   
   1468  -1.528850e-01 -2.581205e-01   
   1469  -9.241938e-02 -1.455427e-01   
   1470  -1.136690e-01  1.962733e-01   
   1471  -9.847712e-02  1.639127e-01   
   1472  -6.731020e-02 -2.525331e-02   
   1473  -6.657776e-02 -7.948291e-03   
   1474  -8.096345e-02 -1.113555e-01   
   1475  -7.486926e-02 -8.560942e-02   
   1476  -6.804264e-02 -4.255832e-02   
   1477  -6.900975e-02  5.283070e-02   
   1478  -1.365771e-01  2.382852e-01   
   1479  -7.290661e-02  7.899966e-02   
   1480  -6.584532e-02  9.356724e-03   
   1481  -1.357797e-01 -2.359216e-01   
   1482  -1.125017e-01 -1.958100e-01   
   1483  -2.047378e-01  3.197204e-01   
   1484  -1.205783e-01  2.129566e-01   
   1485  -3.099763e-01  3.923196e-01   
   1486  -8.705763e-02 -1.371016e-01   
   1487  -6.877507e-02 -5.986334e-02   
   1488  -1.452301e-01  2.533820e-01   
   1489  -3.108071e-01 -3.916618e-01   
   1490  -6.511288e-02  2.666174e-02   
   1491  -2.035126e-01 -3.185899e-01   
   1492  -2.925308e-01  3.838380e-01   
   1493  -8.190105e-02  1.235038e-01   
   1494  -1.239855e-01 -2.196566e-01   
   1495  -9.004615e-02  1.485766e-01   
   1496  -2.933380e-01 -3.832213e-01   
   1497  -2.755002e-01  3.748599e-01   
   1498  -2.762830e-01 -3.742830e-01   
   1499  -7.560170e-02 -1.029144e-01   
   1500  -1.026822e-01 -1.815167e-01   
   1501  -6.827731e-02  7.013571e-02   
   1502  -6.950751e-02 -7.716835e-02   
   1503  -1.056840e-01  1.902721e-01   
   1504  -9.841180e-02 -1.732511e-01   
   1505  -9.797521e-02  1.738912e-01   
   1506  -6.438044e-02  4.396675e-02   
   1507  -1.439986e-01 -2.540839e-01   
   1508  -8.169589e-02 -1.286605e-01   
   1509  -1.260220e-01  2.288438e-01   
   1510  -1.133091e-01 -2.055950e-01   
   1511  -2.576234e-01  3.659177e-01   
   1512  -7.217417e-02  9.630467e-02   
   1513  -6.194845e-02 -1.681224e-02   
   1514  -1.881432e-01 -3.075085e-01   
   1515  -9.315182e-02 -1.628477e-01   
   1516  -1.879490e-01  3.088514e-01   
   1517  -2.583853e-01 -3.653826e-01   
   1518  -6.268089e-02 -3.411725e-02   
   1519  -1.123312e-01  2.061378e-01   
   1520  -6.121601e-02  4.927792e-04   
   1521  -8.178603e-02  1.334919e-01   
   1522  -1.521938e-01  2.687711e-01   
   1523  -1.367758e-01  2.481532e-01   
   1524  -8.971208e-02  1.585041e-01   
   1525  -6.341333e-02 -5.142226e-02   
   1526  -1.524472e-01 -2.686534e-01   
   1527  -7.365938e-02  1.082973e-01   
   1528  -6.048357e-02  1.779779e-02   
   1529  -1.250778e-01 -2.293539e-01   
   1530  -7.023995e-02 -9.447336e-02   
   1531  -8.779007e-02 -1.544066e-01   
   1532  -6.364800e-02  6.127177e-02   
   1533  -7.633414e-02 -1.202194e-01   
   1534  -1.035123e-01 -1.914550e-01   
   1535  -6.754487e-02  8.744073e-02   
   1536  -6.414577e-02 -6.872728e-02   
   1537  -2.404886e-01 -3.564420e-01   
   1538  -1.184371e-01  2.227049e-01   
   1539  -5.975113e-02  3.510281e-02   
   1540  -1.355697e-01 -2.488141e-01   
   1541  -1.441745e-01  2.630850e-01   
   1542  -9.775377e-02  1.842249e-01   
   1543  -8.146582e-02  1.434732e-01   
   1544  -1.146175e-01 -2.162135e-01   
   1545  -7.341032e-02  1.182919e-01   
   1546  -8.242833e-02 -1.459655e-01   
   1547  -1.441745e-01 -2.630850e-01   
   1548  -1.045182e-01  2.001925e-01   
   1549  -1.711601e-01  2.979825e-01   
   1550  -8.959856e-02  1.684946e-01   
   1551  -5.731914e-02 -2.567618e-02   
   1552  -5.658670e-02 -8.371165e-03   
   1553  -7.097239e-02 -1.117784e-01   
   1554  -6.487821e-02 -8.603229e-02   
   1555  -6.291556e-02  7.857678e-02   
   1556  -5.901869e-02  5.240782e-02   
   1557  -5.805158e-02 -4.298119e-02   
   1558  -5.585426e-02  8.933849e-03   
   1559  -1.042745e-01 -2.014146e-01   
   1560  -1.579768e-01 -2.830649e-01   
   1561  -1.110860e-01  2.160404e-01   
   1562  -1.257974e-01  2.413942e-01   
   1563  -7.706658e-02 -1.375245e-01   
   1564  -2.225999e-01 -3.474980e-01   
   1565  -1.366823e-01  2.580934e-01   
   1566  -7.327174e-02  1.282537e-01   
   1567  -5.878402e-02 -6.028621e-02   
   1568  -1.273590e-01 -2.433368e-01   
   1569  -5.512182e-02  2.623886e-02   
   1570  -8.139423e-02  1.534563e-01   
   1571  -1.701154e-01 -2.989976e-01   
   1572  -1.159258e-01 -2.254746e-01   
   1573  -6.593417e-02  1.035925e-01   
   1574  -8.852251e-02 -1.717116e-01   
   1575  -2.372971e-01  3.614325e-01   
   1576  -6.561065e-02 -1.033373e-01   
   1577  -1.534310e-01  2.824936e-01   
   1578  -5.828625e-02  6.971284e-02   
   1579  -5.951646e-02 -7.759122e-02   
   1580  -9.657553e-02  1.941279e-01   
   1581  -1.449657e-01  2.730147e-01   
   1582  -1.354279e-01 -2.587537e-01   
   1583  -1.166370e-01  2.315157e-01   
   1584  -7.170483e-02 -1.290834e-01   
   1585  -5.438938e-02  4.354388e-02   
   1586  -8.905746e-02  1.783370e-01   
   1587  -2.205083e-01  3.505634e-01   
   1588  -8.316077e-02 -1.632705e-01   
   1589  -6.218312e-02  9.588180e-02   
   1590  -1.055167e-01 -2.121648e-01   
   1591  -9.203397e-02 -1.851204e-01   
   1592  -5.195739e-02 -1.723511e-02   
   1593  -7.300416e-02  1.382467e-01   
   1594  -5.268983e-02 -3.454012e-02   
   1595  -1.031589e-01  2.100726e-01   
   1596  -5.122495e-02  6.990507e-05   
   1597  -1.284075e-01  2.525850e-01   
   1598  -6.483278e-02  1.131558e-01   
   1599  -8.101840e-02  1.634278e-01   
   1600  -1.445895e-01 -2.746337e-01   
   1601  -5.342227e-02 -5.184514e-02   
   1602  -2.047112e-01 -3.385540e-01   
   1603  -1.171220e-01 -2.353878e-01   
   1604  -5.049251e-02  1.737492e-02   
   1605  -7.779902e-02 -1.548295e-01   
   1606  -6.024890e-02 -9.489624e-02   
   1607  -2.037195e-01  3.396945e-01   
   1608  -6.634309e-02 -1.206423e-01   
   1609  -5.365694e-02  6.084889e-02   
   1610  -1.902459e-01 -3.263392e-01   
   1611  -9.525840e-02 -1.970956e-01   
   1612  -6.640385e-02  1.228921e-01   
   1613  -5.755381e-02  8.701785e-02   
   1614  -2.960830e-01  4.029080e-01   
   1615  -2.789859e-01  3.937939e-01   
   1616  -1.271799e-01 -2.532052e-01   
   1617  -1.089103e-01  2.254786e-01   
   1618  -2.969245e-01 -4.022883e-01   
   1619  -2.798024e-01 -3.932139e-01   
   1620  -5.415471e-02 -6.915015e-02   
   1621  -4.976008e-02  3.467993e-02   
   1622  -7.289844e-02  1.481918e-01   
   1623  -1.066966e-01 -2.220554e-01   
   1624  -1.353030e-01  2.677557e-01   
   1625  -8.856505e-02  1.881532e-01   
   1626  -7.243727e-02 -1.463884e-01   
   1627  -1.353030e-01 -2.677557e-01   
   1628  -9.531776e-02  2.040417e-01   
   1629  -8.104410e-02  1.733923e-01   
   1630  -1.208965e-01  2.489760e-01   
   1631  -6.098134e-02 -1.122013e-01   
   1632  -4.732809e-02 -2.609905e-02   
   1633  -4.659565e-02 -8.794039e-03   
   1634  -1.869306e-01  3.288255e-01   
   1635  -5.488715e-02 -8.645517e-02   
   1636  -5.292450e-02  7.815391e-02   
   1637  -4.902764e-02  5.198495e-02   
   1638  -4.806053e-02 -4.340407e-02   
   1639  -4.586321e-02  8.510975e-03   
   1640  -1.022248e-01  2.199509e-01   
   1641  -1.150046e-01  2.421983e-01   
   1642  -6.707552e-02 -1.379473e-01   
   1643  -8.245080e-02 -1.798809e-01   
   1644  -1.279819e-01  2.625165e-01   
   1645  -5.682137e-02  1.043229e-01   
   1646  -6.441548e-02  1.331313e-01   
   1647  -1.186106e-01 -2.481139e-01   
   1648  -4.879296e-02 -6.070908e-02   
   1649  -7.260566e-02  1.581822e-01   
   1650  -7.853146e-02 -1.721345e-01   
   1651  -4.513077e-02  2.581599e-02   
   1652  -5.561959e-02 -1.037602e-01   
   1653  -9.321957e-02 -2.069460e-01   
   1654  -4.829520e-02  6.928996e-02   
   1655  -1.267061e-01 -2.631345e-01   
   1656  -6.171378e-02 -1.295063e-01   
   1657  -4.952540e-02 -7.801410e-02   
   1658  -1.074187e-01  2.353377e-01   
   1659  -7.316971e-02 -1.636934e-01   
   1660  -8.060532e-02  1.833531e-01   
   1661  -1.073044e-01 -2.340472e-01   
   1662  -4.439833e-02  4.312100e-02   
   1663  -1.701418e-01  3.179565e-01   
   1664  -5.219206e-02  9.545892e-02   
   1665  -8.693821e-02  1.982026e-01   
   1666  -1.719810e-01 -3.188459e-01   
   1667  -9.750735e-02 -2.181360e-01   
   1668  -9.439268e-02  2.138906e-01   
   1669  -1.198957e-01  2.567347e-01   
   1670  -4.196634e-02 -1.765798e-02   
   1671  -6.429154e-02  1.431272e-01   
   1672  -1.114339e-01 -2.428248e-01   
   1673  -4.269878e-02 -3.496300e-02   
   1674  -4.123390e-02 -3.529690e-04   
   1675  -1.353318e-01  2.793118e-01   
   1676  -7.257033e-02  1.680963e-01   
   1677  -6.780796e-02 -1.552524e-01   
   1678  -4.343122e-02 -5.226801e-02   
   1679  -4.050146e-02  1.695205e-02   
   1680  -5.025784e-02 -9.531911e-02   
   1681  -5.635203e-02 -1.210652e-01   
   1682  -5.608893e-02  1.216279e-01   
   1683  -4.366589e-02  6.042602e-02   
   1684  -8.462565e-02 -1.978806e-01   
   1685  -1.186480e-01 -2.573135e-01   
   1686  -4.756276e-02  8.659498e-02   
   1687  -1.338053e-01 -2.786544e-01   
   1688  -1.128952e-01  2.507665e-01   
   1689  -9.966328e-02  2.292093e-01   
   1690  -7.948667e-02 -1.886744e-01   
   1691  -4.416366e-02 -6.957303e-02   
   1692  -3.976902e-02  3.425706e-02   
   1693  -6.244622e-02 -1.468113e-01   
   1694  -9.895270e-02 -2.283671e-01   
   1695  -6.399137e-02  1.531139e-01   
   1696  -1.262804e-01  2.721273e-01   
   1697  -5.145963e-02  1.127639e-01   
   1698  -1.533529e-01  3.070876e-01   
   1699  -1.262804e-01 -2.721273e-01   
   1700  -8.623291e-02  2.081563e-01   
   1701  -7.862107e-02  1.926602e-01   
   1702  -7.224631e-02  1.780837e-01   
   1703  -5.099028e-02 -1.126241e-01   
   1704  -2.529331e-01  3.923845e-01   
   1705  -2.362711e-01  3.814124e-01   
   1706  -7.390215e-02 -1.809984e-01   
   1707  -1.063830e-01  2.452000e-01   
   1708  -2.537156e-01 -3.918723e-01   
   1709  -2.370283e-01 -3.809383e-01   
   1710  -4.489610e-02 -8.687804e-02   
   1711  -3.733703e-02 -2.652193e-02   
   1712  -3.660459e-02 -9.216913e-03   
   1713  -4.293345e-02  7.773103e-02   
   1714  -1.108215e-01 -2.513000e-01   
   1715  -3.903658e-02  5.156207e-02   
   1716  -9.339898e-02  2.237436e-01   
   1717  -1.909692e-01 -3.452580e-01   
   1718  -3.806947e-02 -4.382694e-02   
   1719  -3.587215e-02  8.088101e-03   
   1720  -2.194898e-01  3.705374e-01   
   1721  -5.708447e-02 -1.383702e-01   
   1722  -2.059097e-01 -3.585180e-01   
   1723  -2.202225e-01 -3.701014e-01   
   1724  -1.191385e-01  2.666464e-01   
   1725  -4.683032e-02  1.039000e-01   
   1726  -6.854040e-02 -1.725574e-01   
   1727  -5.569392e-02  1.380219e-01   
   1728  -3.880191e-02 -6.113196e-02   
   1729  -6.392780e-02  1.631084e-01   
   1730  -3.513971e-02  2.539312e-02   
   1731  -1.538037e-01 -3.105426e-01   
   1732  -2.027012e-01  3.596685e-01   
   1733  -4.562854e-02 -1.041831e-01   
   1734  -9.132979e-02 -2.239095e-01   
   1735  -2.819142e-01  4.129460e-01   
   1736  -8.635743e-02  2.166764e-01   
   1737  -2.827645e-01 -4.123642e-01   
   1738  -3.830414e-02  6.886709e-02   
   1739  -1.178427e-01 -2.672214e-01   
   1740  -1.033112e-01 -2.452749e-01   
   1741  -9.863783e-02  2.390405e-01   
   1742  -6.317866e-02 -1.641163e-01   
   1743  -1.371748e-01 -2.931772e-01   
   1744  -5.172272e-02 -1.299291e-01   
   1745  -7.228116e-02  1.879649e-01   
   1746  -8.656512e-02 -2.165819e-01   
   1747  -3.953435e-02 -7.843697e-02   
   1748  -4.220101e-02  9.503605e-02   
   1749  -3.440727e-02  4.269813e-02   
   1750  -5.072719e-02  1.300690e-01   
   1751  -1.112501e-01  2.605975e-01   
   1752  -7.799830e-02  2.026355e-01   
   1753  -1.255796e-01  2.821171e-01   
   1754  -3.197528e-02 -1.808086e-02   
   1755  -2.664961e-01  4.067318e-01   
   1756  -7.999634e-02 -2.067445e-01   
   1757  -3.270772e-02 -3.538587e-02   
   1758  -2.673235e-01 -4.061868e-01   
   1759  -3.124284e-02 -7.758432e-04   
   1760  -1.859123e-01  3.487996e-01   
   1761  -6.392014e-02  1.731030e-01   
   1762  -5.781691e-02 -1.556752e-01   
   1763  -1.732997e-01 -3.364603e-01   
   1764  -3.344016e-02 -5.269089e-02   
   1765  -7.463459e-02 -1.983035e-01   
   1766  -4.609788e-02  1.212050e-01   
   1767  -4.026679e-02 -9.574199e-02   
   1768  -1.099837e-01 -2.611344e-01   
   1769  -3.051041e-02  1.652917e-02   
   1770  -4.636098e-02 -1.214881e-01   
   1771  -9.663684e-02 -2.402385e-01   
   1772  -1.259231e-01 -2.836779e-01   
   1773  -3.367483e-02  6.000315e-02   
   1774  -3.757170e-02  8.617210e-02   
   1775  -7.915713e-02  2.109706e-01   
   1776  -1.035988e-01  2.543626e-01   
   1777  -1.327953e-01  2.952244e-01   
   1778  -5.265757e-02  1.473967e-01   
   1779  -9.053703e-02  2.332265e-01   
   1780  -6.927284e-02 -1.898624e-01   
   1781  -3.417260e-02 -6.999590e-02   
   1782  -5.245516e-02 -1.472342e-01   
   1783  -2.977797e-02  3.383419e-02   
   1784  -1.171168e-01  2.761950e-01   
   1785  -5.462405e-02  1.562379e-01   
   1786  -4.146857e-02  1.123411e-01   
   1787  -1.032160e-01 -2.549028e-01   
   1788  -1.691234e-01  3.379306e-01   
   1789  -1.171168e-01 -2.761950e-01   
   1790  -6.391110e-02 -1.814213e-01   
   1791  -9.754000e-02  2.488752e-01   
   1792  -8.929958e-02 -2.336995e-01   
   1793  -4.099923e-02 -1.130470e-01   
   1794  -6.955600e-02  1.972857e-01   
   1795  -3.294239e-02  7.730816e-02   
   1796  -3.490504e-02 -8.730092e-02   
   1797  -8.383707e-02  2.263292e-01   
   1798  -2.734598e-02 -2.694480e-02   
   1799  -2.661354e-02 -9.639788e-03   
   1800  -2.904553e-02  5.113920e-02   
   1801  -4.709341e-02 -1.387931e-01   
   1802  -2.807842e-02 -4.424982e-02   
   1803  -1.101619e-01  2.704784e-01   
   1804  -2.588110e-02  7.665227e-03   
   1805  -5.854935e-02 -1.729802e-01   
   1806  -3.683926e-02  1.034771e-01   
   1807  -4.536544e-02  1.385100e-01   
   1808  -6.102550e-02  1.823996e-01   
   1809  -2.881086e-02 -6.155483e-02   
   1810  -2.514866e-02  2.497024e-02   
   1811  -3.563748e-02 -1.046059e-01   
   1812  -8.183831e-02 -2.270522e-01   
   1813  -1.088477e-01 -2.710099e-01   
   1814  -5.318760e-02 -1.645392e-01   
   1815  -2.831309e-02  6.844422e-02   
   1816  -6.315023e-02  1.912708e-01   
   1817  -4.173167e-02 -1.303520e-01   
   1818  -9.460380e-02 -2.500032e-01   
   1819  -8.948212e-02  2.429971e-01   
   1820  -1.523345e-01  3.270616e-01   
   1821  -1.024803e-01  2.641690e-01   
   1822  -7.549939e-02 -2.167035e-01   
   1823  -4.073613e-02  1.296461e-01   
   1824  -3.220995e-02  9.461317e-02   
   1825  -2.954329e-02 -7.885985e-02   
   1826  -7.603439e-02  2.201125e-01   
   1827  -2.441622e-02  4.227526e-02   
   1828  -7.000528e-02 -2.071674e-01   
   1829  -2.198423e-02 -1.850373e-02   
   1830  -5.389161e-02  1.735429e-01   
   1831  -4.782585e-02 -1.560981e-01   
   1832  -2.271667e-02 -3.580875e-02   
   1833  -2.125179e-02 -1.198717e-03   
   1834  -6.464354e-02 -1.987263e-01   
   1835  -1.011964e-01 -2.646637e-01   
   1836  -8.260734e-02  2.358659e-01   
   1837  -1.163736e-01  2.877272e-01   
   1838  -3.610682e-02  1.207821e-01   
   1839  -3.636992e-02 -1.219109e-01   
   1840  -2.344911e-02 -5.311376e-02   
   1841  -8.719242e-02 -2.434456e-01   
   1842  -3.027573e-02 -9.616486e-02   
   1843  -4.926231e-02  1.646790e-01   
   1844  -2.051935e-02  1.610630e-02   
   1845  -2.368378e-02  5.958027e-02   
   1846  -2.758065e-02  8.574923e-02   
   1847  -2.352730e-01  4.013375e-01   
   1848  -6.761603e-02  2.097380e-01   
   1849  -5.928179e-02 -1.902853e-01   
   1850  -9.443507e-02  2.582843e-01   
   1851  -2.360753e-01 -4.008659e-01   
   1852  -1.148944e-01 -2.869693e-01   
   1853  -2.511544e-01  4.121043e-01   
   1854  -2.184732e-01  3.905084e-01   
   1855  -4.246411e-02 -1.476570e-01   
   1856  -4.463300e-02  1.558150e-01   
   1857  -2.418155e-02 -7.041878e-02   
   1858  -2.519844e-01 -4.115971e-01   
   1859  -1.581439e-01 -3.379047e-01   
   1860  -2.192511e-01 -3.900746e-01   
   1861  -1.870370e-01 -3.648434e-01   
   1862  -1.978691e-02  3.341131e-02   
   1863  -1.720215e-01 -3.516413e-01   
   1864  -1.078223e-01  2.799542e-01   
   1865  -3.147752e-02  1.119182e-01   
   1866  -2.021699e-01 -3.777734e-01   
   1867  -2.674932e-01  4.224303e-01   
   1868  -9.378898e-02 -2.581409e-01   
   1869  -2.683505e-01 -4.218863e-01   
   1870  -5.392004e-02 -1.818442e-01   
   1871  -1.355457e-01  3.161927e-01   
   1872  -1.078223e-01 -2.799542e-01   
   1873  -8.790968e-02  2.512054e-01   
   1874  -2.016834e-01  3.796424e-01   
   1875  -7.983654e-02 -2.368425e-01   
   1876  -3.100817e-02 -1.134699e-01   
   1877  -4.000369e-02  1.469511e-01   
   1878  -2.295134e-02  7.688529e-02   
   1879  -7.463306e-02  2.299900e-01   
   1880  -2.491399e-02 -8.772379e-02   
   1881  -1.735492e-02 -2.736768e-02   
   1882  -1.662248e-02 -1.006266e-02   
   1883  -1.905447e-02  5.071633e-02   
   1884  -3.710236e-02 -1.392160e-01   
   1885  -1.010621e-01  2.740079e-01   
   1886  -5.895093e-02  1.994307e-01   
   1887  -4.855829e-02 -1.734031e-01   
   1888  -1.808736e-02 -4.467269e-02   
   1889  -2.684821e-02  1.030542e-01   
   1890  -1.589004e-02  7.242353e-03   
   1891  -3.537438e-02  1.380871e-01   
   1892  -1.848939e-01  3.687736e-01   
   1893  -1.881980e-02 -6.197771e-02   
   1894  -1.515760e-02  2.454737e-02   
   1895  -5.315918e-02  1.908479e-01   
   1896  -9.973110e-02 -2.744957e-01   
   1897  -4.319655e-02 -1.649620e-01   
   1898  -8.019031e-02  2.454719e-01   
   1899  -2.564643e-02 -1.050288e-01   
   1900  -8.557922e-02 -2.532092e-01   
   1901  -6.534548e-02 -2.168084e-01   
   1902  -9.359604e-02  2.674447e-01   
   1903  -6.758956e-02  2.229782e-01   
   1904  -3.174061e-02 -1.307749e-01   
   1905  -1.832203e-02  6.802134e-02   
   1906  -4.852987e-02  1.819840e-01   
   1907  -3.074508e-02  1.292232e-01   
   1908  -7.042237e-02 -2.280398e-01   
   1909  -6.001423e-02 -2.075903e-01   
   1910  -2.221890e-02  9.419030e-02   
   1911  -1.955224e-02 -7.928272e-02   
   1912  -1.442516e-02  4.185238e-02   
   1913  -4.390056e-02  1.731201e-01   
   1914  -1.681050e-01  3.579046e-01   
   1915  -5.465248e-02 -1.991492e-01   
   1916  -3.783480e-02 -1.565210e-01   
   1917  -9.229620e-02 -2.678974e-01   
   1918  -1.199317e-02 -1.892661e-02   
   1919  -1.166347e-01 -3.019905e-01   
   1920  -8.638024e-02  2.607108e-01   
   1921  -1.272561e-02 -3.623162e-02   
   1922  -1.126073e-02 -1.621591e-03   
   1923  -2.611577e-02  1.203593e-01   
   1924  -3.927125e-02  1.642561e-01   
   1925  -7.819493e-02 -2.465901e-01   
   1926  -7.282587e-02  2.387740e-01   
   1927  -1.423724e-01 -3.330155e-01   
   1928  -2.637887e-02 -1.223338e-01   
   1929  -2.028468e-02 -9.658773e-02   
   1930  -1.345805e-02 -5.353664e-02   
   1931  -1.053111e-01  2.903092e-01   
   1932  -4.929073e-02 -1.907081e-01   
   1933  -1.052830e-02  1.568342e-02   
   1934  -1.758959e-02  8.532636e-02   
   1935  -1.369272e-02  5.915740e-02   
   1936  -1.066943e-01 -2.914552e-01   
   1937  -3.464194e-02  1.553922e-01   
   1938  -3.247305e-02 -1.480799e-01   
   1939  -1.419049e-02 -7.084165e-02   
   1940  -9.840746e-02  2.834007e-01   
   1941  -2.148646e-02  1.114953e-01   
   1942  -9.795856e-03  3.298844e-02   
   1943  -1.274903e-01 -3.196761e-01   
   1944  -5.875410e-02  2.169373e-01   
   1945  -4.392899e-02 -1.822671e-01   
   1946  -8.448196e-02 -2.617093e-01   
   1947  -1.513162e-01  3.470357e-01   
   1948  -9.840746e-02 -2.834007e-01   
   1949  -7.859468e-02  2.545824e-01   
   1950  -3.001264e-02  1.465282e-01   
   1951  -7.047574e-02 -2.402780e-01   
   1952  -2.101712e-02 -1.138927e-01   
   1953  -6.524688e-02  2.326368e-01   
   1954  -1.296028e-02  7.646241e-02   
   1955  -9.184872e-02  2.772306e-01   
   1956  -1.492293e-02 -8.814666e-02   
   1957  -2.711131e-02 -1.396388e-01   
   1958  -5.242674e-02  2.081530e-01   
   1959  -3.856724e-02 -1.738260e-01   
   1960  -9.063416e-03  5.029345e-02   
   1961  -7.363867e-03 -2.779055e-02   
   1962  -6.631427e-03 -1.048554e-02   
   1963  -1.685715e-02  1.026314e-01   
   1964  -6.074667e-02 -2.248953e-01   
   1965  -4.779743e-02  1.992890e-01   
   1966  -2.538333e-02  1.376643e-01   
   1967  -8.096306e-03 -4.509557e-02   
   1968  -5.898988e-03  6.819479e-03   
   1969  -4.316812e-02  1.904251e-01   
   1970  -5.538492e-02 -2.164542e-01   
   1971  -9.050314e-02 -2.776750e-01   
   1972  -8.828745e-03 -6.240058e-02   
   1973  -8.460728e-02  2.704201e-01   
   1974  -7.684934e-02 -2.567523e-01   
   1975  -5.166548e-03  2.412449e-02   
   1976  -2.369123e-01  4.204543e-01   
   1977  -3.320549e-02 -1.653849e-01   
   1978  -7.086209e-02  2.485331e-01   
   1979  -3.853881e-02  1.815611e-01   
   1980  -2.377465e-01 -4.199831e-01   
   1981  -1.565537e-02 -1.054517e-01   
   1982  -5.800199e-02  2.257662e-01   
   1983  -5.002317e-02 -2.080131e-01   
   1984  -2.075402e-02  1.288003e-01   
   1985  -2.174956e-02 -1.311978e-01   
   1986  -1.345273e-01  3.361667e-01   
   1987  -8.330977e-03  6.759847e-02   
   1988  -2.528432e-01  4.313587e-01   
   1989  -1.222785e-02  9.376743e-02   
   1990  -7.847820e-02  2.635703e-01   
   1991  -3.390950e-02  1.726972e-01   
   1992  -2.537056e-01 -4.308520e-01   
   1993  -9.561185e-03 -7.970559e-02   
   1994  -4.434109e-03  4.142951e-02   
   1995  -8.329287e-02 -2.708319e-01   
   1996  -4.466143e-02 -1.995721e-01   
   1997  -9.724539e-02  2.931624e-01   
   1998  -2.784374e-02 -1.569438e-01   
   1999  -2.928020e-02  1.638332e-01   
   2000  -1.612471e-02  1.199364e-01   
   2001  -2.002119e-03 -1.934948e-02   
   2002  -1.681713e-01 -3.714649e-01   
   2003  -1.833520e-01 -3.844767e-01   
   2004  -2.734559e-03 -3.665449e-02   
   2005  -1.067067e-01  3.073015e-01   
   2006  -1.269680e-03 -2.044465e-03   
   2007  -6.879445e-02 -2.499391e-01   
   2008  -6.358639e-02  2.424357e-01   
   2009  -3.929968e-02 -1.911310e-01   
   2010  -1.638781e-02 -1.227567e-01   
   2011  -1.029362e-02 -9.701061e-02   
   2012  -3.466998e-03 -5.395951e-02   
   2013  -7.598538e-03  8.490348e-02   
   2014  -7.734657e-02 -2.657483e-01   
   2015  -5.372404e-04  1.526055e-02   
   2016  -3.701669e-03  5.873452e-02   
   2017  -2.465089e-02  1.549693e-01   
   2018  -5.931631e-02 -2.355707e-01   
   2019  -9.560864e-02 -2.937003e-01   
   2020  -2.248200e-02 -1.485028e-01   
   2021  -1.554328e-01 -3.623335e-01   
   2022  -8.888267e-02  2.865307e-01   
   2023  -1.149541e-02  1.110724e-01   
   2024  -3.393793e-02 -1.826899e-01   
   2025  -4.199438e-03 -7.126452e-02   
   2026  -6.246018e-02 -2.436114e-01   
   2027   1.951990e-04  3.256556e-02   
   2028  -4.813616e-02  2.180512e-01   
   2029  -1.177385e-01  3.252978e-01   
   2030  -8.888267e-02 -2.865307e-01   
   2031  -2.002158e-02  1.461053e-01   
   2032  -6.939227e-02  2.583787e-01   
   2033  -4.243568e-02  2.077301e-01   
   2034  -1.102606e-02 -1.143156e-01   
   2035  -8.253128e-02  2.801418e-01   
   2036  -5.587811e-02  2.360894e-01   
   2037  -2.969230e-03  7.603954e-02   
   2038  -2.857618e-02 -1.742489e-01   
   2039  -3.780637e-02  1.988661e-01   
   2040  -1.712025e-02 -1.400617e-01   
   2041  -4.931877e-03 -8.856954e-02   
   2042   9.276385e-04  4.987058e-02   
   2043   2.627188e-03 -2.821342e-02   
   2044  -6.866098e-03  1.022085e-01   
   2045  -1.539227e-02  1.372414e-01   
   2046   3.359628e-03 -1.090841e-02   
   2047  -3.317707e-02  1.900022e-01   
   2048   1.894749e-03 -4.551844e-02   
   2049   4.092067e-03  6.396605e-03   
   2050  -7.552384e-02  2.730900e-01   
   2051  -8.117409e-02 -2.805441e-01   
   2052  -5.006649e-02 -2.276617e-01   
   2053  -2.854776e-02  1.811382e-01   
   2054  -2.321444e-02 -1.658078e-01   
   2055  -4.478981e-02 -2.181877e-01   
   2056   1.162309e-03 -6.282345e-02   
   2057  -4.003212e-02 -2.084360e-01   
   2058   4.824507e-03  2.370162e-02   
   2059  -1.716899e-01  3.851272e-01   
   2060  -1.076297e-02  1.283775e-01   
   2061  -2.118183e-01  4.161505e-01   
   2062  -1.380965e-01 -3.524934e-01   
   2063  -5.664317e-03 -1.058746e-01   
   2064  -1.175850e-02 -1.316206e-01   
   2065  -2.126105e-01 -4.157398e-01   
   2066  -6.184377e-02  2.537699e-01   
   2067   1.660078e-03  6.717559e-02   
   2068  -2.391845e-02  1.722743e-01   
   2069  -4.840201e-02  2.294794e-01   
   2070  -2.236790e-03  9.334455e-02   
   2071  -6.978484e-02  2.678045e-01   
   2072  -7.419652e-02 -2.734639e-01   
   2073  -1.502978e-01  3.670097e-01   
   2074  -3.467037e-02 -1.999949e-01   
   2075   4.298700e-04 -8.012847e-02   
   2076   5.556946e-03  4.100663e-02   
   2077  -1.234285e-01 -3.392444e-01   
   2078  -6.669890e-02 -2.633177e-01   
   2079  -1.785269e-02 -1.573667e-01   
   2080  -1.928914e-02  1.634104e-01   
   2081  -6.133659e-03  1.195135e-01   
   2082  -8.768014e-02 -2.964191e-01   
   2083   7.988936e-03 -1.977235e-02   
   2084  -2.930862e-02 -1.915539e-01   
   2085   7.256496e-03 -3.707737e-02   
   2086   8.721375e-03 -2.467340e-03   
   2087  -8.698894e-02  2.979307e-01   
   2088  -6.396756e-03 -1.231796e-01   
   2089  -5.868168e-02 -2.528367e-01   
   2090  -1.465983e-02  1.545464e-01   
   2091  -3.025694e-04 -9.743348e-02   
   2092  -9.456194e-02 -3.075377e-01   
   2093   2.392517e-03  8.448061e-02   
   2094   6.524057e-03 -5.438238e-02   
   2095   6.289386e-03  5.831165e-02   
   2096   9.453814e-03  1.483768e-02   
   2097  -5.426819e-02  2.478554e-01   
   2098  -1.249094e-02 -1.489257e-01   
   2099  -3.737892e-02  2.153397e-01   
   2100  -7.925862e-02  2.893408e-01   
   2101  -2.394688e-02 -1.831128e-01   
   2102  -1.081319e-01 -3.263824e-01   
   2103  -1.876869e-01  4.044254e-01   
   2104  -5.259660e-02 -2.450582e-01   
   2105  -1.504351e-03  1.106496e-01   
   2106  -1.335090e-01  3.561408e-01   
   2107  -1.884418e-01 -4.040578e-01   
   2108   5.791617e-03 -7.168740e-02   
   2109  -1.003053e-02  1.456825e-01   
   2110  -7.925862e-02 -2.893408e-01   
   2111   1.018625e-02  3.214269e-02   
   2112  -3.244463e-02  2.073072e-01   
   2113  -2.379868e-01  4.397298e-01   
   2114  -2.388526e-01 -4.392601e-01   
   2115  -7.311849e-02  2.827361e-01   
   2116  -4.669619e-02 -2.370604e-01   
   2117  -2.781532e-02  1.984433e-01   
   2118  -1.035009e-03 -1.147385e-01   
   2119  -2.235097e-01  4.318835e-01   
   2120  -1.858513e-02 -1.746717e-01   
   2121  -4.648670e-02  2.392730e-01   
   2122   7.021825e-03  7.561666e-02   
   2123  -2.243491e-01 -4.314464e-01   
   2124  -7.129195e-03 -1.404846e-01   
   2125  -2.318601e-02  1.895793e-01   
   2126   5.059178e-03 -8.899241e-02   
   2127  -5.401219e-03  1.368185e-01   
   2128  -3.793014e-02  2.238337e-01   
   2129  -6.088755e-02  2.662481e-01   
   2130   3.124957e-03  1.017856e-01   
   2131   1.091869e-02  4.944770e-02   
   2132  -6.635532e-02  2.754481e-01   
   2133   1.261824e-02 -2.863630e-02   
   2134   1.335068e-02 -1.133128e-02   
   2135  -7.175439e-02 -2.830998e-01   
   2136  -4.030102e-02 -2.290029e-01   
   2137   1.188580e-02 -4.594131e-02   
   2138  -1.855670e-02  1.807154e-01   
   2139   1.408312e-02  5.973731e-03   
   2140  -1.322338e-02 -1.662307e-01   
   2141  -2.545606e-02 -1.991141e-01   
   2142   1.115336e-02 -6.324633e-02   
   2143  -7.719115e-04  1.279546e-01   
   2144   1.481556e-02  2.327875e-02   
   2145  -1.392740e-02  1.718514e-01   
   2146  -6.501730e-02 -2.757904e-01   
   2147  -1.167201e-01  3.452718e-01   
   2148   4.326738e-03 -1.062974e-01   
   2149  -1.767448e-03 -1.320435e-01   
   2150   1.165113e-02  6.675272e-02   
   2151   7.754265e-03  9.292168e-02   
   2152  -3.894510e-02  2.327141e-01   
   2153  -3.293116e-02 -2.195581e-01   
   2154  -1.517109e-01 -3.809765e-01   
   2155   1.042092e-02 -8.055134e-02   
   2156  -9.298087e-03  1.629875e-01   
   2157  -2.689621e-02 -2.074404e-01   
   2158  -5.257428e-02  2.594538e-01   
   2159  -7.861635e-03 -1.577896e-01   
   2160  -5.460286e-02 -2.619071e-01   
   2161   1.554800e-02  4.058376e-02   
   2162  -7.772633e-02  2.991834e-01   
   2163   3.857396e-03  1.190906e-01   
   2164  -1.931757e-02 -1.919768e-01   
   2165  -1.365866e-01 -3.682640e-01   
   2166  -4.885112e-02 -2.537820e-01   
   2167  -5.851024e-02 -2.705054e-01   
   2168   1.797999e-02 -2.019523e-02   
   2169  -4.668780e-03  1.541235e-01   
   2170   1.724755e-02 -3.750024e-02   
   2171   3.594299e-03 -1.236024e-01   
   2172   1.871243e-02 -2.890214e-03   
   2173   1.238357e-02  8.405773e-02   
   2174   9.688485e-03 -9.785636e-02   
   2175  -7.698502e-02 -3.006711e-01   
   2176   1.628044e-02  5.788877e-02   
   2177   1.651511e-02 -5.480526e-02   
   2178  -4.269848e-02 -2.459562e-01   
   2179   1.944487e-02  1.441480e-02   
   2180  -2.499888e-03 -1.493485e-01   
   2181  -6.954605e-02  2.918276e-01   
   2182  -1.395582e-02 -1.835357e-01   
   2183   8.486704e-03  1.102267e-01   
   2184  -2.245357e-02  2.068843e-01   
   2185  -2.852014e-02  2.204532e-01   
   2186  -4.560968e-02  2.541312e-01   
   2187  -6.954605e-02 -2.918276e-01   
   2188  -3.947201e-05  1.452596e-01   
   2189  -1.518684e-01  3.877640e-01   
   2190  -6.361773e-02  2.850064e-01   
   2191   1.578267e-02 -7.211027e-02   
   2192  -9.993124e-02  3.344029e-01   
   2193  -1.782426e-02  1.980204e-01   
   2194   2.017731e-02  3.171982e-02   
   2195  -3.712397e-02 -2.389283e-01   
   2196  -8.359539e-02  3.148835e-01   
   2197  -8.594074e-03 -1.750946e-01   
   2198   8.956046e-03 -1.151614e-01   
   2199  -1.319496e-02  1.891564e-01   
   2200  -1.933150e-01  4.231540e-01   
   2201  -5.711057e-02  2.774860e-01   
   2202   1.701288e-02  7.519379e-02   
   2203  -1.941219e-01 -4.227842e-01   
   2204   2.861859e-03 -1.409075e-01   
   2205   4.589836e-03  1.363957e-01   
   2206  -3.141902e-02 -2.307440e-01   
   2207  -3.029484e-02  2.302895e-01   
   2208   1.505023e-02 -8.941529e-02   
   2209   1.311601e-02  1.013627e-01   
   2210  -6.225455e-02 -2.853394e-01   
   2211  -1.200999e-01 -3.587279e-01   
   2212  -3.855570e-02  2.470572e-01   
   2213   2.090975e-02  4.902483e-02   
   2214  -8.565648e-03  1.802925e-01   
   2215   2.260930e-02 -2.905917e-02   
   2216   2.334174e-02 -1.175416e-02   
   2217  -2.078847e-01  4.355399e-01   
   2218   2.187686e-02 -4.636419e-02   
   2219   2.407418e-02  5.550857e-03   
   2220  -3.232327e-03 -1.666535e-01   
   2221  -2.087220e-01 -4.351391e-01   
   2222  -5.576546e-02 -2.778090e-01   
   2223  -2.657271e-02 -2.247022e-01   
   2224  -1.640503e-01  4.036063e-01   
   2225  -3.936340e-03  1.714286e-01   
   2226  -1.708754e-02 -2.046043e-01   
   2227   9.219143e-03  1.275317e-01   
   2228  -1.647526e-01 -4.032818e-01   
   2229  -2.177737e-02 -2.160248e-01   
   2230   2.114442e-02 -6.366920e-02   
   2231  -4.970375e-02  2.710647e-01   
   2232   2.480662e-02  2.285587e-02   
   2233   8.223607e-03 -1.324664e-01   
   2234   1.431779e-02 -1.067203e-01   
   2235   2.164219e-02  6.632984e-02   
   2236  -2.229466e-01  4.475431e-01   
   2237  -3.173621e-02  2.398507e-01   
   2238   1.774532e-02  9.249880e-02   
   2239  -1.046910e-01 -3.460694e-01   
   2240  -4.467720e-02 -2.626687e-01   
   2241  -2.238140e-01 -4.471099e-01   
   2242   6.929674e-04  1.625646e-01   
   2243  -7.812631e-02 -3.138741e-01   
   2244  -4.884573e-02 -2.706346e-01   
   2245   2.129420e-03 -1.582125e-01   
   2246   2.041198e-02 -8.097422e-02   
   2247   2.553906e-02  4.016089e-02   
   2248  -4.313272e-02  2.636534e-01   
   2249  -3.914411e-02 -2.552548e-01   
   2250   1.384845e-02  1.186678e-01   
   2251  -9.985038e-03 -1.942129e-01   
   2252  -1.910815e-02  2.171329e-01   
   2253   5.322275e-03  1.537007e-01   
   2254  -6.689511e-02  3.030756e-01   
   2255   2.797105e-02 -2.061810e-02   
   2256   1.358535e-02 -1.240253e-01   
   2257   2.723861e-02 -3.792312e-02   
   2258   2.870348e-02 -3.313088e-03   
   2259   2.237463e-02  8.363486e-02   
   2260  -6.689511e-02 -3.030756e-01   
   2261  -5.975580e-02  2.939885e-01   
   2262   1.967954e-02 -9.827923e-02   
   2263  -1.246252e-02  2.064615e-01   
   2264  -3.265670e-02 -2.477693e-01   
   2265  -8.934959e-02 -3.332438e-01   
   2266  -3.964767e-03 -1.839586e-01   
   2267   7.491167e-03 -1.497714e-01   
   2268   2.627150e-02  5.746590e-02   
   2269   2.650617e-02 -5.522813e-02   
   2270   2.943592e-02  1.399193e-02   
   2271  -1.157017e-01  3.652459e-01   
   2272  -5.975580e-02 -2.939885e-01   
   2273   1.847776e-02  1.098038e-01   
   2274   9.951583e-03  1.448367e-01   
   2275  -5.403426e-02  2.869430e-01   
   2276  -3.598987e-02  2.567121e-01   
   2277  -7.833209e-03  1.975975e-01   
   2278  -2.051679e-02  2.273447e-01   
   2279  -2.725784e-02 -2.398112e-01   
   2280   2.577373e-02 -7.253315e-02   
   2281   3.016836e-02  3.129694e-02   
   2282  -4.779658e-02  2.791924e-01   
   2283  -3.203901e-03  1.887336e-01   
   2284   1.396980e-03 -1.755175e-01   
   2285   1.894710e-02 -1.155842e-01   
   2286  -5.268517e-02 -2.872603e-01   
   2287   1.458089e-02  1.359728e-01   
   2288   1.285291e-02 -1.413303e-01   
   2289   2.700393e-02  7.477092e-02   
   2290   1.425407e-03  1.798696e-01   
   2291  -2.916914e-02  2.494345e-01   
   2292   2.310707e-02  1.009399e-01   
   2293   2.504129e-02 -8.983816e-02   
   2294  -2.065778e-02 -2.323299e-01   
   2295  -1.692035e-02 -2.246678e-01   
   2296   3.090080e-02  4.860196e-02   
   2297  -4.645133e-02 -2.795172e-01   
   2298   3.260035e-02 -2.948205e-02   
   2299   3.333279e-02 -1.217703e-02   
   2300   6.758728e-03 -1.670764e-01   
   2301  -1.768141e-01  4.255900e-01   
   2302   6.054715e-03  1.710057e-01   
   2303   3.186791e-02 -4.678706e-02   
   2304   3.406523e-02  5.127982e-03   
   2305  -4.049156e-02 -2.716496e-01   
   2306  -1.179905e-02 -2.161036e-01   
   2307  -1.775966e-01 -4.252471e-01   
   2308  -4.031892e-02  2.731502e-01   
   2309   1.921020e-02  1.271088e-01   
   2310  -9.891287e-02  3.543769e-01   
   2311   3.113547e-02 -6.409208e-02   
   2312  -3.484000e-02 -2.638544e-01   
   2313   1.821466e-02 -1.328893e-01   
   2314   3.479767e-02  2.243300e-02   
   2315   2.430885e-02 -1.071432e-01   
   2316  -5.857684e-03 -2.056611e-01   
   2317   2.773637e-02  9.207593e-02   
   2318   1.068402e-02  1.621417e-01   
   2319   3.163324e-02  6.590697e-02   
   2320  -2.055093e-02  2.400752e-01   
   2321  -1.320523e-01  3.904409e-01   
   2322   1.212047e-02 -1.586353e-01   
   2323  -2.973334e-02 -2.572336e-01   
   2324  -3.342237e-02  2.659416e-01   
   2325   3.040303e-02 -8.139709e-02   
   2326  -1.173008e-02  2.237665e-01   
   2327   2.383951e-02  1.182449e-01   
   2328   3.553011e-02  3.973801e-02   
   2329  -1.196710e-01 -3.784891e-01   
   2330  -2.438437e-02 -2.489885e-01   
   2331  -1.927416e-01  4.415162e-01   
   2332   2.731546e-04 -1.955406e-01   
   2333   1.531333e-02  1.532778e-01   
   2334  -7.100769e-03  2.149025e-01   
   2335  -1.935729e-01 -4.411461e-01   
   2336  -5.673049e-02  3.051416e-01   
   2337  -4.989881e-02  2.958211e-01   
   2338  -2.471461e-03  2.060386e-01   
   2339   2.357641e-02 -1.244482e-01   
   2340   3.796210e-02 -2.104098e-02   
   2341   3.722966e-02 -3.834599e-02   
   2342   3.869454e-02 -3.735962e-03   
   2343   3.236568e-02  8.321199e-02   
   2344   6.026288e-03 -1.843814e-01   
   2345   2.967060e-02 -9.870211e-02   
   2346  -4.437016e-02  2.885327e-01   
   2347  -4.989881e-02 -2.958211e-01   
   2348   1.748222e-02 -1.501943e-01   
   2349  -6.479535e-02  3.187823e-01   
   2350   3.626255e-02  5.704303e-02   
   2351   2.157846e-03  1.971746e-01   
   2352  -1.289662e-02  2.323507e-01   
   2353   1.994264e-02  1.444138e-01   
   2354   3.649722e-02 -5.565101e-02   
   2355  -1.442893e-01  4.062555e-01   
   2356  -2.636269e-02  2.590058e-01   
   2357   2.846881e-02  1.093809e-01   
   2358   3.942698e-02  1.356905e-02   
   2359  -3.841616e-02  2.805531e-01   
   2360  -1.755650e-02 -2.418121e-01   
   2361  -2.077445e-01  4.547991e-01   
   2362  -1.298910e-01 -3.926519e-01   
   2363  -2.086119e-01 -4.544019e-01   
   2364   6.787154e-03  1.883107e-01   
   2365  -8.212401e-02  3.435080e-01   
   2366   3.576478e-02 -7.295602e-02   
   2367  -4.305696e-02 -2.888603e-01   
   2368   4.015942e-02  3.087407e-02   
   2369   1.138804e-02 -1.759404e-01   
   2370  -1.222488e-02 -2.334665e-01   
   2371  -2.023536e-02  2.515255e-01   
   2372  -1.437293e-01 -4.070859e-01   
   2373   2.457195e-02  1.355499e-01   
   2374   2.893816e-02 -1.160071e-01   
   2375  -5.429468e-02 -3.072883e-01   
   2376   1.141646e-02  1.794468e-01   
   2377  -3.708533e-02 -2.809133e-01   
   2378   2.284397e-02 -1.417532e-01   
   2379   3.699499e-02  7.434804e-02   
   2380  -3.220453e-02 -2.731151e-01   
   2381  -6.956222e-03 -2.250938e-01   
   2382   3.309812e-02  1.005170e-01   
   2383   3.503234e-02 -9.026104e-02   
   2384   4.089186e-02  4.817908e-02   
   2385   1.604577e-02  1.705828e-01   
   2386   1.674978e-02 -1.674993e-01   
   2387  -1.566349e-01  4.219111e-01   
   2388   4.259141e-02 -2.990492e-02   
   2389   4.332385e-02 -1.259991e-02   
   2390  -1.573874e-01 -4.216072e-01   
   2391   4.185897e-02 -4.720994e-02   
   2392   2.920125e-02  1.266860e-01   
   2393  -1.362236e-03 -2.168129e-01   
   2394   4.405629e-02  4.705108e-03   
   2395  -2.519275e-02 -2.661143e-01   
   2396  -8.309753e-02 -3.497994e-01   
   2397  -2.071792e-03  2.215928e-01   
   2398   2.820572e-02 -1.333121e-01   
   2399   2.067508e-02  1.617189e-01   
   2400   4.112653e-02 -6.451495e-02   
   2401  -6.283992e-02 -3.248425e-01   
   2402   3.429990e-02 -1.075660e-01   
   2403   4.478873e-02  2.201012e-02   
   2404   3.772743e-02  9.165306e-02   
   2405  -1.977719e-02 -2.578316e-01   
   2406   4.162430e-02  6.548410e-02   
   2407  -3.038110e-02  2.782695e-01   
   2408   4.156087e-03 -2.085058e-01   
   2409   2.211153e-02 -1.590582e-01   
   2410  -1.442719e-02 -2.495197e-01   
   2411   2.890286e-03  2.144797e-01   
   2412   3.383056e-02  1.178220e-01   
   2413   4.039409e-02 -8.181996e-02   
   2414   4.552117e-02  3.931514e-02   
   2415   2.530438e-02  1.528549e-01   
   2416  -2.248776e-02  2.678786e-01   
   2417   1.049934e-02 -1.965841e-01   
   2418  -4.542586e-02  3.055116e-01   
   2419   7.519594e-03  2.056157e-01   
   2420  -3.998609e-02  2.973232e-01   
   2421  -3.462380e-02  2.897586e-01   
   2422  -1.651065e-02  2.583323e-01   
   2423  -7.401284e-03  2.406969e-01   
   2424  -1.177927e-02  2.495610e-01   
   2425  -3.998609e-02 -2.973232e-01   
   2426   3.356746e-02 -1.248711e-01   
   2427   1.601734e-02 -1.848043e-01   
   2428   1.214890e-02  1.967518e-01   
   2429   4.795316e-02 -2.146385e-02   
   2430  -2.670434e-03  2.318948e-01   
   2431   4.235674e-02  8.278911e-02   
   2432   4.722072e-02 -3.876887e-02   
   2433   4.868559e-02 -4.158836e-03   
   2434   2.747328e-02 -1.506171e-01   
   2435  -7.967716e-03 -2.424081e-01   
   2436   3.966165e-02 -9.912498e-02   
   2437  -1.645805e-01  4.352418e-01   
   2438   2.993369e-02  1.439910e-01   
   2439   4.625361e-02  5.662015e-02   
   2440  -4.430827e-02 -3.057794e-01   
   2441   3.845987e-02  1.089581e-01   
   2442  -1.653775e-01 -4.349216e-01   
   2443   4.648828e-02 -5.607388e-02   
   2444   4.941803e-02  1.314618e-02   
   2445   1.677821e-02  1.878878e-01   
   2446  -3.338065e-02 -2.901378e-01   
   2447  -2.677756e-03 -2.340132e-01   
   2448  -2.767791e-02 -2.819956e-01   
   2449   2.137909e-02 -1.763632e-01   
   2450   4.575584e-02 -7.337889e-02   
   2451  -2.225694e-02 -2.737476e-01   
   2452   5.015047e-02  3.045119e-02   
   2453   2.140752e-02  1.790239e-01   
   2454   3.456300e-02  1.351270e-01   
   2455  -1.782890e-01  4.485151e-01   
   2456   3.892921e-02 -1.164300e-01   
   2457   2.991407e-03 -2.258080e-01   
   2458   3.283502e-02 -1.421761e-01   
   2459  -9.982997e-02 -3.791186e-01   
   2460  -1.791171e-01 -4.481672e-01   
   2461   4.698604e-02  7.392517e-02   
   2462   4.308918e-02  1.000941e-01   
   2463   4.502340e-02 -9.068391e-02   
   2464   2.603682e-02  1.701599e-01   
   2465   5.088291e-02  4.775621e-02   
   2466   2.674084e-02 -1.679222e-01   
   2467  -1.564181e-02 -2.668221e-01   
   2468   8.506522e-03 -2.174798e-01   
   2469   5.258246e-02 -3.032780e-02   
   2470   5.331490e-02 -1.302278e-02   
   2471   7.147711e-03  2.226473e-01   
   2472   3.919231e-02  1.262631e-01   
   2473   5.185002e-02 -4.763281e-02   
   2474  -1.924023e-01  4.614990e-01   
   2475   5.404734e-02  4.282234e-03   
   2476  -1.026864e-02 -2.584873e-01   
   2477  -8.110565e-02  3.634820e-01   
   2478  -1.932680e-01 -4.611372e-01   
   2479   3.066613e-02  1.612960e-01   
   2480  -9.089650e-02  3.752860e-01   
   2481   3.819677e-02 -1.337350e-01   
   2482  -3.694024e-02  3.066028e-01   
   2483   5.111758e-02 -6.493782e-02   
   2484   4.429096e-02 -1.079889e-01   
   2485   4.771848e-02  9.123018e-02   
   2486   5.477978e-02  2.158725e-02   
   2487   1.468780e-02 -2.079367e-01   
   2488   5.161535e-02  6.506122e-02   
   2489  -4.491326e-03 -2.503601e-01   
   2490   1.288134e-02  2.140568e-01   
   2491  -1.107355e-01 -3.957058e-01   
   2492   3.210258e-02 -1.594811e-01   
   2493   4.382162e-02  1.173991e-01   
   2494  -2.251910e-03  2.491362e-01   
   2495  -3.002871e-02  2.984933e-01   
   2496   3.529544e-02  1.524320e-01   
   2497   1.751065e-02  2.051928e-01   
   2498  -6.649864e-03  2.581056e-01   
   2499   5.038514e-02 -8.224284e-02   
   2500  -1.097720e-02  2.664973e-01   
   2501  -2.479061e-02  2.906064e-01   
   2502   5.551222e-02  3.889226e-02   
   2503  -3.002871e-02 -2.984933e-01   
   2504  -3.622259e-02 -3.082494e-01   
   2505   2.213996e-02  1.963289e-01   
   2506  -1.683634e-02  2.790380e-01   
   2507   1.705596e-03 -2.429151e-01   
   2508   2.600840e-02 -1.852272e-01   
   2509  -1.243234e-01 -4.118571e-01   
   2510   4.355852e-02 -1.252939e-01   
   2511   5.234779e-02  8.236624e-02   
   2512   5.794421e-02 -2.188672e-02   
   2513   3.746433e-02 -1.510400e-01   
   2514   3.992475e-02  1.435681e-01   
   2515   2.239903e-02 -1.970577e-01   
   2516  -2.366706e-02 -2.910912e-01   
   2517  -4.335834e-02  3.223982e-01   
   2518   5.721177e-02 -3.919174e-02   
   2519   5.867665e-02 -4.581710e-03   
   2520   4.965270e-02 -9.954785e-02   
   2521  -1.104772e-01  4.012788e-01   
   2522   4.735969e-03  2.406003e-01   
   2523   2.676926e-02  1.874649e-01   
   2524   4.845092e-02  1.085352e-01   
   2525  -1.823958e-02 -2.827630e-01   
   2526   5.624466e-02  5.619728e-02   
   2527   7.283341e-03 -2.346385e-01   
   2528  -1.374374e-01  4.265027e-01   
   2529   5.647933e-02 -5.649675e-02   
   2530   5.940909e-02  1.272330e-02   
   2531  -1.381987e-01 -4.262386e-01   
   2532  -4.113921e-02 -3.202152e-01   
   2533  -1.233784e-02 -2.747303e-01   
   2534  -6.431679e-02  3.526131e-01   
   2535   3.137015e-02 -1.767861e-01   
   2536   3.139857e-02  1.786010e-01   
   2537   5.574689e-02 -7.380177e-02   
   2538   4.455406e-02  1.347042e-01   
   2539   6.014153e-02  3.002832e-02   
   2540   1.292636e-02 -2.264375e-01   
   2541   4.892027e-02 -1.168529e-01   
   2542   4.282608e-02 -1.425990e-01   
   2543  -7.724996e-02 -3.689257e-01   
   2544   5.697710e-02  7.350229e-02   
   2545  -6.591665e-03 -2.680328e-01   
   2546   5.308023e-02  9.967125e-02   
   2547  -1.501342e-01  4.405489e-01   
   2548   3.602788e-02  1.697371e-01   
   2549  -1.225858e-01  4.171915e-01   
   2550  -1.509274e-01 -4.402599e-01   
   2551  -6.360973e-02 -3.542976e-01   
   2552   5.501445e-02 -9.110678e-02   
   2553   3.673189e-02 -1.683450e-01   
   2554   1.848276e-02 -2.181266e-01   
   2555   6.087397e-02  4.733333e-02   
   2556   1.361378e-02  2.313618e-01   
   2557  -3.173547e-04 -2.592338e-01   
   2558   4.918336e-02  1.258402e-01   
   2559   6.257352e-02 -3.075067e-02   
   2560   6.330596e-02 -1.344565e-02   
   2561   1.824309e-02  2.224979e-01   
   2562   4.065719e-02  1.608731e-01   
   2563   6.184108e-02 -4.805568e-02   
   2564  -4.935020e-02  3.397544e-01   
   2565   6.403840e-02  3.859360e-03   
   2566  -4.996945e-02 -3.396701e-01   
   2567   4.818783e-02 -1.341579e-01   
   2568   2.287240e-02  2.136339e-01   
   2569  -1.633514e-01  4.542836e-01   
   2570   5.428201e-02 -1.084118e-01   
   2571   5.770954e-02  9.080731e-02   
   2572   6.110864e-02 -6.536070e-02   
   2573   5.263315e-03 -2.521780e-01   
   2574   3.286761e-03  2.574498e-01   
   2575   6.477084e-02  2.116437e-02   
   2576  -1.641762e-01 -4.539684e-01   
   2577   6.160641e-02  6.463835e-02   
   2578  -5.773724e-03  2.750204e-01   
   2579  -2.003779e-02  2.993301e-01   
   2580  -9.931727e-04  2.663012e-01   
   2581   4.209364e-02 -1.599040e-01   
   2582  -1.486762e-02  2.910817e-01   
   2583   2.750170e-02  2.047700e-01   
   2584  -2.590221e-02  3.092876e-01   
   2585   5.381267e-02  1.169763e-01   
   2586   4.528649e-02  1.520092e-01   
   2587  -2.003779e-02 -2.993301e-01   
   2588   2.555654e-02 -2.095733e-01   
   2589   3.206053e-02 -1.930808e-01   
   2590  -2.590221e-02 -3.092876e-01   
   2591   9.179207e-03  2.490733e-01   
   2592   6.037620e-02 -8.266571e-02   
   2593   6.550328e-02  3.846939e-02   
   2594   3.213101e-02  1.959060e-01   
   2595  -8.576360e-03  2.839124e-01   
   2596  -1.392704e-02 -2.917194e-01   
   2597   1.156890e-02 -2.444414e-01   
   2598  -8.780876e-03 -2.832146e-01   
   2599   3.599945e-02 -1.856501e-01   
   2600   5.354957e-02 -1.257168e-01   
   2601  -1.769412e-01  4.676450e-01   
   2602  -4.388905e-03 -2.767406e-01   
   2603   4.991580e-02  1.431452e-01   
   2604   6.233885e-02  8.194336e-02   
   2605  -1.778037e-01 -4.673177e-01   
   2606   3.676032e-02  1.870421e-01   
   2607   4.745539e-02 -1.514629e-01   
   2608   6.793526e-02 -2.230960e-02   
   2609   5.964376e-02 -9.997073e-02   
   2610   6.720283e-02 -3.961461e-02   
   2611   5.844198e-02  1.081123e-01   
   2612   6.866770e-02 -5.004584e-03   
   2613   6.623571e-02  5.577440e-02   
   2614   1.733600e-02 -2.363200e-01   
   2615   6.647039e-02 -5.691963e-02   
   2616   6.940014e-02  1.230043e-02   
   2617   4.138963e-02  1.781781e-01   
   2618   4.136120e-02 -1.772090e-01   
   2619  -7.090329e-02  3.758070e-01   
   2620   5.454511e-02  1.342813e-01   
   2621   6.573795e-02 -7.422464e-02   
   2622   7.013258e-02  2.960545e-02   
   2623   2.321848e-02 -2.282362e-01   
   2624   1.794645e-02  2.414387e-01   
   2625   5.281713e-02 -1.430218e-01   
   2626   5.891132e-02 -1.172757e-01   
   2627   4.601893e-02  1.693142e-01   
   2628   6.696815e-02  7.307942e-02   
   2629   6.307129e-02  9.924838e-02   
   2630   2.360483e-02  2.309389e-01   
   2631   3.484092e-02 -2.027890e-01   
   2632   2.845117e-02 -2.188559e-01   
   2633   4.672295e-02 -1.687679e-01   
   2634   6.500551e-02 -9.152966e-02   
   2635   9.265443e-03 -2.610782e-01   
   2636   3.404555e-03 -2.721829e-01   
   2637   7.086502e-02  4.691046e-02   
   2638   2.823414e-02  2.220750e-01   
   2639   5.917442e-02  1.254173e-01   
   2640   8.307772e-03  2.659029e-01   
   2641   5.064824e-02  1.604502e-01   
   2642   7.256457e-02 -3.117354e-02   
   2643   7.329701e-02 -1.386853e-02   
   2644  -8.135107e-02  3.928611e-01   
   2645   3.286345e-02  2.132110e-01   
   2646   3.998298e-03  2.749014e-01   
   2647   7.183213e-02 -4.847856e-02   
   2648   7.402945e-02  3.436486e-03   
   2649  -1.002449e-02  2.998325e-01   
   2650  -4.867535e-03  2.912572e-01   
   2651  -1.003424e-04  2.829777e-01   
   2652   1.516285e-02 -2.530764e-01   
   2653   5.817888e-02 -1.345808e-01   
   2654   1.382939e-02  2.573046e-01   
   2655   6.770059e-02  9.038443e-02   
   2656   4.062876e-02 -1.945140e-01   
   2657   3.749276e-02  2.043471e-01   
   2658  -1.457137e-02  3.084762e-01   
   2659  -1.002449e-02 -2.998325e-01   
   2660   6.427307e-02 -1.088347e-01   
   2661  -1.356089e-01  4.453484e-01   
   2662   7.109969e-02 -6.578357e-02   
   2663  -9.118732e-02 -4.037532e-01   
   2664   5.208469e-02 -1.603268e-01   
   2665   7.476189e-02  2.074150e-02   
   2666   7.159746e-02  6.421547e-02   
   2667   3.426097e-02 -2.124158e-01   
   2668  -1.363969e-01 -4.450898e-01   
   2669   5.527755e-02  1.515863e-01   
   2670  -1.555291e-02 -3.099805e-01   
   2671   6.380373e-02  1.165534e-01   
   2672   1.866932e-02  2.503404e-01   
   2673   6.876367e-04 -2.833498e-01   
   2674  -4.171464e-03 -2.920219e-01   
   2675   4.212207e-02  1.954831e-01   
   2676   7.036725e-02 -8.308859e-02   
   2677   2.136126e-02 -2.454312e-01   
   2678   7.549433e-02  3.804652e-02   
   2679   4.599051e-02 -1.860729e-01   
   2680  -1.027644e-01  4.197271e-01   
   2681   4.675137e-02  1.866192e-01   
   2682   6.354063e-02 -1.261397e-01   
   2683   5.990686e-02  1.427224e-01   
   2684  -1.034691e-01 -4.195326e-01   
   2685   5.744644e-02 -1.518858e-01   
   2686   7.232990e-02  8.152049e-02   
   2687  -9.179869e-02  4.099154e-01   
   2688  -1.483222e-01  4.595239e-01   
   2689  -2.172769e-02 -3.245743e-01   
   2690   7.792632e-02 -2.273247e-02   
   2691   6.843303e-02  1.076894e-01   
   2692  -1.491423e-01 -4.592406e-01   
   2693   2.727026e-02 -2.373759e-01   
   2694   6.963481e-02 -1.003936e-01   
   2695  -7.140182e-02 -3.880515e-01   
   2696   7.719388e-02 -4.003749e-02   
   2697   7.865876e-02 -5.427458e-03   
   2698   7.622677e-02  5.535153e-02   
   2699   5.138068e-02  1.777553e-01   
   2700  -5.776240e-02 -3.734240e-01   
   2701   7.646144e-02 -5.734250e-02   
   2702   5.135225e-02 -1.776319e-01   
   2703   7.939120e-02  1.187756e-02   
   2704   3.281888e-02 -2.278515e-01   
   2705   6.453616e-02  1.338584e-01   
   2706  -4.348999e-02  3.588769e-01   
   2707   2.896658e-02  2.393800e-01   
   2708  -4.412204e-02 -3.587962e-01   
   2709   7.572900e-02 -7.464752e-02   
   2710   8.012364e-02  2.918257e-02   
   2711   5.600999e-02  1.688913e-01   
   2712   6.280819e-02 -1.434447e-01   
   2713  -1.148166e-01  4.356023e-01   
   2714   6.890238e-02 -1.176986e-01   
   2715  -1.155530e-01 -4.353838e-01   
   2716  -1.613822e-01  4.732397e-01   
   2717   7.306234e-02  9.882550e-02   
   2718   7.695921e-02  7.265654e-02   
   2719   4.515914e-02 -2.014994e-01   
   2720  -1.622398e-01 -4.729463e-01   
   2721   3.842526e-02 -2.195710e-01   
   2722   3.822520e-02  2.216521e-01   
   2723   1.918557e-02 -2.622154e-01   
   2724   2.695792e-02  2.477606e-01   
   2725   5.671400e-02 -1.691908e-01   
   2726   1.388015e-02  2.741789e-01   
   2727  -6.022461e-03  3.088116e-01   
   2728  -2.985933e-02  3.442396e-01   
   2729   7.499656e-02 -9.195253e-02   
   2730  -3.048205e-02 -3.441692e-01   
   2731   6.916547e-02  1.249945e-01   
   2732   8.085608e-02  4.648759e-02   
   2733   9.828663e-03  2.829126e-01   
   2734   0.000000e+00  3.000000e-01   
   2735   5.132825e-03  2.914159e-01   
   2736   6.063930e-02  1.600274e-01   
   2737   1.915476e-02  2.657100e-01   
   2738   4.275021e-02  2.133566e-01   
   2739   2.377700e-02  2.570684e-01   
   2740   1.442862e-02 -2.742716e-01   
   2741   3.577128e-02  2.314878e-01   
   2742  -3.476578e-10 -3.000000e-01   
   2743   8.255563e-02 -3.159642e-02   
   2744   8.328807e-02 -1.429140e-02   
   2745   1.015538e-02 -2.831686e-01   
   2746   4.403096e-02 -2.112900e-01   
   2747   8.182319e-02 -4.890143e-02   
   2748   4.748381e-02  2.039242e-01   
   2749   8.402051e-02  3.013612e-03   
   2750   6.816994e-02 -1.350036e-01   
   2751   5.588771e-03 -2.919982e-01   
   2752   5.061982e-02 -1.949369e-01   
   2753   7.769165e-02  8.996156e-02   
   2754   7.426412e-02 -1.092575e-01   
   2755  -4.078234e-03 -3.090881e-01   
   2756   6.207575e-02 -1.607497e-01   
   2757   8.109075e-02 -6.620645e-02   
   2758   6.526860e-02  1.511634e-01   
   2759   8.158852e-02  6.379260e-02   
   2760   8.475295e-02  2.031863e-02   
   2761   7.379478e-02  1.161305e-01   
   2762   5.211312e-02  1.950603e-01   
   2763   3.124062e-02 -2.469153e-01   
   2764   2.694949e-02 -2.560587e-01   
   2765   8.035831e-02 -8.351146e-02   
   2766   5.598156e-02 -1.864958e-01   
   2767   8.548539e-02  3.762364e-02   
   2768   3.552773e-02 -2.391953e-01   
   2769   5.674243e-02  1.861963e-01   
   2770  -1.086992e-02  3.251191e-01   
   2771   6.989791e-02  1.422995e-01   
   2772   7.353168e-02 -1.265626e-01   
   2773  -1.210231e-01  4.496439e-01   
   2774   6.743750e-02 -1.523086e-01   
   2775   8.232096e-02  8.109761e-02   
   2776  -1.218046e-01 -4.494150e-01   
   2777   7.842409e-02  1.072666e-01   
   2778   8.791737e-02 -2.315535e-02   
   2779   7.962587e-02 -1.008165e-01   
   2780   6.137174e-02  1.773324e-01   
   2781   8.718494e-02 -4.046036e-02   
   2782   8.864981e-02 -5.850333e-03   
   2783   8.621782e-02  5.492866e-02   
   2784  -6.135792e-02  3.933821e-01   
   2785   6.134331e-02 -1.780547e-01   
   2786   4.279393e-02 -2.285663e-01   
   2787   8.645250e-02 -5.776538e-02   
   2788   8.938225e-02  1.145468e-02   
   2789   3.724910e-02  2.435188e-01   
   2790   7.452722e-02  1.334355e-01   
   2791   1.823958e-02  2.827630e-01   
   2792   6.600104e-02  1.684684e-01   
   2793   8.572006e-02 -7.507039e-02   
   2794   1.392704e-02  2.917194e-01   
   2795   7.279924e-02 -1.438676e-01   
   2796   5.433805e-02 -2.035384e-01   
   2797   9.011469e-02  2.875970e-02   
   2798   7.889343e-02 -1.181215e-01   
   2799   2.378143e-02  2.745496e-01   
   2800   2.832917e-02  2.657472e-01   
   2801  -1.332209e-01  4.642394e-01   
   2802   8.305340e-02  9.840263e-02   
   2803   2.786960e-02 -2.657154e-01   
   2804   1.002449e-02  2.998325e-01   
   2805   8.695026e-02  7.223367e-02   
   2806  -1.340350e-01 -4.639873e-01   
   2807   4.759046e-02  2.246401e-01   
   2808   6.670506e-02 -1.696137e-01   
   2809   1.961178e-02 -2.826712e-01   
   2810   2.439021e-02 -2.739235e-01   
   2811   1.002449e-02 -2.998325e-01   
   2812   5.284556e-02  2.123653e-01   
   2813   7.915653e-02  1.245716e-01   
   2814   8.498762e-02 -9.237541e-02   
   2815   7.063035e-02  1.596045e-01   
   2816   3.513904e-02  2.548174e-01   
   2817   1.534276e-02 -2.916484e-01   
   2818   5.186234e-03  3.103270e-01   
   2819   9.084713e-02  4.606471e-02   
   2820  -7.180549e-02  4.104361e-01   
   2821   5.747487e-02  2.035013e-01   
   2822   5.186233e-03 -3.103270e-01   
   2823   9.254668e-02 -3.201929e-02   
   2824   9.327912e-02 -1.471428e-02   
   2825  -8.367651e-02 -4.222847e-01   
   2826   6.061087e-02 -1.953597e-01   
   2827   9.181424e-02 -4.932431e-02   
   2828   7.816099e-02 -1.354265e-01   
   2829   9.401156e-02  2.590738e-03   
   2830   5.068522e-02 -2.220963e-01   
   2831   8.768270e-02  8.953869e-02   
   2832   7.525966e-02  1.507405e-01   
   2833   7.206680e-02 -1.611726e-01   
   2834   8.425518e-02 -1.096804e-01   
   2835   6.210418e-02  1.946374e-01   
   2836  -1.457454e-01  4.782868e-01   
   2837   9.157957e-02  6.336973e-02   
   2838   9.108180e-02 -6.662932e-02   
   2839   8.378584e-02  1.157076e-01   
   2840  -1.465968e-01 -4.780265e-01   
   2841   9.474400e-02  1.989575e-02   
   2842  -2.420970e-03 -3.257685e-01   
   2843   4.558532e-02 -2.387708e-01   
   2844  -6.555367e-02 -4.071774e-01   
   2845   4.652863e-02  2.382099e-01   
   2846   4.226363e-02 -2.465839e-01   
   2847  -9.526179e-02  4.381930e-01   
   2848  -5.191426e-02 -3.925498e-01   
   2849   6.673348e-02  1.857735e-01   
   2850   6.597262e-02 -1.869187e-01   
   2851  -9.600270e-02 -4.380132e-01   
   2852   9.034936e-02 -8.393434e-02   
   2853   9.547644e-02  3.720077e-02   
   2854  -3.762936e-02  3.779992e-01   
   2855   7.988897e-02  1.418766e-01   
   2856  -3.827472e-02 -3.779224e-01   
   2857   3.928305e-02 -2.559493e-01   
   2858  -8.223975e-02  4.274933e-01   
   2859   8.352274e-02 -1.269854e-01   
   2860   7.742855e-02 -1.527315e-01   
   2861   9.231201e-02  8.067474e-02   
   2862   3.610702e-02 -2.636840e-01   
   2863   8.841514e-02  1.068437e-01   
   2864   7.136279e-02  1.769095e-01   
   2865   2.767792e-02  2.819956e-01   
   2866   8.961692e-02 -1.012394e-01   
   2867   9.790843e-02 -2.357822e-02   
   2868  -2.399910e-02  3.633618e-01   
   2869   9.717599e-02 -4.088324e-02   
   2870   9.620888e-02  5.450578e-02   
   2871   9.864087e-02 -6.273207e-03   
   2872   4.519660e-02  2.480624e-01   
   2873  -2.463460e-02 -3.632953e-01   
   2874   3.271572e-02 -2.726954e-01   
   2875   7.133436e-02 -1.784776e-01   
   2876   2.366706e-02  2.910912e-01   
   2877   8.451827e-02  1.330127e-01   
   2878   9.644355e-02 -5.818825e-02   
   2879   9.937331e-02  1.103181e-02   
   2880   3.340283e-02  2.742573e-01   
   2881   2.003779e-02  2.993301e-01   
   2882   2.904628e-02 -2.818580e-01   
   2883   7.599210e-02  1.680456e-01   
   2884  -1.063947e-01  4.534397e-01   
   2885   3.830458e-02  2.655674e-01   
   2886   6.036736e-02 -2.139205e-01   
   2887  -1.071685e-01 -4.532395e-01   
   2888   2.003779e-02 -2.993301e-01   
   2889   8.279030e-02 -1.442904e-01   
   2890   9.571111e-02 -7.549327e-02   
   2891   2.507962e-02 -2.909729e-01   
   2892  -1.036892e-02  3.487256e-01   
   2893   1.001057e-01  2.833682e-02   
   2894   8.888448e-02 -1.185444e-01   
   2895  -1.099464e-02 -3.486682e-01   
   2896   9.304445e-02  9.797976e-02   
   2897   9.694132e-02  7.181080e-02   
   2898   6.283662e-02  2.119424e-01   
   2899   1.555291e-02  3.099805e-01   
   2900   6.524018e-02 -2.042237e-01   
   2901   4.406015e-02  2.567296e-01   
   2902   7.669611e-02 -1.700365e-01   
   2903   8.062141e-02  1.591816e-01   
   2904   8.914758e-02  1.241487e-01   
   2905   5.953904e-02  2.226892e-01   
   2906   1.657568e-02 -3.086703e-01   
   2907   9.497867e-02 -9.279828e-02   
   2908   6.746592e-02  2.030785e-01   
   2909   1.008382e-01  4.564184e-02   
   2910   5.583353e-02  2.345864e-01   
   2911   5.533393e-02 -2.350428e-01   
   2912   1.025377e-01 -3.244217e-02   
   2913   1.032702e-01 -1.513715e-02   
   2914   8.815205e-02 -1.358494e-01   
   2915  -1.180663e-01  4.684341e-01   
   2916   1.018053e-01 -4.974718e-02   
   2917   7.209523e-02  1.942145e-01   
   2918   5.200737e-02 -2.444657e-01   
   2919   1.040026e-01  2.167864e-03   
   2920   8.525071e-02  1.503177e-01   
   2921   9.767376e-02  8.911581e-02   
   2922  -1.188731e-01 -4.682123e-01   
   2923   8.205786e-02 -1.615955e-01   
   2924   9.424623e-02 -1.101033e-01   
   2925   9.377689e-02  1.152848e-01   
   2926   1.015706e-01  6.294685e-02   
   2927   1.010729e-01 -6.705220e-02   
   2928   1.047351e-01  1.947288e-02   
   2929   1.086992e-02  3.251191e-01   
   2930   4.904344e-02 -2.538957e-01   
   2931   6.165101e-02 -2.248652e-01   
   2932   5.426956e-02  2.444487e-01   
   2933   7.672454e-02  1.853506e-01   
   2934   7.596367e-02 -1.873415e-01   
   2935   4.109547e-02 -2.719194e-01   
   2936   7.265899e-02 -1.974953e-01   
   2937   1.003404e-01 -8.435721e-02   
   2938   8.988002e-02  1.414537e-01   
   2939   4.600854e-02 -2.633148e-01   
   2940   3.679394e-02  2.829537e-01   
   2941   1.054675e-01  3.677789e-02   
   2942   3.338065e-02  2.901378e-01   
   2943   9.351379e-02 -1.274083e-01   
   2944   8.741961e-02 -1.531544e-01   
   2945   8.135385e-02  1.764866e-01   
   2946   1.023031e-01  8.025187e-02   
   2947   3.844834e-02 -2.807300e-01   
   2948  -5.181340e-02  4.109574e-01   
   2949   9.840620e-02  1.064208e-01   
   2950  -1.300510e-01  4.827906e-01   
   2951   3.002871e-02  2.984933e-01   
   2952  -1.308947e-01 -4.825625e-01   
   2953   9.960798e-02 -1.016622e-01   
   2954   5.335506e-02  2.534305e-01   
   2955   1.078995e-01 -2.400110e-02   
   2956   1.061999e-01  5.408291e-02   
   2957   1.071670e-01 -4.130611e-02   
   2958   3.002871e-02 -2.984933e-01   
   2959   3.478847e-02 -2.899723e-01   
   2960   1.086319e-01 -6.696081e-03   
   2961   9.450933e-02  1.325898e-01   
   2962   2.630124e-02  3.076404e-01   
   2963   8.598315e-02  1.676227e-01   
   2964   1.064346e-01 -5.861112e-02   
   2965   1.093644e-01  1.060893e-02   
   2966   8.227881e-02 -1.804687e-01   
   2967   7.277211e-02 -2.097727e-01   
   2968   9.278135e-02 -1.447133e-01   
   2969   7.282767e-02  2.115195e-01   
   2970   2.590221e-02 -3.092876e-01   
   2971   1.057022e-01 -7.591614e-02   
   2972   1.100968e-01  2.791395e-02   
   2973   9.887554e-02 -1.189672e-01   
   2974   1.030355e-01  9.755688e-02   
   2975   5.187014e-02  2.627531e-01   
   2976   1.069324e-01  7.138792e-02   
   2977   8.668717e-02 -1.704594e-01   
   2978   9.061246e-02  1.587587e-01   
   2979   9.913864e-02  1.237258e-01   
   2980  -6.226423e-02  4.280084e-01   
   2981   4.838176e-02  2.719716e-01   
   2982   6.649015e-02  2.320113e-01   
   2983  -9.174141e-02  4.567405e-01   
   2984  -6.294176e-02 -4.278877e-01   
   2985   1.049697e-01 -9.322115e-02   
   2986   6.181224e-02 -2.426512e-01   
   2987   1.108292e-01  4.521896e-02   
   2988  -9.250629e-02 -4.565683e-01   
   2989   7.109281e-02 -2.210987e-01   
   2990   4.501435e-02  2.805187e-01   
   2991   8.175203e-02  1.930984e-01   
   2992   7.182820e-02  2.208587e-01   
   2993   5.838736e-02 -2.520159e-01   
   2994   6.383892e-02  2.416461e-01   
   2995  -4.606610e-02 -4.116757e-01   
   2996   1.125288e-01 -3.286504e-02   
   2997   1.132612e-01 -1.556003e-02   
   2998  -3.176826e-02  3.971211e-01   
   2999   9.814310e-02 -1.362723e-01   
   3000   9.524177e-02  1.498948e-01   
   3001   8.257356e-02 -1.921888e-01   
   3002   5.085670e-02 -2.699013e-01   
   3003  -3.242681e-02 -3.970483e-01   
   3004   1.117964e-01 -5.017005e-02   
   3005   1.139937e-01  1.744990e-03   
   3006   9.204891e-02 -1.620183e-01   
   3007   1.076648e-01  8.869294e-02   
   3008   5.540713e-02 -2.614742e-01   
   3009   1.042373e-01 -1.105262e-01   
   3010   1.037679e-01  1.148619e-01   
   3011   1.115617e-01  6.252398e-02   
   3012   4.305696e-02  2.888603e-01   
   3013  -1.813876e-02  3.824843e-01   
   3014   2.172769e-02 -3.245743e-01   
   3015   1.110639e-01 -6.747507e-02   
   3016   6.154991e-02  2.512623e-01   
   3017   1.147261e-01  1.905000e-02   
   3018  -1.878673e-02 -3.824214e-01   
   3019   4.780745e-02 -2.792885e-01   
   3020   6.941460e-02 -2.331268e-01   
   3021   8.188111e-02  2.030180e-01   
   3022   9.987108e-02  1.410309e-01   
   3023   3.998609e-02  2.973232e-01   
   3024   1.103315e-01 -8.478008e-02   
   3025  -1.028771e-01  4.721129e-01   
   3026   1.154585e-01  3.635502e-02   
   3027  -7.264376e-02  4.450205e-01   
   3028   4.445846e-02 -2.886480e-01   
   3029  -4.508685e-03  3.678478e-01   
   3030   5.914857e-02  2.608838e-01   
   3031   3.998609e-02 -2.973232e-01   
   3032  -1.036752e-01 -4.719205e-01   
   3033   9.134490e-02  1.760638e-01   
   3034  -7.335374e-02 -4.448802e-01   
   3035  -5.147090e-03 -3.677940e-01   
   3036   9.741066e-02 -1.535773e-01   
   3037   1.035048e-01 -1.278312e-01   
   3038   1.122941e-01  7.982899e-02   
   3039   1.083973e-01  1.059980e-01   
   3040   9.138592e-02 -1.778055e-01   
   3041   3.622259e-02  3.082494e-01   
   3042   1.095990e-01 -1.020851e-01   
   3043   1.178905e-01 -2.442397e-02   
   3044   1.161910e-01  5.366003e-02   
   3045   1.171581e-01 -4.172898e-02   
   3046   1.045004e-01  1.321669e-01   
   3047   1.186230e-01 -7.118955e-03   
   3048   8.359037e-02 -2.048869e-01   
   3049   9.597421e-02  1.671998e-01   
   3050   3.715557e-02 -3.068739e-01   
   3051   9.121556e-03  3.532115e-01   
   3052   1.164257e-01 -5.903400e-02   
   3053   9.032884e-02  1.879698e-01   
   3054   1.193554e-01  1.018606e-02   
   3055   8.492764e-03 -3.531669e-01   
   3056   2.966420e-02  3.221489e-01   
   3057   5.770725e-02  2.706952e-01   
   3058   7.617033e-02  2.295097e-01   
   3059   8.221389e-02  2.141769e-01   
   3060   1.027724e-01 -1.451362e-01   
   3061   9.131089e-02 -1.869716e-01   
   3062   1.156932e-01 -7.633901e-02   
   3063  -1.143181e-01  4.867560e-01   
   3064   1.130266e-01  9.713401e-02   
   3065   1.088666e-01 -1.193901e-01   
   3066   1.200879e-01  2.749107e-02   
   3067   9.667822e-02 -1.708823e-01   
   3068  -1.151528e-01 -4.865592e-01   
   3069   1.169234e-01  7.096505e-02   
   3070   1.006035e-01  1.583359e-01   
   3071   5.576546e-02  2.778090e-01   
   3072   7.349076e-02  2.391421e-01   
   3073   8.171935e-02 -2.171427e-01   
   3074   7.190035e-02 -2.419386e-01   
   3075   1.091297e-01  1.233030e-01   
   3076   6.868886e-02 -2.506870e-01   
   3077   6.068302e-02 -2.682285e-01   
   3078   6.487002e-02 -2.595203e-01   
   3079   1.149608e-01 -9.364403e-02   
   3080   7.073734e-02  2.487258e-01   
   3081   1.208203e-01  4.479609e-02   
   3082   2.275214e-02  3.385752e-01   
   3083   5.268517e-02  2.872603e-01   
   3084   9.049337e-02  1.979414e-01   
   3085   5.711317e-02 -2.775350e-01   
   3086   1.052328e-01  1.494719e-01   
   3087   1.225198e-01 -3.328791e-02   
   3088   1.081342e-01 -1.366951e-01   
   3089   1.232523e-01 -1.598290e-02   
   3090   9.135253e-02 -1.969661e-01   
   3091   1.020400e-01 -1.624412e-01   
   3092   1.176559e-01  8.827006e-02   
   3093   1.217874e-01 -5.059293e-02   
   3094   8.063244e-02 -2.277643e-01   
   3095   1.239847e-01  1.322115e-03   
   3096  -7.708030e-02  4.595518e-01   
   3097   4.989881e-02  2.958211e-01   
   3098   8.271971e-02  2.241616e-01   
   3099   6.847561e-02  2.583598e-01   
   3100   1.137590e-01  1.144390e-01   
   3101   1.142283e-01 -1.109490e-01   
   3102   5.407880e-02 -2.870012e-01   
   3103  -7.783513e-02 -4.594066e-01   
   3104   1.215527e-01  6.210110e-02   
   3105   4.989881e-02 -2.958211e-01   
   3106   1.210550e-01 -6.789794e-02   
   3107   1.247172e-01  1.862713e-02   
   3108   1.098621e-01  1.406080e-01   
   3109   9.058858e-02  2.079296e-01   
   3110   9.894182e-02  1.829021e-01   
   3111   6.681305e-02  2.667677e-01   
   3112   1.203225e-01 -8.520296e-02   
   3113   1.013360e-01  1.756409e-01   
   3114   1.254496e-01  3.593214e-02   
   3115   4.738901e-02  3.054610e-01   
   3116   7.963151e-02 -2.376525e-01   
   3117   1.074017e-01 -1.540001e-01   
   3118   1.134959e-01 -1.282541e-01   
   3119   4.650251e-02 -3.068669e-01   
   3120   1.183883e-01  1.055751e-01   
   3121   1.222852e-01  7.940612e-02   
   3122   9.306322e-02 -2.052084e-01   
   3123   1.009279e-01 -1.818137e-01   
   3124   1.195901e-01 -1.025080e-01   
   3125   1.055903e-01  1.677655e-01   
   3126   1.144914e-01  1.317440e-01   
   3127   1.261820e-01  5.323716e-02   
   3128   1.278816e-01 -2.484684e-02   
   3129   6.501730e-02  2.757904e-01   
   3130   9.055798e-02 -2.145441e-01   
   3131   8.347846e-02  2.344664e-01   
   3132   1.271492e-01 -4.215186e-02   
   3133   1.286140e-01 -7.541829e-03   
   3134  -8.767118e-02  4.752809e-01   
   3135  -8.845938e-02 -4.751171e-01   
   3136   9.900062e-02  1.928952e-01   
   3137   6.888064e-02 -2.680673e-01   
   3138   1.264167e-01 -5.945687e-02   
   3139   7.835997e-02 -2.474462e-01   
   3140   1.293465e-01  9.763186e-03   
   3141   1.127635e-01 -1.455591e-01   
   3142   9.110999e-02  2.187387e-01   
   3143   6.635511e-02 -2.754716e-01   
   3144   9.997806e-02 -1.919489e-01   
   3145   8.037488e-02  2.461566e-01   
   3146  -3.952386e-02  4.308854e-01   
   3147   6.225455e-02  2.853394e-01   
   3148   1.230176e-01  9.671113e-02   
   3149  -2.590699e-02  4.162429e-01   
   3150   1.256842e-01 -7.676190e-02   
   3151   1.188576e-01 -1.198130e-01   
   3152   1.105946e-01  1.579130e-01   
   3153  -4.021515e-02 -4.307995e-01   
   3154   1.300789e-01  2.706820e-02   
   3155  -5.294032e-02  4.456212e-01   
   3156  -2.657975e-02 -4.161743e-01   
   3157   1.269145e-01  7.054217e-02   
   3158   1.191207e-01  1.228801e-01   
   3159  -5.365075e-02 -4.455181e-01   
   3160   8.982031e-02 -2.244933e-01   
   3161  -1.227773e-02  4.016062e-01   
   3162   7.769417e-02  2.557637e-01   
   3163   4.268743e-02 -3.224230e-01   
   3164  -1.293951e-02 -4.015475e-01   
   3165   6.363873e-02 -2.850339e-01   
   3166   5.975580e-02  2.939885e-01   
   3167   1.249518e-01 -9.406690e-02   
   3168   1.308114e-01  4.437322e-02   
   3169   9.917180e-02  2.028870e-01   
   3170   5.975580e-02 -2.939885e-01   
   3171   1.152239e-01  1.490491e-01   
   3172   1.352305e-03  3.869699e-01   
   3173   1.082741e-01 -1.744054e-01   
   3174  -9.856581e-02  4.901885e-01   
   3175   7.006155e-04 -3.869206e-01   
   3176   9.993614e-02 -2.019274e-01   
   3177   7.686654e-02 -2.606223e-01   
   3178   1.181252e-01 -1.371180e-01   
   3179   8.860551e-02 -2.333809e-01   
   3180   1.325109e-01 -3.371079e-02   
   3181  -9.939019e-02 -4.900220e-01   
   3182   1.332433e-01 -1.640577e-02   
   3183   7.633763e-02  2.638288e-01   
   3184   1.084641e-01  1.775713e-01   
   3185   1.276469e-01  8.784719e-02   
   3186   1.317785e-01 -5.101580e-02   
   3187   1.237501e-01  1.140161e-01   
   3188   1.339758e-01  8.992413e-04   
   3189   9.162663e-02  2.286861e-01   
   3190   1.242194e-01 -1.113719e-01   
   3191   1.126504e-01 -1.635613e-01   
   3192   1.315438e-01  6.167823e-02   
   3193   1.310460e-01 -6.832085e-02   
   3194   1.347082e-01  1.820426e-02   
   3195   1.498239e-02  3.723336e-01   
   3196   5.756951e-02 -3.037069e-01   
   3197   1.434042e-02 -3.722932e-01   
   3198   1.198532e-01  1.401851e-01   
   3199   7.419652e-02  2.734639e-01   
   3200   9.932380e-02  2.127041e-01   
   3201  -6.242798e-02  4.618795e-01   
   3202   5.805118e-02  3.052938e-01   
   3203   8.729996e-02 -2.432498e-01   
   3204   1.079958e-01  1.875550e-01   
   3205  -6.317168e-02 -4.617604e-01   
   3206   1.303136e-01 -8.562583e-02   
   3207   1.354407e-01  3.550927e-02   
   3208   1.173928e-01 -1.544230e-01   
   3209   1.006252e-01 -2.104246e-01   
   3210   1.234870e-01 -1.286769e-01   
   3211   1.283794e-01  1.051522e-01   
   3212   1.322762e-01  7.898324e-02   
   3213   7.552293e-02 -2.731005e-01   
   3214   1.093194e-01 -1.872403e-01   
   3215   7.175439e-02  2.830998e-01   
   3216   2.861248e-02  3.576973e-01   
   3217   1.244825e-01  1.313212e-01   
   3218   1.295811e-01 -1.029308e-01   
   3219   2.798024e-02 -3.576659e-01   
   3220   8.669797e-02  2.516276e-01   
   3221   9.875907e-02 -2.202250e-01   
   3222   9.143215e-02  2.406917e-01   
   3223   1.361731e-01  5.281429e-02   
   3224   1.378726e-01 -2.526972e-02   
   3225   1.371402e-01 -4.257473e-02   
   3226   1.386051e-01 -7.964703e-03   
   3227   1.077281e-01  1.977631e-01   
   3228   8.649180e-02 -2.531718e-01   
   3229   1.364078e-01 -5.987975e-02   
   3230   1.165696e-01  1.699320e-01   
   3231   7.312760e-02 -2.827482e-01   
   3232   1.393375e-01  9.340312e-03   
   3233   6.954605e-02  2.918276e-01   
   3234   1.227545e-01 -1.459819e-01   
   3235   5.410706e-02  3.207694e-01   
   3236   9.992009e-02  2.233863e-01   
   3237   1.087264e-01 -1.972160e-01   
   3238   1.330087e-01  9.628826e-02   
   3239   6.954604e-02 -2.918276e-01   
   3240   1.206878e-01  1.580864e-01   
   3241   1.288487e-01 -1.202359e-01   
   3242   1.356754e-01 -7.718479e-02   
   3243   1.400700e-01  2.664533e-02   
   3244   1.369055e-01  7.011930e-02   
   3245  -7.246599e-02  4.779442e-01   
   3246   1.291118e-01  1.224572e-01   
   3247   9.816948e-02 -2.298235e-01   
   3248  -7.324317e-02 -4.778079e-01   
   3249   8.595990e-02  2.612276e-01   
   3250   4.224258e-02  3.430611e-01   
   3251   1.176596e-01 -1.718919e-01   
   3252   4.162064e-02 -3.430384e-01   
   3253   6.691987e-02  3.008857e-01   
   3254   1.349429e-01 -9.448978e-02   
   3255   1.079323e-01  2.076535e-01   
   3256   1.408024e-01  4.395034e-02   
   3257   1.252149e-01  1.486262e-01   
   3258   8.329288e-02  2.708319e-01   
   3259   1.084601e-01 -2.071050e-01   
   3260   9.640246e-02 -2.395702e-01   
   3261   1.281163e-01 -1.375409e-01   
   3262   6.689511e-02 -3.030756e-01   
   3263   1.168661e-01  1.829844e-01   
   3264   1.220221e-01 -1.632870e-01   
   3265   1.425020e-01 -3.413366e-02   
   3266   1.432344e-01 -1.682865e-02   
   3267   1.376380e-01  8.742431e-02   
   3268   1.337411e-01  1.135933e-01   
   3269   8.751173e-02 -2.625610e-01   
   3270   1.006069e-01  2.327141e-01   
   3271   1.417695e-01 -5.143868e-02   
   3272   1.439668e-01  4.763672e-04   
   3273   1.342105e-01 -1.117948e-01   
   3274   1.415348e-01  6.125536e-02   
   3275   8.460640e-02 -2.704244e-01   
   3276   1.410371e-01 -6.874369e-02   
   3277   1.181504e-01 -1.827849e-01   
   3278   1.446993e-01  1.778138e-02   
   3279   9.496619e-02  2.497255e-01   
   3280   1.298442e-01  1.397622e-01   
   3281   8.117410e-02  2.805441e-01   
   3282  -8.281235e-02  4.930944e-01   
   3283   9.542002e-02 -2.487688e-01   
   3284   1.080349e-01  2.175756e-01   
   3285   1.164292e-01  1.928890e-01   
   3286  -8.362519e-02 -4.929572e-01   
   3287   1.081258e-01 -2.170026e-01   
   3288   1.403046e-01 -8.604874e-02   
   3289   1.454317e-01  3.508640e-02   
   3290   1.273838e-01 -1.548459e-01   
   3291   6.220763e-02 -3.186090e-01   
   3292   1.334780e-01 -1.290998e-01   
   3293   8.253479e-02 -2.801468e-01   
   3294   1.383704e-01  1.047293e-01   
   3295   1.422673e-01  7.856037e-02   
   3296   1.059083e-01 -2.266567e-01   
   3297   7.925862e-02  2.893408e-01   
   3298   9.378898e-02  2.581409e-01   
   3299  -4.780055e-02  4.637300e-01   
   3300   1.176493e-01 -1.927611e-01   
   3301   1.259474e-01  1.659312e-01   
   3302  -3.370807e-02  4.499464e-01   
   3303  -2.004942e-02  4.353612e-01   
   3304  -4.853210e-02 -4.636360e-01   
   3305   1.344735e-01  1.308983e-01   
   3306   7.925862e-02 -2.893408e-01   
   3307  -3.442335e-02 -4.498680e-01   
   3308  -2.074635e-02 -4.353000e-01   
   3309   1.395722e-01 -1.033537e-01   
   3310   1.011383e-01  2.426850e-01   
   3311  -6.417554e-03  4.207281e-01   
   3312   1.461642e-01  5.239141e-02   
   3313   1.478637e-01 -2.569259e-02   
   3314  -7.092466e-03 -4.206737e-01   
   3315   1.162067e-01  2.028597e-01   
   3316   1.471313e-01 -4.299761e-02   
   3317   1.485961e-01 -8.387577e-03   
   3318   1.463988e-01 -6.030262e-02   
   3319   7.212643e-03  4.060920e-01   
   3320   1.493286e-01  8.917437e-03   
   3321   9.589294e-02 -2.577470e-01   
   3322   1.169531e-01 -2.027100e-01   
   3323   1.327456e-01 -1.464048e-01   
   3324   6.547835e-03 -4.060468e-01   
   3325   1.305767e-01  1.570672e-01   
   3326   9.229620e-02  2.678974e-01   
   3327   1.090372e-01  2.274474e-01   
   3328   1.429997e-01  9.586538e-02   
   3329   7.026131e-02  3.126474e-01   
   3330   1.388398e-01 -1.206587e-01   
   3331   1.055079e-01 -2.364768e-01   
   3332   7.698502e-02  3.006711e-01   
   3333   1.456664e-01 -7.760767e-02   
   3334   1.391029e-01  1.220343e-01   
   3335   1.500610e-01  2.622245e-02   
   3336   1.468966e-01  6.969643e-02   
   3337   1.228929e-01  1.888613e-01   
   3338   7.772633e-02 -2.991834e-01   
   3339   2.084274e-02  3.914558e-01   
   3340   9.359538e-02 -2.674463e-01   
   3341   2.018815e-02 -3.914192e-01   
   3342   1.272012e-01 -1.754212e-01   
   3343   1.164398e-01  2.127603e-01   
   3344   1.449339e-01 -9.491268e-02   
   3345   1.352060e-01  1.482033e-01   
   3346   1.507935e-01  4.352747e-02   
   3347   9.050314e-02  2.776750e-01   
   3348   1.044882e-01 -2.447758e-01   
   3349   1.166798e-01 -2.126288e-01   
   3350  -5.727852e-02  4.801091e-01   
   3351   1.275638e-01  1.808572e-01   
   3352  -5.804359e-02 -4.799994e-01   
   3353   1.381073e-01 -1.379638e-01   
   3354   1.320131e-01 -1.637098e-01   
   3355   1.476290e-01  8.700144e-02   
   3356   1.524930e-01 -3.455654e-02   
   3357   1.532255e-01 -1.725152e-02   
   3358   1.437322e-01  1.131704e-01   
   3359   1.017736e-01  2.554821e-01   
   3360   3.447282e-02  3.768195e-01   
   3361   1.232206e-01  1.980420e-01   
   3362   1.094793e-01  2.371960e-01   
   3363   3.382791e-02 -3.767919e-01   
   3364   1.147462e-01 -2.220395e-01   
   3365   9.184979e-02 -2.772324e-01   
   3366   1.517606e-01 -5.186155e-02   
   3367   1.539579e-01  5.349308e-05   
   3368   1.442015e-01 -1.122177e-01   
   3369   1.515259e-01  6.083248e-02   
   3370   1.265182e-01 -1.882397e-01   
   3371   8.888267e-02  2.865307e-01   
   3372   1.398353e-01  1.393394e-01   
   3373   1.510281e-01 -6.916657e-02   
   3374   1.546903e-01  1.735851e-02   
   3375   8.888267e-02 -2.865307e-01   
   3376   1.169235e-01  2.214255e-01   
   3377   1.035982e-01 -2.543630e-01   
   3378   1.502957e-01 -8.647161e-02   
   3379   1.373749e-01 -1.552688e-01   
   3380   1.554228e-01  3.466352e-02   
   3381   1.434691e-01 -1.295227e-01   
   3382   4.810292e-02  3.621832e-01   
   3383   1.483615e-01  1.043065e-01   
   3384   1.011964e-01  2.646637e-01   
   3385   1.258423e-01 -1.981716e-01   
   3386   4.746770e-02 -3.621647e-01   
   3387   1.522583e-01  7.813750e-02   
   3388   1.143790e-01 -2.319175e-01   
   3389   1.362318e-01  1.642980e-01   
   3390   1.444646e-01  1.304754e-01   
   3391  -6.707556e-02  4.954804e-01   
   3392  -6.787570e-02 -4.953715e-01   
   3393   1.495632e-01 -1.037766e-01   
   3394   8.698894e-02  2.979307e-01   
   3395   1.024798e-01 -2.641694e-01   
   3396   1.561552e-01  5.196854e-02   
   3397   1.247292e-01  2.079037e-01   
   3398   1.578548e-01 -2.611547e-02   
   3399   8.698894e-02 -2.979307e-01   
   3400   1.571223e-01 -4.342048e-02   
   3401   1.585872e-01 -8.810451e-03   
   3402   1.172003e-01  2.312279e-01   
   3403   1.252611e-01 -2.081353e-01   
   3404   1.563899e-01 -6.072549e-02   
   3405   1.405677e-01  1.566444e-01   
   3406   9.973110e-02  2.744957e-01   
   3407   1.593196e-01  8.494563e-03   
   3408   1.427366e-01 -1.468277e-01   
   3409   1.366424e-01 -1.725738e-01   
   3410   1.529908e-01  9.544251e-02   
   3411   1.139404e-01 -2.418038e-01   
   3412   1.488308e-01 -1.210816e-01   
   3413   6.173301e-02  3.475469e-01   
   3414   1.108215e-01  2.513000e-01   
   3415   1.490939e-01  1.216115e-01   
   3416   1.321099e-01  1.917730e-01   
   3417   1.556575e-01 -7.803054e-02   
   3418   6.110804e-02 -3.475376e-01   
   3419   1.568876e-01  6.927355e-02   
   3420   1.600521e-01  2.579958e-02   
   3421   1.237233e-01 -2.176991e-01   
   3422   1.010622e-01 -2.740084e-01   
   3423   1.114752e-01 -2.514006e-01   
   3424   1.254125e-01  2.161942e-01   
   3425   1.451970e-01  1.477804e-01   
   3426   9.840746e-02  2.834007e-01   
   3427   1.549250e-01 -9.533556e-02   
   3428   1.607845e-01  4.310459e-02   
   3429   1.390798e-01  1.742655e-01   
   3430   9.840746e-02 -2.834007e-01   
   3431   1.362902e-01 -1.845422e-01   
   3432   1.420042e-01 -1.641327e-01   
   3433   1.480984e-01 -1.383866e-01   
   3434   1.576201e-01  8.657857e-02   
   3435   1.537232e-01  1.127475e-01   
   3436   1.099837e-01  2.611344e-01   
   3437   1.228943e-01 -2.276359e-01   
   3438   1.624841e-01 -3.497941e-02   
   3439   1.632165e-01 -1.767440e-02   
   3440   1.324854e-01  2.017424e-01   
   3441   1.617516e-01 -5.228442e-02   
   3442   1.541926e-01 -1.126405e-01   
   3443   1.639489e-01 -3.693810e-04   
   3444  -4.212522e-02  4.817826e-01   
   3445   1.615170e-01  6.040961e-02   
   3446   1.498264e-01  1.389165e-01   
   3447   7.536309e-02  3.329106e-01   
   3448   8.467287e-02 -3.149003e-01   
   3449   7.474788e-02 -3.329104e-01   
   3450  -4.287714e-02 -4.816984e-01   
   3451   1.353485e-01 -1.944953e-01   
   3452   1.610192e-01 -6.958944e-02   
   3453   1.112498e-01 -2.605976e-01   
   3454   1.646814e-01  1.693563e-02   
   3455  -5.601479e-04  4.398509e-01   
   3456   1.257453e-01  2.260735e-01   
   3457  -1.258324e-03 -4.398062e-01   
   3458   1.394294e-01  1.866743e-01   
   3459   1.307298e-02  4.252142e-01   
   3460   1.197186e-01  2.444639e-01   
   3461   9.753601e-02 -2.933238e-01   
   3462   1.473659e-01 -1.556916e-01   
   3463   1.602868e-01 -8.689446e-02   
   3464   1.088477e-01  2.710099e-01   
   3465   1.239541e-02 -4.251725e-01   
   3466   1.654138e-01  3.424065e-02   
   3467   1.534601e-01 -1.299456e-01   
   3468   1.583525e-01  1.038836e-01   
   3469   1.459295e-01  1.650854e-01   
   3470   1.225188e-01 -2.375455e-01   
   3471   1.622494e-01  7.771462e-02   
   3472   1.345253e-01 -2.044221e-01   
   3473   9.832746e-02  2.957739e-01   
   3474   2.670307e-02  4.105779e-01   
   3475   1.551722e-01  1.291943e-01   
   3476   2.603545e-02 -4.105455e-01   
   3477   1.101618e-01 -2.704784e-01   
   3478   1.595543e-01 -1.041995e-01   
   3479   1.203564e-01 -2.468753e-01   
   3480   1.661463e-01  5.154566e-02   
   3481   1.340598e-01  2.112293e-01   
   3482   1.678458e-01 -2.653834e-02   
   3483   1.330426e-01 -2.142920e-01   
   3484   1.671134e-01 -4.384335e-02   
   3485   1.685783e-01 -9.233325e-03   
   3486   1.505588e-01  1.562215e-01   
   3487   1.078223e-01  2.799542e-01   
   3488   9.148710e-02  3.133163e-01   
   3489   1.663809e-01 -6.114836e-02   
   3490   1.527277e-01 -1.472506e-01   
   3491  -5.137268e-02  4.973538e-01   
   3492   1.693107e-01  8.071689e-03   
   3493   4.033317e-02  3.959416e-01   
   3494   1.078223e-01 -2.799542e-01   
   3495  -1.868226e-02  4.660279e-01   
   3496   1.267687e-01  2.362514e-01   
   3497   1.629818e-01  9.501964e-02   
   3498  -5.215902e-02 -4.972720e-01   
   3499   3.967553e-02 -3.959185e-01   
   3500   1.459561e-01 -1.762424e-01   
   3501   1.186480e-01  2.573135e-01   
   3502  -1.938666e-02 -4.659809e-01   
   3503   1.590850e-01  1.211886e-01   
   3504   1.588219e-01 -1.215045e-01   
   3505   1.408929e-01  1.965047e-01   
   3506   1.318368e-01 -2.232069e-01   
   3507   1.656485e-01 -7.845336e-02   
   3508   1.668787e-01  6.885068e-02   
   3509   1.700431e-01  2.537670e-02   
   3510   1.339362e-01  2.211999e-01   
   3511   1.198955e-01 -2.567346e-01   
   3512   1.551881e-01  1.473576e-01   
   3513   1.649161e-01 -9.575847e-02   
   3514   1.468768e-01  1.825020e-01   
   3515   1.707756e-01  4.268172e-02   
   3516   5.396326e-02  3.813053e-01   
   3517   1.444341e-01 -1.903412e-01   
   3518   5.331536e-02 -3.812907e-01   
   3519   1.519952e-01 -1.645556e-01   
   3520   1.178427e-01  2.672214e-01   
   3521   1.075693e-01  2.900841e-01   
   3522   1.637143e-01  1.123247e-01   
   3523   1.676111e-01  8.615569e-02   
   3524   1.408932e-01  2.064103e-01   
   3525   1.309225e-01 -2.339751e-01   
   3526   1.066943e-01 -2.914552e-01   
   3527   1.724751e-01 -3.540228e-02   
   3528   1.732076e-01 -1.809727e-02   
   3529   1.587506e-01 -1.395987e-01   
   3530   1.641836e-01 -1.130634e-01   
   3531   1.717432e-01 -5.270743e-02   
   3532   1.739400e-01 -7.922551e-04   
   3533   1.598174e-01  1.384936e-01   
   3534   1.434551e-01 -2.002833e-01   
   3535   1.715080e-01  5.998673e-02   
   3536   1.515796e-01  1.745100e-01   
   3537   1.191383e-01 -2.666463e-01   
   3538   1.287300e-01  2.450168e-01   
   3539   1.710103e-01 -7.001230e-02   
   3540   1.293917e-01 -2.426660e-01   
   3541   1.343001e-01  2.310892e-01   
   3542   1.746724e-01  1.651276e-02   
   3543   6.759335e-02  3.666691e-01   
   3544   6.695564e-02 -3.666637e-01   
   3545   1.420181e-01 -2.100201e-01   
   3546   1.573570e-01 -1.561145e-01   
   3547   1.485939e-01  1.905204e-01   
   3548   1.171168e-01  2.761950e-01   
   3549   1.702779e-01 -8.731726e-02   
   3550   1.271799e-01  2.532052e-01   
   3551   1.683436e-01  1.034607e-01   
   3552   1.754049e-01  3.381777e-02   
   3553   1.634512e-01 -1.303684e-01   
   3554   1.171168e-01 -2.761950e-01   
   3555   1.722405e-01  7.729175e-02   
   3556   1.565364e-01  1.646510e-01   
   3557   1.284074e-01 -2.525849e-01   
   3558   1.425525e-01  2.161758e-01   
   3559   1.695453e-01 -1.046224e-01   
   3560   1.410218e-01 -2.199103e-01   
   3561   1.761373e-01  5.112279e-02   
   3562   1.349179e-01  2.396375e-01   
   3563   1.778369e-01 -2.696121e-02   
   3564   1.605498e-01  1.557986e-01   
   3565  -2.572938e-02  4.859626e-01   
   3566   1.771044e-01 -4.426623e-02   
   3567   1.785693e-01 -9.656200e-03   
   3568  -2.647064e-02 -4.859117e-01   
   3569   1.490379e-01  2.002631e-01   
   3570   1.627187e-01 -1.476734e-01   
   3571   8.122344e-02  3.520328e-01   
   3572   1.763727e-01 -6.157149e-02   
   3573   1.537024e-01 -1.841319e-01   
   3574   8.059549e-02 -3.520365e-01   
   3575   1.793017e-01  7.648815e-03   
   3576   1.267061e-01  2.631345e-01   
   3577   1.729729e-01  9.459676e-02   
   3578   1.163736e-01  2.877272e-01   
   3579   1.166093e-01 -2.860124e-01   
   3580   1.571411e-01 -1.741914e-01   
   3581   1.687457e-01  1.244800e-01   
   3582   1.768698e-01  6.842780e-02   
   3583   1.756396e-01 -7.887625e-02   
   3584   1.689890e-01 -1.232787e-01   
   3585   1.067067e-01 -3.073015e-01   
   3586   1.800342e-01  2.495383e-02   
   3587  -3.572040e-02  4.987224e-01   
   3588   1.279817e-01 -2.625164e-01   
   3589   1.425052e-01  2.261498e-01   
   3590  -3.649189e-02 -4.986666e-01   
   3591   1.372554e-01 -2.403447e-01   
   3592   1.749071e-01 -9.618137e-02   
   3593   1.527116e-01 -1.965256e-01   
   3594   1.807666e-01  4.225884e-02   
   3595   1.355697e-01  2.488141e-01   
   3596   1.569316e-01  1.850271e-01   
   3597   1.619863e-01 -1.649785e-01   
   3598   1.669510e-01  1.456371e-01   
   3599   1.262804e-01  2.721273e-01   
   3600   1.416382e-01 -2.324516e-01   
   3601   1.893332e-02  4.443363e-01   
   3602   1.776022e-01  8.573282e-02   
   3603   1.500594e-01  2.101654e-01   
   3604   1.824275e-02 -4.442986e-01   
   3605   1.262804e-01 -2.721273e-01   
   3606   1.735116e-01  1.156964e-01   
   3607   1.824662e-01 -3.582516e-02   
   3608   1.831986e-01 -1.852014e-02   
   3609   9.485353e-02  3.373965e-01   
   3610   1.738479e-01 -1.143371e-01   
   3611   1.367758e-01 -2.481532e-01   
   3612   9.423532e-02 -3.374093e-01   
   3613   1.817343e-01 -5.313028e-02   
   3614   3.256341e-02  4.297000e-01   
   3615   1.839311e-01 -1.215129e-03   
   3616   1.814991e-01  5.956386e-02   
   3617   3.188279e-02 -4.296716e-01   
   3618   1.433277e-01  2.342867e-01   
   3619   1.810019e-01 -7.043566e-02   
   3620   1.846635e-01  1.608989e-02   
   3621   1.501366e-01 -2.158332e-01   
   3622   1.574672e-01  1.949974e-01   
   3623   4.619351e-02  4.150638e-01   
   3624   1.673480e-01 -1.565374e-01   
   3625   1.659116e-01  1.642397e-01   
   3626   1.536792e-01 -2.065794e-01   
   3627   1.244193e-01 -2.829699e-01   
   3628   1.354279e-01  2.587537e-01   
   3629   4.552284e-02 -4.150446e-01   
   3630   1.258210e-01  2.814673e-01   
   3631   1.727115e-01  1.348697e-01   
   3632   1.802689e-01 -8.773984e-02   
   3633   1.500964e-01  2.197818e-01   
   3634   1.853959e-01  3.339490e-02   
   3635   1.618152e-01 -1.812082e-01   
   3636   1.822315e-01  7.686887e-02   
   3637   1.783397e-01  1.069469e-01   
   3638  -1.198422e-02  4.836857e-01   
   3639   1.650655e-01  1.730328e-01   
   3640  -1.270701e-02 -4.836491e-01   
   3641   1.169156e-01  3.035643e-01   
   3642   1.366822e-01 -2.580933e-01   
   3643   1.720473e-01 -1.439673e-01   
   3644   1.794938e-01 -1.049982e-01   
   3645   5.982360e-02  4.004275e-01   
   3646   1.861284e-01  5.069991e-02   
   3647   5.916322e-02 -4.004168e-01   
   3648   1.438082e-01  2.441451e-01   
   3649   1.878279e-01 -2.738409e-02   
   3650   1.084836e-01  3.227602e-01   
   3651   1.078750e-01 -3.227820e-01   
   3652   1.870955e-01 -4.468910e-02   
   3653   1.885604e-01 -1.007907e-02   
   3654   6.939661e-03  4.670863e-01   
   3655   1.580588e-01  2.044729e-01   
   3656   1.620270e-01 -1.906230e-01   
   3657   1.353030e-01  2.677557e-01   
   3658   1.863638e-01 -6.199462e-02   
   3659   6.245925e-03 -4.670676e-01   
   3660   1.892928e-01  7.225941e-03   
   3661   1.449914e-01 -2.434442e-01   
   3662   1.353030e-01 -2.677557e-01   
   3663   1.673911e-01 -1.740321e-01   
   3664   1.787348e-01  1.241921e-01   
   3665   1.767538e-01 -1.333855e-01   
   3666   1.789771e-01 -1.229152e-01   
   3667   1.868608e-01  6.800493e-02   
   3668   1.856303e-01 -7.930002e-02   
   3669   1.900252e-01  2.453096e-02   
   3670   1.838160e-01  9.750754e-02   
   3671   7.345369e-02  3.857912e-01   
   3672   1.519208e-01  2.292358e-01   
   3673   7.280338e-02 -3.857899e-01   
   3674   1.736426e-01  1.548889e-01   
   3675   1.521878e-01 -2.286307e-01   
   3676   1.848465e-01 -9.655940e-02   
   3677   1.652399e-01  1.907871e-01   
   3678   1.907577e-01  4.183597e-02   
   3679   1.439986e-01  2.540839e-01   
   3680   1.583415e-01  2.142869e-01   
   3681   1.719774e-01 -1.654013e-01   
   3682  -2.013482e-02  4.995944e-01   
   3683  -2.089051e-02 -4.995634e-01   
   3684   1.834829e-01  1.155150e-01   
   3685   1.838416e-01 -1.142026e-01   
   3686   1.924572e-01 -3.624803e-02   
   3687   1.452301e-01 -2.533820e-01   
   3688   1.931897e-01 -1.894302e-02   
   3689   1.787327e-01  1.434421e-01   
   3690   1.593920e-01 -2.144191e-01   
   3691   1.353318e-01  2.793118e-01   
   3692   1.268477e-01 -2.966650e-01   
   3693   1.642352e-01 -2.001999e-01   
   3694   1.914901e-01  5.914099e-02   
   3695   1.918899e-01 -5.354481e-02   
   3696   1.518859e-01  2.392034e-01   
   3697   1.765892e-01 -1.546466e-01   
   3698   8.708378e-02  3.711549e-01   
   3699   1.942454e-01 -1.358429e-03   
   3700   1.693310e-01 -1.838348e-01   
   3701   8.644313e-02 -3.711625e-01   
   3702   1.910439e-01 -7.084469e-02   
   3703   1.893223e-01  8.894943e-02   
   3704   1.356533e-01 -2.803745e-01   
   3705   1.754451e-01  1.657384e-01   
   3706   1.664064e-01  1.991955e-01   
   3707   1.530452e-01 -2.384634e-01   
   3708   1.712688e-01  1.826674e-01   
   3709   1.586562e-01  2.241903e-01   
   3710   1.441745e-01  2.630850e-01   
   3711   1.902589e-01 -8.815875e-02   
   3712   1.441745e-01 -2.630850e-01   
   3713   1.953870e-01  3.297203e-02   
   3714   1.922226e-01  7.644600e-02   
   3715   1.839070e-01  1.327375e-01   
   3716   1.885009e-01  1.063362e-01   
   3717   1.846494e-01 -1.291351e-01   
   3718   1.814625e-01 -1.452284e-01   
   3719   1.969938e-01  1.603475e-02   
   3720   1.605814e-01 -2.232546e-01   
   3721   1.654443e-01 -2.084734e-01   
   3722   1.894794e-01 -1.053909e-01   
   3723   1.340024e-01  2.919754e-01   
   3724   1.961194e-01  5.027704e-02   
   3725   1.524084e-01  2.491303e-01   
   3726   1.007139e-01  3.565187e-01   
   3727   1.000829e-01 -3.565353e-01   
   3728   1.985514e-01 -1.050195e-02   
   3729   1.668568e-01  2.091305e-01   
   3730   1.973070e-01 -4.513918e-02   
   3731   1.715865e-01 -1.934589e-01   
   3732   1.986594e-01 -2.790424e-02   
   3733   1.988142e-01  2.536526e-02   
   3734   1.992839e-01  6.803067e-03   
   3735   1.964608e-01 -6.243900e-02   
   3736   1.536157e-01 -2.483876e-01   
   3737   1.887222e-01  1.240247e-01   
   3738   1.597941e-01  2.339946e-01   
   3739   1.768425e-01 -1.772769e-01   
   3740   1.888908e-01 -1.228095e-01   
   3741   1.968519e-01  6.758206e-02   
   3742   1.780740e-01  1.753793e-01   
   3743   1.956157e-01 -7.973807e-02   
   3744   1.812515e-01 -1.618678e-01   
   3745   1.447166e-01 -2.731165e-01   
   3746   4.430269e-03  4.867544e-01   
   3747   3.842375e-02  4.488222e-01   
   3748   1.824990e-01  1.586528e-01   
   3749   1.938036e-01  9.788313e-02   
   3750   1.656547e-01  2.195165e-01   
   3751   3.773012e-02 -4.487978e-01   
   3752   3.720797e-03 -4.867491e-01   
   3753   1.609279e-01 -2.332162e-01   
   3754   1.743419e-01  1.927876e-01   
   3755   1.872515e-01 -1.384442e-01   
   3756   1.854087e-01  1.507137e-01   
   3757   1.948070e-01 -9.705704e-02   
   3758   1.528850e-01  2.581205e-01   
   3759   5.205384e-02  4.341859e-01   
   3760   2.007487e-01  4.141310e-02   
   3761   1.671188e-01 -2.179551e-01   
   3762   5.137096e-02 -4.341706e-01   
   3763   1.528850e-01 -2.581205e-01   
   3764   1.143440e-01  3.418824e-01   
   3765   1.137227e-01 -3.419080e-01   
   3766   1.934728e-01  1.152556e-01   
   3767   1.854488e-01 -1.548771e-01   
   3768  -4.631475e-03  4.999785e-01   
   3769   2.024483e-01 -3.667091e-02   
   3770   1.940529e-01 -1.142762e-01   
   3771  -5.370456e-03 -4.999712e-01   
   3772   2.014812e-01  5.871811e-02   
   3773   6.568394e-02  4.195496e-01   
   3774   1.737754e-01 -2.031098e-01   
   3775   1.466340e-01  2.789631e-01   
   3776   1.606479e-01  2.438984e-01   
   3777   2.018779e-01 -5.403337e-02   
   3778   1.898641e-01  1.417720e-01   
   3779   6.501058e-02 -4.195431e-01   
   3780   1.786681e-01 -1.870797e-01   
   3781   1.832241e-01 -1.703094e-01   
   3782   2.010317e-01 -7.133314e-02   
   3783   1.618298e-01 -2.431158e-01   
   3784   1.851024e-01  1.683062e-01   
   3785   1.675238e-01  2.285244e-01   
   3786   1.810051e-01  1.848196e-01   
   3787   1.521185e-01 -2.690949e-01   
   3788   2.051422e-01  3.179130e-02   
   3789   2.001686e-01 -8.861923e-02   
   3790   2.058528e-01 -3.834315e-04   
   3791   1.938139e-01 -1.297694e-01   
   3792   2.022136e-01  7.602313e-02   
   3793   1.938559e-01  1.323939e-01   
   3794   7.931404e-02  4.049134e-01   
   3795   1.984753e-01  1.066277e-01   
   3796   1.686310e-01 -2.277086e-01   
   3797   7.865062e-02 -4.049160e-01   
   3798   1.536856e-01  2.696489e-01   
   3799   1.739332e-01 -2.130169e-01   
   3800   2.018721e-01  8.851181e-02   
   3801   1.916871e-01 -1.473804e-01   
   3802   1.742221e-01  2.150424e-01   
   3803   1.994599e-01 -1.058959e-01   
   3804   1.279741e-01  3.272461e-01   
   3805   2.061105e-01  4.985417e-02   
   3806   1.614247e-01  2.528677e-01   
   3807   1.273625e-01 -3.272808e-01   
   3808   2.078471e-01 -9.780063e-03   
   3809   1.783630e-02  4.837179e-01   
   3810   2.082505e-01  1.112098e-02   
   3811   1.614247e-01 -2.528677e-01   
   3812   2.078100e-01 -2.822984e-02   
   3813   1.783160e-01  2.050265e-01   
   3814   2.082233e-01 -1.994957e-02   
   3815   3.287333e-02  4.676986e-01   
   3816   1.714602e-02 -4.837245e-01   
   3817   2.072950e-01 -4.562773e-02   
   3818   2.086262e-01  2.110715e-02   
   3819   2.019841e-01  9.986828e-02   
   3820   3.220157e-02 -4.677092e-01   
   3821   1.809240e-01 -1.967364e-01   
   3822   1.896268e-01 -1.638951e-01   
   3823   1.913130e-01  1.591933e-01   
   3824   2.064488e-01 -6.292756e-02   
   3825   1.986888e-01  1.236613e-01   
   3826   9.294413e-02  3.902771e-01   
   3827   2.062980e-01  6.817394e-02   
   3828   1.861228e-01 -1.804455e-01   
   3829   9.229086e-02 -3.902885e-01   
   3830   1.687081e-01  2.383942e-01   
   3831   1.988634e-01 -1.229204e-01   
   3832   1.876173e-01  1.779551e-01   
   3833   2.055988e-01 -8.022790e-02   
   3834   1.750664e-01  2.227989e-01   
   3835   1.838423e-01  1.943218e-01   
   3836   1.698632e-01 -2.375725e-01   
   3837   1.972028e-01 -1.391526e-01   
   3838   1.953779e-01  1.500674e-01   
   3839   1.610254e-01  2.638616e-01   
   3840   2.047865e-01 -9.748596e-02   
   3841   1.761457e-01 -2.219466e-01   
   3842   2.107398e-01  4.099022e-02   
   3843   1.813034e-01 -2.063060e-01   
   3844   1.951711e-01 -1.556465e-01   
   3845   2.033651e-01  1.153200e-01   
   3846   1.065742e-01  3.756408e-01   
   3847   1.059306e-01 -3.756612e-01   
   3848   2.039310e-01 -1.148107e-01   
   3849   1.416041e-01  3.126098e-01   
   3850   2.124393e-01 -3.709378e-02   
   3851   1.410022e-01 -3.126535e-01   
   3852   1.626101e-01 -2.643629e-01   
   3853   1.697841e-01  2.473325e-01   
   3854   1.998128e-01  1.412809e-01   
   3855   2.114722e-01  5.829524e-02   
   3856   2.118660e-01 -5.452193e-02   
   3857   1.077468e-02  4.998839e-01   
   3858   1.697841e-01 -2.473325e-01   
   3859   1.882265e-01 -1.907835e-01   
   3860   1.005325e-02 -4.998989e-01   
   3861   2.110192e-01 -7.182480e-02   
   3862   1.935238e-01 -1.729696e-01   
   3863   2.106778e-01  7.890973e-02   
   3864   2.069447e-01  1.076003e-01   
   3865   1.946002e-01  1.708332e-01   
   3866   1.765798e-01  2.326237e-01   
   3867   1.905810e-01  1.873969e-01   
   3868   1.824134e-01  2.168247e-01   
   3869   1.563336e-01 -2.852725e-01   
   3870   2.036198e-01 -1.316067e-01   
   3871   2.038335e-01  1.321460e-01   
   3872   2.163772e-01 -4.571370e-03   
   3873   1.777068e-01 -2.317639e-01   
   3874   2.167373e-01  5.883318e-03   
   3875   2.166318e-01 -1.454675e-02   
   3876   1.834637e-01 -2.159368e-01   
   3877   2.113101e-01 -8.932470e-02   
   3878   2.165373e-01  2.890004e-02   
   3879   2.015871e-01 -1.477117e-01   
   3880   2.170741e-01  1.576885e-02   
   3881   1.202043e-01  3.610045e-01   
   3882   2.092664e-01 -1.063758e-01   
   3883   1.195704e-01 -3.610340e-01   
   3884   1.889055e-01 -1.998592e-01   
   3885   2.161015e-01  4.943129e-02   
   3886   1.888884e-01  2.023013e-01   
   3887   2.113983e-01  9.767640e-02   
   3888   1.697524e-01 -2.583336e-01   
   3889   1.990772e-01 -1.648030e-01   
   3890   2.172841e-01 -4.583170e-02   
   3891   2.086112e-01  1.237196e-01   
   3892   1.713529e-01  2.587816e-01   
   3893   2.013289e-01  1.604962e-01   
   3894   1.779539e-01  2.415210e-01   
   3895   1.552342e-01  2.979735e-01   
   3896   2.087506e-01 -1.234842e-01   
   3897   2.191951e-01 -2.615883e-02   
   3898   1.779539e-01 -2.415210e-01   
   3899   1.971896e-01  1.804653e-01   
   3900   7.154428e-02  4.386718e-01   
   3901   2.172531e-01 -6.328561e-02   
   3902   2.155865e-01 -8.072077e-02   
   3903   1.934353e-01  1.954783e-01   
   3904   7.085801e-02 -4.386692e-01   
   3905   2.149562e-01  8.870181e-02   
   3906   2.051573e-01  1.489566e-01   
   3907   1.842543e-01  2.265934e-01   
   3908   2.066317e-01 -1.410432e-01   
   3909   1.895568e-01  2.106083e-01   
   3910   2.197849e-01  3.928816e-02   
   3911   3.419460e-02  4.857030e-01   
   3912   1.853519e-01 -2.256964e-01   
   3913   1.905767e-01 -2.096858e-01   
   3914   3.352003e-02 -4.857386e-01   
   3915   1.338344e-01  3.463682e-01   
   3916   1.332101e-01 -3.464068e-01   
   3917   8.517438e-02  4.240355e-01   
   3918   2.213979e-01 -3.619153e-02   
   3919   2.155721e-01 -9.836826e-02   
   3920   2.191058e-01  6.954702e-02   
   3921   2.132684e-01  1.153166e-01   
   3922   2.050338e-01 -1.569982e-01   
   3923   8.449799e-02 -4.240422e-01   
   3924   1.671752e-01  2.781507e-01   
   3925   1.958766e-01 -1.955428e-01   
   3926   1.988621e-01 -1.850373e-01   
   3927   2.138441e-01 -1.152449e-01   
   3928   2.097267e-01  1.401289e-01   
   3929   2.028287e-01  1.723180e-01   
   3930   1.787471e-01  2.520176e-01   
   3931   2.194796e-01  8.164318e-02   
   3932   2.118828e-01 -1.325665e-01   
   3933   2.168020e-01  1.060627e-01   
   3934   2.210081e-01 -7.231095e-02   
   3935   2.034382e-01 -1.737517e-01   
   3936   2.001326e-01  1.880958e-01   
   3937   2.606930e-02  4.993199e-01   
   3938   2.246820e-01 -1.700764e-02   
   3939   1.859250e-01  2.354398e-01   
   3940   9.880447e-02  4.093992e-01   
   3941   2.251077e-01 -9.403640e-03   
   3942   2.252005e-01  5.691627e-04   
   3943   9.813801e-02 -4.094151e-01   
   3944   2.134433e-01  1.309287e-01   
   3945   2.536618e-02 -4.993561e-01   
   3946   1.859250e-01 -2.354398e-01   
   3947   2.235266e-01 -5.371428e-02   
   3948   1.964884e-01  2.041566e-01   
   3949   2.255819e-01  1.053510e-02   
   3950   1.799044e-01 -2.529114e-01   
   3951   1.917230e-01  2.203100e-01   
   3952   2.238952e-01  5.665161e-02   
   3953   2.258791e-01  2.048554e-02   
   3954   1.974769e-01 -2.032005e-01   
   3955   1.927901e-01 -2.193768e-01   
   3956   2.212723e-01 -9.016387e-02   
   3957   2.112917e-01 -1.496964e-01   
   3958   1.474645e-01  3.317320e-01   
   3959   1.468499e-01 -3.317796e-01   
   3960   2.106959e-01  1.572648e-01   
   3961   2.213666e-01  9.727160e-02   
   3962   2.273329e-01  3.083202e-02   
   3963   2.199227e-01 -1.073287e-01   
   3964   2.088763e-01 -1.654135e-01   
   3965   2.089733e-01  1.664678e-01   
   3966   2.173948e-01 -1.242572e-01   
   3967   1.124346e-01  3.947629e-01   
   3968   2.180812e-01  1.221016e-01   
   3969   1.747808e-01 -2.733137e-01   
   3970   1.117783e-01 -3.947873e-01   
   3971   4.722443e-02  4.819500e-01   
   3972   4.656954e-02 -4.819951e-01   
   3973   2.280205e-01 -4.311953e-02   
   3974   2.281921e-01  4.425332e-02   
   3975   2.070860e-01  1.809541e-01   
   3976   1.866281e-01 -2.464185e-01   
   3977   2.150753e-01  1.482914e-01   
   3978   2.249428e-01  8.819815e-02   
   3979   2.032005e-01  1.974770e-01   
   3980   1.936884e-01  2.290957e-01   
   3981   2.166009e-01 -1.412528e-01   
   3982   2.298004e-01 -3.283821e-02   
   3983   1.989776e-01  2.137805e-01   
   3984   1.936884e-01 -2.290957e-01   
   3985   6.656122e-02  4.622746e-01   
   3986   1.882550e-01  2.467586e-01   
   3987   6.595659e-02 -4.623422e-01   
   3988   2.041566e-01 -1.964884e-01   
   3989   2.268363e-01 -8.379686e-02   
   3990   2.229913e-01  1.134229e-01   
   3991   2.000129e-01 -2.128122e-01   
   3992   2.146436e-01 -1.573566e-01   
   3993   2.186769e-01  1.392216e-01   
   3994   2.316650e-01 -2.369118e-02   
   3995   1.260647e-01  3.801267e-01   
   3996   2.091007e-01 -1.813105e-01   
   3997   1.254181e-01 -3.801600e-01   
   3998   2.254967e-01 -9.921700e-02   
   3999   2.296501e-01 -6.441417e-02   
   4000   1.610946e-01  3.170957e-01   
   4001   1.604897e-01 -3.171523e-01   
   4002   2.328905e-01 -1.288296e-02   
   4003   2.122491e-01  1.743084e-01   
   4004   2.236769e-01 -1.165765e-01   
   4005   2.337446e-01 -4.416779e-03   
   4006   2.264148e-01  1.057942e-01   
   4007   2.339720e-01  5.143282e-03   
   4008   2.217455e-01 -1.332293e-01   
   4009   2.301858e-01  7.712915e-02   
   4010   2.342640e-01  1.511971e-02   
   4011   2.306851e-01 -7.476810e-02   
   4012   2.096857e-01  1.905767e-01   
   4013   2.138586e-01 -1.728973e-01   
   4014   2.234023e-01  1.304321e-01   
   4015   1.951097e-01  2.394941e-01   
   4016   4.123860e-02  4.982965e-01   
   4017   2.012354e-01  2.224956e-01   
   4018   2.060100e-01  2.070123e-01   
   4019   2.106083e-01 -1.895568e-01   
   4020   4.055450e-02 -4.983526e-01   
   4021   2.330625e-01  6.315698e-02   
   4022   1.863897e-01  2.656941e-01   
   4023   2.012354e-01 -2.224956e-01   
   4024   2.356087e-01  2.522294e-02   
   4025   1.396947e-01  3.654904e-01   
   4026   2.302899e-01  9.635445e-02   
   4027   1.390579e-01 -3.655328e-01   
   4028   2.070123e-01 -2.060100e-01   
   4029   2.212617e-01 -1.499824e-01   
   4030   1.963953e-01 -2.403303e-01   
   4031   2.177641e-01  1.679517e-01   
   4032   2.363321e-01  3.518693e-02   
   4033   2.354163e-01  5.319189e-02   
   4034   2.315460e-01 -9.126654e-02   
   4035   2.292224e-01 -1.083269e-01   
   4036   2.187636e-01 -1.660589e-01   
   4037   2.271825e-01 -1.248613e-01   
   4038   2.279660e-01  1.220646e-01   
   4039   9.103471e-02  4.431577e-01   
   4040   2.367147e-01 -5.167054e-02   
   4041   9.034540e-02 -4.431683e-01   
   4042   2.159368e-01  1.834637e-01   
   4043   1.747247e-01  3.024594e-01   
   4044   1.741317e-01 -3.025262e-01   
   4045   2.384884e-01 -3.874875e-02   
   4046   2.384820e-01  4.519136e-02   
   4047   2.168247e-01 -1.824134e-01   
   4048   2.348589e-01  8.752820e-02   
   4049   2.128122e-01  2.000129e-01   
   4050   2.264725e-01 -1.419469e-01   
   4051   2.085577e-01  2.156471e-01   
   4052   2.026703e-01 -2.334028e-01   
   4053   2.400354e-01 -2.911946e-02   
   4054   2.234176e-01  1.597425e-01   
   4055   1.046648e-01  4.285214e-01   
   4056   2.085577e-01 -2.156471e-01   
   4057   2.405881e-01 -1.922934e-02   
   4058   1.039854e-01 -4.285412e-01   
   4059   1.929618e-01 -2.618899e-01   
   4060   2.365529e-01 -8.144065e-02   
   4061   2.137805e-01 -1.989776e-01   
   4062   1.533248e-01  3.508541e-01   
   4063   1.526990e-01 -3.509064e-01   
   4064   2.328192e-01  1.133509e-01   
   4065   2.240313e-01 -1.594959e-01   
   4066   6.345628e-02  4.828837e-01   
   4067   2.043163e-01  2.336336e-01   
   4068   6.281922e-02 -4.829553e-01   
   4069   2.422637e-01 -9.466551e-03   
   4070   2.294697e-01  1.386677e-01   
   4071   2.425390e-01  1.367897e-04   
   4072   2.275889e-01  1.493265e-01   
   4073   2.427225e-01  9.821643e-03   
   4074   2.334053e-01 -1.173441e-01   
   4075   2.393779e-01 -7.187787e-02   
   4076   2.219466e-01  1.761457e-01   
   4077   2.362151e-01  1.043539e-01   
   4078   2.394010e-01  7.994458e-02   
   4079   1.182949e-01  4.138851e-01   
   4080   2.404756e-01  7.060921e-02   
   4081   2.227989e-01 -1.750664e-01   
   4082   1.176258e-01 -4.139136e-01   
   4083   2.439183e-01  1.973044e-02   
   4084   2.375021e-01 -9.942379e-02   
   4085   2.318835e-01 -1.345923e-01   
   4086   2.193768e-01  1.927901e-01   
   4087   2.333189e-01  1.303879e-01   
   4088   2.425913e-01  6.014715e-02   
   4089   2.293666e-01 -1.510763e-01   
   4090   2.445804e-01  2.955041e-02   
   4091   2.424988e-01 -6.240750e-02   
   4092   2.156471e-01  2.085577e-01   
   4093   5.626941e-02  4.968237e-01   
   4094   2.103562e-01  2.265003e-01   
   4095   2.203100e-01 -1.917230e-01   
   4096   2.156471e-01 -2.085577e-01   
   4097   5.560496e-02 -4.968985e-01   
   4098   1.883548e-01  2.878231e-01   
   4099   1.877719e-01 -2.878993e-01   
   4100   2.401968e-01  9.537939e-02   
   4101   1.669549e-01  3.362178e-01   
   4102   1.663392e-01 -3.362798e-01   
   4103   2.450340e-01  5.047963e-02   
   4104   2.277086e-01  1.686310e-01   
   4105   2.033637e-01  2.525430e-01   
   4106   1.319250e-01  3.992488e-01   
   4107   2.391700e-01 -1.091911e-01   
   4108   1.312659e-01 -3.992867e-01   
   4109   2.120090e-01 -2.266759e-01   
   4110   2.455624e-01 -5.428504e-02   
   4111   2.285244e-01 -1.675238e-01   
   4112   2.378614e-01  1.219566e-01   
   4113   2.466788e-01 -4.437862e-02   
   4114   2.472456e-01 -3.445602e-02   
   4115   2.474147e-01  4.081109e-02   
   4116   2.433335e-01 -8.855531e-02   
   4117   2.256964e-01  1.853519e-01   
   4118   2.349954e-01 -1.428501e-01   
   4119   2.487222e-01 -2.435926e-02   
   4120   2.411476e-01  1.126090e-01   
   4121   2.446897e-01  8.658462e-02   
   4122   2.356241e-01  1.452099e-01   
   4123   2.265934e-01 -1.842543e-01   
   4124   2.224956e-01  2.012354e-01   
   4125   2.496642e-01 -1.605081e-02   
   4126   2.498625e-01 -6.081438e-03   
   4127   2.224956e-01 -2.012354e-01   
   4128   2.503704e-01  3.876958e-03   
   4129   2.462232e-01 -7.900900e-02   
   4130   2.332162e-01  1.609279e-01   
   4131   2.382069e-01  1.374281e-01   
   4132   2.178073e-01 -2.193447e-01   
   4133   7.835660e-02  4.794103e-01   
   4134   1.455551e-01  3.846125e-01   
   4135   7.773724e-02 -4.794968e-01   
   4136   1.449061e-01 -3.846598e-01   
   4137   2.339946e-01 -1.597941e-01   
   4138   2.403270e-01 -1.278205e-01   
   4139   9.148079e-02  4.641554e-01   
   4140   9.087852e-02 -4.642352e-01   
   4141   2.518612e-01  1.368689e-02   
   4142   2.194650e-01  2.194650e-01   
   4143   2.482560e-01  7.714775e-02   
   4144   2.490653e-01 -6.991146e-02   
   4145   1.805850e-01  3.215815e-01   
   4146   2.100232e-01 -2.484166e-01   
   4147   1.799794e-01 -3.216529e-01   
   4148   2.454415e-01  1.036793e-01   
   4149   2.524284e-01  2.361092e-02   
   4150   2.499242e-01  6.677586e-02   
   4151   2.317639e-01  1.777068e-01   
   4152   2.405784e-01 -1.368453e-01   
   4153   2.464127e-01 -1.032577e-01   
   4154   2.427158e-01  1.285385e-01   
   4155   2.326237e-01 -1.765798e-01   
   4156   2.384634e-01  1.530452e-01   
   4157   2.290957e-01  1.936884e-01   
   4158   2.521151e-01  5.749997e-02   
   4159   2.290957e-01 -1.936884e-01   
   4160   2.520983e-01 -6.040432e-02   
   4161   2.485901e-01 -9.505768e-02   
   4162   2.392034e-01 -1.518859e-01   
   4163   7.114912e-02  4.949119e-01   
   4164   1.591852e-01  3.699762e-01   
   4165   2.257104e-01  2.112859e-01   
   4166   1.585463e-01 -3.700329e-01   
   4167   7.050491e-02 -4.950041e-01   
   4168   2.544938e-01  4.781365e-02   
   4169   2.501403e-01  9.490323e-02   
   4170   2.553198e-01  3.588119e-02   
   4171   2.546563e-01 -5.020038e-02   
   4172   2.552727e-01 -4.034372e-02   
   4173   2.375725e-01  1.698632e-01   
   4174   2.475353e-01  1.198135e-01   
   4175   2.474566e-01 -1.191567e-01   
   4176   2.564203e-01 -3.059292e-02   
   4177   2.266759e-01 -2.120090e-01   
   4178   2.434442e-01  1.449914e-01   
   4179   2.182068e-01  2.412600e-01   
   4180   2.383942e-01 -1.687081e-01   
   4181   2.530248e-01 -8.619712e-02   
   4182   2.441451e-01 -1.438082e-01   
   4183   2.580835e-01 -2.112128e-02   
   4184   2.354398e-01  1.859250e-01   
   4185   2.583485e-01 -1.115071e-02   
   4186   2.586860e-01 -1.625557e-03   
   4187   2.354398e-01 -1.859250e-01   
   4188   1.942151e-01  3.069453e-01   
   4189   1.936192e-01 -3.070255e-01   
   4190   2.507592e-01  1.120399e-01   
   4191   2.590996e-01  8.345111e-03   
   4192   1.241553e-01  4.330072e-01   
   4193   1.234730e-01 -4.330399e-01   
   4194   2.559275e-01 -7.707045e-02   
   4195   2.519387e-01 -1.102536e-01   
   4196   2.319715e-01 -2.043070e-01   
   4197   2.431158e-01  1.618298e-01   
   4198   2.481532e-01  1.367758e-01   
   4199   1.728153e-01  3.553400e-01   
   4200   1.721864e-01 -3.554060e-01   
   4201   2.572078e-01  7.350567e-02   
   4202   2.606228e-01  1.798419e-02   
   4203   2.488141e-01 -1.355697e-01   
   4204   2.438984e-01 -1.606479e-01   
   4205   9.162646e-02  4.796645e-01   
   4206   2.336336e-01  2.043163e-01   
   4207   2.543988e-01  1.044520e-01   
   4208   9.102194e-02 -4.797640e-01   
   4209   2.548628e-01 -1.023624e-01   
   4210   2.094770e-01  2.783989e-01   
   4211   2.614278e-01  2.793678e-02   
   4212   2.594768e-01  6.411335e-02   
   4213   2.591768e-01 -6.822705e-02   
   4214   1.377853e-01  4.183709e-01   
   4215   2.415210e-01  1.779539e-01   
   4216   1.140241e-01  4.528823e-01   
   4217   1.371131e-01 -4.184129e-01   
   4218   2.579088e-01  8.554738e-02   
   4219   2.415210e-01 -1.779539e-01   
   4220   1.134227e-01 -4.529625e-01   
   4221   2.525849e-01  1.284074e-01   
   4222   2.616304e-01  5.478150e-02   
   4223   2.623303e-01  4.489785e-02   
   4224   2.483876e-01  1.536157e-01   
   4225   2.532052e-01 -1.271799e-01   
   4226   2.272137e-01 -2.337594e-01   
   4227   2.582094e-01 -9.464081e-02   
   4228   2.390151e-01  1.958774e-01   
   4229   2.491303e-01 -1.524084e-01   
   4230   2.640149e-01 -3.587519e-02   
   4231   8.586574e-02  4.925719e-01   
   4232   2.635854e-01 -4.582075e-02   
   4233   2.648713e-01 -2.600386e-02   
   4234   2.645634e-01  3.654761e-02   
   4235   8.524228e-02 -4.926802e-01   
   4236   2.594902e-01  9.623633e-02   
   4237   2.072595e-01 -2.923987e-01   
   4238   2.611307e-01 -8.511083e-02   
   4239   1.514154e-01  4.037347e-01   
   4240   1.864454e-01  3.407037e-01   
   4241   2.567346e-01  1.198955e-01   
   4242   2.403303e-01 -1.963953e-01   
   4243   1.858266e-01 -3.407791e-01   
   4244   1.507533e-01 -4.037860e-01   
   4245   2.473325e-01  1.697841e-01   
   4246   2.205057e-01  2.617255e-01   
   4247   2.473325e-01 -1.697841e-01   
   4248   2.573135e-01 -1.186480e-01   
   4249   2.668075e-01 -1.628648e-02   
   4250   2.533820e-01  1.452301e-01   
   4251   1.043007e-01  4.733227e-01   
   4252   2.671958e-01 -6.717223e-03   
   4253   1.037232e-01 -4.734301e-01   
   4254   2.653994e-01 -5.786290e-02   
   4255   2.540839e-01 -1.439986e-01   
   4256   2.681034e-01  2.368325e-03   
   4257   2.643862e-01 -7.568977e-02   
   4258   2.605976e-01  1.112498e-01   
   4259   2.611344e-01 -1.099837e-01   
   4260   2.660510e-01  6.961198e-02   
   4261   2.656160e-01  7.779964e-02   
   4262   2.528677e-01  1.614247e-01   
   4263   2.467586e-01  1.882550e-01   
   4264   2.373106e-01  2.228552e-01   
   4265   2.528677e-01 -1.614247e-01   
   4266   1.650455e-01  3.890984e-01   
   4267   2.580933e-01  1.366822e-01   
   4268   2.467586e-01 -1.882550e-01   
   4269   1.643934e-01 -3.891591e-01   
   4270   2.680512e-01  5.984705e-02   
   4271   2.587537e-01 -1.354279e-01   
   4272   2.641694e-01  1.024798e-01   
   4273   2.681844e-01 -6.842340e-02   
   4274   2.646637e-01 -1.011964e-01   
   4275   2.703943e-01  5.015870e-02   
   4276   2.000754e-01  3.260674e-01   
   4277   2.719172e-01  1.249764e-02   
   4278   1.994667e-01 -3.261522e-01   
   4279   2.512567e-01  1.800616e-01   
   4280   2.714499e-01  4.180956e-02   
   4281   2.208997e-01 -2.777718e-01   
   4282   2.412600e-01 -2.182068e-01   
   4283   2.674463e-01  9.359538e-02   
   4284   2.625164e-01  1.279817e-01   
   4285   2.721156e-01 -3.977520e-02   
   4286   2.581205e-01  1.528850e-01   
   4287   2.678974e-01 -9.229620e-02   
   4288   2.525170e-01 -1.782898e-01   
   4289   2.728510e-01 -3.139178e-02   
   4290   2.581205e-01 -1.528850e-01   
   4291   2.729556e-01  3.352974e-02   
   4292   2.631345e-01 -1.267061e-01   
   4293   2.723094e-01 -4.943864e-02   
   4294   2.736363e-01  2.358534e-02   
   4295   2.740387e-01 -2.306041e-02   
   4296   1.004079e-01  4.898145e-01   
   4297   2.743384e-01 -1.309725e-02   
   4298   1.786756e-01  3.744621e-01   
   4299   9.980558e-02 -4.899376e-01   
   4300   1.780336e-01 -3.745322e-01   
   4301   2.704244e-01  8.460640e-02   
   4302   2.749892e-01 -3.150846e-03   
   4303   2.708319e-01 -8.329287e-02   
   4304   2.666463e-01  1.191383e-01   
   4305   1.181494e-01  4.701647e-01   
   4306   2.672214e-01 -1.178427e-01   
   4307   2.630850e-01  1.441745e-01   
   4308   1.175924e-01 -4.702846e-01   
   4309   2.630850e-01 -1.441745e-01   
   4310   2.731005e-01  7.552293e-02   
   4311   2.767327e-01  4.860828e-03   
   4312   2.734639e-01 -7.419652e-02   
   4313   2.187303e-01  2.964665e-01   
   4314   2.587816e-01  1.713529e-01   
   4315   2.587816e-01 -1.713529e-01   
   4316   2.501480e-01  2.072022e-01   
   4317   2.704784e-01  1.101618e-01   
   4318   2.754716e-01  6.635511e-02   
   4319   2.131067e-01 -3.115249e-01   
   4320   2.757904e-01 -6.501730e-02   
   4321   2.710099e-01 -1.088477e-01   
   4322   2.677557e-01  1.353030e-01   
   4323   2.775350e-01  5.711317e-02   
   4324   2.677557e-01 -1.353030e-01   
   4325   2.627224e-01  1.628774e-01   
   4326   2.778090e-01 -5.576546e-02   
   4327   1.923057e-01  3.598258e-01   
   4328   1.916737e-01 -3.599053e-01   
   4329   2.345401e-01 -2.631448e-01   
   4330   2.740084e-01  1.010622e-01   
   4331   2.792885e-01  4.780745e-02   
   4332   2.638616e-01 -1.610254e-01   
   4333   2.294329e-01  2.795819e-01   
   4334   2.795172e-01 -4.645134e-02   
   4335   2.744957e-01 -9.973110e-02   
   4336   1.572758e-01  4.228568e-01   
   4337   1.566005e-01 -4.229121e-01   
   4338   2.807300e-01  3.844834e-02   
   4339   2.809133e-01 -3.708534e-02   
   4340   2.552958e-01 -2.016051e-01   
   4341   2.721273e-01  1.262804e-01   
   4342   2.818580e-01  2.904628e-02   
   4343   2.721273e-01 -1.262804e-01   
   4344   2.819956e-01 -2.767792e-02   
   4345   2.772324e-01  9.184979e-02   
   4346   2.826712e-01  1.961178e-02   
   4347   2.827630e-01 -1.823958e-02   
   4348   2.776750e-01 -9.050314e-02   
   4349   2.831686e-01  1.015538e-02   
   4350   2.832146e-01 -8.780876e-03   
   4351   2.679180e-01 -1.536906e-01   
   4352   2.833498e-01  6.876368e-04   
   4353   1.147646e-01  4.866509e-01   
   4354   1.465974e-01  4.441018e-01   
   4355   1.141839e-01 -4.867875e-01   
   4356   2.801468e-01  8.253479e-02   
   4357   1.461101e-01 -4.442419e-01   
   4358   2.696489e-01  1.536856e-01   
   4359   2.805441e-01 -8.117409e-02   
   4360   2.761950e-01  1.171168e-01   
   4361   1.709059e-01  4.082205e-01   
   4362   1.318096e-01  4.666275e-01   
   4363   2.761950e-01 -1.171168e-01   
   4364   1.702406e-01 -4.082852e-01   
   4365   2.267468e-01 -2.968980e-01   
   4366   1.312732e-01 -4.667588e-01   
   4367   2.059358e-01  3.451896e-01   
   4368   2.624132e-01  1.898454e-01   
   4369   2.404254e-01  2.630487e-01   
   4370   2.053139e-01 -3.452784e-01   
   4371   2.827482e-01  7.312760e-02   
   4372   2.730147e-01  1.449657e-01   
   4373   2.830998e-01 -7.175439e-02   
   4374   2.799542e-01  1.078223e-01   
   4375   2.799542e-01 -1.078223e-01   
   4376   2.850339e-01  6.363874e-02   
   4377   2.853394e-01 -6.225455e-02   
   4378   2.746337e-01 -1.445895e-01   
   4379   2.481804e-01 -2.485180e-01   
   4380   2.870012e-01  5.407880e-02   
   4381   2.872603e-01 -5.268517e-02   
   4382   2.671010e-01 -1.847146e-01   
   4383   1.845360e-01  3.935843e-01   
   4384   1.838808e-01 -3.936583e-01   
   4385   2.834007e-01  9.840746e-02   
   4386   2.777063e-01 -1.357620e-01   
   4387   2.834007e-01 -9.840746e-02   
   4388   2.886480e-01  4.445846e-02   
   4389   2.888603e-01 -4.305696e-02   
   4390   2.510257e-01  2.461033e-01   
   4391   2.899723e-01  3.478847e-02   
   4392   2.793118e-01  1.353318e-01   
   4393   2.901378e-01 -3.338065e-02   
   4394   2.909729e-01  2.507962e-02   
   4395   2.865307e-01  8.888267e-02   
   4396   2.910912e-01 -2.366706e-02   
   4397   2.195659e-01  3.305533e-01   
   4398   2.865307e-01 -8.888267e-02   
   4399   2.189541e-01 -3.306515e-01   
   4400   2.916484e-01  1.534276e-02   
   4401   2.917194e-01 -1.392704e-02   
   4402   2.919982e-01  5.588771e-03   
   4403   2.920219e-01 -4.171464e-03   
   4404   2.403870e-01 -2.822711e-01   
   4405   1.289258e-01  4.830923e-01   
   4406   2.280291e-01  3.141708e-01   
   4407   2.737251e-01  1.732071e-01   
   4408   2.756742e-01 -1.644917e-01   
   4409   1.283670e-01 -4.832411e-01   
   4410   2.893408e-01  7.925862e-02   
   4411   2.893408e-01 -7.925862e-02   
   4412   2.836779e-01  1.259231e-01   
   4413   2.836779e-01 -1.259231e-01   
   4414   1.981660e-01  3.789480e-01   
   4415   1.975209e-01 -3.790314e-01   
   4416   2.918276e-01  6.954604e-02   
   4417   2.861541e-01 -1.169101e-01   
   4418   2.918276e-01 -6.954605e-02   
   4419   2.869693e-01  1.148944e-01   
   4420   2.620191e-01  2.296309e-01   
   4421   2.387054e-01  2.972614e-01   
   4422   2.939885e-01  5.975580e-02   
   4423   2.939885e-01 -5.975580e-02   
   4424   1.472878e-01  4.646350e-01   
   4425   1.467740e-01 -4.647851e-01   
   4426   2.618209e-01 -2.338913e-01   
   4427   2.958211e-01  4.989881e-02   
   4428   2.958211e-01 -4.989881e-02   
   4429   2.325940e-01 -3.160242e-01   
   4430   2.973232e-01  3.998609e-02   
   4431   2.973232e-01 -3.998609e-02   
   4432   2.914552e-01  1.066943e-01   
   4433   2.914552e-01 -1.066943e-01   
   4434   2.984933e-01  3.002871e-02   
   4435   2.984933e-01 -3.002871e-02   
   4436   2.117961e-01  3.643117e-01   
   4437   2.111611e-01 -3.644045e-01   
   4438   2.993301e-01  2.003779e-02   
   4439   2.993301e-01 -2.003779e-02   
   4440   2.940026e-01  9.547040e-02   
   4441   2.492730e-01  2.803241e-01   
   4442   2.998325e-01  1.002449e-02   
   4443   2.998325e-01 -1.002449e-02   
   4444   3.000000e-01 -1.738283e-10   
   4445   1.717451e-01  4.352185e-01   
   4446   2.540275e-01 -2.676441e-01   
   4447   1.712987e-01 -4.353733e-01   
   4448   2.852725e-01  1.563336e-01   
   4449   2.948576e-01 -9.689571e-02   
   4450   2.725710e-01  2.127094e-01   
   4451   1.428816e-01  4.791501e-01   
   4452   2.970285e-01 -8.559300e-02   
   4453   1.423450e-01 -4.793098e-01   
   4454   1.585276e-01  4.584594e-01   
   4455   1.580333e-01 -4.586095e-01   
   4456   2.888403e-01 -1.465927e-01   
   4457   2.979307e-01  8.698894e-02   
   4458   2.997227e-01  7.562000e-02   
   4459   3.008533e-01  6.712906e-02   
   4460   3.006711e-01 -7.698502e-02   
   4461   2.604021e-01  2.637139e-01   
   4462   3.020822e-01 -6.556254e-02   
   4463   2.254262e-01  3.496754e-01   
   4464   2.462342e-01 -3.013973e-01   
   4465   2.248012e-01 -3.497776e-01   
   4466   2.754609e-01 -2.192647e-01   
   4467   3.052985e-01  4.675657e-02   
   4468   2.950773e-01  1.369304e-01   
   4469   3.055116e-01 -4.542586e-02   
   4470   3.051416e-01  5.673049e-02   
   4471   3.051416e-01 -5.673049e-02   
   4472   3.066028e-01 -3.694024e-02   
   4473   2.836515e-01  1.961294e-01   
   4474   3.076444e-01  2.623993e-02   
   4475   2.040264e-01  3.980701e-01   
   4476   2.676679e-01 -2.530175e-01   
   4477   2.873633e-01 -1.830830e-01   
   4478   3.084185e-01 -1.512545e-02   
   4479   2.033681e-01 -3.981576e-01   
   4480   2.985471e-01 -1.269532e-01   
   4481   3.086763e-01  5.762774e-03   
   4482   3.082494e-01  3.622259e-02   
   4483   2.708207e-01  2.466991e-01   
   4484   2.381836e-01  3.331908e-01   
   4485   3.092876e-01 -2.590221e-02   
   4486   1.566230e-01  4.748360e-01   
   4487   3.017192e-01  1.164264e-01   
   4488   3.099805e-01  1.555291e-02   
   4489   3.103270e-01 -5.186234e-03   
   4490   1.561087e-01 -4.750053e-01   
   4491   2.384414e-01 -3.351507e-01   
   4492   2.483631e-01  3.159789e-01   
   4493   2.598744e-01 -2.867704e-01   
   4494   1.736460e-01  4.555770e-01   
   4495   1.731753e-01 -4.557433e-01   
   4496   2.176565e-01  3.834338e-01   
   4497   2.170083e-01 -3.835307e-01   
   4498   2.941091e-01  1.791092e-01   
   4499   3.085397e-01  9.660458e-02   
   4500   3.073015e-01 -1.067067e-01   
   4501   2.819553e-01  2.301060e-01   
   4502   2.968939e-01 -1.708847e-01   
   4503   2.587748e-01  2.986723e-01   
   4504   1.960216e-01  4.250649e-01   
   4505   2.891010e-01 -2.046378e-01   
   4506   1.956163e-01 -4.252298e-01   
   4507   3.135861e-01  7.399297e-02   
   4508   2.813081e-01 -2.383907e-01   
   4509   2.520815e-01 -3.205238e-01   
   4510   1.843869e-01  4.489069e-01   
   4511   1.701414e-01  4.701616e-01   
   4512   1.839351e-01 -4.490711e-01   
   4513   1.696496e-01 -4.703392e-01   
   4514   2.312866e-01  3.687976e-01   
   4515   3.139447e-01 -8.801344e-02   
   4516   2.306484e-01 -3.689038e-01   
   4517   2.692238e-01  2.816363e-01   
   4518   2.735148e-01 -2.721437e-01   
   4519   3.176251e-01 -6.473745e-02   
   4520   2.922880e-01  2.141040e-01   
   4521   3.199572e-01  5.094486e-02   
   4522   3.221689e-01  2.935766e-02   
   4523   3.232414e-01  8.422703e-03   
   4524   3.069170e-01  1.642299e-01   
   4525   3.233151e-01 -1.447652e-02   
   4526   3.223982e-01 -4.335834e-02   
   4527   2.802646e-01  2.649889e-01   
   4528   2.442886e-01 -3.542769e-01   
   4529   2.657217e-01 -3.058969e-01   
   4530   3.027411e-01 -1.900108e-01   
   4531   3.105340e-01 -1.562578e-01   
   4532   2.481163e-01  3.506696e-01   
   4533   2.949482e-01 -2.237639e-01   
   4534   3.135180e-01  1.453468e-01   
   4535   1.834288e-01  4.651386e-01   
   4536   1.829596e-01 -4.653233e-01   
   4537   3.035473e-01  1.967150e-01   
   4538   2.581794e-01  3.333894e-01   
   4539   2.871550e-01 -2.575169e-01   
   4540   1.990991e-01  4.451809e-01   
   4541   2.907619e-01  2.479855e-01   
   4542   1.986717e-01 -4.453586e-01   
   4543   3.198793e-01  1.264061e-01   
   4544   2.193753e-01  4.137284e-01   
   4545   2.190108e-01 -4.138988e-01   
   4546   2.683487e-01  3.162277e-01   
   4547   3.203699e-01 -1.294669e-01   
   4548   2.579287e-01 -3.396500e-01   
   4549   2.793619e-01 -2.912700e-01   
   4550   3.257947e-01 -1.102376e-01   
   4551   3.264358e-01  1.075320e-01   
   4552   2.093279e-01  4.380600e-01   
   4553   3.140935e-01  1.797286e-01   
   4554   2.089187e-01 -4.382334e-01   
   4555   2.787542e-01  2.991520e-01   
   4556   1.964777e-01  4.597788e-01   
   4557   3.018253e-01  2.316597e-01   
   4558   1.960311e-01 -4.599694e-01   
   4559   3.163812e-01 -1.753839e-01   
   4560   3.085883e-01 -2.091370e-01   
   4561   2.438248e-01  3.822408e-01   
   4562   3.314234e-01 -9.106697e-02   
   4563   3.007951e-01 -2.428900e-01   
   4564   3.328034e-01  8.863787e-02   
   4565   2.715689e-01 -3.250231e-01   
   4566   2.889812e-01  2.820338e-01   
   4567   2.501358e-01 -3.734031e-01   
   4568   3.122583e-01  2.146950e-01   
   4569   3.368554e-01 -7.188508e-02   
   4570   2.930020e-01 -2.766431e-01   
   4571   2.092811e-01  4.540941e-01   
   4572   3.265730e-01  1.605170e-01   
   4573   3.393617e-01  6.974779e-02   
   4574   2.088571e-01 -4.542892e-01   
   4575   2.580595e-01  3.680219e-01   
   4576   2.395133e-01  4.042275e-01   
   4577   3.421818e-01  2.265437e-02   
   4578   3.414725e-01  4.264175e-02   
   4579   3.428913e-01  2.666962e-03   
   4580   3.002403e-01  2.655181e-01   
   4581   2.235923e-01  4.335382e-01   
   4582   2.414379e-01 -4.014678e-01   
   4583   3.432022e-01 -2.487283e-02   
   4584   2.232081e-01 -4.337224e-01   
   4585   2.681130e-01  3.507333e-01   
   4586   2.637759e-01 -3.587762e-01   
   4587   3.424846e-01 -5.269776e-02   
   4588   2.852090e-01 -3.103962e-01   
   4589   3.330882e-01  1.413190e-01   
   4590   3.300213e-01 -1.607570e-01   
   4591   3.144352e-01 -2.282632e-01   
   4592   2.781278e-01  3.334362e-01   
   4593   3.222215e-01 -2.001850e-01   
   4594   3.341430e-01 -1.439704e-01   
   4595   3.234686e-01  1.982336e-01   
   4596   3.104785e-01  2.484181e-01   
   4597   2.332993e-01  4.260091e-01   
   4598   2.329324e-01 -4.261871e-01   
   4599   3.394515e-01  1.226915e-01   
   4600   2.875060e-01  3.160060e-01   
   4601   3.066422e-01 -2.620162e-01   
   4602   3.397181e-01 -1.244826e-01   
   4603   2.218326e-01  4.480963e-01   
   4604   2.214312e-01 -4.482948e-01   
   4605   2.774161e-01 -3.441493e-01   
   4606   3.317600e-01 -1.824759e-01   
   4607   3.451606e-01 -1.055750e-01   
   4608   3.458205e-01  1.037405e-01   
   4609   2.988492e-01 -2.957693e-01   
   4610   2.987367e-01  2.994761e-01   
   4611   3.217396e-01  2.319199e-01   
   4612   2.449074e-01  4.195605e-01   
   4613   3.505913e-01 -8.633422e-02   
   4614   2.612727e-01  3.917751e-01   
   4615   2.628605e-01 -3.880237e-01   
   4616   2.341263e-01  4.417973e-01   
   4617   3.524317e-01  8.488117e-02   
   4618   3.089167e-01  2.834862e-01   
   4619   2.337473e-01 -4.419980e-01   
   4620   3.202823e-01 -2.473893e-01   
   4621   2.910562e-01 -3.295224e-01   
   4622   2.467373e-01 -4.209266e-01   
   4623   3.398993e-01  1.754193e-01   
   4624   3.562767e-01 -6.717596e-02   
   4625   3.318548e-01  2.162979e-01   
   4626   3.591367e-01  3.326250e-02   
   4627   3.598462e-01  1.327510e-02   
   4628   3.124893e-01 -2.811424e-01   
   4629   3.584275e-01  5.324928e-02   
   4630   3.461477e-01  1.564555e-01   
   4631   3.604145e-01 -1.464829e-02   
   4632   3.327951e-01 -2.171572e-01   
   4633   2.562572e-01  4.128448e-01   
   4634   3.606289e-01 -3.472759e-02   
   4635   2.559319e-01 -4.130230e-01   
   4636   3.200045e-01  2.668973e-01   
   4637   2.885402e-01  3.504968e-01   
   4638   3.481747e-01 -1.582106e-01   
   4639   2.461567e-01  4.352090e-01   
   4640   3.527320e-01  1.376057e-01   
   4641   2.457999e-01 -4.354106e-01   
   4642   3.046964e-01 -3.148955e-01   
   4643   2.980697e-01  3.329278e-01   
   4644   3.413929e-01  1.997224e-01   
   4645   3.534983e-01 -1.389662e-01   
   4646   3.422071e-01 -1.995264e-01   
   4647   3.304032e-01  2.498351e-01   
   4648   3.590286e-01  1.187488e-01   
   4649   3.074405e-01  3.174121e-01   
   4650   3.591581e-01 -1.198181e-01   
   4651   2.834952e-01  3.734914e-01   
   4652   2.673446e-01  4.058733e-01   
   4653   2.832483e-01 -3.736530e-01   
   4654   3.261295e-01 -2.665155e-01   
   4655   2.579190e-01  4.283431e-01   
   4656   3.645202e-01 -1.006759e-01   
   4657   2.692197e-01 -4.070625e-01   
   4658   2.575842e-01 -4.285445e-01   
   4659   3.517500e-01 -1.819660e-01   
   4660   3.184374e-01  3.007831e-01   
   4661   3.183365e-01 -3.002686e-01   
   4662   3.674353e-01  9.085551e-02   
   4663   3.415580e-01  2.337221e-01   
   4664   2.781656e-01  3.986572e-01   
   4665   2.778808e-01 -3.988312e-01   
   4666   3.715318e-01 -7.219630e-02   
   4667   3.439026e-01 -2.343556e-01   
   4668   3.594226e-01  1.712354e-01   
   4669   3.288607e-01  2.848167e-01   
   4670   2.694086e-01  4.212114e-01   
   4671   3.397697e-01 -2.518886e-01   
   4672   3.760899e-01  4.387193e-02   
   4673   2.690956e-01 -4.214114e-01   
   4674   3.753846e-01  6.384903e-02   
   4675   3.776539e-01 -4.513966e-03   
   4676   3.778150e-01 -2.450333e-02   
   4677   3.779788e-01  2.242284e-02   
   4678   3.517921e-01  2.168025e-01   
   4679   3.027880e-01  3.582899e-01   
   4680   3.656763e-01  1.528081e-01   
   4681   3.780806e-01 -4.449159e-02   
   4682   3.025778e-01 -3.584406e-01   
   4683   3.319767e-01 -2.856417e-01   
   4684   3.527682e-01 -2.164438e-01   
   4685   3.674736e-01 -1.530883e-01   
   4686   3.399816e-01  2.673069e-01   
   4687   3.718949e-01  1.339043e-01   
   4688   2.908828e-01  3.920437e-01   
   4689   2.906232e-01 -3.922207e-01   
   4690   2.806216e-01  4.138255e-01   
   4691   3.728279e-01 -1.343721e-01   
   4692   2.803299e-01 -4.140231e-01   
   4693   3.613845e-01  1.992675e-01   
   4694   3.241837e-01 -3.193947e-01   
   4695   3.621444e-01 -1.990362e-01   
   4696   3.781112e-01 -1.151832e-01   
   4697   3.500000e-01  2.500000e-01   
   4698   2.989950e-01  3.835353e-01   
   4699   2.987494e-01 -3.837009e-01   
   4700   3.456168e-01 -2.710148e-01   
   4701   3.189682e-01  3.446494e-01   
   4702   3.825062e-01  1.098466e-01   
   4703   2.915543e-01  4.061971e-01   
   4704   3.708491e-01 -1.810448e-01   
   4705   3.208313e-01 -3.424700e-01   
   4706   2.912838e-01 -4.063912e-01   
   4707   3.862281e-01  8.411016e-02   
   4708   3.381526e-01  3.022681e-01   
   4709   3.550235e-01 -2.509743e-01   
   4710   3.378239e-01 -3.047678e-01   
   4711   3.613280e-01  2.333283e-01   
   4712   3.875266e-01 -9.052460e-02   
   4713   3.899738e-01 -6.454032e-02   
   4714   3.740341e-01  1.832770e-01   
   4715   3.780299e-01  1.655395e-01   
   4716   3.111431e-01  3.763243e-01   
   4717   3.787510e-01 -1.638767e-01   
   4718   3.109224e-01 -3.764904e-01   
   4719   3.937750e-01  3.462162e-02   
   4720   3.638443e-01 -2.330285e-01   
   4721   3.950287e-01 -1.439917e-02   
   4722   3.487951e-01  2.854021e-01   
   4723   3.022037e-01  3.983377e-01   
   4724   3.019539e-01 -3.985271e-01   
   4725   3.940756e-01  5.881063e-02   
   4726   3.187231e-01  3.675667e-01   
   4727   3.850827e-01  1.484018e-01   
   4728   3.965357e-01 -3.865229e-02   
   4729   3.185150e-01 -3.677200e-01   
   4730   3.978582e-01  1.014464e-02   
   4731   3.857994e-01 -1.465210e-01   
   4732   3.717730e-01  2.162981e-01   
   4733   3.724917e-01 -2.150575e-01   
   4734   3.381402e-01  3.257042e-01   
   4735   3.514640e-01 -2.901409e-01   
   4736   3.599790e-01  2.673206e-01   
   4737   3.912982e-01  1.311463e-01   
   4738   3.125672e-01  3.902586e-01   
   4739   3.919994e-01 -1.290260e-01   
   4740   3.123376e-01 -3.904424e-01   
   4741   3.394116e-01 -3.294821e-01   
   4742   3.813311e-01  1.989638e-01   
   4743   3.820743e-01 -1.975324e-01   
   4744   3.973592e-01 -1.114389e-01   
   4745   3.302823e-01  3.598079e-01   
   4746   3.699583e-01  2.500001e-01   
   4747   3.300986e-01 -3.599594e-01   
   4748   4.012625e-01  9.646638e-02   
   4749   3.226423e-01  3.819711e-01   
   4750   3.224325e-01 -3.821483e-01   
   4751   4.003960e-01  1.136950e-01   
   4752   3.373335e-01  3.508372e-01   
   4753   3.651042e-01 -2.755140e-01   
   4754   3.900022e-01  1.813788e-01   
   4755   4.050405e-01  7.912962e-02   
   4756   3.712210e-01 -2.569622e-01   
   4757   3.385799e-01 -3.494089e-01   
   4758   3.907534e-01 -1.797543e-01   
   4759   4.056042e-01 -7.616895e-02   
   4760   3.550836e-01  3.114650e-01   
   4761   4.085188e-01 -5.857211e-02   
   4762   4.055855e-01 -9.346869e-02   
   4763   3.551441e-01 -3.128777e-01   
   4764   4.102779e-01  4.466658e-02   
   4765   3.324273e-01  3.734864e-01   
   4766   4.117795e-01  2.761551e-02   
   4767   4.120222e-01 -2.365530e-02   
   4768   3.977896e-01  1.635955e-01   
   4769   3.322367e-01 -3.736560e-01   
   4770   4.126530e-01 -6.409430e-03   
   4771   3.985413e-01 -1.617551e-01   
   4772   4.117334e-01  6.142547e-02   
   4773   3.482877e-01  3.425798e-01   
   4774   4.143107e-01 -4.040419e-02   
   4775   3.484217e-01 -3.434449e-01   
   4776   4.161386e-01  1.167505e-02   
   4777   4.046996e-01  1.456648e-01   
   4778   4.054417e-01 -1.435859e-01   
   4779   3.693630e-01  2.933001e-01   
   4780   3.419206e-01  3.648155e-01   
   4781   3.558889e-01  3.315370e-01   
   4782   3.546767e-01 -3.335483e-01   
   4783   3.417488e-01 -3.649764e-01   
   4784   3.935045e-01  2.104631e-01   
   4785   3.699807e-01 -2.957362e-01   
   4786   3.908154e-01 -2.256367e-01   
   4787   4.107421e-01  1.276361e-01   
   4788   3.963103e-01 -2.048286e-01   
   4789   4.114616e-01 -1.252966e-01   
   4790   3.914505e-01  2.303114e-01   
   4791   3.982864e-01  2.019321e-01   
   4792   3.511211e-01  3.559691e-01   
   4793   4.159295e-01  1.095569e-01   
   4794   3.883177e-01  2.500003e-01   
   4795   3.509674e-01 -3.561206e-01   
   4796   4.166110e-01 -1.069354e-01   
   4797   4.028688e-01  1.932923e-01   
   4798   4.028034e-01 -1.927043e-01   
   4799   3.651528e-01  3.247227e-01   
   4800   4.202770e-01  9.147307e-02   
   4801   3.652514e-01 -3.256945e-01   
   4802   4.209026e-01 -8.854907e-02   
   4803   3.841617e-01  2.732469e-01   
   4804   4.072493e-01  1.845484e-01   
   4805   3.830464e-01 -2.771123e-01   
   4806   3.711654e-01  3.154274e-01   
   4807   4.000234e-01  2.200000e-01   
   4808   4.076025e-01 -1.849232e-01   
   4809   4.238023e-01  7.342814e-02   
   4810   3.710571e-01 -3.155227e-01   
   4811   4.243517e-01 -7.018240e-02   
   4812   3.600280e-01  3.469580e-01   
   4813   3.598920e-01 -3.470991e-01   
   4814   4.114255e-01  1.757051e-01   
   4815   4.265253e-01  5.546362e-02   
   4816   4.113660e-01 -1.751200e-01   
   4817   4.269761e-01 -5.187829e-02   
   4818   4.284680e-01  3.761870e-02   
   4819   4.050250e-01  2.113150e-01   
   4820   4.287958e-01 -3.367751e-02   
   4821   4.296543e-01  1.993026e-02   
   4822   4.298326e-01 -1.561869e-02   
   4823   4.301103e-01  2.261813e-03   
   4824   4.153387e-01 -1.661834e-01   
   4825   4.156567e-01  1.677605e-01   
   4826   3.957336e-01 -2.540060e-01   
   4827   3.686410e-01  3.377926e-01   
   4828   4.098236e-01  2.025161e-01   
   4829   4.097550e-01 -2.019305e-01   
   4830   3.685219e-01 -3.379225e-01   
   4831   3.808760e-01  3.063169e-01   
   4832   4.191562e-01  1.577394e-01   
   4833   4.191028e-01 -1.571570e-01   
   4834   3.809765e-01 -3.073890e-01   
   4835   4.048595e-01  2.301721e-01   
   4836   4.233871e-01 -1.385178e-01   
   4837   4.088219e-01 -2.143657e-01   
   4838   4.227064e-01  1.486268e-01   
   4839   4.144165e-01  1.936082e-01   
   4840   4.226562e-01 -1.480455e-01   
   4841   3.863821e-01  2.969066e-01   
   4842   4.143509e-01 -1.930241e-01   
   4843   3.863022e-01 -2.969763e-01   
   4844   4.097950e-01  2.200479e-01   
   4845   3.769599e-01  3.284833e-01   
   4846   4.260441e-01  1.394341e-01   
   4847   4.064217e-01 -2.346470e-01   
   4848   3.768571e-01 -3.286012e-01   
   4849   4.188012e-01  1.845959e-01   
   4850   4.187387e-01 -1.840134e-01   
   4851   4.291233e-01 -1.295874e-01   
   4852   4.293996e-01  1.309301e-01   
   4853   4.147233e-01  2.114117e-01   
   4854   4.050438e-01  2.500004e-01   
   4855   4.229754e-01  1.754843e-01   
   4856   4.229160e-01 -1.749031e-01   
   4857   4.320745e-01  1.208287e-01   
   4858   4.320336e-01 -1.202506e-01   
   4859   4.343820e-01 -1.010014e-01   
   4860   3.954608e-01  2.874397e-01   
   4861   3.849849e-01  3.190401e-01   
   4862   3.848978e-01 -3.191453e-01   
   4863   3.954245e-01 -2.884024e-01   
   4864   4.347262e-01 -1.108488e-01   
   4865   4.349691e-01  1.121385e-01   
   4866   4.196515e-01  2.027755e-01   
   4867   4.269368e-01  1.662782e-01   
   4868   4.035939e-01  2.656269e-01   
   4869   4.268805e-01 -1.656983e-01   
   4870   4.383864e-01  8.340855e-02   
   4871   4.004709e-01  2.779436e-01   
   4872   4.385634e-01 -8.199815e-02   
   4873   4.191245e-01 -2.073399e-01   
   4874   4.004166e-01 -2.779851e-01   
   4875   4.372342e-01  1.019633e-01   
   4876   4.139365e-01  2.334308e-01   
   4877   4.306833e-01  1.569825e-01   
   4878   4.306302e-01 -1.564039e-01   
   4879   4.394841e-01  9.244578e-02   
   4880   4.394529e-01 -9.187024e-02   
   4881   4.418657e-01 -6.288825e-02   
   4882   4.181913e-01 -2.197752e-01   
   4883   4.242102e-01 -1.934056e-01   
   4884   4.245798e-01  1.941393e-01   
   4885   3.927167e-01  3.094731e-01   
   4886   3.926445e-01 -3.095647e-01   
   4887   4.442903e-01 -4.371367e-02   
   4888   4.195666e-01  2.200958e-01   
   4889   4.342129e-01  1.476023e-01   
   4890   4.428452e-01  7.411825e-02   
   4891   4.341630e-01 -1.470249e-01   
   4892   4.453445e-01  3.273539e-02   
   4893   4.457722e-01 -2.456647e-02   
   4894   4.432929e-01 -7.269259e-02   
   4895   4.281800e-01 -1.839822e-01   
   4896   4.463821e-01  1.366641e-02   
   4897   4.465216e-01 -5.335815e-03   
   4898   4.448993e-01  6.361579e-02   
   4899   4.375237e-01  1.381427e-01   
   4900   4.374770e-01 -1.375664e-01   
   4901   4.295081e-01  1.855031e-01   
   4902   4.462382e-01 -5.335731e-02   
   4903   4.088801e-01 -2.681948e-01   
   4904   4.463946e-01  5.476120e-02   
   4905   4.244949e-01  2.114596e-01   
   4906   4.132114e-01 -2.549915e-01   
   4907   4.473881e-01  4.421648e-02   
   4908   4.478727e-01 -3.420955e-02   
   4909   4.321393e-01 -1.748312e-01   
   4910   4.001559e-01  2.997920e-01   
   4911   4.000979e-01 -2.998694e-01   
   4912   4.134409e-01  2.586108e-01   
   4913   4.406138e-01  1.286087e-01   
   4914   4.405703e-01 -1.280335e-01   
   4915   4.492205e-01  2.400238e-02   
   4916   4.494208e-01 -1.438098e-02   
   4917   4.496513e-01  5.175967e-03   
   4918   4.348823e-01 -1.665129e-01   
   4919   4.368090e-01  1.627880e-01   
   4920   4.434817e-01  1.190055e-01   
   4921   4.434414e-01 -1.184313e-01   
   4922   4.346079e-01  1.769054e-01   
   4923   4.294231e-01  2.028234e-01   
   4924   4.383222e-01 -1.571451e-01   
   4925   4.205167e-01 -2.427847e-01   
   4926   4.073038e-01  2.900063e-01   
   4927   4.461257e-01  1.093383e-01   
   4928   4.304915e-01 -2.021941e-01   
   4929   4.400454e-01  1.534418e-01   
   4930   4.460887e-01 -1.087649e-01   
   4931   4.284940e-01 -2.127494e-01   
   4932   4.072593e-01 -2.900687e-01   
   4933   4.199513e-01  2.500005e-01   
   4934   4.485444e-01  9.961224e-02   
   4935   4.485108e-01 -9.903974e-02   
   4936   4.343605e-01 -1.916938e-01   
   4937   4.343514e-01  1.941872e-01   
   4938   4.293382e-01  2.201437e-01   
   4939   4.257767e-01  2.347202e-01   
   4940   4.507366e-01  8.983266e-02   
   4941   4.507063e-01 -8.926090e-02   
   4942   4.445176e-01  1.446201e-01   
   4943   4.380028e-01 -1.828957e-01   
   4944   4.141616e-01  2.801253e-01   
   4945   4.527011e-01  8.000480e-02   
   4946   4.526741e-01 -7.943370e-02   
   4947   4.455541e-01 -1.405243e-01   
   4948   4.141299e-01 -2.801722e-01   
   4949   4.544367e-01  7.013395e-02   
   4950   4.544130e-01 -6.956345e-02   
   4951   4.422170e-01  1.705747e-01   
   4952   4.414288e-01 -1.739623e-01   
   4953   4.485720e-01 -1.315844e-01   
   4954   4.342665e-01  2.115075e-01   
   4955   4.559426e-01  6.022546e-02   
   4956   4.559223e-01 -5.965547e-02   
   4957   4.487639e-01  1.339997e-01   
   4958   4.508034e-01  1.190803e-01   
   4959   4.572179e-01  5.028466e-02   
   4960   4.572010e-01 -4.971510e-02   
   4961   4.445149e-01 -1.643202e-01   
   4962   4.407918e-01  1.859135e-01   
   4963   4.582620e-01  4.031692e-02   
   4964   4.582484e-01 -3.974772e-02   
   4965   4.467445e-01 -1.529979e-01   
   4966   4.512085e-01 -1.224986e-01   
   4967   4.207310e-01  2.701581e-01   
   4968   4.363596e-01 -2.083972e-01   
   4969   4.590743e-01  3.032762e-02   
   4970   4.590641e-01 -2.975869e-02   
   4971   4.207113e-01 -2.701889e-01   
   4972   4.464409e-01  1.605407e-01   
   4973   4.596543e-01  2.032215e-02   
   4974   4.596475e-01 -1.975342e-02   
   4975   4.600017e-01  1.030590e-02   
   4976   4.599983e-01 -9.737289e-03   
   4977   4.601164e-01  2.842868e-04   
   4978   4.317577e-01 -2.316295e-01   
   4979   4.535054e-01 -1.132561e-01   
   4980   4.391948e-01  2.028713e-01   
   4981   4.555592e-01 -1.038754e-01   
   4982   4.404003e-01 -1.995785e-01   
   4983   4.495944e-01  1.531083e-01   
   4984   4.576074e-01 -9.444944e-02   
   4985   4.270139e-01  2.601136e-01   
   4986   4.270053e-01 -2.601277e-01   
   4987   4.378634e-01 -2.181588e-01   
   4988   4.525655e-01  1.440894e-01   
   4989   4.603426e-01 -7.569074e-02   
   4990   4.442368e-01 -1.906411e-01   
   4991   4.524767e-01 -1.450055e-01   
   4992   4.615907e-01 -6.580002e-02   
   4993   4.541354e-01 -1.366012e-01   
   4994   4.443365e-01  1.943110e-01   
   4995   4.603070e-01 -8.534489e-02   
   4996   4.391098e-01  2.201916e-01   
   4997   4.630070e-01  5.503034e-02   
   4998   4.628340e-01  6.326580e-02   
   4999   4.478563e-01 -1.815683e-01   
   5000   4.488377e-01  1.780678e-01   
   5001   4.635085e-01 -5.808085e-02   
   5002   4.642234e-01  4.642751e-02   
   5003   4.648368e-01  3.647717e-02   
   5004   4.570501e-01 -1.273862e-01   
   5005   4.598781e-01  1.070158e-01   
   5006   4.330124e-01  2.500006e-01   
   5007   4.330130e-01 -2.499994e-01   
   5008   4.615764e-01  9.740808e-02   
   5009   4.581594e-01  1.273297e-01   
   5010   4.571637e-01  1.361270e-01   
   5011   4.520173e-01  1.685911e-01   
   5012   4.663605e-01  2.849804e-02   
   5013   4.512544e-01 -1.723427e-01   
   5014   4.597036e-01 -1.181936e-01   
   5015   4.440381e-01  2.115554e-01   
   5016   4.603890e-01  1.167017e-01   
   5017   4.634552e-01  8.775634e-02   
   5018   4.388551e-01  2.346498e-01   
   5019   4.458538e-01 -2.064083e-01   
   5020   4.621030e-01 -1.089786e-01   
   5021   4.544570e-01 -1.629601e-01   
   5022   4.655893e-01  7.826219e-02   
   5023   4.383005e-01 -2.406089e-01   
   5024   4.642666e-01 -9.972500e-02   
   5025   4.562338e-01  1.604767e-01   
   5026   4.483008e-01  2.027340e-01   
   5027   4.576777e-01 -1.529055e-01   
   5028   4.498914e-01 -1.974535e-01   
   5029   4.662113e-01 -9.043027e-02   
   5030   4.531090e-01  1.865063e-01   
   5031   4.593509e-01  1.513236e-01   
   5032   4.701187e-01 -4.435087e-02   
   5033   4.428574e-01 -2.321150e-01   
   5034   4.706534e-01 -3.465500e-02   
   5035   4.688605e-01  6.943654e-02   
   5036   4.679498e-01 -8.109631e-02   
   5037   4.608096e-01 -1.440192e-01   
   5038   4.718290e-01 -5.186301e-03   
   5039   4.717424e-01 -1.502539e-02   
   5040   4.719625e-01  4.635517e-03   
   5041   4.716678e-01 -2.485433e-02   
   5042   4.720649e-01  1.435947e-02   
   5043   4.694901e-01 -7.172759e-02   
   5044   4.537490e-01 -1.884199e-01   
   5045   4.709497e-01 -5.355431e-02   
   5046   4.622843e-01  1.421100e-01   
   5047   4.708367e-01 -6.232896e-02   
   5048   4.710464e-01  6.076711e-02   
   5049   4.639119e-01 -1.346029e-01   
   5050   4.472329e-01 -2.235682e-01   
   5051   4.721671e-01  5.133780e-02   
   5052   4.541544e-01  1.948346e-01   
   5053   4.734512e-01  2.356920e-02   
   5054   4.488814e-01  2.202395e-01   
   5055   4.730991e-01  4.188798e-02   
   5056   4.650330e-01  1.328396e-01   
   5057   4.574252e-01 -1.793110e-01   
   5058   4.738419e-01  3.242140e-02   
   5059   4.586239e-01  1.760925e-01   
   5060   4.667639e-01 -1.251940e-01   
   5061   4.675958e-01  1.235161e-01   
   5062   4.516128e-01 -2.145824e-01   
   5063   4.609185e-01 -1.701303e-01   
   5064   4.618196e-01  1.666180e-01   
   5065   4.488739e-01  2.298359e-01   
   5066   4.531948e-01  2.112215e-01   
   5067   4.693471e-01 -1.157735e-01   
   5068   4.699717e-01  1.141432e-01   
   5069   4.716756e-01 -1.063303e-01   
   5070   4.642275e-01 -1.608817e-01   
   5071   4.721597e-01  1.047247e-01   
   5072   4.558126e-01 -2.055109e-01   
   5073   4.654100e-01  1.574283e-01   
   5074   4.573269e-01  2.021190e-01   
   5075   4.488664e-01  2.394793e-01   
   5076   4.737696e-01 -9.685866e-02   
   5077   4.741590e-01  9.526439e-02   
   5078   4.673511e-01 -1.515684e-01   
   5079   4.756455e-01 -8.735647e-02   
   5080   4.684643e-01  1.480924e-01   
   5081   4.759688e-01  8.576596e-02   
   5082   4.598302e-01 -1.963572e-01   
   5083   4.612763e-01  1.929357e-01   
   5084   4.773149e-01 -7.782397e-02   
   5085   4.775883e-01  7.623324e-02   
   5086   4.702879e-01 -1.421948e-01   
   5087   4.713314e-01  1.386973e-01   
   5088   4.488580e-01  2.502395e-01   
   5089   4.787847e-01 -6.826293e-02   
   5090   4.790169e-01  6.667006e-02   
   5091   4.636640e-01 -1.871251e-01   
   5092   4.800583e-01 -5.867599e-02   
   5093   4.802540e-01  5.708023e-02   
   5094   4.730368e-01 -1.327645e-01   
   5095   4.650413e-01  1.836753e-01   
   5096   4.811375e-01 -4.906630e-02   
   5097   4.812992e-01  4.746758e-02   
   5098   4.740100e-01  1.292467e-01   
   5099   4.820231e-01 -3.943737e-02   
   5100   4.821520e-01  3.783596e-02   
   5101   4.827153e-01 -2.979278e-02   
   5102   4.828120e-01  2.818921e-02   
   5103   4.832146e-01 -2.013629e-02   
   5104   4.755965e-01 -1.232811e-01   
   5105   4.832791e-01  1.853120e-02   
   5106   4.835208e-01 -1.047179e-02   
   5107   4.835530e-01  8.865794e-03   
   5108   4.836337e-01 -8.031489e-04   
   5109   4.673123e-01 -1.778181e-01   
   5110   4.764992e-01  1.197444e-01   
   5111   4.686204e-01  1.743415e-01   
   5112   4.779660e-01 -1.137483e-01   
   5113   4.787979e-01  1.101943e-01   
   5114   4.707738e-01 -1.684401e-01   
   5115   4.801444e-01 -1.041702e-01   
   5116   4.720121e-01  1.649380e-01   
   5117   4.809052e-01  1.006002e-01   
   5118   4.821310e-01 -9.455014e-02   
   5119   4.828203e-01  9.096581e-02   
   5120   4.740469e-01 -1.589946e-01   
   5121   4.752152e-01  1.554686e-01   
   5122   4.839250e-01 -8.489237e-02   
   5123   4.845424e-01  8.129508e-02   
   5124   4.855256e-01 -7.520085e-02   
   5125   4.771309e-01 -1.494857e-01   
   5126   4.860708e-01  7.159186e-02   
   5127   4.782284e-01  1.459370e-01   
   5128   4.869319e-01 -6.547929e-02   
   5129   4.874049e-01  6.186002e-02   
   5130   4.881437e-01 -5.573148e-02   
   5131   4.885442e-01  5.210345e-02   
   5132   4.800242e-01 -1.399171e-01   
   5133   4.891602e-01 -4.596146e-02   
   5134   4.894882e-01  4.232606e-02   
   5135   4.810504e-01  1.363471e-01   
   5136   4.899812e-01 -3.617275e-02   
   5137   4.902366e-01  3.253175e-02   
   5138   4.906066e-01 -2.636980e-02   
   5139   4.907890e-01  2.272443e-02   
   5140   4.910358e-01 -1.655640e-02   
   5141   4.911452e-01  1.290804e-02   
   5142   4.912686e-01 -6.736348e-03   
   5143   4.913051e-01  3.086475e-03   
   5144   4.827255e-01 -1.302925e-01   
   5145   4.836801e-01  1.267027e-01   
   5146   4.852338e-01 -1.206158e-01   
   5147   4.861165e-01  1.170076e-01   
   5148   4.875482e-01 -1.108909e-01   
   5149   4.883585e-01  1.072658e-01   
   5150   4.896674e-01 -1.011216e-01   
   5151   4.904054e-01  9.748107e-02   
   5152   4.915913e-01 -9.131194e-02   
   5153   4.922562e-01  8.765740e-02   
   5154   4.933187e-01 -8.146582e-02   
   5155   4.939103e-01  7.779869e-02   
   5156   4.948488e-01 -7.158712e-02   
   5157   4.953669e-01  6.790888e-02   
   5158   4.961811e-01 -6.167979e-02   
   5159   4.966255e-01  5.799193e-02   
   5160   4.973150e-01 -5.174780e-02   
   5161   4.976857e-01  4.805180e-02   
   5162   4.982499e-01 -4.179512e-02   
   5163   4.985469e-01  3.809246e-02   
   5164   4.989860e-01 -3.182575e-02   
   5165   4.992088e-01  2.811789e-02   
   5166   4.995226e-01 -2.184366e-02   
   5167   4.996711e-01  1.813209e-02   
   5168   4.998595e-01 -1.185284e-02   
   5169   4.999338e-01  8.139035e-03   
   5170   4.999966e-01 -1.857271e-03   
  END_COORDINATES
  BOUNDARIES, ELEMENT
    1		1	5	8296	
    2		4	1	8294	
    3		5	10	8272	
    4		9	4	8263	
    5		10	19	8209	
    6		18	9	8198	
    7		19	31	8165	
    8		30	18	8156	
    9		31	49	8118	
    10		47	30	8112	
    11		49	67	8083	
    12		66	47	8070	
    13		67	90	8051	
    14		89	66	8042	
    15		90	111	8014	
    16		110	89	8012	
    17		111	134	8011	
    18		132	110	8010	
    19		134	164	7982	
    20		163	132	7980	
    21		164	211	7951	
    22		174	177	140	
    23		175	174	137	
    24		177	184	143	
    25		181	175	134	
    26		184	190	146	
    27		187	181	131	
    28		190	195	149	
    29		194	187	128	
    30		195	206	152	
    31		204	194	125	
    32		206	218	155	
    33		210	163	7940	
    34		211	274	7932	
    35		216	204	122	
    36		218	236	158	
    37		233	216	119	
    38		236	255	161	
    39		253	233	116	
    40		255	278	164	
    41		273	210	7926	
    42		274	345	7919	
    43		277	253	113	
    44		278	306	167	
    45		300	277	110	
    46		306	334	170	
    47		331	300	107	
    48		334	364	173	
    49		344	273	7917	
    50		345	427	7908	
    51		361	331	104	
    52		364	401	176	
    53		396	361	101	
    54		401	438	179	
    55		426	344	7907	
    56		427	510	7894	
    57		434	396	98	
    58		438	479	182	
    59		475	434	95	
    60		479	523	185	
    61		507	426	7893	
    62		510	599	7881	
    63		517	475	92	
    64		523	574	188	
    65		567	517	89	
    66		574	616	191	
    67		597	507	7879	
    68		599	697	7866	
    69		611	567	86	
    70		616	669	194	
    71		662	611	83	
    72		669	725	197	
    73		696	597	7862	
    74		697	803	7857	
    75		717	662	80	
    76		725	780	200	
    77		777	717	77	
    78		780	843	203	
    79		800	696	7855	
    80		803	908	7850	
    81		837	777	74	
    82		843	901	206	
    83		898	837	71	
    84		901	968	209	
    85		906	800	7848	
    86		908	1017	7844	
    87		965	898	68	
    88		968	1033	212	
    89		1015	906	7840	
    90		1017	1130	7837	
    91		1027	965	65	
    92		1033	1105	215	
    93		1099	1027	62	
    94		1105	1176	218	
    95		1129	1015	7833	
    96		1130	1250	7830	
    97		1170	1099	59	
    98		1176	1244	221	
    99		1242	1170	56	
    100		1244	1315	224	
    101		1246	1129	7829	
    102		1250	1367	7824	
    103		1313	1242	53	
    104		1315	1398	227	
    105		1365	1246	7823	
    106		1367	1489	7818	
    107		1388	1313	50	
    108		1398	1468	230	
    109		1464	1388	47	
    110		1468	1547	233	
    111		1485	1365	7817	
    112		1489	1618	7812	
    113		1541	1464	44	
    114		1547	1627	236	
    115		1614	1485	7811	
    116		1618	1737	7805	
    117		1624	1541	41	
    118		1627	1699	239	
    119		1696	1624	38	
    120		1699	1789	242	
    121		1735	1614	7804	
    122		1737	1869	7799	
    123		1784	1696	35	
    124		1789	1872	245	
    125		1864	1784	32	
    126		1867	1735	7798	
    127		1869	1992	7793	
    128		1872	1948	248	
    129		1940	1864	29	
    130		1948	2030	251	
    131		1988	1867	7792	
    132		1992	2114	7789	
    133		2022	1940	26	
    134		2030	2110	254	
    135		2100	2022	23	
    136		2110	2187	257	
    137		2113	1988	7786	
    138		2114	2241	7781	
    139		2181	2100	20	
    140		2187	2272	260	
    141		2236	2113	7780	
    142		2241	2363	7777	
    143		2261	2181	17	
    144		2272	2347	263	
    145		2337	2261	14	
    146		2347	2425	266	
    147		2361	2236	7776	
    148		2363	2478	7773	
    149		2420	2337	12	
    150		2425	2503	269	
    151		2474	2361	7772	
    152		2478	2605	7766	
    153		2495	2420	9	
    154		2503	2587	272	
    155		2579	2495	6	
    156		2587	2659	275	
    157		2601	2474	7763	
    158		2605	2720	7760	
    159		2649	2579	4	
    160		2659	2742	278	
    161		2716	2601	7759	
    162		2720	2840	7754	
    163		2734	2649	1	
    164		2742	2811	281	
    165		2804	2734	561	
    166		2811	2888	284	
    167		2836	2716	7751	
    168		2840	2952	7748	
    169		2881	2804	557	
    170		2888	2958	287	
    171		2950	2836	7747	
    172		2951	2881	554	
    173		2952	3068	7741	
    174		2958	3031	290	
    175		3023	2951	551	
    176		3031	3105	293	
    177		3063	2950	7740	
    178		3068	3181	7735	
    179		3097	3023	548	
    180		3105	3170	296	
    181		3166	3097	545	
    182		3170	3239	299	
    183		3174	3063	7734	
    184		3181	3286	7729	
    185		3233	3166	542	
    186		3239	3306	302	
    187		3282	3174	7725	
    188		3286	3392	7726	
    189		3297	3233	539	
    190		3306	3375	305	
    191		3371	3297	536	
    192		3375	3430	308	
    193		3391	3282	7722	
    194		3392	3498	7638	
    195		3426	3371	533	
    196		3430	3494	311	
    197		3487	3426	530	
    198		3491	3391	7637	
    199		3494	3554	314	
    200		3498	3590	7634	
    201		3548	3487	527	
    202		3554	3605	317	
    203		3587	3491	7633	
    204		3590	3683	7628	
    205		3599	3548	524	
    206		3605	3662	320	
    207		3657	3599	521	
    208		3662	3712	323	
    209		3682	3587	7627	
    210		3683	3771	7622	
    211		3710	3657	518	
    212		3712	3763	326	
    213		3758	3710	515	
    214		3763	3811	329	
    215		3768	3682	7621	
    216		3771	3860	7616	
    217		3806	3758	512	
    218		3811	3858	332	
    219		3853	3806	509	
    220		3857	3768	7615	
    221		3858	3898	335	
    222		3860	3945	7610	
    223		3894	3853	506	
    224		3898	3946	338	
    225		3937	3857	7609	
    226		3939	3894	503	
    227		3945	4020	7606	
    228		3946	3984	341	
    229		3980	3939	500	
    230		3984	4023	344	
    231		4016	3937	7605	
    232		4017	3980	497	
    233		4020	4097	7600	
    234		4023	4056	347	
    235		4051	4017	494	
    236		4056	4096	350	
    237		4092	4051	491	
    238		4093	4016	7599	
    239		4096	4127	353	
    240		4097	4167	7594	
    241		4124	4092	488	
    242		4127	4159	356	
    243		4157	4124	485	
    244		4159	4187	359	
    245		4163	4093	7593	
    246		4167	4235	7586	
    247		4184	4157	482	
    248		4187	4219	362	
    249		4215	4184	479	
    250		4219	4247	365	
    251		4231	4163	7585	
    252		4235	4299	7582	
    253		4245	4215	476	
    254		4247	4265	368	
    255		4262	4245	473	
    256		4265	4290	371	
    257		4286	4262	470	
    258		4290	4309	374	
    259		4296	4231	7581	
    260		4299	4355	7576	
    261		4307	4286	467	
    262		4309	4324	377	
    263		4322	4307	464	
    264		4324	4343	380	
    265		4341	4322	461	
    266		4343	4363	383	
    267		4353	4296	7575	
    268		4355	4409	7570	
    269		4360	4341	458	
    270		4363	4375	386	
    271		4374	4360	455	
    272		4375	4387	389	
    273		4385	4374	452	
    274		4387	4398	392	
    275		4395	4385	449	
    276		4398	4411	395	
    277		4405	4353	7569	
    278		4409	4453	7566	
    279		4410	4395	446	
    280		4411	4418	398	
    281		4416	4410	443	
    282		4418	4423	401	
    283		4422	4416	440	
    284		4423	4428	404	
    285		4427	4422	437	
    286		4428	4431	407	
    287		4430	4427	434	
    288		4431	4435	410	
    289		4434	4430	431	
    290		4435	4439	413	
    291		4438	4434	428	
    292		4439	4443	416	
    293		4442	4438	425	
    294		4443	4444	419	
    295		4444	4442	422	
    296		4451	4405	7563	
    297		4453	4490	7562	
    298		4486	4451	7559	
    299		4490	4513	7556	
    300		4511	4486	7553	
    301		4513	4536	7550	
    302		4535	4511	7547	
    303		4536	4558	7544	
    304		4556	4535	7541	
    305		4558	4574	7538	
    306		4571	4556	7537	
    307		4574	4604	7532	
    308		4603	4571	7529	
    309		4604	4619	7526	
    310		4616	4603	7523	
    311		4619	4641	7520	
    312		4639	4616	7519	
    313		4641	4658	7515	
    314		4655	4639	7514	
    315		4658	4673	7513	
    316		4670	4655	7512	
    317		4673	4692	7510	
    318		4690	4670	7509	
    319		4692	4706	7511	
    320		4697	4746	8419	
    321		4703	4690	7508	
    322		4706	4724	7506	
    323		4711	4697	8544	
    324		4723	4703	7505	
    325		4724	4740	7507	
    326		4732	4711	8542	
    327		4733	4743	8473	
    328		4738	4723	7504	
    329		4740	4750	7503	
    330		4742	4732	8237	
    331		4743	4758	8216	
    332		4746	4794	7872	
    333		4749	4738	7502	
    334		4750	4769	7501	
    335		4754	4742	8139	
    336		4758	4771	8130	
    337		4765	4749	7500	
    338		4768	4754	8069	
    339		4769	4783	7498	
    340		4771	4778	8068	
    341		4777	4768	8013	
    342		4778	4789	8024	
    343		4780	4765	7497	
    344		4783	4795	7499	
    345		4786	4733	8480	
    346		4787	4777	7981	
    347		4789	4796	7993	
    348		4792	4780	7496	
    349		4793	4787	7930	
    350		4794	4854	7767	
    351		4795	4813	7495	
    352		4796	4802	7937	
    353		4800	4793	7900	
    354		4802	4811	7913	
    355		4807	4819	6481	
    356		4809	4800	7876	
    357		4811	4817	7889	
    358		4812	4792	7494	
    359		4813	4830	7492	
    360		4815	4809	7856	
    361		4817	4820	7864	
    362		4818	4815	7841	
    363		4819	4828	6491	
    364		4820	4822	7849	
    365		4821	4818	7826	
    366		4822	4823	7834	
    367		4823	4821	7825	
    368		4827	4812	7491	
    369		4828	4839	6495	
    370		4829	4873	6900	
    371		4830	4848	7493	
    372		4839	4849	6898	
    373		4842	4829	6900	
    374		4844	4807	6481	
    375		4845	4827	7489	
    376		4847	4786	7845	
    377		4848	4862	7490	
    378		4849	4855	6885	
    379		4850	4842	6890	
    380		4854	4933	7486	
    381		4855	4867	6895	
    382		4856	4850	6865	
    383		4861	4845	7483	
    384		4862	4886	7484	
    385		4867	4877	6714	
    386		4869	4856	6876	
    387		4873	4931	6905	
    388		4877	4889	6716	
    389		4878	4869	6872	
    390		4885	4861	7481	
    391		4886	4911	7482	
    392		4888	4844	6483	
    393		4889	4899	6723	
    394		4891	4878	6881	
    395		4899	4913	6893	
    396		4900	4891	6827	
    397		4910	4885	7480	
    398		4911	4932	7479	
    399		4913	4920	6887	
    400		4914	4900	6822	
    401		4920	4927	6888	
    402		4921	4914	6817	
    403		4925	4847	7744	
    404		4926	4910	7478	
    405		4927	4934	6886	
    406		4930	4921	6812	
    407		4931	4987	6856	
    408		4932	4948	7476	
    409		4933	5006	7470	
    410		4934	4940	6897	
    411		4935	4930	6807	
    412		4938	4888	6480	
    413		4940	4945	6892	
    414		4941	4935	6801	
    415		4944	4926	7475	
    416		4945	4949	6902	
    417		4946	4941	6794	
    418		4948	4971	7477	
    419		4949	4955	6749	
    420		4950	4946	6792	
    421		4955	4959	6745	
    422		4956	4950	6790	
    423		4959	4963	6746	
    424		4960	4956	6788	
    425		4963	4969	6750	
    426		4964	4960	6899	
    427		4967	4944	7474	
    428		4969	4973	6752	
    429		4970	4964	6889	
    430		4971	4986	7472	
    431		4973	4975	6896	
    432		4974	4970	6894	
    433		4975	4977	6891	
    434		4976	4974	6884	
    435		4977	4976	6901	
    436		4985	4967	7471	
    437		4986	5007	7473	
    438		4987	5050	6525	
    439		4996	4938	6482	
    440		5006	4985	7470	
    441		5007	4925	7473	
    442		5007	5023	9973	
    443		5023	5033	9923	
    444		5033	5050	9921	
    445		5050	5062	6525	
    446		5054	4996	6479	
    447		5054	5065	9922	
    448		5062	5072	6547	
    449		5065	5075	9924	
    450		5066	5054	6503	
    451		5072	5082	6536	
    452		5074	5066	6508	
    453		5075	5088	9974	
    454		5082	5091	6558	
    455		5083	5074	6510	
    456		5088	5006	9974	
    457		5091	5109	6531	
    458		5095	5083	6513	
    459		5109	5114	6553	
    460		5111	5095	6516	
    461		5114	5120	6542	
    462		5116	5111	6530	
    463		5120	5125	6563	
    464		5121	5116	6565	
    465		5125	5132	6528	
    466		5127	5121	6544	
    467		5132	5144	6550	
    468		5135	5127	6555	
    469		5144	5146	6539	
    470		5145	5135	6533	
    471		5146	5148	6561	
    472		5147	5145	6560	
    473		5148	5150	6534	
    474		5149	5147	6538	
    475		5150	5152	6556	
    476		5151	5149	6549	
    477		5152	5154	6545	
    478		5153	5151	6527	
    479		5154	5156	6566	
    480		5155	5153	6567	
    481		5156	5158	6526	
    482		5157	5155	6546	
    483		5158	5160	6548	
    484		5159	5157	6557	
    485		5160	5162	6537	
    486		5161	5159	6535	
    487		5162	5164	6559	
    488		5163	5161	6562	
    489		5164	5166	6532	
    490		5165	5163	6540	
    491		5166	5168	6554	
    492		5167	5165	6551	
    493		5168	5170	6543	
    494		5169	5167	6529	
    495		5170	5169	6564	
  END_BOUNDARIES
  MATERIALS
     1     1
     2     1
     3     1
     4     1
     5     1
     6     1
     7     1
     8     1
     9     1
     10     1
     11     1
     12     1
     13     1
     14     1
     15     1
     16     1
     17     1
     18     1
     19     1
     20     1
     21     1
     22     1
     23     1
     24     1
     25     1
     26     1
     27     1
     28     1
     29     1
     30     1
     31     1
     32     1
     33     1
     34     1
     35     1
     36     1
     37     1
     38     1
     39     1
     40     1
     41     1
     42     1
     43     1
     44     1
     45     1
     46     1
     47     1
     48     1
     49     1
     50     1
     51     1
     52     1
     53     1
     54     1
     55     1
     56     1
     57     1
     58     1
     59     1
     60     1
     61     1
     62     1
     63     1
     64     1
     65     1
     66     1
     67     1
     68     1
     69     1
     70     1
     71     1
     72     1
     73     1
     74     1
     75     1
     76     1
     77     1
     78     1
     79     1
     80     1
     81     1
     82     1
     83     1
     84     1
     85     1
     86     1
     87     1
     88     1
     89     1
     90     1
     91     1
     92     1
     93     1
     94     1
     95     1
     96     1
     97     1
     98     1
     99     1
     100     1
     101     1
     102     1
     103     1
     104     1
     105     1
     106     1
     107     1
     108     1
     109     1
     110     1
     111     1
     112     1
     113     1
     114     1
     115     1
     116     1
     117     1
     118     1
     119     1
     120     1
     121     1
     122     1
     123     1
     124     1
     125     1
     126     1
     127     1
     128     1
     129     1
     130     1
     131     1
     132     1
     133     1
     134     1
     135     1
     136     1
     137     1
     138     1
     139     1
     140     1
     141     1
     142     1
     143     1
     144     1
     145     1
     146     1
     147     1
     148     1
     149     1
     150     1
     151     1
     152     1
     153     1
     154     1
     155     1
     156     1
     157     1
     158     1
     159     1
     160     1
     161     1
     162     1
     163     1
     164     1
     165     1
     166     1
     167     1
     168     1
     169     1
     170     1
     171     1
     172     1
     173     1
     174     1
     175     1
     176     1
     177     1
     178     1
     179     1
     180     1
     181     1
     182     1
     183     1
     184     1
     185     1
     186     1
     187     1
     188     1
     189     1
     190     1
     191     1
     192     1
     193     1
     194     1
     195     1
     196     1
     197     1
     198     1
     199     1
     200     1
     201     1
     202     1
     203     1
     204     1
     205     1
     206     1
     207     1
     208     1
     209     1
     210     1
     211     1
     212     1
     213     1
     214     1
     215     1
     216     1
     217     1
     218     1
     219     1
     220     1
     221     1
     222     1
     223     1
     224     1
     225     1
     226     1
     227     1
     228     1
     229     1
     230     1
     231     1
     232     1
     233     1
     234     1
     235     1
     236     1
     237     1
     238     1
     239     1
     240     1
     241     1
     242     1
     243     1
     244     1
     245     1
     246     1
     247     1
     248     1
     249     1
     250     1
     251     1
     252     1
     253     1
     254     1
     255     1
     256     1
     257     1
     258     1
     259     1
     260     1
     261     1
     262     1
     263     1
     264     1
     265     1
     266     1
     267     1
     268     1
     269     1
     270     1
     271     1
     272     1
     273     1
     274     1
     275     1
     276     1
     277     1
     278     1
     279     1
     280     1
     281     1
     282     1
     283     1
     284     1
     285     1
     286     1
     287     1
     288     1
     289     1
     290     1
     291     1
     292     1
     293     1
     294     1
     295     1
     296     1
     297     1
     298     1
     299     1
     300     1
     301     1
     302     1
     303     1
     304     1
     305     1
     306     1
     307     1
     308     1
     309     1
     310     1
     311     1
     312     1
     313     1
     314     1
     315     1
     316     1
     317     1
     318     1
     319     1
     320     1
     321     1
     322     1
     323     1
     324     1
     325     1
     326     1
     327     1
     328     1
     329     1
     330     1
     331     1
     332     1
     333     1
     334     1
     335     1
     336     1
     337     1
     338     1
     339     1
     340     1
     341     1
     342     1
     343     1
     344     1
     345     1
     346     1
     347     1
     348     1
     349     1
     350     1
     351     1
     352     1
     353     1
     354     1
     355     1
     356     1
     357     1
     358     1
     359     1
     360     1
     361     1
     362     1
     363     1
     364     1
     365     1
     366     1
     367     1
     368     1
     369     1
     370     1
     371     1
     372     1
     373     1
     374     1
     375     1
     376     1
     377     1
     378     1
     379     1
     380     1
     381     1
     382     1
     383     1
     384     1
     385     1
     386     1
     387     1
     388     1
     389     1
     390     1
     391     1
     392     1
     393     1
     394     1
     395     1
     396     1
     397     1
     398     1
     399     1
     400     1
     401     1
     402     1
     403     1
     404     1
     405     1
     406     1
     407     1
     408     1
     409     1
     410     1
     411     1
     412     1
     413     1
     414     1
     415     1
     416     1
     417     1
     418     1
     419     1
     420     1
     421     1
     422     1
     423     1
     424     1
     425     1
     426     1
     427     1
     428     1
     429     1
     430     1
     431     1
     432     1
     433     1
     434     1
     435     1
     436     1
     437     1
     438     1
     439     1
     440     1
     441     1
     442     1
     443     1
     444     1
     445     1
     446     1
     447     1
     448     1
     449     1
     450     1
     451     1
     452     1
     453     1
     454     1
     455     1
     456     1
     457     1
     458     1
     459     1
     460     1
     461     1
     462     1
     463     1
     464     1
     465     1
     466     1
     467     1
     468     1
     469     1
     470     1
     471     1
     472     1
     473     1
     474     1
     475     1
     476     1
     477     1
     478     1
     479     1
     480     1
     481     1
     482     1
     483     1
     484     1
     485     1
     486     1
     487     1
     488     1
     489     1
     490     1
     491     1
     492     1
     493     1
     494     1
     495     1
     496     1
     497     1
     498     1
     499     1
     500     1
     501     1
     502     1
     503     1
     504     1
     505     1
     506     1
     507     1
     508     1
     509     1
     510     1
     511     1
     512     1
     513     1
     514     1
     515     1
     516     1
     517     1
     518     1
     519     1
     520     1
     521     1
     522     1
     523     1
     524     1
     525     1
     526     1
     527     1
     528     1
     529     1
     530     1
     531     1
     532     1
     533     1
     534     1
     535     1
     536     1
     537     1
     538     1
     539     1
     540     1
     541     1
     542     1
     543     1
     544     1
     545     1
     546     1
     547     1
     548     1
     549     1
     550     1
     551     1
     552     1
     553     1
     554     1
     555     1
     556     1
     557     1
     558     1
     559     1
     560     1
     561     1
     562     1
     563     1
     564     1
     565     1
     566     1
     567     1
     568     1
     569     1
     570     1
     571     1
     572     1
     573     1
     574     1
     575     1
     576     1
     577     1
     578     1
     579     1
     580     1
     581     1
     582     1
     583     1
     584     1
     585     1
     586     1
     587     1
     588     1
     589     1
     590     1
     591     1
     592     1
     593     1
     594     1
     595     1
     596     1
     597     1
     598     1
     599     1
     600     1
     601     1
     602     1
     603     1
     604     1
     605     1
     606     1
     607     1
     608     1
     609     1
     610     1
     611     1
     612     1
     613     1
     614     1
     615     1
     616     1
     617     1
     618     1
     619     1
     620     1
     621     1
     622     1
     623     1
     624     1
     625     1
     626     1
     627     1
     628     1
     629     1
     630     1
     631     1
     632     1
     633     1
     634     1
     635     1
     636     1
     637     1
     638     1
     639     1
     640     1
     641     1
     642     1
     643     1
     644     1
     645     1
     646     1
     647     1
     648     1
     649     1
     650     1
     651     1
     652     1
     653     1
     654     1
     655     1
     656     1
     657     1
     658     1
     659     1
     660     1
     661     1
     662     1
     663     1
     664     1
     665     1
     666     1
     667     1
     668     1
     669     1
     670     1
     671     1
     672     1
     673     1
     674     1
     675     1
     676     1
     677     1
     678     1
     679     1
     680     1
     681     1
     682     1
     683     1
     684     1
     685     1
     686     1
     687     1
     688     1
     689     1
     690     1
     691     1
     692     1
     693     1
     694     1
     695     1
     696     1
     697     1
     698     1
     699     1
     700     1
     701     1
     702     1
     703     1
     704     1
     705     1
     706     1
     707     1
     708     1
     709     1
     710     1
     711     1
     712     1
     713     1
     714     1
     715     1
     716     1
     717     1
     718     1
     719     1
     720     1
     721     1
     722     1
     723     1
     724     1
     725     1
     726     1
     727     1
     728     1
     729     1
     730     1
     731     1
     732     1
     733     1
     734     1
     735     1
     736     1
     737     1
     738     1
     739     1
     740     1
     741     1
     742     1
     743     1
     744     1
     745     1
     746     1
     747     1
     748     1
     749     1
     750     1
     751     1
     752     1
     753     1
     754     1
     755     1
     756     1
     757     1
     758     1
     759     1
     760     1
     761     1
     762     1
     763     1
     764     1
     765     1
     766     1
     767     1
     768     1
     769     1
     770     1
     771     1
     772     1
     773     1
     774     1
     775     1
     776     1
     777     1
     778     1
     779     1
     780     1
     781     1
     782     1
     783     1
     784     1
     785     1
     786     1
     787     1
     788     1
     789     1
     790     1
     791     1
     792     1
     793     1
     794     1
     795     1
     796     1
     797     1
     798     1
     799     1
     800     1
     801     1
     802     1
     803     1
     804     1
     805     1
     806     1
     807     1
     808     1
     809     1
     810     1
     811     1
     812     1
     813     1
     814     1
     815     1
     816     1
     817     1
     818     1
     819     1
     820     1
     821     1
     822     1
     823     1
     824     1
     825     1
     826     1
     827     1
     828     1
     829     1
     830     1
     831     1
     832     1
     833     1
     834     1
     835     1
     836     1
     837     1
     838     1
     839     1
     840     1
     841     1
     842     1
     843     1
     844     1
     845     1
     846     1
     847     1
     848     1
     849     1
     850     1
     851     1
     852     1
     853     1
     854     1
     855     1
     856     1
     857     1
     858     1
     859     1
     860     1
     861     1
     862     1
     863     1
     864     1
     865     1
     866     1
     867     1
     868     1
     869     1
     870     1
     871     1
     872     1
     873     1
     874     1
     875     1
     876     1
     877     1
     878     1
     879     1
     880     1
     881     1
     882     1
     883     1
     884     1
     885     1
     886     1
     887     1
     888     1
     889     1
     890     1
     891     1
     892     1
     893     1
     894     1
     895     1
     896     1
     897     1
     898     1
     899     1
     900     1
     901     1
     902     1
     903     1
     904     1
     905     1
     906     1
     907     1
     908     1
     909     1
     910     1
     911     1
     912     1
     913     1
     914     1
     915     1
     916     1
     917     1
     918     1
     919     1
     920     1
     921     1
     922     1
     923     1
     924     1
     925     1
     926     1
     927     1
     928     1
     929     1
     930     1
     931     1
     932     1
     933     1
     934     1
     935     1
     936     1
     937     1
     938     1
     939     1
     940     1
     941     1
     942     1
     943     1
     944     1
     945     1
     946     1
     947     1
     948     1
     949     1
     950     1
     951     1
     952     1
     953     1
     954     1
     955     1
     956     1
     957     1
     958     1
     959     1
     960     1
     961     1
     962     1
     963     1
     964     1
     965     1
     966     1
     967     1
     968     1
     969     1
     970     1
     971     1
     972     1
     973     1
     974     1
     975     1
     976     1
     977     1
     978     1
     979     1
     980     1
     981     1
     982     1
     983     1
     984     1
     985     1
     986     1
     987     1
     988     1
     989     1
     990     1
     991     1
     992     1
     993     1
     994     1
     995     1
     996     1
     997     1
     998     1
     999     1
     1000     1
     1001     1
     1002     1
     1003     1
     1004     1
     1005     1
     1006     1
     1007     1
     1008     1
     1009     1
     1010     1
     1011     1
     1012     1
     1013     1
     1014     1
     1015     1
     1016     1
     1017     1
     1018     1
     1019     1
     1020     1
     1021     1
     1022     1
     1023     1
     1024     1
     1025     1
     1026     1
     1027     1
     1028     1
     1029     1
     1030     1
     1031     1
     1032     1
     1033     1
     1034     1
     1035     1
     1036     1
     1037     1
     1038     1
     1039     1
     1040     1
     1041     1
     1042     1
     1043     1
     1044     1
     1045     1
     1046     1
     1047     1
     1048     1
     1049     1
     1050     1
     1051     1
     1052     1
     1053     1
     1054     1
     1055     1
     1056     1
     1057     1
     1058     1
     1059     1
     1060     1
     1061     1
     1062     1
     1063     1
     1064     1
     1065     1
     1066     1
     1067     1
     1068     1
     1069     1
     1070     1
     1071     1
     1072     1
     1073     1
     1074     1
     1075     1
     1076     1
     1077     1
     1078     1
     1079     1
     1080     1
     1081     1
     1082     1
     1083     1
     1084     1
     1085     1
     1086     1
     1087     1
     1088     1
     1089     1
     1090     1
     1091     1
     1092     1
     1093     1
     1094     1
     1095     1
     1096     1
     1097     1
     1098     1
     1099     1
     1100     1
     1101     1
     1102     1
     1103     1
     1104     1
     1105     1
     1106     1
     1107     1
     1108     1
     1109     1
     1110     1
     1111     1
     1112     1
     1113     1
     1114     1
     1115     1
     1116     1
     1117     1
     1118     1
     1119     1
     1120     1
     1121     1
     1122     1
     1123     1
     1124     1
     1125     1
     1126     1
     1127     1
     1128     1
     1129     1
     1130     1
     1131     1
     1132     1
     1133     1
     1134     1
     1135     1
     1136     1
     1137     1
     1138     1
     1139     1
     1140     1
     1141     1
     1142     1
     1143     1
     1144     1
     1145     1
     1146     1
     1147     1
     1148     1
     1149     1
     1150     1
     1151     1
     1152     1
     1153     1
     1154     1
     1155     1
     1156     1
     1157     1
     1158     1
     1159     1
     1160     1
     1161     1
     1162     1
     1163     1
     1164     1
     1165     1
     1166     1
     1167     1
     1168     1
     1169     1
     1170     1
     1171     1
     1172     1
     1173     1
     1174     1
     1175     1
     1176     1
     1177     1
     1178     1
     1179     1
     1180     1
     1181     1
     1182     1
     1183     1
     1184     1
     1185     1
     1186     1
     1187     1
     1188     1
     1189     1
     1190     1
     1191     1
     1192     1
     1193     1
     1194     1
     1195     1
     1196     1
     1197     1
     1198     1
     1199     1
     1200     1
     1201     1
     1202     1
     1203     1
     1204     1
     1205     1
     1206     1
     1207     1
     1208     1
     1209     1
     1210     1
     1211     1
     1212     1
     1213     1
     1214     1
     1215     1
     1216     1
     1217     1
     1218     1
     1219     1
     1220     1
     1221     1
     1222     1
     1223     1
     1224     1
     1225     1
     1226     1
     1227     1
     1228     1
     1229     1
     1230     1
     1231     1
     1232     1
     1233     1
     1234     1
     1235     1
     1236     1
     1237     1
     1238     1
     1239     1
     1240     1
     1241     1
     1242     1
     1243     1
     1244     1
     1245     1
     1246     1
     1247     1
     1248     1
     1249     1
     1250     1
     1251     1
     1252     1
     1253     1
     1254     1
     1255     1
     1256     1
     1257     1
     1258     1
     1259     1
     1260     1
     1261     1
     1262     1
     1263     1
     1264     1
     1265     1
     1266     1
     1267     1
     1268     1
     1269     1
     1270     1
     1271     1
     1272     1
     1273     1
     1274     1
     1275     1
     1276     1
     1277     1
     1278     1
     1279     1
     1280     1
     1281     1
     1282     1
     1283     1
     1284     1
     1285     1
     1286     1
     1287     1
     1288     1
     1289     1
     1290     1
     1291     1
     1292     1
     1293     1
     1294     1
     1295     1
     1296     1
     1297     1
     1298     1
     1299     1
     1300     1
     1301     1
     1302     1
     1303     1
     1304     1
     1305     1
     1306     1
     1307     1
     1308     1
     1309     1
     1310     1
     1311     1
     1312     1
     1313     1
     1314     1
     1315     1
     1316     1
     1317     1
     1318     1
     1319     1
     1320     1
     1321     1
     1322     1
     1323     1
     1324     1
     1325     1
     1326     1
     1327     1
     1328     1
     1329     1
     1330     1
     1331     1
     1332     1
     1333     1
     1334     1
     1335     1
     1336     1
     1337     1
     1338     1
     1339     1
     1340     1
     1341     1
     1342     1
     1343     1
     1344     1
     1345     1
     1346     1
     1347     1
     1348     1
     1349     1
     1350     1
     1351     1
     1352     1
     1353     1
     1354     1
     1355     1
     1356     1
     1357     1
     1358     1
     1359     1
     1360     1
     1361     1
     1362     1
     1363     1
     1364     1
     1365     1
     1366     1
     1367     1
     1368     1
     1369     1
     1370     1
     1371     1
     1372     1
     1373     1
     1374     1
     1375     1
     1376     1
     1377     1
     1378     1
     1379     1
     1380     1
     1381     1
     1382     1
     1383     1
     1384     1
     1385     1
     1386     1
     1387     1
     1388     1
     1389     1
     1390     1
     1391     1
     1392     1
     1393     1
     1394     1
     1395     1
     1396     1
     1397     1
     1398     1
     1399     1
     1400     1
     1401     1
     1402     1
     1403     1
     1404     1
     1405     1
     1406     1
     1407     1
     1408     1
     1409     1
     1410     1
     1411     1
     1412     1
     1413     1
     1414     1
     1415     1
     1416     1
     1417     1
     1418     1
     1419     1
     1420     1
     1421     1
     1422     1
     1423     1
     1424     1
     1425     1
     1426     1
     1427     1
     1428     1
     1429     1
     1430     1
     1431     1
     1432     1
     1433     1
     1434     1
     1435     1
     1436     1
     1437     1
     1438     1
     1439     1
     1440     1
     1441     1
     1442     1
     1443     1
     1444     1
     1445     1
     1446     1
     1447     1
     1448     1
     1449     1
     1450     1
     1451     1
     1452     1
     1453     1
     1454     1
     1455     1
     1456     1
     1457     1
     1458     1
     1459     1
     1460     1
     1461     1
     1462     1
     1463     1
     1464     1
     1465     1
     1466     1
     1467     1
     1468     1
     1469     1
     1470     1
     1471     1
     1472     1
     1473     1
     1474     1
     1475     1
     1476     1
     1477     1
     1478     1
     1479     1
     1480     1
     1481     1
     1482     1
     1483     1
     1484     1
     1485     1
     1486     1
     1487     1
     1488     1
     1489     1
     1490     1
     1491     1
     1492     1
     1493     1
     1494     1
     1495     1
     1496     1
     1497     1
     1498     1
     1499     1
     1500     1
     1501     1
     1502     1
     1503     1
     1504     1
     1505     1
     1506     1
     1507     1
     1508     1
     1509     1
     1510     1
     1511     1
     1512     1
     1513     1
     1514     1
     1515     1
     1516     1
     1517     1
     1518     1
     1519     1
     1520     1
     1521     1
     1522     1
     1523     1
     1524     1
     1525     1
     1526     1
     1527     1
     1528     1
     1529     1
     1530     1
     1531     1
     1532     1
     1533     1
     1534     1
     1535     1
     1536     1
     1537     1
     1538     1
     1539     1
     1540     1
     1541     1
     1542     1
     1543     1
     1544     1
     1545     1
     1546     1
     1547     1
     1548     1
     1549     1
     1550     1
     1551     1
     1552     1
     1553     1
     1554     1
     1555     1
     1556     1
     1557     1
     1558     1
     1559     1
     1560     1
     1561     1
     1562     1
     1563     1
     1564     1
     1565     1
     1566     1
     1567     1
     1568     1
     1569     1
     1570     1
     1571     1
     1572     1
     1573     1
     1574     1
     1575     1
     1576     1
     1577     1
     1578     1
     1579     1
     1580     1
     1581     1
     1582     1
     1583     1
     1584     1
     1585     1
     1586     1
     1587     1
     1588     1
     1589     1
     1590     1
     1591     1
     1592     1
     1593     1
     1594     1
     1595     1
     1596     1
     1597     1
     1598     1
     1599     1
     1600     1
     1601     1
     1602     1
     1603     1
     1604     1
     1605     1
     1606     1
     1607     1
     1608     1
     1609     1
     1610     1
     1611     1
     1612     1
     1613     1
     1614     1
     1615     1
     1616     1
     1617     1
     1618     1
     1619     1
     1620     1
     1621     1
     1622     1
     1623     1
     1624     1
     1625     1
     1626     1
     1627     1
     1628     1
     1629     1
     1630     1
     1631     1
     1632     1
     1633     1
     1634     1
     1635     1
     1636     1
     1637     1
     1638     1
     1639     1
     1640     1
     1641     1
     1642     1
     1643     1
     1644     1
     1645     1
     1646     1
     1647     1
     1648     1
     1649     1
     1650     1
     1651     1
     1652     1
     1653     1
     1654     1
     1655     1
     1656     1
     1657     1
     1658     1
     1659     1
     1660     1
     1661     1
     1662     1
     1663     1
     1664     1
     1665     1
     1666     1
     1667     1
     1668     1
     1669     1
     1670     1
     1671     1
     1672     1
     1673     1
     1674     1
     1675     1
     1676     1
     1677     1
     1678     1
     1679     1
     1680     1
     1681     1
     1682     1
     1683     1
     1684     1
     1685     1
     1686     1
     1687     1
     1688     1
     1689     1
     1690     1
     1691     1
     1692     1
     1693     1
     1694     1
     1695     1
     1696     1
     1697     1
     1698     1
     1699     1
     1700     1
     1701     1
     1702     1
     1703     1
     1704     1
     1705     1
     1706     1
     1707     1
     1708     1
     1709     1
     1710     1
     1711     1
     1712     1
     1713     1
     1714     1
     1715     1
     1716     1
     1717     1
     1718     1
     1719     1
     1720     1
     1721     1
     1722     1
     1723     1
     1724     1
     1725     1
     1726     1
     1727     1
     1728     1
     1729     1
     1730     1
     1731     1
     1732     1
     1733     1
     1734     1
     1735     1
     1736     1
     1737     1
     1738     1
     1739     1
     1740     1
     1741     1
     1742     1
     1743     1
     1744     1
     1745     1
     1746     1
     1747     1
     1748     1
     1749     1
     1750     1
     1751     1
     1752     1
     1753     1
     1754     1
     1755     1
     1756     1
     1757     1
     1758     1
     1759     1
     1760     1
     1761     1
     1762     1
     1763     1
     1764     1
     1765     1
     1766     1
     1767     1
     1768     1
     1769     1
     1770     1
     1771     1
     1772     1
     1773     1
     1774     1
     1775     1
     1776     1
     1777     1
     1778     1
     1779     1
     1780     1
     1781     1
     1782     1
     1783     1
     1784     1
     1785     1
     1786     1
     1787     1
     1788     1
     1789     1
     1790     1
     1791     1
     1792     1
     1793     1
     1794     1
     1795     1
     1796     1
     1797     1
     1798     1
     1799     1
     1800     1
     1801     1
     1802     1
     1803     1
     1804     1
     1805     1
     1806     1
     1807     1
     1808     1
     1809     1
     1810     1
     1811     1
     1812     1
     1813     1
     1814     1
     1815     1
     1816     1
     1817     1
     1818     1
     1819     1
     1820     1
     1821     1
     1822     1
     1823     1
     1824     1
     1825     1
     1826     1
     1827     1
     1828     1
     1829     1
     1830     1
     1831     1
     1832     1
     1833     1
     1834     1
     1835     1
     1836     1
     1837     1
     1838     1
     1839     1
     1840     1
     1841     1
     1842     1
     1843     1
     1844     1
     1845     1
     1846     1
     1847     1
     1848     1
     1849     1
     1850     1
     1851     1
     1852     1
     1853     1
     1854     1
     1855     1
     1856     1
     1857     1
     1858     1
     1859     1
     1860     1
     1861     1
     1862     1
     1863     1
     1864     1
     1865     1
     1866     1
     1867     1
     1868     1
     1869     1
     1870     1
     1871     1
     1872     1
     1873     1
     1874     1
     1875     1
     1876     1
     1877     1
     1878     1
     1879     1
     1880     1
     1881     1
     1882     1
     1883     1
     1884     1
     1885     1
     1886     1
     1887     1
     1888     1
     1889     1
     1890     1
     1891     1
     1892     1
     1893     1
     1894     1
     1895     1
     1896     1
     1897     1
     1898     1
     1899     1
     1900     1
     1901     1
     1902     1
     1903     1
     1904     1
     1905     1
     1906     1
     1907     1
     1908     1
     1909     1
     1910     1
     1911     1
     1912     1
     1913     1
     1914     1
     1915     1
     1916     1
     1917     1
     1918     1
     1919     1
     1920     1
     1921     1
     1922     1
     1923     1
     1924     1
     1925     1
     1926     1
     1927     1
     1928     1
     1929     1
     1930     1
     1931     1
     1932     1
     1933     1
     1934     1
     1935     1
     1936     1
     1937     1
     1938     1
     1939     1
     1940     1
     1941     1
     1942     1
     1943     1
     1944     1
     1945     1
     1946     1
     1947     1
     1948     1
     1949     1
     1950     1
     1951     1
     1952     1
     1953     1
     1954     1
     1955     1
     1956     1
     1957     1
     1958     1
     1959     1
     1960     1
     1961     1
     1962     1
     1963     1
     1964     1
     1965     1
     1966     1
     1967     1
     1968     1
     1969     1
     1970     1
     1971     1
     1972     1
     1973     1
     1974     1
     1975     1
     1976     1
     1977     1
     1978     1
     1979     1
     1980     1
     1981     1
     1982     1
     1983     1
     1984     1
     1985     1
     1986     1
     1987     1
     1988     1
     1989     1
     1990     1
     1991     1
     1992     1
     1993     1
     1994     1
     1995     1
     1996     1
     1997     1
     1998     1
     1999     1
     2000     1
     2001     1
     2002     1
     2003     1
     2004     1
     2005     1
     2006     1
     2007     1
     2008     1
     2009     1
     2010     1
     2011     1
     2012     1
     2013     1
     2014     1
     2015     1
     2016     1
     2017     1
     2018     1
     2019     1
     2020     1
     2021     1
     2022     1
     2023     1
     2024     1
     2025     1
     2026     1
     2027     1
     2028     1
     2029     1
     2030     1
     2031     1
     2032     1
     2033     1
     2034     1
     2035     1
     2036     1
     2037     1
     2038     1
     2039     1
     2040     1
     2041     1
     2042     1
     2043     1
     2044     1
     2045     1
     2046     1
     2047     1
     2048     1
     2049     1
     2050     1
     2051     1
     2052     1
     2053     1
     2054     1
     2055     1
     2056     1
     2057     1
     2058     1
     2059     1
     2060     1
     2061     1
     2062     1
     2063     1
     2064     1
     2065     1
     2066     1
     2067     1
     2068     1
     2069     1
     2070     1
     2071     1
     2072     1
     2073     1
     2074     1
     2075     1
     2076     1
     2077     1
     2078     1
     2079     1
     2080     1
     2081     1
     2082     1
     2083     1
     2084     1
     2085     1
     2086     1
     2087     1
     2088     1
     2089     1
     2090     1
     2091     1
     2092     1
     2093     1
     2094     1
     2095     1
     2096     1
     2097     1
     2098     1
     2099     1
     2100     1
     2101     1
     2102     1
     2103     1
     2104     1
     2105     1
     2106     1
     2107     1
     2108     1
     2109     1
     2110     1
     2111     1
     2112     1
     2113     1
     2114     1
     2115     1
     2116     1
     2117     1
     2118     1
     2119     1
     2120     1
     2121     1
     2122     1
     2123     1
     2124     1
     2125     1
     2126     1
     2127     1
     2128     1
     2129     1
     2130     1
     2131     1
     2132     1
     2133     1
     2134     1
     2135     1
     2136     1
     2137     1
     2138     1
     2139     1
     2140     1
     2141     1
     2142     1
     2143     1
     2144     1
     2145     1
     2146     1
     2147     1
     2148     1
     2149     1
     2150     1
     2151     1
     2152     1
     2153     1
     2154     1
     2155     1
     2156     1
     2157     1
     2158     1
     2159     1
     2160     1
     2161     1
     2162     1
     2163     1
     2164     1
     2165     1
     2166     1
     2167     1
     2168     1
     2169     1
     2170     1
     2171     1
     2172     1
     2173     1
     2174     1
     2175     1
     2176     1
     2177     1
     2178     1
     2179     1
     2180     1
     2181     1
     2182     1
     2183     1
     2184     1
     2185     1
     2186     1
     2187     1
     2188     1
     2189     1
     2190     1
     2191     1
     2192     1
     2193     1
     2194     1
     2195     1
     2196     1
     2197     1
     2198     1
     2199     1
     2200     1
     2201     1
     2202     1
     2203     1
     2204     1
     2205     1
     2206     1
     2207     1
     2208     1
     2209     1
     2210     1
     2211     1
     2212     1
     2213     1
     2214     1
     2215     1
     2216     1
     2217     1
     2218     1
     2219     1
     2220     1
     2221     1
     2222     1
     2223     1
     2224     1
     2225     1
     2226     1
     2227     1
     2228     1
     2229     1
     2230     1
     2231     1
     2232     1
     2233     1
     2234     1
     2235     1
     2236     1
     2237     1
     2238     1
     2239     1
     2240     1
     2241     1
     2242     1
     2243     1
     2244     1
     2245     1
     2246     1
     2247     1
     2248     1
     2249     1
     2250     1
     2251     1
     2252     1
     2253     1
     2254     1
     2255     1
     2256     1
     2257     1
     2258     1
     2259     1
     2260     1
     2261     1
     2262     1
     2263     1
     2264     1
     2265     1
     2266     1
     2267     1
     2268     1
     2269     1
     2270     1
     2271     1
     2272     1
     2273     1
     2274     1
     2275     1
     2276     1
     2277     1
     2278     1
     2279     1
     2280     1
     2281     1
     2282     1
     2283     1
     2284     1
     2285     1
     2286     1
     2287     1
     2288     1
     2289     1
     2290     1
     2291     1
     2292     1
     2293     1
     2294     1
     2295     1
     2296     1
     2297     1
     2298     1
     2299     1
     2300     1
     2301     1
     2302     1
     2303     1
     2304     1
     2305     1
     2306     1
     2307     1
     2308     1
     2309     1
     2310     1
     2311     1
     2312     1
     2313     1
     2314     1
     2315     1
     2316     1
     2317     1
     2318     1
     2319     1
     2320     1
     2321     1
     2322     1
     2323     1
     2324     1
     2325     1
     2326     1
     2327     1
     2328     1
     2329     1
     2330     1
     2331     1
     2332     1
     2333     1
     2334     1
     2335     1
     2336     1
     2337     1
     2338     1
     2339     1
     2340     1
     2341     1
     2342     1
     2343     1
     2344     1
     2345     1
     2346     1
     2347     1
     2348     1
     2349     1
     2350     1
     2351     1
     2352     1
     2353     1
     2354     1
     2355     1
     2356     1
     2357     1
     2358     1
     2359     1
     2360     1
     2361     1
     2362     1
     2363     1
     2364     1
     2365     1
     2366     1
     2367     1
     2368     1
     2369     1
     2370     1
     2371     1
     2372     1
     2373     1
     2374     1
     2375     1
     2376     1
     2377     1
     2378     1
     2379     1
     2380     1
     2381     1
     2382     1
     2383     1
     2384     1
     2385     1
     2386     1
     2387     1
     2388     1
     2389     1
     2390     1
     2391     1
     2392     1
     2393     1
     2394     1
     2395     1
     2396     1
     2397     1
     2398     1
     2399     1
     2400     1
     2401     1
     2402     1
     2403     1
     2404     1
     2405     1
     2406     1
     2407     1
     2408     1
     2409     1
     2410     1
     2411     1
     2412     1
     2413     1
     2414     1
     2415     1
     2416     1
     2417     1
     2418     1
     2419     1
     2420     1
     2421     1
     2422     1
     2423     1
     2424     1
     2425     1
     2426     1
     2427     1
     2428     1
     2429     1
     2430     1
     2431     1
     2432     1
     2433     1
     2434     1
     2435     1
     2436     1
     2437     1
     2438     1
     2439     1
     2440     1
     2441     1
     2442     1
     2443     1
     2444     1
     2445     1
     2446     1
     2447     1
     2448     1
     2449     1
     2450     1
     2451     1
     2452     1
     2453     1
     2454     1
     2455     1
     2456     1
     2457     1
     2458     1
     2459     1
     2460     1
     2461     1
     2462     1
     2463     1
     2464     1
     2465     1
     2466     1
     2467     1
     2468     1
     2469     1
     2470     1
     2471     1
     2472     1
     2473     1
     2474     1
     2475     1
     2476     1
     2477     1
     2478     1
     2479     1
     2480     1
     2481     1
     2482     1
     2483     1
     2484     1
     2485     1
     2486     1
     2487     1
     2488     1
     2489     1
     2490     1
     2491     1
     2492     1
     2493     1
     2494     1
     2495     1
     2496     1
     2497     1
     2498     1
     2499     1
     2500     1
     2501     1
     2502     1
     2503     1
     2504     1
     2505     1
     2506     1
     2507     1
     2508     1
     2509     1
     2510     1
     2511     1
     2512     1
     2513     1
     2514     1
     2515     1
     2516     1
     2517     1
     2518     1
     2519     1
     2520     1
     2521     1
     2522     1
     2523     1
     2524     1
     2525     1
     2526     1
     2527     1
     2528     1
     2529     1
     2530     1
     2531     1
     2532     1
     2533     1
     2534     1
     2535     1
     2536     1
     2537     1
     2538     1
     2539     1
     2540     1
     2541     1
     2542     1
     2543     1
     2544     1
     2545     1
     2546     1
     2547     1
     2548     1
     2549     1
     2550     1
     2551     1
     2552     1
     2553     1
     2554     1
     2555     1
     2556     1
     2557     1
     2558     1
     2559     1
     2560     1
     2561     1
     2562     1
     2563     1
     2564     1
     2565     1
     2566     1
     2567     1
     2568     1
     2569     1
     2570     1
     2571     1
     2572     1
     2573     1
     2574     1
     2575     1
     2576     1
     2577     1
     2578     1
     2579     1
     2580     1
     2581     1
     2582     1
     2583     1
     2584     1
     2585     1
     2586     1
     2587     1
     2588     1
     2589     1
     2590     1
     2591     1
     2592     1
     2593     1
     2594     1
     2595     1
     2596     1
     2597     1
     2598     1
     2599     1
     2600     1
     2601     1
     2602     1
     2603     1
     2604     1
     2605     1
     2606     1
     2607     1
     2608     1
     2609     1
     2610     1
     2611     1
     2612     1
     2613     1
     2614     1
     2615     1
     2616     1
     2617     1
     2618     1
     2619     1
     2620     1
     2621     1
     2622     1
     2623     1
     2624     1
     2625     1
     2626     1
     2627     1
     2628     1
     2629     1
     2630     1
     2631     1
     2632     1
     2633     1
     2634     1
     2635     1
     2636     1
     2637     1
     2638     1
     2639     1
     2640     1
     2641     1
     2642     1
     2643     1
     2644     1
     2645     1
     2646     1
     2647     1
     2648     1
     2649     1
     2650     1
     2651     1
     2652     1
     2653     1
     2654     1
     2655     1
     2656     1
     2657     1
     2658     1
     2659     1
     2660     1
     2661     1
     2662     1
     2663     1
     2664     1
     2665     1
     2666     1
     2667     1
     2668     1
     2669     1
     2670     1
     2671     1
     2672     1
     2673     1
     2674     1
     2675     1
     2676     1
     2677     1
     2678     1
     2679     1
     2680     1
     2681     1
     2682     1
     2683     1
     2684     1
     2685     1
     2686     1
     2687     1
     2688     1
     2689     1
     2690     1
     2691     1
     2692     1
     2693     1
     2694     1
     2695     1
     2696     1
     2697     1
     2698     1
     2699     1
     2700     1
     2701     1
     2702     1
     2703     1
     2704     1
     2705     1
     2706     1
     2707     1
     2708     1
     2709     1
     2710     1
     2711     1
     2712     1
     2713     1
     2714     1
     2715     1
     2716     1
     2717     1
     2718     1
     2719     1
     2720     1
     2721     1
     2722     1
     2723     1
     2724     1
     2725     1
     2726     1
     2727     1
     2728     1
     2729     1
     2730     1
     2731     1
     2732     1
     2733     1
     2734     1
     2735     1
     2736     1
     2737     1
     2738     1
     2739     1
     2740     1
     2741     1
     2742     1
     2743     1
     2744     1
     2745     1
     2746     1
     2747     1
     2748     1
     2749     1
     2750     1
     2751     1
     2752     1
     2753     1
     2754     1
     2755     1
     2756     1
     2757     1
     2758     1
     2759     1
     2760     1
     2761     1
     2762     1
     2763     1
     2764     1
     2765     1
     2766     1
     2767     1
     2768     1
     2769     1
     2770     1
     2771     1
     2772     1
     2773     1
     2774     1
     2775     1
     2776     1
     2777     1
     2778     1
     2779     1
     2780     1
     2781     1
     2782     1
     2783     1
     2784     1
     2785     1
     2786     1
     2787     1
     2788     1
     2789     1
     2790     1
     2791     1
     2792     1
     2793     1
     2794     1
     2795     1
     2796     1
     2797     1
     2798     1
     2799     1
     2800     1
     2801     1
     2802     1
     2803     1
     2804     1
     2805     1
     2806     1
     2807     1
     2808     1
     2809     1
     2810     1
     2811     1
     2812     1
     2813     1
     2814     1
     2815     1
     2816     1
     2817     1
     2818     1
     2819     1
     2820     1
     2821     1
     2822     1
     2823     1
     2824     1
     2825     1
     2826     1
     2827     1
     2828     1
     2829     1
     2830     1
     2831     1
     2832     1
     2833     1
     2834     1
     2835     1
     2836     1
     2837     1
     2838     1
     2839     1
     2840     1
     2841     1
     2842     1
     2843     1
     2844     1
     2845     1
     2846     1
     2847     1
     2848     1
     2849     1
     2850     1
     2851     1
     2852     1
     2853     1
     2854     1
     2855     1
     2856     1
     2857     1
     2858     1
     2859     1
     2860     1
     2861     1
     2862     1
     2863     1
     2864     1
     2865     1
     2866     1
     2867     1
     2868     1
     2869     1
     2870     1
     2871     1
     2872     1
     2873     1
     2874     1
     2875     1
     2876     1
     2877     1
     2878     1
     2879     1
     2880     1
     2881     1
     2882     1
     2883     1
     2884     1
     2885     1
     2886     1
     2887     1
     2888     1
     2889     1
     2890     1
     2891     1
     2892     1
     2893     1
     2894     1
     2895     1
     2896     1
     2897     1
     2898     1
     2899     1
     2900     1
     2901     1
     2902     1
     2903     1
     2904     1
     2905     1
     2906     1
     2907     1
     2908     1
     2909     1
     2910     1
     2911     1
     2912     1
     2913     1
     2914     1
     2915     1
     2916     1
     2917     1
     2918     1
     2919     1
     2920     1
     2921     1
     2922     1
     2923     1
     2924     1
     2925     1
     2926     1
     2927     1
     2928     1
     2929     1
     2930     1
     2931     1
     2932     1
     2933     1
     2934     1
     2935     1
     2936     1
     2937     1
     2938     1
     2939     1
     2940     1
     2941     1
     2942     1
     2943     1
     2944     1
     2945     1
     2946     1
     2947     1
     2948     1
     2949     1
     2950     1
     2951     1
     2952     1
     2953     1
     2954     1
     2955     1
     2956     1
     2957     1
     2958     1
     2959     1
     2960     1
     2961     1
     2962     1
     2963     1
     2964     1
     2965     1
     2966     1
     2967     1
     2968     1
     2969     1
     2970     1
     2971     1
     2972     1
     2973     1
     2974     1
     2975     1
     2976     1
     2977     1
     2978     1
     2979     1
     2980     1
     2981     1
     2982     1
     2983     1
     2984     1
     2985     1
     2986     1
     2987     1
     2988     1
     2989     1
     2990     1
     2991     1
     2992     1
     2993     1
     2994     1
     2995     1
     2996     1
     2997     1
     2998     1
     2999     1
     3000     1
     3001     1
     3002     1
     3003     1
     3004     1
     3005     1
     3006     1
     3007     1
     3008     1
     3009     1
     3010     1
     3011     1
     3012     1
     3013     1
     3014     1
     3015     1
     3016     1
     3017     1
     3018     1
     3019     1
     3020     1
     3021     1
     3022     1
     3023     1
     3024     1
     3025     1
     3026     1
     3027     1
     3028     1
     3029     1
     3030     1
     3031     1
     3032     1
     3033     1
     3034     1
     3035     1
     3036     1
     3037     1
     3038     1
     3039     1
     3040     1
     3041     1
     3042     1
     3043     1
     3044     1
     3045     1
     3046     1
     3047     1
     3048     1
     3049     1
     3050     1
     3051     1
     3052     1
     3053     1
     3054     1
     3055     1
     3056     1
     3057     1
     3058     1
     3059     1
     3060     1
     3061     1
     3062     1
     3063     1
     3064     1
     3065     1
     3066     1
     3067     1
     3068     1
     3069     1
     3070     1
     3071     1
     3072     1
     3073     1
     3074     1
     3075     1
     3076     1
     3077     1
     3078     1
     3079     1
     3080     1
     3081     1
     3082     1
     3083     1
     3084     1
     3085     1
     3086     1
     3087     1
     3088     1
     3089     1
     3090     1
     3091     1
     3092     1
     3093     1
     3094     1
     3095     1
     3096     1
     3097     1
     3098     1
     3099     1
     3100     1
     3101     1
     3102     1
     3103     1
     3104     1
     3105     1
     3106     1
     3107     1
     3108     1
     3109     1
     3110     1
     3111     1
     3112     1
     3113     1
     3114     1
     3115     1
     3116     1
     3117     1
     3118     1
     3119     1
     3120     1
     3121     1
     3122     1
     3123     1
     3124     1
     3125     1
     3126     1
     3127     1
     3128     1
     3129     1
     3130     1
     3131     1
     3132     1
     3133     1
     3134     1
     3135     1
     3136     1
     3137     1
     3138     1
     3139     1
     3140     1
     3141     1
     3142     1
     3143     1
     3144     1
     3145     1
     3146     1
     3147     1
     3148     1
     3149     1
     3150     1
     3151     1
     3152     1
     3153     1
     3154     1
     3155     1
     3156     1
     3157     1
     3158     1
     3159     1
     3160     1
     3161     1
     3162     1
     3163     1
     3164     1
     3165     1
     3166     1
     3167     1
     3168     1
     3169     1
     3170     1
     3171     1
     3172     1
     3173     1
     3174     1
     3175     1
     3176     1
     3177     1
     3178     1
     3179     1
     3180     1
     3181     1
     3182     1
     3183     1
     3184     1
     3185     1
     3186     1
     3187     1
     3188     1
     3189     1
     3190     1
     3191     1
     3192     1
     3193     1
     3194     1
     3195     1
     3196     1
     3197     1
     3198     1
     3199     1
     3200     1
     3201     1
     3202     1
     3203     1
     3204     1
     3205     1
     3206     1
     3207     1
     3208     1
     3209     1
     3210     1
     3211     1
     3212     1
     3213     1
     3214     1
     3215     1
     3216     1
     3217     1
     3218     1
     3219     1
     3220     1
     3221     1
     3222     1
     3223     1
     3224     1
     3225     1
     3226     1
     3227     1
     3228     1
     3229     1
     3230     1
     3231     1
     3232     1
     3233     1
     3234     1
     3235     1
     3236     1
     3237     1
     3238     1
     3239     1
     3240     1
     3241     1
     3242     1
     3243     1
     3244     1
     3245     1
     3246     1
     3247     1
     3248     1
     3249     1
     3250     1
     3251     1
     3252     1
     3253     1
     3254     1
     3255     1
     3256     1
     3257     1
     3258     1
     3259     1
     3260     1
     3261     1
     3262     1
     3263     1
     3264     1
     3265     1
     3266     1
     3267     1
     3268     1
     3269     1
     3270     1
     3271     1
     3272     1
     3273     1
     3274     1
     3275     1
     3276     1
     3277     1
     3278     1
     3279     1
     3280     1
     3281     1
     3282     1
     3283     1
     3284     1
     3285     1
     3286     1
     3287     1
     3288     1
     3289     1
     3290     1
     3291     1
     3292     1
     3293     1
     3294     1
     3295     1
     3296     1
     3297     1
     3298     1
     3299     1
     3300     1
     3301     1
     3302     1
     3303     1
     3304     1
     3305     1
     3306     1
     3307     1
     3308     1
     3309     1
     3310     1
     3311     1
     3312     1
     3313     1
     3314     1
     3315     1
     3316     1
     3317     1
     3318     1
     3319     1
     3320     1
     3321     1
     3322     1
     3323     1
     3324     1
     3325     1
     3326     1
     3327     1
     3328     1
     3329     1
     3330     1
     3331     1
     3332     1
     3333     1
     3334     1
     3335     1
     3336     1
     3337     1
     3338     1
     3339     1
     3340     1
     3341     1
     3342     1
     3343     1
     3344     1
     3345     1
     3346     1
     3347     1
     3348     1
     3349     1
     3350     1
     3351     1
     3352     1
     3353     1
     3354     1
     3355     1
     3356     1
     3357     1
     3358     1
     3359     1
     3360     1
     3361     1
     3362     1
     3363     1
     3364     1
     3365     1
     3366     1
     3367     1
     3368     1
     3369     1
     3370     1
     3371     1
     3372     1
     3373     1
     3374     1
     3375     1
     3376     1
     3377     1
     3378     1
     3379     1
     3380     1
     3381     1
     3382     1
     3383     1
     3384     1
     3385     1
     3386     1
     3387     1
     3388     1
     3389     1
     3390     1
     3391     1
     3392     1
     3393     1
     3394     1
     3395     1
     3396     1
     3397     1
     3398     1
     3399     1
     3400     1
     3401     1
     3402     1
     3403     1
     3404     1
     3405     1
     3406     1
     3407     1
     3408     1
     3409     1
     3410     1
     3411     1
     3412     1
     3413     1
     3414     1
     3415     1
     3416     1
     3417     1
     3418     1
     3419     1
     3420     1
     3421     1
     3422     1
     3423     1
     3424     1
     3425     1
     3426     1
     3427     1
     3428     1
     3429     1
     3430     1
     3431     1
     3432     1
     3433     1
     3434     1
     3435     1
     3436     1
     3437     1
     3438     1
     3439     1
     3440     1
     3441     1
     3442     1
     3443     1
     3444     1
     3445     1
     3446     1
     3447     1
     3448     1
     3449     1
     3450     1
     3451     1
     3452     1
     3453     1
     3454     1
     3455     1
     3456     1
     3457     1
     3458     1
     3459     1
     3460     1
     3461     1
     3462     1
     3463     1
     3464     1
     3465     1
     3466     1
     3467     1
     3468     1
     3469     1
     3470     1
     3471     1
     3472     1
     3473     1
     3474     1
     3475     1
     3476     1
     3477     1
     3478     1
     3479     1
     3480     1
     3481     1
     3482     1
     3483     1
     3484     1
     3485     1
     3486     1
     3487     1
     3488     1
     3489     1
     3490     1
     3491     1
     3492     1
     3493     1
     3494     1
     3495     1
     3496     1
     3497     1
     3498     1
     3499     1
     3500     1
     3501     1
     3502     1
     3503     1
     3504     1
     3505     1
     3506     1
     3507     1
     3508     1
     3509     1
     3510     1
     3511     1
     3512     1
     3513     1
     3514     1
     3515     1
     3516     1
     3517     1
     3518     1
     3519     1
     3520     1
     3521     1
     3522     1
     3523     1
     3524     1
     3525     1
     3526     1
     3527     1
     3528     1
     3529     1
     3530     1
     3531     1
     3532     1
     3533     1
     3534     1
     3535     1
     3536     1
     3537     1
     3538     1
     3539     1
     3540     1
     3541     1
     3542     1
     3543     1
     3544     1
     3545     1
     3546     1
     3547     1
     3548     1
     3549     1
     3550     1
     3551     1
     3552     1
     3553     1
     3554     1
     3555     1
     3556     1
     3557     1
     3558     1
     3559     1
     3560     1
     3561     1
     3562     1
     3563     1
     3564     1
     3565     1
     3566     1
     3567     1
     3568     1
     3569     1
     3570     1
     3571     1
     3572     1
     3573     1
     3574     1
     3575     1
     3576     1
     3577     1
     3578     1
     3579     1
     3580     1
     3581     1
     3582     1
     3583     1
     3584     1
     3585     1
     3586     1
     3587     1
     3588     1
     3589     1
     3590     1
     3591     1
     3592     1
     3593     1
     3594     1
     3595     1
     3596     1
     3597     1
     3598     1
     3599     1
     3600     1
     3601     1
     3602     1
     3603     1
     3604     1
     3605     1
     3606     1
     3607     1
     3608     1
     3609     1
     3610     1
     3611     1
     3612     1
     3613     1
     3614     1
     3615     1
     3616     1
     3617     1
     3618     1
     3619     1
     3620     1
     3621     1
     3622     1
     3623     1
     3624     1
     3625     1
     3626     1
     3627     1
     3628     1
     3629     1
     3630     1
     3631     1
     3632     1
     3633     1
     3634     1
     3635     1
     3636     1
     3637     1
     3638     1
     3639     1
     3640     1
     3641     1
     3642     1
     3643     1
     3644     1
     3645     1
     3646     1
     3647     1
     3648     1
     3649     1
     3650     1
     3651     1
     3652     1
     3653     1
     3654     1
     3655     1
     3656     1
     3657     1
     3658     1
     3659     1
     3660     1
     3661     1
     3662     1
     3663     1
     3664     1
     3665     1
     3666     1
     3667     1
     3668     1
     3669     1
     3670     1
     3671     1
     3672     1
     3673     1
     3674     1
     3675     1
     3676     1
     3677     1
     3678     1
     3679     1
     3680     1
     3681     1
     3682     1
     3683     1
     3684     1
     3685     1
     3686     1
     3687     1
     3688     1
     3689     1
     3690     1
     3691     1
     3692     1
     3693     1
     3694     1
     3695     1
     3696     1
     3697     1
     3698     1
     3699     1
     3700     1
     3701     1
     3702     1
     3703     1
     3704     1
     3705     1
     3706     1
     3707     1
     3708     1
     3709     1
     3710     1
     3711     1
     3712     1
     3713     1
     3714     1
     3715     1
     3716     1
     3717     1
     3718     1
     3719     1
     3720     1
     3721     1
     3722     1
     3723     1
     3724     1
     3725     1
     3726     1
     3727     1
     3728     1
     3729     1
     3730     1
     3731     1
     3732     1
     3733     1
     3734     1
     3735     1
     3736     1
     3737     1
     3738     1
     3739     1
     3740     1
     3741     1
     3742     1
     3743     1
     3744     1
     3745     1
     3746     1
     3747     1
     3748     1
     3749     1
     3750     1
     3751     1
     3752     1
     3753     1
     3754     1
     3755     1
     3756     1
     3757     1
     3758     1
     3759     1
     3760     1
     3761     1
     3762     1
     3763     1
     3764     1
     3765     1
     3766     1
     3767     1
     3768     1
     3769     1
     3770     1
     3771     1
     3772     1
     3773     1
     3774     1
     3775     1
     3776     1
     3777     1
     3778     1
     3779     1
     3780     1
     3781     1
     3782     1
     3783     1
     3784     1
     3785     1
     3786     1
     3787     1
     3788     1
     3789     1
     3790     1
     3791     1
     3792     1
     3793     1
     3794     1
     3795     1
     3796     1
     3797     1
     3798     1
     3799     1
     3800     1
     3801     1
     3802     1
     3803     1
     3804     1
     3805     1
     3806     1
     3807     1
     3808     1
     3809     1
     3810     1
     3811     1
     3812     1
     3813     1
     3814     1
     3815     1
     3816     1
     3817     1
     3818     1
     3819     1
     3820     1
     3821     1
     3822     1
     3823     1
     3824     1
     3825     1
     3826     1
     3827     1
     3828     1
     3829     1
     3830     1
     3831     1
     3832     1
     3833     1
     3834     1
     3835     1
     3836     1
     3837     1
     3838     1
     3839     1
     3840     1
     3841     1
     3842     1
     3843     1
     3844     1
     3845     1
     3846     1
     3847     1
     3848     1
     3849     1
     3850     1
     3851     1
     3852     1
     3853     1
     3854     1
     3855     1
     3856     1
     3857     1
     3858     1
     3859     1
     3860     1
     3861     1
     3862     1
     3863     1
     3864     1
     3865     1
     3866     1
     3867     1
     3868     1
     3869     1
     3870     1
     3871     1
     3872     1
     3873     1
     3874     1
     3875     1
     3876     1
     3877     1
     3878     1
     3879     1
     3880     1
     3881     1
     3882     1
     3883     1
     3884     1
     3885     1
     3886     1
     3887     1
     3888     1
     3889     1
     3890     1
     3891     1
     3892     1
     3893     1
     3894     1
     3895     1
     3896     1
     3897     1
     3898     1
     3899     1
     3900     1
     3901     1
     3902     1
     3903     1
     3904     1
     3905     1
     3906     1
     3907     1
     3908     1
     3909     1
     3910     1
     3911     1
     3912     1
     3913     1
     3914     1
     3915     1
     3916     1
     3917     1
     3918     1
     3919     1
     3920     1
     3921     1
     3922     1
     3923     1
     3924     1
     3925     1
     3926     1
     3927     1
     3928     1
     3929     1
     3930     1
     3931     1
     3932     1
     3933     1
     3934     1
     3935     1
     3936     1
     3937     1
     3938     1
     3939     1
     3940     1
     3941     1
     3942     1
     3943     1
     3944     1
     3945     1
     3946     1
     3947     1
     3948     1
     3949     1
     3950     1
     3951     1
     3952     1
     3953     1
     3954     1
     3955     1
     3956     1
     3957     1
     3958     1
     3959     1
     3960     1
     3961     1
     3962     1
     3963     1
     3964     1
     3965     1
     3966     1
     3967     1
     3968     1
     3969     1
     3970     1
     3971     1
     3972     1
     3973     1
     3974     1
     3975     1
     3976     1
     3977     1
     3978     1
     3979     1
     3980     1
     3981     1
     3982     1
     3983     1
     3984     1
     3985     1
     3986     1
     3987     1
     3988     1
     3989     1
     3990     1
     3991     1
     3992     1
     3993     1
     3994     1
     3995     1
     3996     1
     3997     1
     3998     1
     3999     1
     4000     1
     4001     1
     4002     1
     4003     1
     4004     1
     4005     1
     4006     1
     4007     1
     4008     1
     4009     1
     4010     1
     4011     1
     4012     1
     4013     1
     4014     1
     4015     1
     4016     1
     4017     1
     4018     1
     4019     1
     4020     1
     4021     1
     4022     1
     4023     1
     4024     1
     4025     1
     4026     1
     4027     1
     4028     1
     4029     1
     4030     1
     4031     1
     4032     1
     4033     1
     4034     1
     4035     1
     4036     1
     4037     1
     4038     1
     4039     1
     4040     1
     4041     1
     4042     1
     4043     1
     4044     1
     4045     1
     4046     1
     4047     1
     4048     1
     4049     1
     4050     1
     4051     1
     4052     1
     4053     1
     4054     1
     4055     1
     4056     1
     4057     1
     4058     1
     4059     1
     4060     1
     4061     1
     4062     1
     4063     1
     4064     1
     4065     1
     4066     1
     4067     1
     4068     1
     4069     1
     4070     1
     4071     1
     4072     1
     4073     1
     4074     1
     4075     1
     4076     1
     4077     1
     4078     1
     4079     1
     4080     1
     4081     1
     4082     1
     4083     1
     4084     1
     4085     1
     4086     1
     4087     1
     4088     1
     4089     1
     4090     1
     4091     1
     4092     1
     4093     1
     4094     1
     4095     1
     4096     1
     4097     1
     4098     1
     4099     1
     4100     1
     4101     1
     4102     1
     4103     1
     4104     1
     4105     1
     4106     1
     4107     1
     4108     1
     4109     1
     4110     1
     4111     1
     4112     1
     4113     1
     4114     1
     4115     1
     4116     1
     4117     1
     4118     1
     4119     1
     4120     1
     4121     1
     4122     1
     4123     1
     4124     1
     4125     1
     4126     1
     4127     1
     4128     1
     4129     1
     4130     1
     4131     1
     4132     1
     4133     1
     4134     1
     4135     1
     4136     1
     4137     1
     4138     1
     4139     1
     4140     1
     4141     1
     4142     1
     4143     1
     4144     1
     4145     1
     4146     1
     4147     1
     4148     1
     4149     1
     4150     1
     4151     1
     4152     1
     4153     1
     4154     1
     4155     1
     4156     1
     4157     1
     4158     1
     4159     1
     4160     1
     4161     1
     4162     1
     4163     1
     4164     1
     4165     1
     4166     1
     4167     1
     4168     1
     4169     1
     4170     1
     4171     1
     4172     1
     4173     1
     4174     1
     4175     1
     4176     1
     4177     1
     4178     1
     4179     1
     4180     1
     4181     1
     4182     1
     4183     1
     4184     1
     4185     1
     4186     1
     4187     1
     4188     1
     4189     1
     4190     1
     4191     1
     4192     1
     4193     1
     4194     1
     4195     1
     4196     1
     4197     1
     4198     1
     4199     1
     4200     1
     4201     1
     4202     1
     4203     1
     4204     1
     4205     1
     4206     1
     4207     1
     4208     1
     4209     1
     4210     1
     4211     1
     4212     1
     4213     1
     4214     1
     4215     1
     4216     1
     4217     1
     4218     1
     4219     1
     4220     1
     4221     1
     4222     1
     4223     1
     4224     1
     4225     1
     4226     1
     4227     1
     4228     1
     4229     1
     4230     1
     4231     1
     4232     1
     4233     1
     4234     1
     4235     1
     4236     1
     4237     1
     4238     1
     4239     1
     4240     1
     4241     1
     4242     1
     4243     1
     4244     1
     4245     1
     4246     1
     4247     1
     4248     1
     4249     1
     4250     1
     4251     1
     4252     1
     4253     1
     4254     1
     4255     1
     4256     1
     4257     1
     4258     1
     4259     1
     4260     1
     4261     1
     4262     1
     4263     1
     4264     1
     4265     1
     4266     1
     4267     1
     4268     1
     4269     1
     4270     1
     4271     1
     4272     1
     4273     1
     4274     1
     4275     1
     4276     1
     4277     1
     4278     1
     4279     1
     4280     1
     4281     1
     4282     1
     4283     1
     4284     1
     4285     1
     4286     1
     4287     1
     4288     1
     4289     1
     4290     1
     4291     1
     4292     1
     4293     1
     4294     1
     4295     1
     4296     1
     4297     1
     4298     1
     4299     1
     4300     1
     4301     1
     4302     1
     4303     1
     4304     1
     4305     1
     4306     1
     4307     1
     4308     1
     4309     1
     4310     1
     4311     1
     4312     1
     4313     1
     4314     1
     4315     1
     4316     1
     4317     1
     4318     1
     4319     1
     4320     1
     4321     1
     4322     1
     4323     1
     4324     1
     4325     1
     4326     1
     4327     1
     4328     1
     4329     1
     4330     1
     4331     1
     4332     1
     4333     1
     4334     1
     4335     1
     4336     1
     4337     1
     4338     1
     4339     1
     4340     1
     4341     1
     4342     1
     4343     1
     4344     1
     4345     1
     4346     1
     4347     1
     4348     1
     4349     1
     4350     1
     4351     1
     4352     1
     4353     1
     4354     1
     4355     1
     4356     1
     4357     1
     4358     1
     4359     1
     4360     1
     4361     1
     4362     1
     4363     1
     4364     1
     4365     1
     4366     1
     4367     1
     4368     1
     4369     1
     4370     1
     4371     1
     4372     1
     4373     1
     4374     1
     4375     1
     4376     1
     4377     1
     4378     1
     4379     1
     4380     1
     4381     1
     4382     1
     4383     1
     4384     1
     4385     1
     4386     1
     4387     1
     4388     1
     4389     1
     4390     1
     4391     1
     4392     1
     4393     1
     4394     1
     4395     1
     4396     1
     4397     1
     4398     1
     4399     1
     4400     1
     4401     1
     4402     1
     4403     1
     4404     1
     4405     1
     4406     1
     4407     1
     4408     1
     4409     1
     4410     1
     4411     1
     4412     1
     4413     1
     4414     1
     4415     1
     4416     1
     4417     1
     4418     1
     4419     1
     4420     1
     4421     1
     4422     1
     4423     1
     4424     1
     4425     1
     4426     1
     4427     1
     4428     1
     4429     1
     4430     1
     4431     1
     4432     1
     4433     1
     4434     1
     4435     1
     4436     1
     4437     1
     4438     1
     4439     1
     4440     1
     4441     1
     4442     1
     4443     1
     4444     1
     4445     1
     4446     1
     4447     1
     4448     1
     4449     1
     4450     1
     4451     1
     4452     1
     4453     1
     4454     1
     4455     1
     4456     1
     4457     1
     4458     1
     4459     1
     4460     1
     4461     1
     4462     1
     4463     1
     4464     1
     4465     1
     4466     1
     4467     1
     4468     1
     4469     1
     4470     1
     4471     1
     4472     1
     4473     1
     4474     1
     4475     1
     4476     1
     4477     1
     4478     1
     4479     1
     4480     1
     4481     1
     4482     1
     4483     1
     4484     1
     4485     1
     4486     1
     4487     1
     4488     1
     4489     1
     4490     1
     4491     1
     4492     1
     4493     1
     4494     1
     4495     1
     4496     1
     4497     1
     4498     1
     4499     1
     4500     1
     4501     1
     4502     1
     4503     1
     4504     1
     4505     1
     4506     1
     4507     1
     4508     1
     4509     1
     4510     1
     4511     1
     4512     1
     4513     1
     4514     1
     4515     1
     4516     1
     4517     1
     4518     1
     4519     1
     4520     1
     4521     1
     4522     1
     4523     1
     4524     1
     4525     1
     4526     1
     4527     1
     4528     1
     4529     1
     4530     1
     4531     1
     4532     1
     4533     1
     4534     1
     4535     1
     4536     1
     4537     1
     4538     1
     4539     1
     4540     1
     4541     1
     4542     1
     4543     1
     4544     1
     4545     1
     4546     1
     4547     1
     4548     1
     4549     1
     4550     1
     4551     1
     4552     1
     4553     1
     4554     1
     4555     1
     4556     1
     4557     1
     4558     1
     4559     1
     4560     1
     4561     1
     4562     1
     4563     1
     4564     1
     4565     1
     4566     1
     4567     1
     4568     1
     4569     1
     4570     1
     4571     1
     4572     1
     4573     1
     4574     1
     4575     1
     4576     1
     4577     1
     4578     1
     4579     1
     4580     1
     4581     1
     4582     1
     4583     1
     4584     1
     4585     1
     4586     1
     4587     1
     4588     1
     4589     1
     4590     1
     4591     1
     4592     1
     4593     1
     4594     1
     4595     1
     4596     1
     4597     1
     4598     1
     4599     1
     4600     1
     4601     1
     4602     1
     4603     1
     4604     1
     4605     1
     4606     1
     4607     1
     4608     1
     4609     1
     4610     1
     4611     1
     4612     1
     4613     1
     4614     1
     4615     1
     4616     1
     4617     1
     4618     1
     4619     1
     4620     1
     4621     1
     4622     1
     4623     1
     4624     1
     4625     1
     4626     1
     4627     1
     4628     1
     4629     1
     4630     1
     4631     1
     4632     1
     4633     1
     4634     1
     4635     1
     4636     1
     4637     1
     4638     1
     4639     1
     4640     1
     4641     1
     4642     1
     4643     1
     4644     1
     4645     1
     4646     1
     4647     1
     4648     1
     4649     1
     4650     1
     4651     1
     4652     1
     4653     1
     4654     1
     4655     1
     4656     1
     4657     1
     4658     1
     4659     1
     4660     1
     4661     1
     4662     1
     4663     1
     4664     1
     4665     1
     4666     1
     4667     1
     4668     1
     4669     1
     4670     1
     4671     1
     4672     1
     4673     1
     4674     1
     4675     1
     4676     1
     4677     1
     4678     1
     4679     1
     4680     1
     4681     1
     4682     1
     4683     1
     4684     1
     4685     1
     4686     1
     4687     1
     4688     1
     4689     1
     4690     1
     4691     1
     4692     1
     4693     1
     4694     1
     4695     1
     4696     1
     4697     1
     4698     1
     4699     1
     4700     1
     4701     1
     4702     1
     4703     1
     4704     1
     4705     1
     4706     1
     4707     1
     4708     1
     4709     1
     4710     1
     4711     1
     4712     1
     4713     1
     4714     1
     4715     1
     4716     1
     4717     1
     4718     1
     4719     1
     4720     1
     4721     1
     4722     1
     4723     1
     4724     1
     4725     1
     4726     1
     4727     1
     4728     1
     4729     1
     4730     1
     4731     1
     4732     1
     4733     1
     4734     1
     4735     1
     4736     1
     4737     1
     4738     1
     4739     1
     4740     1
     4741     1
     4742     1
     4743     1
     4744     1
     4745     1
     4746     1
     4747     1
     4748     1
     4749     1
     4750     1
     4751     1
     4752     1
     4753     1
     4754     1
     4755     1
     4756     1
     4757     1
     4758     1
     4759     1
     4760     1
     4761     1
     4762     1
     4763     1
     4764     1
     4765     1
     4766     1
     4767     1
     4768     1
     4769     1
     4770     1
     4771     1
     4772     1
     4773     1
     4774     1
     4775     1
     4776     1
     4777     1
     4778     1
     4779     1
     4780     1
     4781     1
     4782     1
     4783     1
     4784     1
     4785     1
     4786     1
     4787     1
     4788     1
     4789     1
     4790     1
     4791     1
     4792     1
     4793     1
     4794     1
     4795     1
     4796     1
     4797     1
     4798     1
     4799     1
     4800     1
     4801     1
     4802     1
     4803     1
     4804     1
     4805     1
     4806     1
     4807     1
     4808     1
     4809     1
     4810     1
     4811     1
     4812     1
     4813     1
     4814     1
     4815     1
     4816     1
     4817     1
     4818     1
     4819     1
     4820     1
     4821     1
     4822     1
     4823     1
     4824     1
     4825     1
     4826     1
     4827     1
     4828     1
     4829     1
     4830     1
     4831     1
     4832     1
     4833     1
     4834     1
     4835     1
     4836     1
     4837     1
     4838     1
     4839     1
     4840     1
     4841     1
     4842     1
     4843     1
     4844     1
     4845     1
     4846     1
     4847     1
     4848     1
     4849     1
     4850     1
     4851     1
     4852     1
     4853     1
     4854     1
     4855     1
     4856     1
     4857     1
     4858     1
     4859     1
     4860     1
     4861     1
     4862     1
     4863     1
     4864     1
     4865     1
     4866     1
     4867     1
     4868     1
     4869     1
     4870     1
     4871     1
     4872     1
     4873     1
     4874     1
     4875     1
     4876     1
     4877     1
     4878     1
     4879     1
     4880     1
     4881     1
     4882     1
     4883     1
     4884     1
     4885     1
     4886     1
     4887     1
     4888     1
     4889     1
     4890     1
     4891     1
     4892     1
     4893     1
     4894     1
     4895     1
     4896     1
     4897     1
     4898     1
     4899     1
     4900     1
     4901     1
     4902     1
     4903     1
     4904     1
     4905     1
     4906     1
     4907     1
     4908     1
     4909     1
     4910     1
     4911     1
     4912     1
     4913     1
     4914     1
     4915     1
     4916     1
     4917     1
     4918     1
     4919     1
     4920     1
     4921     1
     4922     1
     4923     1
     4924     1
     4925     1
     4926     1
     4927     1
     4928     1
     4929     1
     4930     1
     4931     1
     4932     1
     4933     1
     4934     1
     4935     1
     4936     1
     4937     1
     4938     1
     4939     1
     4940     1
     4941     1
     4942     1
     4943     1
     4944     1
     4945     1
     4946     1
     4947     1
     4948     1
     4949     1
     4950     1
     4951     1
     4952     1
     4953     1
     4954     1
     4955     1
     4956     1
     4957     1
     4958     1
     4959     1
     4960     1
     4961     1
     4962     1
     4963     1
     4964     1
     4965     1
     4966     1
     4967     1
     4968     1
     4969     1
     4970     1
     4971     1
     4972     1
     4973     1
     4974     1
     4975     1
     4976     1
     4977     1
     4978     1
     4979     1
     4980     1
     4981     1
     4982     1
     4983     1
     4984     1
     4985     1
     4986     1
     4987     1
     4988     1
     4989     1
     4990     1
     4991     1
     4992     1
     4993     1
     4994     1
     4995     1
     4996     1
     4997     1
     4998     1
     4999     1
     5000     1
     5001     1
     5002     1
     5003     1
     5004     1
     5005     1
     5006     1
     5007     1
     5008     1
     5009     1
     5010     1
     5011     1
     5012     1
     5013     1
     5014     1
     5015     1
     5016     1
     5017     1
     5018     1
     5019     1
     5020     1
     5021     1
     5022     1
     5023     1
     5024     1
     5025     1
     5026     1
     5027     1
     5028     1
     5029     1
     5030     1
     5031     1
     5032     1
     5033     1
     5034     1
     5035     1
     5036     1
     5037     1
     5038     1
     5039     1
     5040     1
     5041     1
     5042     1
     5043     1
     5044     1
     5045     1
     5046     1
     5047     1
     5048     1
     5049     1
     5050     1
     5051     1
     5052     1
     5053     1
     5054     1
     5055     1
     5056     1
     5057     1
     5058     1
     5059     1
     5060     1
     5061     1
     5062     1
     5063     1
     5064     1
     5065     1
     5066     1
     5067     1
     5068     1
     5069     1
     5070     1
     5071     1
     5072     1
     5073     1
     5074     1
     5075     1
     5076     1
     5077     1
     5078     1
     5079     1
     5080     1
     5081     1
     5082     1
     5083     1
     5084     1
     5085     1
     5086     1
     5087     1
     5088     1
     5089     1
     5090     1
     5091     1
     5092     1
     5093     1
     5094     1
     5095     1
     5096     1
     5097     1
     5098     1
     5099     1
     5100     1
     5101     1
     5102     1
     5103     1
     5104     1
     5105     1
     5106     1
     5107     1
     5108     1
     5109     1
     5110     1
     5111     1
     5112     1
     5113     1
     5114     1
     5115     1
     5116     1
     5117     1
     5118     1
     5119     1
     5120     1
     5121     1
     5122     1
     5123     1
     5124     1
     5125     1
     5126     1
     5127     1
     5128     1
     5129     1
     5130     1
     5131     1
     5132     1
     5133     1
     5134     1
     5135     1
     5136     1
     5137     1
     5138     1
     5139     1
     5140     1
     5141     1
     5142     1
     5143     1
     5144     1
     5145     1
     5146     1
     5147     1
     5148     1
     5149     1
     5150     1
     5151     1
     5152     1
     5153     1
     5154     1
     5155     1
     5156     1
     5157     1
     5158     1
     5159     1
     5160     1
     5161     1
     5162     1
     5163     1
     5164     1
     5165     1
     5166     1
     5167     1
     5168     1
     5169     1
     5170     1
     5171     1
     5172     1
     5173     1
     5174     1
     5175     1
     5176     1
     5177     1
     5178     1
     5179     1
     5180     1
     5181     1
     5182     1
     5183     1
     5184     1
     5185     1
     5186     1
     5187     1
     5188     1
     5189     1
     5190     1
     5191     1
     5192     1
     5193     1
     5194     1
     5195     1
     5196     1
     5197     1
     5198     1
     5199     1
     5200     1
     5201     1
     5202     1
     5203     1
     5204     1
     5205     1
     5206     1
     5207     1
     5208     1
     5209     1
     5210     1
     5211     1
     5212     1
     5213     1
     5214     1
     5215     1
     5216     1
     5217     1
     5218     1
     5219     1
     5220     1
     5221     1
     5222     1
     5223     1
     5224     1
     5225     1
     5226     1
     5227     1
     5228     1
     5229     1
     5230     1
     5231     1
     5232     1
     5233     1
     5234     1
     5235     1
     5236     1
     5237     1
     5238     1
     5239     1
     5240     1
     5241     1
     5242     1
     5243     1
     5244     1
     5245     1
     5246     1
     5247     1
     5248     1
     5249     1
     5250     1
     5251     1
     5252     1
     5253     1
     5254     1
     5255     1
     5256     1
     5257     1
     5258     1
     5259     1
     5260     1
     5261     1
     5262     1
     5263     1
     5264     1
     5265     1
     5266     1
     5267     1
     5268     1
     5269     1
     5270     1
     5271     1
     5272     1
     5273     1
     5274     1
     5275     1
     5276     1
     5277     1
     5278     1
     5279     1
     5280     1
     5281     1
     5282     1
     5283     1
     5284     1
     5285     1
     5286     1
     5287     1
     5288     1
     5289     1
     5290     1
     5291     1
     5292     1
     5293     1
     5294     1
     5295     1
     5296     1
     5297     1
     5298     1
     5299     1
     5300     1
     5301     1
     5302     1
     5303     1
     5304     1
     5305     1
     5306     1
     5307     1
     5308     1
     5309     1
     5310     1
     5311     1
     5312     1
     5313     1
     5314     1
     5315     1
     5316     1
     5317     1
     5318     1
     5319     1
     5320     1
     5321     1
     5322     1
     5323     1
     5324     1
     5325     1
     5326     1
     5327     1
     5328     1
     5329     1
     5330     1
     5331     1
     5332     1
     5333     1
     5334     1
     5335     1
     5336     1
     5337     1
     5338     1
     5339     1
     5340     1
     5341     1
     5342     1
     5343     1
     5344     1
     5345     1
     5346     1
     5347     1
     5348     1
     5349     1
     5350     1
     5351     1
     5352     1
     5353     1
     5354     1
     5355     1
     5356     1
     5357     1
     5358     1
     5359     1
     5360     1
     5361     1
     5362     1
     5363     1
     5364     1
     5365     1
     5366     1
     5367     1
     5368     1
     5369     1
     5370     1
     5371     1
     5372     1
     5373     1
     5374     1
     5375     1
     5376     1
     5377     1
     5378     1
     5379     1
     5380     1
     5381     1
     5382     1
     5383     1
     5384     1
     5385     1
     5386     1
     5387     1
     5388     1
     5389     1
     5390     1
     5391     1
     5392     1
     5393     1
     5394     1
     5395     1
     5396     1
     5397     1
     5398     1
     5399     1
     5400     1
     5401     1
     5402     1
     5403     1
     5404     1
     5405     1
     5406     1
     5407     1
     5408     1
     5409     1
     5410     1
     5411     1
     5412     1
     5413     1
     5414     1
     5415     1
     5416     1
     5417     1
     5418     1
     5419     1
     5420     1
     5421     1
     5422     1
     5423     1
     5424     1
     5425     1
     5426     1
     5427     1
     5428     1
     5429     1
     5430     1
     5431     1
     5432     1
     5433     1
     5434     1
     5435     1
     5436     1
     5437     1
     5438     1
     5439     1
     5440     1
     5441     1
     5442     1
     5443     1
     5444     1
     5445     1
     5446     1
     5447     1
     5448     1
     5449     1
     5450     1
     5451     1
     5452     1
     5453     1
     5454     1
     5455     1
     5456     1
     5457     1
     5458     1
     5459     1
     5460     1
     5461     1
     5462     1
     5463     1
     5464     1
     5465     1
     5466     1
     5467     1
     5468     1
     5469     1
     5470     1
     5471     1
     5472     1
     5473     1
     5474     1
     5475     1
     5476     1
     5477     1
     5478     1
     5479     1
     5480     1
     5481     1
     5482     1
     5483     1
     5484     1
     5485     1
     5486     1
     5487     1
     5488     1
     5489     1
     5490     1
     5491     1
     5492     1
     5493     1
     5494     1
     5495     1
     5496     1
     5497     1
     5498     1
     5499     1
     5500     1
     5501     1
     5502     1
     5503     1
     5504     1
     5505     1
     5506     1
     5507     1
     5508     1
     5509     1
     5510     1
     5511     1
     5512     1
     5513     1
     5514     1
     5515     1
     5516     1
     5517     1
     5518     1
     5519     1
     5520     1
     5521     1
     5522     1
     5523     1
     5524     1
     5525     1
     5526     1
     5527     1
     5528     1
     5529     1
     5530     1
     5531     1
     5532     1
     5533     1
     5534     1
     5535     1
     5536     1
     5537     1
     5538     1
     5539     1
     5540     1
     5541     1
     5542     1
     5543     1
     5544     1
     5545     1
     5546     1
     5547     1
     5548     1
     5549     1
     5550     1
     5551     1
     5552     1
     5553     1
     5554     1
     5555     1
     5556     1
     5557     1
     5558     1
     5559     1
     5560     1
     5561     1
     5562     1
     5563     1
     5564     1
     5565     1
     5566     1
     5567     1
     5568     1
     5569     1
     5570     1
     5571     1
     5572     1
     5573     1
     5574     1
     5575     1
     5576     1
     5577     1
     5578     1
     5579     1
     5580     1
     5581     1
     5582     1
     5583     1
     5584     1
     5585     1
     5586     1
     5587     1
     5588     1
     5589     1
     5590     1
     5591     1
     5592     1
     5593     1
     5594     1
     5595     1
     5596     1
     5597     1
     5598     1
     5599     1
     5600     1
     5601     1
     5602     1
     5603     1
     5604     1
     5605     1
     5606     1
     5607     1
     5608     1
     5609     1
     5610     1
     5611     1
     5612     1
     5613     1
     5614     1
     5615     1
     5616     1
     5617     1
     5618     1
     5619     1
     5620     1
     5621     1
     5622     1
     5623     1
     5624     1
     5625     1
     5626     1
     5627     1
     5628     1
     5629     1
     5630     1
     5631     1
     5632     1
     5633     1
     5634     1
     5635     1
     5636     1
     5637     1
     5638     1
     5639     1
     5640     1
     5641     1
     5642     1
     5643     1
     5644     1
     5645     1
     5646     1
     5647     1
     5648     1
     5649     1
     5650     1
     5651     1
     5652     1
     5653     1
     5654     1
     5655     1
     5656     1
     5657     1
     5658     1
     5659     1
     5660     1
     5661     1
     5662     1
     5663     1
     5664     1
     5665     1
     5666     1
     5667     1
     5668     1
     5669     1
     5670     1
     5671     1
     5672     1
     5673     1
     5674     1
     5675     1
     5676     1
     5677     1
     5678     1
     5679     1
     5680     1
     5681     1
     5682     1
     5683     1
     5684     1
     5685     1
     5686     1
     5687     1
     5688     1
     5689     1
     5690     1
     5691     1
     5692     1
     5693     1
     5694     1
     5695     1
     5696     1
     5697     1
     5698     1
     5699     1
     5700     1
     5701     1
     5702     1
     5703     1
     5704     1
     5705     1
     5706     1
     5707     1
     5708     1
     5709     1
     5710     1
     5711     1
     5712     1
     5713     1
     5714     1
     5715     1
     5716     1
     5717     1
     5718     1
     5719     1
     5720     1
     5721     1
     5722     1
     5723     1
     5724     1
     5725     1
     5726     1
     5727     1
     5728     1
     5729     1
     5730     1
     5731     1
     5732     1
     5733     1
     5734     1
     5735     1
     5736     1
     5737     1
     5738     1
     5739     1
     5740     1
     5741     1
     5742     1
     5743     1
     5744     1
     5745     1
     5746     1
     5747     1
     5748     1
     5749     1
     5750     1
     5751     1
     5752     1
     5753     1
     5754     1
     5755     1
     5756     1
     5757     1
     5758     1
     5759     1
     5760     1
     5761     1
     5762     1
     5763     1
     5764     1
     5765     1
     5766     1
     5767     1
     5768     1
     5769     1
     5770     1
     5771     1
     5772     1
     5773     1
     5774     1
     5775     1
     5776     1
     5777     1
     5778     1
     5779     1
     5780     1
     5781     1
     5782     1
     5783     1
     5784     1
     5785     1
     5786     1
     5787     1
     5788     1
     5789     1
     5790     1
     5791     1
     5792     1
     5793     1
     5794     1
     5795     1
     5796     1
     5797     1
     5798     1
     5799     1
     5800     1
     5801     1
     5802     1
     5803     1
     5804     1
     5805     1
     5806     1
     5807     1
     5808     1
     5809     1
     5810     1
     5811     1
     5812     1
     5813     1
     5814     1
     5815     1
     5816     1
     5817     1
     5818     1
     5819     1
     5820     1
     5821     1
     5822     1
     5823     1
     5824     1
     5825     1
     5826     1
     5827     1
     5828     1
     5829     1
     5830     1
     5831     1
     5832     1
     5833     1
     5834     1
     5835     1
     5836     1
     5837     1
     5838     1
     5839     1
     5840     1
     5841     1
     5842     1
     5843     1
     5844     1
     5845     1
     5846     1
     5847     1
     5848     1
     5849     1
     5850     1
     5851     1
     5852     1
     5853     1
     5854     1
     5855     1
     5856     1
     5857     1
     5858     1
     5859     1
     5860     1
     5861     1
     5862     1
     5863     1
     5864     1
     5865     1
     5866     1
     5867     1
     5868     1
     5869     1
     5870     1
     5871     1
     5872     1
     5873     1
     5874     1
     5875     1
     5876     1
     5877     1
     5878     1
     5879     1
     5880     1
     5881     1
     5882     1
     5883     1
     5884     1
     5885     1
     5886     1
     5887     1
     5888     1
     5889     1
     5890     1
     5891     1
     5892     1
     5893     1
     5894     1
     5895     1
     5896     1
     5897     1
     5898     1
     5899     1
     5900     1
     5901     1
     5902     1
     5903     1
     5904     1
     5905     1
     5906     1
     5907     1
     5908     1
     5909     1
     5910     1
     5911     1
     5912     1
     5913     1
     5914     1
     5915     1
     5916     1
     5917     1
     5918     1
     5919     1
     5920     1
     5921     1
     5922     1
     5923     1
     5924     1
     5925     1
     5926     1
     5927     1
     5928     1
     5929     1
     5930     1
     5931     1
     5932     1
     5933     1
     5934     1
     5935     1
     5936     1
     5937     1
     5938     1
     5939     1
     5940     1
     5941     1
     5942     1
     5943     1
     5944     1
     5945     1
     5946     1
     5947     1
     5948     1
     5949     1
     5950     1
     5951     1
     5952     1
     5953     1
     5954     1
     5955     1
     5956     1
     5957     1
     5958     1
     5959     1
     5960     1
     5961     1
     5962     1
     5963     1
     5964     1
     5965     1
     5966     1
     5967     1
     5968     1
     5969     1
     5970     1
     5971     1
     5972     1
     5973     1
     5974     1
     5975     1
     5976     1
     5977     1
     5978     1
     5979     1
     5980     1
     5981     1
     5982     1
     5983     1
     5984     1
     5985     1
     5986     1
     5987     1
     5988     1
     5989     1
     5990     1
     5991     1
     5992     1
     5993     1
     5994     1
     5995     1
     5996     1
     5997     1
     5998     1
     5999     1
     6000     1
     6001     1
     6002     1
     6003     1
     6004     1
     6005     1
     6006     1
     6007     1
     6008     1
     6009     1
     6010     1
     6011     1
     6012     1
     6013     1
     6014     1
     6015     1
     6016     1
     6017     1
     6018     1
     6019     1
     6020     1
     6021     1
     6022     1
     6023     1
     6024     1
     6025     1
     6026     1
     6027     1
     6028     1
     6029     1
     6030     1
     6031     1
     6032     1
     6033     1
     6034     1
     6035     1
     6036     1
     6037     1
     6038     1
     6039     1
     6040     1
     6041     1
     6042     1
     6043     1
     6044     1
     6045     1
     6046     1
     6047     1
     6048     1
     6049     1
     6050     1
     6051     1
     6052     1
     6053     1
     6054     1
     6055     1
     6056     1
     6057     1
     6058     1
     6059     1
     6060     1
     6061     1
     6062     1
     6063     1
     6064     1
     6065     1
     6066     1
     6067     1
     6068     1
     6069     1
     6070     1
     6071     1
     6072     1
     6073     1
     6074     1
     6075     1
     6076     1
     6077     1
     6078     1
     6079     1
     6080     1
     6081     1
     6082     1
     6083     1
     6084     1
     6085     1
     6086     1
     6087     1
     6088     1
     6089     1
     6090     1
     6091     1
     6092     1
     6093     1
     6094     1
     6095     1
     6096     1
     6097     1
     6098     1
     6099     1
     6100     1
     6101     1
     6102     1
     6103     1
     6104     1
     6105     1
     6106     1
     6107     1
     6108     1
     6109     1
     6110     1
     6111     1
     6112     1
     6113     1
     6114     1
     6115     1
     6116     1
     6117     1
     6118     1
     6119     1
     6120     1
     6121     1
     6122     1
     6123     1
     6124     1
     6125     1
     6126     1
     6127     1
     6128     1
     6129     1
     6130     1
     6131     1
     6132     1
     6133     1
     6134     1
     6135     1
     6136     1
     6137     1
     6138     1
     6139     1
     6140     1
     6141     1
     6142     1
     6143     1
     6144     1
     6145     1
     6146     1
     6147     1
     6148     1
     6149     1
     6150     1
     6151     1
     6152     1
     6153     1
     6154     1
     6155     1
     6156     1
     6157     1
     6158     1
     6159     1
     6160     1
     6161     1
     6162     1
     6163     1
     6164     1
     6165     1
     6166     1
     6167     1
     6168     1
     6169     1
     6170     1
     6171     1
     6172     1
     6173     1
     6174     1
     6175     1
     6176     1
     6177     1
     6178     1
     6179     1
     6180     1
     6181     1
     6182     1
     6183     1
     6184     1
     6185     1
     6186     1
     6187     1
     6188     1
     6189     1
     6190     1
     6191     1
     6192     1
     6193     1
     6194     1
     6195     1
     6196     1
     6197     1
     6198     1
     6199     1
     6200     1
     6201     1
     6202     1
     6203     1
     6204     1
     6205     1
     6206     1
     6207     1
     6208     1
     6209     1
     6210     1
     6211     1
     6212     1
     6213     1
     6214     1
     6215     1
     6216     1
     6217     1
     6218     1
     6219     1
     6220     1
     6221     1
     6222     1
     6223     1
     6224     1
     6225     1
     6226     1
     6227     1
     6228     1
     6229     1
     6230     1
     6231     1
     6232     1
     6233     1
     6234     1
     6235     1
     6236     1
     6237     1
     6238     1
     6239     1
     6240     1
     6241     1
     6242     1
     6243     1
     6244     1
     6245     1
     6246     1
     6247     1
     6248     1
     6249     1
     6250     1
     6251     1
     6252     1
     6253     1
     6254     1
     6255     1
     6256     1
     6257     1
     6258     1
     6259     1
     6260     1
     6261     1
     6262     1
     6263     1
     6264     1
     6265     1
     6266     1
     6267     1
     6268     1
     6269     1
     6270     1
     6271     1
     6272     1
     6273     1
     6274     1
     6275     1
     6276     1
     6277     1
     6278     1
     6279     1
     6280     1
     6281     1
     6282     1
     6283     1
     6284     1
     6285     1
     6286     1
     6287     1
     6288     1
     6289     1
     6290     1
     6291     1
     6292     1
     6293     1
     6294     1
     6295     1
     6296     1
     6297     1
     6298     1
     6299     1
     6300     1
     6301     1
     6302     1
     6303     1
     6304     1
     6305     1
     6306     1
     6307     1
     6308     1
     6309     1
     6310     1
     6311     1
     6312     1
     6313     1
     6314     1
     6315     1
     6316     1
     6317     1
     6318     1
     6319     1
     6320     1
     6321     1
     6322     1
     6323     1
     6324     1
     6325     1
     6326     1
     6327     1
     6328     1
     6329     1
     6330     1
     6331     1
     6332     1
     6333     1
     6334     1
     6335     1
     6336     1
     6337     1
     6338     1
     6339     1
     6340     1
     6341     1
     6342     1
     6343     1
     6344     1
     6345     1
     6346     1
     6347     1
     6348     1
     6349     1
     6350     1
     6351     1
     6352     1
     6353     1
     6354     1
     6355     1
     6356     1
     6357     1
     6358     1
     6359     1
     6360     1
     6361     1
     6362     1
     6363     1
     6364     1
     6365     1
     6366     1
     6367     1
     6368     1
     6369     1
     6370     1
     6371     1
     6372     1
     6373     1
     6374     1
     6375     1
     6376     1
     6377     1
     6378     1
     6379     1
     6380     1
     6381     1
     6382     1
     6383     1
     6384     1
     6385     1
     6386     1
     6387     1
     6388     1
     6389     1
     6390     1
     6391     1
     6392     1
     6393     1
     6394     1
     6395     1
     6396     1
     6397     1
     6398     1
     6399     1
     6400     1
     6401     1
     6402     1
     6403     1
     6404     1
     6405     1
     6406     1
     6407     1
     6408     1
     6409     1
     6410     1
     6411     1
     6412     1
     6413     1
     6414     1
     6415     1
     6416     1
     6417     1
     6418     1
     6419     1
     6420     1
     6421     1
     6422     1
     6423     1
     6424     1
     6425     1
     6426     1
     6427     1
     6428     1
     6429     1
     6430     1
     6431     1
     6432     1
     6433     1
     6434     1
     6435     1
     6436     1
     6437     1
     6438     1
     6439     1
     6440     1
     6441     1
     6442     1
     6443     1
     6444     1
     6445     1
     6446     1
     6447     1
     6448     1
     6449     1
     6450     1
     6451     1
     6452     1
     6453     1
     6454     1
     6455     1
     6456     1
     6457     1
     6458     1
     6459     1
     6460     1
     6461     1
     6462     1
     6463     1
     6464     1
     6465     1
     6466     1
     6467     1
     6468     1
     6469     1
     6470     1
     6471     1
     6472     1
     6473     1
     6474     1
     6475     1
     6476     1
     6477     1
     6478     1
     6479     2
     6480     2
     6481     2
     6482     2
     6483     2
     6484     2
     6485     2
     6486     2
     6487     2
     6488     2
     6489     2
     6490     2
     6491     2
     6492     2
     6493     2
     6494     2
     6495     2
     6496     2
     6497     2
     6498     2
     6499     2
     6500     2
     6501     2
     6502     2
     6503     2
     6504     2
     6505     2
     6506     2
     6507     2
     6508     2
     6509     2
     6510     2
     6511     2
     6512     2
     6513     2
     6514     2
     6515     2
     6516     2
     6517     2
     6518     2
     6519     2
     6520     2
     6521     2
     6522     2
     6523     2
     6524     2
     6525     2
     6526     2
     6527     2
     6528     2
     6529     2
     6530     2
     6531     2
     6532     2
     6533     2
     6534     2
     6535     2
     6536     2
     6537     2
     6538     2
     6539     2
     6540     2
     6541     2
     6542     2
     6543     2
     6544     2
     6545     2
     6546     2
     6547     2
     6548     2
     6549     2
     6550     2
     6551     2
     6552     2
     6553     2
     6554     2
     6555     2
     6556     2
     6557     2
     6558     2
     6559     2
     6560     2
     6561     2
     6562     2
     6563     2
     6564     2
     6565     2
     6566     2
     6567     2
     6568     2
     6569     2
     6570     2
     6571     2
     6572     2
     6573     2
     6574     2
     6575     2
     6576     2
     6577     2
     6578     2
     6579     2
     6580     2
     6581     2
     6582     2
     6583     2
     6584     2
     6585     2
     6586     2
     6587     2
     6588     2
     6589     2
     6590     2
     6591     2
     6592     2
     6593     2
     6594     2
     6595     2
     6596     2
     6597     2
     6598     2
     6599     2
     6600     2
     6601     2
     6602     2
     6603     2
     6604     2
     6605     2
     6606     2
     6607     2
     6608     2
     6609     2
     6610     2
     6611     2
     6612     2
     6613     2
     6614     2
     6615     2
     6616     2
     6617     2
     6618     2
     6619     2
     6620     2
     6621     2
     6622     2
     6623     2
     6624     2
     6625     2
     6626     2
     6627     2
     6628     2
     6629     2
     6630     2
     6631     2
     6632     2
     6633     2
     6634     2
     6635     2
     6636     2
     6637     2
     6638     2
     6639     2
     6640     2
     6641     2
     6642     2
     6643     2
     6644     2
     6645     2
     6646     2
     6647     2
     6648     2
     6649     2
     6650     2
     6651     2
     6652     2
     6653     2
     6654     2
     6655     2
     6656     2
     6657     2
     6658     2
     6659     2
     6660     2
     6661     2
     6662     2
     6663     2
     6664     2
     6665     2
     6666     2
     6667     2
     6668     2
     6669     2
     6670     2
     6671     2
     6672     2
     6673     2
     6674     2
     6675     2
     6676     2
     6677     2
     6678     2
     6679     2
     6680     2
     6681     2
     6682     2
     6683     2
     6684     2
     6685     2
     6686     2
     6687     2
     6688     2
     6689     2
     6690     2
     6691     2
     6692     2
     6693     2
     6694     2
     6695     2
     6696     2
     6697     2
     6698     2
     6699     2
     6700     2
     6701     2
     6702     2
     6703     2
     6704     2
     6705     2
     6706     2
     6707     2
     6708     2
     6709     2
     6710     2
     6711     2
     6712     2
     6713     2
     6714     2
     6715     2
     6716     2
     6717     2
     6718     2
     6719     2
     6720     2
     6721     2
     6722     2
     6723     2
     6724     2
     6725     2
     6726     2
     6727     2
     6728     2
     6729     2
     6730     2
     6731     2
     6732     2
     6733     2
     6734     2
     6735     2
     6736     2
     6737     2
     6738     2
     6739     2
     6740     2
     6741     2
     6742     2
     6743     2
     6744     2
     6745     2
     6746     2
     6747     2
     6748     2
     6749     2
     6750     2
     6751     2
     6752     2
     6753     2
     6754     2
     6755     2
     6756     2
     6757     2
     6758     2
     6759     2
     6760     2
     6761     2
     6762     2
     6763     2
     6764     2
     6765     2
     6766     2
     6767     2
     6768     2
     6769     2
     6770     2
     6771     2
     6772     2
     6773     2
     6774     2
     6775     2
     6776     2
     6777     2
     6778     2
     6779     2
     6780     2
     6781     2
     6782     2
     6783     2
     6784     2
     6785     2
     6786     2
     6787     2
     6788     2
     6789     2
     6790     2
     6791     2
     6792     2
     6793     2
     6794     2
     6795     2
     6796     2
     6797     2
     6798     2
     6799     2
     6800     2
     6801     2
     6802     2
     6803     2
     6804     2
     6805     2
     6806     2
     6807     2
     6808     2
     6809     2
     6810     2
     6811     2
     6812     2
     6813     2
     6814     2
     6815     2
     6816     2
     6817     2
     6818     2
     6819     2
     6820     2
     6821     2
     6822     2
     6823     2
     6824     2
     6825     2
     6826     2
     6827     2
     6828     2
     6829     2
     6830     2
     6831     2
     6832     2
     6833     2
     6834     2
     6835     2
     6836     2
     6837     2
     6838     2
     6839     2
     6840     2
     6841     2
     6842     2
     6843     2
     6844     2
     6845     2
     6846     2
     6847     2
     6848     2
     6849     2
     6850     2
     6851     2
     6852     2
     6853     2
     6854     2
     6855     2
     6856     2
     6857     2
     6858     2
     6859     2
     6860     2
     6861     2
     6862     2
     6863     2
     6864     2
     6865     2
     6866     2
     6867     2
     6868     2
     6869     2
     6870     2
     6871     2
     6872     2
     6873     2
     6874     2
     6875     2
     6876     2
     6877     2
     6878     2
     6879     2
     6880     2
     6881     2
     6882     2
     6883     2
     6884     2
     6885     2
     6886     2
     6887     2
     6888     2
     6889     2
     6890     2
     6891     2
     6892     2
     6893     2
     6894     2
     6895     2
     6896     2
     6897     2
     6898     2
     6899     2
     6900     2
     6901     2
     6902     2
     6903     2
     6904     2
     6905     2
     6906     2
     6907     2
     6908     2
     6909     2
     6910     2
     6911     2
     6912     2
     6913     2
     6914     2
     6915     2
     6916     2
     6917     2
     6918     2
     6919     2
     6920     2
     6921     2
     6922     2
     6923     2
     6924     2
     6925     2
     6926     2
     6927     2
     6928     2
     6929     2
     6930     2
     6931     2
     6932     2
     6933     2
     6934     2
     6935     2
     6936     2
     6937     2
     6938     2
     6939     2
     6940     2
     6941     2
     6942     2
     6943     2
     6944     2
     6945     2
     6946     2
     6947     2
     6948     2
     6949     2
     6950     2
     6951     2
     6952     2
     6953     2
     6954     2
     6955     2
     6956     2
     6957     2
     6958     2
     6959     2
     6960     2
     6961     2
     6962     2
     6963     2
     6964     2
     6965     2
     6966     2
     6967     2
     6968     2
     6969     2
     6970     2
     6971     2
     6972     2
     6973     2
     6974     2
     6975     2
     6976     2
     6977     2
     6978     2
     6979     2
     6980     2
     6981     2
     6982     2
     6983     2
     6984     2
     6985     2
     6986     2
     6987     2
     6988     2
     6989     2
     6990     2
     6991     2
     6992     2
     6993     2
     6994     2
     6995     2
     6996     2
     6997     2
     6998     2
     6999     2
     7000     2
     7001     2
     7002     2
     7003     2
     7004     2
     7005     2
     7006     2
     7007     2
     7008     2
     7009     2
     7010     2
     7011     2
     7012     2
     7013     2
     7014     2
     7015     2
     7016     2
     7017     2
     7018     2
     7019     2
     7020     2
     7021     2
     7022     2
     7023     2
     7024     2
     7025     2
     7026     2
     7027     2
     7028     2
     7029     2
     7030     2
     7031     2
     7032     2
     7033     2
     7034     2
     7035     2
     7036     2
     7037     2
     7038     2
     7039     2
     7040     2
     7041     2
     7042     2
     7043     2
     7044     2
     7045     2
     7046     2
     7047     2
     7048     2
     7049     2
     7050     2
     7051     2
     7052     2
     7053     2
     7054     2
     7055     2
     7056     2
     7057     2
     7058     2
     7059     2
     7060     2
     7061     2
     7062     2
     7063     2
     7064     2
     7065     2
     7066     2
     7067     2
     7068     2
     7069     2
     7070     2
     7071     2
     7072     2
     7073     2
     7074     2
     7075     2
     7076     2
     7077     2
     7078     2
     7079     2
     7080     2
     7081     2
     7082     2
     7083     2
     7084     2
     7085     2
     7086     2
     7087     2
     7088     2
     7089     2
     7090     2
     7091     2
     7092     2
     7093     2
     7094     2
     7095     2
     7096     2
     7097     2
     7098     2
     7099     2
     7100     2
     7101     2
     7102     2
     7103     2
     7104     2
     7105     2
     7106     2
     7107     2
     7108     2
     7109     2
     7110     2
     7111     2
     7112     2
     7113     2
     7114     2
     7115     2
     7116     2
     7117     2
     7118     2
     7119     2
     7120     2
     7121     2
     7122     2
     7123     2
     7124     2
     7125     2
     7126     2
     7127     2
     7128     2
     7129     2
     7130     2
     7131     2
     7132     2
     7133     2
     7134     2
     7135     2
     7136     2
     7137     2
     7138     2
     7139     2
     7140     2
     7141     2
     7142     2
     7143     2
     7144     2
     7145     2
     7146     2
     7147     2
     7148     2
     7149     2
     7150     2
     7151     2
     7152     2
     7153     2
     7154     2
     7155     2
     7156     2
     7157     2
     7158     2
     7159     2
     7160     2
     7161     2
     7162     2
     7163     2
     7164     2
     7165     2
     7166     2
     7167     2
     7168     2
     7169     2
     7170     2
     7171     2
     7172     2
     7173     2
     7174     2
     7175     2
     7176     2
     7177     2
     7178     2
     7179     2
     7180     2
     7181     2
     7182     2
     7183     2
     7184     2
     7185     2
     7186     2
     7187     2
     7188     2
     7189     2
     7190     2
     7191     2
     7192     2
     7193     2
     7194     2
     7195     2
     7196     2
     7197     2
     7198     2
     7199     2
     7200     2
     7201     2
     7202     2
     7203     2
     7204     2
     7205     2
     7206     2
     7207     2
     7208     2
     7209     2
     7210     2
     7211     2
     7212     2
     7213     2
     7214     2
     7215     2
     7216     2
     7217     2
     7218     2
     7219     2
     7220     2
     7221     2
     7222     2
     7223     2
     7224     2
     7225     2
     7226     2
     7227     2
     7228     2
     7229     2
     7230     2
     7231     2
     7232     2
     7233     2
     7234     2
     7235     2
     7236     2
     7237     2
     7238     2
     7239     2
     7240     2
     7241     2
     7242     2
     7243     2
     7244     2
     7245     2
     7246     2
     7247     2
     7248     2
     7249     2
     7250     2
     7251     2
     7252     2
     7253     2
     7254     2
     7255     2
     7256     2
     7257     2
     7258     2
     7259     2
     7260     2
     7261     2
     7262     2
     7263     2
     7264     2
     7265     2
     7266     2
     7267     2
     7268     2
     7269     2
     7270     2
     7271     2
     7272     2
     7273     2
     7274     2
     7275     2
     7276     2
     7277     2
     7278     2
     7279     2
     7280     2
     7281     2
     7282     2
     7283     2
     7284     2
     7285     2
     7286     2
     7287     2
     7288     2
     7289     2
     7290     2
     7291     2
     7292     2
     7293     2
     7294     2
     7295     2
     7296     2
     7297     2
     7298     2
     7299     2
     7300     2
     7301     2
     7302     2
     7303     2
     7304     2
     7305     2
     7306     2
     7307     2
     7308     2
     7309     2
     7310     2
     7311     2
     7312     2
     7313     2
     7314     2
     7315     2
     7316     2
     7317     2
     7318     2
     7319     2
     7320     2
     7321     2
     7322     2
     7323     2
     7324     2
     7325     2
     7326     2
     7327     2
     7328     2
     7329     2
     7330     2
     7331     2
     7332     2
     7333     2
     7334     2
     7335     2
     7336     2
     7337     2
     7338     2
     7339     2
     7340     2
     7341     2
     7342     2
     7343     2
     7344     2
     7345     2
     7346     2
     7347     2
     7348     2
     7349     2
     7350     2
     7351     2
     7352     2
     7353     2
     7354     2
     7355     2
     7356     2
     7357     2
     7358     2
     7359     2
     7360     2
     7361     2
     7362     2
     7363     2
     7364     2
     7365     2
     7366     2
     7367     2
     7368     2
     7369     2
     7370     2
     7371     2
     7372     2
     7373     2
     7374     2
     7375     2
     7376     2
     7377     2
     7378     2
     7379     2
     7380     2
     7381     2
     7382     2
     7383     2
     7384     2
     7385     2
     7386     2
     7387     2
     7388     2
     7389     2
     7390     2
     7391     2
     7392     2
     7393     2
     7394     2
     7395     2
     7396     2
     7397     2
     7398     2
     7399     2
     7400     2
     7401     2
     7402     2
     7403     2
     7404     2
     7405     2
     7406     2
     7407     2
     7408     2
     7409     2
     7410     2
     7411     2
     7412     2
     7413     2
     7414     2
     7415     2
     7416     2
     7417     2
     7418     2
     7419     2
     7420     2
     7421     2
     7422     2
     7423     2
     7424     2
     7425     2
     7426     2
     7427     2
     7428     2
     7429     2
     7430     2
     7431     2
     7432     2
     7433     2
     7434     2
     7435     2
     7436     2
     7437     2
     7438     2
     7439     2
     7440     2
     7441     2
     7442     2
     7443     2
     7444     2
     7445     2
     7446     2
     7447     2
     7448     2
     7449     2
     7450     2
     7451     2
     7452     2
     7453     2
     7454     2
     7455     2
     7456     2
     7457     2
     7458     2
     7459     2
     7460     2
     7461     2
     7462     2
     7463     2
     7464     2
     7465     2
     7466     2
     7467     2
     7468     2
     7469     2
     7470     2
     7471     2
     7472     2
     7473     2
     7474     2
     7475     2
     7476     2
     7477     2
     7478     2
     7479     2
     7480     2
     7481     2
     7482     2
     7483     2
     7484     2
     7485     2
     7486     2
     7487     2
     7488     2
     7489     2
     7490     2
     7491     2
     7492     2
     7493     2
     7494     2
     7495     2
     7496     2
     7497     2
     7498     2
     7499     2
     7500     2
     7501     2
     7502     2
     7503     2
     7504     2
     7505     2
     7506     2
     7507     2
     7508     2
     7509     2
     7510     2
     7511     2
     7512     2
     7513     2
     7514     2
     7515     2
     7516     2
     7517     2
     7518     2
     7519     2
     7520     2
     7521     2
     7522     2
     7523     2
     7524     2
     7525     2
     7526     2
     7527     2
     7528     2
     7529     2
     7530     2
     7531     2
     7532     2
     7533     2
     7534     2
     7535     2
     7536     2
     7537     2
     7538     2
     7539     2
     7540     2
     7541     2
     7542     2
     7543     2
     7544     2
     7545     2
     7546     2
     7547     2
     7548     2
     7549     2
     7550     2
     7551     2
     7552     2
     7553     2
     7554     2
     7555     2
     7556     2
     7557     2
     7558     2
     7559     2
     7560     2
     7561     2
     7562     2
     7563     2
     7564     2
     7565     2
     7566     2
     7567     2
     7568     2
     7569     2
     7570     2
     7571     2
     7572     2
     7573     2
     7574     2
     7575     2
     7576     2
     7577     2
     7578     2
     7579     2
     7580     2
     7581     2
     7582     2
     7583     2
     7584     2
     7585     2
     7586     2
     7587     2
     7588     2
     7589     2
     7590     2
     7591     2
     7592     2
     7593     2
     7594     2
     7595     2
     7596     2
     7597     2
     7598     2
     7599     2
     7600     2
     7601     2
     7602     2
     7603     2
     7604     2
     7605     2
     7606     2
     7607     2
     7608     2
     7609     2
     7610     2
     7611     2
     7612     2
     7613     2
     7614     2
     7615     2
     7616     2
     7617     2
     7618     2
     7619     2
     7620     2
     7621     2
     7622     2
     7623     2
     7624     2
     7625     2
     7626     2
     7627     2
     7628     2
     7629     2
     7630     2
     7631     2
     7632     2
     7633     2
     7634     2
     7635     2
     7636     2
     7637     2
     7638     2
     7639     2
     7640     2
     7641     2
     7642     2
     7643     2
     7644     2
     7645     2
     7646     2
     7647     2
     7648     2
     7649     2
     7650     2
     7651     2
     7652     2
     7653     2
     7654     2
     7655     2
     7656     2
     7657     2
     7658     2
     7659     2
     7660     2
     7661     2
     7662     2
     7663     2
     7664     2
     7665     2
     7666     2
     7667     2
     7668     2
     7669     2
     7670     2
     7671     2
     7672     2
     7673     2
     7674     2
     7675     2
     7676     2
     7677     2
     7678     2
     7679     2
     7680     2
     7681     2
     7682     2
     7683     2
     7684     2
     7685     2
     7686     2
     7687     2
     7688     2
     7689     2
     7690     2
     7691     2
     7692     2
     7693     2
     7694     2
     7695     2
     7696     2
     7697     2
     7698     2
     7699     2
     7700     2
     7701     2
     7702     2
     7703     2
     7704     2
     7705     2
     7706     2
     7707     2
     7708     2
     7709     2
     7710     2
     7711     2
     7712     2
     7713     2
     7714     2
     7715     2
     7716     2
     7717     2
     7718     2
     7719     2
     7720     2
     7721     2
     7722     2
     7723     2
     7724     2
     7725     2
     7726     2
     7727     2
     7728     2
     7729     2
     7730     2
     7731     2
     7732     2
     7733     2
     7734     2
     7735     2
     7736     2
     7737     2
     7738     2
     7739     2
     7740     2
     7741     2
     7742     2
     7743     2
     7744     2
     7745     2
     7746     2
     7747     2
     7748     2
     7749     2
     7750     2
     7751     2
     7752     2
     7753     2
     7754     2
     7755     2
     7756     2
     7757     2
     7758     2
     7759     2
     7760     2
     7761     2
     7762     2
     7763     2
     7764     2
     7765     2
     7766     2
     7767     2
     7768     2
     7769     2
     7770     2
     7771     2
     7772     2
     7773     2
     7774     2
     7775     2
     7776     2
     7777     2
     7778     2
     7779     2
     7780     2
     7781     2
     7782     2
     7783     2
     7784     2
     7785     2
     7786     2
     7787     2
     7788     2
     7789     2
     7790     2
     7791     2
     7792     2
     7793     2
     7794     2
     7795     2
     7796     2
     7797     2
     7798     2
     7799     2
     7800     2
     7801     2
     7802     2
     7803     2
     7804     2
     7805     2
     7806     2
     7807     2
     7808     2
     7809     2
     7810     2
     7811     2
     7812     2
     7813     2
     7814     2
     7815     2
     7816     2
     7817     2
     7818     2
     7819     2
     7820     2
     7821     2
     7822     2
     7823     2
     7824     2
     7825     2
     7826     2
     7827     2
     7828     2
     7829     2
     7830     2
     7831     2
     7832     2
     7833     2
     7834     2
     7835     2
     7836     2
     7837     2
     7838     2
     7839     2
     7840     2
     7841     2
     7842     2
     7843     2
     7844     2
     7845     2
     7846     2
     7847     2
     7848     2
     7849     2
     7850     2
     7851     2
     7852     2
     7853     2
     7854     2
     7855     2
     7856     2
     7857     2
     7858     2
     7859     2
     7860     2
     7861     2
     7862     2
     7863     2
     7864     2
     7865     2
     7866     2
     7867     2
     7868     2
     7869     2
     7870     2
     7871     2
     7872     2
     7873     2
     7874     2
     7875     2
     7876     2
     7877     2
     7878     2
     7879     2
     7880     2
     7881     2
     7882     2
     7883     2
     7884     2
     7885     2
     7886     2
     7887     2
     7888     2
     7889     2
     7890     2
     7891     2
     7892     2
     7893     2
     7894     2
     7895     2
     7896     2
     7897     2
     7898     2
     7899     2
     7900     2
     7901     2
     7902     2
     7903     2
     7904     2
     7905     2
     7906     2
     7907     2
     7908     2
     7909     2
     7910     2
     7911     2
     7912     2
     7913     2
     7914     2
     7915     2
     7916     2
     7917     2
     7918     2
     7919     2
     7920     2
     7921     2
     7922     2
     7923     2
     7924     2
     7925     2
     7926     2
     7927     2
     7928     2
     7929     2
     7930     2
     7931     2
     7932     2
     7933     2
     7934     2
     7935     2
     7936     2
     7937     2
     7938     2
     7939     2
     7940     2
     7941     2
     7942     2
     7943     2
     7944     2
     7945     2
     7946     2
     7947     2
     7948     2
     7949     2
     7950     2
     7951     2
     7952     2
     7953     2
     7954     2
     7955     2
     7956     2
     7957     2
     7958     2
     7959     2
     7960     2
     7961     2
     7962     2
     7963     2
     7964     2
     7965     2
     7966     2
     7967     2
     7968     2
     7969     2
     7970     2
     7971     2
     7972     2
     7973     2
     7974     2
     7975     2
     7976     2
     7977     2
     7978     2
     7979     2
     7980     2
     7981     2
     7982     2
     7983     2
     7984     2
     7985     2
     7986     2
     7987     2
     7988     2
     7989     2
     7990     2
     7991     2
     7992     2
     7993     2
     7994     2
     7995     2
     7996     2
     7997     2
     7998     2
     7999     2
     8000     2
     8001     2
     8002     2
     8003     2
     8004     2
     8005     2
     8006     2
     8007     2
     8008     2
     8009     2
     8010     2
     8011     2
     8012     2
     8013     2
     8014     2
     8015     2
     8016     2
     8017     2
     8018     2
     8019     2
     8020     2
     8021     2
     8022     2
     8023     2
     8024     2
     8025     2
     8026     2
     8027     2
     8028     2
     8029     2
     8030     2
     8031     2
     8032     2
     8033     2
     8034     2
     8035     2
     8036     2
     8037     2
     8038     2
     8039     2
     8040     2
     8041     2
     8042     2
     8043     2
     8044     2
     8045     2
     8046     2
     8047     2
     8048     2
     8049     2
     8050     2
     8051     2
     8052     2
     8053     2
     8054     2
     8055     2
     8056     2
     8057     2
     8058     2
     8059     2
     8060     2
     8061     2
     8062     2
     8063     2
     8064     2
     8065     2
     8066     2
     8067     2
     8068     2
     8069     2
     8070     2
     8071     2
     8072     2
     8073     2
     8074     2
     8075     2
     8076     2
     8077     2
     8078     2
     8079     2
     8080     2
     8081     2
     8082     2
     8083     2
     8084     2
     8085     2
     8086     2
     8087     2
     8088     2
     8089     2
     8090     2
     8091     2
     8092     2
     8093     2
     8094     2
     8095     2
     8096     2
     8097     2
     8098     2
     8099     2
     8100     2
     8101     2
     8102     2
     8103     2
     8104     2
     8105     2
     8106     2
     8107     2
     8108     2
     8109     2
     8110     2
     8111     2
     8112     2
     8113     2
     8114     2
     8115     2
     8116     2
     8117     2
     8118     2
     8119     2
     8120     2
     8121     2
     8122     2
     8123     2
     8124     2
     8125     2
     8126     2
     8127     2
     8128     2
     8129     2
     8130     2
     8131     2
     8132     2
     8133     2
     8134     2
     8135     2
     8136     2
     8137     2
     8138     2
     8139     2
     8140     2
     8141     2
     8142     2
     8143     2
     8144     2
     8145     2
     8146     2
     8147     2
     8148     2
     8149     2
     8150     2
     8151     2
     8152     2
     8153     2
     8154     2
     8155     2
     8156     2
     8157     2
     8158     2
     8159     2
     8160     2
     8161     2
     8162     2
     8163     2
     8164     2
     8165     2
     8166     2
     8167     2
     8168     2
     8169     2
     8170     2
     8171     2
     8172     2
     8173     2
     8174     2
     8175     2
     8176     2
     8177     2
     8178     2
     8179     2
     8180     2
     8181     2
     8182     2
     8183     2
     8184     2
     8185     2
     8186     2
     8187     2
     8188     2
     8189     2
     8190     2
     8191     2
     8192     2
     8193     2
     8194     2
     8195     2
     8196     2
     8197     2
     8198     2
     8199     2
     8200     2
     8201     2
     8202     2
     8203     2
     8204     2
     8205     2
     8206     2
     8207     2
     8208     2
     8209     2
     8210     2
     8211     2
     8212     2
     8213     2
     8214     2
     8215     2
     8216     2
     8217     2
     8218     2
     8219     2
     8220     2
     8221     2
     8222     2
     8223     2
     8224     2
     8225     2
     8226     2
     8227     2
     8228     2
     8229     2
     8230     2
     8231     2
     8232     2
     8233     2
     8234     2
     8235     2
     8236     2
     8237     2
     8238     2
     8239     2
     8240     2
     8241     2
     8242     2
     8243     2
     8244     2
     8245     2
     8246     2
     8247     2
     8248     2
     8249     2
     8250     2
     8251     2
     8252     2
     8253     2
     8254     2
     8255     2
     8256     2
     8257     2
     8258     2
     8259     2
     8260     2
     8261     2
     8262     2
     8263     2
     8264     2
     8265     2
     8266     2
     8267     2
     8268     2
     8269     2
     8270     2
     8271     2
     8272     2
     8273     2
     8274     2
     8275     2
     8276     2
     8277     2
     8278     2
     8279     2
     8280     2
     8281     2
     8282     2
     8283     2
     8284     2
     8285     2
     8286     2
     8287     2
     8288     2
     8289     2
     8290     2
     8291     2
     8292     2
     8293     2
     8294     2
     8295     2
     8296     2
     8297     2
     8298     2
     8299     2
     8300     2
     8301     2
     8302     2
     8303     2
     8304     2
     8305     2
     8306     2
     8307     2
     8308     2
     8309     2
     8310     2
     8311     2
     8312     2
     8313     2
     8314     2
     8315     2
     8316     2
     8317     2
     8318     2
     8319     2
     8320     2
     8321     2
     8322     2
     8323     2
     8324     2
     8325     2
     8326     2
     8327     2
     8328     2
     8329     2
     8330     2
     8331     2
     8332     2
     8333     2
     8334     2
     8335     2
     8336     2
     8337     2
     8338     2
     8339     2
     8340     2
     8341     2
     8342     2
     8343     2
     8344     2
     8345     2
     8346     2
     8347     2
     8348     2
     8349     2
     8350     2
     8351     2
     8352     2
     8353     2
     8354     2
     8355     2
     8356     2
     8357     2
     8358     2
     8359     2
     8360     2
     8361     2
     8362     2
     8363     2
     8364     2
     8365     2
     8366     2
     8367     2
     8368     2
     8369     2
     8370     2
     8371     2
     8372     2
     8373     2
     8374     2
     8375     2
     8376     2
     8377     2
     8378     2
     8379     2
     8380     2
     8381     2
     8382     2
     8383     2
     8384     2
     8385     2
     8386     2
     8387     2
     8388     2
     8389     2
     8390     2
     8391     2
     8392     2
     8393     2
     8394     2
     8395     2
     8396     2
     8397     2
     8398     2
     8399     2
     8400     2
     8401     2
     8402     2
     8403     2
     8404     2
     8405     2
     8406     2
     8407     2
     8408     2
     8409     2
     8410     2
     8411     2
     8412     2
     8413     2
     8414     2
     8415     2
     8416     2
     8417     2
     8418     2
     8419     2
     8420     2
     8421     2
     8422     2
     8423     2
     8424     2
     8425     2
     8426     2
     8427     2
     8428     2
     8429     2
     8430     2
     8431     2
     8432     2
     8433     2
     8434     2
     8435     2
     8436     2
     8437     2
     8438     2
     8439     2
     8440     2
     8441     2
     8442     2
     8443     2
     8444     2
     8445     2
     8446     2
     8447     2
     8448     2
     8449     2
     8450     2
     8451     2
     8452     2
     8453     2
     8454     2
     8455     2
     8456     2
     8457     2
     8458     2
     8459     2
     8460     2
     8461     2
     8462     2
     8463     2
     8464     2
     8465     2
     8466     2
     8467     2
     8468     2
     8469     2
     8470     2
     8471     2
     8472     2
     8473     2
     8474     2
     8475     2
     8476     2
     8477     2
     8478     2
     8479     2
     8480     2
     8481     2
     8482     2
     8483     2
     8484     2
     8485     2
     8486     2
     8487     2
     8488     2
     8489     2
     8490     2
     8491     2
     8492     2
     8493     2
     8494     2
     8495     2
     8496     2
     8497     2
     8498     2
     8499     2
     8500     2
     8501     2
     8502     2
     8503     2
     8504     2
     8505     2
     8506     2
     8507     2
     8508     2
     8509     2
     8510     2
     8511     2
     8512     2
     8513     2
     8514     2
     8515     2
     8516     2
     8517     2
     8518     2
     8519     2
     8520     2
     8521     2
     8522     2
     8523     2
     8524     2
     8525     2
     8526     2
     8527     2
     8528     2
     8529     2
     8530     2
     8531     2
     8532     2
     8533     2
     8534     2
     8535     2
     8536     2
     8537     2
     8538     2
     8539     2
     8540     2
     8541     2
     8542     2
     8543     2
     8544     2
     8545     2
     8546     2
     8547     2
     8548     2
     8549     2
     8550     2
     8551     2
     8552     2
     8553     2
     8554     2
     8555     2
     8556     2
     8557     2
     8558     2
     8559     2
     8560     2
     8561     2
     8562     2
     8563     2
     8564     2
     8565     2
     8566     2
     8567     2
     8568     2
     8569     2
     8570     2
     8571     2
     8572     2
     8573     2
     8574     2
     8575     2
     8576     2
     8577     2
     8578     2
     8579     2
     8580     2
     8581     2
     8582     2
     8583     2
     8584     2
     8585     2
     8586     2
     8587     2
     8588     2
     8589     2
     8590     2
     8591     2
     8592     2
     8593     2
     8594     2
     8595     2
     8596     2
     8597     2
     8598     2
     8599     2
     8600     2
     8601     2
     8602     2
     8603     2
     8604     2
     8605     2
     8606     2
     8607     2
     8608     2
     8609     2
     8610     2
     8611     2
     8612     2
     8613     2
     8614     2
     8615     2
     8616     2
     8617     2
     8618     2
     8619     2
     8620     2
     8621     2
     8622     2
     8623     2
     8624     2
     8625     2
     8626     2
     8627     2
     8628     2
     8629     2
     8630     2
     8631     2
     8632     2
     8633     2
     8634     2
     8635     2
     8636     2
     8637     2
     8638     2
     8639     2
     8640     2
     8641     2
     8642     2
     8643     2
     8644     2
     8645     2
     8646     2
     8647     2
     8648     2
     8649     2
     8650     2
     8651     2
     8652     2
     8653     2
     8654     2
     8655     2
     8656     2
     8657     2
     8658     2
     8659     2
     8660     2
     8661     2
     8662     2
     8663     2
     8664     2
     8665     2
     8666     2
     8667     2
     8668     2
     8669     2
     8670     2
     8671     2
     8672     2
     8673     2
     8674     2
     8675     2
     8676     2
     8677     2
     8678     2
     8679     2
     8680     2
     8681     2
     8682     2
     8683     2
     8684     2
     8685     2
     8686     2
     8687     2
     8688     2
     8689     2
     8690     2
     8691     2
     8692     2
     8693     2
     8694     2
     8695     2
     8696     2
     8697     2
     8698     2
     8699     2
     8700     2
     8701     2
     8702     2
     8703     2
     8704     2
     8705     2
     8706     2
     8707     2
     8708     2
     8709     2
     8710     2
     8711     2
     8712     2
     8713     2
     8714     2
     8715     2
     8716     2
     8717     2
     8718     2
     8719     2
     8720     2
     8721     2
     8722     2
     8723     2
     8724     2
     8725     2
     8726     2
     8727     2
     8728     2
     8729     2
     8730     2
     8731     2
     8732     2
     8733     2
     8734     2
     8735     2
     8736     2
     8737     2
     8738     2
     8739     2
     8740     2
     8741     2
     8742     2
     8743     2
     8744     2
     8745     2
     8746     2
     8747     2
     8748     2
     8749     2
     8750     2
     8751     2
     8752     2
     8753     2
     8754     2
     8755     2
     8756     2
     8757     2
     8758     2
     8759     2
     8760     2
     8761     2
     8762     2
     8763     2
     8764     2
     8765     2
     8766     2
     8767     2
     8768     2
     8769     2
     8770     2
     8771     2
     8772     2
     8773     2
     8774     2
     8775     2
     8776     2
     8777     2
     8778     2
     8779     2
     8780     2
     8781     2
     8782     2
     8783     2
     8784     2
     8785     2
     8786     2
     8787     2
     8788     2
     8789     2
     8790     2
     8791     2
     8792     2
     8793     2
     8794     2
     8795     2
     8796     2
     8797     2
     8798     2
     8799     2
     8800     2
     8801     2
     8802     2
     8803     2
     8804     2
     8805     2
     8806     2
     8807     2
     8808     2
     8809     2
     8810     2
     8811     2
     8812     2
     8813     2
     8814     2
     8815     2
     8816     2
     8817     2
     8818     2
     8819     2
     8820     2
     8821     2
     8822     2
     8823     2
     8824     2
     8825     2
     8826     2
     8827     2
     8828     2
     8829     2
     8830     2
     8831     2
     8832     2
     8833     2
     8834     2
     8835     2
     8836     2
     8837     2
     8838     2
     8839     2
     8840     2
     8841     2
     8842     2
     8843     2
     8844     2
     8845     2
     8846     2
     8847     2
     8848     2
     8849     2
     8850     2
     8851     2
     8852     2
     8853     2
     8854     2
     8855     2
     8856     2
     8857     2
     8858     2
     8859     2
     8860     2
     8861     2
     8862     2
     8863     2
     8864     2
     8865     2
     8866     2
     8867     2
     8868     2
     8869     2
     8870     2
     8871     2
     8872     2
     8873     2
     8874     2
     8875     2
     8876     2
     8877     2
     8878     2
     8879     2
     8880     2
     8881     2
     8882     2
     8883     2
     8884     2
     8885     2
     8886     2
     8887     2
     8888     2
     8889     2
     8890     2
     8891     2
     8892     2
     8893     2
     8894     2
     8895     2
     8896     2
     8897     2
     8898     2
     8899     2
     8900     2
     8901     2
     8902     2
     8903     2
     8904     2
     8905     2
     8906     2
     8907     2
     8908     2
     8909     2
     8910     2
     8911     2
     8912     2
     8913     2
     8914     2
     8915     2
     8916     2
     8917     2
     8918     2
     8919     2
     8920     2
     8921     2
     8922     2
     8923     2
     8924     2
     8925     2
     8926     2
     8927     2
     8928     2
     8929     2
     8930     2
     8931     2
     8932     2
     8933     2
     8934     2
     8935     2
     8936     2
     8937     2
     8938     2
     8939     2
     8940     2
     8941     2
     8942     2
     8943     2
     8944     2
     8945     2
     8946     2
     8947     2
     8948     2
     8949     2
     8950     2
     8951     2
     8952     2
     8953     2
     8954     2
     8955     2
     8956     2
     8957     2
     8958     2
     8959     2
     8960     2
     8961     2
     8962     2
     8963     2
     8964     2
     8965     2
     8966     2
     8967     2
     8968     2
     8969     2
     8970     2
     8971     2
     8972     2
     8973     2
     8974     2
     8975     2
     8976     2
     8977     2
     8978     2
     8979     2
     8980     2
     8981     2
     8982     2
     8983     2
     8984     2
     8985     2
     8986     2
     8987     2
     8988     2
     8989     2
     8990     2
     8991     2
     8992     2
     8993     2
     8994     2
     8995     2
     8996     2
     8997     2
     8998     2
     8999     2
     9000     2
     9001     2
     9002     2
     9003     2
     9004     2
     9005     2
     9006     2
     9007     2
     9008     2
     9009     2
     9010     2
     9011     2
     9012     2
     9013     2
     9014     2
     9015     2
     9016     2
     9017     2
     9018     2
     9019     2
     9020     2
     9021     2
     9022     2
     9023     2
     9024     2
     9025     2
     9026     2
     9027     2
     9028     2
     9029     2
     9030     2
     9031     2
     9032     2
     9033     2
     9034     2
     9035     2
     9036     2
     9037     2
     9038     2
     9039     2
     9040     2
     9041     2
     9042     2
     9043     2
     9044     2
     9045     2
     9046     2
     9047     2
     9048     2
     9049     2
     9050     2
     9051     2
     9052     2
     9053     2
     9054     2
     9055     2
     9056     2
     9057     2
     9058     2
     9059     2
     9060     2
     9061     2
     9062     2
     9063     2
     9064     2
     9065     2
     9066     2
     9067     2
     9068     2
     9069     2
     9070     2
     9071     2
     9072     2
     9073     2
     9074     2
     9075     2
     9076     2
     9077     2
     9078     2
     9079     2
     9080     2
     9081     2
     9082     2
     9083     2
     9084     2
     9085     2
     9086     2
     9087     2
     9088     2
     9089     2
     9090     2
     9091     2
     9092     2
     9093     2
     9094     2
     9095     2
     9096     2
     9097     2
     9098     2
     9099     2
     9100     2
     9101     2
     9102     2
     9103     2
     9104     2
     9105     2
     9106     2
     9107     2
     9108     2
     9109     2
     9110     2
     9111     2
     9112     2
     9113     2
     9114     2
     9115     2
     9116     2
     9117     2
     9118     2
     9119     2
     9120     2
     9121     2
     9122     2
     9123     2
     9124     2
     9125     2
     9126     2
     9127     2
     9128     2
     9129     2
     9130     2
     9131     2
     9132     2
     9133     2
     9134     2
     9135     2
     9136     2
     9137     2
     9138     2
     9139     2
     9140     2
     9141     2
     9142     2
     9143     2
     9144     2
     9145     2
     9146     2
     9147     2
     9148     2
     9149     2
     9150     2
     9151     2
     9152     2
     9153     2
     9154     2
     9155     2
     9156     2
     9157     2
     9158     2
     9159     2
     9160     2
     9161     2
     9162     2
     9163     2
     9164     2
     9165     2
     9166     2
     9167     2
     9168     2
     9169     2
     9170     2
     9171     2
     9172     2
     9173     2
     9174     2
     9175     2
     9176     2
     9177     2
     9178     2
     9179     2
     9180     2
     9181     2
     9182     2
     9183     2
     9184     2
     9185     2
     9186     2
     9187     2
     9188     2
     9189     2
     9190     2
     9191     2
     9192     2
     9193     2
     9194     2
     9195     2
     9196     2
     9197     2
     9198     2
     9199     2
     9200     2
     9201     2
     9202     2
     9203     2
     9204     2
     9205     2
     9206     2
     9207     2
     9208     2
     9209     2
     9210     2
     9211     2
     9212     2
     9213     2
     9214     2
     9215     2
     9216     2
     9217     2
     9218     2
     9219     2
     9220     2
     9221     2
     9222     2
     9223     2
     9224     2
     9225     2
     9226     2
     9227     2
     9228     2
     9229     2
     9230     2
     9231     2
     9232     2
     9233     2
     9234     2
     9235     2
     9236     2
     9237     2
     9238     2
     9239     2
     9240     2
     9241     2
     9242     2
     9243     2
     9244     2
     9245     2
     9246     2
     9247     2
     9248     2
     9249     2
     9250     2
     9251     2
     9252     2
     9253     2
     9254     2
     9255     2
     9256     2
     9257     2
     9258     2
     9259     2
     9260     2
     9261     2
     9262     2
     9263     2
     9264     2
     9265     2
     9266     2
     9267     2
     9268     2
     9269     2
     9270     2
     9271     2
     9272     2
     9273     2
     9274     2
     9275     2
     9276     2
     9277     2
     9278     2
     9279     2
     9280     2
     9281     2
     9282     2
     9283     2
     9284     2
     9285     2
     9286     2
     9287     2
     9288     2
     9289     2
     9290     2
     9291     2
     9292     2
     9293     2
     9294     2
     9295     2
     9296     2
     9297     2
     9298     2
     9299     2
     9300     2
     9301     2
     9302     2
     9303     2
     9304     2
     9305     2
     9306     2
     9307     2
     9308     2
     9309     2
     9310     2
     9311     2
     9312     2
     9313     2
     9314     2
     9315     2
     9316     2
     9317     2
     9318     2
     9319     2
     9320     2
     9321     2
     9322     2
     9323     2
     9324     2
     9325     2
     9326     2
     9327     2
     9328     2
     9329     2
     9330     2
     9331     2
     9332     2
     9333     2
     9334     2
     9335     2
     9336     2
     9337     2
     9338     2
     9339     2
     9340     2
     9341     2
     9342     2
     9343     2
     9344     2
     9345     2
     9346     2
     9347     2
     9348     2
     9349     2
     9350     2
     9351     2
     9352     2
     9353     2
     9354     2
     9355     2
     9356     2
     9357     2
     9358     2
     9359     2
     9360     2
     9361     2
     9362     2
     9363     2
     9364     2
     9365     2
     9366     2
     9367     2
     9368     2
     9369     2
     9370     2
     9371     2
     9372     2
     9373     2
     9374     2
     9375     2
     9376     2
     9377     2
     9378     2
     9379     2
     9380     2
     9381     2
     9382     2
     9383     2
     9384     2
     9385     2
     9386     2
     9387     2
     9388     2
     9389     2
     9390     2
     9391     2
     9392     2
     9393     2
     9394     2
     9395     2
     9396     2
     9397     2
     9398     2
     9399     2
     9400     2
     9401     2
     9402     2
     9403     2
     9404     2
     9405     2
     9406     2
     9407     2
     9408     2
     9409     2
     9410     2
     9411     2
     9412     2
     9413     2
     9414     2
     9415     2
     9416     2
     9417     2
     9418     2
     9419     2
     9420     2
     9421     2
     9422     2
     9423     2
     9424     2
     9425     2
     9426     2
     9427     2
     9428     2
     9429     2
     9430     2
     9431     2
     9432     2
     9433     2
     9434     2
     9435     2
     9436     2
     9437     2
     9438     2
     9439     2
     9440     2
     9441     2
     9442     2
     9443     2
     9444     2
     9445     2
     9446     2
     9447     2
     9448     2
     9449     2
     9450     2
     9451     2
     9452     2
     9453     2
     9454     2
     9455     2
     9456     2
     9457     2
     9458     2
     9459     2
     9460     2
     9461     2
     9462     2
     9463     2
     9464     2
     9465     2
     9466     2
     9467     2
     9468     2
     9469     2
     9470     2
     9471     2
     9472     2
     9473     2
     9474     2
     9475     2
     9476     2
     9477     2
     9478     2
     9479     2
     9480     2
     9481     2
     9482     2
     9483     2
     9484     2
     9485     2
     9486     2
     9487     2
     9488     2
     9489     2
     9490     2
     9491     2
     9492     2
     9493     2
     9494     2
     9495     2
     9496     2
     9497     2
     9498     2
     9499     2
     9500     2
     9501     2
     9502     2
     9503     2
     9504     2
     9505     2
     9506     2
     9507     2
     9508     2
     9509     2
     9510     2
     9511     2
     9512     2
     9513     2
     9514     2
     9515     2
     9516     2
     9517     2
     9518     2
     9519     2
     9520     2
     9521     2
     9522     2
     9523     2
     9524     2
     9525     2
     9526     2
     9527     2
     9528     2
     9529     2
     9530     2
     9531     2
     9532     2
     9533     2
     9534     2
     9535     2
     9536     2
     9537     2
     9538     2
     9539     2
     9540     2
     9541     2
     9542     2
     9543     2
     9544     2
     9545     2
     9546     2
     9547     2
     9548     2
     9549     2
     9550     2
     9551     2
     9552     2
     9553     2
     9554     2
     9555     2
     9556     2
     9557     2
     9558     2
     9559     2
     9560     2
     9561     2
     9562     2
     9563     2
     9564     2
     9565     2
     9566     2
     9567     2
     9568     2
     9569     2
     9570     2
     9571     2
     9572     2
     9573     2
     9574     2
     9575     2
     9576     2
     9577     2
     9578     2
     9579     2
     9580     2
     9581     2
     9582     2
     9583     2
     9584     2
     9585     2
     9586     2
     9587     2
     9588     2
     9589     2
     9590     2
     9591     2
     9592     2
     9593     2
     9594     2
     9595     2
     9596     2
     9597     2
     9598     2
     9599     2
     9600     2
     9601     2
     9602     2
     9603     2
     9604     2
     9605     2
     9606     2
     9607     2
     9608     2
     9609     2
     9610     2
     9611     2
     9612     2
     9613     2
     9614     2
     9615     2
     9616     2
     9617     2
     9618     2
     9619     2
     9620     2
     9621     2
     9622     2
     9623     2
     9624     2
     9625     2
     9626     2
     9627     2
     9628     2
     9629     2
     9630     2
     9631     2
     9632     2
     9633     2
     9634     2
     9635     2
     9636     2
     9637     2
     9638     2
     9639     2
     9640     2
     9641     2
     9642     2
     9643     2
     9644     2
     9645     2
     9646     2
     9647     2
     9648     2
     9649     2
     9650     2
     9651     2
     9652     2
     9653     2
     9654     2
     9655     2
     9656     2
     9657     2
     9658     2
     9659     2
     9660     2
     9661     2
     9662     2
     9663     2
     9664     2
     9665     2
     9666     2
     9667     2
     9668     2
     9669     2
     9670     2
     9671     2
     9672     2
     9673     2
     9674     2
     9675     2
     9676     2
     9677     2
     9678     2
     9679     2
     9680     2
     9681     2
     9682     2
     9683     2
     9684     2
     9685     2
     9686     2
     9687     2
     9688     2
     9689     2
     9690     2
     9691     2
     9692     2
     9693     2
     9694     2
     9695     2
     9696     2
     9697     2
     9698     2
     9699     2
     9700     2
     9701     2
     9702     2
     9703     2
     9704     2
     9705     2
     9706     2
     9707     2
     9708     2
     9709     2
     9710     2
     9711     2
     9712     2
     9713     2
     9714     2
     9715     2
     9716     2
     9717     2
     9718     2
     9719     2
     9720     2
     9721     2
     9722     2
     9723     2
     9724     2
     9725     2
     9726     2
     9727     2
     9728     2
     9729     2
     9730     2
     9731     2
     9732     2
     9733     2
     9734     2
     9735     2
     9736     2
     9737     2
     9738     2
     9739     2
     9740     2
     9741     2
     9742     2
     9743     2
     9744     2
     9745     2
     9746     2
     9747     2
     9748     2
     9749     2
     9750     2
     9751     2
     9752     2
     9753     2
     9754     2
     9755     2
     9756     2
     9757     2
     9758     2
     9759     2
     9760     2
     9761     2
     9762     2
     9763     2
     9764     2
     9765     2
     9766     2
     9767     2
     9768     2
     9769     2
     9770     2
     9771     2
     9772     2
     9773     2
     9774     2
     9775     2
     9776     2
     9777     2
     9778     2
     9779     2
     9780     2
     9781     2
     9782     2
     9783     2
     9784     2
     9785     2
     9786     2
     9787     2
     9788     2
     9789     2
     9790     2
     9791     2
     9792     2
     9793     2
     9794     2
     9795     2
     9796     2
     9797     2
     9798     2
     9799     2
     9800     2
     9801     2
     9802     2
     9803     2
     9804     2
     9805     2
     9806     2
     9807     2
     9808     2
     9809     2
     9810     2
     9811     2
     9812     2
     9813     2
     9814     2
     9815     2
     9816     2
     9817     2
     9818     2
     9819     2
     9820     2
     9821     2
     9822     2
     9823     2
     9824     2
     9825     2
     9826     2
     9827     2
     9828     2
     9829     2
     9830     2
     9831     2
     9832     2
     9833     2
     9834     2
     9835     2
     9836     2
     9837     2
     9838     2
     9839     2
     9840     2
     9841     2
     9842     2
     9843     2
     9844     2
     9845     2
     9846     2
     9847     2
     9848     2
     9849     2
     9850     2
     9851     2
     9852     2
     9853     2
     9854     2
     9855     2
     9856     2
     9857     2
     9858     2
     9859     2
     9860     2
     9861     2
     9862     2
     9863     2
     9864     2
     9865     2
     9866     2
     9867     2
     9868     2
     9869     2
     9870     2
     9871     2
     9872     2
     9873     2
     9874     2
     9875     2
     9876     2
     9877     2
     9878     2
     9879     2
     9880     2
     9881     2
     9882     2
     9883     2
     9884     2
     9885     2
     9886     2
     9887     2
     9888     2
     9889     2
     9890     2
     9891     2
     9892     2
     9893     2
     9894     2
     9895     2
     9896     2
     9897     2
     9898     2
     9899     2
     9900     2
     9901     2
     9902     2
     9903     2
     9904     2
     9905     2
     9906     2
     9907     2
     9908     2
     9909     2
     9910     2
     9911     2
     9912     2
     9913     2
     9914     2
     9915     2
     9916     2
     9917     2
     9918     2
     9919     2
     9920     2
     9921     3
     9922     3
     9923     3
     9924     3
     9925     3
     9926     3
     9927     3
     9928     3
     9929     3
     9930     3
     9931     3
     9932     3
     9933     3
     9934     3
     9935     3
     9936     3
     9937     3
     9938     3
     9939     3
     9940     3
     9941     3
     9942     3
     9943     3
     9944     3
     9945     3
     9946     3
     9947     3
     9948     3
     9949     3
     9950     3
     9951     3
     9952     3
     9953     3
     9954     3
     9955     3
     9956     3
     9957     3
     9958     3
     9959     3
     9960     3
     9961     3
     9962     3
     9963     3
     9964     3
     9965     3
     9966     3
     9967     3
     9968     3
     9969     3
     9970     3
     9971     3
     9972     3
     9973     3
     9974     3
     9975     3
     9976     3
     9977     3
     9978     3
     9979     3
     9980     3
     9981     3
     9982     3
     9983     3
     9984     3
     9985     3
     9986     3
     9987     3
     9988     3
     9989     3
     9990     3
     9991     3
     9992     3
     9993     3
     9994     3
     9995     3
     9996     3
     9997     3
     9998     3
     9999     3
     10000     3
     10001     3
     10002     3
     10003     3
     10004     3
     10005     3
     10006     3
     10007     3
     10008     3
     10009     3
     10010     3
     10011     3
     10012     3
     10013     3
     10014     3
     10015     3
     10016     3
     10017     3
     10018     3
     10019     3
     10020     3
     10021     3
     10022     3
     10023     3
     10024     3
     10025     3
     10026     3
     10027     3
     10028     3
     10029     3
     10030     3
     10031     3
     10032     3
     10033     3
     10034     3
     10035     3
     10036     3
     10037     3
     10038     3
     10039     3
     10040     3
     10041     3
     10042     3
     10043     3
     10044     3
     10045     3
     10046     3
     10047     3
     10048     3
     10049     3
     10050     3
     10051     3
     10052     3
     10053     3
     10054     3
     10055     3
     10056     3
     10057     3
     10058     3
     10059     3
     10060     3
     10061     3
     10062     3
     10063     3
     10064     3
     10065     3
     10066     3
     10067     3
     10068     3
     10069     3
     10070     3
     10071     3
     10072     3
     10073     3
     10074     3
     10075     3
     10076     3
     10077     3
     10078     3
     10079     3
     10080     3
     10081     3
     10082     3
     10083     3
     10084     3
     10085     3
     10086     3
     10087     3
     10088     3
     10089     3
     10090     3
     10091     3
     10092     3
     10093     3
     10094     3
     10095     3
     10096     3
     10097     3
     10098     3
     10099     3
     10100     3
     10101     3
     10102     3
     10103     3
     10104     3
     10105     3
     10106     3
     10107     3
     10108     3
     10109     3
     10110     3
     10111     3
     10112     3
     10113     3
     10114     3
     10115     3
     10116     3
     10117     3
     10118     3
     10119     3
  END_MATERIALS 
  SUBDOMAINS
  END_SUBDOMAINS
  CHARACTERISTICS
  END_CHARACTERISTICS
