  NODES_PER_ELEMENT
   1 3
   2 3
   3 3
   4 3
   5 3
   6 3
   7 3
   8 3
   9 3
   10 3
   11 3
   12 3
   13 3
   14 3
   15 3
   16 3
   17 3
   18 3
   19 3
   20 3
   21 3
   22 3
   23 3
   24 3
   25 3
   26 3
   27 3
   28 3
   29 3
   30 3
   31 3
   32 3
   33 3
   34 3
   35 3
   36 3
   37 3
   38 3
   39 3
   40 3
   41 3
   42 3
   43 3
   44 3
   45 3
   46 3
   47 3
   48 3
   49 3
   50 3
   51 3
   52 3
   53 3
   54 3
   55 3
   56 3
   57 3
   58 3
   59 3
   60 3
   61 3
   62 3
   63 3
   64 3
   65 3
   66 3
   67 3
   68 3
   69 3
   70 3
   71 3
   72 3
   73 3
   74 3
   75 3
   76 3
   77 3
   78 3
   79 3
   80 3
   81 3
   82 3
   83 3
   84 3
   85 3
   86 3
   87 3
   88 3
   89 3
   90 3
   91 3
   92 3
   93 3
   94 3
   95 3
   96 3
   97 3
   98 3
   99 3
   100 3
   101 3
   102 3
   103 3
   104 3
   105 3
   106 3
   107 3
   108 3
   109 3
   110 3
   111 3
   112 3
   113 3
   114 3
   115 3
   116 3
   117 3
   118 3
   119 3
   120 3
   121 3
   122 3
   123 3
   124 3
   125 3
   126 3
   127 3
   128 3
   129 3
   130 3
   131 3
   132 3
   133 3
   134 3
   135 3
   136 3
   137 3
   138 3
   139 3
   140 3
   141 3
   142 3
   143 3
   144 3
   145 3
   146 3
   147 3
   148 3
   149 3
   150 3
   151 3
   152 3
   153 3
   154 3
   155 3
   156 3
   157 3
   158 3
   159 3
   160 3
   161 3
   162 3
   163 3
   164 3
   165 3
   166 3
   167 3
   168 3
   169 3
   170 3
   171 3
   172 3
   173 3
   174 3
   175 3
   176 3
   177 3
   178 3
   179 3
   180 3
   181 3
   182 3
   183 3
   184 3
   185 3
   186 3
   187 3
   188 3
   189 3
   190 3
   191 3
   192 3
   193 3
   194 3
   195 3
   196 3
   197 3
   198 3
   199 3
   200 3
   201 3
   202 3
   203 3
   204 3
   205 3
   206 3
   207 3
   208 3
   209 3
   210 3
   211 3
   212 3
   213 3
   214 3
   215 3
   216 3
   217 3
   218 3
   219 3
   220 3
   221 3
   222 3
   223 3
   224 3
   225 3
   226 3
   227 3
   228 3
   229 3
   230 3
   231 3
   232 3
   233 3
   234 3
   235 3
   236 3
   237 3
   238 3
   239 3
   240 3
   241 3
   242 3
   243 3
   244 3
   245 3
   246 3
   247 3
   248 3
   249 3
   250 3
   251 3
   252 3
   253 3
   254 3
   255 3
   256 3
   257 3
   258 3
   259 3
   260 3
   261 3
   262 3
   263 3
   264 3
   265 3
   266 3
   267 3
   268 3
   269 3
   270 3
   271 3
   272 3
   273 3
   274 3
   275 3
   276 3
   277 3
   278 3
   279 3
   280 3
   281 3
   282 3
   283 3
   284 3
   285 3
   286 3
   287 3
   288 3
   289 3
   290 3
   291 3
   292 3
   293 3
   294 3
   295 3
   296 3
   297 3
   298 3
   299 3
   300 3
   301 3
   302 3
   303 3
   304 3
   305 3
   306 3
   307 3
   308 3
   309 3
   310 3
   311 3
   312 3
   313 3
   314 3
   315 3
   316 3
   317 3
   318 3
   319 3
   320 3
   321 3
   322 3
   323 3
   324 3
   325 3
   326 3
   327 3
   328 3
   329 3
   330 3
   331 3
   332 3
   333 3
   334 3
   335 3
   336 3
   337 3
   338 3
   339 3
   340 3
   341 3
   342 3
   343 3
   344 3
   345 3
   346 3
   347 3
   348 3
   349 3
   350 3
   351 3
   352 3
   353 3
   354 3
   355 3
   356 3
   357 3
   358 3
   359 3
   360 3
   361 3
   362 3
   363 3
   364 3
   365 3
   366 3
   367 3
   368 3
   369 3
   370 3
   371 3
   372 3
   373 3
   374 3
   375 3
   376 3
   377 3
   378 3
   379 3
   380 3
   381 3
   382 3
   383 3
   384 3
   385 3
   386 3
   387 3
   388 3
   389 3
   390 3
   391 3
   392 3
   393 3
   394 3
   395 3
   396 3
   397 3
   398 3
   399 3
   400 3
   401 3
   402 3
   403 3
   404 3
   405 3
   406 3
   407 3
   408 3
   409 3
   410 3
   411 3
   412 3
   413 3
   414 3
   415 3
   416 3
   417 3
   418 3
   419 3
   420 3
   421 3
   422 3
   423 3
   424 3
   425 3
   426 3
   427 3
   428 3
   429 3
   430 3
   431 3
   432 3
   433 3
   434 3
   435 3
   436 3
   437 3
   438 3
   439 3
   440 3
   441 3
   442 3
   443 3
   444 3
   445 3
   446 3
   447 3
   448 3
   449 3
   450 3
   451 3
   452 3
   453 3
   454 3
   455 3
   456 3
   457 3
   458 3
   459 3
   460 3
   461 3
   462 3
   463 3
   464 3
   465 3
   466 3
   467 3
   468 3
   469 3
   470 3
   471 3
   472 3
   473 3
   474 3
   475 3
   476 3
   477 3
   478 3
   479 3
   480 3
   481 3
   482 3
   483 3
   484 3
   485 3
   486 3
   487 3
   488 3
   489 3
   490 3
   491 3
   492 3
   493 3
   494 3
   495 3
   496 3
   497 3
   498 3
   499 3
   500 3
   501 3
   502 3
   503 3
   504 3
   505 3
   506 3
   507 3
   508 3
   509 3
   510 3
   511 3
   512 3
   513 3
   514 3
   515 3
   516 3
   517 3
   518 3
   519 3
   520 3
   521 3
   522 3
   523 3
   524 3
   525 3
   526 3
   527 3
   528 3
   529 3
   530 3
   531 3
   532 3
   533 3
   534 3
   535 3
   536 3
   537 3
   538 3
   539 3
   540 3
   541 3
   542 3
   543 3
   544 3
   545 3
   546 3
   547 3
   548 3
   549 3
   550 3
   551 3
   552 3
   553 3
   554 3
   555 3
   556 3
   557 3
   558 3
   559 3
   560 3
   561 3
   562 3
   563 3
   564 3
   565 3
   566 3
   567 3
   568 3
   569 3
   570 3
   571 3
   572 3
   573 3
   574 3
   575 3
   576 3
   577 3
   578 3
   579 3
   580 3
   581 3
   582 3
   583 3
   584 3
   585 3
   586 3
   587 3
   588 3
   589 3
   590 3
   591 3
   592 3
   593 3
   594 3
   595 3
   596 3
   597 3
   598 3
   599 3
   600 3
   601 3
   602 3
   603 3
   604 3
   605 3
   606 3
   607 3
   608 3
   609 3
   610 3
   611 3
   612 3
   613 3
   614 3
   615 3
   616 3
   617 3
   618 3
   619 3
   620 3
   621 3
   622 3
   623 3
   624 3
   625 3
   626 3
   627 3
   628 3
   629 3
   630 3
   631 3
   632 3
   633 3
   634 3
   635 3
   636 3
   637 3
   638 3
   639 3
   640 3
   641 3
   642 3
   643 3
   644 3
   645 3
   646 3
   647 3
   648 3
   649 3
   650 3
   651 3
   652 3
   653 3
   654 3
   655 3
   656 3
   657 3
   658 3
   659 3
   660 3
   661 3
   662 3
   663 3
   664 3
   665 3
   666 3
   667 3
   668 3
   669 3
   670 3
   671 3
   672 3
   673 3
   674 3
   675 3
   676 3
   677 3
   678 3
   679 3
   680 3
   681 3
   682 3
   683 3
   684 3
   685 3
   686 3
   687 3
   688 3
   689 3
   690 3
   691 3
   692 3
   693 3
   694 3
   695 3
   696 3
   697 3
   698 3
   699 3
   700 3
   701 3
   702 3
   703 3
   704 3
   705 3
   706 3
   707 3
   708 3
   709 3
   710 3
   711 3
   712 3
   713 3
   714 3
   715 3
   716 3
   717 3
   718 3
   719 3
   720 3
   721 3
   722 3
   723 3
   724 3
   725 3
   726 3
   727 3
   728 3
   729 3
   730 3
   731 3
   732 3
   733 3
   734 3
   735 3
   736 3
   737 3
   738 3
   739 3
   740 3
   741 3
   742 3
   743 3
   744 3
   745 3
   746 3
   747 3
   748 3
   749 3
   750 3
   751 3
   752 3
   753 3
   754 3
   755 3
   756 3
   757 3
   758 3
   759 3
   760 3
   761 3
   762 3
   763 3
   764 3
   765 3
   766 3
   767 3
   768 3
   769 3
   770 3
   771 3
   772 3
   773 3
   774 3
   775 3
   776 3
   777 3
   778 3
   779 3
   780 3
   781 3
   782 3
   783 3
   784 3
   785 3
   786 3
   787 3
   788 3
   789 3
   790 3
   791 3
   792 3
   793 3
   794 3
   795 3
   796 3
   797 3
   798 3
   799 3
   800 3
   801 3
   802 3
   803 3
   804 3
   805 3
   806 3
   807 3
   808 3
   809 3
   810 3
   811 3
   812 3
   813 3
   814 3
   815 3
   816 3
   817 3
   818 3
   819 3
   820 3
   821 3
   822 3
   823 3
   824 3
   825 3
   826 3
   827 3
   828 3
   829 3
   830 3
   831 3
   832 3
   833 3
   834 3
   835 3
   836 3
   837 3
   838 3
   839 3
   840 3
   841 3
   842 3
   843 3
   844 3
   845 3
   846 3
   847 3
   848 3
   849 3
   850 3
   851 3
   852 3
   853 3
   854 3
   855 3
   856 3
   857 3
   858 3
   859 3
   860 3
   861 3
   862 3
   863 3
   864 3
   865 3
   866 3
   867 3
   868 3
   869 3
   870 3
   871 3
   872 3
   873 3
   874 3
   875 3
   876 3
   877 3
   878 3
   879 3
   880 3
   881 3
   882 3
   883 3
   884 3
   885 3
   886 3
   887 3
   888 3
   889 3
   890 3
   891 3
   892 3
   893 3
   894 3
   895 3
   896 3
   897 3
   898 3
   899 3
   900 3
   901 3
   902 3
   903 3
   904 3
   905 3
   906 3
   907 3
   908 3
   909 3
   910 3
   911 3
   912 3
   913 3
   914 3
   915 3
   916 3
   917 3
   918 3
   919 3
   920 3
   921 3
   922 3
   923 3
   924 3
   925 3
   926 3
   927 3
   928 3
   929 3
   930 3
   931 3
   932 3
   933 3
   934 3
   935 3
   936 3
   937 3
   938 3
   939 3
   940 3
   941 3
   942 3
   943 3
   944 3
   945 3
   946 3
   947 3
   948 3
   949 3
   950 3
   951 3
   952 3
   953 3
   954 3
   955 3
   956 3
   957 3
   958 3
   959 3
   960 3
   961 3
   962 3
   963 3
   964 3
   965 3
   966 3
   967 3
   968 3
   969 3
   970 3
   971 3
   972 3
   973 3
   974 3
   975 3
   976 3
   977 3
   978 3
   979 3
   980 3
   981 3
   982 3
   983 3
   984 3
   985 3
   986 3
   987 3
   988 3
   989 3
   990 3
   991 3
   992 3
   993 3
   994 3
   995 3
   996 3
   997 3
   998 3
   999 3
   1000 3
   1001 3
   1002 3
   1003 3
   1004 3
   1005 3
   1006 3
   1007 3
   1008 3
   1009 3
   1010 3
   1011 3
   1012 3
   1013 3
   1014 3
   1015 3
   1016 3
   1017 3
   1018 3
   1019 3
   1020 3
   1021 3
   1022 3
   1023 3
   1024 3
   1025 3
   1026 3
   1027 3
   1028 3
   1029 3
   1030 3
   1031 3
   1032 3
   1033 3
   1034 3
   1035 3
   1036 3
   1037 3
   1038 3
   1039 3
   1040 3
   1041 3
   1042 3
   1043 3
   1044 3
   1045 3
   1046 3
   1047 3
   1048 3
   1049 3
   1050 3
   1051 3
   1052 3
   1053 3
   1054 3
   1055 3
   1056 3
   1057 3
   1058 3
   1059 3
   1060 3
   1061 3
   1062 3
   1063 3
   1064 3
   1065 3
   1066 3
   1067 3
   1068 3
   1069 3
   1070 3
   1071 3
   1072 3
   1073 3
   1074 3
   1075 3
   1076 3
   1077 3
   1078 3
   1079 3
   1080 3
   1081 3
   1082 3
   1083 3
   1084 3
   1085 3
   1086 3
   1087 3
   1088 3
   1089 3
   1090 3
   1091 3
   1092 3
   1093 3
   1094 3
   1095 3
   1096 3
   1097 3
   1098 3
   1099 3
   1100 3
   1101 3
   1102 3
   1103 3
   1104 3
   1105 3
   1106 3
   1107 3
   1108 3
   1109 3
   1110 3
   1111 3
   1112 3
   1113 3
   1114 3
   1115 3
   1116 3
   1117 3
   1118 3
   1119 3
   1120 3
   1121 3
   1122 3
   1123 3
   1124 3
   1125 3
   1126 3
   1127 3
   1128 3
   1129 3
   1130 3
   1131 3
   1132 3
   1133 3
   1134 3
   1135 3
   1136 3
   1137 3
   1138 3
   1139 3
   1140 3
   1141 3
   1142 3
   1143 3
   1144 3
   1145 3
   1146 3
   1147 3
   1148 3
   1149 3
   1150 3
   1151 3
   1152 3
   1153 3
   1154 3
   1155 3
   1156 3
   1157 3
   1158 3
   1159 3
   1160 3
   1161 3
   1162 3
   1163 3
   1164 3
   1165 3
   1166 3
   1167 3
   1168 3
   1169 3
   1170 3
   1171 3
   1172 3
   1173 3
   1174 3
   1175 3
   1176 3
   1177 3
   1178 3
   1179 3
   1180 3
   1181 3
   1182 3
   1183 3
   1184 3
   1185 3
   1186 3
   1187 3
   1188 3
   1189 3
   1190 3
   1191 3
   1192 3
   1193 3
   1194 3
   1195 3
   1196 3
   1197 3
   1198 3
   1199 3
   1200 3
   1201 3
   1202 3
   1203 3
   1204 3
   1205 3
   1206 3
   1207 3
   1208 3
   1209 3
   1210 3
   1211 3
   1212 3
   1213 3
   1214 3
   1215 3
   1216 3
   1217 3
   1218 3
   1219 3
   1220 3
   1221 3
   1222 3
   1223 3
   1224 3
   1225 3
   1226 3
   1227 3
   1228 3
   1229 3
   1230 3
   1231 3
   1232 3
   1233 3
   1234 3
   1235 3
   1236 3
   1237 3
   1238 3
   1239 3
   1240 3
   1241 3
   1242 3
   1243 3
   1244 3
   1245 3
   1246 3
   1247 3
   1248 3
   1249 3
   1250 3
   1251 3
   1252 3
   1253 3
   1254 3
   1255 3
   1256 3
   1257 3
   1258 3
   1259 3
   1260 3
   1261 3
   1262 3
   1263 3
   1264 3
   1265 3
   1266 3
   1267 3
   1268 3
   1269 3
   1270 3
   1271 3
   1272 3
   1273 3
   1274 3
   1275 3
   1276 3
   1277 3
   1278 3
   1279 3
   1280 3
   1281 3
   1282 3
   1283 3
   1284 3
   1285 3
   1286 3
   1287 3
   1288 3
   1289 3
   1290 3
   1291 3
   1292 3
   1293 3
   1294 3
   1295 3
   1296 3
   1297 3
   1298 3
   1299 3
   1300 3
   1301 3
   1302 3
   1303 3
   1304 3
   1305 3
   1306 3
   1307 3
   1308 3
   1309 3
   1310 3
   1311 3
   1312 3
   1313 3
   1314 3
   1315 3
   1316 3
   1317 3
   1318 3
   1319 3
   1320 3
   1321 3
   1322 3
   1323 3
   1324 3
   1325 3
   1326 3
   1327 3
   1328 3
   1329 3
   1330 3
   1331 3
   1332 3
   1333 3
   1334 3
   1335 3
   1336 3
   1337 3
   1338 3
   1339 3
   1340 3
   1341 3
   1342 3
   1343 3
   1344 3
   1345 3
   1346 3
   1347 3
   1348 3
   1349 3
   1350 3
   1351 3
   1352 3
   1353 3
   1354 3
   1355 3
   1356 3
   1357 3
   1358 3
   1359 3
   1360 3
   1361 3
   1362 3
   1363 3
   1364 3
   1365 3
   1366 3
   1367 3
   1368 3
   1369 3
   1370 3
   1371 3
   1372 3
   1373 3
   1374 3
   1375 3
   1376 3
   1377 3
   1378 3
   1379 3
   1380 3
   1381 3
   1382 3
   1383 3
   1384 3
   1385 3
   1386 3
   1387 3
   1388 3
   1389 3
   1390 3
   1391 3
   1392 3
   1393 3
   1394 3
   1395 3
   1396 3
   1397 3
   1398 3
   1399 3
   1400 3
   1401 3
   1402 3
   1403 3
   1404 3
   1405 3
   1406 3
   1407 3
   1408 3
   1409 3
   1410 3
   1411 3
   1412 3
   1413 3
   1414 3
   1415 3
   1416 3
   1417 3
   1418 3
   1419 3
   1420 3
   1421 3
   1422 3
   1423 3
   1424 3
   1425 3
   1426 3
   1427 3
   1428 3
   1429 3
   1430 3
   1431 3
   1432 3
   1433 3
   1434 3
   1435 3
   1436 3
   1437 3
   1438 3
   1439 3
   1440 3
   1441 3
   1442 3
   1443 3
   1444 3
   1445 3
   1446 3
   1447 3
   1448 3
   1449 3
   1450 3
   1451 3
   1452 3
   1453 3
   1454 3
   1455 3
   1456 3
   1457 3
   1458 3
   1459 3
   1460 3
   1461 3
   1462 3
   1463 3
   1464 3
   1465 3
   1466 3
   1467 3
   1468 3
   1469 3
   1470 3
   1471 3
   1472 3
   1473 3
   1474 3
   1475 3
   1476 3
   1477 3
   1478 3
   1479 3
   1480 3
   1481 3
   1482 3
   1483 3
   1484 3
   1485 3
   1486 3
   1487 3
   1488 3
   1489 3
   1490 3
   1491 3
   1492 3
   1493 3
   1494 3
   1495 3
   1496 3
   1497 3
   1498 3
   1499 3
   1500 3
   1501 3
   1502 3
   1503 3
   1504 3
   1505 3
   1506 3
   1507 3
   1508 3
   1509 3
   1510 3
   1511 3
   1512 3
   1513 3
   1514 3
   1515 3
   1516 3
   1517 3
   1518 3
   1519 3
   1520 3
   1521 3
   1522 3
   1523 3
   1524 3
   1525 3
   1526 3
   1527 3
   1528 3
   1529 3
   1530 3
   1531 3
   1532 3
   1533 3
   1534 3
   1535 3
   1536 3
   1537 3
   1538 3
   1539 3
   1540 3
   1541 3
   1542 3
   1543 3
   1544 3
   1545 3
   1546 3
   1547 3
   1548 3
   1549 3
   1550 3
   1551 3
   1552 3
   1553 3
   1554 3
   1555 3
   1556 3
   1557 3
   1558 3
   1559 3
   1560 3
   1561 3
   1562 3
   1563 3
   1564 3
   1565 3
   1566 3
   1567 3
   1568 3
   1569 3
   1570 3
   1571 3
   1572 3
   1573 3
   1574 3
   1575 3
   1576 3
   1577 3
   1578 3
   1579 3
   1580 3
   1581 3
   1582 3
   1583 3
   1584 3
   1585 3
   1586 3
   1587 3
   1588 3
   1589 3
   1590 3
   1591 3
   1592 3
   1593 3
   1594 3
   1595 3
   1596 3
   1597 3
   1598 3
   1599 3
   1600 3
   1601 3
   1602 3
   1603 3
   1604 3
   1605 3
   1606 3
   1607 3
   1608 3
   1609 3
   1610 3
   1611 3
   1612 3
   1613 3
   1614 3
   1615 3
   1616 3
   1617 3
   1618 3
   1619 3
   1620 3
   1621 3
   1622 3
   1623 3
   1624 3
   1625 3
   1626 3
   1627 3
   1628 3
   1629 3
   1630 3
   1631 3
   1632 3
   1633 3
   1634 3
   1635 3
   1636 3
   1637 3
   1638 3
   1639 3
   1640 3
   1641 3
   1642 3
   1643 3
   1644 3
   1645 3
   1646 3
   1647 3
   1648 3
   1649 3
   1650 3
   1651 3
   1652 3
   1653 3
   1654 3
   1655 3
   1656 3
   1657 3
   1658 3
   1659 3
   1660 3
   1661 3
   1662 3
   1663 3
   1664 3
   1665 3
   1666 3
   1667 3
   1668 3
   1669 3
   1670 3
   1671 3
   1672 3
   1673 3
   1674 3
   1675 3
   1676 3
   1677 3
   1678 3
   1679 3
   1680 3
   1681 3
   1682 3
   1683 3
   1684 3
   1685 3
   1686 3
   1687 3
   1688 3
   1689 3
   1690 3
   1691 3
   1692 3
   1693 3
   1694 3
   1695 3
   1696 3
   1697 3
   1698 3
   1699 3
   1700 3
   1701 3
   1702 3
   1703 3
   1704 3
   1705 3
   1706 3
   1707 3
   1708 3
   1709 3
   1710 3
   1711 3
   1712 3
   1713 3
   1714 3
   1715 3
   1716 3
   1717 3
   1718 3
   1719 3
   1720 3
   1721 3
   1722 3
   1723 3
   1724 3
   1725 3
   1726 3
   1727 3
   1728 3
   1729 3
   1730 3
   1731 3
   1732 3
   1733 3
   1734 3
   1735 3
   1736 3
   1737 3
   1738 3
   1739 3
   1740 3
   1741 3
   1742 3
   1743 3
   1744 3
   1745 3
   1746 3
   1747 3
   1748 3
   1749 3
   1750 3
   1751 3
   1752 3
   1753 3
   1754 3
   1755 3
   1756 3
   1757 3
   1758 3
   1759 3
   1760 3
   1761 3
   1762 3
   1763 3
   1764 3
   1765 3
   1766 3
   1767 3
   1768 3
   1769 3
   1770 3
   1771 3
   1772 3
   1773 3
   1774 3
   1775 3
   1776 3
   1777 3
   1778 3
   1779 3
   1780 3
   1781 3
   1782 3
   1783 3
   1784 3
   1785 3
   1786 3
   1787 3
   1788 3
   1789 3
   1790 3
   1791 3
   1792 3
   1793 3
   1794 3
   1795 3
   1796 3
   1797 3
   1798 3
   1799 3
   1800 3
   1801 3
   1802 3
   1803 3
   1804 3
   1805 3
   1806 3
   1807 3
   1808 3
   1809 3
   1810 3
   1811 3
   1812 3
   1813 3
   1814 3
   1815 3
   1816 3
   1817 3
   1818 3
   1819 3
   1820 3
   1821 3
   1822 3
   1823 3
   1824 3
   1825 3
   1826 3
   1827 3
   1828 3
   1829 3
   1830 3
   1831 3
   1832 3
   1833 3
   1834 3
   1835 3
   1836 3
   1837 3
   1838 3
   1839 3
   1840 3
   1841 3
   1842 3
   1843 3
   1844 3
   1845 3
   1846 3
   1847 3
   1848 3
   1849 3
   1850 3
   1851 3
   1852 3
   1853 3
   1854 3
   1855 3
   1856 3
   1857 3
   1858 3
   1859 3
   1860 3
   1861 3
   1862 3
   1863 3
   1864 3
   1865 3
   1866 3
   1867 3
   1868 3
   1869 3
   1870 3
   1871 3
   1872 3
   1873 3
   1874 3
   1875 3
   1876 3
   1877 3
   1878 3
   1879 3
   1880 3
   1881 3
   1882 3
   1883 3
   1884 3
   1885 3
   1886 3
   1887 3
   1888 3
   1889 3
   1890 3
   1891 3
   1892 3
   1893 3
   1894 3
   1895 3
   1896 3
   1897 3
   1898 3
   1899 3
   1900 3
   1901 3
   1902 3
   1903 3
   1904 3
   1905 3
   1906 3
   1907 3
   1908 3
   1909 3
   1910 3
   1911 3
   1912 3
   1913 3
   1914 3
   1915 3
   1916 3
   1917 3
   1918 3
   1919 3
   1920 3
   1921 3
   1922 3
   1923 3
   1924 3
   1925 3
   1926 3
   1927 3
   1928 3
   1929 3
   1930 3
   1931 3
   1932 3
   1933 3
   1934 3
   1935 3
   1936 3
   1937 3
   1938 3
   1939 3
   1940 3
   1941 3
   1942 3
   1943 3
   1944 3
   1945 3
   1946 3
   1947 3
   1948 3
   1949 3
   1950 3
   1951 3
   1952 3
   1953 3
   1954 3
   1955 3
   1956 3
   1957 3
   1958 3
   1959 3
   1960 3
   1961 3
   1962 3
   1963 3
   1964 3
   1965 3
   1966 3
   1967 3
   1968 3
   1969 3
   1970 3
   1971 3
   1972 3
   1973 3
   1974 3
   1975 3
   1976 3
   1977 3
   1978 3
   1979 3
   1980 3
   1981 3
   1982 3
   1983 3
   1984 3
   1985 3
   1986 3
   1987 3
   1988 3
   1989 3
   1990 3
   1991 3
   1992 3
   1993 3
   1994 3
   1995 3
   1996 3
   1997 3
   1998 3
   1999 3
   2000 3
   2001 3
   2002 3
   2003 3
   2004 3
   2005 3
   2006 3
   2007 3
   2008 3
   2009 3
   2010 3
   2011 3
   2012 3
   2013 3
   2014 3
   2015 3
   2016 3
   2017 3
   2018 3
   2019 3
   2020 3
   2021 3
   2022 3
   2023 3
   2024 3
   2025 3
   2026 3
   2027 3
   2028 3
   2029 3
   2030 3
   2031 3
   2032 3
   2033 3
   2034 3
   2035 3
   2036 3
   2037 3
   2038 3
   2039 3
   2040 3
   2041 3
   2042 3
   2043 3
   2044 3
   2045 3
   2046 3
   2047 3
   2048 3
   2049 3
   2050 3
   2051 3
   2052 3
   2053 3
   2054 3
   2055 3
   2056 3
   2057 3
   2058 3
   2059 3
   2060 3
   2061 3
   2062 3
   2063 3
   2064 3
   2065 3
   2066 3
   2067 3
   2068 3
   2069 3
   2070 3
   2071 3
   2072 3
   2073 3
   2074 3
   2075 3
   2076 3
   2077 3
   2078 3
   2079 3
   2080 3
   2081 3
   2082 3
   2083 3
   2084 3
   2085 3
   2086 3
   2087 3
   2088 3
   2089 3
   2090 3
   2091 3
   2092 3
   2093 3
   2094 3
   2095 3
   2096 3
   2097 3
   2098 3
   2099 3
   2100 3
   2101 3
   2102 3
   2103 3
   2104 3
   2105 3
   2106 3
   2107 3
   2108 3
   2109 3
   2110 3
   2111 3
   2112 3
   2113 3
   2114 3
   2115 3
   2116 3
   2117 3
   2118 3
   2119 3
   2120 3
   2121 3
   2122 3
   2123 3
   2124 3
   2125 3
   2126 3
   2127 3
   2128 3
   2129 3
   2130 3
   2131 3
   2132 3
   2133 3
   2134 3
   2135 3
   2136 3
   2137 3
   2138 3
   2139 3
   2140 3
   2141 3
   2142 3
   2143 3
   2144 3
   2145 3
   2146 3
   2147 3
   2148 3
   2149 3
   2150 3
   2151 3
   2152 3
   2153 3
   2154 3
   2155 3
   2156 3
   2157 3
   2158 3
   2159 3
   2160 3
   2161 3
   2162 3
   2163 3
   2164 3
   2165 3
   2166 3
   2167 3
   2168 3
   2169 3
   2170 3
   2171 3
   2172 3
   2173 3
   2174 3
   2175 3
   2176 3
   2177 3
   2178 3
   2179 3
   2180 3
   2181 3
   2182 3
   2183 3
   2184 3
   2185 3
   2186 3
   2187 3
   2188 3
   2189 3
   2190 3
   2191 3
   2192 3
   2193 3
   2194 3
   2195 3
   2196 3
   2197 3
   2198 3
   2199 3
   2200 3
   2201 3
   2202 3
   2203 3
   2204 3
   2205 3
   2206 3
   2207 3
   2208 3
   2209 3
   2210 3
   2211 3
   2212 3
   2213 3
   2214 3
   2215 3
   2216 3
   2217 3
   2218 3
   2219 3
   2220 3
   2221 3
   2222 3
   2223 3
   2224 3
   2225 3
   2226 3
   2227 3
   2228 3
   2229 3
   2230 3
   2231 3
   2232 3
   2233 3
   2234 3
   2235 3
   2236 3
   2237 3
   2238 3
   2239 3
   2240 3
   2241 3
   2242 3
   2243 3
   2244 3
   2245 3
   2246 3
   2247 3
   2248 3
   2249 3
   2250 3
   2251 3
   2252 3
   2253 3
   2254 3
   2255 3
   2256 3
   2257 3
   2258 3
   2259 3
   2260 3
   2261 3
   2262 3
   2263 3
   2264 3
   2265 3
   2266 3
   2267 3
   2268 3
   2269 3
   2270 3
   2271 3
   2272 3
   2273 3
   2274 3
   2275 3
   2276 3
   2277 3
   2278 3
   2279 3
   2280 3
   2281 3
   2282 3
   2283 3
   2284 3
   2285 3
   2286 3
   2287 3
   2288 3
   2289 3
   2290 3
   2291 3
   2292 3
   2293 3
   2294 3
   2295 3
   2296 3
   2297 3
   2298 3
   2299 3
   2300 3
   2301 3
   2302 3
   2303 3
   2304 3
   2305 3
   2306 3
   2307 3
   2308 3
   2309 3
   2310 3
   2311 3
   2312 3
   2313 3
   2314 3
   2315 3
   2316 3
   2317 3
   2318 3
   2319 3
   2320 3
   2321 3
   2322 3
   2323 3
   2324 3
   2325 3
   2326 3
   2327 3
   2328 3
   2329 3
   2330 3
   2331 3
   2332 3
   2333 3
   2334 3
   2335 3
   2336 3
   2337 3
   2338 3
   2339 3
   2340 3
   2341 3
   2342 3
   2343 3
   2344 3
   2345 3
   2346 3
   2347 3
   2348 3
   2349 3
   2350 3
   2351 3
   2352 3
   2353 3
   2354 3
   2355 3
   2356 3
   2357 3
   2358 3
   2359 3
   2360 3
   2361 3
   2362 3
   2363 3
   2364 3
   2365 3
   2366 3
   2367 3
   2368 3
   2369 3
   2370 3
   2371 3
   2372 3
   2373 3
   2374 3
   2375 3
   2376 3
   2377 3
   2378 3
   2379 3
   2380 3
   2381 3
   2382 3
   2383 3
   2384 3
   2385 3
   2386 3
   2387 3
   2388 3
   2389 3
   2390 3
   2391 3
   2392 3
   2393 3
   2394 3
   2395 3
   2396 3
   2397 3
   2398 3
   2399 3
   2400 3
   2401 3
   2402 3
   2403 3
   2404 3
   2405 3
   2406 3
   2407 3
   2408 3
   2409 3
   2410 3
   2411 3
   2412 3
   2413 3
   2414 3
   2415 3
   2416 3
   2417 3
   2418 3
   2419 3
   2420 3
   2421 3
   2422 3
   2423 3
   2424 3
   2425 3
   2426 3
   2427 3
   2428 3
   2429 3
   2430 3
   2431 3
   2432 3
   2433 3
   2434 3
   2435 3
   2436 3
   2437 3
   2438 3
   2439 3
   2440 3
   2441 3
   2442 3
   2443 3
   2444 3
   2445 3
   2446 3
   2447 3
   2448 3
   2449 3
   2450 3
   2451 3
   2452 3
   2453 3
   2454 3
   2455 3
   2456 3
   2457 3
   2458 3
   2459 3
   2460 3
   2461 3
   2462 3
   2463 3
   2464 3
   2465 3
   2466 3
   2467 3
   2468 3
   2469 3
   2470 3
   2471 3
   2472 3
   2473 3
   2474 3
   2475 3
   2476 3
   2477 3
   2478 3
   2479 3
   2480 3
   2481 3
   2482 3
   2483 3
   2484 3
   2485 3
   2486 3
   2487 3
   2488 3
   2489 3
   2490 3
   2491 3
   2492 3
   2493 3
   2494 3
   2495 3
   2496 3
   2497 3
   2498 3
   2499 3
   2500 3
   2501 3
   2502 3
   2503 3
   2504 3
   2505 3
   2506 3
   2507 3
   2508 3
   2509 3
   2510 3
   2511 3
   2512 3
   2513 3
   2514 3
   2515 3
   2516 3
   2517 3
   2518 3
   2519 3
   2520 3
   2521 3
   2522 3
   2523 3
   2524 3
   2525 3
   2526 3
   2527 3
   2528 3
   2529 3
   2530 3
   2531 3
   2532 3
   2533 3
   2534 3
   2535 3
   2536 3
   2537 3
   2538 3
   2539 3
   2540 3
   2541 3
   2542 3
   2543 3
   2544 3
   2545 3
   2546 3
   2547 3
   2548 3
   2549 3
   2550 3
   2551 3
   2552 3
   2553 3
   2554 3
   2555 3
   2556 3
   2557 3
   2558 3
   2559 3
   2560 3
   2561 3
   2562 3
   2563 3
   2564 3
   2565 3
   2566 3
   2567 3
   2568 3
   2569 3
   2570 3
   2571 3
   2572 3
   2573 3
   2574 3
   2575 3
   2576 3
   2577 3
   2578 3
   2579 3
   2580 3
   2581 3
   2582 3
   2583 3
   2584 3
   2585 3
   2586 3
   2587 3
   2588 3
   2589 3
   2590 3
   2591 3
   2592 3
   2593 3
   2594 3
   2595 3
   2596 3
   2597 3
   2598 3
   2599 3
   2600 3
   2601 3
   2602 3
   2603 3
   2604 3
   2605 3
   2606 3
   2607 3
   2608 3
   2609 3
   2610 3
   2611 3
   2612 3
   2613 3
   2614 3
   2615 3
   2616 3
   2617 3
   2618 3
   2619 3
   2620 3
   2621 3
   2622 3
   2623 3
   2624 3
   2625 3
   2626 3
   2627 3
   2628 3
   2629 3
   2630 3
   2631 3
   2632 3
   2633 3
   2634 3
   2635 3
   2636 3
   2637 3
   2638 3
   2639 3
   2640 3
   2641 3
   2642 3
   2643 3
   2644 3
   2645 3
   2646 3
   2647 3
   2648 3
   2649 3
   2650 3
   2651 3
   2652 3
   2653 3
   2654 3
   2655 3
   2656 3
   2657 3
   2658 3
   2659 3
   2660 3
   2661 3
   2662 3
   2663 3
   2664 3
   2665 3
   2666 3
   2667 3
   2668 3
   2669 3
   2670 3
   2671 3
   2672 3
   2673 3
   2674 3
   2675 3
   2676 3
   2677 3
   2678 3
   2679 3
   2680 3
   2681 3
   2682 3
   2683 3
   2684 3
   2685 3
   2686 3
   2687 3
   2688 3
   2689 3
   2690 3
   2691 3
   2692 3
   2693 3
   2694 3
   2695 3
   2696 3
   2697 3
   2698 3
   2699 3
   2700 3
   2701 3
   2702 3
   2703 3
   2704 3
   2705 3
   2706 3
   2707 3
   2708 3
   2709 3
   2710 3
   2711 3
   2712 3
   2713 3
   2714 3
   2715 3
   2716 3
   2717 3
   2718 3
   2719 3
   2720 3
   2721 3
   2722 3
   2723 3
   2724 3
   2725 3
   2726 3
   2727 3
   2728 3
   2729 3
   2730 3
   2731 3
   2732 3
   2733 3
   2734 3
   2735 3
   2736 3
   2737 3
   2738 3
   2739 3
   2740 3
   2741 3
   2742 3
   2743 3
   2744 3
   2745 3
   2746 3
   2747 3
   2748 3
   2749 3
   2750 3
   2751 3
   2752 3
   2753 3
   2754 3
   2755 3
   2756 3
   2757 3
   2758 3
   2759 3
   2760 3
   2761 3
   2762 3
   2763 3
   2764 3
   2765 3
   2766 3
   2767 3
   2768 3
   2769 3
   2770 3
   2771 3
   2772 3
   2773 3
   2774 3
   2775 3
   2776 3
   2777 3
   2778 3
   2779 3
   2780 3
   2781 3
   2782 3
   2783 3
   2784 3
   2785 3
   2786 3
   2787 3
   2788 3
   2789 3
   2790 3
   2791 3
   2792 3
   2793 3
   2794 3
   2795 3
   2796 3
   2797 3
   2798 3
   2799 3
   2800 3
   2801 3
   2802 3
   2803 3
   2804 3
   2805 3
   2806 3
   2807 3
   2808 3
   2809 3
   2810 3
   2811 3
   2812 3
   2813 3
   2814 3
   2815 3
   2816 3
   2817 3
   2818 3
   2819 3
   2820 3
   2821 3
   2822 3
   2823 3
   2824 3
   2825 3
   2826 3
   2827 3
   2828 3
   2829 3
   2830 3
   2831 3
   2832 3
   2833 3
   2834 3
   2835 3
   2836 3
   2837 3
   2838 3
   2839 3
   2840 3
   2841 3
   2842 3
   2843 3
   2844 3
   2845 3
   2846 3
   2847 3
   2848 3
   2849 3
   2850 3
   2851 3
   2852 3
   2853 3
   2854 3
   2855 3
   2856 3
   2857 3
   2858 3
   2859 3
   2860 3
   2861 3
   2862 3
   2863 3
   2864 3
   2865 3
   2866 3
   2867 3
   2868 3
   2869 3
   2870 3
   2871 3
   2872 3
   2873 3
   2874 3
   2875 3
   2876 3
   2877 3
   2878 3
   2879 3
   2880 3
   2881 3
   2882 3
   2883 3
   2884 3
   2885 3
   2886 3
   2887 3
   2888 3
   2889 3
   2890 3
   2891 3
   2892 3
   2893 3
   2894 3
   2895 3
   2896 3
   2897 3
   2898 3
   2899 3
   2900 3
   2901 3
   2902 3
   2903 3
   2904 3
   2905 3
   2906 3
   2907 3
   2908 3
   2909 3
   2910 3
   2911 3
   2912 3
   2913 3
   2914 3
   2915 3
   2916 3
   2917 3
   2918 3
   2919 3
   2920 3
   2921 3
   2922 3
   2923 3
   2924 3
   2925 3
   2926 3
   2927 3
   2928 3
   2929 3
   2930 3
   2931 3
   2932 3
   2933 3
   2934 3
   2935 3
   2936 3
   2937 3
   2938 3
   2939 3
   2940 3
   2941 3
   2942 3
   2943 3
   2944 3
   2945 3
   2946 3
   2947 3
   2948 3
   2949 3
   2950 3
   2951 3
   2952 3
   2953 3
   2954 3
   2955 3
   2956 3
   2957 3
   2958 3
   2959 3
   2960 3
   2961 3
   2962 3
   2963 3
   2964 3
   2965 3
   2966 3
   2967 3
   2968 3
   2969 3
   2970 3
   2971 3
   2972 3
   2973 3
   2974 3
   2975 3
   2976 3
   2977 3
   2978 3
   2979 3
   2980 3
   2981 3
   2982 3
   2983 3
   2984 3
   2985 3
   2986 3
   2987 3
   2988 3
   2989 3
   2990 3
   2991 3
   2992 3
   2993 3
   2994 3
   2995 3
   2996 3
   2997 3
   2998 3
   2999 3
   3000 3
   3001 3
   3002 3
   3003 3
   3004 3
   3005 3
   3006 3
   3007 3
   3008 3
   3009 3
   3010 3
   3011 3
   3012 3
   3013 3
   3014 3
   3015 3
   3016 3
   3017 3
   3018 3
   3019 3
   3020 3
   3021 3
   3022 3
   3023 3
   3024 3
   3025 3
   3026 3
   3027 3
   3028 3
   3029 3
   3030 3
   3031 3
   3032 3
   3033 3
   3034 3
   3035 3
   3036 3
   3037 3
   3038 3
   3039 3
   3040 3
   3041 3
   3042 3
   3043 3
   3044 3
   3045 3
   3046 3
   3047 3
   3048 3
   3049 3
   3050 3
   3051 3
   3052 3
   3053 3
   3054 3
   3055 3
   3056 3
   3057 3
   3058 3
   3059 3
   3060 3
   3061 3
   3062 3
   3063 3
   3064 3
   3065 3
   3066 3
   3067 3
   3068 3
   3069 3
   3070 3
   3071 3
   3072 3
   3073 3
   3074 3
   3075 3
   3076 3
   3077 3
   3078 3
   3079 3
   3080 3
   3081 3
   3082 3
   3083 3
   3084 3
   3085 3
   3086 3
   3087 3
   3088 3
   3089 3
   3090 3
   3091 3
   3092 3
   3093 3
   3094 3
   3095 3
   3096 3
   3097 3
   3098 3
   3099 3
   3100 3
   3101 3
   3102 3
   3103 3
   3104 3
   3105 3
   3106 3
   3107 3
   3108 3
   3109 3
   3110 3
   3111 3
   3112 3
   3113 3
   3114 3
   3115 3
   3116 3
   3117 3
   3118 3
   3119 3
   3120 3
   3121 3
   3122 3
   3123 3
   3124 3
   3125 3
   3126 3
   3127 3
   3128 3
   3129 3
   3130 3
   3131 3
   3132 3
   3133 3
   3134 3
   3135 3
   3136 3
   3137 3
   3138 3
   3139 3
   3140 3
   3141 3
   3142 3
   3143 3
   3144 3
   3145 3
   3146 3
   3147 3
   3148 3
   3149 3
   3150 3
   3151 3
   3152 3
   3153 3
   3154 3
   3155 3
   3156 3
   3157 3
   3158 3
   3159 3
   3160 3
   3161 3
   3162 3
   3163 3
   3164 3
   3165 3
   3166 3
   3167 3
   3168 3
   3169 3
   3170 3
   3171 3
   3172 3
   3173 3
   3174 3
   3175 3
   3176 3
   3177 3
   3178 3
   3179 3
   3180 3
   3181 3
   3182 3
   3183 3
   3184 3
   3185 3
   3186 3
   3187 3
   3188 3
   3189 3
   3190 3
   3191 3
   3192 3
   3193 3
   3194 3
   3195 3
   3196 3
   3197 3
   3198 3
   3199 3
   3200 3
   3201 3
   3202 3
   3203 3
   3204 3
   3205 3
   3206 3
   3207 3
   3208 3
   3209 3
   3210 3
   3211 3
   3212 3
   3213 3
   3214 3
   3215 3
   3216 3
   3217 3
   3218 3
   3219 3
   3220 3
   3221 3
   3222 3
   3223 3
   3224 3
   3225 3
   3226 3
   3227 3
   3228 3
   3229 3
   3230 3
   3231 3
   3232 3
   3233 3
   3234 3
   3235 3
   3236 3
   3237 3
   3238 3
   3239 3
   3240 3
   3241 3
   3242 3
   3243 3
   3244 3
   3245 3
   3246 3
   3247 3
   3248 3
   3249 3
   3250 3
   3251 3
   3252 3
   3253 3
   3254 3
   3255 3
   3256 3
   3257 3
   3258 3
   3259 3
   3260 3
   3261 3
   3262 3
   3263 3
   3264 3
   3265 3
   3266 3
   3267 3
   3268 3
   3269 3
   3270 3
   3271 3
   3272 3
   3273 3
   3274 3
   3275 3
   3276 3
   3277 3
   3278 3
   3279 3
   3280 3
   3281 3
   3282 3
   3283 3
   3284 3
   3285 3
   3286 3
   3287 3
   3288 3
   3289 3
   3290 3
   3291 3
   3292 3
   3293 3
   3294 3
   3295 3
   3296 3
   3297 3
   3298 3
   3299 3
   3300 3
   3301 3
   3302 3
   3303 3
   3304 3
   3305 3
   3306 3
   3307 3
   3308 3
   3309 3
   3310 3
   3311 3
   3312 3
   3313 3
   3314 3
   3315 3
   3316 3
   3317 3
   3318 3
   3319 3
   3320 3
   3321 3
   3322 3
   3323 3
   3324 3
   3325 3
   3326 3
   3327 3
   3328 3
   3329 3
   3330 3
   3331 3
   3332 3
   3333 3
   3334 3
   3335 3
   3336 3
   3337 3
   3338 3
   3339 3
   3340 3
   3341 3
   3342 3
   3343 3
   3344 3
   3345 3
   3346 3
   3347 3
   3348 3
   3349 3
   3350 3
   3351 3
   3352 3
   3353 3
   3354 3
   3355 3
   3356 3
   3357 3
   3358 3
   3359 3
   3360 3
   3361 3
   3362 3
   3363 3
   3364 3
   3365 3
   3366 3
   3367 3
   3368 3
   3369 3
   3370 3
   3371 3
   3372 3
   3373 3
   3374 3
   3375 3
   3376 3
   3377 3
   3378 3
   3379 3
   3380 3
   3381 3
   3382 3
   3383 3
   3384 3
   3385 3
   3386 3
   3387 3
   3388 3
   3389 3
   3390 3
   3391 3
   3392 3
   3393 3
   3394 3
   3395 3
   3396 3
   3397 3
   3398 3
   3399 3
   3400 3
   3401 3
   3402 3
   3403 3
   3404 3
   3405 3
   3406 3
   3407 3
   3408 3
   3409 3
   3410 3
   3411 3
   3412 3
   3413 3
   3414 3
   3415 3
   3416 3
   3417 3
   3418 3
   3419 3
   3420 3
   3421 3
   3422 3
   3423 3
   3424 3
   3425 3
   3426 3
   3427 3
   3428 3
   3429 3
   3430 3
   3431 3
   3432 3
   3433 3
   3434 3
   3435 3
   3436 3
   3437 3
   3438 3
   3439 3
   3440 3
   3441 3
   3442 3
   3443 3
   3444 3
   3445 3
   3446 3
   3447 3
   3448 3
   3449 3
   3450 3
   3451 3
   3452 3
   3453 3
   3454 3
   3455 3
   3456 3
   3457 3
   3458 3
   3459 3
   3460 3
   3461 3
   3462 3
   3463 3
   3464 3
   3465 3
   3466 3
   3467 3
   3468 3
   3469 3
   3470 3
   3471 3
   3472 3
   3473 3
   3474 3
   3475 3
   3476 3
   3477 3
   3478 3
   3479 3
   3480 3
   3481 3
   3482 3
   3483 3
   3484 3
   3485 3
   3486 3
   3487 3
   3488 3
   3489 3
   3490 3
   3491 3
   3492 3
   3493 3
   3494 3
   3495 3
   3496 3
   3497 3
   3498 3
   3499 3
   3500 3
   3501 3
   3502 3
   3503 3
   3504 3
   3505 3
   3506 3
   3507 3
   3508 3
   3509 3
   3510 3
   3511 3
   3512 3
   3513 3
   3514 3
   3515 3
   3516 3
   3517 3
   3518 3
   3519 3
   3520 3
   3521 3
   3522 3
   3523 3
   3524 3
   3525 3
   3526 3
   3527 3
   3528 3
   3529 3
   3530 3
   3531 3
   3532 3
   3533 3
   3534 3
   3535 3
   3536 3
   3537 3
   3538 3
   3539 3
   3540 3
   3541 3
   3542 3
   3543 3
   3544 3
   3545 3
   3546 3
   3547 3
   3548 3
   3549 3
   3550 3
   3551 3
   3552 3
   3553 3
   3554 3
   3555 3
   3556 3
   3557 3
   3558 3
   3559 3
   3560 3
   3561 3
   3562 3
   3563 3
   3564 3
   3565 3
   3566 3
   3567 3
   3568 3
   3569 3
   3570 3
   3571 3
   3572 3
   3573 3
   3574 3
   3575 3
   3576 3
   3577 3
   3578 3
   3579 3
   3580 3
   3581 3
   3582 3
   3583 3
   3584 3
   3585 3
   3586 3
   3587 3
   3588 3
   3589 3
   3590 3
   3591 3
   3592 3
   3593 3
   3594 3
   3595 3
   3596 3
   3597 3
   3598 3
   3599 3
   3600 3
   3601 3
   3602 3
   3603 3
   3604 3
   3605 3
   3606 3
   3607 3
   3608 3
   3609 3
   3610 3
   3611 3
   3612 3
   3613 3
   3614 3
   3615 3
   3616 3
   3617 3
   3618 3
   3619 3
   3620 3
   3621 3
   3622 3
   3623 3
   3624 3
   3625 3
   3626 3
   3627 3
   3628 3
   3629 3
   3630 3
   3631 3
   3632 3
   3633 3
   3634 3
   3635 3
   3636 3
   3637 3
   3638 3
   3639 3
   3640 3
   3641 3
   3642 3
   3643 3
   3644 3
   3645 3
   3646 3
   3647 3
   3648 3
   3649 3
   3650 3
   3651 3
   3652 3
   3653 3
   3654 3
   3655 3
   3656 3
   3657 3
   3658 3
   3659 3
   3660 3
   3661 3
   3662 3
   3663 3
   3664 3
   3665 3
   3666 3
   3667 3
   3668 3
   3669 3
   3670 3
   3671 3
   3672 3
   3673 3
   3674 3
   3675 3
   3676 3
   3677 3
   3678 3
   3679 3
   3680 3
   3681 3
   3682 3
   3683 3
   3684 3
   3685 3
   3686 3
   3687 3
   3688 3
   3689 3
   3690 3
   3691 3
   3692 3
   3693 3
   3694 3
   3695 3
   3696 3
   3697 3
   3698 3
   3699 3
   3700 3
   3701 3
   3702 3
   3703 3
   3704 3
   3705 3
   3706 3
   3707 3
   3708 3
   3709 3
   3710 3
   3711 3
   3712 3
   3713 3
   3714 3
   3715 3
   3716 3
   3717 3
   3718 3
   3719 3
   3720 3
   3721 3
   3722 3
   3723 3
   3724 3
   3725 3
   3726 3
   3727 3
   3728 3
   3729 3
   3730 3
   3731 3
   3732 3
   3733 3
   3734 3
   3735 3
   3736 3
   3737 3
   3738 3
   3739 3
   3740 3
   3741 3
   3742 3
   3743 3
   3744 3
   3745 3
   3746 3
   3747 3
   3748 3
   3749 3
   3750 3
   3751 3
   3752 3
   3753 3
   3754 3
   3755 3
   3756 3
   3757 3
   3758 3
   3759 3
   3760 3
   3761 3
   3762 3
   3763 3
   3764 3
   3765 3
   3766 3
   3767 3
   3768 3
   3769 3
   3770 3
   3771 3
   3772 3
   3773 3
   3774 3
   3775 3
   3776 3
   3777 3
   3778 3
   3779 3
   3780 3
   3781 3
   3782 3
   3783 3
   3784 3
   3785 3
   3786 3
   3787 3
   3788 3
   3789 3
   3790 3
   3791 3
   3792 3
   3793 3
   3794 3
   3795 3
   3796 3
   3797 3
   3798 3
   3799 3
   3800 3
   3801 3
   3802 3
   3803 3
   3804 3
   3805 3
   3806 3
   3807 3
   3808 3
   3809 3
   3810 3
   3811 3
   3812 3
   3813 3
   3814 3
   3815 3
   3816 3
   3817 3
   3818 3
   3819 3
   3820 3
   3821 3
   3822 3
   3823 3
   3824 3
   3825 3
   3826 3
   3827 3
   3828 3
   3829 3
   3830 3
   3831 3
   3832 3
   3833 3
   3834 3
   3835 3
   3836 3
   3837 3
   3838 3
   3839 3
   3840 3
   3841 3
   3842 3
   3843 3
   3844 3
   3845 3
   3846 3
   3847 3
   3848 3
   3849 3
   3850 3
   3851 3
   3852 3
   3853 3
   3854 3
   3855 3
   3856 3
   3857 3
   3858 3
   3859 3
   3860 3
   3861 3
   3862 3
   3863 3
   3864 3
   3865 3
   3866 3
   3867 3
   3868 3
   3869 3
   3870 3
   3871 3
   3872 3
   3873 3
   3874 3
   3875 3
   3876 3
   3877 3
   3878 3
   3879 3
   3880 3
   3881 3
   3882 3
   3883 3
   3884 3
   3885 3
   3886 3
   3887 3
   3888 3
   3889 3
   3890 3
   3891 3
   3892 3
   3893 3
   3894 3
   3895 3
   3896 3
   3897 3
   3898 3
   3899 3
   3900 3
   3901 3
   3902 3
   3903 3
   3904 3
   3905 3
   3906 3
   3907 3
   3908 3
   3909 3
   3910 3
   3911 3
   3912 3
   3913 3
   3914 3
   3915 3
   3916 3
   3917 3
   3918 3
   3919 3
   3920 3
   3921 3
   3922 3
   3923 3
   3924 3
   3925 3
   3926 3
   3927 3
   3928 3
   3929 3
   3930 3
   3931 3
   3932 3
   3933 3
   3934 3
   3935 3
   3936 3
   3937 3
   3938 3
   3939 3
   3940 3
   3941 3
   3942 3
   3943 3
   3944 3
   3945 3
   3946 3
   3947 3
   3948 3
   3949 3
   3950 3
   3951 3
   3952 3
   3953 3
   3954 3
   3955 3
   3956 3
   3957 3
   3958 3
   3959 3
   3960 3
   3961 3
   3962 3
   3963 3
   3964 3
   3965 3
   3966 3
   3967 3
   3968 3
   3969 3
   3970 3
   3971 3
   3972 3
   3973 3
   3974 3
   3975 3
   3976 3
   3977 3
   3978 3
   3979 3
   3980 3
   3981 3
   3982 3
   3983 3
   3984 3
   3985 3
   3986 3
   3987 3
   3988 3
   3989 3
   3990 3
   3991 3
   3992 3
   3993 3
   3994 3
   3995 3
   3996 3
   3997 3
   3998 3
   3999 3
   4000 3
   4001 3
   4002 3
   4003 3
   4004 3
   4005 3
   4006 3
   4007 3
   4008 3
   4009 3
   4010 3
   4011 3
   4012 3
   4013 3
   4014 3
   4015 3
   4016 3
   4017 3
   4018 3
   4019 3
   4020 3
   4021 3
   4022 3
   4023 3
   4024 3
   4025 3
   4026 3
   4027 3
   4028 3
   4029 3
   4030 3
   4031 3
   4032 3
   4033 3
   4034 3
   4035 3
   4036 3
   4037 3
   4038 3
   4039 3
   4040 3
   4041 3
   4042 3
   4043 3
   4044 3
   4045 3
   4046 3
   4047 3
   4048 3
   4049 3
   4050 3
   4051 3
   4052 3
   4053 3
   4054 3
   4055 3
   4056 3
   4057 3
   4058 3
   4059 3
   4060 3
   4061 3
   4062 3
   4063 3
   4064 3
   4065 3
   4066 3
   4067 3
   4068 3
   4069 3
   4070 3
   4071 3
   4072 3
   4073 3
   4074 3
   4075 3
   4076 3
   4077 3
   4078 3
   4079 3
   4080 3
   4081 3
   4082 3
   4083 3
   4084 3
   4085 3
   4086 3
   4087 3
   4088 3
   4089 3
   4090 3
   4091 3
   4092 3
   4093 3
   4094 3
   4095 3
   4096 3
   4097 3
   4098 3
   4099 3
   4100 3
   4101 3
   4102 3
   4103 3
   4104 3
   4105 3
   4106 3
   4107 3
   4108 3
   4109 3
   4110 3
   4111 3
   4112 3
   4113 3
   4114 3
   4115 3
   4116 3
   4117 3
   4118 3
   4119 3
   4120 3
   4121 3
   4122 3
   4123 3
   4124 3
   4125 3
   4126 3
   4127 3
   4128 3
   4129 3
   4130 3
   4131 3
   4132 3
   4133 3
   4134 3
   4135 3
   4136 3
   4137 3
   4138 3
   4139 3
   4140 3
   4141 3
   4142 3
   4143 3
   4144 3
   4145 3
   4146 3
   4147 3
   4148 3
   4149 3
   4150 3
   4151 3
   4152 3
   4153 3
   4154 3
   4155 3
   4156 3
   4157 3
   4158 3
   4159 3
   4160 3
   4161 3
   4162 3
   4163 3
   4164 3
   4165 3
   4166 3
   4167 3
   4168 3
   4169 3
   4170 3
   4171 3
   4172 3
   4173 3
   4174 3
   4175 3
   4176 3
   4177 3
   4178 3
   4179 3
   4180 3
   4181 3
   4182 3
   4183 3
   4184 3
   4185 3
   4186 3
   4187 3
   4188 3
   4189 3
   4190 3
   4191 3
   4192 3
   4193 3
   4194 3
   4195 3
   4196 3
   4197 3
   4198 3
   4199 3
   4200 3
   4201 3
   4202 3
   4203 3
   4204 3
   4205 3
   4206 3
   4207 3
   4208 3
   4209 3
   4210 3
   4211 3
   4212 3
   4213 3
   4214 3
   4215 3
   4216 3
   4217 3
   4218 3
   4219 3
   4220 3
   4221 3
   4222 3
   4223 3
   4224 3
   4225 3
   4226 3
   4227 3
   4228 3
   4229 3
   4230 3
   4231 3
   4232 3
   4233 3
   4234 3
   4235 3
   4236 3
   4237 3
   4238 3
   4239 3
   4240 3
   4241 3
   4242 3
   4243 3
   4244 3
   4245 3
   4246 3
   4247 3
   4248 3
   4249 3
   4250 3
   4251 3
   4252 3
   4253 3
   4254 3
   4255 3
   4256 3
   4257 3
   4258 3
   4259 3
   4260 3
   4261 3
   4262 3
   4263 3
   4264 3
   4265 3
   4266 3
   4267 3
   4268 3
   4269 3
   4270 3
   4271 3
   4272 3
   4273 3
   4274 3
   4275 3
   4276 3
   4277 3
   4278 3
   4279 3
   4280 3
   4281 3
   4282 3
   4283 3
   4284 3
   4285 3
   4286 3
   4287 3
   4288 3
   4289 3
   4290 3
   4291 3
   4292 3
   4293 3
   4294 3
   4295 3
   4296 3
   4297 3
   4298 3
   4299 3
   4300 3
   4301 3
   4302 3
   4303 3
   4304 3
   4305 3
   4306 3
   4307 3
   4308 3
   4309 3
   4310 3
   4311 3
   4312 3
   4313 3
   4314 3
   4315 3
   4316 3
   4317 3
   4318 3
   4319 3
   4320 3
   4321 3
   4322 3
   4323 3
   4324 3
   4325 3
   4326 3
   4327 3
   4328 3
   4329 3
   4330 3
   4331 3
   4332 3
   4333 3
   4334 3
   4335 3
   4336 3
   4337 3
   4338 3
   4339 3
   4340 3
   4341 3
   4342 3
   4343 3
   4344 3
   4345 3
   4346 3
   4347 3
   4348 3
   4349 3
   4350 3
   4351 3
   4352 3
   4353 3
   4354 3
   4355 3
   4356 3
   4357 3
   4358 3
   4359 3
   4360 3
   4361 3
   4362 3
   4363 3
   4364 3
   4365 3
   4366 3
   4367 3
   4368 3
   4369 3
   4370 3
   4371 3
   4372 3
   4373 3
   4374 3
   4375 3
   4376 3
   4377 3
   4378 3
   4379 3
   4380 3
   4381 3
   4382 3
   4383 3
   4384 3
   4385 3
   4386 3
   4387 3
   4388 3
   4389 3
   4390 3
   4391 3
   4392 3
   4393 3
   4394 3
   4395 3
   4396 3
   4397 3
   4398 3
   4399 3
   4400 3
   4401 3
   4402 3
   4403 3
   4404 3
   4405 3
   4406 3
   4407 3
   4408 3
   4409 3
   4410 3
   4411 3
   4412 3
   4413 3
   4414 3
   4415 3
   4416 3
   4417 3
   4418 3
   4419 3
   4420 3
   4421 3
   4422 3
   4423 3
   4424 3
   4425 3
   4426 3
   4427 3
   4428 3
   4429 3
   4430 3
   4431 3
   4432 3
   4433 3
   4434 3
   4435 3
   4436 3
   4437 3
   4438 3
   4439 3
   4440 3
   4441 3
   4442 3
   4443 3
   4444 3
   4445 3
   4446 3
   4447 3
   4448 3
   4449 3
   4450 3
   4451 3
   4452 3
   4453 3
   4454 3
   4455 3
   4456 3
   4457 3
   4458 3
   4459 3
   4460 3
   4461 3
   4462 3
   4463 3
   4464 3
   4465 3
   4466 3
   4467 3
   4468 3
   4469 3
   4470 3
   4471 3
   4472 3
   4473 3
   4474 3
   4475 3
   4476 3
   4477 3
   4478 3
   4479 3
   4480 3
   4481 3
   4482 3
   4483 3
   4484 3
   4485 3
   4486 3
   4487 3
   4488 3
   4489 3
   4490 3
   4491 3
   4492 3
   4493 3
   4494 3
   4495 3
   4496 3
   4497 3
   4498 3
   4499 3
   4500 3
   4501 3
   4502 3
   4503 3
   4504 3
   4505 3
   4506 3
   4507 3
   4508 3
   4509 3
   4510 3
   4511 3
   4512 3
   4513 3
   4514 3
   4515 3
   4516 3
   4517 3
   4518 3
   4519 3
   4520 3
   4521 3
   4522 3
   4523 3
   4524 3
   4525 3
   4526 3
   4527 3
   4528 3
   4529 3
   4530 3
   4531 3
   4532 3
   4533 3
   4534 3
   4535 3
   4536 3
   4537 3
   4538 3
   4539 3
   4540 3
   4541 3
   4542 3
   4543 3
   4544 3
   4545 3
   4546 3
   4547 3
   4548 3
   4549 3
   4550 3
   4551 3
   4552 3
   4553 3
   4554 3
   4555 3
   4556 3
   4557 3
   4558 3
   4559 3
   4560 3
   4561 3
   4562 3
   4563 3
   4564 3
   4565 3
   4566 3
   4567 3
   4568 3
   4569 3
   4570 3
   4571 3
   4572 3
   4573 3
   4574 3
   4575 3
   4576 3
   4577 3
   4578 3
   4579 3
   4580 3
   4581 3
   4582 3
   4583 3
   4584 3
   4585 3
   4586 3
   4587 3
   4588 3
   4589 3
   4590 3
   4591 3
   4592 3
   4593 3
   4594 3
   4595 3
   4596 3
   4597 3
   4598 3
   4599 3
   4600 3
   4601 3
   4602 3
   4603 3
   4604 3
   4605 3
   4606 3
   4607 3
   4608 3
   4609 3
   4610 3
   4611 3
   4612 3
   4613 3
   4614 3
   4615 3
   4616 3
   4617 3
   4618 3
   4619 3
   4620 3
   4621 3
   4622 3
   4623 3
   4624 3
   4625 3
   4626 3
   4627 3
   4628 3
   4629 3
   4630 3
   4631 3
   4632 3
   4633 3
   4634 3
   4635 3
   4636 3
   4637 3
   4638 3
   4639 3
   4640 3
   4641 3
   4642 3
   4643 3
   4644 3
   4645 3
   4646 3
   4647 3
   4648 3
   4649 3
   4650 3
   4651 3
   4652 3
   4653 3
   4654 3
   4655 3
   4656 3
   4657 3
   4658 3
   4659 3
   4660 3
   4661 3
   4662 3
   4663 3
   4664 3
   4665 3
   4666 3
   4667 3
   4668 3
   4669 3
   4670 3
   4671 3
   4672 3
   4673 3
   4674 3
   4675 3
   4676 3
   4677 3
   4678 3
   4679 3
   4680 3
   4681 3
   4682 3
   4683 3
   4684 3
   4685 3
   4686 3
   4687 3
   4688 3
   4689 3
   4690 3
   4691 3
   4692 3
   4693 3
   4694 3
   4695 3
   4696 3
   4697 3
   4698 3
   4699 3
   4700 3
   4701 3
   4702 3
   4703 3
   4704 3
   4705 3
   4706 3
   4707 3
   4708 3
   4709 3
   4710 3
   4711 3
   4712 3
   4713 3
   4714 3
   4715 3
   4716 3
   4717 3
   4718 3
   4719 3
   4720 3
   4721 3
   4722 3
   4723 3
   4724 3
   4725 3
   4726 3
   4727 3
   4728 3
   4729 3
   4730 3
   4731 3
   4732 3
   4733 3
   4734 3
   4735 3
   4736 3
   4737 3
   4738 3
   4739 3
   4740 3
   4741 3
   4742 3
   4743 3
   4744 3
   4745 3
   4746 3
   4747 3
   4748 3
   4749 3
   4750 3
   4751 3
   4752 3
   4753 3
   4754 3
   4755 3
   4756 3
   4757 3
   4758 3
   4759 3
   4760 3
   4761 3
   4762 3
   4763 3
   4764 3
   4765 3
   4766 3
   4767 3
   4768 3
   4769 3
   4770 3
   4771 3
   4772 3
   4773 3
   4774 3
   4775 3
   4776 3
   4777 3
   4778 3
   4779 3
   4780 3
   4781 3
   4782 3
   4783 3
   4784 3
   4785 3
   4786 3
   4787 3
   4788 3
   4789 3
   4790 3
   4791 3
   4792 3
   4793 3
   4794 3
   4795 3
   4796 3
   4797 3
   4798 3
   4799 3
   4800 3
   4801 3
   4802 3
   4803 3
   4804 3
   4805 3
   4806 3
   4807 3
   4808 3
   4809 3
   4810 3
   4811 3
   4812 3
   4813 3
   4814 3
   4815 3
   4816 3
   4817 3
   4818 3
   4819 3
   4820 3
   4821 3
   4822 3
   4823 3
   4824 3
   4825 3
   4826 3
   4827 3
   4828 3
   4829 3
   4830 3
   4831 3
   4832 3
   4833 3
   4834 3
   4835 3
   4836 3
   4837 3
   4838 3
   4839 3
   4840 3
   4841 3
   4842 3
   4843 3
   4844 3
   4845 3
   4846 3
   4847 3
   4848 3
   4849 3
   4850 3
   4851 3
   4852 3
   4853 3
   4854 3
   4855 3
   4856 3
   4857 3
   4858 3
   4859 3
   4860 3
   4861 3
   4862 3
   4863 3
   4864 3
   4865 3
   4866 3
   4867 3
   4868 3
   4869 3
   4870 3
   4871 3
   4872 3
   4873 3
   4874 3
   4875 3
   4876 3
   4877 3
   4878 3
   4879 3
   4880 3
   4881 3
   4882 3
   4883 3
   4884 3
   4885 3
   4886 3
   4887 3
   4888 3
   4889 3
   4890 3
   4891 3
   4892 3
   4893 3
   4894 3
   4895 3
   4896 3
   4897 3
   4898 3
   4899 3
   4900 3
   4901 3
   4902 3
   4903 3
   4904 3
   4905 3
   4906 3
   4907 3
   4908 3
   4909 3
   4910 3
   4911 3
   4912 3
   4913 3
   4914 3
   4915 3
   4916 3
   4917 3
   4918 3
   4919 3
   4920 3
   4921 3
   4922 3
   4923 3
   4924 3
   4925 3
   4926 3
   4927 3
   4928 3
   4929 3
   4930 3
   4931 3
   4932 3
   4933 3
   4934 3
   4935 3
   4936 3
   4937 3
   4938 3
   4939 3
   4940 3
   4941 3
   4942 3
   4943 3
   4944 3
   4945 3
   4946 3
   4947 3
   4948 3
   4949 3
   4950 3
   4951 3
   4952 3
   4953 3
   4954 3
   4955 3
   4956 3
   4957 3
   4958 3
   4959 3
   4960 3
   4961 3
   4962 3
   4963 3
   4964 3
   4965 3
   4966 3
   4967 3
   4968 3
   4969 3
   4970 3
   4971 3
   4972 3
   4973 3
   4974 3
   4975 3
   4976 3
   4977 3
   4978 3
   4979 3
   4980 3
   4981 3
   4982 3
   4983 3
   4984 3
   4985 3
   4986 3
   4987 3
   4988 3
   4989 3
   4990 3
   4991 3
   4992 3
   4993 3
   4994 3
   4995 3
   4996 3
   4997 3
   4998 3
   4999 3
   5000 3
   5001 3
   5002 3
   5003 3
   5004 3
   5005 3
   5006 3
   5007 3
   5008 3
   5009 3
   5010 3
   5011 3
   5012 3
   5013 3
   5014 3
   5015 3
   5016 3
   5017 3
   5018 3
   5019 3
   5020 3
   5021 3
   5022 3
   5023 3
   5024 3
   5025 3
   5026 3
   5027 3
   5028 3
   5029 3
   5030 3
   5031 3
   5032 3
   5033 3
   5034 3
   5035 3
   5036 3
   5037 3
   5038 3
   5039 3
   5040 3
   5041 3
   5042 3
   5043 3
   5044 3
   5045 3
   5046 3
   5047 3
   5048 3
   5049 3
   5050 3
   5051 3
   5052 3
   5053 3
   5054 3
   5055 3
   5056 3
   5057 3
   5058 3
   5059 3
   5060 3
   5061 3
   5062 3
   5063 3
   5064 3
   5065 3
   5066 3
   5067 3
   5068 3
   5069 3
   5070 3
   5071 3
   5072 3
   5073 3
   5074 3
   5075 3
   5076 3
   5077 3
   5078 3
   5079 3
   5080 3
   5081 3
   5082 3
   5083 3
   5084 3
   5085 3
   5086 3
   5087 3
   5088 3
   5089 3
   5090 3
   5091 3
   5092 3
   5093 3
   5094 3
   5095 3
   5096 3
   5097 3
   5098 3
   5099 3
   5100 3
   5101 3
   5102 3
   5103 3
   5104 3
   5105 3
   5106 3
   5107 3
   5108 3
   5109 3
   5110 3
   5111 3
   5112 3
   5113 3
   5114 3
   5115 3
   5116 3
   5117 3
   5118 3
   5119 3
   5120 3
   5121 3
   5122 3
   5123 3
   5124 3
   5125 3
   5126 3
   5127 3
   5128 3
   5129 3
   5130 3
   5131 3
   5132 3
   5133 3
   5134 3
   5135 3
   5136 3
   5137 3
   5138 3
   5139 3
   5140 3
   5141 3
   5142 3
   5143 3
   5144 3
   5145 3
   5146 3
   5147 3
   5148 3
   5149 3
   5150 3
   5151 3
   5152 3
   5153 3
   5154 3
   5155 3
   5156 3
   5157 3
   5158 3
   5159 3
   5160 3
   5161 3
   5162 3
   5163 3
   5164 3
   5165 3
   5166 3
   5167 3
   5168 3
   5169 3
   5170 3
   5171 3
   5172 3
   5173 3
   5174 3
   5175 3
   5176 3
   5177 3
   5178 3
   5179 3
   5180 3
   5181 3
   5182 3
   5183 3
   5184 3
   5185 3
   5186 3
   5187 3
   5188 3
   5189 3
   5190 3
   5191 3
   5192 3
   5193 3
   5194 3
   5195 3
   5196 3
   5197 3
   5198 3
   5199 3
   5200 3
   5201 3
   5202 3
   5203 3
   5204 3
   5205 3
   5206 3
   5207 3
   5208 3
   5209 3
   5210 3
   5211 3
   5212 3
   5213 3
   5214 3
   5215 3
   5216 3
   5217 3
   5218 3
   5219 3
   5220 3
   5221 3
   5222 3
   5223 3
   5224 3
   5225 3
   5226 3
   5227 3
   5228 3
   5229 3
   5230 3
   5231 3
   5232 3
   5233 3
   5234 3
   5235 3
   5236 3
   5237 3
   5238 3
   5239 3
   5240 3
   5241 3
   5242 3
   5243 3
   5244 3
   5245 3
   5246 3
   5247 3
   5248 3
   5249 3
   5250 3
   5251 3
   5252 3
   5253 3
   5254 3
   5255 3
   5256 3
   5257 3
   5258 3
   5259 3
   5260 3
   5261 3
   5262 3
   5263 3
   5264 3
   5265 3
   5266 3
   5267 3
   5268 3
   5269 3
   5270 3
   5271 3
   5272 3
   5273 3
   5274 3
   5275 3
   5276 3
   5277 3
   5278 3
   5279 3
   5280 3
   5281 3
   5282 3
   5283 3
   5284 3
   5285 3
   5286 3
   5287 3
   5288 3
   5289 3
   5290 3
   5291 3
   5292 3
   5293 3
   5294 3
   5295 3
   5296 3
   5297 3
   5298 3
   5299 3
   5300 3
   5301 3
   5302 3
   5303 3
   5304 3
   5305 3
   5306 3
   5307 3
   5308 3
   5309 3
   5310 3
   5311 3
   5312 3
   5313 3
   5314 3
   5315 3
   5316 3
   5317 3
   5318 3
   5319 3
   5320 3
   5321 3
   5322 3
   5323 3
   5324 3
   5325 3
   5326 3
   5327 3
   5328 3
   5329 3
   5330 3
   5331 3
   5332 3
   5333 3
   5334 3
   5335 3
   5336 3
   5337 3
   5338 3
   5339 3
   5340 3
   5341 3
   5342 3
   5343 3
   5344 3
   5345 3
   5346 3
   5347 3
   5348 3
   5349 3
   5350 3
   5351 3
   5352 3
   5353 3
   5354 3
   5355 3
   5356 3
   5357 3
   5358 3
   5359 3
   5360 3
   5361 3
   5362 3
   5363 3
   5364 3
   5365 3
   5366 3
  END_NODES_PER_ELEMENT
  ELEMENTS
  1 1277 1227 1222  
  2 78 81 98  
  3 1334 1378 1326  
  4 2045 2041 1997  
  5 441 397 421  
  6 483 529 507  
  7 1913 1934 1883  
  8 1844 1814 1790  
  9 840 783 803  
  10 183 210 208  
  11 1685 1719 1663  
  12 1991 1980 1947  
  13 157 139 164  
  14 899 954 911  
  15 2023 2032 1990  
  16 1567 1521 1504  
  17 1061 1007 1016  
  18 105 122 133  
  19 1522 1566 1508  
  20 2031 2022 1989  
  21 275 239 265  
  22 679 733 695  
  23 1981 1992 1953  
  24 1720 1684 1654  
  25 627 574 597  
  26 315 355 351  
  27 1815 1845 1791  
  28 1933 1912 1887  
  29 93 87 108  
  30 1121 1173 1115  
  31 2042 2046 2011  
  32 1377 1333 1325  
  33 1172 1120 1124  
  34 88 94 113  
  35 1432 1477 1420  
  36 2039 2033 2004  
  37 354 314 343  
  38 575 628 596  
  39 1949 1966 1910  
  40 1784 1754 1731  
  41 732 678 696  
  42 240 276 278  
  43 1753 1785 1730  
  44 1965 1948 1918  
  45 121 106 135  
  46 1008 1062 1017  
  47 2034 2040 2012  
  48 1476 1431 1419  
  49 953 898 908  
  50 140 158 161  
  51 1612 1646 1589  
  52 2015 2007 1979  
  53 209 182 207  
  54 784 841 810  
  55 2008 2016 1961  
  56 1645 1611 1580  
  57 528 482 510  
  58 398 442 422  
  59 1870 1893 1830  
  60 1892 1871 1831  
  61 80 79 97  
  62 1228 1278 1223  
  63 2048 2047 2005  
  64 1227 1172 1171  
  65 81 88 102  
  66 1378 1432 1371  
  67 2041 2039 2000  
  68 397 354 380  
  69 529 575 557  
  70 1934 1949 1895  
  71 1814 1784 1772  
  72 783 732 750  
  73 210 240 235  
  74 1719 1753 1697  
  75 1980 1965 1938  
  76 139 121 146  
  77 954 1008 957  
  78 2032 2034 1996  
  79 1521 1476 1463  
  80 1007 953 965  
  81 122 140 147  
  82 1566 1612 1552  
  83 2022 2015 1983  
  84 239 209 241  
  85 733 784 751  
  86 1992 2008 1969  
  87 1684 1645 1618  
  88 574 528 562  
  89 355 398 391  
  90 1845 1870 1816  
  91 1912 1892 1872  
  92 87 80 107  
  93 1173 1228 1169  
  94 2046 2048 2014  
  95 1333 1277 1272  
  96 1120 1061 1070  
  97 94 105 115  
  98 1477 1522 1464  
  99 2033 2031 1995  
  100 314 275 303  
  101 628 679 639  
  102 1966 1981 1941  
  103 1754 1720 1698  
  104 678 627 646  
  105 276 315 313  
  106 1785 1815 1763  
  107 1948 1933 1906  
  108 106 93 116  
  109 1062 1121 1057  
  110 2040 2042 1994  
  111 1431 1377 1355  
  112 898 840 856  
  113 158 183 191  
  114 1646 1685 1620  
  115 2007 1991 1963  
  116 182 157 186  
  117 841 899 857  
  118 2016 2023 1972  
  119 1611 1567 1559  
  120 482 441 465  
  121 442 483 466  
  122 1893 1913 1862  
  123 1871 1844 1806  
  124 79 78 92  
  125 1278 1334 1273  
  126 2047 2045 2013  
  127 1222 1227 1171  
  128 1222 1171 1167  
  129 1167 1171 1119  
  130 1222 1167 1226  
  131 1119 1171 1124  
  132 1119 1124 1067  
  133 1124 1171 1172  
  134 1067 1124 1070  
  135 1067 1070 1015  
  136 1119 1067 1066  
  137 1070 1124 1120  
  138 1015 1070 1016  
  139 1015 1016 965  
  140 1067 1015 1018  
  141 1016 1070 1061  
  142 965 1016 1007  
  143 1018 1015 960  
  144 1067 1018 1066  
  145 1066 1018 1020  
  146 1020 1018 963  
  147 1066 1020 1074  
  148 1119 1066 1122  
  149 963 1018 960  
  150 963 960 913  
  151 913 960 914  
  152 963 913 918  
  153 1020 963 967  
  154 1074 1020 1025  
  155 1066 1074 1122  
  156 1122 1074 1129  
  157 1129 1074 1077  
  158 1122 1129 1176  
  159 1077 1074 1025  
  160 1077 1025 1029  
  161 1029 1025 973  
  162 1077 1029 1083  
  163 1129 1077 1134  
  164 1176 1129 1181  
  165 1122 1176 1167  
  166 1167 1176 1226  
  167 1226 1176 1232  
  168 1122 1167 1119  
  169 1232 1176 1181  
  170 1232 1181 1241  
  171 1226 1232 1279  
  172 1241 1181 1183  
  173 1232 1241 1292  
  174 1183 1181 1134  
  175 1183 1134 1141  
  176 1141 1134 1083  
  177 1141 1083 1090  
  178 1183 1141 1194  
  179 1083 1134 1077  
  180 1090 1083 1033  
  181 1141 1090 1150  
  182 1241 1183 1243  
  183 1292 1241 1298  
  184 1232 1292 1279  
  185 1279 1292 1355  
  186 1226 1279 1272  
  187 1226 1272 1222  
  188 1272 1279 1325  
  189 1325 1279 1355  
  190 1222 1272 1277  
  191 1272 1325 1333  
  192 1325 1355 1377  
  193 1194 1141 1150  
  194 1183 1194 1243  
  195 1243 1194 1253  
  196 1253 1194 1202  
  197 1243 1253 1304  
  198 1202 1194 1150  
  199 1202 1150 1158  
  200 1158 1150 1102  
  201 1202 1158 1219  
  202 1253 1202 1262  
  203 1304 1253 1311  
  204 1243 1304 1298  
  205 1298 1304 1356  
  206 1033 1083 1029  
  207 1033 1029 976  
  208 976 1029 973  
  209 976 973 924  
  210 1033 976 984  
  211 924 973 922  
  212 976 924 931  
  213 984 976 931  
  214 984 931 942  
  215 1033 984 1049  
  216 1150 1090 1102  
  217 1102 1090 1049  
  218 1049 1090 1033  
  219 1102 1049 1055  
  220 1055 1049 999  
  221 1102 1055 1116  
  222 1158 1102 1116  
  223 1158 1116 1168  
  224 1202 1219 1262  
  225 1262 1219 1275  
  226 1275 1219 1233  
  227 1262 1275 1323  
  228 1233 1219 1168  
  229 1233 1168 1184  
  230 1184 1168 1128  
  231 1233 1184 1246  
  232 1275 1233 1290  
  233 1323 1275 1340  
  234 1262 1323 1311  
  235 1311 1323 1369  
  236 1055 999 1006  
  237 1219 1158 1168  
  238 999 1049 984  
  239 999 984 942  
  240 999 942 958  
  241 958 942 905  
  242 999 958 1006  
  243 1006 958 969  
  244 969 958 917  
  245 1006 969 1026  
  246 917 958 905  
  247 917 905 862  
  248 862 905 853  
  249 917 862 875  
  250 969 917 923  
  251 1026 969 983  
  252 1006 1026 1069  
  253 853 905 901  
  254 862 853 809  
  255 875 862 821  
  256 917 875 923  
  257 923 875 886  
  258 886 875 830  
  259 923 886 943  
  260 830 875 821  
  261 830 821 777  
  262 777 821 768  
  263 830 777 796  
  264 886 830 850  
  265 943 886 909  
  266 923 943 983  
  267 768 821 809  
  268 768 809 754  
  269 777 768 725  
  270 796 777 742  
  271 830 796 850  
  272 850 796 813  
  273 813 796 759  
  274 850 813 868  
  275 759 796 742  
  276 759 742 705  
  277 705 742 687  
  278 759 705 724  
  279 813 759 775  
  280 868 813 832  
  281 850 868 909  
  282 909 868 925  
  283 905 942 901  
  284 901 942 931  
  285 901 931 877  
  286 877 931 924  
  287 901 877 839  
  288 839 877 825  
  289 901 839 853  
  290 853 839 795  
  291 795 839 790  
  292 853 795 809  
  293 809 795 754  
  294 790 839 825  
  295 790 825 774  
  296 774 825 823  
  297 790 774 744  
  298 754 795 744  
  299 795 790 744  
  300 774 823 761  
  301 823 825 871  
  302 744 774 722  
  303 705 687 652  
  304 759 724 775  
  305 775 724 743  
  306 743 724 686  
  307 775 743 800  
  308 687 742 725  
  309 687 725 673  
  310 724 705 670  
  311 686 724 670  
  312 686 670 634  
  313 634 670 621  
  314 686 634 660  
  315 743 686 712  
  316 800 743 767  
  317 775 800 832  
  318 832 800 858  
  319 621 670 652  
  320 621 652 600  
  321 634 621 586  
  322 686 660 712  
  323 712 660 681  
  324 681 660 629  
  325 712 681 734  
  326 1116 1055 1069  
  327 1069 1055 1006  
  328 1116 1069 1128  
  329 660 634 605  
  330 914 960 965  
  331 1298 1356 1348  
  332 823 871 869  
  333 973 1025 967  
  334 925 868 885  
  335 681 629 650  
  336 918 913 866  
  337 1369 1323 1379  
  338 744 722 684  
  339 924 922 871  
  340 924 871 877  
  341 877 871 825  
  342 774 761 722  
  343 712 734 767  
  344 767 734 789  
  345 913 914 863  
  346 909 925 968  
  347 1356 1304 1360  
  348 761 823 818  
  349 734 681 706  
  350 963 918 967  
  351 967 918 922  
  352 922 918 869  
  353 967 922 973  
  354 922 869 871  
  355 1311 1369 1360  
  356 1311 1360 1304  
  357 1360 1369 1418  
  358 1418 1369 1433  
  359 1360 1418 1404  
  360 629 660 605  
  361 629 605 576  
  362 576 605 560  
  363 629 576 599  
  364 983 969 923  
  365 673 725 713  
  366 629 599 650  
  367 650 599 624  
  368 624 599 573  
  369 650 624 677  
  370 821 862 809  
  371 858 800 822  
  372 1069 1026 1087  
  373 983 943 1003  
  374 768 754 713  
  375 713 754 701  
  376 701 754 744  
  377 713 701 663  
  378 576 560 532  
  379 960 1015 965  
  380 1026 983 1050  
  381 687 673 636  
  382 832 858 885  
  383 832 885 868  
  384 885 858 916  
  385 916 858 880  
  386 885 916 944  
  387 560 605 586  
  388 560 586 538  
  389 599 576 552  
  390 1241 1243 1298  
  391 725 768 713  
  392 573 599 552  
  393 573 552 525  
  394 525 552 503  
  395 573 525 553  
  396 503 552 532  
  397 503 532 484  
  398 525 503 481  
  399 553 525 504  
  400 1233 1246 1290  
  401 1290 1246 1305  
  402 1305 1246 1260  
  403 1290 1305 1349  
  404 1260 1246 1199  
  405 1305 1260 1324  
  406 1349 1305 1363  
  407 1290 1349 1340  
  408 1340 1349 1398  
  409 1398 1349 1408  
  410 1340 1398 1379  
  411 1340 1379 1323  
  412 1379 1398 1443  
  413 1443 1398 1459  
  414 1379 1443 1433  
  415 1433 1443 1490  
  416 1490 1443 1501  
  417 1433 1490 1479  
  418 600 652 636  
  419 636 652 687  
  420 600 636 587  
  421 587 636 626  
  422 600 587 556  
  423 1292 1298 1348  
  424 909 886 850  
  425 677 624 653  
  426 1184 1128 1143  
  427 742 777 725  
  428 624 573 598  
  429 573 553 598  
  430 598 553 578  
  431 578 553 533  
  432 598 578 630  
  433 1128 1168 1116  
  434 943 909 968  
  435 650 677 706  
  436 706 677 731  
  437 1246 1184 1199  
  438 1199 1184 1143  
  439 1199 1143 1160  
  440 1160 1143 1101  
  441 1199 1160 1221  
  442 1101 1143 1087  
  443 1160 1101 1125  
  444 1199 1221 1260  
  445 1260 1221 1281  
  446 1281 1221 1242  
  447 1260 1281 1324  
  448 1324 1281 1343  
  449 1343 1281 1303  
  450 1324 1343 1385  
  451 1242 1221 1180  
  452 1281 1242 1303  
  453 1303 1242 1256  
  454 1256 1242 1197  
  455 1303 1256 1322  
  456 1343 1303 1362  
  457 1385 1343 1405  
  458 1324 1385 1363  
  459 1363 1385 1428  
  460 1428 1385 1447  
  461 1363 1428 1408  
  462 1408 1428 1468  
  463 1363 1408 1349  
  464 1468 1428 1489  
  465 1408 1468 1459  
  466 1459 1468 1514  
  467 1514 1468 1530  
  468 1459 1514 1501  
  469 1459 1501 1443  
  470 1501 1514 1560  
  471 1560 1514 1575  
  472 1501 1560 1544  
  473 1197 1242 1180  
  474 1197 1180 1140  
  475 1140 1180 1125  
  476 1140 1125 1079  
  477 1125 1180 1160  
  478 1160 1180 1221  
  479 1079 1125 1064  
  480 1140 1079 1103  
  481 1064 1125 1101  
  482 1064 1101 1050  
  483 1050 1101 1087  
  484 1079 1064 1022  
  485 1103 1079 1039  
  486 1140 1103 1162  
  487 1197 1140 1162  
  488 1197 1162 1224  
  489 1224 1162 1182  
  490 1197 1224 1256  
  491 1256 1224 1283  
  492 1283 1224 1244  
  493 1256 1283 1322  
  494 1322 1283 1346  
  495 1346 1283 1306  
  496 1322 1346 1384  
  497 1182 1162 1127  
  498 1224 1182 1244  
  499 1244 1182 1210  
  500 1210 1182 1147  
  501 1244 1210 1270  
  502 1283 1244 1306  
  503 1306 1244 1270  
  504 1306 1270 1335  
  505 1335 1270 1296  
  506 1306 1335 1365  
  507 1384 1346 1406  
  508 1147 1182 1127  
  509 1147 1127 1081  
  510 1081 1127 1063  
  511 1147 1081 1112  
  512 1270 1210 1237  
  513 1346 1306 1365  
  514 1346 1365 1406  
  515 1322 1384 1362  
  516 1362 1384 1423  
  517 1322 1362 1303  
  518 1423 1384 1449  
  519 1362 1423 1405  
  520 1405 1423 1465  
  521 1449 1384 1406  
  522 1449 1406 1467  
  523 1467 1406 1435  
  524 1449 1467 1507  
  525 1423 1449 1485  
  526 1405 1465 1447  
  527 1405 1447 1385  
  528 1210 1147 1166  
  529 1465 1423 1485  
  530 1465 1485 1526  
  531 1526 1485 1548  
  532 1465 1526 1506  
  533 1022 1064 1003  
  534 1022 1003 968  
  535 1022 968 982  
  536 968 1003 943  
  537 982 968 925  
  538 1022 982 1039  
  539 1039 982 1002  
  540 1002 982 944  
  541 1039 1002 1063  
  542 1039 1063 1103  
  543 1103 1063 1127  
  544 1103 1127 1162  
  545 944 982 925  
  546 944 925 885  
  547 1002 944 961  
  548 1063 1002 1031  
  549 961 944 916  
  550 961 916 928  
  551 928 916 880  
  552 928 880 904  
  553 961 928 985  
  554 904 880 848  
  555 928 904 959  
  556 985 928 959  
  557 985 959 1023  
  558 1023 959 989  
  559 985 1023 1052  
  560 961 985 1031  
  561 848 880 822  
  562 848 822 789  
  563 789 822 767  
  564 767 822 800  
  565 848 789 817  
  566 904 848 870  
  567 959 904 929  
  568 1002 961 1031  
  569 817 789 762  
  570 848 817 870  
  571 870 817 846  
  572 846 817 785  
  573 870 846 903  
  574 785 817 762  
  575 785 762 731  
  576 785 731 763  
  577 731 762 706  
  578 846 785 816  
  579 903 846 874  
  580 870 903 929  
  581 929 903 970  
  582 989 959 929  
  583 989 929 970  
  584 1052 1023 1080  
  585 763 731 709  
  586 785 763 816  
  587 816 763 791  
  588 791 763 736  
  589 816 791 851  
  590 736 763 709  
  591 736 709 683  
  592 683 709 653  
  593 736 683 715  
  594 791 736 769  
  595 816 851 874  
  596 874 851 907  
  597 736 715 769  
  598 769 715 746  
  599 746 715 692  
  600 769 746 804  
  601 851 791 826  
  602 715 683 665  
  603 907 851 878  
  604 692 715 665  
  605 692 665 641  
  606 641 665 614  
  607 692 641 675  
  608 769 804 826  
  609 826 804 861  
  610 874 907 932  
  611 746 692 726  
  612 1063 1031 1081  
  613 1081 1031 1052  
  614 1052 1031 985  
  615 1081 1052 1112  
  616 1112 1052 1080  
  617 1112 1080 1142  
  618 1142 1080 1111  
  619 1112 1142 1166  
  620 1166 1142 1201  
  621 1112 1166 1147  
  622 1201 1142 1164  
  623 1166 1201 1237  
  624 1237 1201 1261  
  625 1261 1201 1225  
  626 1237 1261 1296  
  627 1296 1261 1327  
  628 1237 1296 1270  
  629 1327 1261 1291  
  630 1296 1327 1359  
  631 1111 1080 1045  
  632 1142 1111 1164  
  633 1164 1111 1135  
  634 1201 1164 1225  
  635 1225 1164 1191  
  636 1191 1164 1135  
  637 1191 1135 1159  
  638 1225 1191 1254  
  639 1159 1135 1100  
  640 1191 1159 1220  
  641 1135 1111 1073  
  642 1261 1225 1291  
  643 1327 1291 1354  
  644 1359 1327 1389  
  645 1296 1359 1335  
  646 1335 1359 1396  
  647 1396 1359 1421  
  648 1335 1396 1365  
  649 1365 1396 1435  
  650 1435 1396 1458  
  651 1254 1191 1220  
  652 1254 1220 1284  
  653 1284 1220 1252  
  654 1254 1284 1317  
  655 1100 1135 1073  
  656 1100 1073 1032  
  657 1032 1073 1024  
  658 1100 1032 1068  
  659 1421 1359 1389  
  660 1421 1389 1454  
  661 1454 1389 1415  
  662 1421 1454 1483  
  663 1225 1254 1291  
  664 1291 1254 1317  
  665 1291 1317 1354  
  666 1354 1317 1376  
  667 1376 1317 1345  
  668 1354 1376 1415  
  669 1354 1415 1389  
  670 1220 1159 1190  
  671 1458 1396 1421  
  672 1458 1421 1483  
  673 1458 1483 1515  
  674 1515 1483 1545  
  675 1458 1515 1488  
  676 1545 1483 1509  
  677 1515 1545 1578  
  678 1488 1515 1553  
  679 1458 1488 1435  
  680 1435 1488 1467  
  681 1467 1488 1529  
  682 1529 1488 1553  
  683 1529 1553 1585  
  684 1585 1553 1613  
  685 1529 1585 1562  
  686 1467 1529 1507  
  687 1613 1553 1578  
  688 1613 1578 1634  
  689 1634 1578 1602  
  690 1613 1634 1666  
  691 1585 1613 1644  
  692 1562 1585 1621  
  693 1529 1562 1507  
  694 1507 1562 1548  
  695 1548 1562 1606  
  696 1507 1548 1485  
  697 1606 1562 1621  
  698 1606 1621 1660  
  699 1660 1621 1678  
  700 1606 1660 1638  
  701 1548 1606 1584  
  702 1507 1485 1449  
  703 1602 1578 1545  
  704 1602 1545 1569  
  705 1569 1545 1509  
  706 1569 1509 1536  
  707 1602 1569 1627  
  708 1666 1634 1692  
  709 1638 1660 1699  
  710 1569 1536 1598  
  711 1678 1621 1644  
  712 1536 1509 1472  
  713 1634 1602 1659  
  714 1613 1666 1644  
  715 1644 1666 1701  
  716 1701 1666 1723  
  717 1644 1701 1678  
  718 1678 1701 1735  
  719 1723 1666 1692  
  720 1723 1692 1743  
  721 1743 1692 1716  
  722 1723 1743 1778  
  723 1701 1723 1760  
  724 1743 1716 1773  
  725 1723 1778 1760  
  726 1760 1778 1811  
  727 1811 1778 1834  
  728 1760 1811 1793  
  729 1716 1692 1659  
  730 1716 1659 1686  
  731 1686 1659 1627  
  732 1627 1659 1602  
  733 1716 1686 1739  
  734 1686 1627 1657  
  735 1778 1743 1804  
  736 1735 1701 1760  
  737 1678 1735 1714  
  738 1660 1678 1714  
  739 1660 1714 1699  
  740 1699 1714 1751  
  741 1606 1638 1584  
  742 1584 1638 1622  
  743 1622 1638 1677  
  744 1584 1622 1564  
  745 1834 1778 1804  
  746 1834 1804 1856  
  747 1856 1804 1827  
  748 1834 1856 1886  
  749 1793 1811 1846  
  750 1677 1638 1699  
  751 1677 1699 1734  
  752 1734 1699 1751  
  753 1677 1734 1718  
  754 1734 1751 1792  
  755 1564 1622 1607  
  756 1811 1834 1864  
  757 1760 1793 1735  
  758 1735 1793 1774  
  759 1774 1793 1828  
  760 1735 1774 1714  
  761 1622 1677 1664  
  762 1584 1564 1526  
  763 1526 1564 1506  
  764 1506 1564 1554  
  765 1827 1804 1773  
  766 1827 1773 1797  
  767 1886 1856 1900  
  768 1718 1734 1776  
  769 1554 1564 1607  
  770 1554 1607 1591  
  771 1591 1607 1647  
  772 1554 1591 1530  
  773 1647 1607 1664  
  774 1647 1664 1702  
  775 1591 1647 1633  
  776 1702 1664 1718  
  777 1718 1664 1677  
  778 1702 1718 1758  
  779 1647 1702 1687  
  780 1758 1718 1776  
  781 1758 1776 1831  
  782 1702 1758 1742  
  783 1856 1827 1882  
  784 1834 1886 1864  
  785 1864 1886 1914  
  786 1914 1886 1932  
  787 1864 1914 1896  
  788 1506 1554 1489  
  789 1751 1714 1774  
  790 1751 1774 1807  
  791 1807 1774 1828  
  792 1751 1807 1792  
  793 1792 1807 1843  
  794 1843 1807 1860  
  795 1792 1843 1829  
  796 1932 1886 1900  
  797 1932 1937 1983  
  798 1914 1932 1963  
  799 1896 1914 1947  
  800 1023 989 1045  
  801 1045 989 1024  
  802 1024 989 970  
  803 1023 1045 1080  
  804 1024 970 1032  
  805 1045 1024 1073  
  806 1045 1073 1111  
  807 1159 1100 1130  
  808 804 746 780  
  809 1864 1896 1846  
  810 1846 1896 1881  
  811 1003 1064 1050  
  812 1860 1807 1828  
  813 1860 1828 1881  
  814 1881 1828 1846  
  815 1846 1828 1793  
  816 1860 1881 1918  
  817 692 675 726  
  818 726 675 711  
  819 711 675 658  
  820 726 711 764  
  821 1483 1454 1509  
  822 1509 1454 1472  
  823 1472 1454 1415  
  824 1472 1415 1446  
  825 1446 1415 1376  
  826 1472 1446 1505  
  827 641 614 588  
  828 1739 1686 1715  
  829 1829 1843 1887  
  830 1887 1843 1906  
  831 1887 1906 1933  
  832 826 861 878  
  833 878 861 934  
  834 826 878 851  
  835 934 861 921  
  836 878 934 956  
  837 1797 1773 1739  
  838 1739 1773 1716  
  839 1797 1739 1768  
  840 1768 1739 1715  
  841 1768 1715 1736  
  842 1736 1715 1681  
  843 1768 1736 1795  
  844 1797 1768 1821  
  845 1681 1715 1657  
  846 1681 1657 1625  
  847 1625 1657 1598  
  848 1598 1657 1627  
  849 1681 1625 1658  
  850 1625 1598 1565  
  851 1736 1681 1707  
  852 1795 1736 1771  
  853 1768 1795 1821  
  854 1821 1795 1850  
  855 1850 1795 1819  
  856 1821 1850 1877  
  857 1819 1795 1771  
  858 1819 1771 1796  
  859 1796 1771 1737  
  860 1819 1796 1852  
  861 1850 1819 1876  
  862 1877 1850 1901  
  863 1821 1877 1848  
  864 1737 1771 1707  
  865 1737 1707 1682  
  866 1796 1737 1770  
  867 1852 1796 1826  
  868 1819 1852 1876  
  869 1876 1852 1902  
  870 1902 1852 1878  
  871 1876 1902 1920  
  872 1598 1627 1569  
  873 1902 1878 1924  
  874 1876 1920 1901  
  875 1901 1920 1959  
  876 1878 1852 1826  
  877 1878 1826 1854  
  878 1854 1826 1799  
  879 1878 1854 1905  
  880 1799 1826 1770  
  881 1799 1770 1740  
  882 1854 1799 1833  
  883 1878 1905 1924  
  884 1924 1905 1946  
  885 1946 1905 1931  
  886 1924 1946 1975  
  887 1920 1902 1943  
  888 1905 1854 1884  
  889 1658 1625 1599  
  890 1565 1598 1536  
  891 1565 1536 1505  
  892 1505 1536 1472  
  893 1565 1505 1534  
  894 1534 1505 1469  
  895 1565 1534 1599  
  896 1682 1707 1658  
  897 1658 1707 1681  
  898 1682 1658 1624  
  899 1624 1658 1599  
  900 1624 1599 1568  
  901 1568 1599 1534  
  902 1624 1568 1600  
  903 1568 1534 1503  
  904 1682 1624 1656  
  905 1600 1568 1541  
  906 1624 1600 1656  
  907 1656 1600 1630  
  908 1630 1600 1571  
  909 1656 1630 1688  
  910 1571 1600 1541  
  911 1571 1541 1510  
  912 1510 1541 1478  
  913 1571 1510 1550  
  914 1630 1571 1605  
  915 1688 1630 1665  
  916 1656 1688 1711  
  917 1478 1541 1503  
  918 1478 1503 1444  
  919 1444 1503 1469  
  920 1478 1444 1417  
  921 1444 1469 1409  
  922 1510 1478 1455  
  923 1550 1510 1486  
  924 1571 1550 1605  
  925 1605 1550 1579  
  926 1579 1550 1516  
  927 1605 1579 1636  
  928 1503 1534 1469  
  929 1417 1444 1381  
  930 1516 1550 1486  
  931 1516 1486 1460  
  932 1460 1486 1422  
  933 1516 1460 1499  
  934 1636 1579 1617  
  935 1568 1503 1541  
  936 1478 1417 1455  
  937 1455 1417 1391  
  938 1391 1417 1357  
  939 1455 1391 1422  
  940 1422 1391 1361  
  941 1455 1422 1486  
  942 1357 1417 1381  
  943 1357 1381 1318  
  944 1318 1381 1345  
  945 1318 1345 1284  
  946 1345 1381 1409  
  947 1284 1345 1317  
  948 1318 1284 1252  
  949 1357 1318 1293  
  950 1409 1381 1444  
  951 1391 1357 1328  
  952 1579 1516 1557  
  953 1605 1636 1665  
  954 1665 1636 1696  
  955 1931 1905 1884  
  956 1931 1884 1911  
  957 1911 1884 1861  
  958 1931 1911 1957  
  959 1460 1422 1399  
  960 1361 1391 1328  
  961 1499 1460 1438  
  962 1293 1318 1252  
  963 1625 1565 1599  
  964 1975 1946 2005  
  965 1357 1293 1328  
  966 1328 1293 1263  
  967 1263 1293 1231  
  968 1328 1263 1300  
  969 1737 1682 1711  
  970 1711 1682 1656  
  971 1737 1711 1770  
  972 1516 1499 1557  
  973 1557 1499 1533  
  974 1533 1499 1470  
  975 1557 1533 1594  
  976 1470 1499 1438  
  977 1470 1438 1412  
  978 1412 1438 1374  
  979 1470 1412 1457  
  980 1533 1470 1512  
  981 1594 1533 1574  
  982 1557 1594 1617  
  983 1617 1594 1655  
  984 614 665 630  
  985 614 630 578  
  986 1843 1860 1906  
  987 1422 1361 1399  
  988 1399 1361 1338  
  989 1338 1361 1300  
  990 1338 1300 1271  
  991 1399 1338 1374  
  992 1300 1361 1328  
  993 1374 1338 1310  
  994 1271 1300 1239  
  995 1338 1271 1310  
  996 1399 1374 1438  
  997 861 804 843  
  998 1946 1931 1973  
  999 675 641 623  
  1000 1792 1829 1776  
  1001 1776 1829 1831  
  1002 1827 1797 1848  
  1003 1848 1797 1821  
  1004 1827 1848 1882  
  1005 1924 1975 1943  
  1006 1943 1975 1997  
  1007 1465 1506 1447  
  1008 1901 1959 1925  
  1009 1412 1374 1352  
  1010 711 658 693  
  1011 1911 1861 1889  
  1012 904 870 929  
  1013 1621 1585 1644  
  1014 1469 1505 1446  
  1015 1469 1446 1409  
  1016 1409 1446 1376  
  1017 1409 1376 1345  
  1018 1263 1231 1198  
  1019 1039 1079 1022  
  1020 726 764 780  
  1021 780 764 819  
  1022 1470 1457 1512  
  1023 1512 1457 1493  
  1024 1493 1457 1436  
  1025 1512 1493 1555  
  1026 1436 1457 1393  
  1027 1493 1436 1471  
  1028 1555 1493 1535  
  1029 1512 1555 1574  
  1030 1574 1555 1614  
  1031 1931 1957 1973  
  1032 1973 1957 2011  
  1033 1526 1548 1584  
  1034 1959 1920 1967  
  1035 1665 1696 1721  
  1036 764 711 747  
  1037 1457 1412 1393  
  1038 1393 1412 1352  
  1039 1393 1352 1332  
  1040 762 789 734  
  1041 1957 1911 1940  
  1042 658 675 623  
  1043 658 623 604  
  1044 604 623 572  
  1045 658 604 645  
  1046 572 623 588  
  1047 572 588 544  
  1048 604 572 561  
  1049 645 604 591  
  1050 658 645 693  
  1051 693 645 680  
  1052 680 645 632  
  1053 693 680 741  
  1054 1696 1636 1674  
  1055 1300 1263 1239  
  1056 1239 1263 1198  
  1057 1239 1198 1175  
  1058 1175 1198 1139  
  1059 1239 1175 1214  
  1060 1374 1310 1352  
  1061 1352 1310 1289  
  1062 1289 1310 1251  
  1063 1352 1289 1332  
  1064 1332 1289 1268  
  1065 1686 1657 1715  
  1066 1231 1293 1252  
  1067 1231 1252 1190  
  1068 1190 1252 1220  
  1069 621 600 567  
  1070 1881 1896 1938  
  1071 1861 1884 1833  
  1072 1861 1833 1808  
  1073 1275 1290 1340  
  1074 600 556 567  
  1075 1617 1655 1674  
  1076 1674 1655 1706  
  1077 1617 1674 1636  
  1078 1706 1655 1691  
  1079 1674 1706 1728  
  1080 693 741 747  
  1081 747 741 807  
  1082 1418 1433 1479  
  1083 1468 1489 1530  
  1084 1530 1489 1554  
  1085 1742 1758 1806  
  1086 705 652 670  
  1087 791 769 826  
  1088 1633 1647 1687  
  1089 1633 1687 1675  
  1090 1675 1687 1729  
  1091 1633 1675 1619  
  1092 1729 1687 1742  
  1093 1675 1729 1731  
  1094 1619 1675 1661  
  1095 1633 1619 1575  
  1096 1575 1619 1560  
  1097 1729 1742 1790  
  1098 713 663 673  
  1099 1068 1032 978  
  1100 819 764 802  
  1101 1253 1262 1311  
  1102 1544 1560 1601  
  1103 1740 1770 1711  
  1104 1510 1455 1486  
  1105 598 630 653  
  1106 653 630 683  
  1107 1850 1876 1901  
  1108 832 813 775  
  1109 846 816 874  
  1110 1900 1856 1882  
  1111 538 586 567  
  1112 567 586 621  
  1113 538 567 516  
  1114 516 567 556  
  1115 538 516 479  
  1116 516 556 495  
  1117 1630 1605 1665  
  1118 1808 1833 1775  
  1119 1025 1020 967  
  1120 1514 1530 1575  
  1121 1634 1659 1692  
  1122 1289 1251 1229  
  1123 578 533 559  
  1124 680 632 669  
  1125 1861 1808 1840  
  1126 743 712 767  
  1127 1343 1362 1405  
  1128 1811 1864 1846  
  1129 1459 1398 1408  
  1130 1804 1743 1773  
  1131 1796 1770 1826  
  1132 1360 1404 1356  
  1133 1356 1404 1402  
  1134 1402 1404 1451  
  1135 1356 1402 1348  
  1136 1348 1402 1419  
  1137 1451 1404 1462  
  1138 1402 1451 1463  
  1139 1463 1451 1504  
  1140 1504 1451 1462  
  1141 1463 1504 1521  
  1142 1462 1404 1418  
  1143 1462 1418 1479  
  1144 1462 1479 1520  
  1145 1520 1479 1540  
  1146 1462 1520 1504  
  1147 1734 1792 1776  
  1148 903 874 932  
  1149 1736 1707 1771  
  1150 1877 1901 1925  
  1151 1433 1369 1379  
  1152 1428 1447 1489  
  1153 1591 1633 1575  
  1154 587 626 580  
  1155 1799 1740 1775  
  1156 1775 1740 1721  
  1157 1775 1721 1752  
  1158 1721 1740 1688  
  1159 1752 1721 1696  
  1160 1775 1752 1808  
  1161 1688 1740 1711  
  1162 1808 1752 1786  
  1163 1752 1696 1728  
  1164 1728 1696 1674  
  1165 1752 1728 1786  
  1166 1808 1786 1840  
  1167 1840 1786 1820  
  1168 1820 1786 1767  
  1169 1840 1820 1875  
  1170 1688 1665 1721  
  1171 533 553 504  
  1172 533 504 485  
  1173 485 504 462  
  1174 533 485 515  
  1175 462 504 481  
  1176 462 481 436  
  1177 485 462 443  
  1178 515 485 469  
  1179 533 515 559  
  1180 559 515 544  
  1181 559 544 588  
  1182 1393 1332 1372  
  1183 1251 1310 1271  
  1184 1251 1271 1214  
  1185 1214 1271 1239  
  1186 1251 1214 1187  
  1187 1187 1214 1151  
  1188 1251 1187 1229  
  1189 1151 1214 1175  
  1190 1151 1175 1117  
  1191 1117 1175 1139  
  1192 1117 1139 1078  
  1193 1151 1117 1088  
  1194 1078 1139 1108  
  1195 1117 1078 1053  
  1196 1088 1117 1053  
  1197 1088 1053 1030  
  1198 1030 1053 990  
  1199 1088 1030 1072  
  1200 1108 1139 1163  
  1201 1053 1078 1019  
  1202 1151 1088 1132  
  1203 1078 1108 1037  
  1204 1187 1151 1132  
  1205 1187 1132 1165  
  1206 1165 1132 1110  
  1207 1187 1165 1229  
  1208 1229 1165 1207  
  1209 1110 1132 1072  
  1210 1110 1072 1046  
  1211 1046 1072 1009  
  1212 1110 1046 1086  
  1213 1207 1165 1146  
  1214 1229 1207 1268  
  1215 1072 1132 1088  
  1216 1009 1072 1030  
  1217 1009 1030 975  
  1218 975 1030 990  
  1219 1009 975 950  
  1220 975 990 921  
  1221 1046 1009 981  
  1222 1110 1086 1146  
  1223 1146 1086 1131  
  1224 1110 1146 1165  
  1225 1131 1086 1071  
  1226 1146 1131 1188  
  1227 1009 950 981  
  1228 981 950 927  
  1229 927 950 882  
  1230 981 927 971  
  1231 1086 1046 1028  
  1232 950 975 921  
  1233 1071 1086 1028  
  1234 1071 1028 1012  
  1235 1012 1028 971  
  1236 971 1028 981  
  1237 1012 971 952  
  1238 1071 1012 1054  
  1239 1188 1131 1174  
  1240 882 950 921  
  1241 971 927 915  
  1242 1131 1071 1114  
  1243 1146 1188 1207  
  1244 1207 1188 1250  
  1245 1250 1188 1234  
  1246 1207 1250 1268  
  1247 1268 1250 1309  
  1248 1309 1250 1294  
  1249 1268 1309 1332  
  1250 1332 1309 1372  
  1251 1234 1188 1174  
  1252 1234 1174 1216  
  1253 1216 1174 1156  
  1254 1234 1216 1276  
  1255 1250 1234 1294  
  1256 1294 1234 1276  
  1257 1294 1276 1339  
  1258 1339 1276 1319  
  1259 1294 1339 1353  
  1260 1309 1294 1353  
  1261 1309 1353 1372  
  1262 1372 1353 1413  
  1263 1413 1353 1394  
  1264 1372 1413 1436  
  1265 1372 1436 1393  
  1266 1276 1216 1264  
  1267 1156 1174 1114  
  1268 1156 1114 1097  
  1269 1097 1114 1054  
  1270 1054 1114 1071  
  1271 1097 1054 1038  
  1272 1156 1097 1144  
  1273 1339 1319 1380  
  1274 927 882 860  
  1275 1216 1156 1200  
  1276 1319 1276 1264  
  1277 1319 1264 1307  
  1278 1307 1264 1247  
  1279 1319 1307 1364  
  1280 1353 1339 1394  
  1281 1394 1339 1380  
  1282 1394 1380 1442  
  1283 1442 1380 1429  
  1284 1394 1442 1456  
  1285 1429 1380 1364  
  1286 1364 1380 1319  
  1287 1442 1429 1487  
  1288 1456 1442 1500  
  1289 1394 1456 1413  
  1290 1413 1456 1471  
  1291 1471 1456 1511  
  1292 1511 1456 1500  
  1293 1511 1500 1558  
  1294 1471 1511 1535  
  1295 1558 1500 1537  
  1296 1511 1558 1570  
  1297 1537 1500 1487  
  1298 1537 1487 1528  
  1299 1528 1487 1466  
  1300 1537 1528 1581  
  1301 1558 1537 1595  
  1302 1570 1558 1615  
  1303 1511 1570 1535  
  1304 1535 1570 1593  
  1305 1593 1570 1626  
  1306 1535 1593 1555  
  1307 1466 1487 1429  
  1308 1466 1429 1410  
  1309 1410 1429 1364  
  1310 1410 1364 1358  
  1311 1466 1410 1461  
  1312 1358 1364 1307  
  1313 1410 1358 1403  
  1314 1358 1307 1299  
  1315 1528 1466 1513  
  1316 1581 1528 1576  
  1317 1537 1581 1595  
  1318 1595 1581 1637  
  1319 1637 1581 1623  
  1320 1595 1637 1653  
  1321 1623 1581 1576  
  1322 1623 1576 1616  
  1323 1616 1576 1561  
  1324 1623 1616 1668  
  1325 1637 1623 1679  
  1326 1653 1637 1694  
  1327 1595 1653 1615  
  1328 1615 1653 1669  
  1329 1669 1653 1705  
  1330 1615 1669 1626  
  1331 1615 1626 1570  
  1332 1626 1669 1680  
  1333 1680 1669 1725  
  1334 1626 1680 1651  
  1335 1561 1576 1513  
  1336 1561 1513 1502  
  1337 1502 1513 1461  
  1338 1461 1513 1466  
  1339 1502 1461 1448  
  1340 1561 1502 1556  
  1341 1616 1561 1604  
  1342 1668 1616 1662  
  1343 1623 1668 1679  
  1344 1679 1668 1724  
  1345 1724 1668 1708  
  1346 1679 1724 1733  
  1347 1299 1307 1247  
  1348 1708 1668 1662  
  1349 1708 1662 1703  
  1350 1703 1662 1652  
  1351 1708 1703 1764  
  1352 1733 1724 1777  
  1353 1358 1299 1344  
  1354 1724 1708 1766  
  1355 1679 1733 1694  
  1356 1694 1733 1746  
  1357 1593 1626 1651  
  1358 1593 1651 1614  
  1359 1614 1651 1667  
  1360 1667 1651 1704  
  1361 1614 1667 1639  
  1362 1461 1410 1403  
  1363 1461 1403 1448  
  1364 1448 1403 1392  
  1365 1392 1403 1344  
  1366 1392 1344 1336  
  1367 1448 1392 1441  
  1368 1336 1344 1287  
  1369 1392 1336 1387  
  1370 1703 1652 1693  
  1371 1614 1639 1574  
  1372 1448 1441 1497  
  1373 1392 1387 1441  
  1374 1441 1387 1437  
  1375 1437 1387 1375  
  1376 1441 1437 1492  
  1377 1502 1448 1497  
  1378 1502 1497 1556  
  1379 1708 1764 1766  
  1380 1766 1764 1830  
  1381 1336 1287 1274  
  1382 1652 1662 1604  
  1383 1652 1604 1596  
  1384 1639 1667 1691  
  1385 1639 1691 1655  
  1386 1287 1344 1299  
  1387 1287 1299 1240  
  1388 1240 1299 1247  
  1389 1287 1240 1230  
  1390 1240 1247 1189  
  1391 1189 1247 1200  
  1392 1189 1200 1144  
  1393 1144 1200 1156  
  1394 1189 1144 1133  
  1395 1240 1189 1179  
  1396 1133 1144 1082  
  1397 1189 1133 1179  
  1398 1179 1133 1126  
  1399 1764 1703 1748  
  1400 1387 1336 1331  
  1401 1126 1133 1075  
  1402 1179 1126 1170  
  1403 1746 1733 1787  
  1404 1694 1746 1705  
  1405 1694 1705 1653  
  1406 1705 1746 1761  
  1407 1761 1746 1803  
  1408 1705 1761 1725  
  1409 1725 1761 1779  
  1410 1779 1761 1812  
  1411 1725 1779 1741  
  1412 1403 1358 1344  
  1413 1725 1669 1705  
  1414 1652 1596 1641  
  1415 1287 1230 1274  
  1416 1274 1230 1218  
  1417 1218 1230 1170  
  1418 1218 1170 1161  
  1419 1274 1218 1269  
  1420 1170 1230 1179  
  1421 1161 1170 1118  
  1422 1218 1161 1215  
  1423 1179 1230 1240  
  1424 1118 1170 1126  
  1425 1118 1126 1065  
  1426 1065 1126 1075  
  1427 1118 1065 1056  
  1428 1065 1075 1021  
  1429 1021 1075 1027  
  1430 1065 1021 1010  
  1431 1161 1118 1109  
  1432 1215 1161 1157  
  1433 1218 1215 1269  
  1434 1269 1215 1266  
  1435 1266 1215 1211  
  1436 1269 1266 1321  
  1437 1680 1725 1741  
  1438 1596 1604 1556  
  1439 1556 1604 1561  
  1440 1596 1556 1539  
  1441 1539 1556 1497  
  1442 1539 1497 1492  
  1443 1539 1492 1538  
  1444 1492 1497 1441  
  1445 1538 1492 1482  
  1446 1539 1538 1590  
  1447 1596 1539 1590  
  1448 1596 1590 1641  
  1449 1641 1590 1635  
  1450 1635 1590 1577  
  1451 1641 1635 1690  
  1452 1482 1492 1437  
  1453 1482 1437 1427  
  1454 1427 1437 1375  
  1455 1482 1427 1481  
  1456 1427 1375 1373  
  1457 1373 1375 1321  
  1458 1427 1373 1425  
  1459 1321 1375 1331  
  1460 1321 1331 1269  
  1461 1331 1375 1387  
  1462 1373 1321 1316  
  1463 1538 1482 1531  
  1464 1590 1538 1577  
  1465 1577 1538 1531  
  1466 1577 1531 1597  
  1467 1597 1531 1549  
  1468 1577 1597 1635  
  1469 1481 1427 1425  
  1470 1482 1481 1531  
  1471 1531 1481 1549  
  1472 1597 1549 1620  
  1473 1481 1425 1480  
  1474 1118 1056 1109  
  1475 1109 1056 1051  
  1476 1051 1056 1001  
  1477 1109 1051 1105  
  1478 1274 1269 1331  
  1479 1056 1065 1010  
  1480 1056 1010 1001  
  1481 1001 1010 955  
  1482 955 1010 962  
  1483 1001 955 948  
  1484 1425 1373 1368  
  1485 1558 1595 1615  
  1486 1690 1635 1697  
  1487 1001 948 998  
  1488 1637 1679 1694  
  1489 1105 1051 1047  
  1490 1316 1321 1266  
  1491 1316 1266 1259  
  1492 1259 1266 1211  
  1493 1259 1211 1208  
  1494 1316 1259 1313  
  1495 1208 1211 1153  
  1496 1259 1208 1257  
  1497 1313 1259 1257  
  1498 1313 1257 1314  
  1499 1316 1313 1368  
  1500 1368 1313 1366  
  1501 1051 1001 998  
  1502 1051 998 1047  
  1503 1047 998 994  
  1504 962 1010 1021  
  1505 962 1021 972  
  1506 972 1021 1027  
  1507 972 1027 977  
  1508 962 972 919  
  1509 977 1027 1038  
  1510 977 1038 997  
  1511 1038 1027 1082  
  1512 997 1038 1054  
  1513 977 997 935  
  1514 1082 1027 1075  
  1515 997 1054 1012  
  1516 997 1012 952  
  1517 972 977 926  
  1518 935 997 952  
  1519 935 952 896  
  1520 896 952 915  
  1521 915 952 971  
  1522 935 896 881  
  1523 977 935 926  
  1524 926 935 881  
  1525 926 881 873  
  1526 873 881 828  
  1527 926 873 919  
  1528 919 873 867  
  1529 867 873 820  
  1530 919 867 912  
  1531 820 873 828  
  1532 820 828 776  
  1533 776 828 788  
  1534 820 776 766  
  1535 867 820 811  
  1536 912 867 859  
  1537 919 912 962  
  1538 962 912 955  
  1539 955 912 902  
  1540 902 912 859  
  1541 902 859 852  
  1542 955 902 948  
  1543 852 859 808  
  1544 902 852 900  
  1545 948 902 900  
  1546 948 900 947  
  1547 947 900 895  
  1548 948 947 998  
  1549 998 947 994  
  1550 994 947 936  
  1551 936 947 895  
  1552 936 895 893  
  1553 994 936 987  
  1554 893 895 842  
  1555 936 893 939  
  1556 808 859 811  
  1557 808 811 760  
  1558 760 811 766  
  1559 766 811 820  
  1560 760 766 716  
  1561 808 760 756  
  1562 716 766 721  
  1563 760 716 708  
  1564 852 808 797  
  1565 900 852 849  
  1566 895 900 849  
  1567 895 849 842  
  1568 842 849 793  
  1569 793 849 797  
  1570 793 797 748  
  1571 842 793 792  
  1572 748 797 756  
  1573 756 797 808  
  1574 748 756 703  
  1575 793 748 749  
  1576 703 756 708  
  1577 703 708 659  
  1578 748 703 697  
  1579 659 708 667  
  1580 703 659 657  
  1581 792 793 749  
  1582 792 749 745  
  1583 745 749 699  
  1584 792 745 794  
  1585 842 792 838  
  1586 745 699 698  
  1587 792 794 838  
  1588 838 794 847  
  1589 847 794 798  
  1590 838 847 894  
  1591 699 749 697  
  1592 699 697 651  
  1593 651 697 657  
  1594 657 697 703  
  1595 651 657 613  
  1596 699 651 655  
  1597 613 657 617  
  1598 794 745 753  
  1599 651 613 603  
  1600 749 748 697  
  1601 657 659 617  
  1602 617 659 620  
  1603 620 659 667  
  1604 617 620 571  
  1605 620 667 625  
  1606 625 667 672  
  1607 620 625 582  
  1608 838 894 893  
  1609 893 894 939  
  1610 939 894 940  
  1611 838 893 842  
  1612 940 894 889  
  1613 939 940 993  
  1614 617 571 568  
  1615 889 894 847  
  1616 889 847 845  
  1617 845 847 798  
  1618 845 798 801  
  1619 889 845 897  
  1620 801 798 752  
  1621 845 801 854  
  1622 897 845 854  
  1623 897 854 906  
  1624 889 897 941  
  1625 752 798 753  
  1626 753 798 794  
  1627 752 753 702  
  1628 702 753 698  
  1629 702 698 654  
  1630 752 702 704  
  1631 654 698 655  
  1632 655 698 699  
  1633 654 655 612  
  1634 702 654 664  
  1635 612 655 603  
  1636 612 603 564  
  1637 654 612 616  
  1638 564 603 563  
  1639 612 564 566  
  1640 664 654 616  
  1641 702 664 704  
  1642 704 664 666  
  1643 666 664 619  
  1644 704 666 717  
  1645 619 664 616  
  1646 619 616 569  
  1647 569 616 566  
  1648 566 616 612  
  1649 569 566 526  
  1650 619 569 581  
  1651 526 566 527  
  1652 569 526 518  
  1653 666 619 622  
  1654 717 666 674  
  1655 704 717 758  
  1656 752 704 758  
  1657 752 758 801  
  1658 801 758 805  
  1659 805 758 755  
  1660 801 805 854  
  1661 755 758 717  
  1662 755 717 718  
  1663 718 717 674  
  1664 718 674 695  
  1665 755 718 751  
  1666 718 695 751  
  1667 751 695 733  
  1668 805 755 806  
  1669 993 940 995  
  1670 906 854 855  
  1671 667 708 716  
  1672 667 716 672  
  1673 672 716 721  
  1674 672 721 669  
  1675 897 906 951  
  1676 571 620 582  
  1677 939 993 987  
  1678 939 987 936  
  1679 987 993 1042  
  1680 940 889 941  
  1681 940 941 995  
  1682 995 941 988  
  1683 988 941 951  
  1684 988 951 1000  
  1685 995 988 1044  
  1686 1000 951 949  
  1687 988 1000 1048  
  1688 949 951 906  
  1689 949 906 911  
  1690 1000 949 1017  
  1691 1048 1000 1057  
  1692 988 1048 1044  
  1693 1044 1048 1106  
  1694 1106 1048 1115  
  1695 1044 1106 1092  
  1696 1092 1106 1155  
  1697 1044 1092 1036  
  1698 995 1044 1036  
  1699 995 1036 993  
  1700 993 1036 1042  
  1701 526 527 491  
  1702 569 518 581  
  1703 527 566 564  
  1704 527 564 523  
  1705 523 564 563  
  1706 523 563 521  
  1707 527 523 488  
  1708 521 563 568  
  1709 523 521 486  
  1710 568 563 613  
  1711 568 613 617  
  1712 488 523 486  
  1713 488 486 445  
  1714 527 488 491  
  1715 491 488 447  
  1716 447 488 445  
  1717 447 445 409  
  1718 491 447 454  
  1719 409 445 411  
  1720 447 409 414  
  1721 454 447 414  
  1722 454 414 419  
  1723 419 414 379  
  1724 454 419 464  
  1725 411 445 451  
  1726 414 409 372  
  1727 491 454 492  
  1728 409 411 370  
  1729 486 521 487  
  1730 445 486 451  
  1731 451 486 487  
  1732 451 487 446  
  1733 446 487 489  
  1734 451 446 412  
  1735 489 487 524  
  1736 446 489 450  
  1737 412 446 410  
  1738 451 412 411  
  1739 411 412 371  
  1740 371 412 373  
  1741 411 371 370  
  1742 370 371 331  
  1743 331 371 335  
  1744 370 331 332  
  1745 373 412 410  
  1746 373 410 374  
  1747 374 410 415  
  1748 373 374 336  
  1749 371 373 335  
  1750 335 373 336  
  1751 335 336 301  
  1752 301 336 308  
  1753 335 301 306  
  1754 308 336 345  
  1755 301 308 272  
  1756 306 301 269  
  1757 335 306 331  
  1758 331 306 304  
  1759 304 306 274  
  1760 331 304 332  
  1761 332 304 307  
  1762 307 304 273  
  1763 332 307 344  
  1764 274 306 269  
  1765 274 269 242  
  1766 242 269 245  
  1767 274 242 246  
  1768 304 274 273  
  1769 245 269 272  
  1770 245 272 243  
  1771 243 272 277  
  1772 245 243 216  
  1773 242 245 214  
  1774 246 242 218  
  1775 274 246 273  
  1776 273 246 251  
  1777 251 246 220  
  1778 273 251 287  
  1779 220 246 218  
  1780 220 218 191  
  1781 251 220 208  
  1782 208 220 191  
  1783 208 191 183  
  1784 287 251 235  
  1785 273 287 307  
  1786 307 287 318  
  1787 318 287 278  
  1788 307 318 344  
  1789 344 318 356  
  1790 356 318 313  
  1791 344 356 379  
  1792 379 356 396  
  1793 344 379 372  
  1794 344 372 332  
  1795 396 356 351  
  1796 379 396 419  
  1797 419 396 428  
  1798 372 379 414  
  1799 332 372 370  
  1800 428 396 391  
  1801 419 428 464  
  1802 464 428 476  
  1803 476 428 422  
  1804 464 476 518  
  1805 415 410 450  
  1806 415 450 456  
  1807 456 450 496  
  1808 415 456 420  
  1809 374 415 386  
  1810 336 374 345  
  1811 345 374 386  
  1812 345 386 353  
  1813 496 450 489  
  1814 496 489 530  
  1815 530 489 524  
  1816 530 524 571  
  1817 496 530 535  
  1818 456 496 499  
  1819 420 456 463  
  1820 415 420 386  
  1821 386 420 392  
  1822 392 420 432  
  1823 386 392 353  
  1824 353 392 360  
  1825 432 420 463  
  1826 432 463 474  
  1827 474 463 502  
  1828 432 474 440  
  1829 392 432 402  
  1830 360 392 402  
  1831 353 360 319  
  1832 502 463 499  
  1833 502 499 543  
  1834 543 499 535  
  1835 502 543 546  
  1836 535 499 496  
  1837 543 535 579  
  1838 474 502 517  
  1839 440 474 480  
  1840 432 440 402  
  1841 402 440 408  
  1842 408 440 452  
  1843 402 408 368  
  1844 452 440 480  
  1845 452 480 498  
  1846 498 480 522  
  1847 452 498 469  
  1848 408 452 426  
  1849 368 408 378  
  1850 402 368 360  
  1851 360 368 327  
  1852 327 368 342  
  1853 360 327 319  
  1854 522 480 517  
  1855 522 517 561  
  1856 522 561 572  
  1857 498 522 544  
  1858 277 272 308  
  1859 243 277 247  
  1860 216 243 217  
  1861 245 216 214  
  1862 214 216 188  
  1863 188 216 192  
  1864 214 188 189  
  1865 192 216 217  
  1866 192 217 193  
  1867 193 217 223  
  1868 192 193 165  
  1869 188 192 162  
  1870 189 188 160  
  1871 214 189 218  
  1872 218 189 191  
  1873 223 217 247  
  1874 223 247 254  
  1875 254 247 284  
  1876 223 254 226  
  1877 193 223 198  
  1878 165 193 168  
  1879 192 165 162  
  1880 162 165 141  
  1881 141 165 145  
  1882 162 141 133  
  1883 145 165 168  
  1884 145 168 148  
  1885 148 168 172  
  1886 145 148 123  
  1887 141 145 113  
  1888 172 168 198  
  1889 172 198 203  
  1890 148 172 156  
  1891 123 148 134  
  1892 145 123 113  
  1893 284 247 277  
  1894 284 277 312  
  1895 312 277 308  
  1896 284 312 319  
  1897 319 312 353  
  1898 254 284 291  
  1899 226 254 258  
  1900 223 226 198  
  1901 198 226 203  
  1902 203 226 234  
  1903 234 226 258  
  1904 234 258 267  
  1905 267 258 294  
  1906 234 267 250  
  1907 203 234 222  
  1908 294 258 291  
  1909 294 291 327  
  1910 267 294 311  
  1911 250 267 288  
  1912 234 250 222  
  1913 222 250 228  
  1914 228 250 262  
  1915 222 228 197  
  1916 262 250 288  
  1917 262 288 297  
  1918 297 288 321  
  1919 262 297 279  
  1920 228 262 244  
  1921 197 228 205  
  1922 222 197 190  
  1923 321 288 311  
  1924 321 311 350  
  1925 297 321 333  
  1926 279 297 316  
  1927 262 279 244  
  1928 244 279 259  
  1929 259 279 295  
  1930 244 259 224  
  1931 295 279 316  
  1932 295 316 330  
  1933 330 316 357  
  1934 295 330 317  
  1935 259 295 283  
  1936 224 259 237  
  1937 244 224 205  
  1938 205 224 195  
  1939 357 316 333  
  1940 357 333 385  
  1941 330 357 377  
  1942 317 330 359  
  1943 295 317 283  
  1944 283 317 298  
  1945 298 317 334  
  1946 283 298 261  
  1947 172 203 190  
  1948 190 203 222  
  1949 172 190 156  
  1950 321 350 362  
  1951 298 334 323  
  1952 283 261 237  
  1953 237 261 227  
  1954 350 311 342  
  1955 334 317 359  
  1956 334 359 384  
  1957 384 359 401  
  1958 334 384 364  
  1959 261 298 289  
  1960 401 359 377  
  1961 401 377 423  
  1962 384 401 427  
  1963 334 364 323  
  1964 323 364 349  
  1965 349 364 394  
  1966 323 349 309  
  1967 518 526 492  
  1968 492 526 491  
  1969 518 492 464  
  1970 464 492 454  
  1971 364 384 405  
  1972 1082 1075 1133  
  1973 563 603 613  
  1974 619 581 622  
  1975 622 581 585  
  1976 585 581 537  
  1977 622 585 639  
  1978 537 581 518  
  1979 537 518 476  
  1980 585 537 557  
  1981 309 349 329  
  1982 195 224 206  
  1983 394 364 405  
  1984 394 405 433  
  1985 433 405 459  
  1986 394 433 418  
  1987 828 881 844  
  1988 546 543 584  
  1989 205 195 173  
  1990 323 309 289  
  1991 289 309 266  
  1992 994 987 1043  
  1993 502 546 517  
  1994 517 546 561  
  1995 349 394 376  
  1996 919 972 926  
  1997 1036 1092 1085  
  1998 242 214 218  
  1999 433 459 495  
  2000 1155 1106 1169  
  2001 353 312 345  
  2002 357 385 400  
  2003 756 760 708  
  2004 342 368 378  
  2005 342 378 350  
  2006 394 418 376  
  2007 376 418 406  
  2008 406 418 449  
  2009 376 406 365  
  2010 1092 1155 1145  
  2011 269 301 272  
  2012 237 227 206  
  2013 237 206 224  
  2014 206 227 196  
  2015 196 227 215  
  2016 206 196 175  
  2017 1803 1746 1787  
  2018 1109 1105 1157  
  2019 1157 1105 1153  
  2020 1157 1153 1211  
  2021 1157 1211 1215  
  2022 418 433 458  
  2023 1641 1690 1693  
  2024 1641 1693 1652  
  2025 227 261 253  
  2026 1761 1803 1812  
  2027 1812 1803 1853  
  2028 1853 1803 1851  
  2029 1812 1853 1863  
  2030 1851 1803 1787  
  2031 1851 1787 1832  
  2032 1853 1851 1910  
  2033 1812 1863 1825  
  2034 1851 1832 1895  
  2035 1863 1853 1908  
  2036 1832 1787 1777  
  2037 1777 1787 1733  
  2038 1832 1777 1822  
  2039 1822 1777 1766  
  2040 1822 1766 1830  
  2041 1832 1822 1883  
  2042 308 345 312  
  2043 327 342 294  
  2044 1373 1316 1368  
  2045 385 333 362  
  2046 362 333 321  
  2047 385 362 404  
  2048 404 362 387  
  2049 385 404 436  
  2050 459 405 427  
  2051 459 427 479  
  2052 788 828 844  
  2053 788 844 807  
  2054 134 148 156  
  2055 401 423 453  
  2056 1764 1748 1816  
  2057 941 897 951  
  2058 474 517 480  
  2059 190 197 166  
  2060 1724 1766 1777  
  2061 674 666 622  
  2062 409 370 372  
  2063 288 267 311  
  2064 881 896 844  
  2065 844 896 865  
  2066 865 896 915  
  2067 844 865 807  
  2068 987 1042 1043  
  2069 1043 1042 1098  
  2070 1098 1042 1085  
  2071 1085 1042 1036  
  2072 1043 1098 1099  
  2073 316 297 333  
  2074 1576 1528 1513  
  2075 776 788 727  
  2076 311 294 342  
  2077 365 406 399  
  2078 1779 1812 1825  
  2079 1779 1825 1794  
  2080 1794 1825 1847  
  2081 1779 1794 1741  
  2082 1741 1794 1762  
  2083 1762 1794 1813  
  2084 1741 1762 1704  
  2085 1847 1825 1874  
  2086 1794 1847 1813  
  2087 1813 1847 1865  
  2088 1865 1847 1897  
  2089 1813 1865 1837  
  2090 1762 1813 1781  
  2091 1704 1762 1722  
  2092 1741 1704 1680  
  2093 1897 1847 1874  
  2094 1897 1874 1926  
  2095 1926 1863 1908  
  2096 1897 1926 1961  
  2097 1865 1897 1915  
  2098 1837 1865 1888  
  2099 1813 1837 1781  
  2100 1781 1837 1805  
  2101 1805 1837 1857  
  2102 1781 1805 1747  
  2103 1874 1825 1863  
  2104 1874 1863 1926  
  2105 1722 1762 1781  
  2106 1857 1837 1888  
  2107 1857 1888 1907  
  2108 1907 1888 1935  
  2109 1857 1907 1875  
  2110 1747 1805 1767  
  2111 1747 1767 1706  
  2112 1704 1722 1667  
  2113 1704 1651 1680  
  2114 1805 1857 1820  
  2115 1805 1820 1767  
  2116 1781 1747 1722  
  2117 160 188 162  
  2118 1908 1853 1910  
  2119 1662 1616 1604  
  2120 582 625 579  
  2121 543 579 584  
  2122 205 228 244  
  2123 1703 1693 1748  
  2124 805 806 855  
  2125 168 193 198  
  2126 766 776 721  
  2127 721 776 727  
  2128 721 727 669  
  2129 123 114 98  
  2130 449 418 458  
  2131 449 458 497  
  2132 497 458 495  
  2133 449 497 490  
  2134 490 497 534  
  2135 449 490 439  
  2136 535 530 582  
  2137 376 365 329  
  2138 329 365 326  
  2139 625 672 635  
  2140 423 377 400  
  2141 400 377 357  
  2142 423 400 436  
  2143 436 400 385  
  2144 806 755 751  
  2145 406 449 439  
  2146 406 439 399  
  2147 399 439 431  
  2148 579 535 582  
  2149 1082 1144 1097  
  2150 1082 1097 1038  
  2151 189 160 161  
  2152 197 205 173  
  2153 291 284 319  
  2154 326 365 358  
  2155 1368 1366 1424  
  2156 855 854 805  
  2157 261 289 253  
  2158 253 289 266  
  2159 253 266 232  
  2160 232 266 260  
  2161 253 232 215  
  2162 215 232 202  
  2163 202 232 225  
  2164 215 202 181  
  2165 651 603 655  
  2166 196 215 181  
  2167 404 387 443  
  2168 404 443 462  
  2169 387 362 350  
  2170 387 350 378  
  2171 1099 1098 1152  
  2172 1247 1264 1200  
  2173 1047 994 1043  
  2174 1047 1043 1099  
  2175 1047 1099 1105  
  2176 1105 1099 1153  
  2177 258 254 291  
  2178 426 452 469  
  2179 1935 1888 1915  
  2180 1331 1336 1274  
  2181 289 298 323  
  2182 1257 1208 1209  
  2183 463 456 499  
  2184 990 1053 1019  
  2185 990 1019 934  
  2186 217 243 247  
  2187 266 309 296  
  2188 487 521 524  
  2189 330 377 359  
  2190 215 227 253  
  2191 1208 1153 1152  
  2192 1152 1153 1099  
  2193 446 450 410  
  2194 259 283 237  
  2195 206 175 195  
  2196 195 175 163  
  2197 163 175 152  
  2198 195 163 173  
  2199 173 163 149  
  2200 149 163 132  
  2201 173 149 166  
  2202 152 175 169  
  2203 163 152 132  
  2204 132 152 127  
  2205 149 132 117  
  2206 127 152 136  
  2207 132 127 107  
  2208 136 152 169  
  2209 136 169 155  
  2210 127 136 108  
  2211 155 169 181  
  2212 155 181 167  
  2213 167 181 202  
  2214 155 167 135  
  2215 167 202 194  
  2216 136 155 135  
  2217 181 169 196  
  2218 196 169 175  
  2219 194 202 225  
  2220 167 194 164  
  2221 117 132 107  
  2222 149 117 138  
  2223 329 326 296  
  2224 329 296 309  
  2225 296 326 290  
  2226 290 326 320  
  2227 296 290 260  
  2228 260 290 256  
  2229 1481 1480 1549  
  2230 1549 1480 1527  
  2231 1527 1480 1475  
  2232 1549 1589 1620  
  2233 1475 1480 1424  
  2234 1475 1424 1434  
  2235 1434 1424 1366  
  2236 1475 1434 1508  
  2237 1527 1475 1552  
  2238 1480 1425 1424  
  2239 849 852 797  
  2240 1366 1313 1314  
  2241 1366 1314 1367  
  2242 1367 1314 1315  
  2243 1366 1367 1434  
  2244 1315 1314 1258  
  2245 1367 1315 1370  
  2246 378 408 426  
  2247 906 855 911  
  2248 431 439 477  
  2249 880 858 822  
  2250 1702 1742 1687  
  2251 921 861 843  
  2252 934 921 990  
  2253 632 645 591  
  2254 632 591 584  
  2255 1100 1068 1130  
  2256 1130 1068 1108  
  2257 1130 1108 1163  
  2258 1655 1594 1639  
  2259 731 677 709  
  2260 1501 1544 1490  
  2261 1490 1544 1540  
  2262 753 745 698  
  2263 956 934 1019  
  2264 1907 1935 1956  
  2265 560 538 512  
  2266 780 819 843  
  2267 780 843 804  
  2268 843 819 882  
  2269 1622 1664 1607  
  2270 741 680 727  
  2271 568 571 524  
  2272 663 701 649  
  2273 970 903 932  
  2274 970 932 978  
  2275 626 636 673  
  2276 626 673 663  
  2277 626 663 611  
  2278 611 663 649  
  2279 626 611 580  
  2280 580 611 570  
  2281 570 611 601  
  2282 580 570 534  
  2283 534 570 545  
  2284 545 570 601  
  2285 534 545 490  
  2286 601 611 649  
  2287 601 649 637  
  2288 637 649 684  
  2289 637 684 661  
  2290 661 684 722  
  2291 637 661 607  
  2292 601 637 607  
  2293 607 661 633  
  2294 633 661 685  
  2295 607 633 583  
  2296 878 956 907  
  2297 907 956 978  
  2298 1848 1877 1904  
  2299 556 587 539  
  2300 399 431 381  
  2301 102 88 113  
  2302 102 113 123  
  2303 1181 1129 1134  
  2304 863 914 864  
  2305 453 423 484  
  2306 115 105 133  
  2307 115 133 141  
  2308 634 586 605  
  2309 1594 1574 1639  
  2310 908 898 856  
  2311 908 856 864  
  2312 384 427 405  
  2313 147 140 161  
  2314 147 161 160  
  2315 147 160 133  
  2316 147 133 122  
  2317 932 907 978  
  2318 591 604 561  
  2319 803 783 750  
  2320 803 750 765  
  2321 765 750 714  
  2322 803 765 814  
  2323 714 750 696  
  2324 714 696 662  
  2325 696 750 732  
  2326 662 696 646  
  2327 662 646 615  
  2328 714 662 676  
  2329 646 696 678  
  2330 615 646 597  
  2331 615 597 562  
  2332 662 615 631  
  2333 597 646 627  
  2334 562 597 574  
  2335 631 615 577  
  2336 662 631 676  
  2337 676 631 647  
  2338 647 631 594  
  2339 676 647 700  
  2340 714 676 729  
  2341 594 631 577  
  2342 594 577 547  
  2343 547 577 531  
  2344 594 547 565  
  2345 647 594 618  
  2346 700 647 671  
  2347 676 700 729  
  2348 729 700 757  
  2349 757 700 723  
  2350 729 757 799  
  2351 723 700 671  
  2352 723 671 685  
  2353 685 671 633  
  2354 757 723 771  
  2355 799 757 812  
  2356 729 799 765  
  2357 765 799 814  
  2358 814 799 864  
  2359 729 765 714  
  2360 531 577 562  
  2361 547 531 501  
  2362 565 547 519  
  2363 594 565 618  
  2364 618 565 583  
  2365 583 565 536  
  2366 536 565 519  
  2367 536 519 493  
  2368 583 536 558  
  2369 493 519 478  
  2370 536 493 514  
  2371 478 519 501  
  2372 478 501 457  
  2373 457 501 494  
  2374 478 457 434  
  2375 493 478 444  
  2376 514 493 473  
  2377 536 514 558  
  2378 558 514 545  
  2379 494 501 531  
  2380 494 531 510  
  2381 457 494 465  
  2382 434 457 407  
  2383 478 434 444  
  2384 444 434 403  
  2385 403 434 395  
  2386 444 403 431  
  2387 395 434 407  
  2388 395 407 375  
  2389 375 407 380  
  2390 395 375 348  
  2391 403 395 363  
  2392 348 375 343  
  2393 395 348 363  
  2394 363 348 322  
  2395 322 348 303  
  2396 363 322 337  
  2397 337 322 293  
  2398 363 337 381  
  2399 473 493 444  
  2400 583 558 607  
  2401 514 473 477  
  2402 477 473 431  
  2403 431 473 444  
  2404 803 814 856  
  2405 856 814 864  
  2406 864 799 863  
  2407 803 856 840  
  2408 403 363 381  
  2409 577 615 562  
  2410 293 322 280  
  2411 337 293 320  
  2412 320 293 290  
  2413 337 320 358  
  2414 671 647 618  
  2415 771 723 761  
  2416 812 757 771  
  2417 519 547 501  
  2418 457 465 421  
  2419 457 421 407  
  2420 421 465 441  
  2421 799 812 863  
  2422 863 812 866  
  2423 235 240 278  
  2424 235 278 287  
  2425 1050 983 1003  
  2426 166 197 173  
  2427 313 315 351  
  2428 313 351 356  
  2429 1131 1114 1174  
  2430 391 398 422  
  2431 391 422 428  
  2432 510 482 465  
  2433 510 465 494  
  2434 466 483 507  
  2435 466 507 476  
  2436 466 476 422  
  2437 466 422 442  
  2438 578 559 614  
  2439 421 397 380  
  2440 421 380 407  
  2441 375 380 343  
  2442 343 380 354  
  2443 557 575 596  
  2444 557 596 585  
  2445 706 681 650  
  2446 349 376 329  
  2447 343 314 303  
  2448 343 303 348  
  2449 639 679 695  
  2450 639 695 674  
  2451 1925 1959 1970  
  2452 265 239 241  
  2453 265 241 280  
  2454 751 784 810  
  2455 751 810 806  
  2456 806 810 857  
  2457 857 810 841  
  2458 1210 1166 1237  
  2459 207 182 186  
  2460 207 186 221  
  2461 221 186 194  
  2462 207 221 252  
  2463 252 221 256  
  2464 207 252 241  
  2465 241 252 280  
  2466 207 241 209  
  2467 857 899 911  
  2468 857 911 855  
  2469 747 807 802  
  2470 747 802 764  
  2471 802 807 860  
  2472 164 139 146  
  2473 164 146 167  
  2474 957 1008 1017  
  2475 957 1017 949  
  2476 957 949 911  
  2477 957 911 954  
  2478 1046 981 1028  
  2479 625 635 579  
  2480 135 106 116  
  2481 135 116 136  
  2482 1057 1121 1115  
  2483 1057 1115 1048  
  2484 1959 1967 2000  
  2485 108 87 107  
  2486 108 107 127  
  2487 108 136 116  
  2488 108 116 93  
  2489 1169 1228 1223  
  2490 1169 1217 1155  
  2491 1139 1198 1163  
  2492 1163 1198 1231  
  2493 1163 1231 1190  
  2494 1163 1190 1130  
  2495 97 79 92  
  2496 97 92 117  
  2497 1273 1334 1326  
  2498 1273 1326 1267  
  2499 1267 1326 1320  
  2500 1273 1267 1217  
  2501 1320 1326 1371  
  2502 1320 1371 1370  
  2503 1370 1371 1420  
  2504 1370 1420 1407  
  2505 1320 1370 1315  
  2506 1320 1315 1265  
  2507 1371 1326 1378  
  2508 1420 1371 1432  
  2509 1407 1420 1464  
  2510 1407 1464 1434  
  2511 1407 1434 1367  
  2512 1407 1367 1370  
  2513 1464 1420 1477  
  2514 1265 1315 1258  
  2515 1320 1265 1267  
  2516 1267 1265 1213  
  2517 1213 1265 1212  
  2518 1267 1213 1217  
  2519 1217 1213 1155  
  2520 1265 1258 1212  
  2521 1212 1258 1209  
  2522 1212 1209 1154  
  2523 1209 1258 1257  
  2524 1154 1209 1152  
  2525 1212 1154 1145  
  2526 1257 1258 1314  
  2527 1213 1212 1145  
  2528 1273 1217 1223  
  2529 1223 1217 1169  
  2530 1273 1223 1278  
  2531 1216 1200 1264  
  2532 2000 2039 2004  
  2533 2000 2004 1959  
  2534 978 1032 970  
  2535 266 296 260  
  2536 1995 2031 1989  
  2537 1995 1989 1958  
  2538 1958 1989 1937  
  2539 1995 1958 1970  
  2540 1995 1970 2004  
  2541 2004 1970 1959  
  2542 1970 1958 1925  
  2543 1995 2004 2033  
  2544 1937 1989 1983  
  2545 1937 1932 1900  
  2546 1983 1989 2022  
  2547 1958 1937 1904  
  2548 1967 1920 1943  
  2549 1967 1943 1997  
  2550 1508 1566 1552  
  2551 1508 1552 1475  
  2552 1983 2015 1979  
  2553 1983 1979 1932  
  2554 1932 1979 1963  
  2555 1963 1979 2007  
  2556 1143 1128 1087  
  2557 1087 1128 1069  
  2558 1589 1646 1620  
  2559 1589 1549 1527  
  2560 1963 1991 1947  
  2561 1963 1947 1914  
  2562 1663 1719 1697  
  2563 1697 1635 1663  
  2564 1663 1635 1597  
  2565 1938 1965 1918  
  2566 1938 1918 1881  
  2567 503 484 461  
  2568 1865 1915 1888  
  2569 1730 1785 1763  
  2570 1730 1763 1690  
  2571 1730 1690 1697  
  2572 1730 1697 1753  
  2573 1833 1799 1775  
  2574 1535 1493 1471  
  2575 1791 1845 1816  
  2576 1791 1816 1748  
  2577 1791 1748 1763  
  2578 1791 1763 1815  
  2579 1872 1892 1831  
  2580 1872 1831 1829  
  2581 1872 1829 1887  
  2582 1872 1887 1912  
  2583 1515 1578 1553  
  2584 1830 1893 1862  
  2585 1830 1862 1822  
  2586 1822 1862 1883  
  2587 1883 1862 1913  
  2588 1806 1844 1790  
  2589 1806 1790 1742  
  2590 1500 1442 1487  
  2591 1883 1934 1895  
  2592 1883 1895 1832  
  2593 1772 1784 1731  
  2594 1772 1731 1729  
  2595 1772 1729 1790  
  2596 1772 1790 1814  
  2597 1327 1354 1389  
  2598 1910 1966 1941  
  2599 1910 1941 1908  
  2600 1908 1941 1953  
  2601 1953 1941 1981  
  2602 1698 1720 1654  
  2603 1698 1654 1661  
  2604 1706 1691 1747  
  2605 1953 1992 1969  
  2606 1953 1969 1926  
  2607 1926 1969 1961  
  2608 1953 1926 1908  
  2609 1961 1969 2008  
  2610 1618 1645 1580  
  2611 1618 1580 1540  
  2612 538 479 512  
  2613 1961 2016 1972  
  2614 1961 1972 1915  
  2615 1559 1567 1504  
  2616 1559 1504 1520  
  2617 1559 1520 1580  
  2618 1559 1580 1611  
  2619 1544 1601 1592  
  2620 1990 2032 1996  
  2621 1990 1996 1956  
  2622 1956 1996 1968  
  2623 1463 1476 1419  
  2624 1463 1419 1402  
  2625 1305 1324 1363  
  2626 2012 2040 1994  
  2627 2012 1994 1968  
  2628 484 532 512  
  2629 512 532 560  
  2630 484 512 453  
  2631 2011 2046 2014  
  2632 2011 2014 1973  
  2633 1973 2014 2005  
  2634 2005 2014 2048  
  2635 1617 1579 1557  
  2636 479 516 459  
  2637 2005 2047 2013  
  2638 2005 2013 1975  
  2639 588 614 559  
  2640 98 81 102  
  2641 98 102 123  
  2642 546 584 591  
  2643 113 94 115  
  2644 113 115 141  
  2645 1464 1522 1508  
  2646 1464 1508 1434  
  2647 685 661 722  
  2648 1552 1612 1589  
  2649 1552 1589 1527  
  2650 1479 1490 1540  
  2651 161 158 191  
  2652 161 191 189  
  2653 1620 1685 1663  
  2654 1620 1663 1597  
  2655 427 401 453  
  2656 427 453 479  
  2657 208 210 235  
  2658 208 235 251  
  2659 365 399 358  
  2660 358 399 381  
  2661 358 381 337  
  2662 278 276 313  
  2663 278 313 318  
  2664 1471 1436 1413  
  2665 351 355 391  
  2666 351 391 396  
  2667 1816 1870 1830  
  2668 1816 1830 1764  
  2669 780 746 726  
  2670 680 669 727  
  2671 507 529 557  
  2672 507 557 537  
  2673 1895 1949 1910  
  2674 1895 1910 1851  
  2675 1087 1026 1050  
  2676 534 497 539  
  2677 596 628 639  
  2678 596 639 585  
  2679 1268 1289 1229  
  2680 381 431 403  
  2681 1972 2023 1990  
  2682 1972 1990 1935  
  2683 1068 978 1037  
  2684 1996 2034 2012  
  2685 1996 2012 1968  
  2686 1968 1994 1940  
  2687 1533 1512 1574  
  2688 1017 1062 1057  
  2689 1017 1057 1000  
  2690 1994 2042 2011  
  2691 1994 2011 1957  
  2692 1078 1037 1019  
  2693 1115 1173 1169  
  2694 1115 1169 1106  
  2695 1438 1460 1399  
  2696 2013 2045 1997  
  2697 2013 1997 1975  
  2698 1997 2041 2000  
  2699 1997 2000 1967  
  2700 818 823 869  
  2701 260 256 225  
  2702 260 225 232  
  2703 225 256 221  
  2704 303 275 265  
  2705 303 265 280  
  2706 623 641 588  
  2707 186 157 164  
  2708 186 164 194  
  2709 462 436 404  
  2710 1947 1980 1938  
  2711 1947 1938 1896  
  2712 146 121 135  
  2713 146 135 167  
  2714 525 481 504  
  2715 477 439 490  
  2716 477 490 545  
  2717 1918 1948 1906  
  2718 1918 1906 1860  
  2719 1614 1555 1593  
  2720 107 80 97  
  2721 107 97 117  
  2722 1831 1871 1806  
  2723 1831 1806 1758  
  2724 92 78 98  
  2725 92 98 114  
  2726 114 123 134  
  2727 114 134 138  
  2728 92 114 117  
  2729 927 860 915  
  2730 1731 1754 1698  
  2731 1731 1698 1661  
  2732 1889 1861 1840  
  2733 1889 1840 1875  
  2734 1889 1875 1919  
  2735 1919 1875 1907  
  2736 1889 1919 1940  
  2737 1940 1919 1968  
  2738 1654 1684 1618  
  2739 1654 1618 1592  
  2740 562 528 510  
  2741 562 510 531  
  2742 516 495 459  
  2743 965 953 908  
  2744 965 908 914  
  2745 436 481 461  
  2746 461 481 503  
  2747 436 461 423  
  2748 859 867 811  
  2749 1419 1431 1355  
  2750 1419 1355 1348  
  2751 458 433 495  
  2752 866 913 863  
  2753 552 576 532  
  2754 649 701 684  
  2755 190 166 156  
  2756 156 166 138  
  2757 1152 1098 1154  
  2758 669 632 635  
  2759 669 635 672  
  2760 734 706 762  
  2761 1085 1092 1145  
  2762 1037 1108 1068  
  2763 1943 1902 1924  
  2764 256 290 293  
  2765 1619 1661 1601  
  2766 1940 1911 1889  
  2767 1425 1368 1424  
  2768 1520 1540 1580  
  2769 1946 1973 2005  
  2770 1854 1833 1884  
  2771 1209 1208 1152  
  2772 1161 1109 1157  
  2773 860 882 819  
  2774 711 693 747  
  2775 495 556 539  
  2776 572 544 522  
  2777 1728 1706 1767  
  2778 1159 1130 1190  
  2779 1661 1675 1731  
  2780 583 633 618  
  2781 618 633 671  
  2782 677 653 709  
  2783 727 788 741  
  2784 1915 1897 1961  
  2785 320 326 358  
  2786 1957 1940 1994  
  2787 1601 1560 1619  
  2788 1435 1406 1365  
  2789 761 818 771  
  2790 771 818 812  
  2791 1145 1155 1213  
  2792 624 598 653  
  2793 807 741 788  
  2794 280 322 303  
  2795 918 866 869  
  2796 744 684 701  
  2797 665 683 630  
  2798 1956 1935 1990  
  2799 1904 1877 1925  
  2800 539 587 580  
  2801 461 484 423  
  2802 138 117 114  
  2803 1907 1956 1919  
  2804 293 252 256  
  2805 1875 1820 1857  
  2806 864 914 908  
  2807 1592 1601 1654  
  2808 1767 1786 1728  
  2809 469 485 443  
  2810 138 134 156  
  2811 819 802 860  
  2812 1544 1592 1540  
  2813 1540 1592 1618  
  2814 1956 1968 1919  
  2815 515 469 498  
  2816 149 138 166  
  2817 280 252 293  
  2818 1848 1904 1882  
  2819 1882 1904 1937  
  2820 387 378 426  
  2821 571 582 530  
  2822 524 521 568  
  2823 1935 1915 1972  
  2824 632 584 635  
  2825 539 580 534  
  2826 469 443 426  
  2827 1145 1154 1085  
  2828 194 225 221  
  2829 1506 1489 1447  
  2830 591 561 546  
  2831 865 915 860  
  2832 723 685 761  
  2833 319 327 291  
  2834 1019 1037 956  
  2835 956 1037 978  
  2836 1693 1690 1763  
  2837 818 869 866  
  2838 865 860 807  
  2839 544 515 498  
  2840 1661 1654 1601  
  2841 1900 1882 1937  
  2842 512 479 453  
  2843 806 857 855  
  2844 818 866 812  
  2845 1667 1722 1691  
  2846 1691 1722 1747  
  2847 921 843 882  
  2848 1530 1591 1575  
  2849 584 579 635  
  2850 1098 1085 1154  
  2851 495 539 497  
  2852 1904 1925 1958  
  2853 1748 1693 1763  
  2854 674 622 639  
  2855 1292 1348 1355  
  2856 160 162 133  
  2857 722 761 685  
  2858 387 426 443  
  2859 545 601 607  
  2860 607 558 545  
  2861 514 477 545  
  2862 476 507 537  
  2863 2642 2638 2679  
  2864 2205 2208 2157  
  2865 2584 2593 2637  
  2866 2539 2533 2601  
  2867 2512 2514 2578  
  2868 2251 2239 2183  
  2869 2583 2569 2635  
  2870 2250 2258 2192  
  2871 2329 2321 2261  
  2872 2180 2184 2135  
  2873 2540 2544 2607  
  2874 2206 2203 2160  
  2875 2618 2611 2652  
  2876 2219 2225 2174  
  2877 2619 2624 2657  
  2878 2522 2520 2587  
  2879 2523 2528 2576  
  2880 2220 2217 2172  
  2881 2558 2554 2620  
  2882 2281 2295 2224  
  2883 2282 2277 2218  
  2884 2190 2194 2145  
  2885 2559 2563 2628  
  2886 2191 2189 2142  
  2887 2630 2623 2663  
  2888 2213 2216 2159  
  2889 2604 2612 2654  
  2890 2529 2527 2594  
  2891 2518 2521 2586  
  2892 2230 2226 2179  
  2893 2566 2562 2626  
  2894 2264 2276 2211  
  2895 2309 2296 2231  
  2896 2186 2188 2137  
  2897 2549 2555 2614  
  2898 2198 2195 2150  
  2899 2603 2592 2641  
  2900 2229 2238 2176  
  2901 2631 2639 2670  
  2902 2517 2513 2568  
  2903 2530 2534 2588  
  2904 2214 2209 2161  
  2905 2548 2543 2609  
  2906 2308 2320 2254  
  2907 2265 2259 2204  
  2908 2197 2202 2152  
  2909 2567 2570 2625  
  2910 2187 2185 2149  
  2911 2638 2630 2669  
  2912 2208 2213 2164  
  2913 2593 2604 2644  
  2914 2533 2529 2597  
  2915 2514 2518 2582  
  2916 2239 2230 2177  
  2917 2569 2566 2629  
  2918 2258 2264 2207  
  2919 2321 2309 2255  
  2920 2184 2186 2148  
  2921 2544 2549 2610  
  2922 2203 2198 2144  
  2923 2611 2603 2651  
  2924 2225 2229 2175  
  2925 2624 2631 2664  
  2926 2520 2517 2585  
  2927 2528 2530 2595  
  2928 2217 2214 2163  
  2929 2554 2548 2608  
  2930 2295 2308 2246  
  2931 2277 2265 2212  
  2932 2194 2197 2154  
  2933 2563 2567 2627  
  2934 2189 2187 2138  
  2935 2623 2618 2656  
  2936 2216 2219 2166  
  2937 2612 2619 2653  
  2938 2527 2522 2591  
  2939 2521 2523 2575  
  2940 2226 2220 2170  
  2941 2562 2558 2617  
  2942 2276 2281 2223  
  2943 2296 2282 2228  
  2944 2188 2190 2141  
  2945 2555 2559 2613  
  2946 2195 2191 2153  
  2947 2592 2583 2634  
  2948 2238 2250 2182  
  2949 2639 2643 2680  
  2950 2513 2511 2577  
  2951 2534 2540 2602  
  2952 2209 2206 2162  
  2953 2543 2539 2598  
  2954 2320 2328 2260  
  2955 2259 2251 2193  
  2956 2202 2205 2147  
  2957 2570 2584 2636  
  2958 2185 2181 2136  
  2959 2511 2448 2482  
  2960 2537 2599 2571  
  2961 2243 2311 2275  
  2962 2242 2180 2215  
  2963 2538 2469 2506  
  2964 2378 2310 2342  
  2965 2643 2600 2633  
  2966 2379 2449 2415  
  2967 2397 2468 2450  
  2968 2398 2329 2383  
  2969 2448 2378 2415  
  2970 2599 2642 2632  
  2971 2311 2379 2342  
  2972 2328 2397 2382  
  2973 2469 2398 2451  
  2974 2310 2242 2275  
  2975 2600 2538 2572  
  2976 2449 2512 2482  
  2977 2468 2537 2505  
  2978 2181 2243 2215  
  2979 2679 2638 2669  
  2980 2679 2669 2694  
  2981 2231 2296 2228  
  2982 2231 2228 2158  
  2983 2595 2530 2588  
  2984 2595 2588 2661  
  2985 2576 2528 2595  
  2986 2576 2595 2659  
  2987 2669 2630 2663  
  2988 2669 2663 2694  
  2989 2228 2282 2218  
  2990 2228 2218 2158  
  2991 2261 2321 2255  
  2992 2261 2255 2171  
  2993 2588 2534 2602  
  2994 2588 2602 2661  
  2995 2656 2618 2652  
  2996 2656 2652 2690  
  2997 2663 2623 2656  
  2998 2663 2656 2690  
  2999 2255 2309 2231  
  3000 2255 2231 2171  
  3001 2602 2540 2607  
  3002 2602 2607 2662  
  3003 2578 2514 2582  
  3004 2578 2582 2645  
  3005 2641 2592 2634  
  3006 2641 2634 2688  
  3007 2212 2265 2204  
  3008 2212 2204 2156  
  3009 2218 2277 2212  
  3010 2218 2212 2156  
  3011 2582 2518 2586  
  3012 2582 2586 2645  
  3013 2634 2583 2635  
  3014 2634 2635 2688  
  3015 2652 2611 2651  
  3016 2652 2651 2690  
  3017 2204 2259 2193  
  3018 2204 2133 2156  
  3019 2575 2523 2576  
  3020 2575 2576 2659  
  3021 2586 2521 2575  
  3022 2586 2575 2659  
  3023 2651 2603 2641  
  3024 2651 2641 2688  
  3025 2193 2251 2183  
  3026 2193 2183 2133  
  3027 2637 2593 2644  
  3028 2637 2644 2689  
  3029 2614 2555 2613  
  3030 2614 2613 2649  
  3031 2608 2548 2609  
  3032 2608 2609 2671  
  3033 2620 2554 2608  
  3034 2620 2608 2671  
  3035 2644 2604 2654  
  3036 2644 2654 2689  
  3037 2613 2559 2628  
  3038 2613 2628 2649  
  3039 2607 2544 2610  
  3040 2607 2610 2662  
  3041 2609 2543 2598  
  3042 2609 2658 2671  
  3043 2653 2619 2657  
  3044 2653 2657 2691  
  3045 2654 2612 2653  
  3046 2654 2653 2691  
  3047 2610 2549 2614  
  3048 2610 2614 2649  
  3049 2598 2539 2601  
  3050 2598 2601 2658  
  3051 2635 2569 2629  
  3052 2635 2629 2672  
  3053 2670 2639 2680  
  3054 2670 2680 2695  
  3055 2627 2567 2625  
  3056 2627 2625 2682  
  3057 2628 2563 2627  
  3058 2628 2627 2682  
  3059 2629 2566 2626  
  3060 2629 2626 2672  
  3061 2680 2643 2686  
  3062 2657 2624 2664  
  3063 2657 2664 2691  
  3064 2625 2570 2636  
  3065 2625 2636 2682  
  3066 2617 2558 2620  
  3067 2617 2620 2675  
  3068 2626 2562 2617  
  3069 2626 2617 2675  
  3070 2664 2631 2670  
  3071 2664 2670 2695  
  3072 2636 2584 2637  
  3073 2636 2637 2689  
  3074 2157 2208 2164  
  3075 2157 2164 2125  
  3076 2137 2188 2141  
  3077 2137 2141 2111  
  3078 2163 2214 2161  
  3079 2163 2161 2121  
  3080 2172 2217 2163  
  3081 2172 2163 2124  
  3082 2164 2213 2159  
  3083 2164 2159 2125  
  3084 2141 2190 2145  
  3085 2141 2145 2111  
  3086 2135 2184 2148  
  3087 2135 2148 2109  
  3088 2161 2209 2162  
  3089 2161 2117 2121  
  3090 2166 2219 2174  
  3091 2166 2174 2123  
  3092 2159 2216 2166  
  3093 2159 2166 2123  
  3094 2148 2186 2137  
  3095 2148 2137 2109  
  3096 2162 2206 2160  
  3097 2162 2160 2117  
  3098 2183 2239 2177  
  3099 2183 2131 2133  
  3100 2176 2238 2182  
  3101 2176 2182 2127  
  3102 2154 2197 2152  
  3103 2154 2152 2114  
  3104 2145 2194 2154  
  3105 2145 2154 2114  
  3106 2177 2230 2179  
  3107 2177 2179 2131  
  3108 2182 2250 2192  
  3109 2182 2155 2127  
  3110 2174 2225 2175  
  3111 2174 2175 2123  
  3112 2152 2202 2147  
  3113 2152 2147 2114  
  3114 2170 2220 2172  
  3115 2170 2172 2124  
  3116 2179 2226 2170  
  3117 2179 2170 2131  
  3118 2175 2229 2176  
  3119 2175 2176 2127  
  3120 2147 2205 2157  
  3121 2147 2157 2125  
  3122 2601 2533 2597  
  3123 2601 2597 2658  
  3124 2150 2195 2153  
  3125 2150 2153 2113  
  3126 2246 2308 2254  
  3127 2246 2254 2165  
  3128 2224 2295 2246  
  3129 2224 2246 2165  
  3130 2597 2529 2594  
  3131 2597 2594 2660  
  3132 2153 2191 2142  
  3133 2153 2142 2113  
  3134 2160 2203 2144  
  3135 2160 2144 2117  
  3136 2254 2320 2260  
  3137 2254 2260 2165  
  3138 2591 2522 2587  
  3139 2591 2587 2655  
  3140 2594 2527 2591  
  3141 2594 2591 2660  
  3142 2144 2198 2150  
  3143 2144 2150 2113  
  3144 2260 2328 2273  
  3145 2192 2258 2207  
  3146 2192 2207 2155  
  3147 2568 2513 2577  
  3148 2568 2577 2650  
  3149 2138 2187 2149  
  3150 2138 2149 2115  
  3151 2142 2189 2138  
  3152 2142 2138 2115  
  3153 2207 2264 2211  
  3154 2207 2211 2155  
  3155 2577 2511 2581  
  3156 2587 2520 2585  
  3157 2587 2585 2655  
  3158 2149 2185 2136  
  3159 2149 2136 2115  
  3160 2223 2281 2224  
  3161 2223 2224 2151  
  3162 2211 2276 2223  
  3163 2211 2223 2151  
  3164 2585 2517 2568  
  3165 2585 2568 2650  
  3166 2136 2181 2143  
  3167 2642 2679 2685  
  3168 2329 2261 2274  
  3169 2512 2578 2581  
  3170 2180 2135 2143  
  3171 2482 2448 2415  
  3172 2482 2415 2449  
  3173 2506 2469 2451  
  3174 2506 2451 2502  
  3175 2450 2468 2505  
  3176 2450 2505 2501  
  3177 2451 2398 2383  
  3178 2451 2383 2502  
  3179 2275 2311 2342  
  3180 2275 2342 2310  
  3181 2633 2600 2572  
  3182 2633 2572 2622  
  3183 2632 2642 2685  
  3184 2505 2537 2571  
  3185 2505 2571 2501  
  3186 2571 2599 2632  
  3187 2571 2632 2621  
  3188 2383 2329 2274  
  3189 2572 2538 2506  
  3190 2572 2506 2502  
  3191 2215 2180 2143  
  3192 2382 2397 2450  
  3193 2382 2450 2501  
  3194 2511 2482 2581  
  3195 2243 2275 2215  
  3196 2215 2275 2242  
  3197 2643 2633 2686  
  3198 2378 2342 2415  
  3199 2415 2342 2379  
  3200 2328 2382 2273  
  3201 2685 2679 2694  
  3202 2143 2181 2215  
  3203 2274 2261 2171  
  3204 2680 2686 2695  
  3205 2577 2581 2650  
  3206 2260 2273 2178  
  3207 2136 2143 2108  
  3208 2482 2512 2581  
  3209 2137 2111 2109  
  3210 2151 2224 2165  
  3211 2193 2133 2204  
  3212 2675 2620 2671  
  3213 2124 2163 2121  
  3214 2659 2595 2661  
  3215 2162 2117 2161  
  3216 2273 2382 2332  
  3217 2177 2131 2183  
  3218 2597 2660 2658  
  3219 2135 2109 2143  
  3220 2170 2124 2131  
  3221 2686 2633 2677  
  3222 2602 2662 2661  
  3223 2635 2672 2688  
  3224 2192 2155 2182  
  3225 2231 2158 2171  
  3226 2598 2658 2609  
  3227 2632 2685 2676  
  3228 2578 2678 2581  
  3229 2591 2655 2660  
  3230 2383 2274 2333  
  3231 2633 2622 2677  
  3232 2677 2622 2674  
  3233 2622 2572 2502  
  3234 2621 2632 2676  
  3235 2621 2676 2673  
  3236 2571 2621 2501  
  3237 2178 2273 2201  
  3238 2260 2178 2165  
  3239 2108 2143 2109  
  3240 2136 2108 2115  
  3241 2332 2382 2501  
  3242 2676 2685 2710  
  3243 2333 2274 2210  
  3244 2273 2332 2201  
  3245 2686 2677 2708  
  3246 2383 2333 2502  
  3247 2178 2201 2122  
  3248 2109 2111 2084  
  3249 2658 2660 2701  
  3250 2710 2685 2694  
  3251 2124 2121 2091  
  3252 2127 2155 2100  
  3253 2708 2677 2674  
  3254 2156 2133 2102  
  3255 2661 2662 2702  
  3256 2210 2274 2171  
  3257 2121 2117 2078  
  3258 2671 2658 2705  
  3259 2151 2165 2094  
  3260 2131 2124 2087  
  3261 2676 2710 2673  
  3262 2659 2661 2700  
  3263 2171 2158 2105  
  3264 2686 2708 2695  
  3265 2675 2671 2718  
  3266 2688 2672 2711  
  3267 2333 2210 2285  
  3268 2133 2131 2097  
  3269 2660 2655 2699  
  3270 2622 2502 2596  
  3271 2501 2621 2541  
  3272 2662 2610 2649  
  3273 2142 2115 2113  
  3274 2626 2675 2672  
  3275 2147 2125 2114  
  3276 2663 2690 2694  
  3277 2628 2682 2649  
  3278 2123 2175 2127  
  3279 2211 2151 2155  
  3280 2651 2688 2690  
  3281 2125 2159 2123  
  3282 2117 2144 2113  
  3283 2158 2218 2156  
  3284 2654 2691 2689  
  3285 2145 2114 2111  
  3286 2655 2585 2650  
  3287 2636 2689 2682  
  3288 2691 2664 2695  
  3289 2586 2659 2645  
  3290 2201 2332 2270  
  3291 2165 2178 2112  
  3292 2115 2108 2082  
  3293 2674 2622 2596  
  3294 2674 2596 2666  
  3295 2621 2673 2541  
  3296 2541 2673 2665  
  3297 2122 2201 2130  
  3298 2178 2122 2112  
  3299 2112 2122 2073  
  3300 2084 2111 2085  
  3301 2102 2133 2097  
  3302 2102 2097 2060  
  3303 2094 2165 2112  
  3304 2094 2112 2073  
  3305 2718 2671 2705  
  3306 2718 2705 2734  
  3307 2091 2121 2078  
  3308 2091 2078 2034  
  3309 2078 2117 2086  
  3310 2700 2661 2702  
  3311 2700 2702 2733  
  3312 2097 2131 2087  
  3313 2097 2087 2060  
  3314 2701 2660 2699  
  3315 2701 2699 2727  
  3316 2702 2662 2709  
  3317 2087 2124 2091  
  3318 2087 2091 2032  
  3319 2711 2675 2718  
  3320 2100 2151 2094  
  3321 2705 2658 2701  
  3322 2705 2701 2734  
  3323 2105 2158 2102  
  3324 2699 2655 2698  
  3325 2109 2084 2081  
  3326 2156 2102 2158  
  3327 2151 2100 2155  
  3328 2675 2711 2672  
  3329 2659 2700 2716  
  3330 2688 2711 2717  
  3331 2127 2100 2093  
  3332 2171 2105 2120  
  3333 2650 2581 2678  
  3334 2678 2578 2645  
  3335 2650 2678 2698  
  3336 2285 2210 2134  
  3337 2333 2285 2596  
  3338 2596 2502 2333  
  3339 2501 2541 2332  
  3340 2082 2108 2081  
  3341 2115 2082 2083  
  3342 2270 2332 2541  
  3343 2201 2270 2130  
  3344 2650 2698 2655  
  3345 1277 1333 1341  
  3346 2048 2046 2082  
  3347 1228 1173 1236  
  3348 80 87 68  
  3349 1892 1912 1944  
  3350 1870 1845 1903  
  3351 398 355 367  
  3352 528 574 550  
  3353 1645 1684 1713  
  3354 2008 1992 2038  
  3355 784 733 778  
  3356 209 239 211  
  3357 2015 2022 2058  
  3358 1612 1566 1632  
  3359 140 122 110  
  3360 953 1007 996  
  3361 1476 1521 1547  
  3362 2034 2032 2091  
  3363 1008 954 1004  
  3364 121 139 111  
  3365 1965 1980 2017  
  3366 1753 1719 1782  
  3367 240 210 213  
  3368 732 783 772  
  3369 1784 1814 1849  
  3370 1949 1934 1985  
  3371 575 529 551  
  3372 354 397 366  
  3373 2039 2041 2085  
  3374 1432 1378 1445  
  3375 88 81 67  
  3376 1172 1227 1235  
  3377 1377 1431 1450  
  3378 2042 2040 2086  
  3379 1121 1062 1123  
  3380 93 106 74  
  3381 1933 1948 1984  
  3382 1815 1785 1873  
  3383 315 276 286  
  3384 627 678 656  
  3385 1720 1754 1783  
  3386 1981 1966 2018  
  3387 679 628 668  
  3388 275 314 285  
  3389 2031 2033 2068  
  3390 1522 1477 1546  
  3391 105 94 83  
  3392 1061 1120 1113  
  3393 1567 1611 1631  
  3394 2023 2016 2060  
  3395 899 841 887  
  3396 157 182 153  
  3397 1991 2007 2037  
  3398 1685 1646 1712  
  3399 183 158 154  
  3400 840 898 879  
  3401 1844 1871 1923  
  3402 1913 1893 1945  
  3403 483 442 460  
  3404 441 482 455  
  3405 2045 2047 2084  
  3406 1334 1278 1342  
  3407 78 79 65  
  3408 1333 1377 1386  
  3409 2046 2042 2083  
  3410 1173 1121 1178  
  3411 87 93 73  
  3412 1912 1933 1987  
  3413 1845 1815 1880  
  3414 355 315 325  
  3415 574 627 608  
  3416 1684 1720 1738  
  3417 1992 1981 2030  
  3418 733 679 720  
  3419 239 275 248  
  3420 2022 2031 2065  
  3421 1566 1522 1586  
  3422 122 105 95  
  3423 1007 1061 1058  
  3424 1521 1567 1587  
  3425 2032 2023 2060  
  3426 954 899 946  
  3427 139 157 128  
  3428 1980 1991 2029  
  3429 1719 1685 1744  
  3430 210 183 180  
  3431 783 840 833  
  3432 1814 1844 1879  
  3433 1934 1913 1960  
  3434 529 483 513  
  3435 397 441 416  
  3436 2041 2045 2085  
  3437 1378 1334 1397  
  3438 81 78 63  
  3439 1227 1277 1308  
  3440 1431 1476 1498  
  3441 2040 2034 2078  
  3442 1062 1008 1059  
  3443 106 121 96  
  3444 1948 1965 1998  
  3445 1785 1753 1817  
  3446 276 240 249  
  3447 678 732 719  
  3448 1754 1784 1839  
  3449 1966 1949 1993  
  3450 628 575 609  
  3451 314 354 324  
  3452 2033 2039 2071  
  3453 1477 1432 1484  
  3454 94 88 72  
  3455 1120 1172 1177  
  3456 1611 1645 1673  
  3457 2016 2008 2054  
  3458 841 784 829  
  3459 182 209 179  
  3460 2007 2015 2053  
  3461 1646 1612 1672  
  3462 158 140 129  
  3463 898 953 945  
  3464 1871 1892 1928  
  3465 1893 1870 1942  
  3466 442 398 417  
  3467 482 528 508  
  3468 2047 2048 2081  
  3469 1278 1228 1288  
  3470 79 80 66  
  3471 1670 1628 1609  
  3472 264 300 271  
  3473 2745 2751 2724  
  3474 199 170 176  
  3475 1750 1789 1727  
  3476 2706 2692 2646  
  3477 891 836 834  
  3478 992 1041 980  
  3479 2772 2770 2752  
  3480 2 9 7  
  3481 2200 2269 2128  
  3482 2049 2027 2006  
  3483 1301 1248 1238  
  3484 593 643 602  
  3485 2769 2771 2749  
  3486 42 36 39  
  3487 2001 2028 1978  
  3488 2340 2268 2168  
  3489 505 467 475  
  3490 1401 1453 1383  
  3491 2756 2723 2710  
  3492 62 77 71  
  3493 2684 2693 2605  
  3494 1823 1788 1756  
  3495 1494 1452 1440  
  3496 425 468 430  
  3497 2761 2763 2730  
  3498 99 76 84  
  3499 1891 1922 1867  
  3500 2615 2557 2427  
  3501 688 642 640  
  3502 1196 1249 1186  
  3503 2764 2762 2740  
  3504 27 35 31  
  3505 2490 2556 2384  
  3506 1952 1921 1898  
  3507 1094 1040 1034  
  3508 787 837 782  
  3509 2777 2778 2755  
  3510 13 8 11  
  3511 2080 2098 2064  
  3512 2119 2099 2076  
  3513 340 299 305  
  3514 1583 1629 1563  
  3515 2731 2725 2703  
  3516 143 171 151  
  3517 2721 2726 2697  
  3518 1582 1542 1517  
  3519 341 383 347  
  3520 2757 2759 2729  
  3521 142 118 124  
  3522 1824 1859 1801  
  3523 2683 2647 2551  
  3524 786 739 738  
  3525 1095 1149 1093  
  3526 2768 2766 2747  
  3527 14 20 17  
  3528 2341 2420 2221  
  3529 2002 1977 1954  
  3530 1195 1148 1137  
  3531 689 740 691  
  3532 26 19 23  
  3533 2050 2067 2026  
  3534 2199 2140 2107  
  3535 424 382 388  
  3536 1495 1543 1473  
  3537 2744 2738 2722  
  3538 100 119 104  
  3539 2707 2715 2668  
  3540 1749 1709 1695  
  3541 1400 1350 1337  
  3542 506 549 509  
  3543 2765 2767 2746  
  3544 61 52 55  
  3545 1951 1976 1930  
  3546 2491 2419 2299  
  3547 592 548 554  
  3548 1302 1351 1286  
  3549 2760 2758 2735  
  3550 41 51 45  
  3551 2616 2648 2486  
  3552 1890 1858 1835  
  3553 991 937 933  
  3554 892 938 884  
  3555 2776 2774 2753  
  3556 3 1 4  
  3557 2118 2139 2095  
  3558 2079 2066 2056  
  3559 263 230 233  
  3560 1671 1710 1650  
  3561 2720 2714 2681  
  3562 200 231 212  
  3563 2732 2739 2713  
  3564 1628 1582 1572  
  3565 300 341 310  
  3566 2751 2757 2724  
  3567 170 142 150  
  3568 1789 1824 1765  
  3569 2692 2683 2606  
  3570 836 786 781  
  3571 1041 1095 1035  
  3572 2770 2768 2734  
  3573 9 14 10  
  3574 2269 2341 2167  
  3575 2027 2002 1986  
  3576 1248 1195 1185  
  3577 643 689 644  
  3578 2771 2773 2733  
  3579 36 26 29  
  3580 2028 2050 1999  
  3581 2268 2199 2129  
  3582 467 424 429  
  3583 1453 1495 1430  
  3584 2750 2744 2723  
  3585 77 100 85  
  3586 2693 2707 2640  
  3587 1788 1749 1726  
  3588 1452 1400 1382  
  3589 468 506 470  
  3590 2763 2765 2741  
  3591 76 61 70  
  3592 1922 1951 1899  
  3593 2557 2491 2359  
  3594 642 592 595  
  3595 1249 1302 1245  
  3596 2762 2760 2737  
  3597 35 41 38  
  3598 2556 2616 2426  
  3599 1921 1890 1866  
  3600 1040 991 979  
  3601 837 892 835  
  3602 2778 2776 2742  
  3603 8 3 6  
  3604 2098 2118 2075  
  3605 2099 2079 2063  
  3606 299 263 270  
  3607 1629 1671 1610  
  3608 2725 2720 2696  
  3609 171 200 174  
  3610 2726 2732 2704  
  3611 1542 1494 1474  
  3612 383 425 389  
  3613 2759 2761 2736  
  3614 118 99 103  
  3615 1859 1891 1836  
  3616 2647 2615 2487  
  3617 739 688 690  
  3618 1149 1196 1138  
  3619 2766 2764 2743  
  3620 20 27 22  
  3621 2420 2490 2287  
  3622 1977 1952 1929  
  3623 1148 1094 1084  
  3624 740 787 735  
  3625 2775 2777 2754  
  3626 19 13 16  
  3627 2067 2080 2044  
  3628 2140 2119 2096  
  3629 382 340 346  
  3630 1543 1583 1518  
  3631 2738 2731 2712  
  3632 119 143 125  
  3633 2715 2721 2687  
  3634 1709 1670 1649  
  3635 1350 1301 1285  
  3636 549 593 555  
  3637 2767 2769 2748  
  3638 52 42 48  
  3639 1976 2001 1955  
  3640 2419 2340 2247  
  3641 548 505 511  
  3642 1351 1401 1330  
  3643 2758 2756 2728  
  3644 51 62 57  
  3645 2648 2684 2550  
  3646 1858 1823 1800  
  3647 937 891 883  
  3648 938 992 930  
  3649 2774 2772 2752  
  3650 1 2 5  
  3651 2139 2200 2106  
  3652 2066 2049 2025  
  3653 230 199 204  
  3654 1710 1750 1689  
  3655 2714 2706 2667  
  3656 231 264 236  
  3657 2739 2745 2719  
  3658 2678 2645 2716  
  3659 2716 2645 2659  
  3660 2081 2108 2109  
  3661 2082 2081 2048  
  3662 2093 2100 2065  
  3663 2086 2117 2113  
  3664 2086 2113 2083  
  3665 2083 2113 2115  
  3666 2086 2083 2042  
  3667 2716 2733 2754  
  3668 2085 2111 2114  
  3669 2085 2114 2071  
  3670 2081 2084 2047  
  3671 2120 2105 2072  
  3672 2709 2662 2649  
  3673 2709 2649 2682  
  3674 2717 2711 2740  
  3675 2122 2130 2073  
  3676 2699 2698 2727  
  3677 2127 2093 2123  
  3678 2123 2093 2071  
  3679 2078 2086 2040  
  3680 2084 2085 2045  
  3681 2171 2120 2210  
  3682 2210 2120 2134  
  3683 2702 2709 2749  
  3684 2688 2717 2690  
  3685 2690 2735 2694  
  3686 2285 2134 2227  
  3687 2083 2082 2046  
  3688 1341 1333 1386  
  3689 1341 1386 1426  
  3690 1984 1948 1998  
  3691 1984 1998 2051  
  3692 1738 1720 1783  
  3693 1738 1783 1810  
  3694 324 354 366  
  3695 324 366 338  
  3696 1004 954 946  
  3697 1004 946 1014  
  3698 1712 1646 1672  
  3699 1712 1672 1732  
  3700 1960 1913 1945  
  3701 1960 1945 2019  
  3702 508 528 550  
  3703 508 550 540  
  3704 2038 1992 2030  
  3705 2038 2030 2072  
  3706 2068 2033 2071  
  3707 2068 2071 2093  
  3708 2068 2093 2065  
  3709 2068 2065 2031  
  3710 1587 1567 1631  
  3711 1587 1631 1648  
  3712 179 209 211  
  3713 179 211 177  
  3714 551 529 513  
  3715 551 513 541  
  3716 65 79 66  
  3717 65 66 47  
  3718 96 121 111  
  3719 96 111 89  
  3720 1903 1845 1880  
  3721 1903 1880 1950  
  3722 1783 1754 1839  
  3723 1783 1839 1810  
  3724 1177 1172 1235  
  3725 1177 1235 1255  
  3726 213 210 180  
  3727 213 180 178  
  3728 1945 1893 1942  
  3729 1945 1942 2019  
  3730 63 78 65  
  3731 63 65 47  
  3732 1632 1566 1586  
  3733 1632 1586 1643  
  3734 1631 1611 1673  
  3735 1631 1757 1648  
  3736 1744 1685 1712  
  3737 1744 1712 1802  
  3738 945 953 996  
  3739 945 996 1013  
  3740 1235 1227 1308  
  3741 1235 1308 1255  
  3742 1987 1933 1984  
  3743 1987 1984 2051  
  3744 719 732 772  
  3745 719 772 770  
  3746 68 87 73  
  3747 68 73 54  
  3748 286 276 249  
  3749 286 249 255  
  3750 720 679 668  
  3751 720 668 710  
  3752 1484 1432 1445  
  3753 1484 1445 1532  
  3754 2017 1980 2029  
  3755 2017 2029 2059  
  3756 879 898 945  
  3757 879 945 888  
  3758 416 441 455  
  3759 416 455 437  
  3760 66 80 68  
  3761 66 68 47  
  3762 211 239 248  
  3763 211 248 177  
  3764 83 94 72  
  3765 83 72 64  
  3766 128 157 153  
  3767 128 153 130  
  3768 1672 1612 1632  
  3769 1672 1632 1732  
  3770 1445 1378 1397  
  3771 1445 1397 1532  
  3772 1178 1121 1123  
  3773 1178 1123 1193  
  3774 1817 1753 1782  
  3775 1817 1782 1869  
  3776 550 574 608  
  3777 550 608 540  
  3778 668 628 609  
  3779 668 609 710  
  3780 95 105 83  
  3781 95 83 64  
  3782 2054 2008 2038  
  3783 2054 2072 2105  
  3784 1849 1814 1879  
  3785 1849 1879 1927  
  3786 455 482 508  
  3787 455 508 437  
  3788 1498 1476 1547  
  3789 1498 1547 1551  
  3790 996 1007 1058  
  3791 996 1058 1013  
  3792 153 182 179  
  3793 153 179 130  
  3794 833 840 879  
  3795 833 879 888  
  3796 1942 1870 1903  
  3797 1942 1903 1950  
  3798 1123 1062 1059  
  3799 1123 1096 1193  
  3800 325 315 286  
  3801 325 286 255  
  3802 1993 1949 1985  
  3803 1993 1985 2052  
  3804 1236 1173 1178  
  3805 1236 1178 1282  
  3806 1873 1785 1817  
  3807 1873 1817 1869  
  3808 2030 1981 2018  
  3809 2030 2018 2070  
  3810 2071 2039 2085  
  3811 111 139 128  
  3812 111 128 89  
  3813 154 158 129  
  3814 154 129 126  
  3815 513 483 460  
  3816 513 460 541  
  3817 1288 1228 1236  
  3818 1288 1236 1282  
  3819 778 733 720  
  3820 778 720 710  
  3821 1546 1477 1484  
  3822 1546 1484 1532  
  3823 946 899 887  
  3824 946 890 1014  
  3825 2053 2015 2058  
  3826 2053 2058 2094  
  3827 366 397 416  
  3828 366 416 437  
  3829 1386 1377 1450  
  3830 1386 1450 1426  
  3831 1998 1965 2017  
  3832 1998 2017 2059  
  3833 367 355 325  
  3834 367 325 339  
  3835 2018 1966 1993  
  3836 2018 1993 2052  
  3837 1586 1522 1546  
  3838 1586 1546 1643  
  3839 1673 1645 1713  
  3840 1673 1713 1757  
  3841 772 783 833  
  3842 772 833 888  
  3843 460 442 417  
  3844 460 417 438  
  3845 1308 1277 1341  
  3846 1308 1341 1426  
  3847 110 122 95  
  3848 110 95 90  
  3849 887 841 829  
  3850 887 829 890  
  3851 180 183 154  
  3852 180 126 178  
  3853 1928 1892 1944  
  3854 1928 1944 1988  
  3855 1450 1431 1498  
  3856 1450 1498 1551  
  3857 1880 1815 1873  
  3858 1880 1873 1950  
  3859 1839 1784 1849  
  3860 1839 1849 1927  
  3861 1944 1912 1987  
  3862 1944 1987 1988  
  3863 656 678 719  
  3864 656 719 648  
  3865 248 275 285  
  3866 248 285 257  
  3867 72 88 67  
  3868 72 50 64  
  3869 1782 1719 1744  
  3870 1782 1802 1869  
  3871 1923 1871 1928  
  3872 1923 1928 1988  
  3873 1397 1334 1342  
  3874 1397 1342 1390  
  3875 2058 2022 2065  
  3876 2058 2065 2100  
  3877 1113 1120 1177  
  3878 1113 1177 1136  
  3879 2029 1991 2037  
  3880 2029 2037 2073  
  3881 129 140 110  
  3882 129 110 90  
  3883 67 81 63  
  3884 67 63 50  
  3885 73 93 74  
  3886 73 74 54  
  3887 249 240 213  
  3888 249 213 255  
  3889 1713 1684 1738  
  3890 1713 1738 1810  
  3891 285 314 324  
  3892 285 324 257  
  3893 1058 1061 1113  
  3894 1058 1113 1136  
  3895 829 784 778  
  3896 829 778 890  
  3897 1985 1934 1960  
  3898 1985 1960 2019  
  3899 1342 1278 1288  
  3900 1342 1288 1390  
  3901 1059 1008 1004  
  3902 1059 1004 1096  
  3903 1547 1521 1587  
  3904 1547 1587 1648  
  3905 2037 2007 2053  
  3906 2037 2053 2073  
  3907 1879 1844 1923  
  3908 1879 1923 1927  
  3909 417 398 367  
  3910 417 367 438  
  3911 74 106 96  
  3912 74 96 89  
  3913 608 627 656  
  3914 608 656 648  
  3915 609 575 551  
  3916 609 551 541  
  3917 2016 2054 2060  
  3918 1609 1628 1572  
  3919 1609 1572 1524  
  3920 1473 1543 1518  
  3921 1473 1518 1439  
  3922 6 3 4  
  3923 6 4 12  
  3924 2384 2556 2426  
  3925 2384 2426 2173  
  3926 2606 2683 2551  
  3927 2606 2551 2334  
  3928 1285 1301 1238  
  3929 1285 1238 1205  
  3930 2168 2268 2129  
  3931 2168 2129 2088  
  3932 1835 1858 1800  
  3933 1835 1800 1755  
  3934 2743 2764 2740  
  3935 2743 2740 2711  
  3936 124 118 103  
  3937 124 103 112  
  3938 1726 1749 1695  
  3939 1726 1695 1642  
  3940 2106 2200 2128  
  3941 2106 2128 2077  
  3942 7 9 10  
  3943 7 10 15  
  3944 55 52 48  
  3945 55 48 53  
  3946 1474 1494 1440  
  3947 1474 1440 1395  
  3948 305 299 270  
  3949 305 270 282  
  3950 29 26 23  
  3951 29 23 30  
  3952 2728 2756 2710  
  3953 2730 2763 2741  
  3954 2730 2741 2689  
  3955 1650 1710 1689  
  3956 1650 1689 1608  
  3957 2044 2080 2064  
  3958 2044 2064 2009  
  3959 1954 1977 1929  
  3960 1954 1929 1885  
  3961 1245 1302 1286  
  3962 1245 1286 1206  
  3963 1727 1789 1765  
  3964 1727 1765 1683  
  3965 1695 1709 1649  
  3966 1695 1649 1642  
  3967 1610 1671 1650  
  3968 1610 1650 1525  
  3969 2755 2778 2742  
  3970 2755 2742 2678  
  3971 2167 2341 2221  
  3972 2167 2221 2103  
  3973 1955 2001 1978  
  3974 1955 1978 1909  
  3975 2605 2693 2640  
  3976 2605 2640 2390  
  3977 4 1 5  
  3978 4 5 12  
  3979 1084 1094 1034  
  3980 1084 1034 1005  
  3981 1093 1149 1138  
  3982 1093 1138 1060  
  3983 70 61 55  
  3984 70 55 53  
  3985 2667 2706 2646  
  3986 2667 2646 2443  
  3987 602 643 644  
  3988 602 644 590  
  3989 1286 1351 1330  
  3990 1286 1330 1206  
  3991 1836 1891 1867  
  3992 1836 1867 1798  
  3993 2697 2726 2704  
  3994 2697 2704 2579  
  3995 1430 1495 1473  
  3996 1430 1473 1347  
  3997 883 891 834  
  3998 883 834 824  
  3999 640 642 595  
  4000 640 595 589  
  4001 1572 1582 1517  
  4002 1572 1517 1524  
  4003 2712 2731 2703  
  4004 2712 2703 2665  
  4005 2712 2665 2722  
  4006 23 19 16  
  4007 23 16 30  
  4008 1866 1890 1835  
  4009 1866 1835 1818  
  4010 2724 2757 2708  
  4011 2724 2708 2674  
  4012 104 119 125  
  4013 104 125 109  
  4014 2063 2079 2056  
  4015 2063 2056 2010  
  4016 1034 1040 979  
  4017 1034 979 1005  
  4018 1035 1095 1093  
  4019 1035 1093 1060  
  4020 2748 2769 2749  
  4021 2748 2749 2709  
  4022 1383 1453 1430  
  4023 1383 1430 1347  
  4024 884 938 930  
  4025 884 930 876  
  4026 2287 2490 2384  
  4027 2287 2384 2173  
  4028 2551 2647 2487  
  4029 2551 2222 2334  
  4030 470 506 509  
  4031 470 509 472  
  4032 204 199 176  
  4033 204 176 187  
  4034 2006 2027 1986  
  4035 2006 1986 1939  
  4036 2299 2419 2247  
  4037 2299 2247 2116  
  4038 2736 2761 2730  
  4039 2736 2730 2691  
  4040 2703 2725 2696  
  4041 2703 2696 2580  
  4042 2129 2199 2107  
  4043 2129 2061 2088  
  4044 2550 2684 2605  
  4045 2550 2605 2312  
  4046 1867 1922 1899  
  4047 1867 1855 1798  
  4048 212 231 236  
  4049 212 236 219  
  4050 346 340 305  
  4051 346 305 282  
  4052 691 740 735  
  4053 691 735 682  
  4054 38 41 45  
  4055 38 45 44  
  4056 834 836 781  
  4057 834 728 824  
  4058 509 549 555  
  4059 509 555 472  
  4060 174 200 212  
  4061 174 212 219  
  4062 2064 2098 2075  
  4063 2064 2043 2009  
  4064 1185 1195 1137  
  4065 1185 1137 1107  
  4066 511 505 475  
  4067 511 475 471  
  4068 1440 1452 1382  
  4069 1440 1382 1395  
  4070 2056 2066 2025  
  4071 2056 2025 2010  
  4072 2754 2777 2755  
  4073 2754 2755 2716  
  4074 17 20 22  
  4075 17 22 25  
  4076 2359 2491 2299  
  4077 2359 2299 2116  
  4078 2719 2745 2724  
  4079 2719 2724 2674  
  4080 39 36 29  
  4081 39 29 30  
  4082 45 51 57  
  4083 45 57 44  
  4084 690 688 640  
  4085 690 640 589  
  4086 347 383 389  
  4087 347 389 369  
  4088 85 100 104  
  4089 85 104 109  
  4090 2752 2770 2727  
  4091 2752 2727 2698  
  4092 2740 2762 2737  
  4093 2740 2737 2717  
  4094 2717 2735 2690  
  4095 150 142 124  
  4096 150 124 112  
  4097 2687 2721 2697  
  4098 2687 2697 2579  
  4099 2107 2140 2096  
  4100 2107 2096 2061  
  4101 835 892 884  
  4102 835 884 876  
  4103 271 300 310  
  4104 271 310 292  
  4105 2722 2738 2712  
  4106 2722 2665 2723  
  4107 2722 2723 2744  
  4108 2075 2118 2095  
  4109 2075 2095 2043  
  4110 1898 1921 1866  
  4111 1898 1866 1818  
  4112 781 786 738  
  4113 781 738 728  
  4114 555 593 602  
  4115 555 602 590  
  4116 475 467 429  
  4117 475 429 471  
  4118 933 937 883  
  4119 933 883 910  
  4120 22 27 31  
  4121 22 31 25  
  4122 1801 1859 1836  
  4123 1801 1836 1798  
  4124 1382 1400 1337  
  4125 1382 1337 1297  
  4126 2025 2049 2006  
  4127 2025 2006 1939  
  4128 2128 2269 2167  
  4129 2128 2167 2077  
  4130 1930 1976 1955  
  4131 1930 1955 1909  
  4132 389 425 430  
  4133 389 430 369  
  4134 1563 1629 1610  
  4135 1563 1610 1525  
  4136 1999 2050 2026  
  4137 1999 2026 1962  
  4138 57 62 71  
  4139 57 71 60  
  4140 84 76 70  
  4141 84 70 75  
  4142 2681 2714 2667  
  4143 2681 2667 2443  
  4144 2096 2119 2076  
  4145 2096 2076 2061  
  4146 1137 1148 1084  
  4147 1137 1084 1107  
  4148 2737 2760 2735  
  4149 2737 2735 2717  
  4150 2728 2735 2758  
  4151 2646 2692 2606  
  4152 2646 2606 2443  
  4153 1337 1350 1285  
  4154 1337 1285 1297  
  4155 2696 2720 2681  
  4156 2696 2681 2580  
  4157 11 8 6  
  4158 11 6 12  
  4159 1986 2002 1954  
  4160 1986 1954 1939  
  4161 2247 2340 2168  
  4162 2247 2168 2116  
  4163 1756 1788 1726  
  4164 1756 1726 1642  
  4165 2095 2139 2106  
  4166 2095 2106 2043  
  4167 735 787 782  
  4168 735 782 682  
  4169 2747 2766 2743  
  4170 2747 2743 2718  
  4171 1899 1951 1930  
  4172 1899 1930 1855  
  4173 236 264 271  
  4174 236 271 219  
  4175 2749 2771 2733  
  4176 2487 2615 2427  
  4177 2487 2427 2222  
  4178 1517 1542 1474  
  4179 1517 1474 1395  
  4180 930 992 980  
  4181 930 980 876  
  4182 1186 1249 1245  
  4183 1186 1245 1206  
  4184 310 341 347  
  4185 310 347 292  
  4186 125 143 151  
  4187 125 151 109  
  4188 2026 2067 2044  
  4189 2026 2044 2009  
  4190 979 991 933  
  4191 979 933 910  
  4192 176 170 150  
  4193 176 150 187  
  4194 2668 2715 2687  
  4195 2668 2687 2495  
  4196 270 263 233  
  4197 270 233 282  
  4198 782 837 835  
  4199 782 835 773  
  4200 10 14 17  
  4201 10 17 15  
  4202 48 42 39  
  4203 48 39 53  
  4204 71 77 85  
  4205 71 85 60  
  4206 2753 2774 2752  
  4207 2753 2752 2698  
  4208 1929 1952 1898  
  4209 1929 1898 1885  
  4210 738 739 690  
  4211 738 690 728  
  4212 2741 2765 2746  
  4213 2741 2746 2682  
  4214 1689 1750 1727  
  4215 1689 1727 1608  
  4216 1238 1248 1185  
  4217 1238 1185 1205  
  4218 554 548 511  
  4219 554 511 471  
  4220 103 99 84  
  4221 103 84 112  
  4222 151 171 174  
  4223 151 174 159  
  4224 429 424 388  
  4225 429 388 393  
  4226 1800 1823 1756  
  4227 1800 1756 1755  
  4228 2427 2557 2359  
  4229 2427 2359 2222  
  4230 2713 2739 2719  
  4231 2713 2719 2674  
  4232 1518 1583 1563  
  4233 1518 1563 1525  
  4234 2775 2754 2733  
  4235 2426 2616 2486  
  4236 2426 2486 2173  
  4237 980 1041 1035  
  4238 980 1035 966  
  4239 2746 2767 2748  
  4240 2746 2748 2682  
  4241 2704 2732 2713  
  4242 2704 2713 2666  
  4243 2666 2713 2674  
  4244 2076 2099 2063  
  4245 2076 2063 2010  
  4246 644 689 691  
  4247 644 691 682  
  4248 1330 1401 1383  
  4249 1330 1383 1347  
  4250 430 468 470  
  4251 430 470 472  
  4252 233 230 204  
  4253 233 204 187  
  4254 16 13 11  
  4255 16 11 18  
  4256 2221 2420 2287  
  4257 2221 2287 2103  
  4258 595 592 554  
  4259 595 554 589  
  4260 1978 2028 1999  
  4261 1978 1999 1962  
  4262 2486 2648 2550  
  4263 2486 2550 2312  
  4264 1138 1196 1186  
  4265 1138 1186 1060  
  4266 2729 2759 2736  
  4267 2729 2736 2691  
  4268 2640 2707 2668  
  4269 2640 2668 2495  
  4270 5 2 7  
  4271 5 7 15  
  4272 31 35 38  
  4273 31 38 44  
  4274 1765 1824 1801  
  4275 1765 1801 1683  
  4276 1649 1670 1609  
  4277 1649 1609 1524  
  4278 388 382 346  
  4279 388 346 393  
  4280 2742 2776 2753  
  4281 2742 2753 2698  
  4282 2768 2747 2734  
  4283 2734 2747 2718  
  4284 2750 2723 2756  
  4285 2710 2723 2673  
  4286 2773 2775 2733  
  4287 2733 2716 2700  
  4288 2757 2729 2708  
  4289 2130 2270 2196  
  4290 2038 2072 2054  
  4291 2691 2695 2729  
  4292 2694 2735 2728  
  4293 2689 2691 2730  
  4294 2125 2123 2071  
  4295 2114 2125 2071  
  4296 2682 2689 2741  
  4297 2729 2695 2708  
  4298 2694 2728 2710  
  4299 2733 2702 2749  
  4300 2701 2727 2734  
  4301 2102 2060 2054  
  4302 2666 2596 2579  
  4303 2665 2673 2723  
  4304 2541 2665 2580  
  4305 2120 2072 2070  
  4306 2073 2053 2094  
  4307 2666 2579 2704  
  4308 2580 2665 2703  
  4309 2227 2134 2104  
  4310 2285 2227 2579  
  4311 2196 2270 2580  
  4312 2130 2196 2092  
  4313 2698 2678 2742  
  4314 2134 2120 2070  
  4315 2058 2100 2094  
  4316 2029 2073 2059  
  4317 2059 2073 2130  
  4318 2072 2030 2070  
  4319 2743 2711 2718  
  4320 2032 2060 2087  
  4321 2678 2716 2755  
  4322 75 70 53  
  4323 159 174 219  
  4324 429 393 471  
  4325 18 11 12  
  4326 1898 1818 1885  
  4327 2312 2605 2390  
  4328 1962 2026 2009  
  4329 1347 1473 1439  
  4330 151 159 109  
  4331 2390 2640 2495  
  4332 271 292 219  
  4333 1439 1518 1525  
  4334 2486 2312 2173  
  4335 590 644 682  
  4336 16 18 30  
  4337 781 728 834  
  4338 1909 1978 1962  
  4339 17 25 15  
  4340 2075 2043 2064  
  4341 980 966 876  
  4342 1084 1005 1107  
  4343 966 1035 1060  
  4344 2167 2103 2077  
  4345 2107 2061 2129  
  4346 1899 1855 1867  
  4347 2606 2334 2443  
  4348 1727 1683 1608  
  4349 57 60 44  
  4350 1954 1885 1939  
  4351 1855 1930 1909  
  4352 2106 2077 2043  
  4353 2168 2088 2116  
  4354 2487 2222 2551  
  4355 773 835 876  
  4356 1382 1297 1395  
  4357 910 883 824  
  4358 1185 1107 1205  
  4359 979 910 1005  
  4360 1285 1205 1297  
  4361 84 75 112  
  4362 1525 1650 1608  
  4363 1818 1835 1755  
  4364 2495 2687 2579  
  4365 347 369 292  
  4366 782 773 682  
  4367 68 54 47  
  4368 126 129 90  
  4369 367 339 438  
  4370 1551 1547 1648  
  4371 339 325 255  
  4372 1757 1713 1810  
  4373 1632 1643 1732  
  4374 1282 1178 1193  
  4375 67 50 72  
  4376 248 257 177  
  4377 50 63 47  
  4378 2051 1998 2059  
  4379 2052 1985 2019  
  4380 130 179 177  
  4381 1673 1757 1631  
  4382 338 366 437  
  4383 887 890 946  
  4384 213 178 255  
  4385 1288 1282 1390  
  4386 90 95 64  
  4387 1058 1136 1013  
  4388 648 719 770  
  4389 608 648 540  
  4390 2070 2018 2052  
  4391 1136 1177 1255  
  4392 154 126 180  
  4393 888 945 1013  
  4394 460 438 541  
  4395 1397 1390 1532  
  4396 770 772 888  
  4397 128 130 89  
  4398 324 338 257  
  4399 508 540 437  
  4400 2734 2727 2770  
  4401 2104 2134 2070  
  4402 2227 2104 2169  
  4403 2092 2196 2132  
  4404 2130 2092 2059  
  4405 2059 2092 2051  
  4406 2051 2092 2132  
  4407 2104 2070 2052  
  4408 2104 2052 2169  
  4409 2596 2285 2579  
  4410 824 728 737  
  4411 2116 2088 2057  
  4412 1347 1439 1329  
  4413 2088 2061 2020  
  4414 112 75 101  
  4415 18 12 24  
  4416 876 966 872  
  4417 910 824 827  
  4418 1439 1525 1411  
  4419 44 60 58  
  4420 292 369 302  
  4421 159 219 184  
  4422 15 25 28  
  4423 773 876 779  
  4424 2390 2495 2169  
  4425 2443 2334 2146  
  4426 1818 1755 1717  
  4427 2312 2390 2126  
  4428 966 1060 964  
  4429 1005 910 920  
  4430 590 682 606  
  4431 1855 1909 1809  
  4432 75 53 69  
  4433 1909 1962 1868  
  4434 2334 2222 2110  
  4435 109 159 137  
  4436 1798 1855 1745  
  4437 1525 1608 1496  
  4438 1885 1818 1780  
  4439 1107 1005 1011  
  4440 1205 1107 1104  
  4441 2173 2312 2101  
  4442 1939 1885 1841  
  4443 682 773 694  
  4444 471 393 413  
  4445 2009 2043 1964  
  4446 1395 1297 1280  
  4447 219 292 238  
  4448 1608 1683 1573  
  4449 2495 2579 2227  
  4450 1962 2009 1917  
  4451 2077 2103 2036  
  4452 1297 1205 1192  
  4453 30 18 32  
  4454 2043 2077 2003  
  4455 2748 2709 2682  
  4456 2227 2169 2495  
  4457 2132 2196 2580  
  4458 2270 2541 2580  
  4459 737 728 638  
  4460 2126 2390 2169  
  4461 694 773 779  
  4462 694 779 707  
  4463 707 779 815  
  4464 694 707 610  
  4465 1411 1525 1496  
  4466 1411 1496 1388  
  4467 1388 1496 1491  
  4468 1411 1388 1295  
  4469 137 159 184  
  4470 137 184 178  
  4471 1192 1205 1104  
  4472 1192 1104 1091  
  4473 1091 1104 986  
  4474 1192 1091 1203  
  4475 101 75 69  
  4476 101 69 91  
  4477 91 69 59  
  4478 101 91 131  
  4479 1809 1909 1868  
  4480 1809 1868 1769  
  4481 1769 1868 1842  
  4482 1809 1769 1700  
  4483 238 292 302  
  4484 238 302 268  
  4485 268 302 352  
  4486 238 268 201  
  4487 28 25 37  
  4488 1011 1005 920  
  4489 1011 920 986  
  4490 1011 986 1104  
  4491 1011 1104 1107  
  4492 1329 1439 1411  
  4493 1329 1411 1295  
  4494 1329 1295 1204  
  4495 1204 1295 1193  
  4496 1193 1295 1282  
  4497 1329 1204 1347  
  4498 920 910 827  
  4499 920 827 831  
  4500 831 827 730  
  4501 920 831 986  
  4502 1964 2043 2003  
  4503 1964 2003 1916  
  4504 1916 2003 1971  
  4505 1964 1916 1842  
  4506 302 369 390  
  4507 1496 1608 1573  
  4508 1496 1573 1491  
  4509 1491 1573 1588  
  4510 1588 1573 1683  
  4511 1491 1588 1532  
  4512 2003 2077 2036  
  4513 2003 2036 1971  
  4514 1971 2036 2024  
  4515 2024 2036 2103  
  4516 1971 2024 1950  
  4517 872 966 964  
  4518 872 964 815  
  4519 872 815 779  
  4520 872 779 876  
  4521 1868 1962 1917  
  4522 1868 1917 1842  
  4523 1842 1917 1964  
  4524 1964 1917 2009  
  4525 2146 2334 2110  
  4526 2146 2110 2069  
  4527 2069 2110 2055  
  4528 2146 2069 2132  
  4529 2146 2132 2443  
  4530 2101 2312 2126  
  4531 2101 2126 2062  
  4532 2062 2126 2089  
  4533 2101 2062 2035  
  4534 2057 2088 2020  
  4535 2057 2020 1974  
  4536 1974 2020 1936  
  4537 2057 1974 2021  
  4538 964 1060 1076  
  4539 413 393 328  
  4540 58 60 86  
  4541 1745 1855 1809  
  4542 1745 1809 1700  
  4543 1745 1700 1588  
  4544 32 18 24  
  4545 32 24 40  
  4546 40 24 34  
  4547 32 40 49  
  4548 24 12 21  
  4549 69 53 46  
  4550 2020 2061 1982  
  4551 606 682 694  
  4552 606 694 610  
  4553 606 610 520  
  4554 520 610 541  
  4555 606 520 590  
  4556 1280 1297 1192  
  4557 1280 1192 1203  
  4558 1280 1203 1312  
  4559 1312 1203 1255  
  4560 1280 1312 1395  
  4561 184 219 238  
  4562 184 238 201  
  4563 184 201 178  
  4564 178 201 255  
  4565 1780 1818 1717  
  4566 1780 1717 1676  
  4567 1676 1717 1603  
  4568 1780 1676 1759  
  4569 827 824 737  
  4570 827 737 730  
  4571 730 737 638  
  4572 2110 2222 2090  
  4573 1717 1755 1640  
  4574 1841 1885 1780  
  4575 1841 1780 1759  
  4576 1841 1759 1838  
  4577 1838 1759 1757  
  4578 1841 1838 1939  
  4579 109 137 86  
  4580 112 101 144  
  4581 15 28 21  
  4582 2173 2101 2074  
  4583 2116 2057 2090  
  4584 471 413 500  
  4585 44 58 37  
  4586 30 32 46  
  4587 2105 2102 2054  
  4588 541 610 710  
  4589 2069 2055 1988  
  4590 1988 2055 2021  
  4591 2021 2055 2090  
  4592 2090 2055 2110  
  4593 40 34 47  
  4594 47 34 50  
  4595 2062 2089 2019  
  4596 2062 2019 2035  
  4597 59 69 46  
  4598 59 46 49  
  4599 59 49 89  
  4600 59 89 91  
  4601 352 302 390  
  4602 352 390 435  
  4603 435 390 472  
  4604 352 435 438  
  4605 438 435 520  
  4606 435 472 590  
  4607 520 435 590  
  4608 2089 2126 2169  
  4609 2089 2169 2052  
  4610 2089 2052 2019  
  4611 1936 2020 1982  
  4612 1936 1982 1894  
  4613 1894 1982 2010  
  4614 1936 1894 1810  
  4615 1810 1894 1757  
  4616 610 707 710  
  4617 710 707 815  
  4618 1700 1769 1643  
  4619 1643 1769 1732  
  4620 1700 1643 1532  
  4621 32 49 46  
  4622 1203 1091 1136  
  4623 1203 1136 1255  
  4624 1295 1388 1282  
  4625 1282 1388 1390  
  4626 131 91 130  
  4627 130 91 89  
  4628 131 130 177  
  4629 201 268 255  
  4630 255 268 339  
  4631 2021 1974 1927  
  4632 1927 1974 1936  
  4633 1769 1842 1732  
  4634 1732 1842 1802  
  4635 1802 1842 1916  
  4636 1802 1916 1869  
  4637 1869 1916 1971  
  4638 1802 1782 1744  
  4639 1732 1802 1712  
  4640 49 40 54  
  4641 54 40 47  
  4642 1091 986 1013  
  4643 1091 1013 1136  
  4644 1388 1491 1390  
  4645 1390 1491 1532  
  4646 268 352 339  
  4647 339 352 438  
  4648 2101 2035 2074  
  4649 2074 2035 2024  
  4650 2024 2035 1950  
  4651 2074 2024 2103  
  4652 1603 1717 1640  
  4653 1603 1640 1523  
  4654 1523 1640 1642  
  4655 1603 1523 1426  
  4656 1426 1523 1416  
  4657 1416 1523 1519  
  4658 1426 1416 1308  
  4659 34 24 21  
  4660 34 21 33  
  4661 33 21 28  
  4662 33 28 43  
  4663 43 28 37  
  4664 33 43 50  
  4665 33 50 34  
  4666 1676 1603 1551  
  4667 1676 1551 1648  
  4668 1551 1603 1426  
  4669 101 131 144  
  4670 144 131 185  
  4671 185 131 177  
  4672 185 177 257  
  4673 144 185 187  
  4674 831 730 770  
  4675 831 770 888  
  4676 2057 2021 2090  
  4677 1759 1676 1648  
  4678 1759 1648 1757  
  4679 638 728 589  
  4680 964 1076 974  
  4681 390 369 472  
  4682 58 86 82  
  4683 1640 1755 1642  
  4684 1745 1588 1683  
  4685 37 25 44  
  4686 413 328 361  
  4687 500 413 448  
  4688 328 393 282  
  4689 1982 2061 2010  
  4690 2090 2222 2116  
  4691 2173 2074 2103  
  4692 21 12 15  
  4693 1798 1745 1683  
  4694 86 60 109  
  4695 471 500 589  
  4696 1076 1060 1206  
  4697 46 53 30  
  4698 112 144 187  
  4699 1838 1757 1894  
  4700 1894 2010 1939  
  4701 1838 1894 1939  
  4702 43 37 56  
  4703 1312 1255 1416  
  4704 1519 1523 1642  
  4705 1416 1519 1414  
  4706 974 1076 1089  
  4707 82 86 120  
  4708 361 328 281  
  4709 448 413 361  
  4710 964 974 815  
  4711 58 82 56  
  4712 58 56 37  
  4713 500 448 542  
  4714 1089 1076 1206  
  4715 281 328 282  
  4716 542 448 540  
  4717 542 540 648  
  4718 1414 1519 1524  
  4719 120 86 137  
  4720 120 137 178  
  4721 500 542 638  
  4722 43 56 64  
  4723 43 64 50  
  4724 974 1089 1014  
  4725 1014 1089 1096  
  4726 1096 1089 1204  
  4727 1096 1204 1193  
  4728 1096 1123 1059  
  4729 1096 1004 1014  
  4730 361 281 338  
  4731 361 338 437  
  4732 1416 1414 1312  
  4733 1312 1414 1395  
  4734 82 120 126  
  4735 126 120 178  
  4736 1013 986 888  
  4737 888 986 831  
  4738 770 730 648  
  4739 730 638 542  
  4740 730 542 648  
  4741 64 56 90  
  4742 974 1014 890  
  4743 974 890 815  
  4744 1089 1206 1347  
  4745 1204 1089 1347  
  4746 1936 1810 1839  
  4747 1414 1524 1395  
  4748 1642 1649 1524  
  4749 555 590 472  
  4750 60 85 109  
  4751 346 282 393  
  4752 2103 2287 2173  
  4753 369 430 472  
  4754 1755 1756 1642  
  4755 2359 2116 2222  
  4756 1186 1206 1060  
  4757 1206 1330 1347  
  4758 1801 1798 1683  
  4759 187 150 112  
  4760 12 5 15  
  4761 2061 2076 2010  
  4762 1524 1517 1395  
  4763 554 471 589  
  4764 2010 2025 1939  
  4765 31 44 25  
  4766 2580 2681 2443  
  4767 39 30 53  
  4768 282 233 187  
  4769 728 690 589  
  4770 1532 1588 1700  
  4771 90 56 82  
  4772 90 82 126  
  4773 1950 2035 1942  
  4774 1519 1642 1524  
  4775 448 361 437  
  4776 448 437 540  
  4777 520 541 438  
  4778 49 54 74  
  4779 710 815 778  
  4780 2069 1988 1987  
  4781 1643 1546 1532  
  4782 1450 1551 1426  
  4783 890 778 815  
  4784 609 541 710  
  4785 1987 2051 2069  
  4786 1873 1869 1971  
  4787 1839 1927 1936  
  4788 2019 1942 2035  
  4789 74 89 49  
  4790 1255 1308 1416  
  4791 1950 1873 1971  
  4792 1923 1988 2021  
  4793 1927 1923 2021  
  4794 589 500 638  
  4795 257 338 281  
  4796 257 281 185  
  4797 2132 2069 2051  
  4798 2443 2132 2580  
  4799 185 281 229  
  4800 229 281 282  
  4801 185 229 187  
  4802 229 282 187  
  4803 2328 2320 2397  
  4804 2205 2202 2252  
  4805 2539 2543 2480  
  4806 2250 2238 2301  
  4807 2511 2513 2448  
  4808 2583 2592 2535  
  4809 2281 2276 2336  
  4810 2190 2188 2236  
  4811 2558 2562 2503  
  4812 2219 2216 2271  
  4813 2522 2527 2463  
  4814 2618 2623 2564  
  4815 2308 2295 2363  
  4816 2197 2194 2244  
  4817 2548 2554 2492  
  4818 2229 2225 2283  
  4819 2517 2520 2455  
  4820 2603 2611 2552  
  4821 2264 2258 2318  
  4822 2186 2184 2232  
  4823 2566 2569 2515  
  4824 2213 2208 2262  
  4825 2529 2533 2473  
  4826 2630 2638 2589  
  4827 2320 2308 2371  
  4828 2202 2197 2248  
  4829 2543 2548 2483  
  4830 2238 2229 2292  
  4831 2513 2517 2453  
  4832 2592 2603 2546  
  4833 2276 2264 2326  
  4834 2188 2186 2234  
  4835 2562 2566 2509  
  4836 2216 2213 2266  
  4837 2527 2529 2465  
  4838 2623 2630 2573  
  4839 2295 2281 2351  
  4840 2194 2190 2240  
  4841 2554 2558 2496  
  4842 2225 2219 2278  
  4843 2520 2522 2458  
  4844 2611 2618 2560  
  4845 2258 2250 2313  
  4846 2184 2180 2242  
  4847 2569 2583 2525  
  4848 2208 2205 2256  
  4849 2533 2539 2475  
  4850 2638 2642 2599  
  4851 2252 2202 2248  
  4852 2252 2248 2306  
  4853 2318 2258 2313  
  4854 2318 2313 2373  
  4855 2465 2529 2473  
  4856 2465 2473 2411  
  4857 2306 2248 2303  
  4858 2373 2313 2367  
  4859 2411 2473 2416  
  4860 2463 2527 2465  
  4861 2463 2465 2406  
  4862 2406 2465 2411  
  4863 2406 2411 2349  
  4864 2463 2406 2403  
  4865 2349 2411 2354  
  4866 2406 2349 2343  
  4867 2483 2548 2492  
  4868 2483 2492 2431  
  4869 2431 2492 2435  
  4870 2483 2431 2425  
  4871 2313 2250 2301  
  4872 2313 2301 2367  
  4873 2367 2301 2356  
  4874 2336 2276 2326  
  4875 2336 2326 2392  
  4876 2392 2326 2385  
  4877 2336 2392 2402  
  4878 2473 2533 2475  
  4879 2473 2475 2416  
  4880 2416 2475 2421  
  4881 2496 2558 2503  
  4882 2496 2503 2440  
  4883 2440 2503 2447  
  4884 2496 2440 2435  
  4885 2435 2440 2376  
  4886 2496 2435 2492  
  4887 2496 2492 2554  
  4888 2376 2440 2389  
  4889 2435 2376 2370  
  4890 2326 2264 2318  
  4891 2326 2318 2385  
  4892 2385 2318 2373  
  4893 2385 2373 2438  
  4894 2438 2373 2432  
  4895 2385 2438 2445  
  4896 2301 2238 2292  
  4897 2301 2292 2356  
  4898 2356 2292 2348  
  4899 2348 2292 2283  
  4900 2283 2292 2229  
  4901 2348 2283 2338  
  4902 2356 2348 2414  
  4903 2338 2283 2278  
  4904 2338 2278 2330  
  4905 2278 2283 2225  
  4906 2348 2338 2400  
  4907 2330 2278 2271  
  4908 2330 2271 2324  
  4909 2271 2278 2219  
  4910 2324 2271 2266  
  4911 2324 2266 2322  
  4912 2330 2324 2376  
  4913 2376 2324 2370  
  4914 2330 2376 2389  
  4915 2370 2324 2322  
  4916 2330 2389 2338  
  4917 2370 2322 2375  
  4918 2338 2389 2400  
  4919 2400 2389 2447  
  4920 2400 2447 2462  
  4921 2462 2447 2509  
  4922 2462 2509 2515  
  4923 2400 2462 2414  
  4924 2462 2515 2457  
  4925 2414 2462 2457  
  4926 2414 2457 2410  
  4927 2410 2457 2471  
  4928 2414 2410 2356  
  4929 2356 2410 2367  
  4930 2367 2410 2432  
  4931 2375 2322 2317  
  4932 2370 2375 2431  
  4933 2431 2375 2425  
  4934 2425 2375 2361  
  4935 2457 2515 2525  
  4936 2361 2375 2317  
  4937 2361 2317 2305  
  4938 2305 2317 2256  
  4939 2361 2305 2365  
  4940 2305 2256 2252  
  4941 2305 2252 2306  
  4942 2425 2361 2421  
  4943 2425 2421 2480  
  4944 2480 2421 2475  
  4945 2370 2431 2435  
  4946 2365 2305 2306  
  4947 2365 2306 2354  
  4948 2354 2306 2303  
  4949 2354 2303 2349  
  4950 2349 2303 2286  
  4951 2286 2303 2244  
  4952 2286 2244 2240  
  4953 2286 2240 2298  
  4954 2349 2286 2343  
  4955 2298 2240 2236  
  4956 2286 2298 2343  
  4957 2343 2298 2353  
  4958 2353 2298 2288  
  4959 2343 2353 2403  
  4960 2403 2353 2408  
  4961 2408 2353 2344  
  4962 2403 2408 2458  
  4963 2458 2408 2455  
  4964 2455 2408 2396  
  4965 2396 2408 2344  
  4966 2396 2344 2335  
  4967 2455 2396 2453  
  4968 2335 2344 2280  
  4969 2396 2335 2393  
  4970 2361 2365 2421  
  4971 2421 2365 2416  
  4972 2416 2365 2354  
  4973 2288 2298 2236  
  4974 2288 2236 2234  
  4975 2288 2234 2280  
  4976 2280 2234 2232  
  4977 2280 2232 2290  
  4978 2288 2280 2344  
  4979 2290 2232 2242  
  4980 2280 2290 2335  
  4981 2335 2290 2350  
  4982 2350 2290 2310  
  4983 2350 2310 2378  
  4984 2350 2378 2393  
  4985 2350 2393 2335  
  4986 2288 2344 2353  
  4987 2266 2271 2216  
  4988 2480 2475 2539  
  4989 2455 2453 2517  
  4990 2525 2515 2569  
  4991 2236 2240 2190  
  4992 2232 2234 2186  
  4993 2515 2509 2566  
  4994 2240 2244 2194  
  4995 2234 2236 2188  
  4996 2252 2256 2205  
  4997 2458 2455 2520  
  4998 2509 2447 2503  
  4999 2509 2503 2562  
  5000 2425 2480 2483  
  5001 2483 2480 2543  
  5002 2244 2303 2248  
  5003 2244 2248 2197  
  5004 2403 2458 2463  
  5005 2463 2458 2522  
  5006 2471 2457 2525  
  5007 2471 2525 2535  
  5008 2535 2525 2583  
  5009 2410 2471 2432  
  5010 2432 2471 2494  
  5011 2494 2471 2535  
  5012 2494 2535 2546  
  5013 2494 2488 2438  
  5014 2432 2494 2438  
  5015 2546 2535 2592  
  5016 2322 2266 2262  
  5017 2322 2262 2317  
  5018 2262 2266 2213  
  5019 2400 2414 2348  
  5020 2256 2317 2262  
  5021 2256 2262 2208  
  5022 2447 2389 2440  
  5023 2367 2432 2373  
  5024 2396 2393 2453  
  5025 2343 2403 2406  
  5026 2351 2281 2336  
  5027 2351 2336 2402  
  5028 2351 2402 2417  
  5029 2363 2295 2351  
  5030 2363 2351 2417  
  5031 2363 2417 2429  
  5032 2429 2417 2478  
  5033 2363 2429 2371  
  5034 2371 2429 2436  
  5035 2363 2371 2308  
  5036 2436 2429 2485  
  5037 2371 2436 2397  
  5038 2232 2184 2242  
  5039 2573 2630 2589  
  5040 2573 2589 2532  
  5041 2532 2589 2545  
  5042 2573 2532 2519  
  5043 2564 2623 2573  
  5044 2564 2573 2519  
  5045 2564 2519 2508  
  5046 2589 2638 2599  
  5047 2546 2603 2552  
  5048 2546 2552 2488  
  5049 2488 2552 2499  
  5050 2546 2488 2494  
  5051 2438 2488 2445  
  5052 2445 2488 2499  
  5053 2445 2499 2444  
  5054 2444 2499 2508  
  5055 2445 2444 2392  
  5056 2392 2444 2402  
  5057 2402 2444 2467  
  5058 2508 2499 2560  
  5059 2467 2444 2508  
  5060 2467 2508 2519  
  5061 2467 2519 2478  
  5062 2478 2519 2532  
  5063 2478 2532 2485  
  5064 2485 2532 2545  
  5065 2485 2537 2468  
  5066 2402 2467 2417  
  5067 2508 2560 2564  
  5068 2445 2392 2385  
  5069 2560 2499 2552  
  5070 2564 2560 2618  
  5071 2560 2552 2611  
  5072 2478 2485 2429  
  5073 2416 2354 2411  
  5074 2513 2453 2448  
  5075 2320 2371 2397  
  5076 2436 2485 2468  
  5077 2478 2417 2467  
  5078 2545 2589 2599  
  5079 2378 2448 2393  
  5080 2537 2485 2545  
  5081 2242 2310 2290  
  5082 2599 2537 2545  
  5083 2468 2397 2436  
  5084 2453 2393 2448  
  5085 2181 2185 2243  
  5086 2251 2259 2314  
  5087 2584 2570 2526  
  5088 2206 2209 2257  
  5089 2643 2639 2600  
  5090 2540 2534 2476  
  5091 2191 2195 2241  
  5092 2282 2296 2352  
  5093 2559 2555 2497  
  5094 2220 2226 2279  
  5095 2619 2612 2561  
  5096 2523 2521 2459  
  5097 2187 2189 2235  
  5098 2265 2277 2327  
  5099 2567 2563 2510  
  5100 2214 2217 2267  
  5101 2631 2624 2574  
  5102 2530 2528 2466  
  5103 2198 2203 2249  
  5104 2309 2321 2372  
  5105 2549 2544 2484  
  5106 2230 2239 2293  
  5107 2604 2593 2547  
  5108 2518 2514 2454  
  5109 2185 2187 2233  
  5110 2259 2265 2319  
  5111 2570 2567 2516  
  5112 2209 2214 2263  
  5113 2639 2631 2590  
  5114 2534 2530 2474  
  5115 2195 2198 2245  
  5116 2296 2309 2364  
  5117 2555 2549 2493  
  5118 2226 2230 2284  
  5119 2612 2604 2553  
  5120 2521 2518 2456  
  5121 2189 2191 2237  
  5122 2277 2282 2337  
  5123 2563 2559 2504  
  5124 2217 2220 2272  
  5125 2624 2619 2565  
  5126 2528 2523 2464  
  5127 2203 2206 2253  
  5128 2321 2329 2398  
  5129 2544 2540 2481  
  5130 2239 2251 2302  
  5131 2593 2584 2536  
  5132 2514 2512 2449  
  5133 2314 2259 2319  
  5134 2314 2319 2374  
  5135 2249 2203 2253  
  5136 2249 2253 2307  
  5137 2553 2604 2547  
  5138 2553 2547 2489  
  5139 2374 2319 2386  
  5140 2307 2253 2315  
  5141 2489 2547 2479  
  5142 2561 2612 2553  
  5143 2561 2553 2498  
  5144 2498 2553 2489  
  5145 2498 2489 2434  
  5146 2561 2498 2507  
  5147 2434 2489 2428  
  5148 2498 2434 2442  
  5149 2516 2567 2510  
  5150 2516 2510 2452  
  5151 2452 2510 2446  
  5152 2516 2452 2460  
  5153 2253 2206 2257  
  5154 2253 2257 2315  
  5155 2315 2257 2316  
  5156 2241 2195 2245  
  5157 2241 2245 2300  
  5158 2300 2245 2304  
  5159 2241 2300 2297  
  5160 2547 2593 2536  
  5161 2547 2536 2479  
  5162 2479 2536 2472  
  5163 2504 2559 2497  
  5164 2504 2497 2441  
  5165 2441 2497 2433  
  5166 2504 2441 2446  
  5167 2446 2441 2388  
  5168 2504 2446 2510  
  5169 2504 2510 2563  
  5170 2388 2441 2377  
  5171 2446 2388 2391  
  5172 2245 2198 2249  
  5173 2245 2249 2304  
  5174 2304 2249 2307  
  5175 2304 2307 2368  
  5176 2368 2307 2369  
  5177 2304 2368 2362  
  5178 2257 2209 2263  
  5179 2257 2263 2316  
  5180 2316 2263 2323  
  5181 2323 2263 2267  
  5182 2267 2263 2214  
  5183 2323 2267 2325  
  5184 2316 2323 2380  
  5185 2325 2267 2272  
  5186 2325 2272 2331  
  5187 2272 2267 2217  
  5188 2323 2325 2387  
  5189 2331 2272 2279  
  5190 2331 2279 2339  
  5191 2279 2272 2220  
  5192 2339 2279 2284  
  5193 2339 2284 2347  
  5194 2331 2339 2388  
  5195 2388 2339 2391  
  5196 2331 2388 2377  
  5197 2391 2339 2347  
  5198 2331 2377 2325  
  5199 2391 2347 2413  
  5200 2325 2377 2387  
  5201 2387 2377 2433  
  5202 2387 2433 2437  
  5203 2437 2433 2493  
  5204 2437 2493 2484  
  5205 2387 2437 2380  
  5206 2437 2484 2424  
  5207 2380 2437 2424  
  5208 2380 2424 2366  
  5209 2366 2424 2422  
  5210 2380 2366 2316  
  5211 2316 2366 2315  
  5212 2315 2366 2369  
  5213 2413 2347 2360  
  5214 2391 2413 2452  
  5215 2452 2413 2460  
  5216 2460 2413 2405  
  5217 2424 2484 2481  
  5218 2405 2413 2360  
  5219 2405 2360 2358  
  5220 2358 2360 2302  
  5221 2405 2358 2423  
  5222 2358 2302 2314  
  5223 2358 2314 2374  
  5224 2460 2405 2472  
  5225 2460 2472 2526  
  5226 2526 2472 2536  
  5227 2391 2452 2446  
  5228 2423 2358 2374  
  5229 2423 2374 2428  
  5230 2428 2374 2386  
  5231 2428 2386 2434  
  5232 2434 2386 2381  
  5233 2381 2386 2327  
  5234 2381 2327 2337  
  5235 2381 2337 2401  
  5236 2434 2381 2442  
  5237 2401 2337 2352  
  5238 2381 2401 2442  
  5239 2442 2401 2461  
  5240 2461 2401 2409  
  5241 2442 2461 2507  
  5242 2507 2461 2524  
  5243 2524 2461 2470  
  5244 2507 2524 2565  
  5245 2565 2524 2574  
  5246 2574 2524 2531  
  5247 2531 2524 2470  
  5248 2531 2470 2477  
  5249 2574 2531 2590  
  5250 2477 2470 2418  
  5251 2531 2477 2542  
  5252 2405 2423 2472  
  5253 2472 2423 2479  
  5254 2479 2423 2428  
  5255 2409 2401 2352  
  5256 2409 2352 2364  
  5257 2409 2364 2418  
  5258 2418 2364 2372  
  5259 2418 2372 2439  
  5260 2409 2418 2470  
  5261 2439 2372 2398  
  5262 2418 2439 2477  
  5263 2477 2439 2500  
  5264 2500 2439 2469  
  5265 2500 2469 2538  
  5266 2500 2538 2542  
  5267 2500 2542 2477  
  5268 2409 2470 2461  
  5269 2284 2279 2226  
  5270 2526 2536 2584  
  5271 2574 2590 2631  
  5272 2481 2484 2544  
  5273 2352 2337 2282  
  5274 2372 2364 2309  
  5275 2484 2493 2549  
  5276 2337 2327 2277  
  5277 2364 2352 2296  
  5278 2314 2302 2251  
  5279 2565 2574 2624  
  5280 2493 2433 2497  
  5281 2493 2497 2555  
  5282 2460 2526 2516  
  5283 2516 2526 2570  
  5284 2327 2386 2319  
  5285 2327 2319 2265  
  5286 2507 2565 2561  
  5287 2561 2565 2619  
  5288 2422 2424 2481  
  5289 2422 2481 2476  
  5290 2476 2481 2540  
  5291 2366 2422 2369  
  5292 2369 2422 2430  
  5293 2430 2422 2476  
  5294 2430 2476 2474  
  5295 2430 2412 2368  
  5296 2369 2430 2368  
  5297 2474 2476 2534  
  5298 2347 2284 2293  
  5299 2347 2293 2360  
  5300 2293 2284 2230  
  5301 2387 2380 2323  
  5302 2302 2360 2293  
  5303 2302 2293 2239  
  5304 2433 2377 2441  
  5305 2315 2369 2307  
  5306 2531 2542 2590  
  5307 2442 2507 2498  
  5308 2237 2191 2241  
  5309 2237 2241 2297  
  5310 2237 2297 2294  
  5311 2235 2189 2237  
  5312 2235 2237 2294  
  5313 2235 2294 2291  
  5314 2291 2294 2355  
  5315 2235 2291 2233  
  5316 2233 2291 2289  
  5317 2235 2233 2187  
  5318 2289 2291 2345  
  5319 2233 2289 2243  
  5320 2372 2321 2398  
  5321 2456 2518 2454  
  5322 2456 2454 2395  
  5323 2395 2454 2394  
  5324 2456 2395 2399  
  5325 2459 2521 2456  
  5326 2459 2456 2399  
  5327 2459 2399 2404  
  5328 2454 2514 2449  
  5329 2474 2530 2466  
  5330 2474 2466 2412  
  5331 2412 2466 2407  
  5332 2474 2412 2430  
  5333 2368 2412 2362  
  5334 2362 2412 2407  
  5335 2362 2407 2346  
  5336 2346 2407 2404  
  5337 2362 2346 2300  
  5338 2300 2346 2297  
  5339 2297 2346 2357  
  5340 2404 2407 2464  
  5341 2357 2346 2404  
  5342 2357 2404 2399  
  5343 2357 2399 2355  
  5344 2355 2399 2395  
  5345 2355 2395 2345  
  5346 2345 2395 2394  
  5347 2345 2379 2311  
  5348 2297 2357 2294  
  5349 2404 2464 2459  
  5350 2362 2300 2304  
  5351 2464 2407 2466  
  5352 2459 2464 2523  
  5353 2464 2466 2528  
  5354 2355 2345 2291  
  5355 2479 2428 2489  
  5356 2639 2590 2600  
  5357 2185 2233 2243  
  5358 2289 2345 2311  
  5359 2355 2294 2357  
  5360 2394 2454 2449  
  5361 2538 2600 2542  
  5362 2379 2345 2394  
  5363 2398 2469 2439  
  5364 2449 2379 2394  
  5365 2311 2243 2289  
  5366 2590 2542 2600  
  END_ELEMENTS  
  COORDINATES  
   1  -1.500000e+00  2.626580e-09   
   2  -1.499162e+00 -5.012246e-02   
   3  -1.499162e+00  5.012247e-02   
   4  -1.452898e+00  2.886908e-02   
   5  -1.447527e+00 -2.419129e-02   
   6  -1.452656e+00  6.917386e-02   
   7  -1.445910e+00 -7.254687e-02   
   8  -1.496650e+00  1.001890e-01   
   9  -1.496650e+00 -1.001889e-01   
   10  -1.448491e+00 -1.167048e-01   
   11  -1.442679e+00  1.208214e-01   
   12  -1.371892e+00  4.586736e-02   
   13  -1.492467e+00  1.501435e-01   
   14  -1.492467e+00 -1.501435e-01   
   15  -1.369593e+00 -9.168349e-02   
   16  -1.437836e+00  1.689610e-01   
   17  -1.437836e+00 -1.689610e-01   
   18  -1.365765e+00  1.373972e-01   
   19  -1.486616e+00  1.999304e-01   
   20  -1.486616e+00 -1.999304e-01   
   21  -1.291825e+00 -1.321016e-02   
   22  -1.431387e+00 -2.169119e-01   
   23  -1.437326e+00  2.215611e-01   
   24  -1.282419e+00  8.584788e-02   
   25  -1.363984e+00 -2.024191e-01   
   26  -1.479105e+00  2.494940e-01   
   27  -1.479105e+00 -2.494940e-01   
   28  -1.278835e+00 -1.286520e-01   
   29  -1.429535e+00  2.611064e-01   
   30  -1.353538e+00  2.283134e-01   
   31  -1.423340e+00 -2.646206e-01   
   32  -1.273822e+00  1.713123e-01   
   33  -1.216290e+00 -7.577566e-02   
   34  -1.206669e+00  2.183218e-02   
   35  -1.469943e+00 -2.987790e-01   
   36  -1.469943e+00  2.987790e-01   
   37  -1.271633e+00 -2.278945e-01   
   38  -1.413703e+00 -3.120337e-01   
   39  -1.413703e+00  3.120337e-01   
   40  -1.191953e+00  1.199116e-01   
   41  -1.459138e+00 -3.477302e-01   
   42  -1.459138e+00  3.477302e-01   
   43  -1.191651e+00 -1.683488e-01   
   44  -1.335266e+00 -3.182099e-01   
   45  -1.408903e+00 -3.560057e-01   
   46  -1.259696e+00  2.866207e-01   
   47  -1.125263e+00  2.806232e-02   
   48  -1.406627e+00  3.648938e-01   
   49  -1.186838e+00  2.189569e-01   
   50  -1.122466e+00 -8.411719e-02   
   51  -1.446704e+00 -3.962931e-01   
   52  -1.446704e+00  3.962931e-01   
   53  -1.323887e+00  3.626501e-01   
   54  -1.116878e+00  1.399629e-01   
   55  -1.397048e+00  4.040445e-01   
   56  -1.179925e+00 -2.675871e-01   
   57  -1.389704e+00 -4.057618e-01   
   58  -1.239622e+00 -3.395676e-01   
   59  -1.168737e+00  3.009676e-01   
   60  -1.311030e+00 -4.066853e-01   
   61  -1.432654e+00  4.444134e-01   
   62  -1.432654e+00 -4.444134e-01   
   63  -1.050165e+00 -5.241156e-02   
   64  -1.095271e+00 -2.070617e-01   
   65  -1.043756e+00  4.426791e-03   
   66  -1.043975e+00  4.648319e-02   
   67  -1.046247e+00 -1.046928e-01   
   68  -1.046247e+00  1.046928e-01   
   69  -1.227583e+00  3.807999e-01   
   70  -1.375369e+00  4.519721e-01   
   71  -1.375369e+00 -4.519721e-01   
   72  -1.039728e+00 -1.567138e-01   
   73  -1.039728e+00  1.567138e-01   
   74  -1.057954e+00  2.108747e-01   
   75  -1.296708e+00  4.502662e-01   
   76  -1.417004e+00  4.920373e-01   
   77  -1.417004e+00 -4.920373e-01   
   78  -9.996892e-01 -2.493069e-02   
   79  -9.996892e-01  2.493069e-02   
   80  -9.972038e-01  7.473010e-02   
   81  -9.972038e-01 -7.473009e-02   
   82  -1.143688e+00 -3.673510e-01   
   83  -1.030624e+00 -2.083451e-01   
   84  -1.359499e+00  4.976776e-01   
   85  -1.359499e+00 -4.976776e-01   
   86  -1.216014e+00 -4.362298e-01   
   87  -9.922392e-01  1.243437e-01   
   88  -9.922392e-01 -1.243437e-01   
   89  -1.073074e+00  3.078971e-01   
   90  -1.068352e+00 -3.117489e-01   
   91  -1.131685e+00  3.929637e-01   
   92  -9.563879e-01  1.674689e-09   
   93  -9.848078e-01  1.736482e-01   
   94  -9.848078e-01 -1.736482e-01   
   95  -1.018958e+00 -2.594585e-01   
   96  -1.018958e+00  2.594585e-01   
   97  -9.551990e-01  4.767200e-02   
   98  -9.551990e-01 -4.767200e-02   
   99  -1.399771e+00  5.391117e-01   
   100  -1.399771e+00 -5.391117e-01   
   101  -1.199407e+00  4.619431e-01   
   102  -9.516354e-01 -9.522548e-02   
   103  -1.342110e+00  5.428273e-01   
   104  -1.342110e+00 -5.428273e-01   
   105  -9.749279e-01 -2.225209e-01   
   106  -9.749279e-01  2.225209e-01   
   107  -9.362814e-01  9.130453e-02   
   108  -9.457058e-01  1.425422e-01   
   109  -1.281571e+00 -5.325216e-01   
   110  -1.004758e+00 -3.099268e-01   
   111  -1.000223e+00  3.026544e-01   
   112  -1.263738e+00  5.358712e-01   
   113  -9.299945e-01 -1.411688e-01   
   114  -9.090153e-01 -2.421844e-02   
   115  -9.374251e-01 -1.895046e-01   
   116  -9.374251e-01  1.895046e-01   
   117  -9.055665e-01  3.478046e-02   
   118  -1.380975e+00  5.855839e-01   
   119  -1.380975e+00 -5.855839e-01   
   120  -1.120126e+00 -4.645037e-01   
   121  -9.626242e-01  2.708405e-01   
   122  -9.626242e-01 -2.708405e-01   
   123  -9.037671e-01 -8.236684e-02   
   124  -1.330063e+00  5.853886e-01   
   125  -1.330063e+00 -5.853886e-01   
   126  -1.047804e+00 -4.112327e-01   
   127  -9.002642e-01  1.250568e-01   
   128  -9.880606e-01  3.596246e-01   
   129  -9.880606e-01 -3.596246e-01   
   130  -1.032134e+00  4.176767e-01   
   131  -1.103748e+00  4.881252e-01   
   132  -8.761293e-01  8.545967e-02   
   133  -9.138041e-01 -2.314573e-01   
   134  -8.694544e-01 -4.933138e-02   
   135  -9.100770e-01  2.301765e-01   
   136  -8.902882e-01  1.721449e-01   
   137  -1.165875e+00 -5.410231e-01   
   138  -8.634358e-01 -1.075086e-03   
   139  -9.479273e-01  3.184867e-01   
   140  -9.479273e-01 -3.184866e-01   
   141  -8.839299e-01 -1.776275e-01   
   142  -1.360636e+00  6.314021e-01   
   143  -1.360636e+00 -6.314021e-01   
   144  -1.166242e+00  5.557567e-01   
   145  -8.634458e-01 -1.324518e-01   
   146  -9.138983e-01  2.819003e-01   
   147  -9.138983e-01 -2.819003e-01   
   148  -8.476255e-01 -8.650005e-02   
   149  -8.425170e-01  4.432057e-02   
   150  -1.302856e+00  6.312582e-01   
   151  -1.302856e+00 -6.312582e-01   
   152  -8.508646e-01  1.286309e-01   
   153  -9.689065e-01  4.084284e-01   
   154  -9.689065e-01 -4.084284e-01   
   155  -8.619256e-01  2.126316e-01   
   156  -8.272266e-01 -4.094514e-02   
   157  -9.308737e-01  3.653410e-01   
   158  -9.308737e-01 -3.653410e-01   
   159  -1.225124e+00 -6.190830e-01   
   160  -8.721301e-01 -2.640886e-01   
   161  -8.963779e-01 -3.166218e-01   
   162  -8.516931e-01 -2.137185e-01   
   163  -8.214998e-01  8.851940e-02   
   164  -8.935575e-01  3.181867e-01   
   165  -8.357081e-01 -1.735743e-01   
   166  -8.099118e-01 -3.813085e-04   
   167  -8.615214e-01  2.647980e-01   
   168  -8.197467e-01 -1.263072e-01   
   169  -8.299128e-01  1.739501e-01   
   170  -1.338778e+00  6.765152e-01   
   171  -1.338778e+00 -6.765152e-01   
   172  -7.982181e-01 -8.156374e-02   
   173  -7.941797e-01  5.198647e-02   
   174  -1.281035e+00 -6.744406e-01   
   175  -8.013457e-01  1.330022e-01   
   176  -1.283719e+00  6.810381e-01   
   177  -1.001652e+00  5.135168e-01   
   178  -1.001652e+00 -5.135168e-01   
   179  -9.473436e-01  4.562167e-01   
   180  -9.473436e-01 -4.562166e-01   
   181  -8.178287e-01  2.220884e-01   
   182  -9.115059e-01  4.112871e-01   
   183  -9.115059e-01 -4.112871e-01   
   184  -1.127135e+00 -6.176867e-01   
   185  -1.071389e+00  5.807144e-01   
   186  -8.762466e-01  3.656833e-01   
   187  -1.203753e+00  6.596747e-01   
   188  -8.231521e-01 -2.546297e-01   
   189  -8.443926e-01 -3.067508e-01   
   190  -7.765095e-01 -3.755341e-02   
   191  -8.690451e-01 -3.631633e-01   
   192  -8.019594e-01 -2.098621e-01   
   193  -7.870827e-01 -1.640168e-01   
   194  -8.402016e-01  3.184096e-01   
   195  -7.734888e-01  9.745509e-02   
   196  -7.850584e-01  1.802042e-01   
   197  -7.610007e-01  9.874584e-03   
   198  -7.661960e-01 -1.187101e-01   
   199  -1.315425e+00  7.208726e-01   
   200  -1.315425e+00 -7.208726e-01   
   201  -1.047696e+00 -5.990488e-01   
   202  -7.973185e-01  2.676713e-01   
   203  -7.494099e-01 -7.186414e-02   
   204  -1.257783e+00  7.168697e-01   
   205  -7.444725e-01  5.695702e-02   
   206  -7.523686e-01  1.427259e-01   
   207  -8.616757e-01  4.149612e-01   
   208  -8.616757e-01 -4.149612e-01   
   209  -8.898718e-01  4.562107e-01   
   210  -8.898718e-01 -4.562107e-01   
   211  -9.204208e-01  4.948437e-01   
   212  -1.260245e+00 -7.235532e-01   
   213  -9.234255e-01 -5.028707e-01   
   214  -7.908967e-01 -2.903038e-01   
   215  -7.681031e-01  2.271705e-01   
   216  -7.751588e-01 -2.515154e-01   
   217  -7.600416e-01 -2.039154e-01   
   218  -8.124209e-01 -3.412158e-01   
   219  -1.193599e+00 -7.076231e-01   
   220  -8.289856e-01 -3.807261e-01   
   221  -8.196654e-01  3.659145e-01   
   222  -7.277546e-01 -2.692813e-02   
   223  -7.377176e-01 -1.596727e-01   
   224  -7.238508e-01  1.017107e-01   
   225  -7.827348e-01  3.185454e-01   
   226  -7.231774e-01 -1.121514e-01   
   227  -7.360847e-01  1.888542e-01   
   228  -7.122284e-01  1.887487e-02   
   229  -1.104441e+00  6.861437e-01   
   230  -1.290602e+00  7.644250e-01   
   231  -1.290602e+00 -7.644250e-01   
   232  -7.476150e-01  2.725099e-01   
   233  -1.225874e+00  7.540374e-01   
   234  -7.000069e-01 -6.838010e-02   
   235  -8.399205e-01 -4.573963e-01   
   236  -1.233126e+00 -7.584981e-01   
   237  -7.066588e-01  1.485811e-01   
   238  -1.083361e+00 -6.915917e-01   
   239  -8.660254e-01  5.000000e-01   
   240  -8.660254e-01 -5.000000e-01   
   241  -8.356652e-01  4.593588e-01   
   242  -7.634324e-01 -3.319209e-01   
   243  -7.265241e-01 -2.409406e-01   
   244  -6.912904e-01  6.416876e-02   
   245  -7.410968e-01 -2.878050e-01   
   246  -7.795163e-01 -3.786799e-01   
   247  -7.090000e-01 -1.941731e-01   
   248  -8.972116e-01  5.482746e-01   
   249  -8.972116e-01 -5.482746e-01   
   250  -6.850650e-01 -2.113923e-02   
   251  -8.010441e-01 -4.216000e-01   
   252  -7.985280e-01  4.179189e-01   
   253  -7.155431e-01  2.344064e-01   
   254  -6.900783e-01 -1.492207e-01   
   255  -9.303024e-01 -5.953024e-01   
   256  -7.615677e-01  3.674998e-01   
   257  -9.455444e-01  6.106973e-01   
   258  -6.743285e-01 -1.018460e-01   
   259  -6.748672e-01  1.100884e-01   
   260  -7.300406e-01  3.192674e-01   
   261  -6.864505e-01  1.937792e-01   
   262  -6.628205e-01  2.318826e-02   
   263  -1.264338e+00  8.071235e-01   
   264  -1.264338e+00 -8.071235e-01   
   265  -8.160771e-01  4.986943e-01   
   266  -6.984656e-01  2.805615e-01   
   267  -6.528140e-01 -5.875350e-02   
   268  -9.876557e-01 -6.779873e-01   
   269  -7.157087e-01 -3.302378e-01   
   270  -1.207092e+00  7.992794e-01   
   271  -1.207092e+00 -7.992794e-01   
   272  -6.957149e-01 -2.791430e-01   
   273  -7.541040e-01 -4.114905e-01   
   274  -7.313892e-01 -3.673273e-01   
   275  -8.400259e-01  5.425463e-01   
   276  -8.400259e-01 -5.425463e-01   
   277  -6.774136e-01 -2.328589e-01   
   278  -8.055022e-01 -4.995232e-01   
   279  -6.468259e-01  7.018825e-02   
   280  -7.818133e-01  4.683680e-01   
   281  -9.942467e-01  6.942045e-01   
   282  -1.131677e+00  7.768522e-01   
   283  -6.544544e-01  1.556484e-01   
   284  -6.596294e-01 -1.884960e-01   
   285  -8.665765e-01  5.840291e-01   
   286  -8.665765e-01 -5.840291e-01   
   287  -7.684573e-01 -4.588759e-01   
   288  -6.360671e-01 -1.176115e-02   
   289  -6.687266e-01  2.404728e-01   
   290  -7.099668e-01  3.648737e-01   
   291  -6.406323e-01 -1.423275e-01   
   292  -1.131420e+00 -7.924943e-01   
   293  -7.345434e-01  4.238358e-01   
   294  -6.248300e-01 -9.964181e-02   
   295  -6.254192e-01  1.150362e-01   
   296  -6.783552e-01  3.263158e-01   
   297  -6.150601e-01  3.203389e-02   
   298  -6.373009e-01  2.016546e-01   
   299  -1.236662e+00  8.489206e-01   
   300  -1.236662e+00 -8.489206e-01   
   301  -6.669275e-01 -3.198671e-01   
   302  -1.034748e+00 -7.624078e-01   
   303  -7.771391e-01  5.264953e-01   
   304  -7.045611e-01 -4.087889e-01   
   305  -1.186810e+00  8.385883e-01   
   306  -6.820061e-01 -3.669978e-01   
   307  -7.258770e-01 -4.522953e-01   
   308  -6.460142e-01 -2.750196e-01   
   309  -6.488454e-01  2.859791e-01   
   310  -1.179711e+00 -8.391681e-01   
   311  -6.030883e-01 -5.474147e-02   
   312  -6.283295e-01 -2.267897e-01   
   313  -7.780307e-01 -5.399416e-01   
   314  -8.119380e-01  5.837437e-01   
   315  -8.119380e-01 -5.837437e-01   
   316  -5.976654e-01  7.881671e-02   
   317  -6.085743e-01  1.618350e-01   
   318  -7.405537e-01 -4.983789e-01   
   319  -6.096437e-01 -1.867101e-01   
   320  -6.846755e-01  4.100210e-01   
   321  -5.865214e-01 -8.590870e-03   
   322  -7.246718e-01  4.858670e-01   
   323  -6.172794e-01  2.474101e-01   
   324  -8.381626e-01  6.348835e-01   
   325  -8.381626e-01 -6.348835e-01   
   326  -6.606920e-01  3.724898e-01   
   327  -5.895964e-01 -1.397334e-01   
   328  -1.022010e+00  7.902409e-01   
   329  -6.307262e-01  3.325375e-01   
   330  -5.771715e-01  1.232637e-01   
   331  -6.583187e-01 -3.979785e-01   
   332  -6.782560e-01 -4.433831e-01   
   333  -5.653585e-01  3.661243e-02   
   334  -5.878208e-01  2.070787e-01   
   335  -6.340686e-01 -3.547233e-01   
   336  -6.191385e-01 -3.165691e-01   
   337  -6.835588e-01  4.582413e-01   
   338  -8.800399e-01  7.018084e-01   
   339  -8.800399e-01 -7.018084e-01   
   340  -1.207605e+00  8.897696e-01   
   341  -1.207605e+00 -8.897696e-01   
   342  -5.680718e-01 -9.475460e-02   
   343  -7.623679e-01  5.774712e-01   
   344  -6.941010e-01 -4.904016e-01   
   345  -5.962182e-01 -2.722766e-01   
   346  -1.151011e+00  8.781194e-01   
   347  -1.151011e+00 -8.781194e-01   
   348  -7.216205e-01  5.394237e-01   
   349  -5.995735e-01  2.934798e-01   
   350  -5.540500e-01 -4.629615e-02   
   351  -7.495908e-01 -5.792198e-01   
   352  -9.355709e-01 -7.623869e-01   
   353  -5.784787e-01 -2.256837e-01   
   354  -7.818315e-01  6.234898e-01   
   355  -7.818315e-01 -6.234898e-01   
   356  -7.099985e-01 -5.370668e-01   
   357  -5.480959e-01  8.290908e-02   
   358  -6.408940e-01  4.183872e-01   
   359  -5.592933e-01  1.698881e-01   
   360  -5.602590e-01 -1.795447e-01   
   361  -9.250358e-01  7.663409e-01   
   362  -5.374747e-01  8.130902e-04   
   363  -6.818317e-01  5.077436e-01   
   364  -5.703338e-01  2.537185e-01   
   365  -6.110855e-01  3.782626e-01   
   366  -8.054744e-01  6.758732e-01   
   367  -8.054744e-01 -6.758732e-01   
   368  -5.402731e-01 -1.361507e-01   
   369  -1.070418e+00 -8.692707e-01   
   370  -6.291446e-01 -4.365167e-01   
   371  -6.099833e-01 -3.980705e-01   
   372  -6.522617e-01 -4.845335e-01   
   373  -5.869314e-01 -3.542308e-01   
   374  -5.701574e-01 -3.090487e-01   
   375  -7.119988e-01  5.824028e-01   
   376  -5.798367e-01  3.393759e-01   
   377  -5.275017e-01  1.283992e-01   
   378  -5.220391e-01 -8.967540e-02   
   379  -6.719307e-01 -5.285646e-01   
   380  -7.326356e-01  6.147543e-01   
   381  -6.355482e-01  4.692586e-01   
   382  -1.177199e+00  9.296248e-01   
   383  -1.177199e+00 -9.296248e-01   
   384  -5.391994e-01  2.148378e-01   
   385  -5.161546e-01  4.463247e-02   
   386  -5.473889e-01 -2.646581e-01   
   387  -5.100920e-01 -4.092846e-02   
   388  -1.121026e+00  9.160901e-01   
   389  -1.121026e+00 -9.160901e-01   
   390  -9.779759e-01 -8.441260e-01   
   391  -7.214165e-01 -6.170832e-01   
   392  -5.305048e-01 -2.192367e-01   
   393  -1.048234e+00  8.862267e-01   
   394  -5.500694e-01  2.992523e-01   
   395  -6.717137e-01  5.565620e-01   
   396  -6.815261e-01 -5.750758e-01   
   397  -7.497812e-01  6.616858e-01   
   398  -7.497812e-01 -6.616858e-01   
   399  -5.926800e-01  4.247212e-01   
   400  -4.988792e-01  9.151417e-02   
   401  -5.097152e-01  1.746913e-01   
   402  -5.085617e-01 -1.744147e-01   
   403  -6.346545e-01  5.238657e-01   
   404  -4.878775e-01  3.778179e-03   
   405  -5.209667e-01  2.613441e-01   
   406  -5.617255e-01  3.854913e-01   
   407  -6.793700e-01  6.005955e-01   
   408  -4.911132e-01 -1.288675e-01   
   409  -6.026801e-01 -4.788308e-01   
   410  -5.448170e-01 -3.500444e-01   
   411  -5.792571e-01 -4.350726e-01   
   412  -5.618996e-01 -3.969709e-01   
   413  -9.532378e-01  8.621527e-01   
   414  -6.222774e-01 -5.244308e-01   
   415  -5.206545e-01 -3.067793e-01   
   416  -7.622176e-01  7.148909e-01   
   417  -7.622176e-01 -7.148909e-01   
   418  -5.321118e-01  3.457714e-01   
   419  -6.430256e-01 -5.691482e-01   
   420  -5.041445e-01 -2.598977e-01   
   421  -7.010819e-01  6.505090e-01   
   422  -7.010819e-01 -6.505090e-01   
   423  -4.781880e-01  1.360148e-01   
   424  -1.145478e+00  9.684418e-01   
   425  -1.145478e+00 -9.684418e-01   
   426  -4.697072e-01 -8.376518e-02   
   427  -4.895570e-01  2.203959e-01   
   428  -6.646877e-01 -6.125189e-01   
   429  -1.089789e+00  9.530376e-01   
   430  -1.089789e+00 -9.530376e-01   
   431  -5.796699e-01  4.825926e-01   
   432  -4.809906e-01 -2.160122e-01   
   433  -5.011712e-01  3.066667e-01   
   434  -6.242577e-01  5.703592e-01   
   435  -8.799000e-01 -8.431372e-01   
   436  -4.546150e-01  7.080318e-02   
   437  -8.057893e-01  7.859447e-01   
   438  -8.057893e-01 -7.859447e-01   
   439  -5.433427e-01  4.306031e-01   
   440  -4.639458e-01 -1.693759e-01   
   441  -7.158668e-01  6.982368e-01   
   442  -7.158668e-01 -6.982368e-01   
   443  -4.484286e-01 -1.509209e-02   
   444  -5.926287e-01  5.463059e-01   
   445  -5.541743e-01 -4.779010e-01   
   446  -5.128809e-01 -3.884371e-01   
   447  -5.731555e-01 -5.173273e-01   
   448  -8.550843e-01  8.436827e-01   
   449  -5.122039e-01  3.915135e-01   
   450  -4.932614e-01 -3.425134e-01   
   451  -5.293508e-01 -4.346037e-01   
   452  -4.415671e-01 -1.250031e-01   
   453  -4.509032e-01  1.886570e-01   
   454  -5.942097e-01 -5.622824e-01   
   455  -7.319581e-01  7.440997e-01   
   456  -4.725923e-01 -2.983023e-01   
   457  -6.345323e-01  6.289855e-01   
   458  -4.899089e-01  3.552016e-01   
   459  -4.642751e-01  2.739755e-01   
   460  -7.341765e-01 -7.527140e-01   
   461  -4.322426e-01  1.151484e-01   
   462  -4.262219e-01  2.968753e-02   
   463  -4.549108e-01 -2.516121e-01   
   464  -6.125868e-01 -6.085946e-01   
   465  -6.677853e-01  6.846464e-01   
   466  -6.677853e-01 -6.846464e-01   
   467  -1.112478e+00  1.006177e+00   
   468  -1.112478e+00 -1.006177e+00   
   469  -4.201269e-01 -5.696258e-02   
   470  -1.057334e+00 -9.889206e-01   
   471  -9.866996e-01  9.542619e-01   
   472  -9.866996e-01 -9.542619e-01   
   473  -5.479564e-01  5.212197e-01   
   474  -4.330198e-01 -2.082224e-01   
   475  -1.058180e+00  9.959929e-01   
   476  -6.278599e-01 -6.545957e-01   
   477  -5.186007e-01  4.816355e-01   
   478  -5.812800e-01  5.948343e-01   
   479  -4.285715e-01  2.359783e-01   
   480  -4.146060e-01 -1.618296e-01   
   481  -4.048021e-01  7.471930e-02   
   482  -6.801727e-01  7.330519e-01   
   483  -6.801727e-01 -7.330519e-01   
   484  -4.109941e-01  1.603954e-01   
   485  -3.985486e-01 -1.187680e-02   
   486  -5.046955e-01 -4.733519e-01   
   487  -4.838935e-01 -4.279636e-01   
   488  -5.246096e-01 -5.178355e-01   
   489  -4.634694e-01 -3.825928e-01   
   490  -4.849348e-01  4.380733e-01   
   491  -5.448736e-01 -5.567875e-01   
   492  -5.658054e-01 -5.937145e-01   
   493  -5.450943e-01  5.612819e-01   
   494  -6.170449e-01  6.701308e-01   
   495  -4.431905e-01  3.346249e-01   
   496  -4.437006e-01 -3.387465e-01   
   497  -4.631055e-01  3.986796e-01   
   498  -3.931478e-01 -1.178373e-01   
   499  -4.229120e-01 -2.933543e-01   
   500  -8.885710e-01  9.377778e-01   
   501  -5.767703e-01  6.350522e-01   
   502  -4.053056e-01 -2.494218e-01   
   503  -3.824369e-01  1.194120e-01   
   504  -3.763754e-01  3.264252e-02   
   505  -1.078236e+00  1.042789e+00   
   506  -1.078236e+00 -1.042789e+00   
   507  -6.328283e-01 -7.170817e-01   
   508  -6.957442e-01  7.883740e-01   
   509  -1.030796e+00 -1.024308e+00   
   510  -6.278489e-01  7.143182e-01   
   511  -1.023699e+00  1.023699e+00   
   512  -3.883933e-01  2.044664e-01   
   513  -6.873197e-01 -7.855181e-01   
   514  -5.037882e-01  5.342824e-01   
   515  -3.702968e-01 -5.305010e-02   
   516  -4.044321e-01  2.860907e-01   
   517  -3.832340e-01 -2.046534e-01   
   518  -5.569168e-01 -6.405579e-01   
   519  -5.335008e-01  6.071758e-01   
   520  -8.147554e-01 -9.147088e-01   
   521  -4.551908e-01 -4.688167e-01   
   522  -3.649585e-01 -1.588166e-01   
   523  -4.751995e-01 -5.133678e-01   
   524  -4.341964e-01 -4.230527e-01   
   525  -3.549194e-01  7.777873e-02   
   526  -5.204400e-01 -6.003500e-01   
   527  -4.949332e-01 -5.575926e-01   
   528  -6.427876e-01  7.660444e-01   
   529  -6.427876e-01 -7.660444e-01   
   530  -4.141105e-01 -3.784673e-01   
   531  -5.784204e-01  6.885973e-01   
   532  -3.612088e-01  1.644672e-01   
   533  -3.489724e-01 -7.898366e-03   
   534  -4.295934e-01  4.331539e-01   
   535  -3.941806e-01 -3.327385e-01   
   536  -5.033653e-01  5.836280e-01   
   537  -5.776540e-01 -6.963205e-01   
   538  -3.674089e-01  2.498305e-01   
   539  -4.056572e-01  3.845948e-01   
   540  -7.235303e-01  8.622698e-01   
   541  -7.235303e-01 -8.622698e-01   
   542  -7.902378e-01  9.197665e-01   
   543  -3.739152e-01 -2.874961e-01   
   544  -3.406893e-01 -9.546839e-02   
   545  -4.427624e-01  4.928544e-01   
   546  -3.562000e-01 -2.409137e-01   
   547  -5.319464e-01  6.571080e-01   
   548  -1.042789e+00  1.078236e+00   
   549  -1.042789e+00 -1.078236e+00   
   550  -6.559313e-01  8.135102e-01   
   551  -6.559313e-01 -8.135102e-01   
   552  -3.326039e-01  1.220977e-01   
   553  -3.265649e-01  3.671100e-02   
   554  -9.889206e-01  1.057334e+00   
   555  -9.889206e-01 -1.057334e+00   
   556  -3.737832e-01  3.371655e-01   
   557  -5.928608e-01 -7.483080e-01   
   558  -4.636404e-01  5.565492e-01   
   559  -3.213098e-01 -4.952532e-02   
   560  -3.386202e-01  2.090361e-01   
   561  -3.335917e-01 -1.810444e-01   
   562  -5.808824e-01  7.434386e-01   
   563  -4.301041e-01 -5.107191e-01   
   564  -4.516056e-01 -5.556594e-01   
   565  -4.895527e-01  6.309289e-01   
   566  -4.713074e-01 -6.014174e-01   
   567  -3.444893e-01  2.935192e-01   
   568  -4.033687e-01 -4.694057e-01   
   569  -4.941740e-01 -6.418861e-01   
   570  -4.013168e-01  4.659110e-01   
   571  -3.820755e-01 -4.242323e-01   
   572  -3.116792e-01 -1.361291e-01   
   573  -3.054742e-01  8.194064e-02   
   574  -6.038044e-01  7.971325e-01   
   575  -6.038044e-01 -7.971325e-01   
   576  -3.113232e-01  1.673057e-01   
   577  -5.310499e-01  7.087728e-01   
   578  -2.991525e-01 -4.724898e-03   
   579  -3.445299e-01 -3.278185e-01   
   580  -3.762268e-01  4.239589e-01   
   581  -5.144373e-01 -6.873964e-01   
   582  -3.597402e-01 -3.790861e-01   
   583  -4.561680e-01  5.977909e-01   
   584  -3.245843e-01 -2.795968e-01   
   585  -5.418048e-01 -7.367413e-01   
   586  -3.176640e-01  2.541219e-01   
   587  -3.502821e-01  3.812336e-01   
   588  -2.909543e-01 -9.085200e-02   
   589  -8.862267e-01  1.048234e+00   
   590  -8.862267e-01 -1.048234e+00   
   591  -3.047047e-01 -2.228456e-01   
   592  -1.006177e+00  1.112478e+00   
   593  -1.006177e+00 -1.112478e+00   
   594  -4.886856e-01  6.807468e-01   
   595  -9.530376e-01  1.089789e+00   
   596  -5.582854e-01 -7.765277e-01   
   597  -5.582854e-01  7.765277e-01   
   598  -2.779728e-01  4.021718e-02   
   599  -2.828221e-01  1.263882e-01   
   600  -3.238756e-01  3.390444e-01   
   601  -3.843196e-01  5.051034e-01   
   602  -9.531712e-01 -1.096910e+00   
   603  -4.024572e-01 -5.521630e-01   
   604  -2.837437e-01 -1.774785e-01   
   605  -2.888082e-01  2.113431e-01   
   606  -7.965581e-01 -1.008695e+00   
   607  -4.121179e-01  5.741905e-01   
   608  -6.137902e-01  8.537302e-01   
   609  -6.137902e-01 -8.537302e-01   
   610  -7.306991e-01 -9.605236e-01   
   611  -3.588370e-01  4.625993e-01   
   612  -4.219065e-01 -5.949756e-01   
   613  -3.783398e-01 -5.084387e-01   
   614  -2.688112e-01 -4.606139e-02   
   615  -5.268580e-01  7.561237e-01   
   616  -4.449916e-01 -6.390172e-01   
   617  -3.536184e-01 -4.650531e-01   
   618  -4.471937e-01  6.529581e-01   
   619  -4.649631e-01 -6.815581e-01   
   620  -3.324311e-01 -4.208302e-01   
   621  -2.947651e-01  2.985170e-01   
   622  -4.888843e-01 -7.253627e-01   
   623  -2.618789e-01 -1.329524e-01   
   624  -2.556775e-01  8.493962e-02   
   625  -3.099133e-01 -3.767124e-01   
   626  -3.262522e-01  4.250158e-01   
   627  -5.633201e-01  8.262388e-01   
   628  -5.633201e-01 -8.262388e-01   
   629  -2.620620e-01  1.717266e-01   
   630  -2.493931e-01 -7.132056e-04   
   631  -4.846185e-01  7.303312e-01   
   632  -2.769009e-01 -2.630587e-01   
   633  -4.136569e-01  6.240625e-01   
   634  -2.677753e-01  2.566520e-01   
   635  -2.859532e-01 -3.328603e-01   
   636  -3.005199e-01  3.822121e-01   
   637  -3.678402e-01  5.518784e-01   
   638  -7.769193e-01  1.032173e+00   
   639  -5.152698e-01 -7.871063e-01   
   640  -9.230901e-01  1.122342e+00   
   641  -2.411009e-01 -8.751249e-02   
   642  -9.684418e-01  1.145478e+00   
   643  -9.684418e-01 -1.145478e+00   
   644  -9.160901e-01 -1.121026e+00   
   645  -2.549430e-01 -2.182299e-01   
   646  -5.188847e-01  8.033906e-01   
   647  -4.440892e-01  7.027994e-01   
   648  -6.340806e-01  9.300254e-01   
   649  -3.366689e-01  5.133061e-01   
   650  -2.347892e-01  1.298673e-01   
   651  -3.525371e-01 -5.509599e-01   
   652  -2.741889e-01  3.436411e-01   
   653  -2.271702e-01  4.389683e-02   
   654  -3.953562e-01 -6.360297e-01   
   655  -3.730386e-01 -5.964904e-01   
   656  -5.716724e-01  8.747773e-01   
   657  -3.286024e-01 -5.082695e-01   
   658  -2.343628e-01 -1.727698e-01   
   659  -3.076336e-01 -4.631345e-01   
   660  -2.390679e-01  2.159455e-01   
   661  -3.698695e-01  6.001407e-01   
   662  -4.851898e-01  7.798197e-01   
   663  -3.098337e-01  4.711417e-01   
   664  -4.153219e-01 -6.814804e-01   
   665  -2.190288e-01 -4.327395e-02   
   666  -4.389961e-01 -7.238662e-01   
   667  -2.843595e-01 -4.191439e-01   
   668  -5.622432e-01 -8.808674e-01   
   669  -2.488148e-01 -3.044002e-01   
   670  -2.449861e-01  3.003002e-01   
   671  -4.011110e-01  6.773698e-01   
   672  -2.628810e-01 -3.705973e-01   
   673  -2.804169e-01  4.279539e-01   
   674  -4.613311e-01 -7.718212e-01   
   675  -2.121493e-01 -1.281064e-01   
   676  -4.440996e-01  7.517955e-01   
   677  -2.059684e-01  8.914789e-02   
   678  -5.214352e-01  8.532909e-01   
   679  -5.214352e-01 -8.532909e-01   
   680  -2.271193e-01 -2.593752e-01   
   681  -2.122979e-01  1.744784e-01   
   682  -8.142333e-01 -1.105086e+00   
   683  -1.985120e-01  2.270416e-03   
   684  -3.302877e-01  5.724523e-01   
   685  -3.710030e-01  6.501018e-01   
   686  -2.187686e-01  2.614325e-01   
   687  -2.508684e-01  3.877958e-01   
   688  -9.296248e-01  1.177199e+00   
   689  -9.296248e-01 -1.177199e+00   
   690  -8.781194e-01  1.151011e+00   
   691  -8.781194e-01 -1.151011e+00   
   692  -1.919127e-01 -8.253735e-02   
   693  -2.064433e-01 -2.142134e-01   
   694  -7.274059e-01 -1.059646e+00   
   695  -4.749419e-01 -8.239956e-01   
   696  -4.781940e-01  8.282562e-01   
   697  -3.029801e-01 -5.467850e-01   
   698  -3.468062e-01 -6.353463e-01   
   699  -3.233812e-01 -5.912496e-01   
   700  -4.007931e-01  7.273066e-01   
   701  -2.867328e-01  5.153932e-01   
   702  -3.661303e-01 -6.748037e-01   
   703  -2.791082e-01 -5.030562e-01   
   704  -3.908132e-01 -7.179142e-01   
   705  -2.242985e-01  3.457481e-01   
   706  -1.835830e-01  1.335948e-01   
   707  -6.446062e-01 -1.009759e+00   
   708  -2.585883e-01 -4.617198e-01   
   709  -1.761992e-01  4.615419e-02   
   710  -5.869344e-01 -9.604756e-01   
   711  -1.846034e-01 -1.692680e-01   
   712  -1.918154e-01  2.193852e-01   
   713  -2.599732e-01  4.735445e-01   
   714  -4.412918e-01  8.014531e-01   
   715  -1.693447e-01 -3.810507e-02   
   716  -2.358393e-01 -4.172765e-01   
   717  -4.095960e-01 -7.638648e-01   
   718  -4.370466e-01 -8.024711e-01   
   719  -5.257361e-01  9.106016e-01   
   720  -5.257361e-01 -9.106016e-01   
   721  -2.153629e-01 -3.659534e-01   
   722  -3.154056e-01  6.201407e-01   
   723  -3.592891e-01  6.997640e-01   
   724  -1.953055e-01  3.053331e-01   
   725  -2.308124e-01  4.329724e-01   
   726  -1.642289e-01 -1.241245e-01   
   727  -1.949190e-01 -3.153594e-01   
   728  -7.768522e-01  1.131677e+00   
   729  -3.994635e-01  7.741799e-01   
   730  -6.308851e-01  1.028840e+00   
   731  -1.561024e-01  9.189380e-02   
   732  -4.782540e-01  8.782216e-01   
   733  -4.782540e-01 -8.782216e-01   
   734  -1.626599e-01  1.789625e-01   
   735  -8.460645e-01 -1.181491e+00   
   736  -1.495720e-01  7.610914e-03   
   737  -6.915917e-01  1.083361e+00   
   738  -8.391681e-01  1.179711e+00   
   739  -8.897696e-01  1.207605e+00   
   740  -8.897696e-01 -1.207605e+00   
   741  -1.730128e-01 -2.648602e-01   
   742  -2.011410e-01  3.888711e-01   
   743  -1.690495e-01  2.638393e-01   
   744  -2.683823e-01  5.722857e-01   
   745  -2.969136e-01 -6.333503e-01   
   746  -1.421833e-01 -7.929284e-02   
   747  -1.556449e-01 -2.099923e-01   
   748  -2.531928e-01 -5.449692e-01   
   749  -2.736605e-01 -5.903237e-01   
   750  -4.363144e-01  8.510626e-01   
   751  -4.363144e-01 -8.510626e-01   
   752  -3.411539e-01 -7.166035e-01   
   753  -3.176008e-01 -6.787957e-01   
   754  -2.369986e-01  5.202692e-01   
   755  -3.900034e-01 -7.969111e-01   
   756  -2.298420e-01 -5.041283e-01   
   757  -3.568444e-01  7.495155e-01   
   758  -3.601226e-01 -7.572734e-01   
   759  -1.756355e-01  3.510174e-01   
   760  -2.087382e-01 -4.589469e-01   
   761  -3.057233e-01  6.733913e-01   
   762  -1.329837e-01  1.357022e-01   
   763  -1.265545e-01  5.175788e-02   
   764  -1.349484e-01 -1.645091e-01   
   765  -3.960445e-01  8.223948e-01   
   766  -1.861575e-01 -4.156609e-01   
   767  -1.400483e-01  2.231775e-01   
   768  -2.069265e-01  4.767977e-01   
   769  -1.222144e-01 -3.417725e-02   
   770  -5.383290e-01  9.885379e-01   
   771  -3.209328e-01  7.226827e-01   
   772  -4.796928e-01  9.356754e-01   
   773  -7.386034e-01 -1.157003e+00   
   774  -2.666789e-01  6.305495e-01   
   775  -1.491206e-01  3.087165e-01   
   776  -1.641521e-01 -3.708911e-01   
   777  -1.809241e-01  4.345052e-01   
   778  -4.940283e-01 -9.590064e-01   
   779  -6.550050e-01 -1.105865e+00   
   780  -1.130209e-01 -1.198568e-01   
   781  -7.992794e-01  1.207092e+00   
   782  -7.992794e-01 -1.207092e+00   
   783  -4.338837e-01  9.009689e-01   
   784  -4.338837e-01 -9.009689e-01   
   785  -1.070831e-01  9.763630e-02   
   786  -8.489206e-01  1.236662e+00   
   787  -8.489206e-01 -1.236662e+00   
   788  -1.410521e-01 -3.266762e-01   
   789  -1.128017e-01  1.813543e-01   
   790  -2.340244e-01  5.965528e-01   
   791  -9.986830e-02  1.049200e-02   
   792  -2.482921e-01 -6.280649e-01   
   793  -2.242392e-01 -5.845361e-01   
   794  -2.679234e-01 -6.737553e-01   
   795  -2.124231e-01  5.613575e-01   
   796  -1.515457e-01  3.944839e-01   
   797  -2.041979e-01 -5.431388e-01   
   798  -2.914453e-01 -7.176192e-01   
   799  -3.463096e-01  8.039174e-01   
   800  -1.195104e-01  2.687037e-01   
   801  -3.163238e-01 -7.596784e-01   
   802  -1.072239e-01 -2.060996e-01   
   803  -3.933500e-01  8.717532e-01   
   804  -9.260283e-02 -7.426091e-02   
   805  -3.405973e-01 -8.017121e-01   
   806  -3.694883e-01 -8.424099e-01   
   807  -1.134841e-01 -2.620098e-01   
   808  -1.802040e-01 -4.993536e-01   
   809  -1.875538e-01  5.222365e-01   
   810  -3.955058e-01 -8.812388e-01   
   811  -1.593421e-01 -4.563142e-01   
   812  -3.133546e-01  7.740905e-01   
   813  -1.259776e-01  3.529524e-01   
   814  -3.614873e-01  8.469613e-01   
   815  -5.637056e-01 -1.067128e+00   
   816  -8.023174e-02  5.554124e-02   
   817  -8.338965e-02  1.413464e-01   
   818  -2.694524e-01  7.166521e-01   
   819  -8.511703e-02 -1.612698e-01   
   820  -1.364111e-01 -4.119364e-01   
   821  -1.572801e-01  4.769330e-01   
   822  -9.293852e-02  2.263844e-01   
   823  -2.434166e-01  6.740165e-01   
   824  -6.995297e-01  1.181038e+00   
   825  -2.195411e-01  6.308832e-01   
   826  -7.057009e-02 -2.995926e-02   
   827  -6.176867e-01  1.127135e+00   
   828  -1.146475e-01 -3.690007e-01   
   829  -4.324569e-01 -9.584230e-01   
   830  -1.327144e-01  4.404205e-01   
   831  -5.402963e-01  1.069210e+00   
   832  -9.658945e-02  3.125946e-01   
   833  -4.246769e-01  9.548268e-01   
   834  -7.584981e-01  1.233126e+00   
   835  -7.584981e-01 -1.233126e+00   
   836  -8.071235e-01  1.264338e+00   
   837  -8.071235e-01 -1.264338e+00   
   838  -2.218164e-01 -6.704013e-01   
   839  -1.847654e-01  5.950638e-01   
   840  -3.884348e-01  9.214762e-01   
   841  -3.884348e-01 -9.214762e-01   
   842  -1.985950e-01 -6.261962e-01   
   843  -6.060636e-02 -1.204853e-01   
   844  -9.242232e-02 -3.242621e-01   
   845  -2.675870e-01 -7.561221e-01   
   846  -5.741845e-02  9.995453e-02   
   847  -2.417283e-01 -7.152654e-01   
   848  -6.455704e-02  1.872923e-01   
   849  -1.753826e-01 -5.870306e-01   
   850  -1.067856e-01  3.977883e-01   
   851  -5.035582e-02  1.571429e-02   
   852  -1.542880e-01 -5.417772e-01   
   853  -1.627403e-01  5.655067e-01   
   854  -2.888041e-01 -8.010867e-01   
   855  -3.171822e-01 -8.456509e-01   
   856  -3.494077e-01  8.902764e-01   
   857  -3.494077e-01 -8.902764e-01   
   858  -6.966734e-02  2.706048e-01   
   859  -1.304914e-01 -4.991238e-01   
   860  -5.955487e-02 -2.280244e-01   
   861  -4.281538e-02 -7.139229e-02   
   862  -1.376769e-01  5.227995e-01   
   863  -2.848038e-01  8.092231e-01   
   864  -3.121693e-01  8.510566e-01   
   865  -6.618216e-02 -2.821589e-01   
   866  -2.557601e-01  7.667283e-01   
   867  -1.094524e-01 -4.538184e-01   
   868  -7.657392e-02  3.583307e-01   
   869  -2.179870e-01  7.170165e-01   
   870  -3.823960e-02  1.448985e-01   
   871  -1.935941e-01  6.734201e-01   
   872  -5.796786e-01 -1.147145e+00   
   873  -8.663308e-02 -4.101975e-01   
   874  -2.794052e-02  5.965518e-02   
   875  -1.078085e-01  4.833032e-01   
   876  -6.673439e-01 -1.216578e+00   
   877  -1.710687e-01  6.428332e-01   
   878  -2.347270e-02 -2.639421e-02   
   879  -3.854478e-01  9.699881e-01   
   880  -4.004743e-02  2.304046e-01   
   881  -6.492053e-02 -3.659652e-01   
   882  -2.908604e-02 -1.754427e-01   
   883  -7.168697e-01  1.257783e+00   
   884  -7.168697e-01 -1.257783e+00   
   885  -5.058643e-02  3.156620e-01   
   886  -8.314105e-02  4.417286e-01   
   887  -3.841459e-01 -9.787878e-01   
   888  -4.372274e-01  1.037226e+00   
   889  -2.194061e-01 -7.520551e-01   
   890  -4.230715e-01 -1.022986e+00   
   891  -7.644250e-01  1.290602e+00   
   892  -7.644250e-01 -1.290602e+00   
   893  -1.733724e-01 -6.691326e-01   
   894  -1.921941e-01 -7.103992e-01   
   895  -1.487994e-01 -6.265298e-01   
   896  -4.448843e-02 -3.204325e-01   
   897  -2.398545e-01 -7.972364e-01   
   898  -3.420201e-01  9.396926e-01   
   899  -3.420201e-01 -9.396926e-01   
   900  -1.256671e-01 -5.824250e-01   
   901  -1.368174e-01  6.081216e-01   
   902  -1.056893e-01 -5.369026e-01   
   903  -8.002351e-03  1.054313e-01   
   904  -1.499603e-02  1.890526e-01   
   905  -1.132400e-01  5.641657e-01   
   906  -2.609338e-01 -8.423295e-01   
   907  -5.757993e-04  1.800804e-02   
   908  -3.045968e-01  9.065863e-01   
   909  -5.321347e-02  4.018018e-01   
   910  -6.309542e-01  1.225637e+00   
   911  -2.938621e-01 -8.960910e-01   
   912  -8.075123e-02 -4.945262e-01   
   913  -2.349324e-01  8.121359e-01   
   914  -2.622556e-01  8.538014e-01   
   915  -2.096111e-02 -2.760659e-01   
   916  -2.025363e-02  2.762478e-01   
   917  -9.010850e-02  5.295503e-01   
   918  -2.060364e-01  7.715453e-01   
   919  -6.045569e-02 -4.490403e-01   
   920  -5.410231e-01  1.165875e+00   
   921   4.887886e-03 -1.237903e-01   
   922  -1.783691e-01  7.335787e-01   
   923  -6.494351e-02  4.865145e-01   
   924  -1.514643e-01  6.916444e-01   
   925  -2.675095e-02  3.595691e-01   
   926  -3.771049e-02 -4.043231e-01   
   927   1.201641e-03 -2.312866e-01   
   928   2.816772e-03  2.340000e-01   
   929   1.527809e-02  1.493874e-01   
   930  -6.810381e-01 -1.283719e+00   
   931  -1.229559e-01  6.507833e-01   
   932   2.193031e-02  6.260965e-02   
   933  -6.744406e-01  1.281035e+00   
   934   2.295043e-02 -6.566431e-02   
   935  -1.530594e-02 -3.605719e-01   
   936  -1.242781e-01 -6.662040e-01   
   937  -7.208726e-01  1.315425e+00   
   938  -7.208726e-01 -1.315425e+00   
   939  -1.462468e-01 -7.108927e-01   
   940  -1.696855e-01 -7.539447e-01   
   941  -1.901812e-01 -7.924998e-01   
   942  -9.413784e-02  6.100698e-01   
   943  -3.392612e-02  4.478214e-01   
   944  -1.104366e-03  3.223639e-01   
   945  -3.348798e-01  9.967192e-01   
   946  -3.348798e-01 -9.967192e-01   
   947  -9.906991e-02 -6.238248e-01   
   948  -7.905370e-02 -5.788725e-01   
   949  -2.401429e-01 -8.781708e-01   
   950   2.467252e-02 -1.877998e-01   
   951  -2.111672e-01 -8.381201e-01   
   952   4.984561e-03 -3.165329e-01   
   953  -2.947552e-01  9.555728e-01   
   954  -2.947552e-01 -9.555728e-01   
   955  -5.658538e-02 -5.343593e-01   
   956   4.380093e-02 -1.676639e-02   
   957  -2.590286e-01 -9.206422e-01   
   958  -6.407034e-02  5.715435e-01   
   959   3.416570e-02  1.955730e-01   
   960  -2.140378e-01  8.593955e-01   
   961   2.175176e-02  2.782559e-01   
   962  -3.279999e-02 -4.905358e-01   
   963  -1.858864e-01  8.171145e-01   
   964  -5.017633e-01 -1.183302e+00   
   965  -2.464919e-01  9.106959e-01   
   966  -5.777998e-01 -1.245126e+00   
   967  -1.584467e-01  7.753910e-01   
   968  -3.289033e-03  4.036770e-01   
   969  -4.070061e-02  5.300764e-01   
   970   4.952431e-02  1.021604e-01   
   971   2.889209e-02 -2.727442e-01   
   972  -1.066410e-02 -4.462994e-01   
   973  -1.285755e-01  7.352968e-01   
   974  -4.205038e-01 -1.125232e+00   
   975   5.285717e-02 -1.473106e-01   
   976  -1.023824e-01  6.961605e-01   
   977   1.217567e-02 -4.021135e-01   
   978   6.524409e-02  3.951233e-02   
   979  -6.312582e-01  1.302856e+00   
   980  -6.312582e-01 -1.302856e+00   
   981   5.049590e-02 -2.278135e-01   
   982   2.436201e-02  3.636858e-01   
   983  -9.437976e-03  4.912434e-01   
   984  -7.366605e-02  6.555558e-01   
   985   5.209478e-02  2.390950e-01   
   986  -4.133129e-01  1.133887e+00   
   987  -9.805701e-02 -7.085752e-01   
   988  -1.711889e-01 -8.377761e-01   
   989   6.329461e-02  1.551535e-01   
   990   6.825389e-02 -1.003487e-01   
   991  -6.765152e-01  1.338778e+00   
   992  -6.765152e-01 -1.338778e+00   
   993  -1.199358e-01 -7.531235e-01   
   994  -7.500134e-02 -6.644017e-01   
   995  -1.440960e-01 -7.968295e-01   
   996  -2.884295e-01  1.004417e+00   
   997   3.444695e-02 -3.582072e-01   
   998  -5.133102e-02 -6.204419e-01   
   999  -4.956138e-02  6.182106e-01   
   1000  -1.908055e-01 -8.812477e-01   
   1001  -2.929917e-02 -5.755960e-01   
   1002   4.756700e-02  3.206999e-01   
   1003   1.603476e-02  4.482617e-01   
   1004  -2.847812e-01 -1.012173e+00   
   1005  -5.510485e-01  1.265415e+00   
   1006  -2.468247e-02  5.748992e-01   
   1007  -2.467574e-01  9.690773e-01   
   1008  -2.467574e-01 -9.690773e-01   
   1009   7.435493e-02 -1.839173e-01   
   1010  -7.149932e-03 -5.332947e-01   
   1011  -4.619431e-01  1.199407e+00   
   1012   5.484982e-02 -3.149610e-01   
   1013  -3.317803e-01  1.075605e+00   
   1014  -3.317803e-01 -1.075605e+00   
   1015  -1.917824e-01  9.014000e-01   
   1016  -2.128163e-01  9.324093e-01   
   1017  -2.128163e-01 -9.324093e-01   
   1018  -1.628783e-01  8.612255e-01   
   1019   9.012076e-02 -5.588806e-02   
   1020  -1.362259e-01  8.201126e-01   
   1021   1.498775e-02 -4.885941e-01   
   1022   4.054242e-02  4.095342e-01   
   1023   8.316730e-02  2.008405e-01   
   1024   9.105374e-02  1.257888e-01   
   1025  -1.065002e-01  7.799856e-01   
   1026   8.084199e-03  5.379159e-01   
   1027   3.825262e-02 -4.444696e-01   
   1028   7.807406e-02 -2.710705e-01   
   1029  -7.887433e-02  7.390656e-01   
   1030   9.598947e-02 -1.418864e-01   
   1031   7.984850e-02  2.827480e-01   
   1032   1.028828e-01  8.397766e-02   
   1033  -5.371019e-02  7.011094e-01   
   1034  -5.873708e-01  1.323222e+00   
   1035  -5.873708e-01 -1.323222e+00   
   1036  -1.018875e-01 -7.953522e-01   
   1037   1.085388e-01 -1.017213e-02   
   1038   5.901083e-02 -4.008732e-01   
   1039   6.957988e-02  3.643083e-01   
   1040  -6.314021e-01  1.360636e+00   
   1041  -6.314021e-01 -1.360636e+00   
   1042  -7.012953e-02 -7.499378e-01   
   1043  -4.814201e-02 -7.065240e-01   
   1044  -1.215304e-01 -8.411968e-01   
   1045   1.073720e-01  1.653065e-01   
   1046   1.004370e-01 -2.263936e-01   
   1047  -2.510404e-02 -6.626689e-01   
   1048  -1.415283e-01 -8.773223e-01   
   1049  -2.402571e-02  6.609575e-01   
   1050   3.986165e-02  4.993604e-01   
   1051  -2.914864e-03 -6.179016e-01   
   1052   1.012417e-01  2.472683e-01   
   1053   1.181062e-01 -9.728335e-02   
   1054   8.227772e-02 -3.566641e-01   
   1055   2.318640e-04  6.181903e-01   
   1056   2.054500e-02 -5.743905e-01   
   1057  -1.684969e-01 -9.328281e-01   
   1058  -2.339746e-01  1.025110e+00   
   1059  -2.339746e-01 -1.025110e+00   
   1060  -4.933442e-01 -1.280938e+00   
   1061  -1.981461e-01  9.801725e-01   
   1062  -1.981461e-01 -9.801725e-01   
   1063   9.599665e-02  3.298827e-01   
   1064   6.571111e-02  4.526188e-01   
   1065   4.260299e-02 -5.297072e-01   
   1066  -1.172036e-01  8.652654e-01   
   1067  -1.441818e-01  9.070499e-01   
   1068   1.317177e-01  3.655712e-02   
   1069   2.411130e-02  5.851228e-01   
   1070  -1.660750e-01  9.418582e-01   
   1071   1.044132e-01 -3.119265e-01   
   1072   1.241932e-01 -1.831077e-01   
   1073   1.321949e-01  1.223461e-01   
   1074  -8.681012e-02  8.258778e-01   
   1075   6.448534e-02 -4.868968e-01   
   1076  -4.112714e-01 -1.224680e+00   
   1077  -5.926364e-02  7.843763e-01   
   1078   1.399707e-01 -5.246199e-02   
   1079   9.043974e-02  4.096362e-01   
   1080   1.325559e-01  2.083456e-01   
   1081   1.221057e-01  2.873505e-01   
   1082   8.707365e-02 -4.424943e-01   
   1083  -2.932999e-02  7.445217e-01   
   1084  -5.428273e-01  1.342110e+00   
   1085  -5.222716e-02 -7.898070e-01   
   1086   1.279387e-01 -2.679648e-01   
   1087   5.710036e-02  5.475986e-01   
   1088   1.456222e-01 -1.379918e-01   
   1089  -3.296559e-01 -1.166950e+00   
   1090  -3.938035e-03  7.024344e-01   
   1091  -3.164980e-01  1.155404e+00   
   1092  -7.235371e-02 -8.355434e-01   
   1093  -5.406176e-01 -1.348881e+00   
   1094  -5.855839e-01  1.380975e+00   
   1095  -5.855839e-01 -1.380975e+00   
   1096  -2.522012e-01 -1.090087e+00   
   1097   1.089245e-01 -3.987724e-01   
   1098  -2.050634e-02 -7.477953e-01   
   1099   1.655717e-03 -7.030672e-01   
   1100   1.563349e-01  7.998863e-02   
   1101   8.580308e-02  4.914592e-01   
   1102   2.254445e-02  6.620037e-01   
   1103   1.192308e-01  3.692619e-01   
   1104  -3.807999e-01  1.227583e+00   
   1105   2.475229e-02 -6.593796e-01   
   1106  -9.264459e-02 -8.847813e-01   
   1107  -4.619631e-01  1.298799e+00   
   1108   1.630857e-01 -8.272507e-03   
   1109   4.639807e-02 -6.144646e-01   
   1110   1.497050e-01 -2.231236e-01   
   1111   1.572373e-01  1.654834e-01   
   1112   1.490579e-01  2.453475e-01   
   1113  -1.869886e-01  1.028144e+00   
   1114   1.311383e-01 -3.541437e-01   
   1115  -1.186428e-01 -9.369858e-01   
   1116   4.997396e-02  6.204466e-01   
   1117   1.678213e-01 -9.335688e-02   
   1118   7.022921e-02 -5.705655e-01   
   1119  -9.532763e-02  9.099331e-01   
   1120  -1.490423e-01  9.888308e-01   
   1121  -1.490423e-01 -9.888308e-01   
   1122  -6.737769e-02  8.685539e-01   
   1123  -1.825862e-01 -1.035498e+00   
   1124  -1.189208e-01  9.489656e-01   
   1125   1.152762e-01  4.510994e-01   
   1126   9.191223e-02 -5.286099e-01   
   1127   1.458928e-01  3.309034e-01   
   1128   7.799612e-02  5.781948e-01   
   1129  -3.768578e-02  8.292715e-01   
   1130   1.809499e-01  3.651853e-02   
   1131   1.542299e-01 -3.098346e-01   
   1132   1.736190e-01 -1.793736e-01   
   1133   1.143384e-01 -4.842709e-01   
   1134  -9.447178e-03  7.880662e-01   
   1135   1.820734e-01  1.226468e-01   
   1136  -2.230359e-01  1.103295e+00   
   1137  -4.976776e-01  1.359499e+00   
   1138  -4.976776e-01 -1.359499e+00   
   1139   1.894144e-01 -5.062592e-02   
   1140   1.384780e-01  4.149626e-01   
   1141   1.713491e-02  7.468419e-01   
   1142   1.803536e-01  2.092096e-01   
   1143   1.062585e-01  5.369775e-01   
   1144   1.369056e-01 -4.401651e-01   
   1145  -2.256255e-02 -8.313322e-01   
   1146   1.755812e-01 -2.652428e-01   
   1147   1.716688e-01  2.898382e-01   
   1148  -5.391117e-01  1.399771e+00   
   1149  -5.391117e-01 -1.399771e+00   
   1150   4.571853e-02  7.060743e-01   
   1151   1.953418e-01 -1.343804e-01   
   1152   2.937436e-02 -7.446559e-01   
   1153   5.218187e-02 -7.014146e-01   
   1154   8.880384e-03 -7.916973e-01   
   1155  -3.981436e-02 -8.789984e-01   
   1156   1.586465e-01 -3.951804e-01   
   1157   7.443705e-02 -6.578807e-01   
   1158   7.226383e-02  6.646936e-01   
   1159   2.061553e-01  7.964897e-02   
   1160   1.354157e-01  4.968377e-01   
   1161   9.632659e-02 -6.129818e-01   
   1162   1.687609e-01  3.753053e-01   
   1163   2.130248e-01 -6.588419e-03   
   1164   2.052622e-01  1.663971e-01   
   1165   1.995367e-01 -2.214691e-01   
   1166   1.978274e-01  2.472665e-01   
   1167  -4.549880e-02  9.116547e-01   
   1168   9.979039e-02  6.230890e-01   
   1169  -6.199795e-02 -9.386415e-01   
   1170   1.200261e-01 -5.698632e-01   
   1171  -7.147096e-02  9.537137e-01   
   1172  -9.956785e-02  9.950308e-01   
   1173  -9.956785e-02 -9.950308e-01   
   1174   1.822179e-01 -3.512252e-01   
   1175   2.172060e-01 -9.215284e-02   
   1176  -1.798808e-02  8.750228e-01   
   1177  -1.307439e-01  1.043312e+00   
   1178  -1.307439e-01 -1.043312e+00   
   1179   1.414516e-01 -5.247725e-01   
   1180   1.618903e-01  4.589202e-01   
   1181   1.193483e-02  8.350238e-01   
   1182   1.957705e-01  3.334916e-01   
   1183   3.648064e-02  7.919173e-01   
   1184   1.277480e-01  5.820976e-01   
   1185  -4.519721e-01  1.375369e+00   
   1186  -4.519721e-01 -1.375369e+00   
   1187   2.212606e-01 -1.770637e-01   
   1188   2.039606e-01 -3.062389e-01   
   1189   1.637118e-01 -4.801632e-01   
   1190   2.324519e-01  3.717502e-02   
   1191   2.291334e-01  1.232466e-01   
   1192  -2.979560e-01  1.250277e+00   
   1193  -1.677640e-01 -1.113041e+00   
   1194   6.659907e-02  7.523017e-01   
   1195  -4.920373e-01  1.417004e+00   
   1196  -4.920373e-01 -1.417004e+00   
   1197   1.882245e-01  4.173493e-01   
   1198   2.392807e-01 -4.742967e-02   
   1199   1.543494e-01  5.426947e-01   
   1200   1.852954e-01 -4.374504e-01   
   1201   2.284419e-01  2.101698e-01   
   1202   9.214252e-02  7.096586e-01   
   1203  -2.222325e-01  1.186229e+00   
   1204  -2.348660e-01 -1.202230e+00   
   1205  -3.626501e-01  1.323887e+00   
   1206  -3.626501e-01 -1.323887e+00   
   1207   2.254589e-01 -2.637545e-01   
   1208   7.948421e-02 -7.432092e-01   
   1209   5.762546e-02 -7.881564e-01   
   1210   2.215133e-01  2.912620e-01   
   1211   1.020425e-01 -6.989376e-01   
   1212   3.957183e-02 -8.297322e-01   
   1213   1.592722e-02 -8.733392e-01   
   1214   2.452705e-01 -1.334959e-01   
   1215   1.242530e-01 -6.542170e-01   
   1216   2.084832e-01 -3.931870e-01   
   1217  -4.253850e-03 -9.149030e-01   
   1218   1.453771e-01 -6.091171e-01   
   1219   1.218069e-01  6.696676e-01   
   1220   2.559509e-01  8.125841e-02   
   1221   1.849065e-01  5.032409e-01   
   1222  -2.384341e-02  9.560906e-01   
   1223  -2.384341e-02 -9.560906e-01   
   1224   2.177876e-01  3.781363e-01   
   1225   2.524542e-01  1.666970e-01   
   1226   4.253849e-03  9.149030e-01   
   1227  -4.984589e-02  9.987569e-01   
   1228  -4.984589e-02 -9.987569e-01   
   1229   2.478710e-01 -2.195085e-01   
   1230   1.690881e-01 -5.658617e-01   
   1231   2.625517e-01 -3.206868e-03   
   1232   3.095024e-02  8.738715e-01   
   1233   1.480537e-01  6.273701e-01   
   1234   2.301353e-01 -3.486692e-01   
   1235  -7.857661e-02  1.048532e+00   
   1236  -7.857661e-02 -1.048532e+00   
   1237   2.489051e-01  2.494730e-01   
   1238  -4.057618e-01  1.389704e+00   
   1239   2.669444e-01 -8.847257e-02   
   1240   1.911813e-01 -5.212417e-01   
   1241   6.033454e-02  8.354105e-01   
   1242   2.117716e-01  4.613539e-01   
   1243   8.637367e-02  7.928414e-01   
   1244   2.435184e-01  3.355543e-01   
   1245  -4.028854e-01 -1.396220e+00   
   1246   1.774100e-01  5.870131e-01   
   1247   2.131141e-01 -4.789686e-01   
   1248  -4.444134e-01  1.432654e+00   
   1249  -4.444134e-01 -1.432654e+00   
   1250   2.533460e-01 -3.045477e-01   
   1251   2.709708e-01 -1.751853e-01   
   1252   2.819328e-01  3.861366e-02   
   1253   1.154045e-01  7.535879e-01   
   1254   2.789470e-01  1.244942e-01   
   1255  -1.120749e-01  1.120020e+00   
   1256   2.380959e-01  4.192763e-01   
   1257   1.074754e-01 -7.845458e-01   
   1258   8.568743e-02 -8.280960e-01   
   1259   1.290345e-01 -7.395189e-01   
   1260   2.042541e-01  5.450246e-01   
   1261   2.770809e-01  2.098247e-01   
   1262   1.420408e-01  7.113595e-01   
   1263   2.892103e-01 -4.537446e-02   
   1264   2.362482e-01 -4.347324e-01   
   1265   6.432320e-02 -8.727207e-01   
   1266   1.518617e-01 -6.955781e-01   
   1267   4.549879e-02 -9.116547e-01   
   1268   2.753445e-01 -2.619187e-01   
   1269   1.730248e-01 -6.505769e-01   
   1270   2.712950e-01  2.941420e-01   
   1271   2.934057e-01 -1.308480e-01   
   1272   2.384341e-02  9.560906e-01   
   1273   2.384341e-02 -9.560906e-01   
   1274   1.945829e-01 -6.056485e-01   
   1275   1.708797e-01  6.716075e-01   
   1276   2.582490e-01 -3.898673e-01   
   1277   0.000000e+00  1.000000e+00   
   1278  -1.158872e-09 -1.000000e+00   
   1279   5.389725e-02  9.180020e-01   
   1280  -2.137814e-01  1.267386e+00   
   1281   2.338736e-01  5.059383e-01   
   1282  -7.520246e-02 -1.110908e+00   
   1283   2.667699e-01  3.795392e-01   
   1284   3.056790e-01  8.254259e-02   
   1285  -3.590982e-01  1.402487e+00   
   1286  -3.590982e-01 -1.402487e+00   
   1287   2.187247e-01 -5.619550e-01   
   1288  -2.621393e-02 -1.051145e+00   
   1289   2.978031e-01 -2.172877e-01   
   1290   1.979473e-01  6.296333e-01   
   1291   3.033284e-01  1.674932e-01   
   1292   8.268943e-02  8.818231e-01   
   1293   3.124134e-01 -1.593439e-03   
   1294   2.793602e-01 -3.471016e-01   
   1295  -1.391959e-01 -1.198812e+00   
   1296   2.977786e-01  2.518450e-01   
   1297  -2.847282e-01  1.348784e+00   
   1298   1.099267e-01  8.409592e-01   
   1299   2.403338e-01 -5.207495e-01   
   1300   3.168780e-01 -8.688696e-02   
   1301  -3.962931e-01  1.446704e+00   
   1302  -3.962931e-01 -1.446704e+00   
   1303   2.602324e-01  4.637000e-01   
   1304   1.357036e-01  7.989625e-01   
   1305   2.266873e-01  5.895262e-01   
   1306   2.932720e-01  3.373141e-01   
   1307   2.629785e-01 -4.766088e-01   
   1308  -2.409230e-02  1.077187e+00   
   1309   3.028250e-01 -3.030905e-01   
   1310   3.208593e-01 -1.732562e-01   
   1311   1.650803e-01  7.585925e-01   
   1312  -1.318702e-01  1.217838e+00   
   1313   1.571252e-01 -7.807364e-01   
   1314   1.356129e-01 -8.258154e-01   
   1315   1.126909e-01 -8.701503e-01   
   1316   1.783972e-01 -7.356202e-01   
   1317   3.288306e-01  1.267878e-01   
   1318   3.345022e-01  4.311485e-02   
   1319   2.848815e-01 -4.320173e-01   
   1320   9.532763e-02 -9.099331e-01   
   1321   2.016277e-01 -6.915051e-01   
   1322   2.879203e-01  4.221759e-01   
   1323   1.915095e-01  7.169108e-01   
   1324   2.541369e-01  5.477838e-01   
   1325   7.147096e-02  9.537137e-01   
   1326   7.147096e-02 -9.537137e-01   
   1327   3.262745e-01  2.117013e-01   
   1328   3.386447e-01 -4.199820e-02   
   1329  -1.713123e-01 -1.273822e+00   
   1330  -3.101986e-01 -1.405389e+00   
   1331   2.236489e-01 -6.497916e-01   
   1332   3.252179e-01 -2.589253e-01   
   1333   4.984589e-02  9.987569e-01   
   1334   4.984588e-02 -9.987569e-01   
   1335   3.208725e-01  2.960840e-01   
   1336   2.444875e-01 -6.044296e-01   
   1337  -3.120337e-01  1.413703e+00   
   1338   3.431909e-01 -1.286210e-01   
   1339   3.076326e-01 -3.876517e-01   
   1340   2.206024e-01  6.763140e-01   
   1341   2.621393e-02  1.051145e+00   
   1342   2.621393e-02 -1.051145e+00   
   1343   2.829776e-01  5.079889e-01   
   1344   2.684018e-01 -5.620106e-01   
   1345   3.537513e-01  8.348945e-02   
   1346   3.161358e-01  3.816150e-01   
   1347  -2.283134e-01 -1.353538e+00   
   1348   1.333864e-01  8.850631e-01   
   1349   2.475148e-01  6.348015e-01   
   1350  -3.477302e-01  1.459138e+00   
   1351  -3.477302e-01 -1.459138e+00   
   1352   3.474099e-01 -2.142015e-01   
   1353   3.290165e-01 -3.426113e-01   
   1354   3.532340e-01  1.696490e-01   
   1355   1.076415e-01  9.376325e-01   
   1356   1.597193e-01  8.426121e-01   
   1357   3.621443e-01  2.091698e-03   
   1358   2.897966e-01 -5.169267e-01   
   1359   3.473362e-01  2.568376e-01   
   1360   1.856496e-01  7.999139e-01   
   1361   3.664108e-01 -8.483458e-02   
   1362   3.101235e-01  4.660627e-01   
   1363   2.764396e-01  5.940674e-01   
   1364   3.127958e-01 -4.734036e-01   
   1365   3.430552e-01  3.407870e-01   
   1366   1.840570e-01 -8.227928e-01   
   1367   1.625315e-01 -8.675213e-01   
   1368   2.068297e-01 -7.783465e-01   
   1369   2.148644e-01  7.609394e-01   
   1370   1.398920e-01 -9.120770e-01   
   1371   1.189208e-01 -9.489656e-01   
   1372   3.530687e-01 -3.004284e-01   
   1373   2.281956e-01 -7.331866e-01   
   1374   3.706608e-01 -1.699663e-01   
   1375   2.510603e-01 -6.894595e-01   
   1376   3.786618e-01  1.267936e-01   
   1377   9.956785e-02  9.950308e-01   
   1378   9.956785e-02 -9.950308e-01   
   1379   2.414397e-01  7.186340e-01   
   1380   3.347874e-01 -4.295933e-01   
   1381   3.839448e-01  4.466728e-02   
   1382  -2.646206e-01  1.423340e+00   
   1383  -2.646206e-01 -1.423340e+00   
   1384   3.375746e-01  4.266229e-01   
   1385   3.036189e-01  5.532967e-01   
   1386   7.249576e-02  1.042492e+00   
   1387   2.733260e-01 -6.448790e-01   
   1388  -4.003012e-02 -1.197300e+00   
   1389   3.760448e-01  2.159593e-01   
   1390   2.713159e-02 -1.111072e+00   
   1391   3.885728e-01 -4.017094e-02   
   1392   2.929039e-01 -5.992225e-01   
   1393   3.750293e-01 -2.555295e-01   
   1394   3.535263e-01 -3.860899e-01   
   1395  -1.829575e-01  1.360411e+00   
   1396   3.700063e-01  3.006693e-01   
   1397   7.857661e-02 -1.048532e+00   
   1398   2.703925e-01  6.791129e-01   
   1399   3.926418e-01 -1.253014e-01   
   1400  -2.987790e-01  1.469943e+00   
   1401  -2.987790e-01 -1.469943e+00   
   1402   1.788317e-01  8.875217e-01   
   1403   3.183354e-01 -5.577476e-01   
   1404   2.046254e-01  8.460869e-01   
   1405   3.327029e-01  5.126909e-01   
   1406   3.659480e-01  3.854977e-01   
   1407   1.788928e-01 -9.038121e-01   
   1408   2.974294e-01  6.370924e-01   
   1409   4.057563e-01  8.943778e-02   
   1410   3.388089e-01 -5.123423e-01   
   1411  -8.584788e-02 -1.282419e+00   
   1412   3.973404e-01 -2.121279e-01   
   1413   3.786587e-01 -3.429682e-01   
   1414  -7.561487e-02  1.273436e+00   
   1415   4.028038e-01  1.738816e-01   
   1416  -1.046986e-02  1.197640e+00   
   1417   4.119751e-01  3.311364e-03   
   1418   2.349049e-01  8.063983e-01   
   1419   1.660750e-01  9.418582e-01   
   1420   1.660750e-01 -9.418582e-01   
   1421   3.971327e-01  2.588609e-01   
   1422   4.161385e-01 -8.120887e-02   
   1423   3.593891e-01  4.710795e-01   
   1424   2.339807e-01 -8.203148e-01   
   1425   2.566106e-01 -7.741292e-01   
   1426   5.610719e-02  1.124214e+00   
   1427   2.773454e-01 -7.288105e-01   
   1428   3.260585e-01  5.977006e-01   
   1429   3.634112e-01 -4.703935e-01   
   1430  -2.222639e-01 -1.436087e+00   
   1431   1.490423e-01  9.888308e-01   
   1432   1.490423e-01 -9.888308e-01   
   1433   2.645065e-01  7.662016e-01   
   1434   2.133632e-01 -8.752090e-01   
   1435   3.936542e-01  3.439370e-01   
   1436   4.016752e-01 -2.978116e-01   
   1437   3.007621e-01 -6.858666e-01   
   1438   4.205272e-01 -1.683105e-01   
   1439  -1.373972e-01 -1.365765e+00   
   1440  -2.142311e-01  1.438437e+00   
   1441   3.203645e-01 -6.406066e-01   
   1442   3.839256e-01 -4.249718e-01   
   1443   2.908468e-01  7.244634e-01   
   1444   4.337850e-01  4.812606e-02   
   1445   1.341770e-01 -1.035106e+00   
   1446   4.299246e-01  1.323885e-01   
   1447   3.534854e-01  5.559684e-01   
   1448   3.414218e-01 -5.956253e-01   
   1449   3.873553e-01  4.297762e-01   
   1450   1.307439e-01  1.043312e+00   
   1451   2.219687e-01  8.867517e-01   
   1452  -2.494940e-01  1.479105e+00   
   1453  -2.494940e-01 -1.479105e+00   
   1454   4.254492e-01  2.183086e-01   
   1455   4.378168e-01 -3.650973e-02   
   1456   4.028387e-01 -3.788602e-01   
   1457   4.249726e-01 -2.536714e-01   
   1458   4.198267e-01  3.015362e-01   
   1459   3.200918e-01  6.839851e-01   
   1460   4.425708e-01 -1.234738e-01   
   1461   3.671327e-01 -5.531345e-01   
   1462   2.545415e-01  8.470983e-01   
   1463   2.128163e-01  9.324093e-01   
   1464   2.128163e-01 -9.324093e-01   
   1465   3.824956e-01  5.152610e-01   
   1466   3.872194e-01 -5.077169e-01   
   1467   4.156359e-01  3.887894e-01   
   1468   3.467715e-01  6.428537e-01   
   1469   4.555664e-01  9.278737e-02   
   1470   4.468032e-01 -2.088069e-01   
   1471   4.285171e-01 -3.399696e-01   
   1472   4.509419e-01  1.772827e-01   
   1473  -1.689610e-01 -1.437836e+00   
   1474  -1.741530e-01  1.442712e+00   
   1475   2.622351e-01 -8.589708e-01   
   1476   1.981461e-01  9.801725e-01   
   1477   1.981461e-01 -9.801725e-01   
   1478   4.616483e-01  7.385951e-03   
   1479   2.874545e-01  8.105794e-01   
   1480   2.855586e-01 -8.148327e-01   
   1481   3.061694e-01 -7.693359e-01   
   1482   3.259940e-01 -7.237276e-01   
   1483   4.467936e-01  2.633752e-01   
   1484   1.759342e-01 -1.030093e+00   
   1485   4.092275e-01  4.747053e-01   
   1486   4.659729e-01 -7.997316e-02   
   1487   4.131315e-01 -4.655059e-01   
   1488   4.390495e-01  3.474785e-01   
   1489   3.757728e-01  6.022226e-01   
   1490   3.142956e-01  7.684421e-01   
   1491   5.881318e-02 -1.205433e+00   
   1492   3.502979e-01 -6.804459e-01   
   1493   4.515378e-01 -2.956094e-01   
   1494  -1.999304e-01  1.486616e+00   
   1495  -1.999304e-01 -1.486616e+00   
   1496  -1.489498e-09 -1.285290e+00   
   1497   3.701100e-01 -6.364747e-01   
   1498   1.825862e-01  1.035498e+00   
   1499   4.703698e-01 -1.648526e-01   
   1500   4.334445e-01 -4.183479e-01   
   1501   3.407806e-01  7.260801e-01   
   1502   3.910856e-01 -5.954701e-01   
   1503   4.831195e-01  4.961697e-02   
   1504   2.633825e-01  9.087914e-01   
   1505   4.796498e-01  1.364763e-01   
   1506   4.041569e-01  5.602276e-01   
   1507   4.371362e-01  4.338745e-01   
   1508   2.590285e-01 -9.206422e-01   
   1509   4.740725e-01  2.215313e-01   
   1510   4.877422e-01 -3.501912e-02   
   1511   4.518130e-01 -3.832740e-01   
   1512   4.734626e-01 -2.510694e-01   
   1513   4.122614e-01 -5.508584e-01   
   1514   3.697598e-01  6.869835e-01   
   1515   4.686729e-01  3.074452e-01   
   1516   4.918345e-01 -1.198608e-01   
   1517  -1.208214e-01  1.442679e+00   
   1518  -1.208214e-01 -1.442679e+00   
   1519   2.263457e-02  1.291768e+00   
   1520   3.031634e-01  8.578282e-01   
   1521   2.467574e-01  9.690773e-01   
   1522   2.467574e-01 -9.690773e-01   
   1523   8.701610e-02  1.215538e+00   
   1524  -4.586736e-02  1.371892e+00   
   1525  -4.586736e-02 -1.371892e+00   
   1526   4.320154e-01  5.188137e-01   
   1527   3.084237e-01 -8.590781e-01   
   1528   4.367482e-01 -5.073992e-01   
   1529   4.650141e-01  3.894849e-01   
   1530   3.966687e-01  6.449135e-01   
   1531   3.524173e-01 -7.660692e-01   
   1532   1.677640e-01 -1.113041e+00   
   1533   4.966363e-01 -2.067995e-01   
   1534   5.054345e-01  9.416715e-02   
   1535   4.791735e-01 -3.372513e-01   
   1536   5.008168e-01  1.796195e-01   
   1537   4.548952e-01 -4.628629e-01   
   1538   3.755978e-01 -7.218689e-01   
   1539   3.940205e-01 -6.769629e-01   
   1540   3.363988e-01  8.205425e-01   
   1541   5.114342e-01  8.050874e-03   
   1542  -1.501435e-01  1.492467e+00   
   1543  -1.501435e-01 -1.492467e+00   
   1544   3.599820e-01  7.721570e-01   
   1545   4.965177e-01  2.661549e-01   
   1546   2.339746e-01 -1.025110e+00   
   1547   2.339746e-01  1.025110e+00   
   1548   4.590920e-01  4.768844e-01   
   1549   3.403205e-01 -8.247241e-01   
   1550   5.157754e-01 -7.616794e-02   
   1551   1.961628e-01  1.093717e+00   
   1552   3.045968e-01 -9.065863e-01   
   1553   4.886691e-01  3.532186e-01   
   1554   4.279064e-01  6.039837e-01   
   1555   5.013498e-01 -2.924630e-01   
   1556   4.209665e-01 -6.353672e-01   
   1557   5.182362e-01 -1.622696e-01   
   1558   4.809880e-01 -4.208999e-01   
   1559   3.096750e-01  9.128024e-01   
   1560   3.900573e-01  7.323167e-01   
   1561   4.400851e-01 -5.893331e-01   
   1562   4.841220e-01  4.352650e-01   
   1563  -7.254687e-02 -1.445910e+00   
   1564   4.532860e-01  5.611525e-01   
   1565   5.277745e-01  1.383920e-01   
   1566   2.947552e-01 -9.555728e-01   
   1567   2.947552e-01  9.555728e-01   
   1568   5.328192e-01  5.316980e-02   
   1569   5.228615e-01  2.241828e-01   
   1570   5.006199e-01 -3.755534e-01   
   1571   5.367342e-01 -3.100365e-02   
   1572  -6.823830e-02  1.451582e+00   
   1573   8.584788e-02 -1.282419e+00   
   1574   5.244393e-01 -2.483185e-01   
   1575   4.194293e-01  6.919551e-01   
   1576   4.665181e-01 -5.474249e-01   
   1577   3.967194e-01 -7.570251e-01   
   1578   5.184961e-01  3.110103e-01   
   1579   5.416264e-01 -1.181283e-01   
   1580   3.445008e-01  8.865720e-01   
   1581   4.859218e-01 -5.014706e-01   
   1582  -1.001890e-01  1.496650e+00   
   1583  -1.001890e-01 -1.496650e+00   
   1584   4.825890e-01  5.209191e-01   
   1585   5.131098e-01  3.950080e-01   
   1586   2.847812e-01 -1.012173e+00   
   1587   2.847812e-01  1.012173e+00   
   1588   1.540415e-01 -1.215232e+00   
   1589   3.494077e-01 -8.902764e-01   
   1590   4.248702e-01 -7.158510e-01   
   1591   4.486775e-01  6.484862e-01   
   1592   3.852699e-01  8.147492e-01   
   1593   5.276785e-01 -3.352473e-01   
   1594   5.463960e-01 -2.034326e-01   
   1595   5.047137e-01 -4.647465e-01   
   1596   4.435715e-01 -6.779603e-01   
   1597   3.933881e-01 -8.078932e-01   
   1598   5.506511e-01  1.827015e-01   
   1599   5.568177e-01  9.574422e-02   
   1600   5.611807e-01  1.233167e-02   
   1601   4.095792e-01  7.783258e-01   
   1602   5.446444e-01  2.686930e-01   
   1603   1.824706e-01  1.192993e+00   
   1604   4.645523e-01 -6.328085e-01   
   1605   5.627780e-01 -7.361366e-02   
   1606   5.087145e-01  4.783912e-01   
   1607   4.741798e-01  6.065154e-01   
   1608   4.586736e-02 -1.371892e+00   
   1609  -2.419130e-02  1.447527e+00   
   1610  -2.886908e-02 -1.452898e+00   
   1611   3.420201e-01  9.396926e-01   
   1612   3.420201e-01 -9.396926e-01   
   1613   5.382675e-01  3.522526e-01   
   1614   5.512642e-01 -2.904598e-01   
   1615   5.305411e-01 -4.154301e-01   
   1616   4.896319e-01 -5.896835e-01   
   1617   5.696622e-01 -1.594750e-01   
   1618   3.873126e-01  8.670897e-01   
   1619   4.434866e-01  7.331994e-01   
   1620   3.902915e-01 -8.660669e-01   
   1621   5.337552e-01  4.404392e-01   
   1622   5.028579e-01  5.656264e-01   
   1623   5.086631e-01 -5.454359e-01   
   1624   5.814793e-01  5.771993e-02   
   1625   5.775619e-01  1.411987e-01   
   1626   5.501005e-01 -3.795355e-01   
   1627   5.726464e-01  2.274037e-01   
   1628  -5.012247e-02  1.499162e+00   
   1629  -5.012247e-02 -1.499162e+00   
   1630   5.864710e-01 -2.965305e-02   
   1631   3.348798e-01  9.967192e-01   
   1632   3.348798e-01 -9.967192e-01   
   1633   4.722510e-01  6.925178e-01   
   1634   5.674281e-01  3.129128e-01   
   1635   4.426582e-01 -7.772850e-01   
   1636   5.913128e-01 -1.144548e-01   
   1637   5.338655e-01 -5.028336e-01   
   1638   5.287334e-01  5.239127e-01   
   1639   5.813197e-01 -2.509291e-01   
   1640   1.590911e-01  1.282059e+00   
   1641   4.728031e-01 -7.184601e-01   
   1642   9.168349e-02  1.369593e+00   
   1643   3.075083e-01 -1.069241e+00   
   1644   5.630087e-01  3.955897e-01   
   1645   3.884348e-01  9.214762e-01   
   1646   3.884348e-01 -9.214762e-01   
   1647   4.984342e-01  6.499862e-01   
   1648   3.095437e-01  1.069560e+00   
   1649   2.419130e-02  1.447527e+00   
   1650   2.419130e-02 -1.447527e+00   
   1651   5.755600e-01 -3.329410e-01   
   1652   4.930938e-01 -6.728201e-01   
   1653   5.536749e-01 -4.574717e-01   
   1654   4.330771e-01  8.356309e-01   
   1655   5.963002e-01 -2.017102e-01   
   1656   6.070392e-01  1.483594e-02   
   1657   5.996298e-01  1.854258e-01   
   1658   6.065427e-01  1.006294e-01   
   1659   5.945286e-01  2.709702e-01   
   1660   5.573779e-01  4.832623e-01   
   1661   4.648799e-01  7.783427e-01   
   1662   5.186615e-01 -6.302549e-01   
   1663   4.363144e-01 -8.510626e-01   
   1664   5.260125e-01  6.098781e-01   
   1665   6.148102e-01 -7.077227e-02   
   1666   5.876343e-01  3.583683e-01   
   1667   5.994200e-01 -2.971718e-01   
   1668   5.389255e-01 -5.846685e-01   
   1669   5.800451e-01 -4.155757e-01   
   1670   0.000000e+00  1.500000e+00   
   1671  -1.738332e-09 -1.500000e+00   
   1672   3.841459e-01 -9.787878e-01   
   1673   3.841459e-01  9.787878e-01   
   1674   6.174070e-01 -1.570765e-01   
   1675   4.931527e-01  7.371572e-01   
   1676   2.777134e-01  1.165335e+00   
   1677   5.525924e-01  5.675950e-01   
   1678   5.834816e-01  4.409355e-01   
   1679   5.585327e-01 -5.461817e-01   
   1680   5.983781e-01 -3.698833e-01   
   1681   6.267336e-01  1.462153e-01   
   1682   6.311655e-01  5.854261e-02   
   1683   1.373972e-01 -1.365765e+00   
   1684   4.338837e-01  9.009689e-01   
   1685   4.338837e-01 -9.009689e-01   
   1686   6.221903e-01  2.299373e-01   
   1687   5.192638e-01  6.953509e-01   
   1688   6.360592e-01 -2.557966e-02   
   1689   7.254687e-02 -1.445910e+00   
   1690   4.963184e-01 -7.624465e-01   
   1691   6.244555e-01 -2.429823e-01   
   1692   6.170991e-01  3.180514e-01   
   1693   5.182273e-01 -7.159442e-01   
   1694   5.834526e-01 -4.974818e-01   
   1695   7.740153e-02  1.451122e+00   
   1696   6.411958e-01 -1.131264e-01   
   1697   4.781940e-01 -8.282562e-01   
   1698   4.781940e-01  8.282562e-01   
   1699   5.784518e-01  5.285296e-01   
   1700   3.009676e-01 -1.168737e+00   
   1701   6.114346e-01  4.008714e-01   
   1702   5.479037e-01  6.544659e-01   
   1703   5.427464e-01 -6.724678e-01   
   1704   6.265185e-01 -3.253486e-01   
   1705   6.035064e-01 -4.595897e-01   
   1706   6.459986e-01 -1.979047e-01   
   1707   6.526412e-01  1.035326e-01   
   1708   5.627494e-01 -6.281745e-01   
   1709   5.012247e-02  1.499162e+00   
   1710   5.012246e-02 -1.499162e+00   
   1711   6.567224e-01  1.988384e-02   
   1712   4.324569e-01 -9.584230e-01   
   1713   4.324569e-01  9.584230e-01   
   1714   6.040932e-01  4.864116e-01   
   1715   6.513916e-01  1.893900e-01   
   1716   6.422549e-01  2.751731e-01   
   1717   2.560117e-01  1.259535e+00   
   1718   5.732684e-01  6.129098e-01   
   1719   4.782540e-01 -8.782216e-01   
   1720   4.782540e-01  8.782216e-01   
   1721   6.647558e-01 -6.905323e-02   
   1722   6.487386e-01 -2.806686e-01   
   1723   6.373156e-01  3.584637e-01   
   1724   5.873120e-01 -5.850812e-01   
   1725   6.293988e-01 -4.088537e-01   
   1726   1.208214e-01  1.442679e+00   
   1727   1.208214e-01 -1.442679e+00   
   1728   6.671717e-01 -1.526520e-01   
   1729   5.429347e-01  7.391924e-01   
   1730   5.188847e-01 -8.033906e-01   
   1731   5.188847e-01  8.033906e-01   
   1732   4.102194e-01 -1.036638e+00   
   1733   6.077324e-01 -5.398776e-01   
   1734   6.016293e-01  5.719636e-01   
   1735   6.329701e-01  4.456804e-01   
   1736   6.764387e-01  1.474267e-01   
   1737   6.808232e-01  6.294929e-02   
   1738   4.782308e-01  9.257071e-01   
   1739   6.718048e-01  2.349982e-01   
   1740   6.853417e-01 -2.449000e-02   
   1741   6.549538e-01 -3.659883e-01   
   1742   5.711722e-01  6.986301e-01   
   1743   6.659333e-01  3.188847e-01   
   1744   4.796928e-01 -9.356754e-01   
   1745   2.979560e-01 -1.250277e+00   
   1746   6.331681e-01 -4.971605e-01   
   1747   6.777208e-01 -2.366570e-01   
   1748   5.712504e-01 -7.134422e-01   
   1749   1.001890e-01  1.496650e+00   
   1750   1.001889e-01 -1.496650e+00   
   1751   6.282587e-01  5.299877e-01   
   1752   6.908675e-01 -1.108722e-01   
   1753   5.214352e-01 -8.532909e-01   
   1754   5.214352e-01  8.532909e-01   
   1755   2.283134e-01  1.353538e+00   
   1756   1.679674e-01  1.429380e+00   
   1757   4.372274e-01  1.037226e+00   
   1758   5.975464e-01  6.562474e-01   
   1759   3.751933e-01  1.147064e+00   
   1760   6.613368e-01  4.022249e-01   
   1761   6.523234e-01 -4.515434e-01   
   1762   6.760332e-01 -3.224423e-01   
   1763   5.582854e-01 -7.765277e-01   
   1764   5.964662e-01 -6.722300e-01   
   1765   1.689610e-01 -1.437836e+00   
   1766   6.126501e-01 -6.280703e-01   
   1767   6.960189e-01 -1.973486e-01   
   1768   6.966315e-01  1.919299e-01   
   1769   3.929637e-01 -1.131685e+00   
   1770   7.070664e-01  2.045242e-02   
   1771   7.049999e-01  1.064722e-01   
   1772   5.650484e-01  7.827377e-01   
   1773   6.921681e-01  2.764044e-01   
   1774   6.553347e-01  4.899774e-01   
   1775   7.118162e-01 -6.624264e-02   
   1776   6.262159e-01  6.174550e-01   
   1777   6.369837e-01 -5.803059e-01   
   1778   6.867141e-01  3.640457e-01   
   1779   6.790098e-01 -4.097125e-01   
   1780   3.395676e-01  1.239622e+00   
   1781   7.023620e-01 -2.800533e-01   
   1782   5.257361e-01 -9.106016e-01   
   1783   5.257361e-01  9.106016e-01   
   1784   5.633201e-01  8.262388e-01   
   1785   5.633201e-01 -8.262388e-01   
   1786   7.180957e-01 -1.525015e-01   
   1787   6.576553e-01 -5.406726e-01   
   1788   1.501435e-01  1.492467e+00   
   1789   1.501435e-01 -1.492467e+00   
   1790   5.962981e-01  7.477342e-01   
   1791   5.962981e-01 -7.477342e-01   
   1792   6.515081e-01  5.741719e-01   
   1793   6.813987e-01  4.477510e-01   
   1794   6.981063e-01 -3.654931e-01   
   1795   7.259671e-01  1.517865e-01   
   1796   7.305856e-01  6.451524e-02   
   1797   7.206388e-01  2.354602e-01   
   1798   2.652616e-01 -1.368060e+00   
   1799   7.351036e-01 -2.054818e-02   
   1800   2.169119e-01  1.431387e+00   
   1801   2.169119e-01 -1.431387e+00   
   1802   5.058479e-01 -9.894844e-01   
   1803   6.826699e-01 -4.911167e-01   
   1804   7.156602e-01  3.233645e-01   
   1805   7.276202e-01 -2.373480e-01   
   1806   6.247438e-01  7.119858e-01   
   1807   6.776582e-01  5.342509e-01   
   1808   7.397293e-01 -1.077091e-01   
   1809   3.807999e-01 -1.227583e+00   
   1810   5.208234e-01  9.803204e-01   
   1811   7.100871e-01  4.071052e-01   
   1812   7.021718e-01 -4.539168e-01   
   1813   7.256015e-01 -3.242116e-01   
   1814   6.038044e-01  7.971325e-01   
   1815   6.038044e-01 -7.971325e-01   
   1816   6.328283e-01 -7.170817e-01   
   1817   5.704723e-01 -8.832638e-01   
   1818   3.094758e-01  1.343322e+00   
   1819   7.514059e-01  1.090296e-01   
   1820   7.458930e-01 -1.939975e-01   
   1821   7.465522e-01  1.927835e-01   
   1822   6.710690e-01 -6.214514e-01   
   1823   1.999304e-01  1.486616e+00   
   1824   1.999304e-01 -1.486616e+00   
   1825   7.211573e-01 -4.077860e-01   
   1826   7.588045e-01  2.330376e-02   
   1827   7.414518e-01  2.807793e-01   
   1828   7.052140e-01  4.916079e-01   
   1829   6.728577e-01  6.192306e-01   
   1830   6.565724e-01 -6.741437e-01   
   1831   6.604856e-01  6.702071e-01   
   1832   6.864903e-01 -5.809250e-01   
   1833   7.616871e-01 -6.285065e-02   
   1834   7.364569e-01  3.649182e-01   
   1835   2.646206e-01  1.423340e+00   
   1836   2.646206e-01 -1.423340e+00   
   1837   7.507924e-01 -2.812201e-01   
   1838   4.696270e-01  1.131357e+00   
   1839   5.822834e-01  9.081080e-01   
   1840   7.677630e-01 -1.490941e-01   
   1841   4.216069e-01  1.214173e+00   
   1842   4.881252e-01 -1.103748e+00   
   1843   7.008051e-01  5.779385e-01   
   1844   6.427876e-01  7.660444e-01   
   1845   6.427876e-01 -7.660444e-01   
   1846   7.311198e-01  4.523976e-01   
   1847   7.476525e-01 -3.659170e-01   
   1848   7.668253e-01  2.384214e-01   
   1849   6.137902e-01  8.537302e-01   
   1850   7.749567e-01  1.528547e-01   
   1851   7.165220e-01 -5.358226e-01   
   1852   7.802188e-01  6.842708e-02   
   1853   7.307716e-01 -4.926220e-01   
   1854   7.849131e-01 -1.861569e-02   
   1855   3.626501e-01 -1.323887e+00   
   1856   7.647810e-01  3.247617e-01   
   1857   7.774950e-01 -2.390609e-01   
   1858   2.494940e-01  1.479105e+00   
   1859   2.494940e-01 -1.479105e+00   
   1860   7.274942e-01  5.358221e-01   
   1861   7.895431e-01 -1.041026e-01   
   1862   7.010819e-01 -6.505090e-01   
   1863   7.512971e-01 -4.475363e-01   
   1864   7.599903e-01  4.089631e-01   
   1865   7.749069e-01 -3.248245e-01   
   1866   3.120337e-01  1.413703e+00   
   1867   3.120337e-01 -1.413703e+00   
   1868   4.619431e-01 -1.199407e+00   
   1869   5.941998e-01 -9.505695e-01   
   1870   6.801727e-01 -7.330519e-01   
   1871   6.801727e-01  7.330519e-01   
   1872   7.063254e-01  6.528229e-01   
   1873   6.288341e-01 -8.765511e-01   
   1874   7.675987e-01 -4.007487e-01   
   1875   7.957574e-01 -1.905062e-01   
   1876   8.013240e-01  1.104449e-01   
   1877   7.960386e-01  1.979195e-01   
   1878   8.062247e-01  2.593445e-02   
   1879   6.555821e-01  8.220740e-01   
   1880   6.555821e-01 -8.220740e-01   
   1881   7.542573e-01  4.966093e-01   
   1882   7.913695e-01  2.824802e-01   
   1883   7.254370e-01 -6.192554e-01   
   1884   8.128895e-01 -6.001014e-02   
   1885   4.066853e-01  1.311030e+00   
   1886   7.860036e-01  3.697984e-01   
   1887   7.326356e-01  6.147543e-01   
   1888   8.007423e-01 -2.820665e-01   
   1889   8.163767e-01 -1.462602e-01   
   1890   2.987790e-01  1.469943e+00   
   1891   2.987790e-01 -1.469943e+00   
   1892   7.158669e-01  6.982368e-01   
   1893   7.158668e-01 -6.982368e-01   
   1894   5.546444e-01  1.085115e+00   
   1895   7.502326e-01 -5.792274e-01   
   1896   7.806833e-01  4.542810e-01   
   1897   7.973655e-01 -3.693044e-01   
   1898   3.590982e-01  1.402487e+00   
   1899   3.590982e-01 -1.402487e+00   
   1900   8.055784e-01  3.291631e-01   
   1901   8.247193e-01  1.570388e-01   
   1902   8.294657e-01  7.000021e-02   
   1903   6.957442e-01 -7.883740e-01   
   1904   8.218142e-01  2.441257e-01   
   1905   8.346308e-01 -1.502680e-02   
   1906   7.623679e-01  5.774712e-01   
   1907   8.272107e-01 -2.399725e-01   
   1908   7.910931e-01 -4.758241e-01   
   1909   4.423823e-01 -1.305598e+00   
   1910   7.791768e-01 -5.321280e-01   
   1911   8.393864e-01 -1.018997e-01   
   1912   7.497812e-01  6.616858e-01   
   1913   7.497812e-01 -6.616858e-01   
   1914   8.090667e-01  4.133384e-01   
   1915   8.247897e-01 -3.275477e-01   
   1916   6.105051e-01 -1.030735e+00   
   1917   5.410231e-01 -1.165875e+00   
   1918   7.902048e-01  5.387525e-01   
   1919   8.453158e-01 -1.866736e-01   
   1920   8.509385e-01  1.149541e-01   
   1921   3.477302e-01  1.459138e+00   
   1922   3.477302e-01 -1.459138e+00   
   1923   7.119895e-01  8.091762e-01   
   1924   8.561459e-01  2.776695e-02   
   1925   8.480407e-01  2.012374e-01   
   1926   8.205211e-01 -4.132000e-01   
   1927   6.796503e-01  8.972630e-01   
   1928   7.341765e-01  7.527140e-01   
   1929   4.057618e-01  1.389704e+00   
   1930   4.057618e-01 -1.389704e+00   
   1931   8.610563e-01 -5.732133e-02   
   1932   8.357998e-01  3.712997e-01   
   1933   7.818315e-01  6.234898e-01   
   1934   7.818315e-01 -6.234898e-01   
   1935   8.506333e-01 -2.840690e-01   
   1936   6.337231e-01  1.027094e+00   
   1937   8.499379e-01  2.974754e-01   
   1938   8.160771e-01  4.986943e-01   
   1939   4.933442e-01  1.280938e+00   
   1940   8.671904e-01 -1.434236e-01   
   1941   8.233241e-01 -5.053431e-01   
   1942   7.508098e-01 -7.746002e-01   
   1943   8.792747e-01  7.381362e-02   
   1944   7.707836e-01  7.151827e-01   
   1945   7.707836e-01 -7.151827e-01   
   1946   8.840753e-01 -1.308035e-02   
   1947   8.399205e-01  4.573963e-01   
   1948   8.119380e-01  5.837437e-01   
   1949   8.119380e-01 -5.837437e-01   
   1950   7.235303e-01 -8.622698e-01   
   1951   3.962931e-01 -1.446704e+00   
   1952   3.962931e-01  1.446704e+00   
   1953   8.414680e-01 -4.641153e-01   
   1954   4.519721e-01  1.375369e+00   
   1955   4.519721e-01 -1.375369e+00   
   1956   8.771633e-01 -2.417081e-01   
   1957   8.891651e-01 -9.854145e-02   
   1958   8.786732e-01  2.472203e-01   
   1959   8.865317e-01  1.606779e-01   
   1960   7.969045e-01 -6.760088e-01   
   1961   8.646269e-01 -3.765288e-01   
   1962   5.358712e-01 -1.263738e+00   
   1963   8.616757e-01  4.149612e-01   
   1964   6.176867e-01 -1.127135e+00   
   1965   8.400259e-01  5.425463e-01   
   1966   8.400259e-01 -5.425463e-01   
   1967   9.008915e-01  1.164061e-01   
   1968   8.970393e-01 -1.958345e-01   
   1969   8.686216e-01 -4.219177e-01   
   1970   8.980009e-01  2.030621e-01   
   1971   6.981952e-01 -9.844035e-01   
   1972   8.887916e-01 -3.256456e-01   
   1973   9.109786e-01 -5.518735e-02   
   1974   7.106111e-01  9.644492e-01   
   1975   9.117607e-01  3.724993e-02   
   1976   4.444134e-01 -1.432654e+00   
   1977   4.444134e-01  1.432654e+00   
   1978   4.976776e-01 -1.359499e+00   
   1979   8.877132e-01  3.779986e-01   
   1980   8.660254e-01  5.000000e-01   
   1981   8.660254e-01 -5.000000e-01   
   1982   6.469693e-01  1.118220e+00   
   1983   8.987107e-01  3.271039e-01   
   1984   8.381626e-01  6.348835e-01   
   1985   8.381626e-01 -6.348835e-01   
   1986   5.034166e-01  1.364393e+00   
   1987   8.250155e-01  6.930998e-01   
   1988   7.983337e-01  7.835130e-01   
   1989   9.138983e-01  2.819003e-01   
   1990   9.138983e-01 -2.819003e-01   
   1991   8.898718e-01  4.562107e-01   
   1992   8.898718e-01 -4.562107e-01   
   1993   8.602533e-01 -5.933035e-01   
   1994   9.325623e-01 -1.464465e-01   
   1995   9.268138e-01  2.359958e-01   
   1996   9.268138e-01 -2.359958e-01   
   1997   9.395426e-01  8.802858e-02   
   1998   8.687670e-01  5.923153e-01   
   1999   5.428273e-01 -1.342110e+00   
   2000   9.402294e-01  1.419846e-01   
   2001   4.920373e-01 -1.417004e+00   
   2002   4.920373e-01  1.417004e+00   
   2003   6.915917e-01 -1.083361e+00   
   2004   9.374251e-01  1.895046e-01   
   2005   9.452273e-01 -4.431112e-03   
   2006   5.406176e-01  1.348881e+00   
   2007   9.115059e-01  4.112871e-01   
   2008   9.115059e-01 -4.112871e-01   
   2009   6.124543e-01 -1.234985e+00   
   2010   6.190830e-01  1.225124e+00   
   2011   9.516354e-01 -9.522549e-02   
   2012   9.458589e-01 -1.941083e-01   
   2013   9.551990e-01  4.767200e-02   
   2014   9.551990e-01 -4.767200e-02   
   2015   9.308737e-01  3.653410e-01   
   2016   9.308737e-01 -3.653410e-01   
   2017   8.972116e-01  5.482746e-01   
   2018   8.972116e-01 -5.482746e-01   
   2019   8.439637e-01 -7.448024e-01   
   2020   7.274059e-01  1.059646e+00   
   2021   7.932233e-01  9.095733e-01   
   2022   9.479273e-01  3.184866e-01   
   2023   9.479273e-01 -3.184867e-01   
   2024   7.837355e-01 -9.414230e-01   
   2025   5.873708e-01  1.323222e+00   
   2026   5.873708e-01 -1.323222e+00   
   2027   5.391117e-01  1.399771e+00   
   2028   5.391117e-01 -1.399771e+00   
   2029   9.234255e-01  5.028707e-01   
   2030   9.234255e-01 -5.028707e-01   
   2031   9.626242e-01  2.708405e-01   
   2032   9.626242e-01 -2.708405e-01   
   2033   9.749279e-01  2.225209e-01   
   2034   9.749279e-01 -2.225209e-01   
   2035   8.256070e-01 -8.802839e-01   
   2036   7.624078e-01 -1.034748e+00   
   2037   9.473436e-01  4.562166e-01   
   2038   9.473436e-01 -4.562166e-01   
   2039   9.848078e-01  1.736482e-01   
   2040   9.848078e-01 -1.736482e-01   
   2041   9.922392e-01  1.243437e-01   
   2042   9.922392e-01 -1.243437e-01   
   2043   6.995297e-01 -1.181038e+00   
   2044   6.312582e-01 -1.302856e+00   
   2045   9.972038e-01  7.473009e-02   
   2046   9.972038e-01 -7.473009e-02   
   2047   9.996892e-01  2.493069e-02   
   2048   9.996892e-01 -2.493069e-02   
   2049   5.855839e-01  1.380975e+00   
   2050   5.855839e-01 -1.380975e+00   
   2051   9.139282e-01  6.570696e-01   
   2052   9.139282e-01 -6.570697e-01   
   2053   9.689065e-01  4.084284e-01   
   2054   9.689065e-01 -4.084284e-01   
   2055   8.545607e-01  8.522047e-01   
   2056   6.377623e-01  1.305759e+00   
   2057   7.965581e-01  1.008695e+00   
   2058   9.880606e-01  3.596246e-01   
   2059   9.498792e-01  5.729897e-01   
   2060   9.962487e-01 -3.416667e-01   
   2061   7.386034e-01  1.157003e+00   
   2062   8.884765e-01 -8.035795e-01   
   2063   6.744406e-01  1.281035e+00   
   2064   6.744406e-01 -1.281035e+00   
   2065   1.004758e+00  3.099268e-01   
   2066   6.314021e-01  1.360636e+00   
   2067   6.314021e-01 -1.360636e+00   
   2068   1.018958e+00  2.594585e-01   
   2069   9.148319e-01  7.734424e-01   
   2070   9.748097e-01 -5.628067e-01   
   2071   1.030624e+00  2.083451e-01   
   2072   9.961182e-01 -4.881849e-01   
   2073   9.959478e-01  5.012278e-01   
   2074   8.567389e-01 -9.669457e-01   
   2075   7.168697e-01 -1.257783e+00   
   2076   7.168697e-01  1.257783e+00   
   2077   7.886859e-01 -1.130603e+00   
   2078   1.045667e+00 -1.986907e-01   
   2079   6.765152e-01  1.338778e+00   
   2080   6.765152e-01 -1.338778e+00   
   2081   1.057116e+00  8.475327e-03   
   2082   1.057277e+00 -4.337900e-02   
   2083   1.055871e+00 -9.961814e-02   
   2084   1.057379e+00  6.458333e-02   
   2085   1.057116e+00  1.206913e-01   
   2086   1.057116e+00 -1.470170e-01   
   2087   1.045567e+00 -2.902790e-01   
   2088   8.142333e-01  1.105086e+00   
   2089   9.585027e-01 -7.333481e-01   
   2090   8.885710e-01  9.377778e-01   
   2091   1.057379e+00 -2.427083e-01   
   2092   9.938871e-01  6.310354e-01   
   2093   1.057116e+00  2.855587e-01   
   2094   1.038148e+00  4.264921e-01   
   2095   7.574455e-01 -1.240171e+00   
   2096   7.652602e-01  1.235364e+00   
   2097   1.059794e+00 -3.274308e-01   
   2098   7.208726e-01 -1.315425e+00   
   2099   7.208726e-01  1.315425e+00   
   2100   1.057070e+00  3.532927e-01   
   2101   9.238966e-01 -8.935236e-01   
   2102   1.056017e+00 -3.874930e-01   
   2103   8.507051e-01 -1.077262e+00   
   2104   1.004436e+00 -6.440493e-01   
   2105   1.046322e+00 -4.535774e-01   
   2106   7.992794e-01 -1.207093e+00   
   2107   7.992795e-01  1.207092e+00   
   2108   1.099683e+00 -2.176929e-02   
   2109   1.099887e+00  4.479167e-02   
   2110   9.532378e-01  8.621527e-01   
   2111   1.100372e+00  9.380412e-02   
   2112   1.057277e+00  4.816210e-01   
   2113   1.099887e+00 -1.239583e-01   
   2114   1.099887e+00  1.437500e-01   
   2115   1.104101e+00 -6.862966e-02   
   2116   8.862267e-01  1.048234e+00   
   2117   1.099887e+00 -1.833333e-01   
   2118   7.644250e-01 -1.290602e+00   
   2119   7.644250e-01  1.290602e+00   
   2120   1.057116e+00 -5.165247e-01   
   2121   1.099887e+00 -2.229167e-01   
   2122   1.056872e+00  5.220582e-01   
   2123   1.099887e+00  2.625000e-01   
   2124   1.099887e+00 -2.625000e-01   
   2125   1.106410e+00  2.035409e-01   
   2126   9.815142e-01 -8.298188e-01   
   2127   1.100372e+00  3.124459e-01   
   2128   8.391681e-01 -1.179711e+00   
   2129   8.391681e-01  1.179711e+00   
   2130   1.055987e+00  5.781343e-01   
   2131   1.103153e+00 -3.040236e-01   
   2132   1.020478e+00  7.229956e-01   
   2133   1.102321e+00 -3.476855e-01   
   2134   1.061798e+00 -5.861520e-01   
   2135   1.129446e+00  3.489583e-02   
   2136   1.129446e+00 -3.489583e-02   
   2137   1.129446e+00  7.447917e-02   
   2138   1.129446e+00 -7.447917e-02   
   2139   8.071235e-01 -1.264338e+00   
   2140   8.071235e-01  1.264338e+00   
   2141   1.129446e+00  9.427083e-02   
   2142   1.129446e+00 -9.427083e-02   
   2143   1.131209e+00  3.893089e-03   
   2144   1.126829e+00 -1.539757e-01   
   2145   1.129446e+00  1.140625e-01   
   2146   1.008695e+00  7.965581e-01   
   2147   1.126444e+00  1.734375e-01   
   2148   1.131756e+00  5.270833e-02   
   2149   1.131756e+00 -5.666667e-02   
   2150   1.129446e+00 -1.338542e-01   
   2151   1.099887e+00  4.208333e-01   
   2152   1.129446e+00  1.536458e-01   
   2153   1.131756e+00 -1.160417e-01   
   2154   1.131756e+00  1.358333e-01   
   2155   1.111104e+00  3.598286e-01   
   2156   1.107581e+00 -3.861979e-01   
   2157   1.129446e+00  1.932292e-01   
   2158   1.099887e+00 -4.406250e-01   
   2159   1.126829e+00  2.324826e-01   
   2160   1.131756e+00 -1.754167e-01   
   2161   1.129446e+00 -2.130208e-01   
   2162   1.132218e+00 -1.916458e-01   
   2163   1.129446e+00 -2.328125e-01   
   2164   1.131756e+00  2.110417e-01   
   2165   1.099887e+00  4.604167e-01   
   2166   1.129446e+00  2.526042e-01   
   2167   8.781194e-01 -1.151011e+00   
   2168   8.781194e-01  1.151011e+00   
   2169   1.039018e+00 -7.332946e-01   
   2170   1.129446e+00 -2.723958e-01   
   2171   1.099887e+00 -4.802083e-01   
   2172   1.131756e+00 -2.545833e-01   
   2173   9.542619e-01 -9.866996e-01   
   2174   1.131756e+00  2.704167e-01   
   2175   1.129446e+00  2.921875e-01   
   2176   1.129446e+00  3.119792e-01   
   2177   1.129446e+00 -3.119792e-01   
   2178   1.099683e+00  5.032307e-01   
   2179   1.131756e+00 -2.941667e-01   
   2180   1.150000e+00  2.500000e-02   
   2181   1.150000e+00 -2.500000e-02   
   2182   1.129446e+00  3.317708e-01   
   2183   1.129446e+00 -3.317708e-01   
   2184   1.150000e+00  4.479167e-02   
   2185   1.150000e+00 -4.479167e-02   
   2186   1.150000e+00  6.458333e-02   
   2187   1.150000e+00 -6.458333e-02   
   2188   1.150000e+00  8.437500e-02   
   2189   1.150000e+00 -8.437500e-02   
   2190   1.150000e+00  1.041667e-01   
   2191   1.150000e+00 -1.041667e-01   
   2192   1.129446e+00  3.515625e-01   
   2193   1.129446e+00 -3.515625e-01   
   2194   1.150000e+00  1.239583e-01   
   2195   1.150000e+00 -1.239583e-01   
   2196   1.074440e+00  6.439271e-01   
   2197   1.150000e+00  1.437500e-01   
   2198   1.150000e+00 -1.437500e-01   
   2199   8.489206e-01  1.236662e+00   
   2200   8.489206e-01 -1.236662e+00   
   2201   1.099068e+00  5.422262e-01   
   2202   1.150000e+00  1.635417e-01   
   2203   1.150000e+00 -1.635417e-01   
   2204   1.129446e+00 -3.713542e-01   
   2205   1.150000e+00  1.833333e-01   
   2206   1.150000e+00 -1.833333e-01   
   2207   1.131756e+00  3.693750e-01   
   2208   1.150000e+00  2.031250e-01   
   2209   1.150000e+00 -2.031250e-01   
   2210   1.101669e+00 -5.458657e-01   
   2211   1.129446e+00  3.911458e-01   
   2212   1.129446e+00 -3.911458e-01   
   2213   1.150000e+00  2.229167e-01   
   2214   1.150000e+00 -2.229167e-01   
   2215   1.160000e+00  4.229247e-03   
   2216   1.150000e+00  2.427083e-01   
   2217   1.150000e+00 -2.427083e-01   
   2218   1.129446e+00 -4.109375e-01   
   2219   1.150000e+00  2.625000e-01   
   2220   1.150000e+00 -2.625000e-01   
   2221   9.160901e-01 -1.121026e+00   
   2222   9.866996e-01  9.542619e-01   
   2223   1.131756e+00  4.129167e-01   
   2224   1.129446e+00  4.307292e-01   
   2225   1.150000e+00  2.822917e-01   
   2226   1.150000e+00 -2.822917e-01   
   2227   1.085737e+00 -6.497606e-01   
   2228   1.131756e+00 -4.327083e-01   
   2229   1.150000e+00  3.020833e-01   
   2230   1.150000e+00 -3.020833e-01   
   2231   1.129446e+00 -4.505208e-01   
   2232   1.167321e+00  5.468750e-02   
   2233   1.167321e+00 -5.468750e-02   
   2234   1.167321e+00  7.447917e-02   
   2235   1.167321e+00 -7.447917e-02   
   2236   1.167321e+00  9.427083e-02   
   2237   1.167321e+00 -9.427083e-02   
   2238   1.150000e+00  3.218750e-01   
   2239   1.150000e+00 -3.218750e-01   
   2240   1.167321e+00  1.140625e-01   
   2241   1.167321e+00 -1.140625e-01   
   2242   1.170000e+00  2.500000e-02   
   2243   1.170000e+00 -2.500000e-02   
   2244   1.167321e+00  1.338542e-01   
   2245   1.167321e+00 -1.338542e-01   
   2246   1.132218e+00  4.521042e-01   
   2247   9.231168e-01  1.123766e+00   
   2248   1.167321e+00  1.536458e-01   
   2249   1.167321e+00 -1.536458e-01   
   2250   1.150000e+00  3.416667e-01   
   2251   1.150000e+00 -3.416667e-01   
   2252   1.167321e+00  1.734375e-01   
   2253   1.167321e+00 -1.734375e-01   
   2254   1.131756e+00  4.683333e-01   
   2255   1.131756e+00 -4.722917e-01   
   2256   1.167321e+00  1.932292e-01   
   2257   1.167321e+00 -1.932292e-01   
   2258   1.150000e+00  3.614583e-01   
   2259   1.150000e+00 -3.614583e-01   
   2260   1.129446e+00  4.901042e-01   
   2261   1.129446e+00 -4.901042e-01   
   2262   1.167321e+00  2.130208e-01   
   2263   1.167321e+00 -2.130208e-01   
   2264   1.150000e+00  3.812500e-01   
   2265   1.150000e+00 -3.812500e-01   
   2266   1.167321e+00  2.328125e-01   
   2267   1.167321e+00 -2.328125e-01   
   2268   8.897696e-01  1.207605e+00   
   2269   8.897696e-01 -1.207605e+00   
   2270   1.113583e+00  5.879178e-01   
   2271   1.167321e+00  2.526042e-01   
   2272   1.167321e+00 -2.526042e-01   
   2273   1.129030e+00  5.172610e-01   
   2274   1.129030e+00 -5.172610e-01   
   2275   1.180000e+00 -4.229247e-03   
   2276   1.150000e+00  4.010417e-01   
   2277   1.150000e+00 -4.010417e-01   
   2278   1.167321e+00  2.723958e-01   
   2279   1.167321e+00 -2.723958e-01   
   2280   1.181530e+00  6.656367e-02   
   2281   1.150000e+00  4.208333e-01   
   2282   1.150000e+00 -4.208333e-01   
   2283   1.167321e+00  2.921875e-01   
   2284   1.167321e+00 -2.921875e-01   
   2285   1.118339e+00 -5.901264e-01   
   2286   1.181182e+00  1.246510e-01   
   2287   9.530375e-01 -1.089789e+00   
   2288   1.183027e+00  8.591074e-02   
   2289   1.184226e+00 -4.426325e-02   
   2290   1.184706e+00  4.394515e-02   
   2291   1.184314e+00 -6.412396e-02   
   2292   1.167321e+00  3.119792e-01   
   2293   1.167321e+00 -3.119792e-01   
   2294   1.184436e+00 -8.402349e-02   
   2295   1.150000e+00  4.406250e-01   
   2296   1.150000e+00 -4.406250e-01   
   2297   1.184573e+00 -1.039714e-01   
   2298   1.184765e+00  1.055927e-01   
   2299   9.531713e-01  1.096910e+00   
   2300   1.184641e+00 -1.239583e-01   
   2301   1.167321e+00  3.317708e-01   
   2302   1.167321e+00 -3.317708e-01   
   2303   1.184573e+00  1.435547e-01   
   2304   1.184573e+00 -1.439453e-01   
   2305   1.182350e+00  1.836950e-01   
   2306   1.184641e+00  1.635417e-01   
   2307   1.184641e+00 -1.635417e-01   
   2308   1.150000e+00  4.604167e-01   
   2309   1.150000e+00 -4.604167e-01   
   2310   1.190000e+00  2.500000e-02   
   2311   1.190000e+00 -2.500000e-02   
   2312   1.029298e+00 -9.169708e-01   
   2313   1.167321e+00  3.515625e-01   
   2314   1.167321e+00 -3.515625e-01   
   2315   1.184573e+00 -1.835286e-01   
   2316   1.184436e+00 -2.034765e-01   
   2317   1.184916e+00  2.024674e-01   
   2318   1.167321e+00  3.713542e-01   
   2319   1.167321e+00 -3.713542e-01   
   2320   1.150000e+00  4.802083e-01   
   2321   1.150000e+00 -4.802083e-01   
   2322   1.184111e+00  2.223067e-01   
   2323   1.184314e+00 -2.233760e-01   
   2324   1.184132e+00  2.421128e-01   
   2325   1.184226e+00 -2.432368e-01   
   2326   1.167321e+00  3.911458e-01   
   2327   1.167321e+00 -3.911458e-01   
   2328   1.150000e+00  5.000000e-01   
   2329   1.150000e+00 -5.000000e-01   
   2330   1.184168e+00  2.619294e-01   
   2331   1.184168e+00 -2.630706e-01   
   2332   1.141152e+00  5.486959e-01   
   2333   1.141152e+00 -5.486959e-01   
   2334   1.048234e+00  8.862267e-01   
   2335   1.198120e+00  5.551649e-02   
   2336   1.167321e+00  4.109375e-01   
   2337   1.167321e+00 -4.109375e-01   
   2338   1.184226e+00  2.817632e-01   
   2339   1.184132e+00 -2.828872e-01   
   2340   9.296248e-01  1.177199e+00   
   2341   9.296248e-01 -1.177199e+00   
   2342   1.200000e+00  4.229247e-03   
   2343   1.198106e+00  1.138672e-01   
   2344   1.199496e+00  7.519461e-02   
   2345   1.200146e+00 -4.879067e-02   
   2346   1.198401e+00 -1.147199e-01   
   2347   1.184111e+00 -3.026933e-01   
   2348   1.184314e+00  3.016240e-01   
   2349   1.198038e+00  1.338542e-01   
   2350   1.201265e+00  3.690327e-02   
   2351   1.167321e+00  4.307292e-01   
   2352   1.167321e+00 -4.307292e-01   
   2353   1.200565e+00  9.501076e-02   
   2354   1.198106e+00  1.538411e-01   
   2355   1.201695e+00 -7.396772e-02   
   2356   1.184436e+00  3.215235e-01   
   2357   1.202117e+00 -9.567049e-02   
   2358   1.182350e+00 -3.413050e-01   
   2359   9.889206e-01  1.057334e+00   
   2360   1.184916e+00 -3.225326e-01   
   2361   1.197985e+00  1.943967e-01   
   2362   1.201726e+00 -1.337094e-01   
   2363   1.167321e+00  4.505208e-01   
   2364   1.167321e+00 -4.505208e-01   
   2365   1.199950e+00  1.747528e-01   
   2366   1.198663e+00 -1.945880e-01   
   2367   1.184573e+00  3.414714e-01   
   2368   1.201927e+00 -1.536834e-01   
   2369   1.201865e+00 -1.736584e-01   
   2370   1.198274e+00  2.326678e-01   
   2371   1.167321e+00  4.703125e-01   
   2372   1.167321e+00 -4.703125e-01   
   2373   1.184641e+00  3.614583e-01   
   2374   1.184641e+00 -3.614583e-01   
   2375   1.201419e+00  2.135080e-01   
   2376   1.198073e+00  2.526418e-01   
   2377   1.198135e+00 -2.523833e-01   
   2378   1.210000e+00  2.500000e-02   
   2379   1.210000e+00 -2.500000e-02   
   2380   1.201695e+00 -2.135323e-01   
   2381   1.181182e+00 -4.003490e-01   
   2382   1.160030e+00  5.228947e-01   
   2383   1.160030e+00 -5.228947e-01   
   2384   9.959929e-01 -1.058180e+00   
   2385   1.184573e+00  3.810547e-01   
   2386   1.184573e+00 -3.814453e-01   
   2387   1.201590e+00 -2.333832e-01   
   2388   1.198073e+00 -2.723582e-01   
   2389   1.198135e+00  2.726167e-01   
   2390   1.077262e+00 -8.507051e-01   
   2391   1.198274e+00 -2.923322e-01   
   2392   1.184641e+00  4.010417e-01   
   2393   1.215110e+00  4.509467e-02   
   2394   1.215427e+00 -4.459641e-02   
   2395   1.215359e+00 -6.458333e-02   
   2396   1.215404e+00  6.502441e-02   
   2397   1.170000e+00  5.000000e-01   
   2398   1.170000e+00 -5.000000e-01   
   2399   1.215427e+00 -8.457026e-02   
   2400   1.201590e+00  2.916168e-01   
   2401   1.184765e+00 -4.194073e-01   
   2402   1.184573e+00  4.210286e-01   
   2403   1.215427e+00  1.039714e-01   
   2404   1.215564e+00 -1.045182e-01   
   2405   1.197985e+00 -3.306033e-01   
   2406   1.215359e+00  1.239583e-01   
   2407   1.215427e+00 -1.237631e-01   
   2408   1.216939e+00  8.465812e-02   
   2409   1.183027e+00 -4.390893e-01   
   2410   1.198663e+00  3.304120e-01   
   2411   1.215359e+00  1.437500e-01   
   2412   1.215359e+00 -1.437500e-01   
   2413   1.201419e+00 -3.114920e-01   
   2414   1.201695e+00  3.114677e-01   
   2415   1.220000e+00 -4.229247e-03   
   2416   1.215427e+00  1.637369e-01   
   2417   1.184436e+00  4.409765e-01   
   2418   1.181530e+00 -4.584363e-01   
   2419   9.684418e-01  1.145478e+00   
   2420   9.684418e-01 -1.145478e+00   
   2421   1.215564e+00  1.836848e-01   
   2422   1.215625e+00 -1.843739e-01   
   2423   1.199950e+00 -3.502472e-01   
   2424   1.215284e+00 -2.041704e-01   
   2425   1.215427e+00  2.029297e-01   
   2426   1.023699e+00 -1.023699e+00   
   2427   1.023699e+00  1.023699e+00   
   2428   1.198106e+00 -3.711589e-01   
   2429   1.184314e+00  4.608760e-01   
   2430   1.219387e+00 -1.653505e-01   
   2431   1.215359e+00  2.229167e-01   
   2432   1.201865e+00  3.513416e-01   
   2433   1.215427e+00 -2.425131e-01   
   2434   1.198038e+00 -3.911458e-01   
   2435   1.215427e+00  2.429036e-01   
   2436   1.184226e+00  4.807368e-01   
   2437   1.218048e+00 -2.234912e-01   
   2438   1.201927e+00  3.713166e-01   
   2439   1.184706e+00 -4.810548e-01   
   2440   1.215359e+00  2.625000e-01   
   2441   1.215359e+00 -2.625000e-01   
   2442   1.198106e+00 -4.111328e-01   
   2443   1.105086e+00  8.142333e-01   
   2444   1.198401e+00  4.102801e-01   
   2445   1.201726e+00  3.912906e-01   
   2446   1.215427e+00 -2.820964e-01   
   2447   1.215427e+00  2.824869e-01   
   2448   1.230000e+00  2.500000e-02   
   2449   1.230000e+00 -2.500000e-02   
   2450   1.180000e+00  5.207708e-01   
   2451   1.180000e+00 -5.207708e-01   
   2452   1.215359e+00 -3.020833e-01   
   2453   1.232679e+00  5.468750e-02   
   2454   1.232679e+00 -5.468750e-02   
   2455   1.232679e+00  7.447917e-02   
   2456   1.232679e+00 -7.447917e-02   
   2457   1.215284e+00  3.208296e-01   
   2458   1.232679e+00  9.427083e-02   
   2459   1.232679e+00 -9.427083e-02   
   2460   1.215427e+00 -3.220703e-01   
   2461   1.200565e+00 -4.299892e-01   
   2462   1.218048e+00  3.015088e-01   
   2463   1.232679e+00  1.140625e-01   
   2464   1.232679e+00 -1.140625e-01   
   2465   1.232679e+00  1.338542e-01   
   2466   1.232679e+00 -1.338542e-01   
   2467   1.202117e+00  4.293295e-01   
   2468   1.190000e+00  5.000000e-01   
   2469   1.190000e+00 -5.000000e-01   
   2470   1.199496e+00 -4.498054e-01   
   2471   1.215625e+00  3.406261e-01   
   2472   1.215564e+00 -3.413152e-01   
   2473   1.232679e+00  1.536458e-01   
   2474   1.232679e+00 -1.536458e-01   
   2475   1.232679e+00  1.734375e-01   
   2476   1.232679e+00 -1.734375e-01   
   2477   1.198120e+00 -4.694835e-01   
   2478   1.201695e+00  4.510323e-01   
   2479   1.215427e+00 -3.612631e-01   
   2480   1.232679e+00  1.932292e-01   
   2481   1.232679e+00 -1.932292e-01   
   2482   1.240000e+00  4.229247e-03   
   2483   1.232679e+00  2.130208e-01   
   2484   1.232679e+00 -2.130208e-01   
   2485   1.200146e+00  4.762093e-01   
   2486   1.057334e+00 -9.889206e-01   
   2487   1.057334e+00  9.889206e-01   
   2488   1.215359e+00  3.812500e-01   
   2489   1.215359e+00 -3.812500e-01   
   2490   1.006177e+00 -1.112478e+00   
   2491   1.006177e+00  1.112478e+00   
   2492   1.232679e+00  2.328125e-01   
   2493   1.232679e+00 -2.328125e-01   
   2494   1.219387e+00  3.596495e-01   
   2495   1.131677e+00 -7.768522e-01   
   2496   1.232679e+00  2.526042e-01   
   2497   1.232679e+00 -2.526042e-01   
   2498   1.215359e+00 -4.010417e-01   
   2499   1.215427e+00  4.012369e-01   
   2500   1.201265e+00 -4.880967e-01   
   2501   1.190000e+00  5.506408e-01   
   2502   1.190000e+00 -5.506408e-01   
   2503   1.232679e+00  2.723958e-01   
   2504   1.232679e+00 -2.723958e-01   
   2505   1.198000e+00  5.184365e-01   
   2506   1.198000e+00 -5.184365e-01   
   2507   1.215427e+00 -4.210286e-01   
   2508   1.215564e+00  4.204818e-01   
   2509   1.232679e+00  2.921875e-01   
   2510   1.232679e+00 -2.921875e-01   
   2511   1.250000e+00  2.500000e-02   
   2512   1.250000e+00 -2.500000e-02   
   2513   1.250000e+00  4.479167e-02   
   2514   1.250000e+00 -4.479167e-02   
   2515   1.232679e+00  3.119792e-01   
   2516   1.232679e+00 -3.119792e-01   
   2517   1.250000e+00  6.458333e-02   
   2518   1.250000e+00 -6.458333e-02   
   2519   1.215427e+00  4.404297e-01   
   2520   1.250000e+00  8.437500e-02   
   2521   1.250000e+00 -8.437500e-02   
   2522   1.250000e+00  1.041667e-01   
   2523   1.250000e+00 -1.041667e-01   
   2524   1.216939e+00 -4.403419e-01   
   2525   1.232679e+00  3.317708e-01   
   2526   1.232679e+00 -3.317708e-01   
   2527   1.250000e+00  1.239583e-01   
   2528   1.250000e+00 -1.239583e-01   
   2529   1.250000e+00  1.437500e-01   
   2530   1.250000e+00 -1.437500e-01   
   2531   1.215404e+00 -4.599756e-01   
   2532   1.215359e+00  4.604167e-01   
   2533   1.250000e+00  1.635417e-01   
   2534   1.250000e+00 -1.635417e-01   
   2535   1.232679e+00  3.515625e-01   
   2536   1.232679e+00 -3.515625e-01   
   2537   1.210000e+00  5.000000e-01   
   2538   1.210000e+00 -5.000000e-01   
   2539   1.250000e+00  1.833333e-01   
   2540   1.250000e+00 -1.833333e-01   
   2541   1.190502e+00  5.978230e-01   
   2542   1.215110e+00 -4.799053e-01   
   2543   1.250000e+00  2.031250e-01   
   2544   1.250000e+00 -2.031250e-01   
   2545   1.215427e+00  4.804036e-01   
   2546   1.232679e+00  3.713542e-01   
   2547   1.232679e+00 -3.713542e-01   
   2548   1.250000e+00  2.229167e-01   
   2549   1.250000e+00 -2.229167e-01   
   2550   1.089789e+00 -9.530376e-01   
   2551   1.089789e+00  9.530376e-01   
   2552   1.232679e+00  3.911458e-01   
   2553   1.232679e+00 -3.911458e-01   
   2554   1.250000e+00  2.427083e-01   
   2555   1.250000e+00 -2.427083e-01   
   2556   1.042789e+00 -1.078236e+00   
   2557   1.042789e+00  1.078236e+00   
   2558   1.250000e+00  2.625000e-01   
   2559   1.250000e+00 -2.625000e-01   
   2560   1.232679e+00  4.109375e-01   
   2561   1.232679e+00 -4.109375e-01   
   2562   1.250000e+00  2.822917e-01   
   2563   1.250000e+00 -2.822917e-01   
   2564   1.232679e+00  4.307292e-01   
   2565   1.232679e+00 -4.307292e-01   
   2566   1.250000e+00  3.020833e-01   
   2567   1.250000e+00 -3.020833e-01   
   2568   1.268244e+00  5.270833e-02   
   2569   1.250000e+00  3.218750e-01   
   2570   1.250000e+00 -3.218750e-01   
   2571   1.220000e+00  5.207708e-01   
   2572   1.220000e+00 -5.207708e-01   
   2573   1.232679e+00  4.505208e-01   
   2574   1.232679e+00 -4.505208e-01   
   2575   1.268244e+00 -9.625000e-02   
   2576   1.267782e+00 -1.124792e-01   
   2577   1.270554e+00  3.489583e-02   
   2578   1.270554e+00 -3.489583e-02   
   2579   1.181038e+00 -6.995297e-01   
   2580   1.181038e+00  6.995297e-01   
   2581   1.270970e+00  7.738977e-03   
   2582   1.270554e+00 -5.468750e-02   
   2583   1.250000e+00  3.416667e-01   
   2584   1.250000e+00 -3.416667e-01   
   2585   1.270554e+00  7.447917e-02   
   2586   1.270554e+00 -7.447917e-02   
   2587   1.270554e+00  9.427083e-02   
   2588   1.268244e+00 -1.516667e-01   
   2589   1.232679e+00  4.703125e-01   
   2590   1.232679e+00 -4.703125e-01   
   2591   1.270554e+00  1.140625e-01   
   2592   1.250000e+00  3.614583e-01   
   2593   1.250000e+00 -3.614583e-01   
   2594   1.270554e+00  1.338542e-01   
   2595   1.270554e+00 -1.338542e-01   
   2596   1.210000e+00 -5.935963e-01   
   2597   1.270554e+00  1.536458e-01   
   2598   1.268244e+00  1.912500e-01   
   2599   1.230000e+00  5.000000e-01   
   2600   1.230000e+00 -5.000000e-01   
   2601   1.270554e+00  1.734375e-01   
   2602   1.270554e+00 -1.734375e-01   
   2603   1.250000e+00  3.812500e-01   
   2604   1.250000e+00 -3.812500e-01   
   2605   1.121026e+00 -9.160901e-01   
   2606   1.121026e+00  9.160901e-01   
   2607   1.270554e+00 -1.932292e-01   
   2608   1.268244e+00  2.308333e-01   
   2609   1.270554e+00  2.130208e-01   
   2610   1.270554e+00 -2.130208e-01   
   2611   1.250000e+00  4.010417e-01   
   2612   1.250000e+00 -4.010417e-01   
   2613   1.268244e+00 -2.506250e-01   
   2614   1.270554e+00 -2.328125e-01   
   2615   1.078236e+00  1.042789e+00   
   2616   1.078236e+00 -1.042789e+00   
   2617   1.268244e+00  2.704167e-01   
   2618   1.250000e+00  4.208333e-01   
   2619   1.250000e+00 -4.208333e-01   
   2620   1.270554e+00  2.526042e-01   
   2621   1.230000e+00  5.506408e-01   
   2622   1.230000e+00 -5.506408e-01   
   2623   1.250000e+00  4.406250e-01   
   2624   1.250000e+00 -4.406250e-01   
   2625   1.268244e+00 -3.100000e-01   
   2626   1.270554e+00  2.921875e-01   
   2627   1.270554e+00 -2.921875e-01   
   2628   1.273171e+00 -2.720660e-01   
   2629   1.270554e+00  3.119792e-01   
   2630   1.250000e+00  4.604167e-01   
   2631   1.250000e+00 -4.604167e-01   
   2632   1.240000e+00  5.207708e-01   
   2633   1.240000e+00 -5.207708e-01   
   2634   1.267782e+00  3.531458e-01   
   2635   1.270554e+00  3.317708e-01   
   2636   1.270554e+00 -3.317708e-01   
   2637   1.268244e+00 -3.535417e-01   
   2638   1.250000e+00  4.802083e-01   
   2639   1.250000e+00 -4.802083e-01   
   2640   1.151011e+00 -8.781194e-01   
   2641   1.268244e+00  3.693750e-01   
   2642   1.250000e+00  5.000000e-01   
   2643   1.250000e+00 -5.000000e-01   
   2644   1.270554e+00 -3.713542e-01   
   2645   1.298326e+00 -5.610001e-02   
   2646   1.158125e+00  8.777772e-01   
   2647   1.112478e+00  1.006177e+00   
   2648   1.112478e+00 -1.006177e+00   
   2649   1.289376e+00 -2.390844e-01   
   2650   1.300113e+00  4.479167e-02   
   2651   1.273171e+00  3.908160e-01   
   2652   1.270554e+00  4.109375e-01   
   2653   1.270554e+00 -4.109375e-01   
   2654   1.273556e+00 -3.911458e-01   
   2655   1.299628e+00  9.473755e-02   
   2656   1.268244e+00  4.287500e-01   
   2657   1.268244e+00 -4.287500e-01   
   2658   1.295672e+00  1.830859e-01   
   2659   1.300113e+00 -1.041667e-01   
   2660   1.298887e+00  1.381266e-01   
   2661   1.300113e+00 -1.437500e-01   
   2662   1.298094e+00 -1.922447e-01   
   2663   1.270554e+00  4.505208e-01   
   2664   1.270554e+00 -4.505208e-01   
   2665   1.230427e+00  6.548095e-01   
   2666   1.230427e+00 -6.548095e-01   
   2667   1.179711e+00  8.391681e-01   
   2668   1.179711e+00 -8.391681e-01   
   2669   1.268244e+00  4.722917e-01   
   2670   1.268244e+00 -4.722917e-01   
   2671   1.300113e+00  2.229167e-01   
   2672   1.292419e+00  3.169271e-01   
   2673   1.247314e+00  5.925266e-01   
   2674   1.247314e+00 -5.925266e-01   
   2675   1.300113e+00  2.625000e-01   
   2676   1.258848e+00  5.486959e-01   
   2677   1.258848e+00 -5.486959e-01   
   2678   1.313403e+00  4.351071e-03   
   2679   1.270554e+00  4.901042e-01   
   2680   1.270554e+00 -4.901042e-01   
   2681   1.199994e+00  7.945789e-01   
   2682   1.300113e+00 -3.020833e-01   
   2683   1.145478e+00  9.684418e-01   
   2684   1.145478e+00 -9.684418e-01   
   2685   1.270970e+00  5.172610e-01   
   2686   1.270970e+00 -5.172610e-01   
   2687   1.207092e+00 -7.992794e-01   
   2688   1.300113e+00  3.614583e-01   
   2689   1.300113e+00 -3.614583e-01   
   2690   1.300113e+00  4.208333e-01   
   2691   1.300113e+00 -4.208333e-01   
   2692   1.177199e+00  9.296248e-01   
   2693   1.177199e+00 -9.296248e-01   
   2694   1.300113e+00  4.802083e-01   
   2695   1.300113e+00 -4.802083e-01   
   2696   1.238751e+00  7.565054e-01   
   2697   1.240171e+00 -7.574455e-01   
   2698   1.342884e+00  6.785033e-02   
   2699   1.342621e+00  1.239583e-01   
   2700   1.342621e+00 -1.239583e-01   
   2701   1.342621e+00  1.635417e-01   
   2702   1.342621e+00 -1.635417e-01   
   2703   1.257783e+00  7.168697e-01   
   2704   1.257783e+00 -7.168697e-01   
   2705   1.342621e+00  2.031250e-01   
   2706   1.207605e+00  8.897696e-01   
   2707   1.207605e+00 -8.897696e-01   
   2708   1.298331e+00 -5.458657e-01   
   2709   1.347489e+00 -2.297478e-01   
   2710   1.308534e+00  5.375503e-01   
   2711   1.342048e+00  3.217858e-01   
   2712   1.281035e+00  6.744406e-01   
   2713   1.281035e+00 -6.744406e-01   
   2714   1.236662e+00  8.489206e-01   
   2715   1.236662e+00 -8.489206e-01   
   2716   1.364777e+00 -7.272197e-02   
   2717   1.342884e+00  3.977747e-01   
   2718   1.360490e+00  2.567781e-01   
   2719   1.302856e+00 -6.312582e-01   
   2720   1.264338e+00  8.071235e-01   
   2721   1.264338e+00 -8.071235e-01   
   2722   1.306820e+00  6.449076e-01   
   2723   1.323222e+00  5.873708e-01   
   2724   1.331647e+00 -5.876247e-01   
   2725   1.290602e+00  7.644250e-01   
   2726   1.290602e+00 -7.644250e-01   
   2727   1.393529e+00  1.498365e-01   
   2728   1.359499e+00  4.976776e-01   
   2729   1.359499e+00 -4.976776e-01   
   2730   1.376240e+00 -4.056781e-01   
   2731   1.315425e+00  7.208726e-01   
   2732   1.315425e+00 -7.208726e-01   
   2733   1.403751e+00 -1.437500e-01   
   2734   1.401493e+00  2.104652e-01   
   2735   1.375369e+00  4.519721e-01   
   2736   1.375369e+00 -4.519721e-01   
   2737   1.389704e+00  4.057618e-01   
   2738   1.338778e+00  6.765152e-01   
   2739   1.338778e+00 -6.765152e-01   
   2740   1.402487e+00  3.590982e-01   
   2741   1.402487e+00 -3.590982e-01   
   2742   1.424814e+00  2.844657e-02   
   2743   1.409574e+00  3.081320e-01   
   2744   1.360636e+00  6.314021e-01   
   2745   1.360636e+00 -6.314021e-01   
   2746   1.413703e+00 -3.120337e-01   
   2747   1.423340e+00  2.646206e-01   
   2748   1.423340e+00 -2.646206e-01   
   2749   1.431387e+00 -2.169119e-01   
   2750   1.380975e+00  5.855839e-01   
   2751   1.380975e+00 -5.855839e-01   
   2752   1.443009e+00  1.234161e-01   
   2753   1.445910e+00  7.254687e-02   
   2754   1.445910e+00 -7.254687e-02   
   2755   1.447527e+00 -2.419130e-02   
   2756   1.399771e+00  5.391117e-01   
   2757   1.399771e+00 -5.391117e-01   
   2758   1.417004e+00  4.920373e-01   
   2759   1.417004e+00 -4.920373e-01   
   2760   1.432654e+00  4.444134e-01   
   2761   1.432654e+00 -4.444134e-01   
   2762   1.446704e+00  3.962931e-01   
   2763   1.446704e+00 -3.962931e-01   
   2764   1.459138e+00  3.477302e-01   
   2765   1.459138e+00 -3.477302e-01   
   2766   1.469943e+00  2.987790e-01   
   2767   1.469943e+00 -2.987790e-01   
   2768   1.479105e+00  2.494940e-01   
   2769   1.479105e+00 -2.494940e-01   
   2770   1.486616e+00  1.999304e-01   
   2771   1.486616e+00 -1.999304e-01   
   2772   1.492467e+00  1.501435e-01   
   2773   1.492467e+00 -1.501435e-01   
   2774   1.496650e+00  1.001889e-01   
   2775   1.496650e+00 -1.001890e-01   
   2776   1.499162e+00  5.012246e-02   
   2777   1.499162e+00 -5.012247e-02   
   2778   1.500000e+00 -8.691638e-10   
  END_COORDINATES
  BOUNDARIES, ELEMENT
    1		1	2	3650	
    2		2	9	3480	
    3		3	1	3556	
    4		8	3	3603	
    5		9	14	3573	
    6		13	8	3510	
    7		14	20	3527	
    8		19	13	3626	
    9		20	27	3620	
    10		26	19	3532	
    11		27	35	3504	
    12		35	41	3597	
    13		36	26	3579	
    14		41	51	3550	
    15		42	36	3486	
    16		51	62	3644	
    17		52	42	3638	
    18		61	52	3544	
    19		62	77	3492	
    20		76	61	3591	
    21		77	100	3585	
    22		78	81	2	
    23		79	78	124	
    24		80	79	61	
    25		81	88	65	
    26		87	80	92	
    27		88	94	34	
    28		93	87	29	
    29		94	105	97	
    30		99	76	3498	
    31		100	119	3538	
    32		105	122	18	
    33		106	93	108	
    34		118	99	3614	
    35		119	143	3632	
    36		121	106	45	
    37		122	140	81	
    38		139	121	76	
    39		140	158	50	
    40		142	118	3521	
    41		143	171	3516	
    42		157	139	13	
    43		158	183	113	
    44		170	142	3567	
    45		171	200	3609	
    46		182	157	116	
    47		183	210	10	
    48		199	170	3474	
    49		200	231	3562	
    50		209	182	53	
    51		210	240	73	
    52		230	199	3653	
    53		231	264	3656	
    54		239	209	84	
    55		240	276	42	
    56		263	230	3559	
    57		264	300	3472	
    58		275	239	21	
    59		276	315	105	
    60		299	263	3606	
    61		300	341	3565	
    62		314	275	100	
    63		315	355	26	
    64		340	299	3513	
    65		341	383	3519	
    66		354	314	37	
    67		355	398	89	
    68		382	340	3629	
    69		383	425	3612	
    70		397	354	68	
    71		398	442	58	
    72		424	382	3535	
    73		425	468	3496	
    74		441	397	5	
    75		442	483	121	
    76		467	424	3582	
    77		468	506	3589	
    78		482	441	120	
    79		483	529	6	
    80		505	467	3489	
    81		506	549	3542	
    82		528	482	57	
    83		529	575	69	
    84		548	505	3641	
    85		549	593	3636	
    86		574	528	88	
    87		575	628	38	
    88		592	548	3547	
    89		593	643	3484	
    90		627	574	25	
    91		628	679	101	
    92		642	592	3594	
    93		643	689	3577	
    94		678	627	104	
    95		679	733	22	
    96		688	642	3501	
    97		689	740	3531	
    98		732	678	41	
    99		733	784	85	
    100		739	688	3617	
    101		740	787	3624	
    102		783	732	72	
    103		784	841	54	
    104		786	739	3524	
    105		787	837	3508	
    106		836	786	3570	
    107		837	892	3601	
    108		840	783	9	
    109		841	899	117	
    110		891	836	3477	
    111		892	938	3554	
    112		898	840	112	
    113		899	954	14	
    114		937	891	3647	
    115		938	992	3648	
    116		953	898	49	
    117		954	1008	77	
    118		991	937	3553	
    119		992	1041	3478	
    120		1007	953	80	
    121		1008	1062	46	
    122		1040	991	3600	
    123		1041	1095	3571	
    124		1061	1007	17	
    125		1062	1121	109	
    126		1094	1040	3507	
    127		1095	1149	3525	
    128		1120	1061	96	
    129		1121	1173	30	
    130		1148	1094	3623	
    131		1149	1196	3618	
    132		1172	1120	33	
    133		1173	1228	93	
    134		1195	1148	3530	
    135		1196	1249	3502	
    136		1227	1172	64	
    137		1228	1278	62	
    138		1248	1195	3576	
    139		1249	1302	3595	
    140		1277	1227	1	
    141		1278	1334	125	
    142		1301	1248	3483	
    143		1302	1351	3548	
    144		1333	1277	95	
    145		1334	1378	3	
    146		1350	1301	3635	
    147		1351	1401	3642	
    148		1377	1333	32	
    149		1378	1432	66	
    150		1400	1350	3541	
    151		1401	1453	3490	
    152		1431	1377	111	
    153		1432	1477	35	
    154		1452	1400	3588	
    155		1453	1495	3583	
    156		1476	1431	48	
    157		1477	1522	98	
    158		1494	1452	3495	
    159		1495	1543	3536	
    160		1521	1476	79	
    161		1522	1566	19	
    162		1542	1494	3611	
    163		1543	1583	3630	
    164		1566	1612	82	
    165		1567	1521	16	
    166		1582	1542	3518	
    167		1583	1629	3514	
    168		1611	1567	119	
    169		1612	1646	51	
    170		1628	1582	3564	
    171		1629	1671	3607	
    172		1645	1611	56	
    173		1646	1685	114	
    174		1670	1628	3471	
    175		1671	1710	3560	
    176		1684	1645	87	
    177		1685	1719	11	
    178		1709	1670	3634	
    179		1710	1750	3654	
    180		1719	1753	74	
    181		1720	1684	24	
    182		1749	1709	3540	
    183		1750	1789	3475	
    184		1753	1785	43	
    185		1754	1720	103	
    186		1784	1754	40	
    187		1785	1815	106	
    188		1788	1749	3587	
    189		1789	1824	3568	
    190		1814	1784	71	
    191		1815	1845	27	
    192		1823	1788	3494	
    193		1824	1859	3522	
    194		1844	1814	8	
    195		1845	1870	90	
    196		1858	1823	3646	
    197		1859	1891	3615	
    198		1870	1893	59	
    199		1871	1844	123	
    200		1890	1858	3552	
    201		1891	1922	3499	
    202		1892	1871	60	
    203		1893	1913	122	
    204		1912	1892	91	
    205		1913	1934	7	
    206		1921	1890	3599	
    207		1922	1951	3592	
    208		1933	1912	28	
    209		1934	1949	70	
    210		1948	1933	107	
    211		1949	1966	39	
    212		1951	1976	3545	
    213		1952	1921	3506	
    214		1965	1948	44	
    215		1966	1981	102	
    216		1976	2001	3639	
    217		1977	1952	3622	
    218		1980	1965	75	
    219		1981	1992	23	
    220		1991	1980	12	
    221		1992	2008	86	
    222		2001	2028	3487	
    223		2002	1977	3529	
    224		2007	1991	115	
    225		2008	2016	55	
    226		2015	2007	52	
    227		2016	2023	118	
    228		2022	2015	83	
    229		2023	2032	15	
    230		2027	2002	3575	
    231		2028	2050	3580	
    232		2031	2022	20	
    233		2032	2034	78	
    234		2033	2031	99	
    235		2034	2040	47	
    236		2039	2033	36	
    237		2040	2042	110	
    238		2041	2039	67	
    239		2042	2046	31	
    240		2045	2041	4	
    241		2046	2048	94	
    242		2047	2045	126	
    243		2048	2047	63	
    244		2049	2027	3482	
    245		2050	2067	3533	
    246		2066	2049	3652	
    247		2067	2080	3627	
    248		2079	2066	3558	
    249		2080	2098	3511	
    250		2098	2118	3604	
    251		2099	2079	3605	
    252		2118	2139	3557	
    253		2119	2099	3512	
    254		2139	2200	3651	
    255		2140	2119	3628	
    256		2180	2184	2872	
    257		2181	2243	2978	
    258		2184	2186	2920	
    259		2185	2181	2958	
    260		2186	2188	2896	
    261		2187	2185	2910	
    262		2188	2190	2944	
    263		2189	2187	2934	
    264		2190	2194	2884	
    265		2191	2189	2886	
    266		2194	2197	2932	
    267		2195	2191	2946	
    268		2197	2202	2908	
    269		2198	2195	2898	
    270		2199	2140	3534	
    271		2200	2269	3481	
    272		2202	2205	2956	
    273		2203	2198	2922	
    274		2205	2208	2864	
    275		2206	2203	2874	
    276		2208	2213	2912	
    277		2209	2206	2952	
    278		2213	2216	2888	
    279		2214	2209	2904	
    280		2216	2219	2936	
    281		2217	2214	2928	
    282		2219	2225	2876	
    283		2220	2217	2880	
    284		2225	2229	2924	
    285		2226	2220	2940	
    286		2229	2238	2900	
    287		2230	2226	2892	
    288		2238	2250	2948	
    289		2239	2230	2916	
    290		2242	2180	2962	
    291		2243	2311	2961	
    292		2250	2258	2870	
    293		2251	2239	2868	
    294		2258	2264	2918	
    295		2259	2251	2955	
    296		2264	2276	2894	
    297		2265	2259	2907	
    298		2268	2199	3581	
    299		2269	2341	3574	
    300		2276	2281	2942	
    301		2277	2265	2931	
    302		2281	2295	2882	
    303		2282	2277	2883	
    304		2295	2308	2930	
    305		2296	2282	2943	
    306		2308	2320	2906	
    307		2309	2296	2895	
    308		2310	2242	2974	
    309		2311	2379	2971	
    310		2320	2328	2954	
    311		2321	2309	2919	
    312		2328	2397	2972	
    313		2329	2321	2871	
    314		2340	2268	3488	
    315		2341	2420	3528	
    316		2378	2310	2964	
    317		2379	2449	2966	
    318		2397	2468	2967	
    319		2398	2329	2968	
    320		2419	2340	3640	
    321		2420	2490	3621	
    322		2448	2378	2969	
    323		2449	2512	2976	
    324		2468	2537	2977	
    325		2469	2398	2973	
    326		2490	2556	3505	
    327		2491	2419	3546	
    328		2511	2448	2959	
    329		2512	2514	2867	
    330		2513	2511	2950	
    331		2514	2518	2915	
    332		2517	2513	2902	
    333		2518	2521	2891	
    334		2520	2517	2926	
    335		2521	2523	2939	
    336		2522	2520	2878	
    337		2523	2528	2879	
    338		2527	2522	2938	
    339		2528	2530	2927	
    340		2529	2527	2890	
    341		2530	2534	2903	
    342		2533	2529	2914	
    343		2534	2540	2951	
    344		2537	2599	2960	
    345		2538	2469	2963	
    346		2539	2533	2866	
    347		2540	2544	2873	
    348		2543	2539	2953	
    349		2544	2549	2921	
    350		2548	2543	2905	
    351		2549	2555	2897	
    352		2554	2548	2929	
    353		2555	2559	2945	
    354		2556	2616	3598	
    355		2557	2491	3593	
    356		2558	2554	2881	
    357		2559	2563	2885	
    358		2562	2558	2941	
    359		2563	2567	2933	
    360		2566	2562	2893	
    361		2567	2570	2909	
    362		2569	2566	2917	
    363		2570	2584	2957	
    364		2583	2569	2869	
    365		2584	2593	2865	
    366		2592	2583	2947	
    367		2593	2604	2913	
    368		2599	2642	2970	
    369		2600	2538	2975	
    370		2603	2592	2899	
    371		2604	2612	2889	
    372		2611	2603	2923	
    373		2612	2619	2937	
    374		2615	2557	3500	
    375		2616	2648	3551	
    376		2618	2611	2875	
    377		2619	2624	2877	
    378		2623	2618	2935	
    379		2624	2631	2925	
    380		2630	2623	2887	
    381		2631	2639	2901	
    382		2638	2630	2911	
    383		2639	2643	2949	
    384		2642	2638	2863	
    385		2643	2600	2965	
    386		2647	2615	3616	
    387		2648	2684	3645	
    388		2683	2647	3523	
    389		2684	2693	3493	
    390		2692	2683	3569	
    391		2693	2707	3586	
    392		2706	2692	3476	
    393		2707	2715	3539	
    394		2714	2706	3655	
    395		2715	2721	3633	
    396		2720	2714	3561	
    397		2721	2726	3517	
    398		2725	2720	3608	
    399		2726	2732	3610	
    400		2731	2725	3515	
    401		2732	2739	3563	
    402		2738	2731	3631	
    403		2739	2745	3657	
    404		2744	2738	3537	
    405		2745	2751	3473	
    406		2750	2744	3584	
    407		2751	2757	3566	
    408		2756	2750	4284	
    409		2757	2759	3520	
    410		2758	2756	3643	
    411		2759	2761	3613	
    412		2760	2758	3549	
    413		2761	2763	3497	
    414		2762	2760	3596	
    415		2763	2765	3590	
    416		2764	2762	3503	
    417		2765	2767	3543	
    418		2766	2764	3619	
    419		2767	2769	3637	
    420		2768	2766	3526	
    421		2769	2771	3485	
    422		2770	2768	3572	
    423		2771	2773	3578	
    424		2772	2770	3479	
    425		2773	2775	4286	
    426		2774	2772	3649	
    427		2775	2777	3625	
    428		2776	2774	3555	
    429		2777	2778	3509	
    430		2778	2776	3602	
  END_BOUNDARIES
  MATERIALS
     1     1
     2     1
     3     1
     4     1
     5     1
     6     1
     7     1
     8     1
     9     1
     10     1
     11     1
     12     1
     13     1
     14     1
     15     1
     16     1
     17     1
     18     1
     19     1
     20     1
     21     1
     22     1
     23     1
     24     1
     25     1
     26     1
     27     1
     28     1
     29     1
     30     1
     31     1
     32     1
     33     1
     34     1
     35     1
     36     1
     37     1
     38     1
     39     1
     40     1
     41     1
     42     1
     43     1
     44     1
     45     1
     46     1
     47     1
     48     1
     49     1
     50     1
     51     1
     52     1
     53     1
     54     1
     55     1
     56     1
     57     1
     58     1
     59     1
     60     1
     61     1
     62     1
     63     1
     64     1
     65     1
     66     1
     67     1
     68     1
     69     1
     70     1
     71     1
     72     1
     73     1
     74     1
     75     1
     76     1
     77     1
     78     1
     79     1
     80     1
     81     1
     82     1
     83     1
     84     1
     85     1
     86     1
     87     1
     88     1
     89     1
     90     1
     91     1
     92     1
     93     1
     94     1
     95     1
     96     1
     97     1
     98     1
     99     1
     100     1
     101     1
     102     1
     103     1
     104     1
     105     1
     106     1
     107     1
     108     1
     109     1
     110     1
     111     1
     112     1
     113     1
     114     1
     115     1
     116     1
     117     1
     118     1
     119     1
     120     1
     121     1
     122     1
     123     1
     124     1
     125     1
     126     1
     127     1
     128     1
     129     1
     130     1
     131     1
     132     1
     133     1
     134     1
     135     1
     136     1
     137     1
     138     1
     139     1
     140     1
     141     1
     142     1
     143     1
     144     1
     145     1
     146     1
     147     1
     148     1
     149     1
     150     1
     151     1
     152     1
     153     1
     154     1
     155     1
     156     1
     157     1
     158     1
     159     1
     160     1
     161     1
     162     1
     163     1
     164     1
     165     1
     166     1
     167     1
     168     1
     169     1
     170     1
     171     1
     172     1
     173     1
     174     1
     175     1
     176     1
     177     1
     178     1
     179     1
     180     1
     181     1
     182     1
     183     1
     184     1
     185     1
     186     1
     187     1
     188     1
     189     1
     190     1
     191     1
     192     1
     193     1
     194     1
     195     1
     196     1
     197     1
     198     1
     199     1
     200     1
     201     1
     202     1
     203     1
     204     1
     205     1
     206     1
     207     1
     208     1
     209     1
     210     1
     211     1
     212     1
     213     1
     214     1
     215     1
     216     1
     217     1
     218     1
     219     1
     220     1
     221     1
     222     1
     223     1
     224     1
     225     1
     226     1
     227     1
     228     1
     229     1
     230     1
     231     1
     232     1
     233     1
     234     1
     235     1
     236     1
     237     1
     238     1
     239     1
     240     1
     241     1
     242     1
     243     1
     244     1
     245     1
     246     1
     247     1
     248     1
     249     1
     250     1
     251     1
     252     1
     253     1
     254     1
     255     1
     256     1
     257     1
     258     1
     259     1
     260     1
     261     1
     262     1
     263     1
     264     1
     265     1
     266     1
     267     1
     268     1
     269     1
     270     1
     271     1
     272     1
     273     1
     274     1
     275     1
     276     1
     277     1
     278     1
     279     1
     280     1
     281     1
     282     1
     283     1
     284     1
     285     1
     286     1
     287     1
     288     1
     289     1
     290     1
     291     1
     292     1
     293     1
     294     1
     295     1
     296     1
     297     1
     298     1
     299     1
     300     1
     301     1
     302     1
     303     1
     304     1
     305     1
     306     1
     307     1
     308     1
     309     1
     310     1
     311     1
     312     1
     313     1
     314     1
     315     1
     316     1
     317     1
     318     1
     319     1
     320     1
     321     1
     322     1
     323     1
     324     1
     325     1
     326     1
     327     1
     328     1
     329     1
     330     1
     331     1
     332     1
     333     1
     334     1
     335     1
     336     1
     337     1
     338     1
     339     1
     340     1
     341     1
     342     1
     343     1
     344     1
     345     1
     346     1
     347     1
     348     1
     349     1
     350     1
     351     1
     352     1
     353     1
     354     1
     355     1
     356     1
     357     1
     358     1
     359     1
     360     1
     361     1
     362     1
     363     1
     364     1
     365     1
     366     1
     367     1
     368     1
     369     1
     370     1
     371     1
     372     1
     373     1
     374     1
     375     1
     376     1
     377     1
     378     1
     379     1
     380     1
     381     1
     382     1
     383     1
     384     1
     385     1
     386     1
     387     1
     388     1
     389     1
     390     1
     391     1
     392     1
     393     1
     394     1
     395     1
     396     1
     397     1
     398     1
     399     1
     400     1
     401     1
     402     1
     403     1
     404     1
     405     1
     406     1
     407     1
     408     1
     409     1
     410     1
     411     1
     412     1
     413     1
     414     1
     415     1
     416     1
     417     1
     418     1
     419     1
     420     1
     421     1
     422     1
     423     1
     424     1
     425     1
     426     1
     427     1
     428     1
     429     1
     430     1
     431     1
     432     1
     433     1
     434     1
     435     1
     436     1
     437     1
     438     1
     439     1
     440     1
     441     1
     442     1
     443     1
     444     1
     445     1
     446     1
     447     1
     448     1
     449     1
     450     1
     451     1
     452     1
     453     1
     454     1
     455     1
     456     1
     457     1
     458     1
     459     1
     460     1
     461     1
     462     1
     463     1
     464     1
     465     1
     466     1
     467     1
     468     1
     469     1
     470     1
     471     1
     472     1
     473     1
     474     1
     475     1
     476     1
     477     1
     478     1
     479     1
     480     1
     481     1
     482     1
     483     1
     484     1
     485     1
     486     1
     487     1
     488     1
     489     1
     490     1
     491     1
     492     1
     493     1
     494     1
     495     1
     496     1
     497     1
     498     1
     499     1
     500     1
     501     1
     502     1
     503     1
     504     1
     505     1
     506     1
     507     1
     508     1
     509     1
     510     1
     511     1
     512     1
     513     1
     514     1
     515     1
     516     1
     517     1
     518     1
     519     1
     520     1
     521     1
     522     1
     523     1
     524     1
     525     1
     526     1
     527     1
     528     1
     529     1
     530     1
     531     1
     532     1
     533     1
     534     1
     535     1
     536     1
     537     1
     538     1
     539     1
     540     1
     541     1
     542     1
     543     1
     544     1
     545     1
     546     1
     547     1
     548     1
     549     1
     550     1
     551     1
     552     1
     553     1
     554     1
     555     1
     556     1
     557     1
     558     1
     559     1
     560     1
     561     1
     562     1
     563     1
     564     1
     565     1
     566     1
     567     1
     568     1
     569     1
     570     1
     571     1
     572     1
     573     1
     574     1
     575     1
     576     1
     577     1
     578     1
     579     1
     580     1
     581     1
     582     1
     583     1
     584     1
     585     1
     586     1
     587     1
     588     1
     589     1
     590     1
     591     1
     592     1
     593     1
     594     1
     595     1
     596     1
     597     1
     598     1
     599     1
     600     1
     601     1
     602     1
     603     1
     604     1
     605     1
     606     1
     607     1
     608     1
     609     1
     610     1
     611     1
     612     1
     613     1
     614     1
     615     1
     616     1
     617     1
     618     1
     619     1
     620     1
     621     1
     622     1
     623     1
     624     1
     625     1
     626     1
     627     1
     628     1
     629     1
     630     1
     631     1
     632     1
     633     1
     634     1
     635     1
     636     1
     637     1
     638     1
     639     1
     640     1
     641     1
     642     1
     643     1
     644     1
     645     1
     646     1
     647     1
     648     1
     649     1
     650     1
     651     1
     652     1
     653     1
     654     1
     655     1
     656     1
     657     1
     658     1
     659     1
     660     1
     661     1
     662     1
     663     1
     664     1
     665     1
     666     1
     667     1
     668     1
     669     1
     670     1
     671     1
     672     1
     673     1
     674     1
     675     1
     676     1
     677     1
     678     1
     679     1
     680     1
     681     1
     682     1
     683     1
     684     1
     685     1
     686     1
     687     1
     688     1
     689     1
     690     1
     691     1
     692     1
     693     1
     694     1
     695     1
     696     1
     697     1
     698     1
     699     1
     700     1
     701     1
     702     1
     703     1
     704     1
     705     1
     706     1
     707     1
     708     1
     709     1
     710     1
     711     1
     712     1
     713     1
     714     1
     715     1
     716     1
     717     1
     718     1
     719     1
     720     1
     721     1
     722     1
     723     1
     724     1
     725     1
     726     1
     727     1
     728     1
     729     1
     730     1
     731     1
     732     1
     733     1
     734     1
     735     1
     736     1
     737     1
     738     1
     739     1
     740     1
     741     1
     742     1
     743     1
     744     1
     745     1
     746     1
     747     1
     748     1
     749     1
     750     1
     751     1
     752     1
     753     1
     754     1
     755     1
     756     1
     757     1
     758     1
     759     1
     760     1
     761     1
     762     1
     763     1
     764     1
     765     1
     766     1
     767     1
     768     1
     769     1
     770     1
     771     1
     772     1
     773     1
     774     1
     775     1
     776     1
     777     1
     778     1
     779     1
     780     1
     781     1
     782     1
     783     1
     784     1
     785     1
     786     1
     787     1
     788     1
     789     1
     790     1
     791     1
     792     1
     793     1
     794     1
     795     1
     796     1
     797     1
     798     1
     799     1
     800     1
     801     1
     802     1
     803     1
     804     1
     805     1
     806     1
     807     1
     808     1
     809     1
     810     1
     811     1
     812     1
     813     1
     814     1
     815     1
     816     1
     817     1
     818     1
     819     1
     820     1
     821     1
     822     1
     823     1
     824     1
     825     1
     826     1
     827     1
     828     1
     829     1
     830     1
     831     1
     832     1
     833     1
     834     1
     835     1
     836     1
     837     1
     838     1
     839     1
     840     1
     841     1
     842     1
     843     1
     844     1
     845     1
     846     1
     847     1
     848     1
     849     1
     850     1
     851     1
     852     1
     853     1
     854     1
     855     1
     856     1
     857     1
     858     1
     859     1
     860     1
     861     1
     862     1
     863     1
     864     1
     865     1
     866     1
     867     1
     868     1
     869     1
     870     1
     871     1
     872     1
     873     1
     874     1
     875     1
     876     1
     877     1
     878     1
     879     1
     880     1
     881     1
     882     1
     883     1
     884     1
     885     1
     886     1
     887     1
     888     1
     889     1
     890     1
     891     1
     892     1
     893     1
     894     1
     895     1
     896     1
     897     1
     898     1
     899     1
     900     1
     901     1
     902     1
     903     1
     904     1
     905     1
     906     1
     907     1
     908     1
     909     1
     910     1
     911     1
     912     1
     913     1
     914     1
     915     1
     916     1
     917     1
     918     1
     919     1
     920     1
     921     1
     922     1
     923     1
     924     1
     925     1
     926     1
     927     1
     928     1
     929     1
     930     1
     931     1
     932     1
     933     1
     934     1
     935     1
     936     1
     937     1
     938     1
     939     1
     940     1
     941     1
     942     1
     943     1
     944     1
     945     1
     946     1
     947     1
     948     1
     949     1
     950     1
     951     1
     952     1
     953     1
     954     1
     955     1
     956     1
     957     1
     958     1
     959     1
     960     1
     961     1
     962     1
     963     1
     964     1
     965     1
     966     1
     967     1
     968     1
     969     1
     970     1
     971     1
     972     1
     973     1
     974     1
     975     1
     976     1
     977     1
     978     1
     979     1
     980     1
     981     1
     982     1
     983     1
     984     1
     985     1
     986     1
     987     1
     988     1
     989     1
     990     1
     991     1
     992     1
     993     1
     994     1
     995     1
     996     1
     997     1
     998     1
     999     1
     1000     1
     1001     1
     1002     1
     1003     1
     1004     1
     1005     1
     1006     1
     1007     1
     1008     1
     1009     1
     1010     1
     1011     1
     1012     1
     1013     1
     1014     1
     1015     1
     1016     1
     1017     1
     1018     1
     1019     1
     1020     1
     1021     1
     1022     1
     1023     1
     1024     1
     1025     1
     1026     1
     1027     1
     1028     1
     1029     1
     1030     1
     1031     1
     1032     1
     1033     1
     1034     1
     1035     1
     1036     1
     1037     1
     1038     1
     1039     1
     1040     1
     1041     1
     1042     1
     1043     1
     1044     1
     1045     1
     1046     1
     1047     1
     1048     1
     1049     1
     1050     1
     1051     1
     1052     1
     1053     1
     1054     1
     1055     1
     1056     1
     1057     1
     1058     1
     1059     1
     1060     1
     1061     1
     1062     1
     1063     1
     1064     1
     1065     1
     1066     1
     1067     1
     1068     1
     1069     1
     1070     1
     1071     1
     1072     1
     1073     1
     1074     1
     1075     1
     1076     1
     1077     1
     1078     1
     1079     1
     1080     1
     1081     1
     1082     1
     1083     1
     1084     1
     1085     1
     1086     1
     1087     1
     1088     1
     1089     1
     1090     1
     1091     1
     1092     1
     1093     1
     1094     1
     1095     1
     1096     1
     1097     1
     1098     1
     1099     1
     1100     1
     1101     1
     1102     1
     1103     1
     1104     1
     1105     1
     1106     1
     1107     1
     1108     1
     1109     1
     1110     1
     1111     1
     1112     1
     1113     1
     1114     1
     1115     1
     1116     1
     1117     1
     1118     1
     1119     1
     1120     1
     1121     1
     1122     1
     1123     1
     1124     1
     1125     1
     1126     1
     1127     1
     1128     1
     1129     1
     1130     1
     1131     1
     1132     1
     1133     1
     1134     1
     1135     1
     1136     1
     1137     1
     1138     1
     1139     1
     1140     1
     1141     1
     1142     1
     1143     1
     1144     1
     1145     1
     1146     1
     1147     1
     1148     1
     1149     1
     1150     1
     1151     1
     1152     1
     1153     1
     1154     1
     1155     1
     1156     1
     1157     1
     1158     1
     1159     1
     1160     1
     1161     1
     1162     1
     1163     1
     1164     1
     1165     1
     1166     1
     1167     1
     1168     1
     1169     1
     1170     1
     1171     1
     1172     1
     1173     1
     1174     1
     1175     1
     1176     1
     1177     1
     1178     1
     1179     1
     1180     1
     1181     1
     1182     1
     1183     1
     1184     1
     1185     1
     1186     1
     1187     1
     1188     1
     1189     1
     1190     1
     1191     1
     1192     1
     1193     1
     1194     1
     1195     1
     1196     1
     1197     1
     1198     1
     1199     1
     1200     1
     1201     1
     1202     1
     1203     1
     1204     1
     1205     1
     1206     1
     1207     1
     1208     1
     1209     1
     1210     1
     1211     1
     1212     1
     1213     1
     1214     1
     1215     1
     1216     1
     1217     1
     1218     1
     1219     1
     1220     1
     1221     1
     1222     1
     1223     1
     1224     1
     1225     1
     1226     1
     1227     1
     1228     1
     1229     1
     1230     1
     1231     1
     1232     1
     1233     1
     1234     1
     1235     1
     1236     1
     1237     1
     1238     1
     1239     1
     1240     1
     1241     1
     1242     1
     1243     1
     1244     1
     1245     1
     1246     1
     1247     1
     1248     1
     1249     1
     1250     1
     1251     1
     1252     1
     1253     1
     1254     1
     1255     1
     1256     1
     1257     1
     1258     1
     1259     1
     1260     1
     1261     1
     1262     1
     1263     1
     1264     1
     1265     1
     1266     1
     1267     1
     1268     1
     1269     1
     1270     1
     1271     1
     1272     1
     1273     1
     1274     1
     1275     1
     1276     1
     1277     1
     1278     1
     1279     1
     1280     1
     1281     1
     1282     1
     1283     1
     1284     1
     1285     1
     1286     1
     1287     1
     1288     1
     1289     1
     1290     1
     1291     1
     1292     1
     1293     1
     1294     1
     1295     1
     1296     1
     1297     1
     1298     1
     1299     1
     1300     1
     1301     1
     1302     1
     1303     1
     1304     1
     1305     1
     1306     1
     1307     1
     1308     1
     1309     1
     1310     1
     1311     1
     1312     1
     1313     1
     1314     1
     1315     1
     1316     1
     1317     1
     1318     1
     1319     1
     1320     1
     1321     1
     1322     1
     1323     1
     1324     1
     1325     1
     1326     1
     1327     1
     1328     1
     1329     1
     1330     1
     1331     1
     1332     1
     1333     1
     1334     1
     1335     1
     1336     1
     1337     1
     1338     1
     1339     1
     1340     1
     1341     1
     1342     1
     1343     1
     1344     1
     1345     1
     1346     1
     1347     1
     1348     1
     1349     1
     1350     1
     1351     1
     1352     1
     1353     1
     1354     1
     1355     1
     1356     1
     1357     1
     1358     1
     1359     1
     1360     1
     1361     1
     1362     1
     1363     1
     1364     1
     1365     1
     1366     1
     1367     1
     1368     1
     1369     1
     1370     1
     1371     1
     1372     1
     1373     1
     1374     1
     1375     1
     1376     1
     1377     1
     1378     1
     1379     1
     1380     1
     1381     1
     1382     1
     1383     1
     1384     1
     1385     1
     1386     1
     1387     1
     1388     1
     1389     1
     1390     1
     1391     1
     1392     1
     1393     1
     1394     1
     1395     1
     1396     1
     1397     1
     1398     1
     1399     1
     1400     1
     1401     1
     1402     1
     1403     1
     1404     1
     1405     1
     1406     1
     1407     1
     1408     1
     1409     1
     1410     1
     1411     1
     1412     1
     1413     1
     1414     1
     1415     1
     1416     1
     1417     1
     1418     1
     1419     1
     1420     1
     1421     1
     1422     1
     1423     1
     1424     1
     1425     1
     1426     1
     1427     1
     1428     1
     1429     1
     1430     1
     1431     1
     1432     1
     1433     1
     1434     1
     1435     1
     1436     1
     1437     1
     1438     1
     1439     1
     1440     1
     1441     1
     1442     1
     1443     1
     1444     1
     1445     1
     1446     1
     1447     1
     1448     1
     1449     1
     1450     1
     1451     1
     1452     1
     1453     1
     1454     1
     1455     1
     1456     1
     1457     1
     1458     1
     1459     1
     1460     1
     1461     1
     1462     1
     1463     1
     1464     1
     1465     1
     1466     1
     1467     1
     1468     1
     1469     1
     1470     1
     1471     1
     1472     1
     1473     1
     1474     1
     1475     1
     1476     1
     1477     1
     1478     1
     1479     1
     1480     1
     1481     1
     1482     1
     1483     1
     1484     1
     1485     1
     1486     1
     1487     1
     1488     1
     1489     1
     1490     1
     1491     1
     1492     1
     1493     1
     1494     1
     1495     1
     1496     1
     1497     1
     1498     1
     1499     1
     1500     1
     1501     1
     1502     1
     1503     1
     1504     1
     1505     1
     1506     1
     1507     1
     1508     1
     1509     1
     1510     1
     1511     1
     1512     1
     1513     1
     1514     1
     1515     1
     1516     1
     1517     1
     1518     1
     1519     1
     1520     1
     1521     1
     1522     1
     1523     1
     1524     1
     1525     1
     1526     1
     1527     1
     1528     1
     1529     1
     1530     1
     1531     1
     1532     1
     1533     1
     1534     1
     1535     1
     1536     1
     1537     1
     1538     1
     1539     1
     1540     1
     1541     1
     1542     1
     1543     1
     1544     1
     1545     1
     1546     1
     1547     1
     1548     1
     1549     1
     1550     1
     1551     1
     1552     1
     1553     1
     1554     1
     1555     1
     1556     1
     1557     1
     1558     1
     1559     1
     1560     1
     1561     1
     1562     1
     1563     1
     1564     1
     1565     1
     1566     1
     1567     1
     1568     1
     1569     1
     1570     1
     1571     1
     1572     1
     1573     1
     1574     1
     1575     1
     1576     1
     1577     1
     1578     1
     1579     1
     1580     1
     1581     1
     1582     1
     1583     1
     1584     1
     1585     1
     1586     1
     1587     1
     1588     1
     1589     1
     1590     1
     1591     1
     1592     1
     1593     1
     1594     1
     1595     1
     1596     1
     1597     1
     1598     1
     1599     1
     1600     1
     1601     1
     1602     1
     1603     1
     1604     1
     1605     1
     1606     1
     1607     1
     1608     1
     1609     1
     1610     1
     1611     1
     1612     1
     1613     1
     1614     1
     1615     1
     1616     1
     1617     1
     1618     1
     1619     1
     1620     1
     1621     1
     1622     1
     1623     1
     1624     1
     1625     1
     1626     1
     1627     1
     1628     1
     1629     1
     1630     1
     1631     1
     1632     1
     1633     1
     1634     1
     1635     1
     1636     1
     1637     1
     1638     1
     1639     1
     1640     1
     1641     1
     1642     1
     1643     1
     1644     1
     1645     1
     1646     1
     1647     1
     1648     1
     1649     1
     1650     1
     1651     1
     1652     1
     1653     1
     1654     1
     1655     1
     1656     1
     1657     1
     1658     1
     1659     1
     1660     1
     1661     1
     1662     1
     1663     1
     1664     1
     1665     1
     1666     1
     1667     1
     1668     1
     1669     1
     1670     1
     1671     1
     1672     1
     1673     1
     1674     1
     1675     1
     1676     1
     1677     1
     1678     1
     1679     1
     1680     1
     1681     1
     1682     1
     1683     1
     1684     1
     1685     1
     1686     1
     1687     1
     1688     1
     1689     1
     1690     1
     1691     1
     1692     1
     1693     1
     1694     1
     1695     1
     1696     1
     1697     1
     1698     1
     1699     1
     1700     1
     1701     1
     1702     1
     1703     1
     1704     1
     1705     1
     1706     1
     1707     1
     1708     1
     1709     1
     1710     1
     1711     1
     1712     1
     1713     1
     1714     1
     1715     1
     1716     1
     1717     1
     1718     1
     1719     1
     1720     1
     1721     1
     1722     1
     1723     1
     1724     1
     1725     1
     1726     1
     1727     1
     1728     1
     1729     1
     1730     1
     1731     1
     1732     1
     1733     1
     1734     1
     1735     1
     1736     1
     1737     1
     1738     1
     1739     1
     1740     1
     1741     1
     1742     1
     1743     1
     1744     1
     1745     1
     1746     1
     1747     1
     1748     1
     1749     1
     1750     1
     1751     1
     1752     1
     1753     1
     1754     1
     1755     1
     1756     1
     1757     1
     1758     1
     1759     1
     1760     1
     1761     1
     1762     1
     1763     1
     1764     1
     1765     1
     1766     1
     1767     1
     1768     1
     1769     1
     1770     1
     1771     1
     1772     1
     1773     1
     1774     1
     1775     1
     1776     1
     1777     1
     1778     1
     1779     1
     1780     1
     1781     1
     1782     1
     1783     1
     1784     1
     1785     1
     1786     1
     1787     1
     1788     1
     1789     1
     1790     1
     1791     1
     1792     1
     1793     1
     1794     1
     1795     1
     1796     1
     1797     1
     1798     1
     1799     1
     1800     1
     1801     1
     1802     1
     1803     1
     1804     1
     1805     1
     1806     1
     1807     1
     1808     1
     1809     1
     1810     1
     1811     1
     1812     1
     1813     1
     1814     1
     1815     1
     1816     1
     1817     1
     1818     1
     1819     1
     1820     1
     1821     1
     1822     1
     1823     1
     1824     1
     1825     1
     1826     1
     1827     1
     1828     1
     1829     1
     1830     1
     1831     1
     1832     1
     1833     1
     1834     1
     1835     1
     1836     1
     1837     1
     1838     1
     1839     1
     1840     1
     1841     1
     1842     1
     1843     1
     1844     1
     1845     1
     1846     1
     1847     1
     1848     1
     1849     1
     1850     1
     1851     1
     1852     1
     1853     1
     1854     1
     1855     1
     1856     1
     1857     1
     1858     1
     1859     1
     1860     1
     1861     1
     1862     1
     1863     1
     1864     1
     1865     1
     1866     1
     1867     1
     1868     1
     1869     1
     1870     1
     1871     1
     1872     1
     1873     1
     1874     1
     1875     1
     1876     1
     1877     1
     1878     1
     1879     1
     1880     1
     1881     1
     1882     1
     1883     1
     1884     1
     1885     1
     1886     1
     1887     1
     1888     1
     1889     1
     1890     1
     1891     1
     1892     1
     1893     1
     1894     1
     1895     1
     1896     1
     1897     1
     1898     1
     1899     1
     1900     1
     1901     1
     1902     1
     1903     1
     1904     1
     1905     1
     1906     1
     1907     1
     1908     1
     1909     1
     1910     1
     1911     1
     1912     1
     1913     1
     1914     1
     1915     1
     1916     1
     1917     1
     1918     1
     1919     1
     1920     1
     1921     1
     1922     1
     1923     1
     1924     1
     1925     1
     1926     1
     1927     1
     1928     1
     1929     1
     1930     1
     1931     1
     1932     1
     1933     1
     1934     1
     1935     1
     1936     1
     1937     1
     1938     1
     1939     1
     1940     1
     1941     1
     1942     1
     1943     1
     1944     1
     1945     1
     1946     1
     1947     1
     1948     1
     1949     1
     1950     1
     1951     1
     1952     1
     1953     1
     1954     1
     1955     1
     1956     1
     1957     1
     1958     1
     1959     1
     1960     1
     1961     1
     1962     1
     1963     1
     1964     1
     1965     1
     1966     1
     1967     1
     1968     1
     1969     1
     1970     1
     1971     1
     1972     1
     1973     1
     1974     1
     1975     1
     1976     1
     1977     1
     1978     1
     1979     1
     1980     1
     1981     1
     1982     1
     1983     1
     1984     1
     1985     1
     1986     1
     1987     1
     1988     1
     1989     1
     1990     1
     1991     1
     1992     1
     1993     1
     1994     1
     1995     1
     1996     1
     1997     1
     1998     1
     1999     1
     2000     1
     2001     1
     2002     1
     2003     1
     2004     1
     2005     1
     2006     1
     2007     1
     2008     1
     2009     1
     2010     1
     2011     1
     2012     1
     2013     1
     2014     1
     2015     1
     2016     1
     2017     1
     2018     1
     2019     1
     2020     1
     2021     1
     2022     1
     2023     1
     2024     1
     2025     1
     2026     1
     2027     1
     2028     1
     2029     1
     2030     1
     2031     1
     2032     1
     2033     1
     2034     1
     2035     1
     2036     1
     2037     1
     2038     1
     2039     1
     2040     1
     2041     1
     2042     1
     2043     1
     2044     1
     2045     1
     2046     1
     2047     1
     2048     1
     2049     1
     2050     1
     2051     1
     2052     1
     2053     1
     2054     1
     2055     1
     2056     1
     2057     1
     2058     1
     2059     1
     2060     1
     2061     1
     2062     1
     2063     1
     2064     1
     2065     1
     2066     1
     2067     1
     2068     1
     2069     1
     2070     1
     2071     1
     2072     1
     2073     1
     2074     1
     2075     1
     2076     1
     2077     1
     2078     1
     2079     1
     2080     1
     2081     1
     2082     1
     2083     1
     2084     1
     2085     1
     2086     1
     2087     1
     2088     1
     2089     1
     2090     1
     2091     1
     2092     1
     2093     1
     2094     1
     2095     1
     2096     1
     2097     1
     2098     1
     2099     1
     2100     1
     2101     1
     2102     1
     2103     1
     2104     1
     2105     1
     2106     1
     2107     1
     2108     1
     2109     1
     2110     1
     2111     1
     2112     1
     2113     1
     2114     1
     2115     1
     2116     1
     2117     1
     2118     1
     2119     1
     2120     1
     2121     1
     2122     1
     2123     1
     2124     1
     2125     1
     2126     1
     2127     1
     2128     1
     2129     1
     2130     1
     2131     1
     2132     1
     2133     1
     2134     1
     2135     1
     2136     1
     2137     1
     2138     1
     2139     1
     2140     1
     2141     1
     2142     1
     2143     1
     2144     1
     2145     1
     2146     1
     2147     1
     2148     1
     2149     1
     2150     1
     2151     1
     2152     1
     2153     1
     2154     1
     2155     1
     2156     1
     2157     1
     2158     1
     2159     1
     2160     1
     2161     1
     2162     1
     2163     1
     2164     1
     2165     1
     2166     1
     2167     1
     2168     1
     2169     1
     2170     1
     2171     1
     2172     1
     2173     1
     2174     1
     2175     1
     2176     1
     2177     1
     2178     1
     2179     1
     2180     1
     2181     1
     2182     1
     2183     1
     2184     1
     2185     1
     2186     1
     2187     1
     2188     1
     2189     1
     2190     1
     2191     1
     2192     1
     2193     1
     2194     1
     2195     1
     2196     1
     2197     1
     2198     1
     2199     1
     2200     1
     2201     1
     2202     1
     2203     1
     2204     1
     2205     1
     2206     1
     2207     1
     2208     1
     2209     1
     2210     1
     2211     1
     2212     1
     2213     1
     2214     1
     2215     1
     2216     1
     2217     1
     2218     1
     2219     1
     2220     1
     2221     1
     2222     1
     2223     1
     2224     1
     2225     1
     2226     1
     2227     1
     2228     1
     2229     1
     2230     1
     2231     1
     2232     1
     2233     1
     2234     1
     2235     1
     2236     1
     2237     1
     2238     1
     2239     1
     2240     1
     2241     1
     2242     1
     2243     1
     2244     1
     2245     1
     2246     1
     2247     1
     2248     1
     2249     1
     2250     1
     2251     1
     2252     1
     2253     1
     2254     1
     2255     1
     2256     1
     2257     1
     2258     1
     2259     1
     2260     1
     2261     1
     2262     1
     2263     1
     2264     1
     2265     1
     2266     1
     2267     1
     2268     1
     2269     1
     2270     1
     2271     1
     2272     1
     2273     1
     2274     1
     2275     1
     2276     1
     2277     1
     2278     1
     2279     1
     2280     1
     2281     1
     2282     1
     2283     1
     2284     1
     2285     1
     2286     1
     2287     1
     2288     1
     2289     1
     2290     1
     2291     1
     2292     1
     2293     1
     2294     1
     2295     1
     2296     1
     2297     1
     2298     1
     2299     1
     2300     1
     2301     1
     2302     1
     2303     1
     2304     1
     2305     1
     2306     1
     2307     1
     2308     1
     2309     1
     2310     1
     2311     1
     2312     1
     2313     1
     2314     1
     2315     1
     2316     1
     2317     1
     2318     1
     2319     1
     2320     1
     2321     1
     2322     1
     2323     1
     2324     1
     2325     1
     2326     1
     2327     1
     2328     1
     2329     1
     2330     1
     2331     1
     2332     1
     2333     1
     2334     1
     2335     1
     2336     1
     2337     1
     2338     1
     2339     1
     2340     1
     2341     1
     2342     1
     2343     1
     2344     1
     2345     1
     2346     1
     2347     1
     2348     1
     2349     1
     2350     1
     2351     1
     2352     1
     2353     1
     2354     1
     2355     1
     2356     1
     2357     1
     2358     1
     2359     1
     2360     1
     2361     1
     2362     1
     2363     1
     2364     1
     2365     1
     2366     1
     2367     1
     2368     1
     2369     1
     2370     1
     2371     1
     2372     1
     2373     1
     2374     1
     2375     1
     2376     1
     2377     1
     2378     1
     2379     1
     2380     1
     2381     1
     2382     1
     2383     1
     2384     1
     2385     1
     2386     1
     2387     1
     2388     1
     2389     1
     2390     1
     2391     1
     2392     1
     2393     1
     2394     1
     2395     1
     2396     1
     2397     1
     2398     1
     2399     1
     2400     1
     2401     1
     2402     1
     2403     1
     2404     1
     2405     1
     2406     1
     2407     1
     2408     1
     2409     1
     2410     1
     2411     1
     2412     1
     2413     1
     2414     1
     2415     1
     2416     1
     2417     1
     2418     1
     2419     1
     2420     1
     2421     1
     2422     1
     2423     1
     2424     1
     2425     1
     2426     1
     2427     1
     2428     1
     2429     1
     2430     1
     2431     1
     2432     1
     2433     1
     2434     1
     2435     1
     2436     1
     2437     1
     2438     1
     2439     1
     2440     1
     2441     1
     2442     1
     2443     1
     2444     1
     2445     1
     2446     1
     2447     1
     2448     1
     2449     1
     2450     1
     2451     1
     2452     1
     2453     1
     2454     1
     2455     1
     2456     1
     2457     1
     2458     1
     2459     1
     2460     1
     2461     1
     2462     1
     2463     1
     2464     1
     2465     1
     2466     1
     2467     1
     2468     1
     2469     1
     2470     1
     2471     1
     2472     1
     2473     1
     2474     1
     2475     1
     2476     1
     2477     1
     2478     1
     2479     1
     2480     1
     2481     1
     2482     1
     2483     1
     2484     1
     2485     1
     2486     1
     2487     1
     2488     1
     2489     1
     2490     1
     2491     1
     2492     1
     2493     1
     2494     1
     2495     1
     2496     1
     2497     1
     2498     1
     2499     1
     2500     1
     2501     1
     2502     1
     2503     1
     2504     1
     2505     1
     2506     1
     2507     1
     2508     1
     2509     1
     2510     1
     2511     1
     2512     1
     2513     1
     2514     1
     2515     1
     2516     1
     2517     1
     2518     1
     2519     1
     2520     1
     2521     1
     2522     1
     2523     1
     2524     1
     2525     1
     2526     1
     2527     1
     2528     1
     2529     1
     2530     1
     2531     1
     2532     1
     2533     1
     2534     1
     2535     1
     2536     1
     2537     1
     2538     1
     2539     1
     2540     1
     2541     1
     2542     1
     2543     1
     2544     1
     2545     1
     2546     1
     2547     1
     2548     1
     2549     1
     2550     1
     2551     1
     2552     1
     2553     1
     2554     1
     2555     1
     2556     1
     2557     1
     2558     1
     2559     1
     2560     1
     2561     1
     2562     1
     2563     1
     2564     1
     2565     1
     2566     1
     2567     1
     2568     1
     2569     1
     2570     1
     2571     1
     2572     1
     2573     1
     2574     1
     2575     1
     2576     1
     2577     1
     2578     1
     2579     1
     2580     1
     2581     1
     2582     1
     2583     1
     2584     1
     2585     1
     2586     1
     2587     1
     2588     1
     2589     1
     2590     1
     2591     1
     2592     1
     2593     1
     2594     1
     2595     1
     2596     1
     2597     1
     2598     1
     2599     1
     2600     1
     2601     1
     2602     1
     2603     1
     2604     1
     2605     1
     2606     1
     2607     1
     2608     1
     2609     1
     2610     1
     2611     1
     2612     1
     2613     1
     2614     1
     2615     1
     2616     1
     2617     1
     2618     1
     2619     1
     2620     1
     2621     1
     2622     1
     2623     1
     2624     1
     2625     1
     2626     1
     2627     1
     2628     1
     2629     1
     2630     1
     2631     1
     2632     1
     2633     1
     2634     1
     2635     1
     2636     1
     2637     1
     2638     1
     2639     1
     2640     1
     2641     1
     2642     1
     2643     1
     2644     1
     2645     1
     2646     1
     2647     1
     2648     1
     2649     1
     2650     1
     2651     1
     2652     1
     2653     1
     2654     1
     2655     1
     2656     1
     2657     1
     2658     1
     2659     1
     2660     1
     2661     1
     2662     1
     2663     1
     2664     1
     2665     1
     2666     1
     2667     1
     2668     1
     2669     1
     2670     1
     2671     1
     2672     1
     2673     1
     2674     1
     2675     1
     2676     1
     2677     1
     2678     1
     2679     1
     2680     1
     2681     1
     2682     1
     2683     1
     2684     1
     2685     1
     2686     1
     2687     1
     2688     1
     2689     1
     2690     1
     2691     1
     2692     1
     2693     1
     2694     1
     2695     1
     2696     1
     2697     1
     2698     1
     2699     1
     2700     1
     2701     1
     2702     1
     2703     1
     2704     1
     2705     1
     2706     1
     2707     1
     2708     1
     2709     1
     2710     1
     2711     1
     2712     1
     2713     1
     2714     1
     2715     1
     2716     1
     2717     1
     2718     1
     2719     1
     2720     1
     2721     1
     2722     1
     2723     1
     2724     1
     2725     1
     2726     1
     2727     1
     2728     1
     2729     1
     2730     1
     2731     1
     2732     1
     2733     1
     2734     1
     2735     1
     2736     1
     2737     1
     2738     1
     2739     1
     2740     1
     2741     1
     2742     1
     2743     1
     2744     1
     2745     1
     2746     1
     2747     1
     2748     1
     2749     1
     2750     1
     2751     1
     2752     1
     2753     1
     2754     1
     2755     1
     2756     1
     2757     1
     2758     1
     2759     1
     2760     1
     2761     1
     2762     1
     2763     1
     2764     1
     2765     1
     2766     1
     2767     1
     2768     1
     2769     1
     2770     1
     2771     1
     2772     1
     2773     1
     2774     1
     2775     1
     2776     1
     2777     1
     2778     1
     2779     1
     2780     1
     2781     1
     2782     1
     2783     1
     2784     1
     2785     1
     2786     1
     2787     1
     2788     1
     2789     1
     2790     1
     2791     1
     2792     1
     2793     1
     2794     1
     2795     1
     2796     1
     2797     1
     2798     1
     2799     1
     2800     1
     2801     1
     2802     1
     2803     1
     2804     1
     2805     1
     2806     1
     2807     1
     2808     1
     2809     1
     2810     1
     2811     1
     2812     1
     2813     1
     2814     1
     2815     1
     2816     1
     2817     1
     2818     1
     2819     1
     2820     1
     2821     1
     2822     1
     2823     1
     2824     1
     2825     1
     2826     1
     2827     1
     2828     1
     2829     1
     2830     1
     2831     1
     2832     1
     2833     1
     2834     1
     2835     1
     2836     1
     2837     1
     2838     1
     2839     1
     2840     1
     2841     1
     2842     1
     2843     1
     2844     1
     2845     1
     2846     1
     2847     1
     2848     1
     2849     1
     2850     1
     2851     1
     2852     1
     2853     1
     2854     1
     2855     1
     2856     1
     2857     1
     2858     1
     2859     1
     2860     1
     2861     1
     2862     1
     2863     2
     2864     2
     2865     2
     2866     2
     2867     2
     2868     2
     2869     2
     2870     2
     2871     2
     2872     2
     2873     2
     2874     2
     2875     2
     2876     2
     2877     2
     2878     2
     2879     2
     2880     2
     2881     2
     2882     2
     2883     2
     2884     2
     2885     2
     2886     2
     2887     2
     2888     2
     2889     2
     2890     2
     2891     2
     2892     2
     2893     2
     2894     2
     2895     2
     2896     2
     2897     2
     2898     2
     2899     2
     2900     2
     2901     2
     2902     2
     2903     2
     2904     2
     2905     2
     2906     2
     2907     2
     2908     2
     2909     2
     2910     2
     2911     2
     2912     2
     2913     2
     2914     2
     2915     2
     2916     2
     2917     2
     2918     2
     2919     2
     2920     2
     2921     2
     2922     2
     2923     2
     2924     2
     2925     2
     2926     2
     2927     2
     2928     2
     2929     2
     2930     2
     2931     2
     2932     2
     2933     2
     2934     2
     2935     2
     2936     2
     2937     2
     2938     2
     2939     2
     2940     2
     2941     2
     2942     2
     2943     2
     2944     2
     2945     2
     2946     2
     2947     2
     2948     2
     2949     2
     2950     2
     2951     2
     2952     2
     2953     2
     2954     2
     2955     2
     2956     2
     2957     2
     2958     2
     2959     2
     2960     2
     2961     2
     2962     2
     2963     2
     2964     2
     2965     2
     2966     2
     2967     2
     2968     2
     2969     2
     2970     2
     2971     2
     2972     2
     2973     2
     2974     2
     2975     2
     2976     2
     2977     2
     2978     2
     2979     2
     2980     2
     2981     2
     2982     2
     2983     2
     2984     2
     2985     2
     2986     2
     2987     2
     2988     2
     2989     2
     2990     2
     2991     2
     2992     2
     2993     2
     2994     2
     2995     2
     2996     2
     2997     2
     2998     2
     2999     2
     3000     2
     3001     2
     3002     2
     3003     2
     3004     2
     3005     2
     3006     2
     3007     2
     3008     2
     3009     2
     3010     2
     3011     2
     3012     2
     3013     2
     3014     2
     3015     2
     3016     2
     3017     2
     3018     2
     3019     2
     3020     2
     3021     2
     3022     2
     3023     2
     3024     2
     3025     2
     3026     2
     3027     2
     3028     2
     3029     2
     3030     2
     3031     2
     3032     2
     3033     2
     3034     2
     3035     2
     3036     2
     3037     2
     3038     2
     3039     2
     3040     2
     3041     2
     3042     2
     3043     2
     3044     2
     3045     2
     3046     2
     3047     2
     3048     2
     3049     2
     3050     2
     3051     2
     3052     2
     3053     2
     3054     2
     3055     2
     3056     2
     3057     2
     3058     2
     3059     2
     3060     2
     3061     2
     3062     2
     3063     2
     3064     2
     3065     2
     3066     2
     3067     2
     3068     2
     3069     2
     3070     2
     3071     2
     3072     2
     3073     2
     3074     2
     3075     2
     3076     2
     3077     2
     3078     2
     3079     2
     3080     2
     3081     2
     3082     2
     3083     2
     3084     2
     3085     2
     3086     2
     3087     2
     3088     2
     3089     2
     3090     2
     3091     2
     3092     2
     3093     2
     3094     2
     3095     2
     3096     2
     3097     2
     3098     2
     3099     2
     3100     2
     3101     2
     3102     2
     3103     2
     3104     2
     3105     2
     3106     2
     3107     2
     3108     2
     3109     2
     3110     2
     3111     2
     3112     2
     3113     2
     3114     2
     3115     2
     3116     2
     3117     2
     3118     2
     3119     2
     3120     2
     3121     2
     3122     2
     3123     2
     3124     2
     3125     2
     3126     2
     3127     2
     3128     2
     3129     2
     3130     2
     3131     2
     3132     2
     3133     2
     3134     2
     3135     2
     3136     2
     3137     2
     3138     2
     3139     2
     3140     2
     3141     2
     3142     2
     3143     2
     3144     2
     3145     2
     3146     2
     3147     2
     3148     2
     3149     2
     3150     2
     3151     2
     3152     2
     3153     2
     3154     2
     3155     2
     3156     2
     3157     2
     3158     2
     3159     2
     3160     2
     3161     2
     3162     2
     3163     2
     3164     2
     3165     2
     3166     2
     3167     2
     3168     2
     3169     2
     3170     2
     3171     2
     3172     2
     3173     2
     3174     2
     3175     2
     3176     2
     3177     2
     3178     2
     3179     2
     3180     2
     3181     2
     3182     2
     3183     2
     3184     2
     3185     2
     3186     2
     3187     2
     3188     2
     3189     2
     3190     2
     3191     2
     3192     2
     3193     2
     3194     2
     3195     2
     3196     2
     3197     2
     3198     2
     3199     2
     3200     2
     3201     2
     3202     2
     3203     2
     3204     2
     3205     2
     3206     2
     3207     2
     3208     2
     3209     2
     3210     2
     3211     2
     3212     2
     3213     2
     3214     2
     3215     2
     3216     2
     3217     2
     3218     2
     3219     2
     3220     2
     3221     2
     3222     2
     3223     2
     3224     2
     3225     2
     3226     2
     3227     2
     3228     2
     3229     2
     3230     2
     3231     2
     3232     2
     3233     2
     3234     2
     3235     2
     3236     2
     3237     2
     3238     2
     3239     2
     3240     2
     3241     2
     3242     2
     3243     2
     3244     2
     3245     2
     3246     2
     3247     2
     3248     2
     3249     2
     3250     2
     3251     2
     3252     2
     3253     2
     3254     2
     3255     2
     3256     2
     3257     2
     3258     2
     3259     2
     3260     2
     3261     2
     3262     2
     3263     2
     3264     2
     3265     2
     3266     2
     3267     2
     3268     2
     3269     2
     3270     2
     3271     2
     3272     2
     3273     2
     3274     2
     3275     2
     3276     2
     3277     2
     3278     2
     3279     2
     3280     2
     3281     2
     3282     2
     3283     2
     3284     2
     3285     2
     3286     2
     3287     2
     3288     2
     3289     2
     3290     2
     3291     2
     3292     2
     3293     2
     3294     2
     3295     2
     3296     2
     3297     2
     3298     2
     3299     2
     3300     2
     3301     2
     3302     2
     3303     2
     3304     2
     3305     2
     3306     2
     3307     2
     3308     2
     3309     2
     3310     2
     3311     2
     3312     2
     3313     2
     3314     2
     3315     2
     3316     2
     3317     2
     3318     2
     3319     2
     3320     2
     3321     2
     3322     2
     3323     2
     3324     2
     3325     2
     3326     2
     3327     2
     3328     2
     3329     2
     3330     2
     3331     2
     3332     2
     3333     2
     3334     2
     3335     2
     3336     2
     3337     2
     3338     2
     3339     2
     3340     2
     3341     2
     3342     2
     3343     2
     3344     2
     3345     2
     3346     2
     3347     2
     3348     2
     3349     2
     3350     2
     3351     2
     3352     2
     3353     2
     3354     2
     3355     2
     3356     2
     3357     2
     3358     2
     3359     2
     3360     2
     3361     2
     3362     2
     3363     2
     3364     2
     3365     2
     3366     2
     3367     2
     3368     2
     3369     2
     3370     2
     3371     2
     3372     2
     3373     2
     3374     2
     3375     2
     3376     2
     3377     2
     3378     2
     3379     2
     3380     2
     3381     2
     3382     2
     3383     2
     3384     2
     3385     2
     3386     2
     3387     2
     3388     2
     3389     2
     3390     2
     3391     2
     3392     2
     3393     2
     3394     2
     3395     2
     3396     2
     3397     2
     3398     2
     3399     2
     3400     2
     3401     2
     3402     2
     3403     2
     3404     2
     3405     2
     3406     2
     3407     2
     3408     2
     3409     2
     3410     2
     3411     2
     3412     2
     3413     2
     3414     2
     3415     2
     3416     2
     3417     2
     3418     2
     3419     2
     3420     2
     3421     2
     3422     2
     3423     2
     3424     2
     3425     2
     3426     2
     3427     2
     3428     2
     3429     2
     3430     2
     3431     2
     3432     2
     3433     2
     3434     2
     3435     2
     3436     2
     3437     2
     3438     2
     3439     2
     3440     2
     3441     2
     3442     2
     3443     2
     3444     2
     3445     2
     3446     2
     3447     2
     3448     2
     3449     2
     3450     2
     3451     2
     3452     2
     3453     2
     3454     2
     3455     2
     3456     2
     3457     2
     3458     2
     3459     2
     3460     2
     3461     2
     3462     2
     3463     2
     3464     2
     3465     2
     3466     2
     3467     2
     3468     2
     3469     2
     3470     2
     3471     2
     3472     2
     3473     2
     3474     2
     3475     2
     3476     2
     3477     2
     3478     2
     3479     2
     3480     2
     3481     2
     3482     2
     3483     2
     3484     2
     3485     2
     3486     2
     3487     2
     3488     2
     3489     2
     3490     2
     3491     2
     3492     2
     3493     2
     3494     2
     3495     2
     3496     2
     3497     2
     3498     2
     3499     2
     3500     2
     3501     2
     3502     2
     3503     2
     3504     2
     3505     2
     3506     2
     3507     2
     3508     2
     3509     2
     3510     2
     3511     2
     3512     2
     3513     2
     3514     2
     3515     2
     3516     2
     3517     2
     3518     2
     3519     2
     3520     2
     3521     2
     3522     2
     3523     2
     3524     2
     3525     2
     3526     2
     3527     2
     3528     2
     3529     2
     3530     2
     3531     2
     3532     2
     3533     2
     3534     2
     3535     2
     3536     2
     3537     2
     3538     2
     3539     2
     3540     2
     3541     2
     3542     2
     3543     2
     3544     2
     3545     2
     3546     2
     3547     2
     3548     2
     3549     2
     3550     2
     3551     2
     3552     2
     3553     2
     3554     2
     3555     2
     3556     2
     3557     2
     3558     2
     3559     2
     3560     2
     3561     2
     3562     2
     3563     2
     3564     2
     3565     2
     3566     2
     3567     2
     3568     2
     3569     2
     3570     2
     3571     2
     3572     2
     3573     2
     3574     2
     3575     2
     3576     2
     3577     2
     3578     2
     3579     2
     3580     2
     3581     2
     3582     2
     3583     2
     3584     2
     3585     2
     3586     2
     3587     2
     3588     2
     3589     2
     3590     2
     3591     2
     3592     2
     3593     2
     3594     2
     3595     2
     3596     2
     3597     2
     3598     2
     3599     2
     3600     2
     3601     2
     3602     2
     3603     2
     3604     2
     3605     2
     3606     2
     3607     2
     3608     2
     3609     2
     3610     2
     3611     2
     3612     2
     3613     2
     3614     2
     3615     2
     3616     2
     3617     2
     3618     2
     3619     2
     3620     2
     3621     2
     3622     2
     3623     2
     3624     2
     3625     2
     3626     2
     3627     2
     3628     2
     3629     2
     3630     2
     3631     2
     3632     2
     3633     2
     3634     2
     3635     2
     3636     2
     3637     2
     3638     2
     3639     2
     3640     2
     3641     2
     3642     2
     3643     2
     3644     2
     3645     2
     3646     2
     3647     2
     3648     2
     3649     2
     3650     2
     3651     2
     3652     2
     3653     2
     3654     2
     3655     2
     3656     2
     3657     2
     3658     2
     3659     2
     3660     2
     3661     2
     3662     2
     3663     2
     3664     2
     3665     2
     3666     2
     3667     2
     3668     2
     3669     2
     3670     2
     3671     2
     3672     2
     3673     2
     3674     2
     3675     2
     3676     2
     3677     2
     3678     2
     3679     2
     3680     2
     3681     2
     3682     2
     3683     2
     3684     2
     3685     2
     3686     2
     3687     2
     3688     2
     3689     2
     3690     2
     3691     2
     3692     2
     3693     2
     3694     2
     3695     2
     3696     2
     3697     2
     3698     2
     3699     2
     3700     2
     3701     2
     3702     2
     3703     2
     3704     2
     3705     2
     3706     2
     3707     2
     3708     2
     3709     2
     3710     2
     3711     2
     3712     2
     3713     2
     3714     2
     3715     2
     3716     2
     3717     2
     3718     2
     3719     2
     3720     2
     3721     2
     3722     2
     3723     2
     3724     2
     3725     2
     3726     2
     3727     2
     3728     2
     3729     2
     3730     2
     3731     2
     3732     2
     3733     2
     3734     2
     3735     2
     3736     2
     3737     2
     3738     2
     3739     2
     3740     2
     3741     2
     3742     2
     3743     2
     3744     2
     3745     2
     3746     2
     3747     2
     3748     2
     3749     2
     3750     2
     3751     2
     3752     2
     3753     2
     3754     2
     3755     2
     3756     2
     3757     2
     3758     2
     3759     2
     3760     2
     3761     2
     3762     2
     3763     2
     3764     2
     3765     2
     3766     2
     3767     2
     3768     2
     3769     2
     3770     2
     3771     2
     3772     2
     3773     2
     3774     2
     3775     2
     3776     2
     3777     2
     3778     2
     3779     2
     3780     2
     3781     2
     3782     2
     3783     2
     3784     2
     3785     2
     3786     2
     3787     2
     3788     2
     3789     2
     3790     2
     3791     2
     3792     2
     3793     2
     3794     2
     3795     2
     3796     2
     3797     2
     3798     2
     3799     2
     3800     2
     3801     2
     3802     2
     3803     2
     3804     2
     3805     2
     3806     2
     3807     2
     3808     2
     3809     2
     3810     2
     3811     2
     3812     2
     3813     2
     3814     2
     3815     2
     3816     2
     3817     2
     3818     2
     3819     2
     3820     2
     3821     2
     3822     2
     3823     2
     3824     2
     3825     2
     3826     2
     3827     2
     3828     2
     3829     2
     3830     2
     3831     2
     3832     2
     3833     2
     3834     2
     3835     2
     3836     2
     3837     2
     3838     2
     3839     2
     3840     2
     3841     2
     3842     2
     3843     2
     3844     2
     3845     2
     3846     2
     3847     2
     3848     2
     3849     2
     3850     2
     3851     2
     3852     2
     3853     2
     3854     2
     3855     2
     3856     2
     3857     2
     3858     2
     3859     2
     3860     2
     3861     2
     3862     2
     3863     2
     3864     2
     3865     2
     3866     2
     3867     2
     3868     2
     3869     2
     3870     2
     3871     2
     3872     2
     3873     2
     3874     2
     3875     2
     3876     2
     3877     2
     3878     2
     3879     2
     3880     2
     3881     2
     3882     2
     3883     2
     3884     2
     3885     2
     3886     2
     3887     2
     3888     2
     3889     2
     3890     2
     3891     2
     3892     2
     3893     2
     3894     2
     3895     2
     3896     2
     3897     2
     3898     2
     3899     2
     3900     2
     3901     2
     3902     2
     3903     2
     3904     2
     3905     2
     3906     2
     3907     2
     3908     2
     3909     2
     3910     2
     3911     2
     3912     2
     3913     2
     3914     2
     3915     2
     3916     2
     3917     2
     3918     2
     3919     2
     3920     2
     3921     2
     3922     2
     3923     2
     3924     2
     3925     2
     3926     2
     3927     2
     3928     2
     3929     2
     3930     2
     3931     2
     3932     2
     3933     2
     3934     2
     3935     2
     3936     2
     3937     2
     3938     2
     3939     2
     3940     2
     3941     2
     3942     2
     3943     2
     3944     2
     3945     2
     3946     2
     3947     2
     3948     2
     3949     2
     3950     2
     3951     2
     3952     2
     3953     2
     3954     2
     3955     2
     3956     2
     3957     2
     3958     2
     3959     2
     3960     2
     3961     2
     3962     2
     3963     2
     3964     2
     3965     2
     3966     2
     3967     2
     3968     2
     3969     2
     3970     2
     3971     2
     3972     2
     3973     2
     3974     2
     3975     2
     3976     2
     3977     2
     3978     2
     3979     2
     3980     2
     3981     2
     3982     2
     3983     2
     3984     2
     3985     2
     3986     2
     3987     2
     3988     2
     3989     2
     3990     2
     3991     2
     3992     2
     3993     2
     3994     2
     3995     2
     3996     2
     3997     2
     3998     2
     3999     2
     4000     2
     4001     2
     4002     2
     4003     2
     4004     2
     4005     2
     4006     2
     4007     2
     4008     2
     4009     2
     4010     2
     4011     2
     4012     2
     4013     2
     4014     2
     4015     2
     4016     2
     4017     2
     4018     2
     4019     2
     4020     2
     4021     2
     4022     2
     4023     2
     4024     2
     4025     2
     4026     2
     4027     2
     4028     2
     4029     2
     4030     2
     4031     2
     4032     2
     4033     2
     4034     2
     4035     2
     4036     2
     4037     2
     4038     2
     4039     2
     4040     2
     4041     2
     4042     2
     4043     2
     4044     2
     4045     2
     4046     2
     4047     2
     4048     2
     4049     2
     4050     2
     4051     2
     4052     2
     4053     2
     4054     2
     4055     2
     4056     2
     4057     2
     4058     2
     4059     2
     4060     2
     4061     2
     4062     2
     4063     2
     4064     2
     4065     2
     4066     2
     4067     2
     4068     2
     4069     2
     4070     2
     4071     2
     4072     2
     4073     2
     4074     2
     4075     2
     4076     2
     4077     2
     4078     2
     4079     2
     4080     2
     4081     2
     4082     2
     4083     2
     4084     2
     4085     2
     4086     2
     4087     2
     4088     2
     4089     2
     4090     2
     4091     2
     4092     2
     4093     2
     4094     2
     4095     2
     4096     2
     4097     2
     4098     2
     4099     2
     4100     2
     4101     2
     4102     2
     4103     2
     4104     2
     4105     2
     4106     2
     4107     2
     4108     2
     4109     2
     4110     2
     4111     2
     4112     2
     4113     2
     4114     2
     4115     2
     4116     2
     4117     2
     4118     2
     4119     2
     4120     2
     4121     2
     4122     2
     4123     2
     4124     2
     4125     2
     4126     2
     4127     2
     4128     2
     4129     2
     4130     2
     4131     2
     4132     2
     4133     2
     4134     2
     4135     2
     4136     2
     4137     2
     4138     2
     4139     2
     4140     2
     4141     2
     4142     2
     4143     2
     4144     2
     4145     2
     4146     2
     4147     2
     4148     2
     4149     2
     4150     2
     4151     2
     4152     2
     4153     2
     4154     2
     4155     2
     4156     2
     4157     2
     4158     2
     4159     2
     4160     2
     4161     2
     4162     2
     4163     2
     4164     2
     4165     2
     4166     2
     4167     2
     4168     2
     4169     2
     4170     2
     4171     2
     4172     2
     4173     2
     4174     2
     4175     2
     4176     2
     4177     2
     4178     2
     4179     2
     4180     2
     4181     2
     4182     2
     4183     2
     4184     2
     4185     2
     4186     2
     4187     2
     4188     2
     4189     2
     4190     2
     4191     2
     4192     2
     4193     2
     4194     2
     4195     2
     4196     2
     4197     2
     4198     2
     4199     2
     4200     2
     4201     2
     4202     2
     4203     2
     4204     2
     4205     2
     4206     2
     4207     2
     4208     2
     4209     2
     4210     2
     4211     2
     4212     2
     4213     2
     4214     2
     4215     2
     4216     2
     4217     2
     4218     2
     4219     2
     4220     2
     4221     2
     4222     2
     4223     2
     4224     2
     4225     2
     4226     2
     4227     2
     4228     2
     4229     2
     4230     2
     4231     2
     4232     2
     4233     2
     4234     2
     4235     2
     4236     2
     4237     2
     4238     2
     4239     2
     4240     2
     4241     2
     4242     2
     4243     2
     4244     2
     4245     2
     4246     2
     4247     2
     4248     2
     4249     2
     4250     2
     4251     2
     4252     2
     4253     2
     4254     2
     4255     2
     4256     2
     4257     2
     4258     2
     4259     2
     4260     2
     4261     2
     4262     2
     4263     2
     4264     2
     4265     2
     4266     2
     4267     2
     4268     2
     4269     2
     4270     2
     4271     2
     4272     2
     4273     2
     4274     2
     4275     2
     4276     2
     4277     2
     4278     2
     4279     2
     4280     2
     4281     2
     4282     2
     4283     2
     4284     2
     4285     2
     4286     2
     4287     2
     4288     2
     4289     2
     4290     2
     4291     2
     4292     2
     4293     2
     4294     2
     4295     2
     4296     2
     4297     2
     4298     2
     4299     2
     4300     2
     4301     2
     4302     2
     4303     2
     4304     2
     4305     2
     4306     2
     4307     2
     4308     2
     4309     2
     4310     2
     4311     2
     4312     2
     4313     2
     4314     2
     4315     2
     4316     2
     4317     2
     4318     2
     4319     2
     4320     2
     4321     2
     4322     2
     4323     2
     4324     2
     4325     2
     4326     2
     4327     2
     4328     2
     4329     2
     4330     2
     4331     2
     4332     2
     4333     2
     4334     2
     4335     2
     4336     2
     4337     2
     4338     2
     4339     2
     4340     2
     4341     2
     4342     2
     4343     2
     4344     2
     4345     2
     4346     2
     4347     2
     4348     2
     4349     2
     4350     2
     4351     2
     4352     2
     4353     2
     4354     2
     4355     2
     4356     2
     4357     2
     4358     2
     4359     2
     4360     2
     4361     2
     4362     2
     4363     2
     4364     2
     4365     2
     4366     2
     4367     2
     4368     2
     4369     2
     4370     2
     4371     2
     4372     2
     4373     2
     4374     2
     4375     2
     4376     2
     4377     2
     4378     2
     4379     2
     4380     2
     4381     2
     4382     2
     4383     2
     4384     2
     4385     2
     4386     2
     4387     2
     4388     2
     4389     2
     4390     2
     4391     2
     4392     2
     4393     2
     4394     2
     4395     2
     4396     2
     4397     2
     4398     2
     4399     2
     4400     2
     4401     2
     4402     2
     4403     2
     4404     2
     4405     2
     4406     2
     4407     2
     4408     2
     4409     2
     4410     2
     4411     2
     4412     2
     4413     2
     4414     2
     4415     2
     4416     2
     4417     2
     4418     2
     4419     2
     4420     2
     4421     2
     4422     2
     4423     2
     4424     2
     4425     2
     4426     2
     4427     2
     4428     2
     4429     2
     4430     2
     4431     2
     4432     2
     4433     2
     4434     2
     4435     2
     4436     2
     4437     2
     4438     2
     4439     2
     4440     2
     4441     2
     4442     2
     4443     2
     4444     2
     4445     2
     4446     2
     4447     2
     4448     2
     4449     2
     4450     2
     4451     2
     4452     2
     4453     2
     4454     2
     4455     2
     4456     2
     4457     2
     4458     2
     4459     2
     4460     2
     4461     2
     4462     2
     4463     2
     4464     2
     4465     2
     4466     2
     4467     2
     4468     2
     4469     2
     4470     2
     4471     2
     4472     2
     4473     2
     4474     2
     4475     2
     4476     2
     4477     2
     4478     2
     4479     2
     4480     2
     4481     2
     4482     2
     4483     2
     4484     2
     4485     2
     4486     2
     4487     2
     4488     2
     4489     2
     4490     2
     4491     2
     4492     2
     4493     2
     4494     2
     4495     2
     4496     2
     4497     2
     4498     2
     4499     2
     4500     2
     4501     2
     4502     2
     4503     2
     4504     2
     4505     2
     4506     2
     4507     2
     4508     2
     4509     2
     4510     2
     4511     2
     4512     2
     4513     2
     4514     2
     4515     2
     4516     2
     4517     2
     4518     2
     4519     2
     4520     2
     4521     2
     4522     2
     4523     2
     4524     2
     4525     2
     4526     2
     4527     2
     4528     2
     4529     2
     4530     2
     4531     2
     4532     2
     4533     2
     4534     2
     4535     2
     4536     2
     4537     2
     4538     2
     4539     2
     4540     2
     4541     2
     4542     2
     4543     2
     4544     2
     4545     2
     4546     2
     4547     2
     4548     2
     4549     2
     4550     2
     4551     2
     4552     2
     4553     2
     4554     2
     4555     2
     4556     2
     4557     2
     4558     2
     4559     2
     4560     2
     4561     2
     4562     2
     4563     2
     4564     2
     4565     2
     4566     2
     4567     2
     4568     2
     4569     2
     4570     2
     4571     2
     4572     2
     4573     2
     4574     2
     4575     2
     4576     2
     4577     2
     4578     2
     4579     2
     4580     2
     4581     2
     4582     2
     4583     2
     4584     2
     4585     2
     4586     2
     4587     2
     4588     2
     4589     2
     4590     2
     4591     2
     4592     2
     4593     2
     4594     2
     4595     2
     4596     2
     4597     2
     4598     2
     4599     2
     4600     2
     4601     2
     4602     2
     4603     2
     4604     2
     4605     2
     4606     2
     4607     2
     4608     2
     4609     2
     4610     2
     4611     2
     4612     2
     4613     2
     4614     2
     4615     2
     4616     2
     4617     2
     4618     2
     4619     2
     4620     2
     4621     2
     4622     2
     4623     2
     4624     2
     4625     2
     4626     2
     4627     2
     4628     2
     4629     2
     4630     2
     4631     2
     4632     2
     4633     2
     4634     2
     4635     2
     4636     2
     4637     2
     4638     2
     4639     2
     4640     2
     4641     2
     4642     2
     4643     2
     4644     2
     4645     2
     4646     2
     4647     2
     4648     2
     4649     2
     4650     2
     4651     2
     4652     2
     4653     2
     4654     2
     4655     2
     4656     2
     4657     2
     4658     2
     4659     2
     4660     2
     4661     2
     4662     2
     4663     2
     4664     2
     4665     2
     4666     2
     4667     2
     4668     2
     4669     2
     4670     2
     4671     2
     4672     2
     4673     2
     4674     2
     4675     2
     4676     2
     4677     2
     4678     2
     4679     2
     4680     2
     4681     2
     4682     2
     4683     2
     4684     2
     4685     2
     4686     2
     4687     2
     4688     2
     4689     2
     4690     2
     4691     2
     4692     2
     4693     2
     4694     2
     4695     2
     4696     2
     4697     2
     4698     2
     4699     2
     4700     2
     4701     2
     4702     2
     4703     2
     4704     2
     4705     2
     4706     2
     4707     2
     4708     2
     4709     2
     4710     2
     4711     2
     4712     2
     4713     2
     4714     2
     4715     2
     4716     2
     4717     2
     4718     2
     4719     2
     4720     2
     4721     2
     4722     2
     4723     2
     4724     2
     4725     2
     4726     2
     4727     2
     4728     2
     4729     2
     4730     2
     4731     2
     4732     2
     4733     2
     4734     2
     4735     2
     4736     2
     4737     2
     4738     2
     4739     2
     4740     2
     4741     2
     4742     2
     4743     2
     4744     2
     4745     2
     4746     2
     4747     2
     4748     2
     4749     2
     4750     2
     4751     2
     4752     2
     4753     2
     4754     2
     4755     2
     4756     2
     4757     2
     4758     2
     4759     2
     4760     2
     4761     2
     4762     2
     4763     2
     4764     2
     4765     2
     4766     2
     4767     2
     4768     2
     4769     2
     4770     2
     4771     2
     4772     2
     4773     2
     4774     2
     4775     2
     4776     2
     4777     2
     4778     2
     4779     2
     4780     2
     4781     2
     4782     2
     4783     2
     4784     2
     4785     2
     4786     2
     4787     2
     4788     2
     4789     2
     4790     2
     4791     2
     4792     2
     4793     2
     4794     2
     4795     2
     4796     2
     4797     2
     4798     2
     4799     2
     4800     2
     4801     2
     4802     2
     4803     3
     4804     3
     4805     3
     4806     3
     4807     3
     4808     3
     4809     3
     4810     3
     4811     3
     4812     3
     4813     3
     4814     3
     4815     3
     4816     3
     4817     3
     4818     3
     4819     3
     4820     3
     4821     3
     4822     3
     4823     3
     4824     3
     4825     3
     4826     3
     4827     3
     4828     3
     4829     3
     4830     3
     4831     3
     4832     3
     4833     3
     4834     3
     4835     3
     4836     3
     4837     3
     4838     3
     4839     3
     4840     3
     4841     3
     4842     3
     4843     3
     4844     3
     4845     3
     4846     3
     4847     3
     4848     3
     4849     3
     4850     3
     4851     3
     4852     3
     4853     3
     4854     3
     4855     3
     4856     3
     4857     3
     4858     3
     4859     3
     4860     3
     4861     3
     4862     3
     4863     3
     4864     3
     4865     3
     4866     3
     4867     3
     4868     3
     4869     3
     4870     3
     4871     3
     4872     3
     4873     3
     4874     3
     4875     3
     4876     3
     4877     3
     4878     3
     4879     3
     4880     3
     4881     3
     4882     3
     4883     3
     4884     3
     4885     3
     4886     3
     4887     3
     4888     3
     4889     3
     4890     3
     4891     3
     4892     3
     4893     3
     4894     3
     4895     3
     4896     3
     4897     3
     4898     3
     4899     3
     4900     3
     4901     3
     4902     3
     4903     3
     4904     3
     4905     3
     4906     3
     4907     3
     4908     3
     4909     3
     4910     3
     4911     3
     4912     3
     4913     3
     4914     3
     4915     3
     4916     3
     4917     3
     4918     3
     4919     3
     4920     3
     4921     3
     4922     3
     4923     3
     4924     3
     4925     3
     4926     3
     4927     3
     4928     3
     4929     3
     4930     3
     4931     3
     4932     3
     4933     3
     4934     3
     4935     3
     4936     3
     4937     3
     4938     3
     4939     3
     4940     3
     4941     3
     4942     3
     4943     3
     4944     3
     4945     3
     4946     3
     4947     3
     4948     3
     4949     3
     4950     3
     4951     3
     4952     3
     4953     3
     4954     3
     4955     3
     4956     3
     4957     3
     4958     3
     4959     3
     4960     3
     4961     3
     4962     3
     4963     3
     4964     3
     4965     3
     4966     3
     4967     3
     4968     3
     4969     3
     4970     3
     4971     3
     4972     3
     4973     3
     4974     3
     4975     3
     4976     3
     4977     3
     4978     3
     4979     3
     4980     3
     4981     3
     4982     3
     4983     3
     4984     3
     4985     3
     4986     3
     4987     3
     4988     3
     4989     3
     4990     3
     4991     3
     4992     3
     4993     3
     4994     3
     4995     3
     4996     3
     4997     3
     4998     3
     4999     3
     5000     3
     5001     3
     5002     3
     5003     3
     5004     3
     5005     3
     5006     3
     5007     3
     5008     3
     5009     3
     5010     3
     5011     3
     5012     3
     5013     3
     5014     3
     5015     3
     5016     3
     5017     3
     5018     3
     5019     3
     5020     3
     5021     3
     5022     3
     5023     3
     5024     3
     5025     3
     5026     3
     5027     3
     5028     3
     5029     3
     5030     3
     5031     3
     5032     3
     5033     3
     5034     3
     5035     3
     5036     3
     5037     3
     5038     3
     5039     3
     5040     3
     5041     3
     5042     3
     5043     3
     5044     3
     5045     3
     5046     3
     5047     3
     5048     3
     5049     3
     5050     3
     5051     3
     5052     3
     5053     3
     5054     3
     5055     3
     5056     3
     5057     3
     5058     3
     5059     3
     5060     3
     5061     3
     5062     3
     5063     3
     5064     3
     5065     3
     5066     3
     5067     3
     5068     3
     5069     3
     5070     3
     5071     3
     5072     3
     5073     3
     5074     3
     5075     3
     5076     3
     5077     3
     5078     3
     5079     3
     5080     3
     5081     3
     5082     3
     5083     3
     5084     3
     5085     4
     5086     4
     5087     4
     5088     4
     5089     4
     5090     4
     5091     4
     5092     4
     5093     4
     5094     4
     5095     4
     5096     4
     5097     4
     5098     4
     5099     4
     5100     4
     5101     4
     5102     4
     5103     4
     5104     4
     5105     4
     5106     4
     5107     4
     5108     4
     5109     4
     5110     4
     5111     4
     5112     4
     5113     4
     5114     4
     5115     4
     5116     4
     5117     4
     5118     4
     5119     4
     5120     4
     5121     4
     5122     4
     5123     4
     5124     4
     5125     4
     5126     4
     5127     4
     5128     4
     5129     4
     5130     4
     5131     4
     5132     4
     5133     4
     5134     4
     5135     4
     5136     4
     5137     4
     5138     4
     5139     4
     5140     4
     5141     4
     5142     4
     5143     4
     5144     4
     5145     4
     5146     4
     5147     4
     5148     4
     5149     4
     5150     4
     5151     4
     5152     4
     5153     4
     5154     4
     5155     4
     5156     4
     5157     4
     5158     4
     5159     4
     5160     4
     5161     4
     5162     4
     5163     4
     5164     4
     5165     4
     5166     4
     5167     4
     5168     4
     5169     4
     5170     4
     5171     4
     5172     4
     5173     4
     5174     4
     5175     4
     5176     4
     5177     4
     5178     4
     5179     4
     5180     4
     5181     4
     5182     4
     5183     4
     5184     4
     5185     4
     5186     4
     5187     4
     5188     4
     5189     4
     5190     4
     5191     4
     5192     4
     5193     4
     5194     4
     5195     4
     5196     4
     5197     4
     5198     4
     5199     4
     5200     4
     5201     4
     5202     4
     5203     4
     5204     4
     5205     4
     5206     4
     5207     4
     5208     4
     5209     4
     5210     4
     5211     4
     5212     4
     5213     4
     5214     4
     5215     4
     5216     4
     5217     4
     5218     4
     5219     4
     5220     4
     5221     4
     5222     4
     5223     4
     5224     4
     5225     4
     5226     4
     5227     4
     5228     4
     5229     4
     5230     4
     5231     4
     5232     4
     5233     4
     5234     4
     5235     4
     5236     4
     5237     4
     5238     4
     5239     4
     5240     4
     5241     4
     5242     4
     5243     4
     5244     4
     5245     4
     5246     4
     5247     4
     5248     4
     5249     4
     5250     4
     5251     4
     5252     4
     5253     4
     5254     4
     5255     4
     5256     4
     5257     4
     5258     4
     5259     4
     5260     4
     5261     4
     5262     4
     5263     4
     5264     4
     5265     4
     5266     4
     5267     4
     5268     4
     5269     4
     5270     4
     5271     4
     5272     4
     5273     4
     5274     4
     5275     4
     5276     4
     5277     4
     5278     4
     5279     4
     5280     4
     5281     4
     5282     4
     5283     4
     5284     4
     5285     4
     5286     4
     5287     4
     5288     4
     5289     4
     5290     4
     5291     4
     5292     4
     5293     4
     5294     4
     5295     4
     5296     4
     5297     4
     5298     4
     5299     4
     5300     4
     5301     4
     5302     4
     5303     4
     5304     4
     5305     4
     5306     4
     5307     4
     5308     4
     5309     4
     5310     4
     5311     4
     5312     4
     5313     4
     5314     4
     5315     4
     5316     4
     5317     4
     5318     4
     5319     4
     5320     4
     5321     4
     5322     4
     5323     4
     5324     4
     5325     4
     5326     4
     5327     4
     5328     4
     5329     4
     5330     4
     5331     4
     5332     4
     5333     4
     5334     4
     5335     4
     5336     4
     5337     4
     5338     4
     5339     4
     5340     4
     5341     4
     5342     4
     5343     4
     5344     4
     5345     4
     5346     4
     5347     4
     5348     4
     5349     4
     5350     4
     5351     4
     5352     4
     5353     4
     5354     4
     5355     4
     5356     4
     5357     4
     5358     4
     5359     4
     5360     4
     5361     4
     5362     4
     5363     4
     5364     4
     5365     4
     5366     4
  END_MATERIALS 
  SUBDOMAINS
  END_SUBDOMAINS
  CHARACTERISTICS
  END_CHARACTERISTICS
