 CSR FORMAT
 NONULL =        11429
 ROWS (IA)
           1           1
           2           5
           3           9
           4          13
           5          19
           6          24
           7          29
           8          35
           9          39
          10          43
          11          50
          12          56
          13          62
          14          70
          15          74
          16          78
          17          84
          18          89
          19          94
          20         101
          21         108
          22         115
          23         119
          24         123
          25         129
          26         138
          27         143
          28         149
          29         156
          30         162
          31         168
          32         174
          33         179
          34         184
          35         189
          36         195
          37         201
          38         205
          39         209
          40         215
          41         221
          42         227
          43         233
          44         239
          45         245
          46         251
          47         256
          48         263
          49         269
          50         275
          51         280
          52         286
          53         292
          54         298
          55         304
          56         310
          57         316
          58         321
          59         327
          60         333
          61         339
          62         345
          63         351
          64         357
          65         363
          66         368
          67         374
          68         381
          69         387
          70         393
          71         397
          72         401
          73         407
          74         413
          75         419
          76         426
          77         432
          78         438
          79         444
          80         452
          81         457
          82         464
          83         470
          84         476
          85         482
          86         489
          87         495
          88         500
          89         505
          90         510
          91         516
          92         522
          93         528
          94         534
          95         540
          96         545
          97         551
          98         557
          99         563
         100         569
         101         575
         102         581
         103         587
         104         592
         105         597
         106         603
         107         609
         108         615
         109         621
         110         627
         111         634
         112         640
         113         646
         114         652
         115         658
         116         664
         117         670
         118         674
         119         678
         120         684
         121         690
         122         696
         123         703
         124         709
         125         715
         126         723
         127         730
         128         736
         129         742
         130         748
         131         753
         132         759
         133         764
         134         770
         135         776
         136         782
         137         788
         138         794
         139         800
         140         806
         141         812
         142         818
         143         824
         144         830
         145         836
         146         842
         147         849
         148         855
         149         861
         150         867
         151         873
         152         879
         153         884
         154         890
         155         896
         156         902
         157         907
         158         913
         159         919
         160         925
         161         931
         162         937
         163         943
         164         949
         165         955
         166         961
         167         967
         168         973
         169         979
         170         984
         171         988
         172         992
         173         998
         174        1004
         175        1010
         176        1016
         177        1021
         178        1027
         179        1033
         180        1040
         181        1046
         182        1052
         183        1057
         184        1063
         185        1069
         186        1075
         187        1081
         188        1087
         189        1093
         190        1099
         191        1105
         192        1111
         193        1117
         194        1123
         195        1129
         196        1135
         197        1141
         198        1148
         199        1154
         200        1160
         201        1166
         202        1172
         203        1177
         204        1184
         205        1190
         206        1196
         207        1202
         208        1208
         209        1214
         210        1220
         211        1226
         212        1232
         213        1239
         214        1245
         215        1251
         216        1257
         217        1263
         218        1269
         219        1274
         220        1280
         221        1286
         222        1292
         223        1298
         224        1304
         225        1310
         226        1316
         227        1322
         228        1328
         229        1335
         230        1341
         231        1348
         232        1355
         233        1360
         234        1364
         235        1368
         236        1374
         237        1380
         238        1386
         239        1392
         240        1398
         241        1403
         242        1409
         243        1415
         244        1421
         245        1427
         246        1433
         247        1440
         248        1446
         249        1452
         250        1458
         251        1463
         252        1468
         253        1474
         254        1480
         255        1486
         256        1492
         257        1498
         258        1503
         259        1508
         260        1514
         261        1520
         262        1526
         263        1532
         264        1538
         265        1544
         266        1552
         267        1559
         268        1566
         269        1572
         270        1578
         271        1584
         272        1590
         273        1596
         274        1602
         275        1608
         276        1614
         277        1620
         278        1626
         279        1632
         280        1638
         281        1644
         282        1649
         283        1655
         284        1661
         285        1667
         286        1672
         287        1679
         288        1685
         289        1690
         290        1696
         291        1702
         292        1709
         293        1715
         294        1721
         295        1727
         296        1733
         297        1739
         298        1746
         299        1752
         300        1757
         301        1763
         302        1768
         303        1772
         304        1776
         305        1782
         306        1788
         307        1794
         308        1800
         309        1806
         310        1812
         311        1817
         312        1823
         313        1829
         314        1835
         315        1841
         316        1847
         317        1853
         318        1859
         319        1865
         320        1871
         321        1877
         322        1883
         323        1889
         324        1895
         325        1901
         326        1906
         327        1912
         328        1918
         329        1924
         330        1930
         331        1936
         332        1942
         333        1948
         334        1954
         335        1960
         336        1966
         337        1972
         338        1978
         339        1984
         340        1990
         341        1996
         342        2002
         343        2009
         344        2015
         345        2021
         346        2027
         347        2034
         348        2040
         349        2046
         350        2052
         351        2058
         352        2064
         353        2070
         354        2076
         355        2082
         356        2088
         357        2094
         358        2100
         359        2106
         360        2112
         361        2118
         362        2125
         363        2131
         364        2137
         365        2143
         366        2149
         367        2155
         368        2161
         369        2167
         370        2173
         371        2179
         372        2185
         373        2191
         374        2196
         375        2202
         376        2208
         377        2214
         378        2220
         379        2226
         380        2232
         381        2238
         382        2242
         383        2246
         384        2252
         385        2258
         386        2264
         387        2270
         388        2276
         389        2282
         390        2289
         391        2294
         392        2300
         393        2306
         394        2312
         395        2318
         396        2325
         397        2330
         398        2336
         399        2342
         400        2348
         401        2354
         402        2360
         403        2366
         404        2372
         405        2378
         406        2384
         407        2390
         408        2396
         409        2402
         410        2407
         411        2413
         412        2419
         413        2425
         414        2431
         415        2438
         416        2444
         417        2450
         418        2456
         419        2462
         420        2468
         421        2473
         422        2479
         423        2485
         424        2491
         425        2496
         426        2501
         427        2507
         428        2514
         429        2521
         430        2527
         431        2533
         432        2539
         433        2545
         434        2551
         435        2557
         436        2563
         437        2569
         438        2575
         439        2581
         440        2587
         441        2593
         442        2599
         443        2605
         444        2611
         445        2617
         446        2623
         447        2629
         448        2635
         449        2641
         450        2647
         451        2654
         452        2660
         453        2668
         454        2674
         455        2680
         456        2686
         457        2693
         458        2699
         459        2705
         460        2711
         461        2716
         462        2722
         463        2726
         464        2730
         465        2736
         466        2742
         467        2748
         468        2753
         469        2759
         470        2765
         471        2771
         472        2776
         473        2781
         474        2787
         475        2794
         476        2799
         477        2805
         478        2811
         479        2817
         480        2823
         481        2829
         482        2835
         483        2841
         484        2847
         485        2853
         486        2859
         487        2865
         488        2871
         489        2877
         490        2883
         491        2889
         492        2895
         493        2901
         494        2907
         495        2913
         496        2919
         497        2925
         498        2931
         499        2937
         500        2943
         501        2949
         502        2955
         503        2961
         504        2967
         505        2974
         506        2979
         507        2985
         508        2991
         509        2997
         510        3004
         511        3010
         512        3016
         513        3022
         514        3028
         515        3034
         516        3040
         517        3046
         518        3052
         519        3058
         520        3064
         521        3070
         522        3075
         523        3081
         524        3087
         525        3093
         526        3099
         527        3105
         528        3111
         529        3117
         530        3123
         531        3129
         532        3135
         533        3141
         534        3147
         535        3153
         536        3159
         537        3165
         538        3171
         539        3177
         540        3183
         541        3189
         542        3195
         543        3201
         544        3207
         545        3213
         546        3219
         547        3225
         548        3231
         549        3235
         550        3239
         551        3245
         552        3251
         553        3257
         554        3263
         555        3269
         556        3274
         557        3280
         558        3288
         559        3294
         560        3300
         561        3307
         562        3313
         563        3319
         564        3325
         565        3331
         566        3337
         567        3343
         568        3348
         569        3353
         570        3359
         571        3365
         572        3371
         573        3377
         574        3383
         575        3389
         576        3395
         577        3401
         578        3407
         579        3413
         580        3419
         581        3425
         582        3431
         583        3437
         584        3443
         585        3449
         586        3455
         587        3461
         588        3467
         589        3473
         590        3479
         591        3485
         592        3491
         593        3497
         594        3503
         595        3509
         596        3515
         597        3521
         598        3527
         599        3533
         600        3539
         601        3545
         602        3551
         603        3557
         604        3563
         605        3569
         606        3575
         607        3581
         608        3587
         609        3593
         610        3599
         611        3605
         612        3611
         613        3617
         614        3623
         615        3629
         616        3635
         617        3641
         618        3647
         619        3653
         620        3659
         621        3665
         622        3671
         623        3677
         624        3683
         625        3689
         626        3695
         627        3701
         628        3707
         629        3713
         630        3719
         631        3725
         632        3731
         633        3737
         634        3743
         635        3749
         636        3755
         637        3761
         638        3767
         639        3773
         640        3779
         641        3785
         642        3789
         643        3793
         644        3799
         645        3806
         646        3812
         647        3818
         648        3824
         649        3830
         650        3836
         651        3842
         652        3848
         653        3854
         654        3860
         655        3866
         656        3872
         657        3877
         658        3883
         659        3889
         660        3895
         661        3901
         662        3907
         663        3913
         664        3919
         665        3925
         666        3931
         667        3937
         668        3943
         669        3949
         670        3955
         671        3962
         672        3967
         673        3973
         674        3980
         675        3986
         676        3992
         677        3998
         678        4003
         679        4009
         680        4015
         681        4021
         682        4027
         683        4033
         684        4039
         685        4046
         686        4052
         687        4058
         688        4064
         689        4070
         690        4076
         691        4082
         692        4088
         693        4094
         694        4100
         695        4107
         696        4113
         697        4119
         698        4125
         699        4131
         700        4137
         701        4143
         702        4149
         703        4155
         704        4161
         705        4167
         706        4173
         707        4179
         708        4186
         709        4192
         710        4198
         711        4204
         712        4210
         713        4216
         714        4222
         715        4228
         716        4234
         717        4240
         718        4246
         719        4252
         720        4258
         721        4264
         722        4270
         723        4276
         724        4282
         725        4288
         726        4294
         727        4300
         728        4305
         729        4310
         730        4316
         731        4322
         732        4328
         733        4334
         734        4340
         735        4344
         736        4348
         737        4354
         738        4360
         739        4366
         740        4372
         741        4378
         742        4384
         743        4390
         744        4396
         745        4402
         746        4408
         747        4413
         748        4419
         749        4425
         750        4431
         751        4437
         752        4443
         753        4449
         754        4455
         755        4461
         756        4467
         757        4473
         758        4479
         759        4484
         760        4490
         761        4496
         762        4502
         763        4508
         764        4514
         765        4520
         766        4526
         767        4532
         768        4538
         769        4544
         770        4550
         771        4556
         772        4562
         773        4568
         774        4574
         775        4580
         776        4586
         777        4591
         778        4597
         779        4603
         780        4609
         781        4615
         782        4620
         783        4625
         784        4632
         785        4638
         786        4644
         787        4650
         788        4656
         789        4662
         790        4668
         791        4674
         792        4680
         793        4686
         794        4692
         795        4698
         796        4704
         797        4710
         798        4716
         799        4724
         800        4730
         801        4736
         802        4741
         803        4747
         804        4753
         805        4760
         806        4766
         807        4772
         808        4778
         809        4784
         810        4790
         811        4796
         812        4802
         813        4808
         814        4814
         815        4820
         816        4826
         817        4832
         818        4838
         819        4844
         820        4850
         821        4856
         822        4862
         823        4868
         824        4874
         825        4878
         826        4882
         827        4888
         828        4894
         829        4900
         830        4907
         831        4913
         832        4919
         833        4925
         834        4933
         835        4939
         836        4945
         837        4951
         838        4957
         839        4963
         840        4969
         841        4975
         842        4981
         843        4987
         844        4993
         845        4999
         846        5005
         847        5011
         848        5017
         849        5023
         850        5029
         851        5035
         852        5041
         853        5047
         854        5052
         855        5058
         856        5064
         857        5070
         858        5076
         859        5082
         860        5088
         861        5094
         862        5100
         863        5106
         864        5112
         865        5118
         866        5123
         867        5129
         868        5135
         869        5141
         870        5147
         871        5153
         872        5159
         873        5165
         874        5171
         875        5177
         876        5182
         877        5188
         878        5194
         879        5199
         880        5205
         881        5212
         882        5218
         883        5224
         884        5230
         885        5236
         886        5242
         887        5248
         888        5254
         889        5260
         890        5266
         891        5272
         892        5277
         893        5283
         894        5289
         895        5295
         896        5301
         897        5307
         898        5313
         899        5319
         900        5325
         901        5331
         902        5337
         903        5343
         904        5349
         905        5355
         906        5361
         907        5368
         908        5374
         909        5380
         910        5386
         911        5392
         912        5398
         913        5404
         914        5410
         915        5416
         916        5422
         917        5428
         918        5434
         919        5440
         920        5446
         921        5452
         922        5459
         923        5463
         924        5467
         925        5473
         926        5479
         927        5485
         928        5491
         929        5497
         930        5505
         931        5510
         932        5516
         933        5522
         934        5528
         935        5534
         936        5540
         937        5546
         938        5551
         939        5557
         940        5563
         941        5569
         942        5575
         943        5581
         944        5586
         945        5592
         946        5598
         947        5604
         948        5610
         949        5616
         950        5622
         951        5628
         952        5633
         953        5639
         954        5645
         955        5651
         956        5659
         957        5665
         958        5671
         959        5677
         960        5683
         961        5689
         962        5695
         963        5701
         964        5707
         965        5713
         966        5719
         967        5725
         968        5731
         969        5737
         970        5744
         971        5750
         972        5756
         973        5762
         974        5768
         975        5773
         976        5780
         977        5786
         978        5792
         979        5798
         980        5804
         981        5810
         982        5816
         983        5822
         984        5827
         985        5833
         986        5839
         987        5845
         988        5852
         989        5858
         990        5864
         991        5870
         992        5875
         993        5881
         994        5887
         995        5893
         996        5899
         997        5905
         998        5911
         999        5917
        1000        5922
        1001        5927
        1002        5933
        1003        5939
        1004        5945
        1005        5950
        1006        5956
        1007        5962
        1008        5968
        1009        5976
        1010        5982
        1011        5988
        1012        5994
        1013        6000
        1014        6006
        1015        6012
        1016        6018
        1017        6022
        1018        6026
        1019        6032
        1020        6037
        1021        6043
        1022        6049
        1023        6055
        1024        6061
        1025        6066
        1026        6072
        1027        6078
        1028        6084
        1029        6090
        1030        6096
        1031        6102
        1032        6108
        1033        6114
        1034        6120
        1035        6126
        1036        6132
        1037        6138
        1038        6144
        1039        6150
        1040        6156
        1041        6162
        1042        6168
        1043        6174
        1044        6180
        1045        6186
        1046        6192
        1047        6198
        1048        6204
        1049        6210
        1050        6216
        1051        6222
        1052        6228
        1053        6234
        1054        6240
        1055        6246
        1056        6252
        1057        6258
        1058        6264
        1059        6270
        1060        6276
        1061        6282
        1062        6288
        1063        6294
        1064        6300
        1065        6306
        1066        6312
        1067        6318
        1068        6324
        1069        6331
        1070        6338
        1071        6344
        1072        6350
        1073        6356
        1074        6362
        1075        6368
        1076        6374
        1077        6380
        1078        6386
        1079        6392
        1080        6398
        1081        6404
        1082        6410
        1083        6416
        1084        6422
        1085        6428
        1086        6434
        1087        6439
        1088        6445
        1089        6451
        1090        6457
        1091        6463
        1092        6469
        1093        6475
        1094        6481
        1095        6487
        1096        6493
        1097        6499
        1098        6504
        1099        6510
        1100        6516
        1101        6522
        1102        6528
        1103        6534
        1104        6540
        1105        6546
        1106        6552
        1107        6558
        1108        6564
        1109        6569
        1110        6578
        1111        6582
        1112        6586
        1113        6592
        1114        6598
        1115        6605
        1116        6612
        1117        6618
        1118        6624
        1119        6630
        1120        6636
        1121        6642
        1122        6647
        1123        6653
        1124        6658
        1125        6665
        1126        6671
        1127        6677
        1128        6683
        1129        6689
        1130        6695
        1131        6701
        1132        6707
        1133        6712
        1134        6718
        1135        6724
        1136        6730
        1137        6736
        1138        6742
        1139        6748
        1140        6754
        1141        6760
        1142        6765
        1143        6771
        1144        6778
        1145        6784
        1146        6790
        1147        6796
        1148        6802
        1149        6808
        1150        6814
        1151        6820
        1152        6827
        1153        6833
        1154        6839
        1155        6845
        1156        6851
        1157        6857
        1158        6864
        1159        6870
        1160        6877
        1161        6883
        1162        6889
        1163        6895
        1164        6901
        1165        6907
        1166        6913
        1167        6920
        1168        6926
        1169        6932
        1170        6938
        1171        6944
        1172        6950
        1173        6956
        1174        6962
        1175        6968
        1176        6974
        1177        6980
        1178        6986
        1179        6991
        1180        6997
        1181        7003
        1182        7009
        1183        7014
        1184        7019
        1185        7025
        1186        7031
        1187        7037
        1188        7043
        1189        7048
        1190        7054
        1191        7060
        1192        7066
        1193        7072
        1194        7079
        1195        7084
        1196        7090
        1197        7095
        1198        7101
        1199        7107
        1200        7113
        1201        7119
        1202        7125
        1203        7129
        1204        7133
        1205        7139
        1206        7146
        1207        7152
        1208        7158
        1209        7164
        1210        7169
        1211        7175
        1212        7181
        1213        7188
        1214        7194
        1215        7200
        1216        7205
        1217        7210
        1218        7216
        1219        7222
        1220        7228
        1221        7234
        1222        7240
        1223        7246
        1224        7252
        1225        7258
        1226        7264
        1227        7270
        1228        7276
        1229        7282
        1230        7288
        1231        7294
        1232        7301
        1233        7307
        1234        7315
        1235        7321
        1236        7327
        1237        7333
        1238        7339
        1239        7345
        1240        7351
        1241        7357
        1242        7363
        1243        7369
        1244        7375
        1245        7381
        1246        7387
        1247        7393
        1248        7399
        1249        7405
        1250        7411
        1251        7417
        1252        7423
        1253        7429
        1254        7434
        1255        7439
        1256        7445
        1257        7451
        1258        7457
        1259        7464
        1260        7470
        1261        7476
        1262        7482
        1263        7489
        1264        7495
        1265        7501
        1266        7506
        1267        7512
        1268        7518
        1269        7524
        1270        7530
        1271        7536
        1272        7542
        1273        7548
        1274        7554
        1275        7560
        1276        7566
        1277        7571
        1278        7577
        1279        7583
        1280        7590
        1281        7596
        1282        7603
        1283        7608
        1284        7614
        1285        7620
        1286        7625
        1287        7631
        1288        7637
        1289        7641
        1290        7645
        1291        7651
        1292        7657
        1293        7663
        1294        7670
        1295        7676
        1296        7682
        1297        7688
        1298        7693
        1299        7699
        1300        7705
        1301        7711
        1302        7717
        1303        7722
        1304        7728
        1305        7734
        1306        7740
        1307        7746
        1308        7752
        1309        7758
        1310        7763
        1311        7768
        1312        7774
        1313        7780
        1314        7786
        1315        7792
        1316        7798
        1317        7804
        1318        7810
        1319        7816
        1320        7821
        1321        7827
        1322        7833
        1323        7841
        1324        7847
        1325        7853
        1326        7859
        1327        7865
        1328        7871
        1329        7877
        1330        7883
        1331        7889
        1332        7895
        1333        7902
        1334        7908
        1335        7914
        1336        7921
        1337        7927
        1338        7934
        1339        7940
        1340        7946
        1341        7952
        1342        7958
        1343        7964
        1344        7970
        1345        7976
        1346        7982
        1347        7988
        1348        7994
        1349        8000
        1350        8006
        1351        8012
        1352        8018
        1353        8024
        1354        8030
        1355        8036
        1356        8041
        1357        8047
        1358        8053
        1359        8059
        1360        8065
        1361        8071
        1362        8077
        1363        8083
        1364        8091
        1365        8096
        1366        8102
        1367        8108
        1368        8114
        1369        8120
        1370        8124
        1371        8128
        1372        8134
        1373        8140
        1374        8145
        1375        8151
        1376        8157
        1377        8163
        1378        8169
        1379        8175
        1380        8182
        1381        8188
        1382        8194
        1383        8200
        1384        8207
        1385        8213
        1386        8219
        1387        8225
        1388        8231
        1389        8237
        1390        8243
        1391        8249
        1392        8255
        1393        8261
        1394        8267
        1395        8273
        1396        8279
        1397        8285
        1398        8291
        1399        8297
        1400        8303
        1401        8309
        1402        8315
        1403        8321
        1404        8327
        1405        8332
        1406        8338
        1407        8344
        1408        8350
        1409        8356
        1410        8362
        1411        8368
        1412        8374
        1413        8379
        1414        8384
        1415        8390
        1416        8396
        1417        8402
        1418        8407
        1419        8413
        1420        8419
        1421        8425
        1422        8431
        1423        8437
        1424        8443
        1425        8449
        1426        8455
        1427        8461
        1428        8467
        1429        8473
        1430        8479
        1431        8484
        1432        8490
        1433        8496
        1434        8502
        1435        8509
        1436        8515
        1437        8521
        1438        8527
        1439        8533
        1440        8539
        1441        8545
        1442        8551
        1443        8557
        1444        8563
        1445        8569
        1446        8575
        1447        8581
        1448        8587
        1449        8593
        1450        8599
        1451        8606
        1452        8610
        1453        8614
        1454        8620
        1455        8626
        1456        8632
        1457        8637
        1458        8643
        1459        8649
        1460        8655
        1461        8661
        1462        8667
        1463        8673
        1464        8679
        1465        8685
        1466        8691
        1467        8697
        1468        8703
        1469        8709
        1470        8715
        1471        8721
        1472        8727
        1473        8736
        1474        8742
        1475        8748
        1476        8754
        1477        8760
        1478        8766
        1479        8772
        1480        8778
        1481        8784
        1482        8790
        1483        8796
        1484        8802
        1485        8809
        1486        8815
        1487        8821
        1488        8827
        1489        8833
        1490        8839
        1491        8845
        1492        8851
        1493        8857
        1494        8863
        1495        8869
        1496        8875
        1497        8881
        1498        8887
        1499        8893
        1500        8899
        1501        8905
        1502        8911
        1503        8917
        1504        8923
        1505        8929
        1506        8935
        1507        8941
        1508        8947
        1509        8953
        1510        8959
        1511        8965
        1512        8971
        1513        8977
        1514        8983
        1515        8989
        1516        8995
        1517        9001
        1518        9008
        1519        9014
        1520        9020
        1521        9026
        1522        9031
        1523        9036
        1524        9040
        1525        9044
        1526        9050
        1527        9056
        1528        9062
        1529        9068
        1530        9074
        1531        9080
        1532        9086
        1533        9092
        1534        9098
        1535        9104
        1536        9110
        1537        9116
        1538        9122
        1539        9128
        1540        9134
        1541        9140
        1542        9146
        1543        9152
        1544        9158
        1545        9164
        1546        9170
        1547        9176
        1548        9182
        1549        9188
        1550        9194
        1551        9200
        1552        9205
        1553        9211
        1554        9216
        1555        9222
        1556        9228
        1557        9234
        1558        9240
        1559        9246
        1560        9252
        1561        9258
        1562        9264
        1563        9270
        1564        9276
        1565        9282
        1566        9288
        1567        9295
        1568        9300
        1569        9306
        1570        9312
        1571        9318
        1572        9324
        1573        9330
        1574        9336
        1575        9342
        1576        9348
        1577        9354
        1578        9360
        1579        9366
        1580        9372
        1581        9378
        1582        9384
        1583        9390
        1584        9396
        1585        9402
        1586        9408
        1587        9414
        1588        9420
        1589        9426
        1590        9432
        1591        9437
        1592        9443
        1593        9449
        1594        9455
        1595        9461
        1596        9467
        1597        9473
        1598        9477
        1599        9481
        1600        9487
        1601        9493
        1602        9499
        1603        9505
        1604        9511
        1605        9519
        1606        9526
        1607        9532
        1608        9538
        1609        9544
        1610        9550
        1611        9556
        1612        9562
        1613        9567
        1614        9572
        1615        9577
        1616        9583
        1617        9589
        1618        9595
        1619        9601
        1620        9607
        1621        9613
        1622        9619
        1623        9625
        1624        9631
        1625        9637
        1626        9643
        1627        9649
        1628        9655
        1629        9661
        1630        9667
        1631        9673
        1632        9679
        1633        9685
        1634        9691
        1635        9697
        1636        9703
        1637        9709
        1638        9714
        1639        9720
        1640        9726
        1641        9732
        1642        9738
        1643        9744
        1644        9750
        1645        9755
        1646        9760
        1647        9766
        1648        9772
        1649        9778
        1650        9784
        1651        9790
        1652        9796
        1653        9802
        1654        9806
        1655        9810
        1656        9816
        1657        9822
        1658        9828
        1659        9834
        1660        9839
        1661        9845
        1662        9851
        1663        9857
        1664        9863
        1665        9869
        1666        9876
        1667        9883
        1668        9888
        1669        9893
        1670        9899
        1671        9905
        1672        9912
        1673        9917
        1674        9923
        1675        9929
        1676        9935
        1677        9941
        1678        9948
        1679        9955
        1680        9962
        1681        9968
        1682        9975
        1683        9982
        1684        9989
        1685        9995
        1686       10000
        1687       10007
        1688       10014
        1689       10020
        1690       10026
        1691       10032
        1692       10037
        1693       10043
        1694       10049
        1695       10055
        1696       10060
        1697       10066
        1698       10072
        1699       10078
        1700       10084
        1701       10090
        1702       10096
        1703       10102
        1704       10108
        1705       10115
        1706       10121
        1707       10127
        1708       10133
        1709       10139
        1710       10144
        1711       10150
        1712       10155
        1713       10161
        1714       10166
        1715       10172
        1716       10178
        1717       10182
        1718       10186
        1719       10192
        1720       10199
        1721       10207
        1722       10213
        1723       10219
        1724       10225
        1725       10231
        1726       10237
        1727       10243
        1728       10249
        1729       10255
        1730       10260
        1731       10266
        1732       10272
        1733       10278
        1734       10284
        1735       10290
        1736       10296
        1737       10302
        1738       10308
        1739       10314
        1740       10320
        1741       10326
        1742       10331
        1743       10337
        1744       10343
        1745       10348
        1746       10354
        1747       10361
        1748       10366
        1749       10372
        1750       10379
        1751       10385
        1752       10392
        1753       10398
        1754       10404
        1755       10410
        1756       10417
        1757       10423
        1758       10430
        1759       10437
        1760       10443
        1761       10448
        1762       10453
        1763       10458
        1764       10462
        1765       10466
        1766       10471
        1767       10477
        1768       10483
        1769       10489
        1770       10495
        1771       10501
        1772       10506
        1773       10512
        1774       10518
        1775       10524
        1776       10530
        1777       10535
        1778       10541
        1779       10547
        1780       10552
        1781       10559
        1782       10565
        1783       10570
        1784       10575
        1785       10581
        1786       10587
        1787       10592
        1788       10598
        1789       10605
        1790       10612
        1791       10618
        1792       10624
        1793       10630
        1794       10636
        1795       10642
        1796       10648
        1797       10655
        1798       10661
        1799       10667
        1800       10673
        1801       10680
        1802       10686
        1803       10692
        1804       10698
        1805       10704
        1806       10708
        1807       10712
        1808       10717
        1809       10723
        1810       10729
        1811       10735
        1812       10741
        1813       10747
        1814       10753
        1815       10758
        1816       10764
        1817       10770
        1818       10776
        1819       10782
        1820       10787
        1821       10793
        1822       10799
        1823       10805
        1824       10811
        1825       10817
        1826       10823
        1827       10831
        1828       10838
        1829       10843
        1830       10849
        1831       10855
        1832       10861
        1833       10867
        1834       10872
        1835       10878
        1836       10883
        1837       10887
        1838       10891
        1839       10897
        1840       10904
        1841       10910
        1842       10915
        1843       10920
        1844       10926
        1845       10931
        1846       10936
        1847       10942
        1848       10948
        1849       10954
        1850       10960
        1851       10965
        1852       10970
        1853       10977
        1854       10984
        1855       10991
        1856       10999
        1857       11005
        1858       11011
        1859       11015
        1860       11019
        1861       11026
        1862       11032
        1863       11038
        1864       11044
        1865       11050
        1866       11057
        1867       11064
        1868       11071
        1869       11076
        1870       11084
        1871       11088
        1872       11092
        1873       11098
        1874       11104
        1875       11110
        1876       11116
        1877       11122
        1878       11129
        1879       11133
        1880       11137
        1881       11142
        1882       11147
        1883       11153
        1884       11159
        1885       11165
        1886       11172
        1887       11179
        1888       11183
        1889       11187
        1890       11194
        1891       11200
        1892       11208
        1893       11214
        1894       11220
        1895       11229
        1896       11233
        1897       11237
        1898       11242
        1899       11247
        1900       11251
        1901       11255
        1902       11261
        1903       11267
        1904       11273
        1905       11279
        1906       11283
        1907       11287
        1908       11292
        1909       11297
        1910       11303
        1911       11309
        1912       11313
        1913       11317
        1914       11323
        1915       11328
        1916       11334
        1917       11339
        1918       11345
        1919       11349
        1920       11353
        1921       11359
        1922       11364
        1923       11369
        1924       11373
        1925       11377
        1926       11381
        1927       11385
        1928       11389
        1929       11393
        1930       11397
        1931       11401
        1932       11405
        1933       11409
        1934       11413
        1935       11417
        1936       11421
        1937       11425
        1938       11429
 END_ROWS
 COLUMNS (JA)
           1           2
           2           3
           3           4
           4           5
           5           1
           6           4
           7           6
           8           8
           9           1
          10           5
          11           7
          12           9
          13           1
          14           2
          15           5
          16           6
          17          10
          18          13
          19           1
          20           3
          21           4
          22           7
          23          10
          24           2
          25           4
          26           8
          27          12
          28          13
          29           3
          30           5
          31           9
          32          10
          33          11
          34          16
          35           2
          36           6
          37          12
          38          14
          39           3
          40           7
          41          11
          42          15
          43           4
          44           5
          45           7
          46          13
          47          16
          48          19
          49          20
          50           7
          51           9
          52          15
          53          16
          54          18
          55          21
          56           6
          57           8
          58          13
          59          14
          60          17
          61          25
          62           4
          63           6
          64          10
          65          12
          66          19
          67          24
          68          25
          69          27
          70           8
          71          12
          72          17
          73          22
          74           9
          75          11
          76          18
          77          23
          78           7
          79          10
          80          11
          81          20
          82          21
          83          28
          84          12
          85          14
          86          22
          87          25
          88          26
          89          11
          90          15
          91          21
          92          23
          93          29
          94          10
          95          13
          96          20
          97          24
          98          30
          99          31
         100          32
         101          10
         102          16
         103          19
         104          28
         105          30
         106          34
         107          35
         108          11
         109          16
         110          18
         111          28
         112          29
         113          43
         114          47
         115          14
         116          17
         117          26
         118          37
         119          15
         120          18
         121          29
         122          38
         123          13
         124          19
         125          27
         126          31
         127          33
         128          36
         129          12
         130          13
         131          17
         132          26
         133          27
         134          45
         135          51
         136          79
         137          81
         138          17
         139          22
         140          25
         141          37
         142          51
         143          13
         144          24
         145          25
         146          36
         147          44
         148          45
         149          16
         150          20
         151          21
         152          35
         153          46
         154          47
         155          55
         156          18
         157          21
         158          23
         159          38
         160          43
         161          52
         162          19
         163          20
         164          32
         165          34
         166          39
         167          41
         168          19
         169          24
         170          32
         171          33
         172          40
         173          42
         174          19
         175          30
         176          31
         177          39
         178          40
         179          24
         180          31
         181          36
         182          42
         183          49
         184          20
         185          30
         186          35
         187          41
         188          48
         189          20
         190          28
         191          34
         192          46
         193          48
         194          53
         195          24
         196          27
         197          33
         198          44
         199          49
         200          54
         201          22
         202          26
         203          51
         204          70
         205          23
         206          29
         207          52
         208          71
         209          30
         210          32
         211          40
         212          41
         213          50
         214          56
         215          31
         216          32
         217          39
         218          42
         219          50
         220          58
         221          30
         222          34
         223          39
         224          48
         225          56
         226          59
         227          31
         228          33
         229          40
         230          49
         231          58
         232          60
         233          21
         234          29
         235          47
         236          52
         237          78
         238          85
         239          27
         240          36
         241          45
         242          54
         243          57
         244          62
         245          25
         246          27
         247          44
         248          57
         249          66
         250          79
         251          28
         252          35
         253          53
         254          55
         255          61
         256          21
         257          28
         258          43
         259          55
         260          65
         261          78
         262          84
         263          34
         264          35
         265          41
         266          53
         267          59
         268          63
         269          33
         270          36
         271          42
         272          54
         273          60
         274          64
         275          39
         276          40
         277          56
         278          58
         279          67
         280          25
         281          26
         282          37
         283          70
         284          81
         285          87
         286          29
         287          38
         288          43
         289          71
         290          85
         291          88
         292          35
         293          46
         294          48
         295          61
         296          63
         297          75
         298          36
         299          44
         300          49
         301          62
         302          64
         303          69
         304          28
         305          46
         306          47
         307          61
         308          65
         309          72
         310          39
         311          41
         312          50
         313          59
         314          67
         315          74
         316          44
         317          45
         318          62
         319          66
         320          73
         321          40
         322          42
         323          50
         324          60
         325          67
         326          68
         327          41
         328          48
         329          56
         330          63
         331          74
         332          77
         333          42
         334          49
         335          58
         336          64
         337          68
         338          76
         339          46
         340          53
         341          55
         342          72
         343          75
         344          82
         345          44
         346          54
         347          57
         348          69
         349          73
         350          83
         351          48
         352          53
         353          59
         354          75
         355          77
         356          80
         357          49
         358          54
         359          60
         360          69
         361          76
         362          86
         363          47
         364          55
         365          72
         366          84
         367          90
         368          45
         369          57
         370          73
         371          79
         372          89
         373          91
         374          50
         375          56
         376          58
         377          68
         378          74
         379          93
         380          94
         381          58
         382          60
         383          67
         384          76
         385          92
         386          94
         387          54
         388          62
         389          64
         390          83
         391          86
         392          97
         393          37
         394          51
         395          87
         396         117
         397          38
         398          52
         399          88
         400         118
         401          55
         402          61
         403          65
         404          82
         405          90
         406          95
         407          57
         408          62
         409          66
         410          83
         411          91
         412          98
         413          56
         414          59
         415          67
         416          77
         417          93
         418          96
         419          53
         420          61
         421          63
         422          80
         423          82
         424         100
         425         101
         426          60
         427          64
         428          68
         429          86
         430          92
         431         102
         432          59
         433          63
         434          74
         435          80
         436          96
         437          99
         438          43
         439          47
         440          84
         441          85
         442         105
         443         125
         444          25
         445          45
         446          66
         447          81
         448          89
         449         104
         450         126
         451         127
         452          63
         453          75
         454          77
         455          99
         456         100
         457          25
         458          51
         459          79
         460          87
         461         126
         462         133
         463         149
         464          61
         465          72
         466          75
         467          95
         468         101
         469         109
         470          62
         471          69
         472          73
         473          97
         474          98
         475         103
         476          47
         477          65
         478          78
         479          90
         480         105
         481         106
         482          43
         483          52
         484          78
         485          88
         486         125
         487         134
         488         148
         489          64
         490          69
         491          76
         492          97
         493         102
         494         108
         495          51
         496          70
         497          81
         498         117
         499         133
         500          52
         501          71
         502          85
         503         118
         504         134
         505          66
         506          79
         507          91
         508         104
         509         107
         510          65
         511          72
         512          84
         513          95
         514         106
         515         110
         516          66
         517          73
         518          89
         519          98
         520         107
         521         113
         522          68
         523          76
         524          94
         525         102
         526         115
         527         120
         528          67
         529          74
         530          94
         531          96
         532         111
         533         112
         534          67
         535          68
         536          92
         537          93
         538         111
         539         115
         540          72
         541          82
         542          90
         543         109
         544         110
         545          74
         546          77
         547          93
         548          99
         549         112
         550         114
         551          69
         552          83
         553          86
         554         103
         555         108
         556         119
         557          73
         558          83
         559          91
         560         103
         561         113
         562         122
         563          77
         564          80
         565          96
         566         100
         567         114
         568         116
         569          75
         570          80
         571          99
         572         101
         573         116
         574         121
         575          75
         576          82
         577         100
         578         109
         579         121
         580         124
         581          76
         582          86
         583          92
         584         108
         585         120
         586         123
         587          83
         588          97
         589          98
         590         119
         591         122
         592          79
         593          89
         594         107
         595         127
         596         129
         597          78
         598          84
         599         106
         600         125
         601         128
         602         132
         603          84
         604          90
         605         105
         606         110
         607         128
         608         130
         609          89
         610          91
         611         104
         612         113
         613         129
         614         131
         615          86
         616          97
         617         102
         618         119
         619         123
         620         136
         621          82
         622          95
         623         101
         624         110
         625         124
         626         139
         627          90
         628          95
         629         106
         630         109
         631         130
         632         139
         633         146
         634          93
         635          94
         636         112
         637         115
         638         135
         639         137
         640          93
         641          96
         642         111
         643         114
         644         135
         645         138
         646          91
         647          98
         648         107
         649         122
         650         131
         651         143
         652          96
         653          99
         654         112
         655         116
         656         138
         657         140
         658          92
         659          94
         660         111
         661         120
         662         137
         663         141
         664          99
         665         100
         666         114
         667         121
         668         140
         669         142
         670          70
         671          87
         672         133
         673         170
         674          71
         675          88
         676         134
         677         171
         678          97
         679         103
         680         108
         681         122
         682         136
         683         144
         684          92
         685         102
         686         115
         687         123
         688         141
         689         145
         690         100
         691         101
         692         116
         693         124
         694         142
         695         147
         696          98
         697         103
         698         113
         699         119
         700         143
         701         144
         702         158
         703         102
         704         108
         705         120
         706         136
         707         145
         708         153
         709         101
         710         109
         711         121
         712         139
         713         147
         714         157
         715          78
         716          85
         717         105
         718         132
         719         148
         720         152
         721         185
         722         195
         723          79
         724          81
         725         127
         726         149
         727         156
         728         186
         729         197
         730          79
         731         104
         732         126
         733         129
         734         155
         735         156
         736         105
         737         106
         738         130
         739         132
         740         150
         741         151
         742         104
         743         107
         744         127
         745         131
         746         154
         747         155
         748         106
         749         110
         750         128
         751         146
         752         150
         753         107
         754         113
         755         129
         756         143
         757         154
         758         159
         759         105
         760         125
         761         128
         762         151
         763         152
         764          81
         765          87
         766         117
         767         149
         768         170
         769         190
         770          85
         771          88
         772         118
         773         148
         774         171
         775         191
         776         111
         777         112
         778         137
         779         138
         780         160
         781         161
         782         108
         783         119
         784         123
         785         144
         786         153
         787         164
         788         111
         789         115
         790         135
         791         141
         792         160
         793         163
         794         112
         795         114
         796         135
         797         140
         798         161
         799         162
         800         109
         801         110
         802         124
         803         146
         804         157
         805         166
         806         114
         807         116
         808         138
         809         142
         810         162
         811         165
         812         115
         813         120
         814         137
         815         145
         816         163
         817         168
         818         116
         819         121
         820         140
         821         147
         822         165
         823         167
         824         113
         825         122
         826         131
         827         158
         828         159
         829         179
         830         119
         831         122
         832         136
         833         158
         834         164
         835         172
         836         120
         837         123
         838         141
         839         153
         840         168
         841         173
         842         110
         843         130
         844         139
         845         150
         846         166
         847         176
         848         178
         849         121
         850         124
         851         142
         852         157
         853         167
         854         174
         855          85
         856         125
         857         134
         858         191
         859         195
         860         228
         861          81
         862         126
         863         133
         864         190
         865         197
         866         230
         867         128
         868         130
         869         146
         870         151
         871         175
         872         178
         873         128
         874         132
         875         150
         876         152
         877         175
         878         180
         879         125
         880         132
         881         151
         882         180
         883         185
         884         123
         885         136
         886         145
         887         164
         888         173
         889         183
         890         129
         891         131
         892         155
         893         159
         894         169
         895         177
         896         127
         897         129
         898         154
         899         156
         900         177
         901         181
         902         126
         903         127
         904         155
         905         181
         906         186
         907         124
         908         139
         909         147
         910         166
         911         174
         912         184
         913         122
         914         143
         915         144
         916         172
         917         179
         918         192
         919         131
         920         143
         921         154
         922         169
         923         179
         924         182
         925         135
         926         137
         927         161
         928         163
         929         188
         930         189
         931         135
         932         138
         933         160
         934         162
         935         187
         936         188
         937         138
         938         140
         939         161
         940         165
         941         187
         942         193
         943         137
         944         141
         945         160
         946         168
         947         189
         948         194
         949         136
         950         144
         951         153
         952         172
         953         183
         954         198
         955         140
         956         142
         957         162
         958         167
         959         193
         960         196
         961         139
         962         146
         963         157
         964         176
         965         184
         966         201
         967         142
         968         147
         969         165
         970         174
         971         196
         972         200
         973         141
         974         145
         975         163
         976         173
         977         194
         978         199
         979         154
         980         159
         981         177
         982         182
         983         203
         984         117
         985         133
         986         190
         987         233
         988         118
         989         134
         990         191
         991         234
         992         144
         993         158
         994         164
         995         192
         996         198
         997         202
         998         145
         999         153
        1000         168
        1001         183
        1002         199
        1003         204
        1004         147
        1005         157
        1006         167
        1007         184
        1008         200
        1009         207
        1010         150
        1011         151
        1012         178
        1013         180
        1014         205
        1015         208
        1016         146
        1017         166
        1018         178
        1019         201
        1020         212
        1021         154
        1022         155
        1023         169
        1024         181
        1025         203
        1026         206
        1027         146
        1028         150
        1029         175
        1030         176
        1031         208
        1032         212
        1033         143
        1034         158
        1035         159
        1036         182
        1037         192
        1038         213
        1039         221
        1040         151
        1041         152
        1042         175
        1043         185
        1044         205
        1045         209
        1046         155
        1047         156
        1048         177
        1049         186
        1050         206
        1051         210
        1052         159
        1053         169
        1054         179
        1055         203
        1056         213
        1057         153
        1058         164
        1059         173
        1060         198
        1061         204
        1062         214
        1063         157
        1064         166
        1065         174
        1066         201
        1067         207
        1068         229
        1069         125
        1070         152
        1071         180
        1072         195
        1073         209
        1074         220
        1075         126
        1076         156
        1077         181
        1078         197
        1079         210
        1080         218
        1081         161
        1082         162
        1083         188
        1084         193
        1085         211
        1086         216
        1087         160
        1088         161
        1089         187
        1090         189
        1091         211
        1092         215
        1093         160
        1094         163
        1095         188
        1096         194
        1097         215
        1098         217
        1099         133
        1100         149
        1101         170
        1102         230
        1103         233
        1104         250
        1105         134
        1106         148
        1107         171
        1108         228
        1109         234
        1110         251
        1111         158
        1112         172
        1113         179
        1114         202
        1115         221
        1116         231
        1117         162
        1118         165
        1119         187
        1120         196
        1121         216
        1122         219
        1123         163
        1124         168
        1125         189
        1126         199
        1127         217
        1128         222
        1129         125
        1130         148
        1131         185
        1132         220
        1133         228
        1134         265
        1135         165
        1136         167
        1137         193
        1138         200
        1139         219
        1140         223
        1141         126
        1142         149
        1143         186
        1144         218
        1145         230
        1146         255
        1147         267
        1148         164
        1149         172
        1150         183
        1151         202
        1152         214
        1153         224
        1154         168
        1155         173
        1156         194
        1157         204
        1158         222
        1159         225
        1160         167
        1161         174
        1162         196
        1163         207
        1164         223
        1165         227
        1166         166
        1167         176
        1168         184
        1169         212
        1170         229
        1171         238
        1172         172
        1173         192
        1174         198
        1175         224
        1176         231
        1177         169
        1178         177
        1179         182
        1180         206
        1181         213
        1182         226
        1183         235
        1184         173
        1185         183
        1186         199
        1187         214
        1188         225
        1189         237
        1190         175
        1191         180
        1192         208
        1193         209
        1194         232
        1195         246
        1196         177
        1197         181
        1198         203
        1199         210
        1200         226
        1201         236
        1202         174
        1203         184
        1204         200
        1205         227
        1206         229
        1207         253
        1208         175
        1209         178
        1210         205
        1211         212
        1212         240
        1213         246
        1214         180
        1215         185
        1216         205
        1217         220
        1218         232
        1219         243
        1220         181
        1221         186
        1222         206
        1223         218
        1224         236
        1225         244
        1226         187
        1227         188
        1228         215
        1229         216
        1230         239
        1231         241
        1232         176
        1233         178
        1234         201
        1235         208
        1236         238
        1237         240
        1238         260
        1239         179
        1240         182
        1241         203
        1242         221
        1243         235
        1244         248
        1245         183
        1246         198
        1247         204
        1248         224
        1249         237
        1250         247
        1251         188
        1252         189
        1253         211
        1254         217
        1255         241
        1256         242
        1257         187
        1258         193
        1259         211
        1260         219
        1261         239
        1262         245
        1263         189
        1264         194
        1265         215
        1266         222
        1267         242
        1268         249
        1269         186
        1270         197
        1271         210
        1272         244
        1273         255
        1274         193
        1275         196
        1276         216
        1277         223
        1278         245
        1279         252
        1280         185
        1281         195
        1282         209
        1283         243
        1284         258
        1285         265
        1286         179
        1287         192
        1288         213
        1289         231
        1290         248
        1291         262
        1292         194
        1293         199
        1294         217
        1295         225
        1296         249
        1297         254
        1298         196
        1299         200
        1300         219
        1301         227
        1302         252
        1303         256
        1304         198
        1305         202
        1306         214
        1307         231
        1308         247
        1309         259
        1310         199
        1311         204
        1312         222
        1313         237
        1314         254
        1315         261
        1316         203
        1317         206
        1318         235
        1319         236
        1320         257
        1321         263
        1322         200
        1323         207
        1324         223
        1325         253
        1326         256
        1327         273
        1328         148
        1329         191
        1330         195
        1331         251
        1332         265
        1333         311
        1334         316
        1335         184
        1336         201
        1337         207
        1338         238
        1339         253
        1340         264
        1341         149
        1342         190
        1343         197
        1344         250
        1345         267
        1346         313
        1347         315
        1348         192
        1349         202
        1350         221
        1351         224
        1352         259
        1353         262
        1354         276
        1355         205
        1356         209
        1357         243
        1358         246
        1359         266
        1360         170
        1361         190
        1362         250
        1363         302
        1364         171
        1365         191
        1366         251
        1367         303
        1368         203
        1369         213
        1370         226
        1371         248
        1372         257
        1373         269
        1374         206
        1375         210
        1376         226
        1377         244
        1378         263
        1379         268
        1380         204
        1381         214
        1382         225
        1383         247
        1384         261
        1385         270
        1386         201
        1387         212
        1388         229
        1389         260
        1390         264
        1391         282
        1392         211
        1393         216
        1394         241
        1395         245
        1396         272
        1397         274
        1398         208
        1399         212
        1400         246
        1401         260
        1402         277
        1403         211
        1404         215
        1405         239
        1406         242
        1407         271
        1408         272
        1409         215
        1410         217
        1411         241
        1412         249
        1413         271
        1414         275
        1415         209
        1416         220
        1417         232
        1418         258
        1419         266
        1420         278
        1421         210
        1422         218
        1423         236
        1424         255
        1425         268
        1426         279
        1427         216
        1428         219
        1429         239
        1430         252
        1431         274
        1432         286
        1433         205
        1434         208
        1435         232
        1436         240
        1437         266
        1438         277
        1439         290
        1440         214
        1441         224
        1442         237
        1443         259
        1444         270
        1445         284
        1446         213
        1447         221
        1448         235
        1449         262
        1450         269
        1451         283
        1452         217
        1453         222
        1454         242
        1455         254
        1456         275
        1457         280
        1458         190
        1459         230
        1460         233
        1461         302
        1462         315
        1463         191
        1464         228
        1465         234
        1466         303
        1467         316
        1468         219
        1469         223
        1470         245
        1471         256
        1472         281
        1473         286
        1474         207
        1475         227
        1476         229
        1477         264
        1478         273
        1479         289
        1480         222
        1481         225
        1482         249
        1483         261
        1484         280
        1485         287
        1486         197
        1487         218
        1488         244
        1489         267
        1490         279
        1491         288
        1492         223
        1493         227
        1494         252
        1495         273
        1496         281
        1497         297
        1498         226
        1499         235
        1500         263
        1501         269
        1502         291
        1503         220
        1504         243
        1505         265
        1506         278
        1507         285
        1508         224
        1509         231
        1510         247
        1511         276
        1512         284
        1513         295
        1514         212
        1515         238
        1516         240
        1517         277
        1518         282
        1519         292
        1520         225
        1521         237
        1522         254
        1523         270
        1524         287
        1525         293
        1526         221
        1527         231
        1528         248
        1529         276
        1530         283
        1531         296
        1532         226
        1533         236
        1534         257
        1535         268
        1536         291
        1537         294
        1538         229
        1539         238
        1540         253
        1541         282
        1542         289
        1543         298
        1544         195
        1545         220
        1546         228
        1547         258
        1548         285
        1549         311
        1550         328
        1551         354
        1552         232
        1553         243
        1554         246
        1555         278
        1556         290
        1557         299
        1558         318
        1559         197
        1560         230
        1561         255
        1562         288
        1563         313
        1564         334
        1565         356
        1566         236
        1567         244
        1568         263
        1569         279
        1570         294
        1571         300
        1572         235
        1573         248
        1574         257
        1575         283
        1576         291
        1577         306
        1578         237
        1579         247
        1580         261
        1581         284
        1582         293
        1583         307
        1584         241
        1585         242
        1586         272
        1587         275
        1588         304
        1589         305
        1590         239
        1591         241
        1592         271
        1593         274
        1594         301
        1595         304
        1596         227
        1597         253
        1598         256
        1599         289
        1600         297
        1601         320
        1602         239
        1603         245
        1604         272
        1605         286
        1606         301
        1607         321
        1608         242
        1609         249
        1610         271
        1611         280
        1612         305
        1613         308
        1614         231
        1615         259
        1616         262
        1617         295
        1618         296
        1619         312
        1620         240
        1621         246
        1622         260
        1623         290
        1624         292
        1625         309
        1626         243
        1627         258
        1628         266
        1629         285
        1630         299
        1631         314
        1632         244
        1633         255
        1634         268
        1635         288
        1636         300
        1637         319
        1638         249
        1639         254
        1640         275
        1641         287
        1642         308
        1643         317
        1644         252
        1645         256
        1646         286
        1647         297
        1648         310
        1649         238
        1650         260
        1651         264
        1652         292
        1653         298
        1654         322
        1655         248
        1656         262
        1657         269
        1658         296
        1659         306
        1660         324
        1661         247
        1662         259
        1663         270
        1664         295
        1665         307
        1666         323
        1667         258
        1668         265
        1669         278
        1670         314
        1671         328
        1672         245
        1673         252
        1674         274
        1675         281
        1676         310
        1677         321
        1678         342
        1679         254
        1680         261
        1681         280
        1682         293
        1683         317
        1684         326
        1685         255
        1686         267
        1687         279
        1688         319
        1689         334
        1690         253
        1691         264
        1692         273
        1693         298
        1694         320
        1695         327
        1696         246
        1697         266
        1698         277
        1699         309
        1700         318
        1701         329
        1702         257
        1703         263
        1704         269
        1705         294
        1706         306
        1707         325
        1708         332
        1709         260
        1710         277
        1711         282
        1712         309
        1713         322
        1714         330
        1715         261
        1716         270
        1717         287
        1718         307
        1719         326
        1720         333
        1721         263
        1722         268
        1723         291
        1724         300
        1725         325
        1726         331
        1727         259
        1728         276
        1729         284
        1730         312
        1731         323
        1732         335
        1733         262
        1734         276
        1735         283
        1736         312
        1737         324
        1738         336
        1739         256
        1740         273
        1741         281
        1742         310
        1743         320
        1744         343
        1745         348
        1746         264
        1747         282
        1748         289
        1749         322
        1750         327
        1751         339
        1752         266
        1753         278
        1754         314
        1755         318
        1756         338
        1757         268
        1758         279
        1759         294
        1760         319
        1761         331
        1762         341
        1763         272
        1764         274
        1765         304
        1766         321
        1767         346
        1768         233
        1769         250
        1770         315
        1771         381
        1772         234
        1773         251
        1774         316
        1775         382
        1776         271
        1777         272
        1778         301
        1779         305
        1780         337
        1781         346
        1782         271
        1783         275
        1784         304
        1785         308
        1786         337
        1787         340
        1788         269
        1789         283
        1790         291
        1791         324
        1792         332
        1793         345
        1794         270
        1795         284
        1796         293
        1797         323
        1798         333
        1799         344
        1800         275
        1801         280
        1802         305
        1803         317
        1804         340
        1805         347
        1806         277
        1807         290
        1808         292
        1809         329
        1810         330
        1811         349
        1812         281
        1813         286
        1814         297
        1815         342
        1816         343
        1817         228
        1818         265
        1819         316
        1820         354
        1821         388
        1822         427
        1823         276
        1824         295
        1825         296
        1826         335
        1827         336
        1828         355
        1829         230
        1830         267
        1831         315
        1832         356
        1833         387
        1834         428
        1835         278
        1836         285
        1837         299
        1838         328
        1839         338
        1840         357
        1841         230
        1842         250
        1843         302
        1844         313
        1845         381
        1846         387
        1847         228
        1848         251
        1849         303
        1850         311
        1851         382
        1852         388
        1853         280
        1854         287
        1855         308
        1856         326
        1857         347
        1858         353
        1859         266
        1860         290
        1861         299
        1862         329
        1863         338
        1864         351
        1865         279
        1866         288
        1867         300
        1868         334
        1869         341
        1870         358
        1871         273
        1872         289
        1873         297
        1874         327
        1875         348
        1876         352
        1877         274
        1878         286
        1879         301
        1880         342
        1881         346
        1882         363
        1883         282
        1884         292
        1885         298
        1886         330
        1887         339
        1888         350
        1889         284
        1890         295
        1891         307
        1892         335
        1893         344
        1894         359
        1895         283
        1896         296
        1897         306
        1898         336
        1899         345
        1900         360
        1901         291
        1902         294
        1903         331
        1904         332
        1905         361
        1906         287
        1907         293
        1908         317
        1909         333
        1910         353
        1911         362
        1912         289
        1913         298
        1914         320
        1915         339
        1916         352
        1917         364
        1918         265
        1919         285
        1920         314
        1921         354
        1922         357
        1923         371
        1924         290
        1925         309
        1926         318
        1927         349
        1928         351
        1929         368
        1930         292
        1931         309
        1932         322
        1933         349
        1934         350
        1935         365
        1936         294
        1937         300
        1938         325
        1939         341
        1940         361
        1941         366
        1942         291
        1943         306
        1944         325
        1945         345
        1946         361
        1947         367
        1948         293
        1949         307
        1950         326
        1951         344
        1952         362
        1953         369
        1954         267
        1955         288
        1956         319
        1957         356
        1958         358
        1959         374
        1960         295
        1961         312
        1962         323
        1963         355
        1964         359
        1965         372
        1966         296
        1967         312
        1968         324
        1969         355
        1970         360
        1971         377
        1972         304
        1973         305
        1974         340
        1975         346
        1976         370
        1977         389
        1978         299
        1979         314
        1980         318
        1981         351
        1982         357
        1983         378
        1984         298
        1985         322
        1986         327
        1987         350
        1988         364
        1989         379
        1990         305
        1991         308
        1992         337
        1993         347
        1994         370
        1995         375
        1996         300
        1997         319
        1998         331
        1999         358
        2000         366
        2001         380
        2002         286
        2003         310
        2004         321
        2005         343
        2006         363
        2007         373
        2008         376
        2009         297
        2010         310
        2011         342
        2012         348
        2013         376
        2014         383
        2015         307
        2016         323
        2017         333
        2018         359
        2019         369
        2020         385
        2021         306
        2022         324
        2023         332
        2024         360
        2025         367
        2026         386
        2027         301
        2028         304
        2029         321
        2030         337
        2031         363
        2032         389
        2033         400
        2034         308
        2035         317
        2036         340
        2037         353
        2038         375
        2039         384
        2040         297
        2041         320
        2042         343
        2043         352
        2044         383
        2045         395
        2046         309
        2047         329
        2048         330
        2049         365
        2050         368
        2051         393
        2052         322
        2053         330
        2054         339
        2055         365
        2056         379
        2057         391
        2058         318
        2059         329
        2060         338
        2061         368
        2062         378
        2063         394
        2064         320
        2065         327
        2066         348
        2067         364
        2068         390
        2069         395
        2070         317
        2071         326
        2072         347
        2073         362
        2074         384
        2075         392
        2076         265
        2077         311
        2078         328
        2079         371
        2080         427
        2081         450
        2082         312
        2083         335
        2084         336
        2085         372
        2086         377
        2087         397
        2088         267
        2089         313
        2090         334
        2091         374
        2092         428
        2093         452
        2094         314
        2095         328
        2096         338
        2097         371
        2098         378
        2099         399
        2100         319
        2101         334
        2102         341
        2103         374
        2104         380
        2105         401
        2106         323
        2107         335
        2108         344
        2109         372
        2110         385
        2111         398
        2112         324
        2113         336
        2114         345
        2115         377
        2116         386
        2117         403
        2118         325
        2119         331
        2120         332
        2121         366
        2122         367
        2123         396
        2124         404
        2125         326
        2126         333
        2127         353
        2128         369
        2129         392
        2130         402
        2131         321
        2132         342
        2133         346
        2134         373
        2135         400
        2136         405
        2137         327
        2138         339
        2139         352
        2140         379
        2141         390
        2142         406
        2143         330
        2144         349
        2145         350
        2146         391
        2147         393
        2148         407
        2149         331
        2150         341
        2151         361
        2152         380
        2153         396
        2154         414
        2155         332
        2156         345
        2157         361
        2158         386
        2159         404
        2160         411
        2161         329
        2162         349
        2163         351
        2164         393
        2165         394
        2166         416
        2167         333
        2168         344
        2169         362
        2170         385
        2171         402
        2172         408
        2173         337
        2174         340
        2175         375
        2176         389
        2177         409
        2178         412
        2179         328
        2180         354
        2181         357
        2182         399
        2183         424
        2184         450
        2185         335
        2186         355
        2187         359
        2188         397
        2189         398
        2190         417
        2191         342
        2192         363
        2193         376
        2194         405
        2195         410
        2196         334
        2197         356
        2198         358
        2199         401
        2200         425
        2201         452
        2202         340
        2203         347
        2204         370
        2205         384
        2206         412
        2207         413
        2208         342
        2209         343
        2210         373
        2211         383
        2212         410
        2213         415
        2214         336
        2215         355
        2216         360
        2217         397
        2218         403
        2219         421
        2220         338
        2221         351
        2222         357
        2223         394
        2224         399
        2225         418
        2226         339
        2227         350
        2228         364
        2229         391
        2230         406
        2231         419
        2232         341
        2233         358
        2234         366
        2235         401
        2236         414
        2237         420
        2238         302
        2239         315
        2240         387
        2241         462
        2242         303
        2243         316
        2244         388
        2245         463
        2246         343
        2247         348
        2248         376
        2249         395
        2250         415
        2251         423
        2252         347
        2253         353
        2254         375
        2255         392
        2256         413
        2257         422
        2258         344
        2259         359
        2260         369
        2261         398
        2262         408
        2263         426
        2264         345
        2265         360
        2266         367
        2267         403
        2268         411
        2269         429
        2270         313
        2271         315
        2272         381
        2273         428
        2274         462
        2275         471
        2276         311
        2277         316
        2278         382
        2279         427
        2280         463
        2281         472
        2282         337
        2283         346
        2284         370
        2285         400
        2286         409
        2287         435
        2288         437
        2289         352
        2290         364
        2291         395
        2292         406
        2293         431
        2294         350
        2295         365
        2296         379
        2297         407
        2298         419
        2299         433
        2300         353
        2301         362
        2302         384
        2303         402
        2304         422
        2305         432
        2306         349
        2307         365
        2308         368
        2309         407
        2310         416
        2311         434
        2312         351
        2313         368
        2314         378
        2315         416
        2316         418
        2317         443
        2318         348
        2319         352
        2320         383
        2321         390
        2322         423
        2323         431
        2324         456
        2325         361
        2326         366
        2327         404
        2328         414
        2329         430
        2330         355
        2331         372
        2332         377
        2333         417
        2334         421
        2335         438
        2336         359
        2337         372
        2338         385
        2339         417
        2340         426
        2341         440
        2342         357
        2343         371
        2344         378
        2345         418
        2346         424
        2347         439
        2348         346
        2349         363
        2350         389
        2351         405
        2352         435
        2353         436
        2354         358
        2355         374
        2356         380
        2357         420
        2358         425
        2359         441
        2360         362
        2361         369
        2362         392
        2363         408
        2364         432
        2365         442
        2366         360
        2367         377
        2368         386
        2369         421
        2370         429
        2371         445
        2372         361
        2373         367
        2374         396
        2375         411
        2376         430
        2377         446
        2378         363
        2379         373
        2380         400
        2381         410
        2382         436
        2383         444
        2384         364
        2385         379
        2386         390
        2387         419
        2388         431
        2389         451
        2390         365
        2391         391
        2392         393
        2393         433
        2394         434
        2395         455
        2396         369
        2397         385
        2398         402
        2399         426
        2400         442
        2401         458
        2402         370
        2403         389
        2404         412
        2405         437
        2406         448
        2407         373
        2408         376
        2409         405
        2410         415
        2411         444
        2412         447
        2413         367
        2414         386
        2415         404
        2416         429
        2417         446
        2418         459
        2419         370
        2420         375
        2421         409
        2422         413
        2423         448
        2424         449
        2425         375
        2426         384
        2427         412
        2428         422
        2429         449
        2430         454
        2431         366
        2432         380
        2433         396
        2434         420
        2435         430
        2436         457
        2437         469
        2438         376
        2439         383
        2440         410
        2441         423
        2442         447
        2443         453
        2444         368
        2445         393
        2446         394
        2447         434
        2448         443
        2449         461
        2450         372
        2451         397
        2452         398
        2453         438
        2454         440
        2455         465
        2456         378
        2457         394
        2458         399
        2459         439
        2460         443
        2461         474
        2462         379
        2463         391
        2464         406
        2465         433
        2466         451
        2467         466
        2468         380
        2469         401
        2470         414
        2471         441
        2472         457
        2473         377
        2474         397
        2475         403
        2476         438
        2477         445
        2478         468
        2479         384
        2480         392
        2481         413
        2482         432
        2483         454
        2484         464
        2485         383
        2486         395
        2487         415
        2488         453
        2489         456
        2490         460
        2491         371
        2492         399
        2493         439
        2494         450
        2495         470
        2496         374
        2497         401
        2498         441
        2499         452
        2500         467
        2501         385
        2502         398
        2503         408
        2504         440
        2505         458
        2506         473
        2507         311
        2508         354
        2509         388
        2510         450
        2511         472
        2512         526
        2513         552
        2514         313
        2515         356
        2516         387
        2517         452
        2518         471
        2519         528
        2520         551
        2521         386
        2522         403
        2523         411
        2524         445
        2525         459
        2526         476
        2527         396
        2528         404
        2529         414
        2530         446
        2531         469
        2532         477
        2533         390
        2534         395
        2535         406
        2536         451
        2537         456
        2538         483
        2539         392
        2540         402
        2541         422
        2542         442
        2543         464
        2544         478
        2545         391
        2546         407
        2547         419
        2548         455
        2549         466
        2550         475
        2551         393
        2552         407
        2553         416
        2554         455
        2555         461
        2556         484
        2557         389
        2558         400
        2559         436
        2560         437
        2561         479
        2562         480
        2563         400
        2564         405
        2565         435
        2566         444
        2567         480
        2568         481
        2569         389
        2570         409
        2571         435
        2572         448
        2573         479
        2574         482
        2575         397
        2576         417
        2577         421
        2578         465
        2579         468
        2580         486
        2581         399
        2582         418
        2583         424
        2584         470
        2585         474
        2586         490
        2587         398
        2588         417
        2589         426
        2590         465
        2591         473
        2592         495
        2593         401
        2594         420
        2595         425
        2596         457
        2597         467
        2598         491
        2599         402
        2600         408
        2601         432
        2602         458
        2603         478
        2604         488
        2605         394
        2606         416
        2607         418
        2608         461
        2609         474
        2610         492
        2611         405
        2612         410
        2613         436
        2614         447
        2615         481
        2616         485
        2617         403
        2618         421
        2619         429
        2620         468
        2621         476
        2622         496
        2623         404
        2624         411
        2625         430
        2626         459
        2627         477
        2628         493
        2629         410
        2630         415
        2631         444
        2632         453
        2633         485
        2634         489
        2635         409
        2636         412
        2637         437
        2638         449
        2639         482
        2640         487
        2641         412
        2642         413
        2643         448
        2644         454
        2645         487
        2646         494
        2647         354
        2648         371
        2649         424
        2650         427
        2651         470
        2652         526
        2653         557
        2654         406
        2655         419
        2656         431
        2657         466
        2658         483
        2659         498
        2660         356
        2661         374
        2662         425
        2663         428
        2664         467
        2665         517
        2666         528
        2667         560
        2668         415
        2669         423
        2670         447
        2671         460
        2672         489
        2673         497
        2674         413
        2675         422
        2676         449
        2677         464
        2678         494
        2679         499
        2680         407
        2681         433
        2682         434
        2683         475
        2684         484
        2685         502
        2686         395
        2687         423
        2688         431
        2689         460
        2690         483
        2691         501
        2692         511
        2693         414
        2694         420
        2695         441
        2696         469
        2697         491
        2698         504
        2699         408
        2700         426
        2701         442
        2702         473
        2703         488
        2704         500
        2705         411
        2706         429
        2707         446
        2708         476
        2709         493
        2710         503
        2711         423
        2712         453
        2713         456
        2714         497
        2715         501
        2716         416
        2717         434
        2718         443
        2719         484
        2720         492
        2721         506
        2722         381
        2723         387
        2724         471
        2725         548
        2726         382
        2727         388
        2728         472
        2729         549
        2730         422
        2731         432
        2732         454
        2733         478
        2734         499
        2735         510
        2736         417
        2737         438
        2738         440
        2739         486
        2740         495
        2741         508
        2742         419
        2743         433
        2744         451
        2745         475
        2746         498
        2747         509
        2748         425
        2749         441
        2750         452
        2751         491
        2752         517
        2753         421
        2754         438
        2755         445
        2756         486
        2757         496
        2758         512
        2759         414
        2760         430
        2761         457
        2762         477
        2763         504
        2764         507
        2765         424
        2766         439
        2767         450
        2768         490
        2769         521
        2770         557
        2771         387
        2772         428
        2773         462
        2774         548
        2775         551
        2776         388
        2777         427
        2778         463
        2779         549
        2780         552
        2781         426
        2782         440
        2783         458
        2784         495
        2785         500
        2786         515
        2787         418
        2788         439
        2789         443
        2790         490
        2791         492
        2792         505
        2793         518
        2794         433
        2795         455
        2796         466
        2797         502
        2798         509
        2799         429
        2800         445
        2801         459
        2802         496
        2803         503
        2804         519
        2805         430
        2806         446
        2807         469
        2808         493
        2809         507
        2810         522
        2811         432
        2812         442
        2813         464
        2814         488
        2815         510
        2816         524
        2817         435
        2818         437
        2819         480
        2820         482
        2821         514
        2822         516
        2823         435
        2824         436
        2825         479
        2826         481
        2827         513
        2828         514
        2829         436
        2830         444
        2831         480
        2832         485
        2833         513
        2834         520
        2835         437
        2836         448
        2837         479
        2838         487
        2839         516
        2840         523
        2841         431
        2842         451
        2843         456
        2844         498
        2845         511
        2846         525
        2847         434
        2848         455
        2849         461
        2850         502
        2851         506
        2852         530
        2853         444
        2854         447
        2855         481
        2856         489
        2857         520
        2858         529
        2859         438
        2860         465
        2861         468
        2862         508
        2863         512
        2864         533
        2865         448
        2866         449
        2867         482
        2868         494
        2869         523
        2870         527
        2871         442
        2872         458
        2873         478
        2874         500
        2875         524
        2876         532
        2877         447
        2878         453
        2879         485
        2880         497
        2881         529
        2882         531
        2883         439
        2884         470
        2885         474
        2886         505
        2887         521
        2888         536
        2889         441
        2890         457
        2891         467
        2892         504
        2893         517
        2894         538
        2895         443
        2896         461
        2897         474
        2898         506
        2899         518
        2900         541
        2901         446
        2902         459
        2903         477
        2904         503
        2905         522
        2906         534
        2907         449
        2908         454
        2909         487
        2910         499
        2911         527
        2912         535
        2913         440
        2914         465
        2915         473
        2916         508
        2917         515
        2918         540
        2919         445
        2920         468
        2921         476
        2922         512
        2923         519
        2924         539
        2925         453
        2926         460
        2927         489
        2928         501
        2929         531
        2930         537
        2931         451
        2932         466
        2933         483
        2934         509
        2935         525
        2936         542
        2937         454
        2938         464
        2939         494
        2940         510
        2941         535
        2942         543
        2943         458
        2944         473
        2945         488
        2946         515
        2947         532
        2948         547
        2949         456
        2950         460
        2951         497
        2952         511
        2953         537
        2954         546
        2955         455
        2956         475
        2957         484
        2958         509
        2959         530
        2960         544
        2961         459
        2962         476
        2963         493
        2964         519
        2965         534
        2966         550
        2967         457
        2968         469
        2969         491
        2970         507
        2971         538
        2972         545
        2973         555
        2974         474
        2975         490
        2976         518
        2977         536
        2978         553
        2979         461
        2980         484
        2981         492
        2982         530
        2983         541
        2984         556
        2985         469
        2986         477
        2987         504
        2988         522
        2989         545
        2990         559
        2991         465
        2992         486
        2993         495
        2994         533
        2995         540
        2996         561
        2997         466
        2998         475
        2999         498
        3000         502
        3001         542
        3002         544
        3003         570
        3004         464
        3005         478
        3006         499
        3007         524
        3008         543
        3009         554
        3010         456
        3011         483
        3012         501
        3013         525
        3014         546
        3015         563
        3016         468
        3017         486
        3018         496
        3019         533
        3020         539
        3021         565
        3022         480
        3023         481
        3024         514
        3025         520
        3026         558
        3027         564
        3028         479
        3029         480
        3030         513
        3031         516
        3032         558
        3033         562
        3034         473
        3035         495
        3036         500
        3037         540
        3038         547
        3039         574
        3040         479
        3041         482
        3042         514
        3043         523
        3044         562
        3045         566
        3046         452
        3047         467
        3048         491
        3049         538
        3050         560
        3051         568
        3052         474
        3053         492
        3054         505
        3055         541
        3056         553
        3057         576
        3058         476
        3059         496
        3060         503
        3061         539
        3062         550
        3063         572
        3064         481
        3065         485
        3066         513
        3067         529
        3068         564
        3069         569
        3070         470
        3071         490
        3072         536
        3073         557
        3074         567
        3075         477
        3076         493
        3077         507
        3078         534
        3079         559
        3080         577
        3081         482
        3082         487
        3083         516
        3084         527
        3085         566
        3086         575
        3087         478
        3088         488
        3089         510
        3090         532
        3091         554
        3092         571
        3093         483
        3094         498
        3095         511
        3096         542
        3097         563
        3098         579
        3099         427
        3100         450
        3101         552
        3102         557
        3103         638
        3104         644
        3105         487
        3106         494
        3107         523
        3108         535
        3109         575
        3110         578
        3111         428
        3112         452
        3113         551
        3114         560
        3115         637
        3116         670
        3117         485
        3118         489
        3119         520
        3120         531
        3121         569
        3122         573
        3123         484
        3124         502
        3125         506
        3126         544
        3127         556
        3128         581
        3129         489
        3130         497
        3131         529
        3132         537
        3133         573
        3134         580
        3135         488
        3136         500
        3137         524
        3138         547
        3139         571
        3140         583
        3141         486
        3142         508
        3143         512
        3144         561
        3145         565
        3146         582
        3147         493
        3148         503
        3149         522
        3150         550
        3151         577
        3152         586
        3153         494
        3154         499
        3155         527
        3156         543
        3157         578
        3158         585
        3159         490
        3160         505
        3161         521
        3162         553
        3163         567
        3164         587
        3165         497
        3166         501
        3167         531
        3168         546
        3169         580
        3170         584
        3171         491
        3172         504
        3173         517
        3174         555
        3175         568
        3176         588
        3177         496
        3178         512
        3179         519
        3180         565
        3181         572
        3182         589
        3183         495
        3184         508
        3185         515
        3186         561
        3187         574
        3188         591
        3189         492
        3190         506
        3191         518
        3192         556
        3193         576
        3194         590
        3195         498
        3196         509
        3197         525
        3198         570
        3199         579
        3200         592
        3201         499
        3202         510
        3203         535
        3204         554
        3205         585
        3206         593
        3207         502
        3208         509
        3209         530
        3210         570
        3211         581
        3212         595
        3213         504
        3214         507
        3215         555
        3216         559
        3217         602
        3218         604
        3219         501
        3220         511
        3221         537
        3222         563
        3223         584
        3224         594
        3225         500
        3226         515
        3227         532
        3228         574
        3229         583
        3230         596
        3231         462
        3232         471
        3233         551
        3234         641
        3235         463
        3236         472
        3237         552
        3238         642
        3239         503
        3240         519
        3241         534
        3242         572
        3243         586
        3244         603
        3245         428
        3246         471
        3247         528
        3248         548
        3249         637
        3250         641
        3251         427
        3252         472
        3253         526
        3254         549
        3255         638
        3256         642
        3257         505
        3258         518
        3259         536
        3260         576
        3261         587
        3262         599
        3263         510
        3264         524
        3265         543
        3266         571
        3267         593
        3268         609
        3269         504
        3270         538
        3271         545
        3272         588
        3273         602
        3274         506
        3275         530
        3276         541
        3277         581
        3278         590
        3279         607
        3280         450
        3281         470
        3282         521
        3283         526
        3284         567
        3285         620
        3286         644
        3287         684
        3288         513
        3289         514
        3290         562
        3291         564
        3292         597
        3293         598
        3294         507
        3295         522
        3296         545
        3297         577
        3298         604
        3299         617
        3300         452
        3301         517
        3302         528
        3303         568
        3304         622
        3305         670
        3306         673
        3307         508
        3308         533
        3309         540
        3310         582
        3311         591
        3312         611
        3313         514
        3314         516
        3315         558
        3316         566
        3317         597
        3318         605
        3319         511
        3320         525
        3321         546
        3322         579
        3323         594
        3324         608
        3325         513
        3326         520
        3327         558
        3328         569
        3329         598
        3330         601
        3331         512
        3332         533
        3333         539
        3334         582
        3335         589
        3336         600
        3337         516
        3338         523
        3339         562
        3340         575
        3341         605
        3342         606
        3343         521
        3344         536
        3345         557
        3346         587
        3347         620
        3348         517
        3349         538
        3350         560
        3351         588
        3352         622
        3353         520
        3354         529
        3355         564
        3356         573
        3357         601
        3358         610
        3359         509
        3360         542
        3361         544
        3362         592
        3363         595
        3364         612
        3365         524
        3366         532
        3367         554
        3368         583
        3369         609
        3370         615
        3371         519
        3372         539
        3373         550
        3374         589
        3375         603
        3376         621
        3377         529
        3378         531
        3379         569
        3380         580
        3381         610
        3382         614
        3383         515
        3384         540
        3385         547
        3386         591
        3387         596
        3388         616
        3389         523
        3390         527
        3391         566
        3392         578
        3393         606
        3394         613
        3395         518
        3396         541
        3397         553
        3398         590
        3399         599
        3400         619
        3401         522
        3402         534
        3403         559
        3404         586
        3405         617
        3406         627
        3407         527
        3408         535
        3409         575
        3410         585
        3411         613
        3412         618
        3413         525
        3414         542
        3415         563
        3416         592
        3417         608
        3418         624
        3419         531
        3420         537
        3421         573
        3422         584
        3423         614
        3424         623
        3425         530
        3426         544
        3427         556
        3428         595
        3429         607
        3430         628
        3431         533
        3432         561
        3433         565
        3434         600
        3435         611
        3436         626
        3437         532
        3438         547
        3439         571
        3440         596
        3441         615
        3442         630
        3443         537
        3444         546
        3445         580
        3446         594
        3447         623
        3448         629
        3449         535
        3450         543
        3451         578
        3452         593
        3453         618
        3454         625
        3455         534
        3456         550
        3457         577
        3458         603
        3459         627
        3460         635
        3461         536
        3462         553
        3463         567
        3464         599
        3465         620
        3466         632
        3467         538
        3468         555
        3469         568
        3470         602
        3471         622
        3472         633
        3473         539
        3474         565
        3475         572
        3476         600
        3477         621
        3478         634
        3479         541
        3480         556
        3481         576
        3482         607
        3483         619
        3484         636
        3485         540
        3486         561
        3487         574
        3488         611
        3489         616
        3490         631
        3491         542
        3492         570
        3493         579
        3494         612
        3495         624
        3496         640
        3497         543
        3498         554
        3499         585
        3500         609
        3501         625
        3502         639
        3503         546
        3504         563
        3505         584
        3506         608
        3507         629
        3508         643
        3509         544
        3510         570
        3511         581
        3512         612
        3513         628
        3514         650
        3515         547
        3516         574
        3517         583
        3518         616
        3519         630
        3520         649
        3521         558
        3522         562
        3523         598
        3524         605
        3525         645
        3526         646
        3527         558
        3528         564
        3529         597
        3530         601
        3531         645
        3532         647
        3533         553
        3534         576
        3535         587
        3536         619
        3537         632
        3538         652
        3539         565
        3540         582
        3541         589
        3542         626
        3543         634
        3544         656
        3545         564
        3546         569
        3547         598
        3548         610
        3549         647
        3550         651
        3551         545
        3552         555
        3553         588
        3554         604
        3555         633
        3556         654
        3557         550
        3558         572
        3559         586
        3560         621
        3561         635
        3562         657
        3563         545
        3564         559
        3565         602
        3566         617
        3567         654
        3568         658
        3569         562
        3570         566
        3571         597
        3572         606
        3573         646
        3574         648
        3575         566
        3576         575
        3577         605
        3578         613
        3579         648
        3580         653
        3581         556
        3582         581
        3583         590
        3584         628
        3585         636
        3586         660
        3587         563
        3588         579
        3589         594
        3590         624
        3591         643
        3592         661
        3593         554
        3594         571
        3595         593
        3596         615
        3597         639
        3598         655
        3599         569
        3600         573
        3601         601
        3602         614
        3603         651
        3604         659
        3605         561
        3606         582
        3607         591
        3608         626
        3609         631
        3610         663
        3611         570
        3612         592
        3613         595
        3614         640
        3615         650
        3616         665
        3617         575
        3618         578
        3619         606
        3620         618
        3621         653
        3622         662
        3623         573
        3624         580
        3625         610
        3626         623
        3627         659
        3628         664
        3629         571
        3630         583
        3631         609
        3632         630
        3633         655
        3634         666
        3635         574
        3636         591
        3637         596
        3638         631
        3639         649
        3640         669
        3641         559
        3642         577
        3643         604
        3644         627
        3645         658
        3646         668
        3647         578
        3648         585
        3649         613
        3650         625
        3651         662
        3652         667
        3653         576
        3654         590
        3655         599
        3656         636
        3657         652
        3658         674
        3659         557
        3660         567
        3661         587
        3662         632
        3663         677
        3664         684
        3665         572
        3666         589
        3667         603
        3668         634
        3669         657
        3670         672
        3671         560
        3672         568
        3673         588
        3674         633
        3675         671
        3676         673
        3677         580
        3678         584
        3679         614
        3680         629
        3681         664
        3682         675
        3683         579
        3684         592
        3685         608
        3686         640
        3687         661
        3688         678
        3689         585
        3690         593
        3691         618
        3692         639
        3693         667
        3694         676
        3695         582
        3696         600
        3697         611
        3698         656
        3699         663
        3700         680
        3701         577
        3702         586
        3703         617
        3704         635
        3705         668
        3706         679
        3707         581
        3708         595
        3709         607
        3710         650
        3711         660
        3712         681
        3713         584
        3714         594
        3715         623
        3716         643
        3717         675
        3718         683
        3719         583
        3720         596
        3721         615
        3722         649
        3723         666
        3724         682
        3725         591
        3726         611
        3727         616
        3728         663
        3729         669
        3730         686
        3731         587
        3732         599
        3733         620
        3734         652
        3735         677
        3736         687
        3737         588
        3738         602
        3739         622
        3740         654
        3741         671
        3742         688
        3743         589
        3744         600
        3745         621
        3746         656
        3747         672
        3748         694
        3749         586
        3750         603
        3751         627
        3752         657
        3753         679
        3754         692
        3755         590
        3756         607
        3757         619
        3758         660
        3759         674
        3760         689
        3761         528
        3762         551
        3763         641
        3764         670
        3765         728
        3766         734
        3767         526
        3768         552
        3769         642
        3770         644
        3771         727
        3772         735
        3773         593
        3774         609
        3775         625
        3776         655
        3777         676
        3778         685
        3779         592
        3780         612
        3781         624
        3782         665
        3783         678
        3784         697
        3785         548
        3786         551
        3787         637
        3788         734
        3789         549
        3790         552
        3791         638
        3792         735
        3793         594
        3794         608
        3795         629
        3796         661
        3797         683
        3798         695
        3799         526
        3800         557
        3801         638
        3802         684
        3803         727
        3804         768
        3805         821
        3806         597
        3807         598
        3808         646
        3809         647
        3810         690
        3811         691
        3812         597
        3813         605
        3814         645
        3815         648
        3816         690
        3817         693
        3818         598
        3819         601
        3820         645
        3821         651
        3822         691
        3823         696
        3824         605
        3825         606
        3826         646
        3827         653
        3828         693
        3829         698
        3830         596
        3831         616
        3832         630
        3833         669
        3834         682
        3835         701
        3836         595
        3837         612
        3838         628
        3839         665
        3840         681
        3841         704
        3842         601
        3843         610
        3844         647
        3845         659
        3846         696
        3847         700
        3848         599
        3849         619
        3850         632
        3851         674
        3852         687
        3853         703
        3854         606
        3855         613
        3856         648
        3857         662
        3858         698
        3859         702
        3860         602
        3861         604
        3862         633
        3863         658
        3864         688
        3865         707
        3866         609
        3867         615
        3868         639
        3869         666
        3870         685
        3871         699
        3872         600
        3873         626
        3874         634
        3875         680
        3876         694
        3877         603
        3878         621
        3879         635
        3880         672
        3881         692
        3882         708
        3883         604
        3884         617
        3885         654
        3886         668
        3887         706
        3888         707
        3889         610
        3890         614
        3891         651
        3892         664
        3893         700
        3894         705
        3895         607
        3896         628
        3897         636
        3898         681
        3899         689
        3900         711
        3901         608
        3902         624
        3903         643
        3904         678
        3905         695
        3906         712
        3907         613
        3908         618
        3909         653
        3910         667
        3911         702
        3912         709
        3913         611
        3914         626
        3915         631
        3916         680
        3917         686
        3918         710
        3919         614
        3920         623
        3921         659
        3922         675
        3923         705
        3924         713
        3925         612
        3926         640
        3927         650
        3928         697
        3929         704
        3930         717
        3931         615
        3932         630
        3933         655
        3934         682
        3935         699
        3936         716
        3937         618
        3938         625
        3939         662
        3940         676
        3941         709
        3942         714
        3943         617
        3944         627
        3945         658
        3946         679
        3947         706
        3948         715
        3949         616
        3950         631
        3951         649
        3952         686
        3953         701
        3954         718
        3955         528
        3956         560
        3957         637
        3958         673
        3959         728
        3960         770
        3961         820
        3962         622
        3963         633
        3964         673
        3965         688
        3966         726
        3967         621
        3968         634
        3969         657
        3970         694
        3971         708
        3972         720
        3973         560
        3974         622
        3975         670
        3976         671
        3977         726
        3978         770
        3979         783
        3980         619
        3981         636
        3982         652
        3983         689
        3984         703
        3985         721
        3986         623
        3987         629
        3988         664
        3989         683
        3990         713
        3991         719
        3992         625
        3993         639
        3994         667
        3995         685
        3996         714
        3997         722
        3998         620
        3999         632
        4000         684
        4001         687
        4002         725
        4003         624
        4004         640
        4005         661
        4006         697
        4007         712
        4008         723
        4009         627
        4010         635
        4011         668
        4012         692
        4013         715
        4014         724
        4015         626
        4016         656
        4017         663
        4018         694
        4019         710
        4020         732
        4021         628
        4022         650
        4023         660
        4024         704
        4025         711
        4026         731
        4027         630
        4028         649
        4029         666
        4030         701
        4031         716
        4032         730
        4033         629
        4034         643
        4035         675
        4036         695
        4037         719
        4038         729
        4039         557
        4040         620
        4041         644
        4042         677
        4043         725
        4044         768
        4045         804
        4046         639
        4047         655
        4048         676
        4049         699
        4050         722
        4051         733
        4052         631
        4053         663
        4054         669
        4055         710
        4056         718
        4057         739
        4058         632
        4059         652
        4060         677
        4061         703
        4062         725
        4063         738
        4064         633
        4065         654
        4066         671
        4067         707
        4068         726
        4069         741
        4070         636
        4071         660
        4072         674
        4073         711
        4074         721
        4075         742
        4076         645
        4077         646
        4078         691
        4079         693
        4080         736
        4081         737
        4082         645
        4083         647
        4084         690
        4085         696
        4086         736
        4087         740
        4088         635
        4089         657
        4090         679
        4091         708
        4092         724
        4093         744
        4094         646
        4095         648
        4096         690
        4097         698
        4098         737
        4099         743
        4100         634
        4101         656
        4102         672
        4103         680
        4104         720
        4105         732
        4106         755
        4107         643
        4108         661
        4109         683
        4110         712
        4111         729
        4112         747
        4113         647
        4114         651
        4115         691
        4116         700
        4117         740
        4118         745
        4119         640
        4120         665
        4121         678
        4122         717
        4123         723
        4124         749
        4125         648
        4126         653
        4127         693
        4128         702
        4129         743
        4130         746
        4131         655
        4132         666
        4133         685
        4134         716
        4135         733
        4136         750
        4137         651
        4138         659
        4139         696
        4140         705
        4141         745
        4142         748
        4143         649
        4144         669
        4145         682
        4146         718
        4147         730
        4148         753
        4149         653
        4150         662
        4151         698
        4152         709
        4153         746
        4154         751
        4155         652
        4156         674
        4157         687
        4158         721
        4159         738
        4160         752
        4161         650
        4162         665
        4163         681
        4164         717
        4165         731
        4166         759
        4167         659
        4168         664
        4169         700
        4170         713
        4171         748
        4172         756
        4173         658
        4174         668
        4175         707
        4176         715
        4177         754
        4178         757
        4179         654
        4180         658
        4181         688
        4182         706
        4183         741
        4184         754
        4185         758
        4186         657
        4187         672
        4188         692
        4189         720
        4190         744
        4191         761
        4192         662
        4193         667
        4194         702
        4195         714
        4196         751
        4197         760
        4198         663
        4199         680
        4200         686
        4201         732
        4202         739
        4203         762
        4204         660
        4205         681
        4206         689
        4207         731
        4208         742
        4209         766
        4210         661
        4211         678
        4212         695
        4213         723
        4214         747
        4215         764
        4216         664
        4217         675
        4218         705
        4219         719
        4220         756
        4221         763
        4222         667
        4223         676
        4224         709
        4225         722
        4226         760
        4227         767
        4228         668
        4229         679
        4230         706
        4231         724
        4232         757
        4233         769
        4234         666
        4235         682
        4236         699
        4237         730
        4238         750
        4239         765
        4240         665
        4241         697
        4242         704
        4243         749
        4244         759
        4245         780
        4246         669
        4247         686
        4248         701
        4249         739
        4250         753
        4251         771
        4252         675
        4253         683
        4254         713
        4255         729
        4256         763
        4257         772
        4258         672
        4259         694
        4260         708
        4261         755
        4262         761
        4263         773
        4264         674
        4265         689
        4266         703
        4267         742
        4268         752
        4269         774
        4270         676
        4271         685
        4272         714
        4273         733
        4274         767
        4275         775
        4276         678
        4277         697
        4278         712
        4279         749
        4280         764
        4281         779
        4282         679
        4283         692
        4284         715
        4285         744
        4286         769
        4287         778
        4288         677
        4289         684
        4290         687
        4291         738
        4292         781
        4293         804
        4294         671
        4295         673
        4296         688
        4297         741
        4298         776
        4299         783
        4300         638
        4301         644
        4302         735
        4303         821
        4304         825
        4305         637
        4306         670
        4307         734
        4308         820
        4309         824
        4310         683
        4311         695
        4312         719
        4313         747
        4314         772
        4315         782
        4316         682
        4317         701
        4318         716
        4319         753
        4320         765
        4321         777
        4322         681
        4323         704
        4324         711
        4325         759
        4326         766
        4327         784
        4328         680
        4329         694
        4330         710
        4331         755
        4332         762
        4333         785
        4334         685
        4335         699
        4336         722
        4337         750
        4338         775
        4339         786
        4340         637
        4341         641
        4342         728
        4343         824
        4344         638
        4345         642
        4346         727
        4347         825
        4348         690
        4349         691
        4350         737
        4351         740
        4352         789
        4353         791
        4354         690
        4355         693
        4356         736
        4357         743
        4358         789
        4359         793
        4360         687
        4361         703
        4362         725
        4363         752
        4364         781
        4365         787
        4366         686
        4367         710
        4368         718
        4369         762
        4370         771
        4371         790
        4372         691
        4373         696
        4374         736
        4375         745
        4376         791
        4377         794
        4378         688
        4379         707
        4380         726
        4381         758
        4382         776
        4383         788
        4384         689
        4385         711
        4386         721
        4387         766
        4388         774
        4389         795
        4390         693
        4391         698
        4392         737
        4393         746
        4394         793
        4395         798
        4396         692
        4397         708
        4398         724
        4399         761
        4400         778
        4401         792
        4402         696
        4403         700
        4404         740
        4405         748
        4406         794
        4407         800
        4408         698
        4409         702
        4410         743
        4411         751
        4412         798
        4413         695
        4414         712
        4415         729
        4416         764
        4417         782
        4418         799
        4419         700
        4420         705
        4421         745
        4422         756
        4423         800
        4424         806
        4425         697
        4426         717
        4427         723
        4428         779
        4429         780
        4430         808
        4431         699
        4432         716
        4433         733
        4434         765
        4435         786
        4436         802
        4437         702
        4438         709
        4439         746
        4440         760
        4441         798
        4442         805
        4443         703
        4444         721
        4445         738
        4446         774
        4447         787
        4448         801
        4449         701
        4450         718
        4451         730
        4452         771
        4453         777
        4454         797
        4455         706
        4456         707
        4457         757
        4458         758
        4459         796
        4460         803
        4461         694
        4462         720
        4463         732
        4464         773
        4465         785
        4466         818
        4467         705
        4468         713
        4469         748
        4470         763
        4471         806
        4472         810
        4473         706
        4474         715
        4475         754
        4476         769
        4477         796
        4478         807
        4479         707
        4480         741
        4481         754
        4482         788
        4483         803
        4484         704
        4485         717
        4486         731
        4487         780
        4488         784
        4489         809
        4490         709
        4491         714
        4492         751
        4493         767
        4494         805
        4495         811
        4496         708
        4497         720
        4498         744
        4499         773
        4500         792
        4501         823
        4502         710
        4503         732
        4504         739
        4505         785
        4506         790
        4507         812
        4508         713
        4509         719
        4510         756
        4511         772
        4512         810
        4513         819
        4514         712
        4515         723
        4516         747
        4517         779
        4518         799
        4519         815
        4520         716
        4521         730
        4522         750
        4523         777
        4524         802
        4525         813
        4526         711
        4527         731
        4528         742
        4529         784
        4530         795
        4531         816
        4532         714
        4533         722
        4534         760
        4535         775
        4536         811
        4537         822
        4538         644
        4539         684
        4540         804
        4541         821
        4542         909
        4543         955
        4544         715
        4545         724
        4546         757
        4547         778
        4548         807
        4549         817
        4550         670
        4551         673
        4552         783
        4553         820
        4554         880
        4555         908
        4556         718
        4557         739
        4558         753
        4559         790
        4560         797
        4561         814
        4562         719
        4563         729
        4564         763
        4565         782
        4566         819
        4567         833
        4568         720
        4569         755
        4570         761
        4571         818
        4572         823
        4573         847
        4574         721
        4575         742
        4576         752
        4577         795
        4578         801
        4579         829
        4580         722
        4581         733
        4582         767
        4583         786
        4584         822
        4585         828
        4586         726
        4587         741
        4588         783
        4589         788
        4590         835
        4591         730
        4592         753
        4593         765
        4594         797
        4595         813
        4596         826
        4597         724
        4598         744
        4599         769
        4600         792
        4601         817
        4602         827
        4603         723
        4604         749
        4605         764
        4606         808
        4607         815
        4608         830
        4609         717
        4610         749
        4611         759
        4612         808
        4613         809
        4614         831
        4615         725
        4616         738
        4617         787
        4618         804
        4619         832
        4620         729
        4621         747
        4622         772
        4623         799
        4624         833
        4625         673
        4626         726
        4627         770
        4628         776
        4629         835
        4630         880
        4631         893
        4632         731
        4633         759
        4634         766
        4635         809
        4636         816
        4637         836
        4638         732
        4639         755
        4640         762
        4641         812
        4642         818
        4643         841
        4644         733
        4645         750
        4646         775
        4647         802
        4648         828
        4649         843
        4650         738
        4651         752
        4652         781
        4653         801
        4654         832
        4655         837
        4656         741
        4657         758
        4658         776
        4659         803
        4660         835
        4661         838
        4662         736
        4663         737
        4664         791
        4665         793
        4666         840
        4667         842
        4668         739
        4669         762
        4670         771
        4671         812
        4672         814
        4673         834
        4674         736
        4675         740
        4676         789
        4677         794
        4678         840
        4679         845
        4680         744
        4681         761
        4682         778
        4683         823
        4684         827
        4685         839
        4686         737
        4687         743
        4688         789
        4689         798
        4690         842
        4691         848
        4692         740
        4693         745
        4694         791
        4695         800
        4696         845
        4697         851
        4698         742
        4699         766
        4700         774
        4701         816
        4702         829
        4703         844
        4704         754
        4705         757
        4706         803
        4707         807
        4708         846
        4709         850
        4710         753
        4711         771
        4712         777
        4713         814
        4714         826
        4715         849
        4716         743
        4717         746
        4718         751
        4719         793
        4720         805
        4721         848
        4722         853
        4723         855
        4724         747
        4725         764
        4726         782
        4727         815
        4728         833
        4729         852
        4730         745
        4731         748
        4732         794
        4733         806
        4734         851
        4735         854
        4736         752
        4737         774
        4738         787
        4739         829
        4740         837
        4741         750
        4742         765
        4743         786
        4744         813
        4745         843
        4746         857
        4747         754
        4748         758
        4749         788
        4750         796
        4751         838
        4752         850
        4753         684
        4754         725
        4755         768
        4756         781
        4757         832
        4758         891
        4759         955
        4760         751
        4761         760
        4762         798
        4763         811
        4764         855
        4765         860
        4766         748
        4767         756
        4768         800
        4769         810
        4770         854
        4771         858
        4772         757
        4773         769
        4774         796
        4775         817
        4776         846
        4777         856
        4778         749
        4779         779
        4780         780
        4781         830
        4782         831
        4783         859
        4784         759
        4785         780
        4786         784
        4787         831
        4788         836
        4789         861
        4790         756
        4791         763
        4792         806
        4793         819
        4794         858
        4795         864
        4796         760
        4797         767
        4798         805
        4799         822
        4800         860
        4801         868
        4802         762
        4803         785
        4804         790
        4805         834
        4806         841
        4807         862
        4808         765
        4809         777
        4810         802
        4811         826
        4812         857
        4813         870
        4814         771
        4815         790
        4816         797
        4817         834
        4818         849
        4819         863
        4820         764
        4821         779
        4822         799
        4823         830
        4824         852
        4825         865
        4826         766
        4827         784
        4828         795
        4829         836
        4830         844
        4831         867
        4832         769
        4833         778
        4834         807
        4835         827
        4836         856
        4837         866
        4838         755
        4839         773
        4840         785
        4841         841
        4842         847
        4843         869
        4844         763
        4845         772
        4846         810
        4847         833
        4848         864
        4849         871
        4850         670
        4851         728
        4852         770
        4853         824
        4854         908
        4855         922
        4856         644
        4857         727
        4858         768
        4859         825
        4860         909
        4861         923
        4862         767
        4863         775
        4864         811
        4865         828
        4866         868
        4867         872
        4868         761
        4869         773
        4870         792
        4871         839
        4872         847
        4873         873
        4874         728
        4875         734
        4876         820
        4877         922
        4878         727
        4879         735
        4880         821
        4881         923
        4882         777
        4883         797
        4884         813
        4885         849
        4886         870
        4887         882
        4888         778
        4889         792
        4890         817
        4891         839
        4892         866
        4893         898
        4894         775
        4895         786
        4896         822
        4897         843
        4898         872
        4899         885
        4900         774
        4901         795
        4902         801
        4903         837
        4904         844
        4905         883
        4906         894
        4907         779
        4908         808
        4909         815
        4910         859
        4911         865
        4912         881
        4913         780
        4914         808
        4915         809
        4916         859
        4917         861
        4918         876
        4919         781
        4920         787
        4921         804
        4922         837
        4923         874
        4924         891
        4925         772
        4926         782
        4927         799
        4928         819
        4929         852
        4930         871
        4931         875
        4932         899
        4933         790
        4934         812
        4935         814
        4936         862
        4937         863
        4938         878
        4939         776
        4940         783
        4941         788
        4942         838
        4943         877
        4944         893
        4945         784
        4946         809
        4947         816
        4948         861
        4949         867
        4950         886
        4951         787
        4952         801
        4953         829
        4954         832
        4955         874
        4956         883
        4957         788
        4958         803
        4959         835
        4960         850
        4961         877
        4962         884
        4963         792
        4964         823
        4965         827
        4966         873
        4967         898
        4968         913
        4969         789
        4970         791
        4971         842
        4972         845
        4973         888
        4974         889
        4975         785
        4976         812
        4977         818
        4978         862
        4979         869
        4980         887
        4981         789
        4982         793
        4983         840
        4984         848
        4985         888
        4986         890
        4987         786
        4988         802
        4989         828
        4990         857
        4991         885
        4992         903
        4993         795
        4994         816
        4995         829
        4996         867
        4997         894
        4998         901
        4999         791
        5000         794
        5001         840
        5002         851
        5003         889
        5004         892
        5005         796
        5006         807
        5007         850
        5008         856
        5009         896
        5010         897
        5011         773
        5012         818
        5013         823
        5014         869
        5015         873
        5016         904
        5017         793
        5018         798
        5019         842
        5020         853
        5021         890
        5022         895
        5023         797
        5024         814
        5025         826
        5026         863
        5027         882
        5028         910
        5029         796
        5030         803
        5031         838
        5032         846
        5033         884
        5034         897
        5035         794
        5036         800
        5037         845
        5038         854
        5039         892
        5040         900
        5041         799
        5042         815
        5043         833
        5044         865
        5045         899
        5046         906
        5047         798
        5048         848
        5049         855
        5050         879
        5051         895
        5052         800
        5053         806
        5054         851
        5055         858
        5056         900
        5057         902
        5058         798
        5059         805
        5060         853
        5061         860
        5062         879
        5063         905
        5064         807
        5065         817
        5066         846
        5067         866
        5068         896
        5069         907
        5070         802
        5071         813
        5072         843
        5073         870
        5074         903
        5075         916
        5076         806
        5077         810
        5078         854
        5079         864
        5080         902
        5081         911
        5082         808
        5083         830
        5084         831
        5085         876
        5086         881
        5087         914
        5088         805
        5089         811
        5090         855
        5091         868
        5092         905
        5093         912
        5094         809
        5095         831
        5096         836
        5097         876
        5098         886
        5099         915
        5100         812
        5101         834
        5102         841
        5103         878
        5104         887
        5105         918
        5106         814
        5107         834
        5108         849
        5109         878
        5110         910
        5111         929
        5112         810
        5113         819
        5114         858
        5115         871
        5116         911
        5117         917
        5118         815
        5119         830
        5120         852
        5121         881
        5122         906
        5123         817
        5124         827
        5125         856
        5126         898
        5127         907
        5128         919
        5129         816
        5130         836
        5131         844
        5132         886
        5133         901
        5134         921
        5135         811
        5136         822
        5137         860
        5138         872
        5139         912
        5140         920
        5141         818
        5142         841
        5143         847
        5144         887
        5145         904
        5146         924
        5147         813
        5148         826
        5149         857
        5150         882
        5151         916
        5152         927
        5153         819
        5154         833
        5155         864
        5156         875
        5157         917
        5158         925
        5159         822
        5160         828
        5161         868
        5162         885
        5163         920
        5164         926
        5165         823
        5166         839
        5167         847
        5168         904
        5169         913
        5170         928
        5171         832
        5172         837
        5173         883
        5174         891
        5175         956
        5176         971
        5177         833
        5178         871
        5179         899
        5180         925
        5181         931
        5182         831
        5183         859
        5184         861
        5185         914
        5186         915
        5187         941
        5188         835
        5189         838
        5190         884
        5191         893
        5192         937
        5193        1008
        5194         834
        5195         862
        5196         863
        5197         918
        5198         929
        5199         853
        5200         855
        5201         895
        5202         905
        5203         938
        5204         940
        5205         770
        5206         783
        5207         893
        5208         908
        5209        1000
        5210        1013
        5211        1083
        5212         830
        5213         859
        5214         865
        5215         906
        5216         914
        5217         947
        5218         826
        5219         849
        5220         870
        5221         910
        5222         927
        5223         954
        5224         829
        5225         837
        5226         874
        5227         894
        5228         932
        5229         956
        5230         838
        5231         850
        5232         877
        5233         897
        5234         936
        5235         937
        5236         828
        5237         843
        5238         872
        5239         903
        5240         926
        5241         945
        5242         836
        5243         861
        5244         867
        5245         915
        5246         921
        5247         930
        5248         841
        5249         862
        5250         869
        5251         918
        5252         924
        5253         948
        5254         840
        5255         842
        5256         889
        5257         890
        5258         933
        5259         934
        5260         840
        5261         845
        5262         888
        5263         892
        5264         933
        5265         935
        5266         842
        5267         848
        5268         888
        5269         895
        5270         934
        5271         939
        5272         804
        5273         832
        5274         874
        5275         955
        5276         971
        5277         845
        5278         851
        5279         889
        5280         900
        5281         935
        5282         942
        5283         783
        5284         835
        5285         877
        5286         880
        5287        1008
        5288        1013
        5289         829
        5290         844
        5291         883
        5292         901
        5293         932
        5294         944
        5295         848
        5296         853
        5297         879
        5298         890
        5299         939
        5300         940
        5301         846
        5302         856
        5303         897
        5304         907
        5305         946
        5306         951
        5307         846
        5308         850
        5309         884
        5310         896
        5311         936
        5312         946
        5313         827
        5314         839
        5315         866
        5316         913
        5317         919
        5318         953
        5319         833
        5320         852
        5321         875
        5322         906
        5323         931
        5324         952
        5325         851
        5326         854
        5327         892
        5328         902
        5329         942
        5330         950
        5331         844
        5332         867
        5333         894
        5334         921
        5335         943
        5336         944
        5337         854
        5338         858
        5339         900
        5340         911
        5341         950
        5342         957
        5343         843
        5344         857
        5345         885
        5346         916
        5347         945
        5348         960
        5349         847
        5350         869
        5351         873
        5352         924
        5353         928
        5354         958
        5355         855
        5356         860
        5357         879
        5358         912
        5359         938
        5360         949
        5361         852
        5362         865
        5363         881
        5364         899
        5365         947
        5366         952
        5367         966
        5368         856
        5369         866
        5370         896
        5371         919
        5372         951
        5373         969
        5374         770
        5375         820
        5376         880
        5377         922
        5378        1000
        5379        1016
        5380         768
        5381         821
        5382         923
        5383         955
        5384         999
        5385        1017
        5386         849
        5387         863
        5388         882
        5389         929
        5390         954
        5391         964
        5392         858
        5393         864
        5394         902
        5395         917
        5396         957
        5397         961
        5398         860
        5399         868
        5400         905
        5401         920
        5402         949
        5403         959
        5404         839
        5405         873
        5406         898
        5407         928
        5408         953
        5409         967
        5410         859
        5411         876
        5412         881
        5413         941
        5414         947
        5415         987
        5416         861
        5417         876
        5418         886
        5419         930
        5420         941
        5421         975
        5422         857
        5423         870
        5424         903
        5425         927
        5426         960
        5427         968
        5428         864
        5429         871
        5430         911
        5431         925
        5432         961
        5433         965
        5434         862
        5435         878
        5436         887
        5437         929
        5438         948
        5439         963
        5440         866
        5441         898
        5442         907
        5443         953
        5444         969
        5445         977
        5446         868
        5447         872
        5448         912
        5449         926
        5450         959
        5451         962
        5452         867
        5453         886
        5454         901
        5455         930
        5456         943
        5457         995
        5458         997
        5459         820
        5460         824
        5461         908
        5462        1016
        5463         821
        5464         825
        5465         909
        5466        1017
        5467         869
        5468         887
        5469         904
        5470         948
        5471         958
        5472         973
        5473         871
        5474         875
        5475         917
        5476         931
        5477         965
        5478         972
        5479         872
        5480         885
        5481         920
        5482         945
        5483         962
        5484         970
        5485         870
        5486         882
        5487         916
        5488         954
        5489         968
        5490         979
        5491         873
        5492         904
        5493         913
        5494         958
        5495         967
        5496         986
        5497         863
        5498         878
        5499         910
        5500         918
        5501         963
        5502         964
        5503         983
        5504        1012
        5505         886
        5506         915
        5507         921
        5508         975
        5509         997
        5510         875
        5511         899
        5512         925
        5513         952
        5514         972
        5515         992
        5516         883
        5517         894
        5518         944
        5519         956
        5520         982
        5521         991
        5522         888
        5523         889
        5524         934
        5525         935
        5526         976
        5527         978
        5528         888
        5529         890
        5530         933
        5531         939
        5532         978
        5533         980
        5534         889
        5535         892
        5536         933
        5537         942
        5538         976
        5539         984
        5540         884
        5541         897
        5542         937
        5543         946
        5544         974
        5545         988
        5546         877
        5547         884
        5548         936
        5549         974
        5550        1008
        5551         879
        5552         905
        5553         940
        5554         949
        5555         989
        5556         994
        5557         890
        5558         895
        5559         934
        5560         940
        5561         980
        5562         985
        5563         879
        5564         895
        5565         938
        5566         939
        5567         985
        5568         989
        5569         876
        5570         914
        5571         915
        5572         975
        5573         987
        5574        1004
        5575         892
        5576         900
        5577         935
        5578         950
        5579         984
        5580         990
        5581         901
        5582         921
        5583         944
        5584         993
        5585         995
        5586         894
        5587         901
        5588         932
        5589         943
        5590         982
        5591         993
        5592         885
        5593         903
        5594         926
        5595         960
        5596         970
        5597         981
        5598         896
        5599         897
        5600         936
        5601         951
        5602         988
        5603         996
        5604         881
        5605         906
        5606         914
        5607         966
        5608         987
        5609        1011
        5610         887
        5611         918
        5612         924
        5613         963
        5614         973
        5615        1002
        5616         905
        5617         912
        5618         938
        5619         959
        5620         994
        5621        1001
        5622         900
        5623         902
        5624         942
        5625         957
        5626         990
        5627         998
        5628         896
        5629         907
        5630         946
        5631         969
        5632         996
        5633         899
        5634         906
        5635         931
        5636         966
        5637         992
        5638        1003
        5639         898
        5640         913
        5641         919
        5642         967
        5643         977
        5644        1006
        5645         882
        5646         910
        5647         927
        5648         964
        5649         979
        5650        1009
        5651         768
        5652         804
        5653         891
        5654         909
        5655         971
        5656         999
        5657        1084
        5658        1109
        5659         874
        5660         883
        5661         932
        5662         971
        5663         991
        5664        1033
        5665         902
        5666         911
        5667         950
        5668         961
        5669         998
        5670        1007
        5671         904
        5672         924
        5673         928
        5674         973
        5675         986
        5676        1014
        5677         912
        5678         920
        5679         949
        5680         962
        5681        1001
        5682        1010
        5683         903
        5684         916
        5685         945
        5686         968
        5687         981
        5688        1005
        5689         911
        5690         917
        5691         957
        5692         965
        5693        1007
        5694        1015
        5695         920
        5696         926
        5697         959
        5698         970
        5699        1010
        5700        1018
        5701         918
        5702         929
        5703         948
        5704        1002
        5705        1012
        5706        1041
        5707         910
        5708         929
        5709         954
        5710         983
        5711        1009
        5712        1023
        5713         917
        5714         925
        5715         961
        5716         972
        5717        1015
        5718        1021
        5719         906
        5720         947
        5721         952
        5722        1003
        5723        1011
        5724        1019
        5725         913
        5726         928
        5727         953
        5728         986
        5729        1006
        5730        1022
        5731         916
        5732         927
        5733         960
        5734         979
        5735        1005
        5736        1020
        5737         907
        5738         919
        5739         951
        5740         977
        5741         996
        5742        1028
        5743        1029
        5744         926
        5745         945
        5746         962
        5747         981
        5748        1018
        5749        1025
        5750         874
        5751         891
        5752         955
        5753         956
        5754        1033
        5755        1109
        5756         925
        5757         931
        5758         965
        5759         992
        5760        1021
        5761        1027
        5762         924
        5763         948
        5764         958
        5765        1002
        5766        1014
        5767        1024
        5768         936
        5769         937
        5770         988
        5771        1008
        5772        1049
        5773         915
        5774         930
        5775         941
        5776         997
        5777        1004
        5778        1053
        5779        1054
        5780         933
        5781         935
        5782         978
        5783         984
        5784        1026
        5785        1032
        5786         919
        5787         953
        5788         969
        5789        1006
        5790        1028
        5791        1046
        5792         933
        5793         934
        5794         976
        5795         980
        5796        1032
        5797        1036
        5798         927
        5799         954
        5800         968
        5801        1009
        5802        1020
        5803        1040
        5804         934
        5805         939
        5806         978
        5807         985
        5808        1034
        5809        1036
        5810         945
        5811         960
        5812         970
        5813        1005
        5814        1025
        5815        1048
        5816         932
        5817         944
        5818         991
        5819         993
        5820        1038
        5821        1045
        5822         929
        5823         964
        5824        1012
        5825        1023
        5826        1051
        5827         935
        5828         942
        5829         976
        5830         990
        5831        1026
        5832        1031
        5833         939
        5834         940
        5835         980
        5836         989
        5837        1030
        5838        1034
        5839         928
        5840         958
        5841         967
        5842        1014
        5843        1022
        5844        1050
        5845         914
        5846         941
        5847         947
        5848        1004
        5849        1011
        5850        1055
        5851        1063
        5852         936
        5853         946
        5854         974
        5855         996
        5856        1039
        5857        1049
        5858         938
        5859         940
        5860         985
        5861         994
        5862        1030
        5863        1035
        5864         942
        5865         950
        5866         984
        5867         998
        5868        1031
        5869        1042
        5870         932
        5871         956
        5872         982
        5873        1033
        5874        1045
        5875         931
        5876         952
        5877         972
        5878        1003
        5879        1027
        5880        1044
        5881         943
        5882         944
        5883         982
        5884         995
        5885        1037
        5886        1038
        5887         938
        5888         949
        5889         989
        5890        1001
        5891        1035
        5892        1047
        5893         921
        5894         943
        5895         993
        5896         997
        5897        1037
        5898        1043
        5899         946
        5900         951
        5901         969
        5902         988
        5903        1029
        5904        1039
        5905         921
        5906         930
        5907         975
        5908         995
        5909        1043
        5910        1053
        5911         950
        5912         957
        5913         990
        5914        1007
        5915        1042
        5916        1052
        5917         909
        5918         955
        5919        1017
        5920        1084
        5921        1111
        5922         880
        5923         908
        5924        1016
        5925        1083
        5926        1110
        5927         949
        5928         959
        5929         994
        5930        1010
        5931        1047
        5932        1057
        5933         948
        5934         963
        5935         973
        5936        1024
        5937        1041
        5938        1069
        5939         952
        5940         966
        5941         992
        5942        1019
        5943        1044
        5944        1058
        5945         941
        5946         975
        5947         987
        5948        1054
        5949        1055
        5950         960
        5951         968
        5952         981
        5953        1020
        5954        1048
        5955        1060
        5956         953
        5957         967
        5958         977
        5959        1022
        5960        1046
        5961        1061
        5962         957
        5963         961
        5964         998
        5965        1015
        5966        1052
        5967        1056
        5968         877
        5969         893
        5970         937
        5971         974
        5972        1013
        5973        1049
        5974        1115
        5975        1166
        5976         954
        5977         964
        5978         979
        5979        1023
        5980        1040
        5981        1062
        5982         959
        5983         962
        5984        1001
        5985        1018
        5986        1057
        5987        1059
        5988         947
        5989         966
        5990         987
        5991        1019
        5992        1063
        5993        1068
        5994         929
        5995         963
        5996         983
        5997        1041
        5998        1051
        5999        1066
        6000         880
        6001         893
        6002        1008
        6003        1083
        6004        1166
        6005        1170
        6006         958
        6007         973
        6008         986
        6009        1024
        6010        1050
        6011        1065
        6012         961
        6013         965
        6014        1007
        6015        1021
        6016        1056
        6017        1064
        6018         908
        6019         922
        6020        1000
        6021        1110
        6022         909
        6023         923
        6024         999
        6025        1111
        6026         962
        6027         970
        6028        1010
        6029        1025
        6030        1059
        6031        1067
        6032         966
        6033        1003
        6034        1011
        6035        1058
        6036        1068
        6037         968
        6038         979
        6039        1005
        6040        1040
        6041        1060
        6042        1072
        6043         965
        6044         972
        6045        1015
        6046        1027
        6047        1064
        6048        1071
        6049         967
        6050         986
        6051        1006
        6052        1050
        6053        1061
        6054        1074
        6055         964
        6056         983
        6057        1009
        6058        1051
        6059        1062
        6060        1078
        6061         973
        6062        1002
        6063        1014
        6064        1065
        6065        1069
        6066         970
        6067         981
        6068        1018
        6069        1048
        6070        1067
        6071        1075
        6072         976
        6073         984
        6074        1031
        6075        1032
        6076        1070
        6077        1080
        6078         972
        6079         992
        6080        1021
        6081        1044
        6082        1071
        6083        1088
        6084         969
        6085         977
        6086        1029
        6087        1046
        6088        1077
        6089        1079
        6090         969
        6091         996
        6092        1028
        6093        1039
        6094        1079
        6095        1091
        6096         985
        6097         989
        6098        1034
        6099        1035
        6100        1076
        6101        1087
        6102         984
        6103         990
        6104        1026
        6105        1042
        6106        1080
        6107        1081
        6108         976
        6109         978
        6110        1026
        6111        1036
        6112        1070
        6113        1073
        6114         956
        6115         971
        6116         991
        6117        1045
        6118        1109
        6119        1143
        6120         980
        6121         985
        6122        1030
        6123        1036
        6124        1076
        6125        1082
        6126         989
        6127         994
        6128        1030
        6129        1047
        6130        1087
        6131        1093
        6132         978
        6133         980
        6134        1032
        6135        1034
        6136        1073
        6137        1082
        6138         993
        6139         995
        6140        1038
        6141        1043
        6142        1085
        6143        1090
        6144         982
        6145         993
        6146        1037
        6147        1045
        6148        1090
        6149        1097
        6150         988
        6151         996
        6152        1029
        6153        1049
        6154        1086
        6155        1091
        6156         979
        6157        1009
        6158        1020
        6159        1062
        6160        1072
        6161        1092
        6162         963
        6163        1002
        6164        1012
        6165        1066
        6166        1069
        6167        1114
        6168         990
        6169         998
        6170        1031
        6171        1052
        6172        1081
        6173        1094
        6174         995
        6175         997
        6176        1037
        6177        1053
        6178        1085
        6179        1095
        6180         992
        6181        1003
        6182        1027
        6183        1058
        6184        1088
        6185        1105
        6186         982
        6187         991
        6188        1033
        6189        1038
        6190        1097
        6191        1143
        6192         977
        6193        1006
        6194        1028
        6195        1061
        6196        1077
        6197        1099
        6198         994
        6199        1001
        6200        1035
        6201        1057
        6202        1089
        6203        1093
        6204         981
        6205        1005
        6206        1025
        6207        1060
        6208        1075
        6209        1098
        6210         974
        6211         988
        6212        1008
        6213        1039
        6214        1086
        6215        1115
        6216         986
        6217        1014
        6218        1022
        6219        1065
        6220        1074
        6221        1103
        6222         983
        6223        1012
        6224        1023
        6225        1066
        6226        1078
        6227        1102
        6228         998
        6229        1007
        6230        1042
        6231        1056
        6232        1094
        6233        1100
        6234         975
        6235         997
        6236        1043
        6237        1054
        6238        1095
        6239        1096
        6240         975
        6241        1004
        6242        1053
        6243        1055
        6244        1096
        6245        1101
        6246         987
        6247        1004
        6248        1054
        6249        1063
        6250        1101
        6251        1107
        6252        1007
        6253        1015
        6254        1052
        6255        1064
        6256        1100
        6257        1106
        6258        1001
        6259        1010
        6260        1047
        6261        1059
        6262        1089
        6263        1104
        6264        1003
        6265        1019
        6266        1044
        6267        1068
        6268        1105
        6269        1119
        6270        1010
        6271        1018
        6272        1057
        6273        1067
        6274        1104
        6275        1113
        6276        1005
        6277        1020
        6278        1048
        6279        1072
        6280        1098
        6281        1112
        6282        1006
        6283        1022
        6284        1046
        6285        1074
        6286        1099
        6287        1116
        6288        1009
        6289        1023
        6290        1040
        6291        1078
        6292        1092
        6293        1117
        6294         987
        6295        1011
        6296        1055
        6297        1068
        6298        1107
        6299        1108
        6300        1015
        6301        1021
        6302        1056
        6303        1071
        6304        1106
        6305        1118
        6306        1014
        6307        1024
        6308        1050
        6309        1069
        6310        1103
        6311        1124
        6312        1012
        6313        1041
        6314        1051
        6315        1102
        6316        1114
        6317        1121
        6318        1018
        6319        1025
        6320        1059
        6321        1075
        6322        1113
        6323        1120
        6324        1011
        6325        1019
        6326        1058
        6327        1063
        6328        1108
        6329        1119
        6330        1142
        6331        1002
        6332        1024
        6333        1041
        6334        1065
        6335        1114
        6336        1124
        6337        1132
        6338        1026
        6339        1032
        6340        1073
        6341        1080
        6342        1125
        6343        1126
        6344        1021
        6345        1027
        6346        1064
        6347        1088
        6348        1118
        6349        1127
        6350        1020
        6351        1040
        6352        1060
        6353        1092
        6354        1112
        6355        1128
        6356        1032
        6357        1036
        6358        1070
        6359        1082
        6360        1125
        6361        1133
        6362        1022
        6363        1050
        6364        1061
        6365        1103
        6366        1116
        6367        1137
        6368        1025
        6369        1048
        6370        1067
        6371        1098
        6372        1120
        6373        1136
        6374        1030
        6375        1034
        6376        1082
        6377        1087
        6378        1122
        6379        1129
        6380        1028
        6381        1046
        6382        1079
        6383        1099
        6384        1123
        6385        1131
        6386        1023
        6387        1051
        6388        1062
        6389        1102
        6390        1117
        6391        1130
        6392        1028
        6393        1029
        6394        1077
        6395        1091
        6396        1131
        6397        1140
        6398        1026
        6399        1031
        6400        1070
        6401        1081
        6402        1126
        6403        1135
        6404        1031
        6405        1042
        6406        1080
        6407        1094
        6408        1135
        6409        1139
        6410        1034
        6411        1036
        6412        1073
        6413        1076
        6414        1122
        6415        1133
        6416         880
        6417        1000
        6418        1013
        6419        1110
        6420        1170
        6421        1202
        6422         955
        6423         999
        6424        1109
        6425        1111
        6426        1188
        6427        1203
        6428        1037
        6429        1043
        6430        1090
        6431        1095
        6432        1134
        6433        1138
        6434        1039
        6435        1049
        6436        1091
        6437        1115
        6438        1150
        6439        1030
        6440        1035
        6441        1076
        6442        1093
        6443        1129
        6444        1151
        6445        1027
        6446        1044
        6447        1071
        6448        1105
        6449        1127
        6450        1149
        6451        1047
        6452        1057
        6453        1093
        6454        1104
        6455        1141
        6456        1145
        6457        1037
        6458        1038
        6459        1085
        6460        1097
        6461        1138
        6462        1148
        6463        1029
        6464        1039
        6465        1079
        6466        1086
        6467        1140
        6468        1150
        6469        1040
        6470        1062
        6471        1072
        6472        1117
        6473        1128
        6474        1147
        6475        1035
        6476        1047
        6477        1087
        6478        1089
        6479        1141
        6480        1151
        6481        1042
        6482        1052
        6483        1081
        6484        1100
        6485        1139
        6486        1146
        6487        1043
        6488        1053
        6489        1085
        6490        1096
        6491        1134
        6492        1144
        6493        1053
        6494        1054
        6495        1095
        6496        1101
        6497        1144
        6498        1152
        6499        1038
        6500        1045
        6501        1090
        6502        1143
        6503        1148
        6504        1048
        6505        1060
        6506        1075
        6507        1112
        6508        1136
        6509        1154
        6510        1046
        6511        1061
        6512        1077
        6513        1116
        6514        1123
        6515        1157
        6516        1052
        6517        1056
        6518        1094
        6519        1106
        6520        1146
        6521        1155
        6522        1054
        6523        1055
        6524        1096
        6525        1107
        6526        1152
        6527        1156
        6528        1051
        6529        1066
        6530        1078
        6531        1121
        6532        1130
        6533        1160
        6534        1050
        6535        1065
        6536        1074
        6537        1124
        6538        1137
        6539        1161
        6540        1057
        6541        1059
        6542        1089
        6543        1113
        6544        1145
        6545        1153
        6546        1044
        6547        1058
        6548        1088
        6549        1119
        6550        1149
        6551        1162
        6552        1056
        6553        1064
        6554        1100
        6555        1118
        6556        1155
        6557        1158
        6558        1055
        6559        1063
        6560        1101
        6561        1108
        6562        1156
        6563        1159
        6564        1063
        6565        1068
        6566        1107
        6567        1142
        6568        1159
        6569         955
        6570         971
        6571        1033
        6572        1084
        6573        1143
        6574        1188
        6575        1254
        6576        1293
        6577        1334
        6578        1000
        6579        1016
        6580        1083
        6581        1202
        6582         999
        6583        1017
        6584        1084
        6585        1203
        6586        1060
        6587        1072
        6588        1098
        6589        1128
        6590        1154
        6591        1164
        6592        1059
        6593        1067
        6594        1104
        6595        1120
        6596        1153
        6597        1163
        6598        1041
        6599        1066
        6600        1069
        6601        1121
        6602        1132
        6603        1174
        6604        1193
        6605        1008
        6606        1049
        6607        1086
        6608        1150
        6609        1166
        6610        1223
        6611        1322
        6612        1061
        6613        1074
        6614        1099
        6615        1137
        6616        1157
        6617        1171
        6618        1062
        6619        1078
        6620        1092
        6621        1130
        6622        1147
        6623        1165
        6624        1064
        6625        1071
        6626        1106
        6627        1127
        6628        1158
        6629        1168
        6630        1058
        6631        1068
        6632        1105
        6633        1142
        6634        1162
        6635        1176
        6636        1067
        6637        1075
        6638        1113
        6639        1136
        6640        1163
        6641        1172
        6642        1066
        6643        1102
        6644        1114
        6645        1160
        6646        1174
        6647        1076
        6648        1082
        6649        1129
        6650        1133
        6651        1175
        6652        1179
        6653        1077
        6654        1099
        6655        1131
        6656        1157
        6657        1180
        6658        1065
        6659        1069
        6660        1103
        6661        1132
        6662        1161
        6663        1167
        6664        1183
        6665        1070
        6666        1073
        6667        1126
        6668        1133
        6669        1169
        6670        1177
        6671        1070
        6672        1080
        6673        1125
        6674        1135
        6675        1173
        6676        1177
        6677        1071
        6678        1088
        6679        1118
        6680        1149
        6681        1168
        6682        1186
        6683        1072
        6684        1092
        6685        1112
        6686        1147
        6687        1164
        6688        1181
        6689        1076
        6690        1087
        6691        1122
        6692        1151
        6693        1179
        6694        1182
        6695        1078
        6696        1102
        6697        1117
        6698        1160
        6699        1165
        6700        1189
        6701        1077
        6702        1079
        6703        1123
        6704        1140
        6705        1180
        6706        1187
        6707        1069
        6708        1114
        6709        1124
        6710        1167
        6711        1193
        6712        1073
        6713        1082
        6714        1122
        6715        1125
        6716        1169
        6717        1175
        6718        1085
        6719        1095
        6720        1138
        6721        1144
        6722        1178
        6723        1184
        6724        1080
        6725        1081
        6726        1126
        6727        1139
        6728        1173
        6729        1185
        6730        1075
        6731        1098
        6732        1120
        6733        1154
        6734        1172
        6735        1192
        6736        1074
        6737        1103
        6738        1116
        6739        1161
        6740        1171
        6741        1212
        6742        1085
        6743        1090
        6744        1134
        6745        1148
        6746        1184
        6747        1194
        6748        1081
        6749        1094
        6750        1135
        6751        1146
        6752        1185
        6753        1190
        6754        1079
        6755        1091
        6756        1131
        6757        1150
        6758        1187
        6759        1196
        6760        1089
        6761        1093
        6762        1145
        6763        1151
        6764        1191
        6765        1068
        6766        1108
        6767        1119
        6768        1159
        6769        1176
        6770        1197
        6771        1033
        6772        1045
        6773        1097
        6774        1109
        6775        1148
        6776        1262
        6777        1293
        6778        1095
        6779        1096
        6780        1134
        6781        1152
        6782        1178
        6783        1205
        6784        1089
        6785        1104
        6786        1141
        6787        1153
        6788        1191
        6789        1195
        6790        1094
        6791        1100
        6792        1139
        6793        1155
        6794        1190
        6795        1198
        6796        1092
        6797        1117
        6798        1128
        6799        1165
        6800        1181
        6801        1201
        6802        1090
        6803        1097
        6804        1138
        6805        1143
        6806        1194
        6807        1262
        6808        1088
        6809        1105
        6810        1127
        6811        1162
        6812        1186
        6813        1200
        6814        1086
        6815        1091
        6816        1115
        6817        1140
        6818        1196
        6819        1223
        6820        1087
        6821        1093
        6822        1129
        6823        1141
        6824        1182
        6825        1191
        6826        1233
        6827        1096
        6828        1101
        6829        1144
        6830        1156
        6831        1199
        6832        1205
        6833        1104
        6834        1113
        6835        1145
        6836        1163
        6837        1195
        6838        1206
        6839        1098
        6840        1112
        6841        1136
        6842        1164
        6843        1192
        6844        1208
        6845        1100
        6846        1106
        6847        1146
        6848        1158
        6849        1198
        6850        1204
        6851        1101
        6852        1107
        6853        1152
        6854        1159
        6855        1199
        6856        1207
        6857        1099
        6858        1116
        6859        1123
        6860        1171
        6861        1180
        6862        1209
        6863        1219
        6864        1106
        6865        1118
        6866        1155
        6867        1168
        6868        1204
        6869        1211
        6870        1107
        6871        1108
        6872        1142
        6873        1156
        6874        1197
        6875        1207
        6876        1215
        6877        1102
        6878        1121
        6879        1130
        6880        1174
        6881        1189
        6882        1210
        6883        1103
        6884        1124
        6885        1137
        6886        1183
        6887        1212
        6888        1231
        6889        1105
        6890        1119
        6891        1149
        6892        1176
        6893        1200
        6894        1213
        6895        1113
        6896        1120
        6897        1153
        6898        1172
        6899        1206
        6900        1214
        6901        1112
        6902        1128
        6903        1154
        6904        1181
        6905        1208
        6906        1217
        6907        1117
        6908        1130
        6909        1147
        6910        1189
        6911        1201
        6912        1225
        6913        1008
        6914        1013
        6915        1115
        6916        1170
        6917        1253
        6918        1322
        6919        1333
        6920        1124
        6921        1132
        6922        1183
        6923        1193
        6924        1216
        6925        1247
        6926        1118
        6927        1127
        6928        1158
        6929        1186
        6930        1211
        6931        1220
        6932        1125
        6933        1133
        6934        1175
        6935        1177
        6936        1221
        6937        1222
        6938        1013
        6939        1083
        6940        1166
        6941        1202
        6942        1253
        6943        1288
        6944        1116
        6945        1137
        6946        1157
        6947        1209
        6948        1212
        6949        1243
        6950        1120
        6951        1136
        6952        1163
        6953        1192
        6954        1214
        6955        1218
        6956        1126
        6957        1135
        6958        1177
        6959        1185
        6960        1224
        6961        1227
        6962        1114
        6963        1121
        6964        1160
        6965        1193
        6966        1210
        6967        1244
        6968        1122
        6969        1133
        6970        1169
        6971        1179
        6972        1221
        6973        1226
        6974        1119
        6975        1142
        6976        1162
        6977        1197
        6978        1213
        6979        1234
        6980        1125
        6981        1126
        6982        1169
        6983        1173
        6984        1222
        6985        1224
        6986        1134
        6987        1144
        6988        1184
        6989        1205
        6990        1228
        6991        1122
        6992        1129
        6993        1175
        6994        1182
        6995        1226
        6996        1229
        6997        1123
        6998        1131
        6999        1157
        7000        1187
        7001        1219
        7002        1230
        7003        1128
        7004        1147
        7005        1164
        7006        1201
        7007        1217
        7008        1236
        7009        1129
        7010        1151
        7011        1179
        7012        1229
        7013        1233
        7014        1124
        7015        1161
        7016        1167
        7017        1216
        7018        1231
        7019        1134
        7020        1138
        7021        1178
        7022        1194
        7023        1228
        7024        1242
        7025        1135
        7026        1139
        7027        1173
        7028        1190
        7029        1227
        7030        1232
        7031        1127
        7032        1149
        7033        1168
        7034        1200
        7035        1220
        7036        1238
        7037        1131
        7038        1140
        7039        1180
        7040        1196
        7041        1230
        7042        1241
        7043        1084
        7044        1109
        7045        1203
        7046        1254
        7047        1289
        7048        1130
        7049        1160
        7050        1165
        7051        1210
        7052        1225
        7053        1235
        7054        1139
        7055        1146
        7056        1185
        7057        1198
        7058        1232
        7059        1239
        7060        1141
        7061        1145
        7062        1151
        7063        1195
        7064        1233
        7065        1237
        7066        1136
        7067        1154
        7068        1172
        7069        1208
        7070        1218
        7071        1240
        7072        1114
        7073        1132
        7074        1167
        7075        1174
        7076        1244
        7077        1247
        7078        1280
        7079        1138
        7080        1148
        7081        1184
        7082        1242
        7083        1262
        7084        1145
        7085        1153
        7086        1191
        7087        1206
        7088        1237
        7089        1245
        7090        1140
        7091        1150
        7092        1187
        7093        1223
        7094        1241
        7095        1142
        7096        1159
        7097        1176
        7098        1215
        7099        1234
        7100        1249
        7101        1146
        7102        1155
        7103        1190
        7104        1204
        7105        1239
        7106        1246
        7107        1152
        7108        1156
        7109        1205
        7110        1207
        7111        1248
        7112        1257
        7113        1149
        7114        1162
        7115        1186
        7116        1213
        7117        1238
        7118        1250
        7119        1147
        7120        1165
        7121        1181
        7122        1225
        7123        1236
        7124        1255
        7125        1083
        7126        1110
        7127        1170
        7128        1288
        7129        1084
        7130        1111
        7131        1188
        7132        1289
        7133        1155
        7134        1158
        7135        1198
        7136        1211
        7137        1246
        7138        1251
        7139        1144
        7140        1152
        7141        1178
        7142        1199
        7143        1228
        7144        1257
        7145        1270
        7146        1153
        7147        1163
        7148        1195
        7149        1214
        7150        1245
        7151        1252
        7152        1156
        7153        1159
        7154        1199
        7155        1215
        7156        1248
        7157        1258
        7158        1154
        7159        1164
        7160        1192
        7161        1217
        7162        1240
        7163        1256
        7164        1157
        7165        1171
        7166        1219
        7167        1243
        7168        1259
        7169        1160
        7170        1174
        7171        1189
        7172        1235
        7173        1244
        7174        1279
        7175        1158
        7176        1168
        7177        1204
        7178        1220
        7179        1251
        7180        1260
        7181        1137
        7182        1161
        7183        1171
        7184        1231
        7185        1243
        7186        1265
        7187        1283
        7188        1162
        7189        1176
        7190        1200
        7191        1234
        7192        1250
        7193        1264
        7194        1163
        7195        1172
        7196        1206
        7197        1218
        7198        1252
        7199        1261
        7200        1159
        7201        1197
        7202        1207
        7203        1249
        7204        1258
        7205        1167
        7206        1183
        7207        1231
        7208        1247
        7209        1271
        7210        1164
        7211        1181
        7212        1208
        7213        1236
        7214        1256
        7215        1274
        7216        1172
        7217        1192
        7218        1214
        7219        1240
        7220        1261
        7221        1272
        7222        1157
        7223        1180
        7224        1209
        7225        1230
        7226        1259
        7227        1273
        7228        1168
        7229        1186
        7230        1211
        7231        1238
        7232        1260
        7233        1269
        7234        1169
        7235        1175
        7236        1222
        7237        1226
        7238        1263
        7239        1268
        7240        1169
        7241        1177
        7242        1221
        7243        1224
        7244        1266
        7245        1268
        7246        1115
        7247        1150
        7248        1196
        7249        1241
        7250        1322
        7251        1328
        7252        1173
        7253        1177
        7254        1222
        7255        1227
        7256        1266
        7257        1277
        7258        1165
        7259        1189
        7260        1201
        7261        1235
        7262        1255
        7263        1267
        7264        1175
        7265        1179
        7266        1221
        7267        1229
        7268        1263
        7269        1281
        7270        1173
        7271        1185
        7272        1224
        7273        1232
        7274        1275
        7275        1277
        7276        1178
        7277        1184
        7278        1205
        7279        1242
        7280        1270
        7281        1285
        7282        1179
        7283        1182
        7284        1226
        7285        1233
        7286        1276
        7287        1281
        7288        1180
        7289        1187
        7290        1219
        7291        1241
        7292        1273
        7293        1287
        7294        1161
        7295        1183
        7296        1212
        7297        1216
        7298        1265
        7299        1271
        7300        1294
        7301        1185
        7302        1190
        7303        1227
        7304        1239
        7305        1275
        7306        1278
        7307        1151
        7308        1182
        7309        1191
        7310        1229
        7311        1237
        7312        1276
        7313        1296
        7314        1302
        7315        1176
        7316        1197
        7317        1213
        7318        1249
        7319        1264
        7320        1284
        7321        1189
        7322        1210
        7323        1225
        7324        1267
        7325        1279
        7326        1282
        7327        1181
        7328        1201
        7329        1217
        7330        1255
        7331        1274
        7332        1286
        7333        1191
        7334        1195
        7335        1233
        7336        1245
        7337        1290
        7338        1296
        7339        1186
        7340        1200
        7341        1220
        7342        1250
        7343        1269
        7344        1291
        7345        1190
        7346        1198
        7347        1232
        7348        1246
        7349        1278
        7350        1292
        7351        1192
        7352        1208
        7353        1218
        7354        1256
        7355        1272
        7356        1295
        7357        1187
        7358        1196
        7359        1223
        7360        1230
        7361        1287
        7362        1328
        7363        1184
        7364        1194
        7365        1228
        7366        1262
        7367        1285
        7368        1363
        7369        1171
        7370        1209
        7371        1212
        7372        1259
        7373        1283
        7374        1301
        7375        1174
        7376        1193
        7377        1210
        7378        1279
        7379        1280
        7380        1316
        7381        1195
        7382        1206
        7383        1237
        7384        1252
        7385        1290
        7386        1298
        7387        1198
        7388        1204
        7389        1239
        7390        1251
        7391        1292
        7392        1299
        7393        1167
        7394        1193
        7395        1216
        7396        1271
        7397        1280
        7398        1303
        7399        1199
        7400        1207
        7401        1257
        7402        1258
        7403        1297
        7404        1300
        7405        1197
        7406        1215
        7407        1234
        7408        1258
        7409        1284
        7410        1306
        7411        1200
        7412        1213
        7413        1238
        7414        1264
        7415        1291
        7416        1304
        7417        1204
        7418        1211
        7419        1246
        7420        1260
        7421        1299
        7422        1305
        7423        1206
        7424        1214
        7425        1245
        7426        1261
        7427        1298
        7428        1307
        7429        1166
        7430        1170
        7431        1288
        7432        1333
        7433        1369
        7434        1109
        7435        1188
        7436        1289
        7437        1334
        7438        1370
        7439        1201
        7440        1225
        7441        1236
        7442        1267
        7443        1286
        7444        1308
        7445        1208
        7446        1217
        7447        1240
        7448        1274
        7449        1295
        7450        1311
        7451        1199
        7452        1205
        7453        1248
        7454        1270
        7455        1300
        7456        1312
        7457        1207
        7458        1215
        7459        1248
        7460        1249
        7461        1297
        7462        1306
        7463        1324
        7464        1209
        7465        1219
        7466        1243
        7467        1273
        7468        1301
        7469        1314
        7470        1211
        7471        1220
        7472        1251
        7473        1269
        7474        1305
        7475        1313
        7476        1214
        7477        1218
        7478        1252
        7479        1272
        7480        1307
        7481        1317
        7482        1143
        7483        1148
        7484        1194
        7485        1242
        7486        1293
        7487        1363
        7488        1389
        7489        1221
        7490        1226
        7491        1268
        7492        1281
        7493        1310
        7494        1318
        7495        1213
        7496        1234
        7497        1250
        7498        1284
        7499        1304
        7500        1321
        7501        1212
        7502        1231
        7503        1283
        7504        1294
        7505        1315
        7506        1222
        7507        1224
        7508        1268
        7509        1277
        7510        1332
        7511        1337
        7512        1225
        7513        1235
        7514        1255
        7515        1282
        7516        1308
        7517        1320
        7518        1221
        7519        1222
        7520        1263
        7521        1266
        7522        1318
        7523        1337
        7524        1220
        7525        1238
        7526        1260
        7527        1291
        7528        1313
        7529        1326
        7530        1205
        7531        1228
        7532        1257
        7533        1285
        7534        1312
        7535        1319
        7536        1216
        7537        1231
        7538        1247
        7539        1294
        7540        1303
        7541        1325
        7542        1218
        7543        1240
        7544        1261
        7545        1295
        7546        1317
        7547        1336
        7548        1219
        7549        1230
        7550        1259
        7551        1287
        7552        1314
        7553        1330
        7554        1217
        7555        1236
        7556        1256
        7557        1286
        7558        1311
        7559        1327
        7560        1227
        7561        1232
        7562        1277
        7563        1278
        7564        1309
        7565        1323
        7566        1229
        7567        1233
        7568        1281
        7569        1302
        7570        1335
        7571        1224
        7572        1227
        7573        1266
        7574        1275
        7575        1309
        7576        1332
        7577        1232
        7578        1239
        7579        1275
        7580        1292
        7581        1323
        7582        1329
        7583        1210
        7584        1235
        7585        1244
        7586        1282
        7587        1316
        7588        1331
        7589        1350
        7590        1193
        7591        1244
        7592        1247
        7593        1303
        7594        1316
        7595        1338
        7596        1226
        7597        1229
        7598        1263
        7599        1276
        7600        1310
        7601        1335
        7602        1348
        7603        1235
        7604        1267
        7605        1279
        7606        1320
        7607        1331
        7608        1212
        7609        1243
        7610        1265
        7611        1301
        7612        1315
        7613        1342
        7614        1234
        7615        1249
        7616        1264
        7617        1306
        7618        1321
        7619        1339
        7620        1228
        7621        1242
        7622        1270
        7623        1319
        7624        1363
        7625        1236
        7626        1255
        7627        1274
        7628        1308
        7629        1327
        7630        1340
        7631        1230
        7632        1241
        7633        1273
        7634        1328
        7635        1330
        7636        1364
        7637        1170
        7638        1202
        7639        1253
        7640        1369
        7641        1188
        7642        1203
        7643        1254
        7644        1370
        7645        1237
        7646        1245
        7647        1296
        7648        1298
        7649        1358
        7650        1362
        7651        1238
        7652        1250
        7653        1269
        7654        1304
        7655        1326
        7656        1343
        7657        1239
        7658        1246
        7659        1278
        7660        1299
        7661        1329
        7662        1344
        7663        1109
        7664        1143
        7665        1262
        7666        1334
        7667        1389
        7668        1413
        7669        1480
        7670        1231
        7671        1265
        7672        1271
        7673        1315
        7674        1325
        7675        1345
        7676        1240
        7677        1256
        7678        1272
        7679        1311
        7680        1336
        7681        1346
        7682        1233
        7683        1237
        7684        1290
        7685        1302
        7686        1351
        7687        1358
        7688        1248
        7689        1258
        7690        1300
        7691        1324
        7692        1341
        7693        1245
        7694        1252
        7695        1290
        7696        1307
        7697        1362
        7698        1367
        7699        1246
        7700        1251
        7701        1292
        7702        1305
        7703        1344
        7704        1347
        7705        1248
        7706        1257
        7707        1297
        7708        1312
        7709        1341
        7710        1352
        7711        1243
        7712        1259
        7713        1283
        7714        1314
        7715        1342
        7716        1354
        7717        1233
        7718        1276
        7719        1296
        7720        1335
        7721        1351
        7722        1247
        7723        1271
        7724        1280
        7725        1325
        7726        1338
        7727        1357
        7728        1250
        7729        1264
        7730        1291
        7731        1321
        7732        1343
        7733        1353
        7734        1251
        7735        1260
        7736        1299
        7737        1313
        7738        1347
        7739        1356
        7740        1249
        7741        1258
        7742        1284
        7743        1324
        7744        1339
        7745        1361
        7746        1252
        7747        1261
        7748        1298
        7749        1317
        7750        1367
        7751        1374
        7752        1255
        7753        1267
        7754        1286
        7755        1320
        7756        1340
        7757        1360
        7758        1275
        7759        1277
        7760        1323
        7761        1332
        7762        1359
        7763        1263
        7764        1281
        7765        1318
        7766        1348
        7767        1349
        7768        1256
        7769        1274
        7770        1295
        7771        1327
        7772        1346
        7773        1365
        7774        1257
        7775        1270
        7776        1300
        7777        1319
        7778        1352
        7779        1371
        7780        1260
        7781        1269
        7782        1305
        7783        1326
        7784        1356
        7785        1366
        7786        1259
        7787        1273
        7788        1301
        7789        1330
        7790        1354
        7791        1373
        7792        1265
        7793        1283
        7794        1294
        7795        1342
        7796        1345
        7797        1379
        7798        1244
        7799        1279
        7800        1280
        7801        1338
        7802        1350
        7803        1368
        7804        1261
        7805        1272
        7806        1307
        7807        1336
        7808        1374
        7809        1382
        7810        1263
        7811        1268
        7812        1310
        7813        1337
        7814        1349
        7815        1355
        7816        1270
        7817        1285
        7818        1312
        7819        1363
        7820        1371
        7821        1267
        7822        1282
        7823        1308
        7824        1331
        7825        1360
        7826        1375
        7827        1264
        7828        1284
        7829        1304
        7830        1339
        7831        1353
        7832        1377
        7833        1115
        7834        1166
        7835        1223
        7836        1328
        7837        1333
        7838        1412
        7839        1472
        7840        1481
        7841        1275
        7842        1278
        7843        1309
        7844        1329
        7845        1359
        7846        1372
        7847        1258
        7848        1297
        7849        1306
        7850        1341
        7851        1361
        7852        1383
        7853        1271
        7854        1294
        7855        1303
        7856        1345
        7857        1357
        7858        1380
        7859        1269
        7860        1291
        7861        1313
        7862        1343
        7863        1366
        7864        1378
        7865        1274
        7866        1286
        7867        1311
        7868        1340
        7869        1365
        7870        1376
        7871        1223
        7872        1241
        7873        1287
        7874        1322
        7875        1364
        7876        1472
        7877        1278
        7878        1292
        7879        1323
        7880        1344
        7881        1372
        7882        1381
        7883        1273
        7884        1287
        7885        1314
        7886        1364
        7887        1373
        7888        1434
        7889        1279
        7890        1282
        7891        1320
        7892        1350
        7893        1375
        7894        1385
        7895        1266
        7896        1277
        7897        1309
        7898        1337
        7899        1359
        7900        1402
        7901        1403
        7902        1166
        7903        1253
        7904        1322
        7905        1369
        7906        1412
        7907        1451
        7908        1109
        7909        1254
        7910        1293
        7911        1370
        7912        1413
        7913        1452
        7914        1276
        7915        1281
        7916        1302
        7917        1348
        7918        1351
        7919        1395
        7920        1398
        7921        1272
        7922        1295
        7923        1317
        7924        1346
        7925        1382
        7926        1388
        7927        1266
        7928        1268
        7929        1318
        7930        1332
        7931        1355
        7932        1394
        7933        1403
        7934        1280
        7935        1303
        7936        1316
        7937        1357
        7938        1368
        7939        1384
        7940        1284
        7941        1306
        7942        1321
        7943        1361
        7944        1377
        7945        1386
        7946        1286
        7947        1308
        7948        1327
        7949        1360
        7950        1376
        7951        1391
        7952        1297
        7953        1300
        7954        1324
        7955        1352
        7956        1383
        7957        1390
        7958        1283
        7959        1301
        7960        1315
        7961        1354
        7962        1379
        7963        1393
        7964        1291
        7965        1304
        7966        1326
        7967        1353
        7968        1378
        7969        1392
        7970        1292
        7971        1299
        7972        1329
        7973        1347
        7974        1381
        7975        1387
        7976        1294
        7977        1315
        7978        1325
        7979        1379
        7980        1380
        7981        1399
        7982        1295
        7983        1311
        7984        1336
        7985        1365
        7986        1388
        7987        1405
        7988        1299
        7989        1305
        7990        1344
        7991        1356
        7992        1387
        7993        1401
        7994        1281
        7995        1310
        7996        1335
        7997        1349
        7998        1395
        7999        1396
        8000        1310
        8001        1318
        8002        1348
        8003        1355
        8004        1396
        8005        1397
        8006        1279
        8007        1316
        8008        1331
        8009        1368
        8010        1385
        8011        1406
        8012        1296
        8013        1302
        8014        1335
        8015        1358
        8016        1398
        8017        1400
        8018        1300
        8019        1312
        8020        1341
        8021        1371
        8022        1390
        8023        1404
        8024        1304
        8025        1321
        8026        1343
        8027        1377
        8028        1392
        8029        1408
        8030        1301
        8031        1314
        8032        1342
        8033        1373
        8034        1393
        8035        1416
        8036        1318
        8037        1337
        8038        1349
        8039        1394
        8040        1397
        8041        1305
        8042        1313
        8043        1347
        8044        1366
        8045        1401
        8046        1409
        8047        1303
        8048        1325
        8049        1338
        8050        1380
        8051        1384
        8052        1410
        8053        1290
        8054        1296
        8055        1351
        8056        1362
        8057        1400
        8058        1407
        8059        1309
        8060        1323
        8061        1332
        8062        1372
        8063        1402
        8064        1415
        8065        1308
        8066        1320
        8067        1340
        8068        1375
        8069        1391
        8070        1414
        8071        1306
        8072        1324
        8073        1339
        8074        1383
        8075        1386
        8076        1424
        8077        1290
        8078        1298
        8079        1358
        8080        1367
        8081        1407
        8082        1411
        8083        1242
        8084        1262
        8085        1285
        8086        1319
        8087        1371
        8088        1389
        8089        1450
        8090        1484
        8091        1287
        8092        1328
        8093        1330
        8094        1434
        8095        1472
        8096        1311
        8097        1327
        8098        1346
        8099        1376
        8100        1405
        8101        1418
        8102        1313
        8103        1326
        8104        1356
        8105        1378
        8106        1409
        8107        1419
        8108        1298
        8109        1307
        8110        1362
        8111        1374
        8112        1411
        8113        1420
        8114        1316
        8115        1338
        8116        1350
        8117        1384
        8118        1406
        8119        1423
        8120        1253
        8121        1288
        8122        1333
        8123        1451
        8124        1254
        8125        1289
        8126        1334
        8127        1452
        8128        1312
        8129        1319
        8130        1352
        8131        1363
        8132        1404
        8133        1450
        8134        1323
        8135        1329
        8136        1359
        8137        1381
        8138        1415
        8139        1421
        8140        1314
        8141        1330
        8142        1354
        8143        1416
        8144        1434
        8145        1307
        8146        1317
        8147        1367
        8148        1382
        8149        1420
        8150        1422
        8151        1320
        8152        1331
        8153        1360
        8154        1385
        8155        1414
        8156        1427
        8157        1327
        8158        1340
        8159        1365
        8160        1391
        8161        1418
        8162        1425
        8163        1321
        8164        1339
        8165        1353
        8166        1386
        8167        1408
        8168        1426
        8169        1326
        8170        1343
        8171        1366
        8172        1392
        8173        1419
        8174        1428
        8175        1315
        8176        1342
        8177        1345
        8178        1393
        8179        1399
        8180        1417
        8181        1432
        8182        1325
        8183        1345
        8184        1357
        8185        1399
        8186        1410
        8187        1431
        8188        1329
        8189        1344
        8190        1372
        8191        1387
        8192        1421
        8193        1429
        8194        1317
        8195        1336
        8196        1374
        8197        1388
        8198        1422
        8199        1433
        8200        1324
        8201        1341
        8202        1361
        8203        1390
        8204        1424
        8205        1430
        8206        1467
        8207        1338
        8208        1357
        8209        1368
        8210        1410
        8211        1423
        8212        1437
        8213        1331
        8214        1350
        8215        1375
        8216        1406
        8217        1427
        8218        1436
        8219        1339
        8220        1361
        8221        1377
        8222        1424
        8223        1426
        8224        1460
        8225        1344
        8226        1347
        8227        1381
        8228        1401
        8229        1429
        8230        1439
        8231        1336
        8232        1346
        8233        1382
        8234        1405
        8235        1433
        8236        1438
        8237        1262
        8238        1293
        8239        1363
        8240        1480
        8241        1484
        8242        1552
        8243        1341
        8244        1352
        8245        1383
        8246        1404
        8247        1430
        8248        1455
        8249        1340
        8250        1360
        8251        1376
        8252        1414
        8253        1425
        8254        1440
        8255        1343
        8256        1353
        8257        1378
        8258        1408
        8259        1428
        8260        1435
        8261        1342
        8262        1354
        8263        1379
        8264        1416
        8265        1432
        8266        1456
        8267        1337
        8268        1355
        8269        1397
        8270        1403
        8271        1444
        8272        1449
        8273        1335
        8274        1348
        8275        1396
        8276        1398
        8277        1441
        8278        1443
        8279        1348
        8280        1349
        8281        1395
        8282        1397
        8283        1442
        8284        1443
        8285        1349
        8286        1355
        8287        1394
        8288        1396
        8289        1442
        8290        1444
        8291        1335
        8292        1351
        8293        1395
        8294        1400
        8295        1441
        8296        1445
        8297        1345
        8298        1379
        8299        1380
        8300        1417
        8301        1431
        8302        1447
        8303        1351
        8304        1358
        8305        1398
        8306        1407
        8307        1445
        8308        1448
        8309        1347
        8310        1356
        8311        1387
        8312        1409
        8313        1439
        8314        1454
        8315        1332
        8316        1359
        8317        1403
        8318        1415
        8319        1446
        8320        1461
        8321        1332
        8322        1337
        8323        1394
        8324        1402
        8325        1446
        8326        1449
        8327        1352
        8328        1371
        8329        1390
        8330        1450
        8331        1455
        8332        1346
        8333        1365
        8334        1388
        8335        1418
        8336        1438
        8337        1458
        8338        1350
        8339        1368
        8340        1385
        8341        1423
        8342        1436
        8343        1459
        8344        1358
        8345        1362
        8346        1400
        8347        1411
        8348        1448
        8349        1457
        8350        1353
        8351        1377
        8352        1392
        8353        1426
        8354        1435
        8355        1463
        8356        1356
        8357        1366
        8358        1401
        8359        1419
        8360        1453
        8361        1454
        8362        1357
        8363        1380
        8364        1384
        8365        1431
        8366        1437
        8367        1466
        8368        1362
        8369        1367
        8370        1407
        8371        1420
        8372        1457
        8373        1462
        8374        1322
        8375        1333
        8376        1451
        8377        1481
        8378        1523
        8379        1293
        8380        1334
        8381        1452
        8382        1480
        8383        1524
        8384        1360
        8385        1375
        8386        1391
        8387        1427
        8388        1440
        8389        1465
        8390        1359
        8391        1372
        8392        1402
        8393        1421
        8394        1461
        8395        1464
        8396        1354
        8397        1373
        8398        1393
        8399        1434
        8400        1456
        8401        1517
        8402        1379
        8403        1399
        8404        1432
        8405        1447
        8406        1469
        8407        1365
        8408        1376
        8409        1405
        8410        1425
        8411        1458
        8412        1468
        8413        1366
        8414        1378
        8415        1409
        8416        1428
        8417        1453
        8418        1470
        8419        1367
        8420        1374
        8421        1411
        8422        1422
        8423        1462
        8424        1471
        8425        1372
        8426        1381
        8427        1415
        8428        1429
        8429        1464
        8430        1473
        8431        1374
        8432        1382
        8433        1420
        8434        1433
        8435        1471
        8436        1475
        8437        1368
        8438        1384
        8439        1406
        8440        1437
        8441        1459
        8442        1474
        8443        1361
        8444        1383
        8445        1386
        8446        1460
        8447        1467
        8448        1504
        8449        1376
        8450        1391
        8451        1418
        8452        1440
        8453        1468
        8454        1478
        8455        1377
        8456        1386
        8457        1408
        8458        1460
        8459        1463
        8460        1493
        8461        1375
        8462        1385
        8463        1414
        8464        1436
        8465        1465
        8466        1476
        8467        1378
        8468        1392
        8469        1419
        8470        1435
        8471        1470
        8472        1479
        8473        1381
        8474        1387
        8475        1421
        8476        1439
        8477        1473
        8478        1477
        8479        1383
        8480        1390
        8481        1455
        8482        1467
        8483        1486
        8484        1380
        8485        1399
        8486        1410
        8487        1447
        8488        1466
        8489        1483
        8490        1379
        8491        1393
        8492        1417
        8493        1456
        8494        1469
        8495        1490
        8496        1382
        8497        1388
        8498        1422
        8499        1438
        8500        1475
        8501        1482
        8502        1330
        8503        1364
        8504        1373
        8505        1416
        8506        1472
        8507        1517
        8508        1572
        8509        1392
        8510        1408
        8511        1428
        8512        1463
        8513        1479
        8514        1496
        8515        1385
        8516        1406
        8517        1427
        8518        1459
        8519        1476
        8520        1498
        8521        1384
        8522        1410
        8523        1423
        8524        1466
        8525        1474
        8526        1499
        8527        1388
        8528        1405
        8529        1433
        8530        1458
        8531        1482
        8532        1494
        8533        1387
        8534        1401
        8535        1429
        8536        1454
        8537        1477
        8538        1491
        8539        1391
        8540        1414
        8541        1425
        8542        1465
        8543        1478
        8544        1501
        8545        1395
        8546        1398
        8547        1443
        8548        1445
        8549        1488
        8550        1489
        8551        1396
        8552        1397
        8553        1443
        8554        1444
        8555        1485
        8556        1492
        8557        1395
        8558        1396
        8559        1441
        8560        1442
        8561        1485
        8562        1489
        8563        1394
        8564        1397
        8565        1442
        8566        1449
        8567        1492
        8568        1495
        8569        1398
        8570        1400
        8571        1441
        8572        1448
        8573        1488
        8574        1497
        8575        1402
        8576        1403
        8577        1449
        8578        1461
        8579        1487
        8580        1502
        8581        1399
        8582        1417
        8583        1431
        8584        1469
        8585        1483
        8586        1505
        8587        1400
        8588        1407
        8589        1445
        8590        1457
        8591        1497
        8592        1500
        8593        1394
        8594        1403
        8595        1444
        8596        1446
        8597        1487
        8598        1495
        8599        1363
        8600        1371
        8601        1404
        8602        1455
        8603        1484
        8604        1530
        8605        1571
        8606        1333
        8607        1369
        8608        1412
        8609        1523
        8610        1334
        8611        1370
        8612        1413
        8613        1524
        8614        1409
        8615        1419
        8616        1454
        8617        1470
        8618        1503
        8619        1514
        8620        1401
        8621        1409
        8622        1439
        8623        1453
        8624        1491
        8625        1503
        8626        1390
        8627        1404
        8628        1430
        8629        1450
        8630        1486
        8631        1530
        8632        1393
        8633        1416
        8634        1432
        8635        1490
        8636        1517
        8637        1407
        8638        1411
        8639        1448
        8640        1462
        8641        1500
        8642        1507
        8643        1405
        8644        1418
        8645        1438
        8646        1468
        8647        1494
        8648        1506
        8649        1406
        8650        1423
        8651        1436
        8652        1474
        8653        1498
        8654        1511
        8655        1386
        8656        1424
        8657        1426
        8658        1493
        8659        1504
        8660        1531
        8661        1402
        8662        1415
        8663        1446
        8664        1464
        8665        1502
        8666        1508
        8667        1411
        8668        1420
        8669        1457
        8670        1471
        8671        1507
        8672        1510
        8673        1408
        8674        1426
        8675        1435
        8676        1493
        8677        1496
        8678        1528
        8679        1415
        8680        1421
        8681        1461
        8682        1473
        8683        1508
        8684        1512
        8685        1414
        8686        1427
        8687        1440
        8688        1476
        8689        1501
        8690        1509
        8691        1410
        8692        1431
        8693        1437
        8694        1483
        8695        1499
        8696        1513
        8697        1383
        8698        1424
        8699        1430
        8700        1486
        8701        1504
        8702        1521
        8703        1418
        8704        1425
        8705        1458
        8706        1478
        8707        1506
        8708        1516
        8709        1417
        8710        1432
        8711        1447
        8712        1490
        8713        1505
        8714        1522
        8715        1419
        8716        1428
        8717        1453
        8718        1479
        8719        1514
        8720        1518
        8721        1420
        8722        1422
        8723        1462
        8724        1475
        8725        1510
        8726        1515
        8727        1322
        8728        1328
        8729        1364
        8730        1434
        8731        1481
        8732        1551
        8733        1572
        8734        1613
        8735        1675
        8736        1421
        8737        1429
        8738        1464
        8739        1477
        8740        1512
        8741        1519
        8742        1423
        8743        1437
        8744        1459
        8745        1499
        8746        1511
        8747        1529
        8748        1422
        8749        1433
        8750        1471
        8751        1482
        8752        1515
        8753        1520
        8754        1427
        8755        1436
        8756        1465
        8757        1498
        8758        1509
        8759        1525
        8760        1429
        8761        1439
        8762        1473
        8763        1491
        8764        1519
        8765        1527
        8766        1425
        8767        1440
        8768        1468
        8769        1501
        8770        1516
        8771        1526
        8772        1428
        8773        1435
        8774        1470
        8775        1496
        8776        1518
        8777        1540
        8778        1293
        8779        1389
        8780        1413
        8781        1524
        8782        1552
        8783        1598
        8784        1322
        8785        1412
        8786        1472
        8787        1523
        8788        1551
        8789        1597
        8790        1433
        8791        1438
        8792        1475
        8793        1494
        8794        1520
        8795        1533
        8796        1431
        8797        1447
        8798        1466
        8799        1505
        8800        1513
        8801        1532
        8802        1363
        8803        1389
        8804        1450
        8805        1552
        8806        1571
        8807        1614
        8808        1674
        8809        1442
        8810        1443
        8811        1489
        8812        1492
        8813        1535
        8814        1536
        8815        1430
        8816        1455
        8817        1467
        8818        1521
        8819        1530
        8820        1604
        8821        1446
        8822        1449
        8823        1495
        8824        1502
        8825        1538
        8826        1543
        8827        1441
        8828        1445
        8829        1489
        8830        1497
        8831        1534
        8832        1537
        8833        1441
        8834        1443
        8835        1485
        8836        1488
        8837        1534
        8838        1535
        8839        1432
        8840        1456
        8841        1469
        8842        1517
        8843        1522
        8844        1605
        8845        1439
        8846        1454
        8847        1477
        8848        1503
        8849        1527
        8850        1544
        8851        1442
        8852        1444
        8853        1485
        8854        1495
        8855        1536
        8856        1539
        8857        1426
        8858        1460
        8859        1463
        8860        1528
        8861        1531
        8862        1564
        8863        1438
        8864        1458
        8865        1482
        8866        1506
        8867        1533
        8868        1545
        8869        1444
        8870        1449
        8871        1487
        8872        1492
        8873        1538
        8874        1539
        8875        1435
        8876        1463
        8877        1479
        8878        1528
        8879        1540
        8880        1569
        8881        1445
        8882        1448
        8883        1488
        8884        1500
        8885        1537
        8886        1541
        8887        1436
        8888        1459
        8889        1476
        8890        1511
        8891        1525
        8892        1542
        8893        1437
        8894        1466
        8895        1474
        8896        1513
        8897        1529
        8898        1548
        8899        1448
        8900        1457
        8901        1497
        8902        1507
        8903        1541
        8904        1546
        8905        1440
        8906        1465
        8907        1478
        8908        1509
        8909        1526
        8910        1547
        8911        1446
        8912        1461
        8913        1487
        8914        1508
        8915        1543
        8916        1549
        8917        1453
        8918        1454
        8919        1491
        8920        1514
        8921        1544
        8922        1554
        8923        1424
        8924        1460
        8925        1467
        8926        1521
        8927        1531
        8928        1553
        8929        1447
        8930        1469
        8931        1483
        8932        1522
        8933        1532
        8934        1561
        8935        1458
        8936        1468
        8937        1494
        8938        1516
        8939        1545
        8940        1555
        8941        1457
        8942        1462
        8943        1500
        8944        1510
        8945        1546
        8946        1550
        8947        1461
        8948        1464
        8949        1502
        8950        1512
        8951        1549
        8952        1556
        8953        1465
        8954        1476
        8955        1501
        8956        1525
        8957        1547
        8958        1558
        8959        1462
        8960        1471
        8961        1507
        8962        1515
        8963        1550
        8964        1557
        8965        1459
        8966        1474
        8967        1498
        8968        1529
        8969        1542
        8970        1560
        8971        1464
        8972        1473
        8973        1508
        8974        1519
        8975        1556
        8976        1559
        8977        1466
        8978        1483
        8979        1499
        8980        1532
        8981        1548
        8982        1565
        8983        1453
        8984        1470
        8985        1503
        8986        1518
        8987        1554
        8988        1566
        8989        1471
        8990        1475
        8991        1510
        8992        1520
        8993        1557
        8994        1562
        8995        1468
        8996        1478
        8997        1506
        8998        1526
        8999        1555
        9000        1563
        9001        1416
        9002        1434
        9003        1456
        9004        1490
        9005        1572
        9006        1605
        9007        1678
        9008        1470
        9009        1479
        9010        1514
        9011        1540
        9012        1566
        9013        1567
        9014        1473
        9015        1477
        9016        1512
        9017        1527
        9018        1559
        9019        1568
        9020        1475
        9021        1482
        9022        1515
        9023        1533
        9024        1562
        9025        1570
        9026        1467
        9027        1486
        9028        1504
        9029        1553
        9030        1604
        9031        1469
        9032        1490
        9033        1505
        9034        1561
        9035        1605
        9036        1412
        9037        1451
        9038        1481
        9039        1597
        9040        1413
        9041        1452
        9042        1480
        9043        1598
        9044        1476
        9045        1498
        9046        1509
        9047        1542
        9048        1558
        9049        1573
        9050        1478
        9051        1501
        9052        1516
        9053        1547
        9054        1563
        9055        1578
        9056        1477
        9057        1491
        9058        1519
        9059        1544
        9060        1568
        9061        1576
        9062        1463
        9063        1493
        9064        1496
        9065        1564
        9066        1569
        9067        1594
        9068        1474
        9069        1499
        9070        1511
        9071        1548
        9072        1560
        9073        1575
        9074        1450
        9075        1455
        9076        1486
        9077        1571
        9078        1604
        9079        1681
        9080        1460
        9081        1493
        9082        1504
        9083        1553
        9084        1564
        9085        1592
        9086        1483
        9087        1505
        9088        1513
        9089        1561
        9090        1565
        9091        1590
        9092        1482
        9093        1494
        9094        1520
        9095        1545
        9096        1570
        9097        1577
        9098        1488
        9099        1489
        9100        1535
        9101        1537
        9102        1579
        9103        1582
        9104        1485
        9105        1489
        9106        1534
        9107        1536
        9108        1579
        9109        1580
        9110        1485
        9111        1492
        9112        1535
        9113        1539
        9114        1580
        9115        1581
        9116        1488
        9117        1497
        9118        1534
        9119        1541
        9120        1582
        9121        1584
        9122        1487
        9123        1495
        9124        1539
        9125        1543
        9126        1574
        9127        1585
        9128        1492
        9129        1495
        9130        1536
        9131        1538
        9132        1574
        9133        1581
        9134        1479
        9135        1496
        9136        1518
        9137        1567
        9138        1569
        9139        1599
        9140        1497
        9141        1500
        9142        1537
        9143        1546
        9144        1584
        9145        1586
        9146        1498
        9147        1511
        9148        1525
        9149        1560
        9150        1573
        9151        1600
        9152        1487
        9153        1502
        9154        1538
        9155        1549
        9156        1583
        9157        1585
        9158        1491
        9159        1503
        9160        1527
        9161        1554
        9162        1576
        9163        1587
        9164        1494
        9165        1506
        9166        1533
        9167        1555
        9168        1577
        9169        1591
        9170        1500
        9171        1507
        9172        1541
        9173        1550
        9174        1586
        9175        1589
        9176        1501
        9177        1509
        9178        1526
        9179        1558
        9180        1578
        9181        1596
        9182        1499
        9183        1513
        9184        1529
        9185        1565
        9186        1575
        9187        1595
        9188        1502
        9189        1508
        9190        1543
        9191        1556
        9192        1583
        9193        1588
        9194        1507
        9195        1510
        9196        1546
        9197        1557
        9198        1589
        9199        1593
        9200        1472
        9201        1481
        9202        1597
        9203        1613
        9204        1653
        9205        1389
        9206        1480
        9207        1484
        9208        1598
        9209        1614
        9210        1654
        9211        1504
        9212        1521
        9213        1531
        9214        1592
        9215        1604
        9216        1503
        9217        1514
        9218        1544
        9219        1566
        9220        1587
        9221        1609
        9222        1506
        9223        1516
        9224        1545
        9225        1563
        9226        1591
        9227        1602
        9228        1508
        9229        1512
        9230        1549
        9231        1559
        9232        1588
        9233        1601
        9234        1510
        9235        1515
        9236        1550
        9237        1562
        9238        1593
        9239        1603
        9240        1509
        9241        1525
        9242        1547
        9243        1573
        9244        1596
        9245        1606
        9246        1512
        9247        1519
        9248        1556
        9249        1568
        9250        1601
        9251        1607
        9252        1511
        9253        1529
        9254        1542
        9255        1575
        9256        1600
        9257        1608
        9258        1505
        9259        1522
        9260        1532
        9261        1590
        9262        1605
        9263        1666
        9264        1515
        9265        1520
        9266        1557
        9267        1570
        9268        1603
        9269        1610
        9270        1516
        9271        1526
        9272        1555
        9273        1578
        9274        1602
        9275        1611
        9276        1493
        9277        1528
        9278        1531
        9279        1592
        9280        1594
        9281        1612
        9282        1513
        9283        1532
        9284        1548
        9285        1590
        9286        1595
        9287        1623
        9288        1514
        9289        1518
        9290        1554
        9291        1567
        9292        1609
        9293        1615
        9294        1641
        9295        1518
        9296        1540
        9297        1566
        9298        1599
        9299        1615
        9300        1519
        9301        1527
        9302        1559
        9303        1576
        9304        1607
        9305        1616
        9306        1496
        9307        1528
        9308        1540
        9309        1594
        9310        1599
        9311        1618
        9312        1520
        9313        1533
        9314        1562
        9315        1577
        9316        1610
        9317        1617
        9318        1450
        9319        1484
        9320        1530
        9321        1674
        9322        1681
        9323        1722
        9324        1434
        9325        1472
        9326        1517
        9327        1675
        9328        1678
        9329        1721
        9330        1525
        9331        1542
        9332        1558
        9333        1600
        9334        1606
        9335        1626
        9336        1538
        9337        1539
        9338        1581
        9339        1585
        9340        1621
        9341        1622
        9342        1529
        9343        1548
        9344        1560
        9345        1595
        9346        1608
        9347        1619
        9348        1527
        9349        1544
        9350        1568
        9351        1587
        9352        1616
        9353        1627
        9354        1533
        9355        1545
        9356        1570
        9357        1591
        9358        1617
        9359        1630
        9360        1526
        9361        1547
        9362        1563
        9363        1596
        9364        1611
        9365        1633
        9366        1534
        9367        1535
        9368        1580
        9369        1582
        9370        1620
        9371        1624
        9372        1535
        9373        1536
        9374        1579
        9375        1581
        9376        1620
        9377        1629
        9378        1536
        9379        1539
        9380        1574
        9381        1580
        9382        1621
        9383        1629
        9384        1534
        9385        1537
        9386        1579
        9387        1584
        9388        1624
        9389        1625
        9390        1543
        9391        1549
        9392        1585
        9393        1588
        9394        1628
        9395        1631
        9396        1537
        9397        1541
        9398        1582
        9399        1586
        9400        1625
        9401        1632
        9402        1538
        9403        1543
        9404        1574
        9405        1583
        9406        1622
        9407        1628
        9408        1541
        9409        1546
        9410        1584
        9411        1589
        9412        1632
        9413        1634
        9414        1544
        9415        1554
        9416        1576
        9417        1609
        9418        1627
        9419        1637
        9420        1549
        9421        1556
        9422        1583
        9423        1601
        9424        1631
        9425        1636
        9426        1546
        9427        1550
        9428        1586
        9429        1593
        9430        1634
        9431        1635
        9432        1532
        9433        1561
        9434        1565
        9435        1623
        9436        1666
        9437        1545
        9438        1555
        9439        1577
        9440        1602
        9441        1630
        9442        1638
        9443        1531
        9444        1553
        9445        1564
        9446        1604
        9447        1612
        9448        1665
        9449        1550
        9450        1557
        9451        1589
        9452        1603
        9453        1635
        9454        1639
        9455        1528
        9456        1564
        9457        1569
        9458        1612
        9459        1618
        9460        1648
        9461        1548
        9462        1565
        9463        1575
        9464        1619
        9465        1623
        9466        1644
        9467        1547
        9468        1558
        9469        1578
        9470        1606
        9471        1633
        9472        1640
        9473        1481
        9474        1523
        9475        1551
        9476        1653
        9477        1480
        9478        1524
        9479        1552
        9480        1654
        9481        1540
        9482        1567
        9483        1569
        9484        1615
        9485        1618
        9486        1643
        9487        1542
        9488        1560
        9489        1573
        9490        1608
        9491        1626
        9492        1671
        9493        1556
        9494        1559
        9495        1588
        9496        1607
        9497        1636
        9498        1642
        9499        1555
        9500        1563
        9501        1591
        9502        1611
        9503        1638
        9504        1647
        9505        1557
        9506        1562
        9507        1593
        9508        1610
        9509        1639
        9510        1646
        9511        1486
        9512        1521
        9513        1530
        9514        1553
        9515        1592
        9516        1665
        9517        1681
        9518        1714
        9519        1490
        9520        1517
        9521        1522
        9522        1561
        9523        1666
        9524        1678
        9525        1715
        9526        1558
        9527        1573
        9528        1596
        9529        1626
        9530        1640
        9531        1655
        9532        1559
        9533        1568
        9534        1601
        9535        1616
        9536        1642
        9537        1649
        9538        1560
        9539        1575
        9540        1600
        9541        1619
        9542        1645
        9543        1671
        9544        1554
        9545        1566
        9546        1587
        9547        1637
        9548        1641
        9549        1658
        9550        1562
        9551        1570
        9552        1603
        9553        1617
        9554        1646
        9555        1650
        9556        1563
        9557        1578
        9558        1602
        9559        1633
        9560        1647
        9561        1652
        9562        1564
        9563        1592
        9564        1594
        9565        1648
        9566        1665
        9567        1472
        9568        1551
        9569        1653
        9570        1675
        9571        1716
        9572        1484
        9573        1552
        9574        1654
        9575        1674
        9576        1717
        9577        1566
        9578        1567
        9579        1599
        9580        1641
        9581        1643
        9582        1669
        9583        1568
        9584        1576
        9585        1607
        9586        1627
        9587        1649
        9588        1657
        9589        1570
        9590        1577
        9591        1610
        9592        1630
        9593        1650
        9594        1662
        9595        1569
        9596        1594
        9597        1599
        9598        1643
        9599        1648
        9600        1667
        9601        1575
        9602        1595
        9603        1608
        9604        1644
        9605        1645
        9606        1668
        9607        1579
        9608        1580
        9609        1624
        9610        1629
        9611        1660
        9612        1664
        9613        1574
        9614        1581
        9615        1622
        9616        1629
        9617        1651
        9618        1663
        9619        1574
        9620        1585
        9621        1621
        9622        1628
        9623        1656
        9624        1663
        9625        1565
        9626        1590
        9627        1595
        9628        1644
        9629        1666
        9630        1720
        9631        1579
        9632        1582
        9633        1620
        9634        1625
        9635        1660
        9636        1661
        9637        1582
        9638        1584
        9639        1624
        9640        1632
        9641        1659
        9642        1661
        9643        1573
        9644        1600
        9645        1606
        9646        1655
        9647        1671
        9648        1690
        9649        1576
        9650        1587
        9651        1616
        9652        1637
        9653        1657
        9654        1677
        9655        1583
        9656        1585
        9657        1622
        9658        1631
        9659        1656
        9660        1670
        9661        1580
        9662        1581
        9663        1620
        9664        1621
        9665        1651
        9666        1664
        9667        1577
        9668        1591
        9669        1617
        9670        1638
        9671        1662
        9672        1673
        9673        1583
        9674        1588
        9675        1628
        9676        1636
        9677        1670
        9678        1679
        9679        1584
        9680        1586
        9681        1625
        9682        1634
        9683        1659
        9684        1682
        9685        1578
        9686        1596
        9687        1611
        9688        1640
        9689        1652
        9690        1686
        9691        1586
        9692        1589
        9693        1632
        9694        1635
        9695        1676
        9696        1682
        9697        1589
        9698        1593
        9699        1634
        9700        1639
        9701        1676
        9702        1680
        9703        1588
        9704        1601
        9705        1631
        9706        1642
        9707        1672
        9708        1679
        9709        1587
        9710        1609
        9711        1627
        9712        1658
        9713        1677
        9714        1591
        9715        1602
        9716        1630
        9717        1647
        9718        1673
        9719        1683
        9720        1593
        9721        1603
        9722        1635
        9723        1646
        9724        1680
        9725        1684
        9726        1596
        9727        1606
        9728        1633
        9729        1655
        9730        1685
        9731        1686
        9732        1566
        9733        1609
        9734        1615
        9735        1658
        9736        1669
        9737        1688
        9738        1601
        9739        1607
        9740        1636
        9741        1649
        9742        1672
        9743        1687
        9744        1599
        9745        1615
        9746        1618
        9747        1667
        9748        1669
        9749        1694
        9750        1595
        9751        1619
        9752        1623
        9753        1668
        9754        1720
        9755        1608
        9756        1619
        9757        1668
        9758        1671
        9759        1696
        9760        1603
        9761        1610
        9762        1639
        9763        1650
        9764        1684
        9765        1689
        9766        1602
        9767        1611
        9768        1638
        9769        1652
        9770        1683
        9771        1691
        9772        1594
        9773        1612
        9774        1618
        9775        1665
        9776        1667
        9777        1719
        9778        1607
        9779        1616
        9780        1642
        9781        1657
        9782        1687
        9783        1692
        9784        1610
        9785        1617
        9786        1646
        9787        1662
        9788        1689
        9789        1693
        9790        1621
        9791        1629
        9792        1663
        9793        1664
        9794        1697
        9795        1698
        9796        1611
        9797        1633
        9798        1647
        9799        1686
        9800        1691
        9801        1708
        9802        1551
        9803        1597
        9804        1613
        9805        1716
        9806        1552
        9807        1598
        9808        1614
        9809        1717
        9810        1606
        9811        1626
        9812        1640
        9813        1685
        9814        1690
        9815        1707
        9816        1622
        9817        1628
        9818        1663
        9819        1670
        9820        1699
        9821        1701
        9822        1616
        9823        1627
        9824        1649
        9825        1677
        9826        1692
        9827        1702
        9828        1609
        9829        1637
        9830        1641
        9831        1677
        9832        1688
        9833        1706
        9834        1625
        9835        1632
        9836        1661
        9837        1682
        9838        1704
        9839        1620
        9840        1624
        9841        1661
        9842        1664
        9843        1700
        9844        1703
        9845        1624
        9846        1625
        9847        1659
        9848        1660
        9849        1700
        9850        1704
        9851        1617
        9852        1630
        9853        1650
        9854        1673
        9855        1693
        9856        1705
        9857        1621
        9858        1622
        9859        1651
        9860        1656
        9861        1697
        9862        1699
        9863        1620
        9864        1629
        9865        1651
        9866        1660
        9867        1698
        9868        1703
        9869        1592
        9870        1604
        9871        1612
        9872        1648
        9873        1714
        9874        1719
        9875        1788
        9876        1561
        9877        1590
        9878        1605
        9879        1623
        9880        1715
        9881        1720
        9882        1789
        9883        1618
        9884        1643
        9885        1648
        9886        1694
        9887        1719
        9888        1619
        9889        1644
        9890        1645
        9891        1696
        9892        1720
        9893        1615
        9894        1641
        9895        1643
        9896        1688
        9897        1694
        9898        1709
        9899        1628
        9900        1631
        9901        1656
        9902        1679
        9903        1695
        9904        1701
        9905        1600
        9906        1608
        9907        1626
        9908        1645
        9909        1690
        9910        1696
        9911        1711
        9912        1636
        9913        1642
        9914        1679
        9915        1687
        9916        1710
        9917        1630
        9918        1638
        9919        1662
        9920        1683
        9921        1705
        9922        1713
        9923        1484
        9924        1571
        9925        1614
        9926        1717
        9927        1722
        9928        1764
        9929        1472
        9930        1572
        9931        1613
        9932        1716
        9933        1721
        9934        1763
        9935        1634
        9936        1635
        9937        1680
        9938        1682
        9939        1712
        9940        1730
        9941        1627
        9942        1637
        9943        1657
        9944        1658
        9945        1702
        9946        1706
        9947        1725
        9948        1517
        9949        1572
        9950        1605
        9951        1715
        9952        1721
        9953        1761
        9954        1801
        9955        1631
        9956        1636
        9957        1670
        9958        1672
        9959        1695
        9960        1710
        9961        1723
        9962        1635
        9963        1639
        9964        1676
        9965        1684
        9966        1712
        9967        1718
        9968        1530
        9969        1571
        9970        1604
        9971        1714
        9972        1722
        9973        1762
        9974        1802
        9975        1632
        9976        1634
        9977        1659
        9978        1676
        9979        1704
        9980        1730
        9981        1731
        9982        1638
        9983        1647
        9984        1673
        9985        1691
        9986        1713
        9987        1727
        9988        1742
        9989        1639
        9990        1646
        9991        1680
        9992        1689
        9993        1718
        9994        1724
        9995        1640
        9996        1655
        9997        1686
        9998        1707
        9999        1726
       10000        1633
       10001        1640
       10002        1652
       10003        1685
       10004        1708
       10005        1726
       10006        1743
       10007        1642
       10008        1649
       10009        1672
       10010        1692
       10011        1710
       10012        1729
       10013        1740
       10014        1641
       10015        1658
       10016        1669
       10017        1706
       10018        1709
       10019        1737
       10020        1646
       10021        1650
       10022        1684
       10023        1693
       10024        1724
       10025        1728
       10026        1626
       10027        1655
       10028        1671
       10029        1707
       10030        1711
       10031        1738
       10032        1647
       10033        1652
       10034        1683
       10035        1708
       10036        1727
       10037        1649
       10038        1657
       10039        1687
       10040        1702
       10041        1729
       10042        1751
       10043        1650
       10044        1662
       10045        1689
       10046        1705
       10047        1728
       10048        1733
       10049        1643
       10050        1667
       10051        1669
       10052        1709
       10053        1719
       10054        1757
       10055        1670
       10056        1679
       10057        1701
       10058        1723
       10059        1734
       10060        1645
       10061        1668
       10062        1671
       10063        1711
       10064        1720
       10065        1758
       10066        1651
       10067        1663
       10068        1698
       10069        1699
       10070        1745
       10071        1746
       10072        1651
       10073        1664
       10074        1697
       10075        1703
       10076        1735
       10077        1746
       10078        1656
       10079        1663
       10080        1697
       10081        1701
       10082        1739
       10083        1745
       10084        1660
       10085        1661
       10086        1703
       10087        1704
       10088        1732
       10089        1736
       10090        1656
       10091        1670
       10092        1695
       10093        1699
       10094        1734
       10095        1739
       10096        1657
       10097        1677
       10098        1692
       10099        1725
       10100        1741
       10101        1751
       10102        1660
       10103        1664
       10104        1698
       10105        1700
       10106        1735
       10107        1736
       10108        1659
       10109        1661
       10110        1682
       10111        1700
       10112        1731
       10113        1732
       10114        1744
       10115        1662
       10116        1673
       10117        1693
       10118        1713
       10119        1733
       10120        1749
       10121        1658
       10122        1677
       10123        1688
       10124        1725
       10125        1737
       10126        1752
       10127        1655
       10128        1685
       10129        1690
       10130        1726
       10131        1738
       10132        1747
       10133        1652
       10134        1686
       10135        1691
       10136        1727
       10137        1743
       10138        1753
       10139        1669
       10140        1688
       10141        1694
       10142        1737
       10143        1757
       10144        1672
       10145        1679
       10146        1687
       10147        1723
       10148        1740
       10149        1748
       10150        1671
       10151        1690
       10152        1696
       10153        1738
       10154        1758
       10155        1676
       10156        1680
       10157        1718
       10158        1730
       10159        1754
       10160        1766
       10161        1673
       10162        1683
       10163        1705
       10164        1742
       10165        1749
       10166        1604
       10167        1665
       10168        1681
       10169        1788
       10170        1802
       10171        1831
       10172        1605
       10173        1666
       10174        1678
       10175        1789
       10176        1801
       10177        1832
       10178        1613
       10179        1653
       10180        1675
       10181        1763
       10182        1614
       10183        1654
       10184        1674
       10185        1764
       10186        1680
       10187        1684
       10188        1712
       10189        1724
       10190        1750
       10191        1754
       10192        1648
       10193        1665
       10194        1667
       10195        1694
       10196        1757
       10197        1788
       10198        1811
       10199        1623
       10200        1644
       10201        1666
       10202        1668
       10203        1696
       10204        1758
       10205        1789
       10206        1812
       10207        1572
       10208        1675
       10209        1678
       10210        1761
       10211        1763
       10212        1805
       10213        1571
       10214        1674
       10215        1681
       10216        1762
       10217        1764
       10218        1806
       10219        1679
       10220        1695
       10221        1710
       10222        1734
       10223        1748
       10224        1756
       10225        1684
       10226        1689
       10227        1718
       10228        1728
       10229        1750
       10230        1755
       10231        1677
       10232        1702
       10233        1706
       10234        1741
       10235        1752
       10236        1771
       10237        1685
       10238        1686
       10239        1707
       10240        1743
       10241        1747
       10242        1774
       10243        1683
       10244        1691
       10245        1708
       10246        1742
       10247        1753
       10248        1770
       10249        1689
       10250        1693
       10251        1724
       10252        1733
       10253        1755
       10254        1765
       10255        1687
       10256        1692
       10257        1740
       10258        1751
       10259        1769
       10260        1676
       10261        1682
       10262        1712
       10263        1731
       10264        1766
       10265        1767
       10266        1682
       10267        1704
       10268        1730
       10269        1744
       10270        1767
       10271        1768
       10272        1700
       10273        1704
       10274        1736
       10275        1744
       10276        1759
       10277        1773
       10278        1693
       10279        1705
       10280        1728
       10281        1749
       10282        1765
       10283        1796
       10284        1695
       10285        1701
       10286        1723
       10287        1739
       10288        1756
       10289        1772
       10290        1698
       10291        1703
       10292        1736
       10293        1746
       10294        1760
       10295        1780
       10296        1700
       10297        1703
       10298        1732
       10299        1735
       10300        1759
       10301        1760
       10302        1688
       10303        1706
       10304        1709
       10305        1752
       10306        1757
       10307        1798
       10308        1690
       10309        1707
       10310        1711
       10311        1747
       10312        1758
       10313        1800
       10314        1699
       10315        1701
       10316        1734
       10317        1745
       10318        1772
       10319        1775
       10320        1687
       10321        1710
       10322        1729
       10323        1748
       10324        1769
       10325        1777
       10326        1702
       10327        1725
       10328        1751
       10329        1771
       10330        1776
       10331        1683
       10332        1713
       10333        1727
       10334        1749
       10335        1770
       10336        1778
       10337        1686
       10338        1708
       10339        1726
       10340        1753
       10341        1774
       10342        1779
       10343        1704
       10344        1731
       10345        1732
       10346        1768
       10347        1773
       10348        1697
       10349        1699
       10350        1739
       10351        1746
       10352        1775
       10353        1781
       10354        1697
       10355        1698
       10356        1735
       10357        1745
       10358        1780
       10359        1781
       10360        1783
       10361        1707
       10362        1726
       10363        1738
       10364        1774
       10365        1800
       10366        1710
       10367        1723
       10368        1740
       10369        1756
       10370        1777
       10371        1785
       10372        1705
       10373        1713
       10374        1733
       10375        1742
       10376        1778
       10377        1786
       10378        1796
       10379        1718
       10380        1724
       10381        1754
       10382        1755
       10383        1782
       10384        1784
       10385        1692
       10386        1702
       10387        1729
       10388        1741
       10389        1769
       10390        1776
       10391        1797
       10392        1706
       10393        1725
       10394        1737
       10395        1771
       10396        1798
       10397        1826
       10398        1708
       10399        1727
       10400        1743
       10401        1770
       10402        1779
       10403        1799
       10404        1712
       10405        1718
       10406        1750
       10407        1766
       10408        1784
       10409        1787
       10410        1724
       10411        1728
       10412        1750
       10413        1765
       10414        1782
       10415        1804
       10416        1810
       10417        1723
       10418        1734
       10419        1748
       10420        1772
       10421        1785
       10422        1795
       10423        1694
       10424        1709
       10425        1719
       10426        1737
       10427        1798
       10428        1811
       10429        1853
       10430        1696
       10431        1711
       10432        1720
       10433        1738
       10434        1800
       10435        1812
       10436        1854
       10437        1732
       10438        1736
       10439        1760
       10440        1773
       10441        1790
       10442        1792
       10443        1735
       10444        1736
       10445        1759
       10446        1780
       10447        1790
       10448        1678
       10449        1721
       10450        1801
       10451        1805
       10452        1836
       10453        1681
       10454        1722
       10455        1802
       10456        1806
       10457        1837
       10458        1675
       10459        1716
       10460        1721
       10461        1805
       10462        1674
       10463        1717
       10464        1722
       10465        1806
       10466        1728
       10467        1733
       10468        1755
       10469        1796
       10470        1804
       10471        1712
       10472        1730
       10473        1754
       10474        1767
       10475        1787
       10476        1791
       10477        1730
       10478        1731
       10479        1766
       10480        1768
       10481        1791
       10482        1793
       10483        1731
       10484        1744
       10485        1767
       10486        1773
       10487        1793
       10488        1794
       10489        1729
       10490        1740
       10491        1751
       10492        1777
       10493        1797
       10494        1807
       10495        1727
       10496        1742
       10497        1753
       10498        1778
       10499        1799
       10500        1808
       10501        1725
       10502        1741
       10503        1752
       10504        1776
       10505        1826
       10506        1734
       10507        1739
       10508        1756
       10509        1775
       10510        1795
       10511        1803
       10512        1732
       10513        1744
       10514        1759
       10515        1768
       10516        1792
       10517        1794
       10518        1726
       10519        1743
       10520        1747
       10521        1779
       10522        1800
       10523        1827
       10524        1739
       10525        1745
       10526        1772
       10527        1781
       10528        1803
       10529        1809
       10530        1741
       10531        1751
       10532        1771
       10533        1797
       10534        1826
       10535        1740
       10536        1748
       10537        1769
       10538        1785
       10539        1807
       10540        1816
       10541        1742
       10542        1749
       10543        1770
       10544        1786
       10545        1808
       10546        1814
       10547        1743
       10548        1753
       10549        1774
       10550        1799
       10551        1827
       10552        1735
       10553        1746
       10554        1760
       10555        1783
       10556        1790
       10557        1817
       10558        1820
       10559        1745
       10560        1746
       10561        1775
       10562        1783
       10563        1809
       10564        1813
       10565        1750
       10566        1755
       10567        1784
       10568        1810
       10569        1815
       10570        1746
       10571        1780
       10572        1781
       10573        1813
       10574        1817
       10575        1750
       10576        1754
       10577        1782
       10578        1787
       10579        1815
       10580        1818
       10581        1748
       10582        1756
       10583        1777
       10584        1795
       10585        1816
       10586        1828
       10587        1749
       10588        1778
       10589        1796
       10590        1814
       10591        1819
       10592        1754
       10593        1766
       10594        1784
       10595        1791
       10596        1818
       10597        1821
       10598        1665
       10599        1714
       10600        1719
       10601        1811
       10602        1831
       10603        1850
       10604        1863
       10605        1666
       10606        1715
       10607        1720
       10608        1812
       10609        1832
       10610        1851
       10611        1864
       10612        1759
       10613        1760
       10614        1780
       10615        1792
       10616        1820
       10617        1822
       10618        1766
       10619        1767
       10620        1787
       10621        1793
       10622        1821
       10623        1823
       10624        1759
       10625        1773
       10626        1790
       10627        1794
       10628        1822
       10629        1824
       10630        1767
       10631        1768
       10632        1791
       10633        1794
       10634        1823
       10635        1825
       10636        1768
       10637        1773
       10638        1792
       10639        1793
       10640        1824
       10641        1825
       10642        1756
       10643        1772
       10644        1785
       10645        1803
       10646        1828
       10647        1829
       10648        1733
       10649        1749
       10650        1765
       10651        1786
       10652        1804
       10653        1819
       10654        1830
       10655        1751
       10656        1769
       10657        1776
       10658        1807
       10659        1826
       10660        1839
       10661        1737
       10662        1752
       10663        1757
       10664        1826
       10665        1853
       10666        1856
       10667        1753
       10668        1770
       10669        1779
       10670        1808
       10671        1827
       10672        1840
       10673        1738
       10674        1747
       10675        1758
       10676        1774
       10677        1827
       10678        1854
       10679        1857
       10680        1678
       10681        1715
       10682        1761
       10683        1832
       10684        1836
       10685        1858
       10686        1681
       10687        1714
       10688        1762
       10689        1831
       10690        1837
       10691        1859
       10692        1772
       10693        1775
       10694        1795
       10695        1809
       10696        1829
       10697        1833
       10698        1755
       10699        1765
       10700        1796
       10701        1810
       10702        1830
       10703        1834
       10704        1721
       10705        1761
       10706        1763
       10707        1836
       10708        1722
       10709        1762
       10710        1764
       10711        1837
       10712        1769
       10713        1777
       10714        1797
       10715        1816
       10716        1839
       10717        1770
       10718        1778
       10719        1799
       10720        1814
       10721        1840
       10722        1855
       10723        1775
       10724        1781
       10725        1803
       10726        1813
       10727        1833
       10728        1838
       10729        1755
       10730        1782
       10731        1804
       10732        1815
       10733        1834
       10734        1835
       10735        1719
       10736        1757
       10737        1788
       10738        1853
       10739        1863
       10740        1872
       10741        1720
       10742        1758
       10743        1789
       10744        1854
       10745        1864
       10746        1873
       10747        1781
       10748        1783
       10749        1809
       10750        1817
       10751        1838
       10752        1842
       10753        1778
       10754        1786
       10755        1808
       10756        1819
       10757        1855
       10758        1782
       10759        1784
       10760        1810
       10761        1818
       10762        1835
       10763        1843
       10764        1777
       10765        1785
       10766        1807
       10767        1828
       10768        1839
       10769        1852
       10770        1780
       10771        1783
       10772        1813
       10773        1820
       10774        1842
       10775        1849
       10776        1784
       10777        1787
       10778        1815
       10779        1821
       10780        1841
       10781        1843
       10782        1786
       10783        1796
       10784        1814
       10785        1830
       10786        1855
       10787        1780
       10788        1790
       10789        1817
       10790        1822
       10791        1846
       10792        1849
       10793        1787
       10794        1791
       10795        1818
       10796        1823
       10797        1841
       10798        1847
       10799        1790
       10800        1792
       10801        1820
       10802        1824
       10803        1846
       10804        1848
       10805        1791
       10806        1793
       10807        1821
       10808        1825
       10809        1844
       10810        1847
       10811        1792
       10812        1794
       10813        1822
       10814        1825
       10815        1845
       10816        1848
       10817        1793
       10818        1794
       10819        1823
       10820        1824
       10821        1844
       10822        1845
       10823        1752
       10824        1771
       10825        1776
       10826        1797
       10827        1798
       10828        1839
       10829        1856
       10830        1877
       10831        1774
       10832        1779
       10833        1799
       10834        1800
       10835        1840
       10836        1857
       10837        1867
       10838        1785
       10839        1795
       10840        1816
       10841        1829
       10842        1852
       10843        1795
       10844        1803
       10845        1828
       10846        1833
       10847        1852
       10848        1860
       10849        1796
       10850        1804
       10851        1819
       10852        1834
       10853        1855
       10854        1861
       10855        1714
       10856        1788
       10857        1802
       10858        1850
       10859        1859
       10860        1871
       10861        1715
       10862        1789
       10863        1801
       10864        1851
       10865        1858
       10866        1870
       10867        1803
       10868        1809
       10869        1829
       10870        1838
       10871        1860
       10872        1804
       10873        1810
       10874        1830
       10875        1835
       10876        1861
       10877        1865
       10878        1810
       10879        1815
       10880        1834
       10881        1843
       10882        1865
       10883        1761
       10884        1801
       10885        1805
       10886        1858
       10887        1762
       10888        1802
       10889        1806
       10890        1859
       10891        1809
       10892        1813
       10893        1833
       10894        1842
       10895        1860
       10896        1862
       10897        1797
       10898        1807
       10899        1816
       10900        1826
       10901        1852
       10902        1875
       10903        1877
       10904        1799
       10905        1808
       10906        1827
       10907        1855
       10908        1867
       10909        1876
       10910        1818
       10911        1821
       10912        1843
       10913        1847
       10914        1866
       10915        1813
       10916        1817
       10917        1838
       10918        1849
       10919        1862
       10920        1815
       10921        1818
       10922        1835
       10923        1841
       10924        1865
       10925        1866
       10926        1823
       10927        1825
       10928        1845
       10929        1847
       10930        1869
       10931        1824
       10932        1825
       10933        1844
       10934        1848
       10935        1869
       10936        1820
       10937        1822
       10938        1848
       10939        1849
       10940        1868
       10941        1874
       10942        1821
       10943        1823
       10944        1841
       10945        1844
       10946        1866
       10947        1869
       10948        1822
       10949        1824
       10950        1845
       10951        1846
       10952        1868
       10953        1869
       10954        1817
       10955        1820
       10956        1842
       10957        1846
       10958        1862
       10959        1874
       10960        1788
       10961        1831
       10962        1863
       10963        1871
       10964        1879
       10965        1789
       10966        1832
       10967        1864
       10968        1870
       10969        1878
       10970        1816
       10971        1828
       10972        1829
       10973        1839
       10974        1860
       10975        1875
       10976        1889
       10977        1757
       10978        1798
       10979        1811
       10980        1856
       10981        1872
       10982        1881
       10983        1883
       10984        1758
       10985        1800
       10986        1812
       10987        1857
       10988        1873
       10989        1880
       10990        1884
       10991        1808
       10992        1814
       10993        1819
       10994        1830
       10995        1840
       10996        1861
       10997        1876
       10998        1886
       10999        1798
       11000        1826
       11001        1853
       11002        1877
       11003        1883
       11004        1892
       11005        1800
       11006        1827
       11007        1854
       11008        1867
       11009        1884
       11010        1893
       11011        1801
       11012        1832
       11013        1836
       11014        1870
       11015        1802
       11016        1831
       11017        1837
       11018        1871
       11019        1829
       11020        1833
       11021        1838
       11022        1852
       11023        1862
       11024        1889
       11025        1891
       11026        1830
       11027        1834
       11028        1855
       11029        1865
       11030        1882
       11031        1886
       11032        1838
       11033        1842
       11034        1849
       11035        1860
       11036        1874
       11037        1891
       11038        1788
       11039        1811
       11040        1850
       11041        1872
       11042        1879
       11043        1888
       11044        1789
       11045        1812
       11046        1851
       11047        1873
       11048        1878
       11049        1887
       11050        1834
       11051        1835
       11052        1843
       11053        1861
       11054        1866
       11055        1882
       11056        1885
       11057        1841
       11058        1843
       11059        1847
       11060        1865
       11061        1869
       11062        1885
       11063        1890
       11064        1827
       11065        1840
       11066        1857
       11067        1876
       11068        1893
       11069        1897
       11070        1901
       11071        1846
       11072        1848
       11073        1869
       11074        1874
       11075        1894
       11076        1844
       11077        1845
       11078        1847
       11079        1848
       11080        1866
       11081        1868
       11082        1890
       11083        1894
       11084        1832
       11085        1851
       11086        1858
       11087        1878
       11088        1831
       11089        1850
       11090        1859
       11091        1879
       11092        1811
       11093        1853
       11094        1863
       11095        1881
       11096        1888
       11097        1896
       11098        1812
       11099        1854
       11100        1864
       11101        1880
       11102        1887
       11103        1895
       11104        1846
       11105        1849
       11106        1862
       11107        1868
       11108        1891
       11109        1894
       11110        1839
       11111        1852
       11112        1877
       11113        1889
       11114        1902
       11115        1904
       11116        1840
       11117        1855
       11118        1867
       11119        1886
       11120        1901
       11121        1903
       11122        1826
       11123        1839
       11124        1856
       11125        1875
       11126        1892
       11127        1898
       11128        1902
       11129        1851
       11130        1864
       11131        1870
       11132        1887
       11133        1850
       11134        1863
       11135        1871
       11136        1888
       11137        1854
       11138        1873
       11139        1884
       11140        1895
       11141        1899
       11142        1853
       11143        1872
       11144        1883
       11145        1896
       11146        1900
       11147        1861
       11148        1865
       11149        1885
       11150        1886
       11151        1909
       11152        1913
       11153        1853
       11154        1856
       11155        1881
       11156        1892
       11157        1900
       11158        1906
       11159        1854
       11160        1857
       11161        1880
       11162        1893
       11163        1899
       11164        1905
       11165        1865
       11166        1866
       11167        1882
       11168        1890
       11169        1913
       11170        1916
       11171        1917
       11172        1855
       11173        1861
       11174        1876
       11175        1882
       11176        1903
       11177        1907
       11178        1909
       11179        1864
       11180        1873
       11181        1878
       11182        1895
       11183        1863
       11184        1872
       11185        1879
       11186        1896
       11187        1852
       11188        1860
       11189        1875
       11190        1891
       11191        1904
       11192        1908
       11193        1910
       11194        1866
       11195        1869
       11196        1885
       11197        1894
       11198        1917
       11199        1920
       11200        1860
       11201        1862
       11202        1874
       11203        1889
       11204        1894
       11205        1910
       11206        1914
       11207        1915
       11208        1856
       11209        1877
       11210        1883
       11211        1898
       11212        1906
       11213        1912
       11214        1857
       11215        1867
       11216        1884
       11217        1897
       11218        1905
       11219        1911
       11220        1868
       11221        1869
       11222        1874
       11223        1890
       11224        1891
       11225        1915
       11226        1920
       11227        1921
       11228        1922
       11229        1873
       11230        1880
       11231        1887
       11232        1899
       11233        1872
       11234        1881
       11235        1888
       11236        1900
       11237        1867
       11238        1893
       11239        1901
       11240        1911
       11241        1918
       11242        1877
       11243        1892
       11244        1902
       11245        1912
       11246        1919
       11247        1880
       11248        1884
       11249        1895
       11250        1905
       11251        1881
       11252        1883
       11253        1896
       11254        1906
       11255        1867
       11256        1876
       11257        1897
       11258        1903
       11259        1918
       11260        1923
       11261        1875
       11262        1877
       11263        1898
       11264        1904
       11265        1919
       11266        1924
       11267        1876
       11268        1886
       11269        1901
       11270        1907
       11271        1923
       11272        1925
       11273        1875
       11274        1889
       11275        1902
       11276        1908
       11277        1924
       11278        1926
       11279        1884
       11280        1893
       11281        1899
       11282        1911
       11283        1883
       11284        1892
       11285        1900
       11286        1912
       11287        1886
       11288        1903
       11289        1909
       11290        1925
       11291        1927
       11292        1889
       11293        1904
       11294        1910
       11295        1926
       11296        1928
       11297        1882
       11298        1886
       11299        1907
       11300        1913
       11301        1927
       11302        1929
       11303        1889
       11304        1891
       11305        1908
       11306        1914
       11307        1928
       11308        1930
       11309        1893
       11310        1897
       11311        1905
       11312        1918
       11313        1892
       11314        1898
       11315        1906
       11316        1919
       11317        1882
       11318        1885
       11319        1909
       11320        1916
       11321        1929
       11322        1931
       11323        1891
       11324        1910
       11325        1915
       11326        1930
       11327        1932
       11328        1891
       11329        1894
       11330        1914
       11331        1921
       11332        1932
       11333        1934
       11334        1885
       11335        1913
       11336        1917
       11337        1931
       11338        1933
       11339        1885
       11340        1890
       11341        1916
       11342        1920
       11343        1933
       11344        1935
       11345        1897
       11346        1901
       11347        1911
       11348        1923
       11349        1898
       11350        1902
       11351        1912
       11352        1924
       11353        1890
       11354        1894
       11355        1917
       11356        1922
       11357        1935
       11358        1937
       11359        1894
       11360        1915
       11361        1922
       11362        1934
       11363        1936
       11364        1894
       11365        1920
       11366        1921
       11367        1936
       11368        1937
       11369        1901
       11370        1903
       11371        1918
       11372        1925
       11373        1902
       11374        1904
       11375        1919
       11376        1926
       11377        1903
       11378        1907
       11379        1923
       11380        1927
       11381        1904
       11382        1908
       11383        1924
       11384        1928
       11385        1907
       11386        1909
       11387        1925
       11388        1929
       11389        1908
       11390        1910
       11391        1926
       11392        1930
       11393        1909
       11394        1913
       11395        1927
       11396        1931
       11397        1910
       11398        1914
       11399        1928
       11400        1932
       11401        1913
       11402        1916
       11403        1929
       11404        1933
       11405        1914
       11406        1915
       11407        1930
       11408        1934
       11409        1916
       11410        1917
       11411        1931
       11412        1935
       11413        1915
       11414        1921
       11415        1932
       11416        1936
       11417        1917
       11418        1920
       11419        1933
       11420        1937
       11421        1921
       11422        1922
       11423        1934
       11424        1937
       11425        1920
       11426        1922
       11427        1935
       11428        1936
       11429           0
 END_COLUMNS
 COUNTER (ICX)
           1           4
           2           4
           3           4
           4           6
           5           5
           6           5
           7           6
           8           4
           9           4
          10           7
          11           6
          12           6
          13           8
          14           4
          15           4
          16           6
          17           5
          18           5
          19           7
          20           7
          21           7
          22           4
          23           4
          24           6
          25           9
          26           5
          27           6
          28           7
          29           6
          30           6
          31           6
          32           5
          33           5
          34           5
          35           6
          36           6
          37           4
          38           4
          39           6
          40           6
          41           6
          42           6
          43           6
          44           6
          45           6
          46           5
          47           7
          48           6
          49           6
          50           5
          51           6
          52           6
          53           6
          54           6
          55           6
          56           6
          57           5
          58           6
          59           6
          60           6
          61           6
          62           6
          63           6
          64           6
          65           5
          66           6
          67           7
          68           6
          69           6
          70           4
          71           4
          72           6
          73           6
          74           6
          75           7
          76           6
          77           6
          78           6
          79           8
          80           5
          81           7
          82           6
          83           6
          84           6
          85           7
          86           6
          87           5
          88           5
          89           5
          90           6
          91           6
          92           6
          93           6
          94           6
          95           5
          96           6
          97           6
          98           6
          99           6
         100           6
         101           6
         102           6
         103           5
         104           5
         105           6
         106           6
         107           6
         108           6
         109           6
         110           7
         111           6
         112           6
         113           6
         114           6
         115           6
         116           6
         117           4
         118           4
         119           6
         120           6
         121           6
         122           7
         123           6
         124           6
         125           8
         126           7
         127           6
         128           6
         129           6
         130           5
         131           6
         132           5
         133           6
         134           6
         135           6
         136           6
         137           6
         138           6
         139           6
         140           6
         141           6
         142           6
         143           6
         144           6
         145           6
         146           7
         147           6
         148           6
         149           6
         150           6
         151           6
         152           5
         153           6
         154           6
         155           6
         156           5
         157           6
         158           6
         159           6
         160           6
         161           6
         162           6
         163           6
         164           6
         165           6
         166           6
         167           6
         168           6
         169           5
         170           4
         171           4
         172           6
         173           6
         174           6
         175           6
         176           5
         177           6
         178           6
         179           7
         180           6
         181           6
         182           5
         183           6
         184           6
         185           6
         186           6
         187           6
         188           6
         189           6
         190           6
         191           6
         192           6
         193           6
         194           6
         195           6
         196           6
         197           7
         198           6
         199           6
         200           6
         201           6
         202           5
         203           7
         204           6
         205           6
         206           6
         207           6
         208           6
         209           6
         210           6
         211           6
         212           7
         213           6
         214           6
         215           6
         216           6
         217           6
         218           5
         219           6
         220           6
         221           6
         222           6
         223           6
         224           6
         225           6
         226           6
         227           6
         228           7
         229           6
         230           7
         231           7
         232           5
         233           4
         234           4
         235           6
         236           6
         237           6
         238           6
         239           6
         240           5
         241           6
         242           6
         243           6
         244           6
         245           6
         246           7
         247           6
         248           6
         249           6
         250           5
         251           5
         252           6
         253           6
         254           6
         255           6
         256           6
         257           5
         258           5
         259           6
         260           6
         261           6
         262           6
         263           6
         264           6
         265           8
         266           7
         267           7
         268           6
         269           6
         270           6
         271           6
         272           6
         273           6
         274           6
         275           6
         276           6
         277           6
         278           6
         279           6
         280           6
         281           5
         282           6
         283           6
         284           6
         285           5
         286           7
         287           6
         288           5
         289           6
         290           6
         291           7
         292           6
         293           6
         294           6
         295           6
         296           6
         297           7
         298           6
         299           5
         300           6
         301           5
         302           4
         303           4
         304           6
         305           6
         306           6
         307           6
         308           6
         309           6
         310           5
         311           6
         312           6
         313           6
         314           6
         315           6
         316           6
         317           6
         318           6
         319           6
         320           6
         321           6
         322           6
         323           6
         324           6
         325           5
         326           6
         327           6
         328           6
         329           6
         330           6
         331           6
         332           6
         333           6
         334           6
         335           6
         336           6
         337           6
         338           6
         339           6
         340           6
         341           6
         342           7
         343           6
         344           6
         345           6
         346           7
         347           6
         348           6
         349           6
         350           6
         351           6
         352           6
         353           6
         354           6
         355           6
         356           6
         357           6
         358           6
         359           6
         360           6
         361           7
         362           6
         363           6
         364           6
         365           6
         366           6
         367           6
         368           6
         369           6
         370           6
         371           6
         372           6
         373           5
         374           6
         375           6
         376           6
         377           6
         378           6
         379           6
         380           6
         381           4
         382           4
         383           6
         384           6
         385           6
         386           6
         387           6
         388           6
         389           7
         390           5
         391           6
         392           6
         393           6
         394           6
         395           7
         396           5
         397           6
         398           6
         399           6
         400           6
         401           6
         402           6
         403           6
         404           6
         405           6
         406           6
         407           6
         408           6
         409           5
         410           6
         411           6
         412           6
         413           6
         414           7
         415           6
         416           6
         417           6
         418           6
         419           6
         420           5
         421           6
         422           6
         423           6
         424           5
         425           5
         426           6
         427           7
         428           7
         429           6
         430           6
         431           6
         432           6
         433           6
         434           6
         435           6
         436           6
         437           6
         438           6
         439           6
         440           6
         441           6
         442           6
         443           6
         444           6
         445           6
         446           6
         447           6
         448           6
         449           6
         450           7
         451           6
         452           8
         453           6
         454           6
         455           6
         456           7
         457           6
         458           6
         459           6
         460           5
         461           6
         462           4
         463           4
         464           6
         465           6
         466           6
         467           5
         468           6
         469           6
         470           6
         471           5
         472           5
         473           6
         474           7
         475           5
         476           6
         477           6
         478           6
         479           6
         480           6
         481           6
         482           6
         483           6
         484           6
         485           6
         486           6
         487           6
         488           6
         489           6
         490           6
         491           6
         492           6
         493           6
         494           6
         495           6
         496           6
         497           6
         498           6
         499           6
         500           6
         501           6
         502           6
         503           6
         504           7
         505           5
         506           6
         507           6
         508           6
         509           7
         510           6
         511           6
         512           6
         513           6
         514           6
         515           6
         516           6
         517           6
         518           6
         519           6
         520           6
         521           5
         522           6
         523           6
         524           6
         525           6
         526           6
         527           6
         528           6
         529           6
         530           6
         531           6
         532           6
         533           6
         534           6
         535           6
         536           6
         537           6
         538           6
         539           6
         540           6
         541           6
         542           6
         543           6
         544           6
         545           6
         546           6
         547           6
         548           4
         549           4
         550           6
         551           6
         552           6
         553           6
         554           6
         555           5
         556           6
         557           8
         558           6
         559           6
         560           7
         561           6
         562           6
         563           6
         564           6
         565           6
         566           6
         567           5
         568           5
         569           6
         570           6
         571           6
         572           6
         573           6
         574           6
         575           6
         576           6
         577           6
         578           6
         579           6
         580           6
         581           6
         582           6
         583           6
         584           6
         585           6
         586           6
         587           6
         588           6
         589           6
         590           6
         591           6
         592           6
         593           6
         594           6
         595           6
         596           6
         597           6
         598           6
         599           6
         600           6
         601           6
         602           6
         603           6
         604           6
         605           6
         606           6
         607           6
         608           6
         609           6
         610           6
         611           6
         612           6
         613           6
         614           6
         615           6
         616           6
         617           6
         618           6
         619           6
         620           6
         621           6
         622           6
         623           6
         624           6
         625           6
         626           6
         627           6
         628           6
         629           6
         630           6
         631           6
         632           6
         633           6
         634           6
         635           6
         636           6
         637           6
         638           6
         639           6
         640           6
         641           4
         642           4
         643           6
         644           7
         645           6
         646           6
         647           6
         648           6
         649           6
         650           6
         651           6
         652           6
         653           6
         654           6
         655           6
         656           5
         657           6
         658           6
         659           6
         660           6
         661           6
         662           6
         663           6
         664           6
         665           6
         666           6
         667           6
         668           6
         669           6
         670           7
         671           5
         672           6
         673           7
         674           6
         675           6
         676           6
         677           5
         678           6
         679           6
         680           6
         681           6
         682           6
         683           6
         684           7
         685           6
         686           6
         687           6
         688           6
         689           6
         690           6
         691           6
         692           6
         693           6
         694           7
         695           6
         696           6
         697           6
         698           6
         699           6
         700           6
         701           6
         702           6
         703           6
         704           6
         705           6
         706           6
         707           7
         708           6
         709           6
         710           6
         711           6
         712           6
         713           6
         714           6
         715           6
         716           6
         717           6
         718           6
         719           6
         720           6
         721           6
         722           6
         723           6
         724           6
         725           6
         726           6
         727           5
         728           5
         729           6
         730           6
         731           6
         732           6
         733           6
         734           4
         735           4
         736           6
         737           6
         738           6
         739           6
         740           6
         741           6
         742           6
         743           6
         744           6
         745           6
         746           5
         747           6
         748           6
         749           6
         750           6
         751           6
         752           6
         753           6
         754           6
         755           6
         756           6
         757           6
         758           5
         759           6
         760           6
         761           6
         762           6
         763           6
         764           6
         765           6
         766           6
         767           6
         768           6
         769           6
         770           6
         771           6
         772           6
         773           6
         774           6
         775           6
         776           5
         777           6
         778           6
         779           6
         780           6
         781           5
         782           5
         783           7
         784           6
         785           6
         786           6
         787           6
         788           6
         789           6
         790           6
         791           6
         792           6
         793           6
         794           6
         795           6
         796           6
         797           6
         798           8
         799           6
         800           6
         801           5
         802           6
         803           6
         804           7
         805           6
         806           6
         807           6
         808           6
         809           6
         810           6
         811           6
         812           6
         813           6
         814           6
         815           6
         816           6
         817           6
         818           6
         819           6
         820           6
         821           6
         822           6
         823           6
         824           4
         825           4
         826           6
         827           6
         828           6
         829           7
         830           6
         831           6
         832           6
         833           8
         834           6
         835           6
         836           6
         837           6
         838           6
         839           6
         840           6
         841           6
         842           6
         843           6
         844           6
         845           6
         846           6
         847           6
         848           6
         849           6
         850           6
         851           6
         852           6
         853           5
         854           6
         855           6
         856           6
         857           6
         858           6
         859           6
         860           6
         861           6
         862           6
         863           6
         864           6
         865           5
         866           6
         867           6
         868           6
         869           6
         870           6
         871           6
         872           6
         873           6
         874           6
         875           5
         876           6
         877           6
         878           5
         879           6
         880           7
         881           6
         882           6
         883           6
         884           6
         885           6
         886           6
         887           6
         888           6
         889           6
         890           6
         891           5
         892           6
         893           6
         894           6
         895           6
         896           6
         897           6
         898           6
         899           6
         900           6
         901           6
         902           6
         903           6
         904           6
         905           6
         906           7
         907           6
         908           6
         909           6
         910           6
         911           6
         912           6
         913           6
         914           6
         915           6
         916           6
         917           6
         918           6
         919           6
         920           6
         921           7
         922           4
         923           4
         924           6
         925           6
         926           6
         927           6
         928           6
         929           8
         930           5
         931           6
         932           6
         933           6
         934           6
         935           6
         936           6
         937           5
         938           6
         939           6
         940           6
         941           6
         942           6
         943           5
         944           6
         945           6
         946           6
         947           6
         948           6
         949           6
         950           6
         951           5
         952           6
         953           6
         954           6
         955           8
         956           6
         957           6
         958           6
         959           6
         960           6
         961           6
         962           6
         963           6
         964           6
         965           6
         966           6
         967           6
         968           6
         969           7
         970           6
         971           6
         972           6
         973           6
         974           5
         975           7
         976           6
         977           6
         978           6
         979           6
         980           6
         981           6
         982           6
         983           5
         984           6
         985           6
         986           6
         987           7
         988           6
         989           6
         990           6
         991           5
         992           6
         993           6
         994           6
         995           6
         996           6
         997           6
         998           6
         999           5
        1000           5
        1001           6
        1002           6
        1003           6
        1004           5
        1005           6
        1006           6
        1007           6
        1008           8
        1009           6
        1010           6
        1011           6
        1012           6
        1013           6
        1014           6
        1015           6
        1016           4
        1017           4
        1018           6
        1019           5
        1020           6
        1021           6
        1022           6
        1023           6
        1024           5
        1025           6
        1026           6
        1027           6
        1028           6
        1029           6
        1030           6
        1031           6
        1032           6
        1033           6
        1034           6
        1035           6
        1036           6
        1037           6
        1038           6
        1039           6
        1040           6
        1041           6
        1042           6
        1043           6
        1044           6
        1045           6
        1046           6
        1047           6
        1048           6
        1049           6
        1050           6
        1051           6
        1052           6
        1053           6
        1054           6
        1055           6
        1056           6
        1057           6
        1058           6
        1059           6
        1060           6
        1061           6
        1062           6
        1063           6
        1064           6
        1065           6
        1066           6
        1067           6
        1068           7
        1069           7
        1070           6
        1071           6
        1072           6
        1073           6
        1074           6
        1075           6
        1076           6
        1077           6
        1078           6
        1079           6
        1080           6
        1081           6
        1082           6
        1083           6
        1084           6
        1085           6
        1086           5
        1087           6
        1088           6
        1089           6
        1090           6
        1091           6
        1092           6
        1093           6
        1094           6
        1095           6
        1096           6
        1097           5
        1098           6
        1099           6
        1100           6
        1101           6
        1102           6
        1103           6
        1104           6
        1105           6
        1106           6
        1107           6
        1108           5
        1109           9
        1110           4
        1111           4
        1112           6
        1113           6
        1114           7
        1115           7
        1116           6
        1117           6
        1118           6
        1119           6
        1120           6
        1121           5
        1122           6
        1123           5
        1124           7
        1125           6
        1126           6
        1127           6
        1128           6
        1129           6
        1130           6
        1131           6
        1132           5
        1133           6
        1134           6
        1135           6
        1136           6
        1137           6
        1138           6
        1139           6
        1140           6
        1141           5
        1142           6
        1143           7
        1144           6
        1145           6
        1146           6
        1147           6
        1148           6
        1149           6
        1150           6
        1151           7
        1152           6
        1153           6
        1154           6
        1155           6
        1156           6
        1157           7
        1158           6
        1159           7
        1160           6
        1161           6
        1162           6
        1163           6
        1164           6
        1165           6
        1166           7
        1167           6
        1168           6
        1169           6
        1170           6
        1171           6
        1172           6
        1173           6
        1174           6
        1175           6
        1176           6
        1177           6
        1178           5
        1179           6
        1180           6
        1181           6
        1182           5
        1183           5
        1184           6
        1185           6
        1186           6
        1187           6
        1188           5
        1189           6
        1190           6
        1191           6
        1192           6
        1193           7
        1194           5
        1195           6
        1196           5
        1197           6
        1198           6
        1199           6
        1200           6
        1201           6
        1202           4
        1203           4
        1204           6
        1205           7
        1206           6
        1207           6
        1208           6
        1209           5
        1210           6
        1211           6
        1212           7
        1213           6
        1214           6
        1215           5
        1216           5
        1217           6
        1218           6
        1219           6
        1220           6
        1221           6
        1222           6
        1223           6
        1224           6
        1225           6
        1226           6
        1227           6
        1228           6
        1229           6
        1230           6
        1231           7
        1232           6
        1233           8
        1234           6
        1235           6
        1236           6
        1237           6
        1238           6
        1239           6
        1240           6
        1241           6
        1242           6
        1243           6
        1244           6
        1245           6
        1246           6
        1247           6
        1248           6
        1249           6
        1250           6
        1251           6
        1252           6
        1253           5
        1254           5
        1255           6
        1256           6
        1257           6
        1258           7
        1259           6
        1260           6
        1261           6
        1262           7
        1263           6
        1264           6
        1265           5
        1266           6
        1267           6
        1268           6
        1269           6
        1270           6
        1271           6
        1272           6
        1273           6
        1274           6
        1275           6
        1276           5
        1277           6
        1278           6
        1279           7
        1280           6
        1281           7
        1282           5
        1283           6
        1284           6
        1285           5
        1286           6
        1287           6
        1288           4
        1289           4
        1290           6
        1291           6
        1292           6
        1293           7
        1294           6
        1295           6
        1296           6
        1297           5
        1298           6
        1299           6
        1300           6
        1301           6
        1302           5
        1303           6
        1304           6
        1305           6
        1306           6
        1307           6
        1308           6
        1309           5
        1310           5
        1311           6
        1312           6
        1313           6
        1314           6
        1315           6
        1316           6
        1317           6
        1318           6
        1319           5
        1320           6
        1321           6
        1322           8
        1323           6
        1324           6
        1325           6
        1326           6
        1327           6
        1328           6
        1329           6
        1330           6
        1331           6
        1332           7
        1333           6
        1334           6
        1335           7
        1336           6
        1337           7
        1338           6
        1339           6
        1340           6
        1341           6
        1342           6
        1343           6
        1344           6
        1345           6
        1346           6
        1347           6
        1348           6
        1349           6
        1350           6
        1351           6
        1352           6
        1353           6
        1354           6
        1355           5
        1356           6
        1357           6
        1358           6
        1359           6
        1360           6
        1361           6
        1362           6
        1363           8
        1364           5
        1365           6
        1366           6
        1367           6
        1368           6
        1369           4
        1370           4
        1371           6
        1372           6
        1373           5
        1374           6
        1375           6
        1376           6
        1377           6
        1378           6
        1379           7
        1380           6
        1381           6
        1382           6
        1383           7
        1384           6
        1385           6
        1386           6
        1387           6
        1388           6
        1389           6
        1390           6
        1391           6
        1392           6
        1393           6
        1394           6
        1395           6
        1396           6
        1397           6
        1398           6
        1399           6
        1400           6
        1401           6
        1402           6
        1403           6
        1404           5
        1405           6
        1406           6
        1407           6
        1408           6
        1409           6
        1410           6
        1411           6
        1412           5
        1413           5
        1414           6
        1415           6
        1416           6
        1417           5
        1418           6
        1419           6
        1420           6
        1421           6
        1422           6
        1423           6
        1424           6
        1425           6
        1426           6
        1427           6
        1428           6
        1429           6
        1430           5
        1431           6
        1432           6
        1433           6
        1434           7
        1435           6
        1436           6
        1437           6
        1438           6
        1439           6
        1440           6
        1441           6
        1442           6
        1443           6
        1444           6
        1445           6
        1446           6
        1447           6
        1448           6
        1449           6
        1450           7
        1451           4
        1452           4
        1453           6
        1454           6
        1455           6
        1456           5
        1457           6
        1458           6
        1459           6
        1460           6
        1461           6
        1462           6
        1463           6
        1464           6
        1465           6
        1466           6
        1467           6
        1468           6
        1469           6
        1470           6
        1471           6
        1472           9
        1473           6
        1474           6
        1475           6
        1476           6
        1477           6
        1478           6
        1479           6
        1480           6
        1481           6
        1482           6
        1483           6
        1484           7
        1485           6
        1486           6
        1487           6
        1488           6
        1489           6
        1490           6
        1491           6
        1492           6
        1493           6
        1494           6
        1495           6
        1496           6
        1497           6
        1498           6
        1499           6
        1500           6
        1501           6
        1502           6
        1503           6
        1504           6
        1505           6
        1506           6
        1507           6
        1508           6
        1509           6
        1510           6
        1511           6
        1512           6
        1513           6
        1514           6
        1515           6
        1516           6
        1517           7
        1518           6
        1519           6
        1520           6
        1521           5
        1522           5
        1523           4
        1524           4
        1525           6
        1526           6
        1527           6
        1528           6
        1529           6
        1530           6
        1531           6
        1532           6
        1533           6
        1534           6
        1535           6
        1536           6
        1537           6
        1538           6
        1539           6
        1540           6
        1541           6
        1542           6
        1543           6
        1544           6
        1545           6
        1546           6
        1547           6
        1548           6
        1549           6
        1550           6
        1551           5
        1552           6
        1553           5
        1554           6
        1555           6
        1556           6
        1557           6
        1558           6
        1559           6
        1560           6
        1561           6
        1562           6
        1563           6
        1564           6
        1565           6
        1566           7
        1567           5
        1568           6
        1569           6
        1570           6
        1571           6
        1572           6
        1573           6
        1574           6
        1575           6
        1576           6
        1577           6
        1578           6
        1579           6
        1580           6
        1581           6
        1582           6
        1583           6
        1584           6
        1585           6
        1586           6
        1587           6
        1588           6
        1589           6
        1590           5
        1591           6
        1592           6
        1593           6
        1594           6
        1595           6
        1596           6
        1597           4
        1598           4
        1599           6
        1600           6
        1601           6
        1602           6
        1603           6
        1604           8
        1605           7
        1606           6
        1607           6
        1608           6
        1609           6
        1610           6
        1611           6
        1612           5
        1613           5
        1614           5
        1615           6
        1616           6
        1617           6
        1618           6
        1619           6
        1620           6
        1621           6
        1622           6
        1623           6
        1624           6
        1625           6
        1626           6
        1627           6
        1628           6
        1629           6
        1630           6
        1631           6
        1632           6
        1633           6
        1634           6
        1635           6
        1636           6
        1637           5
        1638           6
        1639           6
        1640           6
        1641           6
        1642           6
        1643           6
        1644           5
        1645           5
        1646           6
        1647           6
        1648           6
        1649           6
        1650           6
        1651           6
        1652           6
        1653           4
        1654           4
        1655           6
        1656           6
        1657           6
        1658           6
        1659           5
        1660           6
        1661           6
        1662           6
        1663           6
        1664           6
        1665           7
        1666           7
        1667           5
        1668           5
        1669           6
        1670           6
        1671           7
        1672           5
        1673           6
        1674           6
        1675           6
        1676           6
        1677           7
        1678           7
        1679           7
        1680           6
        1681           7
        1682           7
        1683           7
        1684           6
        1685           5
        1686           7
        1687           7
        1688           6
        1689           6
        1690           6
        1691           5
        1692           6
        1693           6
        1694           6
        1695           5
        1696           6
        1697           6
        1698           6
        1699           6
        1700           6
        1701           6
        1702           6
        1703           6
        1704           7
        1705           6
        1706           6
        1707           6
        1708           6
        1709           5
        1710           6
        1711           5
        1712           6
        1713           5
        1714           6
        1715           6
        1716           4
        1717           4
        1718           6
        1719           7
        1720           8
        1721           6
        1722           6
        1723           6
        1724           6
        1725           6
        1726           6
        1727           6
        1728           6
        1729           5
        1730           6
        1731           6
        1732           6
        1733           6
        1734           6
        1735           6
        1736           6
        1737           6
        1738           6
        1739           6
        1740           6
        1741           5
        1742           6
        1743           6
        1744           5
        1745           6
        1746           7
        1747           5
        1748           6
        1749           7
        1750           6
        1751           7
        1752           6
        1753           6
        1754           6
        1755           7
        1756           6
        1757           7
        1758           7
        1759           6
        1760           5
        1761           5
        1762           5
        1763           4
        1764           4
        1765           5
        1766           6
        1767           6
        1768           6
        1769           6
        1770           6
        1771           5
        1772           6
        1773           6
        1774           6
        1775           6
        1776           5
        1777           6
        1778           6
        1779           5
        1780           7
        1781           6
        1782           5
        1783           5
        1784           6
        1785           6
        1786           5
        1787           6
        1788           7
        1789           7
        1790           6
        1791           6
        1792           6
        1793           6
        1794           6
        1795           6
        1796           7
        1797           6
        1798           6
        1799           6
        1800           7
        1801           6
        1802           6
        1803           6
        1804           6
        1805           4
        1806           4
        1807           5
        1808           6
        1809           6
        1810           6
        1811           6
        1812           6
        1813           6
        1814           5
        1815           6
        1816           6
        1817           6
        1818           6
        1819           5
        1820           6
        1821           6
        1822           6
        1823           6
        1824           6
        1825           6
        1826           8
        1827           7
        1828           5
        1829           6
        1830           6
        1831           6
        1832           6
        1833           5
        1834           6
        1835           5
        1836           4
        1837           4
        1838           6
        1839           7
        1840           6
        1841           5
        1842           5
        1843           6
        1844           5
        1845           5
        1846           6
        1847           6
        1848           6
        1849           6
        1850           5
        1851           5
        1852           7
        1853           7
        1854           7
        1855           8
        1856           6
        1857           6
        1858           4
        1859           4
        1860           7
        1861           6
        1862           6
        1863           6
        1864           6
        1865           7
        1866           7
        1867           7
        1868           5
        1869           8
        1870           4
        1871           4
        1872           6
        1873           6
        1874           6
        1875           6
        1876           6
        1877           7
        1878           4
        1879           4
        1880           5
        1881           5
        1882           6
        1883           6
        1884           6
        1885           7
        1886           7
        1887           4
        1888           4
        1889           7
        1890           6
        1891           8
        1892           6
        1893           6
        1894           9
        1895           4
        1896           4
        1897           5
        1898           5
        1899           4
        1900           4
        1901           6
        1902           6
        1903           6
        1904           6
        1905           4
        1906           4
        1907           5
        1908           5
        1909           6
        1910           6
        1911           4
        1912           4
        1913           6
        1914           5
        1915           6
        1916           5
        1917           6
        1918           4
        1919           4
        1920           6
        1921           5
        1922           5
        1923           4
        1924           4
        1925           4
        1926           4
        1927           4
        1928           4
        1929           4
        1930           4
        1931           4
        1932           4
        1933           4
        1934           4
        1935           4
        1936           4
        1937           4
        1938           0
 END_COUNTER
